regime,n,nb,ratio,skew,pc,kp,kvs,kv_big,kv_mean,t_mean_us,t_max_us,t_skew_us,alpha
pure,2,1,0.5,4.0,0,0,128,512,320,106.911,108.929,105.554,-0.6724
pure,2,1,0.5,4.0,0,0,512,2048,1280,113.665,119.73,114.992,0.219
pure,2,1,0.5,4.0,0,0,2048,8192,5120,151.602,157.921,155.377,0.5974
pure,2,1,0.5,4.0,0,0,8192,32768,20480,193.44,227.553,200.083,0.1947
mixed,2,1,0.5,4.0,16,0,128,512,320,122.274,127.793,125.841,0.6463
mixed,2,1,0.5,4.0,16,0,512,2048,1280,140.738,156.129,155.761,0.9761
mixed,2,1,0.5,4.0,16,0,2048,8192,5120,214.082,272.0,272.35,1.0061
mixed,2,1,0.5,4.0,16,0,8192,32768,20480,503.648,734.576,734.34,0.999
mixed,2,1,0.5,4.0,16,512,128,512,320,159.697,162.367,157.296,-0.8987
mixed,2,1,0.5,4.0,16,512,512,2048,1280,161.247,175.458,175.649,1.0134
mixed,2,1,0.5,4.0,16,512,2048,8192,5120,231.601,289.185,288.416,0.9866
mixed,2,1,0.5,4.0,16,512,8192,32768,20480,508.289,732.707,734.305,1.0071
mixed,2,1,0.5,4.0,16,2048,128,512,320,185.089,184.369,183.872,
mixed,2,1,0.5,4.0,16,2048,512,2048,1280,217.613,229.12,223.473,0.5092
mixed,2,1,0.5,4.0,16,2048,2048,8192,5120,233.824,292.159,291.631,0.9909
mixed,2,1,0.5,4.0,16,2048,8192,32768,20480,518.337,749.33,750.627,1.0056
mixed,2,1,0.5,4.0,16,8192,128,512,320,299.776,299.233,300.064,
mixed,2,1,0.5,4.0,16,8192,512,2048,1280,299.666,298.673,299.122,
mixed,2,1,0.5,4.0,16,8192,2048,8192,5120,428.882,460.754,455.442,0.8334
mixed,2,1,0.5,4.0,16,8192,8192,32768,20480,521.856,752.177,750.771,0.9939
mixed,2,1,0.5,4.0,16,16384,128,512,320,451.57,451.826,451.793,0.8708
mixed,2,1,0.5,4.0,16,16384,512,2048,1280,452.995,451.312,452.416,
mixed,2,1,0.5,4.0,16,16384,2048,8192,5120,547.186,765.233,600.88,0.2462
mixed,2,1,0.5,4.0,16,16384,8192,32768,20480,845.569,752.868,1075.842,
mixed,2,1,0.5,4.0,64,0,128,512,320,125.359,140.302,140.143,0.9893
mixed,2,1,0.5,4.0,64,0,512,2048,1280,197.232,254.208,254.032,0.9969
mixed,2,1,0.5,4.0,64,0,2048,8192,5120,483.906,715.746,710.93,0.9792
mixed,2,1,0.5,4.0,64,0,8192,32768,20480,1625.571,2538.872,2538.373,0.9995
mixed,2,1,0.5,4.0,64,512,128,512,320,143.937,144.273,144.912,2.9003
mixed,2,1,0.5,4.0,64,512,512,2048,1280,197.311,255.68,255.327,0.994
mixed,2,1,0.5,4.0,64,512,2048,8192,5120,484.881,712.913,711.649,0.9945
mixed,2,1,0.5,4.0,64,512,8192,32768,20480,1625.542,2535.926,2534.423,0.9983
mixed,2,1,0.5,4.0,64,2048,128,512,320,257.951,258.37,259.296,3.2062
mixed,2,1,0.5,4.0,64,2048,512,2048,1280,258.497,259.328,260.24,2.0962
mixed,2,1,0.5,4.0,64,2048,2048,8192,5120,484.13,712.016,711.923,0.9996
mixed,2,1,0.5,4.0,64,2048,8192,32768,20480,1624.883,2536.823,2533.801,0.9967
mixed,2,1,0.5,4.0,64,8192,128,512,320,715.539,715.953,712.867,-6.4541
mixed,2,1,0.5,4.0,64,8192,512,2048,1280,713.044,714.098,713.698,0.6198
mixed,2,1,0.5,4.0,64,8192,2048,8192,5120,714.69,713.842,714.114,
mixed,2,1,0.5,4.0,64,8192,8192,32768,20480,1625.732,2538.905,2535.703,0.9965
mixed,2,1,0.5,4.0,64,16384,128,512,320,1317.285,1316.979,1317.269,
mixed,2,1,0.5,4.0,64,16384,512,2048,1280,1320.373,1316.662,1317.076,
mixed,2,1,0.5,4.0,64,16384,2048,8192,5120,1316.996,1316.356,1315.656,
mixed,2,1,0.5,4.0,64,16384,8192,32768,20480,1623.126,2538.119,2535.111,0.9967
mixed,2,1,0.5,4.0,256,0,128,512,320,273.074,273.921,274.177,1.3015
mixed,2,1,0.5,4.0,256,0,512,2048,1280,275.104,320.049,319.409,0.9858
mixed,2,1,0.5,4.0,256,0,2048,8192,5120,550.131,778.753,781.732,1.013
mixed,2,1,0.5,4.0,256,0,8192,32768,20480,1697.461,2609.496,2605.351,0.9955
mixed,2,1,0.5,4.0,256,512,128,512,320,427.362,428.913,426.736,-0.4035
mixed,2,1,0.5,4.0,256,512,512,2048,1280,483.683,541.41,542.466,1.0183
mixed,2,1,0.5,4.0,256,512,2048,8192,5120,773.217,1003.074,998.868,0.9817
mixed,2,1,0.5,4.0,256,512,8192,32768,20480,1913.367,2829.289,2821.448,0.9914
mixed,2,1,0.5,4.0,256,2048,128,512,320,881.665,881.172,881.987,
mixed,2,1,0.5,4.0,256,2048,512,2048,1280,882.004,882.692,882.259,0.3714
mixed,2,1,0.5,4.0,256,2048,2048,8192,5120,1113.587,1340.852,1338.037,0.9876
mixed,2,1,0.5,4.0,256,2048,8192,32768,20480,2253.894,3164.363,3164.807,1.0005
mixed,2,1,0.5,4.0,256,8192,128,512,320,2686.186,2691.753,2688.647,0.4421
mixed,2,1,0.5,4.0,256,8192,512,2048,1280,2687.497,2689.848,2686.76,-0.3138
mixed,2,1,0.5,4.0,256,8192,2048,8192,5120,2687.689,2691.274,2691.943,1.1865
mixed,2,1,0.5,4.0,256,8192,8192,32768,20480,3607.918,4521.358,4515.774,0.9939
mixed,2,1,0.5,4.0,256,16384,128,512,320,5102.124,5105.631,5103.71,0.4523
mixed,2,1,0.5,4.0,256,16384,512,2048,1280,5109.566,5110.833,5102.811,-5.3315
mixed,2,1,0.5,4.0,256,16384,2048,8192,5120,5109.181,5113.571,5113.366,0.9534
mixed,2,1,0.5,4.0,256,16384,8192,32768,20480,5433.108,6325.219,6329.348,1.0046
mixed,2,1,0.5,4.0,1024,0,128,512,320,660.227,661.059,660.468,0.2905
mixed,2,1,0.5,4.0,1024,0,512,2048,1280,666.865,672.976,667.62,0.1235
mixed,2,1,0.5,4.0,1024,0,2048,8192,5120,702.785,708.115,715.011,2.2939
mixed,2,1,0.5,4.0,1024,0,8192,32768,20480,747.075,780.418,758.404,0.3398
mixed,2,1,0.5,4.0,1024,512,128,512,320,1062.885,1066.463,1066.644,1.0506
mixed,2,1,0.5,4.0,1024,512,512,2048,1280,1080.628,1077.397,1073.411,
mixed,2,1,0.5,4.0,1024,512,2048,8192,5120,1111.112,1114.803,1120.912,2.6551
mixed,2,1,0.5,4.0,1024,512,8192,32768,20480,1154.132,1185.732,1167.347,0.4182
mixed,2,1,0.5,4.0,1024,2048,128,512,320,1755.843,1759.603,1758.115,0.6044
mixed,2,1,0.5,4.0,1024,2048,512,2048,1280,1771.64,1768.836,1777.154,
mixed,2,1,0.5,4.0,1024,2048,2048,8192,5120,1798.378,1808.391,1810.886,1.2492
mixed,2,1,0.5,4.0,1024,2048,8192,32768,20480,1844.758,1878.024,1856.694,0.3588
mixed,2,1,0.5,4.0,1024,8192,128,512,320,4527.403,4535.538,4532.222,0.5924
mixed,2,1,0.5,4.0,1024,8192,512,2048,1280,4535.102,4527.679,4533.583,
mixed,2,1,0.5,4.0,1024,8192,2048,8192,5120,4558.748,4580.063,4586.095,1.283
mixed,2,1,0.5,4.0,1024,8192,8192,32768,20480,4606.316,4650.658,4637.006,0.6921
mixed,2,1,0.5,4.0,1024,16384,128,512,320,8196.805,8219.96,8202.17,0.2317
mixed,2,1,0.5,4.0,1024,16384,512,2048,1280,8220.973,8219.977,8218.779,
mixed,2,1,0.5,4.0,1024,16384,2048,8192,5120,8250.016,8261.948,8276.794,2.2444
mixed,2,1,0.5,4.0,1024,16384,8192,32768,20480,8307.199,8329.195,8295.769,-0.5196
mixed,2,1,0.5,4.0,4096,0,128,512,320,3698.14,3692.923,3697.357,
mixed,2,1,0.5,4.0,4096,0,512,2048,1280,3706.493,3704.604,3705.211,
mixed,2,1,0.5,4.0,4096,0,2048,8192,5120,3734.825,3746.122,3749.663,1.3134
mixed,2,1,0.5,4.0,4096,0,8192,32768,20480,3785.742,3814.689,3793.31,0.2614
mixed,2,1,0.5,4.0,4096,512,128,512,320,4819.826,4812.38,4824.56,
mixed,2,1,0.5,4.0,4096,512,512,2048,1280,4826.654,4826.739,4831.124,52.5941
mixed,2,1,0.5,4.0,4096,512,2048,8192,5120,4854.352,4867.008,4873.398,1.5048
mixed,2,1,0.5,4.0,4096,512,8192,32768,20480,4914.11,4935.15,4917.564,0.1641
mixed,2,1,0.5,4.0,4096,2048,128,512,320,6761.245,6770.901,6786.325,2.5973
mixed,2,1,0.5,4.0,4096,2048,512,2048,1280,6842.102,6779.095,6785.82,
mixed,2,1,0.5,4.0,4096,2048,2048,8192,5120,6815.351,6826.921,6821.879,0.5642
mixed,2,1,0.5,4.0,4096,2048,8192,32768,20480,6855.608,6891.366,6867.526,0.3333
mixed,2,1,0.5,4.0,4096,8192,128,512,320,14773.189,14659.904,14717.52,
mixed,2,1,0.5,4.0,4096,8192,512,2048,1280,14661.887,14665.85,14670.175,2.0914
mixed,2,1,0.5,4.0,4096,8192,2048,8192,5120,14783.637,14782.336,14703.413,
mixed,2,1,0.5,4.0,4096,8192,8192,32768,20480,14866.929,15050.759,14754.292,-0.6127
mixed,2,1,0.5,4.0,4096,16384,128,512,320,25363.914,25446.649,26599.069,14.929
mixed,2,1,0.5,4.0,4096,16384,512,2048,1280,26090.779,25783.694,25331.327,
mixed,2,1,0.5,4.0,4096,16384,2048,8192,5120,25677.872,25234.108,25296.646,
mixed,2,1,0.5,4.0,4096,16384,8192,32768,20480,25543.529,25762.25,25788.331,1.1192
pure,8,1,0.125,4.0,0,0,128,512,176,90.256,119.231,113.955,0.8179
pure,8,1,0.125,4.0,0,0,512,2048,704,127.41,144.015,133.519,0.3679
pure,8,1,0.125,4.0,0,0,2048,8192,2816,153.313,206.337,163.391,0.1901
pure,8,1,0.125,4.0,0,0,8192,32768,11264,234.305,443.731,235.265,0.0046
mixed,8,1,0.125,4.0,16,0,128,512,176,105.84,137.233,132.017,0.8338
mixed,8,1,0.125,4.0,16,0,512,2048,704,139.873,168.017,161.681,0.7749
mixed,8,1,0.125,4.0,16,0,2048,8192,2816,182.947,283.536,281.569,0.9805
mixed,8,1,0.125,4.0,16,0,8192,32768,11264,341.108,744.13,742.162,0.9951
mixed,8,1,0.125,4.0,16,512,128,512,176,159.712,196.991,161.568,0.0498
mixed,8,1,0.125,4.0,16,512,512,2048,704,199.363,182.303,195.264,
mixed,8,1,0.125,4.0,16,512,2048,8192,2816,180.77,283.314,280.002,0.9677
mixed,8,1,0.125,4.0,16,512,8192,32768,11264,342.544,749.091,744.931,0.9898
mixed,8,1,0.125,4.0,16,2048,128,512,176,189.217,219.439,189.024,-0.0064
mixed,8,1,0.125,4.0,16,2048,512,2048,704,199.04,276.322,198.913,-0.0017
mixed,8,1,0.125,4.0,16,2048,2048,8192,2816,292.88,298.481,303.121,1.8283
mixed,8,1,0.125,4.0,16,2048,8192,32768,11264,342.675,750.017,743.667,0.9844
mixed,8,1,0.125,4.0,16,8192,128,512,176,305.777,334.385,304.914,-0.0302
mixed,8,1,0.125,4.0,16,8192,512,2048,704,349.585,453.809,335.33,-0.1368
mixed,8,1,0.125,4.0,16,8192,2048,8192,2816,422.979,588.993,463.684,0.2452
mixed,8,1,0.125,4.0,16,8192,8192,32768,11264,597.426,770.434,766.402,0.9767
mixed,8,1,0.125,4.0,16,16384,128,512,176,461.924,463.186,461.667,-0.204
mixed,8,1,0.125,4.0,16,16384,512,2048,704,463.154,609.509,461.696,-0.01
mixed,8,1,0.125,4.0,16,16384,2048,8192,2816,669.073,566.257,611.362,
mixed,8,1,0.125,4.0,16,16384,8192,32768,11264,573.346,772.242,767.38,0.9756
mixed,8,1,0.125,4.0,64,0,128,512,176,127.664,144.017,141.727,0.86
mixed,8,1,0.125,4.0,64,0,512,2048,704,159.039,259.154,256.705,0.9755
mixed,8,1,0.125,4.0,64,0,2048,8192,2816,318.642,718.833,714.289,0.9886
mixed,8,1,0.125,4.0,64,0,8192,32768,11264,944.82,2544.2,2537.322,0.9957
mixed,8,1,0.125,4.0,64,512,128,512,176,175.153,203.536,174.161,-0.0349
mixed,8,1,0.125,4.0,64,512,512,2048,704,217.632,320.447,257.056,0.3834
mixed,8,1,0.125,4.0,64,512,2048,8192,2816,378.593,777.172,716.018,0.8466
mixed,8,1,0.125,4.0,64,512,8192,32768,11264,1005.444,2602.024,2544.231,0.9638
mixed,8,1,0.125,4.0,64,2048,128,512,176,262.096,319.555,262.079,-0.0003
mixed,8,1,0.125,4.0,64,2048,512,2048,704,334.594,437.475,319.457,-0.1471
mixed,8,1,0.125,4.0,64,2048,2048,8192,2816,498.609,897.78,722.082,0.5598
mixed,8,1,0.125,4.0,64,2048,8192,32768,11264,1126.821,2723.659,2547.593,0.8897
mixed,8,1,0.125,4.0,64,8192,128,512,176,726.291,727.731,727.763,1.0222
mixed,8,1,0.125,4.0,64,8192,512,2048,704,727.426,790.579,729.427,0.0317
mixed,8,1,0.125,4.0,64,8192,2048,8192,2816,953.778,1360.022,900.803,-0.1304
mixed,8,1,0.125,4.0,64,8192,8192,32768,11264,1587.62,3185.402,2557.129,0.6068
mixed,8,1,0.125,4.0,64,16384,128,512,176,1326.132,1332.131,1325.539,-0.0988
mixed,8,1,0.125,4.0,64,16384,512,2048,704,1326.659,1331.7,1329.57,0.5776
mixed,8,1,0.125,4.0,64,16384,2048,8192,2816,1326.293,1955.513,1326.788,0.0008
mixed,8,1,0.125,4.0,64,16384,8192,32768,11264,2189.718,3780.172,2554.745,0.2295
mixed,8,1,0.125,4.0,256,0,128,512,176,277.714,285.839,283.011,0.6519
mixed,8,1,0.125,4.0,256,0,512,2048,704,299.169,326.609,322.882,0.8642
mixed,8,1,0.125,4.0,256,0,2048,8192,2816,387.745,788.099,784.53,0.9911
mixed,8,1,0.125,4.0,256,0,8192,32768,11264,1017.011,2616.487,2618.218,1.0011
mixed,8,1,0.125,4.0,256,512,128,512,176,433.97,434.194,433.697,-1.2165
mixed,8,1,0.125,4.0,256,512,512,2048,704,448.866,552.017,548.401,0.9649
mixed,8,1,0.125,4.0,256,512,2048,8192,2816,610.144,1008.435,1005.541,0.9927
mixed,8,1,0.125,4.0,256,512,8192,32768,11264,1239.591,2836.682,2828.235,0.9947
mixed,8,1,0.125,4.0,256,2048,128,512,176,897.746,900.212,899.173,0.5784
mixed,8,1,0.125,4.0,256,2048,512,2048,704,898.163,897.459,896.547,
mixed,8,1,0.125,4.0,256,2048,2048,8192,2816,956.837,1357.316,1356.708,0.9985
mixed,8,1,0.125,4.0,256,2048,8192,32768,11264,1587.637,3188.636,3180.233,0.9948
mixed,8,1,0.125,4.0,256,8192,128,512,176,2709.45,2709.226,2708.889,
mixed,8,1,0.125,4.0,256,8192,512,2048,704,2722.904,2701.305,2703.145,
mixed,8,1,0.125,4.0,256,8192,2048,8192,2816,2709.894,2711.146,2708.154,-1.3907
mixed,8,1,0.125,4.0,256,8192,8192,32768,11264,2936.445,4533.294,4534.864,1.001
mixed,8,1,0.125,4.0,256,16384,128,512,176,5109.439,5111.472,5130.194,10.2138
mixed,8,1,0.125,4.0,256,16384,512,2048,704,5108.416,5108.5,5113.28,58.2455
mixed,8,1,0.125,4.0,256,16384,2048,8192,2816,5109.539,5108.613,5121.823,
mixed,8,1,0.125,4.0,256,16384,8192,32768,11264,5113.616,6376.758,6340.739,0.9715
mixed,8,1,0.125,4.0,1024,0,128,512,176,665.298,669.299,666.27,0.2427
mixed,8,1,0.125,4.0,1024,0,512,2048,704,682.339,693.827,683.186,0.0737
mixed,8,1,0.125,4.0,1024,0,2048,8192,2816,706.244,760.896,713.269,0.1285
mixed,8,1,0.125,4.0,1024,0,8192,32768,11264,789.155,995.954,793.377,0.0204
mixed,8,1,0.125,4.0,1024,512,128,512,176,1072.611,1077.59,1070.658,-0.3921
mixed,8,1,0.125,4.0,1024,512,512,2048,704,1086.047,1104.612,1092.726,0.3598
mixed,8,1,0.125,4.0,1024,512,2048,8192,2816,1111.987,1163.924,1118.964,0.1343
mixed,8,1,0.125,4.0,1024,512,8192,32768,11264,1194.453,1405.14,1201.429,0.0331
mixed,8,1,0.125,4.0,1024,2048,128,512,176,1767.812,1778.63,1771.303,0.3227
mixed,8,1,0.125,4.0,1024,2048,512,2048,704,1787.605,1798.068,1793.72,0.5844
mixed,8,1,0.125,4.0,1024,2048,2048,8192,2816,1812.484,1863.314,1821.495,0.1773
mixed,8,1,0.125,4.0,1024,2048,8192,32768,11264,1891.768,2095.845,1896.948,0.0254
mixed,8,1,0.125,4.0,1024,8192,128,512,176,4561.535,4574.989,4552.493,-0.6721
mixed,8,1,0.125,4.0,1024,8192,512,2048,704,4575.598,4585.695,4577.676,0.2058
mixed,8,1,0.125,4.0,1024,8192,2048,8192,2816,4596.928,4655.136,4611.169,0.2447
mixed,8,1,0.125,4.0,1024,8192,8192,32768,11264,4695.861,4892.417,4708.479,0.0642
mixed,8,1,0.125,4.0,1024,16384,128,512,176,8231.309,8245.612,8232.077,0.0537
mixed,8,1,0.125,4.0,1024,16384,512,2048,704,8265.996,8268.699,8272.107,2.2612
mixed,8,1,0.125,4.0,1024,16384,2048,8192,2816,8274.973,8335.068,8306.267,0.5207
mixed,8,1,0.125,4.0,1024,16384,8192,32768,11264,8372.987,8565.597,8375.247,0.0117
mixed,8,1,0.125,4.0,4096,0,128,512,176,3702.286,3703.886,3707.566,3.3007
mixed,8,1,0.125,4.0,4096,0,512,2048,704,3715.055,3742.571,3714.685,-0.0134
mixed,8,1,0.125,4.0,4096,0,2048,8192,2816,3740.35,3789.885,3753.916,0.2739
mixed,8,1,0.125,4.0,4096,0,8192,32768,11264,3824.157,4029.969,3843.212,0.0926
mixed,8,1,0.125,4.0,4096,512,128,512,176,4826.29,4830.863,4828.657,0.5176
mixed,8,1,0.125,4.0,4096,512,512,2048,704,4843.026,4861.618,4852.813,0.5264
mixed,8,1,0.125,4.0,4096,512,2048,8192,2816,4867.517,4922.85,4876.37,0.16
mixed,8,1,0.125,4.0,4096,512,8192,32768,11264,4953.392,5161.315,4949.586,-0.0183
mixed,8,1,0.125,4.0,4096,2048,128,512,176,6775.172,6802.539,6781.815,0.2428
mixed,8,1,0.125,4.0,4096,2048,512,2048,704,6812.53,6807.892,6819.29,
mixed,8,1,0.125,4.0,4096,2048,2048,8192,2816,6820.954,6877.69,6862.374,0.73
mixed,8,1,0.125,4.0,4096,2048,8192,32768,11264,6901.74,7121.611,6913.114,0.0517
mixed,8,1,0.125,4.0,4096,8192,128,512,176,14652.337,14693.671,14650.086,-0.0544
mixed,8,1,0.125,4.0,4096,8192,512,2048,704,14854.597,14714.753,14669.154,
mixed,8,1,0.125,4.0,4096,8192,2048,8192,2816,14730.324,14733.509,14807.411,24.1993
mixed,8,1,0.125,4.0,4096,8192,8192,32768,11264,14783.146,15035.172,14792.918,0.0388
mixed,8,1,0.125,4.0,4096,16384,128,512,176,25892.562,25758.191,25650.99,
mixed,8,1,0.125,4.0,4096,16384,512,2048,704,25271.558,25634.197,25714.656,1.2219
mixed,8,1,0.125,4.0,4096,16384,2048,8192,2816,26865.764,25835.45,25315.441,
mixed,8,1,0.125,4.0,4096,16384,8192,32768,11264,25881.151,26543.726,26666.37,1.1851
pure,8,2,0.25,4.0,0,0,128,512,224,94.576,118.672,115.151,0.8539
pure,8,2,0.25,4.0,0,0,512,2048,896,134.401,141.905,140.05,0.7528
pure,8,2,0.25,4.0,0,0,2048,8192,3584,163.201,206.017,162.72,-0.0112
pure,8,2,0.25,4.0,0,0,8192,32768,14336,263.249,444.242,264.914,0.0092
mixed,8,2,0.25,4.0,16,0,128,512,224,110.08,137.25,132.849,0.838
mixed,8,2,0.25,4.0,16,0,512,2048,896,142.817,167.314,162.065,0.7857
mixed,8,2,0.25,4.0,16,0,2048,8192,3584,197.328,284.242,281.744,0.9713
mixed,8,2,0.25,4.0,16,0,8192,32768,14336,399.729,742.578,745.396,1.0082
mixed,8,2,0.25,4.0,16,512,128,512,224,165.313,197.519,164.481,-0.0258
mixed,8,2,0.25,4.0,16,512,512,2048,896,170.799,181.793,179.923,0.8298
mixed,8,2,0.25,4.0,16,512,2048,8192,3584,196.127,283.921,281.73,0.975
mixed,8,2,0.25,4.0,16,512,8192,32768,14336,399.648,746.003,745.699,0.9991
mixed,8,2,0.25,4.0,16,2048,128,512,224,193.569,219.265,189.826,-0.1457
mixed,8,2,0.25,4.0,16,2048,512,2048,896,200.145,276.304,201.185,0.0137
mixed,8,2,0.25,4.0,16,2048,2048,8192,3584,220.961,298.737,296.192,0.9673
mixed,8,2,0.25,4.0,16,2048,8192,32768,14336,401.919,750.914,747.812,0.9911
mixed,8,2,0.25,4.0,16,8192,128,512,224,305.665,336.8,304.916,-0.0241
mixed,8,2,0.25,4.0,16,8192,512,2048,896,364.8,454.545,336.353,-0.317
mixed,8,2,0.25,4.0,16,8192,2048,8192,3584,452.85,590.098,467.315,0.1054
mixed,8,2,0.25,4.0,16,8192,8192,32768,14336,460.416,767.827,758.896,0.9709
mixed,8,2,0.25,4.0,16,16384,128,512,224,462.448,462.785,461.841,-1.797
mixed,8,2,0.25,4.0,16,16384,512,2048,896,462.881,610.162,462.578,-0.0021
mixed,8,2,0.25,4.0,16,16384,2048,8192,3584,726.194,565.761,778.038,
mixed,8,2,0.25,4.0,16,16384,8192,32768,14336,893.267,774.45,794.195,
mixed,8,2,0.25,4.0,64,0,128,512,224,126.272,143.217,141.505,0.8989
mixed,8,2,0.25,4.0,64,0,512,2048,896,172.753,260.466,256.017,0.9493
mixed,8,2,0.25,4.0,64,0,2048,8192,3584,374.033,717.843,714.563,0.9905
mixed,8,2,0.25,4.0,64,0,8192,32768,14336,1173.619,2543.546,2541.369,0.9984
mixed,8,2,0.25,4.0,64,512,128,512,224,179.107,203.681,174.561,-0.185
mixed,8,2,0.25,4.0,64,512,512,2048,896,232.544,320.434,258.002,0.2897
mixed,8,2,0.25,4.0,64,512,2048,8192,3584,435.855,777.554,718.451,0.827
mixed,8,2,0.25,4.0,64,512,8192,32768,14336,1232.643,2600.729,2544.602,0.959
mixed,8,2,0.25,4.0,64,2048,128,512,224,262.515,318.579,262.256,-0.0046
mixed,8,2,0.25,4.0,64,2048,512,2048,896,350.209,438.579,320.851,-0.3322
mixed,8,2,0.25,4.0,64,2048,2048,8192,3584,554.883,897.395,725.313,0.4976
mixed,8,2,0.25,4.0,64,2048,8192,32768,14336,1353.524,2722.984,2569.191,0.8877
mixed,8,2,0.25,4.0,64,8192,128,512,224,726.915,728.065,726.817,-0.0861
mixed,8,2,0.25,4.0,64,8192,512,2048,896,727.955,790.243,727.235,-0.0116
mixed,8,2,0.25,4.0,64,8192,2048,8192,3584,1011.7,1364.004,898.834,-0.3204
mixed,8,2,0.25,4.0,64,8192,8192,32768,14336,1817.032,3181.787,2564.423,0.5476
mixed,8,2,0.25,4.0,64,16384,128,512,224,1326.114,1324.58,1324.211,
mixed,8,2,0.25,4.0,64,16384,512,2048,896,1323.925,1325.124,1325.492,1.3073
mixed,8,2,0.25,4.0,64,16384,2048,8192,3584,1326.468,1957.497,1324.645,-0.0029
mixed,8,2,0.25,4.0,64,16384,8192,32768,14336,2414.615,3783.148,2557.113,0.1041
mixed,8,2,0.25,4.0,256,0,128,512,224,281.505,285.409,281.473,-0.0083
mixed,8,2,0.25,4.0,256,0,512,2048,896,298.065,328.56,324.339,0.8616
mixed,8,2,0.25,4.0,256,0,2048,8192,3584,445.236,788.726,786.483,0.9935
mixed,8,2,0.25,4.0,256,0,8192,32768,14336,1248.099,2627.637,2611.946,0.9886
mixed,8,2,0.25,4.0,256,512,128,512,224,432.656,435.986,432.48,-0.0529
mixed,8,2,0.25,4.0,256,512,512,2048,896,463.874,551.315,549.202,0.9758
mixed,8,2,0.25,4.0,256,512,2048,8192,3584,669.299,1012.835,1009.508,0.9903
mixed,8,2,0.25,4.0,256,512,8192,32768,14336,1463.189,2835.642,2830.939,0.9966
mixed,8,2,0.25,4.0,256,2048,128,512,224,899.585,896.578,895.99,
mixed,8,2,0.25,4.0,256,2048,512,2048,896,896.593,895.876,897.121,
mixed,8,2,0.25,4.0,256,2048,2048,8192,3584,1013.654,1356.915,1355.14,0.9948
mixed,8,2,0.25,4.0,256,2048,8192,32768,14336,1823.399,3180.076,3176.045,0.997
mixed,8,2,0.25,4.0,256,8192,128,512,224,2704.727,2709.738,2704.203,-0.1047
mixed,8,2,0.25,4.0,256,8192,512,2048,896,2715.258,2710.634,2704.939,
mixed,8,2,0.25,4.0,256,8192,2048,8192,3584,2701.113,2712.2,2707.05,0.5355
mixed,8,2,0.25,4.0,256,8192,8192,32768,14336,3166.921,4532.126,4532.925,1.0006
mixed,8,2,0.25,4.0,256,16384,128,512,224,5107.685,5114.485,5117.554,1.4515
mixed,8,2,0.25,4.0,256,16384,512,2048,896,5115.905,5121.952,5109.981,-0.9798
mixed,8,2,0.25,4.0,256,16384,2048,8192,3584,5113.887,5109.876,5111.681,
mixed,8,2,0.25,4.0,256,16384,8192,32768,14336,5123.62,6351.11,6336.051,0.9877
mixed,8,2,0.25,4.0,1024,0,128,512,224,662.033,670.757,665.426,0.3889
mixed,8,2,0.25,4.0,1024,0,512,2048,896,686.899,695.281,691.057,0.4961
mixed,8,2,0.25,4.0,1024,0,2048,8192,3584,715.476,757.639,715.815,0.0081
mixed,8,2,0.25,4.0,1024,0,8192,32768,14336,817.504,999.556,823.154,0.031
mixed,8,2,0.25,4.0,1024,512,128,512,224,1070.101,1074.81,1075.847,1.2205
mixed,8,2,0.25,4.0,1024,512,512,2048,896,1091.569,1098.708,1098.196,0.9282
mixed,8,2,0.25,4.0,1024,512,2048,8192,3584,1120.035,1165.043,1121.14,0.0246
mixed,8,2,0.25,4.0,1024,512,8192,32768,14336,1225.444,1400.245,1220.596,-0.0277
mixed,8,2,0.25,4.0,1024,2048,128,512,224,1771.425,1776.008,1772.42,0.2171
mixed,8,2,0.25,4.0,1024,2048,512,2048,896,1791.304,1799.239,1789.925,-0.1739
mixed,8,2,0.25,4.0,1024,2048,2048,8192,3584,1820.984,1871.523,1821.699,0.0142
mixed,8,2,0.25,4.0,1024,2048,8192,32768,14336,1921.173,2094.823,1921.353,0.001
mixed,8,2,0.25,4.0,1024,8192,128,512,224,4561.694,4565.664,4555.52,-1.5552
mixed,8,2,0.25,4.0,1024,8192,512,2048,896,4575.569,4588.301,4589.532,1.0967
mixed,8,2,0.25,4.0,1024,8192,2048,8192,3584,4613.597,4651.116,4601.904,-0.3117
mixed,8,2,0.25,4.0,1024,8192,8192,32768,14336,4709.075,4882.354,4712.483,0.0197
mixed,8,2,0.25,4.0,1024,16384,128,512,224,8264.426,8283.206,8269.58,0.2744
mixed,8,2,0.25,4.0,1024,16384,512,2048,896,8262.617,8274.689,8274.796,1.0089
mixed,8,2,0.25,4.0,1024,16384,2048,8192,3584,8292.088,8343.18,8296.604,0.0884
mixed,8,2,0.25,4.0,1024,16384,8192,32768,14336,8399.944,8573.902,8389.403,-0.0606
mixed,8,2,0.25,4.0,4096,0,128,512,224,3705.241,3705.072,3703.646,
mixed,8,2,0.25,4.0,4096,0,512,2048,896,3719.294,3731.135,3719.211,-0.007
mixed,8,2,0.25,4.0,4096,0,2048,8192,3584,3763.376,3789.408,3746.909,-0.6326
mixed,8,2,0.25,4.0,4096,0,8192,32768,14336,3860.238,4028.941,3857.199,-0.018
mixed,8,2,0.25,4.0,4096,512,128,512,224,4832.69,4832.72,4827.106,-189.2712
mixed,8,2,0.25,4.0,4096,512,512,2048,896,4844.211,4859.04,4855.775,0.7798
mixed,8,2,0.25,4.0,4096,512,2048,8192,3584,4879.615,4921.295,4881.805,0.0525
mixed,8,2,0.25,4.0,4096,512,8192,32768,14336,4981.89,5169.624,4986.369,0.0239
mixed,8,2,0.25,4.0,4096,2048,128,512,224,6774.187,6785.657,6798.984,2.1618
mixed,8,2,0.25,4.0,4096,2048,512,2048,896,6803.031,6809.99,6811.514,1.219
mixed,8,2,0.25,4.0,4096,2048,2048,8192,3584,6839.114,6874.075,6831.526,-0.217
mixed,8,2,0.25,4.0,4096,2048,8192,32768,14336,6924.936,7107.622,6963.304,0.21
mixed,8,2,0.25,4.0,4096,8192,128,512,224,15068.117,14868.469,14658.144,
mixed,8,2,0.25,4.0,4096,8192,512,2048,896,14674.821,14796.517,14671.95,-0.0236
mixed,8,2,0.25,4.0,4096,8192,2048,8192,3584,14715.536,14893.493,14727.429,0.0668
mixed,8,2,0.25,4.0,4096,8192,8192,32768,14336,14963.861,14980.053,14874.39,-5.5254
mixed,8,2,0.25,4.0,4096,16384,128,512,224,25550.25,25406.06,26821.931,
mixed,8,2,0.25,4.0,4096,16384,512,2048,896,25219.767,26038.096,25940.235,0.8804
mixed,8,2,0.25,4.0,4096,16384,2048,8192,3584,25726.059,25539.757,25408.615,
mixed,8,2,0.25,4.0,4096,16384,8192,32768,14336,25606.162,26286.946,25457.752,-0.218
pure,8,3,0.375,4.0,0,0,128,512,272,118.272,120.16,114.047,-2.237
pure,8,3,0.375,4.0,0,0,512,2048,1088,133.28,144.577,137.266,0.3528
pure,8,3,0.375,4.0,0,0,2048,8192,4352,168.354,207.631,168.113,-0.0061
pure,8,3,0.375,4.0,0,0,8192,32768,17408,294.433,445.217,300.625,0.0411
mixed,8,3,0.375,4.0,16,0,128,512,272,130.641,135.601,134.625,0.8032
mixed,8,3,0.375,4.0,16,0,512,2048,1088,147.983,167.665,164.047,0.8161
mixed,8,3,0.375,4.0,16,0,2048,8192,4352,211.473,284.865,281.713,0.9571
mixed,8,3,0.375,4.0,16,0,8192,32768,17408,456.226,746.771,744.226,0.9912
mixed,8,3,0.375,4.0,16,512,128,512,272,165.695,197.185,165.521,-0.0055
mixed,8,3,0.375,4.0,16,512,512,2048,1088,171.616,182.128,179.714,0.7704
mixed,8,3,0.375,4.0,16,512,2048,8192,4352,210.562,282.561,280.688,0.974
mixed,8,3,0.375,4.0,16,512,8192,32768,17408,458.993,747.397,746.355,0.9964
mixed,8,3,0.375,4.0,16,2048,128,512,272,197.298,218.274,216.514,0.9161
mixed,8,3,0.375,4.0,16,2048,512,2048,1088,198.992,274.913,203.409,0.0582
mixed,8,3,0.375,4.0,16,2048,2048,8192,4352,226.514,300.786,293.969,0.9082
mixed,8,3,0.375,4.0,16,2048,8192,32768,17408,461.219,750.196,745.923,0.9852
mixed,8,3,0.375,4.0,16,8192,128,512,272,305.858,334.113,306.48,0.022
mixed,8,3,0.375,4.0,16,8192,512,2048,1088,380.85,455.137,451.664,0.9533
mixed,8,3,0.375,4.0,16,8192,2048,8192,4352,355.921,589.634,355.105,-0.0035
mixed,8,3,0.375,4.0,16,8192,8192,32768,17408,479.823,769.891,760.481,0.9676
mixed,8,3,0.375,4.0,16,16384,128,512,272,461.315,462.754,462.671,0.943
mixed,8,3,0.375,4.0,16,16384,512,2048,1088,522.673,609.618,495.089,-0.3173
mixed,8,3,0.375,4.0,16,16384,2048,8192,4352,785.459,567.346,780.883,
mixed,8,3,0.375,4.0,16,16384,8192,32768,17408,1016.918,772.963,795.443,
mixed,8,3,0.375,4.0,64,0,128,512,272,127.823,143.313,141.407,0.877
mixed,8,3,0.375,4.0,64,0,512,2048,1088,186.961,259.427,257.332,0.9711
mixed,8,3,0.375,4.0,64,0,2048,8192,4352,431.921,720.835,715.65,0.9821
mixed,8,3,0.375,4.0,64,0,8192,32768,17408,1402.9,2540.81,2539.896,0.9992
mixed,8,3,0.375,4.0,64,512,128,512,272,184.642,203.522,201.712,0.9041
mixed,8,3,0.375,4.0,64,512,512,2048,1088,246.865,319.119,316.592,0.965
mixed,8,3,0.375,4.0,64,512,2048,8192,4352,493.154,777.266,776.419,0.997
mixed,8,3,0.375,4.0,64,512,8192,32768,17408,1463.541,2601.562,2596.809,0.9958
mixed,8,3,0.375,4.0,64,2048,128,512,272,262.387,320.098,260.896,-0.0258
mixed,8,3,0.375,4.0,64,2048,512,2048,1088,364.337,438.835,436.56,0.9695
mixed,8,3,0.375,4.0,64,2048,2048,8192,4352,611.268,897.953,896.019,0.9933
mixed,8,3,0.375,4.0,64,2048,8192,32768,17408,1582.932,2733.435,2720.794,0.989
mixed,8,3,0.375,4.0,64,8192,128,512,272,727.298,729.555,727.427,0.0574
mixed,8,3,0.375,4.0,64,8192,512,2048,1088,728.865,791.074,727.793,-0.0172
mixed,8,3,0.375,4.0,64,8192,2048,8192,4352,1071.156,1362.37,1354.835,0.9741
mixed,8,3,0.375,4.0,64,8192,8192,32768,17408,2043.365,3185.384,3182.088,0.9971
mixed,8,3,0.375,4.0,64,16384,128,512,272,1325.54,1327.315,1327.637,1.1811
mixed,8,3,0.375,4.0,64,16384,512,2048,1088,1329.986,1325.846,1325.346,
mixed,8,3,0.375,4.0,64,16384,2048,8192,4352,1472.903,1957.988,1496.341,0.0483
mixed,8,3,0.375,4.0,64,16384,8192,32768,17408,2640.852,3779.371,3780.153,1.0007
mixed,8,3,0.375,4.0,256,0,128,512,272,279.984,283.904,283.551,0.91
mixed,8,3,0.375,4.0,256,0,512,2048,1088,299.808,327.65,324.64,0.8919
mixed,8,3,0.375,4.0,256,0,2048,8192,4352,502.879,792.593,785.474,0.9754
mixed,8,3,0.375,4.0,256,0,8192,32768,17408,1476.146,2630.616,2618.583,0.9896
mixed,8,3,0.375,4.0,256,512,128,512,272,432.977,433.873,433.107,0.1445
mixed,8,3,0.375,4.0,256,512,512,2048,1088,478.466,552.975,550.834,0.9713
mixed,8,3,0.375,4.0,256,512,2048,8192,4352,726.144,1008.69,1010.257,1.0055
mixed,8,3,0.375,4.0,256,512,8192,32768,17408,1701.669,2836.647,2837.127,1.0004
mixed,8,3,0.375,4.0,256,2048,128,512,272,895.875,896.994,898.866,2.6738
mixed,8,3,0.375,4.0,256,2048,512,2048,1088,897.139,899.027,899.154,1.0675
mixed,8,3,0.375,4.0,256,2048,2048,8192,4352,1071.185,1356.005,1357.618,1.0057
mixed,8,3,0.375,4.0,256,2048,8192,32768,17408,2047.511,3185.707,3176.423,0.9918
mixed,8,3,0.375,4.0,256,8192,128,512,272,2714.182,2715.062,2705.001,-10.4265
mixed,8,3,0.375,4.0,256,8192,512,2048,1088,2702.824,2701.955,2702.279,
mixed,8,3,0.375,4.0,256,8192,2048,8192,4352,2703.592,2716.952,2709.734,0.4598
mixed,8,3,0.375,4.0,256,8192,8192,32768,17408,3396.923,4537.295,4533.967,0.9971
mixed,8,3,0.375,4.0,256,16384,128,512,272,5112.684,5119.033,5110.078,-0.4104
mixed,8,3,0.375,4.0,256,16384,512,2048,1088,5112.926,5113.676,5113.537,0.8142
mixed,8,3,0.375,4.0,256,16384,2048,8192,4352,5110.653,5111.599,5112.733,2.1993
mixed,8,3,0.375,4.0,256,16384,8192,32768,17408,5199.115,6340.449,6340.085,0.9997
mixed,8,3,0.375,4.0,1024,0,128,512,272,666.995,670.435,668.483,0.4326
mixed,8,3,0.375,4.0,1024,0,512,2048,1088,681.667,695.891,686.133,0.3139
mixed,8,3,0.375,4.0,1024,0,2048,8192,4352,723.41,760.161,719.744,-0.0997
mixed,8,3,0.375,4.0,1024,0,8192,32768,17408,848.417,998.195,857.313,0.0594
pure,2,1,0.5,4.0,0,0,256,1024,640,110.849,112.706,111.199,0.1885
pure,2,1,0.5,4.0,0,0,1024,4096,2560,128.721,132.673,128.334,-0.0978
pure,2,1,0.5,4.0,0,0,4096,16384,10240,165.905,181.456,169.201,0.2119
mixed,2,1,0.5,4.0,16,0,256,1024,640,129.249,136.64,137.855,1.1644
mixed,2,1,0.5,4.0,16,0,1024,4096,2560,166.226,196.129,196.432,1.0101
mixed,2,1,0.5,4.0,16,0,4096,16384,10240,311.793,430.322,431.299,1.0082
mixed,2,1,0.5,4.0,16,512,256,1024,640,162.641,158.4,156.944,
mixed,2,1,0.5,4.0,16,512,1024,4096,2560,186.239,213.007,215.761,1.1029
mixed,2,1,0.5,4.0,16,512,4096,16384,10240,330.049,430.706,446.849,1.1604
mixed,2,1,0.5,4.0,16,2048,256,1024,640,208.337,226.416,195.186,-0.7274
mixed,2,1,0.5,4.0,16,2048,1024,4096,2560,201.057,216.449,214.624,0.8814
mixed,2,1,0.5,4.0,16,2048,4096,16384,10240,332.769,444.626,449.216,1.041
mixed,2,1,0.5,4.0,16,8192,256,1024,640,301.314,300.083,300.097,
mixed,2,1,0.5,4.0,16,8192,1024,4096,2560,355.904,460.322,370.209,0.137
mixed,2,1,0.5,4.0,16,8192,4096,16384,10240,500.801,447.505,616.515,
mixed,2,1,0.5,4.0,16,16384,256,1024,640,454.32,453.153,454.514,
mixed,2,1,0.5,4.0,16,16384,1024,4096,2560,454.721,454.211,454.337,
mixed,2,1,0.5,4.0,16,16384,4096,16384,10240,718.481,774.754,770.048,0.9164
mixed,2,1,0.5,4.0,64,0,256,1024,640,149.633,178.736,178.481,0.9912
mixed,2,1,0.5,4.0,64,0,1024,4096,2560,293.746,408.465,408.659,1.0017
mixed,2,1,0.5,4.0,64,0,4096,16384,10240,871.073,1330.594,1332.485,1.0041
mixed,2,1,0.5,4.0,64,512,256,1024,640,150.271,179.745,179.055,0.9766
mixed,2,1,0.5,4.0,64,512,1024,4096,2560,294.995,409.525,409.347,0.9985
mixed,2,1,0.5,4.0,64,512,4096,16384,10240,870.178,1330.597,1329.333,0.9973
mixed,2,1,0.5,4.0,64,2048,256,1024,640,259.405,259.902,260.22,1.6398
mixed,2,1,0.5,4.0,64,2048,1024,4096,2560,294.891,410.547,409.699,0.9927
mixed,2,1,0.5,4.0,64,2048,4096,16384,10240,869.508,1329.169,1327.875,0.9972
mixed,2,1,0.5,4.0,64,8192,256,1024,640,717.629,717.839,717.166,-2.2148
mixed,2,1,0.5,4.0,64,8192,1024,4096,2560,719.07,719.486,717.996,-2.588
mixed,2,1,0.5,4.0,64,8192,4096,16384,10240,868.546,1328.884,1327.012,0.9959
mixed,2,1,0.5,4.0,64,16384,256,1024,640,1326.116,1326.083,1327.126,
mixed,2,1,0.5,4.0,64,16384,1024,4096,2560,1326.307,1325.106,1326.883,
mixed,2,1,0.5,4.0,64,16384,4096,16384,10240,1325.939,1326.066,1328.306,18.7075
mixed,2,1,0.5,4.0,256,0,256,1024,640,276.866,276.099,274.817,
mixed,2,1,0.5,4.0,256,0,1024,4096,2560,361.36,478.912,475.681,0.9725
mixed,2,1,0.5,4.0,256,0,4096,16384,10240,942.771,1399.044,1401.891,1.0062
mixed,2,1,0.5,4.0,256,512,256,1024,640,438.626,467.729,467.648,0.9972
mixed,2,1,0.5,4.0,256,512,1024,4096,2560,582.689,698.338,697.188,0.9901
mixed,2,1,0.5,4.0,256,512,4096,16384,10240,1160.325,1620.659,1620.503,0.9997
mixed,2,1,0.5,4.0,256,2048,256,1024,640,887.011,886.722,885.603,
mixed,2,1,0.5,4.0,256,2048,1024,4096,2560,925.843,1041.06,1041.442,1.0033
mixed,2,1,0.5,4.0,256,2048,4096,16384,10240,1508.595,1962.023,1963.72,1.0037
mixed,2,1,0.5,4.0,256,8192,256,1024,640,2706.919,2708.024,2709.001,1.8833
mixed,2,1,0.5,4.0,256,8192,1024,4096,2560,2705.546,2706.553,2707.687,2.1251
mixed,2,1,0.5,4.0,256,8192,4096,16384,10240,2868.232,3324.86,3325.977,1.0024
mixed,2,1,0.5,4.0,256,16384,256,1024,640,5143.04,5143.839,5139.327,-4.6471
mixed,2,1,0.5,4.0,256,16384,1024,4096,2560,5139.168,5149.758,5139.202,0.0032
mixed,2,1,0.5,4.0,256,16384,4096,16384,10240,5139.618,5166.736,5156.672,0.6289
mixed,2,1,0.5,4.0,1024,0,256,1024,640,662.867,669.17,667.38,0.7162
mixed,2,1,0.5,4.0,1024,0,1024,4096,2560,681.842,684.882,681.749,-0.0308
mixed,2,1,0.5,4.0,1024,0,4096,16384,10240,721.747,739.043,732.178,0.6031
mixed,2,1,0.5,4.0,1024,512,256,1024,640,1067.734,1072.151,1066.946,-0.1782
mixed,2,1,0.5,4.0,1024,512,1024,4096,2560,1086.357,1093.507,1084.033,-0.325
mixed,2,1,0.5,4.0,1024,512,4096,16384,10240,1128.193,1145.033,1136.306,0.4818
mixed,2,1,0.5,4.0,1024,2048,256,1024,640,1762.633,1772.261,1766.089,0.359
mixed,2,1,0.5,4.0,1024,2048,1024,4096,2560,1785.737,1784.902,1787.475,
mixed,2,1,0.5,4.0,1024,2048,4096,16384,10240,1824.165,1842.308,1834.721,0.5818
mixed,2,1,0.5,4.0,1024,8192,256,1024,640,4550.254,4546.829,4564.526,
mixed,2,1,0.5,4.0,1024,8192,1024,4096,2560,4572.495,4569.501,4577.068,
mixed,2,1,0.5,4.0,1024,8192,4096,16384,10240,4603.613,4629.019,4618.298,0.578
mixed,2,1,0.5,4.0,1024,16384,256,1024,640,8240.165,8238.758,8243.388,
mixed,2,1,0.5,4.0,1024,16384,1024,4096,2560,8256.805,8266.341,8267.569,1.1288
mixed,2,1,0.5,4.0,1024,16384,4096,16384,10240,8303.308,8320.66,8303.348,0.0023
mixed,2,1,0.5,4.0,4096,0,256,1024,640,3710.616,3711.037,3698.825,-28.0392
mixed,2,1,0.5,4.0,4096,0,1024,4096,2560,3710.328,3715.674,3730.573,3.7866
mixed,2,1,0.5,4.0,4096,0,4096,16384,10240,3750.169,3770.747,3761.69,0.5599
mixed,2,1,0.5,4.0,4096,512,256,1024,640,4814.684,4813.518,4826.896,
mixed,2,1,0.5,4.0,4096,512,1024,4096,2560,4848.876,4849.946,4831.529,-16.2193
mixed,2,1,0.5,4.0,4096,512,4096,16384,10240,4885.759,4900.411,4878.433,-0.5
mixed,2,1,0.5,4.0,4096,2048,256,1024,640,6769.908,6787.608,6778.176,0.4672
mixed,2,1,0.5,4.0,4096,2048,1024,4096,2560,6803.621,6796.545,6800.324,
mixed,2,1,0.5,4.0,4096,2048,4096,16384,10240,6831.395,6852.226,6850.404,0.9125
mixed,2,1,0.5,4.0,4096,8192,256,1024,640,14646.9,14664.953,14696.94,2.7719
mixed,2,1,0.5,4.0,4096,8192,1024,4096,2560,14686.375,14783.208,14824.166,1.423
mixed,2,1,0.5,4.0,4096,8192,4096,16384,10240,14717.401,14741.719,14722.87,0.2249
mixed,2,1,0.5,4.0,4096,16384,256,1024,640,26093.425,26168.586,26062.961,-0.4053
mixed,2,1,0.5,4.0,4096,16384,1024,4096,2560,25428.661,25474.535,26404.503,21.2722
mixed,2,1,0.5,4.0,4096,16384,4096,16384,10240,25623.377,25723.888,25801.146,1.7687
pure,4,1,0.25,4.0,0,0,128,512,224,92.001,110.641,110.001,0.9657
pure,4,1,0.25,4.0,0,0,256,1024,448,109.44,119.521,113.072,0.3603
pure,4,1,0.25,4.0,0,0,512,2048,896,114.607,134.447,123.953,0.4711
pure,4,1,0.25,4.0,0,0,1024,4096,1792,139.344,150.306,151.056,1.0685
pure,4,1,0.25,4.0,0,0,2048,8192,3584,150.48,172.674,160.529,0.4528
pure,4,1,0.25,4.0,0,0,4096,16384,7168,168.53,215.123,178.804,0.2205
pure,4,1,0.25,4.0,0,0,8192,32768,14336,203.344,296.61,215.569,0.1311
mixed,4,1,0.25,4.0,16,0,128,512,224,106.674,131.345,132.449,1.0448
mixed,4,1,0.25,4.0,16,0,256,1024,448,129.759,143.888,141.761,0.8494
mixed,4,1,0.25,4.0,16,0,512,2048,896,137.921,163.04,160.753,0.909
mixed,4,1,0.25,4.0,16,0,1024,4096,1792,158.192,201.776,200.384,0.9681
mixed,4,1,0.25,4.0,16,0,2048,8192,3584,193.808,280.096,277.457,0.9694
mixed,4,1,0.25,4.0,16,0,4096,16384,7168,259.617,432.737,432.336,0.9977
mixed,4,1,0.25,4.0,16,0,8192,32768,14336,394.208,739.601,741.49,1.0055
mixed,4,1,0.25,4.0,16,512,128,512,224,160.577,164.624,160.113,-0.1145
mixed,4,1,0.25,4.0,16,512,256,1024,448,163.777,160.031,162.928,
mixed,4,1,0.25,4.0,16,512,512,2048,896,162.574,176.863,179.713,1.1995
mixed,4,1,0.25,4.0,16,512,1024,4096,1792,171.585,215.088,214.592,0.9886
mixed,4,1,0.25,4.0,16,512,2048,8192,3584,205.009,280.481,291.695,1.1486
mixed,4,1,0.25,4.0,16,512,4096,16384,7168,262.191,433.376,433.296,0.9995
mixed,4,1,0.25,4.0,16,512,8192,32768,14336,395.858,742.899,739.716,0.9908
mixed,4,1,0.25,4.0,16,2048,128,512,224,179.392,216.435,186.608,0.1948
mixed,4,1,0.25,4.0,16,2048,256,1024,448,212.129,233.214,198.19,-0.661
mixed,4,1,0.25,4.0,16,2048,512,2048,896,228.753,204.72,229.633,
mixed,4,1,0.25,4.0,16,2048,1024,4096,1792,198.368,217.745,217.52,0.9884
mixed,4,1,0.25,4.0,16,2048,2048,8192,3584,208.049,291.425,296.369,1.0593
mixed,4,1,0.25,4.0,16,2048,4096,16384,7168,273.249,448.434,447.81,0.9964
mixed,4,1,0.25,4.0,16,2048,8192,32768,14336,408.033,742.978,753.266,1.0307
mixed,4,1,0.25,4.0,16,8192,128,512,224,305.682,303.968,306.032,
mixed,4,1,0.25,4.0,16,8192,256,1024,448,305.168,302.963,305.184,
mixed,4,1,0.25,4.0,16,8192,512,2048,896,304.609,449.377,305.361,0.0052
mixed,4,1,0.25,4.0,16,8192,1024,4096,1792,423.089,470.498,375.265,-1.0087
mixed,4,1,0.25,4.0,16,8192,2048,8192,3584,448.288,357.185,466.611,
mixed,4,1,0.25,4.0,16,8192,4096,16384,7168,494.688,455.874,623.41,
mixed,4,1,0.25,4.0,16,8192,8192,32768,14336,417.922,755.472,761.184,1.0169
mixed,4,1,0.25,4.0,16,16384,128,512,224,463.491,462.274,462.769,
mixed,4,1,0.25,4.0,16,16384,256,1024,448,463.33,463.602,461.808,-5.5872
mixed,4,1,0.25,4.0,16,16384,512,2048,896,461.954,462.003,462.033,1.6354
mixed,4,1,0.25,4.0,16,16384,1024,4096,1792,461.616,762.833,462.833,0.004
mixed,4,1,0.25,4.0,16,16384,2048,8192,3584,694.786,779.411,610.865,-0.9917
mixed,4,1,0.25,4.0,16,16384,4096,16384,7168,740.88,562.29,776.706,
mixed,4,1,0.25,4.0,16,16384,8192,32768,14336,830.994,767.524,1087.586,
mixed,4,1,0.25,4.0,64,0,128,512,224,125.296,140.288,139.374,0.939
mixed,4,1,0.25,4.0,64,0,256,1024,448,136.113,178.673,178.434,0.9944
mixed,4,1,0.25,4.0,64,0,512,2048,896,169.151,255.249,254.322,0.9892
mixed,4,1,0.25,4.0,64,0,1024,4096,1792,236.559,409.187,406.913,0.9868
mixed,4,1,0.25,4.0,64,0,2048,8192,3584,370.176,714.72,711.663,0.9911
mixed,4,1,0.25,4.0,64,0,4096,16384,7168,637.632,1323.027,1322.195,0.9988
mixed,4,1,0.25,4.0,64,0,8192,32768,14336,1172.705,2541.061,2542.086,1.0007
mixed,4,1,0.25,4.0,64,512,128,512,224,152.72,200.93,172.53,0.4109
mixed,4,1,0.25,4.0,64,512,256,1024,448,192.226,240.688,183.073,-0.1889
mixed,4,1,0.25,4.0,64,512,512,2048,896,231.106,316.657,256.591,0.2979
mixed,4,1,0.25,4.0,64,512,1024,4096,1792,298.097,470.672,408.466,0.6395
mixed,4,1,0.25,4.0,64,512,2048,8192,3584,432.016,775.763,713.521,0.8189
mixed,4,1,0.25,4.0,64,512,4096,16384,7168,701.233,1384.324,1321.971,0.9087
mixed,4,1,0.25,4.0,64,512,8192,32768,14336,1233.875,2601.112,2541.306,0.9563
mixed,4,1,0.25,4.0,64,2048,128,512,224,260.673,262.834,261.344,0.3103
mixed,4,1,0.25,4.0,64,2048,256,1024,448,261.136,279.986,261.312,0.0094
mixed,4,1,0.25,4.0,64,2048,512,2048,896,262.481,436.785,262.161,-0.0018
mixed,4,1,0.25,4.0,64,2048,1024,4096,1792,398.434,588.963,413.571,0.0795
mixed,4,1,0.25,4.0,64,2048,2048,8192,3584,551.973,894.817,718.21,0.4849
mixed,4,1,0.25,4.0,64,2048,4096,16384,7168,819.682,1505.809,1332.993,0.7481
mixed,4,1,0.25,4.0,64,2048,8192,32768,14336,1354.246,2725.432,2564.773,0.8828
mixed,4,1,0.25,4.0,64,8192,128,512,224,728.755,728.351,725.44,
mixed,4,1,0.25,4.0,64,8192,256,1024,448,727.091,727.185,728.371,13.6117
mixed,4,1,0.25,4.0,64,8192,512,2048,896,727.362,728.339,728.928,1.6037
mixed,4,1,0.25,4.0,64,8192,1024,4096,1792,728.401,746.177,726.912,-0.0837
mixed,4,1,0.25,4.0,64,8192,2048,8192,3584,728.658,1355.314,730.146,0.0024
mixed,4,1,0.25,4.0,64,8192,4096,16384,7168,1209.795,1967.923,1332.722,0.1621
mixed,4,1,0.25,4.0,64,8192,8192,32768,14336,1813.843,3182.33,2565.349,0.5492
mixed,4,1,0.25,4.0,64,16384,128,512,224,1327.331,1324.37,1326.275,
mixed,4,1,0.25,4.0,64,16384,256,1024,448,1326.179,1325.348,1324.884,
mixed,4,1,0.25,4.0,64,16384,512,2048,896,1324.994,1325.252,1324.004,-3.8485
mixed,4,1,0.25,4.0,64,16384,1024,4096,1792,1323.732,1326.356,1324.898,0.4443
mixed,4,1,0.25,4.0,64,16384,2048,8192,3584,1326.341,1356.387,1327.524,0.0394
mixed,4,1,0.25,4.0,64,16384,4096,16384,7168,1326.482,2561.827,1327.54,0.0009
mixed,4,1,0.25,4.0,64,16384,8192,32768,14336,2279.352,3782.121,2566.486,0.1911
mixed,4,1,0.25,4.0,256,0,128,512,224,277.279,277.139,273.986,
mixed,4,1,0.25,4.0,256,0,256,1024,448,275.265,296.562,277.009,0.0819
mixed,4,1,0.25,4.0,256,0,512,2048,896,281.375,324.113,321.296,0.9341
mixed,4,1,0.25,4.0,256,0,1024,4096,1792,303.411,478.257,475.502,0.9842
mixed,4,1,0.25,4.0,256,0,2048,8192,3584,441.283,785.569,783.279,0.9934
mixed,4,1,0.25,4.0,256,0,4096,16384,7168,709.936,1399.301,1393.379,0.9914
mixed,4,1,0.25,4.0,256,0,8192,32768,14336,1241.491,2621.062,2614.934,0.9956
mixed,4,1,0.25,4.0,256,512,128,512,224,430.385,432.159,433.858,1.9577
mixed,4,1,0.25,4.0,256,512,256,1024,448,432.592,470.578,469.119,0.9616
mixed,4,1,0.25,4.0,256,512,512,2048,896,461.454,547.744,545.136,0.9698
mixed,4,1,0.25,4.0,256,512,1024,4096,1792,528.832,703.009,699.362,0.9791
mixed,4,1,0.25,4.0,256,512,2048,8192,3584,664.29,1006.098,1005.683,0.9988
mixed,4,1,0.25,4.0,256,512,4096,16384,7168,931.84,1616.9,1612.469,0.9935
mixed,4,1,0.25,4.0,256,512,8192,32768,14336,1462.293,2842.119,2832.598,0.9931
mixed,4,1,0.25,4.0,256,2048,128,512,224,895.697,893.169,894.243,
mixed,4,1,0.25,4.0,256,2048,256,1024,448,894.56,893.618,898.018,
mixed,4,1,0.25,4.0,256,2048,512,2048,896,895.892,896.436,896.565,1.2376
mixed,4,1,0.25,4.0,256,2048,1024,4096,1792,898.563,1049.651,1048.002,0.9891
mixed,4,1,0.25,4.0,256,2048,2048,8192,3584,1012.019,1355.443,1350.723,0.9863
mixed,4,1,0.25,4.0,256,2048,4096,16384,7168,1277.571,1965.028,1961.076,0.9943
mixed,4,1,0.25,4.0,256,2048,8192,32768,14336,1810.358,3181.834,3176.442,0.9961
mixed,4,1,0.25,4.0,256,8192,128,512,224,2699.799,2707.781,2719.462,2.4634
mixed,4,1,0.25,4.0,256,8192,256,1024,448,2699.049,2702.07,2704.649,1.8532
mixed,4,1,0.25,4.0,256,8192,512,2048,896,2703.667,2704.774,2706.149,2.241
mixed,4,1,0.25,4.0,256,8192,1024,4096,1792,2706.136,2701.528,2704.265,
mixed,4,1,0.25,4.0,256,8192,2048,8192,3584,2699.429,2708.503,2717.879,2.0335
mixed,4,1,0.25,4.0,256,8192,4096,16384,7168,2697.509,3322.89,3309.113,0.978
mixed,4,1,0.25,4.0,256,8192,8192,32768,14336,3164.887,4538.971,4543.417,1.0032
mixed,4,1,0.25,4.0,256,16384,128,512,224,5107.229,5118.352,5116.623,0.8446
mixed,4,1,0.25,4.0,256,16384,256,1024,448,5110.557,5134.988,5118.07,0.3075
mixed,4,1,0.25,4.0,256,16384,512,2048,896,5116.845,5109.517,5117.61,
mixed,4,1,0.25,4.0,256,16384,1024,4096,1792,5119.324,5113.294,5118.028,
mixed,4,1,0.25,4.0,256,16384,2048,8192,3584,5113.306,5110.269,5117.389,
mixed,4,1,0.25,4.0,256,16384,4096,16384,7168,5107.532,5118.223,5124.285,1.567
mixed,4,1,0.25,4.0,256,16384,8192,32768,14336,5114.825,6361.149,6361.775,1.0005
mixed,4,1,0.25,4.0,1024,0,128,512,224,658.786,668.078,658.802,0.0017
mixed,4,1,0.25,4.0,1024,0,256,1024,448,665.952,672.098,661.745,-0.6844
mixed,4,1,0.25,4.0,1024,0,512,2048,896,668.211,683.713,676.74,0.5502
mixed,4,1,0.25,4.0,1024,0,1024,4096,1792,690.162,696.74,701.137,1.6684
mixed,4,1,0.25,4.0,1024,0,2048,8192,3584,699.759,723.889,709.634,0.4092
mixed,4,1,0.25,4.0,1024,0,4096,16384,7168,719.857,768.724,731.423,0.2367
mixed,4,1,0.25,4.0,1024,0,8192,32768,14336,755.509,848.689,770.739,0.1635
mixed,4,1,0.25,4.0,1024,512,128,512,224,1062.838,1067.982,1066.787,0.7679
mixed,4,1,0.25,4.0,1024,512,256,1024,448,1067.987,1072.597,1080.196,2.6483
mixed,4,1,0.25,4.0,1024,512,512,2048,896,1092.583,1088.74,1085.106,
mixed,4,1,0.25,4.0,1024,512,1024,4096,1792,1094.721,1107.267,1109.136,1.149
mixed,4,1,0.25,4.0,1024,512,2048,8192,3584,1106.051,1131.282,1119.409,0.5294
mixed,4,1,0.25,4.0,1024,512,4096,16384,7168,1127.231,1173.65,1137.652,0.2245
mixed,4,1,0.25,4.0,1024,512,8192,32768,14336,1161.492,1259.972,1176.256,0.1499
mixed,4,1,0.25,4.0,1024,2048,128,512,224,1767.232,1774.406,1766.212,-0.1422
mixed,4,1,0.25,4.0,1024,2048,256,1024,448,1766.198,1776.275,1776.358,1.0081
mixed,4,1,0.25,4.0,1024,2048,512,2048,896,1796.9,1787.22,1802.968,
mixed,4,1,0.25,4.0,1024,2048,1024,4096,1792,1796.673,1804.229,1808.135,1.5171
mixed,4,1,0.25,4.0,1024,2048,2048,8192,3584,1803.539,1832.803,1815.557,0.4107
mixed,4,1,0.25,4.0,1024,2048,4096,16384,7168,1830.343,1875.512,1832.228,0.0417
mixed,4,1,0.25,4.0,1024,2048,8192,32768,14336,1861.999,1958.231,1874.232,0.1271
mixed,4,1,0.25,4.0,1024,8192,128,512,224,4552.025,4568.667,4551.452,-0.0345
mixed,4,1,0.25,4.0,1024,8192,256,1024,448,4560.282,4573.034,4563.548,0.2561
mixed,4,1,0.25,4.0,1024,8192,512,2048,896,4572.714,4578.04,4588.015,2.8729
mixed,4,1,0.25,4.0,1024,8192,1024,4096,1792,4595.355,4603.305,4605.722,1.3039
mixed,4,1,0.25,4.0,1024,8192,2048,8192,3584,4597.275,4618.555,4596.477,-0.0375
mixed,4,1,0.25,4.0,1024,8192,4096,16384,7168,4617.264,4660.587,4612.669,-0.1061
mixed,4,1,0.25,4.0,1024,8192,8192,32768,14336,4663.82,4747.324,4669.293,0.0655
mixed,4,1,0.25,4.0,1024,16384,128,512,224,8272.136,8251.426,8257.746,
mixed,4,1,0.25,4.0,1024,16384,256,1024,448,8240.049,8255.352,8253.377,0.8709
mixed,4,1,0.25,4.0,1024,16384,512,2048,896,8266.808,8268.425,8285.588,11.6072
mixed,4,1,0.25,4.0,1024,16384,1024,4096,1792,8258.87,8282.16,8266.308,0.3194
mixed,4,1,0.25,4.0,1024,16384,2048,8192,3584,8282.417,8332.933,8296.132,0.2715
mixed,4,1,0.25,4.0,1024,16384,4096,16384,7168,8307.509,8342.128,8305.125,-0.0689
mixed,4,1,0.25,4.0,1024,16384,8192,32768,14336,8326.598,8432.617,8352.371,0.2431
mixed,4,1,0.25,4.0,4096,0,128,512,224,3690.267,3704.204,3696.718,0.4629
mixed,4,1,0.25,4.0,4096,0,256,1024,448,3706.618,3707.532,3706.36,-0.283
mixed,4,1,0.25,4.0,4096,0,512,2048,896,3711.879,3725.13,3730.765,1.4252
mixed,4,1,0.25,4.0,4096,0,1024,4096,1792,3720.108,3733.352,3742.011,1.6537
mixed,4,1,0.25,4.0,4096,0,2048,8192,3584,3734.764,3758.315,3746.169,0.4843
mixed,4,1,0.25,4.0,4096,0,4096,16384,7168,3753.784,3799.371,3764.985,0.2457
mixed,4,1,0.25,4.0,4096,0,8192,32768,14336,3788.248,3893.226,3813.928,0.2446
mixed,4,1,0.25,4.0,4096,512,128,512,224,4817.329,4835.263,4818.537,0.0673
mixed,4,1,0.25,4.0,4096,512,256,1024,448,4836.431,4835.935,4834.624,
mixed,4,1,0.25,4.0,4096,512,512,2048,896,4845.932,4846.602,4849.498,5.3192
mixed,4,1,0.25,4.0,4096,512,1024,4096,1792,4846.256,4860.255,4871.676,1.8158
mixed,4,1,0.25,4.0,4096,512,2048,8192,3584,4861.472,4879.47,4871.405,0.5519
mixed,4,1,0.25,4.0,4096,512,4096,16384,7168,4878.412,4928.429,4897.551,0.3827
mixed,4,1,0.25,4.0,4096,512,8192,32768,14336,4921.549,5008.607,4931.36,0.1127
mixed,4,1,0.25,4.0,4096,2048,128,512,224,6772.609,6774.29,6786.834,8.4647
mixed,4,1,0.25,4.0,4096,2048,256,1024,448,6781.763,6800.129,6790.256,0.4624
mixed,4,1,0.25,4.0,4096,2048,512,2048,896,6822.438,6802.549,6814.179,
mixed,4,1,0.25,4.0,4096,2048,1024,4096,1792,6810.069,6817.139,6823.861,1.9507
mixed,4,1,0.25,4.0,4096,2048,2048,8192,3584,6813.682,6832.66,6832.488,0.991
mixed,4,1,0.25,4.0,4096,2048,4096,16384,7168,6842.694,6882.023,6844.402,0.0434
mixed,4,1,0.25,4.0,4096,2048,8192,32768,14336,6873.288,6968.578,6893.826,0.2155
mixed,4,1,0.25,4.0,4096,8192,128,512,224,14673.82,14663.666,14901.908,
mixed,4,1,0.25,4.0,4096,8192,256,1024,448,14718.808,14660.136,14824.237,
mixed,4,1,0.25,4.0,4096,8192,512,2048,896,14865.43,14872.942,14684.179,-24.1265
mixed,4,1,0.25,4.0,4096,8192,1024,4096,1792,14659.01,15076.766,14921.677,0.6288
mixed,4,1,0.25,4.0,4096,8192,2048,8192,3584,14700.893,14755.163,14839.757,2.5588
mixed,4,1,0.25,4.0,4096,8192,4096,16384,7168,14804.366,15140.049,14740.303,-0.1908
mixed,4,1,0.25,4.0,4096,8192,8192,32768,14336,14957.068,15038.399,14775.821,-2.2285
mixed,4,1,0.25,4.0,4096,16384,128,512,224,26322.032,25317.709,25957.431,
mixed,4,1,0.25,4.0,4096,16384,256,1024,448,25583.858,25446.351,25600.75,
mixed,4,1,0.25,4.0,4096,16384,512,2048,896,25423.605,25735.498,25651.936,0.7321
mixed,4,1,0.25,4.0,4096,16384,1024,4096,1792,25627.301,26341.948,26010.138,0.5357
mixed,4,1,0.25,4.0,4096,16384,2048,8192,3584,26080.032,25335.333,25391.655,
mixed,4,1,0.25,4.0,4096,16384,4096,16384,7168,25925.976,25782.664,25355.396,
mixed,4,1,0.25,4.0,4096,16384,8192,32768,14336,26243.605,26176.758,25347.272,
pure,4,2,0.5,4.0,0,0,128,512,320,109.184,110.32,109.138,-0.0405
pure,4,2,0.5,4.0,0,0,256,1024,640,111.905,120.033,116.625,0.5807
pure,4,2,0.5,4.0,0,0,512,2048,1280,127.472,134.129,135.874,1.2621
pure,4,2,0.5,4.0,0,0,1024,4096,2560,142.865,149.872,148.671,0.8286
pure,4,2,0.5,4.0,0,0,2048,8192,5120,156.321,173.472,161.729,0.3153
pure,4,2,0.5,4.0,0,0,4096,16384,10240,181.634,216.609,188.544,0.1976
pure,4,2,0.5,4.0,0,0,8192,32768,20480,232.625,296.993,242.783,0.1578
mixed,4,2,0.5,4.0,16,0,128,512,320,129.262,132.544,132.785,1.0733
mixed,4,2,0.5,4.0,16,0,256,1024,640,133.791,143.954,141.843,0.7923
mixed,4,2,0.5,4.0,16,0,512,2048,1280,148.352,162.288,162.593,1.0218
mixed,4,2,0.5,4.0,16,0,1024,4096,2560,172.208,202.143,201.344,0.9733
mixed,4,2,0.5,4.0,16,0,2048,8192,5120,221.408,281.265,281.186,0.9987
mixed,4,2,0.5,4.0,16,0,4096,16384,10240,317.825,432.8,432.675,0.9989
mixed,4,2,0.5,4.0,16,0,8192,32768,20480,509.924,742.37,738.258,0.9823
mixed,4,2,0.5,4.0,16,512,128,512,320,162.721,164.497,159.823,-1.6303
mixed,4,2,0.5,4.0,16,512,256,1024,640,161.663,160.449,159.953,
mixed,4,2,0.5,4.0,16,512,512,2048,1280,165.344,177.106,180.451,1.2844
mixed,4,2,0.5,4.0,16,512,1024,4096,2560,185.698,214.72,214.72,1.0
mixed,4,2,0.5,4.0,16,512,2048,8192,5120,235.058,280.32,292.625,1.2719
mixed,4,2,0.5,4.0,16,512,4096,16384,10240,318.13,434.562,434.707,1.0012
mixed,4,2,0.5,4.0,16,512,8192,32768,20480,513.009,743.442,743.378,0.9997
mixed,4,2,0.5,4.0,16,2048,128,512,320,202.08,216.688,188.16,-0.953
mixed,4,2,0.5,4.0,16,2048,256,1024,640,217.489,234.336,232.257,0.8765
mixed,4,2,0.5,4.0,16,2048,512,2048,1280,201.762,204.511,200.849,-0.3316
mixed,4,2,0.5,4.0,16,2048,1024,4096,2560,202.305,218.817,219.328,1.031
mixed,4,2,0.5,4.0,16,2048,2048,8192,5120,236.418,292.977,294.865,1.0334
mixed,4,2,0.5,4.0,16,2048,4096,16384,10240,330.032,446.832,446.784,0.9996
mixed,4,2,0.5,4.0,16,2048,8192,32768,20480,522.787,742.02,754.115,1.0552
mixed,4,2,0.5,4.0,16,8192,128,512,320,305.938,304.979,305.552,
mixed,4,2,0.5,4.0,16,8192,256,1024,640,305.744,302.305,305.552,
mixed,4,2,0.5,4.0,16,8192,512,2048,1280,342.4,450.978,334.256,-0.075
mixed,4,2,0.5,4.0,16,8192,1024,4096,2560,409.761,469.52,467.761,0.9706
mixed,4,2,0.5,4.0,16,8192,2048,8192,5120,442.08,355.872,469.986,
mixed,4,2,0.5,4.0,16,8192,4096,16384,10240,351.088,455.904,455.633,0.9974
mixed,4,2,0.5,4.0,16,8192,8192,32768,20480,533.183,755.33,762.481,1.0322
mixed,4,2,0.5,4.0,16,16384,128,512,320,462.224,462.721,462.864,1.2893
mixed,4,2,0.5,4.0,16,16384,256,1024,640,462.368,463.65,461.729,-0.4979
mixed,4,2,0.5,4.0,16,16384,512,2048,1280,462.783,463.697,463.521,0.8079
mixed,4,2,0.5,4.0,16,16384,1024,4096,2560,541.696,760.496,531.745,-0.0455
mixed,4,2,0.5,4.0,16,16384,2048,8192,5120,661.841,778.61,779.618,1.0086
mixed,4,2,0.5,4.0,16,16384,4096,16384,10240,726.835,562.864,779.873,
mixed,4,2,0.5,4.0,16,16384,8192,32768,20480,563.633,765.778,762.16,0.9821
mixed,4,2,0.5,4.0,64,0,128,512,320,126.272,140.703,140.72,1.0012
mixed,4,2,0.5,4.0,64,0,256,1024,640,150.448,178.88,178.367,0.9819
mixed,4,2,0.5,4.0,64,0,512,2048,1280,197.76,255.409,254.914,0.9914
mixed,4,2,0.5,4.0,64,0,1024,4096,2560,293.441,409.138,407.361,0.9846
mixed,4,2,0.5,4.0,64,0,2048,8192,5120,485.954,714.787,713.76,0.9955
mixed,4,2,0.5,4.0,64,0,4096,16384,10240,867.059,1323.746,1323.379,0.9992
mixed,4,2,0.5,4.0,64,0,8192,32768,20480,1627.83,2541.288,2540.92,0.9996
mixed,4,2,0.5,4.0,64,512,128,512,320,170.99,202.721,173.92,0.0923
mixed,4,2,0.5,4.0,64,512,256,1024,640,211.57,240.626,184.192,-0.9422
mixed,4,2,0.5,4.0,64,512,512,2048,1280,259.679,316.498,257.231,-0.0431
mixed,4,2,0.5,4.0,64,512,1024,4096,2560,355.008,470.533,409.664,0.4731
mixed,4,2,0.5,4.0,64,512,2048,8192,5120,546.626,776.995,715.953,0.735
mixed,4,2,0.5,4.0,64,512,4096,16384,10240,928.323,1385.859,1327.078,0.8715
mixed,4,2,0.5,4.0,64,512,8192,32768,20480,1688.435,2599.495,2553.861,0.9499
mixed,4,2,0.5,4.0,64,2048,128,512,320,262.065,261.841,260.928,
mixed,4,2,0.5,4.0,64,2048,256,1024,640,263.041,280.163,261.472,-0.0916
mixed,4,2,0.5,4.0,64,2048,512,2048,1280,318.546,435.168,318.561,0.0001
mixed,4,2,0.5,4.0,64,2048,1024,4096,2560,473.28,589.571,416.433,-0.4888
mixed,4,2,0.5,4.0,64,2048,2048,8192,5120,665.361,895.426,722.289,0.2474
mixed,4,2,0.5,4.0,64,2048,4096,16384,10240,1046.691,1506.372,1336.453,0.6304
mixed,4,2,0.5,4.0,64,2048,8192,32768,20480,1808.567,2722.918,2564.805,0.8271
mixed,4,2,0.5,4.0,64,8192,128,512,320,729.698,729.138,727.202,
mixed,4,2,0.5,4.0,64,8192,256,1024,640,727.281,726.643,726.32,
mixed,4,2,0.5,4.0,64,8192,512,2048,1280,727.268,728.435,727.088,-0.1533
mixed,4,2,0.5,4.0,64,8192,1024,4096,2560,727.987,745.377,728.61,0.0359
mixed,4,2,0.5,4.0,64,8192,2048,8192,5120,904.178,1354.819,898.419,-0.0128
mixed,4,2,0.5,4.0,64,8192,4096,16384,10240,1509.284,1963.237,1333.763,-0.3867
mixed,4,2,0.5,4.0,64,8192,8192,32768,20480,2268.278,3183.481,2561.719,0.3206
mixed,4,2,0.5,4.0,64,16384,128,512,320,1324.834,1326.69,1323.939,-0.4822
mixed,4,2,0.5,4.0,64,16384,256,1024,640,1325.38,1332.019,1325.044,-0.0505
mixed,4,2,0.5,4.0,64,16384,512,2048,1280,1324.307,1325.65,1324.066,-0.1794
mixed,4,2,0.5,4.0,64,16384,1024,4096,2560,1325.878,1325.412,1324.899,
mixed,4,2,0.5,4.0,64,16384,2048,8192,5120,1325.107,1355.907,1324.291,-0.0265
mixed,4,2,0.5,4.0,64,16384,4096,16384,10240,1660.996,2562.023,1647.602,-0.0149
mixed,4,2,0.5,4.0,64,16384,8192,32768,20480,2873.43,3777.497,2554.885,-0.3523
mixed,4,2,0.5,4.0,256,0,128,512,320,275.745,276.498,274.688,-1.4047
mixed,4,2,0.5,4.0,256,0,256,1024,640,277.68,296.049,278.849,0.0636
mixed,4,2,0.5,4.0,256,0,512,2048,1280,295.57,323.376,324.015,1.023
mixed,4,2,0.5,4.0,256,0,1024,4096,2560,364.418,477.553,475.809,0.9846
mixed,4,2,0.5,4.0,256,0,2048,8192,5120,557.169,786.034,782.418,0.9842
mixed,4,2,0.5,4.0,256,0,4096,16384,10240,937.699,1390.916,1395.889,1.011
mixed,4,2,0.5,4.0,256,0,8192,32768,20480,1699.682,2621.415,2609.447,0.987
mixed,4,2,0.5,4.0,256,512,128,512,320,431.344,430.544,432.559,
mixed,4,2,0.5,4.0,256,512,256,1024,640,439.939,470.208,470.034,0.9942
mixed,4,2,0.5,4.0,256,512,512,2048,1280,491.106,548.834,548.178,0.9886
mixed,4,2,0.5,4.0,256,512,1024,4096,2560,586.978,702.88,702.4,0.9959
mixed,4,2,0.5,4.0,256,512,2048,8192,5120,778.962,1007.424,1004.692,0.988
mixed,4,2,0.5,4.0,256,512,4096,16384,10240,1157.442,1613.94,1617.893,1.0087
mixed,4,2,0.5,4.0,256,512,8192,32768,20480,1916.086,2833.672,2827.944,0.9938
mixed,4,2,0.5,4.0,256,2048,128,512,320,894.561,894.594,896.562,60.6212
mixed,4,2,0.5,4.0,256,2048,256,1024,640,894.659,896.017,893.491,-0.859
mixed,4,2,0.5,4.0,256,2048,512,2048,1280,896.356,897.81,894.739,-1.1118
mixed,4,2,0.5,4.0,256,2048,1024,4096,2560,937.328,1049.379,1051.01,1.0146
mixed,4,2,0.5,4.0,256,2048,2048,8192,5120,1126.769,1357.491,1353.571,0.983
mixed,4,2,0.5,4.0,256,2048,4096,16384,10240,1510.13,1966.645,1965.732,0.998
mixed,4,2,0.5,4.0,256,2048,8192,32768,20480,2269.045,3175.032,3184.503,1.0105
mixed,4,2,0.5,4.0,256,8192,128,512,320,2697.831,2713.063,2704.28,0.4234
mixed,4,2,0.5,4.0,256,8192,256,1024,640,2708.5,2704.007,2702.195,
mixed,4,2,0.5,4.0,256,8192,512,2048,1280,2702.089,2710.488,2703.991,0.2265
mixed,4,2,0.5,4.0,256,8192,1024,4096,2560,2700.196,2702.408,2702.008,0.8194
mixed,4,2,0.5,4.0,256,8192,2048,8192,5120,2702.534,2707.875,2705.097,0.4799
mixed,4,2,0.5,4.0,256,8192,4096,16384,10240,2861.013,3314.874,3313.833,0.9977
mixed,4,2,0.5,4.0,256,8192,8192,32768,20480,3620.489,4535.736,4534.511,0.9987
mixed,4,2,0.5,4.0,256,16384,128,512,320,5111.647,5110.203,5113.279,
mixed,4,2,0.5,4.0,256,16384,256,1024,640,5107.695,5110.622,5106.254,-0.492
mixed,4,2,0.5,4.0,256,16384,512,2048,1280,5114.38,5124.698,5107.939,-0.6242
mixed,4,2,0.5,4.0,256,16384,1024,4096,2560,5112.75,5114.415,5111.547,-0.723
mixed,4,2,0.5,4.0,256,16384,2048,8192,5120,5107.289,5111.738,5115.457,1.8361
mixed,4,2,0.5,4.0,256,16384,4096,16384,10240,5112.508,5122.812,5128.896,1.5903
mixed,4,2,0.5,4.0,256,16384,8192,32768,20480,5432.656,6348.799,6343.489,0.9942
mixed,4,2,0.5,4.0,1024,0,128,512,320,661.76,666.593,663.381,0.3356
mixed,4,2,0.5,4.0,1024,0,256,1024,640,672.495,667.986,663.681,
mixed,4,2,0.5,4.0,1024,0,512,2048,1280,673.921,685.218,680.321,0.5665
mixed,4,2,0.5,4.0,1024,0,1024,4096,2560,691.457,700.979,698.466,0.7362
mixed,4,2,0.5,4.0,1024,0,2048,8192,5120,706.721,724.212,713.25,0.3733
mixed,4,2,0.5,4.0,1024,0,4096,16384,10240,734.018,769.296,741.345,0.2077
mixed,4,2,0.5,4.0,1024,0,8192,32768,20480,790.318,850.978,793.764,0.0568
mixed,4,2,0.5,4.0,1024,512,128,512,320,1060.866,1072.88,1067.077,0.517
mixed,4,2,0.5,4.0,1024,512,256,1024,640,1076.514,1077.463,1079.54,3.1892
mixed,4,2,0.5,4.0,1024,512,512,2048,1280,1082.409,1089.088,1089.73,1.0961
mixed,4,2,0.5,4.0,1024,512,1024,4096,2560,1098.933,1108.116,1106.259,0.7978
mixed,4,2,0.5,4.0,1024,512,2048,8192,5120,1114.898,1126.211,1118.912,0.3549
mixed,4,2,0.5,4.0,1024,512,4096,16384,10240,1141.298,1173.587,1148.162,0.2126
mixed,4,2,0.5,4.0,1024,512,8192,32768,20480,1194.163,1259.745,1197.414,0.0496
mixed,4,2,0.5,4.0,1024,2048,128,512,320,1762.021,1770.869,1764.054,0.2297
mixed,4,2,0.5,4.0,1024,2048,256,1024,640,1781.142,1772.182,1781.925,
mixed,4,2,0.5,4.0,1024,2048,512,2048,1280,1785.764,1787.477,1789.876,2.4012
mixed,4,2,0.5,4.0,1024,2048,1024,4096,2560,1793.556,1804.258,1809.494,1.4892
mixed,4,2,0.5,4.0,1024,2048,2048,8192,5120,1813.813,1826.472,1814.36,0.0432
mixed,4,2,0.5,4.0,1024,2048,4096,16384,10240,1839.892,1874.359,1846.597,0.1945
mixed,4,2,0.5,4.0,1024,2048,8192,32768,20480,1895.653,1956.374,1895.289,-0.006
mixed,4,2,0.5,4.0,1024,8192,128,512,320,4563.147,4556.169,4549.148,
mixed,4,2,0.5,4.0,1024,8192,256,1024,640,4574.011,4569.28,4565.033,
mixed,4,2,0.5,4.0,1024,8192,512,2048,1280,4573.293,4571.309,4577.34,
mixed,4,2,0.5,4.0,1024,8192,1024,4096,2560,4576.992,4600.365,4597.66,0.8842
mixed,4,2,0.5,4.0,1024,8192,2048,8192,5120,4613.759,4603.868,4602.944,
mixed,4,2,0.5,4.0,1024,8192,4096,16384,10240,4620.318,4668.636,4632.573,0.2536
mixed,4,2,0.5,4.0,1024,8192,8192,32768,20480,4693.853,4739.051,4689.596,-0.0942
mixed,4,2,0.5,4.0,1024,16384,128,512,320,8234.98,8251.912,8258.517,1.3901
mixed,4,2,0.5,4.0,1024,16384,256,1024,640,8246.725,8253.509,8271.013,3.5804
mixed,4,2,0.5,4.0,1024,16384,512,2048,1280,8247.434,8277.514,8256.371,0.2971
mixed,4,2,0.5,4.0,1024,16384,1024,4096,2560,8274.411,8280.584,8274.437,0.0042
mixed,4,2,0.5,4.0,1024,16384,2048,8192,5120,8286.441,8295.228,8286.335,-0.012
mixed,4,2,0.5,4.0,1024,16384,4096,16384,10240,8310.89,8345.462,8305.237,-0.1635
mixed,4,2,0.5,4.0,1024,16384,8192,32768,20480,8367.402,8429.638,8367.157,-0.0039
mixed,4,2,0.5,4.0,4096,0,128,512,320,3697.593,3697.673,3695.496,-26.3836
mixed,4,2,0.5,4.0,4096,0,256,1024,640,3700.267,3702.694,3708.796,3.5139
mixed,4,2,0.5,4.0,4096,0,512,2048,1280,3709.052,3719.893,3709.242,0.0175
mixed,4,2,0.5,4.0,4096,0,1024,4096,2560,3723.545,3738.633,3735.436,0.7881
mixed,4,2,0.5,4.0,4096,0,2048,8192,5120,3745.422,3759.067,3748.618,0.2342
mixed,4,2,0.5,4.0,4096,0,4096,16384,10240,3765.196,3797.53,3772.558,0.2277
mixed,4,2,0.5,4.0,4096,0,8192,32768,20480,3819.755,3888.446,3822.359,0.0379
mixed,4,2,0.5,4.0,4096,512,128,512,320,4822.586,4826.445,4825.214,0.6809
mixed,4,2,0.5,4.0,4096,512,256,1024,640,4840.671,4834.222,4832.364,
mixed,4,2,0.5,4.0,4096,512,512,2048,1280,4839.229,4837.293,4844.063,
mixed,4,2,0.5,4.0,4096,512,1024,4096,2560,4852.238,4861.275,4855.952,0.4109
mixed,4,2,0.5,4.0,4096,512,2048,8192,5120,4860.139,4882.479,4874.333,0.6354
mixed,4,2,0.5,4.0,4096,512,4096,16384,10240,4894.0,4941.405,4891.167,-0.0598
mixed,4,2,0.5,4.0,4096,512,8192,32768,20480,4948.973,5006.841,4956.943,0.1377
mixed,4,2,0.5,4.0,4096,2048,128,512,320,6777.203,6797.238,6775.396,-0.0902
mixed,4,2,0.5,4.0,4096,2048,256,1024,640,6784.283,6785.757,6795.134,7.3591
mixed,4,2,0.5,4.0,4096,2048,512,2048,1280,6786.506,6803.479,6801.272,0.8699
mixed,4,2,0.5,4.0,4096,2048,1024,4096,2560,6819.851,6818.041,6817.243,
mixed,4,2,0.5,4.0,4096,2048,2048,8192,5120,6829.897,6837.725,6827.257,-0.3372
mixed,4,2,0.5,4.0,4096,2048,4096,16384,10240,6853.302,6880.919,6861.001,0.2788
mixed,4,2,0.5,4.0,4096,2048,8192,32768,20480,6897.16,6986.136,6912.672,0.1743
mixed,4,2,0.5,4.0,4096,8192,128,512,320,14806.098,14655.785,14659.175,
mixed,4,2,0.5,4.0,4096,8192,256,1024,640,14771.518,14653.974,14871.88,
mixed,4,2,0.5,4.0,4096,8192,512,2048,1280,14672.551,14685.221,14663.506,-0.7139
mixed,4,2,0.5,4.0,4096,8192,1024,4096,2560,14683.755,14739.49,14759.27,1.3549
mixed,4,2,0.5,4.0,4096,8192,2048,8192,5120,14698.025,14880.296,14715.562,0.0962
mixed,4,2,0.5,4.0,4096,8192,4096,16384,10240,14734.97,14747.766,14717.801,-1.3418
mixed,4,2,0.5,4.0,4096,8192,8192,32768,20480,14884.361,14926.5,14779.081,-2.4984
mixed,4,2,0.5,4.0,4096,16384,128,512,320,26286.423,26214.563,26905.699,
mixed,4,2,0.5,4.0,4096,16384,256,1024,640,25676.658,25615.925,25793.082,
mixed,4,2,0.5,4.0,4096,16384,512,2048,1280,25888.918,25481.283,25664.482,
mixed,4,2,0.5,4.0,4096,16384,1024,4096,2560,26377.715,25410.384,26501.397,
mixed,4,2,0.5,4.0,4096,16384,2048,8192,5120,25784.386,25896.437,25957.625,1.5461
mixed,4,2,0.5,4.0,4096,16384,4096,16384,10240,25286.742,25734.771,26636.859,3.0135
mixed,4,2,0.5,4.0,4096,16384,8192,32768,20480,25568.869,25711.395,25823.162,1.7842
pure,4,3,0.75,4.0,0,0,128,512,416,110.417,110.24,109.585,
pure,4,3,0.75,4.0,0,0,256,1024,832,114.786,120.194,117.104,0.4286
pure,4,3,0.75,4.0,0,0,512,2048,1664,138.112,132.418,138.544,
pure,4,3,0.75,4.0,0,0,1024,4096,3328,146.736,149.008,146.912,0.0777
pure,4,3,0.75,4.0,0,0,2048,8192,6656,166.095,173.729,166.017,-0.0102
pure,4,3,0.75,4.0,0,0,4096,16384,13312,196.913,214.993,200.24,0.1841
pure,4,3,0.75,4.0,0,0,8192,32768,26624,265.986,298.623,264.015,-0.0604
mixed,4,3,0.75,4.0,16,0,128,512,416,127.585,133.759,130.769,0.5158
mixed,4,3,0.75,4.0,16,0,256,1024,832,137.777,143.794,142.256,0.7444
mixed,4,3,0.75,4.0,16,0,512,2048,1664,151.967,162.657,162.514,0.9866
mixed,4,3,0.75,4.0,16,0,1024,4096,3328,187.361,202.737,201.601,0.9262
mixed,4,3,0.75,4.0,16,0,2048,8192,6656,250.947,280.05,280.081,1.001
mixed,4,3,0.75,4.0,16,0,4096,16384,13312,375.281,432.788,433.81,1.0178
mixed,4,3,0.75,4.0,16,0,8192,32768,26624,626.148,739.875,741.22,1.0118
mixed,4,3,0.75,4.0,16,512,128,512,416,161.362,165.441,163.57,0.5413
mixed,4,3,0.75,4.0,16,512,256,1024,832,160.784,160.865,160.37,-5.1875
mixed,4,3,0.75,4.0,16,512,512,2048,1664,168.387,176.288,176.064,0.9716
mixed,4,3,0.75,4.0,16,512,1024,4096,3328,201.312,215.665,215.298,0.9745
mixed,4,3,0.75,4.0,16,512,2048,8192,6656,251.857,280.611,279.553,0.9632
mixed,4,3,0.75,4.0,16,512,4096,16384,13312,377.152,433.282,434.754,1.0262
mixed,4,3,0.75,4.0,16,512,8192,32768,26624,627.827,742.82,740.629,0.9809
mixed,4,3,0.75,4.0,16,2048,128,512,416,206.592,217.747,216.641,0.9009
mixed,4,3,0.75,4.0,16,2048,256,1024,832,223.457,232.96,232.896,0.9932
mixed,4,3,0.75,4.0,16,2048,512,2048,1664,196.787,204.69,201.888,0.6456
mixed,4,3,0.75,4.0,16,2048,1024,4096,3328,203.57,218.224,218.432,1.0143
mixed,4,3,0.75,4.0,16,2048,2048,8192,6656,268.849,292.658,296.462,1.1598
mixed,4,3,0.75,4.0,16,2048,4096,16384,13312,388.751,447.075,447.587,1.0088
mixed,4,3,0.75,4.0,16,2048,8192,32768,26624,625.859,742.995,745.619,1.0224
mixed,4,3,0.75,4.0,16,8192,128,512,416,304.897,304.513,304.978,
mixed,4,3,0.75,4.0,16,8192,256,1024,832,305.824,302.115,302.225,
mixed,4,3,0.75,4.0,16,8192,512,2048,1664,400.8,450.77,449.971,0.984
mixed,4,3,0.75,4.0,16,8192,1024,4096,3328,438.258,468.913,469.106,1.0063
mixed,4,3,0.75,4.0,16,8192,2048,8192,6656,480.738,357.281,470.401,
mixed,4,3,0.75,4.0,16,8192,4096,16384,13312,397.473,457.011,455.714,0.9782
mixed,4,3,0.75,4.0,16,8192,8192,32768,26624,650.052,760.035,762.642,1.0237
mixed,4,3,0.75,4.0,16,16384,128,512,416,462.163,462.481,462.61,1.4057
mixed,4,3,0.75,4.0,16,16384,256,1024,832,462.45,462.211,463.762,
mixed,4,3,0.75,4.0,16,16384,512,2048,1664,462.466,462.385,462.978,
mixed,4,3,0.75,4.0,16,16384,1024,4096,3328,660.129,763.635,761.379,0.9782
mixed,4,3,0.75,4.0,16,16384,2048,8192,6656,720.115,781.969,782.625,1.0106
mixed,4,3,0.75,4.0,16,16384,4096,16384,13312,807.873,562.977,783.411,
mixed,4,3,0.75,4.0,16,16384,8192,32768,26624,650.723,766.178,763.41,0.976
mixed,4,3,0.75,4.0,64,0,128,512,416,132.096,140.656,140.719,1.0073
mixed,4,3,0.75,4.0,64,0,256,1024,832,164.547,178.961,178.623,0.9766
mixed,4,3,0.75,4.0,64,0,512,2048,1664,226.912,256.161,254.704,0.9502
mixed,4,3,0.75,4.0,64,0,1024,4096,3328,352.257,409.267,408.482,0.9862
mixed,4,3,0.75,4.0,64,0,2048,8192,6656,598.481,714.418,715.041,1.0054
mixed,4,3,0.75,4.0,64,0,4096,16384,13312,1095.634,1324.084,1325.521,1.0063
mixed,4,3,0.75,4.0,64,0,8192,32768,26624,2085.303,2540.117,2539.702,0.9991
mixed,4,3,0.75,4.0,64,512,128,512,416,182.544,201.632,200.928,0.9631
mixed,4,3,0.75,4.0,64,512,256,1024,832,226.144,240.081,239.536,0.961
mixed,4,3,0.75,4.0,64,512,512,2048,1664,288.512,316.0,315.921,0.9971
mixed,4,3,0.75,4.0,64,512,1024,4096,3328,412.258,469.775,468.867,0.9842
mixed,4,3,0.75,4.0,64,512,2048,8192,6656,662.401,777.394,774.625,0.9759
mixed,4,3,0.75,4.0,64,512,4096,16384,13312,1157.027,1384.324,1382.021,0.9899
mixed,4,3,0.75,4.0,64,512,8192,32768,26624,2142.135,2598.677,2601.063,1.0052
mixed,4,3,0.75,4.0,64,2048,128,512,416,262.099,261.923,261.312,
mixed,4,3,0.75,4.0,64,2048,256,1024,832,261.377,279.281,277.377,0.8937
mixed,4,3,0.75,4.0,64,2048,512,2048,1664,377.073,435.857,434.769,0.9815
mixed,4,3,0.75,4.0,64,2048,1024,4096,3328,531.298,588.592,589.105,1.0089
mixed,4,3,0.75,4.0,64,2048,2048,8192,6656,779.62,894.913,894.37,0.9953
mixed,4,3,0.75,4.0,64,2048,4096,16384,13312,1276.754,1503.747,1502.642,0.9951
mixed,4,3,0.75,4.0,64,2048,8192,32768,26624,2264.901,2717.925,2718.167,1.0005
mixed,4,3,0.75,4.0,64,8192,128,512,416,726.259,726.676,726.159,-0.2398
mixed,4,3,0.75,4.0,64,8192,256,1024,832,728.802,727.361,729.266,
mixed,4,3,0.75,4.0,64,8192,512,2048,1664,728.051,728.034,727.921,
mixed,4,3,0.75,4.0,64,8192,1024,4096,3328,729.28,752.355,750.976,0.9402
mixed,4,3,0.75,4.0,64,8192,2048,8192,6656,1131.971,1354.355,1352.9,0.9935
mixed,4,3,0.75,4.0,64,8192,4096,16384,13312,1735.571,1964.725,1965.06,1.0015
mixed,4,3,0.75,4.0,64,8192,8192,32768,26624,2723.75,3182.039,3179.704,0.9949
mixed,4,3,0.75,4.0,64,16384,128,512,416,1327.169,1326.02,1326.084,
mixed,4,3,0.75,4.0,64,16384,256,1024,832,1325.14,1325.523,1325.251,0.2893
mixed,4,3,0.75,4.0,64,16384,512,2048,1664,1324.499,1323.957,1323.459,
mixed,4,3,0.75,4.0,64,16384,1024,4096,3328,1325.427,1325.588,1324.897,-3.2716
mixed,4,3,0.75,4.0,64,16384,2048,8192,6656,1327.554,1356.227,1353.634,0.9096
mixed,4,3,0.75,4.0,64,16384,4096,16384,13312,2123.861,2561.352,2562.774,1.0032
mixed,4,3,0.75,4.0,64,16384,8192,32768,26624,3323.818,3780.299,3778.651,0.9964
mixed,4,3,0.75,4.0,256,0,128,512,416,277.746,276.451,277.456,
mixed,4,3,0.75,4.0,256,0,256,1024,832,276.369,295.072,295.791,1.0385
mixed,4,3,0.75,4.0,256,0,512,2048,1664,296.851,325.423,322.801,0.9082
mixed,4,3,0.75,4.0,256,0,1024,4096,3328,421.091,479.682,476.21,0.9407
mixed,4,3,0.75,4.0,256,0,2048,8192,6656,670.499,784.195,787.65,1.0304
mixed,4,3,0.75,4.0,256,0,4096,16384,13312,1166.563,1394.435,1393.588,0.9963
mixed,4,3,0.75,4.0,256,0,8192,32768,26624,2151.401,2607.401,2613.511,1.0134
mixed,4,3,0.75,4.0,256,512,128,512,416,431.762,432.4,430.912,-1.3305
mixed,4,3,0.75,4.0,256,512,256,1024,832,458.129,470.13,470.033,0.9919
mixed,4,3,0.75,4.0,256,512,512,2048,1664,521.615,549.377,548.658,0.9741
mixed,4,3,0.75,4.0,256,512,1024,4096,3328,647.264,701.971,701.842,0.9977
mixed,4,3,0.75,4.0,256,512,2048,8192,6656,897.298,1009.428,1009.222,0.9982
mixed,4,3,0.75,4.0,256,512,4096,16384,13312,1387.012,1617.845,1612.547,0.977
mixed,4,3,0.75,4.0,256,512,8192,32768,26624,2376.726,2834.181,2833.737,0.999
mixed,4,3,0.75,4.0,256,2048,128,512,416,894.836,896.274,893.284,-1.0789
mixed,4,3,0.75,4.0,256,2048,256,1024,832,896.994,896.164,894.562,
mixed,4,3,0.75,4.0,256,2048,512,2048,1664,896.689,896.162,896.995,
mixed,4,3,0.75,4.0,256,2048,1024,4096,3328,991.17,1049.378,1049.938,1.0096
mixed,4,3,0.75,4.0,256,2048,2048,8192,6656,1242.739,1362.47,1356.42,0.9495
mixed,4,3,0.75,4.0,256,2048,4096,16384,13312,1739.252,1964.596,1969.524,1.0219
mixed,4,3,0.75,4.0,256,2048,8192,32768,26624,2723.863,3181.164,3179.803,0.997
mixed,4,3,0.75,4.0,256,8192,128,512,416,2700.825,2706.328,2703.064,0.4069
mixed,4,3,0.75,4.0,256,8192,256,1024,832,2706.009,2711.608,2704.55,-0.2606
mixed,4,3,0.75,4.0,256,8192,512,2048,1664,2703.543,2704.358,2700.66,-3.5368
mixed,4,3,0.75,4.0,256,8192,1024,4096,3328,2698.084,2699.369,2698.439,0.276
mixed,4,3,0.75,4.0,256,8192,2048,8192,6656,2700.886,2707.402,2709.495,1.3212
mixed,4,3,0.75,4.0,256,8192,4096,16384,13312,3104.121,3314.972,3312.599,0.9887
mixed,4,3,0.75,4.0,256,8192,8192,32768,26624,4076.414,4533.995,4528.713,0.9885
mixed,4,3,0.75,4.0,256,16384,128,512,416,5111.486,5110.991,5113.278,
mixed,4,3,0.75,4.0,256,16384,256,1024,832,5111.551,5113.899,5107.932,-1.5408
mixed,4,3,0.75,4.0,256,16384,512,2048,1664,5131.089,5108.188,5110.794,
mixed,4,3,0.75,4.0,256,16384,1024,4096,3328,5117.663,5112.754,5116.702,
mixed,4,3,0.75,4.0,256,16384,2048,8192,6656,5118.651,5107.595,5112.0,
mixed,4,3,0.75,4.0,256,16384,4096,16384,13312,5113.021,5117.977,5122.271,1.8664
mixed,4,3,0.75,4.0,256,16384,8192,32768,26624,5893.635,6356.846,6352.85,0.9914
mixed,4,3,0.75,4.0,1024,0,128,512,416,660.995,667.971,662.834,0.2637
mixed,4,3,0.75,4.0,1024,0,256,1024,832,681.597,672.559,666.657,
mixed,4,3,0.75,4.0,1024,0,512,2048,1664,688.004,684.722,689.217,
mixed,4,3,0.75,4.0,1024,0,1024,4096,3328,695.824,700.37,700.034,0.926
mixed,4,3,0.75,4.0,1024,0,2048,8192,6656,715.121,724.191,718.338,0.3547
mixed,4,3,0.75,4.0,1024,0,4096,16384,13312,750.654,768.24,752.084,0.0813
mixed,4,3,0.75,4.0,1024,0,8192,32768,26624,820.036,849.808,818.082,-0.0656
mixed,4,3,0.75,4.0,1024,512,128,512,416,1068.848,1072.887,1069.014,0.0411
mixed,4,3,0.75,4.0,1024,512,256,1024,832,1088.352,1076.961,1087.042,
mixed,4,3,0.75,4.0,1024,512,512,2048,1664,1088.884,1091.315,1095.043,2.5331
mixed,4,3,0.75,4.0,1024,512,1024,4096,3328,1102.566,1104.358,1105.284,1.5172
mixed,4,3,0.75,4.0,1024,512,2048,8192,6656,1123.457,1131.969,1127.14,0.4327
mixed,4,3,0.75,4.0,1024,512,4096,16384,13312,1158.58,1174.389,1158.162,-0.0264
mixed,4,3,0.75,4.0,1024,512,8192,32768,26624,1220.739,1258.147,1220.05,-0.0184
mixed,4,3,0.75,4.0,1024,2048,128,512,416,1764.564,1778.547,1769.157,0.3284
mixed,4,3,0.75,4.0,1024,2048,256,1024,832,1793.914,1774.468,1789.508,
mixed,4,3,0.75,4.0,1024,2048,512,2048,1664,1791.383,1791.654,1795.72,16.0055
mixed,4,3,0.75,4.0,1024,2048,1024,4096,3328,1801.955,1802.919,1803.59,1.6952
mixed,4,3,0.75,4.0,1024,2048,2048,8192,6656,1821.655,1828.07,1824.168,0.3917
mixed,4,3,0.75,4.0,1024,2048,4096,16384,13312,1861.126,1876.709,1858.054,-0.1971
mixed,4,3,0.75,4.0,1024,2048,8192,32768,26624,1923.62,1960.693,1920.117,-0.0945
mixed,4,3,0.75,4.0,1024,8192,128,512,416,4555.036,4557.881,4555.978,0.331
mixed,4,3,0.75,4.0,1024,8192,256,1024,832,4574.689,4573.023,4570.411,
mixed,4,3,0.75,4.0,1024,8192,512,2048,1664,4583.643,4580.108,4572.924,
mixed,4,3,0.75,4.0,1024,8192,1024,4096,3328,4588.733,4584.873,4594.077,
mixed,4,3,0.75,4.0,1024,8192,2048,8192,6656,4619.501,4614.925,4618.23,
mixed,4,3,0.75,4.0,1024,8192,4096,16384,13312,4639.581,4662.268,4641.769,0.0964
mixed,4,3,0.75,4.0,1024,8192,8192,32768,26624,4718.152,4748.73,4703.951,-0.4644
mixed,4,3,0.75,4.0,1024,16384,128,512,416,8237.352,8267.844,8247.568,0.335
mixed,4,3,0.75,4.0,1024,16384,256,1024,832,8264.691,8284.556,8274.382,0.4878
mixed,4,3,0.75,4.0,1024,16384,512,2048,1664,8276.392,8265.927,8284.916,
mixed,4,3,0.75,4.0,1024,16384,1024,4096,3328,8278.995,8276.792,8281.673,
mixed,4,3,0.75,4.0,1024,16384,2048,8192,6656,8287.444,8306.764,8287.635,0.0099
mixed,4,3,0.75,4.0,1024,16384,4096,16384,13312,8329.534,8337.012,8330.609,0.1438
mixed,4,3,0.75,4.0,1024,16384,8192,32768,26624,8424.423,8416.331,8394.07,
mixed,4,3,0.75,4.0,4096,0,128,512,416,3694.443,3698.46,3697.815,0.8396
mixed,4,3,0.75,4.0,4096,0,256,1024,832,3721.128,3714.941,3715.225,
mixed,4,3,0.75,4.0,4096,0,512,2048,1664,3726.396,3719.803,3722.139,
mixed,4,3,0.75,4.0,4096,0,1024,4096,3328,3730.257,3738.519,3733.676,0.4138
mixed,4,3,0.75,4.0,4096,0,2048,8192,6656,3749.1,3763.144,3749.323,0.0159
mixed,4,3,0.75,4.0,4096,0,4096,16384,13312,3782.697,3804.121,3790.024,0.342
mixed,4,3,0.75,4.0,4096,0,8192,32768,26624,3851.162,3889.69,3847.883,-0.0851
mixed,4,3,0.75,4.0,4096,512,128,512,416,4816.141,4826.781,4826.207,0.9461
mixed,4,3,0.75,4.0,4096,512,256,1024,832,4838.445,4833.167,4846.335,
mixed,4,3,0.75,4.0,4096,512,512,2048,1664,4865.066,4850.206,4868.049,
mixed,4,3,0.75,4.0,4096,512,1024,4096,3328,4858.284,4878.832,4865.659,0.3589
mixed,4,3,0.75,4.0,4096,512,2048,8192,6656,4872.447,4889.026,4873.387,0.0567
mixed,4,3,0.75,4.0,4096,512,4096,16384,13312,4931.068,4927.505,4920.833,
mixed,4,3,0.75,4.0,4096,512,8192,32768,26624,4980.075,5023.485,4979.261,-0.0188
mixed,4,3,0.75,4.0,4096,2048,128,512,416,6784.804,6785.314,6787.892,6.0618
mixed,4,3,0.75,4.0,4096,2048,256,1024,832,6791.365,6788.065,6836.903,
mixed,4,3,0.75,4.0,4096,2048,512,2048,1664,6805.945,6796.742,6803.603,
mixed,4,3,0.75,4.0,4096,2048,1024,4096,3328,6805.269,6820.536,6812.135,0.4497
mixed,4,3,0.75,4.0,4096,2048,2048,8192,6656,6833.377,6838.998,6828.274,-0.9079
mixed,4,3,0.75,4.0,4096,2048,4096,16384,13312,6866.779,6923.126,6866.001,-0.0138
mixed,4,3,0.75,4.0,4096,2048,8192,32768,26624,6927.142,6963.846,6971.318,1.2036
mixed,4,3,0.75,4.0,4096,8192,128,512,416,14662.955,14657.673,14933.724,
mixed,4,3,0.75,4.0,4096,8192,256,1024,832,14706.546,14668.153,14841.307,
mixed,4,3,0.75,4.0,4096,8192,512,2048,1664,14718.651,14681.483,15017.601,
mixed,4,3,0.75,4.0,4096,8192,1024,4096,3328,14948.601,14902.608,14688.366,
mixed,4,3,0.75,4.0,4096,8192,2048,8192,6656,14691.37,14737.606,14851.881,3.4716
mixed,4,3,0.75,4.0,4096,8192,4096,16384,13312,14790.537,14761.706,14919.212,
mixed,4,3,0.75,4.0,4096,8192,8192,32768,26624,14817.034,15036.492,14867.739,0.231
mixed,4,3,0.75,4.0,4096,16384,128,512,416,25479.611,25622.461,25850.221,2.5944
mixed,4,3,0.75,4.0,4096,16384,256,1024,832,25576.27,25677.324,25754.09,1.7597
mixed,4,3,0.75,4.0,4096,16384,512,2048,1664,25291.239,26299.472,25985.664,0.6888
mixed,4,3,0.75,4.0,4096,16384,1024,4096,3328,25817.236,25425.8,25533.229,
mixed,4,3,0.75,4.0,4096,16384,2048,8192,6656,26078.751,25731.213,25940.651,
mixed,4,3,0.75,4.0,4096,16384,4096,16384,13312,25446.032,25429.569,25696.702,
mixed,4,3,0.75,4.0,4096,16384,8192,32768,26624,26496.7,25579.672,25798.543,
pure,8,1,0.125,4.0,0,0,256,1024,352,122.655,130.096,118.736,-0.5267
pure,8,1,0.125,4.0,0,0,1024,4096,1408,134.831,168.048,144.369,0.2872
pure,8,1,0.125,4.0,0,0,4096,16384,5632,182.129,284.144,185.311,0.0312
mixed,8,1,0.125,4.0,16,0,256,1024,352,130.735,148.672,142.706,0.6674
mixed,8,1,0.125,4.0,16,0,1024,4096,1408,153.73,208.463,203.186,0.9036
mixed,8,1,0.125,4.0,16,0,4096,16384,5632,235.807,437.984,436.339,0.9919
mixed,8,1,0.125,4.0,16,512,256,1024,352,168.943,170.529,162.081,-4.328
mixed,8,1,0.125,4.0,16,512,1024,4096,1408,172.208,206.352,219.81,1.3942
mixed,8,1,0.125,4.0,16,512,4096,16384,5632,236.609,438.128,436.53,0.9921
mixed,8,1,0.125,4.0,16,2048,256,1024,352,203.809,199.184,200.595,
mixed,8,1,0.125,4.0,16,2048,1024,4096,1408,204.643,225.632,221.807,0.8177
mixed,8,1,0.125,4.0,16,2048,4096,16384,5632,251.6,440.546,455.14,1.0772
mixed,8,1,0.125,4.0,16,8192,256,1024,352,305.745,374.961,302.417,-0.0481
mixed,8,1,0.125,4.0,16,8192,1024,4096,1408,404.881,354.944,377.697,
mixed,8,1,0.125,4.0,16,8192,4096,16384,5632,359.938,464.065,456.069,0.9232
mixed,8,1,0.125,4.0,16,16384,256,1024,352,462.145,501.76,461.728,-0.0105
mixed,8,1,0.125,4.0,16,16384,1024,4096,1408,562.947,765.811,533.778,-0.1438
mixed,8,1,0.125,4.0,16,16384,4096,16384,5632,686.321,994.098,778.416,0.2992
mixed,8,1,0.125,4.0,64,0,256,1024,352,128.8,182.335,179.825,0.9531
mixed,8,1,0.125,4.0,64,0,1024,4096,1408,211.567,412.45,409.683,0.9862
mixed,8,1,0.125,4.0,64,0,4096,16384,5632,529.552,1330.003,1324.002,0.9925
mixed,8,1,0.125,4.0,64,512,256,1024,352,189.343,241.875,184.481,-0.0925
mixed,8,1,0.125,4.0,64,512,1024,4096,1408,270.849,473.986,410.834,0.6891
mixed,8,1,0.125,4.0,64,512,4096,16384,5632,587.809,1386.197,1323.03,0.9209
mixed,8,1,0.125,4.0,64,2048,256,1024,352,263.889,360.577,282.097,0.1883
mixed,8,1,0.125,4.0,64,2048,1024,4096,1408,389.377,592.611,416.385,0.1329
mixed,8,1,0.125,4.0,64,2048,4096,16384,5632,708.163,1508.228,1334.287,0.7826
mixed,8,1,0.125,4.0,64,8192,256,1024,352,728.737,728.657,727.985,
mixed,8,1,0.125,4.0,64,8192,1024,4096,1408,729.602,1054.257,730.403,0.0025
mixed,8,1,0.125,4.0,64,8192,4096,16384,5632,1168.611,1984.489,1349.203,0.2213
mixed,8,1,0.125,4.0,64,16384,256,1024,352,1333.283,1333.459,1333.667,2.1756
mixed,8,1,0.125,4.0,64,16384,1024,4096,1408,1333.011,1404.485,1332.306,-0.0099
mixed,8,1,0.125,4.0,64,16384,4096,16384,5632,1775.956,2586.295,1662.342,-0.1402
mixed,8,1,0.125,4.0,256,0,256,1024,352,279.587,300.209,298.128,0.8991
mixed,8,1,0.125,4.0,256,0,1024,4096,1408,302.579,488.113,479.538,0.9538
mixed,8,1,0.125,4.0,256,0,4096,16384,5632,602.032,1406.834,1405.893,0.9988
mixed,8,1,0.125,4.0,256,512,256,1024,352,436.222,475.393,473.872,0.9612
mixed,8,1,0.125,4.0,256,512,1024,4096,1408,506.273,708.338,702.53,0.9713
mixed,8,1,0.125,4.0,256,512,4096,16384,5632,825.793,1629.796,1624.118,0.9929
mixed,8,1,0.125,4.0,256,2048,256,1024,352,901.681,901.186,899.683,
mixed,8,1,0.125,4.0,256,2048,1024,4096,1408,901.875,1057.203,1055.025,0.986
mixed,8,1,0.125,4.0,256,2048,4096,16384,5632,1172.179,1982.884,1974.725,0.9899
mixed,8,1,0.125,4.0,256,8192,256,1024,352,2723.894,2723.495,2721.958,
mixed,8,1,0.125,4.0,256,8192,1024,4096,1408,2718.662,2719.945,2720.295,1.2732
mixed,8,1,0.125,4.0,256,8192,4096,16384,5632,2718.695,3350.617,3336.745,0.978
mixed,8,1,0.125,4.0,256,16384,256,1024,352,5149.181,5150.012,5147.632,-1.8629
mixed,8,1,0.125,4.0,256,16384,1024,4096,1408,5149.619,5148.958,5148.864,
mixed,8,1,0.125,4.0,256,16384,4096,16384,5632,5148.621,5160.639,5160.718,1.0066
mixed,8,1,0.125,4.0,1024,0,256,1024,352,674.821,683.603,671.346,-0.3957
mixed,8,1,0.125,4.0,1024,0,1024,4096,1408,690.818,724.45,696.385,0.1655
mixed,8,1,0.125,4.0,1024,0,4096,16384,5632,736.896,841.714,741.52,0.0441
mixed,8,1,0.125,4.0,1024,512,256,1024,352,1081.49,1087.492,1090.308,1.4691
mixed,8,1,0.125,4.0,1024,512,1024,4096,1408,1093.793,1130.611,1104.471,0.29
mixed,8,1,0.125,4.0,1024,512,4096,16384,5632,1142.02,1249.494,1147.427,0.0503
mixed,8,1,0.125,4.0,1024,2048,256,1024,352,1781.33,1788.036,1792.212,1.6227
mixed,8,1,0.125,4.0,1024,2048,1024,4096,1408,1795.796,1833.769,1807.636,0.3118
mixed,8,1,0.125,4.0,1024,2048,4096,16384,5632,1848.947,1951.606,1850.022,0.0105
mixed,8,1,0.125,4.0,1024,8192,256,1024,352,4577.469,4598.449,4584.749,0.347
mixed,8,1,0.125,4.0,1024,8192,1024,4096,1408,4600.282,4626.864,4600.477,0.0073
mixed,8,1,0.125,4.0,1024,8192,4096,16384,5632,4642.076,4741.537,4635.087,-0.0703
mixed,8,1,0.125,4.0,1024,16384,256,1024,352,8274.983,8304.774,8250.307,-0.8283
mixed,8,1,0.125,4.0,1024,16384,1024,4096,1408,8258.137,8295.021,8278.662,0.5565
mixed,8,1,0.125,4.0,1024,16384,4096,16384,5632,8311.11,8407.387,8313.59,0.0258
mixed,8,1,0.125,4.0,4096,0,256,1024,352,3704.685,3710.7,3708.727,0.6721
mixed,8,1,0.125,4.0,4096,0,1024,4096,1408,3725.917,3751.213,3729.914,0.158
mixed,8,1,0.125,4.0,4096,0,4096,16384,5632,3767.198,3873.678,3772.253,0.0475
mixed,8,1,0.125,4.0,4096,512,256,1024,352,4830.861,4837.374,4849.422,2.8499
mixed,8,1,0.125,4.0,4096,512,1024,4096,1408,4845.388,4879.533,4855.216,0.2878
mixed,8,1,0.125,4.0,4096,512,4096,16384,5632,4885.66,5000.528,4895.212,0.0832
mixed,8,1,0.125,4.0,4096,2048,256,1024,352,6787.989,6795.794,6797.892,1.2688
mixed,8,1,0.125,4.0,4096,2048,1024,4096,1408,6805.319,6842.033,6808.293,0.081
mixed,8,1,0.125,4.0,4096,2048,4096,16384,5632,6848.401,6948.676,6852.177,0.0377
mixed,8,1,0.125,4.0,4096,8192,256,1024,352,14704.879,14663.0,14672.112,
mixed,8,1,0.125,4.0,4096,8192,1024,4096,1408,14678.432,14698.964,14665.642,-0.623
mixed,8,1,0.125,4.0,4096,8192,4096,16384,5632,14715.191,14845.127,14741.309,0.201
mixed,8,1,0.125,4.0,4096,16384,256,1024,352,25858.233,25823.8,25356.217,
mixed,8,1,0.125,4.0,4096,16384,1024,4096,1408,25424.842,25586.303,25228.379,-1.2168
mixed,8,1,0.125,4.0,4096,16384,4096,16384,5632,25927.401,26016.293,25693.133,-2.6354
pure,8,2,0.25,4.0,0,0,256,1024,448,121.023,130.385,120.737,-0.0305
pure,8,2,0.25,4.0,0,0,1024,4096,1792,143.568,168.8,149.791,0.2466
pure,8,2,0.25,4.0,0,0,4096,16384,7168,197.569,283.2,199.855,0.0267
mixed,8,2,0.25,4.0,16,0,256,1024,448,134.721,147.903,143.968,0.7015
mixed,8,2,0.25,4.0,16,0,1024,4096,1792,163.024,207.632,204.096,0.9207
mixed,8,2,0.25,4.0,16,0,4096,16384,7168,264.849,439.233,436.193,0.9826
mixed,8,2,0.25,4.0,16,512,256,1024,448,166.689,169.185,185.422,7.5056
mixed,8,2,0.25,4.0,16,512,1024,4096,1792,176.638,205.153,219.217,1.4932
mixed,8,2,0.25,4.0,16,512,4096,16384,7168,265.488,438.1,437.569,0.9969
mixed,8,2,0.25,4.0,16,2048,256,1024,448,212.834,200.24,228.752,
mixed,8,2,0.25,4.0,16,2048,1024,4096,1792,258.975,225.826,241.551,
mixed,8,2,0.25,4.0,16,2048,4096,16384,7168,279.874,441.409,451.953,1.0653
mixed,8,2,0.25,4.0,16,8192,256,1024,448,328.545,374.305,315.443,-0.2863
mixed,8,2,0.25,4.0,16,8192,1024,4096,1792,435.171,354.77,466.338,
mixed,8,2,0.25,4.0,16,8192,4096,16384,7168,531.683,463.553,481.219,
mixed,8,2,0.25,4.0,16,16384,256,1024,448,462.944,501.425,463.923,0.0254
mixed,8,2,0.25,4.0,16,16384,1024,4096,1792,591.104,767.09,535.571,-0.3156
mixed,8,2,0.25,4.0,16,16384,4096,16384,7168,746.465,997.492,778.706,0.1284
mixed,8,2,0.25,4.0,64,0,256,1024,448,138.144,182.896,179.569,0.9256
mixed,8,2,0.25,4.0,64,0,1024,4096,1792,240.545,412.847,408.992,0.9776
mixed,8,2,0.25,4.0,64,0,4096,16384,7168,642.818,1326.611,1324.948,0.9976
mixed,8,2,0.25,4.0,64,512,256,1024,448,198.657,242.207,184.128,-0.3336
mixed,8,2,0.25,4.0,64,512,1024,4096,1792,300.433,474.162,410.897,0.6358
mixed,8,2,0.25,4.0,64,512,4096,16384,7168,700.674,1384.788,1327.06,0.9156
mixed,8,2,0.25,4.0,64,2048,256,1024,448,299.44,359.601,299.536,0.0016
mixed,8,2,0.25,4.0,64,2048,1024,4096,1792,419.362,593.361,417.085,-0.0131
mixed,8,2,0.25,4.0,64,2048,4096,16384,7168,822.338,1505.298,1336.035,0.7522
mixed,8,2,0.25,4.0,64,8192,256,1024,448,728.226,729.969,728.097,-0.0743
mixed,8,2,0.25,4.0,64,8192,1024,4096,1792,729.84,1053.987,728.721,-0.0035
mixed,8,2,0.25,4.0,64,8192,4096,16384,7168,1283.061,1974.744,1342.26,0.0856
mixed,8,2,0.25,4.0,64,16384,256,1024,448,1326.724,1325.121,1330.164,
mixed,8,2,0.25,4.0,64,16384,1024,4096,1792,1325.541,1396.437,1327.942,0.0339
mixed,8,2,0.25,4.0,64,16384,4096,16384,7168,1880.87,2567.016,1652.629,-0.3326
mixed,8,2,0.25,4.0,256,0,256,1024,448,278.178,300.465,298.207,0.8987
mixed,8,2,0.25,4.0,256,0,1024,4096,1792,308.115,485.442,480.098,0.9699
mixed,8,2,0.25,4.0,256,0,4096,16384,7168,715.49,1405.938,1395.093,0.9843
mixed,8,2,0.25,4.0,256,512,256,1024,448,433.952,472.466,471.184,0.9667
mixed,8,2,0.25,4.0,256,512,1024,4096,1792,533.074,706.097,703.746,0.9864
mixed,8,2,0.25,4.0,256,512,4096,16384,7168,932.26,1617.029,1617.589,1.0008
mixed,8,2,0.25,4.0,256,2048,256,1024,448,898.738,898.308,898.467,
mixed,8,2,0.25,4.0,256,2048,1024,4096,1792,895.106,1052.018,1050.003,0.9872
mixed,8,2,0.25,4.0,256,2048,4096,16384,7168,1284.644,1964.742,1964.386,0.9995
mixed,8,2,0.25,4.0,256,8192,256,1024,448,2705.222,2708.087,2702.374,-0.9937
mixed,8,2,0.25,4.0,256,8192,1024,4096,1792,2706.568,2715.669,2702.997,-0.3925
mixed,8,2,0.25,4.0,256,8192,4096,16384,7168,2706.74,3330.666,3331.931,1.002
mixed,8,2,0.25,4.0,256,16384,256,1024,448,5132.749,5113.387,5106.764,
mixed,8,2,0.25,4.0,256,16384,1024,4096,1792,5109.805,5111.199,5110.586,0.5607
mixed,8,2,0.25,4.0,256,16384,4096,16384,7168,5113.726,5125.071,5119.038,0.4682
mixed,8,2,0.25,4.0,1024,0,256,1024,448,670.722,681.568,673.282,0.236
mixed,8,2,0.25,4.0,1024,0,1024,4096,1792,693.042,722.146,699.426,0.2193
mixed,8,2,0.25,4.0,1024,0,4096,16384,7168,751.234,838.69,754.788,0.0406
mixed,8,2,0.25,4.0,1024,512,256,1024,448,1073.408,1088.165,1080.419,0.4751
mixed,8,2,0.25,4.0,1024,512,1024,4096,1792,1101.073,1128.224,1106.403,0.1963
mixed,8,2,0.25,4.0,1024,512,4096,16384,7168,1159.395,1243.747,1164.77,0.0637
mixed,8,2,0.25,4.0,1024,2048,256,1024,448,1773.253,1791.317,1779.752,0.3598
mixed,8,2,0.25,4.0,1024,2048,1024,4096,1792,1802.198,1829.015,1805.11,0.1086
mixed,8,2,0.25,4.0,1024,2048,4096,16384,7168,1856.603,1949.43,1858.644,0.022
mixed,8,2,0.25,4.0,1024,8192,256,1024,448,4561.264,4567.246,4565.446,0.699
mixed,8,2,0.25,4.0,1024,8192,1024,4096,1792,4608.329,4611.136,4579.52,-10.2631
mixed,8,2,0.25,4.0,1024,8192,4096,16384,7168,4641.547,4730.328,4647.228,0.064
mixed,8,2,0.25,4.0,1024,16384,256,1024,448,8247.765,8270.212,8236.05,-0.5219
mixed,8,2,0.25,4.0,1024,16384,1024,4096,1792,8269.153,8322.439,8289.397,0.3799
mixed,8,2,0.25,4.0,1024,16384,4096,16384,7168,8337.703,8440.293,8326.659,-0.1077
mixed,8,2,0.25,4.0,4096,0,256,1024,448,3712.365,3718.651,3706.331,-0.9598
mixed,8,2,0.25,4.0,4096,0,1024,4096,1792,3734.216,3767.53,3737.483,0.0981
mixed,8,2,0.25,4.0,4096,0,4096,16384,7168,3786.554,3872.605,3785.815,-0.0086
mixed,8,2,0.25,4.0,4096,512,256,1024,448,4832.364,4840.114,4842.473,1.3044
mixed,8,2,0.25,4.0,4096,512,1024,4096,1792,4859.773,4878.651,4863.824,0.2146
mixed,8,2,0.25,4.0,4096,512,4096,16384,7168,4904.062,5001.596,4914.082,0.1027
mixed,8,2,0.25,4.0,4096,2048,256,1024,448,6796.597,6792.022,6793.09,
mixed,8,2,0.25,4.0,4096,2048,1024,4096,1792,6808.13,6834.337,6811.777,0.1392
mixed,8,2,0.25,4.0,4096,2048,4096,16384,7168,6877.62,6980.007,6867.14,-0.1024
mixed,8,2,0.25,4.0,4096,8192,256,1024,448,14667.128,14666.152,14667.229,
mixed,8,2,0.25,4.0,4096,8192,1024,4096,1792,14674.952,14711.894,14676.202,0.0338
mixed,8,2,0.25,4.0,4096,8192,4096,16384,7168,14736.392,15119.472,14769.993,0.0877
mixed,8,2,0.25,4.0,4096,16384,256,1024,448,25261.0,25316.395,25604.762,6.2055
mixed,8,2,0.25,4.0,4096,16384,1024,4096,1792,26788.717,25695.886,25542.641,
mixed,8,2,0.25,4.0,4096,16384,4096,16384,7168,25272.651,25629.831,25994.796,2.0218
pure,8,3,0.375,4.0,0,0,256,1024,544,120.736,129.457,122.977,0.257
pure,8,3,0.375,4.0,0,0,1024,4096,2176,149.471,168.768,149.792,0.0166
pure,8,3,0.375,4.0,0,0,4096,16384,8704,211.969,284.224,213.471,0.0208
mixed,8,3,0.375,4.0,16,0,256,1024,544,138.994,147.889,145.072,0.6833
mixed,8,3,0.375,4.0,16,0,1024,4096,2176,168.177,207.457,204.672,0.9291
mixed,8,3,0.375,4.0,16,0,4096,16384,8704,294.896,438.048,435.745,0.9839
mixed,8,3,0.375,4.0,16,512,256,1024,544,197.344,170.96,189.232,
mixed,8,3,0.375,4.0,16,512,1024,4096,2176,180.113,206.833,218.643,1.442
mixed,8,3,0.375,4.0,16,512,4096,16384,8704,293.952,439.984,436.016,0.9728
mixed,8,3,0.375,4.0,16,2048,256,1024,544,220.193,200.161,197.937,
mixed,8,3,0.375,4.0,16,2048,1024,4096,2176,280.833,226.321,243.761,
mixed,8,3,0.375,4.0,16,2048,4096,16384,8704,310.017,440.851,451.379,1.0805
mixed,8,3,0.375,4.0,16,8192,256,1024,544,334.767,375.632,315.216,-0.4784
mixed,8,3,0.375,4.0,16,8192,1024,4096,2176,465.055,354.897,468.945,
mixed,8,3,0.375,4.0,16,8192,4096,16384,8704,600.449,464.13,483.378,
mixed,8,3,0.375,4.0,16,16384,256,1024,544,463.472,501.858,462.164,-0.0341
mixed,8,3,0.375,4.0,16,16384,1024,4096,2176,617.777,764.371,763.778,0.996
mixed,8,3,0.375,4.0,16,16384,4096,16384,8704,564.371,996.626,562.899,-0.0034
mixed,8,3,0.375,4.0,64,0,256,1024,544,143.506,182.481,180.499,0.9491
mixed,8,3,0.375,4.0,64,0,1024,4096,2176,269.169,413.728,409.969,0.974
mixed,8,3,0.375,4.0,64,0,4096,16384,8704,754.628,1327.46,1325.523,0.9966
mixed,8,3,0.375,4.0,64,512,256,1024,544,203.89,242.786,239.679,0.9201
mixed,8,3,0.375,4.0,64,512,1024,4096,2176,330.305,474.192,469.442,0.967
mixed,8,3,0.375,4.0,64,512,4096,16384,8704,815.62,1384.723,1384.421,0.9995
mixed,8,3,0.375,4.0,64,2048,256,1024,544,319.648,359.091,300.016,-0.4977
mixed,8,3,0.375,4.0,64,2048,1024,4096,2176,447.089,593.297,589.602,0.9747
mixed,8,3,0.375,4.0,64,2048,4096,16384,8704,935.938,1506.342,1504.084,0.996
mixed,8,3,0.375,4.0,64,8192,256,1024,544,728.386,730.738,727.794,-0.2517
mixed,8,3,0.375,4.0,64,8192,1024,4096,2176,829.44,1053.283,822.035,-0.0331
mixed,8,3,0.375,4.0,64,8192,4096,16384,8704,1399.044,1968.95,1967.35,0.9972
mixed,8,3,0.375,4.0,64,16384,256,1024,544,1326.917,1329.14,1331.666,2.1358
mixed,8,3,0.375,4.0,64,16384,1024,4096,2176,1327.394,1396.787,1327.204,-0.0028
mixed,8,3,0.375,4.0,64,16384,4096,16384,8704,2001.172,2568.36,2565.126,0.9943
mixed,8,3,0.375,4.0,256,0,256,1024,544,285.377,299.521,298.177,0.905
mixed,8,3,0.375,4.0,256,0,1024,4096,2176,335.808,484.002,478.352,0.9619
mixed,8,3,0.375,4.0,256,0,4096,16384,8704,826.096,1396.947,1397.794,1.0015
mixed,8,3,0.375,4.0,256,512,256,1024,544,433.137,474.432,472.178,0.9454
mixed,8,3,0.375,4.0,256,512,1024,4096,2176,562.417,705.155,702.658,0.9825
mixed,8,3,0.375,4.0,256,512,4096,16384,8704,1050.899,1627.747,1620.213,0.9869
mixed,8,3,0.375,4.0,256,2048,256,1024,544,899.155,899.827,898.437,-1.0677
mixed,8,3,0.375,4.0,256,2048,1024,4096,2176,909.491,1054.755,1050.724,0.9723
mixed,8,3,0.375,4.0,256,2048,4096,16384,8704,1395.91,1967.492,1966.039,0.9975
mixed,8,3,0.375,4.0,256,8192,256,1024,544,2701.32,2704.165,2706.869,1.9501
mixed,8,3,0.375,4.0,256,8192,1024,4096,2176,2707.159,2705.192,2705.528,
mixed,8,3,0.375,4.0,256,8192,4096,16384,8704,2752.264,3321.896,3320.074,0.9968
mixed,8,3,0.375,4.0,256,16384,256,1024,544,5115.644,5117.087,5115.534,-0.0762
mixed,8,3,0.375,4.0,256,16384,1024,4096,2176,5113.758,5109.057,5115.247,
mixed,8,3,0.375,4.0,256,16384,4096,16384,8704,5116.605,5120.718,5121.95,1.2993
mixed,8,3,0.375,4.0,1024,0,256,1024,544,671.908,679.507,675.042,0.4124
mixed,8,3,0.375,4.0,1024,0,1024,4096,2176,700.704,721.713,698.884,-0.0867
mixed,8,3,0.375,4.0,1024,0,4096,16384,8704,766.098,838.003,766.899,0.0111
mixed,8,3,0.375,4.0,1024,512,128,512,272,1073.25,1075.694,1075.028,0.7273
mixed,8,3,0.375,4.0,1024,512,256,1024,544,1074.674,1081.075,1078.56,0.6071
mixed,8,3,0.375,4.0,1024,512,512,2048,1088,1092.067,1099.557,1092.452,0.0514
mixed,8,3,0.375,4.0,1024,512,1024,4096,2176,1106.022,1133.399,1107.572,0.0566
mixed,8,3,0.375,4.0,1024,512,2048,8192,4352,1128.181,1165.332,1128.885,0.019
mixed,8,3,0.375,4.0,1024,512,4096,16384,8704,1173.572,1241.103,1173.426,-0.0022
mixed,8,3,0.375,4.0,1024,512,8192,32768,17408,1251.362,1405.665,1264.769,0.0869
mixed,8,3,0.375,4.0,1024,2048,128,512,272,1774.662,1775.076,1780.306,13.6012
mixed,8,3,0.375,4.0,1024,2048,256,1024,544,1777.731,1791.976,1776.406,-0.0931
mixed,8,3,0.375,4.0,1024,2048,512,2048,1088,1793.572,1799.657,1797.652,0.6705
mixed,8,3,0.375,4.0,1024,2048,1024,4096,2176,1808.498,1827.718,1806.071,-0.1263
mixed,8,3,0.375,4.0,1024,2048,2048,8192,4352,1827.893,1870.564,1827.587,-0.0072
mixed,8,3,0.375,4.0,1024,2048,4096,16384,8704,1871.396,1943.218,1866.481,-0.0684
mixed,8,3,0.375,4.0,1024,2048,8192,32768,17408,1952.166,2097.603,1958.505,0.0436
mixed,8,3,0.375,4.0,1024,8192,128,512,272,4561.632,4556.091,4557.227,
mixed,8,3,0.375,4.0,1024,8192,256,1024,544,4562.551,4580.407,4564.225,0.0937
mixed,8,3,0.375,4.0,1024,8192,512,2048,1088,4575.085,4590.685,4576.142,0.0677
mixed,8,3,0.375,4.0,1024,8192,1024,4096,2176,4594.731,4609.646,4586.85,-0.5284
mixed,8,3,0.375,4.0,1024,8192,2048,8192,4352,4616.798,4644.312,4611.726,-0.1843
mixed,8,3,0.375,4.0,1024,8192,4096,16384,8704,4651.486,4721.764,4653.21,0.0245
mixed,8,3,0.375,4.0,1024,8192,8192,32768,17408,4744.914,4881.21,4744.412,-0.0037
mixed,8,3,0.375,4.0,1024,16384,128,512,272,8229.064,8270.087,8240.609,0.2814
mixed,8,3,0.375,4.0,1024,16384,256,1024,544,8249.412,8255.684,8255.016,0.8935
mixed,8,3,0.375,4.0,1024,16384,512,2048,1088,8265.894,8280.225,8272.757,0.479
mixed,8,3,0.375,4.0,1024,16384,1024,4096,2176,8291.541,8298.754,8280.132,-1.5818
mixed,8,3,0.375,4.0,1024,16384,2048,8192,4352,8304.199,8343.558,8294.495,-0.2465
mixed,8,3,0.375,4.0,1024,16384,4096,16384,8704,8345.701,8410.517,8373.701,0.432
mixed,8,3,0.375,4.0,1024,16384,8192,32768,17408,8439.927,8560.262,8434.005,-0.0492
mixed,8,3,0.375,4.0,4096,0,128,512,272,3700.906,3711.658,3706.438,0.5145
mixed,8,3,0.375,4.0,4096,0,256,1024,544,3712.151,3713.755,3702.696,-5.8946
mixed,8,3,0.375,4.0,4096,0,512,2048,1088,3712.952,3730.427,3719.256,0.3607
mixed,8,3,0.375,4.0,4096,0,1024,4096,2176,3734.215,3756.697,3733.486,-0.0324
mixed,8,3,0.375,4.0,4096,0,2048,8192,4352,3763.594,3795.117,3757.337,-0.1985
mixed,8,3,0.375,4.0,4096,0,4096,16384,8704,3805.178,3868.328,3810.061,0.0773
mixed,8,3,0.375,4.0,4096,0,8192,32768,17408,3894.189,4030.316,3892.731,-0.0107
mixed,8,3,0.375,4.0,4096,512,128,512,272,4827.275,4835.645,4828.763,0.1777
mixed,8,3,0.375,4.0,4096,512,256,1024,544,4830.734,4843.649,4833.791,0.2367
mixed,8,3,0.375,4.0,4096,512,512,2048,1088,4842.862,4854.273,4851.037,0.7164
mixed,8,3,0.375,4.0,4096,512,1024,4096,2176,4862.48,4885.135,4866.125,0.1609
mixed,8,3,0.375,4.0,4096,512,2048,8192,4352,4877.054,4927.534,4888.238,0.2216
mixed,8,3,0.375,4.0,4096,512,4096,16384,8704,4922.334,5002.095,4931.469,0.1145
mixed,8,3,0.375,4.0,4096,512,8192,32768,17408,5006.705,5164.561,5018.441,0.0743
mixed,8,3,0.375,4.0,4096,2048,128,512,272,6781.252,6792.792,6792.115,0.9413
mixed,8,3,0.375,4.0,4096,2048,256,1024,544,6788.273,6802.178,6797.009,0.6283
mixed,8,3,0.375,4.0,4096,2048,512,2048,1088,6819.779,6821.619,6811.956,-4.2502
mixed,8,3,0.375,4.0,4096,2048,1024,4096,2176,6853.606,6836.676,6818.323,
mixed,8,3,0.375,4.0,4096,2048,2048,8192,4352,6836.803,6884.035,6842.735,0.1256
mixed,8,3,0.375,4.0,4096,2048,4096,16384,8704,6875.88,6955.367,6884.451,0.1078
mixed,8,3,0.375,4.0,4096,2048,8192,32768,17408,6969.715,7129.458,6971.301,0.0099
mixed,8,3,0.375,4.0,4096,8192,128,512,272,15065.997,14647.731,14829.466,
mixed,8,3,0.375,4.0,4096,8192,256,1024,544,14687.13,14963.556,14989.299,1.0931
mixed,8,3,0.375,4.0,4096,8192,512,2048,1088,14697.214,14896.539,14698.045,0.0042
mixed,8,3,0.375,4.0,4096,8192,1024,4096,2176,14688.314,14891.505,14947.737,1.2767
mixed,8,3,0.375,4.0,4096,8192,2048,8192,4352,14845.335,14811.596,14801.709,
mixed,8,3,0.375,4.0,4096,8192,4096,16384,8704,14750.189,14824.407,14833.785,1.1264
mixed,8,3,0.375,4.0,4096,8192,8192,32768,17408,15144.847,15063.898,14837.192,
mixed,8,3,0.375,4.0,4096,16384,128,512,272,25853.137,25923.726,26190.255,4.7758
mixed,8,3,0.375,4.0,4096,16384,256,1024,544,26323.844,25333.348,25676.324,
mixed,8,3,0.375,4.0,4096,16384,512,2048,1088,26011.869,26171.687,26392.237,2.38
mixed,8,3,0.375,4.0,4096,16384,1024,4096,2176,26966.147,25783.167,25893.939,
mixed,8,3,0.375,4.0,4096,16384,2048,8192,4352,26142.977,25728.042,25594.483,
mixed,8,3,0.375,4.0,4096,16384,4096,16384,8704,26408.696,26481.361,25752.245,-9.0339
mixed,8,3,0.375,4.0,4096,16384,8192,32768,17408,25378.321,26192.353,25646.2,0.3291
pure,8,4,0.5,4.0,0,0,128,512,320,120.864,119.216,116.035,
pure,8,4,0.5,4.0,0,0,256,1024,640,123.345,129.696,126.546,0.504
pure,8,4,0.5,4.0,0,0,512,2048,1280,140.415,142.945,141.855,0.5694
pure,8,4,0.5,4.0,0,0,1024,4096,2560,150.721,167.985,152.977,0.1307
pure,8,4,0.5,4.0,0,0,2048,8192,5120,178.162,209.345,179.584,0.0456
pure,8,4,0.5,4.0,0,0,4096,16384,10240,226.962,283.712,230.656,0.0651
pure,8,4,0.5,4.0,0,0,8192,32768,20480,325.121,443.921,335.361,0.0862
mixed,8,4,0.5,4.0,16,0,128,512,320,132.689,137.185,134.656,0.4376
mixed,8,4,0.5,4.0,16,0,256,1024,640,138.608,147.903,143.936,0.5733
mixed,8,4,0.5,4.0,16,0,512,2048,1280,153.825,167.504,163.953,0.7404
mixed,8,4,0.5,4.0,16,0,1024,4096,2560,178.194,207.231,203.889,0.8849
mixed,8,4,0.5,4.0,16,0,2048,8192,5120,226.913,283.889,282.706,0.9792
mixed,8,4,0.5,4.0,16,0,4096,16384,10240,322.16,438.289,435.296,0.9742
mixed,8,4,0.5,4.0,16,0,8192,32768,20480,515.776,744.436,741.379,0.9866
mixed,8,4,0.5,4.0,16,512,128,512,320,169.216,197.471,166.802,-0.0854
mixed,8,4,0.5,4.0,16,512,256,1024,640,201.105,169.856,186.689,
mixed,8,4,0.5,4.0,16,512,512,2048,1280,168.543,181.617,180.034,0.8789
mixed,8,4,0.5,4.0,16,512,1024,4096,2560,191.889,205.906,218.641,1.9086
mixed,8,4,0.5,4.0,16,512,2048,8192,5120,225.347,284.466,280.849,0.9388
mixed,8,4,0.5,4.0,16,512,4096,16384,10240,323.168,439.09,436.721,0.9796
mixed,8,4,0.5,4.0,16,512,8192,32768,20480,519.091,746.242,745.619,0.9973
mixed,8,4,0.5,4.0,16,2048,128,512,320,203.312,217.984,217.519,0.9683
mixed,8,4,0.5,4.0,16,2048,256,1024,640,199.185,200.096,198.193,-1.0884
mixed,8,4,0.5,4.0,16,2048,512,2048,1280,203.856,277.618,204.496,0.0087
mixed,8,4,0.5,4.0,16,2048,1024,4096,2560,289.089,226.561,262.002,
mixed,8,4,0.5,4.0,16,2048,2048,8192,5120,241.408,301.185,298.495,0.955
mixed,8,4,0.5,4.0,16,2048,4096,16384,10240,340.465,443.49,455.33,1.1149
mixed,8,4,0.5,4.0,16,2048,8192,32768,20480,521.345,754.082,751.203,0.9876
mixed,8,4,0.5,4.0,16,8192,128,512,320,306.306,337.392,307.634,0.0427
mixed,8,4,0.5,4.0,16,8192,256,1024,640,346.769,376.033,316.562,-1.0322
mixed,8,4,0.5,4.0,16,8192,512,2048,1280,396.147,456.386,454.801,0.9737
mixed,8,4,0.5,4.0,16,8192,1024,4096,2560,416.562,356.226,469.937,
mixed,8,4,0.5,4.0,16,8192,2048,8192,5120,356.736,591.601,359.505,0.0118
mixed,8,4,0.5,4.0,16,8192,4096,16384,10240,641.681,466.675,536.994,
mixed,8,4,0.5,4.0,16,8192,8192,32768,20480,538.467,773.907,767.89,0.9744
mixed,8,4,0.5,4.0,16,16384,128,512,320,464.337,464.081,465.313,
mixed,8,4,0.5,4.0,16,16384,256,1024,640,464.898,502.657,464.641,-0.0068
mixed,8,4,0.5,4.0,16,16384,512,2048,1280,555.12,612.675,496.481,-1.0188
mixed,8,4,0.5,4.0,16,16384,1024,4096,2560,651.456,769.489,768.755,0.9938
mixed,8,4,0.5,4.0,16,16384,2048,8192,5120,671.602,566.355,783.889,
mixed,8,4,0.5,4.0,16,16384,4096,16384,10240,567.137,1000.821,566.322,-0.0019
mixed,8,4,0.5,4.0,16,16384,8192,32768,20480,1102.324,776.77,898.306,
mixed,8,4,0.5,4.0,64,0,128,512,320,129.136,144.015,142.129,0.8732
mixed,8,4,0.5,4.0,64,0,256,1024,640,153.968,182.24,181.33,0.9678
mixed,8,4,0.5,4.0,64,0,512,2048,1280,201.952,260.865,258.319,0.9568
mixed,8,4,0.5,4.0,64,0,1024,4096,2560,299.874,415.231,414.082,0.99
mixed,8,4,0.5,4.0,64,0,2048,8192,5120,491.792,722.739,720.787,0.9915
mixed,8,4,0.5,4.0,64,0,4096,16384,10240,875.65,1340.37,1334.484,0.9873
mixed,8,4,0.5,4.0,64,0,8192,32768,20480,1641.877,2563.367,2563.416,1.0001
mixed,8,4,0.5,4.0,64,512,128,512,320,189.169,204.018,202.912,0.9255
mixed,8,4,0.5,4.0,64,512,256,1024,640,214.032,242.752,242.305,0.9845
mixed,8,4,0.5,4.0,64,512,512,2048,1280,262.305,321.68,319.616,0.9652
mixed,8,4,0.5,4.0,64,512,1024,4096,2560,361.457,477.248,475.713,0.9867
mixed,8,4,0.5,4.0,64,512,2048,8192,5120,554.784,783.01,781.428,0.9931
mixed,8,4,0.5,4.0,64,512,4096,16384,10240,935.683,1394.502,1392.755,0.9962
mixed,8,4,0.5,4.0,64,512,8192,32768,20480,1700.116,2620.948,2619.207,0.9981
mixed,8,4,0.5,4.0,64,2048,128,512,320,262.545,321.601,262.898,0.006
mixed,8,4,0.5,4.0,64,2048,256,1024,640,332.321,361.442,302.273,-1.0318
mixed,8,4,0.5,4.0,64,2048,512,2048,1280,380.88,441.361,439.106,0.9627
mixed,8,4,0.5,4.0,64,2048,1024,4096,2560,479.328,595.535,592.976,0.978
mixed,8,4,0.5,4.0,64,2048,2048,8192,5120,674.339,903.188,902.98,0.9991
mixed,8,4,0.5,4.0,64,2048,4096,16384,10240,1056.034,1515.253,1515.043,0.9995
mixed,8,4,0.5,4.0,64,2048,8192,32768,20480,1822.116,2742.375,2739.911,0.9973
mixed,8,4,0.5,4.0,64,8192,128,512,320,729.473,729.939,730.194,1.5483
mixed,8,4,0.5,4.0,64,8192,256,1024,640,732.082,731.281,730.964,
mixed,8,4,0.5,4.0,64,8192,512,2048,1280,731.986,795.474,731.776,-0.0033
mixed,8,4,0.5,4.0,64,8192,1024,4096,2560,938.719,1056.994,826.083,-0.9523
mixed,8,4,0.5,4.0,64,8192,2048,8192,5120,1137.282,1368.112,1364.276,0.9834
mixed,8,4,0.5,4.0,64,8192,4096,16384,10240,1521.221,1978.662,1979.205,1.0012
mixed,8,4,0.5,4.0,64,8192,8192,32768,20480,2286.566,3205.276,3205.913,1.0007
mixed,8,4,0.5,4.0,64,16384,128,512,320,1336.484,1332.979,1332.389,
mixed,8,4,0.5,4.0,64,16384,256,1024,640,1333.877,1333.141,1332.675,
mixed,8,4,0.5,4.0,64,16384,512,2048,1280,1334.132,1333.347,1333.345,
mixed,8,4,0.5,4.0,64,16384,1024,4096,2560,1332.34,1405.413,1335.122,0.0381
mixed,8,4,0.5,4.0,64,16384,2048,8192,5120,1710.87,1972.292,1507.731,-0.7771
mixed,8,4,0.5,4.0,64,16384,4096,16384,10240,2124.534,2584.854,2585.24,1.0008
mixed,8,4,0.5,4.0,64,16384,8192,32768,20480,2893.945,3807.226,3806.233,0.9989
mixed,8,4,0.5,4.0,256,0,128,512,320,280.242,287.68,285.376,0.6902
mixed,8,4,0.5,4.0,256,0,256,1024,640,301.071,301.553,301.504,0.8993
mixed,8,4,0.5,4.0,256,0,512,2048,1280,301.505,328.098,324.962,0.8821
mixed,8,4,0.5,4.0,256,0,1024,4096,2560,366.721,486.063,483.776,0.9808
mixed,8,4,0.5,4.0,256,0,2048,8192,5120,563.809,792.564,793.506,1.0041
mixed,8,4,0.5,4.0,256,0,4096,16384,10240,946.13,1405.956,1402.914,0.9934
mixed,8,4,0.5,4.0,256,0,8192,32768,20480,1714.898,2640.087,2636.262,0.9959
mixed,8,4,0.5,4.0,256,512,128,512,320,433.649,436.114,434.977,0.5386
mixed,8,4,0.5,4.0,256,512,256,1024,640,444.721,475.328,474.147,0.9614
mixed,8,4,0.5,4.0,256,512,512,2048,1280,494.721,554.963,553.727,0.9795
mixed,8,4,0.5,4.0,256,512,1024,4096,2560,593.36,709.779,707.345,0.9791
mixed,8,4,0.5,4.0,256,512,2048,8192,5120,789.874,1017.171,1016.882,0.9987
mixed,8,4,0.5,4.0,256,512,4096,16384,10240,1167.555,1628.9,1628.741,0.9997
mixed,8,4,0.5,4.0,256,512,8192,32768,20480,1939.045,2856.264,2854.23,0.9978
mixed,8,4,0.5,4.0,256,2048,128,512,320,900.45,901.012,900.179,-0.4826
mixed,8,4,0.5,4.0,256,2048,256,1024,640,900.131,900.177,899.409,-15.6848
mixed,8,4,0.5,4.0,256,2048,512,2048,1280,900.626,901.842,900.432,-0.1591
mixed,8,4,0.5,4.0,256,2048,1024,4096,2560,942.084,1056.881,1054.851,0.9823
mixed,8,4,0.5,4.0,256,2048,2048,8192,5120,1134.132,1364.613,1363.779,0.9964
mixed,8,4,0.5,4.0,256,2048,4096,16384,10240,1518.146,1981.605,1980.935,0.9986
mixed,8,4,0.5,4.0,256,2048,8192,32768,20480,2290.166,3205.769,3200.505,0.9943
mixed,8,4,0.5,4.0,256,8192,128,512,320,2721.206,2723.192,2725.352,2.0876
mixed,8,4,0.5,4.0,256,8192,256,1024,640,2724.166,2719.606,2721.558,
mixed,8,4,0.5,4.0,256,8192,512,2048,1280,2720.584,2724.952,2721.8,0.2782
mixed,8,4,0.5,4.0,256,8192,1024,4096,2560,2723.352,2723.659,2722.984,-1.2023
mixed,8,4,0.5,4.0,256,8192,2048,8192,5120,2719.559,2729.191,2725.031,0.5681
mixed,8,4,0.5,4.0,256,8192,4096,16384,10240,2879.432,3338.586,3341.897,1.0072
mixed,8,4,0.5,4.0,256,8192,8192,32768,20480,3646.407,4566.187,4563.5,0.9971
mixed,8,4,0.5,4.0,256,16384,128,512,320,5150.957,5149.229,5151.199,
mixed,8,4,0.5,4.0,256,16384,256,1024,640,5149.403,5146.907,5149.374,
mixed,8,4,0.5,4.0,256,16384,512,2048,1280,5149.92,5150.32,5145.168,-11.8639
mixed,8,4,0.5,4.0,256,16384,1024,4096,2560,5149.804,5147.962,5150.525,
mixed,8,4,0.5,4.0,256,16384,2048,8192,5120,5146.866,5149.361,5146.974,0.0435
mixed,8,4,0.5,4.0,256,16384,4096,16384,10240,5152.718,5163.265,5165.482,1.2101
mixed,8,4,0.5,4.0,256,16384,8192,32768,20480,5473.903,6428.08,6390.93,0.9611
mixed,8,4,0.5,4.0,1024,0,128,512,320,671.871,671.652,674.228,
mixed,8,4,0.5,4.0,1024,0,256,1024,640,676.93,681.186,681.667,1.113
mixed,8,4,0.5,4.0,1024,0,512,2048,1280,691.104,696.323,693.269,0.4148
mixed,8,4,0.5,4.0,1024,0,1024,4096,2560,703.905,724.129,708.962,0.2501
mixed,8,4,0.5,4.0,1024,0,2048,8192,5120,735.202,762.946,733.81,-0.0502
mixed,8,4,0.5,4.0,1024,0,4096,16384,10240,782.384,843.569,786.721,0.0709
mixed,8,4,0.5,4.0,1024,0,8192,32768,20480,879.012,1002.116,891.73,0.1033
mixed,8,4,0.5,4.0,1024,512,128,512,320,1083.188,1077.764,1080.992,
mixed,8,4,0.5,4.0,1024,512,256,1024,640,1081.331,1085.794,1084.916,0.8032
mixed,8,4,0.5,4.0,1024,512,512,2048,1280,1099.283,1102.256,1100.804,0.5115
mixed,8,4,0.5,4.0,1024,512,1024,4096,2560,1111.635,1129.236,1113.301,0.0947
mixed,8,4,0.5,4.0,1024,512,2048,8192,5120,1137.925,1166.868,1142.419,0.1553
mixed,8,4,0.5,4.0,1024,512,4096,16384,10240,1189.968,1246.977,1193.409,0.0604
mixed,8,4,0.5,4.0,1024,512,8192,32768,20480,1288.307,1406.658,1298.438,0.0856
mixed,8,4,0.5,4.0,1024,2048,128,512,320,1782.339,1782.13,1781.703,
mixed,8,4,0.5,4.0,1024,2048,256,1024,640,1786.057,1789.524,1783.347,-0.7814
mixed,8,4,0.5,4.0,1024,2048,512,2048,1280,1803.602,1804.597,1802.642,-0.9633
mixed,8,4,0.5,4.0,1024,2048,1024,4096,2560,1814.338,1831.026,1813.942,-0.0237
mixed,8,4,0.5,4.0,1024,2048,2048,8192,5120,1838.965,1872.601,1834.298,-0.1388
mixed,8,4,0.5,4.0,1024,2048,4096,16384,10240,1889.685,1949.321,1897.161,0.1254
mixed,8,4,0.5,4.0,1024,2048,8192,32768,20480,1984.598,2100.035,1996.469,0.1028
mixed,8,4,0.5,4.0,1024,8192,128,512,320,4571.361,4577.032,4578.495,1.2579
mixed,8,4,0.5,4.0,1024,8192,256,1024,640,4582.796,4592.445,4578.095,-0.4872
mixed,8,4,0.5,4.0,1024,8192,512,2048,1280,4585.964,4601.274,4588.234,0.1483
mixed,8,4,0.5,4.0,1024,8192,1024,4096,2560,4606.074,4626.237,4613.418,0.3642
mixed,8,4,0.5,4.0,1024,8192,2048,8192,5120,4633.029,4661.977,4633.051,0.0007
mixed,8,4,0.5,4.0,1024,8192,4096,16384,10240,4691.391,4741.327,4686.029,-0.1074
mixed,8,4,0.5,4.0,1024,8192,8192,32768,20480,4779.854,4898.344,4781.051,0.0101
mixed,8,4,0.5,4.0,1024,16384,128,512,320,8277.084,8275.525,8256.026,
mixed,8,4,0.5,4.0,1024,16384,256,1024,640,8248.63,8257.43,8258.74,1.1489
mixed,8,4,0.5,4.0,1024,16384,512,2048,1280,8265.016,8288.353,8271.318,0.27
mixed,8,4,0.5,4.0,1024,16384,1024,4096,2560,8307.473,8302.231,8292.231,
mixed,8,4,0.5,4.0,1024,16384,2048,8192,5120,8301.895,8334.935,8305.768,0.1172
mixed,8,4,0.5,4.0,1024,16384,4096,16384,10240,8358.423,8411.017,8365.846,0.1411
mixed,8,4,0.5,4.0,1024,16384,8192,32768,20480,8455.252,8564.76,8463.06,0.0713
mixed,8,4,0.5,4.0,4096,0,128,512,320,3709.577,3701.303,3708.969,
mixed,8,4,0.5,4.0,4096,0,256,1024,640,3711.274,3709.368,3704.314,
mixed,8,4,0.5,4.0,4096,0,512,2048,1280,3723.898,3730.269,3727.752,0.6048
mixed,8,4,0.5,4.0,4096,0,1024,4096,2560,3733.533,3753.433,3742.505,0.4509
mixed,8,4,0.5,4.0,4096,0,2048,8192,5120,3768.01,3798.697,3765.005,-0.0979
mixed,8,4,0.5,4.0,4096,0,4096,16384,10240,3817.531,3867.787,3817.851,0.0064
mixed,8,4,0.5,4.0,4096,0,8192,32768,20480,3917.945,4030.652,3927.19,0.082
mixed,8,4,0.5,4.0,4096,512,128,512,320,4829.532,4835.441,4837.982,1.4302
mixed,8,4,0.5,4.0,4096,512,256,1024,640,4834.621,4848.139,4845.468,0.8024
mixed,8,4,0.5,4.0,4096,512,512,2048,1280,4854.012,4853.787,4859.663,
mixed,8,4,0.5,4.0,4096,512,1024,4096,2560,4862.288,4882.256,4863.181,0.0447
mixed,8,4,0.5,4.0,4096,512,2048,8192,5120,4894.895,4917.421,4893.102,-0.0796
mixed,8,4,0.5,4.0,4096,512,4096,16384,10240,4936.622,4992.156,4951.791,0.2731
mixed,8,4,0.5,4.0,4096,512,8192,32768,20480,5039.553,5153.581,5049.999,0.0916
mixed,8,4,0.5,4.0,4096,2048,128,512,320,6800.883,6780.628,6788.114,
mixed,8,4,0.5,4.0,4096,2048,256,1024,640,6798.658,6793.781,6802.184,
mixed,8,4,0.5,4.0,4096,2048,512,2048,1280,6821.973,6806.257,6826.355,
mixed,8,4,0.5,4.0,4096,2048,1024,4096,2560,6812.325,6845.041,6839.783,0.8393
mixed,8,4,0.5,4.0,4096,2048,2048,8192,5120,6842.262,6868.485,6848.293,0.23
mixed,8,4,0.5,4.0,4096,2048,4096,16384,10240,6892.343,6968.454,6913.731,0.281
mixed,8,4,0.5,4.0,4096,2048,8192,32768,20480,6996.631,7116.468,6999.942,0.0276
mixed,8,4,0.5,4.0,4096,8192,128,512,320,14654.7,14665.213,14791.801,13.0405
mixed,8,4,0.5,4.0,4096,8192,256,1024,640,14704.868,14793.853,15003.076,3.3512
mixed,8,4,0.5,4.0,4096,8192,512,2048,1280,14809.759,14865.951,14710.156,-1.7725
mixed,8,4,0.5,4.0,4096,8192,1024,4096,2560,14710.269,14817.77,14744.824,0.3214
mixed,8,4,0.5,4.0,4096,8192,2048,8192,5120,14738.541,14912.528,14902.476,0.9422
mixed,8,4,0.5,4.0,4096,8192,4096,16384,10240,14768.962,14824.476,14766.137,-0.0509
mixed,8,4,0.5,4.0,4096,8192,8192,32768,20480,14868.447,15245.785,14937.196,0.1822
mixed,8,4,0.5,4.0,4096,16384,128,512,320,25717.325,25641.904,26119.957,
mixed,8,4,0.5,4.0,4096,16384,256,1024,640,25904.943,25338.664,25647.195,
mixed,8,4,0.5,4.0,4096,16384,512,2048,1280,26076.398,26772.513,25544.249,-0.7645
mixed,8,4,0.5,4.0,4096,16384,1024,4096,2560,25797.294,25735.375,25733.737,
mixed,8,4,0.5,4.0,4096,16384,2048,8192,5120,25757.539,25563.582,26358.416,
mixed,8,4,0.5,4.0,4096,16384,4096,16384,10240,25998.704,26680.568,25566.956,-0.6332
mixed,8,4,0.5,4.0,4096,16384,8192,32768,20480,26165.949,25710.942,26668.532,
pure,8,6,0.75,4.0,0,0,128,512,416,114.624,119.472,116.193,0.3237
pure,8,6,0.75,4.0,0,0,256,1024,832,135.216,130.273,133.872,
pure,8,6,0.75,4.0,0,0,512,2048,1664,142.175,144.096,142.627,0.2349
pure,8,6,0.75,4.0,0,0,1024,4096,3328,158.176,169.264,161.471,0.2972
pure,8,6,0.75,4.0,0,0,2048,8192,6656,192.161,207.455,188.784,-0.2208
pure,8,6,0.75,4.0,0,0,4096,16384,13312,254.561,284.512,252.24,-0.0775
pure,8,6,0.75,4.0,0,0,8192,32768,26624,386.177,443.779,382.786,-0.0589
mixed,8,6,0.75,4.0,16,0,128,512,416,133.457,136.958,135.745,0.6536
mixed,8,6,0.75,4.0,16,0,256,1024,832,142.048,149.122,145.407,0.4749
mixed,8,6,0.75,4.0,16,0,512,2048,1664,158.704,168.161,165.551,0.7241
mixed,8,6,0.75,4.0,16,0,1024,4096,3328,190.879,208.448,205.251,0.818
mixed,8,6,0.75,4.0,16,0,2048,8192,6656,256.048,283.778,280.193,0.8707
mixed,8,6,0.75,4.0,16,0,4096,16384,13312,380.448,438.289,435.426,0.9505
mixed,8,6,0.75,4.0,16,0,8192,32768,26624,629.905,744.947,744.035,0.9921
mixed,8,6,0.75,4.0,16,512,128,512,416,165.68,197.841,183.825,0.5642
mixed,8,6,0.75,4.0,16,512,256,1024,832,169.714,170.481,166.561,-4.1135
mixed,8,6,0.75,4.0,16,512,512,2048,1664,169.314,180.961,180.704,0.9779
mixed,8,6,0.75,4.0,16,512,1024,4096,3328,191.553,206.272,203.519,0.8129
mixed,8,6,0.75,4.0,16,512,2048,8192,6656,254.674,283.49,281.331,0.9251
mixed,8,6,0.75,4.0,16,512,4096,16384,13312,381.041,436.577,437.09,1.0092
mixed,8,6,0.75,4.0,16,512,8192,32768,26624,630.834,748.336,745.265,0.9739
mixed,8,6,0.75,4.0,16,2048,128,512,416,209.312,218.897,218.737,0.9833
mixed,8,6,0.75,4.0,16,2048,256,1024,832,200.047,199.584,200.082,
mixed,8,6,0.75,4.0,16,2048,512,2048,1664,250.993,277.441,253.041,0.0774
mixed,8,6,0.75,4.0,16,2048,1024,4096,3328,288.561,225.314,302.991,
mixed,8,6,0.75,4.0,16,2048,2048,8192,6656,269.105,299.745,296.672,0.8997
mixed,8,6,0.75,4.0,16,2048,4096,16384,13312,382.481,441.471,439.873,0.9729
mixed,8,6,0.75,4.0,16,2048,8192,32768,26624,635.459,749.762,748.834,0.9919
mixed,8,6,0.75,4.0,16,8192,128,512,416,304.657,335.888,306.048,0.0446
mixed,8,6,0.75,4.0,16,8192,256,1024,832,360.449,376.224,374.241,0.8743
mixed,8,6,0.75,4.0,16,8192,512,2048,1664,425.939,455.824,454.53,0.9567
mixed,8,6,0.75,4.0,16,8192,1024,4096,3328,441.553,354.801,470.065,
mixed,8,6,0.75,4.0,16,8192,2048,8192,6656,507.857,589.378,526.449,0.2281
mixed,8,6,0.75,4.0,16,8192,4096,16384,13312,637.138,464.258,693.937,
mixed,8,6,0.75,4.0,16,8192,8192,32768,26624,654.114,771.65,768.658,0.9745
mixed,8,6,0.75,4.0,16,16384,128,512,416,464.417,464.049,463.554,
mixed,8,6,0.75,4.0,16,16384,256,1024,832,464.258,503.041,463.185,-0.0277
mixed,8,6,0.75,4.0,16,16384,512,2048,1664,582.034,611.952,609.729,0.9257
mixed,8,6,0.75,4.0,16,16384,1024,4096,3328,708.386,767.187,766.307,0.985
mixed,8,6,0.75,4.0,16,16384,2048,8192,6656,725.875,566.561,781.634,
mixed,8,6,0.75,4.0,16,16384,4096,16384,13312,842.675,996.034,880.595,0.2473
mixed,8,6,0.75,4.0,16,16384,8192,32768,26624,1092.706,774.161,1202.563,
mixed,8,6,0.75,4.0,64,0,128,512,416,133.986,143.137,142.641,0.9458
mixed,8,6,0.75,4.0,64,0,256,1024,832,167.665,181.92,181.728,0.9865
mixed,8,6,0.75,4.0,64,0,512,2048,1664,230.351,259.281,259.282,1.0
mixed,8,6,0.75,4.0,64,0,1024,4096,3328,355.906,413.042,411.985,0.9815
mixed,8,6,0.75,4.0,64,0,2048,8192,6656,604.721,717.107,718.849,1.0155
mixed,8,6,0.75,4.0,64,0,4096,16384,13312,1098.818,1325.492,1326.115,1.0028
mixed,8,6,0.75,4.0,64,0,8192,32768,26624,2086.389,2544.469,2551.941,1.0163
mixed,8,6,0.75,4.0,64,512,128,512,416,194.944,203.312,202.414,0.8928
mixed,8,6,0.75,4.0,64,512,256,1024,832,228.496,241.808,241.774,0.9975
mixed,8,6,0.75,4.0,64,512,512,2048,1664,291.329,320.848,319.363,0.9497
mixed,8,6,0.75,4.0,64,512,1024,4096,3328,416.545,473.505,473.267,0.9958
mixed,8,6,0.75,4.0,64,512,2048,8192,6656,663.889,777.569,777.007,0.9951
mixed,8,6,0.75,4.0,64,512,4096,16384,13312,1156.979,1386.481,1383.987,0.9891
mixed,8,6,0.75,4.0,64,512,8192,32768,26624,2144.199,2606.567,2600.422,0.9867
mixed,8,6,0.75,4.0,64,2048,128,512,416,283.233,319.185,289.315,0.1692
mixed,8,6,0.75,4.0,64,2048,256,1024,832,344.831,359.954,359.457,0.9671
mixed,8,6,0.75,4.0,64,2048,512,2048,1664,409.505,437.697,437.233,0.9835
mixed,8,6,0.75,4.0,64,2048,1024,4096,3328,535.534,593.426,593.68,1.0044
mixed,8,6,0.75,4.0,64,2048,2048,8192,6656,785.2,897.426,898.562,1.0101
mixed,8,6,0.75,4.0,64,2048,4096,16384,13312,1277.813,1513.38,1505.891,0.9682
mixed,8,6,0.75,4.0,64,2048,8192,32768,26624,2267.43,2726.581,2721.127,0.9881
mixed,8,6,0.75,4.0,64,8192,128,512,416,728.993,727.553,728.001,
mixed,8,6,0.75,4.0,64,8192,256,1024,832,729.396,731.743,728.979,-0.1777
mixed,8,6,0.75,4.0,64,8192,512,2048,1664,729.394,792.897,729.473,0.0013
mixed,8,6,0.75,4.0,64,8192,1024,4096,3328,993.312,1053.076,1050.848,0.9627
mixed,8,6,0.75,4.0,64,8192,2048,8192,6656,1245.554,1361.684,1356.755,0.9576
mixed,8,6,0.75,4.0,64,8192,4096,16384,13312,1741.445,1969.445,1974.917,1.024
mixed,8,6,0.75,4.0,64,8192,8192,32768,26624,2729.896,3191.707,3182.601,0.9803
mixed,8,6,0.75,4.0,64,16384,128,512,416,1326.788,1327.972,1326.227,-0.4728
mixed,8,6,0.75,4.0,64,16384,256,1024,832,1326.162,1325.748,1326.916,
mixed,8,6,0.75,4.0,64,16384,512,2048,1664,1327.523,1327.283,1327.3,
mixed,8,6,0.75,4.0,64,16384,1024,4096,3328,1326.291,1397.365,1329.956,0.0516
mixed,8,6,0.75,4.0,64,16384,2048,8192,6656,1847.109,1957.733,1958.071,1.0031
mixed,8,6,0.75,4.0,64,16384,4096,16384,13312,2339.078,2567.606,2571.574,1.0174
mixed,8,6,0.75,4.0,64,16384,8192,32768,26624,3329.338,3781.577,3780.072,0.9967
mixed,8,6,0.75,4.0,256,0,128,512,416,278.799,286.531,284.607,0.7512
mixed,8,6,0.75,4.0,256,0,256,1024,832,297.425,300.352,299.105,0.5739
mixed,8,6,0.75,4.0,256,0,512,2048,1664,302.514,328.783,326.963,0.9307
mixed,8,6,0.75,4.0,256,0,1024,4096,3328,427.875,483.763,485.281,1.0272
mixed,8,6,0.75,4.0,256,0,2048,8192,6656,676.498,791.553,786.802,0.9587
mixed,8,6,0.75,4.0,256,0,4096,16384,13312,1167.187,1401.251,1396.341,0.979
mixed,8,6,0.75,4.0,256,0,8192,32768,26624,2160.454,2620.902,2621.543,1.0014
mixed,8,6,0.75,4.0,256,512,128,512,416,434.832,437.7,435.438,0.2113
mixed,8,6,0.75,4.0,256,512,256,1024,832,459.345,473.842,472.514,0.9084
mixed,8,6,0.75,4.0,256,512,512,2048,1664,523.426,553.409,550.993,0.9194
mixed,8,6,0.75,4.0,256,512,1024,4096,3328,649.57,705.092,704.449,0.9884
mixed,8,6,0.75,4.0,256,512,2048,8192,6656,895.283,1011.365,1012.003,1.0055
mixed,8,6,0.75,4.0,256,512,4096,16384,13312,1395.442,1618.325,1616.772,0.993
mixed,8,6,0.75,4.0,256,512,8192,32768,26624,2377.222,2841.399,2832.663,0.9812
mixed,8,6,0.75,4.0,256,2048,128,512,416,896.675,899.059,897.538,0.362
mixed,8,6,0.75,4.0,256,2048,256,1024,832,899.731,896.595,897.073,
mixed,8,6,0.75,4.0,256,2048,512,2048,1664,896.836,901.187,902.402,1.2792
mixed,8,6,0.75,4.0,256,2048,1024,4096,3328,998.563,1055.138,1052.725,0.9574
mixed,8,6,0.75,4.0,256,2048,2048,8192,6656,1244.912,1356.757,1358.725,1.0176
mixed,8,6,0.75,4.0,256,2048,4096,16384,13312,1738.31,1968.373,1968.805,1.0019
mixed,8,6,0.75,4.0,256,2048,8192,32768,26624,2727.319,3184.152,3182.265,0.9959
mixed,8,6,0.75,4.0,256,8192,128,512,416,2706.888,2703.879,2702.105,
mixed,8,6,0.75,4.0,256,8192,256,1024,832,2707.367,2705.355,2705.767,
mixed,8,6,0.75,4.0,256,8192,512,2048,1664,2700.919,2713.543,2700.805,-0.009
mixed,8,6,0.75,4.0,256,8192,1024,4096,3328,2703.606,2700.838,2701.575,
mixed,8,6,0.75,4.0,256,8192,2048,8192,6656,2700.566,2713.525,2717.464,1.304
mixed,8,6,0.75,4.0,256,8192,4096,16384,13312,3107.289,3315.26,3313.751,0.9927
mixed,8,6,0.75,4.0,256,8192,8192,32768,26624,4078.505,4537.598,4532.334,0.9885
mixed,8,6,0.75,4.0,256,16384,128,512,416,5116.254,5106.494,5118.845,
mixed,8,6,0.75,4.0,256,16384,256,1024,832,5118.895,5144.015,5124.225,0.2122
mixed,8,6,0.75,4.0,256,16384,512,2048,1664,5115.149,5111.644,5115.185,
mixed,8,6,0.75,4.0,256,16384,1024,4096,3328,5112.095,5115.898,5110.526,-0.4123
mixed,8,6,0.75,4.0,256,16384,2048,8192,6656,5108.734,5115.996,5112.636,0.5373
mixed,8,6,0.75,4.0,256,16384,4096,16384,13312,5114.909,5117.872,5118.877,1.3392
mixed,8,6,0.75,4.0,256,16384,8192,32768,26624,5886.855,6348.273,6343.811,0.9903
mixed,8,6,0.75,4.0,1024,0,128,512,416,677.106,670.848,680.274,
mixed,8,6,0.75,4.0,1024,0,256,1024,832,687.075,682.305,683.873,
mixed,8,6,0.75,4.0,1024,0,512,2048,1664,693.875,694.432,691.729,-3.8484
mixed,8,6,0.75,4.0,1024,0,1024,4096,3328,709.57,722.112,716.336,0.5394
mixed,8,6,0.75,4.0,1024,0,2048,8192,6656,744.259,760.881,740.722,-0.2128
mixed,8,6,0.75,4.0,1024,0,4096,16384,13312,810.371,839.173,801.364,-0.3127
mixed,8,6,0.75,4.0,1024,0,8192,32768,26624,941.169,998.019,935.954,-0.0917
mixed,8,6,0.75,4.0,1024,512,128,512,416,1084.724,1074.756,1083.684,
mixed,8,6,0.75,4.0,1024,512,256,1024,832,1092.484,1086.551,1088.179,
mixed,8,6,0.75,4.0,1024,512,512,2048,1664,1096.724,1101.238,1098.451,0.3826
mixed,8,6,0.75,4.0,1024,512,1024,4096,3328,1116.56,1124.93,1120.771,0.503
mixed,8,6,0.75,4.0,1024,512,2048,8192,6656,1150.102,1161.829,1145.505,-0.392
mixed,8,6,0.75,4.0,1024,512,4096,16384,13312,1211.251,1243.495,1208.981,-0.0704
mixed,8,6,0.75,4.0,1024,512,8192,32768,26624,1343.11,1402.95,1341.73,-0.0231
mixed,8,6,0.75,4.0,1024,2048,128,512,416,1786.515,1772.915,1786.099,
mixed,8,6,0.75,4.0,1024,2048,256,1024,832,1788.613,1787.297,1790.789,
mixed,8,6,0.75,4.0,1024,2048,512,2048,1664,1796.23,1799.731,1798.934,0.7723
mixed,8,6,0.75,4.0,1024,2048,1024,4096,3328,1820.642,1825.092,1819.78,-0.1937
mixed,8,6,0.75,4.0,1024,2048,2048,8192,6656,1854.502,1863.602,1845.22,-1.0198
mixed,8,6,0.75,4.0,1024,2048,4096,16384,13312,1911.202,1939.732,1911.573,0.013
mixed,8,6,0.75,4.0,1024,2048,8192,32768,26624,2034.634,2093.479,2036.613,0.0336
mixed,8,6,0.75,4.0,1024,8192,128,512,416,4566.142,4570.505,4573.096,1.5939
mixed,8,6,0.75,4.0,1024,8192,256,1024,832,4581.962,4562.397,4593.401,
mixed,8,6,0.75,4.0,1024,8192,512,2048,1664,4578.876,4580.748,4582.379,1.8713
mixed,8,6,0.75,4.0,1024,8192,1024,4096,3328,4595.564,4619.327,4599.927,0.1836
mixed,8,6,0.75,4.0,1024,8192,2048,8192,6656,4638.842,4651.504,4620.702,-1.4326
mixed,8,6,0.75,4.0,1024,8192,4096,16384,13312,4695.15,4729.178,4707.13,0.3521
mixed,8,6,0.75,4.0,1024,8192,8192,32768,26624,4834.091,4884.044,4823.694,-0.2082
mixed,8,6,0.75,4.0,1024,16384,128,512,416,8250.596,8275.287,8252.522,0.078
mixed,8,6,0.75,4.0,1024,16384,256,1024,832,8273.332,8254.884,8258.342,
mixed,8,6,0.75,4.0,1024,16384,512,2048,1664,8280.996,8267.395,8270.489,
mixed,8,6,0.75,4.0,1024,16384,1024,4096,3328,8294.149,8283.234,8299.862,
mixed,8,6,0.75,4.0,1024,16384,2048,8192,6656,8332.44,8340.102,8308.983,-3.0615
mixed,8,6,0.75,4.0,1024,16384,4096,16384,13312,8379.693,8410.564,8390.63,0.3543
mixed,8,6,0.75,4.0,1024,16384,8192,32768,26624,8498.406,8570.257,8538.871,0.5632
mixed,8,6,0.75,4.0,4096,0,128,512,416,3722.104,3705.53,3713.355,
mixed,8,6,0.75,4.0,4096,0,256,1024,832,3718.967,3718.461,3720.665,
mixed,8,6,0.75,4.0,4096,0,512,2048,1664,3731.691,3730.492,3727.064,
mixed,8,6,0.75,4.0,4096,0,1024,4096,3328,3735.991,3765.658,3743.832,0.2643
mixed,8,6,0.75,4.0,4096,0,2048,8192,6656,3788.377,3795.96,3773.677,-1.9382
mixed,8,6,0.75,4.0,4096,0,4096,16384,13312,3851.899,3873.224,3842.267,-0.4517
mixed,8,6,0.75,4.0,4096,0,8192,32768,26624,3972.344,4031.193,3975.865,0.0598
mixed,8,6,0.75,4.0,4096,512,128,512,416,4839.214,4837.949,4832.545,
mixed,8,6,0.75,4.0,4096,512,256,1024,832,4851.789,4840.973,4850.876,
mixed,8,6,0.75,4.0,4096,512,512,2048,1664,4865.563,4859.455,4859.404,
mixed,8,6,0.75,4.0,4096,512,1024,4096,3328,4868.936,4881.551,4880.173,0.8907
mixed,8,6,0.75,4.0,4096,512,2048,8192,6656,4911.611,4925.921,4903.258,-0.5837
mixed,8,6,0.75,4.0,4096,512,4096,16384,13312,4971.009,5013.871,4975.372,0.1018
mixed,8,6,0.75,4.0,4096,512,8192,32768,26624,5103.31,5163.407,5099.55,-0.0625
mixed,8,6,0.75,4.0,4096,2048,128,512,416,6794.307,6776.852,6795.331,
mixed,8,6,0.75,4.0,4096,2048,256,1024,832,6805.537,6832.852,6798.261,-0.2663
mixed,8,6,0.75,4.0,4096,2048,512,2048,1664,6807.573,6815.458,6804.914,-0.3372
mixed,8,6,0.75,4.0,4096,2048,1024,4096,3328,6823.476,6837.395,6836.209,0.9148
mixed,8,6,0.75,4.0,4096,2048,2048,8192,6656,6876.487,6879.558,6856.406,-6.5365
mixed,8,6,0.75,4.0,4096,2048,4096,16384,13312,6919.265,6953.318,6921.316,0.0602
mixed,8,6,0.75,4.0,4096,2048,8192,32768,26624,7051.286,7108.1,7050.276,-0.0178
mixed,8,6,0.75,4.0,4096,8192,128,512,416,14764.319,14697.264,14655.528,
mixed,8,6,0.75,4.0,4096,8192,256,1024,832,15046.969,14695.74,14803.559,
mixed,8,6,0.75,4.0,4096,8192,512,2048,1664,14923.258,14816.608,14925.562,
mixed,8,6,0.75,4.0,4096,8192,1024,4096,3328,14693.576,14894.6,14958.523,1.318
mixed,8,6,0.75,4.0,4096,8192,2048,8192,6656,14741.02,14736.376,14979.557,
mixed,8,6,0.75,4.0,4096,8192,4096,16384,13312,14998.535,14928.604,14825.206,
mixed,8,6,0.75,4.0,4096,8192,8192,32768,26624,15210.826,15152.476,14926.539,
mixed,8,6,0.75,4.0,4096,16384,128,512,416,25672.596,26087.61,25526.579,-0.3518
mixed,8,6,0.75,4.0,4096,16384,256,1024,832,25411.052,25775.092,26024.95,1.6863
mixed,8,6,0.75,4.0,4096,16384,512,2048,1664,26509.155,26320.058,25961.878,
mixed,8,6,0.75,4.0,4096,16384,1024,4096,3328,25210.919,26342.587,25691.712,0.4249
mixed,8,6,0.75,4.0,4096,16384,2048,8192,6656,25546.812,26074.825,26262.683,1.3558
mixed,8,6,0.75,4.0,4096,16384,4096,16384,13312,26297.132,26183.071,26463.645,
mixed,8,6,0.75,4.0,4096,16384,8192,32768,26624,25683.726,26161.518,26111.738,0.8958
pure,8,7,0.875,4.0,0,0,128,512,464,120.992,119.648,118.639,
pure,8,7,0.875,4.0,0,0,256,1024,928,136.226,130.784,128.688,
pure,8,7,0.875,4.0,0,0,512,2048,1856,143.681,143.359,145.136,
pure,8,7,0.875,4.0,0,0,1024,4096,3712,163.249,168.129,163.904,0.1342
pure,8,7,0.875,4.0,0,0,2048,8192,7424,195.762,207.055,197.279,0.1344
pure,8,7,0.875,4.0,0,0,4096,16384,14848,270.514,284.69,265.825,-0.3307
pure,8,7,0.875,4.0,0,0,8192,32768,29696,416.226,445.902,406.673,-0.3219
mixed,8,7,0.875,4.0,16,0,128,512,464,134.785,136.944,136.464,0.778
mixed,8,7,0.875,4.0,16,0,256,1024,928,143.665,147.873,147.072,0.8097
mixed,8,7,0.875,4.0,16,0,512,2048,1856,163.457,168.367,167.712,0.8666
mixed,8,7,0.875,4.0,16,0,1024,4096,3712,198.048,206.8,205.49,0.8504
mixed,8,7,0.875,4.0,16,0,2048,8192,7424,269.474,284.21,283.601,0.9586
mixed,8,7,0.875,4.0,16,0,4096,16384,14848,409.312,438.05,436.753,0.9549
mixed,8,7,0.875,4.0,16,0,8192,32768,29696,688.147,748.146,742.993,0.9141
mixed,8,7,0.875,4.0,16,512,128,512,464,167.073,197.776,196.291,0.9516
mixed,8,7,0.875,4.0,16,512,256,1024,928,172.291,169.873,167.712,
mixed,8,7,0.875,4.0,16,512,512,2048,1856,176.145,182.225,181.793,0.9289
mixed,8,7,0.875,4.0,16,512,1024,4096,3712,195.186,205.344,204.673,0.9339
mixed,8,7,0.875,4.0,16,512,2048,8192,7424,270.144,284.351,284.514,1.0114
mixed,8,7,0.875,4.0,16,512,4096,16384,14848,410.943,437.776,436.403,0.9488
mixed,8,7,0.875,4.0,16,512,8192,32768,29696,687.539,746.61,745.603,0.983
mixed,8,7,0.875,4.0,16,2048,128,512,464,213.215,219.76,218.096,0.7457
mixed,8,7,0.875,4.0,16,2048,256,1024,928,198.783,199.024,200.013,5.0952
mixed,8,7,0.875,4.0,16,2048,512,2048,1856,266.48,276.337,275.872,0.9529
mixed,8,7,0.875,4.0,16,2048,1024,4096,3712,220.687,224.721,224.96,1.0591
mixed,8,7,0.875,4.0,16,2048,2048,8192,7424,285.747,299.712,299.313,0.9715
mixed,8,7,0.875,4.0,16,2048,4096,16384,14848,412.193,440.786,439.009,0.9378
mixed,8,7,0.875,4.0,16,2048,8192,32768,29696,692.913,752.048,747.746,0.9272
mixed,8,7,0.875,4.0,16,8192,128,512,464,329.041,335.043,335.345,1.0504
mixed,8,7,0.875,4.0,16,8192,256,1024,928,366.146,374.481,373.761,0.9136
mixed,8,7,0.875,4.0,16,8192,512,2048,1856,439.729,454.577,454.081,0.9666
mixed,8,7,0.875,4.0,16,8192,1024,4096,3712,355.713,355.042,355.202,
mixed,8,7,0.875,4.0,16,8192,2048,8192,7424,544.562,589.332,588.849,0.9892
mixed,8,7,0.875,4.0,16,8192,4096,16384,14848,461.392,463.634,460.64,-0.3352
mixed,8,7,0.875,4.0,16,8192,8192,32768,29696,712.449,771.97,768.527,0.9422
mixed,8,7,0.875,4.0,16,16384,128,512,464,463.538,462.976,462.112,
mixed,8,7,0.875,4.0,16,16384,256,1024,928,463.791,500.848,501.602,1.0203
mixed,8,7,0.875,4.0,16,16384,512,2048,1856,595.937,608.658,609.395,1.0579
mixed,8,7,0.875,4.0,16,16384,1024,4096,3712,735.347,765.297,765.555,1.0086
mixed,8,7,0.875,4.0,16,16384,2048,8192,7424,753.697,565.411,783.841,
mixed,8,7,0.875,4.0,16,16384,4096,16384,14848,922.514,997.861,993.746,0.9454
mixed,8,7,0.875,4.0,16,16384,8192,32768,29696,773.906,775.538,771.266,-1.6173
mixed,8,7,0.875,4.0,64,0,128,512,464,138.337,144.368,143.376,0.8355
mixed,8,7,0.875,4.0,64,0,256,1024,928,173.569,182.705,182.482,0.9755
mixed,8,7,0.875,4.0,64,0,512,2048,1856,245.168,259.742,258.928,0.9441
mixed,8,7,0.875,4.0,64,0,1024,4096,3712,383.826,412.897,413.456,1.0192
mixed,8,7,0.875,4.0,64,0,2048,8192,7424,661.663,717.361,718.128,1.0138
mixed,8,7,0.875,4.0,64,0,4096,16384,14848,1212.723,1327.218,1326.019,0.9895
mixed,8,7,0.875,4.0,64,0,8192,32768,29696,2314.277,2545.048,2545.559,1.0022
mixed,8,7,0.875,4.0,64,512,128,512,464,198.784,203.488,202.864,0.8675
mixed,8,7,0.875,4.0,64,512,256,1024,928,234.017,241.983,242.367,1.0482
mixed,8,7,0.875,4.0,64,512,512,2048,1856,305.522,319.601,319.185,0.9705
mixed,8,7,0.875,4.0,64,512,1024,4096,3712,444.963,474.371,473.537,0.9716
mixed,8,7,0.875,4.0,64,512,2048,8192,7424,720.001,777.459,777.729,1.0047
mixed,8,7,0.875,4.0,64,512,4096,16384,14848,1271.761,1385.49,1385.156,0.9971
mixed,8,7,0.875,4.0,64,512,8192,32768,29696,2375.768,2602.951,2604.599,1.0073
mixed,8,7,0.875,4.0,64,2048,128,512,464,301.425,318.93,318.529,0.9771
mixed,8,7,0.875,4.0,64,2048,256,1024,928,350.624,359.075,359.153,1.0093
mixed,8,7,0.875,4.0,64,2048,512,2048,1856,423.395,438.111,438.271,1.0109
mixed,8,7,0.875,4.0,64,2048,1024,4096,3712,565.074,591.649,592.723,1.0404
mixed,8,7,0.875,4.0,64,2048,2048,8192,7424,841.041,896.72,896.816,1.0017
mixed,8,7,0.875,4.0,64,2048,4096,16384,14848,1392.678,1504.901,1506.036,1.0101
mixed,8,7,0.875,4.0,64,2048,8192,32768,29696,2493.111,2725.992,2732.933,1.0298
mixed,8,7,0.875,4.0,64,8192,128,512,464,727.969,727.266,727.62,
mixed,8,7,0.875,4.0,64,8192,256,1024,928,728.529,730.689,727.875,-0.303
mixed,8,7,0.875,4.0,64,8192,512,2048,1856,735.187,791.937,789.874,0.9637
mixed,8,7,0.875,4.0,64,8192,1024,4096,3712,1022.307,1052.385,1050.466,0.9362
mixed,8,7,0.875,4.0,64,8192,2048,8192,7424,1304.018,1359.298,1360.899,1.029
mixed,8,7,0.875,4.0,64,8192,4096,16384,14848,1854.246,1967.093,1967.156,1.0006
mixed,8,7,0.875,4.0,64,8192,8192,32768,29696,2962.278,3181.977,3184.184,1.01
mixed,8,7,0.875,4.0,64,16384,128,512,464,1327.811,1325.953,1326.244,
mixed,8,7,0.875,4.0,64,16384,256,1024,928,1326.147,1326.754,1326.18,0.0552
mixed,8,7,0.875,4.0,64,16384,512,2048,1856,1325.138,1326.341,1327.122,1.6496
mixed,8,7,0.875,4.0,64,16384,1024,4096,3712,1329.267,1395.732,1395.171,0.9916
mixed,8,7,0.875,4.0,64,16384,2048,8192,7424,1901.413,1961.846,1956.629,0.9137
mixed,8,7,0.875,4.0,64,16384,4096,16384,14848,2455.319,2568.134,2568.084,0.9996
mixed,8,7,0.875,4.0,64,16384,8192,32768,29696,3553.656,3783.467,3787.689,1.0184
mixed,8,7,0.875,4.0,256,0,128,512,464,280.113,283.121,285.663,1.8446
mixed,8,7,0.875,4.0,256,0,256,1024,928,298.207,299.68,300.625,1.6409
mixed,8,7,0.875,4.0,256,0,512,2048,1856,310.147,327.088,327.249,1.0095
mixed,8,7,0.875,4.0,256,0,1024,4096,3712,454.05,484.066,483.313,0.9749
mixed,8,7,0.875,4.0,256,0,2048,8192,7424,732.72,787.973,790.272,1.0416
mixed,8,7,0.875,4.0,256,0,4096,16384,14848,1284.114,1397.828,1397.668,0.9986
mixed,8,7,0.875,4.0,256,0,8192,32768,29696,2389.526,2619.3,2634.6,1.0666
mixed,8,7,0.875,4.0,256,512,128,512,464,432.498,434.258,433.441,0.5359
mixed,8,7,0.875,4.0,256,512,256,1024,928,464.113,472.882,473.985,1.1258
mixed,8,7,0.875,4.0,256,512,512,2048,1856,536.848,553.583,550.561,0.8194
mixed,8,7,0.875,4.0,256,512,1024,4096,3712,676.741,706.131,707.777,1.056
mixed,8,7,0.875,4.0,256,512,2048,8192,7424,952.322,1008.192,1008.305,1.002
mixed,8,7,0.875,4.0,256,512,4096,16384,14848,1504.707,1618.197,1619.252,1.0093
mixed,8,7,0.875,4.0,256,512,8192,32768,29696,2616.296,2848.184,2838.535,0.9584
mixed,8,7,0.875,4.0,256,2048,128,512,464,895.953,896.643,897.283,1.9268
mixed,8,7,0.875,4.0,256,2048,256,1024,928,895.378,900.02,899.105,0.803
mixed,8,7,0.875,4.0,256,2048,512,2048,1856,896.9,896.099,899.554,
mixed,8,7,0.875,4.0,256,2048,1024,4096,3712,1022.339,1052.787,1052.195,0.9806
mixed,8,7,0.875,4.0,256,2048,2048,8192,7424,1300.883,1357.266,1357.108,0.9972
mixed,8,7,0.875,4.0,256,2048,4096,16384,14848,1853.669,1968.375,1967.859,0.9955
mixed,8,7,0.875,4.0,256,2048,8192,32768,29696,2977.913,3205.289,3184.583,0.9089
mixed,8,7,0.875,4.0,256,8192,128,512,464,2705.718,2704.069,2704.356,
mixed,8,7,0.875,4.0,256,8192,256,1024,928,2703.846,2701.382,2708.296,
mixed,8,7,0.875,4.0,256,8192,512,2048,1856,2699.128,2716.439,2710.565,0.6607
mixed,8,7,0.875,4.0,256,8192,1024,4096,3712,2718.153,2702.584,2702.552,
mixed,8,7,0.875,4.0,256,8192,2048,8192,7424,2697.095,2710.601,2712.089,1.1102
mixed,8,7,0.875,4.0,256,8192,4096,16384,14848,3205.881,3318.6,3318.934,1.003
mixed,8,7,0.875,4.0,256,8192,8192,32768,29696,4309.343,4533.005,4535.532,1.0113
mixed,8,7,0.875,4.0,256,16384,128,512,464,5107.342,5108.189,5114.797,8.8063
mixed,8,7,0.875,4.0,256,16384,256,1024,928,5109.87,5111.963,5117.859,3.8172
mixed,8,7,0.875,4.0,256,16384,512,2048,1856,5113.996,5110.574,5114.204,
mixed,8,7,0.875,4.0,256,16384,1024,4096,3712,5114.99,5110.494,5108.556,
mixed,8,7,0.875,4.0,256,16384,2048,8192,7424,5116.047,5117.516,5114.815,-0.8393
mixed,8,7,0.875,4.0,256,16384,4096,16384,14848,5115.692,5130.522,5128.044,0.8329
mixed,8,7,0.875,4.0,256,16384,8192,32768,29696,6120.799,6347.698,6346.462,0.9946
mixed,8,7,0.875,4.0,1024,0,128,512,464,670.865,671.954,671.714,0.7795
mixed,8,7,0.875,4.0,1024,0,256,1024,928,685.889,681.154,678.574,
mixed,8,7,0.875,4.0,1024,0,512,2048,1856,696.275,694.96,697.456,
mixed,8,7,0.875,4.0,1024,0,1024,4096,3712,717.986,722.623,716.532,-0.3134
mixed,8,7,0.875,4.0,1024,0,2048,8192,7424,750.353,761.476,750.61,0.0231
mixed,8,7,0.875,4.0,1024,0,4096,16384,14848,822.611,840.036,823.057,0.0256
mixed,8,7,0.875,4.0,1024,0,8192,32768,29696,966.404,997.986,961.635,-0.151
mixed,8,7,0.875,4.0,1024,512,128,512,464,1078.182,1072.562,1076.082,
mixed,8,7,0.875,4.0,1024,512,256,1024,928,1092.467,1083.539,1085.141,
mixed,8,7,0.875,4.0,1024,512,512,2048,1856,1101.827,1098.866,1101.618,
mixed,8,7,0.875,4.0,1024,512,1024,4096,3712,1119.812,1127.603,1127.989,1.0495
mixed,8,7,0.875,4.0,1024,512,2048,8192,7424,1152.465,1164.068,1158.447,0.5155
mixed,8,7,0.875,4.0,1024,512,4096,16384,14848,1228.036,1245.155,1223.746,-0.2506
mixed,8,7,0.875,4.0,1024,512,8192,32768,29696,1373.684,1402.676,1371.475,-0.0762
mixed,8,7,0.875,4.0,1024,2048,128,512,464,1778.803,1771.556,1775.573,
mixed,8,7,0.875,4.0,1024,2048,256,1024,928,1789.72,1784.357,1785.204,
mixed,8,7,0.875,4.0,1024,2048,512,2048,1856,1800.005,1796.9,1807.093,
mixed,8,7,0.875,4.0,1024,2048,1024,4096,3712,1820.328,1825.778,1819.428,-0.1649
mixed,8,7,0.875,4.0,1024,2048,2048,8192,7424,1852.916,1863.013,1854.167,0.1239
mixed,8,7,0.875,4.0,1024,2048,4096,16384,14848,1926.563,1944.794,1923.589,-0.1631
mixed,8,7,0.875,4.0,1024,2048,8192,32768,29696,2063.413,2099.093,2062.729,-0.0192
mixed,8,7,0.875,4.0,1024,8192,128,512,464,4551.468,4563.755,4560.473,0.7329
mixed,8,7,0.875,4.0,1024,8192,256,1024,928,4576.445,4567.086,4567.387,
mixed,8,7,0.875,4.0,1024,8192,512,2048,1856,4575.694,4576.62,4593.385,19.1053
mixed,8,7,0.875,4.0,1024,8192,1024,4096,3712,4601.645,4607.487,4606.379,0.8103
mixed,8,7,0.875,4.0,1024,8192,2048,8192,7424,4635.02,4642.273,4630.382,-0.6393
mixed,8,7,0.875,4.0,1024,8192,4096,16384,14848,4714.158,4728.092,4710.065,-0.2938
mixed,8,7,0.875,4.0,1024,8192,8192,32768,29696,4850.128,4882.38,4838.75,-0.3528
mixed,8,7,0.875,4.0,1024,16384,128,512,464,8251.174,8248.038,8246.576,
mixed,8,7,0.875,4.0,1024,16384,256,1024,928,8261.877,8257.127,8254.475,
mixed,8,7,0.875,4.0,1024,16384,512,2048,1856,8260.566,8270.824,8268.164,0.7407
mixed,8,7,0.875,4.0,1024,16384,1024,4096,3712,8313.86,8295.521,8303.157,
mixed,8,7,0.875,4.0,1024,16384,2048,8192,7424,8336.486,8354.127,8337.415,0.0526
mixed,8,7,0.875,4.0,1024,16384,4096,16384,14848,8398.403,8408.279,8399.292,0.09
mixed,8,7,0.875,4.0,1024,16384,8192,32768,29696,8547.629,8578.455,8533.243,-0.4667
mixed,8,7,0.875,4.0,4096,0,128,512,464,3706.428,3705.165,3701.02,
mixed,8,7,0.875,4.0,4096,0,256,1024,928,3722.363,3711.818,3713.961,
mixed,8,7,0.875,4.0,4096,0,512,2048,1856,3736.172,3725.994,3724.156,
mixed,8,7,0.875,4.0,4096,0,1024,4096,3712,3752.457,3751.18,3754.088,
mixed,8,7,0.875,4.0,4096,0,2048,8192,7424,3782.764,3796.778,3789.693,0.4944
mixed,8,7,0.875,4.0,4096,0,4096,16384,14848,3864.525,3878.234,3857.465,-0.515
mixed,8,7,0.875,4.0,4096,0,8192,32768,29696,3999.818,4033.528,3997.196,-0.0778
mixed,8,7,0.875,4.0,4096,512,128,512,464,4829.628,4829.596,4825.436,
mixed,8,7,0.875,4.0,4096,512,256,1024,928,4839.022,4838.207,4847.551,
mixed,8,7,0.875,4.0,4096,512,512,2048,1856,4860.429,4859.899,4858.624,
mixed,8,7,0.875,4.0,4096,512,1024,4096,3712,4888.717,4886.443,4879.452,
mixed,8,7,0.875,4.0,4096,512,2048,8192,7424,4906.942,4915.597,4928.649,2.508
mixed,8,7,0.875,4.0,4096,512,4096,16384,14848,4994.8,5004.176,4981.854,-1.3808
mixed,8,7,0.875,4.0,4096,512,8192,32768,29696,5124.236,5162.016,5128.462,0.1118
mixed,8,7,0.875,4.0,4096,2048,128,512,464,6786.301,6784.199,6788.02,
mixed,8,7,0.875,4.0,4096,2048,256,1024,928,6801.06,6796.215,6797.315,
mixed,8,7,0.875,4.0,4096,2048,512,2048,1856,6820.467,6824.738,6807.504,-3.0346
mixed,8,7,0.875,4.0,4096,2048,1024,4096,3712,6833.002,6831.978,6831.556,
mixed,8,7,0.875,4.0,4096,2048,2048,8192,7424,6864.401,6875.969,6882.852,1.595
mixed,8,7,0.875,4.0,4096,2048,4096,16384,14848,6933.189,6978.819,6932.024,-0.0256
mixed,8,7,0.875,4.0,4096,2048,8192,32768,29696,7078.486,7120.882,7077.092,-0.0329
mixed,8,7,0.875,4.0,4096,8192,128,512,464,14664.428,14656.133,14644.856,
mixed,8,7,0.875,4.0,4096,8192,256,1024,928,14805.165,15040.244,14663.883,-0.601
mixed,8,7,0.875,4.0,4096,8192,512,2048,1856,15013.19,14685.642,14980.027,
mixed,8,7,0.875,4.0,4096,8192,1024,4096,3712,14714.423,14996.572,14895.481,0.6417
mixed,8,7,0.875,4.0,4096,8192,2048,8192,7424,14891.467,14758.989,14754.489,
mixed,8,7,0.875,4.0,4096,8192,4096,16384,14848,15195.531,15151.409,15134.655,
mixed,8,7,0.875,4.0,4096,8192,8192,32768,29696,14950.023,14965.18,14944.038,-0.3949
mixed,8,7,0.875,4.0,4096,16384,128,512,464,25470.301,25741.827,25999.533,1.9491
mixed,8,7,0.875,4.0,4096,16384,256,1024,928,25626.023,26312.19,25833.287,0.3021
mixed,8,7,0.875,4.0,4096,16384,512,2048,1856,25197.496,25966.863,25992.689,1.0336
mixed,8,7,0.875,4.0,4096,16384,1024,4096,3712,25262.878,26016.929,26210.075,1.2561
mixed,8,7,0.875,4.0,4096,16384,2048,8192,7424,26222.415,25662.669,25389.484,
mixed,8,7,0.875,4.0,4096,16384,4096,16384,14848,25471.991,26385.822,25730.908,0.2833
mixed,8,7,0.875,4.0,4096,16384,8192,32768,29696,26198.94,26585.029,25829.704,-0.9564
pure,16,1,0.0625,4.0,0,0,128,512,152,92.129,140.062,124.993,0.6856
pure,16,1,0.0625,4.0,0,0,256,1024,304,129.87,151.233,134.832,0.2323
pure,16,1,0.0625,4.0,0,0,512,2048,608,142.065,171.103,146.85,0.1648
pure,16,1,0.0625,4.0,0,0,1024,4096,1216,157.92,207.858,156.4,-0.0304
pure,16,1,0.0625,4.0,0,0,2048,8192,2432,173.714,286.339,184.255,0.0936
pure,16,1,0.0625,4.0,0,0,4096,16384,4864,222.831,447.489,294.88,0.3207
pure,16,1,0.0625,4.0,0,0,8192,32768,9728,316.594,759.954,454.052,0.31
mixed,16,1,0.0625,4.0,16,0,128,512,152,105.971,157.249,139.713,0.658
mixed,16,1,0.0625,4.0,16,0,256,1024,304,147.904,161.552,154.561,0.4878
mixed,16,1,0.0625,4.0,16,0,512,2048,608,158.499,183.538,173.344,0.5929
mixed,16,1,0.0625,4.0,16,0,1024,4096,1216,181.938,222.786,212.159,0.7398
mixed,16,1,0.0625,4.0,16,0,2048,8192,2432,201.489,304.577,290.609,0.8645
mixed,16,1,0.0625,4.0,16,0,4096,16384,4864,238.594,466.675,454.178,0.9452
mixed,16,1,0.0625,4.0,16,0,8192,32768,9728,335.088,776.369,764.336,0.9727
mixed,16,1,0.0625,4.0,16,512,128,512,152,165.855,179.12,166.448,0.0447
mixed,16,1,0.0625,4.0,16,512,256,1024,304,199.537,221.52,199.522,-0.0007
mixed,16,1,0.0625,4.0,16,512,512,2048,608,182.272,193.761,186.033,0.3274
mixed,16,1,0.0625,4.0,16,512,1024,4096,1216,223.889,282.913,226.721,0.048
mixed,16,1,0.0625,4.0,16,512,2048,8192,2432,204.865,365.168,288.882,0.5241
mixed,16,1,0.0625,4.0,16,512,4096,16384,4864,297.504,523.856,446.623,0.6588
mixed,16,1,0.0625,4.0,16,512,8192,32768,9728,395.489,836.386,755.842,0.8173
mixed,16,1,0.0625,4.0,16,2048,128,512,152,192.305,203.104,194.161,0.1719
mixed,16,1,0.0625,4.0,16,2048,256,1024,304,203.698,250.785,202.4,-0.0276
mixed,16,1,0.0625,4.0,16,2048,512,2048,608,203.873,234.243,206.961,0.1017
mixed,16,1,0.0625,4.0,16,2048,1024,4096,1216,269.791,361.442,266.065,-0.0406
mixed,16,1,0.0625,4.0,16,2048,2048,8192,2432,236.976,351.072,304.657,0.5932
mixed,16,1,0.0625,4.0,16,2048,4096,16384,4864,382.209,638.017,463.041,0.316
mixed,16,1,0.0625,4.0,16,2048,8192,32768,9728,509.474,950.357,762.035,0.5729
mixed,16,1,0.0625,4.0,16,8192,128,512,152,309.969,341.65,308.928,-0.0328
mixed,16,1,0.0625,4.0,16,8192,256,1024,304,320.815,382.737,319.728,-0.0175
mixed,16,1,0.0625,4.0,16,8192,512,2048,608,346.689,357.745,342.674,-0.3632
mixed,16,1,0.0625,4.0,16,8192,1024,4096,1216,397.602,488.642,384.545,-0.1434
mixed,16,1,0.0625,4.0,16,8192,2048,8192,2432,357.872,470.851,358.402,0.0047
mixed,16,1,0.0625,4.0,16,8192,4096,16384,4864,546.177,906.241,540.4,-0.016
mixed,16,1,0.0625,4.0,16,8192,8192,32768,9728,664.928,969.666,771.827,0.3508
mixed,16,1,0.0625,4.0,16,16384,128,512,152,469.312,499.041,471.204,0.0636
mixed,16,1,0.0625,4.0,16,16384,256,1024,304,469.89,539.01,468.356,-0.0222
mixed,16,1,0.0625,4.0,16,16384,512,2048,608,506.864,617.794,499.729,-0.0643
mixed,16,1,0.0625,4.0,16,16384,1024,4096,1216,554.4,564.659,541.105,-1.2962
mixed,16,1,0.0625,4.0,16,16384,2048,8192,2432,647.506,796.754,618.882,-0.1918
mixed,16,1,0.0625,4.0,16,16384,4096,16384,4864,564.147,782.131,566.529,0.0109
mixed,16,1,0.0625,4.0,16,16384,8192,32768,9728,913.682,1624.228,894.513,-0.027
mixed,16,1,0.0625,4.0,64,0,128,512,152,128.912,146.544,144.593,0.8893
mixed,16,1,0.0625,4.0,64,0,256,1024,304,129.712,186.225,182.431,0.9329
mixed,16,1,0.0625,4.0,64,0,512,2048,608,151.873,264.402,258.512,0.9477
mixed,16,1,0.0625,4.0,64,0,1024,4096,1216,200.5,415.444,412.8,0.9877
mixed,16,1,0.0625,4.0,64,0,2048,8192,2432,293.361,720.866,717.026,0.991
mixed,16,1,0.0625,4.0,64,0,4096,16384,4864,471.826,1328.403,1325.845,0.997
mixed,16,1,0.0625,4.0,64,0,8192,32768,9728,834.483,2556.68,2552.296,0.9975
mixed,16,1,0.0625,4.0,64,512,128,512,152,177.986,206.674,177.568,-0.0146
mixed,16,1,0.0625,4.0,64,512,256,1024,304,188.274,247.265,187.583,-0.0117
mixed,16,1,0.0625,4.0,64,512,512,2048,608,212.624,324.37,258.799,0.4132
mixed,16,1,0.0625,4.0,64,512,1024,4096,1216,261.97,475.537,413.953,0.7116
mixed,16,1,0.0625,4.0,64,512,2048,8192,2432,355.168,781.235,717.281,0.8499
mixed,16,1,0.0625,4.0,64,512,4096,16384,4864,533.104,1392.66,1326.337,0.9228
mixed,16,1,0.0625,4.0,64,512,8192,32768,9728,895.233,2605.704,2540.935,0.9621
mixed,16,1,0.0625,4.0,64,2048,128,512,152,292.625,323.12,292.561,-0.0021
mixed,16,1,0.0625,4.0,64,2048,256,1024,304,303.715,364.32,302.704,-0.0167
mixed,16,1,0.0625,4.0,64,2048,512,2048,608,329.84,442.93,324.225,-0.0497
mixed,16,1,0.0625,4.0,64,2048,1024,4096,1216,380.066,599.438,418.593,0.1756
mixed,16,1,0.0625,4.0,64,2048,2048,8192,2432,472.879,902.835,725.923,0.5885
mixed,16,1,0.0625,4.0,64,2048,4096,16384,4864,653.043,1518.756,1335.363,0.7882
mixed,16,1,0.0625,4.0,64,2048,8192,32768,9728,1016.435,2738.391,2556.742,0.8945
mixed,16,1,0.0625,4.0,64,8192,128,512,152,729.649,733.649,728.691,-0.2397
mixed,16,1,0.0625,4.0,64,8192,256,1024,304,729.283,825.537,730.387,0.0115
mixed,16,1,0.0625,4.0,64,8192,512,2048,608,729.666,903.89,732.802,0.018
mixed,16,1,0.0625,4.0,64,8192,1024,4096,1216,839.634,1059.041,824.963,-0.0669
mixed,16,1,0.0625,4.0,64,8192,2048,8192,2432,933.747,1364.339,903.638,-0.0699
mixed,16,1,0.0625,4.0,64,8192,4096,16384,4864,1114.741,1969.525,1346.438,0.2711
mixed,16,1,0.0625,4.0,64,8192,8192,32768,9728,1476.004,3193.098,2563.527,0.6334
mixed,16,1,0.0625,4.0,64,16384,128,512,152,1329.797,1330.387,1326.724,-5.2041
mixed,16,1,0.0625,4.0,64,16384,256,1024,304,1327.075,1328.275,1327.89,0.6792
mixed,16,1,0.0625,4.0,64,16384,512,2048,608,1327.875,1480.421,1333.748,0.0385
mixed,16,1,0.0625,4.0,64,16384,1024,4096,1216,1328.931,1655.604,1327.809,-0.0034
mixed,16,1,0.0625,4.0,64,16384,2048,8192,2432,1528.981,1962.949,1499.715,-0.0674
mixed,16,1,0.0625,4.0,64,16384,4096,16384,4864,1715.174,2574.805,1656.949,-0.0677
mixed,16,1,0.0625,4.0,64,16384,8192,32768,9728,2075.08,3790.475,2556.932,0.2809
mixed,16,1,0.0625,4.0,256,0,128,512,152,298.144,296.227,297.568,
mixed,16,1,0.0625,4.0,256,0,256,1024,304,303.552,303.969,301.776,-4.2578
mixed,16,1,0.0625,4.0,256,0,512,2048,608,299.601,328.53,321.296,0.7499
mixed,16,1,0.0625,4.0,256,0,1024,4096,1216,304.866,487.696,479.536,0.9554
mixed,16,1,0.0625,4.0,256,0,2048,8192,2432,360.563,791.987,787.984,0.9907
mixed,16,1,0.0625,4.0,256,0,4096,16384,4864,546.93,1405.604,1402.019,0.9958
mixed,16,1,0.0625,4.0,256,0,8192,32768,9728,907.587,2622.424,2610.535,0.9931
mixed,16,1,0.0625,4.0,256,512,128,512,152,439.475,493.905,443.024,0.0652
mixed,16,1,0.0625,4.0,256,512,256,1024,304,458.387,532.833,473.985,0.2095
mixed,16,1,0.0625,4.0,256,512,512,2048,608,499.313,611.889,552.945,0.4764
mixed,16,1,0.0625,4.0,256,512,1024,4096,1216,549.009,764.515,706.161,0.7292
mixed,16,1,0.0625,4.0,256,512,2048,8192,2432,639.616,1069.922,1011.313,0.8638
mixed,16,1,0.0625,4.0,256,512,4096,16384,4864,820.276,1678.998,1621.14,0.9326
mixed,16,1,0.0625,4.0,256,512,8192,32768,9728,1181.763,2896.118,2835.03,0.9644
mixed,16,1,0.0625,4.0,256,2048,128,512,152,899.554,898.212,897.457,
mixed,16,1,0.0625,4.0,256,2048,256,1024,304,898.805,920.37,901.459,0.123
mixed,16,1,0.0625,4.0,256,2048,512,2048,608,901.043,1066.002,901.86,0.005
mixed,16,1,0.0625,4.0,256,2048,1024,4096,1216,952.515,1222.196,1052.097,0.3693
mixed,16,1,0.0625,4.0,256,2048,2048,8192,2432,1097.236,1525.3,1356.883,0.6066
mixed,16,1,0.0625,4.0,256,2048,4096,16384,4864,1276.723,2133.557,1969.38,0.8084
mixed,16,1,0.0625,4.0,256,2048,8192,32768,9728,1637.62,3349.322,3181.59,0.902
mixed,16,1,0.0625,4.0,256,8192,128,512,152,2703.782,2706.023,2704.006,0.1004
mixed,16,1,0.0625,4.0,256,8192,256,1024,304,2705.368,2704.76,2703.144,
mixed,16,1,0.0625,4.0,256,8192,512,2048,608,2702.856,2700.935,2707.285,
mixed,16,1,0.0625,4.0,256,8192,1024,4096,1216,2702.15,2731.143,2703.413,0.0436
mixed,16,1,0.0625,4.0,256,8192,2048,8192,2432,2701.128,3325.115,2710.807,0.0155
mixed,16,1,0.0625,4.0,256,8192,4096,16384,4864,2853.463,3932.605,3314.025,0.4268
mixed,16,1,0.0625,4.0,256,8192,8192,32768,9728,3438.951,5150.592,4534.905,0.6403
mixed,16,1,0.0625,4.0,256,16384,128,512,152,5114.33,5114.092,5114.975,
mixed,16,1,0.0625,4.0,256,16384,256,1024,304,5119.308,5113.709,5116.475,
mixed,16,1,0.0625,4.0,256,16384,512,2048,608,5117.423,5113.916,5126.139,
mixed,16,1,0.0625,4.0,256,16384,1024,4096,1216,5135.233,5117.789,5115.471,
mixed,16,1,0.0625,4.0,256,16384,2048,8192,2432,5111.344,5145.937,5112.11,0.0222
mixed,16,1,0.0625,4.0,256,16384,4096,16384,4864,5116.509,6350.577,5121.678,0.0042
mixed,16,1,0.0625,4.0,256,16384,8192,32768,9728,5384.063,7570.066,6343.728,0.439
mixed,16,1,0.0625,4.0,1024,0,128,512,152,677.647,688.787,681.713,0.3649
mixed,16,1,0.0625,4.0,1024,0,256,1024,304,678.675,700.98,681.584,0.1304
mixed,16,1,0.0625,4.0,1024,0,512,2048,608,690.16,720.338,695.459,0.1756
mixed,16,1,0.0625,4.0,1024,0,1024,4096,1216,709.055,762.45,706.288,-0.0518
mixed,16,1,0.0625,4.0,1024,0,2048,8192,2432,731.523,838.774,738.933,0.0691
mixed,16,1,0.0625,4.0,1024,0,4096,16384,4864,776.736,1003.122,850.274,0.3248
mixed,16,1,0.0625,4.0,1024,0,8192,32768,9728,874.162,1319.49,1007.669,0.2998
mixed,16,1,0.0625,4.0,1024,512,128,512,152,1083.201,1096.754,1088.563,0.3956
mixed,16,1,0.0625,4.0,1024,512,256,1024,304,1085.825,1107.524,1087.68,0.0855
mixed,16,1,0.0625,4.0,1024,512,512,2048,608,1097.812,1125.907,1101.587,0.1344
mixed,16,1,0.0625,4.0,1024,512,1024,4096,1216,1115.091,1166.722,1110.595,-0.0871
mixed,16,1,0.0625,4.0,1024,512,2048,8192,2432,1135.83,1245.471,1141.571,0.0524
mixed,16,1,0.0625,4.0,1024,512,4096,16384,4864,1180.708,1408.212,1250.898,0.3085
mixed,16,1,0.0625,4.0,1024,512,8192,32768,9728,1271.812,1717.541,1411.955,0.3144
mixed,16,1,0.0625,4.0,1024,2048,128,512,152,1782.803,1789.203,1787.654,0.758
mixed,16,1,0.0625,4.0,1024,2048,256,1024,304,1781.733,1805.848,1786.292,0.1891
mixed,16,1,0.0625,4.0,1024,2048,512,2048,608,1796.114,1827.494,1799.399,0.1047
mixed,16,1,0.0625,4.0,1024,2048,1024,4096,1216,1814.148,1864.135,1811.622,-0.0505
mixed,16,1,0.0625,4.0,1024,2048,2048,8192,2432,1835.079,1942.099,1838.276,0.0299
mixed,16,1,0.0625,4.0,1024,2048,4096,16384,4864,1876.421,2096.748,1946.211,0.3168
mixed,16,1,0.0625,4.0,1024,2048,8192,32768,9728,1972.197,2408.892,2109.525,0.3145
mixed,16,1,0.0625,4.0,1024,8192,128,512,152,4575.514,4573.351,4564.971,
mixed,16,1,0.0625,4.0,1024,8192,256,1024,304,4570.49,4592.975,4567.34,-0.1401
mixed,16,1,0.0625,4.0,1024,8192,512,2048,608,4585.293,4608.364,4583.264,-0.0879
mixed,16,1,0.0625,4.0,1024,8192,1024,4096,1216,4600.207,4648.974,4585.854,-0.2943
mixed,16,1,0.0625,4.0,1024,8192,2048,8192,2432,4615.342,4723.594,4614.602,-0.0068
mixed,16,1,0.0625,4.0,1024,8192,4096,16384,4864,4660.655,4871.354,4726.765,0.3138
mixed,16,1,0.0625,4.0,1024,8192,8192,32768,9728,4751.519,5184.398,4886.204,0.3111
mixed,16,1,0.0625,4.0,1024,16384,128,512,152,8248.544,8270.488,8254.84,0.2869
mixed,16,1,0.0625,4.0,1024,16384,256,1024,304,8254.155,8272.528,8264.85,0.5821
mixed,16,1,0.0625,4.0,1024,16384,512,2048,608,8260.52,8310.579,8263.284,0.0552
mixed,16,1,0.0625,4.0,1024,16384,1024,4096,1216,8277.956,8334.775,8292.598,0.2577
mixed,16,1,0.0625,4.0,1024,16384,2048,8192,2432,8297.319,8408.682,8308.203,0.0977
mixed,16,1,0.0625,4.0,1024,16384,4096,16384,4864,8333.48,8569.702,8426.695,0.3946
mixed,16,1,0.0625,4.0,1024,16384,8192,32768,9728,8432.152,8904.889,8576.967,0.3063
mixed,16,1,0.0625,4.0,4096,0,128,512,152,3707.613,3722.716,3715.56,0.5262
mixed,16,1,0.0625,4.0,4096,0,256,1024,304,3713.596,3734.107,3711.016,-0.1258
mixed,16,1,0.0625,4.0,4096,0,512,2048,608,3728.506,3760.827,3729.753,0.0386
mixed,16,1,0.0625,4.0,4096,0,1024,4096,1216,3740.023,3794.078,3735.579,-0.0822
mixed,16,1,0.0625,4.0,4096,0,2048,8192,2432,3762.873,3884.107,3771.707,0.0729
mixed,16,1,0.0625,4.0,4096,0,4096,16384,4864,3814.955,4038.394,3883.262,0.3057
mixed,16,1,0.0625,4.0,4096,0,8192,32768,9728,3909.26,4344.653,4057.51,0.3405
mixed,16,1,0.0625,4.0,4096,512,128,512,152,4848.663,4854.576,4846.189,-0.4186
mixed,16,1,0.0625,4.0,4096,512,256,1024,304,4844.505,4864.785,4840.043,-0.22
mixed,16,1,0.0625,4.0,4096,512,512,2048,608,4856.015,4879.715,4861.816,0.2447
mixed,16,1,0.0625,4.0,4096,512,1024,4096,1216,4872.001,4916.492,4856.093,-0.3575
mixed,16,1,0.0625,4.0,4096,512,2048,8192,2432,4894.108,5010.286,4896.654,0.0219
mixed,16,1,0.0625,4.0,4096,512,4096,16384,4864,4930.617,5159.567,5010.812,0.3503
mixed,16,1,0.0625,4.0,4096,512,8192,32768,9728,5031.885,5473.344,5163.786,0.2988
mixed,16,1,0.0625,4.0,4096,2048,128,512,152,6791.204,6803.057,6800.803,0.8098
mixed,16,1,0.0625,4.0,4096,2048,256,1024,304,6795.364,6822.098,6810.776,0.5765
mixed,16,1,0.0625,4.0,4096,2048,512,2048,608,6811.22,6842.918,6814.144,0.0922
mixed,16,1,0.0625,4.0,4096,2048,1024,4096,1216,6878.371,6930.725,6817.446,-1.1637
mixed,16,1,0.0625,4.0,4096,2048,2048,8192,2432,6861.698,6951.322,6846.369,-0.171
mixed,16,1,0.0625,4.0,4096,2048,4096,16384,4864,6889.969,7117.558,6957.539,0.2969
mixed,16,1,0.0625,4.0,4096,2048,8192,32768,9728,6982.228,7429.387,7116.676,0.3007
mixed,16,1,0.0625,4.0,4096,8192,128,512,152,14676.956,14676.604,14833.068,
mixed,16,1,0.0625,4.0,4096,8192,256,1024,304,14679.964,14729.221,14675.689,-0.0868
mixed,16,1,0.0625,4.0,4096,8192,512,2048,608,14818.792,15126.706,14731.662,-0.283
mixed,16,1,0.0625,4.0,4096,8192,1024,4096,1216,14676.538,15102.129,15014.104,0.7932
mixed,16,1,0.0625,4.0,4096,8192,2048,8192,2432,14719.783,15212.539,14717.145,-0.0054
mixed,16,1,0.0625,4.0,4096,8192,4096,16384,4864,14905.312,15195.296,14943.658,0.1322
mixed,16,1,0.0625,4.0,4096,8192,8192,32768,9728,14862.673,15306.29,15021.872,0.3589
mixed,16,1,0.0625,4.0,4096,16384,128,512,152,25508.318,25590.968,25645.662,1.6617
mixed,16,1,0.0625,4.0,4096,16384,256,1024,304,26803.571,26561.013,25315.15,
mixed,16,1,0.0625,4.0,4096,16384,512,2048,608,25688.573,26116.332,25441.096,-0.5785
mixed,16,1,0.0625,4.0,4096,16384,1024,4096,1216,25711.802,25766.383,25503.918,-3.8087
mixed,16,1,0.0625,4.0,4096,16384,2048,8192,2432,25513.962,26872.016,25506.076,-0.0058
mixed,16,1,0.0625,4.0,4096,16384,4096,16384,4864,25278.303,26387.953,26219.129,0.8479
mixed,16,1,0.0625,4.0,4096,16384,8192,32768,9728,26540.986,25948.279,26557.063,
pure,16,2,0.125,4.0,0,0,128,512,176,92.608,141.088,125.33,0.675
pure,16,2,0.125,4.0,0,0,256,1024,352,136.193,149.903,138.673,0.1809
pure,16,2,0.125,4.0,0,0,512,2048,704,144.833,170.159,142.783,-0.0809
pure,16,2,0.125,4.0,0,0,1024,4096,1408,158.496,207.344,154.371,-0.0845
pure,16,2,0.125,4.0,0,0,2048,8192,2816,183.281,285.62,182.784,-0.0049
pure,16,2,0.125,4.0,0,0,4096,16384,5632,238.146,448.034,238.706,0.0027
pure,16,2,0.125,4.0,0,0,8192,32768,11264,345.376,760.992,356.274,0.0262
mixed,16,2,0.125,4.0,16,0,128,512,176,106.48,156.37,139.33,0.6584
mixed,16,2,0.125,4.0,16,0,256,1024,352,151.968,162.64,155.902,0.3686
mixed,16,2,0.125,4.0,16,0,512,2048,704,163.026,184.8,174.145,0.5107
mixed,16,2,0.125,4.0,16,0,1024,4096,1408,180.96,223.684,213.521,0.7621
mixed,16,2,0.125,4.0,16,0,2048,8192,2816,198.464,303.617,292.417,0.8935
mixed,16,2,0.125,4.0,16,0,4096,16384,5632,251.825,465.969,449.044,0.921
mixed,16,2,0.125,4.0,16,0,8192,32768,11264,365.218,776.611,757.204,0.9528
mixed,16,2,0.125,4.0,16,512,128,512,176,165.618,178.799,177.024,0.8653
mixed,16,2,0.125,4.0,16,512,256,1024,352,201.488,220.096,163.602,-2.036
mixed,16,2,0.125,4.0,16,512,512,2048,704,179.601,192.96,206.913,2.0444
mixed,16,2,0.125,4.0,16,512,1024,4096,1408,171.6,283.967,206.255,0.3084
mixed,16,2,0.125,4.0,16,512,2048,8192,2816,212.817,365.169,291.314,0.5152
mixed,16,2,0.125,4.0,16,512,4096,16384,5632,314.465,526.787,448.978,0.6335
mixed,16,2,0.125,4.0,16,512,8192,32768,11264,424.226,841.683,761.68,0.8084
mixed,16,2,0.125,4.0,16,2048,128,512,176,192.146,203.793,195.731,0.3078
mixed,16,2,0.125,4.0,16,2048,256,1024,352,204.049,249.712,205.009,0.021
mixed,16,2,0.125,4.0,16,2048,512,2048,704,201.935,234.273,229.936,0.8659
mixed,16,2,0.125,4.0,16,2048,1024,4096,1408,285.538,362.21,268.209,-0.226
mixed,16,2,0.125,4.0,16,2048,2048,8192,2816,321.521,353.409,328.53,0.2198
mixed,16,2,0.125,4.0,16,2048,4096,16384,5632,287.216,643.888,445.892,0.4449
mixed,16,2,0.125,4.0,16,2048,8192,32768,11264,541.952,960.674,766.225,0.5356
mixed,16,2,0.125,4.0,16,8192,128,512,176,310.992,344.656,309.92,-0.0318
mixed,16,2,0.125,4.0,16,8192,256,1024,352,326.385,383.106,321.297,-0.0897
mixed,16,2,0.125,4.0,16,8192,512,2048,704,357.538,359.359,344.978,-6.897
mixed,16,2,0.125,4.0,16,8192,1024,4096,1408,413.824,491.186,468.866,0.7115
mixed,16,2,0.125,4.0,16,8192,2048,8192,2816,354.578,471.235,469.377,0.9841
mixed,16,2,0.125,4.0,16,8192,4096,16384,5632,609.808,910.835,546.017,-0.2119
mixed,16,2,0.125,4.0,16,8192,8192,32768,11264,747.713,975.235,797.7,0.2197
mixed,16,2,0.125,4.0,16,16384,128,512,176,472.209,500.403,470.321,-0.067
mixed,16,2,0.125,4.0,16,16384,256,1024,352,475.026,541.665,480.178,0.0773
mixed,16,2,0.125,4.0,16,16384,512,2048,704,515.938,621.122,501.697,-0.1354
mixed,16,2,0.125,4.0,16,16384,1024,4096,1408,571.954,566.96,542.195,
mixed,16,2,0.125,4.0,16,16384,2048,8192,2816,679.473,802.481,784.562,0.8543
mixed,16,2,0.125,4.0,16,16384,4096,16384,5632,567.186,782.736,781.347,0.9936
mixed,16,2,0.125,4.0,16,16384,8192,32768,11264,1021.234,1631.638,902.162,-0.1951
mixed,16,2,0.125,4.0,64,0,128,512,176,130.015,147.968,144.641,0.8147
mixed,16,2,0.125,4.0,64,0,256,1024,352,132.019,186.608,182.929,0.9326
mixed,16,2,0.125,4.0,64,0,512,2048,704,161.503,265.2,260.53,0.955
mixed,16,2,0.125,4.0,64,0,1024,4096,1408,216.944,418.337,415.937,0.9881
mixed,16,2,0.125,4.0,64,0,2048,8192,2816,322.24,724.817,722.449,0.9941
mixed,16,2,0.125,4.0,64,0,4096,16384,5632,532.673,1339.218,1337.428,0.9978
mixed,16,2,0.125,4.0,64,0,8192,32768,11264,954.067,2563.064,2562.678,0.9998
mixed,16,2,0.125,4.0,64,512,128,512,176,178.05,207.345,177.585,-0.0159
mixed,16,2,0.125,4.0,64,512,256,1024,352,193.153,248.753,188.767,-0.0789
mixed,16,2,0.125,4.0,64,512,512,2048,704,223.264,325.857,262.209,0.3796
mixed,16,2,0.125,4.0,64,512,1024,4096,1408,277.632,478.785,417.729,0.6965
mixed,16,2,0.125,4.0,64,512,2048,8192,2816,384.591,785.923,723.761,0.8451
mixed,16,2,0.125,4.0,64,512,4096,16384,5632,595.202,1399.731,1338.404,0.9238
mixed,16,2,0.125,4.0,64,512,8192,32768,11264,1015.105,2625.303,2563.88,0.9619
mixed,16,2,0.125,4.0,64,2048,128,512,176,294.32,325.026,294.256,-0.0021
mixed,16,2,0.125,4.0,64,2048,256,1024,352,310.288,366.034,305.219,-0.0909
mixed,16,2,0.125,4.0,64,2048,512,2048,704,341.152,446.431,325.824,-0.1456
mixed,16,2,0.125,4.0,64,2048,1024,4096,1408,397.538,600.672,422.77,0.1242
mixed,16,2,0.125,4.0,64,2048,2048,8192,2816,504.466,907.619,731.025,0.562
mixed,16,2,0.125,4.0,64,2048,4096,16384,5632,715.397,1525.875,1346.436,0.7786
mixed,16,2,0.125,4.0,64,2048,8192,32768,11264,1136.675,2744.518,2577.415,0.8961
mixed,16,2,0.125,4.0,64,8192,128,512,176,731.874,734.355,733.028,0.4651
mixed,16,2,0.125,4.0,64,8192,256,1024,352,733.059,830.947,732.929,-0.0013
mixed,16,2,0.125,4.0,64,8192,512,2048,704,733.779,908.898,732.659,-0.0064
mixed,16,2,0.125,4.0,64,8192,1024,4096,1408,857.697,1064.803,831.859,-0.1248
mixed,16,2,0.125,4.0,64,8192,2048,8192,2816,965.921,1370.899,908.658,-0.1414
mixed,16,2,0.125,4.0,64,8192,4096,16384,5632,1178.771,1985.557,1358.594,0.2229
mixed,16,2,0.125,4.0,64,8192,8192,32768,11264,1601.444,3213.735,2589.892,0.6131
mixed,16,2,0.125,4.0,64,16384,128,512,176,1335.443,1336.627,1334.61,-0.7047
mixed,16,2,0.125,4.0,64,16384,256,1024,352,1336.963,1337.171,1341.299,20.7488
mixed,16,2,0.125,4.0,64,16384,512,2048,704,1339.956,1487.251,1336.114,-0.0261
mixed,16,2,0.125,4.0,64,16384,1024,4096,1408,1336.485,1666.035,1336.354,-0.0004
mixed,16,2,0.125,4.0,64,16384,2048,8192,2816,1568.148,1977.01,1510.354,-0.1414
mixed,16,2,0.125,4.0,64,16384,4096,16384,5632,1783.668,2587.253,1667.094,-0.1451
mixed,16,2,0.125,4.0,64,16384,8192,32768,11264,2206.517,3816.84,2573.001,0.2276
mixed,16,2,0.125,4.0,256,0,128,512,176,300.546,296.225,300.144,
mixed,16,2,0.125,4.0,256,0,256,1024,352,300.685,307.248,303.65,0.4518
mixed,16,2,0.125,4.0,256,0,512,2048,704,307.202,331.393,323.267,0.6641
mixed,16,2,0.125,4.0,256,0,1024,4096,1408,307.409,489.392,484.083,0.9708
mixed,16,2,0.125,4.0,256,0,2048,8192,2816,391.698,797.233,796.466,0.9981
mixed,16,2,0.125,4.0,256,0,4096,16384,5632,603.154,1414.547,1407.461,0.9913
mixed,16,2,0.125,4.0,256,0,8192,32768,11264,1024.852,2638.229,2639.912,1.001
mixed,16,2,0.125,4.0,256,512,128,512,176,443.134,495.264,446.289,0.0605
mixed,16,2,0.125,4.0,256,512,256,1024,352,469.457,534.527,475.808,0.0976
mixed,16,2,0.125,4.0,256,512,512,2048,704,510.16,613.761,556.051,0.443
mixed,16,2,0.125,4.0,256,512,1024,4096,1408,566.401,768.562,710.675,0.7137
mixed,16,2,0.125,4.0,256,512,2048,8192,2816,672.195,1073.108,1017.699,0.8618
mixed,16,2,0.125,4.0,256,512,4096,16384,5632,883.585,1686.9,1630.035,0.9292
mixed,16,2,0.125,4.0,256,512,8192,32768,11264,1310.451,2919.08,2856.967,0.9614
mixed,16,2,0.125,4.0,256,2048,128,512,176,904.913,902.658,902.131,
mixed,16,2,0.125,4.0,256,2048,256,1024,352,904.335,924.467,903.668,-0.0331
mixed,16,2,0.125,4.0,256,2048,512,2048,704,904.338,1072.562,906.45,0.0126
mixed,16,2,0.125,4.0,256,2048,1024,4096,1408,982.865,1227.828,1056.963,0.3025
mixed,16,2,0.125,4.0,256,2048,2048,8192,2816,1131.536,1530.548,1367.54,0.5915
mixed,16,2,0.125,4.0,256,2048,4096,16384,5632,1344.37,2145.894,1979.765,0.7927
mixed,16,2,0.125,4.0,256,2048,8192,32768,11264,1769.925,3373.466,3216.199,0.9019
mixed,16,2,0.125,4.0,256,8192,128,512,176,2724.07,2719.894,2727.861,
mixed,16,2,0.125,4.0,256,8192,256,1024,352,2721.512,2725.353,2723.894,0.6201
mixed,16,2,0.125,4.0,256,8192,512,2048,704,2727.704,2724.548,2735.623,
mixed,16,2,0.125,4.0,256,8192,1024,4096,1408,2724.662,2751.16,2720.713,-0.1491
mixed,16,2,0.125,4.0,256,8192,2048,8192,2816,2725.448,3345.352,2732.088,0.0107
mixed,16,2,0.125,4.0,256,8192,4096,16384,5632,2989.655,3960.059,3344.649,0.3658
mixed,16,2,0.125,4.0,256,8192,8192,32768,11264,3582.362,5189.889,4568.459,0.6134
mixed,16,2,0.125,4.0,256,16384,128,512,176,5151.872,5153.535,5154.304,1.4626
mixed,16,2,0.125,4.0,256,16384,256,1024,352,5156.91,5151.135,5146.193,
mixed,16,2,0.125,4.0,256,16384,512,2048,704,5170.096,5151.964,5154.189,
mixed,16,2,0.125,4.0,256,16384,1024,4096,1408,5154.836,5154.268,5151.071,
mixed,16,2,0.125,4.0,256,16384,2048,8192,2816,5154.992,5189.133,5146.668,-0.2438
mixed,16,2,0.125,4.0,256,16384,4096,16384,5632,5151.837,6402.593,5163.181,0.0091
mixed,16,2,0.125,4.0,256,16384,8192,32768,11264,5652.575,7623.573,6391.234,0.3748
mixed,16,2,0.125,4.0,1024,0,128,512,176,679.649,692.128,683.587,0.3156
mixed,16,2,0.125,4.0,1024,0,256,1024,352,685.394,703.106,689.313,0.2213
mixed,16,2,0.125,4.0,1024,0,512,2048,704,697.043,723.904,692.323,-0.1757
mixed,16,2,0.125,4.0,1024,0,1024,4096,1408,712.499,765.201,707.364,-0.0974
mixed,16,2,0.125,4.0,1024,0,2048,8192,2816,741.009,842.045,741.889,0.0087
mixed,16,2,0.125,4.0,1024,0,4096,16384,5632,793.745,1005.442,795.409,0.0079
mixed,16,2,0.125,4.0,1024,0,8192,32768,11264,907.158,1318.883,913.152,0.0146
mixed,16,2,0.125,4.0,1024,512,128,512,176,1088.818,1099.457,1092.628,0.3581
mixed,16,2,0.125,4.0,1024,512,256,1024,352,1097.971,1108.88,1097.327,-0.059
mixed,16,2,0.125,4.0,1024,512,512,2048,704,1104.96,1132.022,1103.823,-0.042
mixed,16,2,0.125,4.0,1024,512,1024,4096,1408,1115.974,1169.891,1113.873,-0.039
mixed,16,2,0.125,4.0,1024,512,2048,8192,2816,1150.336,1244.851,1144.661,-0.06
mixed,16,2,0.125,4.0,1024,512,4096,16384,5632,1197.775,1410.45,1201.009,0.0152
mixed,16,2,0.125,4.0,1024,512,8192,32768,11264,1310.9,1726.1,1320.782,0.0238
mixed,16,2,0.125,4.0,1024,2048,128,512,176,1788.259,1795.94,1792.901,0.6044
mixed,16,2,0.125,4.0,1024,2048,256,1024,352,1796.487,1812.852,1796.644,0.0096
mixed,16,2,0.125,4.0,1024,2048,512,2048,704,1806.695,1831.271,1807.22,0.0214
mixed,16,2,0.125,4.0,1024,2048,1024,4096,1408,1823.428,1871.284,1816.133,-0.1524
mixed,16,2,0.125,4.0,1024,2048,2048,8192,2816,1845.509,1947.409,1845.59,0.0008
mixed,16,2,0.125,4.0,1024,2048,4096,16384,5632,1896.995,2104.115,1900.179,0.0154
mixed,16,2,0.125,4.0,1024,2048,8192,32768,11264,2007.543,2427.61,2014.884,0.0175
mixed,16,2,0.125,4.0,1024,8192,128,512,176,4579.115,4590.493,4576.434,-0.2356
mixed,16,2,0.125,4.0,1024,8192,256,1024,352,4599.374,4613.58,4589.849,-0.6705
mixed,16,2,0.125,4.0,1024,8192,512,2048,704,4594.466,4611.02,4586.588,-0.4759
mixed,16,2,0.125,4.0,1024,8192,1024,4096,1408,4615.738,4667.854,4598.942,-0.3223
mixed,16,2,0.125,4.0,1024,8192,2048,8192,2816,4641.564,4746.667,4629.561,-0.1142
mixed,16,2,0.125,4.0,1024,8192,4096,16384,5632,4693.26,4911.291,4696.332,0.0141
mixed,16,2,0.125,4.0,1024,8192,8192,32768,11264,4813.502,5229.249,4801.508,-0.0288
mixed,16,2,0.125,4.0,1024,16384,128,512,176,8299.35,8305.717,8308.103,1.3748
mixed,16,2,0.125,4.0,1024,16384,256,1024,352,8298.938,8321.074,8305.706,0.3058
mixed,16,2,0.125,4.0,1024,16384,512,2048,704,8332.566,8341.269,8308.595,-2.7543
mixed,16,2,0.125,4.0,1024,16384,1024,4096,1408,8327.111,8365.365,8329.079,0.0514
mixed,16,2,0.125,4.0,1024,16384,2048,8192,2816,8354.748,8449.978,8357.779,0.0318
mixed,16,2,0.125,4.0,1024,16384,4096,16384,5632,8404.566,8615.075,8413.306,0.0415
mixed,16,2,0.125,4.0,1024,16384,8192,32768,11264,8519.178,8929.445,8512.875,-0.0154
mixed,16,2,0.125,4.0,4096,0,128,512,176,3727.367,3738.137,3720.251,-0.6607
mixed,16,2,0.125,4.0,4096,0,256,1024,352,3721.017,3742.554,3726.858,0.2712
mixed,16,2,0.125,4.0,4096,0,512,2048,704,3725.835,3761.529,3730.248,0.1236
mixed,16,2,0.125,4.0,4096,0,1024,4096,1408,3748.538,3806.01,3742.14,-0.1113
mixed,16,2,0.125,4.0,4096,0,2048,8192,2816,3776.024,3880.446,3767.977,-0.0771
mixed,16,2,0.125,4.0,4096,0,4096,16384,5632,3831.962,4039.195,3826.093,-0.0283
mixed,16,2,0.125,4.0,4096,0,8192,32768,11264,3936.651,4341.275,3947.081,0.0258
mixed,16,2,0.125,4.0,4096,512,128,512,176,4838.814,4857.306,4853.563,0.7976
mixed,16,2,0.125,4.0,4096,512,256,1024,352,4852.047,4862.59,4852.108,0.0058
mixed,16,2,0.125,4.0,4096,512,512,2048,704,4857.711,4883.711,4854.845,-0.1102
mixed,16,2,0.125,4.0,4096,512,1024,4096,1408,4871.68,4921.85,4873.309,0.0325
mixed,16,2,0.125,4.0,4096,512,2048,8192,2816,4898.56,5002.207,4897.307,-0.0121
mixed,16,2,0.125,4.0,4096,512,4096,16384,5632,4948.892,5160.348,4957.838,0.0423
mixed,16,2,0.125,4.0,4096,512,8192,32768,11264,5076.845,5473.328,5073.019,-0.0096
mixed,16,2,0.125,4.0,4096,2048,128,512,176,6797.907,6824.546,6800.948,0.1141
mixed,16,2,0.125,4.0,4096,2048,256,1024,352,6805.62,6824.448,6812.467,0.3636
mixed,16,2,0.125,4.0,4096,2048,512,2048,704,6815.43,6838.161,6826.336,0.4798
mixed,16,2,0.125,4.0,4096,2048,1024,4096,1408,6827.97,6873.409,6825.302,-0.0587
mixed,16,2,0.125,4.0,4096,2048,2048,8192,2816,6848.434,6956.614,6852.913,0.0414
mixed,16,2,0.125,4.0,4096,2048,4096,16384,5632,6926.119,7126.402,6909.122,-0.0849
mixed,16,2,0.125,4.0,4096,2048,8192,32768,11264,7013.799,7428.485,7029.314,0.0374
mixed,16,2,0.125,4.0,4096,8192,128,512,176,14665.216,14687.202,14973.627,14.0279
mixed,16,2,0.125,4.0,4096,8192,256,1024,352,14760.89,14854.298,14819.691,0.6295
mixed,16,2,0.125,4.0,4096,8192,512,2048,704,14678.413,14718.49,14702.903,0.6111
mixed,16,2,0.125,4.0,4096,8192,1024,4096,1408,14711.934,14749.089,14684.104,-0.749
mixed,16,2,0.125,4.0,4096,8192,2048,8192,2816,14715.168,15031.29,14729.23,0.0445
mixed,16,2,0.125,4.0,4096,8192,4096,16384,5632,14773.354,15240.014,14783.826,0.0224
mixed,16,2,0.125,4.0,4096,8192,8192,32768,11264,14880.44,15297.117,14928.192,0.1146
mixed,16,2,0.125,4.0,4096,16384,128,512,176,25302.16,26197.486,25543.787,0.2699
mixed,16,2,0.125,4.0,4096,16384,256,1024,352,25908.974,26175.195,25428.628,-1.8043
mixed,16,2,0.125,4.0,4096,16384,512,2048,704,26143.077,26078.679,26128.985,
mixed,16,2,0.125,4.0,4096,16384,1024,4096,1408,26562.987,26046.684,25764.572,
mixed,16,2,0.125,4.0,4096,16384,2048,8192,2816,26547.836,26324.011,25379.177,
mixed,16,2,0.125,4.0,4096,16384,4096,16384,5632,26306.685,25747.179,26084.642,
mixed,16,2,0.125,4.0,4096,16384,8192,32768,11264,26693.363,26581.107,26096.322,
pure,16,3,0.1875,4.0,0,0,128,512,200,96.336,140.864,124.929,0.6421
pure,16,3,0.1875,4.0,0,0,256,1024,400,138.16,150.897,138.369,0.0164
pure,16,3,0.1875,4.0,0,0,512,2048,800,147.248,170.225,146.638,-0.0265
pure,16,3,0.1875,4.0,0,0,1024,4096,1600,158.866,208.399,180.096,0.4286
pure,16,3,0.1875,4.0,0,0,2048,8192,3200,189.65,284.529,249.823,0.6342
pure,16,3,0.1875,4.0,0,0,4096,16384,6400,251.793,446.304,354.401,0.5275
pure,16,3,0.1875,4.0,0,0,8192,32768,12800,376.339,758.355,565.728,0.4958
mixed,16,3,0.1875,4.0,16,0,128,512,200,110.178,156.272,140.497,0.6578
mixed,16,3,0.1875,4.0,16,0,256,1024,400,147.184,161.791,150.592,0.2333
mixed,16,3,0.1875,4.0,16,0,512,2048,800,157.825,182.993,174.273,0.6535
mixed,16,3,0.1875,4.0,16,0,1024,4096,1600,180.752,222.769,214.737,0.8088
mixed,16,3,0.1875,4.0,16,0,2048,8192,3200,215.44,304.786,292.913,0.8671
mixed,16,3,0.1875,4.0,16,0,4096,16384,6400,268.319,467.217,447.603,0.9014
mixed,16,3,0.1875,4.0,16,0,8192,32768,12800,395.441,776.259,758.272,0.9528
mixed,16,3,0.1875,4.0,16,512,128,512,200,161.968,178.72,182.738,1.2399
mixed,16,3,0.1875,4.0,16,512,256,1024,400,170.177,220.624,164.882,-0.105
mixed,16,3,0.1875,4.0,16,512,512,2048,800,211.184,192.56,209.505,
mixed,16,3,0.1875,4.0,16,512,1024,4096,1600,181.359,282.946,208.401,0.2662
mixed,16,3,0.1875,4.0,16,512,2048,8192,3200,261.152,365.232,292.434,0.3006
mixed,16,3,0.1875,4.0,16,512,4096,16384,6400,328.848,525.265,449.73,0.6154
mixed,16,3,0.1875,4.0,16,512,8192,32768,12800,456.113,835.793,761.824,0.8052
mixed,16,3,0.1875,4.0,16,2048,128,512,200,198.065,202.831,222.464,5.1189
mixed,16,3,0.1875,4.0,16,2048,256,1024,400,203.103,253.12,195.614,-0.1497
mixed,16,3,0.1875,4.0,16,2048,512,2048,800,197.265,234.194,233.891,0.9918
mixed,16,3,0.1875,4.0,16,2048,1024,4096,1600,291.807,361.137,269.377,-0.3235
mixed,16,3,0.1875,4.0,16,2048,2048,8192,3200,341.202,350.944,330.897,-1.0576
mixed,16,3,0.1875,4.0,16,2048,4096,16384,6400,300.017,640.609,446.851,0.4311
mixed,16,3,0.1875,4.0,16,2048,8192,32768,12800,568.336,952.45,765.123,0.5123
mixed,16,3,0.1875,4.0,16,8192,128,512,200,315.456,341.282,308.945,-0.2521
mixed,16,3,0.1875,4.0,16,8192,256,1024,400,329.826,381.457,321.185,-0.1674
mixed,16,3,0.1875,4.0,16,8192,512,2048,800,362.819,358.291,458.849,
mixed,16,3,0.1875,4.0,16,8192,1024,4096,1600,428.015,489.506,469.617,0.6766
mixed,16,3,0.1875,4.0,16,8192,2048,8192,3200,422.049,470.244,473.088,1.059
mixed,16,3,0.1875,4.0,16,8192,4096,16384,6400,633.923,910.769,546.368,-0.3163
mixed,16,3,0.1875,4.0,16,8192,8192,32768,12800,812.177,972.53,793.106,-0.1189
mixed,16,3,0.1875,4.0,16,16384,128,512,200,468.387,498.403,468.13,-0.0086
mixed,16,3,0.1875,4.0,16,16384,256,1024,400,488.417,538.482,479.586,-0.1764
mixed,16,3,0.1875,4.0,16,16384,512,2048,800,519.952,618.307,502.401,-0.1784
mixed,16,3,0.1875,4.0,16,16384,1024,4096,1600,583.779,563.793,769.955,
mixed,16,3,0.1875,4.0,16,16384,2048,8192,3200,704.85,797.649,779.375,0.8031
mixed,16,3,0.1875,4.0,16,16384,4096,16384,6400,663.537,779.585,784.243,1.0401
mixed,16,3,0.1875,4.0,16,16384,8192,32768,12800,1076.305,1627.716,900.354,-0.3191
mixed,16,3,0.1875,4.0,64,0,128,512,200,129.97,146.816,144.272,0.849
mixed,16,3,0.1875,4.0,64,0,256,1024,400,136.543,185.969,182.081,0.9213
mixed,16,3,0.1875,4.0,64,0,512,2048,800,166.209,264.385,259.171,0.9469
mixed,16,3,0.1875,4.0,64,0,1024,4096,1600,230.336,416.466,413.713,0.9852
mixed,16,3,0.1875,4.0,64,0,2048,8192,3200,348.658,720.161,719.233,0.9975
mixed,16,3,0.1875,4.0,64,0,4096,16384,6400,586.371,1334.402,1330.548,0.9948
mixed,16,3,0.1875,4.0,64,0,8192,32768,12800,1061.317,2550.022,2548.182,0.9988
mixed,16,3,0.1875,4.0,64,512,128,512,200,181.582,206.016,203.696,0.905
mixed,16,3,0.1875,4.0,64,512,256,1024,400,196.608,246.737,242.129,0.9081
mixed,16,3,0.1875,4.0,64,512,512,2048,800,228.656,325.038,321.01,0.9582
mixed,16,3,0.1875,4.0,64,512,1024,4096,1600,290.402,476.673,474.482,0.9882
mixed,16,3,0.1875,4.0,64,512,2048,8192,3200,409.952,781.105,778.865,0.994
mixed,16,3,0.1875,4.0,64,512,4096,16384,6400,646.368,1389.042,1386.34,0.9964
mixed,16,3,0.1875,4.0,64,512,8192,32768,12800,1122.979,2606.488,2601.079,0.9964
mixed,16,3,0.1875,4.0,64,2048,128,512,200,297.967,323.474,292.625,-0.2094
mixed,16,3,0.1875,4.0,64,2048,256,1024,400,313.233,364.945,303.825,-0.1819
mixed,16,3,0.1875,4.0,64,2048,512,2048,800,346.672,443.665,439.585,0.9579
mixed,16,3,0.1875,4.0,64,2048,1024,4096,1600,411.459,596.561,593.889,0.9856
mixed,16,3,0.1875,4.0,64,2048,2048,8192,3200,531.506,902.435,898.962,0.9906
mixed,16,3,0.1875,4.0,64,2048,4096,16384,6400,768.305,1512.642,1508.274,0.9941
mixed,16,3,0.1875,4.0,64,2048,8192,32768,12800,1244.66,2732.519,2723.606,0.994
mixed,16,3,0.1875,4.0,64,8192,128,512,200,729.586,731.86,729.475,-0.0488
mixed,16,3,0.1875,4.0,64,8192,256,1024,400,730.484,824.114,731.538,0.0113
mixed,16,3,0.1875,4.0,64,8192,512,2048,800,730.736,903.746,742.499,0.068
mixed,16,3,0.1875,4.0,64,8192,1024,4096,1600,868.227,1058.419,826.237,-0.2208
mixed,16,3,0.1875,4.0,64,8192,2048,8192,3200,993.539,1362.931,1360.611,0.9937
mixed,16,3,0.1875,4.0,64,8192,4096,16384,6400,1230.467,1973.334,1966.868,0.9913
mixed,16,3,0.1875,4.0,64,8192,8192,32768,12800,1705.077,3195.464,3184.232,0.9925
mixed,16,3,0.1875,4.0,64,16384,128,512,200,1327.555,1327.827,1329.108,5.7201
mixed,16,3,0.1875,4.0,64,16384,256,1024,400,1329.142,1328.614,1329.06,
mixed,16,3,0.1875,4.0,64,16384,512,2048,800,1328.387,1482.755,1328.37,-0.0001
mixed,16,3,0.1875,4.0,64,16384,1024,4096,1600,1328.868,1657.954,1329.235,0.0011
mixed,16,3,0.1875,4.0,64,16384,2048,8192,3200,1592.9,1961.989,1504.274,-0.2401
mixed,16,3,0.1875,4.0,64,16384,4096,16384,6400,1828.358,2570.599,2570.823,1.0003
mixed,16,3,0.1875,4.0,64,16384,8192,32768,12800,2306.871,3791.418,3784.506,0.9953
mixed,16,3,0.1875,4.0,256,0,128,512,200,303.136,294.481,298.257,
mixed,16,3,0.1875,4.0,256,0,256,1024,400,299.01,305.298,304.033,0.7988
mixed,16,3,0.1875,4.0,256,0,512,2048,800,306.082,328.754,323.169,0.7537
mixed,16,3,0.1875,4.0,256,0,1024,4096,1600,312.144,487.297,483.264,0.977
mixed,16,3,0.1875,4.0,256,0,2048,8192,3200,420.737,792.177,790.419,0.9953
mixed,16,3,0.1875,4.0,256,0,4096,16384,6400,658.192,1400.148,1401.428,1.0017
mixed,16,3,0.1875,4.0,256,0,8192,32768,12800,1141.666,2627.559,2613.798,0.9907
mixed,16,3,0.1875,4.0,256,512,128,512,200,448.002,494.161,453.809,0.1258
mixed,16,3,0.1875,4.0,256,512,256,1024,400,478.8,532.786,474.88,-0.0726
mixed,16,3,0.1875,4.0,256,512,512,2048,800,513.522,613.104,553.408,0.4005
mixed,16,3,0.1875,4.0,256,512,1024,4096,1600,577.666,763.698,706.193,0.6909
mixed,16,3,0.1875,4.0,256,512,2048,8192,3200,699.091,1069.332,1012.675,0.847
mixed,16,3,0.1875,4.0,256,512,4096,16384,6400,935.106,1678.629,1620.788,0.9222
mixed,16,3,0.1875,4.0,256,512,8192,32768,12800,1416.42,2903.88,2835.864,0.9543
mixed,16,3,0.1875,4.0,256,2048,128,512,200,898.289,899.427,899.187,0.7886
mixed,16,3,0.1875,4.0,256,2048,256,1024,400,899.908,919.938,898.292,-0.0807
mixed,16,3,0.1875,4.0,256,2048,512,2048,800,898.915,1067.602,902.548,0.0215
mixed,16,3,0.1875,4.0,256,2048,1024,4096,1600,1007.314,1219.749,1052.996,0.215
mixed,16,3,0.1875,4.0,256,2048,2048,8192,3200,1153.779,1521.813,1359.462,0.5589
mixed,16,3,0.1875,4.0,256,2048,4096,16384,6400,1390.53,2133.477,1967.847,0.7771
mixed,16,3,0.1875,4.0,256,2048,8192,32768,12800,1871.029,3349.08,3178.585,0.8846
mixed,16,3,0.1875,4.0,256,8192,128,512,200,2709.079,2704.678,2705.03,
mixed,16,3,0.1875,4.0,256,8192,256,1024,400,2699.16,2706.408,2709.894,1.481
mixed,16,3,0.1875,4.0,256,8192,512,2048,800,2704.676,2703.639,2704.856,
mixed,16,3,0.1875,4.0,256,8192,1024,4096,1600,2703.988,2730.582,2701.368,-0.0986
mixed,16,3,0.1875,4.0,256,8192,2048,8192,3200,2706.309,3323.911,2710.009,0.006
mixed,16,3,0.1875,4.0,256,8192,4096,16384,6400,3076.872,3933.37,3320.251,0.2842
mixed,16,3,0.1875,4.0,256,8192,8192,32768,12800,3670.17,5153.135,4531.979,0.5811
mixed,16,3,0.1875,4.0,256,16384,128,512,200,5111.182,5114.572,5117.038,1.7275
mixed,16,3,0.1875,4.0,256,16384,256,1024,400,5111.805,5112.4,5109.355,-4.1203
mixed,16,3,0.1875,4.0,256,16384,512,2048,800,5125.774,5142.764,5114.475,-0.665
mixed,16,3,0.1875,4.0,256,16384,1024,4096,1600,5112.041,5115.2,5131.038,6.0117
mixed,16,3,0.1875,4.0,256,16384,2048,8192,3200,5114.511,5147.725,5112.865,-0.0496
mixed,16,3,0.1875,4.0,256,16384,4096,16384,6400,5118.593,6350.658,5142.955,0.0198
mixed,16,3,0.1875,4.0,256,16384,8192,32768,12800,5832.272,7572.704,6346.721,0.2956
mixed,16,3,0.1875,4.0,1024,0,128,512,200,676.08,690.738,673.712,-0.1615
mixed,16,3,0.1875,4.0,1024,0,256,1024,400,684.661,700.867,692.066,0.4569
mixed,16,3,0.1875,4.0,1024,0,512,2048,800,694.832,723.057,695.376,0.0193
mixed,16,3,0.1875,4.0,1024,0,1024,4096,1600,711.922,763.014,732.45,0.4018
mixed,16,3,0.1875,4.0,1024,0,2048,8192,3200,742.724,838.544,803.203,0.6312
mixed,16,3,0.1875,4.0,1024,0,4096,16384,6400,805.138,1001.54,907.252,0.5199
mixed,16,3,0.1875,4.0,1024,0,8192,32768,12800,931.795,1312.626,1125.604,0.5089
mixed,16,3,0.1875,4.0,1024,512,128,512,200,1083.108,1094.625,1079.381,-0.3236
mixed,16,3,0.1875,4.0,1024,512,256,1024,400,1093.17,1107.444,1093.876,0.0494
mixed,16,3,0.1875,4.0,1024,512,512,2048,800,1103.814,1129.332,1105.2,0.0544
mixed,16,3,0.1875,4.0,1024,512,1024,4096,1600,1119.619,1171.313,1140.322,0.4005
mixed,16,3,0.1875,4.0,1024,512,2048,8192,3200,1148.66,1247.168,1207.541,0.5977
mixed,16,3,0.1875,4.0,1024,512,4096,16384,6400,1211.155,1406.343,1308.95,0.501
mixed,16,3,0.1875,4.0,1024,512,8192,32768,12800,1334.418,1722.438,1528.054,0.499
mixed,16,3,0.1875,4.0,1024,2048,128,512,200,1780.034,1794.74,1779.103,-0.0633
mixed,16,3,0.1875,4.0,1024,2048,256,1024,400,1789.859,1807.686,1792.451,0.1454
mixed,16,3,0.1875,4.0,1024,2048,512,2048,800,1802.322,1827.554,1797.081,-0.2077
mixed,16,3,0.1875,4.0,1024,2048,1024,4096,1600,1813.094,1860.342,1837.876,0.5245
mixed,16,3,0.1875,4.0,1024,2048,2048,8192,3200,1848.532,1945.72,1903.393,0.5645
mixed,16,3,0.1875,4.0,1024,2048,4096,16384,6400,1909.347,2094.213,2009.941,0.5441
mixed,16,3,0.1875,4.0,1024,2048,8192,32768,12800,2032.295,2407.337,2215.781,0.4892
mixed,16,3,0.1875,4.0,1024,8192,128,512,200,4556.717,4578.701,4568.218,0.5232
mixed,16,3,0.1875,4.0,1024,8192,256,1024,400,4577.515,4590.057,4575.658,-0.148
mixed,16,3,0.1875,4.0,1024,8192,512,2048,800,4594.624,4605.387,4583.498,-1.0339
mixed,16,3,0.1875,4.0,1024,8192,1024,4096,1600,4599.019,4652.428,4620.233,0.3972
mixed,16,3,0.1875,4.0,1024,8192,2048,8192,3200,4630.074,4727.901,4692.077,0.6338
mixed,16,3,0.1875,4.0,1024,8192,4096,16384,6400,4689.626,4883.196,4785.294,0.4942
mixed,16,3,0.1875,4.0,1024,8192,8192,32768,12800,4817.786,5200.288,4991.833,0.455
mixed,16,3,0.1875,4.0,1024,16384,128,512,200,8257.22,8256.662,8255.579,
mixed,16,3,0.1875,4.0,1024,16384,256,1024,400,8262.656,8291.336,8266.468,0.1329
mixed,16,3,0.1875,4.0,1024,16384,512,2048,800,8281.731,8290.84,8266.248,-1.6997
mixed,16,3,0.1875,4.0,1024,16384,1024,4096,1600,8293.385,8374.474,8311.754,0.2265
mixed,16,3,0.1875,4.0,1024,16384,2048,8192,3200,8312.903,8415.015,8382.168,0.6783
mixed,16,3,0.1875,4.0,1024,16384,4096,16384,6400,8380.262,8598.122,8478.709,0.4519
mixed,16,3,0.1875,4.0,1024,16384,8192,32768,12800,8501.446,8873.383,8687.798,0.501
mixed,16,3,0.1875,4.0,4096,0,128,512,200,3708.81,3727.928,3710.622,0.0948
mixed,16,3,0.1875,4.0,4096,0,256,1024,400,3726.57,3741.706,3725.019,-0.1024
mixed,16,3,0.1875,4.0,4096,0,512,2048,800,3731.403,3766.363,3732.892,0.0426
mixed,16,3,0.1875,4.0,4096,0,1024,4096,1600,3744.586,3799.803,3769.692,0.4547
mixed,16,3,0.1875,4.0,4096,0,2048,8192,3200,3786.126,3880.043,3837.001,0.5417
mixed,16,3,0.1875,4.0,4096,0,4096,16384,6400,3841.834,4037.976,3941.722,0.5093
mixed,16,3,0.1875,4.0,4096,0,8192,32768,12800,3970.935,4343.628,4156.121,0.4969
mixed,16,3,0.1875,4.0,4096,512,128,512,200,4834.364,4853.565,4838.349,0.2075
mixed,16,3,0.1875,4.0,4096,512,256,1024,400,4850.034,4863.199,4854.222,0.3181
mixed,16,3,0.1875,4.0,4096,512,512,2048,800,4863.069,4884.4,4873.646,0.4959
mixed,16,3,0.1875,4.0,4096,512,1024,4096,1600,4866.927,4919.226,4902.975,0.6893
mixed,16,3,0.1875,4.0,4096,512,2048,8192,3200,4901.533,5004.19,4960.321,0.5727
mixed,16,3,0.1875,4.0,4096,512,4096,16384,6400,4964.011,5162.319,5066.347,0.516
mixed,16,3,0.1875,4.0,4096,512,8192,32768,12800,5098.143,5474.177,5287.407,0.5033
mixed,16,3,0.1875,4.0,4096,2048,128,512,200,6787.764,6806.291,6798.706,0.5906
mixed,16,3,0.1875,4.0,4096,2048,256,1024,400,6800.23,6811.011,6802.562,0.2163
mixed,16,3,0.1875,4.0,4096,2048,512,2048,800,6808.751,6845.51,6809.524,0.021
mixed,16,3,0.1875,4.0,4096,2048,1024,4096,1600,6820.388,6870.15,6847.971,0.5543
mixed,16,3,0.1875,4.0,4096,2048,2048,8192,3200,6863.665,6954.768,6915.843,0.5727
mixed,16,3,0.1875,4.0,4096,2048,4096,16384,6400,6910.677,7126.945,7020.725,0.5089
mixed,16,3,0.1875,4.0,4096,2048,8192,32768,12800,7045.298,7445.64,7228.216,0.4569
mixed,16,3,0.1875,4.0,4096,8192,128,512,200,14894.893,15015.8,14799.29,-0.7907
mixed,16,3,0.1875,4.0,4096,8192,256,1024,400,14792.138,14683.899,14917.03,
mixed,16,3,0.1875,4.0,4096,8192,512,2048,800,14974.341,15072.588,14682.138,-2.9742
mixed,16,3,0.1875,4.0,4096,8192,1024,4096,1600,14884.237,14761.452,14705.325,
mixed,16,3,0.1875,4.0,4096,8192,2048,8192,3200,14809.917,15165.836,14788.784,-0.0594
mixed,16,3,0.1875,4.0,4096,8192,4096,16384,6400,15213.628,15054.112,14942.735,
mixed,16,3,0.1875,4.0,4096,8192,8192,32768,12800,14907.277,15309.291,15227.001,0.7953
mixed,16,3,0.1875,4.0,4096,16384,128,512,200,26001.472,26248.462,25939.564,-0.2507
mixed,16,3,0.1875,4.0,4096,16384,256,1024,400,26114.986,25387.824,25936.562,
mixed,16,3,0.1875,4.0,4096,16384,512,2048,800,26015.227,25357.794,25474.025,
mixed,16,3,0.1875,4.0,4096,16384,1024,4096,1600,25607.065,26071.374,25919.225,0.6723
mixed,16,3,0.1875,4.0,4096,16384,2048,8192,3200,25587.405,26604.606,25929.537,0.3363
mixed,16,3,0.1875,4.0,4096,16384,4096,16384,6400,25703.549,26212.914,26465.662,1.4962
mixed,16,3,0.1875,4.0,4096,16384,8192,32768,12800,26463.57,26598.033,25851.038,-4.5554
pure,16,4,0.25,4.0,0,0,128,512,224,96.863,139.873,125.072,0.6559
pure,16,4,0.25,4.0,0,0,256,1024,448,135.088,151.104,135.697,0.038
pure,16,4,0.25,4.0,0,0,512,2048,896,149.296,170.145,170.992,1.0406
pure,16,4,0.25,4.0,0,0,1024,4096,1792,165.441,207.505,192.176,0.6356
pure,16,4,0.25,4.0,0,0,2048,8192,3584,198.367,286.433,249.968,0.5859
pure,16,4,0.25,4.0,0,0,4096,16384,7168,265.792,448.417,356.066,0.4943
pure,16,4,0.25,4.0,0,0,8192,32768,14336,408.227,760.418,568.736,0.4557
mixed,16,4,0.25,4.0,16,0,128,512,224,111.104,157.341,140.399,0.6336
mixed,16,4,0.25,4.0,16,0,256,1024,448,152.321,161.906,150.993,-0.1385
mixed,16,4,0.25,4.0,16,0,512,2048,896,166.591,186.096,171.873,0.2708
mixed,16,4,0.25,4.0,16,0,1024,4096,1792,177.506,222.111,214.642,0.8326
mixed,16,4,0.25,4.0,16,0,2048,8192,3584,213.936,304.834,293.249,0.8726
mixed,16,4,0.25,4.0,16,0,4096,16384,7168,281.409,467.458,450.69,0.9099
mixed,16,4,0.25,4.0,16,0,8192,32768,14336,426.194,775.523,759.779,0.9549
mixed,16,4,0.25,4.0,16,512,128,512,224,162.083,176.815,183.858,1.478
mixed,16,4,0.25,4.0,16,512,256,1024,448,178.929,219.728,166.081,-0.3149
mixed,16,4,0.25,4.0,16,512,512,2048,896,218.978,194.544,210.897,
mixed,16,4,0.25,4.0,16,512,1024,4096,1792,184.114,282.367,209.618,0.2596
mixed,16,4,0.25,4.0,16,512,2048,8192,3584,269.791,364.738,287.601,0.1876
mixed,16,4,0.25,4.0,16,512,4096,16384,7168,344.816,525.664,444.834,0.5531
mixed,16,4,0.25,4.0,16,512,8192,32768,14336,485.106,838.898,762.498,0.7841
mixed,16,4,0.25,4.0,16,2048,128,512,224,197.026,202.769,221.168,4.2039
mixed,16,4,0.25,4.0,16,2048,256,1024,448,203.12,251.344,195.103,-0.1662
mixed,16,4,0.25,4.0,16,2048,512,2048,896,239.345,232.894,231.988,
mixed,16,4,0.25,4.0,16,2048,1024,4096,1792,225.775,360.818,221.761,-0.0297
mixed,16,4,0.25,4.0,16,2048,2048,8192,3584,344.352,352.992,331.009,-1.5441
mixed,16,4,0.25,4.0,16,2048,4096,16384,7168,319.873,640.577,447.456,0.3978
mixed,16,4,0.25,4.0,16,2048,8192,32768,14336,601.186,953.794,757.635,0.4437
mixed,16,4,0.25,4.0,16,8192,128,512,224,315.233,341.68,309.473,-0.2178
mixed,16,4,0.25,4.0,16,8192,256,1024,448,334.721,383.699,322.065,-0.2584
mixed,16,4,0.25,4.0,16,8192,512,2048,896,373.554,357.618,459.425,
mixed,16,4,0.25,4.0,16,8192,1024,4096,1792,356.609,490.21,359.905,0.0247
mixed,16,4,0.25,4.0,16,8192,2048,8192,3584,451.088,470.337,472.657,1.1206
mixed,16,4,0.25,4.0,16,8192,4096,16384,7168,468.144,907.859,460.835,-0.0166
mixed,16,4,0.25,4.0,16,8192,8192,32768,14336,859.553,973.602,799.011,-0.5309
mixed,16,4,0.25,4.0,16,16384,128,512,224,468.096,499.65,468.931,0.0264
mixed,16,4,0.25,4.0,16,16384,256,1024,448,494.29,540.321,479.056,-0.331
mixed,16,4,0.25,4.0,16,16384,512,2048,896,529.091,619.744,500.915,-0.3108
mixed,16,4,0.25,4.0,16,16384,1024,4096,1792,600.498,565.683,769.794,
mixed,16,4,0.25,4.0,16,16384,2048,8192,3584,733.601,802.049,782.259,0.7109
mixed,16,4,0.25,4.0,16,16384,4096,16384,7168,720.738,779.793,783.523,1.0632
mixed,16,4,0.25,4.0,16,16384,8192,32768,14336,778.065,1628.037,770.338,-0.0091
mixed,16,4,0.25,4.0,64,0,128,512,224,129.249,147.28,143.296,0.779
mixed,16,4,0.25,4.0,64,0,256,1024,448,141.872,187.199,182.544,0.8973
mixed,16,4,0.25,4.0,64,0,512,2048,896,177.185,263.36,259.008,0.9495
mixed,16,4,0.25,4.0,64,0,1024,4096,1792,243.795,415.233,414.481,0.9956
mixed,16,4,0.25,4.0,64,0,2048,8192,3584,377.553,719.76,719.682,0.9998
mixed,16,4,0.25,4.0,64,0,4096,16384,7168,643.65,1329.443,1330.305,1.0013
mixed,16,4,0.25,4.0,64,0,8192,32768,14336,1176.835,2548.006,2545.558,0.9982
mixed,16,4,0.25,4.0,64,512,128,512,224,182.992,206.082,205.089,0.957
mixed,16,4,0.25,4.0,64,512,256,1024,448,201.81,247.329,243.904,0.9247
mixed,16,4,0.25,4.0,64,512,512,2048,896,238.32,324.657,320.832,0.9557
mixed,16,4,0.25,4.0,64,512,1024,4096,1792,304.785,476.16,474.417,0.9898
mixed,16,4,0.25,4.0,64,512,2048,8192,3584,437.696,782.018,780.176,0.9947
mixed,16,4,0.25,4.0,64,512,4096,16384,7168,704.738,1388.563,1387.188,0.998
mixed,16,4,0.25,4.0,64,512,8192,32768,14336,1237.22,2609.302,2601.655,0.9944
mixed,16,4,0.25,4.0,64,2048,128,512,224,298.754,323.553,291.968,-0.2736
mixed,16,4,0.25,4.0,64,2048,256,1024,448,318.432,363.794,302.929,-0.3418
mixed,16,4,0.25,4.0,64,2048,512,2048,896,354.609,442.947,440.912,0.977
mixed,16,4,0.25,4.0,64,2048,1024,4096,1792,427.295,597.011,593.602,0.9799
mixed,16,4,0.25,4.0,64,2048,2048,8192,3584,559.859,906.627,900.147,0.9813
mixed,16,4,0.25,4.0,64,2048,4096,16384,7168,825.135,1513.045,1509.188,0.9944
mixed,16,4,0.25,4.0,64,2048,8192,32768,14336,1359.186,2735.128,2721.607,0.9902
mixed,16,4,0.25,4.0,64,8192,128,512,224,730.402,730.721,730.321,-0.2539
mixed,16,4,0.25,4.0,64,8192,256,1024,448,731.668,826.655,729.696,-0.0208
mixed,16,4,0.25,4.0,64,8192,512,2048,896,796.514,903.379,787.265,-0.0866
mixed,16,4,0.25,4.0,64,8192,1024,4096,1792,883.938,1060.163,826.657,-0.325
mixed,16,4,0.25,4.0,64,8192,2048,8192,3584,1021.698,1364.676,1361.537,0.9909
mixed,16,4,0.25,4.0,64,8192,4096,16384,7168,1285.523,1981.22,1971.975,0.9867
mixed,16,4,0.25,4.0,64,8192,8192,32768,14336,1820.645,3194.456,3186.149,0.994
mixed,16,4,0.25,4.0,64,16384,128,512,224,1328.915,1330.515,1329.108,0.1203
mixed,16,4,0.25,4.0,64,16384,256,1024,448,1328.98,1329.748,1329.141,0.2096
mixed,16,4,0.25,4.0,64,16384,512,2048,896,1329.442,1477.572,1328.564,-0.0059
mixed,16,4,0.25,4.0,64,16384,1024,4096,1792,1330.451,1656.644,1330.754,0.0009
mixed,16,4,0.25,4.0,64,16384,2048,8192,3584,1617.091,1961.269,1504.259,-0.3278
mixed,16,4,0.25,4.0,64,16384,4096,16384,7168,1891.542,2570.889,2576.952,1.0089
mixed,16,4,0.25,4.0,64,16384,8192,32768,14336,2423.557,3800.922,3787.1,0.99
mixed,16,4,0.25,4.0,256,0,128,512,224,304.146,295.888,298.754,
mixed,16,4,0.25,4.0,256,0,256,1024,448,296.193,306.849,301.935,0.5389
mixed,16,4,0.25,4.0,256,0,512,2048,896,301.712,330.992,323.985,0.7607
mixed,16,4,0.25,4.0,256,0,1024,4096,1792,327.714,487.264,483.457,0.9761
mixed,16,4,0.25,4.0,256,0,2048,8192,3584,450.017,791.618,791.089,0.9985
mixed,16,4,0.25,4.0,256,0,4096,16384,7168,719.363,1401.361,1404.405,1.0045
mixed,16,4,0.25,4.0,256,0,8192,32768,14336,1250.481,2622.822,2618.263,0.9967
mixed,16,4,0.25,4.0,256,512,128,512,224,449.587,494.144,459.024,0.2118
mixed,16,4,0.25,4.0,256,512,256,1024,448,488.191,532.978,477.393,-0.2411
mixed,16,4,0.25,4.0,256,512,512,2048,896,525.521,611.298,553.793,0.3296
mixed,16,4,0.25,4.0,256,512,1024,4096,1792,592.257,764.193,708.641,0.6769
mixed,16,4,0.25,4.0,256,512,2048,8192,3584,725.731,1067.828,1017.283,0.8522
mixed,16,4,0.25,4.0,256,512,4096,16384,7168,992.13,1678.626,1625.173,0.9221
mixed,16,4,0.25,4.0,256,512,8192,32768,14336,1525.347,2904.921,2844.167,0.956
mixed,16,4,0.25,4.0,256,2048,128,512,224,899.759,899.665,899.508,
mixed,16,4,0.25,4.0,256,2048,256,1024,448,902.516,921.139,900.114,-0.129
mixed,16,4,0.25,4.0,256,2048,512,2048,896,903.713,1067.316,904.851,0.0069
mixed,16,4,0.25,4.0,256,2048,1024,4096,1792,1036.885,1220.502,1058.339,0.1168
mixed,16,4,0.25,4.0,256,2048,2048,8192,3584,1183.266,1525.205,1363.988,0.5285
mixed,16,4,0.25,4.0,256,2048,4096,16384,7168,1448.131,2135.284,1968.854,0.7578
mixed,16,4,0.25,4.0,256,2048,8192,32768,14336,1981.8,3357.399,3183.177,0.8733
mixed,16,4,0.25,4.0,256,8192,128,512,224,2706.229,2706.614,2709.831,9.368
mixed,16,4,0.25,4.0,256,8192,256,1024,448,2707.126,2703.898,2708.307,
mixed,16,4,0.25,4.0,256,8192,512,2048,896,2706.089,2705.415,2706.984,
mixed,16,4,0.25,4.0,256,8192,1024,4096,1792,2708.217,2739.128,2704.311,-0.1263
mixed,16,4,0.25,4.0,256,8192,2048,8192,3584,2707.034,3324.376,2715.72,0.0141
mixed,16,4,0.25,4.0,256,8192,4096,16384,7168,3184.006,3932.343,3324.62,0.1879
mixed,16,4,0.25,4.0,256,8192,8192,32768,14336,3779.66,5158.957,4549.676,0.5583
mixed,16,4,0.25,4.0,256,16384,128,512,224,5116.209,5114.111,5116.353,
mixed,16,4,0.25,4.0,256,16384,256,1024,448,5113.611,5135.16,5119.197,0.2592
mixed,16,4,0.25,4.0,256,16384,512,2048,896,5114.155,5122.339,5135.023,2.5498
mixed,16,4,0.25,4.0,256,16384,1024,4096,1792,5112.769,5115.551,5113.18,0.1477
mixed,16,4,0.25,4.0,256,16384,2048,8192,3584,5124.428,5151.839,5121.855,-0.0938
mixed,16,4,0.25,4.0,256,16384,4096,16384,7168,5129.6,6354.692,5128.701,-0.0007
mixed,16,4,0.25,4.0,256,16384,8192,32768,14336,6066.145,7569.078,6342.334,0.1838
mixed,16,4,0.25,4.0,1024,0,128,512,224,677.522,689.458,676.802,-0.0604
mixed,16,4,0.25,4.0,1024,0,256,1024,448,684.707,702.533,686.373,0.0935
mixed,16,4,0.25,4.0,1024,0,512,2048,896,701.012,721.794,724.1,1.1109
mixed,16,4,0.25,4.0,1024,0,1024,4096,1792,719.236,761.44,747.458,0.6687
mixed,16,4,0.25,4.0,1024,0,2048,8192,3584,752.85,839.49,805.377,0.6063
mixed,16,4,0.25,4.0,1024,0,4096,16384,7168,825.348,1000.401,911.427,0.4917
mixed,16,4,0.25,4.0,1024,0,8192,32768,14336,963.86,1313.622,1123.409,0.4562
mixed,16,4,0.25,4.0,1024,512,128,512,224,1083.073,1095.332,1081.009,-0.1684
mixed,16,4,0.25,4.0,1024,512,256,1024,448,1090.695,1108.402,1094.626,0.222
mixed,16,4,0.25,4.0,1024,512,512,2048,896,1109.761,1125.797,1132.401,1.4118
mixed,16,4,0.25,4.0,1024,512,1024,4096,1792,1123.956,1166.66,1150.977,0.6328
mixed,16,4,0.25,4.0,1024,512,2048,8192,3584,1161.268,1246.166,1209.174,0.5643
mixed,16,4,0.25,4.0,1024,512,4096,16384,7168,1226.338,1407.087,1313.959,0.4848
mixed,16,4,0.25,4.0,1024,512,8192,32768,14336,1369.156,1722.434,1525.957,0.4438
mixed,16,4,0.25,4.0,1024,2048,128,512,224,1780.261,1792.725,1778.788,-0.1182
mixed,16,4,0.25,4.0,1024,2048,256,1024,448,1789.957,1811.475,1790.726,0.0357
mixed,16,4,0.25,4.0,1024,2048,512,2048,896,1804.564,1825.64,1828.102,1.1168
mixed,16,4,0.25,4.0,1024,2048,1024,4096,1792,1825.528,1864.407,1851.398,0.6654
mixed,16,4,0.25,4.0,1024,2048,2048,8192,3584,1854.724,1945.062,1909.942,0.6112
mixed,16,4,0.25,4.0,1024,2048,4096,16384,7168,1927.012,2106.106,2009.605,0.4612
mixed,16,4,0.25,4.0,1024,2048,8192,32768,14336,2058.201,2417.622,2224.341,0.4622
mixed,16,4,0.25,4.0,1024,8192,128,512,224,4570.446,4574.157,4564.282,-1.661
mixed,16,4,0.25,4.0,1024,8192,256,1024,448,4569.488,4580.413,4574.816,0.4877
mixed,16,4,0.25,4.0,1024,8192,512,2048,896,4593.967,4607.466,4614.783,1.5421
mixed,16,4,0.25,4.0,1024,8192,1024,4096,1792,4606.572,4665.593,4636.538,0.5077
mixed,16,4,0.25,4.0,1024,8192,2048,8192,3584,4636.857,4730.986,4682.249,0.4822
mixed,16,4,0.25,4.0,1024,8192,4096,16384,7168,4709.755,4886.238,4802.35,0.5247
mixed,16,4,0.25,4.0,1024,8192,8192,32768,14336,4843.728,5190.972,5011.04,0.4818
mixed,16,4,0.25,4.0,1024,16384,128,512,224,8281.746,8261.609,8276.436,
mixed,16,4,0.25,4.0,1024,16384,256,1024,448,8278.815,8272.939,8246.325,
mixed,16,4,0.25,4.0,1024,16384,512,2048,896,8263.792,8293.928,8306.533,1.4183
mixed,16,4,0.25,4.0,1024,16384,1024,4096,1792,8294.74,8358.787,8325.908,0.4866
mixed,16,4,0.25,4.0,1024,16384,2048,8192,3584,8346.514,8418.843,8381.351,0.4816
mixed,16,4,0.25,4.0,1024,16384,4096,16384,7168,8405.544,8575.139,8493.719,0.5199
mixed,16,4,0.25,4.0,1024,16384,8192,32768,14336,8542.262,8883.112,8720.903,0.5241
mixed,16,4,0.25,4.0,4096,0,128,512,224,3717.755,3728.331,3713.609,-0.392
mixed,16,4,0.25,4.0,4096,0,256,1024,448,3721.116,3735.402,3722.408,0.0904
mixed,16,4,0.25,4.0,4096,0,512,2048,896,3733.335,3760.742,3757.161,0.8693
mixed,16,4,0.25,4.0,4096,0,1024,4096,1792,3750.427,3796.6,3797.499,1.0195
mixed,16,4,0.25,4.0,4096,0,2048,8192,3584,3782.189,3877.833,3844.49,0.6514
mixed,16,4,0.25,4.0,4096,0,4096,16384,7168,3858.767,4036.635,3946.81,0.495
mixed,16,4,0.25,4.0,4096,0,8192,32768,14336,3995.658,4356.669,4154.168,0.4391
mixed,16,4,0.25,4.0,4096,512,128,512,224,4836.572,4847.575,4841.087,0.4103
mixed,16,4,0.25,4.0,4096,512,256,1024,448,4851.416,4875.995,4845.644,-0.2348
mixed,16,4,0.25,4.0,4096,512,512,2048,896,4855.607,4880.382,4879.58,0.9676
mixed,16,4,0.25,4.0,4096,512,1024,4096,1792,4882.489,4928.191,4907.229,0.5413
mixed,16,4,0.25,4.0,4096,512,2048,8192,3584,4920.957,5010.801,4961.967,0.4565
mixed,16,4,0.25,4.0,4096,512,4096,16384,7168,4978.635,5173.406,5072.286,0.4808
mixed,16,4,0.25,4.0,4096,512,8192,32768,14336,5128.35,5477.734,5279.57,0.4328
mixed,16,4,0.25,4.0,4096,2048,128,512,224,6794.037,6813.282,6836.449,2.2038
mixed,16,4,0.25,4.0,4096,2048,256,1024,448,6857.028,6817.142,6801.397,
mixed,16,4,0.25,4.0,4096,2048,512,2048,896,6820.54,6842.035,6836.998,0.7657
mixed,16,4,0.25,4.0,4096,2048,1024,4096,1792,6837.118,6888.85,6860.422,0.4505
mixed,16,4,0.25,4.0,4096,2048,2048,8192,3584,6863.234,6955.647,6923.045,0.6472
mixed,16,4,0.25,4.0,4096,2048,4096,16384,7168,6934.883,7131.379,7023.219,0.4496
mixed,16,4,0.25,4.0,4096,2048,8192,32768,14336,7075.816,7426.79,7243.215,0.477
mixed,16,4,0.25,4.0,4096,8192,128,512,224,14652.564,14680.741,14647.216,-0.1898
mixed,16,4,0.25,4.0,4096,8192,256,1024,448,14718.69,15093.465,14689.02,-0.0792
mixed,16,4,0.25,4.0,4096,8192,512,2048,896,14679.527,14729.978,14714.279,0.6888
mixed,16,4,0.25,4.0,4096,8192,1024,4096,1792,14701.209,14738.444,15077.227,10.0985
mixed,16,4,0.25,4.0,4096,8192,2048,8192,3584,14749.352,14817.498,14911.708,2.3825
mixed,16,4,0.25,4.0,4096,8192,4096,16384,7168,14811.064,15244.814,14914.124,0.2376
mixed,16,4,0.25,4.0,4096,8192,8192,32768,14336,15031.097,15304.951,15155.856,0.4556
mixed,16,4,0.25,4.0,4096,16384,128,512,224,26765.262,25491.45,25672.021,
mixed,16,4,0.25,4.0,4096,16384,256,1024,448,25558.95,26504.088,25692.492,0.1413
mixed,16,4,0.25,4.0,4096,16384,512,2048,896,25855.09,26833.931,26574.501,0.735
mixed,16,4,0.25,4.0,4096,16384,1024,4096,1792,26174.842,25492.055,26654.993,
mixed,16,4,0.25,4.0,4096,16384,2048,8192,3584,25418.804,26390.647,26122.644,0.7242
mixed,16,4,0.25,4.0,4096,16384,4096,16384,7168,25917.014,26622.077,27167.462,1.7735
mixed,16,4,0.25,4.0,4096,16384,8192,32768,14336,25667.803,26147.076,25743.18,0.1573
pure,16,8,0.5,4.0,0,0,128,512,320,135.25,140.241,133.489,-0.3528
pure,16,8,0.5,4.0,0,0,256,1024,640,144.226,150.703,144.945,0.111
pure,16,8,0.5,4.0,0,0,512,2048,1280,155.537,170.067,152.447,-0.2127
pure,16,8,0.5,4.0,0,0,1024,4096,2560,179.407,207.856,179.502,0.0033
pure,16,8,0.5,4.0,0,0,2048,8192,5120,227.569,287.042,231.874,0.0724
pure,16,8,0.5,4.0,0,0,4096,16384,10240,325.409,449.187,337.825,0.1003
pure,16,8,0.5,4.0,0,0,8192,32768,20480,527.201,759.233,554.723,0.1186
mixed,16,8,0.5,4.0,16,0,128,512,320,151.839,158.306,143.215,-1.3336
mixed,16,8,0.5,4.0,16,0,256,1024,640,156.704,162.113,153.872,-0.5237
mixed,16,8,0.5,4.0,16,0,512,2048,1280,167.297,183.76,173.871,0.3993
mixed,16,8,0.5,4.0,16,0,1024,4096,2560,193.393,224.081,215.584,0.7231
mixed,16,8,0.5,4.0,16,0,2048,8192,5120,242.931,304.498,291.825,0.7942
mixed,16,8,0.5,4.0,16,0,4096,16384,10240,342.657,465.874,451.442,0.8829
mixed,16,8,0.5,4.0,16,0,8192,32768,20480,545.793,779.442,762.211,0.9262
mixed,16,8,0.5,4.0,16,512,128,512,320,201.808,177.44,199.233,
mixed,16,8,0.5,4.0,16,512,256,1024,640,177.216,220.85,172.672,-0.1041
mixed,16,8,0.5,4.0,16,512,512,2048,1280,222.864,194.769,215.089,
mixed,16,8,0.5,4.0,16,512,1024,4096,2560,202.224,282.863,212.049,0.1219
mixed,16,8,0.5,4.0,16,512,2048,8192,5120,303.76,367.154,291.585,-0.1921
mixed,16,8,0.5,4.0,16,512,4096,16384,10240,407.394,528.322,450.513,0.3566
mixed,16,8,0.5,4.0,16,512,8192,32768,20480,606.543,842.692,763.683,0.6654
mixed,16,8,0.5,4.0,16,2048,128,512,320,203.584,203.505,204.528,
mixed,16,8,0.5,4.0,16,2048,256,1024,640,207.441,250.769,215.183,0.1787
mixed,16,8,0.5,4.0,16,2048,512,2048,1280,281.251,234.144,278.416,
mixed,16,8,0.5,4.0,16,2048,1024,4096,2560,303.536,362.688,307.841,0.0728
mixed,16,8,0.5,4.0,16,2048,2048,8192,5120,387.859,352.754,339.01,
mixed,16,8,0.5,4.0,16,2048,4096,16384,10240,523.138,641.394,453.731,-0.5869
mixed,16,8,0.5,4.0,16,2048,8192,32768,20480,720.465,956.435,770.85,0.2135
mixed,16,8,0.5,4.0,16,8192,128,512,320,327.328,342.546,342.241,0.98
mixed,16,8,0.5,4.0,16,8192,256,1024,640,353.49,384.24,382.978,0.959
mixed,16,8,0.5,4.0,16,8192,512,2048,1280,405.553,360.127,461.712,
mixed,16,8,0.5,4.0,16,8192,1024,4096,2560,358.962,490.321,398.034,0.2974
mixed,16,8,0.5,4.0,16,8192,2048,8192,5120,568.579,472.626,593.009,
mixed,16,8,0.5,4.0,16,8192,4096,16384,10240,696.529,915.282,778.001,0.3724
mixed,16,8,0.5,4.0,16,8192,8192,32768,20480,1015.106,976.865,811.633,
mixed,16,8,0.5,4.0,16,16384,128,512,320,468.194,501.97,471.312,0.0923
mixed,16,8,0.5,4.0,16,16384,256,1024,640,510.897,540.912,510.45,-0.0149
mixed,16,8,0.5,4.0,16,16384,512,2048,1280,563.123,621.412,620.546,0.9851
mixed,16,8,0.5,4.0,16,16384,1024,4096,2560,658.981,567.232,775.73,
mixed,16,8,0.5,4.0,16,16384,2048,8192,5120,566.821,805.025,630.976,0.2693
mixed,16,8,0.5,4.0,16,16384,4096,16384,10240,958.338,783.603,1003.09,
mixed,16,8,0.5,4.0,16,16384,8192,32768,20480,1213.026,1636.453,1400.899,0.4437
mixed,16,8,0.5,4.0,64,0,128,512,320,131.76,147.185,145.936,0.9191
mixed,16,8,0.5,4.0,64,0,256,1024,640,156.624,187.808,184.849,0.9051
mixed,16,8,0.5,4.0,64,0,512,2048,1280,205.888,265.04,263.168,0.9684
mixed,16,8,0.5,4.0,64,0,1024,4096,2560,304.098,418.049,418.914,1.0076
mixed,16,8,0.5,4.0,64,0,2048,8192,5120,496.031,725.81,724.978,0.9964
mixed,16,8,0.5,4.0,64,0,4096,16384,10240,878.116,1339.716,1338.324,0.997
mixed,16,8,0.5,4.0,64,0,8192,32768,20480,1644.179,2568.313,2571.447,1.0034
mixed,16,8,0.5,4.0,64,512,128,512,320,192.496,207.712,206.031,0.8895
mixed,16,8,0.5,4.0,64,512,256,1024,640,217.505,246.976,245.889,0.9631
mixed,16,8,0.5,4.0,64,512,512,2048,1280,268.832,326.672,325.183,0.9742
mixed,16,8,0.5,4.0,64,512,1024,4096,2560,365.249,478.209,480.114,1.0169
mixed,16,8,0.5,4.0,64,512,2048,8192,5120,555.937,784.371,785.09,1.0031
mixed,16,8,0.5,4.0,64,512,4096,16384,10240,940.098,1396.885,1397.971,1.0024
mixed,16,8,0.5,4.0,64,512,8192,32768,20480,1705.077,2624.422,2623.702,0.9992
mixed,16,8,0.5,4.0,64,2048,128,512,320,308.465,324.355,323.185,0.9264
mixed,16,8,0.5,4.0,64,2048,256,1024,640,334.928,367.935,365.058,0.9128
mixed,16,8,0.5,4.0,64,2048,512,2048,1280,386.178,445.634,443.809,0.9693
mixed,16,8,0.5,4.0,64,2048,1024,4096,2560,484.224,601.091,599.089,0.9829
mixed,16,8,0.5,4.0,64,2048,2048,8192,5120,677.937,907.025,907.378,1.0015
mixed,16,8,0.5,4.0,64,2048,4096,16384,10240,1060.547,1525.415,1521.365,0.9913
mixed,16,8,0.5,4.0,64,2048,8192,32768,20480,1827.013,2757.448,2748.39,0.9903
mixed,16,8,0.5,4.0,64,8192,128,512,320,733.249,733.409,733.154,-0.5938
mixed,16,8,0.5,4.0,64,8192,256,1024,640,733.602,827.123,733.313,-0.0031
mixed,16,8,0.5,4.0,64,8192,512,2048,1280,850.275,908.547,795.154,-0.9459
mixed,16,8,0.5,4.0,64,8192,1024,4096,2560,947.154,1069.283,1061.458,0.9359
mixed,16,8,0.5,4.0,64,8192,2048,8192,5120,1139.573,1371.954,1371.027,0.996
mixed,16,8,0.5,4.0,64,8192,4096,16384,10240,1524.597,1983.973,1989.619,1.0123
mixed,16,8,0.5,4.0,64,8192,8192,32768,20480,2291.895,3213.448,3219.751,1.0068
mixed,16,8,0.5,4.0,64,16384,128,512,320,1336.209,1336.242,1337.122,27.6667
mixed,16,8,0.5,4.0,64,16384,256,1024,640,1337.889,1337.3,1334.789,
mixed,16,8,0.5,4.0,64,16384,512,2048,1280,1336.598,1491.027,1336.629,0.0002
mixed,16,8,0.5,4.0,64,16384,1024,4096,2560,1552.215,1665.412,1435.652,-1.0297
mixed,16,8,0.5,4.0,64,16384,2048,8192,5120,1744.036,1975.939,1974.949,0.9957
mixed,16,8,0.5,4.0,64,16384,4096,16384,10240,2131.573,2588.197,2589.765,1.0034
mixed,16,8,0.5,4.0,64,16384,8192,32768,20480,2901.4,3825.898,3820.856,0.9945
mixed,16,8,0.5,4.0,256,0,128,512,320,302.368,296.462,295.841,
mixed,16,8,0.5,4.0,256,0,256,1024,640,306.193,306.385,304.544,-8.611
mixed,16,8,0.5,4.0,256,0,512,2048,1280,304.786,331.121,328.706,0.9083
mixed,16,8,0.5,4.0,256,0,1024,4096,2560,372.595,489.6,488.513,0.9907
mixed,16,8,0.5,4.0,256,0,2048,8192,5120,565.249,795.891,797.33,1.0062
mixed,16,8,0.5,4.0,256,0,4096,16384,10240,951.955,1410.515,1411.013,1.0011
mixed,16,8,0.5,4.0,256,0,8192,32768,20480,1717.825,2641.88,2649.318,1.008
mixed,16,8,0.5,4.0,256,512,128,512,320,469.776,495.777,466.002,-0.1452
mixed,16,8,0.5,4.0,256,512,256,1024,640,506.385,535.585,479.024,-0.937
mixed,16,8,0.5,4.0,256,512,512,2048,1280,555.952,616.815,557.6,0.0271
mixed,16,8,0.5,4.0,256,512,1024,4096,2560,650.979,765.266,712.258,0.5362
mixed,16,8,0.5,4.0,256,512,2048,8192,5120,845.794,1074.899,1017.795,0.7508
mixed,16,8,0.5,4.0,256,512,4096,16384,10240,1228.562,1690.419,1638.021,0.8865
mixed,16,8,0.5,4.0,256,512,8192,32768,20480,1995.365,2921.686,2863.668,0.9374
mixed,16,8,0.5,4.0,256,2048,128,512,320,903.108,903.425,905.395,7.2129
mixed,16,8,0.5,4.0,256,2048,256,1024,640,903.666,925.203,901.763,-0.0884
mixed,16,8,0.5,4.0,256,2048,512,2048,1280,963.363,1071.078,954.496,-0.0823
mixed,16,8,0.5,4.0,256,2048,1024,4096,2560,1111.715,1226.563,1059.973,-0.4505
mixed,16,8,0.5,4.0,256,2048,2048,8192,5120,1304.162,1535.526,1370.324,0.286
mixed,16,8,0.5,4.0,256,2048,4096,16384,10240,1688.579,2147.541,1981.107,0.6374
mixed,16,8,0.5,4.0,256,2048,8192,32768,20480,2454.36,3385.673,3224.04,0.8264
mixed,16,8,0.5,4.0,256,8192,128,512,320,2723.671,2726.055,2724.791,0.4695
mixed,16,8,0.5,4.0,256,8192,256,1024,640,2732.087,2726.612,2725.16,
mixed,16,8,0.5,4.0,256,8192,512,2048,1280,2724.069,2726.695,2724.68,0.2325
mixed,16,8,0.5,4.0,256,8192,1024,4096,2560,2722.921,2753.59,2724.455,0.05
mixed,16,8,0.5,4.0,256,8192,2048,8192,5120,2911.878,3348.264,2891.061,-0.0477
mixed,16,8,0.5,4.0,256,8192,4096,16384,10240,3502.793,3962.221,3340.685,-0.3529
mixed,16,8,0.5,4.0,256,8192,8192,32768,20480,4267.868,5186.635,4569.006,0.3278
mixed,16,8,0.5,4.0,256,16384,128,512,320,5155.017,5169.246,5154.172,-0.0594
mixed,16,8,0.5,4.0,256,16384,256,1024,640,5157.21,5172.142,5153.164,-0.271
mixed,16,8,0.5,4.0,256,16384,512,2048,1280,5151.965,5154.48,5156.042,1.6211
mixed,16,8,0.5,4.0,256,16384,1024,4096,2560,5148.963,5151.565,5157.584,3.3132
mixed,16,8,0.5,4.0,256,16384,2048,8192,5120,5154.013,5198.604,5151.882,-0.0478
mixed,16,8,0.5,4.0,256,16384,4096,16384,10240,5490.123,6398.768,5479.79,-0.0114
mixed,16,8,0.5,4.0,256,16384,8192,32768,20480,6702.772,7625.009,6390.195,-0.3389
mixed,16,8,0.5,4.0,1024,0,128,512,320,689.761,689.665,684.784,
mixed,16,8,0.5,4.0,1024,0,256,1024,640,695.97,703.186,696.689,0.0997
mixed,16,8,0.5,4.0,1024,0,512,2048,1280,710.273,723.412,704.996,-0.4016
mixed,16,8,0.5,4.0,1024,0,1024,4096,2560,735.155,763.443,733.777,-0.0487
mixed,16,8,0.5,4.0,1024,0,2048,8192,5120,782.322,841.747,786.723,0.074
mixed,16,8,0.5,4.0,1024,0,4096,16384,10240,885.473,1008.052,894.322,0.0722
mixed,16,8,0.5,4.0,1024,0,8192,32768,20480,1083.294,1320.724,1113.569,0.1275
mixed,16,8,0.5,4.0,1024,512,128,512,320,1093.842,1096.098,1091.201,-1.1702
mixed,16,8,0.5,4.0,1024,512,256,1024,640,1103.01,1109.79,1104.819,0.2668
mixed,16,8,0.5,4.0,1024,512,512,2048,1280,1114.453,1126.466,1114.032,-0.035
mixed,16,8,0.5,4.0,1024,512,1024,4096,2560,1140.504,1170.967,1136.227,-0.1404
mixed,16,8,0.5,4.0,1024,512,2048,8192,5120,1188.979,1249.7,1193.824,0.0798
mixed,16,8,0.5,4.0,1024,512,4096,16384,10240,1291.683,1413.7,1302.896,0.0919
mixed,16,8,0.5,4.0,1024,512,8192,32768,20480,1494.29,1725.943,1516.865,0.0975
mixed,16,8,0.5,4.0,1024,2048,128,512,320,1801.716,1804.118,1800.309,-0.5861
mixed,16,8,0.5,4.0,1024,2048,256,1024,640,1805.028,1812.869,1808.383,0.4278
mixed,16,8,0.5,4.0,1024,2048,512,2048,1280,1819.299,1837.635,1812.408,-0.3759
mixed,16,8,0.5,4.0,1024,2048,1024,4096,2560,1843.842,1877.029,1842.502,-0.0404
mixed,16,8,0.5,4.0,1024,2048,2048,8192,5120,1892.931,1948.051,1896.003,0.0557
mixed,16,8,0.5,4.0,1024,2048,4096,16384,10240,1986.711,2111.365,1992.503,0.0465
mixed,16,8,0.5,4.0,1024,2048,8192,32768,20480,2184.79,2419.573,2207.381,0.0962
mixed,16,8,0.5,4.0,1024,8192,128,512,320,4592.922,4587.577,4576.315,
mixed,16,8,0.5,4.0,1024,8192,256,1024,640,4592.831,4595.29,4602.473,3.9205
mixed,16,8,0.5,4.0,1024,8192,512,2048,1280,4603.338,4626.394,4603.66,0.0139
mixed,16,8,0.5,4.0,1024,8192,1024,4096,2560,4635.534,4670.042,4635.834,0.0087
mixed,16,8,0.5,4.0,1024,8192,2048,8192,5120,4693.822,4741.083,4699.354,0.1171
mixed,16,8,0.5,4.0,1024,8192,4096,16384,10240,4784.382,4895.998,4786.654,0.0204
mixed,16,8,0.5,4.0,1024,8192,8192,32768,20480,4974.395,5207.547,5002.81,0.1219
mixed,16,8,0.5,4.0,1024,16384,128,512,320,8292.855,8299.679,8316.867,3.5185
mixed,16,8,0.5,4.0,1024,16384,256,1024,640,8305.846,8307.032,8311.127,4.4524
mixed,16,8,0.5,4.0,1024,16384,512,2048,1280,8318.258,8301.477,8303.572,
mixed,16,8,0.5,4.0,1024,16384,1024,4096,2560,8302.594,8337.555,8306.294,0.1058
mixed,16,8,0.5,4.0,1024,16384,2048,8192,5120,8355.098,8423.284,8356.945,0.0271
mixed,16,8,0.5,4.0,1024,16384,4096,16384,10240,8461.714,8583.283,8482.43,0.1704
mixed,16,8,0.5,4.0,1024,16384,8192,32768,20480,8665.842,8892.212,8696.578,0.1358
mixed,16,8,0.5,4.0,4096,0,128,512,320,3727.61,3727.083,3729.864,
mixed,16,8,0.5,4.0,4096,0,256,1024,640,3728.409,3738.025,3734.443,0.6274
mixed,16,8,0.5,4.0,4096,0,512,2048,1280,3746.17,3760.026,3740.212,-0.43
mixed,16,8,0.5,4.0,4096,0,1024,4096,2560,3769.016,3799.818,3762.537,-0.2103
mixed,16,8,0.5,4.0,4096,0,2048,8192,5120,3832.199,3877.192,3828.841,-0.0746
mixed,16,8,0.5,4.0,4096,0,4096,16384,10240,3920.042,4040.698,3923.868,0.0317
mixed,16,8,0.5,4.0,4096,0,8192,32768,20480,4116.489,4348.267,4138.217,0.0937
mixed,16,8,0.5,4.0,4096,512,128,512,320,4841.44,4849.418,4841.243,-0.0246
mixed,16,8,0.5,4.0,4096,512,256,1024,640,4859.93,4864.647,4853.318,-1.4017
mixed,16,8,0.5,4.0,4096,512,512,2048,1280,4865.118,4880.364,4876.087,0.7195
mixed,16,8,0.5,4.0,4096,512,1024,4096,2560,4895.442,4931.261,4895.02,-0.0118
mixed,16,8,0.5,4.0,4096,512,2048,8192,5120,4947.801,5000.269,4946.766,-0.0197
mixed,16,8,0.5,4.0,4096,512,4096,16384,10240,5038.908,5167.527,5059.937,0.1635
mixed,16,8,0.5,4.0,4096,512,8192,32768,20480,5236.173,5464.751,5263.721,0.1205
mixed,16,8,0.5,4.0,4096,2048,128,512,320,6800.973,6803.013,6800.783,-0.0931
mixed,16,8,0.5,4.0,4096,2048,256,1024,640,6836.79,6819.201,6811.329,
mixed,16,8,0.5,4.0,4096,2048,512,2048,1280,6825.685,6836.555,6819.203,-0.5964
mixed,16,8,0.5,4.0,4096,2048,1024,4096,2560,6847.394,6875.97,6846.96,-0.0152
mixed,16,8,0.5,4.0,4096,2048,2048,8192,5120,6897.279,6953.226,6894.927,-0.042
mixed,16,8,0.5,4.0,4096,2048,4096,16384,10240,7010.258,7115.825,7004.367,-0.0558
mixed,16,8,0.5,4.0,4096,2048,8192,32768,20480,7192.531,7425.618,7216.847,0.1043
mixed,16,8,0.5,4.0,4096,8192,128,512,320,14705.957,15035.53,14675.969,-0.091
mixed,16,8,0.5,4.0,4096,8192,256,1024,640,14913.815,14706.374,14773.019,
mixed,16,8,0.5,4.0,4096,8192,512,2048,1280,14699.449,14760.342,14877.976,2.9318
mixed,16,8,0.5,4.0,4096,8192,1024,4096,2560,14713.143,15044.075,14749.702,0.1105
mixed,16,8,0.5,4.0,4096,8192,2048,8192,5120,15065.468,14816.027,14760.092,
mixed,16,8,0.5,4.0,4096,8192,4096,16384,10240,14933.574,14969.283,14871.575,-1.7362
mixed,16,8,0.5,4.0,4096,8192,8192,32768,20480,15071.433,15311.757,15247.737,0.7336
mixed,16,8,0.5,4.0,4096,16384,128,512,320,26505.72,25960.575,25294.509,
mixed,16,8,0.5,4.0,4096,16384,256,1024,640,25884.056,26227.348,26261.467,1.0994
mixed,16,8,0.5,4.0,4096,16384,512,2048,1280,25477.233,25525.054,26433.586,19.9984
mixed,16,8,0.5,4.0,4096,16384,1024,4096,2560,26014.179,25939.579,25860.861,
mixed,16,8,0.5,4.0,4096,16384,2048,8192,5120,25658.269,25534.787,25430.536,
mixed,16,8,0.5,4.0,4096,16384,4096,16384,10240,25733.937,25804.285,25914.027,2.56
mixed,16,8,0.5,4.0,4096,16384,8192,32768,20480,26306.95,26068.849,25702.736,
pure,16,12,0.75,4.0,0,0,128,512,416,138.705,139.745,155.521,16.1537
pure,16,12,0.75,4.0,0,0,256,1024,832,147.281,150.513,156.176,2.7522
pure,16,12,0.75,4.0,0,0,512,2048,1664,161.329,170.452,181.823,2.2463
pure,16,12,0.75,4.0,0,0,1024,4096,3328,194.192,207.537,224.191,2.2479
pure,16,12,0.75,4.0,0,0,2048,8192,6656,257.248,286.24,303.984,1.6121
pure,16,12,0.75,4.0,0,0,4096,16384,13312,388.144,447.424,464.689,1.2912
pure,16,12,0.75,4.0,0,0,8192,32768,26624,644.323,762.579,780.146,1.1486
mixed,16,12,0.75,4.0,16,0,128,512,416,149.359,157.183,148.223,-0.1453
mixed,16,12,0.75,4.0,16,0,256,1024,832,165.6,162.045,160.191,
mixed,16,12,0.75,4.0,16,0,512,2048,1664,186.272,185.775,180.752,
mixed,16,12,0.75,4.0,16,0,1024,4096,3328,207.856,222.464,221.057,0.9037
mixed,16,12,0.75,4.0,16,0,2048,8192,6656,271.891,304.194,299.408,0.8518
mixed,16,12,0.75,4.0,16,0,4096,16384,13312,407.601,464.402,457.938,0.8862
mixed,16,12,0.75,4.0,16,0,8192,32768,26624,664.243,779.266,767.171,0.8949
mixed,16,12,0.75,4.0,16,512,128,512,416,169.01,178.815,172.4,0.3458
mixed,16,12,0.75,4.0,16,512,256,1024,832,178.576,221.473,213.441,0.8128
mixed,16,12,0.75,4.0,16,512,512,2048,1664,185.424,193.424,213.952,3.566
mixed,16,12,0.75,4.0,16,512,1024,4096,3328,267.649,282.37,266.513,-0.0772
mixed,16,12,0.75,4.0,16,512,2048,8192,6656,333.457,364.978,298.898,-1.0964
mixed,16,12,0.75,4.0,16,512,4096,16384,13312,466.031,525.33,457.489,-0.1441
mixed,16,12,0.75,4.0,16,512,8192,32768,26624,720.034,838.74,768.274,0.4064
mixed,16,12,0.75,4.0,16,2048,128,512,416,203.12,203.825,203.184,0.0901
mixed,16,12,0.75,4.0,16,2048,256,1024,832,234.24,250.928,242.608,0.5014
mixed,16,12,0.75,4.0,16,2048,512,2048,1664,295.137,233.472,280.577,
mixed,16,12,0.75,4.0,16,2048,1024,4096,3328,344.178,360.352,354.88,0.6617
mixed,16,12,0.75,4.0,16,2048,2048,8192,6656,309.569,352.305,451.618,3.3238
mixed,16,12,0.75,4.0,16,2048,4096,16384,13312,581.105,639.793,624.545,0.7402
mixed,16,12,0.75,4.0,16,2048,8192,32768,26624,835.361,949.748,769.026,-0.5799
mixed,16,12,0.75,4.0,16,8192,128,512,416,330.273,341.746,341.954,1.0181
mixed,16,12,0.75,4.0,16,8192,256,1024,832,368.673,383.634,381.986,0.8898
mixed,16,12,0.75,4.0,16,8192,512,2048,1664,434.064,360.305,464.369,
mixed,16,12,0.75,4.0,16,8192,1024,4096,3328,431.982,492.193,484.945,0.8796
mixed,16,12,0.75,4.0,16,8192,2048,8192,6656,644.305,473.617,599.459,
mixed,16,12,0.75,4.0,16,8192,4096,16384,13312,831.489,912.673,904.865,0.9038
mixed,16,12,0.75,4.0,16,8192,8192,32768,26624,819.873,974.917,1388.645,3.6685
mixed,16,12,0.75,4.0,16,16384,128,512,416,491.026,500.352,471.586,-2.0844
mixed,16,12,0.75,4.0,16,16384,256,1024,832,527.315,543.602,541.761,0.887
mixed,16,12,0.75,4.0,16,16384,512,2048,1664,591.06,621.875,619.633,0.9272
mixed,16,12,0.75,4.0,16,16384,1024,4096,3328,717.506,565.875,776.529,
mixed,16,12,0.75,4.0,16,16384,2048,8192,6656,686.386,803.666,796.323,0.9374
mixed,16,12,0.75,4.0,16,16384,4096,16384,13312,1101.731,780.577,1008.258,
mixed,16,12,0.75,4.0,16,16384,8192,32768,26624,1483.185,1640.819,1631.892,0.9434
mixed,16,12,0.75,4.0,64,0,128,512,416,137.632,146.928,146.433,0.9467
mixed,16,12,0.75,4.0,64,0,256,1024,832,171.473,186.129,185.983,0.9901
mixed,16,12,0.75,4.0,64,0,512,2048,1664,235.968,266.032,265.791,0.992
mixed,16,12,0.75,4.0,64,0,1024,4096,3328,360.399,418.383,418.386,1.0001
mixed,16,12,0.75,4.0,64,0,2048,8192,6656,609.251,724.543,724.513,0.9997
mixed,16,12,0.75,4.0,64,0,4096,16384,13312,1111.556,1337.252,1337.203,0.9998
mixed,16,12,0.75,4.0,64,0,8192,32768,26624,2106.151,2564.726,2562.755,0.9957
mixed,16,12,0.75,4.0,64,512,128,512,416,198.433,207.617,206.911,0.9232
mixed,16,12,0.75,4.0,64,512,256,1024,832,232.879,247.295,246.273,0.9291
mixed,16,12,0.75,4.0,64,512,512,2048,1664,296.881,326.8,325.952,0.9717
mixed,16,12,0.75,4.0,64,512,1024,4096,3328,421.841,478.768,479.185,1.0073
mixed,16,12,0.75,4.0,64,512,2048,8192,6656,670.802,785.729,785.763,1.0003
mixed,16,12,0.75,4.0,64,512,4096,16384,13312,1168.547,1401.238,1398.213,0.987
mixed,16,12,0.75,4.0,64,512,8192,32768,26624,2164.837,2624.086,2621.831,0.9951
mixed,16,12,0.75,4.0,64,2048,128,512,416,314.912,324.754,323.954,0.9188
mixed,16,12,0.75,4.0,64,2048,256,1024,832,349.904,367.666,365.472,0.8765
mixed,16,12,0.75,4.0,64,2048,512,2048,1664,416.594,445.634,446.738,1.038
mixed,16,12,0.75,4.0,64,2048,1024,4096,3328,542.848,600.674,601.393,1.0124
mixed,16,12,0.75,4.0,64,2048,2048,8192,6656,794.769,908.497,909.586,1.0096
mixed,16,12,0.75,4.0,64,2048,4096,16384,13312,1291.25,1520.659,1519.973,0.997
mixed,16,12,0.75,4.0,64,2048,8192,32768,26624,2291.204,2751.894,2746.119,0.9875
mixed,16,12,0.75,4.0,64,8192,128,512,416,732.322,732.625,733.265,3.1104
mixed,16,12,0.75,4.0,64,8192,256,1024,832,763.089,829.17,764.977,0.0286
mixed,16,12,0.75,4.0,64,8192,512,2048,1664,877.394,907.507,906.483,0.966
mixed,16,12,0.75,4.0,64,8192,1024,4096,3328,1008.003,1065.011,1064.45,0.9902
mixed,16,12,0.75,4.0,64,8192,2048,8192,6656,1256.755,1371.157,1370.5,0.9943
mixed,16,12,0.75,4.0,64,8192,4096,16384,13312,1754.806,1984.483,1984.405,0.9997
mixed,16,12,0.75,4.0,64,8192,8192,32768,26624,2751.556,3208.566,3211.88,1.0073
mixed,16,12,0.75,4.0,64,16384,128,512,416,1336.336,1336.1,1335.986,
mixed,16,12,0.75,4.0,64,16384,256,1024,832,1336.436,1336.419,1337.617,
mixed,16,12,0.75,4.0,64,16384,512,2048,1664,1337.026,1486.196,1336.787,-0.0016
mixed,16,12,0.75,4.0,64,16384,1024,4096,3328,1609.891,1667.812,1666.805,0.9826
mixed,16,12,0.75,4.0,64,16384,2048,8192,6656,1860.148,1976.326,1975.381,0.9919
mixed,16,12,0.75,4.0,64,16384,4096,16384,13312,2359.223,2596.87,2587.494,0.9605
mixed,16,12,0.75,4.0,64,16384,8192,32768,26624,3355.064,3815.511,3814.746,0.9983
mixed,16,12,0.75,4.0,256,0,128,512,416,300.032,296.866,298.225,
mixed,16,12,0.75,4.0,256,0,256,1024,832,304.816,305.779,305.968,1.1963
mixed,16,12,0.75,4.0,256,0,512,2048,1664,321.504,331.233,328.864,0.7565
mixed,16,12,0.75,4.0,256,0,1024,4096,3328,429.298,489.49,490.4,1.0151
mixed,16,12,0.75,4.0,256,0,2048,8192,6656,679.873,796.033,798.097,1.0178
mixed,16,12,0.75,4.0,256,0,4096,16384,13312,1180.355,1408.276,1410.993,1.0119
mixed,16,12,0.75,4.0,256,0,8192,32768,26624,2181.715,2649.349,2636.021,0.9715
mixed,16,12,0.75,4.0,256,512,128,512,416,480.994,496.111,491.138,0.671
mixed,16,12,0.75,4.0,256,512,256,1024,832,521.652,537.632,531.264,0.6015
mixed,16,12,0.75,4.0,256,512,512,2048,1664,584.529,614.067,609.265,0.8374
mixed,16,12,0.75,4.0,256,512,1024,4096,3328,709.569,764.93,765.248,1.0058
mixed,16,12,0.75,4.0,256,512,2048,8192,6656,957.556,1072.772,1072.018,0.9935
mixed,16,12,0.75,4.0,256,512,4096,16384,13312,1459.522,1688.661,1691.3,1.0115
mixed,16,12,0.75,4.0,256,512,8192,32768,26624,2457.111,2916.63,2910.006,0.9856
mixed,16,12,0.75,4.0,256,2048,128,512,416,904.945,901.682,902.303,
mixed,16,12,0.75,4.0,256,2048,256,1024,832,902.034,924.546,924.913,1.0163
mixed,16,12,0.75,4.0,256,2048,512,2048,1664,1022.29,1072.465,1069.185,0.9346
mixed,16,12,0.75,4.0,256,2048,1024,4096,3328,1170.755,1229.235,1224.643,0.9215
mixed,16,12,0.75,4.0,256,2048,2048,8192,6656,1421.746,1532.164,1527.346,0.9564
mixed,16,12,0.75,4.0,256,2048,4096,16384,13312,1922.053,2144.851,2144.356,0.9978
mixed,16,12,0.75,4.0,256,2048,8192,32768,26624,2916.121,3376.472,3374.999,0.9968
mixed,16,12,0.75,4.0,256,8192,128,512,416,2718.13,2727.139,2728.566,1.1584
mixed,16,12,0.75,4.0,256,8192,256,1024,832,2727.943,2722.999,2728.901,
mixed,16,12,0.75,4.0,256,8192,512,2048,1664,2723.894,2726.744,2722.168,-0.6059
mixed,16,12,0.75,4.0,256,8192,1024,4096,3328,2728.118,2750.55,2752.053,1.067
mixed,16,12,0.75,4.0,256,8192,2048,8192,6656,3135.72,3347.718,3352.695,1.0235
mixed,16,12,0.75,4.0,256,8192,4096,16384,13312,3732.251,3967.513,3961.996,0.9766
mixed,16,12,0.75,4.0,256,8192,8192,32768,26624,4729.26,5185.355,5189.995,1.0102
mixed,16,12,0.75,4.0,256,16384,128,512,416,5153.148,5150.844,5156.474,
mixed,16,12,0.75,4.0,256,16384,256,1024,832,5152.987,5156.463,5151.884,-0.3175
mixed,16,12,0.75,4.0,256,16384,512,2048,1664,5148.925,5154.586,5163.323,2.5436
mixed,16,12,0.75,4.0,256,16384,1024,4096,3328,5151.707,5151.881,5150.729,-5.6017
mixed,16,12,0.75,4.0,256,16384,2048,8192,6656,5152.622,5186.028,5188.029,1.0599
mixed,16,12,0.75,4.0,256,16384,4096,16384,13312,5958.203,6406.636,6399.407,0.9839
mixed,16,12,0.75,4.0,256,16384,8192,32768,26624,7166.64,7626.191,7622.722,0.9925
mixed,16,12,0.75,4.0,1024,0,128,512,416,690.064,692.641,711.571,8.3456
mixed,16,12,0.75,4.0,1024,0,256,1024,832,698.323,703.938,708.881,1.8806
mixed,16,12,0.75,4.0,1024,0,512,2048,1664,715.746,724.691,742.965,3.0428
mixed,16,12,0.75,4.0,1024,0,1024,4096,3328,748.721,762.562,780.003,2.2601
mixed,16,12,0.75,4.0,1024,0,2048,8192,6656,814.099,844.069,858.963,1.4969
mixed,16,12,0.75,4.0,1024,0,4096,16384,13312,944.083,1003.521,1020.93,1.2929
mixed,16,12,0.75,4.0,1024,0,8192,32768,26624,1206.417,1321.68,1340.195,1.1606
mixed,16,12,0.75,4.0,1024,512,128,512,416,1096.272,1097.956,1118.049,12.9356
mixed,16,12,0.75,4.0,1024,512,256,1024,832,1105.491,1108.974,1118.977,3.8724
mixed,16,12,0.75,4.0,1024,512,512,2048,1664,1122.739,1130.865,1145.83,2.8416
mixed,16,12,0.75,4.0,1024,512,1024,4096,3328,1156.481,1168.93,1186.865,2.4406
mixed,16,12,0.75,4.0,1024,512,2048,8192,6656,1218.255,1245.81,1265.076,1.6992
mixed,16,12,0.75,4.0,1024,512,4096,16384,13312,1350.496,1412.931,1428.466,1.2488
mixed,16,12,0.75,4.0,1024,512,8192,32768,26624,1607.749,1721.815,1740.021,1.1596
mixed,16,12,0.75,4.0,1024,2048,128,512,416,1794.099,1800.502,1812.501,2.8739
mixed,16,12,0.75,4.0,1024,2048,256,1024,832,1807.699,1814.919,1815.125,1.0285
mixed,16,12,0.75,4.0,1024,2048,512,2048,1664,1824.295,1833.222,1845.576,2.384
mixed,16,12,0.75,4.0,1024,2048,1024,4096,3328,1865.699,1869.442,1882.501,4.4883
mixed,16,12,0.75,4.0,1024,2048,2048,8192,6656,1919.332,1946.983,1963.012,1.5797
mixed,16,12,0.75,4.0,1024,2048,4096,16384,13312,2049.544,2103.798,2115.701,1.2194
mixed,16,12,0.75,4.0,1024,2048,8192,32768,26624,2302.484,2417.957,2431.381,1.1163
mixed,16,12,0.75,4.0,1024,8192,128,512,416,4600.844,4576.457,4609.866,
mixed,16,12,0.75,4.0,1024,8192,256,1024,832,4590.649,4598.521,4609.658,2.4148
mixed,16,12,0.75,4.0,1024,8192,512,2048,1664,4621.575,4628.057,4635.003,2.0716
mixed,16,12,0.75,4.0,1024,8192,1024,4096,3328,4649.229,4671.803,4682.028,1.4529
mixed,16,12,0.75,4.0,1024,8192,2048,8192,6656,4718.605,4751.414,4759.421,1.2441
mixed,16,12,0.75,4.0,1024,8192,4096,16384,13312,4842.909,4902.618,4922.92,1.34
mixed,16,12,0.75,4.0,1024,8192,8192,32768,26624,5097.482,5209.084,5236.682,1.2473
mixed,16,12,0.75,4.0,1024,16384,128,512,416,8303.491,8289.2,8312.997,
mixed,16,12,0.75,4.0,1024,16384,256,1024,832,8305.32,8314.24,8308.386,0.3436
mixed,16,12,0.75,4.0,1024,16384,512,2048,1664,8332.883,8335.827,8343.715,3.6792
mixed,16,12,0.75,4.0,1024,16384,1024,4096,3328,8353.712,8372.259,8395.221,2.2381
mixed,16,12,0.75,4.0,1024,16384,2048,8192,6656,8435.2,8458.626,8461.616,1.1276
mixed,16,12,0.75,4.0,1024,16384,4096,16384,13312,8568.231,8618.501,8644.289,1.513
mixed,16,12,0.75,4.0,1024,16384,8192,32768,26624,8812.993,8930.918,8963.44,1.2758
mixed,16,12,0.75,4.0,4096,0,128,512,416,3734.01,3743.97,3744.569,1.0601
mixed,16,12,0.75,4.0,4096,0,256,1024,832,3736.646,3741.782,3754.36,3.4485
mixed,16,12,0.75,4.0,4096,0,512,2048,1664,3751.114,3763.846,3774.251,1.8172
mixed,16,12,0.75,4.0,4096,0,1024,4096,3328,3791.369,3799.927,3817.688,3.0755
mixed,16,12,0.75,4.0,4096,0,2048,8192,6656,3852.297,3878.327,3897.817,1.7488
mixed,16,12,0.75,4.0,4096,0,4096,16384,13312,3985.433,4033.352,4055.995,1.4725
mixed,16,12,0.75,4.0,4096,0,8192,32768,26624,4231.145,4346.952,4363.626,1.144
mixed,16,12,0.75,4.0,4096,512,128,512,416,4860.014,4859.34,4874.716,
mixed,16,12,0.75,4.0,4096,512,256,1024,832,4875.403,4864.686,4871.133,
mixed,16,12,0.75,4.0,4096,512,512,2048,1664,4909.982,4898.799,4899.468,
mixed,16,12,0.75,4.0,4096,512,1024,4096,3328,4911.166,4922.815,4941.853,2.6342
mixed,16,12,0.75,4.0,4096,512,2048,8192,6656,4977.195,5002.698,5023.631,1.8208
mixed,16,12,0.75,4.0,4096,512,4096,16384,13312,5114.959,5172.817,5176.509,1.0638
mixed,16,12,0.75,4.0,4096,512,8192,32768,26624,5363.119,5472.699,5492.078,1.1768
mixed,16,12,0.75,4.0,4096,2048,128,512,416,6801.26,6806.063,6817.474,3.3757
mixed,16,12,0.75,4.0,4096,2048,256,1024,832,6817.539,6816.356,6829.083,
mixed,16,12,0.75,4.0,4096,2048,512,2048,1664,6826.274,6833.103,6849.167,3.3526
mixed,16,12,0.75,4.0,4096,2048,1024,4096,3328,6864.206,6877.822,6892.609,2.0859
mixed,16,12,0.75,4.0,4096,2048,2048,8192,6656,6932.991,6955.953,6972.178,1.7066
mixed,16,12,0.75,4.0,4096,2048,4096,16384,13312,7059.567,7112.323,7127.936,1.296
mixed,16,12,0.75,4.0,4096,2048,8192,32768,26624,7312.671,7430.181,7436.42,1.0531
mixed,16,12,0.75,4.0,4096,8192,128,512,416,14826.856,14929.759,14714.161,-1.0952
mixed,16,12,0.75,4.0,4096,8192,256,1024,832,14856.885,14774.264,14729.715,
mixed,16,12,0.75,4.0,4096,8192,512,2048,1664,14819.458,14715.494,14701.573,
mixed,16,12,0.75,4.0,4096,8192,1024,4096,3328,14735.523,14892.612,14955.427,1.3999
mixed,16,12,0.75,4.0,4096,8192,2048,8192,6656,14816.799,14962.435,14834.758,0.1233
mixed,16,12,0.75,4.0,4096,8192,4096,16384,13312,15112.421,15110.869,14993.142,
mixed,16,12,0.75,4.0,4096,8192,8192,32768,26624,15268.484,15300.963,15314.214,1.408
mixed,16,12,0.75,4.0,4096,16384,128,512,416,25903.638,25489.372,25392.27,
mixed,16,12,0.75,4.0,4096,16384,256,1024,832,26943.861,25495.807,26567.695,
mixed,16,12,0.75,4.0,4096,16384,512,2048,1664,26311.693,25907.924,26011.862,
mixed,16,12,0.75,4.0,4096,16384,1024,4096,3328,25691.329,25375.167,26479.348,
mixed,16,12,0.75,4.0,4096,16384,2048,8192,6656,25463.885,25890.851,26155.31,1.6194
mixed,16,12,0.75,4.0,4096,16384,4096,16384,13312,26366.175,25628.339,25954.514,
mixed,16,12,0.75,4.0,4096,16384,8192,32768,26624,26262.072,26492.868,26462.373,0.8679
pure,16,14,0.875,4.0,0,0,128,512,464,134.561,140.672,136.417,0.3037
pure,16,14,0.875,4.0,0,0,256,1024,928,149.905,151.968,146.801,-1.504
pure,16,14,0.875,4.0,0,0,512,2048,1856,164.88,169.377,200.08,7.8274
pure,16,14,0.875,4.0,0,0,1024,4096,3712,199.937,206.624,273.49,10.9987
pure,16,14,0.875,4.0,0,0,2048,8192,7424,271.776,288.769,397.008,7.3697
pure,16,14,0.875,4.0,0,0,4096,16384,14848,418.003,448.209,641.52,7.3998
pure,16,14,0.875,4.0,0,0,8192,32768,29696,704.097,762.929,1146.755,7.524
mixed,16,14,0.875,4.0,16,0,128,512,464,151.871,155.966,153.12,0.3051
mixed,16,14,0.875,4.0,16,0,256,1024,928,167.201,163.871,163.553,
mixed,16,14,0.875,4.0,16,0,512,2048,1856,184.944,185.168,185.058,0.5067
mixed,16,14,0.875,4.0,16,0,1024,4096,3712,227.153,222.577,224.194,
mixed,16,14,0.875,4.0,16,0,2048,8192,7424,291.024,304.867,302.64,0.8392
mixed,16,14,0.875,4.0,16,0,4096,16384,14848,437.583,464.913,462.242,0.9023
mixed,16,14,0.875,4.0,16,0,8192,32768,29696,721.394,775.603,772.322,0.9395
mixed,16,14,0.875,4.0,16,512,128,512,464,177.137,177.647,173.263,-7.5877
mixed,16,14,0.875,4.0,16,512,256,1024,928,218.514,221.041,218.884,0.1461
mixed,16,14,0.875,4.0,16,512,512,2048,1856,189.12,193.986,190.816,0.3487
mixed,16,14,0.875,4.0,16,512,1024,4096,3712,272.209,283.233,279.57,0.6677
mixed,16,14,0.875,4.0,16,512,2048,8192,7424,349.731,364.081,359.553,0.6845
mixed,16,14,0.875,4.0,16,512,4096,16384,14848,495.442,525.713,517.217,0.7193
mixed,16,14,0.875,4.0,16,512,8192,32768,29696,782.592,840.034,835.202,0.9159
mixed,16,14,0.875,4.0,16,2048,128,512,464,202.85,203.985,203.889,0.9154
mixed,16,14,0.875,4.0,16,2048,256,1024,928,241.056,250.608,245.776,0.4941
mixed,16,14,0.875,4.0,16,2048,512,2048,1856,226.273,233.425,228.416,0.2997
mixed,16,14,0.875,4.0,16,2048,1024,4096,3712,348.625,361.794,358.288,0.7338
mixed,16,14,0.875,4.0,16,2048,2048,8192,7424,331.297,351.329,462.593,6.5543
mixed,16,14,0.875,4.0,16,2048,4096,16384,14848,609.378,638.945,634.769,0.8588
mixed,16,14,0.875,4.0,16,2048,8192,32768,29696,896.545,956.323,945.312,0.8158
mixed,16,14,0.875,4.0,16,8192,128,512,464,336.689,342.481,339.618,0.5056
mixed,16,14,0.875,4.0,16,8192,256,1024,928,373.873,382.913,382.738,0.9806
mixed,16,14,0.875,4.0,16,8192,512,2048,1856,356.993,359.313,356.146,-0.3651
mixed,16,14,0.875,4.0,16,8192,1024,4096,3712,460.452,489.185,485.264,0.8635
mixed,16,14,0.875,4.0,16,8192,2048,8192,7424,466.77,471.923,466.511,-0.0502
mixed,16,14,0.875,4.0,16,8192,4096,16384,14848,869.666,907.809,903.841,0.896
mixed,16,14,0.875,4.0,16,8192,8192,32768,29696,894.865,971.652,1388.145,6.424
mixed,16,14,0.875,4.0,16,16384,128,512,464,495.615,499.728,500.048,1.0781
mixed,16,14,0.875,4.0,16,16384,256,1024,928,529.505,539.137,537.94,0.8757
mixed,16,14,0.875,4.0,16,16384,512,2048,1856,602.191,619.28,617.921,0.9204
mixed,16,14,0.875,4.0,16,16384,1024,4096,3712,743.394,564.803,772.945,
mixed,16,14,0.875,4.0,16,16384,2048,8192,7424,742.258,800.451,795.554,0.9159
mixed,16,14,0.875,4.0,16,16384,4096,16384,14848,779.505,780.114,774.994,-7.4064
mixed,16,14,0.875,4.0,16,16384,8192,32768,29696,1547.427,1627.811,1622.163,0.9297
mixed,16,14,0.875,4.0,64,0,128,512,464,142.001,147.28,145.855,0.73
mixed,16,14,0.875,4.0,64,0,256,1024,928,176.912,186.928,185.681,0.8755
mixed,16,14,0.875,4.0,64,0,512,2048,1856,251.519,263.457,264.242,1.0657
mixed,16,14,0.875,4.0,64,0,1024,4096,3712,387.009,415.778,414.848,0.9677
mixed,16,14,0.875,4.0,64,0,2048,8192,7424,661.298,719.619,720.401,1.0134
mixed,16,14,0.875,4.0,64,0,4096,16384,14848,1213.986,1329.427,1328.451,0.9915
mixed,16,14,0.875,4.0,64,0,8192,32768,29696,2319.206,2547.702,2548.791,1.0048
mixed,16,14,0.875,4.0,64,512,128,512,464,202.897,206.562,206.639,1.0209
mixed,16,14,0.875,4.0,64,512,256,1024,928,237.856,246.879,245.697,0.869
mixed,16,14,0.875,4.0,64,512,512,2048,1856,311.633,325.681,324.144,0.8906
mixed,16,14,0.875,4.0,64,512,1024,4096,3712,447.939,476.995,476.929,0.9977
mixed,16,14,0.875,4.0,64,512,2048,8192,7424,723.025,782.29,779.906,0.9598
mixed,16,14,0.875,4.0,64,512,4096,16384,14848,1275.187,1387.923,1389.541,1.0143
mixed,16,14,0.875,4.0,64,512,8192,32768,29696,2379.605,2606.356,2607.86,1.0066
mixed,16,14,0.875,4.0,64,2048,128,512,464,318.16,323.522,322.736,0.8533
mixed,16,14,0.875,4.0,64,2048,256,1024,928,354.4,365.745,364.158,0.8601
mixed,16,14,0.875,4.0,64,2048,512,2048,1856,430.001,443.188,442.067,0.9151
mixed,16,14,0.875,4.0,64,2048,1024,4096,3712,568.626,597.81,597.585,0.9923
mixed,16,14,0.875,4.0,64,2048,2048,8192,7424,848.306,902.16,901.123,0.9807
mixed,16,14,0.875,4.0,64,2048,4096,16384,14848,1399.569,1511.556,1512.581,1.0091
mixed,16,14,0.875,4.0,64,2048,8192,32768,29696,2504.003,2732.983,2732.758,0.999
mixed,16,14,0.875,4.0,64,8192,128,512,464,730.13,730.913,730.641,0.6522
mixed,16,14,0.875,4.0,64,8192,256,1024,928,802.255,824.85,780.112,-0.98
mixed,16,14,0.875,4.0,64,8192,512,2048,1856,889.379,905.025,903.682,0.9142
mixed,16,14,0.875,4.0,64,8192,1024,4096,3712,1031.538,1059.461,1057.713,0.9374
mixed,16,14,0.875,4.0,64,8192,2048,8192,7424,1307.426,1362.723,1362.708,0.9997
mixed,16,14,0.875,4.0,64,8192,4096,16384,14848,1858.02,1970.997,1972.293,1.0115
mixed,16,14,0.875,4.0,64,8192,8192,32768,29696,2962.438,3189.064,3192.07,1.0133
mixed,16,14,0.875,4.0,64,16384,128,512,464,1329.586,1330.259,1332.915,4.9494
mixed,16,14,0.875,4.0,64,16384,256,1024,928,1329.843,1328.242,1327.555,
mixed,16,14,0.875,4.0,64,16384,512,2048,1856,1365.493,1484.978,1364.947,-0.0046
mixed,16,14,0.875,4.0,64,16384,1024,4096,3712,1628.531,1658.803,1656.053,0.9092
mixed,16,14,0.875,4.0,64,16384,2048,8192,7424,1904.182,1963.302,1963.41,1.0018
mixed,16,14,0.875,4.0,64,16384,4096,16384,14848,2455.012,2570.865,2570.486,0.9967
mixed,16,14,0.875,4.0,64,16384,8192,32768,29696,3563.001,3794.071,3789.191,0.9789
mixed,16,14,0.875,4.0,256,0,128,512,464,296.911,295.601,295.695,
mixed,16,14,0.875,4.0,256,0,256,1024,928,302.975,305.12,304.547,0.7326
mixed,16,14,0.875,4.0,256,0,512,2048,1856,327.265,329.474,327.6,0.1519
mixed,16,14,0.875,4.0,256,0,1024,4096,3712,459.84,488.16,487.249,0.9678
mixed,16,14,0.875,4.0,256,0,2048,8192,7424,736.658,792.418,792.994,1.0103
mixed,16,14,0.875,4.0,256,0,4096,16384,14848,1289.443,1401.332,1402.883,1.0139
mixed,16,14,0.875,4.0,256,0,8192,32768,29696,2407.237,2631.7,2628.292,0.9848
mixed,16,14,0.875,4.0,256,512,128,512,464,489.377,493.362,493.33,0.9918
mixed,16,14,0.875,4.0,256,512,256,1024,928,524.593,533.265,532.547,0.9171
mixed,16,14,0.875,4.0,256,512,512,2048,1856,598.625,610.975,610.671,0.9753
mixed,16,14,0.875,4.0,256,512,1024,4096,3712,735.938,762.98,762.257,0.9733
mixed,16,14,0.875,4.0,256,512,2048,8192,7424,1011.409,1071.441,1070.145,0.9784
mixed,16,14,0.875,4.0,256,512,4096,16384,14848,1564.74,1680.498,1678.403,0.9819
mixed,16,14,0.875,4.0,256,512,8192,32768,29696,2667.19,2903.556,2910.391,1.0289
mixed,16,14,0.875,4.0,256,2048,128,512,464,899.315,899.219,899.188,
mixed,16,14,0.875,4.0,256,2048,256,1024,928,902.77,921.651,920.531,0.9407
mixed,16,14,0.875,4.0,256,2048,512,2048,1856,1048.786,1071.893,1065.809,0.7367
mixed,16,14,0.875,4.0,256,2048,1024,4096,3712,1192.867,1220.18,1221.17,1.0363
mixed,16,14,0.875,4.0,256,2048,2048,8192,7424,1471.458,1526.579,1525.842,0.9866
mixed,16,14,0.875,4.0,256,2048,4096,16384,14848,2020.371,2134.101,2132.709,0.9878
mixed,16,14,0.875,4.0,256,2048,8192,32768,29696,3123.702,3349.287,3347.222,0.9908
mixed,16,14,0.875,4.0,256,8192,128,512,464,2700.532,2706.389,2709.607,1.5493
mixed,16,14,0.875,4.0,256,8192,256,1024,928,2704.071,2702.053,2703.223,
mixed,16,14,0.875,4.0,256,8192,512,2048,1856,2705.559,2705.124,2705.047,
mixed,16,14,0.875,4.0,256,8192,1024,4096,3712,2706.711,2731.334,2741.509,1.4132
mixed,16,14,0.875,4.0,256,8192,2048,8192,7424,3225.591,3325.926,3325.257,0.9933
mixed,16,14,0.875,4.0,256,8192,4096,16384,14848,3819.723,3935.225,3933.097,0.9816
mixed,16,14,0.875,4.0,256,8192,8192,32768,29696,4922.972,5153.789,5152.458,0.9942
mixed,16,14,0.875,4.0,256,16384,128,512,464,5121.083,5116.718,5112.283,
mixed,16,14,0.875,4.0,256,16384,256,1024,928,5115.852,5145.194,5118.139,0.0779
mixed,16,14,0.875,4.0,256,16384,512,2048,1856,5115.885,5117.87,5112.491,-1.7101
mixed,16,14,0.875,4.0,256,16384,1024,4096,3712,5112.828,5112.187,5116.19,
mixed,16,14,0.875,4.0,256,16384,2048,8192,7424,5113.118,5149.131,5145.691,0.9045
mixed,16,14,0.875,4.0,256,16384,4096,16384,14848,6139.486,6348.204,6361.217,1.0623
mixed,16,14,0.875,4.0,256,16384,8192,32768,29696,7345.104,7573.471,7565.01,0.9629
mixed,16,14,0.875,4.0,1024,0,128,512,464,686.435,687.008,686.816,0.6646
mixed,16,14,0.875,4.0,1024,0,256,1024,928,697.57,703.504,698.131,0.0946
mixed,16,14,0.875,4.0,1024,0,512,2048,1856,719.794,721.331,753.471,21.9109
mixed,16,14,0.875,4.0,1024,0,1024,4096,3712,754.897,759.872,826.308,14.3539
mixed,16,14,0.875,4.0,1024,0,2048,8192,7424,825.17,842.754,948.258,7.0002
mixed,16,14,0.875,4.0,1024,0,4096,16384,14848,973.072,1004.932,1191.011,6.8407
mixed,16,14,0.875,4.0,1024,0,8192,32768,29696,1256.996,1315.284,1698.579,7.5758
mixed,16,14,0.875,4.0,1024,512,128,512,464,1088.001,1096.767,1092.114,0.4692
mixed,16,14,0.875,4.0,1024,512,256,1024,928,1106.403,1106.661,1105.171,-4.7791
mixed,16,14,0.875,4.0,1024,512,512,2048,1856,1124.018,1127.3,1162.178,11.6272
mixed,16,14,0.875,4.0,1024,512,1024,4096,3712,1160.034,1169.009,1233.584,8.1953
mixed,16,14,0.875,4.0,1024,512,2048,8192,7424,1229.592,1241.695,1356.292,10.4689
mixed,16,14,0.875,4.0,1024,512,4096,16384,14848,1379.381,1407.395,1594.661,7.6848
mixed,16,14,0.875,4.0,1024,512,8192,32768,29696,1661.765,1727.415,2094.848,6.5969
mixed,16,14,0.875,4.0,1024,2048,128,512,464,1794.548,1797.095,1791.149,-1.3338
mixed,16,14,0.875,4.0,1024,2048,256,1024,928,1806.053,1806.691,1802.244,-5.9694
mixed,16,14,0.875,4.0,1024,2048,512,2048,1856,1821.894,1825.52,1854.614,9.0226
mixed,16,14,0.875,4.0,1024,2048,1024,4096,3712,1865.604,1868.323,1927.017,22.5866
mixed,16,14,0.875,4.0,1024,2048,2048,8192,7424,1926.742,1945.445,2050.644,6.6244
mixed,16,14,0.875,4.0,1024,2048,4096,16384,14848,2071.955,2090.822,2290.166,11.5657
mixed,16,14,0.875,4.0,1024,2048,8192,32768,29696,2346.825,2404.148,2791.044,7.7494
mixed,16,14,0.875,4.0,1024,8192,128,512,464,4569.274,4586.166,4595.144,1.5315
mixed,16,14,0.875,4.0,1024,8192,256,1024,928,4589.239,4588.105,4588.169,
mixed,16,14,0.875,4.0,1024,8192,512,2048,1856,4608.921,4619.739,4640.464,2.9157
mixed,16,14,0.875,4.0,1024,8192,1024,4096,3712,4633.451,4639.821,4718.318,13.3219
mixed,16,14,0.875,4.0,1024,8192,2048,8192,7424,4710.078,4720.139,4821.975,11.1214
mixed,16,14,0.875,4.0,1024,8192,4096,16384,14848,4854.668,4884.605,5066.957,7.0912
mixed,16,14,0.875,4.0,1024,8192,8192,32768,29696,5133.387,5192.574,5565.627,7.303
mixed,16,14,0.875,4.0,1024,16384,128,512,464,8263.326,8263.837,8261.589,-3.4025
mixed,16,14,0.875,4.0,1024,16384,256,1024,928,8276.502,8259.159,8280.483,
mixed,16,14,0.875,4.0,1024,16384,512,2048,1856,8295.682,8321.47,8356.56,2.3607
mixed,16,14,0.875,4.0,1024,16384,1024,4096,3712,8350.532,8347.905,8386.449,
mixed,16,14,0.875,4.0,1024,16384,2048,8192,7424,8401.697,8424.596,8530.016,5.6038
mixed,16,14,0.875,4.0,1024,16384,4096,16384,14848,8563.477,8571.302,8778.277,27.447
mixed,16,14,0.875,4.0,1024,16384,8192,32768,29696,8848.07,8878.997,9272.233,13.715
mixed,16,14,0.875,4.0,4096,0,128,512,464,3728.042,3719.686,3718.152,
mixed,16,14,0.875,4.0,4096,0,256,1024,928,3730.601,3740.487,3736.379,0.5845
mixed,16,14,0.875,4.0,4096,0,512,2048,1856,3750.647,3765.577,3792.998,2.8367
mixed,16,14,0.875,4.0,4096,0,1024,4096,3712,3792.523,3798.425,3860.379,11.498
mixed,16,14,0.875,4.0,4096,0,2048,8192,7424,3865.72,3879.992,3993.721,8.9687
mixed,16,14,0.875,4.0,4096,0,4096,16384,14848,4008.474,4035.946,4225.195,7.8889
mixed,16,14,0.875,4.0,4096,0,8192,32768,29696,4289.994,4346.471,4727.976,7.755
mixed,16,14,0.875,4.0,4096,512,128,512,464,4842.408,4844.668,4843.578,0.5178
mixed,16,14,0.875,4.0,4096,512,256,1024,928,4869.658,4872.095,4864.158,-2.2573
mixed,16,14,0.875,4.0,4096,512,512,2048,1856,4875.901,4881.628,4922.706,8.1719
mixed,16,14,0.875,4.0,4096,512,1024,4096,3712,4921.18,4917.886,4996.495,
mixed,16,14,0.875,4.0,4096,512,2048,8192,7424,4990.398,5003.31,5108.142,9.1193
mixed,16,14,0.875,4.0,4096,512,4096,16384,14848,5129.838,5166.476,5356.651,6.1907
mixed,16,14,0.875,4.0,4096,512,8192,32768,29696,5417.647,5467.595,5846.674,8.5894
mixed,16,14,0.875,4.0,4096,2048,128,512,464,6796.706,6804.99,6806.834,1.2225
mixed,16,14,0.875,4.0,4096,2048,256,1024,928,6813.75,6815.089,6811.956,-1.3403
mixed,16,14,0.875,4.0,4096,2048,512,2048,1856,6833.215,6840.896,6872.854,5.1607
mixed,16,14,0.875,4.0,4096,2048,1024,4096,3712,6865.217,6880.098,6933.373,4.5798
mixed,16,14,0.875,4.0,4096,2048,2048,8192,7424,6932.273,6955.345,7062.24,5.633
mixed,16,14,0.875,4.0,4096,2048,4096,16384,14848,7085.925,7120.72,7300.403,6.1641
mixed,16,14,0.875,4.0,4096,2048,8192,32768,29696,7366.706,7425.649,7813.462,7.5794
mixed,16,14,0.875,4.0,4096,8192,128,512,464,15074.085,14926.762,14798.999,
mixed,16,14,0.875,4.0,4096,8192,256,1024,928,14681.407,14701.655,14682.54,0.056
mixed,16,14,0.875,4.0,4096,8192,512,2048,1856,14820.238,14703.844,15033.653,
mixed,16,14,0.875,4.0,4096,8192,1024,4096,3712,14799.143,14888.455,15003.204,2.2848
mixed,16,14,0.875,4.0,4096,8192,2048,8192,7424,14804.887,14819.195,14946.706,9.9115
mixed,16,14,0.875,4.0,4096,8192,4096,16384,14848,14951.536,14973.079,15641.769,32.0391
mixed,16,14,0.875,4.0,4096,8192,8192,32768,29696,15224.396,15299.882,15677.444,6.0017
mixed,16,14,0.875,4.0,4096,16384,128,512,464,25496.55,25516.984,25335.281,-7.8924
mixed,16,14,0.875,4.0,4096,16384,256,1024,928,26689.523,25479.859,25332.248,
mixed,16,14,0.875,4.0,4096,16384,512,2048,1856,25974.961,25489.933,25237.235,
mixed,16,14,0.875,4.0,4096,16384,1024,4096,3712,25932.403,25649.812,25529.987,
mixed,16,14,0.875,4.0,4096,16384,2048,8192,7424,26330.957,26285.202,25874.341,
mixed,16,14,0.875,4.0,4096,16384,4096,16384,14848,25633.363,26383.783,26585.54,1.2689
mixed,16,14,0.875,4.0,4096,16384,8192,32768,29696,25745.734,26314.217,27286.764,2.7108
pure,32,1,0.0312,4.0,0,0,128,512,140,94.211,161.57,161.2,0.9945
pure,32,1,0.0312,4.0,0,0,256,1024,280,154.145,181.618,179.922,0.9383
pure,32,1,0.0312,4.0,0,0,512,2048,560,164.432,220.8,192.673,0.501
pure,32,1,0.0312,4.0,0,0,1024,4096,1120,191.508,300.114,241.52,0.4605
pure,32,1,0.0312,4.0,0,0,2048,8192,2240,234.785,462.306,319.952,0.3743
pure,32,1,0.0312,4.0,0,0,4096,16384,4480,314.656,776.658,476.947,0.3513
pure,32,1,0.0312,4.0,0,0,8192,32768,8960,492.192,1397.667,788.562,0.3273
mixed,32,1,0.0312,4.0,16,0,128,512,140,109.953,189.312,173.248,0.7976
mixed,32,1,0.0312,4.0,16,0,256,1024,280,179.505,210.529,180.559,0.034
mixed,32,1,0.0312,4.0,16,0,512,2048,560,191.967,251.103,191.588,-0.0064
mixed,32,1,0.0312,4.0,16,0,1024,4096,1120,217.953,324.272,236.065,0.1704
mixed,32,1,0.0312,4.0,16,0,2048,8192,2240,261.712,485.072,316.961,0.2474
mixed,32,1,0.0312,4.0,16,0,4096,16384,4480,340.929,797.793,476.178,0.296
mixed,32,1,0.0312,4.0,16,0,8192,32768,8960,514.69,1418.499,789.375,0.3039
mixed,32,1,0.0312,4.0,16,512,128,512,140,191.026,238.768,173.01,-0.3774
mixed,32,1,0.0312,4.0,16,512,256,1024,280,172.352,260.464,174.064,0.0194
mixed,32,1,0.0312,4.0,16,512,512,2048,560,241.297,302.512,238.77,-0.0413
mixed,32,1,0.0312,4.0,16,512,1024,4096,1120,267.328,382.785,260.528,-0.0589
mixed,32,1,0.0312,4.0,16,512,2048,8192,2240,307.505,544.016,312.096,0.0194
mixed,32,1,0.0312,4.0,16,512,4096,16384,4480,400.128,857.009,474.961,0.1638
mixed,32,1,0.0312,4.0,16,512,8192,32768,8960,574.048,1475.251,786.37,0.2356
mixed,32,1,0.0312,4.0,16,2048,128,512,140,212.689,242.306,213.536,0.0286
mixed,32,1,0.0312,4.0,16,2048,256,1024,280,205.839,230.977,206.256,0.0166
mixed,32,1,0.0312,4.0,16,2048,512,2048,560,243.715,359.567,262.961,0.1661
mixed,32,1,0.0312,4.0,16,2048,1024,4096,1120,227.791,498.322,315.087,0.3227
mixed,32,1,0.0312,4.0,16,2048,2048,8192,2240,371.472,656.849,361.042,-0.0366
mixed,32,1,0.0312,4.0,16,2048,4096,16384,4480,512.979,971.138,500.369,-0.0275
mixed,32,1,0.0312,4.0,16,2048,8192,32768,8960,689.793,1591.445,785.922,0.1066
mixed,32,1,0.0312,4.0,16,8192,128,512,140,340.353,373.44,338.225,-0.0643
mixed,32,1,0.0312,4.0,16,8192,256,1024,280,351.889,368.322,352.194,0.0186
mixed,32,1,0.0312,4.0,16,8192,512,2048,560,375.219,483.439,373.953,-0.0117
mixed,32,1,0.0312,4.0,16,8192,1024,4096,1120,369.858,470.559,368.031,-0.0181
mixed,32,1,0.0312,4.0,16,8192,2048,8192,2240,511.634,828.001,536.352,0.0781
mixed,32,1,0.0312,4.0,16,8192,4096,16384,4480,488.32,1426.563,783.057,0.3141
mixed,32,1,0.0312,4.0,16,8192,8192,32768,8960,862.242,2056.18,830.193,-0.0268
mixed,32,1,0.0312,4.0,16,16384,128,512,140,482.035,530.609,484.4,0.0487
mixed,32,1,0.0312,4.0,16,16384,256,1024,280,495.699,566.849,494.355,-0.0189
mixed,32,1,0.0312,4.0,16,16384,512,2048,560,529.504,579.169,527.953,-0.0312
mixed,32,1,0.0312,4.0,16,16384,1024,4096,1120,575.231,794.113,568.962,-0.0286
mixed,32,1,0.0312,4.0,16,16384,2048,8192,2240,578.306,782.514,580.368,0.0101
mixed,32,1,0.0312,4.0,16,16384,4096,16384,4480,852.337,1447.683,890.481,0.0641
mixed,32,1,0.0312,4.0,16,16384,8192,32768,8960,826.322,2655.54,1400.388,0.3138
mixed,32,1,0.0312,4.0,64,0,128,512,140,135.007,154.111,148.176,0.6893
mixed,32,1,0.0312,4.0,64,0,256,1024,280,137.871,193.713,187.537,0.8894
mixed,32,1,0.0312,4.0,64,0,512,2048,560,153.023,270.417,265.33,0.9567
mixed,32,1,0.0312,4.0,64,0,1024,4096,1120,197.873,425.858,418.801,0.969
mixed,32,1,0.0312,4.0,64,0,2048,8192,2240,284.145,729.841,726.16,0.9917
mixed,32,1,0.0312,4.0,64,0,4096,16384,4480,451.729,1339.505,1333.986,0.9938
mixed,32,1,0.0312,4.0,64,0,8192,32768,8960,785.841,2568.133,2554.358,0.9923
mixed,32,1,0.0312,4.0,64,512,128,512,140,184.24,214.993,183.233,-0.0327
mixed,32,1,0.0312,4.0,64,512,256,1024,280,194.627,255.921,193.744,-0.0144
mixed,32,1,0.0312,4.0,64,512,512,2048,560,217.089,331.536,267.185,0.4377
mixed,32,1,0.0312,4.0,64,512,1024,4096,1120,262.113,486.352,420.656,0.707
mixed,32,1,0.0312,4.0,64,512,2048,8192,2240,346.817,792.162,725.039,0.8493
mixed,32,1,0.0312,4.0,64,512,4096,16384,4480,515.361,1401.65,1335.332,0.9252
mixed,32,1,0.0312,4.0,64,512,8192,32768,8960,851.955,2633.765,2560.211,0.9587
mixed,32,1,0.0312,4.0,64,2048,128,512,140,299.44,332.977,300.194,0.0225
mixed,32,1,0.0312,4.0,64,2048,256,1024,280,312.177,374.179,310.018,-0.0348
mixed,32,1,0.0312,4.0,64,2048,512,2048,560,333.553,452.016,332.689,-0.0073
mixed,32,1,0.0312,4.0,64,2048,1024,4096,1120,380.466,606.128,424.913,0.197
mixed,32,1,0.0312,4.0,64,2048,2048,8192,2240,468.24,911.296,729.537,0.5898
mixed,32,1,0.0312,4.0,64,2048,4096,16384,4480,635.57,1531.779,1347.73,0.7946
mixed,32,1,0.0312,4.0,64,2048,8192,32768,8960,970.098,2763.924,2565.799,0.8896
mixed,32,1,0.0312,4.0,64,8192,128,512,140,736.98,793.953,737.202,0.0039
mixed,32,1,0.0312,4.0,64,8192,256,1024,280,740.994,836.034,773.682,0.3439
mixed,32,1,0.0312,4.0,64,8192,512,2048,560,794.56,912.356,793.697,-0.0073
mixed,32,1,0.0312,4.0,64,8192,1024,4096,1120,843.698,1065.971,836.417,-0.0328
mixed,32,1,0.0312,4.0,64,8192,2048,8192,2240,926.929,1373.346,914.865,-0.027
mixed,32,1,0.0312,4.0,64,8192,4096,16384,4480,1098.738,1983.108,1350.915,0.2851
mixed,32,1,0.0312,4.0,64,8192,8192,32768,8960,1429.299,3203.16,2568.18,0.642
mixed,32,1,0.0312,4.0,64,16384,128,512,140,1333.812,1333.89,1334.244,5.5032
mixed,32,1,0.0312,4.0,64,16384,256,1024,280,1341.781,1431.443,1335.043,-0.0751
mixed,32,1,0.0312,4.0,64,16384,512,2048,560,1334.083,1510.834,1334.067,-0.0001
mixed,32,1,0.0312,4.0,64,16384,1024,4096,1120,1437.523,1664.548,1432.901,-0.0204
mixed,32,1,0.0312,4.0,64,16384,2048,8192,2240,1527.396,1970.469,1513.141,-0.0322
mixed,32,1,0.0312,4.0,64,16384,4096,16384,4480,1700.578,2584.405,1666.482,-0.0386
mixed,32,1,0.0312,4.0,64,16384,8192,32768,8960,2034.534,3820.44,2579.862,0.3054
mixed,32,1,0.0312,4.0,256,0,128,512,140,307.729,306.881,309.774,
mixed,32,1,0.0312,4.0,256,0,256,1024,280,315.139,340.21,315.058,-0.0032
mixed,32,1,0.0312,4.0,256,0,512,2048,560,309.33,375.281,327.793,0.28
mixed,32,1,0.0312,4.0,256,0,1024,4096,1120,344.211,498.416,489.39,0.9415
mixed,32,1,0.0312,4.0,256,0,2048,8192,2240,378.961,803.969,797.663,0.9852
mixed,32,1,0.0312,4.0,256,0,4096,16384,4480,525.297,1422.614,1411.378,0.9875
mixed,32,1,0.0312,4.0,256,0,8192,32768,8960,859.441,2641.863,2625.735,0.991
mixed,32,1,0.0312,4.0,256,512,128,512,140,474.674,507.088,471.057,-0.1116
mixed,32,1,0.0312,4.0,256,512,256,1024,280,484.273,543.328,482.481,-0.0303
mixed,32,1,0.0312,4.0,256,512,512,2048,560,506.721,622.561,560.769,0.4666
mixed,32,1,0.0312,4.0,256,512,1024,4096,1120,550.192,775.184,715.427,0.7344
mixed,32,1,0.0312,4.0,256,512,2048,8192,2240,636.24,1083.3,1020.932,0.8605
mixed,32,1,0.0312,4.0,256,512,4096,16384,4480,804.931,1695.171,1625.524,0.9218
mixed,32,1,0.0312,4.0,256,512,8192,32768,8960,1137.538,2911.479,2844.28,0.9621
mixed,32,1,0.0312,4.0,256,2048,128,512,140,904.85,957.716,909.825,0.0941
mixed,32,1,0.0312,4.0,256,2048,256,1024,280,906.479,1001.76,928.274,0.2287
mixed,32,1,0.0312,4.0,256,2048,512,2048,560,959.01,1078.594,958.737,-0.0023
mixed,32,1,0.0312,4.0,256,2048,1024,4096,1120,1006.066,1231.395,1062.45,0.2502
mixed,32,1,0.0312,4.0,256,2048,2048,8192,2240,1094.656,1541.875,1367.361,0.6098
mixed,32,1,0.0312,4.0,256,2048,4096,16384,4480,1264.802,2162.325,1983.11,0.8003
mixed,32,1,0.0312,4.0,256,2048,8192,32768,8960,1594.338,3363.705,3195.88,0.9051
mixed,32,1,0.0312,4.0,256,8192,128,512,140,2725.272,2712.741,2709.894,
mixed,32,1,0.0312,4.0,256,8192,256,1024,280,2715.894,2711.958,2711.111,
mixed,32,1,0.0312,4.0,256,8192,512,2048,560,2706.853,2781.142,2712.963,0.0822
mixed,32,1,0.0312,4.0,256,8192,1024,4096,1120,2711.492,3031.735,2711.301,-0.0006
mixed,32,1,0.0312,4.0,256,8192,2048,8192,2240,2852.341,3346.122,2873.288,0.0424
mixed,32,1,0.0312,4.0,256,8192,4096,16384,4480,3059.991,3946.026,3321.11,0.2947
mixed,32,1,0.0312,4.0,256,8192,8192,32768,8960,3391.896,5170.843,4547.774,0.6498
mixed,32,1,0.0312,4.0,256,16384,128,512,140,5126.223,5124.202,5120.939,
mixed,32,1,0.0312,4.0,256,16384,256,1024,280,5123.866,5121.019,5116.108,
mixed,32,1,0.0312,4.0,256,16384,512,2048,560,5124.361,5116.653,5120.862,
mixed,32,1,0.0312,4.0,256,16384,1024,4096,1120,5115.915,5202.347,5130.488,0.1686
mixed,32,1,0.0312,4.0,256,16384,2048,8192,2240,5127.099,5762.623,5142.665,0.0245
mixed,32,1,0.0312,4.0,256,16384,4096,16384,4480,5338.94,6375.692,5443.132,0.1005
mixed,32,1,0.0312,4.0,256,16384,8192,32768,8960,5808.206,7588.098,6345.363,0.3018
mixed,32,1,0.0312,4.0,1024,0,128,512,140,696.976,712.832,711.33,0.9053
mixed,32,1,0.0312,4.0,1024,0,256,1024,280,710.354,736.083,732.994,0.8799
mixed,32,1,0.0312,4.0,1024,0,512,2048,560,718.001,775.572,747.843,0.5184
mixed,32,1,0.0312,4.0,1024,0,1024,4096,1120,747.17,857.253,791.36,0.4014
mixed,32,1,0.0312,4.0,1024,0,2048,8192,2240,789.569,1020.642,873.363,0.3626
mixed,32,1,0.0312,4.0,1024,0,4096,16384,4480,871.747,1332.931,1031.638,0.3467
mixed,32,1,0.0312,4.0,1024,0,8192,32768,8960,1054.309,1958.678,1342.051,0.3182
mixed,32,1,0.0312,4.0,1024,512,128,512,140,1099.856,1119.617,1118.545,0.9458
mixed,32,1,0.0312,4.0,1024,512,256,1024,280,1112.804,1137.917,1137.794,0.9951
mixed,32,1,0.0312,4.0,1024,512,512,2048,560,1123.989,1179.987,1148.967,0.446
mixed,32,1,0.0312,4.0,1024,512,1024,4096,1120,1150.399,1264.563,1199.537,0.4304
mixed,32,1,0.0312,4.0,1024,512,2048,8192,2240,1194.58,1421.187,1274.036,0.3506
mixed,32,1,0.0312,4.0,1024,512,4096,16384,4480,1276.163,1734.963,1437.023,0.3506
mixed,32,1,0.0312,4.0,1024,512,8192,32768,8960,1454.548,2363.801,1746.976,0.3216
mixed,32,1,0.0312,4.0,1024,2048,128,512,140,1800.292,1816.023,1820.003,1.253
mixed,32,1,0.0312,4.0,1024,2048,256,1024,280,1807.09,1835.654,1839.283,1.127
mixed,32,1,0.0312,4.0,1024,2048,512,2048,560,1822.98,1877.969,1850.338,0.4975
mixed,32,1,0.0312,4.0,1024,2048,1024,4096,1120,1847.351,1961.365,1892.579,0.3967
mixed,32,1,0.0312,4.0,1024,2048,2048,8192,2240,1893.217,2113.319,1970.003,0.3489
mixed,32,1,0.0312,4.0,1024,2048,4096,16384,4480,1965.816,2424.822,2127.095,0.3514
mixed,32,1,0.0312,4.0,1024,2048,8192,32768,8960,2141.686,3049.485,2434.054,0.3221
mixed,32,1,0.0312,4.0,1024,8192,128,512,140,4580.392,4602.297,4600.426,0.9146
mixed,32,1,0.0312,4.0,1024,8192,256,1024,280,4591.771,4622.602,4624.573,1.0639
mixed,32,1,0.0312,4.0,1024,8192,512,2048,560,4615.418,4674.91,4636.046,0.3467
mixed,32,1,0.0312,4.0,1024,8192,1024,4096,1120,4627.916,4724.045,4663.932,0.3747
mixed,32,1,0.0312,4.0,1024,8192,2048,8192,2240,4681.272,4885.27,4762.345,0.3974
mixed,32,1,0.0312,4.0,1024,8192,4096,16384,4480,4741.065,5202.606,4915.883,0.3788
mixed,32,1,0.0312,4.0,1024,8192,8192,32768,8960,4915.388,5826.141,5227.516,0.3427
mixed,32,1,0.0312,4.0,1024,16384,128,512,140,8268.445,8284.56,8289.299,1.294
mixed,32,1,0.0312,4.0,1024,16384,256,1024,280,8283.197,8307.157,8313.878,1.2805
mixed,32,1,0.0312,4.0,1024,16384,512,2048,560,8290.208,8348.646,8321.232,0.5309
mixed,32,1,0.0312,4.0,1024,16384,1024,4096,1120,8343.386,8426.0,8380.467,0.4488
mixed,32,1,0.0312,4.0,1024,16384,2048,8192,2240,8354.421,8590.481,8448.8,0.3998
mixed,32,1,0.0312,4.0,1024,16384,4096,16384,4480,8449.176,8909.06,8599.734,0.3274
mixed,32,1,0.0312,4.0,1024,16384,8192,32768,8960,8612.42,9513.047,8913.081,0.3338
mixed,32,1,0.0312,4.0,4096,0,128,512,140,3732.488,3747.111,3745.545,0.8929
mixed,32,1,0.0312,4.0,4096,0,256,1024,280,3740.154,3775.432,3764.84,0.6998
mixed,32,1,0.0312,4.0,4096,0,512,2048,560,3754.405,3826.553,3786.073,0.4389
mixed,32,1,0.0312,4.0,4096,0,1024,4096,1120,3776.025,3890.778,3830.747,0.4769
mixed,32,1,0.0312,4.0,4096,0,2048,8192,2240,3828.09,4057.929,3909.494,0.3542
mixed,32,1,0.0312,4.0,4096,0,4096,16384,4480,3914.632,4361.527,4066.587,0.34
mixed,32,1,0.0312,4.0,4096,0,8192,32768,8960,4085.879,4980.39,4368.443,0.3159
mixed,32,1,0.0312,4.0,4096,512,128,512,140,4865.164,4872.714,4868.412,0.4302
mixed,32,1,0.0312,4.0,4096,512,256,1024,280,4866.891,4897.452,4904.841,1.2418
mixed,32,1,0.0312,4.0,4096,512,512,2048,560,4873.836,4935.307,4909.337,0.5775
mixed,32,1,0.0312,4.0,4096,512,1024,4096,1120,4908.458,5015.457,4953.309,0.4192
mixed,32,1,0.0312,4.0,4096,512,2048,8192,2240,4974.415,5169.79,5033.405,0.3019
mixed,32,1,0.0312,4.0,4096,512,4096,16384,4480,5031.961,5489.07,5190.75,0.3474
mixed,32,1,0.0312,4.0,4096,512,8192,32768,8960,5220.452,6108.927,5498.22,0.3126
mixed,32,1,0.0312,4.0,4096,2048,128,512,140,6813.808,6841.951,6823.935,0.3599
mixed,32,1,0.0312,4.0,4096,2048,256,1024,280,6819.983,6845.277,6848.177,1.1147
mixed,32,1,0.0312,4.0,4096,2048,512,2048,560,6834.881,6890.837,6854.022,0.3421
mixed,32,1,0.0312,4.0,4096,2048,1024,4096,1120,6861.068,6967.778,6908.467,0.4442
mixed,32,1,0.0312,4.0,4096,2048,2048,8192,2240,6899.985,7142.373,6979.082,0.3263
mixed,32,1,0.0312,4.0,4096,2048,4096,16384,4480,6984.227,7455.984,7182.191,0.4196
mixed,32,1,0.0312,4.0,4096,2048,8192,32768,8960,7155.441,8078.002,7451.874,0.3213
mixed,32,1,0.0312,4.0,4096,8192,128,512,140,14670.536,14684.416,14752.503,5.9052
mixed,32,1,0.0312,4.0,4096,8192,256,1024,280,14955.7,14954.162,14701.83,
mixed,32,1,0.0312,4.0,4096,8192,512,2048,560,14698.066,14856.325,14901.622,1.2862
mixed,32,1,0.0312,4.0,4096,8192,1024,4096,1120,14723.688,15108.952,14954.585,0.5993
mixed,32,1,0.0312,4.0,4096,8192,2048,8192,2240,14905.225,14987.251,14903.44,-0.0218
mixed,32,1,0.0312,4.0,4096,8192,4096,16384,4480,14899.895,15307.478,15029.399,0.3177
mixed,32,1,0.0312,4.0,4096,8192,8192,32768,8960,15340.36,15926.189,15321.335,-0.0325
mixed,32,1,0.0312,4.0,4096,16384,128,512,140,25444.217,25951.026,25944.515,0.9872
mixed,32,1,0.0312,4.0,4096,16384,256,1024,280,25619.056,26029.26,25650.852,0.0775
mixed,32,1,0.0312,4.0,4096,16384,512,2048,560,25724.817,25962.21,25634.182,-0.3818
mixed,32,1,0.0312,4.0,4096,16384,1024,4096,1120,25356.145,26068.306,26005.327,0.9116
mixed,32,1,0.0312,4.0,4096,16384,2048,8192,2240,26616.343,26114.226,25777.141,
mixed,32,1,0.0312,4.0,4096,16384,4096,16384,4480,26903.426,26035.288,26196.752,
mixed,32,1,0.0312,4.0,4096,16384,8192,32768,8960,26490.674,26893.601,26091.622,-0.9904
pure,32,2,0.0625,4.0,0,0,128,512,152,95.23,161.377,168.577,1.1088
pure,32,2,0.0625,4.0,0,0,256,1024,304,154.817,182.403,179.697,0.9019
pure,32,2,0.0625,4.0,0,0,512,2048,608,174.016,220.128,197.665,0.5128
pure,32,2,0.0625,4.0,0,0,1024,4096,1216,196.0,300.626,241.44,0.4343
pure,32,2,0.0625,4.0,0,0,2048,8192,2432,234.401,463.378,318.434,0.367
pure,32,2,0.0625,4.0,0,0,4096,16384,4864,330.304,775.825,478.401,0.3324
pure,32,2,0.0625,4.0,0,0,8192,32768,9728,522.61,1403.507,792.466,0.3063
mixed,32,2,0.0625,4.0,16,0,128,512,152,110.352,190.768,144.849,0.429
mixed,32,2,0.0625,4.0,16,0,256,1024,304,180.37,212.177,199.216,0.5925
mixed,32,2,0.0625,4.0,16,0,512,2048,608,199.008,250.832,220.049,0.406
mixed,32,2,0.0625,4.0,16,0,1024,4096,1216,225.088,324.496,262.72,0.3786
mixed,32,2,0.0625,4.0,16,0,2048,8192,2432,264.752,486.353,338.081,0.3309
mixed,32,2,0.0625,4.0,16,0,4096,16384,4864,356.258,801.09,495.537,0.3131
mixed,32,2,0.0625,4.0,16,0,8192,32768,9728,544.802,1419.094,807.506,0.3005
mixed,32,2,0.0625,4.0,16,512,128,512,152,190.032,238.066,173.919,-0.3355
mixed,32,2,0.0625,4.0,16,512,256,1024,304,174.017,261.409,201.457,0.314
mixed,32,2,0.0625,4.0,16,512,512,2048,608,244.177,301.889,239.504,-0.081
mixed,32,2,0.0625,4.0,16,512,1024,4096,1216,266.815,385.729,261.839,-0.0418
mixed,32,2,0.0625,4.0,16,512,2048,8192,2432,316.528,545.811,338.541,0.096
mixed,32,2,0.0625,4.0,16,512,4096,16384,4864,414.785,857.699,497.792,0.1874
mixed,32,2,0.0625,4.0,16,512,8192,32768,9728,604.386,1476.659,810.465,0.2363
mixed,32,2,0.0625,4.0,16,2048,128,512,152,212.559,243.986,212.561,0.0001
mixed,32,2,0.0625,4.0,16,2048,256,1024,304,205.651,231.183,222.832,0.6729
mixed,32,2,0.0625,4.0,16,2048,512,2048,608,255.265,361.968,262.897,0.0715
mixed,32,2,0.0625,4.0,16,2048,1024,4096,1216,234.528,500.93,323.071,0.3324
mixed,32,2,0.0625,4.0,16,2048,2048,8192,2432,377.745,661.858,362.034,-0.0553
mixed,32,2,0.0625,4.0,16,2048,4096,16384,4864,529.808,974.626,502.802,-0.0607
mixed,32,2,0.0625,4.0,16,2048,8192,32768,9728,720.354,1602.275,812.048,0.104
mixed,32,2,0.0625,4.0,16,8192,128,512,152,341.762,375.28,341.631,-0.0039
mixed,32,2,0.0625,4.0,16,8192,256,1024,304,355.28,370.848,353.873,-0.0904
mixed,32,2,0.0625,4.0,16,8192,512,2048,608,380.129,483.633,374.447,-0.0549
mixed,32,2,0.0625,4.0,16,8192,1024,4096,1216,369.425,471.602,404.481,0.3431
mixed,32,2,0.0625,4.0,16,8192,2048,8192,2432,542.306,834.131,540.144,-0.0074
mixed,32,2,0.0625,4.0,16,8192,4096,16384,4864,577.792,1433.38,797.138,0.2564
mixed,32,2,0.0625,4.0,16,8192,8192,32768,9728,894.257,2064.771,834.209,-0.0513
mixed,32,2,0.0625,4.0,16,16384,128,512,152,487.904,531.169,486.321,-0.0366
mixed,32,2,0.0625,4.0,16,16384,256,1024,304,498.466,571.439,502.706,0.0581
mixed,32,2,0.0625,4.0,16,16384,512,2048,608,537.17,581.727,532.13,-0.1131
mixed,32,2,0.0625,4.0,16,16384,1024,4096,1216,586.53,798.034,572.963,-0.0641
mixed,32,2,0.0625,4.0,16,16384,2048,8192,2432,581.136,784.64,642.482,0.3014
mixed,32,2,0.0625,4.0,16,16384,4096,16384,4864,912.243,1452.916,898.576,-0.0253
mixed,32,2,0.0625,4.0,16,16384,8192,32768,9728,946.929,2676.055,1415.363,0.2709
mixed,32,2,0.0625,4.0,64,0,128,512,152,134.96,152.431,147.856,0.7381
mixed,32,2,0.0625,4.0,64,0,256,1024,304,138.992,193.073,188.081,0.9077
mixed,32,2,0.0625,4.0,64,0,512,2048,608,158.784,270.257,265.871,0.9607
mixed,32,2,0.0625,4.0,64,0,1024,4096,1216,208.752,426.049,422.559,0.9839
mixed,32,2,0.0625,4.0,64,0,2048,8192,2432,299.662,732.579,730.178,0.9945
mixed,32,2,0.0625,4.0,64,0,4096,16384,4864,482.642,1347.427,1346.61,0.9991
mixed,32,2,0.0625,4.0,64,0,8192,32768,9728,849.362,2579.574,2572.439,0.9959
mixed,32,2,0.0625,4.0,64,512,128,512,152,183.457,215.613,183.617,0.005
mixed,32,2,0.0625,4.0,64,512,256,1024,304,195.792,256.274,194.48,-0.0217
mixed,32,2,0.0625,4.0,64,512,512,2048,608,223.168,332.625,268.673,0.4157
mixed,32,2,0.0625,4.0,64,512,1024,4096,1216,270.591,488.736,422.019,0.6942
mixed,32,2,0.0625,4.0,64,512,2048,8192,2432,361.666,797.042,732.161,0.851
mixed,32,2,0.0625,4.0,64,512,4096,16384,4864,548.067,1410.82,1349.14,0.9285
mixed,32,2,0.0625,4.0,64,512,8192,32768,9728,915.282,2647.526,2576.023,0.9587
mixed,32,2,0.0625,4.0,64,2048,128,512,152,301.327,333.104,301.887,0.0176
mixed,32,2,0.0625,4.0,64,2048,256,1024,304,313.985,377.346,311.825,-0.0341
mixed,32,2,0.0625,4.0,64,2048,512,2048,608,339.409,453.935,335.808,-0.0314
mixed,32,2,0.0625,4.0,64,2048,1024,4096,1216,390.736,608.226,428.224,0.1724
mixed,32,2,0.0625,4.0,64,2048,2048,8192,2432,483.425,917.332,737.538,0.5856
mixed,32,2,0.0625,4.0,64,2048,4096,16384,4864,667.009,1538.26,1354.481,0.7891
mixed,32,2,0.0625,4.0,64,2048,8192,32768,9728,1032.739,2768.148,2598.71,0.9024
mixed,32,2,0.0625,4.0,64,8192,128,512,152,737.599,797.33,737.408,-0.0032
mixed,32,2,0.0625,4.0,64,8192,256,1024,304,750.994,838.337,777.041,0.2982
mixed,32,2,0.0625,4.0,64,8192,512,2048,608,803.296,916.033,797.235,-0.0538
mixed,32,2,0.0625,4.0,64,8192,1024,4096,1216,853.699,1070.098,839.283,-0.0666
mixed,32,2,0.0625,4.0,64,8192,2048,8192,2432,946.098,1379.73,916.466,-0.0683
mixed,32,2,0.0625,4.0,64,8192,4096,16384,4864,1129.506,1998.421,1364.741,0.2707
mixed,32,2,0.0625,4.0,64,8192,8192,32768,9728,1493.267,3234.248,2595.747,0.6333
mixed,32,2,0.0625,4.0,64,16384,128,512,152,1344.9,1346.098,1347.557,2.218
mixed,32,2,0.0625,4.0,64,16384,256,1024,304,1343.122,1439.444,1341.97,-0.012
mixed,32,2,0.0625,4.0,64,16384,512,2048,608,1342.244,1520.725,1341.396,-0.0048
mixed,32,2,0.0625,4.0,64,16384,1024,4096,1216,1456.803,1678.534,1441.988,-0.0668
mixed,32,2,0.0625,4.0,64,16384,2048,8192,2432,1552.579,1987.173,1526.627,-0.0597
mixed,32,2,0.0625,4.0,64,16384,4096,16384,4864,1734.227,2601.366,1676.821,-0.0662
mixed,32,2,0.0625,4.0,64,16384,8192,32768,9728,2101.939,3841.672,2590.855,0.281
mixed,32,2,0.0625,4.0,256,0,128,512,152,309.121,309.026,309.922,
mixed,32,2,0.0625,4.0,256,0,256,1024,304,315.985,340.785,315.01,-0.0393
mixed,32,2,0.0625,4.0,256,0,512,2048,608,311.552,378.673,326.45,0.222
mixed,32,2,0.0625,4.0,256,0,1024,4096,1216,347.649,497.427,489.379,0.9463
mixed,32,2,0.0625,4.0,256,0,2048,8192,2432,386.595,804.324,800.166,0.99
mixed,32,2,0.0625,4.0,256,0,4096,16384,4864,555.94,1423.801,1418.009,0.9933
mixed,32,2,0.0625,4.0,256,0,8192,32768,9728,922.758,2659.391,2654.513,0.9972
mixed,32,2,0.0625,4.0,256,512,128,512,152,474.146,508.261,475.686,0.0451
mixed,32,2,0.0625,4.0,256,512,256,1024,304,485.332,546.403,486.643,0.0215
mixed,32,2,0.0625,4.0,256,512,512,2048,608,513.602,624.051,563.795,0.4544
mixed,32,2,0.0625,4.0,256,512,1024,4096,1216,559.477,777.415,716.533,0.7206
mixed,32,2,0.0625,4.0,256,512,2048,8192,2432,653.957,1084.441,1025.046,0.862
mixed,32,2,0.0625,4.0,256,512,4096,16384,4864,837.288,1703.757,1638.858,0.9251
mixed,32,2,0.0625,4.0,256,512,8192,32768,9728,1202.633,2939.061,2871.619,0.9612
mixed,32,2,0.0625,4.0,256,2048,128,512,152,910.711,961.078,910.052,-0.0131
mixed,32,2,0.0625,4.0,256,2048,256,1024,304,909.909,1006.182,935.447,0.2653
mixed,32,2,0.0625,4.0,256,2048,512,2048,608,965.941,1086.246,963.783,-0.0179
mixed,32,2,0.0625,4.0,256,2048,1024,4096,1216,1020.486,1237.434,1064.79,0.2042
mixed,32,2,0.0625,4.0,256,2048,2048,8192,2432,1115.449,1551.339,1373.449,0.5919
mixed,32,2,0.0625,4.0,256,2048,4096,16384,4864,1295.769,2159.823,1988.782,0.802
mixed,32,2,0.0625,4.0,256,2048,8192,32768,9728,1663.069,3386.68,3211.077,0.8981
mixed,32,2,0.0625,4.0,256,8192,128,512,152,2737.33,2731.65,2734.53,
mixed,32,2,0.0625,4.0,256,8192,256,1024,304,2734.273,2733.81,2732.787,
mixed,32,2,0.0625,4.0,256,8192,512,2048,608,2740.211,2800.929,2731.477,-0.1438
mixed,32,2,0.0625,4.0,256,8192,1024,4096,1216,2732.227,3053.654,2729.827,-0.0075
mixed,32,2,0.0625,4.0,256,8192,2048,8192,2432,2920.693,3360.423,2896.836,-0.0543
mixed,32,2,0.0625,4.0,256,8192,4096,16384,4864,3111.541,3979.887,3348.712,0.2731
mixed,32,2,0.0625,4.0,256,8192,8192,32768,9728,3475.56,5214.566,4584.448,0.6377
mixed,32,2,0.0625,4.0,256,16384,128,512,152,5162.66,5162.976,5162.933,0.8637
mixed,32,2,0.0625,4.0,256,16384,256,1024,304,5163.124,5158.019,5160.9,
mixed,32,2,0.0625,4.0,256,16384,512,2048,608,5155.701,5158.163,5162.947,2.9425
mixed,32,2,0.0625,4.0,256,16384,1024,4096,1216,5156.708,5234.372,5158.511,0.0232
mixed,32,2,0.0625,4.0,256,16384,2048,8192,2432,5156.754,5802.149,5165.957,0.0143
mixed,32,2,0.0625,4.0,256,16384,4096,16384,4864,5470.759,6419.497,5489.354,0.0196
mixed,32,2,0.0625,4.0,256,16384,8192,32768,9728,5909.142,7637.681,6397.866,0.2827
mixed,32,2,0.0625,4.0,1024,0,128,512,152,697.249,716.067,723.218,1.3801
mixed,32,2,0.0625,4.0,1024,0,256,1024,304,708.865,735.14,734.262,0.9665
mixed,32,2,0.0625,4.0,1024,0,512,2048,608,724.709,777.571,756.193,0.5956
mixed,32,2,0.0625,4.0,1024,0,1024,4096,1216,753.634,860.019,798.227,0.4192
mixed,32,2,0.0625,4.0,1024,0,2048,8192,2432,795.127,1020.932,874.773,0.3527
mixed,32,2,0.0625,4.0,1024,0,4096,16384,4864,890.803,1337.445,1034.498,0.3217
mixed,32,2,0.0625,4.0,1024,0,8192,32768,9728,1081.044,1965.995,1348.839,0.3026
mixed,32,2,0.0625,4.0,1024,512,128,512,152,1104.245,1124.454,1131.363,1.3419
mixed,32,2,0.0625,4.0,1024,512,256,1024,304,1116.819,1142.611,1143.588,1.0379
mixed,32,2,0.0625,4.0,1024,512,512,2048,608,1133.763,1183.681,1163.449,0.5947
mixed,32,2,0.0625,4.0,1024,512,1024,4096,1216,1158.115,1263.687,1201.684,0.4127
mixed,32,2,0.0625,4.0,1024,512,2048,8192,2432,1199.14,1430.311,1283.941,0.3668
mixed,32,2,0.0625,4.0,1024,512,4096,16384,4864,1296.663,1740.709,1434.921,0.3114
mixed,32,2,0.0625,4.0,1024,512,8192,32768,9728,1485.925,2368.027,1751.735,0.3013
mixed,32,2,0.0625,4.0,1024,2048,128,512,152,1803.19,1820.392,1828.328,1.4614
mixed,32,2,0.0625,4.0,1024,2048,256,1024,304,1814.984,1842.037,1842.216,1.0066
mixed,32,2,0.0625,4.0,1024,2048,512,2048,608,1830.933,1882.056,1863.221,0.6316
mixed,32,2,0.0625,4.0,1024,2048,1024,4096,1216,1860.28,1961.862,1899.769,0.3887
mixed,32,2,0.0625,4.0,1024,2048,2048,8192,2432,1899.355,2115.722,1979.703,0.3714
mixed,32,2,0.0625,4.0,1024,2048,4096,16384,4864,1989.675,2433.398,2137.61,0.3334
mixed,32,2,0.0625,4.0,1024,2048,8192,32768,9728,2188.89,3068.586,2445.132,0.2913
mixed,32,2,0.0625,4.0,1024,8192,128,512,152,4596.717,4623.009,4622.483,0.98
mixed,32,2,0.0625,4.0,1024,8192,256,1024,304,4599.219,4627.715,4637.082,1.3287
mixed,32,2,0.0625,4.0,1024,8192,512,2048,608,4637.791,4671.77,4657.499,0.58
mixed,32,2,0.0625,4.0,1024,8192,1024,4096,1216,4642.522,4753.963,4685.887,0.3891
mixed,32,2,0.0625,4.0,1024,8192,2048,8192,2432,4692.77,4901.332,4774.005,0.3895
mixed,32,2,0.0625,4.0,1024,8192,4096,16384,4864,4779.267,5239.614,4939.396,0.3478
mixed,32,2,0.0625,4.0,1024,8192,8192,32768,9728,4978.282,5865.535,5241.792,0.297
mixed,32,2,0.0625,4.0,1024,16384,128,512,152,8296.065,8327.955,8298.822,0.0864
mixed,32,2,0.0625,4.0,1024,16384,256,1024,304,8290.663,8315.525,8331.721,1.6515
mixed,32,2,0.0625,4.0,1024,16384,512,2048,608,8296.184,8372.646,8352.1,0.7313
mixed,32,2,0.0625,4.0,1024,16384,1024,4096,1216,8325.985,8445.651,8374.531,0.4057
mixed,32,2,0.0625,4.0,1024,16384,2048,8192,2432,8361.097,8587.042,8444.038,0.3671
mixed,32,2,0.0625,4.0,1024,16384,4096,16384,4864,8465.889,8902.244,8601.104,0.3099
mixed,32,2,0.0625,4.0,1024,16384,8192,32768,9728,8643.876,9554.456,8911.049,0.2934
mixed,32,2,0.0625,4.0,4096,0,128,512,152,3726.198,3749.895,3752.519,1.1107
mixed,32,2,0.0625,4.0,4096,0,256,1024,304,3744.152,3776.68,3771.189,0.8312
mixed,32,2,0.0625,4.0,4096,0,512,2048,608,3758.425,3815.801,3786.681,0.4925
mixed,32,2,0.0625,4.0,4096,0,1024,4096,1216,3788.505,3897.307,3830.17,0.3829
mixed,32,2,0.0625,4.0,4096,0,2048,8192,2432,3829.003,4050.474,3908.938,0.3609
mixed,32,2,0.0625,4.0,4096,0,4096,16384,4864,3918.843,4363.625,4065.687,0.3301
mixed,32,2,0.0625,4.0,4096,0,8192,32768,9728,4109.019,5001.197,4372.393,0.2952
mixed,32,2,0.0625,4.0,4096,512,128,512,152,4865.499,4874.327,4881.021,1.7583
mixed,32,2,0.0625,4.0,4096,512,256,1024,304,4866.235,4895.183,4900.443,1.1817
mixed,32,2,0.0625,4.0,4096,512,512,2048,608,4879.721,4935.756,4909.26,0.5272
mixed,32,2,0.0625,4.0,4096,512,1024,4096,1216,4912.538,5011.708,4956.412,0.4424
mixed,32,2,0.0625,4.0,4096,512,2048,8192,2432,4952.968,5176.76,5030.029,0.3443
mixed,32,2,0.0625,4.0,4096,512,4096,16384,4864,5045.934,5503.135,5194.94,0.3259
mixed,32,2,0.0625,4.0,4096,512,8192,32768,9728,5240.781,6122.302,5505.469,0.3003
mixed,32,2,0.0625,4.0,4096,2048,128,512,152,6820.378,6830.531,6843.856,2.3125
mixed,32,2,0.0625,4.0,4096,2048,256,1024,304,6826.014,6862.065,6844.993,0.5264
mixed,32,2,0.0625,4.0,4096,2048,512,2048,608,6836.978,6887.637,6868.467,0.6216
mixed,32,2,0.0625,4.0,4096,2048,1024,4096,1216,6859.506,6968.605,6912.529,0.486
mixed,32,2,0.0625,4.0,4096,2048,2048,8192,2432,6906.886,7129.126,6983.492,0.3447
mixed,32,2,0.0625,4.0,4096,2048,4096,16384,4864,6997.092,7456.343,7142.481,0.3166
mixed,32,2,0.0625,4.0,4096,2048,8192,32768,9728,7200.49,8052.836,7446.99,0.2892
mixed,32,2,0.0625,4.0,4096,8192,128,512,152,14697.545,14871.215,14703.518,0.0344
mixed,32,2,0.0625,4.0,4096,8192,256,1024,304,14738.071,14852.887,14888.73,1.3122
mixed,32,2,0.0625,4.0,4096,8192,512,2048,608,14734.68,14767.815,14948.106,6.4411
mixed,32,2,0.0625,4.0,4096,8192,1024,4096,1216,14911.435,14960.677,14839.608,-1.4587
mixed,32,2,0.0625,4.0,4096,8192,2048,8192,2432,15055.932,15033.93,14913.642,
mixed,32,2,0.0625,4.0,4096,8192,4096,16384,4864,15053.033,15316.395,15083.305,0.1149
mixed,32,2,0.0625,4.0,4096,8192,8192,32768,9728,15271.915,15953.904,15316.846,0.0659
mixed,32,2,0.0625,4.0,4096,16384,128,512,152,25811.03,25724.713,25591.111,
mixed,32,2,0.0625,4.0,4096,16384,256,1024,304,26775.807,25334.181,25518.008,
mixed,32,2,0.0625,4.0,4096,16384,512,2048,608,25380.582,26028.793,26166.201,1.212
mixed,32,2,0.0625,4.0,4096,16384,1024,4096,1216,25974.526,26096.63,25887.193,-0.7152
mixed,32,2,0.0625,4.0,4096,16384,2048,8192,2432,25834.76,26983.022,25634.943,-0.174
mixed,32,2,0.0625,4.0,4096,16384,4096,16384,4864,26406.068,26861.473,26415.353,0.0204
mixed,32,2,0.0625,4.0,4096,16384,8192,32768,9728,26293.371,26452.302,26723.033,2.7034
pure,32,3,0.0938,4.0,0,0,128,512,164,95.822,162.369,168.481,1.0918
pure,32,3,0.0938,4.0,0,0,256,1024,328,163.185,182.257,179.503,0.8556
pure,32,3,0.0938,4.0,0,0,512,2048,656,167.617,220.625,199.504,0.6016
pure,32,3,0.0938,4.0,0,0,1024,4096,1312,192.434,301.487,241.328,0.4484
pure,32,3,0.0938,4.0,0,0,2048,8192,2624,251.344,462.562,319.12,0.3209
pure,32,3,0.0938,4.0,0,0,4096,16384,5248,347.555,778.354,478.481,0.3039
pure,32,3,0.0938,4.0,0,0,8192,32768,10496,553.091,1398.327,790.198,0.2805
mixed,32,3,0.0938,4.0,16,0,128,512,164,110.608,190.239,146.082,0.4455
mixed,32,3,0.0938,4.0,16,0,256,1024,328,186.209,210.593,200.289,0.5774
mixed,32,3,0.0938,4.0,16,0,512,2048,656,195.936,251.921,220.0,0.4298
mixed,32,3,0.0938,4.0,16,0,1024,4096,1312,222.465,323.634,260.482,0.3758
mixed,32,3,0.0938,4.0,16,0,2048,8192,2624,278.032,485.648,339.616,0.2966
mixed,32,3,0.0938,4.0,16,0,4096,16384,5248,370.432,802.245,498.004,0.2954
mixed,32,3,0.0938,4.0,16,0,8192,32768,10496,573.536,1418.376,809.042,0.2788
mixed,32,3,0.0938,4.0,16,512,128,512,164,191.841,239.615,176.049,-0.3306
mixed,32,3,0.0938,4.0,16,512,256,1024,328,171.697,261.49,202.768,0.346
mixed,32,3,0.0938,4.0,16,512,512,2048,656,231.041,302.417,175.249,-0.7817
mixed,32,3,0.0938,4.0,16,512,1024,4096,1312,271.57,383.57,264.737,-0.061
mixed,32,3,0.0938,4.0,16,512,2048,8192,2624,322.37,544.066,340.403,0.0813
mixed,32,3,0.0938,4.0,16,512,4096,16384,5248,430.131,856.228,497.809,0.1588
mixed,32,3,0.0938,4.0,16,512,8192,32768,10496,634.595,1482.295,812.067,0.2094
mixed,32,3,0.0938,4.0,16,2048,128,512,164,212.642,242.273,211.089,-0.0524
mixed,32,3,0.0938,4.0,16,2048,256,1024,328,212.513,229.54,227.794,0.8975
mixed,32,3,0.0938,4.0,16,2048,512,2048,656,270.93,359.891,264.291,-0.0746
mixed,32,3,0.0938,4.0,16,2048,1024,4096,1312,296.961,499.413,325.41,0.1405
mixed,32,3,0.0938,4.0,16,2048,2048,8192,2624,384.211,657.426,363.219,-0.0768
mixed,32,3,0.0938,4.0,16,2048,4096,16384,5248,541.556,968.596,499.204,-0.0992
mixed,32,3,0.0938,4.0,16,2048,8192,32768,10496,746.995,1599.895,811.921,0.0761
mixed,32,3,0.0938,4.0,16,8192,128,512,164,340.881,373.171,340.625,-0.0079
mixed,32,3,0.0938,4.0,16,8192,256,1024,328,357.425,369.075,353.906,-0.3021
mixed,32,3,0.0938,4.0,16,8192,512,2048,656,384.243,482.384,471.025,0.8843
mixed,32,3,0.0938,4.0,16,8192,1024,4096,1312,364.704,470.659,407.841,0.4071
mixed,32,3,0.0938,4.0,16,8192,2048,8192,2624,568.403,830.692,543.313,-0.0957
mixed,32,3,0.0938,4.0,16,8192,4096,16384,5248,604.499,1426.18,794.308,0.231
mixed,32,3,0.0938,4.0,16,8192,8192,32768,10496,921.554,2059.175,835.682,-0.0755
mixed,32,3,0.0938,4.0,16,16384,128,512,164,483.616,530.018,484.033,0.009
mixed,32,3,0.0938,4.0,16,16384,256,1024,328,500.338,570.53,508.769,0.1201
mixed,32,3,0.0938,4.0,16,16384,512,2048,656,539.155,577.923,531.811,-0.1894
mixed,32,3,0.0938,4.0,16,16384,1024,4096,1312,590.02,793.602,782.418,0.9451
mixed,32,3,0.0938,4.0,16,16384,2048,8192,2624,577.202,782.466,641.922,0.3153
mixed,32,3,0.0938,4.0,16,16384,4096,16384,5248,968.051,1446.052,900.543,-0.1412
mixed,32,3,0.0938,4.0,16,16384,8192,32768,10496,1000.992,2652.264,1407.396,0.2461
mixed,32,3,0.0938,4.0,64,0,128,512,164,134.638,152.657,147.743,0.7273
mixed,32,3,0.0938,4.0,64,0,256,1024,328,136.993,193.361,187.28,0.8921
mixed,32,3,0.0938,4.0,64,0,512,2048,656,162.721,270.435,265.234,0.9517
mixed,32,3,0.0938,4.0,64,0,1024,4096,1312,212.704,423.678,419.858,0.9819
mixed,32,3,0.0938,4.0,64,0,2048,8192,2624,314.304,728.065,725.937,0.9949
mixed,32,3,0.0938,4.0,64,0,4096,16384,5248,509.265,1340.579,1336.547,0.9951
mixed,32,3,0.0938,4.0,64,0,8192,32768,10496,901.792,2560.744,2552.501,0.995
mixed,32,3,0.0938,4.0,64,512,128,512,164,184.673,216.481,210.4,0.8089
mixed,32,3,0.0938,4.0,64,512,256,1024,328,198.863,256.994,249.535,0.8717
mixed,32,3,0.0938,4.0,64,512,512,2048,656,225.12,331.841,329.248,0.9757
mixed,32,3,0.0938,4.0,64,512,1024,4096,1312,275.632,485.281,481.075,0.9799
mixed,32,3,0.0938,4.0,64,512,2048,8192,2624,376.544,791.169,789.057,0.9949
mixed,32,3,0.0938,4.0,64,512,4096,16384,5248,571.314,1400.982,1401.092,1.0001
mixed,32,3,0.0938,4.0,64,512,8192,32768,10496,962.384,2626.213,2611.416,0.9911
mixed,32,3,0.0938,4.0,64,2048,128,512,164,299.585,331.666,301.423,0.0573
mixed,32,3,0.0938,4.0,64,2048,256,1024,328,314.336,373.41,310.481,-0.0653
mixed,32,3,0.0938,4.0,64,2048,512,2048,656,344.306,451.939,447.987,0.9633
mixed,32,3,0.0938,4.0,64,2048,1024,4096,1312,394.64,604.755,602.002,0.9869
mixed,32,3,0.0938,4.0,64,2048,2048,8192,2624,495.121,912.371,908.242,0.9901
mixed,32,3,0.0938,4.0,64,2048,4096,16384,5248,692.288,1532.167,1518.325,0.9835
mixed,32,3,0.0938,4.0,64,2048,8192,32768,10496,1084.483,2760.568,2730.728,0.9822
mixed,32,3,0.0938,4.0,64,8192,128,512,164,735.778,792.961,735.171,-0.0106
mixed,32,3,0.0938,4.0,64,8192,256,1024,328,779.459,837.393,773.139,-0.1091
mixed,32,3,0.0938,4.0,64,8192,512,2048,656,805.631,912.355,794.789,-0.1016
mixed,32,3,0.0938,4.0,64,8192,1024,4096,1312,856.243,1065.954,837.107,-0.0912
mixed,32,3,0.0938,4.0,64,8192,2048,8192,2624,956.706,1374.324,1366.498,0.9813
mixed,32,3,0.0938,4.0,64,8192,4096,16384,5248,1151.524,1984.405,1979.108,0.9936
mixed,32,3,0.0938,4.0,64,8192,8192,32768,10496,1544.084,3207.208,3193.111,0.9915
mixed,32,3,0.0938,4.0,64,16384,128,512,164,1335.412,1334.228,1335.17,
mixed,32,3,0.0938,4.0,64,16384,256,1024,328,1333.171,1432.852,1338.532,0.0538
mixed,32,3,0.0938,4.0,64,16384,512,2048,656,1333.379,1512.356,1334.916,0.0086
mixed,32,3,0.0938,4.0,64,16384,1024,4096,1312,1454.803,1671.381,1434.245,-0.0949
mixed,32,3,0.0938,4.0,64,16384,2048,8192,2624,1555.766,1976.357,1514.549,-0.098
mixed,32,3,0.0938,4.0,64,16384,4096,16384,5248,1752.006,2584.982,2575.446,0.9886
mixed,32,3,0.0938,4.0,64,16384,8192,32768,10496,2150.519,3810.665,3795.321,0.9908
mixed,32,3,0.0938,4.0,256,0,128,512,164,309.44,309.504,308.225,-19.1417
mixed,32,3,0.0938,4.0,256,0,256,1024,328,313.041,341.185,313.31,0.0096
mixed,32,3,0.0938,4.0,256,0,512,2048,656,317.87,376.737,326.129,0.1403
mixed,32,3,0.0938,4.0,256,0,1024,4096,1312,342.738,496.786,489.329,0.9516
mixed,32,3,0.0938,4.0,256,0,2048,8192,2624,401.138,801.505,797.22,0.9893
mixed,32,3,0.0938,4.0,256,0,4096,16384,5248,584.785,1412.501,1411.189,0.9984
mixed,32,3,0.0938,4.0,256,0,8192,32768,10496,976.194,2653.156,2634.903,0.9891
mixed,32,3,0.0938,4.0,256,512,128,512,164,472.627,505.923,473.938,0.0394
mixed,32,3,0.0938,4.0,256,512,256,1024,328,486.53,544.53,483.649,-0.0497
mixed,32,3,0.0938,4.0,256,512,512,2048,656,514.05,620.737,560.836,0.4385
mixed,32,3,0.0938,4.0,256,512,1024,4096,1312,563.614,775.332,713.33,0.7071
mixed,32,3,0.0938,4.0,256,512,2048,8192,2624,666.001,1080.403,1020.226,0.8548
mixed,32,3,0.0938,4.0,256,512,4096,16384,5248,861.043,1693.637,1628.053,0.9212
mixed,32,3,0.0938,4.0,256,512,8192,32768,10496,1253.876,2922.024,2846.345,0.9546
mixed,32,3,0.0938,4.0,256,2048,128,512,164,904.018,957.443,907.061,0.0569
mixed,32,3,0.0938,4.0,256,2048,256,1024,328,912.193,1002.178,933.841,0.2406
mixed,32,3,0.0938,4.0,256,2048,512,2048,656,968.61,1079.026,958.72,-0.0896
mixed,32,3,0.0938,4.0,256,2048,1024,4096,1312,1022.274,1228.93,1059.41,0.1797
mixed,32,3,0.0938,4.0,256,2048,2048,8192,2624,1119.907,1537.252,1365.572,0.5886
mixed,32,3,0.0938,4.0,256,2048,4096,16384,5248,1319.495,2154.501,1975.734,0.7859
mixed,32,3,0.0938,4.0,256,2048,8192,32768,10496,1708.771,3371.914,3203.287,0.8986
mixed,32,3,0.0938,4.0,256,8192,128,512,164,2713.689,2708.486,2713.607,
mixed,32,3,0.0938,4.0,256,8192,256,1024,328,2710.262,2710.789,2712.517,4.2799
mixed,32,3,0.0938,4.0,256,8192,512,2048,656,2708.919,2780.184,2715.017,0.0856
mixed,32,3,0.0938,4.0,256,8192,1024,4096,1312,2710.681,3030.838,2715.942,0.0164
mixed,32,3,0.0938,4.0,256,8192,2048,8192,2624,2920.983,3337.066,2874.394,-0.112
mixed,32,3,0.0938,4.0,256,8192,4096,16384,5248,3117.046,3945.85,3331.08,0.2582
mixed,32,3,0.0938,4.0,256,8192,8192,32768,10496,3510.491,5176.11,4542.939,0.6199
mixed,32,3,0.0938,4.0,256,16384,128,512,164,5122.299,5126.864,5125.436,0.6874
mixed,32,3,0.0938,4.0,256,16384,256,1024,328,5117.13,5117.506,5118.621,3.9615
mixed,32,3,0.0938,4.0,256,16384,512,2048,656,5120.718,5123.546,5119.599,-0.3961
mixed,32,3,0.0938,4.0,256,16384,1024,4096,1312,5128.431,5200.802,5118.656,-0.1351
mixed,32,3,0.0938,4.0,256,16384,2048,8192,2624,5123.122,5749.984,5119.47,-0.0058
mixed,32,3,0.0938,4.0,256,16384,4096,16384,5248,5532.897,6365.379,5449.678,-0.1
mixed,32,3,0.0938,4.0,256,16384,8192,32768,10496,5921.088,7594.261,6378.559,0.2734
mixed,32,3,0.0938,4.0,1024,0,128,512,164,696.26,716.224,718.613,1.1196
mixed,32,3,0.0938,4.0,1024,0,256,1024,328,712.644,738.913,733.17,0.7814
mixed,32,3,0.0938,4.0,1024,0,512,2048,656,719.826,776.595,752.049,0.5676
mixed,32,3,0.0938,4.0,1024,0,1024,4096,1312,746.339,856.116,793.667,0.4311
mixed,32,3,0.0938,4.0,1024,0,2048,8192,2624,802.913,1021.201,874.691,0.3288
mixed,32,3,0.0938,4.0,1024,0,4096,16384,5248,900.02,1334.577,1029.681,0.2984
mixed,32,3,0.0938,4.0,1024,0,8192,32768,10496,1108.929,1955.079,1345.172,0.2792
mixed,32,3,0.0938,4.0,1024,512,128,512,164,1102.772,1115.905,1125.939,1.764
mixed,32,3,0.0938,4.0,1024,512,256,1024,328,1117.439,1134.836,1135.78,1.0543
mixed,32,3,0.0938,4.0,1024,512,512,2048,656,1125.155,1176.725,1155.219,0.583
mixed,32,3,0.0938,4.0,1024,512,1024,4096,1312,1153.68,1262.116,1200.579,0.4325
mixed,32,3,0.0938,4.0,1024,512,2048,8192,2624,1207.168,1426.293,1275.046,0.3098
mixed,32,3,0.0938,4.0,1024,512,4096,16384,5248,1303.747,1736.851,1435.764,0.3048
mixed,32,3,0.0938,4.0,1024,512,8192,32768,10496,1508.724,2355.971,1744.325,0.2781
mixed,32,3,0.0938,4.0,1024,2048,128,512,164,1795.845,1816.612,1823.174,1.316
mixed,32,3,0.0938,4.0,1024,2048,256,1024,328,1821.51,1838.501,1836.499,0.8822
mixed,32,3,0.0938,4.0,1024,2048,512,2048,656,1823.751,1881.077,1854.611,0.5383
mixed,32,3,0.0938,4.0,1024,2048,1024,4096,1312,1850.017,1954.023,1892.552,0.409
mixed,32,3,0.0938,4.0,1024,2048,2048,8192,2624,1902.552,2116.644,1970.325,0.3166
mixed,32,3,0.0938,4.0,1024,2048,4096,16384,5248,2001.845,2425.237,2126.708,0.2949
mixed,32,3,0.0938,4.0,1024,2048,8192,32768,10496,2202.022,3051.609,2434.774,0.274
mixed,32,3,0.0938,4.0,1024,8192,128,512,164,4587.82,4599.352,4618.844,2.6903
mixed,32,3,0.0938,4.0,1024,8192,256,1024,328,4599.613,4627.883,4623.007,0.8275
mixed,32,3,0.0938,4.0,1024,8192,512,2048,656,4608.442,4665.947,4643.647,0.6122
mixed,32,3,0.0938,4.0,1024,8192,1024,4096,1312,4640.524,4727.774,4678.285,0.4328
mixed,32,3,0.0938,4.0,1024,8192,2048,8192,2624,4694.813,4886.506,4757.487,0.3269
mixed,32,3,0.0938,4.0,1024,8192,4096,16384,5248,4792.604,5202.7,4907.167,0.2794
mixed,32,3,0.0938,4.0,1024,8192,8192,32768,10496,4982.818,5844.336,5229.201,0.286
mixed,32,3,0.0938,4.0,1024,16384,128,512,164,8296.743,8296.9,8325.498,182.0
mixed,32,3,0.0938,4.0,1024,16384,256,1024,328,8292.602,8309.815,8308.618,0.9305
mixed,32,3,0.0938,4.0,1024,16384,512,2048,656,8295.093,8347.428,8315.21,0.3844
mixed,32,3,0.0938,4.0,1024,16384,1024,4096,1312,8315.877,8431.155,8376.565,0.5264
mixed,32,3,0.0938,4.0,1024,16384,2048,8192,2624,8383.986,8584.247,8444.936,0.3044
mixed,32,3,0.0938,4.0,1024,16384,4096,16384,5248,8478.327,8897.353,8615.268,0.3268
mixed,32,3,0.0938,4.0,1024,16384,8192,32768,10496,8676.745,9544.077,8904.92,0.2631
mixed,32,3,0.0938,4.0,4096,0,128,512,164,3732.3,3746.858,3752.748,1.4046
mixed,32,3,0.0938,4.0,4096,0,256,1024,328,3756.133,3769.131,3768.314,0.9371
mixed,32,3,0.0938,4.0,4096,0,512,2048,656,3751.303,3811.384,3799.98,0.8102
mixed,32,3,0.0938,4.0,4096,0,1024,4096,1312,3780.652,3899.275,3831.273,0.4267
mixed,32,3,0.0938,4.0,4096,0,2048,8192,2624,3841.482,4048.714,3908.361,0.3227
mixed,32,3,0.0938,4.0,4096,0,4096,16384,5248,3937.882,4371.197,4064.782,0.2929
mixed,32,3,0.0938,4.0,4096,0,8192,32768,10496,4137.324,4983.262,4374.222,0.28
mixed,32,3,0.0938,4.0,4096,512,128,512,164,4855.465,4874.207,4881.823,1.4064
mixed,32,3,0.0938,4.0,4096,512,256,1024,328,4865.408,4890.638,4902.512,1.4706
mixed,32,3,0.0938,4.0,4096,512,512,2048,656,4880.768,4945.469,4919.79,0.6031
mixed,32,3,0.0938,4.0,4096,512,1024,4096,1312,4907.378,5017.794,4956.702,0.4467
mixed,32,3,0.0938,4.0,4096,512,2048,8192,2624,4969.485,5173.615,5031.584,0.3042
mixed,32,3,0.0938,4.0,4096,512,4096,16384,5248,5065.389,5487.775,5193.917,0.3043
mixed,32,3,0.0938,4.0,4096,512,8192,32768,10496,5264.371,6112.767,5498.228,0.2756
mixed,32,3,0.0938,4.0,4096,2048,128,512,164,6848.995,6828.118,6868.534,
mixed,32,3,0.0938,4.0,4096,2048,256,1024,328,6831.574,6855.49,6854.753,0.9691
mixed,32,3,0.0938,4.0,4096,2048,512,2048,656,6827.652,6885.833,6874.006,0.7967
mixed,32,3,0.0938,4.0,4096,2048,1024,4096,1312,6858.823,6993.618,6907.091,0.3581
mixed,32,3,0.0938,4.0,4096,2048,2048,8192,2624,6932.675,7120.537,6982.211,0.2637
mixed,32,3,0.0938,4.0,4096,2048,4096,16384,5248,7013.409,7443.081,7163.204,0.3486
mixed,32,3,0.0938,4.0,4096,2048,8192,32768,10496,7217.303,8060.151,7465.203,0.2941
mixed,32,3,0.0938,4.0,4096,8192,128,512,164,14786.682,14945.532,14758.798,-0.1755
mixed,32,3,0.0938,4.0,4096,8192,256,1024,328,14685.951,14717.386,15016.01,10.4999
mixed,32,3,0.0938,4.0,4096,8192,512,2048,656,14692.237,14762.32,14746.571,0.7753
mixed,32,3,0.0938,4.0,4096,8192,1024,4096,1312,14890.698,14834.049,14865.531,
mixed,32,3,0.0938,4.0,4096,8192,2048,8192,2624,14878.736,14985.565,14852.09,-0.2494
mixed,32,3,0.0938,4.0,4096,8192,4096,16384,5248,14874.218,15308.349,15010.778,0.3146
mixed,32,3,0.0938,4.0,4096,8192,8192,32768,10496,15070.322,15936.417,15306.108,0.2722
mixed,32,3,0.0938,4.0,4096,16384,128,512,164,26375.418,25254.412,26379.784,
mixed,32,3,0.0938,4.0,4096,16384,256,1024,328,25795.465,25462.224,25531.232,
mixed,32,3,0.0938,4.0,4096,16384,512,2048,656,25621.391,25644.528,25763.328,6.1348
mixed,32,3,0.0938,4.0,4096,16384,1024,4096,1312,26108.695,25948.486,25587.27,
mixed,32,3,0.0938,4.0,4096,16384,2048,8192,2624,26005.17,25917.04,26127.797,
mixed,32,3,0.0938,4.0,4096,16384,4096,16384,5248,26487.015,26430.159,25888.179,
mixed,32,3,0.0938,4.0,4096,16384,8192,32768,10496,26354.563,27193.77,26377.077,0.0268
pure,32,4,0.125,4.0,0,0,128,512,176,95.887,162.129,168.624,1.0981
pure,32,4,0.125,4.0,0,0,256,1024,352,162.708,183.041,178.911,0.7969
pure,32,4,0.125,4.0,0,0,512,2048,704,176.56,219.345,199.295,0.5314
pure,32,4,0.125,4.0,0,0,1024,4096,1408,196.339,301.746,241.552,0.4289
pure,32,4,0.125,4.0,0,0,2048,8192,2816,250.481,462.482,320.653,0.331
pure,32,4,0.125,4.0,0,0,4096,16384,5632,361.953,776.674,480.77,0.2865
pure,32,4,0.125,4.0,0,0,8192,32768,11264,580.658,1398.773,792.274,0.2587
mixed,32,4,0.125,4.0,16,0,128,512,176,111.535,190.673,148.657,0.4691
mixed,32,4,0.125,4.0,16,0,256,1024,352,186.593,212.256,200.13,0.5275
mixed,32,4,0.125,4.0,16,0,512,2048,704,203.202,251.233,220.863,0.3677
mixed,32,4,0.125,4.0,16,0,1024,4096,1408,226.914,324.321,260.993,0.3499
mixed,32,4,0.125,4.0,16,0,2048,8192,2816,281.072,486.291,340.784,0.291
mixed,32,4,0.125,4.0,16,0,4096,16384,5632,386.353,800.449,499.122,0.2723
mixed,32,4,0.125,4.0,16,0,8192,32768,11264,605.6,1417.492,809.571,0.2512
mixed,32,4,0.125,4.0,16,512,128,512,176,191.136,237.536,179.601,-0.2486
mixed,32,4,0.125,4.0,16,512,256,1024,352,170.399,261.649,202.737,0.3544
mixed,32,4,0.125,4.0,16,512,512,2048,704,236.624,302.336,176.946,-0.9082
mixed,32,4,0.125,4.0,16,512,1024,4096,1408,273.234,383.776,264.96,-0.0749
mixed,32,4,0.125,4.0,16,512,2048,8192,2816,333.312,544.77,342.527,0.0436
mixed,32,4,0.125,4.0,16,512,4096,16384,5632,445.026,856.884,501.409,0.1369
mixed,32,4,0.125,4.0,16,512,8192,32768,11264,662.483,1475.764,813.747,0.186
mixed,32,4,0.125,4.0,16,2048,128,512,176,212.528,243.281,212.88,0.0115
mixed,32,4,0.125,4.0,16,2048,256,1024,352,214.785,231.089,228.464,0.839
mixed,32,4,0.125,4.0,16,2048,512,2048,704,276.13,360.147,266.913,-0.1097
mixed,32,4,0.125,4.0,16,2048,1024,4096,1408,305.553,499.137,324.785,0.0993
mixed,32,4,0.125,4.0,16,2048,2048,8192,2816,399.423,657.872,295.12,-0.4036
mixed,32,4,0.125,4.0,16,2048,4096,16384,5632,560.289,972.322,506.143,-0.1314
mixed,32,4,0.125,4.0,16,2048,8192,32768,11264,778.37,1598.691,813.268,0.0425
mixed,32,4,0.125,4.0,16,8192,128,512,176,341.375,375.008,339.457,-0.057
mixed,32,4,0.125,4.0,16,8192,256,1024,352,357.969,370.273,354.449,-0.2861
mixed,32,4,0.125,4.0,16,8192,512,2048,704,389.442,482.659,470.322,0.8677
mixed,32,4,0.125,4.0,16,8192,1024,4096,1408,384.387,471.985,409.953,0.2919
mixed,32,4,0.125,4.0,16,8192,2048,8192,2816,595.217,830.722,542.432,-0.2241
mixed,32,4,0.125,4.0,16,8192,4096,16384,5632,631.57,1429.348,795.314,0.2052
mixed,32,4,0.125,4.0,16,8192,8192,32768,11264,1041.731,2052.086,763.505,-0.2754
mixed,32,4,0.125,4.0,16,16384,128,512,176,483.841,532.433,486.449,0.0537
mixed,32,4,0.125,4.0,16,16384,256,1024,352,503.25,569.088,509.007,0.0874
mixed,32,4,0.125,4.0,16,16384,512,2048,704,543.617,579.632,532.817,-0.2999
mixed,32,4,0.125,4.0,16,16384,1024,4096,1408,600.496,794.371,783.458,0.9437
mixed,32,4,0.125,4.0,16,16384,2048,8192,2816,601.409,781.89,643.938,0.2356
mixed,32,4,0.125,4.0,16,16384,4096,16384,5632,1013.668,1448.58,901.873,-0.2571
mixed,32,4,0.125,4.0,16,16384,8192,32768,11264,1058.515,2661.064,1409.876,0.2193
mixed,32,4,0.125,4.0,64,0,128,512,176,136.129,151.664,148.191,0.7765
mixed,32,4,0.125,4.0,64,0,256,1024,352,138.56,192.114,187.76,0.9187
mixed,32,4,0.125,4.0,64,0,512,2048,704,168.431,268.545,266.384,0.9784
mixed,32,4,0.125,4.0,64,0,1024,4096,1408,221.567,422.801,420.994,0.991
mixed,32,4,0.125,4.0,64,0,2048,8192,2816,328.56,728.432,727.33,0.9972
mixed,32,4,0.125,4.0,64,0,4096,16384,5632,538.017,1341.893,1337.989,0.9951
mixed,32,4,0.125,4.0,64,0,8192,32768,11264,957.505,2559.927,2554.968,0.9969
mixed,32,4,0.125,4.0,64,512,128,512,176,185.474,214.672,211.088,0.8773
mixed,32,4,0.125,4.0,64,512,256,1024,352,200.096,255.121,250.369,0.9136
mixed,32,4,0.125,4.0,64,512,512,2048,704,230.625,332.719,329.842,0.9718
mixed,32,4,0.125,4.0,64,512,1024,4096,1408,285.137,486.608,483.601,0.9851
mixed,32,4,0.125,4.0,64,512,2048,8192,2816,390.929,791.105,788.866,0.9944
mixed,32,4,0.125,4.0,64,512,4096,16384,5632,602.691,1408.034,1398.612,0.9883
mixed,32,4,0.125,4.0,64,512,8192,32768,11264,1019.666,2623.528,2612.888,0.9934
mixed,32,4,0.125,4.0,64,2048,128,512,176,301.584,332.77,300.29,-0.0415
mixed,32,4,0.125,4.0,64,2048,256,1024,352,315.713,374.896,310.8,-0.083
mixed,32,4,0.125,4.0,64,2048,512,2048,704,348.818,451.952,448.606,0.9676
mixed,32,4,0.125,4.0,64,2048,1024,4096,1408,402.545,606.226,601.393,0.9763
mixed,32,4,0.125,4.0,64,2048,2048,8192,2816,510.867,911.794,907.812,0.9901
mixed,32,4,0.125,4.0,64,2048,4096,16384,5632,719.043,1520.516,1517.636,0.9964
mixed,32,4,0.125,4.0,64,2048,8192,32768,11264,1142.804,2756.457,2734.008,0.9861
mixed,32,4,0.125,4.0,64,8192,128,512,176,736.578,795.937,736.209,-0.0062
mixed,32,4,0.125,4.0,64,8192,256,1024,352,780.608,838.626,774.355,-0.1078
mixed,32,4,0.125,4.0,64,8192,512,2048,704,809.361,914.402,796.787,-0.1197
mixed,32,4,0.125,4.0,64,8192,1024,4096,1408,866.243,1070.867,838.578,-0.1352
mixed,32,4,0.125,4.0,64,8192,2048,8192,2816,972.001,1373.731,1368.053,0.9859
mixed,32,4,0.125,4.0,64,8192,4096,16384,5632,1184.226,1987.477,1988.821,1.0017
mixed,32,4,0.125,4.0,64,8192,8192,32768,11264,1603.444,3214.566,3197.673,0.9895
mixed,32,4,0.125,4.0,64,16384,128,512,176,1336.261,1335.635,1335.892,
mixed,32,4,0.125,4.0,64,16384,256,1024,352,1335.669,1431.075,1337.141,0.0154
mixed,32,4,0.125,4.0,64,16384,512,2048,704,1335.572,1511.299,1337.444,0.0107
mixed,32,4,0.125,4.0,64,16384,1024,4096,1408,1463.045,1666.036,1435.858,-0.1339
mixed,32,4,0.125,4.0,64,16384,2048,8192,2816,1573.653,1978.182,1513.892,-0.1477
mixed,32,4,0.125,4.0,64,16384,4096,16384,5632,1781.301,2592.584,2579.607,0.984
mixed,32,4,0.125,4.0,64,16384,8192,32768,11264,2202.519,3800.06,3793.337,0.9958
mixed,32,4,0.125,4.0,256,0,128,512,176,309.984,308.24,310.161,
mixed,32,4,0.125,4.0,256,0,256,1024,352,312.322,340.418,315.202,0.1025
mixed,32,4,0.125,4.0,256,0,512,2048,704,319.585,378.609,328.59,0.1526
mixed,32,4,0.125,4.0,256,0,1024,4096,1408,345.346,499.056,489.521,0.938
mixed,32,4,0.125,4.0,256,0,2048,8192,2816,402.88,804.562,798.804,0.9857
mixed,32,4,0.125,4.0,256,0,4096,16384,5632,614.127,1414.279,1411.907,0.997
mixed,32,4,0.125,4.0,256,0,8192,32768,11264,1033.267,2640.407,2630.217,0.9937
mixed,32,4,0.125,4.0,256,512,128,512,176,473.283,504.738,474.146,0.0274
mixed,32,4,0.125,4.0,256,512,256,1024,352,489.651,544.451,484.611,-0.092
mixed,32,4,0.125,4.0,256,512,512,2048,704,519.585,622.819,561.457,0.4056
mixed,32,4,0.125,4.0,256,512,1024,4096,1408,575.378,775.663,716.259,0.7034
mixed,32,4,0.125,4.0,256,512,2048,8192,2816,678.417,1083.234,1019.683,0.843
mixed,32,4,0.125,4.0,256,512,4096,16384,5632,889.651,1696.435,1629.654,0.9172
mixed,32,4,0.125,4.0,256,512,8192,32768,11264,1312.243,2935.992,2855.226,0.9503
mixed,32,4,0.125,4.0,256,2048,128,512,176,905.955,957.763,905.059,-0.0173
mixed,32,4,0.125,4.0,256,2048,256,1024,352,916.661,1002.065,931.651,0.1755
mixed,32,4,0.125,4.0,256,2048,512,2048,704,976.866,1082.661,963.585,-0.1255
mixed,32,4,0.125,4.0,256,2048,1024,4096,1408,1029.7,1231.589,1062.178,0.1609
mixed,32,4,0.125,4.0,256,2048,2048,8192,2816,1135.827,1538.388,1366.532,0.5731
mixed,32,4,0.125,4.0,256,2048,4096,16384,5632,1345.89,2147.606,1977.814,0.7882
mixed,32,4,0.125,4.0,256,2048,8192,32768,11264,1766.66,3367.226,3193.802,0.8916
mixed,32,4,0.125,4.0,256,8192,128,512,176,2713.494,2711.688,2717.031,
mixed,32,4,0.125,4.0,256,8192,256,1024,352,2713.125,2711.96,2714.264,
mixed,32,4,0.125,4.0,256,8192,512,2048,704,2710.726,2785.512,2714.792,0.0544
mixed,32,4,0.125,4.0,256,8192,1024,4096,1408,2712.439,3031.77,2733.112,0.0647
mixed,32,4,0.125,4.0,256,8192,2048,8192,2816,2938.392,3348.441,2882.744,-0.1357
mixed,32,4,0.125,4.0,256,8192,4096,16384,5632,3147.739,3946.459,3323.466,0.22
mixed,32,4,0.125,4.0,256,8192,8192,32768,11264,3566.221,5169.425,4552.62,0.6153
mixed,32,4,0.125,4.0,256,16384,128,512,176,5122.012,5124.235,5123.443,0.6435
mixed,32,4,0.125,4.0,256,16384,256,1024,352,5118.415,5121.932,5116.69,-0.4904
mixed,32,4,0.125,4.0,256,16384,512,2048,704,5119.104,5122.336,5117.98,-0.3475
mixed,32,4,0.125,4.0,256,16384,1024,4096,1408,5115.663,5195.166,5120.526,0.0612
mixed,32,4,0.125,4.0,256,16384,2048,8192,2816,5121.426,5749.361,5121.183,-0.0004
mixed,32,4,0.125,4.0,256,16384,4096,16384,5632,5561.502,6371.89,5445.999,-0.1425
mixed,32,4,0.125,4.0,256,16384,8192,32768,11264,5981.727,7594.085,6373.076,0.2427
mixed,32,4,0.125,4.0,1024,0,128,512,176,700.402,714.51,720.387,1.4166
mixed,32,4,0.125,4.0,1024,0,256,1024,352,714.913,735.859,732.768,0.8524
mixed,32,4,0.125,4.0,1024,0,512,2048,704,729.763,777.196,750.721,0.4418
mixed,32,4,0.125,4.0,1024,0,1024,4096,1408,750.357,855.663,792.324,0.3985
mixed,32,4,0.125,4.0,1024,0,2048,8192,2816,810.689,1024.852,876.146,0.3056
mixed,32,4,0.125,4.0,1024,0,4096,16384,5632,917.954,1332.836,1036.148,0.2849
mixed,32,4,0.125,4.0,1024,0,8192,32768,11264,1140.738,1958.165,1349.206,0.255
mixed,32,4,0.125,4.0,1024,512,128,512,176,1106.737,1120.928,1126.211,1.3722
mixed,32,4,0.125,4.0,1024,512,256,1024,352,1119.491,1136.034,1131.054,0.699
mixed,32,4,0.125,4.0,1024,512,512,2048,704,1134.725,1177.681,1159.668,0.5807
mixed,32,4,0.125,4.0,1024,512,1024,4096,1408,1156.455,1263.094,1200.261,0.4108
mixed,32,4,0.125,4.0,1024,512,2048,8192,2816,1212.324,1423.685,1278.549,0.3133
mixed,32,4,0.125,4.0,1024,512,4096,16384,5632,1324.705,1734.567,1435.939,0.2714
mixed,32,4,0.125,4.0,1024,512,8192,32768,11264,1544.689,2365.958,1753.219,0.2539
mixed,32,4,0.125,4.0,1024,2048,128,512,176,1797.059,1818.021,1827.637,1.4587
mixed,32,4,0.125,4.0,1024,2048,256,1024,352,1818.34,1845.828,1844.632,0.9565
mixed,32,4,0.125,4.0,1024,2048,512,2048,704,1833.093,1876.466,1855.91,0.5261
mixed,32,4,0.125,4.0,1024,2048,1024,4096,1408,1852.771,1962.116,1891.921,0.358
mixed,32,4,0.125,4.0,1024,2048,2048,8192,2816,1912.311,2115.234,1977.508,0.3213
mixed,32,4,0.125,4.0,1024,2048,4096,16384,5632,2018.372,2429.001,2131.989,0.2767
mixed,32,4,0.125,4.0,1024,2048,8192,32768,11264,2226.644,3050.823,2447.097,0.2675
mixed,32,4,0.125,4.0,1024,8192,128,512,176,4593.563,4612.862,4614.186,1.0686
mixed,32,4,0.125,4.0,1024,8192,256,1024,352,4602.895,4621.898,4618.575,0.8251
mixed,32,4,0.125,4.0,1024,8192,512,2048,704,4618.975,4678.943,4651.358,0.54
mixed,32,4,0.125,4.0,1024,8192,1024,4096,1408,4646.302,4742.622,4685.984,0.412
mixed,32,4,0.125,4.0,1024,8192,2048,8192,2816,4697.359,4899.646,4756.284,0.2913
mixed,32,4,0.125,4.0,1024,8192,4096,16384,5632,4801.31,5205.452,4918.523,0.29
mixed,32,4,0.125,4.0,1024,8192,8192,32768,11264,5024.609,5833.807,5227.171,0.2503
mixed,32,4,0.125,4.0,1024,16384,128,512,176,8270.45,8280.97,8294.645,2.2999
mixed,32,4,0.125,4.0,1024,16384,256,1024,352,8295.076,8314.392,8299.909,0.2502
mixed,32,4,0.125,4.0,1024,16384,512,2048,704,8294.877,8349.189,8329.557,0.6385
mixed,32,4,0.125,4.0,1024,16384,1024,4096,1408,8311.318,8426.472,8363.412,0.4524
mixed,32,4,0.125,4.0,1024,16384,2048,8192,2816,8388.346,8584.092,8450.217,0.3161
mixed,32,4,0.125,4.0,1024,16384,4096,16384,5632,8489.912,8901.704,8601.3,0.2705
mixed,32,4,0.125,4.0,1024,16384,8192,32768,11264,8705.909,9530.972,8913.674,0.2518
mixed,32,4,0.125,4.0,4096,0,128,512,176,3739.211,3747.357,3762.478,2.8564
mixed,32,4,0.125,4.0,4096,0,256,1024,352,3744.392,3767.769,3766.905,0.963
mixed,32,4,0.125,4.0,4096,0,512,2048,704,3763.433,3815.372,3793.66,0.582
mixed,32,4,0.125,4.0,4096,0,1024,4096,1408,3788.635,3897.487,3829.63,0.3766
mixed,32,4,0.125,4.0,4096,0,2048,8192,2816,3846.172,4047.706,3910.252,0.318
mixed,32,4,0.125,4.0,4096,0,4096,16384,5632,3951.355,4374.876,4065.771,0.2702
mixed,32,4,0.125,4.0,4096,0,8192,32768,11264,4180.43,4979.715,4378.414,0.2477
mixed,32,4,0.125,4.0,4096,512,128,512,176,4864.11,4879.055,4880.769,1.1147
mixed,32,4,0.125,4.0,4096,512,256,1024,352,4871.297,4895.2,4910.049,1.6212
mixed,32,4,0.125,4.0,4096,512,512,2048,704,4889.023,4936.827,4908.449,0.4064
mixed,32,4,0.125,4.0,4096,512,1024,4096,1408,4904.095,5033.774,4946.573,0.3276
mixed,32,4,0.125,4.0,4096,512,2048,8192,2816,4974.863,5178.224,5027.583,0.2592
mixed,32,4,0.125,4.0,4096,512,4096,16384,5632,5080.624,5484.802,5195.869,0.2851
mixed,32,4,0.125,4.0,4096,512,8192,32768,11264,5303.264,6117.796,5514.019,0.2587
mixed,32,4,0.125,4.0,4096,2048,128,512,176,6813.973,6824.788,6851.799,3.4975
mixed,32,4,0.125,4.0,4096,2048,256,1024,352,6834.129,6850.551,6845.78,0.7095
mixed,32,4,0.125,4.0,4096,2048,512,2048,704,6844.694,6901.478,6865.303,0.3629
mixed,32,4,0.125,4.0,4096,2048,1024,4096,1408,6858.861,6963.447,6921.224,0.5963
mixed,32,4,0.125,4.0,4096,2048,2048,8192,2816,6909.446,7129.141,6982.61,0.333
mixed,32,4,0.125,4.0,4096,2048,4096,16384,5632,7031.077,7440.407,7136.645,0.2579
mixed,32,4,0.125,4.0,4096,2048,8192,32768,11264,7246.79,8070.092,7461.766,0.2611
mixed,32,4,0.125,4.0,4096,8192,128,512,176,14938.641,14927.794,14818.106,
mixed,32,4,0.125,4.0,4096,8192,256,1024,352,14695.866,14779.456,14985.597,3.4661
mixed,32,4,0.125,4.0,4096,8192,512,2048,704,14747.404,14887.676,14787.806,0.288
mixed,32,4,0.125,4.0,4096,8192,1024,4096,1408,14733.424,14933.276,14785.572,0.2609
mixed,32,4,0.125,4.0,4096,8192,2048,8192,2816,14876.911,15290.317,14867.855,-0.0219
mixed,32,4,0.125,4.0,4096,8192,4096,16384,5632,15128.079,15301.376,15021.892,-0.6127
mixed,32,4,0.125,4.0,4096,8192,8192,32768,11264,15261.263,15916.807,15377.718,0.1776
mixed,32,4,0.125,4.0,4096,16384,128,512,176,25775.938,25936.178,26194.241,2.6105
mixed,32,4,0.125,4.0,4096,16384,256,1024,352,25725.741,26119.378,26098.854,0.9479
mixed,32,4,0.125,4.0,4096,16384,512,2048,704,26451.11,26624.262,26523.618,0.4188
mixed,32,4,0.125,4.0,4096,16384,1024,4096,1408,25516.916,25915.012,25659.745,0.3588
mixed,32,4,0.125,4.0,4096,16384,2048,8192,2816,25594.479,25866.506,25816.491,0.8161
mixed,32,4,0.125,4.0,4096,16384,4096,16384,5632,26182.947,26318.921,26514.667,2.4396
mixed,32,4,0.125,4.0,4096,16384,8192,32768,11264,26239.959,26772.889,26291.188,0.0961
pure,32,8,0.25,4.0,0,0,128,512,224,100.161,161.185,137.441,0.6109
pure,32,8,0.25,4.0,0,0,256,1024,448,167.968,181.312,145.922,-1.652
pure,32,8,0.25,4.0,0,0,512,2048,896,176.498,220.002,203.601,0.623
pure,32,8,0.25,4.0,0,0,1024,4096,1792,211.599,302.688,244.577,0.362
pure,32,8,0.25,4.0,0,0,2048,8192,3584,280.288,464.74,328.401,0.2608
pure,32,8,0.25,4.0,0,0,4096,16384,7168,424.048,776.421,487.683,0.1806
pure,32,8,0.25,4.0,0,0,8192,32768,14336,700.755,1402.515,805.026,0.1486
mixed,32,8,0.25,4.0,16,0,128,512,224,115.554,190.432,153.456,0.5062
mixed,32,8,0.25,4.0,16,0,256,1024,448,191.681,210.913,165.649,-1.3536
mixed,32,8,0.25,4.0,16,0,512,2048,896,206.144,250.8,184.911,-0.4755
mixed,32,8,0.25,4.0,16,0,1024,4096,1792,241.41,323.665,266.993,0.311
mixed,32,8,0.25,4.0,16,0,2048,8192,3584,301.713,485.714,348.241,0.2529
mixed,32,8,0.25,4.0,16,0,4096,16384,7168,446.049,801.09,505.233,0.1667
mixed,32,8,0.25,4.0,16,0,8192,32768,14336,721.459,1419.844,818.052,0.1383
mixed,32,8,0.25,4.0,16,512,128,512,224,170.72,238.081,183.682,0.1924
mixed,32,8,0.25,4.0,16,512,256,1024,448,234.418,262.416,208.594,-0.9223
mixed,32,8,0.25,4.0,16,512,512,2048,896,251.297,303.058,189.807,-1.188
mixed,32,8,0.25,4.0,16,512,1024,4096,1792,293.713,388.577,276.993,-0.1763
mixed,32,8,0.25,4.0,16,512,2048,8192,3584,364.032,546.786,359.425,-0.0252
mixed,32,8,0.25,4.0,16,512,4096,16384,7168,508.913,860.659,509.138,0.0006
mixed,32,8,0.25,4.0,16,512,8192,32768,14336,782.659,1487.109,823.731,0.0583
mixed,32,8,0.25,4.0,16,2048,128,512,224,213.023,242.447,209.968,-0.1038
mixed,32,8,0.25,4.0,16,2048,256,1024,448,233.728,231.153,244.415,
mixed,32,8,0.25,4.0,16,2048,512,2048,896,230.753,363.968,244.4,0.1024
mixed,32,8,0.25,4.0,16,2048,1024,4096,1792,339.488,503.168,334.431,-0.0309
mixed,32,8,0.25,4.0,16,2048,2048,8192,3584,461.12,659.538,465.587,0.0225
mixed,32,8,0.25,4.0,16,2048,4096,16384,7168,619.202,974.451,638.147,0.0533
mixed,32,8,0.25,4.0,16,2048,8192,32768,14336,899.395,1608.197,949.701,0.071
mixed,32,8,0.25,4.0,16,8192,128,512,224,347.761,374.754,353.281,0.2045
mixed,32,8,0.25,4.0,16,8192,256,1024,448,368.69,370.194,394.576,17.2168
mixed,32,8,0.25,4.0,16,8192,512,2048,896,369.65,486.193,371.344,0.0145
mixed,32,8,0.25,4.0,16,8192,1024,4096,1792,447.956,474.353,461.984,0.5314
mixed,32,8,0.25,4.0,16,8192,2048,8192,3584,472.289,833.763,486.049,0.0381
mixed,32,8,0.25,4.0,16,8192,4096,16384,7168,752.931,1434.802,807.634,0.0802
mixed,32,8,0.25,4.0,16,8192,8192,32768,14336,1280.196,2062.918,1399.604,0.1526
mixed,32,8,0.25,4.0,16,16384,128,512,224,491.828,532.401,487.57,-0.1049
mixed,32,8,0.25,4.0,16,16384,256,1024,448,527.491,571.393,523.042,-0.1014
mixed,32,8,0.25,4.0,16,16384,512,2048,896,562.082,582.451,632.386,3.4516
mixed,32,8,0.25,4.0,16,16384,1024,4096,1792,629.795,797.522,790.642,0.959
mixed,32,8,0.25,4.0,16,16384,2048,8192,3584,719.923,787.138,746.579,0.3966
mixed,32,8,0.25,4.0,16,16384,4096,16384,7168,788.818,1459.763,794.211,0.008
mixed,32,8,0.25,4.0,16,16384,8192,32768,14336,1298.131,2671.767,1427.507,0.0942
mixed,32,8,0.25,4.0,64,0,128,512,224,136.048,152.897,150.32,0.8471
mixed,32,8,0.25,4.0,64,0,256,1024,448,147.569,194.16,189.937,0.9094
mixed,32,8,0.25,4.0,64,0,512,2048,896,184.018,270.272,268.689,0.9816
mixed,32,8,0.25,4.0,64,0,1024,4096,1792,253.091,426.208,425.395,0.9953
mixed,32,8,0.25,4.0,64,0,2048,8192,3584,387.986,733.329,732.514,0.9976
mixed,32,8,0.25,4.0,64,0,4096,16384,7168,659.073,1351.235,1346.741,0.9935
mixed,32,8,0.25,4.0,64,0,8192,32768,14336,1194.642,2575.369,2572.873,0.9982
mixed,32,8,0.25,4.0,64,512,128,512,224,189.584,216.208,212.993,0.8792
mixed,32,8,0.25,4.0,64,512,256,1024,448,211.617,256.224,253.41,0.9369
mixed,32,8,0.25,4.0,64,512,512,2048,896,247.425,334.063,331.585,0.9714
mixed,32,8,0.25,4.0,64,512,1024,4096,1792,314.609,488.707,489.024,1.0018
mixed,32,8,0.25,4.0,64,512,2048,8192,3584,450.914,795.234,795.842,1.0018
mixed,32,8,0.25,4.0,64,512,4096,16384,7168,721.793,1412.371,1410.147,0.9968
mixed,32,8,0.25,4.0,64,512,8192,32768,14336,1258.756,2646.985,2637.399,0.9931
mixed,32,8,0.25,4.0,64,2048,128,512,224,307.648,332.88,330.385,0.9011
mixed,32,8,0.25,4.0,64,2048,256,1024,448,328.61,376.978,370.402,0.864
mixed,32,8,0.25,4.0,64,2048,512,2048,896,364.032,453.842,452.338,0.9833
mixed,32,8,0.25,4.0,64,2048,1024,4096,1792,434.449,608.131,607.17,0.9945
mixed,32,8,0.25,4.0,64,2048,2048,8192,3584,571.169,917.938,916.689,0.9964
mixed,32,8,0.25,4.0,64,2048,4096,16384,7168,843.603,1542.23,1535.107,0.9898
mixed,32,8,0.25,4.0,64,2048,8192,32768,14336,1381.236,2777.162,2761.577,0.9888
mixed,32,8,0.25,4.0,64,8192,128,512,224,740.434,797.652,738.241,-0.0383
mixed,32,8,0.25,4.0,64,8192,256,1024,448,793.57,839.874,777.617,-0.3445
mixed,32,8,0.25,4.0,64,8192,512,2048,896,829.138,915.492,804.259,-0.2881
mixed,32,8,0.25,4.0,64,8192,1024,4096,1792,898.453,1071.524,1069.156,0.9863
mixed,32,8,0.25,4.0,64,8192,2048,8192,3584,1034.245,1380.357,1377.315,0.9912
mixed,32,8,0.25,4.0,64,8192,4096,16384,7168,1306.162,2006.341,1995.75,0.9849
mixed,32,8,0.25,4.0,64,8192,8192,32768,14336,1844.693,3231.002,3223.834,0.9948
mixed,32,8,0.25,4.0,64,16384,128,512,224,1342.916,1348.162,1342.179,-0.1404
mixed,32,8,0.25,4.0,64,16384,256,1024,448,1347.413,1439.447,1341.844,-0.0605
mixed,32,8,0.25,4.0,64,16384,512,2048,896,1431.428,1520.628,1402.675,-0.3224
mixed,32,8,0.25,4.0,64,16384,1024,4096,1792,1501.957,1676.932,1444.675,-0.3274
mixed,32,8,0.25,4.0,64,16384,2048,8192,3584,1637.941,1986.694,1983.207,0.99
mixed,32,8,0.25,4.0,64,16384,4096,16384,7168,1909.236,2599.847,2598.342,0.9978
mixed,32,8,0.25,4.0,64,16384,8192,32768,14336,2444.935,3840.43,3821.802,0.9867
mixed,32,8,0.25,4.0,256,0,128,512,224,314.546,307.859,309.651,
mixed,32,8,0.25,4.0,256,0,256,1024,448,309.521,340.159,315.92,0.2089
mixed,32,8,0.25,4.0,256,0,512,2048,896,326.72,378.322,331.825,0.0989
mixed,32,8,0.25,4.0,256,0,1024,4096,1792,363.233,499.68,494.994,0.9657
mixed,32,8,0.25,4.0,256,0,2048,8192,3584,458.001,808.866,804.064,0.9863
mixed,32,8,0.25,4.0,256,0,4096,16384,7168,729.171,1422.724,1422.852,1.0002
mixed,32,8,0.25,4.0,256,0,8192,32768,14336,1271.125,2659.431,2648.294,0.992
mixed,32,8,0.25,4.0,256,512,128,512,224,480.77,508.737,475.425,-0.1911
mixed,32,8,0.25,4.0,256,512,256,1024,448,498.929,547.745,488.848,-0.2065
mixed,32,8,0.25,4.0,256,512,512,2048,896,538.53,625.057,565.457,0.3112
mixed,32,8,0.25,4.0,256,512,1024,4096,1792,604.05,776.306,720.784,0.6777
mixed,32,8,0.25,4.0,256,512,2048,8192,3584,739.314,1085.01,1026.5,0.8307
mixed,32,8,0.25,4.0,256,512,4096,16384,7168,1009.249,1705.909,1648.677,0.9178
mixed,32,8,0.25,4.0,256,512,8192,32768,14336,1550.885,2942.824,2876.117,0.9521
mixed,32,8,0.25,4.0,256,2048,128,512,224,908.163,962.387,908.866,0.013
mixed,32,8,0.25,4.0,256,2048,256,1024,448,955.812,1005.378,939.73,-0.3244
mixed,32,8,0.25,4.0,256,2048,512,2048,896,993.89,1087.188,967.297,-0.285
mixed,32,8,0.25,4.0,256,2048,1024,4096,1792,1062.547,1238.101,1065.409,0.0163
mixed,32,8,0.25,4.0,256,2048,2048,8192,3584,1201.043,1547.428,1373.796,0.4987
mixed,32,8,0.25,4.0,256,2048,4096,16384,7168,1471.076,2161.671,1991.046,0.7529
mixed,32,8,0.25,4.0,256,2048,8192,32768,14336,2011.782,3394.587,3235.508,0.885
mixed,32,8,0.25,4.0,256,8192,128,512,224,2736.406,2735.895,2735.8,
mixed,32,8,0.25,4.0,256,8192,256,1024,448,2733.319,2734.105,2736.247,3.7258
mixed,32,8,0.25,4.0,256,8192,512,2048,896,2744.072,2803.241,2738.663,-0.0914
mixed,32,8,0.25,4.0,256,8192,1024,4096,1792,2730.329,3048.582,2729.496,-0.0026
mixed,32,8,0.25,4.0,256,8192,2048,8192,3584,3009.817,3359.499,2900.103,-0.3138
mixed,32,8,0.25,4.0,256,8192,4096,16384,7168,3284.438,3977.883,3366.2,0.1179
mixed,32,8,0.25,4.0,256,8192,8192,32768,14336,3818.954,5202.591,4579.503,0.5497
mixed,32,8,0.25,4.0,256,16384,128,512,224,5163.615,5164.048,5161.327,-5.2829
mixed,32,8,0.25,4.0,256,16384,256,1024,448,5159.904,5161.699,5159.328,-0.3216
mixed,32,8,0.25,4.0,256,16384,512,2048,896,5155.792,5161.536,5164.127,1.451
mixed,32,8,0.25,4.0,256,16384,1024,4096,1792,5161.023,5235.313,5156.417,-0.062
mixed,32,8,0.25,4.0,256,16384,2048,8192,3584,5157.216,5792.047,5159.31,0.0033
mixed,32,8,0.25,4.0,256,16384,4096,16384,7168,5724.401,6412.386,5491.244,-0.3389
mixed,32,8,0.25,4.0,256,16384,8192,32768,14336,6253.158,7637.989,6432.193,0.1293
mixed,32,8,0.25,4.0,1024,0,128,512,224,713.585,716.511,693.617,-6.823
mixed,32,8,0.25,4.0,1024,0,256,1024,448,721.171,737.572,702.37,-1.1463
mixed,32,8,0.25,4.0,1024,0,512,2048,896,729.585,780.098,761.698,0.6357
mixed,32,8,0.25,4.0,1024,0,1024,4096,1792,767.074,858.418,801.345,0.3752
mixed,32,8,0.25,4.0,1024,0,2048,8192,3584,838.916,1024.179,884.689,0.2471
mixed,32,8,0.25,4.0,1024,0,4096,16384,7168,983.779,1342.594,1048.019,0.179
mixed,32,8,0.25,4.0,1024,0,8192,32768,14336,1259.956,1964.083,1358.725,0.1403
mixed,32,8,0.25,4.0,1024,512,128,512,224,1119.648,1123.202,1098.338,-5.998
mixed,32,8,0.25,4.0,1024,512,256,1024,448,1126.865,1144.131,1105.687,-1.2266
mixed,32,8,0.25,4.0,1024,512,512,2048,896,1140.038,1180.708,1165.476,0.6255
mixed,32,8,0.25,4.0,1024,512,1024,4096,1792,1172.625,1267.797,1206.579,0.3568
mixed,32,8,0.25,4.0,1024,512,2048,8192,3584,1243.649,1430.468,1293.534,0.267
mixed,32,8,0.25,4.0,1024,512,4096,16384,7168,1388.79,1739.602,1448.932,0.1714
mixed,32,8,0.25,4.0,1024,512,8192,32768,14336,1662.311,2372.643,1772.322,0.1549
mixed,32,8,0.25,4.0,1024,2048,128,512,224,1812.599,1828.1,1795.476,-1.1046
mixed,32,8,0.25,4.0,1024,2048,256,1024,448,1834.164,1840.657,1807.348,-4.1297
mixed,32,8,0.25,4.0,1024,2048,512,2048,896,1844.744,1880.31,1865.267,0.5771
mixed,32,8,0.25,4.0,1024,2048,1024,4096,1792,1871.093,1965.734,1909.428,0.4051
mixed,32,8,0.25,4.0,1024,2048,2048,8192,3584,1949.028,2119.67,1989.948,0.2398
mixed,32,8,0.25,4.0,1024,2048,4096,16384,7168,2081.139,2431.913,2142.757,0.1757
mixed,32,8,0.25,4.0,1024,2048,8192,32768,14336,2358.773,3061.111,2458.938,0.1426
mixed,32,8,0.25,4.0,1024,8192,128,512,224,4610.957,4615.804,4583.484,-5.6681
mixed,32,8,0.25,4.0,1024,8192,256,1024,448,4622.732,4633.74,4598.377,-2.2124
mixed,32,8,0.25,4.0,1024,8192,512,2048,896,4646.793,4678.428,4669.5,0.7178
mixed,32,8,0.25,4.0,1024,8192,1024,4096,1792,4653.805,4757.792,4694.463,0.391
mixed,32,8,0.25,4.0,1024,8192,2048,8192,3584,4734.076,4910.571,4776.763,0.2419
mixed,32,8,0.25,4.0,1024,8192,4096,16384,7168,4878.952,5232.431,4945.34,0.1878
mixed,32,8,0.25,4.0,1024,8192,8192,32768,14336,5145.966,5856.689,5244.833,0.1391
mixed,32,8,0.25,4.0,1024,16384,128,512,224,8317.656,8314.626,8309.221,
mixed,32,8,0.25,4.0,1024,16384,256,1024,448,8332.419,8355.386,8313.781,-0.8115
mixed,32,8,0.25,4.0,1024,16384,512,2048,896,8332.486,8377.296,8368.393,0.8013
mixed,32,8,0.25,4.0,1024,16384,1024,4096,1792,8367.96,8475.124,8400.676,0.3053
mixed,32,8,0.25,4.0,1024,16384,2048,8192,3584,8456.757,8648.217,8522.884,0.3454
mixed,32,8,0.25,4.0,1024,16384,4096,16384,7168,8577.462,8960.102,8645.864,0.1788
mixed,32,8,0.25,4.0,1024,16384,8192,32768,14336,8846.138,9570.282,8960.651,0.1581
mixed,32,8,0.25,4.0,4096,0,128,512,224,3764.381,3771.915,3735.293,-3.8605
mixed,32,8,0.25,4.0,4096,0,256,1024,448,3773.879,3778.206,3730.903,-9.9345
mixed,32,8,0.25,4.0,4096,0,512,2048,896,3765.466,3811.37,3793.083,0.6016
mixed,32,8,0.25,4.0,4096,0,1024,4096,1792,3804.396,3897.403,3835.273,0.332
mixed,32,8,0.25,4.0,4096,0,2048,8192,3584,3873.128,4051.722,3913.019,0.2234
mixed,32,8,0.25,4.0,4096,0,4096,16384,7168,4006.713,4363.645,4070.283,0.1781
mixed,32,8,0.25,4.0,4096,0,8192,32768,14336,4282.06,4977.952,4381.787,0.1433
mixed,32,8,0.25,4.0,4096,512,128,512,224,4876.973,4877.49,4865.584,-22.0077
mixed,32,8,0.25,4.0,4096,512,256,1024,448,4883.168,4897.867,4855.697,-1.869
mixed,32,8,0.25,4.0,4096,512,512,2048,896,4893.07,4933.659,4909.08,0.3944
mixed,32,8,0.25,4.0,4096,512,1024,4096,1792,4928.668,5020.864,4956.59,0.3029
mixed,32,8,0.25,4.0,4096,512,2048,8192,3584,4995.086,5173.266,5034.43,0.2208
mixed,32,8,0.25,4.0,4096,512,4096,16384,7168,5138.595,5488.928,5199.421,0.1736
mixed,32,8,0.25,4.0,4096,512,8192,32768,14336,5411.106,6126.611,5512.269,0.1414
mixed,32,8,0.25,4.0,4096,2048,128,512,224,6818.599,6825.427,6803.959,-2.1437
mixed,32,8,0.25,4.0,4096,2048,256,1024,448,6839.397,6860.087,6810.854,-1.3795
mixed,32,8,0.25,4.0,4096,2048,512,2048,896,6833.424,6904.103,6873.908,0.5728
mixed,32,8,0.25,4.0,4096,2048,1024,4096,1792,6889.925,6964.152,6932.005,0.5669
mixed,32,8,0.25,4.0,4096,2048,2048,8192,3584,6940.016,7128.246,6985.783,0.2431
mixed,32,8,0.25,4.0,4096,2048,4096,16384,7168,7099.812,7444.072,7168.018,0.1981
mixed,32,8,0.25,4.0,4096,2048,8192,32768,14336,7381.523,8062.215,7476.585,0.1397
mixed,32,8,0.25,4.0,4096,8192,128,512,224,14877.629,15038.589,14895.677,0.1121
mixed,32,8,0.25,4.0,4096,8192,256,1024,448,14694.669,14776.874,14677.53,-0.2085
mixed,32,8,0.25,4.0,4096,8192,512,2048,896,14716.38,14812.366,14937.743,2.3062
mixed,32,8,0.25,4.0,4096,8192,1024,4096,1792,14763.263,14911.533,14822.396,0.3988
mixed,32,8,0.25,4.0,4096,8192,2048,8192,3584,14857.392,14987.021,15284.656,3.296
mixed,32,8,0.25,4.0,4096,8192,4096,16384,7168,15130.603,15297.68,15271.179,0.8414
mixed,32,8,0.25,4.0,4096,8192,8192,32768,14336,15324.037,15914.145,15326.498,0.0042
mixed,32,8,0.25,4.0,4096,16384,128,512,224,25991.579,25987.332,25824.403,
mixed,32,8,0.25,4.0,4096,16384,256,1024,448,25547.799,26368.13,26270.353,0.8808
mixed,32,8,0.25,4.0,4096,16384,512,2048,896,25937.361,25816.002,25594.564,
mixed,32,8,0.25,4.0,4096,16384,1024,4096,1792,25924.028,26190.081,25746.957,-0.6655
mixed,32,8,0.25,4.0,4096,16384,2048,8192,3584,26062.14,26644.599,26132.689,0.1211
mixed,32,8,0.25,4.0,4096,16384,4096,16384,7168,26301.536,26661.826,26956.549,1.818
mixed,32,8,0.25,4.0,4096,16384,8192,32768,14336,26965.318,26445.219,27256.923,
pure,32,16,0.5,4.0,0,0,128,512,320,162.578,160.912,152.72,
pure,32,16,0.5,4.0,0,0,256,1024,640,167.152,180.577,158.469,-0.6468
pure,32,16,0.5,4.0,0,0,512,2048,1280,191.776,218.785,187.522,-0.1575
pure,32,16,0.5,4.0,0,0,1024,4096,2560,241.489,300.033,236.384,-0.0872
pure,32,16,0.5,4.0,0,0,2048,8192,5120,341.584,465.361,346.784,0.042
pure,32,16,0.5,4.0,0,0,4096,16384,10240,542.593,777.123,559.315,0.0713
pure,32,16,0.5,4.0,0,0,8192,32768,20480,932.563,1405.3,973.843,0.0873
mixed,32,16,0.5,4.0,16,0,128,512,320,185.01,190.577,175.091,-1.7813
mixed,32,16,0.5,4.0,16,0,256,1024,640,194.896,211.873,186.112,-0.5174
mixed,32,16,0.5,4.0,16,0,512,2048,1280,222.095,251.089,201.056,-0.7256
mixed,32,16,0.5,4.0,16,0,1024,4096,2560,269.969,325.728,257.537,-0.223
mixed,32,16,0.5,4.0,16,0,2048,8192,5120,366.131,485.089,369.012,0.0242
mixed,32,16,0.5,4.0,16,0,4096,16384,10240,564.963,798.723,581.186,0.0694
mixed,32,16,0.5,4.0,16,0,8192,32768,20480,953.011,1418.322,996.164,0.0927
mixed,32,16,0.5,4.0,16,512,128,512,320,172.112,238.529,203.555,0.4734
mixed,32,16,0.5,4.0,16,512,256,1024,640,230.255,260.719,180.976,-1.6176
mixed,32,16,0.5,4.0,16,512,512,2048,1280,270.4,300.543,240.321,-0.9979
mixed,32,16,0.5,4.0,16,512,1024,4096,2560,323.263,384.354,282.799,-0.6624
mixed,32,16,0.5,4.0,16,512,2048,8192,5120,426.962,543.586,366.211,-0.5209
mixed,32,16,0.5,4.0,16,512,4096,16384,10240,623.955,858.098,577.041,-0.2004
mixed,32,16,0.5,4.0,16,512,8192,32768,20480,1015.348,1477.832,995.042,-0.0439
mixed,32,16,0.5,4.0,16,2048,128,512,320,211.936,243.359,211.491,-0.0142
mixed,32,16,0.5,4.0,16,2048,256,1024,640,271.184,230.081,264.017,
mixed,32,16,0.5,4.0,16,2048,512,2048,1280,296.739,361.169,295.842,-0.0139
mixed,32,16,0.5,4.0,16,2048,1024,4096,2560,382.147,499.043,374.466,-0.0657
mixed,32,16,0.5,4.0,16,2048,2048,8192,5120,540.002,658.911,481.442,-0.4925
mixed,32,16,0.5,4.0,16,2048,4096,16384,10240,735.748,971.202,640.961,-0.4026
mixed,32,16,0.5,4.0,16,2048,8192,32768,20480,1125.668,1602.182,989.314,-0.2862
mixed,32,16,0.5,4.0,16,8192,128,512,320,357.906,373.011,354.117,-0.2509
mixed,32,16,0.5,4.0,16,8192,256,1024,640,383.777,370.207,395.185,
mixed,32,16,0.5,4.0,16,8192,512,2048,1280,364.848,484.13,365.168,0.0027
mixed,32,16,0.5,4.0,16,8192,1024,4096,2560,562.386,472.802,503.617,
mixed,32,16,0.5,4.0,16,8192,2048,8192,5120,596.593,830.532,646.402,0.2129
mixed,32,16,0.5,4.0,16,8192,4096,16384,10240,914.659,1428.451,926.612,0.0233
mixed,32,16,0.5,4.0,16,8192,8192,32768,20480,1595.251,2059.446,1422.356,-0.3725
mixed,32,16,0.5,4.0,16,16384,128,512,320,499.696,530.738,512.241,0.4041
mixed,32,16,0.5,4.0,16,16384,256,1024,640,540.945,569.523,551.985,0.3863
mixed,32,16,0.5,4.0,16,16384,512,2048,1280,589.49,579.825,632.274,
mixed,32,16,0.5,4.0,16,16384,1024,4096,2560,580.385,793.332,578.369,-0.0095
mixed,32,16,0.5,4.0,16,16384,2048,8192,5120,948.963,783.265,814.834,
mixed,32,16,0.5,4.0,16,16384,4096,16384,10240,983.668,1451.572,1109.587,0.2691
mixed,32,16,0.5,4.0,16,16384,8192,32768,20480,1610.692,2658.983,1640.803,0.0287
mixed,32,16,0.5,4.0,64,0,128,512,320,138.737,152.353,150.53,0.8661
mixed,32,16,0.5,4.0,64,0,256,1024,640,162.641,192.88,189.794,0.898
mixed,32,16,0.5,4.0,64,0,512,2048,1280,212.721,271.104,269.168,0.9668
mixed,32,16,0.5,4.0,64,0,1024,4096,2560,308.528,423.712,423.283,0.9963
mixed,32,16,0.5,4.0,64,0,2048,8192,5120,501.795,728.292,730.451,1.0095
mixed,32,16,0.5,4.0,64,0,4096,16384,10240,881.397,1339.526,1337.252,0.995
mixed,32,16,0.5,4.0,64,0,8192,32768,20480,1644.627,2559.894,2559.239,0.9993
mixed,32,16,0.5,4.0,64,512,128,512,320,199.026,214.656,213.776,0.9438
mixed,32,16,0.5,4.0,64,512,256,1024,640,226.258,255.808,253.713,0.9291
mixed,32,16,0.5,4.0,64,512,512,2048,1280,274.161,331.505,330.369,0.9802
mixed,32,16,0.5,4.0,64,512,1024,4096,2560,370.176,488.212,484.897,0.9719
mixed,32,16,0.5,4.0,64,512,2048,8192,5120,561.968,792.065,791.489,0.9975
mixed,32,16,0.5,4.0,64,512,4096,16384,10240,947.202,1403.284,1401.505,0.9961
mixed,32,16,0.5,4.0,64,512,8192,32768,20480,1710.692,2623.061,2620.119,0.9968
mixed,32,16,0.5,4.0,64,2048,128,512,320,315.203,331.889,330.736,0.9309
mixed,32,16,0.5,4.0,64,2048,256,1024,640,342.035,373.953,372.896,0.9669
mixed,32,16,0.5,4.0,64,2048,512,2048,1280,395.264,452.851,450.737,0.9633
mixed,32,16,0.5,4.0,64,2048,1024,4096,2560,489.857,607.283,605.106,0.9815
mixed,32,16,0.5,4.0,64,2048,2048,8192,5120,684.417,912.147,910.833,0.9942
mixed,32,16,0.5,4.0,64,2048,4096,16384,10240,1067.413,1522.132,1524.293,1.0048
mixed,32,16,0.5,4.0,64,2048,8192,32768,20480,1840.933,2774.552,2741.336,0.9644
mixed,32,16,0.5,4.0,64,8192,128,512,320,778.659,794.385,764.418,-0.9054
mixed,32,16,0.5,4.0,64,8192,256,1024,640,804.673,836.116,832.865,0.8966
mixed,32,16,0.5,4.0,64,8192,512,2048,1280,855.476,912.993,912.305,0.988
mixed,32,16,0.5,4.0,64,8192,1024,4096,2560,952.736,1065.682,1065.939,1.0023
mixed,32,16,0.5,4.0,64,8192,2048,8192,5120,1144.498,1379.828,1370.483,0.9603
mixed,32,16,0.5,4.0,64,8192,4096,16384,10240,1526.978,1986.311,1982.023,0.9907
mixed,32,16,0.5,4.0,64,8192,8192,32768,20480,2289.286,3225.097,3213.417,0.9875
mixed,32,16,0.5,4.0,64,16384,128,512,320,1336.005,1335.701,1335.268,
mixed,32,16,0.5,4.0,64,16384,256,1024,640,1335.762,1432.883,1336.594,0.0086
mixed,32,16,0.5,4.0,64,16384,512,2048,1280,1453.636,1512.197,1489.285,0.6088
mixed,32,16,0.5,4.0,64,16384,1024,4096,2560,1552.852,1668.02,1666.372,0.9857
mixed,32,16,0.5,4.0,64,16384,2048,8192,5120,1742.228,1973.141,1974.132,1.0043
mixed,32,16,0.5,4.0,64,16384,4096,16384,10240,2130.309,2584.231,2583.673,0.9988
mixed,32,16,0.5,4.0,64,16384,8192,32768,20480,2905.704,3805.273,3810.264,1.0055
mixed,32,16,0.5,4.0,256,0,128,512,320,313.793,308.559,303.969,
mixed,32,16,0.5,4.0,256,0,256,1024,640,316.641,338.514,314.527,-0.0967
mixed,32,16,0.5,4.0,256,0,512,2048,1280,344.369,374.705,337.233,-0.2352
mixed,32,16,0.5,4.0,256,0,1024,4096,2560,395.873,497.361,494.562,0.9724
mixed,32,16,0.5,4.0,256,0,2048,8192,5120,573.44,804.803,799.379,0.9766
mixed,32,16,0.5,4.0,256,0,4096,16384,10240,956.002,1423.126,1419.411,0.992
mixed,32,16,0.5,4.0,256,0,8192,32768,20480,1732.982,2654.776,2638.552,0.9824
mixed,32,16,0.5,4.0,256,512,128,512,320,487.875,506.656,502.447,0.7759
mixed,32,16,0.5,4.0,256,512,256,1024,640,517.647,545.985,542.049,0.8611
mixed,32,16,0.5,4.0,256,512,512,2048,1280,565.217,622.801,621.65,0.98
mixed,32,16,0.5,4.0,256,512,1024,4096,2560,660.13,775.169,771.312,0.9665
mixed,32,16,0.5,4.0,256,512,2048,8192,5120,850.914,1081.461,1077.299,0.9819
mixed,32,16,0.5,4.0,256,512,4096,16384,10240,1234.099,1703.796,1689.091,0.9687
mixed,32,16,0.5,4.0,256,512,8192,32768,20480,2003.941,2920.613,2923.734,1.0034
mixed,32,16,0.5,4.0,256,2048,128,512,320,915.202,958.657,914.162,-0.0239
mixed,32,16,0.5,4.0,256,2048,256,1024,640,968.754,1003.075,940.449,-0.8247
mixed,32,16,0.5,4.0,256,2048,512,2048,1280,1020.164,1078.515,1076.754,0.9698
mixed,32,16,0.5,4.0,256,2048,1024,4096,2560,1116.515,1231.935,1230.707,0.9894
mixed,32,16,0.5,4.0,256,2048,2048,8192,5120,1311.364,1537.992,1531.54,0.9715
mixed,32,16,0.5,4.0,256,2048,4096,16384,10240,1689.86,2156.484,2141.095,0.967
mixed,32,16,0.5,4.0,256,2048,8192,32768,20480,2458.632,3372.747,3355.336,0.981
mixed,32,16,0.5,4.0,256,8192,128,512,320,2720.327,2711.829,2713.927,
mixed,32,16,0.5,4.0,256,8192,256,1024,640,2715.334,2713.639,2711.159,
mixed,32,16,0.5,4.0,256,8192,512,2048,1280,2713.303,2790.456,2711.606,-0.022
mixed,32,16,0.5,4.0,256,8192,1024,4096,2560,2912.584,3035.446,2804.758,-0.8776
mixed,32,16,0.5,4.0,256,8192,2048,8192,5120,3106.984,3337.832,3335.369,0.9893
mixed,32,16,0.5,4.0,256,8192,4096,16384,10240,3490.011,3948.106,3940.425,0.9832
mixed,32,16,0.5,4.0,256,8192,8192,32768,20480,4258.028,5177.5,5171.788,0.9938
mixed,32,16,0.5,4.0,256,16384,128,512,320,5124.028,5125.997,5124.383,0.1805
mixed,32,16,0.5,4.0,256,16384,256,1024,640,5122.893,5121.788,5129.084,
mixed,32,16,0.5,4.0,256,16384,512,2048,1280,5124.43,5125.678,5121.981,-1.9608
mixed,32,16,0.5,4.0,256,16384,1024,4096,2560,5126.574,5199.213,5127.305,0.0101
mixed,32,16,0.5,4.0,256,16384,2048,8192,5120,5519.759,5761.792,5293.854,-0.9334
mixed,32,16,0.5,4.0,256,16384,4096,16384,10240,5907.95,6370.833,6367.999,0.9939
mixed,32,16,0.5,4.0,256,16384,8192,32768,20480,6674.593,7588.819,7582.356,0.9929
mixed,32,16,0.5,4.0,1024,0,128,512,320,715.651,715.457,698.818,
mixed,32,16,0.5,4.0,1024,0,256,1024,640,719.68,738.339,710.625,-0.4853
mixed,32,16,0.5,4.0,1024,0,512,2048,1280,746.641,776.592,740.274,-0.2126
mixed,32,16,0.5,4.0,1024,0,1024,4096,2560,793.266,856.403,792.418,-0.0134
mixed,32,16,0.5,4.0,1024,0,2048,8192,5120,898.226,1023.186,901.553,0.0266
mixed,32,16,0.5,4.0,1024,0,4096,16384,10240,1097.332,1336.338,1119.522,0.0928
mixed,32,16,0.5,4.0,1024,0,8192,32768,20480,1496.244,1960.373,1529.861,0.0724
mixed,32,16,0.5,4.0,1024,512,128,512,320,1122.003,1117.331,1106.642,
mixed,32,16,0.5,4.0,1024,512,256,1024,640,1124.132,1136.929,1115.044,-0.7102
mixed,32,16,0.5,4.0,1024,512,512,2048,1280,1152.005,1181.109,1149.555,-0.0842
mixed,32,16,0.5,4.0,1024,512,1024,4096,2560,1199.827,1262.168,1196.432,-0.0545
mixed,32,16,0.5,4.0,1024,512,2048,8192,5120,1301.17,1421.471,1302.9,0.0144
mixed,32,16,0.5,4.0,1024,512,4096,16384,10240,1503.539,1735.943,1518.145,0.0628
mixed,32,16,0.5,4.0,1024,512,8192,32768,20480,1891.766,2359.094,1933.542,0.0894
mixed,32,16,0.5,4.0,1024,2048,128,512,320,1819.479,1822.997,1805.726,-3.9088
mixed,32,16,0.5,4.0,1024,2048,256,1024,640,1822.389,1842.599,1817.976,-0.2184
mixed,32,16,0.5,4.0,1024,2048,512,2048,1280,1848.517,1875.894,1844.132,-0.1602
mixed,32,16,0.5,4.0,1024,2048,1024,4096,2560,1899.059,1955.274,1899.559,0.0089
mixed,32,16,0.5,4.0,1024,2048,2048,8192,5120,1996.935,2111.113,2000.408,0.0304
mixed,32,16,0.5,4.0,1024,2048,4096,16384,10240,2192.919,2428.419,2207.351,0.0613
mixed,32,16,0.5,4.0,1024,2048,8192,32768,20480,2578.329,3047.049,2622.523,0.0943
mixed,32,16,0.5,4.0,1024,8192,128,512,320,4606.122,4596.88,4583.822,
mixed,32,16,0.5,4.0,1024,8192,256,1024,640,4612.606,4625.777,4594.218,-1.3961
mixed,32,16,0.5,4.0,1024,8192,512,2048,1280,4637.198,4682.06,4623.294,-0.3099
mixed,32,16,0.5,4.0,1024,8192,1024,4096,2560,4681.659,4724.572,4684.906,0.0757
mixed,32,16,0.5,4.0,1024,8192,2048,8192,5120,4783.6,4910.607,4796.667,0.1029
mixed,32,16,0.5,4.0,1024,8192,4096,16384,10240,4977.951,5217.678,5005.724,0.1159
mixed,32,16,0.5,4.0,1024,8192,8192,32768,20480,5365.553,5847.489,5405.277,0.0824
mixed,32,16,0.5,4.0,1024,16384,128,512,320,8284.248,8280.794,8295.851,
mixed,32,16,0.5,4.0,1024,16384,256,1024,640,8292.635,8309.912,8278.347,-0.827
mixed,32,16,0.5,4.0,1024,16384,512,2048,1280,8312.829,8365.002,8313.176,0.0067
mixed,32,16,0.5,4.0,1024,16384,1024,4096,2560,8399.269,8427.051,8364.009,-1.2691
mixed,32,16,0.5,4.0,1024,16384,2048,8192,5120,8472.635,8581.912,8484.758,0.1109
mixed,32,16,0.5,4.0,1024,16384,4096,16384,10240,8667.647,8906.409,8696.087,0.1191
mixed,32,16,0.5,4.0,1024,16384,8192,32768,20480,9075.93,9529.211,9115.482,0.0873
mixed,32,16,0.5,4.0,4096,0,128,512,320,3746.155,3747.836,3743.771,-1.4179
mixed,32,16,0.5,4.0,4096,0,256,1024,640,3756.634,3768.747,3744.587,-0.9946
mixed,32,16,0.5,4.0,4096,0,512,2048,1280,3784.653,3813.179,3776.348,-0.2911
mixed,32,16,0.5,4.0,4096,0,1024,4096,2560,3834.875,3896.814,3831.257,-0.0584
mixed,32,16,0.5,4.0,4096,0,2048,8192,5120,3934.444,4051.262,3945.149,0.0916
mixed,32,16,0.5,4.0,4096,0,4096,16384,10240,4127.565,4362.205,4142.176,0.0623
mixed,32,16,0.5,4.0,4096,0,8192,32768,20480,4515.628,4982.209,4558.64,0.0922
mixed,32,16,0.5,4.0,4096,512,128,512,320,4873.745,4869.901,4867.933,
mixed,32,16,0.5,4.0,4096,512,256,1024,640,4881.918,4897.41,4865.502,-1.0597
mixed,32,16,0.5,4.0,4096,512,512,2048,1280,4908.85,4934.865,4905.115,-0.1436
mixed,32,16,0.5,4.0,4096,512,1024,4096,2560,4956.671,5018.847,4948.61,-0.1296
mixed,32,16,0.5,4.0,4096,512,2048,8192,5120,5063.166,5175.581,5064.483,0.0117
mixed,32,16,0.5,4.0,4096,512,4096,16384,10240,5252.897,5480.335,5271.026,0.0797
mixed,32,16,0.5,4.0,4096,512,8192,32768,20480,5649.491,6111.44,5681.408,0.0691
mixed,32,16,0.5,4.0,4096,2048,128,512,320,6824.679,6831.541,6826.07,0.2026
mixed,32,16,0.5,4.0,4096,2048,256,1024,640,6833.394,6855.48,6822.93,-0.4738
mixed,32,16,0.5,4.0,4096,2048,512,2048,1280,6863.095,6888.182,6854.452,-0.3445
mixed,32,16,0.5,4.0,4096,2048,1024,4096,2560,6910.597,6961.38,6897.638,-0.2552
mixed,32,16,0.5,4.0,4096,2048,2048,8192,5120,7002.626,7126.355,7008.662,0.0488
mixed,32,16,0.5,4.0,4096,2048,4096,16384,10240,7226.389,7440.067,7239.751,0.0625
mixed,32,16,0.5,4.0,4096,2048,8192,32768,20480,7600.792,8055.925,7634.474,0.074
mixed,32,16,0.5,4.0,4096,8192,128,512,320,15017.166,14693.194,14735.706,
mixed,32,16,0.5,4.0,4096,8192,256,1024,640,14691.95,14916.127,14943.517,1.1222
mixed,32,16,0.5,4.0,4096,8192,512,2048,1280,14782.422,14764.941,14716.654,
mixed,32,16,0.5,4.0,4096,8192,1024,4096,2560,14777.892,14851.413,14866.795,1.2092
mixed,32,16,0.5,4.0,4096,8192,2048,8192,5120,14864.415,15411.406,15030.717,0.304
mixed,32,16,0.5,4.0,4096,8192,4096,16384,10240,15072.003,15309.487,15183.552,0.4697
mixed,32,16,0.5,4.0,4096,8192,8192,32768,20480,15440.161,15908.816,15531.485,0.1949
mixed,32,16,0.5,4.0,4096,16384,128,512,320,25845.809,26127.643,25345.814,-1.7741
mixed,32,16,0.5,4.0,4096,16384,256,1024,640,26633.319,26497.077,26344.146,
mixed,32,16,0.5,4.0,4096,16384,512,2048,1280,25906.993,25888.338,25626.465,
mixed,32,16,0.5,4.0,4096,16384,1024,4096,2560,26550.293,26047.793,25666.901,
mixed,32,16,0.5,4.0,4096,16384,2048,8192,5120,26485.253,26693.334,26288.569,-0.9452
mixed,32,16,0.5,4.0,4096,16384,4096,16384,10240,26560.243,26585.048,26492.194,-2.7434
mixed,32,16,0.5,4.0,4096,16384,8192,32768,20480,27297.835,26916.104,26085.058,
pure,32,24,0.75,4.0,0,0,128,512,416,158.752,162.322,185.152,7.395
pure,32,24,0.75,4.0,0,0,256,1024,832,181.311,180.321,208.098,
pure,32,24,0.75,4.0,0,0,512,2048,1664,204.401,219.841,265.696,3.97
pure,32,24,0.75,4.0,0,0,1024,4096,3328,269.745,301.793,371.186,3.1653
pure,32,24,0.75,4.0,0,0,2048,8192,6656,401.394,464.546,580.77,2.8404
pure,32,24,0.75,4.0,0,0,4096,16384,13312,662.353,777.362,994.308,2.8863
pure,32,24,0.75,4.0,0,0,8192,32768,26624,1166.339,1397.125,1819.541,2.8303
mixed,32,24,0.75,4.0,16,0,128,512,416,184.689,189.151,172.962,-2.6283
mixed,32,24,0.75,4.0,16,0,256,1024,832,207.585,211.906,232.034,5.6581
mixed,32,24,0.75,4.0,16,0,512,2048,1664,236.336,251.536,286.866,3.3242
mixed,32,24,0.75,4.0,16,0,1024,4096,3328,299.858,323.887,390.545,3.7741
mixed,32,24,0.75,4.0,16,0,2048,8192,6656,426.705,487.105,602.899,2.9171
mixed,32,24,0.75,4.0,16,0,4096,16384,13312,681.537,800.722,1019.205,2.8332
mixed,32,24,0.75,4.0,16,0,8192,32768,26624,1188.372,1424.085,1838.504,2.7581
mixed,32,24,0.75,4.0,16,512,128,512,416,171.553,237.393,232.32,0.9229
mixed,32,24,0.75,4.0,16,512,256,1024,832,247.999,261.376,220.466,-2.0582
mixed,32,24,0.75,4.0,16,512,512,2048,1664,285.154,301.153,241.648,-2.7193
mixed,32,24,0.75,4.0,16,512,1024,4096,3328,353.553,384.273,389.456,1.1687
mixed,32,24,0.75,4.0,16,512,2048,8192,6656,486.562,547.36,601.057,1.8832
mixed,32,24,0.75,4.0,16,512,4096,16384,13312,744.581,858.178,1013.14,2.3641
mixed,32,24,0.75,4.0,16,512,8192,32768,26624,1246.165,1479.779,1843.845,2.5584
mixed,32,24,0.75,4.0,16,2048,128,512,416,222.672,242.785,240.8,0.9013
mixed,32,24,0.75,4.0,16,2048,256,1024,832,229.456,229.36,229.584,
mixed,32,24,0.75,4.0,16,2048,512,2048,1664,327.697,361.856,351.648,0.7012
mixed,32,24,0.75,4.0,16,2048,1024,4096,3328,440.498,498.994,403.185,-0.6379
mixed,32,24,0.75,4.0,16,2048,2048,8192,6656,598.641,657.266,484.146,-1.953
mixed,32,24,0.75,4.0,16,2048,4096,16384,13312,854.337,971.538,1016.819,1.3863
mixed,32,24,0.75,4.0,16,2048,8192,32768,26624,1363.267,1597.908,1841.765,2.0393
mixed,32,24,0.75,4.0,16,8192,128,512,416,364.082,372.561,362.928,-0.136
mixed,32,24,0.75,4.0,16,8192,256,1024,832,399.825,369.555,411.65,
mixed,32,24,0.75,4.0,16,8192,512,2048,1664,424.833,483.826,481.247,0.9563
mixed,32,24,0.75,4.0,16,8192,1024,4096,3328,638.707,470.995,564.369,
mixed,32,24,0.75,4.0,16,8192,2048,8192,6656,710.945,829.476,819.506,0.9159
mixed,32,24,0.75,4.0,16,8192,4096,16384,13312,1195.875,1424.915,1099.445,-0.421
mixed,32,24,0.75,4.0,16,8192,8192,32768,26624,1822.854,2059.67,1422.229,-1.6917
mixed,32,24,0.75,4.0,16,16384,128,512,416,519.728,530.545,513.682,-0.5589
mixed,32,24,0.75,4.0,16,16384,256,1024,832,554.13,568.881,554.962,0.0564
mixed,32,24,0.75,4.0,16,16384,512,2048,1664,619.137,579.043,646.931,
mixed,32,24,0.75,4.0,16,16384,1024,4096,3328,679.312,794.562,790.595,0.9656
mixed,32,24,0.75,4.0,16,16384,2048,8192,6656,1090.37,784.946,922.688,
mixed,32,24,0.75,4.0,16,16384,4096,16384,13312,1213.653,1452.243,1440.324,0.95
mixed,32,24,0.75,4.0,16,16384,8192,32768,26624,2193.045,2655.801,2021.126,-0.3715
mixed,32,24,0.75,4.0,64,0,128,512,416,142.865,151.873,152.433,1.0621
mixed,32,24,0.75,4.0,64,0,256,1024,832,177.969,193.505,191.424,0.8661
mixed,32,24,0.75,4.0,64,0,512,2048,1664,240.979,270.048,270.032,0.9994
mixed,32,24,0.75,4.0,64,0,1024,4096,3328,366.097,424.466,422.962,0.9742
mixed,32,24,0.75,4.0,64,0,2048,8192,6656,614.4,728.451,728.913,1.0041
mixed,32,24,0.75,4.0,64,0,4096,16384,13312,1110.196,1339.907,1338.724,0.9948
mixed,32,24,0.75,4.0,64,0,8192,32768,26624,2104.341,2559.365,2565.526,1.0135
mixed,32,24,0.75,4.0,64,512,128,512,416,206.561,215.423,213.73,0.8089
mixed,32,24,0.75,4.0,64,512,256,1024,832,241.745,255.826,254.192,0.884
mixed,32,24,0.75,4.0,64,512,512,2048,1664,302.56,333.296,330.529,0.9099
mixed,32,24,0.75,4.0,64,512,1024,4096,3328,428.992,487.441,485.57,0.968
mixed,32,24,0.75,4.0,64,512,2048,8192,6656,678.673,793.363,791.073,0.98
mixed,32,24,0.75,4.0,64,512,4096,16384,13312,1173.379,1406.243,1400.709,0.9762
mixed,32,24,0.75,4.0,64,512,8192,32768,26624,2166.198,2624.517,2624.293,0.9995
mixed,32,24,0.75,4.0,64,2048,128,512,416,323.199,332.529,330.914,0.8269
mixed,32,24,0.75,4.0,64,2048,256,1024,832,358.32,375.535,373.488,0.881
mixed,32,24,0.75,4.0,64,2048,512,2048,1664,423.553,452.609,452.338,0.9907
mixed,32,24,0.75,4.0,64,2048,1024,4096,3328,550.657,605.907,605.024,0.984
mixed,32,24,0.75,4.0,64,2048,2048,8192,6656,796.723,914.514,912.098,0.9795
mixed,32,24,0.75,4.0,64,2048,4096,16384,13312,1303.605,1529.987,1520.82,0.9595
mixed,32,24,0.75,4.0,64,2048,8192,32768,26624,2292.374,2748.889,2746.84,0.9955
mixed,32,24,0.75,4.0,64,8192,128,512,416,785.314,794.929,793.906,0.8936
mixed,32,24,0.75,4.0,64,8192,256,1024,832,821.17,837.956,837.779,0.9895
mixed,32,24,0.75,4.0,64,8192,512,2048,1664,884.387,913.01,913.202,1.0067
mixed,32,24,0.75,4.0,64,8192,1024,4096,3328,1009.377,1066.402,1066.722,1.0056
mixed,32,24,0.75,4.0,64,8192,2048,8192,6656,1258.738,1379.35,1373.283,0.9497
mixed,32,24,0.75,4.0,64,8192,4096,16384,13312,1763.891,1991.878,1983.399,0.9628
mixed,32,24,0.75,4.0,64,8192,8192,32768,26624,2755.032,3213.065,3209.32,0.9918
mixed,32,24,0.75,4.0,64,16384,128,512,416,1335.956,1335.46,1335.22,
mixed,32,24,0.75,4.0,64,16384,256,1024,832,1418.984,1432.661,1373.764,-3.3061
mixed,32,24,0.75,4.0,64,16384,512,2048,1664,1484.595,1513.171,1512.036,0.9603
mixed,32,24,0.75,4.0,64,16384,1024,4096,3328,1609.157,1665.731,1665.796,1.0011
mixed,32,24,0.75,4.0,64,16384,2048,8192,6656,1858.628,1982.63,1971.748,0.9122
mixed,32,24,0.75,4.0,64,16384,4096,16384,13312,2353.783,2586.808,2585.414,0.994
mixed,32,24,0.75,4.0,64,16384,8192,32768,26624,3352.234,3808.218,3808.347,1.0003
mixed,32,24,0.75,4.0,256,0,128,512,416,310.26,308.719,304.53,
mixed,32,24,0.75,4.0,256,0,256,1024,832,316.784,341.409,331.473,0.5965
mixed,32,24,0.75,4.0,256,0,512,2048,1664,352.657,376.642,353.074,0.0174
mixed,32,24,0.75,4.0,256,0,1024,4096,3328,436.064,497.555,495.265,0.9628
mixed,32,24,0.75,4.0,256,0,2048,8192,6656,689.06,806.418,803.76,0.9774
mixed,32,24,0.75,4.0,256,0,4096,16384,13312,1184.803,1413.859,1414.018,1.0007
mixed,32,24,0.75,4.0,256,0,8192,32768,26624,2177.157,2633.543,2636.966,1.0075
mixed,32,24,0.75,4.0,256,512,128,512,416,493.905,506.995,505.058,0.8519
mixed,32,24,0.75,4.0,256,512,256,1024,832,528.097,545.617,543.97,0.906
mixed,32,24,0.75,4.0,256,512,512,2048,1664,591.891,620.673,621.955,1.0445
mixed,32,24,0.75,4.0,256,512,1024,4096,3328,717.457,773.283,776.065,1.0498
mixed,32,24,0.75,4.0,256,512,2048,8192,6656,969.828,1080.403,1079.524,0.9921
mixed,32,24,0.75,4.0,256,512,4096,16384,13312,1470.498,1691.013,1693.124,1.0096
mixed,32,24,0.75,4.0,256,512,8192,32768,26624,2461.446,2913.64,2921.866,1.0182
mixed,32,24,0.75,4.0,256,2048,128,512,416,934.947,956.288,928.499,-0.3021
mixed,32,24,0.75,4.0,256,2048,256,1024,832,984.275,1000.723,996.755,0.7588
mixed,32,24,0.75,4.0,256,2048,512,2048,1664,1049.14,1079.154,1078.13,0.9659
mixed,32,24,0.75,4.0,256,2048,1024,4096,3328,1175.077,1231.091,1230.885,0.9963
mixed,32,24,0.75,4.0,256,2048,2048,8192,6656,1422.581,1540.131,1541.699,1.0133
mixed,32,24,0.75,4.0,256,2048,4096,16384,13312,1919.907,2150.983,2148.521,0.9893
mixed,32,24,0.75,4.0,256,2048,8192,32768,26624,2913.637,3362.775,3359.814,0.9934
mixed,32,24,0.75,4.0,256,8192,128,512,416,2712.662,2712.488,2717.573,
mixed,32,24,0.75,4.0,256,8192,256,1024,832,2715.641,2710.968,2718.182,
mixed,32,24,0.75,4.0,256,8192,512,2048,1664,2709.893,2798.12,2727.657,0.2013
mixed,32,24,0.75,4.0,256,8192,1024,4096,3328,2974.411,3029.349,3039.782,1.1899
mixed,32,24,0.75,4.0,256,8192,2048,8192,6656,3218.62,3345.019,3341.114,0.9691
mixed,32,24,0.75,4.0,256,8192,4096,16384,13312,3721.08,3944.377,3943.229,0.9949
mixed,32,24,0.75,4.0,256,8192,8192,32768,26624,4710.284,5175.391,5166.64,0.9812
mixed,32,24,0.75,4.0,256,16384,128,512,416,5119.481,5121.754,5123.665,1.8407
mixed,32,24,0.75,4.0,256,16384,256,1024,832,5125.599,5122.397,5122.606,
mixed,32,24,0.75,4.0,256,16384,512,2048,1664,5121.902,5121.036,5120.913,
mixed,32,24,0.75,4.0,256,16384,1024,4096,3328,5123.708,5200.383,5122.173,-0.02
mixed,32,24,0.75,4.0,256,16384,2048,8192,6656,5636.044,5746.814,5753.586,1.0611
mixed,32,24,0.75,4.0,256,16384,4096,16384,13312,6131.681,6363.68,6362.293,0.994
mixed,32,24,0.75,4.0,256,16384,8192,32768,26624,7134.801,7581.476,7586.978,1.0123
mixed,32,24,0.75,4.0,1024,0,128,512,416,710.739,711.043,738.081,89.9408
mixed,32,24,0.75,4.0,1024,0,256,1024,832,734.675,736.462,759.461,13.8738
mixed,32,24,0.75,4.0,1024,0,512,2048,1664,760.768,777.331,818.034,3.4576
mixed,32,24,0.75,4.0,1024,0,1024,4096,3328,828.143,855.539,920.611,3.3752
mixed,32,24,0.75,4.0,1024,0,2048,8192,6656,960.115,1019.409,1136.049,2.9671
mixed,32,24,0.75,4.0,1024,0,4096,16384,13312,1214.868,1333.908,1544.74,2.7711
mixed,32,24,0.75,4.0,1024,0,8192,32768,26624,1721.652,1959.224,2364.789,2.7071
mixed,32,24,0.75,4.0,1024,512,128,512,416,1113.394,1120.163,1142.578,4.3117
mixed,32,24,0.75,4.0,1024,512,256,1024,832,1138.468,1140.932,1165.78,11.084
mixed,32,24,0.75,4.0,1024,512,512,2048,1664,1162.88,1179.428,1223.139,3.6414
mixed,32,24,0.75,4.0,1024,512,1024,4096,3328,1225.571,1259.088,1325.157,2.9712
mixed,32,24,0.75,4.0,1024,512,2048,8192,6656,1360.564,1422.307,1537.96,2.8731
mixed,32,24,0.75,4.0,1024,512,4096,16384,13312,1616.758,1738.416,1950.837,2.7461
mixed,32,24,0.75,4.0,1024,512,8192,32768,26624,2122.389,2357.126,2776.809,2.7879
mixed,32,24,0.75,4.0,1024,2048,128,512,416,1812.325,1814.323,1845.001,16.3462
mixed,32,24,0.75,4.0,1024,2048,256,1024,832,1834.887,1840.978,1863.879,4.76
mixed,32,24,0.75,4.0,1024,2048,512,2048,1664,1864.497,1882.708,1929.481,3.5683
mixed,32,24,0.75,4.0,1024,2048,1024,4096,3328,1924.017,1954.903,2023.833,3.2318
mixed,32,24,0.75,4.0,1024,2048,2048,8192,6656,2054.674,2117.778,2233.317,2.8309
mixed,32,24,0.75,4.0,1024,2048,4096,16384,13312,2309.508,2429.387,2640.948,2.7648
mixed,32,24,0.75,4.0,1024,2048,8192,32768,26624,2826.299,3059.319,3464.925,2.7406
mixed,32,24,0.75,4.0,1024,8192,128,512,416,4598.749,4606.809,4627.611,3.5805
mixed,32,24,0.75,4.0,1024,8192,256,1024,832,4618.588,4630.956,4651.632,2.6719
mixed,32,24,0.75,4.0,1024,8192,512,2048,1664,4639.306,4665.695,4697.981,2.2235
mixed,32,24,0.75,4.0,1024,8192,1024,4096,3328,4714.762,4762.315,4803.674,1.8697
mixed,32,24,0.75,4.0,1024,8192,2048,8192,6656,4848.653,4898.334,5021.309,3.4753
mixed,32,24,0.75,4.0,1024,8192,4096,16384,13312,5098.541,5215.341,5426.413,2.8071
mixed,32,24,0.75,4.0,1024,8192,8192,32768,26624,5604.511,5842.365,6261.521,2.7622
mixed,32,24,0.75,4.0,1024,16384,128,512,416,8285.514,8294.166,8323.987,4.447
mixed,32,24,0.75,4.0,1024,16384,256,1024,832,8332.485,8308.018,8333.127,
mixed,32,24,0.75,4.0,1024,16384,512,2048,1664,8326.754,8367.177,8399.686,1.8042
mixed,32,24,0.75,4.0,1024,16384,1024,4096,3328,8401.365,8467.737,8498.49,1.4633
mixed,32,24,0.75,4.0,1024,16384,2048,8192,6656,8514.71,8600.997,8697.677,2.1204
mixed,32,24,0.75,4.0,1024,16384,4096,16384,13312,8780.454,8899.818,9121.21,2.8548
mixed,32,24,0.75,4.0,1024,16384,8192,32768,26624,9284.04,9522.745,9958.552,2.8257
mixed,32,24,0.75,4.0,4096,0,128,512,416,3738.411,3752.97,3771.359,2.2631
mixed,32,24,0.75,4.0,4096,0,256,1024,832,3768.645,3772.426,3793.484,6.5688
mixed,32,24,0.75,4.0,4096,0,512,2048,1664,3794.441,3816.636,3851.706,2.5801
mixed,32,24,0.75,4.0,4096,0,1024,4096,3328,3863.978,3892.94,3952.301,3.0496
mixed,32,24,0.75,4.0,4096,0,2048,8192,6656,3989.324,4044.793,4168.108,3.2231
mixed,32,24,0.75,4.0,4096,0,4096,16384,13312,4241.422,4360.142,4569.63,2.7645
mixed,32,24,0.75,4.0,4096,0,8192,32768,26624,4748.811,4986.432,5403.231,2.7541
mixed,32,24,0.75,4.0,4096,512,128,512,416,4869.599,4875.699,4907.524,6.2174
mixed,32,24,0.75,4.0,4096,512,256,1024,832,4889.74,4910.832,4925.76,1.7078
mixed,32,24,0.75,4.0,4096,512,512,2048,1664,4924.527,4940.033,4977.34,3.406
mixed,32,24,0.75,4.0,4096,512,1024,4096,3328,4991.277,5018.335,5073.486,3.0382
mixed,32,24,0.75,4.0,4096,512,2048,8192,6656,5114.767,5174.449,5293.31,2.9916
mixed,32,24,0.75,4.0,4096,512,4096,16384,13312,5371.325,5485.086,5705.948,2.9415
mixed,32,24,0.75,4.0,4096,512,8192,32768,26624,5878.543,6115.891,6537.636,2.7769
mixed,32,24,0.75,4.0,4096,2048,128,512,416,6826.071,6839.778,6842.724,1.215
mixed,32,24,0.75,4.0,4096,2048,256,1024,832,6847.368,6844.339,6872.13,
mixed,32,24,0.75,4.0,4096,2048,512,2048,1664,6907.906,6890.406,6933.859,
mixed,32,24,0.75,4.0,4096,2048,1024,4096,3328,6935.559,6967.351,7030.865,2.9978
mixed,32,24,0.75,4.0,4096,2048,2048,8192,6656,7070.499,7128.488,7246.244,3.0307
mixed,32,24,0.75,4.0,4096,2048,4096,16384,13312,7325.857,7448.449,7661.528,2.7381
mixed,32,24,0.75,4.0,4096,2048,8192,32768,26624,7832.503,8065.717,8486.666,2.805
mixed,32,24,0.75,4.0,4096,8192,128,512,416,14696.33,14753.881,14992.093,5.1391
mixed,32,24,0.75,4.0,4096,8192,256,1024,832,14850.859,15056.765,14725.666,-0.608
mixed,32,24,0.75,4.0,4096,8192,512,2048,1664,14917.222,14801.917,14807.463,
mixed,32,24,0.75,4.0,4096,8192,1024,4096,3328,14836.957,15130.185,14898.536,0.21
mixed,32,24,0.75,4.0,4096,8192,2048,8192,6656,15073.515,15179.01,15281.822,1.9746
mixed,32,24,0.75,4.0,4096,8192,4096,16384,13312,15185.773,15311.852,15514.474,2.6071
mixed,32,24,0.75,4.0,4096,8192,8192,32768,26624,15838.386,15933.612,16350.27,5.3754
mixed,32,24,0.75,4.0,4096,16384,128,512,416,26308.042,25760.347,26755.777,
mixed,32,24,0.75,4.0,4096,16384,256,1024,832,26346.682,26200.179,25942.44,
mixed,32,24,0.75,4.0,4096,16384,512,2048,1664,26741.948,26563.478,26147.657,
mixed,32,24,0.75,4.0,4096,16384,1024,4096,3328,25886.857,25716.446,26069.695,
mixed,32,24,0.75,4.0,4096,16384,2048,8192,6656,25672.352,26272.802,26481.688,1.3479
mixed,32,24,0.75,4.0,4096,16384,4096,16384,13312,26472.033,25977.764,26355.135,
mixed,32,24,0.75,4.0,4096,16384,8192,32768,26624,26685.264,27116.612,27774.067,2.5242
pure,32,29,0.9062,4.0,0,0,128,512,476,168.192,161.889,156.977,
pure,32,29,0.9062,4.0,0,0,256,1024,952,178.351,181.168,176.257,-0.7437
pure,32,29,0.9062,4.0,0,0,512,2048,1904,220.514,220.433,214.864,
pure,32,29,0.9062,4.0,0,0,1024,4096,3808,295.009,301.267,296.45,0.2302
pure,32,29,0.9062,4.0,0,0,2048,8192,7616,445.953,463.681,588.324,8.0313
pure,32,29,0.9062,4.0,0,0,4096,16384,15232,733.459,778.819,1006.739,6.0246
pure,32,29,0.9062,4.0,0,0,8192,32768,30464,1313.284,1401.62,1836.98,5.9285
mixed,32,29,0.9062,4.0,16,0,128,512,476,192.641,191.311,187.522,
mixed,32,29,0.9062,4.0,16,0,256,1024,952,207.986,211.809,199.618,-2.1894
mixed,32,29,0.9062,4.0,16,0,512,2048,1904,247.841,252.034,240.848,-1.6675
mixed,32,29,0.9062,4.0,16,0,1024,4096,3808,315.392,323.808,320.496,0.6065
mixed,32,29,0.9062,4.0,16,0,2048,8192,7616,464.692,485.106,483.922,0.942
mixed,32,29,0.9062,4.0,16,0,4096,16384,15232,755.168,800.787,1025.139,5.9181
mixed,32,29,0.9062,4.0,16,0,8192,32768,30464,1333.75,1421.875,1854.995,5.9148
mixed,32,29,0.9062,4.0,16,512,128,512,476,233.248,237.264,235.776,0.6293
mixed,32,29,0.9062,4.0,16,512,256,1024,952,252.513,260.93,257.68,0.6139
mixed,32,29,0.9062,4.0,16,512,512,2048,1904,293.778,302.704,298.063,0.4801
mixed,32,29,0.9062,4.0,16,512,1024,4096,3808,369.695,385.601,381.121,0.7183
mixed,32,29,0.9062,4.0,16,512,2048,8192,7616,522.129,545.409,541.761,0.8433
mixed,32,29,0.9062,4.0,16,512,4096,16384,15232,816.532,857.921,852.228,0.8625
mixed,32,29,0.9062,4.0,16,512,8192,32768,30464,1394.787,1480.39,1473.556,0.9202
mixed,32,29,0.9062,4.0,16,2048,128,512,476,232.643,242.113,241.906,0.9781
mixed,32,29,0.9062,4.0,16,2048,256,1024,952,229.296,230.482,230.064,0.6477
mixed,32,29,0.9062,4.0,16,2048,512,2048,1904,346.992,361.377,357.808,0.7519
mixed,32,29,0.9062,4.0,16,2048,1024,4096,3808,475.264,498.993,496.161,0.8807
mixed,32,29,0.9062,4.0,16,2048,2048,8192,7616,632.706,657.076,656.162,0.9625
mixed,32,29,0.9062,4.0,16,2048,4096,16384,15232,930.787,975.553,974.596,0.9786
mixed,32,29,0.9062,4.0,16,2048,8192,32768,30464,1517.827,1607.844,1601.012,0.9241
mixed,32,29,0.9062,4.0,16,8192,128,512,476,369.777,373.793,372.931,0.7855
mixed,32,29,0.9062,4.0,16,8192,256,1024,952,371.443,370.272,370.545,
mixed,32,29,0.9062,4.0,16,8192,512,2048,1904,457.171,485.825,487.538,1.0598
mixed,32,29,0.9062,4.0,16,8192,1024,4096,3808,473.216,471.633,473.121,
mixed,32,29,0.9062,4.0,16,8192,2048,8192,7616,786.258,833.218,828.305,0.8954
mixed,32,29,0.9062,4.0,16,8192,4096,16384,15232,1345.908,1436.613,1432.74,0.9573
mixed,32,29,0.9062,4.0,16,8192,8192,32768,30464,1984.887,2067.845,2063.669,0.9497
mixed,32,29,0.9062,4.0,16,16384,128,512,476,527.73,532.275,531.203,0.7642
mixed,32,29,0.9062,4.0,16,16384,256,1024,952,561.313,571.763,569.986,0.8299
mixed,32,29,0.9062,4.0,16,16384,512,2048,1904,636.256,581.12,650.464,
mixed,32,29,0.9062,4.0,16,16384,1024,4096,3808,749.697,798.338,795.745,0.9467
mixed,32,29,0.9062,4.0,16,16384,2048,8192,7616,785.043,786.642,787.892,1.7812
mixed,32,29,0.9062,4.0,16,16384,4096,16384,15232,1373.092,1459.461,1453.684,0.9331
mixed,32,29,0.9062,4.0,16,16384,8192,32768,30464,2502.934,2676.583,2671.273,0.9694
mixed,32,29,0.9062,4.0,64,0,128,512,476,146.833,152.511,153.008,1.0875
mixed,32,29,0.9062,4.0,64,0,256,1024,952,183.137,194.851,193.249,0.8633
mixed,32,29,0.9062,4.0,64,0,512,2048,1904,259.009,271.378,270.496,0.9287
mixed,32,29,0.9062,4.0,64,0,1024,4096,3808,402.48,427.746,425.089,0.8948
mixed,32,29,0.9062,4.0,64,0,2048,8192,7616,688.929,736.77,735.731,0.9783
mixed,32,29,0.9062,4.0,64,0,4096,16384,15232,1267.012,1352.5,1350.516,0.9768
mixed,32,29,0.9062,4.0,64,0,8192,32768,30464,2406.726,2587.397,2574.326,0.9277
mixed,32,29,0.9062,4.0,64,512,128,512,476,211.393,215.233,215.281,1.0125
mixed,32,29,0.9062,4.0,64,512,256,1024,952,249.026,258.562,256.304,0.7632
mixed,32,29,0.9062,4.0,64,512,512,2048,1904,320.61,332.369,333.264,1.0762
mixed,32,29,0.9062,4.0,64,512,1024,4096,3808,467.682,488.881,489.234,1.0167
mixed,32,29,0.9062,4.0,64,512,2048,8192,7616,754.356,798.514,798.706,1.0043
mixed,32,29,0.9062,4.0,64,512,4096,16384,15232,1329.012,1414.161,1412.803,0.984
mixed,32,29,0.9062,4.0,64,512,8192,32768,30464,2476.279,2643.463,2644.885,1.0085
mixed,32,29,0.9062,4.0,64,2048,128,512,476,327.968,334.447,332.576,0.7112
mixed,32,29,0.9062,4.0,64,2048,256,1024,952,367.169,374.544,374.594,1.0067
mixed,32,29,0.9062,4.0,64,2048,512,2048,1904,440.928,454.002,452.351,0.8737
mixed,32,29,0.9062,4.0,64,2048,1024,4096,3808,585.17,608.691,608.275,0.9823
mixed,32,29,0.9062,4.0,64,2048,2048,8192,7616,874.387,922.322,918.435,0.9189
mixed,32,29,0.9062,4.0,64,2048,4096,16384,15232,1447.812,1536.196,1538.772,1.0291
mixed,32,29,0.9062,4.0,64,2048,8192,32768,30464,2604.776,2780.854,2774.71,0.9651
mixed,32,29,0.9062,4.0,64,8192,128,512,476,793.57,797.249,797.411,1.044
mixed,32,29,0.9062,4.0,64,8192,256,1024,952,831.313,840.547,838.226,0.7486
mixed,32,29,0.9062,4.0,64,8192,512,2048,1904,904.162,918.786,918.482,0.9792
mixed,32,29,0.9062,4.0,64,8192,1024,4096,3808,1049.492,1072.547,1076.418,1.1679
mixed,32,29,0.9062,4.0,64,8192,2048,8192,7616,1336.291,1380.148,1386.308,1.1405
mixed,32,29,0.9062,4.0,64,8192,4096,16384,15232,1914.165,1998.644,1995.029,0.9572
mixed,32,29,0.9062,4.0,64,8192,8192,32768,30464,3056.391,3233.48,3235.866,1.0135
mixed,32,29,0.9062,4.0,64,16384,128,512,476,1341.715,1348.197,1341.939,0.0346
mixed,32,29,0.9062,4.0,64,16384,256,1024,952,1433.315,1439.777,1440.258,1.0744
mixed,32,29,0.9062,4.0,64,16384,512,2048,1904,1508.901,1523.027,1521.155,0.8675
mixed,32,29,0.9062,4.0,64,16384,1024,4096,3808,1654.115,1676.386,1677.379,1.0446
mixed,32,29,0.9062,4.0,64,16384,2048,8192,7616,1943.19,1986.644,1987.925,1.0295
mixed,32,29,0.9062,4.0,64,16384,4096,16384,15232,2524.744,2611.51,2605.669,0.9327
mixed,32,29,0.9062,4.0,64,16384,8192,32768,30464,3662.264,3842.108,3841.37,0.9959
mixed,32,29,0.9062,4.0,256,0,128,512,476,311.202,307.81,306.495,
mixed,32,29,0.9062,4.0,256,0,256,1024,952,328.722,341.841,337.858,0.6964
mixed,32,29,0.9062,4.0,256,0,512,2048,1904,371.058,377.537,371.04,-0.0027
mixed,32,29,0.9062,4.0,256,0,1024,4096,3808,473.775,499.892,497.408,0.9049
mixed,32,29,0.9062,4.0,256,0,2048,8192,7616,763.219,806.818,804.178,0.9394
mixed,32,29,0.9062,4.0,256,0,4096,16384,15232,1337.413,1426.836,1422.101,0.947
mixed,32,29,0.9062,4.0,256,0,8192,32768,30464,2484.95,2661.015,2649.24,0.9331
mixed,32,29,0.9062,4.0,256,512,128,512,476,501.794,505.873,508.338,1.6043
mixed,32,29,0.9062,4.0,256,512,256,1024,952,539.653,545.362,544.224,0.8006
mixed,32,29,0.9062,4.0,256,512,512,2048,1904,609.922,624.802,625.633,1.0559
mixed,32,29,0.9062,4.0,256,512,1024,4096,3808,755.346,781.247,782.386,1.0439
mixed,32,29,0.9062,4.0,256,512,2048,8192,7616,1044.723,1087.762,1086.082,0.961
mixed,32,29,0.9062,4.0,256,512,4096,16384,15232,1618.34,1704.916,1709.638,1.0545
mixed,32,29,0.9062,4.0,256,512,8192,32768,30464,2765.322,2935.655,2933.337,0.9864
mixed,32,29,0.9062,4.0,256,2048,128,512,476,956.913,961.696,959.059,0.4486
mixed,32,29,0.9062,4.0,256,2048,256,1024,952,998.033,1006.962,1003.875,0.6542
mixed,32,29,0.9062,4.0,256,2048,512,2048,1904,1069.395,1083.139,1081.586,0.887
mixed,32,29,0.9062,4.0,256,2048,1024,4096,3808,1215.473,1236.228,1236.963,1.0354
mixed,32,29,0.9062,4.0,256,2048,2048,8192,7616,1501.345,1549.603,1545.204,0.9088
mixed,32,29,0.9062,4.0,256,2048,4096,16384,15232,2077.126,2162.708,2164.823,1.0247
mixed,32,29,0.9062,4.0,256,2048,8192,32768,30464,3220.649,3396.939,3397.081,1.0008
mixed,32,29,0.9062,4.0,256,8192,128,512,476,2743.032,2735.318,2736.022,
mixed,32,29,0.9062,4.0,256,8192,256,1024,952,2728.599,2731.043,2732.55,1.6165
mixed,32,29,0.9062,4.0,256,8192,512,2048,1904,2748.934,2800.073,2797.976,0.959
mixed,32,29,0.9062,4.0,256,8192,1024,4096,3808,3027.704,3055.224,3053.751,0.9465
mixed,32,29,0.9062,4.0,256,8192,2048,8192,7616,3310.487,3362.57,3370.202,1.1465
mixed,32,29,0.9062,4.0,256,8192,4096,16384,15232,3885.946,3974.314,3974.539,1.0025
mixed,32,29,0.9062,4.0,256,8192,8192,32768,30464,5041.359,5219.195,5211.93,0.9591
mixed,32,29,0.9062,4.0,256,16384,128,512,476,5165.151,5172.458,5159.567,-0.7642
mixed,32,29,0.9062,4.0,256,16384,256,1024,952,5162.028,5162.846,5161.035,-1.2132
mixed,32,29,0.9062,4.0,256,16384,512,2048,1904,5156.286,5162.124,5156.733,0.0765
mixed,32,29,0.9062,4.0,256,16384,1024,4096,3808,5160.189,5242.11,5232.703,0.8852
mixed,32,29,0.9062,4.0,256,16384,2048,8192,7616,5747.456,5807.186,5798.416,0.8532
mixed,32,29,0.9062,4.0,256,16384,4096,16384,15232,6322.096,6409.889,6411.231,1.0153
mixed,32,29,0.9062,4.0,256,16384,8192,32768,30464,7486.789,7652.854,7635.765,0.8971
mixed,32,29,0.9062,4.0,1024,0,128,512,476,725.893,716.435,711.12,
mixed,32,29,0.9062,4.0,1024,0,256,1024,952,735.17,737.09,732.082,-1.6081
mixed,32,29,0.9062,4.0,1024,0,512,2048,1904,774.259,777.84,773.152,-0.3093
mixed,32,29,0.9062,4.0,1024,0,1024,4096,3808,853.523,860.674,854.245,0.101
mixed,32,29,0.9062,4.0,1024,0,2048,8192,7616,1003.173,1021.201,1142.735,7.7414
mixed,32,29,0.9062,4.0,1024,0,4096,16384,15232,1292.243,1338.274,1564.214,5.9084
mixed,32,29,0.9062,4.0,1024,0,8192,32768,30464,1877.939,1968.756,2389.736,5.6355
mixed,32,29,0.9062,4.0,1024,512,128,512,476,1127.494,1124.819,1113.171,
mixed,32,29,0.9062,4.0,1024,512,256,1024,952,1138.051,1143.779,1135.143,-0.5075
mixed,32,29,0.9062,4.0,1024,512,512,2048,1904,1182.099,1182.917,1181.639,-0.5617
mixed,32,29,0.9062,4.0,1024,512,1024,4096,3808,1257.282,1264.584,1262.21,0.6749
mixed,32,29,0.9062,4.0,1024,512,2048,8192,7616,1409.844,1430.34,1547.428,6.7127
mixed,32,29,0.9062,4.0,1024,512,4096,16384,15232,1696.322,1742.085,1963.908,5.8473
mixed,32,29,0.9062,4.0,1024,512,8192,32768,30464,2278.647,2370.282,2797.256,5.6595
mixed,32,29,0.9062,4.0,1024,2048,128,512,476,1829.016,1826.133,1816.454,
mixed,32,29,0.9062,4.0,1024,2048,256,1024,952,1838.055,1838.437,1839.619,4.105
mixed,32,29,0.9062,4.0,1024,2048,512,2048,1904,1884.362,1881.126,1880.499,
mixed,32,29,0.9062,4.0,1024,2048,1024,4096,3808,1960.039,1961.86,1954.839,-2.8542
mixed,32,29,0.9062,4.0,1024,2048,2048,8192,7616,2107.444,2129.669,2243.124,6.1046
mixed,32,29,0.9062,4.0,1024,2048,4096,16384,15232,2389.937,2434.582,2662.949,6.1151
mixed,32,29,0.9062,4.0,1024,2048,8192,32768,30464,2982.631,3062.2,3499.91,6.501
mixed,32,29,0.9062,4.0,1024,8192,128,512,476,4621.55,4610.493,4604.31,
mixed,32,29,0.9062,4.0,1024,8192,256,1024,952,4632.572,4637.528,4634.089,0.3061
mixed,32,29,0.9062,4.0,1024,8192,512,2048,1904,4677.325,4673.642,4675.497,
mixed,32,29,0.9062,4.0,1024,8192,1024,4096,3808,4744.173,4769.532,4753.096,0.3519
mixed,32,29,0.9062,4.0,1024,8192,2048,8192,7616,4896.367,4913.977,5026.669,7.3991
mixed,32,29,0.9062,4.0,1024,8192,4096,16384,15232,5184.38,5233.9,5452.32,5.4106
mixed,32,29,0.9062,4.0,1024,8192,8192,32768,30464,5773.423,5855.006,6284.561,6.2653
mixed,32,29,0.9062,4.0,1024,16384,128,512,476,8344.119,8323.139,8326.159,
mixed,32,29,0.9062,4.0,1024,16384,256,1024,952,8340.326,8353.918,8327.782,-0.9229
mixed,32,29,0.9062,4.0,1024,16384,512,2048,1904,8383.877,8410.917,8370.852,-0.4817
mixed,32,29,0.9062,4.0,1024,16384,1024,4096,3808,8453.456,8461.717,8450.722,-0.3309
mixed,32,29,0.9062,4.0,1024,16384,2048,8192,7616,8609.522,8619.682,8751.253,13.9505
mixed,32,29,0.9062,4.0,1024,16384,4096,16384,15232,8875.88,8938.986,9191.736,5.0052
mixed,32,29,0.9062,4.0,1024,16384,8192,32768,30464,9482.747,9578.488,10016.445,5.5744
mixed,32,29,0.9062,4.0,4096,0,128,512,476,3767.195,3766.377,3756.682,
mixed,32,29,0.9062,4.0,4096,0,256,1024,952,3763.581,3773.354,3765.321,0.1781
mixed,32,29,0.9062,4.0,4096,0,512,2048,1904,3813.355,3817.941,3808.586,-1.0398
mixed,32,29,0.9062,4.0,4096,0,1024,4096,3808,3884.154,3896.459,3885.32,0.0948
mixed,32,29,0.9062,4.0,4096,0,2048,8192,7616,4035.116,4060.299,4172.876,5.4703
mixed,32,29,0.9062,4.0,4096,0,4096,16384,15232,4319.878,4360.824,4595.114,6.7221
mixed,32,29,0.9062,4.0,4096,0,8192,32768,30464,4898.987,4979.658,5423.486,6.5017
mixed,32,29,0.9062,4.0,4096,512,128,512,476,4875.755,4867.18,4860.603,
mixed,32,29,0.9062,4.0,4096,512,256,1024,952,4900.081,4897.34,4890.735,
mixed,32,29,0.9062,4.0,4096,512,512,2048,1904,4948.827,4938.523,4924.432,
mixed,32,29,0.9062,4.0,4096,512,1024,4096,3808,5008.541,5015.9,5011.95,0.4632
mixed,32,29,0.9062,4.0,4096,512,2048,8192,7616,5158.06,5170.138,5296.641,11.4734
mixed,32,29,0.9062,4.0,4096,512,4096,16384,15232,5440.368,5494.495,5710.877,4.9977
mixed,32,29,0.9062,4.0,4096,512,8192,32768,30464,6020.714,6110.399,6536.242,5.7482
mixed,32,29,0.9062,4.0,4096,2048,128,512,476,6833.473,6822.575,6827.173,
mixed,32,29,0.9062,4.0,4096,2048,256,1024,952,6847.392,6850.048,6854.754,2.7725
mixed,32,29,0.9062,4.0,4096,2048,512,2048,1904,6887.891,6907.315,6881.538,-0.3271
mixed,32,29,0.9062,4.0,4096,2048,1024,4096,3808,6959.62,6965.999,6964.405,0.7503
mixed,32,29,0.9062,4.0,4096,2048,2048,8192,7616,7112.24,7129.293,7253.268,8.27
mixed,32,29,0.9062,4.0,4096,2048,4096,16384,15232,7396.979,7445.972,7655.23,5.2712
mixed,32,29,0.9062,4.0,4096,2048,8192,32768,30464,7966.678,8069.941,8491.412,5.0815
mixed,32,29,0.9062,4.0,4096,8192,128,512,476,14729.703,14995.496,14895.845,0.6251
mixed,32,29,0.9062,4.0,4096,8192,256,1024,952,14728.427,15165.947,14723.046,-0.0123
mixed,32,29,0.9062,4.0,4096,8192,512,2048,1904,14743.319,14977.613,14913.291,0.7255
mixed,32,29,0.9062,4.0,4096,8192,1024,4096,3808,15073.416,14967.735,14821.867,
mixed,32,29,0.9062,4.0,4096,8192,2048,8192,7616,14980.01,15153.995,15344.684,2.096
mixed,32,29,0.9062,4.0,4096,8192,4096,16384,15232,15256.488,15298.268,15524.228,6.4083
mixed,32,29,0.9062,4.0,4096,8192,8192,32768,30464,15846.077,16028.377,16360.766,2.8233
mixed,32,29,0.9062,4.0,4096,16384,128,512,476,25566.872,25777.846,25949.13,1.8119
mixed,32,29,0.9062,4.0,4096,16384,256,1024,952,25685.306,25904.472,26766.961,4.9353
mixed,32,29,0.9062,4.0,4096,16384,512,2048,1904,25921.022,25973.031,26363.371,8.5052
mixed,32,29,0.9062,4.0,4096,16384,1024,4096,3808,25836.199,26122.33,25885.054,0.1707
mixed,32,29,0.9062,4.0,4096,16384,2048,8192,7616,25960.926,26448.558,26807.737,1.7366
mixed,32,29,0.9062,4.0,4096,16384,4096,16384,15232,25777.431,26604.356,26111.339,0.4038
mixed,32,29,0.9062,4.0,4096,16384,8192,32768,30464,27535.822,27037.996,27767.858,
pure,64,1,0.0156,4.0,0,0,128,512,134,103.713,172.704,144.193,0.5868
pure,64,1,0.0156,4.0,0,0,256,1024,268,154.175,209.329,157.983,0.0691
pure,64,1,0.0156,4.0,0,0,512,2048,536,172.16,291.104,217.618,0.3822
pure,64,1,0.0156,4.0,0,0,1024,4096,1072,211.584,454.609,300.0,0.3638
pure,64,1,0.0156,4.0,0,0,2048,8192,2144,294.881,768.194,457.585,0.3438
pure,64,1,0.0156,4.0,0,0,4096,16384,4288,469.362,1392.625,777.585,0.3338
pure,64,1,0.0156,4.0,0,0,8192,32768,8576,800.498,2647.351,1395.99,0.3224
mixed,64,1,0.0156,4.0,16,0,128,512,134,140.385,208.144,180.382,0.5903
mixed,64,1,0.0156,4.0,16,0,256,1024,268,187.729,248.625,187.889,0.0026
mixed,64,1,0.0156,4.0,16,0,512,2048,536,208.08,311.489,209.297,0.0118
mixed,64,1,0.0156,4.0,16,0,1024,4096,1072,247.282,473.937,323.983,0.3384
mixed,64,1,0.0156,4.0,16,0,2048,8192,2144,316.112,787.217,486.114,0.3609
mixed,64,1,0.0156,4.0,16,0,4096,16384,4288,489.25,1411.763,796.658,0.3332
mixed,64,1,0.0156,4.0,16,0,8192,32768,8576,818.577,2661.749,1415.381,0.3238
mixed,64,1,0.0156,4.0,16,512,128,512,134,200.544,246.146,201.666,0.0246
mixed,64,1,0.0156,4.0,16,512,256,1024,268,222.928,289.104,225.809,0.0435
mixed,64,1,0.0156,4.0,16,512,512,2048,536,246.815,372.69,245.759,-0.0084
mixed,64,1,0.0156,4.0,16,512,1024,4096,1072,291.712,534.272,292.752,0.0043
mixed,64,1,0.0156,4.0,16,512,2048,8192,2144,377.472,845.01,484.306,0.2285
mixed,64,1,0.0156,4.0,16,512,4096,16384,4288,550.783,1472.994,799.729,0.2699
mixed,64,1,0.0156,4.0,16,512,8192,32768,8576,878.639,2721.349,1416.691,0.292
mixed,64,1,0.0156,4.0,16,2048,128,512,134,249.377,262.353,249.059,-0.0245
mixed,64,1,0.0156,4.0,16,2048,256,1024,268,261.471,347.136,262.512,0.0122
mixed,64,1,0.0156,4.0,16,2048,512,2048,536,264.034,488.192,262.96,-0.0048
mixed,64,1,0.0156,4.0,16,2048,1024,4096,1072,349.168,652.129,349.072,-0.0003
mixed,64,1,0.0156,4.0,16,2048,2048,8192,2144,494.37,962.387,487.651,-0.0144
mixed,64,1,0.0156,4.0,16,2048,4096,16384,4288,665.426,1586.289,799.713,0.1458
mixed,64,1,0.0156,4.0,16,2048,8192,32768,8576,990.226,2851.269,1419.891,0.2309
mixed,64,1,0.0156,4.0,16,8192,128,512,134,366.353,383.905,366.48,0.0072
mixed,64,1,0.0156,4.0,16,8192,256,1024,268,377.474,479.92,376.786,-0.0067
mixed,64,1,0.0156,4.0,16,8192,512,2048,536,384.656,503.423,383.634,-0.0086
mixed,64,1,0.0156,4.0,16,8192,1024,4096,1072,482.063,818.335,480.274,-0.0053
mixed,64,1,0.0156,4.0,16,8192,2048,8192,2144,515.394,1415.091,505.344,-0.0112
mixed,64,1,0.0156,4.0,16,8192,4096,16384,4288,835.428,2041.378,822.001,-0.0111
mixed,64,1,0.0156,4.0,16,8192,8192,32768,8576,1455.269,3296.215,1414.322,-0.0222
mixed,64,1,0.0156,4.0,16,16384,128,512,134,524.385,556.961,523.538,-0.026
mixed,64,1,0.0156,4.0,16,16384,256,1024,268,537.473,601.811,533.602,-0.0602
mixed,64,1,0.0156,4.0,16,16384,512,2048,536,557.424,760.463,558.833,0.0069
mixed,64,1,0.0156,4.0,16,16384,1024,4096,1072,602.498,813.184,599.889,-0.0124
mixed,64,1,0.0156,4.0,16,16384,2048,8192,2144,767.473,1436.724,763.49,-0.006
mixed,64,1,0.0156,4.0,16,16384,4096,16384,4288,841.3,2643.719,814.644,-0.0148
mixed,64,1,0.0156,4.0,16,16384,8192,32768,8576,1471.555,3897.084,1436.837,-0.0143
mixed,64,1,0.0156,4.0,64,0,128,512,134,155.122,190.081,156.897,0.0508
mixed,64,1,0.0156,4.0,64,0,256,1024,268,167.952,230.817,197.936,0.477
mixed,64,1,0.0156,4.0,64,0,512,2048,536,190.833,309.056,276.75,0.7267
mixed,64,1,0.0156,4.0,64,0,1024,4096,1072,231.696,470.833,434.305,0.8472
mixed,64,1,0.0156,4.0,64,0,2048,8192,2144,314.369,776.612,744.385,0.9303
mixed,64,1,0.0156,4.0,64,0,4096,16384,4288,484.111,1390.723,1361.716,0.968
mixed,64,1,0.0156,4.0,64,0,8192,32768,8576,805.444,2636.488,2601.768,0.981
mixed,64,1,0.0156,4.0,64,512,128,512,134,195.488,229.472,196.192,0.0207
mixed,64,1,0.0156,4.0,64,512,256,1024,268,209.76,271.49,208.351,-0.0228
mixed,64,1,0.0156,4.0,64,512,512,2048,536,232.689,353.537,279.745,0.3894
mixed,64,1,0.0156,4.0,64,512,1024,4096,1072,273.984,516.514,438.45,0.6781
mixed,64,1,0.0156,4.0,64,512,2048,8192,2144,359.778,833.858,745.314,0.8132
mixed,64,1,0.0156,4.0,64,512,4096,16384,4288,530.495,1462.709,1365.524,0.8957
mixed,64,1,0.0156,4.0,64,512,8192,32768,8576,866.547,2724.905,2603.946,0.9349
mixed,64,1,0.0156,4.0,64,2048,128,512,134,311.296,348.0,311.524,0.0062
mixed,64,1,0.0156,4.0,64,2048,256,1024,268,324.513,389.983,323.919,-0.0091
mixed,64,1,0.0156,4.0,64,2048,512,2048,536,348.321,471.395,347.683,-0.0052
mixed,64,1,0.0156,4.0,64,2048,1024,4096,1072,390.273,630.802,438.688,0.2013
mixed,64,1,0.0156,4.0,64,2048,2048,8192,2144,477.169,946.995,748.131,0.5767
mixed,64,1,0.0156,4.0,64,2048,4096,16384,4288,645.33,1575.509,1365.042,0.7737
mixed,64,1,0.0156,4.0,64,2048,8192,32768,8576,975.938,2840.407,2592.422,0.867
mixed,64,1,0.0156,4.0,64,8192,128,512,134,776.26,810.562,775.747,-0.0149
mixed,64,1,0.0156,4.0,64,8192,256,1024,268,789.715,851.186,788.161,-0.0253
mixed,64,1,0.0156,4.0,64,8192,512,2048,536,811.396,929.09,810.337,-0.009
mixed,64,1,0.0156,4.0,64,8192,1024,4096,1072,852.788,1086.771,850.289,-0.0107
mixed,64,1,0.0156,4.0,64,8192,2048,8192,2144,936.723,1399.777,929.41,-0.0158
mixed,64,1,0.0156,4.0,64,8192,4096,16384,4288,1101.954,2032.245,1363.012,0.2806
mixed,64,1,0.0156,4.0,64,8192,8192,32768,8576,1428.307,3285.816,2609.558,0.6359
mixed,64,1,0.0156,4.0,64,16384,128,512,134,1344.867,1407.06,1346.756,0.0304
mixed,64,1,0.0156,4.0,64,16384,256,1024,268,1382.085,1452.035,1383.634,0.0221
mixed,64,1,0.0156,4.0,64,16384,512,2048,536,1408.757,1528.116,1412.1,0.028
mixed,64,1,0.0156,4.0,64,16384,1024,4096,1072,1449.428,1685.282,1449.956,0.0022
mixed,64,1,0.0156,4.0,64,16384,2048,8192,2144,1533.492,2000.42,1530.133,-0.0072
mixed,64,1,0.0156,4.0,64,16384,4096,16384,4288,1694.806,2626.582,1686.438,-0.009
mixed,64,1,0.0156,4.0,64,16384,8192,32768,8576,2024.437,3889.898,2588.873,0.3026
mixed,64,1,0.0156,4.0,256,0,128,512,134,327.873,355.137,326.994,-0.0323
mixed,64,1,0.0156,4.0,256,0,256,1024,268,335.683,396.033,337.168,0.0246
mixed,64,1,0.0156,4.0,256,0,512,2048,536,356.864,478.945,355.505,-0.0111
mixed,64,1,0.0156,4.0,256,0,1024,4096,1072,398.497,637.186,502.721,0.4366
mixed,64,1,0.0156,4.0,256,0,2048,8192,2144,482.816,934.706,812.531,0.7296
mixed,64,1,0.0156,4.0,256,0,4096,16384,4288,647.475,1527.364,1433.814,0.8937
mixed,64,1,0.0156,4.0,256,0,8192,32768,8576,965.268,2733.622,2659.209,0.9579
mixed,64,1,0.0156,4.0,256,512,128,512,134,485.776,520.099,488.401,0.0765
mixed,64,1,0.0156,4.0,256,512,256,1024,268,498.8,561.137,499.569,0.0123
mixed,64,1,0.0156,4.0,256,512,512,2048,536,521.956,641.009,569.937,0.403
mixed,64,1,0.0156,4.0,256,512,1024,4096,1072,562.847,797.332,728.114,0.7048
mixed,64,1,0.0156,4.0,256,512,2048,8192,2144,648.161,1113.618,1033.81,0.8285
mixed,64,1,0.0156,4.0,256,512,4096,16384,4288,812.642,1746.438,1647.749,0.8943
mixed,64,1,0.0156,4.0,256,512,8192,32768,8576,1139.633,3000.409,2876.807,0.9336
mixed,64,1,0.0156,4.0,256,2048,128,512,134,944.322,976.386,941.637,-0.0838
mixed,64,1,0.0156,4.0,256,2048,256,1024,268,952.705,1015.344,954.018,0.021
mixed,64,1,0.0156,4.0,256,2048,512,2048,536,978.354,1091.46,975.746,-0.0231
mixed,64,1,0.0156,4.0,256,2048,1024,4096,1072,1016.738,1250.099,1066.722,0.2142
mixed,64,1,0.0156,4.0,256,2048,2048,8192,2144,1100.707,1563.86,1376.036,0.5945
mixed,64,1,0.0156,4.0,256,2048,4096,16384,4288,1265.301,2196.614,1984.806,0.7726
mixed,64,1,0.0156,4.0,256,2048,8192,32768,8576,1593.667,3461.802,3217.912,0.8694
mixed,64,1,0.0156,4.0,256,8192,128,512,134,2718.55,2721.319,2725.207,2.4039
mixed,64,1,0.0156,4.0,256,8192,256,1024,268,2722.614,2808.44,2728.376,0.0671
mixed,64,1,0.0156,4.0,256,8192,512,2048,536,2727.112,2896.393,2723.943,-0.0187
mixed,64,1,0.0156,4.0,256,8192,1024,4096,1072,2805.976,3044.213,2810.952,0.0209
mixed,64,1,0.0156,4.0,256,8192,2048,8192,2144,2899.864,3358.967,2901.562,0.0037
mixed,64,1,0.0156,4.0,256,8192,4096,16384,4288,3073.608,4007.627,3352.169,0.2982
mixed,64,1,0.0156,4.0,256,8192,8192,32768,8576,3395.655,5256.879,4560.126,0.6256
mixed,64,1,0.0156,4.0,256,16384,128,512,134,5128.718,5144.985,5127.374,-0.0826
mixed,64,1,0.0156,4.0,256,16384,256,1024,268,5129.233,5137.423,5163.439,4.1764
mixed,64,1,0.0156,4.0,256,16384,512,2048,536,5151.966,5290.159,5130.667,-0.1541
mixed,64,1,0.0156,4.0,256,16384,1024,4096,1072,5140.54,5473.761,5129.63,-0.0327
mixed,64,1,0.0156,4.0,256,16384,2048,8192,2144,5307.582,5764.432,5303.68,-0.0085
mixed,64,1,0.0156,4.0,256,16384,4096,16384,4288,5480.287,6410.785,5460.511,-0.0213
mixed,64,1,0.0156,4.0,256,16384,8192,32768,8576,5820.351,7665.6,6365.538,0.2955
mixed,64,1,0.0156,4.0,1024,0,128,512,134,694.656,723.712,698.371,0.1279
mixed,64,1,0.0156,4.0,1024,0,256,1024,268,705.089,762.047,708.181,0.0543
mixed,64,1,0.0156,4.0,1024,0,512,2048,536,725.632,842.481,768.434,0.3663
mixed,64,1,0.0156,4.0,1024,0,1024,4096,1072,760.836,1009.044,854.212,0.3762
mixed,64,1,0.0156,4.0,1024,0,2048,8192,2144,849.633,1323.923,1014.885,0.3484
mixed,64,1,0.0156,4.0,1024,0,4096,16384,4288,1023.907,1948.755,1327.394,0.3281
mixed,64,1,0.0156,4.0,1024,0,8192,32768,8576,1351.475,3187.657,1953.831,0.328
mixed,64,1,0.0156,4.0,1024,512,128,512,134,1097.539,1129.665,1103.458,0.1842
mixed,64,1,0.0156,4.0,1024,512,256,1024,268,1109.121,1168.468,1115.958,0.1152
mixed,64,1,0.0156,4.0,1024,512,512,2048,536,1129.345,1246.307,1174.947,0.3899
mixed,64,1,0.0156,4.0,1024,512,1024,4096,1072,1168.291,1411.478,1256.005,0.3607
mixed,64,1,0.0156,4.0,1024,512,2048,8192,2144,1253.045,1721.815,1413.736,0.3428
mixed,64,1,0.0156,4.0,1024,512,4096,16384,4288,1426.389,2348.441,1729.491,0.3287
mixed,64,1,0.0156,4.0,1024,512,8192,32768,8576,1750.633,3602.377,2362.467,0.3304
mixed,64,1,0.0156,4.0,1024,2048,128,512,134,1792.566,1826.244,1795.493,0.0869
mixed,64,1,0.0156,4.0,1024,2048,256,1024,268,1805.907,1860.292,1806.739,0.0153
mixed,64,1,0.0156,4.0,1024,2048,512,2048,536,1823.653,1945.38,1868.114,0.3653
mixed,64,1,0.0156,4.0,1024,2048,1024,4096,1072,1866.676,2103.412,1954.391,0.3705
mixed,64,1,0.0156,4.0,1024,2048,2048,8192,2144,1949.428,2416.694,2113.511,0.3512
mixed,64,1,0.0156,4.0,1024,2048,4096,16384,4288,2118.041,3034.773,2410.807,0.3194
mixed,64,1,0.0156,4.0,1024,2048,8192,32768,8576,2443.155,4289.676,3035.066,0.3206
mixed,64,1,0.0156,4.0,1024,8192,128,512,134,4602.313,4616.782,4586.345,-1.1036
mixed,64,1,0.0156,4.0,1024,8192,256,1024,268,4601.099,4646.958,4598.25,-0.0621
mixed,64,1,0.0156,4.0,1024,8192,512,2048,536,4611.594,4743.196,4660.653,0.3728
mixed,64,1,0.0156,4.0,1024,8192,1024,4096,1072,4659.819,4881.775,4740.733,0.3645
mixed,64,1,0.0156,4.0,1024,8192,2048,8192,2144,4745.454,5210.326,4902.492,0.3378
mixed,64,1,0.0156,4.0,1024,8192,4096,16384,4288,4909.084,5842.771,5206.671,0.3187
mixed,64,1,0.0156,4.0,1024,8192,8192,32768,8576,5228.413,7076.116,5846.514,0.3345
mixed,64,1,0.0156,4.0,1024,16384,128,512,134,8310.147,8315.863,8297.092,-2.2844
mixed,64,1,0.0156,4.0,1024,16384,256,1024,268,8316.473,8375.736,8314.568,-0.0322
mixed,64,1,0.0156,4.0,1024,16384,512,2048,536,8320.725,8449.181,8373.481,0.4107
mixed,64,1,0.0156,4.0,1024,16384,1024,4096,1072,8367.192,8608.951,8444.308,0.319
mixed,64,1,0.0156,4.0,1024,16384,2048,8192,2144,8456.916,8899.478,8609.684,0.3452
mixed,64,1,0.0156,4.0,1024,16384,4096,16384,4288,8618.421,9547.092,8918.773,0.3234
mixed,64,1,0.0156,4.0,1024,16384,8192,32768,8576,8951.942,10791.898,9543.83,0.3217
mixed,64,1,0.0156,4.0,4096,0,128,512,134,3732.155,3767.813,3731.211,-0.0265
mixed,64,1,0.0156,4.0,4096,0,256,1024,268,3741.961,3797.802,3748.348,0.1144
mixed,64,1,0.0156,4.0,4096,0,512,2048,536,3769.561,3881.113,3808.364,0.3478
mixed,64,1,0.0156,4.0,4096,0,1024,4096,1072,3802.008,4037.066,3886.248,0.3584
mixed,64,1,0.0156,4.0,4096,0,2048,8192,2144,3886.57,4348.059,4055.93,0.367
mixed,64,1,0.0156,4.0,4096,0,4096,16384,4288,4052.552,4970.49,4358.059,0.3328
mixed,64,1,0.0156,4.0,4096,0,8192,32768,8576,4395.709,6227.518,4973.404,0.3154
mixed,64,1,0.0156,4.0,4096,512,128,512,134,4853.61,4885.488,4851.208,-0.0753
mixed,64,1,0.0156,4.0,4096,512,256,1024,268,4862.121,4921.165,4865.915,0.0643
mixed,64,1,0.0156,4.0,4096,512,512,2048,536,4882.119,5006.667,4930.409,0.3877
mixed,64,1,0.0156,4.0,4096,512,1024,4096,1072,4928.84,5168.556,5010.971,0.3426
mixed,64,1,0.0156,4.0,4096,512,2048,8192,2144,5008.189,5472.657,5168.815,0.3458
mixed,64,1,0.0156,4.0,4096,512,4096,16384,4288,5173.135,6095.166,5480.779,0.3337
mixed,64,1,0.0156,4.0,4096,512,8192,32768,8576,5500.697,7356.998,6104.927,0.3255
mixed,64,1,0.0156,4.0,4096,2048,128,512,134,6800.065,6822.801,6806.161,0.2681
mixed,64,1,0.0156,4.0,4096,2048,256,1024,268,6812.927,6872.189,6812.467,-0.0078
mixed,64,1,0.0156,4.0,4096,2048,512,2048,536,6859.153,6952.141,6872.672,0.1454
mixed,64,1,0.0156,4.0,4096,2048,1024,4096,1072,6865.376,7110.147,6951.6,0.3523
mixed,64,1,0.0156,4.0,4096,2048,2048,8192,2144,6948.625,7428.756,7117.998,0.3528
mixed,64,1,0.0156,4.0,4096,2048,4096,16384,4288,7124.543,8043.031,7426.151,0.3284
mixed,64,1,0.0156,4.0,4096,2048,8192,32768,8576,7452.095,9296.212,8061.347,0.3304
mixed,64,1,0.0156,4.0,4096,8192,128,512,134,14746.9,14795.589,14764.18,0.3549
mixed,64,1,0.0156,4.0,4096,8192,256,1024,268,14721.554,14893.931,14808.627,0.5051
mixed,64,1,0.0156,4.0,4096,8192,512,2048,536,14791.236,14947.73,14777.154,-0.09
mixed,64,1,0.0156,4.0,4096,8192,1024,4096,1072,14952.661,14955.525,14894.725,-20.2255
mixed,64,1,0.0156,4.0,4096,8192,2048,8192,2144,14820.945,15267.655,15074.599,0.5678
mixed,64,1,0.0156,4.0,4096,8192,4096,16384,4288,15037.009,15904.665,15354.456,0.3659
mixed,64,1,0.0156,4.0,4096,8192,8192,32768,8576,15306.854,17125.389,15897.29,0.3247
mixed,64,1,0.0156,4.0,4096,16384,128,512,134,25665.713,25737.456,25854.471,2.631
mixed,64,1,0.0156,4.0,4096,16384,256,1024,268,26564.918,25893.681,25289.483,
mixed,64,1,0.0156,4.0,4096,16384,512,2048,536,26662.05,26396.754,26161.7,
mixed,64,1,0.0156,4.0,4096,16384,1024,4096,1072,26018.018,26423.027,26471.134,1.1188
mixed,64,1,0.0156,4.0,4096,16384,2048,8192,2144,26229.528,26898.405,26245.994,0.0246
mixed,64,1,0.0156,4.0,4096,16384,4096,16384,4288,26281.522,26391.688,26481.078,1.8114
mixed,64,1,0.0156,4.0,4096,16384,8192,32768,8576,27324.34,27972.427,26965.034,-0.5544
pure,64,2,0.0312,4.0,0,0,128,512,140,103.777,172.161,166.161,0.9123
pure,64,2,0.0312,4.0,0,0,256,1024,280,153.76,210.929,187.745,0.5945
pure,64,2,0.0312,4.0,0,0,512,2048,560,171.521,289.536,225.249,0.4553
pure,64,2,0.0312,4.0,0,0,1024,4096,1120,216.433,455.505,307.297,0.3801
pure,64,2,0.0312,4.0,0,0,2048,8192,2240,304.704,770.179,465.875,0.3462
pure,64,2,0.0312,4.0,0,0,4096,16384,4480,484.306,1395.826,779.988,0.3244
pure,64,2,0.0312,4.0,0,0,8192,32768,8960,827.555,2644.6,1401.062,0.3156
mixed,64,2,0.0312,4.0,16,0,128,512,140,140.656,208.096,183.505,0.6354
mixed,64,2,0.0312,4.0,16,0,256,1024,280,188.559,246.818,204.24,0.2692
mixed,64,2,0.0312,4.0,16,0,512,2048,560,209.185,311.119,247.39,0.3748
mixed,64,2,0.0312,4.0,16,0,1024,4096,1120,252.4,474.18,325.711,0.3306
mixed,64,2,0.0312,4.0,16,0,2048,8192,2240,326.031,787.699,484.802,0.3439
mixed,64,2,0.0312,4.0,16,0,4096,16384,4480,503.328,1406.417,800.227,0.3288
mixed,64,2,0.0312,4.0,16,0,8192,32768,8960,846.37,2655.785,1425.97,0.3203
mixed,64,2,0.0312,4.0,16,512,128,512,140,201.231,245.649,210.992,0.2198
mixed,64,2,0.0312,4.0,16,512,256,1024,280,223.712,290.144,203.76,-0.3003
mixed,64,2,0.0312,4.0,16,512,512,2048,560,246.753,371.873,247.698,0.0075
mixed,64,2,0.0312,4.0,16,512,1024,4096,1120,294.401,533.81,326.178,0.1327
mixed,64,2,0.0312,4.0,16,512,2048,8192,2240,384.735,847.043,483.104,0.2128
mixed,64,2,0.0312,4.0,16,512,4096,16384,4480,564.321,1470.789,802.881,0.2632
mixed,64,2,0.0312,4.0,16,512,8192,32768,8960,906.162,2718.95,1421.123,0.2841
mixed,64,2,0.0312,4.0,16,2048,128,512,140,248.785,261.168,250.543,0.142
mixed,64,2,0.0312,4.0,16,2048,256,1024,280,261.569,347.041,263.072,0.0176
mixed,64,2,0.0312,4.0,16,2048,512,2048,560,264.353,487.409,305.025,0.1823
mixed,64,2,0.0312,4.0,16,2048,1024,4096,1120,355.425,649.49,349.714,-0.0194
mixed,64,2,0.0312,4.0,16,2048,2048,8192,2240,503.584,964.435,490.433,-0.0285
mixed,64,2,0.0312,4.0,16,2048,4096,16384,4480,682.096,1588.484,799.681,0.1297
mixed,64,2,0.0312,4.0,16,2048,8192,32768,8960,1023.218,2837.141,1420.003,0.2187
mixed,64,2,0.0312,4.0,16,8192,128,512,140,367.279,383.312,364.721,-0.1596
mixed,64,2,0.0312,4.0,16,8192,256,1024,280,379.887,479.763,378.976,-0.0091
mixed,64,2,0.0312,4.0,16,8192,512,2048,560,385.889,504.673,385.251,-0.0054
mixed,64,2,0.0312,4.0,16,8192,1024,4096,1120,484.706,816.994,481.296,-0.0103
mixed,64,2,0.0312,4.0,16,8192,2048,8192,2240,533.09,1415.685,660.24,0.1441
mixed,64,2,0.0312,4.0,16,8192,4096,16384,4480,851.363,2047.778,821.444,-0.025
mixed,64,2,0.0312,4.0,16,8192,8192,32768,8960,1483.842,3296.952,1423.937,-0.033
mixed,64,2,0.0312,4.0,16,16384,128,512,140,524.066,557.666,523.393,-0.02
mixed,64,2,0.0312,4.0,16,16384,256,1024,280,538.194,600.033,539.169,0.0158
mixed,64,2,0.0312,4.0,16,16384,512,2048,560,558.979,763.154,558.352,-0.0031
mixed,64,2,0.0312,4.0,16,16384,1024,4096,1120,600.449,814.817,601.554,0.0052
mixed,64,2,0.0312,4.0,16,16384,2048,8192,2240,778.113,1438.308,764.82,-0.0201
mixed,64,2,0.0312,4.0,16,16384,4096,16384,4480,870.786,2652.247,1121.17,0.1405
mixed,64,2,0.0312,4.0,16,16384,8192,32768,8960,1501.527,3896.552,1435.411,-0.0276
mixed,64,2,0.0312,4.0,64,0,128,512,140,154.625,190.001,158.529,0.1103
mixed,64,2,0.0312,4.0,64,0,256,1024,280,167.247,230.608,197.617,0.4793
mixed,64,2,0.0312,4.0,64,0,512,2048,560,190.85,309.731,277.505,0.7289
mixed,64,2,0.0312,4.0,64,0,1024,4096,1120,234.927,470.513,436.017,0.8536
mixed,64,2,0.0312,4.0,64,0,2048,8192,2240,324.208,776.881,745.52,0.9307
mixed,64,2,0.0312,4.0,64,0,4096,16384,4480,499.793,1390.946,1368.307,0.9746
mixed,64,2,0.0312,4.0,64,0,8192,32768,8960,831.509,2638.919,2606.999,0.9823
mixed,64,2,0.0312,4.0,64,512,128,512,140,197.411,231.377,196.258,-0.0339
mixed,64,2,0.0312,4.0,64,512,256,1024,280,209.664,272.625,209.12,-0.0086
mixed,64,2,0.0312,4.0,64,512,512,2048,560,231.217,353.394,281.603,0.4124
mixed,64,2,0.0312,4.0,64,512,1024,4096,1120,279.104,518.882,440.368,0.6726
mixed,64,2,0.0312,4.0,64,512,2048,8192,2240,367.601,831.553,753.346,0.8314
mixed,64,2,0.0312,4.0,64,512,4096,16384,4480,546.434,1462.53,1374.418,0.9038
mixed,64,2,0.0312,4.0,64,512,8192,32768,8960,892.082,2722.871,2602.072,0.934
mixed,64,2,0.0312,4.0,64,2048,128,512,140,311.202,347.28,312.194,0.0275
mixed,64,2,0.0312,4.0,64,2048,256,1024,280,326.655,389.762,326.192,-0.0073
mixed,64,2,0.0312,4.0,64,2048,512,2048,560,348.751,470.644,348.369,-0.0031
mixed,64,2,0.0312,4.0,64,2048,1024,4096,1120,397.281,630.849,440.576,0.1854
mixed,64,2,0.0312,4.0,64,2048,2048,8192,2240,485.07,943.985,751.041,0.5796
mixed,64,2,0.0312,4.0,64,2048,4096,16384,4480,659.282,1573.988,1374.835,0.7823
mixed,64,2,0.0312,4.0,64,2048,8192,32768,8960,1003.41,2842.167,2596.934,0.8666
mixed,64,2,0.0312,4.0,64,8192,128,512,140,777.201,810.034,776.595,-0.0185
mixed,64,2,0.0312,4.0,64,8192,256,1024,280,789.684,852.995,788.598,-0.0172
mixed,64,2,0.0312,4.0,64,8192,512,2048,560,811.121,929.09,811.476,0.003
mixed,64,2,0.0312,4.0,64,8192,1024,4096,1120,856.45,1087.86,851.746,-0.0203
mixed,64,2,0.0312,4.0,64,8192,2048,8192,2240,943.283,1396.932,930.082,-0.0291
mixed,64,2,0.0312,4.0,64,8192,4096,16384,4480,1116.498,2028.5,1370.724,0.2788
mixed,64,2,0.0312,4.0,64,8192,8192,32768,8960,1460.884,3291.083,2595.606,0.62
mixed,64,2,0.0312,4.0,64,16384,128,512,140,1348.724,1410.037,1350.388,0.0271
mixed,64,2,0.0312,4.0,64,16384,256,1024,280,1384.098,1448.387,1384.435,0.0052
mixed,64,2,0.0312,4.0,64,16384,512,2048,560,1410.597,1528.257,1407.38,-0.0273
mixed,64,2,0.0312,4.0,64,16384,1024,4096,1120,1456.148,1687.459,1449.382,-0.0293
mixed,64,2,0.0312,4.0,64,16384,2048,8192,2240,1542.869,1996.534,1529.524,-0.0294
mixed,64,2,0.0312,4.0,64,16384,4096,16384,4480,1711.573,2630.264,1685.092,-0.0288
mixed,64,2,0.0312,4.0,64,16384,8192,32768,8960,2055.688,3885.659,2601.624,0.2983
mixed,64,2,0.0312,4.0,256,0,128,512,140,326.642,355.567,326.415,-0.0078
mixed,64,2,0.0312,4.0,256,0,256,1024,280,336.656,397.393,337.536,0.0145
mixed,64,2,0.0312,4.0,256,0,512,2048,560,357.618,478.16,356.897,-0.006
mixed,64,2,0.0312,4.0,256,0,1024,4096,1120,401.92,633.265,505.57,0.448
mixed,64,2,0.0312,4.0,256,0,2048,8192,2240,490.464,934.483,810.42,0.7206
mixed,64,2,0.0312,4.0,256,0,4096,16384,4480,662.144,1520.883,1431.524,0.8959
mixed,64,2,0.0312,4.0,256,0,8192,32768,8960,997.395,2735.081,2658.181,0.9557
mixed,64,2,0.0312,4.0,256,512,128,512,140,486.755,518.866,487.04,0.0089
mixed,64,2,0.0312,4.0,256,512,256,1024,280,499.617,560.576,497.73,-0.031
mixed,64,2,0.0312,4.0,256,512,512,2048,560,522.418,640.225,571.728,0.4186
mixed,64,2,0.0312,4.0,256,512,1024,4096,1120,567.44,801.107,725.554,0.6767
mixed,64,2,0.0312,4.0,256,512,2048,8192,2240,654.61,1114.484,1034.386,0.8258
mixed,64,2,0.0312,4.0,256,512,4096,16384,4480,827.907,1741.733,1652.166,0.902
mixed,64,2,0.0312,4.0,256,512,8192,32768,8960,1173.729,3006.232,2875.463,0.9286
mixed,64,2,0.0312,4.0,256,2048,128,512,140,940.339,973.635,941.283,0.0284
mixed,64,2,0.0312,4.0,256,2048,256,1024,280,953.86,1013.876,954.995,0.0189
mixed,64,2,0.0312,4.0,256,2048,512,2048,560,977.682,1097.298,975.443,-0.0187
mixed,64,2,0.0312,4.0,256,2048,1024,4096,1120,1021.971,1252.643,1068.533,0.2019
mixed,64,2,0.0312,4.0,256,2048,2048,8192,2240,1107.795,1568.692,1378.195,0.5867
mixed,64,2,0.0312,4.0,256,2048,4096,16384,4480,1276.371,2198.713,1995.111,0.7793
mixed,64,2,0.0312,4.0,256,2048,8192,32768,8960,1621.845,3458.538,3207.962,0.8636
mixed,64,2,0.0312,4.0,256,8192,128,512,140,2729.238,2725.06,2737.224,
mixed,64,2,0.0312,4.0,256,8192,256,1024,280,2718.517,2809.914,2721.256,0.03
mixed,64,2,0.0312,4.0,256,8192,512,2048,560,2724.854,2896.009,2728.869,0.0235
mixed,64,2,0.0312,4.0,256,8192,1024,4096,1120,2812.804,3068.024,2808.729,-0.016
mixed,64,2,0.0312,4.0,256,8192,2048,8192,2240,2913.514,3364.378,2897.111,-0.0364
mixed,64,2,0.0312,4.0,256,8192,4096,16384,4480,3081.752,3992.667,3335.093,0.2781
mixed,64,2,0.0312,4.0,256,8192,8192,32768,8960,3423.861,5260.197,4577.926,0.6285
mixed,64,2,0.0312,4.0,256,16384,128,512,140,5133.735,5129.543,5132.713,
mixed,64,2,0.0312,4.0,256,16384,256,1024,280,5155.763,5135.015,5138.756,
mixed,64,2,0.0312,4.0,256,16384,512,2048,560,5134.471,5290.023,5136.983,0.0161
mixed,64,2,0.0312,4.0,256,16384,1024,4096,1120,5132.777,5456.31,5133.014,0.0007
mixed,64,2,0.0312,4.0,256,16384,2048,8192,2240,5312.824,5783.606,5305.128,-0.0163
mixed,64,2,0.0312,4.0,256,16384,4096,16384,4480,5487.673,6424.631,5459.975,-0.0296
mixed,64,2,0.0312,4.0,256,16384,8192,32768,8960,5828.279,7665.721,6378.648,0.2995
mixed,64,2,0.0312,4.0,1024,0,128,512,140,696.095,722.114,716.576,0.7872
mixed,64,2,0.0312,4.0,1024,0,256,1024,280,705.855,763.008,736.961,0.5442
mixed,64,2,0.0312,4.0,1024,0,512,2048,560,726.337,840.111,778.065,0.4547
mixed,64,2,0.0312,4.0,1024,0,1024,4096,1120,767.826,1006.467,857.09,0.374
mixed,64,2,0.0312,4.0,1024,0,2048,8192,2240,858.319,1321.182,1015.202,0.3389
mixed,64,2,0.0312,4.0,1024,0,4096,16384,4480,1034.737,1943.683,1330.753,0.3257
mixed,64,2,0.0312,4.0,1024,0,8192,32768,8960,1376.93,3183.763,1963.328,0.3245
mixed,64,2,0.0312,4.0,1024,512,128,512,140,1099.986,1128.883,1122.337,0.7735
mixed,64,2,0.0312,4.0,1024,512,256,1024,280,1108.96,1168.784,1143.667,0.5801
mixed,64,2,0.0312,4.0,1024,512,512,2048,560,1129.07,1249.538,1178.081,0.4068
mixed,64,2,0.0312,4.0,1024,512,1024,4096,1120,1173.841,1408.402,1256.645,0.353
mixed,64,2,0.0312,4.0,1024,512,2048,8192,2240,1261.729,1723.234,1416.004,0.3343
mixed,64,2,0.0312,4.0,1024,512,4096,16384,4480,1439.731,2344.159,1734.364,0.3258
mixed,64,2,0.0312,4.0,1024,512,8192,32768,8960,1781.122,3612.183,2356.308,0.3141
mixed,64,2,0.0312,4.0,1024,2048,128,512,140,1796.579,1825.348,1818.884,0.7753
mixed,64,2,0.0312,4.0,1024,2048,256,1024,280,1810.149,1861.62,1842.608,0.6306
mixed,64,2,0.0312,4.0,1024,2048,512,2048,560,1828.883,1947.342,1881.04,0.4403
mixed,64,2,0.0312,4.0,1024,2048,1024,4096,1120,1869.072,2099.713,1957.265,0.3824
mixed,64,2,0.0312,4.0,1024,2048,2048,8192,2240,1954.003,2407.206,2108.483,0.3409
mixed,64,2,0.0312,4.0,1024,2048,4096,16384,4480,2124.605,3030.022,2423.254,0.3298
mixed,64,2,0.0312,4.0,1024,2048,8192,32768,8960,2464.879,4288.2,3047.687,0.3196
mixed,64,2,0.0312,4.0,1024,8192,128,512,140,4599.886,4617.692,4615.743,0.8905
mixed,64,2,0.0312,4.0,1024,8192,256,1024,280,4607.068,4667.034,4636.209,0.486
mixed,64,2,0.0312,4.0,1024,8192,512,2048,560,4619.724,4740.152,4667.436,0.3962
mixed,64,2,0.0312,4.0,1024,8192,1024,4096,1120,4660.413,4896.157,4749.565,0.3782
mixed,64,2,0.0312,4.0,1024,8192,2048,8192,2240,4740.508,5204.368,4905.98,0.3567
mixed,64,2,0.0312,4.0,1024,8192,4096,16384,4480,4909.421,5840.092,5214.655,0.328
mixed,64,2,0.0312,4.0,1024,8192,8192,32768,8960,5270.656,7093.491,5830.829,0.3073
mixed,64,2,0.0312,4.0,1024,16384,128,512,140,8307.358,8328.933,8310.566,0.1487
mixed,64,2,0.0312,4.0,1024,16384,256,1024,280,8306.294,8368.135,8341.844,0.5749
mixed,64,2,0.0312,4.0,1024,16384,512,2048,560,8324.573,8439.079,8392.966,0.5973
mixed,64,2,0.0312,4.0,1024,16384,1024,4096,1120,8368.548,8606.152,8451.668,0.3498
mixed,64,2,0.0312,4.0,1024,16384,2048,8192,2240,8461.414,8904.517,8597.513,0.3071
mixed,64,2,0.0312,4.0,1024,16384,4096,16384,4480,8628.359,9545.898,8929.128,0.3278
mixed,64,2,0.0312,4.0,1024,16384,8192,32768,8960,8988.776,10793.342,9541.512,0.3063
mixed,64,2,0.0312,4.0,4096,0,128,512,140,3727.659,3759.581,3764.458,1.1528
mixed,64,2,0.0312,4.0,4096,0,256,1024,280,3747.576,3800.745,3784.394,0.6925
mixed,64,2,0.0312,4.0,4096,0,512,2048,560,3769.738,3877.722,3817.95,0.4465
mixed,64,2,0.0312,4.0,4096,0,1024,4096,1120,3809.53,4032.443,3892.921,0.3741
mixed,64,2,0.0312,4.0,4096,0,2048,8192,2240,3889.374,4358.57,4046.206,0.3343
mixed,64,2,0.0312,4.0,4096,0,4096,16384,4480,4063.069,4974.782,4359.133,0.3247
mixed,64,2,0.0312,4.0,4096,0,8192,32768,8960,4420.924,6235.52,4980.895,0.3086
mixed,64,2,0.0312,4.0,4096,512,128,512,140,4854.312,4883.852,4874.396,0.6799
mixed,64,2,0.0312,4.0,4096,512,256,1024,280,4864.763,4921.324,4920.651,0.9881
mixed,64,2,0.0312,4.0,4096,512,512,2048,560,4883.409,5005.438,4941.919,0.4795
mixed,64,2,0.0312,4.0,4096,512,1024,4096,1120,4926.494,5166.607,5032.273,0.4405
mixed,64,2,0.0312,4.0,4096,512,2048,8192,2240,5024.384,5466.867,5174.882,0.3401
mixed,64,2,0.0312,4.0,4096,512,4096,16384,4480,5195.377,6100.256,5485.792,0.3209
mixed,64,2,0.0312,4.0,4096,512,8192,32768,8960,5529.774,7354.308,6100.0,0.3125
mixed,64,2,0.0312,4.0,4096,2048,128,512,140,6815.425,6826.868,6823.345,0.692
mixed,64,2,0.0312,4.0,4096,2048,256,1024,280,6814.421,6864.481,6842.729,0.5655
mixed,64,2,0.0312,4.0,4096,2048,512,2048,560,6869.016,6945.092,6877.811,0.1156
mixed,64,2,0.0312,4.0,4096,2048,1024,4096,1120,6884.32,7105.474,6957.845,0.3325
mixed,64,2,0.0312,4.0,4096,2048,2048,8192,2240,6968.595,7413.621,7124.362,0.35
mixed,64,2,0.0312,4.0,4096,2048,4096,16384,4480,7138.195,8040.97,7431.753,0.3252
mixed,64,2,0.0312,4.0,4096,2048,8192,32768,8960,7481.477,9297.818,8046.09,0.3109
mixed,64,2,0.0312,4.0,4096,8192,128,512,140,14792.632,15054.538,14784.441,-0.0313
mixed,64,2,0.0312,4.0,4096,8192,256,1024,280,14790.685,14878.188,15000.859,2.4019
mixed,64,2,0.0312,4.0,4096,8192,512,2048,560,14732.159,15162.796,14861.983,0.3015
mixed,64,2,0.0312,4.0,4096,8192,1024,4096,1120,14833.085,15202.507,14919.677,0.2344
mixed,64,2,0.0312,4.0,4096,8192,2048,8192,2240,14910.448,15265.762,14979.419,0.1941
mixed,64,2,0.0312,4.0,4096,8192,4096,16384,4480,15061.409,15901.696,15281.643,0.2621
mixed,64,2,0.0312,4.0,4096,8192,8192,32768,8960,15327.275,17170.367,15913.835,0.3182
mixed,64,2,0.0312,4.0,4096,16384,128,512,140,26253.84,26591.539,26505.506,0.7452
mixed,64,2,0.0312,4.0,4096,16384,256,1024,280,26530.751,25482.987,25656.692,
mixed,64,2,0.0312,4.0,4096,16384,512,2048,560,26313.529,26250.65,26759.41,
mixed,64,2,0.0312,4.0,4096,16384,1024,4096,1120,25920.702,25939.644,25564.684,-18.7962
mixed,64,2,0.0312,4.0,4096,16384,2048,8192,2240,25901.858,26510.367,26632.755,1.2011
mixed,64,2,0.0312,4.0,4096,16384,4096,16384,4480,25787.328,27246.326,26728.416,0.645
mixed,64,2,0.0312,4.0,4096,16384,8192,32768,8960,26766.992,28171.077,26877.405,0.0786
pure,64,3,0.0469,4.0,0,0,128,512,146,103.711,171.904,168.929,0.9564
pure,64,3,0.0469,4.0,0,0,256,1024,292,154.656,210.225,188.064,0.6012
pure,64,3,0.0469,4.0,0,0,512,2048,584,177.314,290.194,228.338,0.452
pure,64,3,0.0469,4.0,0,0,1024,4096,1168,220.191,452.512,307.952,0.3778
pure,64,3,0.0469,4.0,0,0,2048,8192,2336,311.519,768.481,465.856,0.3377
pure,64,3,0.0469,4.0,0,0,4096,16384,4672,499.106,1395.121,783.682,0.3176
pure,64,3,0.0469,4.0,0,0,8192,32768,9344,855.171,2647.577,1409.218,0.3091
mixed,64,3,0.0469,4.0,16,0,128,512,146,140.785,208.337,190.192,0.7314
mixed,64,3,0.0469,4.0,16,0,256,1024,292,188.528,248.112,208.273,0.3314
mixed,64,3,0.0469,4.0,16,0,512,2048,584,212.816,310.418,248.576,0.3664
mixed,64,3,0.0469,4.0,16,0,1024,4096,1168,257.088,474.079,330.0,0.336
mixed,64,3,0.0469,4.0,16,0,2048,8192,2336,331.074,788.419,487.778,0.3426
mixed,64,3,0.0469,4.0,16,0,4096,16384,4672,521.554,1415.956,803.985,0.3158
mixed,64,3,0.0469,4.0,16,0,8192,32768,9344,875.026,2663.769,1423.155,0.3064
mixed,64,3,0.0469,4.0,16,512,128,512,146,200.784,245.218,213.264,0.2809
mixed,64,3,0.0469,4.0,16,512,256,1024,292,224.544,289.33,206.45,-0.2793
mixed,64,3,0.0469,4.0,16,512,512,2048,584,253.874,372.242,250.178,-0.0312
mixed,64,3,0.0469,4.0,16,512,1024,4096,1168,300.512,534.051,327.906,0.1173
mixed,64,3,0.0469,4.0,16,512,2048,8192,2336,392.929,849.314,486.209,0.2044
mixed,64,3,0.0469,4.0,16,512,4096,16384,4672,575.683,1471.78,800.116,0.2505
mixed,64,3,0.0469,4.0,16,512,8192,32768,9344,934.067,2729.192,1426.836,0.2745
mixed,64,3,0.0469,4.0,16,2048,128,512,146,250.017,263.519,248.897,-0.0829
mixed,64,3,0.0469,4.0,16,2048,256,1024,292,264.129,348.111,265.599,0.0175
mixed,64,3,0.0469,4.0,16,2048,512,2048,584,273.375,488.017,305.375,0.1491
mixed,64,3,0.0469,4.0,16,2048,1024,4096,1168,363.249,651.279,351.793,-0.0398
mixed,64,3,0.0469,4.0,16,2048,2048,8192,2336,511.717,964.434,491.154,-0.0454
mixed,64,3,0.0469,4.0,16,2048,4096,16384,4672,694.835,1587.524,798.802,0.1165
mixed,64,3,0.0469,4.0,16,2048,8192,32768,9344,1051.264,2843.896,1424.885,0.2084
mixed,64,3,0.0469,4.0,16,8192,128,512,146,367.008,384.464,366.544,-0.0265
mixed,64,3,0.0469,4.0,16,8192,256,1024,292,380.913,480.625,376.769,-0.0416
mixed,64,3,0.0469,4.0,16,8192,512,2048,584,405.585,504.754,385.792,-0.1996
mixed,64,3,0.0469,4.0,16,8192,1024,4096,1168,491.138,817.489,484.851,-0.0193
mixed,64,3,0.0469,4.0,16,8192,2048,8192,2336,544.178,1420.195,664.067,0.1369
mixed,64,3,0.0469,4.0,16,8192,4096,16384,4672,867.716,2051.702,823.889,-0.037
mixed,64,3,0.0469,4.0,16,8192,8192,32768,9344,1512.738,3301.977,1417.314,-0.0533
mixed,64,3,0.0469,4.0,16,16384,128,512,146,525.312,559.123,525.728,0.0123
mixed,64,3,0.0469,4.0,16,16384,256,1024,292,535.026,600.05,537.28,0.0347
mixed,64,3,0.0469,4.0,16,16384,512,2048,584,566.37,762.642,558.435,-0.0404
mixed,64,3,0.0469,4.0,16,16384,1024,4096,1168,600.691,814.912,601.313,0.0029
mixed,64,3,0.0469,4.0,16,16384,2048,8192,2336,782.42,1441.093,770.849,-0.0176
mixed,64,3,0.0469,4.0,16,16384,4096,16384,4672,899.7,2647.143,1126.02,0.1295
mixed,64,3,0.0469,4.0,16,16384,8192,32768,9344,1531.971,3904.313,1445.221,-0.0366
mixed,64,3,0.0469,4.0,64,0,128,512,146,154.834,189.409,158.304,0.1004
mixed,64,3,0.0469,4.0,64,0,256,1024,292,168.945,229.49,197.329,0.4688
mixed,64,3,0.0469,4.0,64,0,512,2048,584,196.05,309.827,278.209,0.7221
mixed,64,3,0.0469,4.0,64,0,1024,4096,1168,241.856,470.417,440.128,0.8675
mixed,64,3,0.0469,4.0,64,0,2048,8192,2336,330.274,778.241,749.763,0.9364
mixed,64,3,0.0469,4.0,64,0,4096,16384,4672,515.233,1392.226,1372.259,0.9772
mixed,64,3,0.0469,4.0,64,0,8192,32768,9344,855.586,2641.078,2601.16,0.9776
mixed,64,3,0.0469,4.0,64,512,128,512,146,198.562,230.739,221.81,0.7225
mixed,64,3,0.0469,4.0,64,512,256,1024,292,210.642,272.129,263.377,0.8577
mixed,64,3,0.0469,4.0,64,512,512,2048,584,237.618,354.721,343.151,0.9012
mixed,64,3,0.0469,4.0,64,512,1024,4096,1168,282.674,517.841,498.993,0.9199
mixed,64,3,0.0469,4.0,64,512,2048,8192,2336,375.121,833.714,811.986,0.9526
mixed,64,3,0.0469,4.0,64,512,4096,16384,4672,560.112,1462.787,1434.515,0.9687
mixed,64,3,0.0469,4.0,64,512,8192,32768,9344,919.971,2730.024,2645.862,0.9535
mixed,64,3,0.0469,4.0,64,2048,128,512,146,312.512,348.0,313.279,0.0216
mixed,64,3,0.0469,4.0,64,2048,256,1024,292,325.184,388.866,325.458,0.0043
mixed,64,3,0.0469,4.0,64,2048,512,2048,584,354.449,472.321,460.85,0.9027
mixed,64,3,0.0469,4.0,64,2048,1024,4096,1168,399.344,629.681,616.849,0.9443
mixed,64,3,0.0469,4.0,64,2048,2048,8192,2336,492.293,944.883,922.178,0.9498
mixed,64,3,0.0469,4.0,64,2048,4096,16384,4672,675.567,1577.349,1545.38,0.9645
mixed,64,3,0.0469,4.0,64,2048,8192,32768,9344,1031.522,2837.719,2757.367,0.9555
mixed,64,3,0.0469,4.0,64,8192,128,512,146,777.858,813.859,777.908,0.0014
mixed,64,3,0.0469,4.0,64,8192,256,1024,292,789.715,850.852,789.682,-0.0005
mixed,64,3,0.0469,4.0,64,8192,512,2048,584,815.809,931.057,813.058,-0.0239
mixed,64,3,0.0469,4.0,64,8192,1024,4096,1168,861.826,1087.09,853.41,-0.0374
mixed,64,3,0.0469,4.0,64,8192,2048,8192,2336,950.257,1405.923,1382.404,0.9484
mixed,64,3,0.0469,4.0,64,8192,4096,16384,4672,1129.972,2029.173,1996.197,0.9633
mixed,64,3,0.0469,4.0,64,8192,8192,32768,9344,1488.356,3296.986,3221.048,0.958
mixed,64,3,0.0469,4.0,64,16384,128,512,146,1346.549,1409.442,1346.5,-0.0008
mixed,64,3,0.0469,4.0,64,16384,256,1024,292,1385.925,1450.531,1386.212,0.0045
mixed,64,3,0.0469,4.0,64,16384,512,2048,584,1414.451,1534.533,1410.307,-0.0345
mixed,64,3,0.0469,4.0,64,16384,1024,4096,1168,1460.229,1688.37,1450.533,-0.0425
mixed,64,3,0.0469,4.0,64,16384,2048,8192,2336,1550.642,1995.78,1530.145,-0.046
mixed,64,3,0.0469,4.0,64,16384,4096,16384,4672,1729.349,2637.157,2597.399,0.9562
mixed,64,3,0.0469,4.0,64,16384,8192,32768,9344,2090.613,3885.145,3813.595,0.9601
mixed,64,3,0.0469,4.0,256,0,128,512,146,329.363,355.074,326.224,-0.1221
mixed,64,3,0.0469,4.0,256,0,256,1024,292,337.602,397.33,336.898,-0.0118
mixed,64,3,0.0469,4.0,256,0,512,2048,584,363.296,476.113,359.423,-0.0343
mixed,64,3,0.0469,4.0,256,0,1024,4096,1168,407.955,634.671,506.206,0.4334
mixed,64,3,0.0469,4.0,256,0,2048,8192,2336,496.801,936.274,813.075,0.7197
mixed,64,3,0.0469,4.0,256,0,4096,16384,4672,676.994,1524.117,1433.634,0.8932
mixed,64,3,0.0469,4.0,256,0,8192,32768,9344,1024.211,2735.942,2663.591,0.9577
mixed,64,3,0.0469,4.0,256,512,128,512,146,486.961,519.233,486.753,-0.0064
mixed,64,3,0.0469,4.0,256,512,256,1024,292,500.848,562.113,498.785,-0.0337
mixed,64,3,0.0469,4.0,256,512,512,2048,584,524.64,639.649,572.195,0.4135
mixed,64,3,0.0469,4.0,256,512,1024,4096,1168,571.777,798.369,726.546,0.683
mixed,64,3,0.0469,4.0,256,512,2048,8192,2336,663.841,1114.068,1036.834,0.8285
mixed,64,3,0.0469,4.0,256,512,4096,16384,4672,842.32,1744.996,1653.077,0.8982
mixed,64,3,0.0469,4.0,256,512,8192,32768,9344,1198.77,3003.336,2879.127,0.9312
mixed,64,3,0.0469,4.0,256,2048,128,512,146,944.993,979.409,940.467,-0.1315
mixed,64,3,0.0469,4.0,256,2048,256,1024,292,955.602,1017.01,957.839,0.0364
mixed,64,3,0.0469,4.0,256,2048,512,2048,584,979.506,1095.093,976.37,-0.0271
mixed,64,3,0.0469,4.0,256,2048,1024,4096,1168,1027.988,1248.227,1068.93,0.1859
mixed,64,3,0.0469,4.0,256,2048,2048,8192,2336,1116.34,1566.917,1376.371,0.5771
mixed,64,3,0.0469,4.0,256,2048,4096,16384,4672,1295.316,2197.765,1993.587,0.7738
mixed,64,3,0.0469,4.0,256,2048,8192,32768,9344,1661.845,3453.832,3210.938,0.8645
mixed,64,3,0.0469,4.0,256,8192,128,512,146,2724.645,2722.965,2721.224,
mixed,64,3,0.0469,4.0,256,8192,256,1024,292,2727.302,2809.702,2737.51,0.1239
mixed,64,3,0.0469,4.0,256,8192,512,2048,584,2730.568,2892.166,2721.206,-0.0579
mixed,64,3,0.0469,4.0,256,8192,1024,4096,1168,2823.175,3045.226,2812.168,-0.0496
mixed,64,3,0.0469,4.0,256,8192,2048,8192,2336,2918.583,3371.097,2897.88,-0.0458
mixed,64,3,0.0469,4.0,256,8192,4096,16384,4672,3091.224,3982.233,3341.913,0.2814
mixed,64,3,0.0469,4.0,256,8192,8192,32768,9344,3448.169,5253.566,4588.474,0.6316
mixed,64,3,0.0469,4.0,256,16384,128,512,146,5129.87,5132.348,5127.006,-1.1558
mixed,64,3,0.0469,4.0,256,16384,256,1024,292,5137.596,5144.863,5136.637,-0.1318
mixed,64,3,0.0469,4.0,256,16384,512,2048,584,5129.537,5295.803,5148.574,0.1145
mixed,64,3,0.0469,4.0,256,16384,1024,4096,1168,5140.879,5473.358,5136.124,-0.0143
mixed,64,3,0.0469,4.0,256,16384,2048,8192,2336,5322.639,5768.093,5306.397,-0.0365
mixed,64,3,0.0469,4.0,256,16384,4096,16384,4672,5505.387,6418.754,5468.801,-0.0401
mixed,64,3,0.0469,4.0,256,16384,8192,32768,9344,5870.544,7668.738,6377.567,0.282
mixed,64,3,0.0469,4.0,1024,0,128,512,146,697.857,724.273,721.762,0.905
mixed,64,3,0.0469,4.0,1024,0,256,1024,292,706.433,760.625,740.722,0.6327
mixed,64,3,0.0469,4.0,1024,0,512,2048,584,729.186,844.16,778.643,0.4302
mixed,64,3,0.0469,4.0,1024,0,1024,4096,1168,771.842,1004.753,860.402,0.3802
mixed,64,3,0.0469,4.0,1024,0,2048,8192,2336,866.497,1322.993,1020.864,0.3382
mixed,64,3,0.0469,4.0,1024,0,4096,16384,4672,1053.652,1947.364,1335.425,0.3153
mixed,64,3,0.0469,4.0,1024,0,8192,32768,9344,1411.123,3193.672,1956.774,0.3061
mixed,64,3,0.0469,4.0,1024,512,128,512,146,1101.765,1128.002,1127.124,0.9666
mixed,64,3,0.0469,4.0,1024,512,256,1024,292,1110.612,1167.812,1148.435,0.6612
mixed,64,3,0.0469,4.0,1024,512,512,2048,584,1132.947,1246.644,1183.589,0.4454
mixed,64,3,0.0469,4.0,1024,512,1024,4096,1168,1177.94,1410.034,1264.262,0.3719
mixed,64,3,0.0469,4.0,1024,512,2048,8192,2336,1270.05,1724.709,1426.068,0.3432
mixed,64,3,0.0469,4.0,1024,512,4096,16384,4672,1456.724,2348.052,1738.37,0.316
mixed,64,3,0.0469,4.0,1024,512,8192,32768,9344,1811.876,3602.679,2358.771,0.3054
mixed,64,3,0.0469,4.0,1024,2048,128,512,146,1793.733,1824.163,1821.011,0.8964
mixed,64,3,0.0469,4.0,1024,2048,256,1024,292,1806.068,1869.575,1843.638,0.5916
mixed,64,3,0.0469,4.0,1024,2048,512,2048,584,1830.694,1938.579,1881.685,0.4726
mixed,64,3,0.0469,4.0,1024,2048,1024,4096,1168,1870.099,2103.411,1960.52,0.3876
mixed,64,3,0.0469,4.0,1024,2048,2048,8192,2336,1961.273,2407.764,2115.653,0.3458
mixed,64,3,0.0469,4.0,1024,2048,4096,16384,4672,2145.505,3042.204,2434.001,0.3217
mixed,64,3,0.0469,4.0,1024,2048,8192,32768,9344,2496.171,4287.913,3044.407,0.306
mixed,64,3,0.0469,4.0,1024,8192,128,512,146,4602.957,4623.306,4623.694,1.0191
mixed,64,3,0.0469,4.0,1024,8192,256,1024,292,4609.582,4665.884,4652.378,0.7601
mixed,64,3,0.0469,4.0,1024,8192,512,2048,584,4647.791,4763.95,4694.631,0.4032
mixed,64,3,0.0469,4.0,1024,8192,1024,4096,1168,4687.931,4909.26,4766.783,0.3563
mixed,64,3,0.0469,4.0,1024,8192,2048,8192,2336,4763.677,5215.727,4921.546,0.3492
mixed,64,3,0.0469,4.0,1024,8192,4096,16384,4672,4948.926,5843.614,5220.835,0.3039
mixed,64,3,0.0469,4.0,1024,8192,8192,32768,9344,5306.558,7090.485,5855.422,0.3077
mixed,64,3,0.0469,4.0,1024,16384,128,512,146,8344.245,8365.477,8365.332,0.9931
mixed,64,3,0.0469,4.0,1024,16384,256,1024,292,8343.712,8396.28,8393.457,0.9463
mixed,64,3,0.0469,4.0,1024,16384,512,2048,584,8374.694,8481.14,8414.578,0.3747
mixed,64,3,0.0469,4.0,1024,16384,1024,4096,1168,8411.877,8637.737,8498.199,0.3822
mixed,64,3,0.0469,4.0,1024,16384,2048,8192,2336,8503.235,8950.903,8658.326,0.3464
mixed,64,3,0.0469,4.0,1024,16384,4096,16384,4672,8677.924,9565.866,8981.56,0.342
mixed,64,3,0.0469,4.0,1024,16384,8192,32768,9344,9048.551,10833.166,9599.133,0.3085
mixed,64,3,0.0469,4.0,4096,0,128,512,146,3726.283,3758.248,3756.539,0.9465
mixed,64,3,0.0469,4.0,4096,0,256,1024,292,3744.716,3802.412,3773.13,0.4925
mixed,64,3,0.0469,4.0,4096,0,512,2048,584,3762.266,3880.667,3816.07,0.4544
mixed,64,3,0.0469,4.0,4096,0,1024,4096,1168,3816.403,4043.385,3901.207,0.3736
mixed,64,3,0.0469,4.0,4096,0,2048,8192,2336,3903.274,4361.707,4056.381,0.334
mixed,64,3,0.0469,4.0,4096,0,4096,16384,4672,4075.465,4985.677,4364.621,0.3177
mixed,64,3,0.0469,4.0,4096,0,8192,32768,9344,4440.637,6234.304,4982.108,0.3019
mixed,64,3,0.0469,4.0,4096,512,128,512,146,4858.85,4882.813,4882.541,0.9886
mixed,64,3,0.0469,4.0,4096,512,256,1024,292,4863.245,4932.205,4899.31,0.523
mixed,64,3,0.0469,4.0,4096,512,512,2048,584,4887.343,5002.989,4941.244,0.4661
mixed,64,3,0.0469,4.0,4096,512,1024,4096,1168,4935.949,5159.965,5013.855,0.3478
mixed,64,3,0.0469,4.0,4096,512,2048,8192,2336,5029.279,5471.649,5185.426,0.353
mixed,64,3,0.0469,4.0,4096,512,4096,16384,4672,5209.392,6104.784,5488.94,0.3122
mixed,64,3,0.0469,4.0,4096,512,8192,32768,9344,5576.494,7358.483,6109.46,0.2991
mixed,64,3,0.0469,4.0,4096,2048,128,512,146,6811.043,6826.44,6824.336,0.8634
mixed,64,3,0.0469,4.0,4096,2048,256,1024,292,6819.127,6868.672,6843.247,0.4868
mixed,64,3,0.0469,4.0,4096,2048,512,2048,584,6832.752,6944.949,6879.172,0.4137
mixed,64,3,0.0469,4.0,4096,2048,1024,4096,1168,6880.066,7104.274,6965.123,0.3794
mixed,64,3,0.0469,4.0,4096,2048,2048,8192,2336,6968.373,7435.778,7124.722,0.3345
mixed,64,3,0.0469,4.0,4096,2048,4096,16384,4672,7154.767,8041.224,7436.947,0.3183
mixed,64,3,0.0469,4.0,4096,2048,8192,32768,9344,7520.246,9296.985,8052.101,0.2993
mixed,64,3,0.0469,4.0,4096,8192,128,512,146,14682.987,14790.996,14874.996,1.7777
mixed,64,3,0.0469,4.0,4096,8192,256,1024,292,15136.743,14966.888,14979.384,
mixed,64,3,0.0469,4.0,4096,8192,512,2048,584,14866.615,14818.331,14777.003,
mixed,64,3,0.0469,4.0,4096,8192,1024,4096,1168,14754.451,15179.418,14890.2,0.3194
mixed,64,3,0.0469,4.0,4096,8192,2048,8192,2336,14995.354,15290.766,15003.347,0.0271
mixed,64,3,0.0469,4.0,4096,8192,4096,16384,4672,15448.747,15906.698,15310.171,-0.3026
mixed,64,3,0.0469,4.0,4096,8192,8192,32768,9344,15381.692,17223.887,15921.833,0.2932
mixed,64,3,0.0469,4.0,4096,16384,128,512,146,26000.024,25782.967,26240.266,
mixed,64,3,0.0469,4.0,4096,16384,256,1024,292,26987.995,26351.248,25866.392,
mixed,64,3,0.0469,4.0,4096,16384,512,2048,584,26473.381,26513.151,26551.345,1.9604
mixed,64,3,0.0469,4.0,4096,16384,1024,4096,1168,26221.984,26111.995,26567.213,
mixed,64,3,0.0469,4.0,4096,16384,2048,8192,2336,26241.466,26789.249,26096.056,-0.2655
mixed,64,3,0.0469,4.0,4096,16384,4096,16384,4672,26223.256,26414.551,27363.981,5.9632
mixed,64,3,0.0469,4.0,4096,16384,8192,32768,9344,26364.928,28078.997,28013.798,0.962
pure,64,4,0.0625,4.0,0,0,128,512,152,104.163,172.178,169.809,0.9652
pure,64,4,0.0625,4.0,0,0,256,1024,304,155.935,211.327,191.649,0.6448
pure,64,4,0.0625,4.0,0,0,512,2048,608,176.798,289.841,230.638,0.4763
pure,64,4,0.0625,4.0,0,0,1024,4096,1216,226.048,452.801,309.137,0.3664
pure,64,4,0.0625,4.0,0,0,2048,8192,2432,320.769,767.761,470.784,0.3356
pure,64,4,0.0625,4.0,0,0,4096,16384,4864,514.37,1393.667,784.738,0.3075
pure,64,4,0.0625,4.0,0,0,8192,32768,9728,886.416,2636.216,1404.182,0.2959
mixed,64,4,0.0625,4.0,16,0,128,512,152,140.864,207.999,191.92,0.7605
mixed,64,4,0.0625,4.0,16,0,256,1024,304,189.697,248.225,210.913,0.3625
mixed,64,4,0.0625,4.0,16,0,512,2048,608,214.385,311.313,248.944,0.3565
mixed,64,4,0.0625,4.0,16,0,1024,4096,1216,262.545,474.034,329.713,0.3176
mixed,64,4,0.0625,4.0,16,0,2048,8192,2432,341.842,788.131,489.491,0.3308
mixed,64,4,0.0625,4.0,16,0,4096,16384,4864,534.192,1409.364,802.435,0.3065
mixed,64,4,0.0625,4.0,16,0,8192,32768,9728,904.497,2657.975,1423.219,0.2958
mixed,64,4,0.0625,4.0,16,512,128,512,152,200.081,245.171,214.32,0.3158
mixed,64,4,0.0625,4.0,16,512,256,1024,304,224.448,290.866,206.721,-0.2669
mixed,64,4,0.0625,4.0,16,512,512,2048,608,253.168,372.897,252.014,-0.0096
mixed,64,4,0.0625,4.0,16,512,1024,4096,1216,304.784,533.378,331.888,0.1186
mixed,64,4,0.0625,4.0,16,512,2048,8192,2432,404.545,847.474,489.138,0.191
mixed,64,4,0.0625,4.0,16,512,4096,16384,4864,592.082,1468.689,804.081,0.2418
mixed,64,4,0.0625,4.0,16,512,8192,32768,9728,962.29,2729.015,1426.434,0.2627
mixed,64,4,0.0625,4.0,16,2048,128,512,152,249.552,261.906,249.281,-0.0219
mixed,64,4,0.0625,4.0,16,2048,256,1024,304,265.409,347.985,264.529,-0.0107
mixed,64,4,0.0625,4.0,16,2048,512,2048,608,274.56,487.712,306.496,0.1498
mixed,64,4,0.0625,4.0,16,2048,1024,4096,1216,367.888,651.953,353.683,-0.05
mixed,64,4,0.0625,4.0,16,2048,2048,8192,2432,519.283,963.876,491.186,-0.0632
mixed,64,4,0.0625,4.0,16,2048,4096,16384,4864,711.475,1592.867,801.138,0.1017
mixed,64,4,0.0625,4.0,16,2048,8192,32768,9728,1081.922,2833.992,1421.3,0.1937
mixed,64,4,0.0625,4.0,16,8192,128,512,152,367.17,382.931,365.824,-0.0854
mixed,64,4,0.0625,4.0,16,8192,256,1024,304,378.976,480.562,378.704,-0.0027
mixed,64,4,0.0625,4.0,16,8192,512,2048,608,406.529,505.118,387.6,-0.192
mixed,64,4,0.0625,4.0,16,8192,1024,4096,1216,499.538,821.923,485.28,-0.0442
mixed,64,4,0.0625,4.0,16,8192,2048,8192,2432,562.242,1418.42,665.184,0.1202
mixed,64,4,0.0625,4.0,16,8192,4096,16384,4864,882.994,2052.499,827.025,-0.0479
mixed,64,4,0.0625,4.0,16,8192,8192,32768,9728,1547.076,3296.456,1422.931,-0.071
mixed,64,4,0.0625,4.0,16,16384,128,512,152,524.737,560.018,525.602,0.0245
mixed,64,4,0.0625,4.0,16,16384,256,1024,304,538.72,601.568,538.481,-0.0038
mixed,64,4,0.0625,4.0,16,16384,512,2048,608,564.85,762.211,562.256,-0.0131
mixed,64,4,0.0625,4.0,16,16384,1024,4096,1216,604.658,815.107,602.257,-0.0114
mixed,64,4,0.0625,4.0,16,16384,2048,8192,2432,791.986,1438.085,774.544,-0.027
mixed,64,4,0.0625,4.0,16,16384,4096,16384,4864,929.568,2644.454,1129.428,0.1165
mixed,64,4,0.0625,4.0,16,16384,8192,32768,9728,1571.171,3913.32,1446.004,-0.0534
mixed,64,4,0.0625,4.0,64,0,128,512,152,155.553,190.065,157.28,0.05
mixed,64,4,0.0625,4.0,64,0,256,1024,304,170.208,230.145,197.762,0.4597
mixed,64,4,0.0625,4.0,64,0,512,2048,608,196.256,309.024,278.994,0.7337
mixed,64,4,0.0625,4.0,64,0,1024,4096,1216,245.793,471.345,439.169,0.8573
mixed,64,4,0.0625,4.0,64,0,2048,8192,2432,338.835,778.418,753.505,0.9433
mixed,64,4,0.0625,4.0,64,0,4096,16384,4864,528.449,1388.98,1376.883,0.9859
mixed,64,4,0.0625,4.0,64,0,8192,32768,9728,884.369,2641.015,2605.782,0.9799
mixed,64,4,0.0625,4.0,64,512,128,512,152,198.722,230.416,222.786,0.7593
mixed,64,4,0.0625,4.0,64,512,256,1024,304,211.488,271.01,263.106,0.8672
mixed,64,4,0.0625,4.0,64,512,512,2048,608,237.235,352.786,343.281,0.9177
mixed,64,4,0.0625,4.0,64,512,1024,4096,1216,287.393,517.458,501.634,0.9312
mixed,64,4,0.0625,4.0,64,512,2048,8192,2432,385.362,833.796,812.593,0.9527
mixed,64,4,0.0625,4.0,64,512,4096,16384,4864,574.61,1465.378,1431.123,0.9615
mixed,64,4,0.0625,4.0,64,512,8192,32768,9728,952.53,2724.293,2648.9,0.9574
mixed,64,4,0.0625,4.0,64,2048,128,512,152,312.865,346.514,311.728,-0.0338
mixed,64,4,0.0625,4.0,64,2048,256,1024,304,328.513,389.169,324.847,-0.0604
mixed,64,4,0.0625,4.0,64,2048,512,2048,608,354.079,470.641,461.649,0.9229
mixed,64,4,0.0625,4.0,64,2048,1024,4096,1216,404.241,630.082,615.889,0.9372
mixed,64,4,0.0625,4.0,64,2048,2048,8192,2432,500.947,946.419,925.233,0.9524
mixed,64,4,0.0625,4.0,64,2048,4096,16384,4864,688.417,1571.892,1537.812,0.9614
mixed,64,4,0.0625,4.0,64,2048,8192,32768,9728,1061.746,2837.303,2765.558,0.9596
mixed,64,4,0.0625,4.0,64,8192,128,512,152,778.081,810.545,777.988,-0.0029
mixed,64,4,0.0625,4.0,64,8192,256,1024,304,793.57,853.152,789.987,-0.0601
mixed,64,4,0.0625,4.0,64,8192,512,2048,608,817.936,929.378,814.816,-0.028
mixed,64,4,0.0625,4.0,64,8192,1024,4096,1216,867.619,1086.884,854.437,-0.0601
mixed,64,4,0.0625,4.0,64,8192,2048,8192,2432,962.611,1401.682,1383.493,0.9586
mixed,64,4,0.0625,4.0,64,8192,4096,16384,4864,1145.106,2029.188,1997.781,0.9645
mixed,64,4,0.0625,4.0,64,8192,8192,32768,9728,1520.035,3295.191,3229.495,0.963
mixed,64,4,0.0625,4.0,64,16384,128,512,152,1348.532,1410.659,1352.915,0.0706
mixed,64,4,0.0625,4.0,64,16384,256,1024,304,1385.443,1452.116,1387.379,0.029
mixed,64,4,0.0625,4.0,64,16384,512,2048,608,1415.712,1527.54,1411.778,-0.0352
mixed,64,4,0.0625,4.0,64,16384,1024,4096,1216,1465.139,1688.036,1456.387,-0.0393
mixed,64,4,0.0625,4.0,64,16384,2048,8192,2432,1562.899,2003.765,1532.501,-0.069
mixed,64,4,0.0625,4.0,64,16384,4096,16384,4864,1745.524,2631.669,2601.477,0.9659
mixed,64,4,0.0625,4.0,64,16384,8192,32768,9728,2120.95,3886.409,3822.583,0.9638
mixed,64,4,0.0625,4.0,256,0,128,512,152,326.767,359.121,326.049,-0.0222
mixed,64,4,0.0625,4.0,256,0,256,1024,304,336.207,396.065,337.616,0.0235
mixed,64,4,0.0625,4.0,256,0,512,2048,608,363.392,476.817,367.617,0.0372
mixed,64,4,0.0625,4.0,256,0,1024,4096,1216,412.544,636.114,505.329,0.415
mixed,64,4,0.0625,4.0,256,0,2048,8192,2432,506.048,939.861,817.185,0.7172
mixed,64,4,0.0625,4.0,256,0,4096,16384,4864,690.239,1522.418,1433.668,0.8934
mixed,64,4,0.0625,4.0,256,0,8192,32768,9728,1052.034,2737.91,2660.121,0.9539
mixed,64,4,0.0625,4.0,256,512,128,512,152,487.107,518.558,486.738,-0.0117
mixed,64,4,0.0625,4.0,256,512,256,1024,304,501.794,561.028,498.241,-0.06
mixed,64,4,0.0625,4.0,256,512,512,2048,608,525.298,640.945,573.952,0.4207
mixed,64,4,0.0625,4.0,256,512,1024,4096,1216,575.922,801.17,728.627,0.6779
mixed,64,4,0.0625,4.0,256,512,2048,8192,2432,672.369,1114.083,1041.892,0.8366
mixed,64,4,0.0625,4.0,256,512,4096,16384,4864,856.292,1739.428,1654.642,0.904
mixed,64,4,0.0625,4.0,256,512,8192,32768,9728,1233.253,3002.825,2872.391,0.9263
mixed,64,4,0.0625,4.0,256,2048,128,512,152,941.492,975.777,940.497,-0.029
mixed,64,4,0.0625,4.0,256,2048,256,1024,304,953.443,1015.474,955.684,0.0361
mixed,64,4,0.0625,4.0,256,2048,512,2048,608,981.794,1093.714,976.069,-0.0512
mixed,64,4,0.0625,4.0,256,2048,1024,4096,1216,1030.74,1248.948,1072.192,0.19
mixed,64,4,0.0625,4.0,256,2048,2048,8192,2432,1124.034,1571.203,1376.851,0.5654
mixed,64,4,0.0625,4.0,256,2048,4096,16384,4864,1308.212,2196.037,1991.956,0.7701
mixed,64,4,0.0625,4.0,256,2048,8192,32768,9728,1683.126,3457.016,3226.345,0.87
mixed,64,4,0.0625,4.0,256,8192,128,512,152,2722.247,2737.992,2734.47,0.7763
mixed,64,4,0.0625,4.0,256,8192,256,1024,304,2726.231,2807.704,2728.213,0.0243
mixed,64,4,0.0625,4.0,256,8192,512,2048,608,2740.102,2895.91,2728.694,-0.0732
mixed,64,4,0.0625,4.0,256,8192,1024,4096,1216,2825.144,3057.081,2813.285,-0.0511
mixed,64,4,0.0625,4.0,256,8192,2048,8192,2432,2922.201,3374.553,2898.888,-0.0515
mixed,64,4,0.0625,4.0,256,8192,4096,16384,4864,3108.953,3992.903,3346.825,0.2691
mixed,64,4,0.0625,4.0,256,8192,8192,32768,9728,3480.504,5257.342,4573.595,0.6152
mixed,64,4,0.0625,4.0,256,16384,128,512,152,5135.74,5136.351,5136.539,1.3088
mixed,64,4,0.0625,4.0,256,16384,256,1024,304,5138.526,5129.709,5134.782,
mixed,64,4,0.0625,4.0,256,16384,512,2048,608,5131.519,5299.515,5133.434,0.0114
mixed,64,4,0.0625,4.0,256,16384,1024,4096,1216,5133.164,5459.022,5126.238,-0.0213
mixed,64,4,0.0625,4.0,256,16384,2048,8192,2432,5343.485,5778.992,5309.436,-0.0782
mixed,64,4,0.0625,4.0,256,16384,4096,16384,4864,5519.021,6401.12,5463.12,-0.0634
mixed,64,4,0.0625,4.0,256,16384,8192,32768,9728,5890.815,7660.372,6392.016,0.2832
mixed,64,4,0.0625,4.0,1024,0,128,512,152,697.106,725.87,723.444,0.9156
mixed,64,4,0.0625,4.0,1024,0,256,1024,304,704.386,764.785,740.037,0.5903
mixed,64,4,0.0625,4.0,1024,0,512,2048,608,729.49,845.124,779.698,0.4342
mixed,64,4,0.0625,4.0,1024,0,1024,4096,1216,778.515,1005.496,863.971,0.3765
mixed,64,4,0.0625,4.0,1024,0,2048,8192,2432,874.964,1325.123,1023.874,0.3308
mixed,64,4,0.0625,4.0,1024,0,4096,16384,4864,1066.129,1947.159,1337.011,0.3075
mixed,64,4,0.0625,4.0,1024,0,8192,32768,9728,1435.426,3192.313,1957.527,0.2972
mixed,64,4,0.0625,4.0,1024,512,128,512,152,1099.767,1130.799,1126.064,0.8474
mixed,64,4,0.0625,4.0,1024,512,256,1024,304,1108.095,1169.489,1145.68,0.6122
mixed,64,4,0.0625,4.0,1024,512,512,2048,608,1132.434,1246.693,1187.218,0.4795
mixed,64,4,0.0625,4.0,1024,512,1024,4096,1216,1180.391,1410.417,1267.728,0.3797
mixed,64,4,0.0625,4.0,1024,512,2048,8192,2432,1276.66,1724.756,1425.108,0.3313
mixed,64,4,0.0625,4.0,1024,512,4096,16384,4864,1469.43,2346.441,1739.572,0.308
mixed,64,4,0.0625,4.0,1024,512,8192,32768,9728,1841.681,3603.255,2361.911,0.2953
mixed,64,4,0.0625,4.0,1024,2048,128,512,152,1794.356,1826.806,1821.363,0.8323
mixed,64,4,0.0625,4.0,1024,2048,256,1024,304,1805.464,1867.318,1840.036,0.5589
mixed,64,4,0.0625,4.0,1024,2048,512,2048,608,1833.828,1938.981,1879.063,0.4302
mixed,64,4,0.0625,4.0,1024,2048,1024,4096,1216,1876.419,2098.806,1960.036,0.376
mixed,64,4,0.0625,4.0,1024,2048,2048,8192,2432,1973.652,2413.048,2120.615,0.3345
mixed,64,4,0.0625,4.0,1024,2048,4096,16384,4864,2155.061,3044.312,2433.22,0.3128
mixed,64,4,0.0625,4.0,1024,2048,8192,32768,9728,2533.622,4290.382,3044.28,0.2907
mixed,64,4,0.0625,4.0,1024,8192,128,512,152,4605.576,4634.016,4624.671,0.6714
mixed,64,4,0.0625,4.0,1024,8192,256,1024,304,4633.386,4674.283,4648.172,0.3615
mixed,64,4,0.0625,4.0,1024,8192,512,2048,608,4633.258,4757.483,4701.691,0.5509
mixed,64,4,0.0625,4.0,1024,8192,1024,4096,1216,4684.828,4903.149,4763.484,0.3603
mixed,64,4,0.0625,4.0,1024,8192,2048,8192,2432,4777.209,5218.414,4915.664,0.3138
mixed,64,4,0.0625,4.0,1024,8192,4096,16384,4864,4951.659,5840.829,5241.02,0.3254
mixed,64,4,0.0625,4.0,1024,8192,8192,32768,9728,5336.411,7100.498,5852.03,0.2923
mixed,64,4,0.0625,4.0,1024,16384,128,512,152,8345.397,8377.222,8358.984,0.4269
mixed,64,4,0.0625,4.0,1024,16384,256,1024,304,8351.957,8407.576,8378.533,0.4778
mixed,64,4,0.0625,4.0,1024,16384,512,2048,608,8384.47,8491.431,8431.432,0.4391
mixed,64,4,0.0625,4.0,1024,16384,1024,4096,1216,8418.965,8645.399,8501.749,0.3656
mixed,64,4,0.0625,4.0,1024,16384,2048,8192,2432,8502.936,8957.176,8653.579,0.3316
mixed,64,4,0.0625,4.0,1024,16384,4096,16384,4864,8691.863,9585.798,8962.745,0.303
mixed,64,4,0.0625,4.0,1024,16384,8192,32768,9728,9076.549,10830.138,9587.275,0.2912
mixed,64,4,0.0625,4.0,4096,0,128,512,152,3732.398,3765.786,3761.658,0.8764
mixed,64,4,0.0625,4.0,4096,0,256,1024,304,3745.37,3798.922,3778.841,0.625
mixed,64,4,0.0625,4.0,4096,0,512,2048,608,3760.872,3879.959,3816.572,0.4677
mixed,64,4,0.0625,4.0,4096,0,1024,4096,1216,3815.387,4040.153,3899.371,0.3737
mixed,64,4,0.0625,4.0,4096,0,2048,8192,2432,3910.108,4344.86,4058.236,0.3407
mixed,64,4,0.0625,4.0,4096,0,4096,16384,4864,4090.475,4977.44,4360.956,0.305
mixed,64,4,0.0625,4.0,4096,0,8192,32768,9728,4470.412,6231.237,4984.637,0.292
mixed,64,4,0.0625,4.0,4096,512,128,512,152,4867.951,4886.557,4885.648,0.9511
mixed,64,4,0.0625,4.0,4096,512,256,1024,304,4872.81,4924.012,4896.734,0.4673
mixed,64,4,0.0625,4.0,4096,512,512,2048,608,4888.461,5009.903,4941.118,0.4336
mixed,64,4,0.0625,4.0,4096,512,1024,4096,1216,4945.535,5158.91,5015.344,0.3272
mixed,64,4,0.0625,4.0,4096,512,2048,8192,2432,5052.796,5470.526,5181.293,0.3076
mixed,64,4,0.0625,4.0,4096,512,4096,16384,4864,5218.332,6093.809,5494.333,0.3153
mixed,64,4,0.0625,4.0,4096,512,8192,32768,9728,5589.083,7351.89,6110.546,0.2958
mixed,64,4,0.0625,4.0,4096,2048,128,512,152,6802.712,6824.302,6827.411,1.144
mixed,64,4,0.0625,4.0,4096,2048,256,1024,304,6825.401,6866.001,6847.682,0.5488
mixed,64,4,0.0625,4.0,4096,2048,512,2048,608,6852.45,6946.242,6882.657,0.3221
mixed,64,4,0.0625,4.0,4096,2048,1024,4096,1216,6882.164,7108.257,6962.785,0.3566
mixed,64,4,0.0625,4.0,4096,2048,2048,8192,2432,6985.555,7417.685,7132.354,0.3397
mixed,64,4,0.0625,4.0,4096,2048,4096,16384,4864,7164.495,8042.934,7434.069,0.3069
mixed,64,4,0.0625,4.0,4096,2048,8192,32768,9728,7533.992,9323.307,8056.02,0.2917
mixed,64,4,0.0625,4.0,4096,8192,128,512,152,14677.751,14814.822,15117.358,3.2071
mixed,64,4,0.0625,4.0,4096,8192,256,1024,304,14806.639,14911.822,14806.264,-0.0036
mixed,64,4,0.0625,4.0,4096,8192,512,2048,608,14717.227,14832.282,14915.625,1.7244
mixed,64,4,0.0625,4.0,4096,8192,1024,4096,1216,14757.245,15041.047,14845.302,0.3103
mixed,64,4,0.0625,4.0,4096,8192,2048,8192,2432,14849.255,15279.992,14999.885,0.3497
mixed,64,4,0.0625,4.0,4096,8192,4096,16384,4864,15128.904,15890.38,15644.543,0.6772
mixed,64,4,0.0625,4.0,4096,8192,8192,32768,9728,15415.322,17240.288,15930.068,0.2821
mixed,64,4,0.0625,4.0,4096,16384,128,512,152,26270.869,26045.658,26141.704,
mixed,64,4,0.0625,4.0,4096,16384,256,1024,304,26418.044,26605.121,25763.573,-3.4984
mixed,64,4,0.0625,4.0,4096,16384,512,2048,608,26647.295,26235.901,25891.736,
mixed,64,4,0.0625,4.0,4096,16384,1024,4096,1216,25760.51,27188.798,26100.353,0.2379
mixed,64,4,0.0625,4.0,4096,16384,2048,8192,2432,26785.47,25935.327,26151.169,
mixed,64,4,0.0625,4.0,4096,16384,4096,16384,4864,26527.62,26916.784,26570.48,0.1101
mixed,64,4,0.0625,4.0,4096,16384,8192,32768,9728,27012.052,27877.927,26650.97,-0.417
pure,64,8,0.125,4.0,0,0,128,512,176,105.168,172.864,175.375,1.0371
pure,64,8,0.125,4.0,0,0,256,1024,352,160.401,210.528,195.504,0.7003
pure,64,8,0.125,4.0,0,0,512,2048,704,186.033,290.127,236.464,0.4845
pure,64,8,0.125,4.0,0,0,1024,4096,1408,240.416,454.098,316.751,0.3572
pure,64,8,0.125,4.0,0,0,2048,8192,2816,354.96,770.034,476.578,0.293
pure,64,8,0.125,4.0,0,0,4096,16384,5632,574.048,1394.371,788.531,0.2615
pure,64,8,0.125,4.0,0,0,8192,32768,11264,1004.42,2639.416,1408.709,0.2473
mixed,64,8,0.125,4.0,16,0,128,512,176,142.895,209.393,187.441,0.6699
mixed,64,8,0.125,4.0,16,0,256,1024,352,193.536,247.407,217.12,0.4378
mixed,64,8,0.125,4.0,16,0,512,2048,704,223.346,312.354,256.304,0.3703
mixed,64,8,0.125,4.0,16,0,1024,4096,1408,276.434,475.474,338.002,0.3093
mixed,64,8,0.125,4.0,16,0,2048,8192,2816,377.329,791.443,497.266,0.2896
mixed,64,8,0.125,4.0,16,0,4096,16384,5632,592.45,1411.573,809.121,0.2645
mixed,64,8,0.125,4.0,16,0,8192,32768,11264,1024.309,2658.793,1425.716,0.2456
mixed,64,8,0.125,4.0,16,512,128,512,176,202.72,246.224,217.632,0.3428
mixed,64,8,0.125,4.0,16,512,256,1024,352,215.443,289.616,210.656,-0.0645
mixed,64,8,0.125,4.0,16,512,512,2048,704,261.057,371.81,257.619,-0.031
mixed,64,8,0.125,4.0,16,512,1024,4096,1408,322.193,536.002,336.435,0.0666
mixed,64,8,0.125,4.0,16,512,2048,8192,2816,434.386,846.435,495.247,0.1477
mixed,64,8,0.125,4.0,16,512,4096,16384,5632,652.114,1472.147,809.954,0.1925
mixed,64,8,0.125,4.0,16,512,8192,32768,11264,1079.714,2717.0,1425.828,0.2114
mixed,64,8,0.125,4.0,16,2048,128,512,176,250.465,263.393,252.305,0.1423
mixed,64,8,0.125,4.0,16,2048,256,1024,352,267.842,347.552,269.169,0.0166
mixed,64,8,0.125,4.0,16,2048,512,2048,704,293.537,489.249,309.823,0.0832
mixed,64,8,0.125,4.0,16,2048,1024,4096,1408,388.624,651.203,334.387,-0.2066
mixed,64,8,0.125,4.0,16,2048,2048,8192,2816,551.457,965.507,497.568,-0.1301
mixed,64,8,0.125,4.0,16,2048,4096,16384,5632,767.25,1583.458,808.756,0.0509
mixed,64,8,0.125,4.0,16,2048,8192,32768,11264,1194.035,2830.631,1429.827,0.1441
mixed,64,8,0.125,4.0,16,8192,128,512,176,367.329,384.289,373.457,0.3613
mixed,64,8,0.125,4.0,16,8192,256,1024,352,386.258,481.107,413.362,0.2858
mixed,64,8,0.125,4.0,16,8192,512,2048,704,450.945,505.361,441.25,-0.1782
mixed,64,8,0.125,4.0,16,8192,1024,4096,1408,515.04,820.065,489.921,-0.0824
mixed,64,8,0.125,4.0,16,8192,2048,8192,2816,625.393,1413.315,666.081,0.0516
mixed,64,8,0.125,4.0,16,8192,4096,16384,5632,1031.971,2047.781,803.569,-0.2248
mixed,64,8,0.125,4.0,16,8192,8192,32768,11264,1656.818,3311.737,1431.458,-0.1362
mixed,64,8,0.125,4.0,16,16384,128,512,176,526.369,559.601,524.769,-0.0481
mixed,64,8,0.125,4.0,16,16384,256,1024,352,543.841,600.898,540.788,-0.0535
mixed,64,8,0.125,4.0,16,16384,512,2048,704,573.073,762.386,653.601,0.4254
mixed,64,8,0.125,4.0,16,16384,1024,4096,1408,662.897,813.919,646.496,-0.1086
mixed,64,8,0.125,4.0,16,16384,2048,8192,2816,830.707,1439.97,778.962,-0.0849
mixed,64,8,0.125,4.0,16,16384,4096,16384,5632,1047.266,2645.126,1131.139,0.0525
mixed,64,8,0.125,4.0,16,16384,8192,32768,11264,1874.372,3897.85,1418.753,-0.2252
mixed,64,8,0.125,4.0,64,0,128,512,176,157.504,190.32,174.609,0.5212
mixed,64,8,0.125,4.0,64,0,256,1024,352,174.464,229.441,198.482,0.4369
mixed,64,8,0.125,4.0,64,0,512,2048,704,205.808,308.658,280.001,0.7214
mixed,64,8,0.125,4.0,64,0,1024,4096,1408,258.994,470.064,443.569,0.8745
mixed,64,8,0.125,4.0,64,0,2048,8192,2816,372.753,777.808,753.649,0.9404
mixed,64,8,0.125,4.0,64,0,4096,16384,5632,587.058,1390.851,1371.106,0.9754
mixed,64,8,0.125,4.0,64,0,8192,32768,11264,1004.115,2639.271,2603.493,0.9781
mixed,64,8,0.125,4.0,64,512,128,512,176,199.058,229.904,223.279,0.7852
mixed,64,8,0.125,4.0,64,512,256,1024,352,215.184,270.993,264.641,0.8862
mixed,64,8,0.125,4.0,64,512,512,2048,704,247.118,355.265,345.615,0.9108
mixed,64,8,0.125,4.0,64,512,1024,4096,1408,302.001,516.001,506.449,0.9554
mixed,64,8,0.125,4.0,64,512,2048,8192,2816,418.05,834.499,816.64,0.9571
mixed,64,8,0.125,4.0,64,512,4096,16384,5632,637.634,1466.308,1429.86,0.956
mixed,64,8,0.125,4.0,64,512,8192,32768,11264,1068.339,2724.295,2657.416,0.9596
mixed,64,8,0.125,4.0,64,2048,128,512,176,314.657,345.426,338.913,0.7883
mixed,64,8,0.125,4.0,64,2048,256,1024,352,333.44,388.593,381.745,0.8758
mixed,64,8,0.125,4.0,64,2048,512,2048,704,363.073,471.409,464.176,0.9332
mixed,64,8,0.125,4.0,64,2048,1024,4096,1408,420.865,630.097,621.249,0.9577
mixed,64,8,0.125,4.0,64,2048,2048,8192,2816,534.066,947.266,928.659,0.955
mixed,64,8,0.125,4.0,64,2048,4096,16384,5632,746.146,1571.813,1542.13,0.964
mixed,64,8,0.125,4.0,64,2048,8192,32768,11264,1176.803,2839.064,2765.318,0.9556
mixed,64,8,0.125,4.0,64,8192,128,512,176,778.272,810.418,778.21,-0.0019
mixed,64,8,0.125,4.0,64,8192,256,1024,352,797.555,851.075,790.37,-0.1343
mixed,64,8,0.125,4.0,64,8192,512,2048,704,826.611,929.075,815.57,-0.1078
mixed,64,8,0.125,4.0,64,8192,1024,4096,1408,880.371,1092.178,1077.264,0.9296
mixed,64,8,0.125,4.0,64,8192,2048,8192,2816,991.217,1398.562,1387.445,0.9727
mixed,64,8,0.125,4.0,64,8192,4096,16384,5632,1204.867,2027.811,1998.628,0.9645
mixed,64,8,0.125,4.0,64,8192,8192,32768,11264,1636.276,3291.769,3234.202,0.9652
mixed,64,8,0.125,4.0,64,16384,128,512,176,1346.884,1409.844,1353.747,0.109
mixed,64,8,0.125,4.0,64,16384,256,1024,352,1392.53,1451.923,1387.716,-0.0811
mixed,64,8,0.125,4.0,64,16384,512,2048,704,1425.926,1528.422,1414.643,-0.1101
mixed,64,8,0.125,4.0,64,16384,1024,4096,1408,1483.139,1684.804,1454.788,-0.1406
mixed,64,8,0.125,4.0,64,16384,2048,8192,2816,1590.531,1999.044,1988.58,0.9744
mixed,64,8,0.125,4.0,64,16384,4096,16384,5632,1802.981,2623.125,2599.828,0.9716
mixed,64,8,0.125,4.0,64,16384,8192,32768,11264,2240.519,3892.107,3828.312,0.9614
mixed,64,8,0.125,4.0,256,0,128,512,176,330.115,358.481,326.384,-0.1315
mixed,64,8,0.125,4.0,256,0,256,1024,352,342.002,399.679,342.049,0.0008
mixed,64,8,0.125,4.0,256,0,512,2048,704,371.793,476.176,379.042,0.0694
mixed,64,8,0.125,4.0,256,0,1024,4096,1408,425.937,632.867,509.282,0.4028
mixed,64,8,0.125,4.0,256,0,2048,8192,2816,538.161,936.195,816.643,0.6996
mixed,64,8,0.125,4.0,256,0,4096,16384,5632,748.499,1525.588,1433.636,0.8817
mixed,64,8,0.125,4.0,256,0,8192,32768,11264,1165.124,2736.601,2657.015,0.9494
mixed,64,8,0.125,4.0,256,512,128,512,176,488.099,518.368,487.312,-0.026
mixed,64,8,0.125,4.0,256,512,256,1024,352,502.577,560.69,498.72,-0.0664
mixed,64,8,0.125,4.0,256,512,512,2048,704,534.001,639.84,574.113,0.379
mixed,64,8,0.125,4.0,256,512,1024,4096,1408,591.762,798.659,732.305,0.6793
mixed,64,8,0.125,4.0,256,512,2048,8192,2816,700.561,1114.116,1039.122,0.8187
mixed,64,8,0.125,4.0,256,512,4096,16384,5632,914.24,1743.3,1654.18,0.8925
mixed,64,8,0.125,4.0,256,512,8192,32768,11264,1346.018,3006.888,2887.574,0.9282
mixed,64,8,0.125,4.0,256,2048,128,512,176,946.099,974.899,945.139,-0.0333
mixed,64,8,0.125,4.0,256,2048,256,1024,352,960.563,1013.395,957.394,-0.06
mixed,64,8,0.125,4.0,256,2048,512,2048,704,991.202,1093.825,979.523,-0.1138
mixed,64,8,0.125,4.0,256,2048,1024,4096,1408,1047.346,1255.138,1072.42,0.1207
mixed,64,8,0.125,4.0,256,2048,2048,8192,2816,1152.931,1567.782,1380.499,0.5486
mixed,64,8,0.125,4.0,256,2048,4096,16384,5632,1367.251,2191.509,1996.117,0.7629
mixed,64,8,0.125,4.0,256,2048,8192,32768,11264,1804.243,3455.93,3234.36,0.8659
mixed,64,8,0.125,4.0,256,8192,128,512,176,2742.821,2724.581,2726.534,
mixed,64,8,0.125,4.0,256,8192,256,1024,352,2729.094,2809.514,2727.88,-0.0151
mixed,64,8,0.125,4.0,256,8192,512,2048,704,2725.638,2897.543,2735.703,0.0585
mixed,64,8,0.125,4.0,256,8192,1024,4096,1408,2842.827,3048.488,2819.077,-0.1155
mixed,64,8,0.125,4.0,256,8192,2048,8192,2816,2953.336,3365.591,2899.781,-0.1299
mixed,64,8,0.125,4.0,256,8192,4096,16384,5632,3166.36,3999.098,3345.688,0.2153
mixed,64,8,0.125,4.0,256,8192,8192,32768,11264,3597.017,5261.773,4593.533,0.5986
mixed,64,8,0.125,4.0,256,16384,128,512,176,5131.18,5134.588,5131.628,0.1315
mixed,64,8,0.125,4.0,256,16384,256,1024,352,5129.101,5134.636,5134.38,0.9538
mixed,64,8,0.125,4.0,256,16384,512,2048,704,5151.309,5295.309,5132.0,-0.1341
mixed,64,8,0.125,4.0,256,16384,1024,4096,1408,5133.537,5460.303,5145.535,0.0367
mixed,64,8,0.125,4.0,256,16384,2048,8192,2816,5365.791,5772.83,5303.532,-0.153
mixed,64,8,0.125,4.0,256,16384,4096,16384,5632,5576.797,6393.409,5465.886,-0.1358
mixed,64,8,0.125,4.0,256,16384,8192,32768,11264,6012.159,7662.516,6396.511,0.2329
mixed,64,8,0.125,4.0,1024,0,128,512,176,697.682,723.248,728.197,1.1936
mixed,64,8,0.125,4.0,1024,0,256,1024,352,711.523,765.588,751.248,0.7348
mixed,64,8,0.125,4.0,1024,0,512,2048,704,736.629,840.9,791.856,0.5297
mixed,64,8,0.125,4.0,1024,0,1024,4096,1408,789.777,1005.585,872.64,0.384
mixed,64,8,0.125,4.0,1024,0,2048,8192,2816,905.33,1320.947,1027.121,0.293
mixed,64,8,0.125,4.0,1024,0,4096,16384,5632,1125.184,1943.954,1339.327,0.2615
mixed,64,8,0.125,4.0,1024,0,8192,32768,11264,1558.754,3200.359,1961.044,0.2451
mixed,64,8,0.125,4.0,1024,512,128,512,176,1100.453,1132.319,1132.197,0.9962
mixed,64,8,0.125,4.0,1024,512,256,1024,352,1117.185,1173.861,1152.338,0.6203
mixed,64,8,0.125,4.0,1024,512,512,2048,704,1148.306,1246.612,1196.576,0.491
mixed,64,8,0.125,4.0,1024,512,1024,4096,1408,1194.736,1409.221,1274.901,0.3738
mixed,64,8,0.125,4.0,1024,512,2048,8192,2816,1310.513,1730.164,1433.074,0.2921
mixed,64,8,0.125,4.0,1024,512,4096,16384,5632,1529.523,2350.933,1743.321,0.2603
mixed,64,8,0.125,4.0,1024,512,8192,32768,11264,1964.099,3605.157,2361.282,0.242
mixed,64,8,0.125,4.0,1024,2048,128,512,176,1799.651,1824.849,1831.203,1.2522
mixed,64,8,0.125,4.0,1024,2048,256,1024,352,1813.219,1866.566,1848.692,0.6649
mixed,64,8,0.125,4.0,1024,2048,512,2048,704,1837.025,1944.74,1889.362,0.4859
mixed,64,8,0.125,4.0,1024,2048,1024,4096,1408,1887.06,2096.358,1964.289,0.369
mixed,64,8,0.125,4.0,1024,2048,2048,8192,2816,2000.073,2412.946,2121.414,0.2939
mixed,64,8,0.125,4.0,1024,2048,4096,16384,5632,2216.691,3034.964,2429.636,0.2602
mixed,64,8,0.125,4.0,1024,2048,8192,32768,11264,2647.671,4289.193,3049.442,0.2448
mixed,64,8,0.125,4.0,1024,8192,128,512,176,4608.458,4636.86,4645.9,1.3183
mixed,64,8,0.125,4.0,1024,8192,256,1024,352,4625.82,4673.067,4655.836,0.6353
mixed,64,8,0.125,4.0,1024,8192,512,2048,704,4663.305,4730.634,4695.902,0.4841
mixed,64,8,0.125,4.0,1024,8192,1024,4096,1408,4694.843,4900.252,4774.89,0.3897
mixed,64,8,0.125,4.0,1024,8192,2048,8192,2816,4812.614,5217.726,4924.631,0.2765
mixed,64,8,0.125,4.0,1024,8192,4096,16384,5632,5030.953,5841.628,5250.388,0.2707
mixed,64,8,0.125,4.0,1024,8192,8192,32768,11264,5449.468,7104.076,5853.962,0.2445
mixed,64,8,0.125,4.0,1024,16384,128,512,176,8353.864,8369.999,8373.983,1.247
mixed,64,8,0.125,4.0,1024,16384,256,1024,352,8359.233,8393.285,8393.204,0.9976
mixed,64,8,0.125,4.0,1024,16384,512,2048,704,8391.614,8481.95,8448.885,0.634
mixed,64,8,0.125,4.0,1024,16384,1024,4096,1408,8432.606,8649.579,8511.215,0.3623
mixed,64,8,0.125,4.0,1024,16384,2048,8192,2816,8547.521,8943.84,8656.818,0.2758
mixed,64,8,0.125,4.0,1024,16384,4096,16384,5632,8749.489,9572.326,8953.123,0.2475
mixed,64,8,0.125,4.0,1024,16384,8192,32768,11264,9190.242,10834.486,9577.155,0.2353
mixed,64,8,0.125,4.0,4096,0,128,512,176,3737.579,3757.914,3766.214,1.4081
mixed,64,8,0.125,4.0,4096,0,256,1024,352,3741.669,3804.059,3787.769,0.7389
mixed,64,8,0.125,4.0,4096,0,512,2048,704,3774.682,3877.912,3824.472,0.4823
mixed,64,8,0.125,4.0,4096,0,1024,4096,1408,3834.713,4035.18,3908.283,0.367
mixed,64,8,0.125,4.0,4096,0,2048,8192,2816,3937.324,4348.635,4058.985,0.2958
mixed,64,8,0.125,4.0,4096,0,4096,16384,5632,4152.78,4980.378,4383.646,0.279
mixed,64,8,0.125,4.0,4096,0,8192,32768,11264,4579.946,6220.417,4988.288,0.2489
mixed,64,8,0.125,4.0,4096,512,128,512,176,4853.422,4878.043,4885.021,1.2834
mixed,64,8,0.125,4.0,4096,512,256,1024,352,4865.773,4925.265,4904.511,0.6511
mixed,64,8,0.125,4.0,4096,512,512,2048,704,4899.677,5011.294,4939.372,0.3556
mixed,64,8,0.125,4.0,4096,512,1024,4096,1408,4958.282,5164.493,5035.388,0.3739
mixed,64,8,0.125,4.0,4096,512,2048,8192,2816,5066.796,5475.84,5187.987,0.2963
mixed,64,8,0.125,4.0,4096,512,4096,16384,5632,5272.959,6096.062,5511.789,0.2902
mixed,64,8,0.125,4.0,4096,512,8192,32768,11264,5709.213,7345.012,6111.072,0.2457
mixed,64,8,0.125,4.0,4096,2048,128,512,176,6811.332,6837.73,6826.408,0.5711
mixed,64,8,0.125,4.0,4096,2048,256,1024,352,6832.628,6890.659,6848.435,0.2724
mixed,64,8,0.125,4.0,4096,2048,512,2048,704,6843.779,6956.028,6892.526,0.4343
mixed,64,8,0.125,4.0,4096,2048,1024,4096,1408,6901.121,7109.479,6968.916,0.3254
mixed,64,8,0.125,4.0,4096,2048,2048,8192,2816,7025.445,7425.845,7147.396,0.3046
mixed,64,8,0.125,4.0,4096,2048,4096,16384,5632,7246.905,8041.591,7441.025,0.2443
mixed,64,8,0.125,4.0,4096,2048,8192,32768,11264,7649.059,9291.658,8063.158,0.2521
mixed,64,8,0.125,4.0,4096,8192,128,512,176,14668.103,14948.23,14719.208,0.1824
mixed,64,8,0.125,4.0,4096,8192,256,1024,352,15059.788,14996.105,15045.8,
mixed,64,8,0.125,4.0,4096,8192,512,2048,704,15005.833,15080.042,14838.056,-2.2609
mixed,64,8,0.125,4.0,4096,8192,1024,4096,1408,14998.989,15393.196,14856.372,-0.3618
mixed,64,8,0.125,4.0,4096,8192,2048,8192,2816,14956.935,15311.945,15411.962,1.2817
mixed,64,8,0.125,4.0,4096,8192,4096,16384,5632,15133.325,15914.184,15312.829,0.2299
mixed,64,8,0.125,4.0,4096,8192,8192,32768,11264,15524.253,17173.807,15939.005,0.2514
mixed,64,8,0.125,4.0,4096,16384,128,512,176,26049.997,26024.599,25651.889,
mixed,64,8,0.125,4.0,4096,16384,256,1024,352,25816.073,26547.499,25885.355,0.0947
mixed,64,8,0.125,4.0,4096,16384,512,2048,704,25900.691,26356.609,26817.551,2.011
mixed,64,8,0.125,4.0,4096,16384,1024,4096,1408,26876.142,26214.755,26045.964,
mixed,64,8,0.125,4.0,4096,16384,2048,8192,2816,26276.909,25815.357,25814.03,
mixed,64,8,0.125,4.0,4096,16384,4096,16384,5632,26774.496,26416.925,26825.248,
mixed,64,8,0.125,4.0,4096,16384,8192,32768,11264,26518.667,28012.301,27068.628,0.3682
pure,64,16,0.25,4.0,0,0,128,512,224,109.905,171.042,177.01,1.0976
pure,64,16,0.25,4.0,0,0,256,1024,448,168.146,210.624,199.151,0.7299
pure,64,16,0.25,4.0,0,0,512,2048,896,200.417,289.73,260.721,0.6752
pure,64,16,0.25,4.0,0,0,1024,4096,1792,268.913,453.905,351.441,0.4461
pure,64,16,0.25,4.0,0,0,2048,8192,3584,412.976,769.233,538.292,0.3518
pure,64,16,0.25,4.0,0,0,4096,16384,7168,690.961,1393.812,907.555,0.3082
pure,64,16,0.25,4.0,0,0,8192,32768,14336,1238.803,2641.111,1628.274,0.2777
mixed,64,16,0.25,4.0,16,0,128,512,224,148.433,208.211,194.912,0.7775
mixed,64,16,0.25,4.0,16,0,256,1024,448,204.833,247.649,218.768,0.3255
mixed,64,16,0.25,4.0,16,0,512,2048,896,236.639,312.658,263.057,0.3475
mixed,64,16,0.25,4.0,16,0,1024,4096,1792,291.04,475.105,375.713,0.46
mixed,64,16,0.25,4.0,16,0,2048,8192,3584,435.427,791.857,561.49,0.3537
mixed,64,16,0.25,4.0,16,0,4096,16384,7168,713.778,1414.995,927.602,0.3049
mixed,64,16,0.25,4.0,16,0,8192,32768,14336,1253.683,2661.544,1646.291,0.2789
mixed,64,16,0.25,4.0,16,512,128,512,224,216.768,246.305,229.026,0.415
mixed,64,16,0.25,4.0,16,512,256,1024,448,234.978,290.576,237.792,0.0506
mixed,64,16,0.25,4.0,16,512,512,2048,896,280.368,374.688,262.305,-0.1915
mixed,64,16,0.25,4.0,16,512,1024,4096,1792,352.416,534.818,343.794,-0.0473
mixed,64,16,0.25,4.0,16,512,2048,8192,3584,493.042,845.761,558.756,0.1863
mixed,64,16,0.25,4.0,16,512,4096,16384,7168,772.163,1465.733,919.86,0.213
mixed,64,16,0.25,4.0,16,512,8192,32768,14336,1314.451,2724.165,1642.374,0.2326
mixed,64,16,0.25,4.0,16,2048,128,512,224,260.094,261.698,251.105,-5.6062
mixed,64,16,0.25,4.0,16,2048,256,1024,448,251.68,346.641,261.073,0.0989
mixed,64,16,0.25,4.0,16,2048,512,2048,896,326.05,488.673,320.594,-0.0336
mixed,64,16,0.25,4.0,16,2048,1024,4096,1792,449.008,651.601,422.017,-0.1332
mixed,64,16,0.25,4.0,16,2048,2048,8192,3584,610.112,965.826,503.984,-0.2984
mixed,64,16,0.25,4.0,16,2048,4096,16384,7168,885.938,1584.851,816.083,-0.0999
mixed,64,16,0.25,4.0,16,2048,8192,32768,14336,1431.891,2842.278,1641.267,0.1485
mixed,64,16,0.25,4.0,16,8192,128,512,224,374.592,383.825,373.28,-0.1421
mixed,64,16,0.25,4.0,16,8192,256,1024,448,389.345,482.033,389.649,0.0033
mixed,64,16,0.25,4.0,16,8192,512,2048,896,470.978,504.178,443.12,-0.8391
mixed,64,16,0.25,4.0,16,8192,1024,4096,1792,494.754,818.658,494.867,0.0004
mixed,64,16,0.25,4.0,16,8192,2048,8192,3584,736.802,1413.779,675.92,-0.0899
mixed,64,16,0.25,4.0,16,8192,4096,16384,7168,1266.258,2048.564,1126.595,-0.1785
mixed,64,16,0.25,4.0,16,8192,8192,32768,14336,1897.735,3304.49,1438.979,-0.3261
mixed,64,16,0.25,4.0,16,16384,128,512,224,531.106,557.999,531.282,0.0065
mixed,64,16,0.25,4.0,16,16384,256,1024,448,553.361,601.552,574.193,0.4323
mixed,64,16,0.25,4.0,16,16384,512,2048,896,587.811,762.898,654.736,0.3822
mixed,64,16,0.25,4.0,16,16384,1024,4096,1792,744.498,812.896,686.514,-0.8477
mixed,64,16,0.25,4.0,16,16384,2048,8192,3584,806.483,1437.732,808.722,0.0035
mixed,64,16,0.25,4.0,16,16384,4096,16384,7168,1278.357,2645.463,1141.618,-0.1
mixed,64,16,0.25,4.0,16,16384,8192,32768,14336,2336.086,3899.529,2046.166,-0.1854
mixed,64,16,0.25,4.0,64,0,128,512,224,163.825,190.481,176.48,0.4747
mixed,64,16,0.25,4.0,64,0,256,1024,448,184.593,230.529,200.834,0.3536
mixed,64,16,0.25,4.0,64,0,512,2048,896,222.193,308.545,284.976,0.7271
mixed,64,16,0.25,4.0,64,0,1024,4096,1792,288.562,472.527,443.042,0.8397
mixed,64,16,0.25,4.0,64,0,2048,8192,3584,429.889,777.62,752.338,0.9273
mixed,64,16,0.25,4.0,64,0,4096,16384,7168,702.803,1391.204,1375.812,0.9776
mixed,64,16,0.25,4.0,64,0,8192,32768,14336,1241.988,2640.615,2598.631,0.97
mixed,64,16,0.25,4.0,64,512,128,512,224,203.247,230.545,222.879,0.7192
mixed,64,16,0.25,4.0,64,512,256,1024,448,225.777,272.13,263.856,0.8215
mixed,64,16,0.25,4.0,64,512,512,2048,896,261.698,353.314,347.778,0.9396
mixed,64,16,0.25,4.0,64,512,1024,4096,1792,331.152,517.889,508.224,0.9482
mixed,64,16,0.25,4.0,64,512,2048,8192,3584,476.657,831.858,814.755,0.9518
mixed,64,16,0.25,4.0,64,512,4096,16384,7168,753.908,1463.012,1429.173,0.9523
mixed,64,16,0.25,4.0,64,512,8192,32768,14336,1304.659,2724.807,2659.895,0.9543
mixed,64,16,0.25,4.0,64,2048,128,512,224,320.544,347.714,339.81,0.7091
mixed,64,16,0.25,4.0,64,2048,256,1024,448,342.002,388.93,384.066,0.8963
mixed,64,16,0.25,4.0,64,2048,512,2048,896,377.68,470.402,466.033,0.9529
mixed,64,16,0.25,4.0,64,2048,1024,4096,1792,449.233,630.449,623.313,0.9606
mixed,64,16,0.25,4.0,64,2048,2048,8192,3584,589.747,943.075,934.452,0.9756
mixed,64,16,0.25,4.0,64,2048,4096,16384,7168,869.141,1577.476,1542.691,0.9509
mixed,64,16,0.25,4.0,64,2048,8192,32768,14336,1415.909,2837.544,2785.016,0.9631
mixed,64,16,0.25,4.0,64,8192,128,512,224,783.537,811.76,778.817,-0.1673
mixed,64,16,0.25,4.0,64,8192,256,1024,448,809.185,852.193,844.884,0.8301
mixed,64,16,0.25,4.0,64,8192,512,2048,896,839.202,929.25,924.403,0.9462
mixed,64,16,0.25,4.0,64,8192,1024,4096,1792,908.002,1086.386,1079.554,0.9617
mixed,64,16,0.25,4.0,64,8192,2048,8192,3584,1051.602,1402.787,1385.443,0.9506
mixed,64,16,0.25,4.0,64,8192,4096,16384,7168,1321.972,2027.253,2003.349,0.9661
mixed,64,16,0.25,4.0,64,8192,8192,32768,14336,1873.746,3292.215,3231.079,0.9569
mixed,64,16,0.25,4.0,64,16384,128,512,224,1347.586,1410.147,1347.222,-0.0058
mixed,64,16,0.25,4.0,64,16384,256,1024,448,1402.947,1450.694,1390.115,-0.2687
mixed,64,16,0.25,4.0,64,16384,512,2048,896,1440.066,1528.803,1502.74,0.7063
mixed,64,16,0.25,4.0,64,16384,1024,4096,1792,1509.122,1684.71,1686.037,1.0076
mixed,64,16,0.25,4.0,64,16384,2048,8192,3584,1647.607,1996.935,1987.764,0.9737
mixed,64,16,0.25,4.0,64,16384,4096,16384,7168,1925.108,2636.117,2600.837,0.9504
mixed,64,16,0.25,4.0,64,16384,8192,32768,14336,2471.254,3890.057,3836.713,0.9624
mixed,64,16,0.25,4.0,256,0,128,512,224,334.288,356.608,337.792,0.1569
mixed,64,16,0.25,4.0,256,0,256,1024,448,352.559,398.657,355.088,0.0549
mixed,64,16,0.25,4.0,256,0,512,2048,896,385.25,475.475,384.738,-0.0057
mixed,64,16,0.25,4.0,256,0,1024,4096,1792,456.418,633.57,508.162,0.2921
mixed,64,16,0.25,4.0,256,0,2048,8192,3584,594.131,937.043,815.729,0.6462
mixed,64,16,0.25,4.0,256,0,4096,16384,7168,860.354,1523.892,1434.676,0.8655
mixed,64,16,0.25,4.0,256,0,8192,32768,14336,1370.851,2730.711,2667.705,0.9537
mixed,64,16,0.25,4.0,256,512,128,512,224,493.969,518.656,511.824,0.7232
mixed,64,16,0.25,4.0,256,512,256,1024,448,512.801,558.641,551.617,0.8468
mixed,64,16,0.25,4.0,256,512,512,2048,896,548.706,639.97,633.377,0.9278
mixed,64,16,0.25,4.0,256,512,1024,4096,1792,619.57,797.012,786.242,0.9393
mixed,64,16,0.25,4.0,256,512,2048,8192,3584,758.754,1109.332,1097.492,0.9662
mixed,64,16,0.25,4.0,256,512,4096,16384,7168,1037.859,1745.012,1714.405,0.9567
mixed,64,16,0.25,4.0,256,512,8192,32768,14336,1585.622,3004.007,2942.727,0.9568
mixed,64,16,0.25,4.0,256,2048,128,512,224,948.722,975.649,947.364,-0.0505
mixed,64,16,0.25,4.0,256,2048,256,1024,448,967.939,1016.418,956.019,-0.2459
mixed,64,16,0.25,4.0,256,2048,512,2048,896,1004.147,1092.691,1082.932,0.8898
mixed,64,16,0.25,4.0,256,2048,1024,4096,1792,1072.705,1249.923,1237.537,0.9301
mixed,64,16,0.25,4.0,256,2048,2048,8192,3584,1213.106,1567.062,1543.267,0.9328
mixed,64,16,0.25,4.0,256,2048,4096,16384,7168,1487.745,2201.798,2153.971,0.933
mixed,64,16,0.25,4.0,256,2048,8192,32768,14336,2040.711,3458.265,3379.303,0.9443
mixed,64,16,0.25,4.0,256,8192,128,512,224,2724.809,2721.768,2724.407,
mixed,64,16,0.25,4.0,256,8192,256,1024,448,2719.381,2811.173,2725.447,0.0661
mixed,64,16,0.25,4.0,256,8192,512,2048,896,2802.63,2903.143,2769.72,-0.3274
mixed,64,16,0.25,4.0,256,8192,1024,4096,1792,2876.151,3054.952,2822.311,-0.3011
mixed,64,16,0.25,4.0,256,8192,2048,8192,3584,3013.367,3371.16,3349.017,0.9381
mixed,64,16,0.25,4.0,256,8192,4096,16384,7168,3301.721,4009.099,3959.256,0.9295
mixed,64,16,0.25,4.0,256,8192,8192,32768,14336,3852.202,5251.901,5179.469,0.9483
mixed,64,16,0.25,4.0,256,16384,128,512,224,5134.377,5151.146,5134.637,0.0155
mixed,64,16,0.25,4.0,256,16384,256,1024,448,5132.413,5134.463,5139.022,3.2223
mixed,64,16,0.25,4.0,256,16384,512,2048,896,5134.876,5290.157,5130.909,-0.0255
mixed,64,16,0.25,4.0,256,16384,1024,4096,1792,5140.94,5463.628,5142.973,0.0063
mixed,64,16,0.25,4.0,256,16384,2048,8192,3584,5419.948,5777.871,5311.549,-0.3029
mixed,64,16,0.25,4.0,256,16384,4096,16384,7168,5691.28,6397.631,6375.742,0.969
mixed,64,16,0.25,4.0,256,16384,8192,32768,14336,6239.713,7666.916,7606.371,0.9576
mixed,64,16,0.25,4.0,1024,0,128,512,224,701.939,725.169,731.634,1.2783
mixed,64,16,0.25,4.0,1024,0,256,1024,448,719.953,764.834,750.786,0.687
mixed,64,16,0.25,4.0,1024,0,512,2048,896,756.048,842.527,815.682,0.6896
mixed,64,16,0.25,4.0,1024,0,1024,4096,1792,821.057,1008.723,907.857,0.4625
mixed,64,16,0.25,4.0,1024,0,2048,8192,3584,964.146,1323.25,1092.273,0.3568
mixed,64,16,0.25,4.0,1024,0,4096,16384,7168,1243.27,1942.885,1456.673,0.305
mixed,64,16,0.25,4.0,1024,0,8192,32768,14336,1789.157,3198.629,2178.388,0.2762
mixed,64,16,0.25,4.0,1024,512,128,512,224,1104.337,1127.843,1132.272,1.1884
mixed,64,16,0.25,4.0,1024,512,256,1024,448,1123.858,1168.704,1155.73,0.7107
mixed,64,16,0.25,4.0,1024,512,512,2048,896,1155.827,1245.956,1215.682,0.6641
mixed,64,16,0.25,4.0,1024,512,1024,4096,1792,1226.226,1410.311,1308.292,0.4458
mixed,64,16,0.25,4.0,1024,512,2048,8192,3584,1373.889,1729.83,1495.057,0.3404
mixed,64,16,0.25,4.0,1024,512,4096,16384,7168,1649.952,2351.448,1858.34,0.2971
mixed,64,16,0.25,4.0,1024,512,8192,32768,14336,2195.432,3601.559,2586.674,0.2782
mixed,64,16,0.25,4.0,1024,2048,128,512,224,1804.179,1823.701,1830.004,1.3229
mixed,64,16,0.25,4.0,1024,2048,256,1024,448,1818.1,1863.252,1851.201,0.7331
mixed,64,16,0.25,4.0,1024,2048,512,2048,896,1856.422,1937.811,1917.553,0.7511
mixed,64,16,0.25,4.0,1024,2048,1024,4096,1792,1920.805,2096.403,2006.292,0.4868
mixed,64,16,0.25,4.0,1024,2048,2048,8192,3584,2060.657,2409.414,2188.627,0.3669
mixed,64,16,0.25,4.0,1024,2048,4096,16384,7168,2335.925,3044.407,2547.094,0.2981
mixed,64,16,0.25,4.0,1024,2048,8192,32768,14336,2880.072,4290.729,3274.248,0.2794
mixed,64,16,0.25,4.0,1024,8192,128,512,224,4605.703,4626.6,4645.128,1.8867
mixed,64,16,0.25,4.0,1024,8192,256,1024,448,4627.333,4671.323,4670.154,0.9734
mixed,64,16,0.25,4.0,1024,8192,512,2048,896,4675.171,4755.016,4717.157,0.5259
mixed,64,16,0.25,4.0,1024,8192,1024,4096,1792,4729.822,4896.876,4814.059,0.5043
mixed,64,16,0.25,4.0,1024,8192,2048,8192,3584,4854.81,5210.168,5000.57,0.4102
mixed,64,16,0.25,4.0,1024,8192,4096,16384,7168,5134.89,5842.123,5345.113,0.2972
mixed,64,16,0.25,4.0,1024,8192,8192,32768,14336,5684.794,7093.086,6070.413,0.2738
mixed,64,16,0.25,4.0,1024,16384,128,512,224,8334.623,8361.631,8366.194,1.1689
mixed,64,16,0.25,4.0,1024,16384,256,1024,448,8377.182,8391.921,8390.023,0.8712
mixed,64,16,0.25,4.0,1024,16384,512,2048,896,8402.782,8471.875,8449.86,0.6814
mixed,64,16,0.25,4.0,1024,16384,1024,4096,1792,8469.285,8633.985,8542.162,0.4425
mixed,64,16,0.25,4.0,1024,16384,2048,8192,3584,8610.944,8946.486,8724.74,0.3391
mixed,64,16,0.25,4.0,1024,16384,4096,16384,7168,8861.474,9586.514,9066.385,0.2826
mixed,64,16,0.25,4.0,1024,16384,8192,32768,14336,9415.413,10820.817,9804.752,0.277
mixed,64,16,0.25,4.0,4096,0,128,512,224,3732.617,3759.59,3764.022,1.1643
mixed,64,16,0.25,4.0,4096,0,256,1024,448,3761.064,3797.193,3786.65,0.7082
mixed,64,16,0.25,4.0,4096,0,512,2048,896,3784.231,3892.714,3852.249,0.627
mixed,64,16,0.25,4.0,4096,0,1024,4096,1792,3856.823,4033.591,3938.183,0.4603
mixed,64,16,0.25,4.0,4096,0,2048,8192,3584,3995.862,4345.721,4134.553,0.3964
mixed,64,16,0.25,4.0,4096,0,4096,16384,7168,4272.04,4971.703,4484.136,0.3031
mixed,64,16,0.25,4.0,4096,0,8192,32768,14336,4813.238,6228.975,5210.812,0.2808
mixed,64,16,0.25,4.0,4096,512,128,512,224,4860.383,4879.835,4905.819,2.3358
mixed,64,16,0.25,4.0,4096,512,256,1024,448,4877.11,4922.523,4904.956,0.6132
mixed,64,16,0.25,4.0,4096,512,512,2048,896,4911.339,5003.934,4975.448,0.6924
mixed,64,16,0.25,4.0,4096,512,1024,4096,1792,4981.835,5173.74,5064.314,0.4298
mixed,64,16,0.25,4.0,4096,512,2048,8192,3584,5127.131,5465.533,5249.562,0.3618
mixed,64,16,0.25,4.0,4096,512,4096,16384,7168,5395.978,6093.931,5612.028,0.3095
mixed,64,16,0.25,4.0,4096,512,8192,32768,14336,5948.219,7341.503,6336.426,0.2786
mixed,64,16,0.25,4.0,4096,2048,128,512,224,6807.307,6844.047,6835.663,0.7718
mixed,64,16,0.25,4.0,4096,2048,256,1024,448,6825.023,6869.038,6856.799,0.7219
mixed,64,16,0.25,4.0,4096,2048,512,2048,896,6860.782,6949.071,6921.601,0.6889
mixed,64,16,0.25,4.0,4096,2048,1024,4096,1792,6933.739,7104.156,7005.583,0.4216
mixed,64,16,0.25,4.0,4096,2048,2048,8192,3584,7065.792,7412.555,7195.984,0.3754
mixed,64,16,0.25,4.0,4096,2048,4096,16384,7168,7342.34,8058.051,7553.441,0.295
mixed,64,16,0.25,4.0,4096,2048,8192,32768,14336,7882.051,9286.229,8281.155,0.2842
mixed,64,16,0.25,4.0,4096,8192,128,512,224,14676.912,15106.513,15162.604,1.1306
mixed,64,16,0.25,4.0,4096,8192,256,1024,448,14697.899,14762.763,15247.155,8.4678
mixed,64,16,0.25,4.0,4096,8192,512,2048,896,14835.792,14820.322,14885.088,
mixed,64,16,0.25,4.0,4096,8192,1024,4096,1792,14931.238,15160.834,14951.886,0.0899
mixed,64,16,0.25,4.0,4096,8192,2048,8192,3584,15120.316,15299.014,15049.341,-0.3972
mixed,64,16,0.25,4.0,4096,8192,4096,16384,7168,15206.299,15895.165,15526.302,0.4645
mixed,64,16,0.25,4.0,4096,8192,8192,32768,14336,15761.081,17143.105,16174.478,0.2991
mixed,64,16,0.25,4.0,4096,16384,128,512,224,26886.998,26450.552,26743.326,
mixed,64,16,0.25,4.0,4096,16384,256,1024,448,26562.991,26377.391,26813.029,
mixed,64,16,0.25,4.0,4096,16384,512,2048,896,26196.196,26726.857,26573.903,0.7118
mixed,64,16,0.25,4.0,4096,16384,1024,4096,1792,25842.022,26415.647,26746.893,1.5775
mixed,64,16,0.25,4.0,4096,16384,2048,8192,3584,26383.071,26574.118,26426.187,0.2257
mixed,64,16,0.25,4.0,4096,16384,4096,16384,7168,27074.478,27596.838,26837.375,-0.4539
mixed,64,16,0.25,4.0,4096,16384,8192,32768,14336,27242.605,27944.559,27791.763,0.7823
pure,64,32,0.5,4.0,0,0,128,512,320,158.863,171.248,200.769,3.3835
pure,64,32,0.5,4.0,0,0,256,1024,640,181.391,211.36,231.185,1.6615
pure,64,32,0.5,4.0,0,0,512,2048,1280,228.736,289.937,295.601,1.0925
pure,64,32,0.5,4.0,0,0,1024,4096,2560,330.064,454.336,415.73,0.6893
pure,64,32,0.5,4.0,0,0,2048,8192,5120,535.042,769.634,654.433,0.5089
pure,64,32,0.5,4.0,0,0,4096,16384,10240,924.944,1390.531,1120.017,0.419
pure,64,32,0.5,4.0,0,0,8192,32768,20480,1702.036,2642.903,2053.622,0.3737
mixed,64,32,0.5,4.0,16,0,128,512,320,194.433,208.643,224.399,2.1089
mixed,64,32,0.5,4.0,16,0,256,1024,640,219.087,249.568,255.617,1.1985
mixed,64,32,0.5,4.0,16,0,512,2048,1280,265.969,311.137,319.218,1.1789
mixed,64,32,0.5,4.0,16,0,1024,4096,2560,352.608,474.626,439.746,0.7141
mixed,64,32,0.5,4.0,16,0,2048,8192,5120,554.259,789.665,676.577,0.5196
mixed,64,32,0.5,4.0,16,0,4096,16384,10240,942.642,1412.003,1142.803,0.4265
mixed,64,32,0.5,4.0,16,0,8192,32768,20480,1727.11,2657.848,2065.397,0.3635
mixed,64,32,0.5,4.0,16,512,128,512,320,214.466,245.473,185.857,-0.9226
mixed,64,32,0.5,4.0,16,512,256,1024,640,256.494,288.88,285.139,0.8845
mixed,64,32,0.5,4.0,16,512,512,2048,1280,309.871,373.153,317.457,0.1199
mixed,64,32,0.5,4.0,16,512,1024,4096,2560,413.808,533.407,437.905,0.2015
mixed,64,32,0.5,4.0,16,512,2048,8192,5120,613.569,848.994,672.496,0.2503
mixed,64,32,0.5,4.0,16,512,4096,16384,10240,1006.401,1471.3,1140.051,0.2875
mixed,64,32,0.5,4.0,16,512,8192,32768,20480,1784.966,2724.858,2066.07,0.2991
mixed,64,32,0.5,4.0,16,2048,128,512,320,267.634,262.066,260.864,
mixed,64,32,0.5,4.0,16,2048,256,1024,640,284.8,347.553,284.098,-0.0112
mixed,64,32,0.5,4.0,16,2048,512,2048,1280,371.154,487.457,389.441,0.1572
mixed,64,32,0.5,4.0,16,2048,1024,4096,2560,529.793,650.29,525.999,-0.0315
mixed,64,32,0.5,4.0,16,2048,2048,8192,5120,729.361,962.675,676.577,-0.2262
mixed,64,32,0.5,4.0,16,2048,4096,16384,10240,1120.611,1587.314,1139.395,0.0402
mixed,64,32,0.5,4.0,16,2048,8192,32768,20480,1903.397,2836.407,2073.012,0.1818
mixed,64,32,0.5,4.0,16,8192,128,512,320,384.482,384.418,394.067,
mixed,64,32,0.5,4.0,16,8192,256,1024,640,424.144,481.361,419.571,-0.0799
mixed,64,32,0.5,4.0,16,8192,512,2048,1280,504.497,505.201,505.313,1.1583
mixed,64,32,0.5,4.0,16,8192,1024,4096,2560,584.707,821.523,584.643,-0.0003
mixed,64,32,0.5,4.0,16,8192,2048,8192,5120,902.467,1414.275,859.938,-0.0831
mixed,64,32,0.5,4.0,16,8192,4096,16384,10240,1581.62,2045.524,1456.692,-0.2693
mixed,64,32,0.5,4.0,16,8192,8192,32768,20480,2371.798,3298.601,2078.085,-0.3169
mixed,64,32,0.5,4.0,16,16384,128,512,320,540.753,558.545,551.184,0.5863
mixed,64,32,0.5,4.0,16,16384,256,1024,640,570.912,601.171,591.312,0.6742
mixed,64,32,0.5,4.0,16,16384,512,2048,1280,624.786,764.833,620.77,-0.0287
mixed,64,32,0.5,4.0,16,16384,1024,4096,2560,807.265,815.68,817.89,1.2627
mixed,64,32,0.5,4.0,16,16384,2048,8192,5120,969.875,1439.555,971.281,0.003
mixed,64,32,0.5,4.0,16,16384,4096,16384,10240,1597.909,2644.647,1479.619,-0.113
mixed,64,32,0.5,4.0,16,16384,8192,32768,20480,2968.294,3901.482,2688.054,-0.3003
mixed,64,32,0.5,4.0,64,0,128,512,320,173.728,190.607,179.728,0.3554
mixed,64,32,0.5,4.0,64,0,256,1024,640,200.913,229.729,202.865,0.0677
mixed,64,32,0.5,4.0,64,0,512,2048,1280,249.617,310.177,284.529,0.5765
mixed,64,32,0.5,4.0,64,0,1024,4096,2560,349.922,469.967,446.144,0.8015
mixed,64,32,0.5,4.0,64,0,2048,8192,5120,551.042,777.154,756.483,0.9086
mixed,64,32,0.5,4.0,64,0,4096,16384,10240,924.546,1388.484,1371.491,0.9634
mixed,64,32,0.5,4.0,64,0,8192,32768,20480,1703.398,2642.729,2597.383,0.9517
mixed,64,32,0.5,4.0,64,512,128,512,320,214.144,231.199,225.793,0.683
mixed,64,32,0.5,4.0,64,512,256,1024,640,241.362,271.825,266.944,0.8398
mixed,64,32,0.5,4.0,64,512,512,2048,1280,290.992,354.034,351.217,0.9553
mixed,64,32,0.5,4.0,64,512,1024,4096,2560,396.913,518.049,509.169,0.9267
mixed,64,32,0.5,4.0,64,512,2048,8192,5120,599.426,835.458,820.193,0.9353
mixed,64,32,0.5,4.0,64,512,4096,16384,10240,990.611,1471.493,1445.361,0.9457
mixed,64,32,0.5,4.0,64,512,8192,32768,20480,1788.101,2749.193,2692.438,0.9409
mixed,64,32,0.5,4.0,64,2048,128,512,320,332.785,348.16,345.152,0.8044
mixed,64,32,0.5,4.0,64,2048,256,1024,640,359.68,391.475,386.369,0.8394
mixed,64,32,0.5,4.0,64,2048,512,2048,1280,411.152,472.274,468.914,0.945
mixed,64,32,0.5,4.0,64,2048,1024,4096,2560,513.057,632.097,626.704,0.9547
mixed,64,32,0.5,4.0,64,2048,2048,8192,5120,711.824,948.881,938.466,0.9561
mixed,64,32,0.5,4.0,64,2048,4096,16384,10240,1110.325,1587.731,1563.171,0.9486
mixed,64,32,0.5,4.0,64,2048,8192,32768,20480,1904.947,2858.743,2794.695,0.9328
mixed,64,32,0.5,4.0,64,8192,128,512,320,796.674,813.778,810.225,0.7923
mixed,64,32,0.5,4.0,64,8192,256,1024,640,824.898,854.322,850.912,0.8841
mixed,64,32,0.5,4.0,64,8192,512,2048,1280,875.508,936.003,931.52,0.9259
mixed,64,32,0.5,4.0,64,8192,1024,4096,2560,973.219,1092.386,1087.187,0.9564
mixed,64,32,0.5,4.0,64,8192,2048,8192,5120,1174.388,1408.85,1396.562,0.9476
mixed,64,32,0.5,4.0,64,8192,4096,16384,10240,1565.412,2045.653,2018.05,0.9425
mixed,64,32,0.5,4.0,64,8192,8192,32768,20480,2363.316,3320.133,3265.672,0.9431
mixed,64,32,0.5,4.0,64,16384,128,512,320,1400.917,1416.993,1386.659,-0.8869
mixed,64,32,0.5,4.0,64,16384,256,1024,640,1432.115,1457.97,1457.109,0.9667
mixed,64,32,0.5,4.0,64,16384,512,2048,1280,1479.621,1536.05,1541.202,1.0913
mixed,64,32,0.5,4.0,64,16384,1024,4096,2560,1579.748,1695.699,1692.851,0.9754
mixed,64,32,0.5,4.0,64,16384,2048,8192,5120,1777.236,2011.108,2003.141,0.9659
mixed,64,32,0.5,4.0,64,16384,4096,16384,10240,2168.742,2641.444,2626.95,0.9693
mixed,64,32,0.5,4.0,64,16384,8192,32768,20480,2957.61,3908.618,3866.138,0.9553
mixed,64,32,0.5,4.0,256,0,128,512,320,342.866,357.441,347.474,0.3161
mixed,64,32,0.5,4.0,256,0,256,1024,640,368.446,398.513,364.448,-0.133
mixed,64,32,0.5,4.0,256,0,512,2048,1280,417.938,478.72,421.282,0.055
mixed,64,32,0.5,4.0,256,0,1024,4096,2560,517.921,636.962,515.937,-0.0167
mixed,64,32,0.5,4.0,256,0,2048,8192,5120,715.394,938.209,823.73,0.4862
mixed,64,32,0.5,4.0,256,0,4096,16384,10240,1095.585,1529.701,1446.852,0.8092
mixed,64,32,0.5,4.0,256,0,8192,32768,20480,1839.219,2753.894,2683.383,0.9229
mixed,64,32,0.5,4.0,256,512,128,512,320,502.559,518.753,517.968,0.9515
mixed,64,32,0.5,4.0,256,512,256,1024,640,530.307,562.642,556.898,0.8223
mixed,64,32,0.5,4.0,256,512,512,2048,1280,580.643,642.943,636.194,0.8917
mixed,64,32,0.5,4.0,256,512,1024,4096,2560,682.751,803.01,794.449,0.9288
mixed,64,32,0.5,4.0,256,512,2048,8192,5120,876.674,1116.835,1104.194,0.9474
mixed,64,32,0.5,4.0,256,512,4096,16384,10240,1278.645,1746.805,1722.771,0.9487
mixed,64,32,0.5,4.0,256,512,8192,32768,20480,2071.733,3015.802,2968.6,0.95
mixed,64,32,0.5,4.0,256,2048,128,512,320,965.346,983.058,970.434,0.2873
mixed,64,32,0.5,4.0,256,2048,256,1024,640,989.442,1021.234,1016.9,0.8637
mixed,64,32,0.5,4.0,256,2048,512,2048,1280,1038.209,1095.698,1093.139,0.9555
mixed,64,32,0.5,4.0,256,2048,1024,4096,2560,1136.451,1256.402,1253.204,0.9733
mixed,64,32,0.5,4.0,256,2048,2048,8192,5120,1334.756,1573.508,1558.13,0.9356
mixed,64,32,0.5,4.0,256,2048,4096,16384,10240,1732.932,2208.214,2179.619,0.9398
mixed,64,32,0.5,4.0,256,2048,8192,32768,20480,2522.725,3482.68,3415.463,0.93
mixed,64,32,0.5,4.0,256,8192,128,512,320,2741.527,2741.572,2741.574,1.033
mixed,64,32,0.5,4.0,256,8192,256,1024,640,2748.904,2833.815,2741.046,-0.0925
mixed,64,32,0.5,4.0,256,8192,512,2048,1280,2850.933,2918.436,2815.927,-0.5186
mixed,64,32,0.5,4.0,256,8192,1024,4096,2560,2955.191,3075.126,3062.981,0.8987
mixed,64,32,0.5,4.0,256,8192,2048,8192,5120,3148.647,3385.975,3374.73,0.9526
mixed,64,32,0.5,4.0,256,8192,4096,16384,10240,3543.592,4017.944,3990.712,0.9426
mixed,64,32,0.5,4.0,256,8192,8192,32768,20480,4340.168,5287.964,5231.021,0.9399
mixed,64,32,0.5,4.0,256,16384,128,512,320,5169.736,5169.053,5168.91,
mixed,64,32,0.5,4.0,256,16384,256,1024,640,5167.997,5169.851,5171.295,1.7786
mixed,64,32,0.5,4.0,256,16384,512,2048,1280,5168.702,5344.444,5171.884,0.0181
mixed,64,32,0.5,4.0,256,16384,1024,4096,2560,5381.419,5499.532,5267.789,-0.962
mixed,64,32,0.5,4.0,256,16384,2048,8192,5120,5582.718,5818.444,5815.837,0.9889
mixed,64,32,0.5,4.0,256,16384,4096,16384,10240,5976.207,6455.453,6434.624,0.9565
mixed,64,32,0.5,4.0,256,16384,8192,32768,20480,6768.08,7716.563,7673.747,0.9549
mixed,64,32,0.5,4.0,1024,0,128,512,320,712.499,724.016,754.385,3.6367
mixed,64,32,0.5,4.0,1024,0,256,1024,640,736.801,764.466,788.114,1.8548
mixed,64,32,0.5,4.0,1024,0,512,2048,1280,784.786,844.147,849.313,1.087
mixed,64,32,0.5,4.0,1024,0,1024,4096,2560,886.258,1006.627,972.43,0.7159
mixed,64,32,0.5,4.0,1024,0,2048,8192,5120,1089.986,1323.204,1207.589,0.5043
mixed,64,32,0.5,4.0,1024,0,4096,16384,10240,1480.674,1954.181,1678.353,0.4175
mixed,64,32,0.5,4.0,1024,0,8192,32768,20480,2272.087,3218.026,2616.84,0.3645
mixed,64,32,0.5,4.0,1024,512,128,512,320,1116.386,1127.793,1161.682,3.9709
mixed,64,32,0.5,4.0,1024,512,256,1024,640,1142.2,1174.896,1191.683,1.5134
mixed,64,32,0.5,4.0,1024,512,512,2048,1280,1192.0,1251.334,1251.124,0.9965
mixed,64,32,0.5,4.0,1024,512,1024,4096,2560,1287.702,1414.086,1378.084,0.7151
mixed,64,32,0.5,4.0,1024,512,2048,8192,5120,1495.166,1732.019,1614.581,0.5042
mixed,64,32,0.5,4.0,1024,512,4096,16384,10240,1888.353,2362.664,2086.199,0.4171
mixed,64,32,0.5,4.0,1024,512,8192,32768,20480,2673.032,3622.907,3024.088,0.3696
mixed,64,32,0.5,4.0,1024,2048,128,512,320,1815.745,1830.995,1864.02,3.1656
mixed,64,32,0.5,4.0,1024,2048,256,1024,640,1836.726,1868.565,1895.298,1.8396
mixed,64,32,0.5,4.0,1024,2048,512,2048,1280,1888.423,1944.76,1949.062,1.0764
mixed,64,32,0.5,4.0,1024,2048,1024,4096,2560,1987.877,2105.24,2072.198,0.7185
mixed,64,32,0.5,4.0,1024,2048,2048,8192,5120,2188.178,2418.228,2308.293,0.5221
mixed,64,32,0.5,4.0,1024,2048,4096,16384,10240,2584.216,3050.794,2776.181,0.4114
mixed,64,32,0.5,4.0,1024,2048,8192,32768,20480,3364.391,4316.969,3711.61,0.3645
mixed,64,32,0.5,4.0,1024,8192,128,512,320,4622.6,4638.906,4678.377,3.4205
mixed,64,32,0.5,4.0,1024,8192,256,1024,640,4653.868,4689.818,4711.307,1.5978
mixed,64,32,0.5,4.0,1024,8192,512,2048,1280,4698.971,4752.36,4766.012,1.2557
mixed,64,32,0.5,4.0,1024,8192,1024,4096,2560,4796.807,4916.38,4885.31,0.7402
mixed,64,32,0.5,4.0,1024,8192,2048,8192,5120,5001.562,5231.357,5116.252,0.4991
mixed,64,32,0.5,4.0,1024,8192,4096,16384,10240,5386.043,5870.783,5575.276,0.3904
mixed,64,32,0.5,4.0,1024,8192,8192,32768,20480,6169.042,7122.162,6520.22,0.3685
mixed,64,32,0.5,4.0,1024,16384,128,512,320,8361.189,8372.247,8412.261,4.6184
mixed,64,32,0.5,4.0,1024,16384,256,1024,640,8388.98,8423.031,8440.915,1.5252
mixed,64,32,0.5,4.0,1024,16384,512,2048,1280,8429.861,8495.409,8512.671,1.2633
mixed,64,32,0.5,4.0,1024,16384,1024,4096,2560,8540.673,8648.45,8609.211,0.6359
mixed,64,32,0.5,4.0,1024,16384,2048,8192,5120,8731.556,8967.953,8851.317,0.5066
mixed,64,32,0.5,4.0,1024,16384,4096,16384,10240,9110.905,9599.239,9321.956,0.4322
mixed,64,32,0.5,4.0,1024,16384,8192,32768,20480,9898.678,10860.633,10261.705,0.3774
mixed,64,32,0.5,4.0,4096,0,128,512,320,3764.39,3774.348,3813.079,4.8894
mixed,64,32,0.5,4.0,4096,0,256,1024,640,3765.109,3798.427,3824.908,1.7948
mixed,64,32,0.5,4.0,4096,0,512,2048,1280,3819.257,3877.511,3891.016,1.2318
mixed,64,32,0.5,4.0,4096,0,1024,4096,2560,3920.172,4036.888,4003.242,0.7117
mixed,64,32,0.5,4.0,4096,0,2048,8192,5120,4113.224,4346.712,4237.58,0.5326
mixed,64,32,0.5,4.0,4096,0,4096,16384,10240,4514.475,4970.974,4697.547,0.401
mixed,64,32,0.5,4.0,4096,0,8192,32768,20480,5300.302,6226.769,5630.591,0.3565
mixed,64,32,0.5,4.0,4096,512,128,512,320,4865.949,4878.3,4916.031,4.0551
mixed,64,32,0.5,4.0,4096,512,256,1024,640,4894.427,4924.683,4955.084,2.0048
mixed,64,32,0.5,4.0,4096,512,512,2048,1280,4942.602,5012.392,5011.482,0.987
mixed,64,32,0.5,4.0,4096,512,1024,4096,2560,5051.743,5166.779,5129.82,0.6787
mixed,64,32,0.5,4.0,4096,512,2048,8192,5120,5237.467,5480.62,5356.475,0.4894
mixed,64,32,0.5,4.0,4096,512,4096,16384,10240,5624.126,6115.646,5826.308,0.4113
mixed,64,32,0.5,4.0,4096,512,8192,32768,20480,6407.358,7344.387,6755.39,0.3714
mixed,64,32,0.5,4.0,4096,2048,128,512,320,6815.409,6826.26,6859.217,4.0375
mixed,64,32,0.5,4.0,4096,2048,256,1024,640,6861.696,6862.37,6891.983,44.9369
mixed,64,32,0.5,4.0,4096,2048,512,2048,1280,6884.85,6952.237,6968.499,1.2413
mixed,64,32,0.5,4.0,4096,2048,1024,4096,2560,6987.957,7112.964,7079.456,0.732
mixed,64,32,0.5,4.0,4096,2048,2048,8192,5120,7186.432,7419.475,7305.954,0.5129
mixed,64,32,0.5,4.0,4096,2048,4096,16384,10240,7580.835,8044.735,7767.967,0.4034
mixed,64,32,0.5,4.0,4096,2048,8192,32768,20480,8356.599,9301.095,8704.742,0.3686
mixed,64,32,0.5,4.0,4096,8192,128,512,320,14739.159,15115.529,15225.076,1.2911
mixed,64,32,0.5,4.0,4096,8192,256,1024,640,14724.98,14744.566,14913.157,9.6073
mixed,64,32,0.5,4.0,4096,8192,512,2048,1280,14816.39,14828.639,14831.205,1.2095
mixed,64,32,0.5,4.0,4096,8192,1024,4096,2560,14951.925,15177.177,15358.68,1.8058
mixed,64,32,0.5,4.0,4096,8192,2048,8192,5120,15066.36,15286.182,15174.376,0.4914
mixed,64,32,0.5,4.0,4096,8192,4096,16384,10240,15443.659,15909.399,15631.03,0.4023
mixed,64,32,0.5,4.0,4096,8192,8192,32768,20480,16222.825,17174.03,16568.635,0.3635
mixed,64,32,0.5,4.0,4096,16384,128,512,320,25974.679,26130.318,26064.276,0.5757
mixed,64,32,0.5,4.0,4096,16384,256,1024,640,26754.05,26286.389,25584.851,
mixed,64,32,0.5,4.0,4096,16384,512,2048,1280,26751.224,26235.732,25536.148,
mixed,64,32,0.5,4.0,4096,16384,1024,4096,2560,26138.067,26164.25,25971.417,-6.3647
mixed,64,32,0.5,4.0,4096,16384,2048,8192,5120,26140.53,27195.867,26889.241,0.7095
mixed,64,32,0.5,4.0,4096,16384,4096,16384,10240,26112.001,26415.139,26520.122,1.3463
mixed,64,32,0.5,4.0,4096,16384,8192,32768,20480,27373.785,27746.328,27743.406,0.9922
pure,64,48,0.75,4.0,0,0,128,512,416,163.312,172.335,230.192,7.4118
pure,64,48,0.75,4.0,0,0,256,1024,832,196.416,211.311,272.72,5.1229
pure,64,48,0.75,4.0,0,0,512,2048,1664,258.913,290.736,354.433,3.0016
pure,64,48,0.75,4.0,0,0,1024,4096,3328,393.762,453.731,516.976,2.0546
pure,64,48,0.75,4.0,0,0,2048,8192,6656,654.692,770.465,834.405,1.5523
pure,64,48,0.75,4.0,0,0,4096,16384,13312,1163.331,1394.276,1457.858,1.2753
pure,64,48,0.75,4.0,0,0,8192,32768,26624,2176.982,2639.815,2697.752,1.1252
mixed,64,48,0.75,4.0,16,0,128,512,416,198.769,210.514,188.273,-0.8937
mixed,64,48,0.75,4.0,16,0,256,1024,832,234.32,247.376,303.472,5.2966
mixed,64,48,0.75,4.0,16,0,512,2048,1664,287.697,311.409,385.793,4.1369
mixed,64,48,0.75,4.0,16,0,1024,4096,3328,413.585,475.247,545.152,2.1337
mixed,64,48,0.75,4.0,16,0,2048,8192,6656,672.432,788.418,856.21,1.5845
mixed,64,48,0.75,4.0,16,0,4096,16384,13312,1175.875,1409.683,1485.249,1.3232
mixed,64,48,0.75,4.0,16,0,8192,32768,26624,2191.556,2655.238,2720.968,1.1418
mixed,64,48,0.75,4.0,16,512,128,512,416,225.632,245.392,215.552,-0.5101
mixed,64,48,0.75,4.0,16,512,256,1024,832,274.832,290.577,229.569,-2.8749
mixed,64,48,0.75,4.0,16,512,512,2048,1664,342.353,373.618,384.56,1.35
mixed,64,48,0.75,4.0,16,512,1024,4096,3328,473.617,534.719,540.355,1.0922
mixed,64,48,0.75,4.0,16,512,2048,8192,6656,731.377,847.844,855.842,1.0687
mixed,64,48,0.75,4.0,16,512,4096,16384,13312,1240.436,1470.31,1475.733,1.0236
mixed,64,48,0.75,4.0,16,512,8192,32768,26624,2251.8,2718.793,2713.849,0.9894
mixed,64,48,0.75,4.0,16,2048,128,512,416,245.983,262.769,259.76,0.8207
mixed,64,48,0.75,4.0,16,2048,256,1024,832,315.041,349.136,345.681,0.8987
mixed,64,48,0.75,4.0,16,2048,512,2048,1664,428.452,488.465,368.209,-1.0038
mixed,64,48,0.75,4.0,16,2048,1024,4096,3328,591.809,651.987,471.153,-2.005
mixed,64,48,0.75,4.0,16,2048,2048,8192,6656,848.675,963.556,854.548,0.0511
mixed,64,48,0.75,4.0,16,2048,4096,16384,13312,1353.381,1589.428,1477.253,0.5248
mixed,64,48,0.75,4.0,16,2048,8192,32768,26624,2368.375,2839.497,2718.138,0.7424
mixed,64,48,0.75,4.0,16,8192,128,512,416,390.434,385.491,389.619,
mixed,64,48,0.75,4.0,16,8192,256,1024,832,465.185,483.058,445.843,-1.0822
mixed,64,48,0.75,4.0,16,8192,512,2048,1664,535.427,504.61,560.209,
mixed,64,48,0.75,4.0,16,8192,1024,4096,3328,697.602,819.443,821.393,1.016
mixed,64,48,0.75,4.0,16,8192,2048,8192,6656,1189.076,1420.086,955.587,-1.0107
mixed,64,48,0.75,4.0,16,8192,4096,16384,13312,1821.367,2055.543,1405.973,-1.7739
mixed,64,48,0.75,4.0,16,8192,8192,32768,26624,2831.432,3292.088,2723.114,-0.2351
mixed,64,48,0.75,4.0,16,16384,128,512,416,548.721,558.545,553.218,0.4578
mixed,64,48,0.75,4.0,16,16384,256,1024,832,583.011,602.899,596.545,0.6805
mixed,64,48,0.75,4.0,16,16384,512,2048,1664,734.737,764.77,682.225,-1.7485
mixed,64,48,0.75,4.0,16,16384,1024,4096,3328,873.059,813.971,922.082,
mixed,64,48,0.75,4.0,16,16384,2048,8192,6656,1206.611,1441.443,1438.996,0.9896
mixed,64,48,0.75,4.0,16,16384,4096,16384,13312,2184.919,2649.016,1724.198,-0.9927
mixed,64,48,0.75,4.0,16,16384,8192,32768,26624,3451.545,3907.31,2648.183,-1.7627
mixed,64,48,0.75,4.0,64,0,128,512,416,179.407,190.081,184.48,0.4752
mixed,64,48,0.75,4.0,64,0,256,1024,832,215.938,230.385,223.841,0.547
mixed,64,48,0.75,4.0,64,0,512,2048,1664,278.546,309.904,285.616,0.2255
mixed,64,48,0.75,4.0,64,0,1024,4096,3328,410.129,470.898,449.76,0.6522
mixed,64,48,0.75,4.0,64,0,2048,8192,6656,663.397,777.714,759.715,0.8425
mixed,64,48,0.75,4.0,64,0,4096,16384,13312,1159.364,1389.061,1379.558,0.9586
mixed,64,48,0.75,4.0,64,0,8192,32768,26624,2169.447,2637.705,2607.432,0.9353
mixed,64,48,0.75,4.0,64,512,128,512,416,222.61,231.312,228.946,0.7281
mixed,64,48,0.75,4.0,64,512,256,1024,832,257.264,271.315,269.266,0.8542
mixed,64,48,0.75,4.0,64,512,512,2048,1664,321.105,354.13,350.944,0.9035
mixed,64,48,0.75,4.0,64,512,1024,4096,3328,456.416,517.2,514.304,0.9524
mixed,64,48,0.75,4.0,64,512,2048,8192,6656,715.92,834.644,825.682,0.9245
mixed,64,48,0.75,4.0,64,512,4096,16384,13312,1226.756,1464.069,1449.094,0.9369
mixed,64,48,0.75,4.0,64,512,8192,32768,26624,2255.288,2729.048,2694.456,0.927
mixed,64,48,0.75,4.0,64,2048,128,512,416,338.751,346.688,346.018,0.9155
mixed,64,48,0.75,4.0,64,2048,256,1024,832,371.843,390.147,387.248,0.8416
mixed,64,48,0.75,4.0,64,2048,512,2048,1664,438.943,470.017,469.968,0.9984
mixed,64,48,0.75,4.0,64,2048,1024,4096,3328,570.594,631.345,626.418,0.9189
mixed,64,48,0.75,4.0,64,2048,2048,8192,6656,826.641,944.979,937.955,0.9406
mixed,64,48,0.75,4.0,64,2048,4096,16384,13312,1338.019,1572.052,1556.549,0.9338
mixed,64,48,0.75,4.0,64,2048,8192,32768,26624,2368.934,2839.736,2804.263,0.9247
mixed,64,48,0.75,4.0,64,8192,128,512,416,802.483,809.92,810.738,1.1101
mixed,64,48,0.75,4.0,64,8192,256,1024,832,836.242,854.225,849.65,0.7456
mixed,64,48,0.75,4.0,64,8192,512,2048,1664,900.995,929.424,932.593,1.1115
mixed,64,48,0.75,4.0,64,8192,1024,4096,3328,1030.18,1086.371,1089.892,1.0627
mixed,64,48,0.75,4.0,64,8192,2048,8192,6656,1290.309,1402.896,1395.745,0.9365
mixed,64,48,0.75,4.0,64,8192,4096,16384,13312,1790.546,2035.013,2017.829,0.9297
mixed,64,48,0.75,4.0,64,8192,8192,32768,26624,2817.254,3288.105,3272.2,0.9662
mixed,64,48,0.75,4.0,64,16384,128,512,416,1399.986,1408.867,1407.621,0.8597
mixed,64,48,0.75,4.0,64,16384,256,1024,832,1443.858,1451.458,1451.043,0.9453
mixed,64,48,0.75,4.0,64,16384,512,2048,1664,1499.588,1533.86,1529.717,0.8791
mixed,64,48,0.75,4.0,64,16384,1024,4096,3328,1626.611,1686.355,1683.765,0.9566
mixed,64,48,0.75,4.0,64,16384,2048,8192,6656,1879.284,1999.204,1990.678,0.9289
mixed,64,48,0.75,4.0,64,16384,4096,16384,13312,2391.845,2632.31,2623.32,0.9626
mixed,64,48,0.75,4.0,64,16384,8192,32768,26624,3427.048,3901.417,3864.778,0.9228
mixed,64,48,0.75,4.0,256,0,128,512,416,346.962,357.264,350.767,0.3693
mixed,64,48,0.75,4.0,256,0,256,1024,832,383.106,398.641,384.178,0.069
mixed,64,48,0.75,4.0,256,0,512,2048,1664,448.306,477.248,438.818,-0.3278
mixed,64,48,0.75,4.0,256,0,1024,4096,3328,573.024,633.362,564.496,-0.1413
mixed,64,48,0.75,4.0,256,0,2048,8192,6656,823.857,935.571,829.265,0.0484
mixed,64,48,0.75,4.0,256,0,4096,16384,13312,1306.627,1527.957,1447.698,0.6374
mixed,64,48,0.75,4.0,256,0,8192,32768,26624,2285.587,2740.134,2679.158,0.8659
mixed,64,48,0.75,4.0,256,512,128,512,416,508.289,518.88,516.659,0.7902
mixed,64,48,0.75,4.0,256,512,256,1024,832,543.873,559.377,557.858,0.902
mixed,64,48,0.75,4.0,256,512,512,2048,1664,609.922,641.266,637.953,0.8943
mixed,64,48,0.75,4.0,256,512,1024,4096,3328,738.947,799.264,792.768,0.8923
mixed,64,48,0.75,4.0,256,512,2048,8192,6656,996.93,1110.339,1102.259,0.9288
mixed,64,48,0.75,4.0,256,512,4096,16384,13312,1506.115,1741.589,1721.3,0.9138
mixed,64,48,0.75,4.0,256,512,8192,32768,26624,2530.196,3001.48,2969.926,0.933
mixed,64,48,0.75,4.0,256,2048,128,512,416,966.881,974.914,973.426,0.8146
mixed,64,48,0.75,4.0,256,2048,256,1024,832,998.995,1015.908,1011.01,0.7104
mixed,64,48,0.75,4.0,256,2048,512,2048,1664,1063.68,1094.148,1090.431,0.878
mixed,64,48,0.75,4.0,256,2048,1024,4096,3328,1192.178,1249.892,1245.363,0.9215
mixed,64,48,0.75,4.0,256,2048,2048,8192,6656,1447.826,1567.365,1555.412,0.9
mixed,64,48,0.75,4.0,256,2048,4096,16384,13312,1959.717,2191.94,2176.821,0.9349
mixed,64,48,0.75,4.0,256,2048,8192,32768,26624,2986.774,3464.775,3414.441,0.8947
mixed,64,48,0.75,4.0,256,8192,128,512,416,2726.823,2721.189,2722.999,
mixed,64,48,0.75,4.0,256,8192,256,1024,832,2764.549,2805.017,2749.461,-0.3728
mixed,64,48,0.75,4.0,256,8192,512,2048,1664,2858.695,2893.858,2887.974,0.8327
mixed,64,48,0.75,4.0,256,8192,1024,4096,3328,2990.263,3053.574,3045.768,0.8767
mixed,64,48,0.75,4.0,256,8192,2048,8192,6656,3250.185,3364.536,3366.265,1.0151
mixed,64,48,0.75,4.0,256,8192,4096,16384,13312,3752.361,4005.72,3981.208,0.9033
mixed,64,48,0.75,4.0,256,8192,8192,32768,26624,4788.844,5255.676,5222.506,0.9289
mixed,64,48,0.75,4.0,256,16384,128,512,416,5133.224,5137.163,5132.989,-0.0596
mixed,64,48,0.75,4.0,256,16384,256,1024,832,5133.019,5139.596,5131.309,-0.2601
mixed,64,48,0.75,4.0,256,16384,512,2048,1664,5130.063,5300.475,5130.653,0.0035
mixed,64,48,0.75,4.0,256,16384,1024,4096,3328,5401.243,5462.092,5456.748,0.9122
mixed,64,48,0.75,4.0,256,16384,2048,8192,6656,5657.916,5767.773,5767.343,0.9961
mixed,64,48,0.75,4.0,256,16384,4096,16384,13312,6158.621,6399.503,6384.927,0.9395
mixed,64,48,0.75,4.0,256,16384,8192,32768,26624,7197.312,7659.875,7633.603,0.9432
mixed,64,48,0.75,4.0,1024,0,128,512,416,713.763,724.033,783.796,6.8192
mixed,64,48,0.75,4.0,1024,0,256,1024,832,747.922,762.898,827.984,5.3462
mixed,64,48,0.75,4.0,1024,0,512,2048,1664,811.97,842.896,908.179,3.1109
mixed,64,48,0.75,4.0,1024,0,1024,4096,3328,944.179,1005.872,1071.97,2.0714
mixed,64,48,0.75,4.0,1024,0,2048,8192,6656,1202.943,1321.459,1386.933,1.5525
mixed,64,48,0.75,4.0,1024,0,4096,16384,13312,1716.101,1950.262,2010.885,1.2589
mixed,64,48,0.75,4.0,1024,0,8192,32768,26624,2714.711,3188.665,3248.295,1.1258
mixed,64,48,0.75,4.0,1024,512,128,512,416,1120.869,1128.034,1187.538,9.3048
mixed,64,48,0.75,4.0,1024,512,256,1024,832,1153.81,1166.243,1227.841,5.9547
mixed,64,48,0.75,4.0,1024,512,512,2048,1664,1217.538,1247.382,1312.02,3.1658
mixed,64,48,0.75,4.0,1024,512,1024,4096,3328,1348.177,1410.82,1474.131,2.0107
mixed,64,48,0.75,4.0,1024,512,2048,8192,6656,1611.38,1725.41,1786.742,1.5379
mixed,64,48,0.75,4.0,1024,512,4096,16384,13312,2114.646,2350.442,2409.109,1.2488
mixed,64,48,0.75,4.0,1024,512,8192,32768,26624,3128.505,3609.816,3655.751,1.0954
mixed,64,48,0.75,4.0,1024,2048,128,512,416,1814.598,1823.251,1884.053,8.0258
mixed,64,48,0.75,4.0,1024,2048,256,1024,832,1853.296,1865.413,1925.796,5.9835
mixed,64,48,0.75,4.0,1024,2048,512,2048,1664,1910.356,1941.584,2013.364,3.2986
mixed,64,48,0.75,4.0,1024,2048,1024,4096,3328,2040.422,2096.948,2162.854,2.1659
mixed,64,48,0.75,4.0,1024,2048,2048,8192,6656,2293.887,2417.365,2469.414,1.4215
mixed,64,48,0.75,4.0,1024,2048,4096,16384,13312,2804.038,3044.357,3098.837,1.2267
mixed,64,48,0.75,4.0,1024,2048,8192,32768,26624,3821.64,4285.77,4338.762,1.1142
mixed,64,48,0.75,4.0,1024,8192,128,512,416,4616.943,4623.689,4691.226,11.0122
mixed,64,48,0.75,4.0,1024,8192,256,1024,832,4663.786,4658.299,4728.891,
mixed,64,48,0.75,4.0,1024,8192,512,2048,1664,4729.546,4747.914,4812.423,4.512
mixed,64,48,0.75,4.0,1024,8192,1024,4096,3328,4835.052,4887.646,4983.053,2.8141
mixed,64,48,0.75,4.0,1024,8192,2048,8192,6656,5100.011,5223.068,5281.471,1.4746
mixed,64,48,0.75,4.0,1024,8192,4096,16384,13312,5609.278,5846.045,5920.099,1.3128
mixed,64,48,0.75,4.0,1024,8192,8192,32768,26624,6628.145,7099.714,7147.44,1.1012
mixed,64,48,0.75,4.0,1024,16384,128,512,416,8355.506,8376.55,8436.198,3.8345
mixed,64,48,0.75,4.0,1024,16384,256,1024,832,8386.708,8393.072,8471.493,13.3215
mixed,64,48,0.75,4.0,1024,16384,512,2048,1664,8463.911,8486.981,8540.984,3.3408
mixed,64,48,0.75,4.0,1024,16384,1024,4096,3328,8577.236,8635.878,8696.982,2.042
mixed,64,48,0.75,4.0,1024,16384,2048,8192,6656,8830.298,8932.165,9012.105,1.7847
mixed,64,48,0.75,4.0,1024,16384,4096,16384,13312,9350.172,9563.478,9659.863,1.4519
mixed,64,48,0.75,4.0,1024,16384,8192,32768,26624,10356.952,10837.356,10875.606,1.0796
mixed,64,48,0.75,4.0,4096,0,128,512,416,3747.018,3766.283,3820.939,3.837
mixed,64,48,0.75,4.0,4096,0,256,1024,832,3782.233,3810.232,3862.586,2.8698
mixed,64,48,0.75,4.0,4096,0,512,2048,1664,3850.199,3879.82,3946.123,3.2384
mixed,64,48,0.75,4.0,4096,0,1024,4096,3328,3978.922,4039.642,4094.715,1.907
mixed,64,48,0.75,4.0,4096,0,2048,8192,6656,4231.848,4343.434,4410.334,1.5995
mixed,64,48,0.75,4.0,4096,0,4096,16384,13312,4735.099,4975.534,5030.572,1.2289
mixed,64,48,0.75,4.0,4096,0,8192,32768,26624,5755.279,6223.135,6278.208,1.1177
mixed,64,48,0.75,4.0,4096,512,128,512,416,4877.1,4888.46,4941.82,5.6972
mixed,64,48,0.75,4.0,4096,512,256,1024,832,4911.358,4929.196,4990.054,4.4117
mixed,64,48,0.75,4.0,4096,512,512,2048,1664,4976.752,5010.285,5072.109,2.8437
mixed,64,48,0.75,4.0,4096,512,1024,4096,3328,5103.437,5190.941,5221.596,1.3503
mixed,64,48,0.75,4.0,4096,512,2048,8192,6656,5358.256,5475.116,5554.417,1.6786
mixed,64,48,0.75,4.0,4096,512,4096,16384,13312,5870.623,6102.879,6146.254,1.1868
mixed,64,48,0.75,4.0,4096,512,8192,32768,26624,6903.088,7359.394,7396.542,1.0814
mixed,64,48,0.75,4.0,4096,2048,128,512,416,6834.051,6823.526,6890.736,
mixed,64,48,0.75,4.0,4096,2048,256,1024,832,6852.148,6872.421,6936.964,4.1837
mixed,64,48,0.75,4.0,4096,2048,512,2048,1664,6931.251,6954.355,7015.57,3.6495
mixed,64,48,0.75,4.0,4096,2048,1024,4096,3328,7047.489,7111.394,7173.983,1.9794
mixed,64,48,0.75,4.0,4096,2048,2048,8192,6656,7297.27,7416.691,7479.524,1.5261
mixed,64,48,0.75,4.0,4096,2048,4096,16384,13312,7810.712,8045.382,8103.3,1.2468
mixed,64,48,0.75,4.0,4096,2048,8192,32768,26624,8843.524,9301.881,9344.136,1.0922
mixed,64,48,0.75,4.0,4096,8192,128,512,416,14793.96,14965.084,15166.519,2.1771
mixed,64,48,0.75,4.0,4096,8192,256,1024,832,14787.318,14878.938,14811.675,0.2658
mixed,64,48,0.75,4.0,4096,8192,512,2048,1664,14777.736,15036.105,14969.896,0.7437
mixed,64,48,0.75,4.0,4096,8192,1024,4096,3328,15090.999,15111.703,15047.128,-2.119
mixed,64,48,0.75,4.0,4096,8192,2048,8192,6656,15173.436,15298.634,15351.385,1.4213
mixed,64,48,0.75,4.0,4096,8192,4096,16384,13312,15666.178,16101.196,15993.228,0.7518
mixed,64,48,0.75,4.0,4096,8192,8192,32768,26624,16766.973,17161.022,17220.768,1.1516
mixed,64,48,0.75,4.0,4096,16384,128,512,416,25893.015,26101.448,25924.375,0.1505
mixed,64,48,0.75,4.0,4096,16384,256,1024,832,26387.176,25946.582,26244.331,
mixed,64,48,0.75,4.0,4096,16384,512,2048,1664,25843.043,26739.822,26334.217,0.5477
mixed,64,48,0.75,4.0,4096,16384,1024,4096,3328,25917.592,25911.526,26178.747,
mixed,64,48,0.75,4.0,4096,16384,2048,8192,6656,26635.34,26342.677,26428.073,
mixed,64,48,0.75,4.0,4096,16384,4096,16384,13312,26183.688,26683.275,27400.181,2.435
mixed,64,48,0.75,4.0,4096,16384,8192,32768,26624,27781.582,27967.323,27720.878,-0.3268
pure,64,58,0.9062,4.0,0,0,128,512,476,169.361,172.308,169.936,0.195
pure,64,58,0.9062,4.0,0,0,256,1024,952,201.68,211.251,210.897,0.963
pure,64,58,0.9062,4.0,0,0,512,2048,1904,275.663,292.691,289.456,0.81
pure,64,58,0.9062,4.0,0,0,1024,4096,3808,430.676,454.21,454.385,1.0074
pure,64,58,0.9062,4.0,0,0,2048,8192,7616,726.608,769.571,843.104,2.7115
pure,64,58,0.9062,4.0,0,0,4096,16384,15232,1305.412,1393.492,1466.98,1.8343
pure,64,58,0.9062,4.0,0,0,8192,32768,30464,2471.014,2642.807,2716.375,1.4282
mixed,64,58,0.9062,4.0,16,0,128,512,476,205.489,208.162,192.848,-4.7291
mixed,64,58,0.9062,4.0,16,0,256,1024,952,238.865,246.738,230.016,-1.1241
mixed,64,58,0.9062,4.0,16,0,512,2048,1904,295.952,310.833,311.841,1.0678
mixed,64,58,0.9062,4.0,16,0,1024,4096,3808,451.443,474.929,472.161,0.8821
mixed,64,58,0.9062,4.0,16,0,2048,8192,7616,744.369,789.345,786.482,0.9363
mixed,64,58,0.9062,4.0,16,0,4096,16384,15232,1322.355,1415.253,1496.629,1.876
mixed,64,58,0.9062,4.0,16,0,8192,32768,30464,2480.135,2654.102,2734.63,1.4629
mixed,64,58,0.9062,4.0,16,512,128,512,476,235.905,246.049,242.816,0.6813
mixed,64,58,0.9062,4.0,16,512,256,1024,952,282.094,290.176,289.889,0.9645
mixed,64,58,0.9062,4.0,16,512,512,2048,1904,358.56,373.168,371.072,0.8564
mixed,64,58,0.9062,4.0,16,512,1024,4096,3808,509.057,532.8,532.113,0.9711
mixed,64,58,0.9062,4.0,16,512,2048,8192,7616,802.418,846.707,843.075,0.918
mixed,64,58,0.9062,4.0,16,512,4096,16384,15232,1379.829,1472.581,1466.789,0.9376
mixed,64,58,0.9062,4.0,16,512,8192,32768,30464,2538.245,2710.423,2740.709,1.1759
mixed,64,58,0.9062,4.0,16,2048,128,512,476,253.457,263.474,261.087,0.7617
mixed,64,58,0.9062,4.0,16,2048,256,1024,952,330.098,347.714,348.128,1.0235
mixed,64,58,0.9062,4.0,16,2048,512,2048,1904,459.238,489.442,486.018,0.8867
mixed,64,58,0.9062,4.0,16,2048,1024,4096,3808,628.29,653.298,647.489,0.7677
mixed,64,58,0.9062,4.0,16,2048,2048,8192,7616,919.475,964.595,961.043,0.9213
mixed,64,58,0.9062,4.0,16,2048,4096,16384,15232,1498.708,1584.548,1582.899,0.9808
mixed,64,58,0.9062,4.0,16,2048,8192,32768,30464,2659.367,2835.448,2837.335,1.0107
mixed,64,58,0.9062,4.0,16,8192,128,512,476,389.984,385.327,383.89,
mixed,64,58,0.9062,4.0,16,8192,256,1024,952,473.377,481.824,477.953,0.5417
mixed,64,58,0.9062,4.0,16,8192,512,2048,1904,498.223,504.737,502.225,0.6143
mixed,64,58,0.9062,4.0,16,8192,1024,4096,3808,765.152,818.144,820.435,1.0432
mixed,64,58,0.9062,4.0,16,8192,2048,8192,7616,1328.901,1417.141,1412.612,0.9487
mixed,64,58,0.9062,4.0,16,8192,4096,16384,15232,1957.621,2042.917,2043.044,1.0015
mixed,64,58,0.9062,4.0,16,8192,8192,32768,30464,3118.296,3300.071,3301.575,1.0083
mixed,64,58,0.9062,4.0,16,16384,128,512,476,556.642,558.45,555.424,-0.6739
mixed,64,58,0.9062,4.0,16,16384,256,1024,952,592.368,601.73,602.048,1.0341
mixed,64,58,0.9062,4.0,16,16384,512,2048,1904,751.266,766.531,760.594,0.6111
mixed,64,58,0.9062,4.0,16,16384,1024,4096,3808,809.297,813.824,811.65,0.5197
mixed,64,58,0.9062,4.0,16,16384,2048,8192,7616,1347.573,1437.795,1435.331,0.9727
mixed,64,58,0.9062,4.0,16,16384,4096,16384,15232,2473.093,2643.478,2643.75,1.0016
mixed,64,58,0.9062,4.0,16,16384,8192,32768,30464,3742.056,3897.928,3895.962,0.9874
mixed,64,58,0.9062,4.0,64,0,128,512,476,185.553,190.031,188.544,0.668
mixed,64,58,0.9062,4.0,64,0,256,1024,952,222.477,229.248,229.504,1.0378
mixed,64,58,0.9062,4.0,64,0,512,2048,1904,295.266,309.889,307.394,0.8294
mixed,64,58,0.9062,4.0,64,0,1024,4096,3808,447.825,471.264,453.139,0.2267
mixed,64,58,0.9062,4.0,64,0,2048,8192,7616,734.945,777.89,763.06,0.6547
mixed,64,58,0.9062,4.0,64,0,4096,16384,15232,1303.427,1394.643,1386.98,0.916
mixed,64,58,0.9062,4.0,64,0,8192,32768,30464,2466.039,2634.663,2630.887,0.9776
mixed,64,58,0.9062,4.0,64,512,128,512,476,226.897,231.471,229.023,0.4648
mixed,64,58,0.9062,4.0,64,512,256,1024,952,263.489,271.312,271.395,1.0106
mixed,64,58,0.9062,4.0,64,512,512,2048,1904,340.433,354.928,353.538,0.9041
mixed,64,58,0.9062,4.0,64,512,1024,4096,3808,493.058,515.49,516.53,1.0464
mixed,64,58,0.9062,4.0,64,512,2048,8192,7616,788.483,835.761,826.129,0.7963
mixed,64,58,0.9062,4.0,64,512,4096,16384,15232,1371.459,1462.866,1455.348,0.9177
mixed,64,58,0.9062,4.0,64,512,8192,32768,30464,2550.101,2726.311,2704.278,0.875
mixed,64,58,0.9062,4.0,64,2048,128,512,476,345.555,347.023,346.096,0.3687
mixed,64,58,0.9062,4.0,64,2048,256,1024,952,382.146,388.483,387.984,0.9213
mixed,64,58,0.9062,4.0,64,2048,512,2048,1904,461.153,470.529,468.641,0.7986
mixed,64,58,0.9062,4.0,64,2048,1024,4096,3808,607.043,631.49,626.899,0.8122
mixed,64,58,0.9062,4.0,64,2048,2048,8192,7616,902.513,944.723,941.746,0.9295
mixed,64,58,0.9062,4.0,64,2048,4096,16384,15232,1488.324,1580.483,1579.957,0.9943
mixed,64,58,0.9062,4.0,64,2048,8192,32768,30464,2663.175,2838.374,2828.633,0.9444
mixed,64,58,0.9062,4.0,64,8192,128,512,476,807.587,810.61,810.721,1.0367
mixed,64,58,0.9062,4.0,64,8192,256,1024,952,843.68,851.282,852.545,1.1663
mixed,64,58,0.9062,4.0,64,8192,512,2048,1904,916.724,930.707,931.62,1.0653
mixed,64,58,0.9062,4.0,64,8192,1024,4096,3808,1060.579,1085.315,1088.61,1.1332
mixed,64,58,0.9062,4.0,64,8192,2048,8192,7616,1357.874,1400.836,1397.781,0.9289
mixed,64,58,0.9062,4.0,64,8192,4096,16384,15232,1936.741,2027.971,2027.7,0.997
mixed,64,58,0.9062,4.0,64,8192,8192,32768,30464,3121.912,3293.354,3284.888,0.9506
mixed,64,58,0.9062,4.0,64,16384,128,512,476,1406.916,1410.676,1409.941,0.8045
mixed,64,58,0.9062,4.0,64,16384,256,1024,952,1443.045,1450.404,1450.624,1.03
mixed,64,58,0.9062,4.0,64,16384,512,2048,1904,1515.443,1531.665,1527.938,0.7703
mixed,64,58,0.9062,4.0,64,16384,1024,4096,3808,1663.189,1687.924,1689.236,1.0531
mixed,64,58,0.9062,4.0,64,16384,2048,8192,7616,1965.141,2009.236,2007.99,0.9717
mixed,64,58,0.9062,4.0,64,16384,4096,16384,15232,2552.884,2631.526,2627.54,0.9493
mixed,64,58,0.9062,4.0,64,16384,8192,32768,30464,3706.713,3890.601,3884.49,0.9668
mixed,64,58,0.9062,4.0,256,0,128,512,476,352.496,357.503,355.486,0.5972
mixed,64,58,0.9062,4.0,256,0,256,1024,952,387.872,397.937,393.951,0.604
mixed,64,58,0.9062,4.0,256,0,512,2048,1904,460.612,478.561,470.001,0.5231
mixed,64,58,0.9062,4.0,256,0,1024,4096,3808,610.257,634.0,614.996,0.1996
mixed,64,58,0.9062,4.0,256,0,2048,8192,7616,892.931,936.723,890.994,-0.0442
mixed,64,58,0.9062,4.0,256,0,4096,16384,15232,1439.796,1523.235,1455.861,0.1925
mixed,64,58,0.9062,4.0,256,0,8192,32768,30464,2566.918,2734.503,2698.711,0.7864
mixed,64,58,0.9062,4.0,256,512,128,512,476,516.033,518.69,517.331,0.4884
mixed,64,58,0.9062,4.0,256,512,256,1024,952,554.017,560.786,556.93,0.4303
mixed,64,58,0.9062,4.0,256,512,512,2048,1904,627.969,641.026,643.362,1.1789
mixed,64,58,0.9062,4.0,256,512,1024,4096,3808,778.916,798.146,797.297,0.9559
mixed,64,58,0.9062,4.0,256,512,2048,8192,7616,1067.859,1113.62,1111.377,0.951
mixed,64,58,0.9062,4.0,256,512,4096,16384,15232,1650.742,1742.182,1733.03,0.8999
mixed,64,58,0.9062,4.0,256,512,8192,32768,30464,2819.032,3006.214,2987.448,0.8997
mixed,64,58,0.9062,4.0,256,2048,128,512,476,968.962,975.364,975.474,1.0172
mixed,64,58,0.9062,4.0,256,2048,256,1024,952,1006.435,1016.165,1014.178,0.7958
mixed,64,58,0.9062,4.0,256,2048,512,2048,1904,1079.988,1093.188,1092.178,0.9235
mixed,64,58,0.9062,4.0,256,2048,1024,4096,3808,1225.889,1250.592,1252.675,1.0843
mixed,64,58,0.9062,4.0,256,2048,2048,8192,7616,1521.155,1566.021,1560.785,0.8833
mixed,64,58,0.9062,4.0,256,2048,4096,16384,15232,2105.48,2194.805,2185.653,0.8975
mixed,64,58,0.9062,4.0,256,2048,8192,32768,30464,3283.114,3455.017,3431.592,0.8637
mixed,64,58,0.9062,4.0,256,8192,128,512,476,2721.109,2724.295,2726.583,1.7186
mixed,64,58,0.9062,4.0,256,8192,256,1024,952,2801.048,2810.951,2804.181,0.3164
mixed,64,58,0.9062,4.0,256,8192,512,2048,1904,2881.559,2895.207,2895.111,0.9929
mixed,64,58,0.9062,4.0,256,8192,1024,4096,3808,3027.095,3057.239,3048.966,0.7256
mixed,64,58,0.9062,4.0,256,8192,2048,8192,7616,3323.384,3363.448,3360.056,0.9154
mixed,64,58,0.9062,4.0,256,8192,4096,16384,15232,3911.672,3990.408,3985.034,0.9317
mixed,64,58,0.9062,4.0,256,8192,8192,32768,30464,5080.635,5257.132,5242.317,0.9161
mixed,64,58,0.9062,4.0,256,16384,128,512,476,5150.492,5130.461,5132.62,
mixed,64,58,0.9062,4.0,256,16384,256,1024,952,5138.828,5132.746,5132.845,
mixed,64,58,0.9062,4.0,256,16384,512,2048,1904,5182.636,5292.08,5291.839,0.9978
mixed,64,58,0.9062,4.0,256,16384,1024,4096,3808,5434.542,5462.845,5461.26,0.944
mixed,64,58,0.9062,4.0,256,16384,2048,8192,7616,5726.124,5791.627,5777.421,0.7831
mixed,64,58,0.9062,4.0,256,16384,4096,16384,15232,6331.102,6411.792,6401.472,0.8721
mixed,64,58,0.9062,4.0,256,16384,8192,32768,30464,7497.585,7660.802,7653.188,0.9534
mixed,64,58,0.9062,4.0,1024,0,128,512,476,720.466,721.284,722.131,2.0367
mixed,64,58,0.9062,4.0,1024,0,256,1024,952,751.425,762.245,762.944,1.0647
mixed,64,58,0.9062,4.0,1024,0,512,2048,1904,828.467,842.691,840.354,0.8357
mixed,64,58,0.9062,4.0,1024,0,1024,4096,3808,983.444,1009.762,1004.259,0.7909
mixed,64,58,0.9062,4.0,1024,0,2048,8192,7616,1276.486,1321.429,1394.915,2.6351
mixed,64,58,0.9062,4.0,1024,0,4096,16384,15232,1859.171,1945.619,2020.917,1.871
mixed,64,58,0.9062,4.0,1024,0,8192,32768,30464,3025.108,3198.217,3266.52,1.3946
mixed,64,58,0.9062,4.0,1024,512,128,512,476,1120.578,1125.329,1126.689,1.2863
mixed,64,58,0.9062,4.0,1024,512,256,1024,952,1161.653,1167.092,1169.797,1.4972
mixed,64,58,0.9062,4.0,1024,512,512,2048,1904,1232.787,1246.064,1244.945,0.9157
mixed,64,58,0.9062,4.0,1024,512,1024,4096,3808,1388.962,1409.972,1409.111,0.959
mixed,64,58,0.9062,4.0,1024,512,2048,8192,7616,1680.949,1726.258,1798.196,2.5877
mixed,64,58,0.9062,4.0,1024,512,4096,16384,15232,2261.298,2352.946,2426.26,1.8
mixed,64,58,0.9062,4.0,1024,512,8192,32768,30464,3429.252,3599.976,3674.663,1.4375
mixed,64,58,0.9062,4.0,1024,2048,128,512,476,1820.342,1822.675,1822.119,0.7613
mixed,64,58,0.9062,4.0,1024,2048,256,1024,952,1857.044,1862.084,1863.94,1.3684
mixed,64,58,0.9062,4.0,1024,2048,512,2048,1904,1924.645,1940.004,1935.907,0.7332
mixed,64,58,0.9062,4.0,1024,2048,1024,4096,3808,2077.396,2096.713,2098.676,1.1016
mixed,64,58,0.9062,4.0,1024,2048,2048,8192,7616,2369.685,2406.327,2491.702,3.33
mixed,64,58,0.9062,4.0,1024,2048,4096,16384,15232,2945.079,3033.22,3106.215,1.8282
mixed,64,58,0.9062,4.0,1024,2048,8192,32768,30464,4122.408,4289.467,4359.724,1.4206
mixed,64,58,0.9062,4.0,1024,8192,128,512,476,4626.396,4623.274,4635.674,
mixed,64,58,0.9062,4.0,1024,8192,256,1024,952,4674.265,4671.773,4671.898,
mixed,64,58,0.9062,4.0,1024,8192,512,2048,1904,4733.647,4743.85,4748.493,1.4551
mixed,64,58,0.9062,4.0,1024,8192,1024,4096,3808,4870.522,4899.035,4914.959,1.5585
mixed,64,58,0.9062,4.0,1024,8192,2048,8192,7616,5175.789,5207.43,5303.868,4.0479
mixed,64,58,0.9062,4.0,1024,8192,4096,16384,15232,5763.535,5840.831,5921.806,2.0476
mixed,64,58,0.9062,4.0,1024,8192,8192,32768,30464,6918.673,7107.297,7161.568,1.2877
mixed,64,58,0.9062,4.0,1024,16384,128,512,476,8361.221,8373.521,8370.93,0.7894
mixed,64,58,0.9062,4.0,1024,16384,256,1024,952,8401.301,8419.939,8414.197,0.6919
mixed,64,58,0.9062,4.0,1024,16384,512,2048,1904,8476.897,8480.928,8480.34,0.8539
mixed,64,58,0.9062,4.0,1024,16384,1024,4096,3808,8616.308,8631.157,8635.493,1.292
mixed,64,58,0.9062,4.0,1024,16384,2048,8192,7616,8914.756,8953.0,9026.775,2.9291
mixed,64,58,0.9062,4.0,1024,16384,4096,16384,15232,9473.737,9568.454,9657.065,1.9355
mixed,64,58,0.9062,4.0,1024,16384,8192,32768,30464,10668.796,10833.001,10893.788,1.3702
mixed,64,58,0.9062,4.0,4096,0,128,512,476,3759.207,3763.559,3772.135,2.971
mixed,64,58,0.9062,4.0,4096,0,256,1024,952,3789.019,3805.148,3806.393,1.0772
mixed,64,58,0.9062,4.0,4096,0,512,2048,1904,3865.19,3877.901,3880.442,1.1999
mixed,64,58,0.9062,4.0,4096,0,1024,4096,3808,4011.033,4050.155,4032.444,0.5473
mixed,64,58,0.9062,4.0,4096,0,2048,8192,7616,4302.922,4346.378,4427.226,2.8604
mixed,64,58,0.9062,4.0,4096,0,4096,16384,15232,4887.885,4964.814,5036.926,1.9374
mixed,64,58,0.9062,4.0,4096,0,8192,32768,30464,6045.68,6226.001,6312.527,1.4798
mixed,64,58,0.9062,4.0,4096,512,128,512,476,4879.436,4883.132,4878.894,-0.1469
mixed,64,58,0.9062,4.0,4096,512,256,1024,952,4914.331,4931.273,4923.145,0.5202
mixed,64,58,0.9062,4.0,4096,512,512,2048,1904,4988.635,5010.732,5010.513,0.99
mixed,64,58,0.9062,4.0,4096,512,1024,4096,3808,5133.872,5156.734,5162.204,1.2392
mixed,64,58,0.9062,4.0,4096,512,2048,8192,7616,5433.534,5479.023,5547.568,2.5068
mixed,64,58,0.9062,4.0,4096,512,4096,16384,15232,6011.123,6097.727,6171.168,1.848
mixed,64,58,0.9062,4.0,4096,512,8192,32768,30464,7178.494,7351.668,7418.324,1.3849
mixed,64,58,0.9062,4.0,4096,2048,128,512,476,6822.637,6829.54,6825.153,0.3645
mixed,64,58,0.9062,4.0,4096,2048,256,1024,952,6869.955,6867.297,6870.049,
mixed,64,58,0.9062,4.0,4096,2048,512,2048,1904,6938.067,6942.144,6981.635,10.6876
mixed,64,58,0.9062,4.0,4096,2048,1024,4096,3808,7086.375,7103.698,7123.022,2.1155
mixed,64,58,0.9062,4.0,4096,2048,2048,8192,7616,7376.739,7417.205,7491.286,2.8307
mixed,64,58,0.9062,4.0,4096,2048,4096,16384,15232,7955.864,8041.782,8113.284,1.8322
mixed,64,58,0.9062,4.0,4096,2048,8192,32768,30464,9122.665,9312.604,9374.637,1.3266
mixed,64,58,0.9062,4.0,4096,8192,128,512,476,14710.692,15068.311,14920.15,0.5857
mixed,64,58,0.9062,4.0,4096,8192,256,1024,952,14763.304,14922.041,14904.698,0.8907
mixed,64,58,0.9062,4.0,4096,8192,512,2048,1904,14809.573,14996.743,14895.672,0.46
mixed,64,58,0.9062,4.0,4096,8192,1024,4096,3808,15093.352,14983.27,15104.663,
mixed,64,58,0.9062,4.0,4096,8192,2048,8192,7616,15247.017,15299.002,15568.329,6.1809
mixed,64,58,0.9062,4.0,4096,8192,4096,16384,15232,15826.169,15917.766,15986.807,1.7537
mixed,64,58,0.9062,4.0,4096,8192,8192,32768,30464,16990.446,17312.35,17220.033,0.7132
mixed,64,58,0.9062,4.0,4096,16384,128,512,476,25583.353,26239.144,25995.414,0.6283
mixed,64,58,0.9062,4.0,4096,16384,256,1024,952,25891.113,26013.139,26014.198,1.0087
mixed,64,58,0.9062,4.0,4096,16384,512,2048,1904,25926.835,25710.524,26526.669,
mixed,64,58,0.9062,4.0,4096,16384,1024,4096,3808,26384.467,25832.663,26818.712,
mixed,64,58,0.9062,4.0,4096,16384,2048,8192,7616,26650.203,26339.334,27129.643,
mixed,64,58,0.9062,4.0,4096,16384,4096,16384,15232,27274.993,26577.503,26491.494,
mixed,64,58,0.9062,4.0,4096,16384,8192,32768,30464,27996.143,28262.797,28009.501,0.0501
pure,128,1,0.0078,4.0,0,0,128,512,131,151.63,287.97,221.344,0.5113
pure,128,1,0.0078,4.0,0,0,256,1024,262,245.889,370.784,248.273,0.0191
pure,128,1,0.0078,4.0,0,0,512,2048,524,288.08,529.808,288.45,0.0015
pure,128,1,0.0078,4.0,0,0,1024,4096,1048,369.584,846.034,370.512,0.0019
pure,128,1,0.0078,4.0,0,0,2048,8192,2096,536.191,1475.715,531.409,-0.0051
pure,128,1,0.0078,4.0,0,0,4096,16384,4192,856.259,2724.538,850.178,-0.0033
pure,128,1,0.0078,4.0,0,0,8192,32768,8384,1502.5,5212.221,1478.052,-0.0066
mixed,128,1,0.0078,4.0,16,0,128,512,131,191.15,325.055,260.658,0.5191
mixed,128,1,0.0078,4.0,16,0,256,1024,262,284.129,393.139,282.464,-0.0153
mixed,128,1,0.0078,4.0,16,0,512,2048,524,325.602,554.672,327.138,0.0067
mixed,128,1,0.0078,4.0,16,0,1024,4096,1048,395.171,869.058,408.961,0.0291
mixed,128,1,0.0078,4.0,16,0,2048,8192,2096,558.961,1496.964,566.706,0.0083
mixed,128,1,0.0078,4.0,16,0,4096,16384,4192,878.514,2735.736,873.232,-0.0028
mixed,128,1,0.0078,4.0,16,0,8192,32768,8384,1526.228,5226.782,1495.875,-0.0082
mixed,128,1,0.0078,4.0,16,512,128,512,131,267.409,364.56,268.72,0.0135
mixed,128,1,0.0078,4.0,16,512,256,1024,262,297.841,449.057,299.057,0.008
mixed,128,1,0.0078,4.0,16,512,512,2048,524,364.513,609.937,365.217,0.0029
mixed,128,1,0.0078,4.0,16,512,1024,4096,1048,450.225,922.801,448.324,-0.004
mixed,128,1,0.0078,4.0,16,512,2048,8192,2096,612.45,1547.587,611.427,-0.0011
mixed,128,1,0.0078,4.0,16,512,4096,16384,4192,935.728,2790.823,926.371,-0.005
mixed,128,1,0.0078,4.0,16,512,8192,32768,8384,1582.453,5277.101,1547.41,-0.0095
mixed,128,1,0.0078,4.0,16,2048,128,512,131,332.497,380.447,334.834,0.0487
mixed,128,1,0.0078,4.0,16,2048,256,1024,262,339.024,483.809,338.704,-0.0022
mixed,128,1,0.0078,4.0,16,2048,512,2048,524,381.519,724.145,380.673,-0.0025
mixed,128,1,0.0078,4.0,16,2048,1024,4096,1048,486.048,1044.788,483.79,-0.004
mixed,128,1,0.0078,4.0,16,2048,2048,8192,2096,727.392,1671.203,722.356,-0.0053
mixed,128,1,0.0078,4.0,16,2048,4096,16384,4192,1054.21,2908.088,1041.907,-0.0066
mixed,128,1,0.0078,4.0,16,2048,8192,32768,8384,1696.355,5395.245,1658.675,-0.0102
mixed,128,1,0.0078,4.0,16,8192,128,512,131,449.105,497.392,448.353,-0.0156
mixed,128,1,0.0078,4.0,16,8192,256,1024,262,471.888,597.745,471.569,-0.0025
mixed,128,1,0.0078,4.0,16,8192,512,2048,524,499.666,737.04,498.113,-0.0065
mixed,128,1,0.0078,4.0,16,8192,1024,4096,1048,600.339,1180.274,599.505,-0.0014
mixed,128,1,0.0078,4.0,16,8192,2048,8192,2096,739.617,2115.957,736.449,-0.0023
mixed,128,1,0.0078,4.0,16,8192,4096,16384,4192,1197.33,3370.569,1180.388,-0.0078
mixed,128,1,0.0078,4.0,16,8192,8192,32768,8384,2156.436,5861.71,2115.029,-0.0112
mixed,128,1,0.0078,4.0,16,16384,128,512,131,603.488,671.442,605.154,0.0245
mixed,128,1,0.0078,4.0,16,16384,256,1024,262,625.666,745.328,628.129,0.0206
mixed,128,1,0.0078,4.0,16,16384,512,2048,524,672.161,907.874,669.794,-0.01
mixed,128,1,0.0078,4.0,16,16384,1024,4096,1048,748.243,1199.666,746.115,-0.0047
mixed,128,1,0.0078,4.0,16,16384,2048,8192,2096,909.441,2102.629,908.273,-0.001
mixed,128,1,0.0078,4.0,16,16384,4096,16384,4192,1213.971,3964.522,1204.931,-0.0033
mixed,128,1,0.0078,4.0,16,16384,8192,32768,8384,2148.869,6475.501,2102.231,-0.0108
mixed,128,1,0.0078,4.0,64,0,128,512,131,213.887,275.103,212.608,-0.0209
mixed,128,1,0.0078,4.0,64,0,256,1024,262,235.377,357.712,233.361,-0.0165
mixed,128,1,0.0078,4.0,64,0,512,2048,524,277.216,516.882,305.969,0.12
mixed,128,1,0.0078,4.0,64,0,1024,4096,1048,359.008,824.706,468.706,0.2356
mixed,128,1,0.0078,4.0,64,0,2048,8192,2096,520.527,1442.451,781.122,0.2827
mixed,128,1,0.0078,4.0,64,0,4096,16384,4192,836.113,2702.548,1404.819,0.3047
mixed,128,1,0.0078,4.0,64,0,8192,32768,8384,1470.804,5196.907,2651.191,0.3168
mixed,128,1,0.0078,4.0,64,512,128,512,131,256.674,319.456,256.608,-0.001
mixed,128,1,0.0078,4.0,64,512,256,1024,262,277.808,402.271,277.393,-0.0033
mixed,128,1,0.0078,4.0,64,512,512,2048,524,320.464,562.466,318.641,-0.0075
mixed,128,1,0.0078,4.0,64,512,1024,4096,1048,404.48,881.331,468.738,0.1348
mixed,128,1,0.0078,4.0,64,512,2048,8192,2096,568.61,1509.447,779.234,0.2239
mixed,128,1,0.0078,4.0,64,512,4096,16384,4192,893.108,2776.151,1406.66,0.2727
mixed,128,1,0.0078,4.0,64,512,8192,32768,8384,1535.908,5269.484,2640.995,0.296
mixed,128,1,0.0078,4.0,64,2048,128,512,131,371.566,435.073,371.298,-0.0042
mixed,128,1,0.0078,4.0,64,2048,256,1024,262,395.248,516.066,394.897,-0.0029
mixed,128,1,0.0078,4.0,64,2048,512,2048,524,436.32,676.512,436.306,-0.0001
mixed,128,1,0.0078,4.0,64,2048,1024,4096,1048,518.13,989.62,516.721,-0.003
mixed,128,1,0.0078,4.0,64,2048,2048,8192,2096,680.355,1620.563,782.467,0.1086
mixed,128,1,0.0078,4.0,64,2048,4096,16384,4192,1002.77,2874.519,1399.268,0.2118
mixed,128,1,0.0078,4.0,64,2048,8192,32768,8384,1647.715,5397.085,2643.43,0.2656
mixed,128,1,0.0078,4.0,64,8192,128,512,131,833.811,896.307,833.138,-0.0108
mixed,128,1,0.0078,4.0,64,8192,256,1024,262,855.875,974.77,854.661,-0.0102
mixed,128,1,0.0078,4.0,64,8192,512,2048,524,898.818,1131.106,896.898,-0.0083
mixed,128,1,0.0078,4.0,64,8192,1024,4096,1048,977.25,1445.907,977.394,0.0003
mixed,128,1,0.0078,4.0,64,8192,2048,8192,2096,1135.443,2071.942,1132.341,-0.0033
mixed,128,1,0.0078,4.0,64,8192,4096,16384,4192,1459.38,3337.591,1444.547,-0.0079
mixed,128,1,0.0078,4.0,64,8192,8192,32768,8384,2104.805,5860.975,2644.167,0.1436
mixed,128,1,0.0078,4.0,64,16384,128,512,131,1402.771,1497.666,1404.211,0.0152
mixed,128,1,0.0078,4.0,64,16384,256,1024,262,1419.844,1576.226,1448.691,0.1845
mixed,128,1,0.0078,4.0,64,16384,512,2048,524,1501.187,1731.554,1496.629,-0.0198
mixed,128,1,0.0078,4.0,64,16384,1024,4096,1048,1577.537,2050.102,1579.443,0.004
mixed,128,1,0.0078,4.0,64,16384,2048,8192,2096,1734.501,2673.559,1731.99,-0.0027
mixed,128,1,0.0078,4.0,64,16384,4096,16384,4192,2055.14,3924.761,2043.19,-0.0064
mixed,128,1,0.0078,4.0,64,16384,8192,32768,8384,2706.056,6449.119,2675.815,-0.0081
mixed,128,1,0.0078,4.0,256,0,128,512,131,383.296,445.024,380.975,-0.0376
mixed,128,1,0.0078,4.0,256,0,256,1024,262,406.352,523.842,405.441,-0.0078
mixed,128,1,0.0078,4.0,256,0,512,2048,524,445.536,678.116,445.634,0.0004
mixed,128,1,0.0078,4.0,256,0,1024,4096,1048,525.25,986.37,536.623,0.0247
mixed,128,1,0.0078,4.0,256,0,2048,8192,2096,682.671,1571.027,846.77,0.1847
mixed,128,1,0.0078,4.0,256,0,4096,16384,4192,998.786,2787.99,1468.133,0.2623
mixed,128,1,0.0078,4.0,256,0,8192,32768,8384,1607.381,5262.428,2703.672,0.2999
mixed,128,1,0.0078,4.0,256,512,128,512,131,544.736,608.609,542.049,-0.0421
mixed,128,1,0.0078,4.0,256,512,256,1024,262,566.194,686.337,565.122,-0.0089
mixed,128,1,0.0078,4.0,256,512,512,2048,524,609.024,844.577,606.37,-0.0113
mixed,128,1,0.0078,4.0,256,512,1024,4096,1048,688.993,1158.196,752.978,0.1364
mixed,128,1,0.0078,4.0,256,512,2048,8192,2096,849.523,1790.852,1062.353,0.2261
mixed,128,1,0.0078,4.0,256,512,4096,16384,4192,1170.933,3049.641,1682.051,0.2721
mixed,128,1,0.0078,4.0,256,512,8192,32768,8384,1817.364,5556.191,2918.519,0.2945
mixed,128,1,0.0078,4.0,256,2048,128,512,131,996.981,1060.803,997.121,0.0022
mixed,128,1,0.0078,4.0,256,2048,256,1024,262,1018.485,1136.947,1016.755,-0.0146
mixed,128,1,0.0078,4.0,256,2048,512,2048,524,1060.564,1293.7,1060.068,-0.0021
mixed,128,1,0.0078,4.0,256,2048,1024,4096,1048,1138.771,1609.813,1137.218,-0.0033
mixed,128,1,0.0078,4.0,256,2048,2048,8192,2096,1296.516,2233.91,1400.082,0.1105
mixed,128,1,0.0078,4.0,256,2048,4096,16384,4192,1620.449,3501.578,2020.405,0.2126
mixed,128,1,0.0078,4.0,256,2048,8192,32768,8384,2264.648,6009.809,3252.249,0.2637
mixed,128,1,0.0078,4.0,256,8192,128,512,131,2743.72,2803.287,2758.808,0.2533
mixed,128,1,0.0078,4.0,256,8192,256,1024,262,2774.068,2940.825,2778.169,0.0246
mixed,128,1,0.0078,4.0,256,8192,512,2048,524,2804.792,3096.856,2807.031,0.0077
mixed,128,1,0.0078,4.0,256,8192,1024,4096,1048,2930.805,3400.696,2931.35,0.0012
mixed,128,1,0.0078,4.0,256,8192,2048,8192,2096,3098.823,4035.434,3103.159,0.0046
mixed,128,1,0.0078,4.0,256,8192,4096,16384,4192,3425.785,5304.479,3416.231,-0.0051
mixed,128,1,0.0078,4.0,256,8192,8192,32768,8384,4076.14,7813.956,4600.475,0.1403
mixed,128,1,0.0078,4.0,256,16384,128,512,131,5158.846,5155.516,5154.926,
mixed,128,1,0.0078,4.0,256,16384,256,1024,262,5160.863,5251.788,5163.793,0.0322
mixed,128,1,0.0078,4.0,256,16384,512,2048,524,5187.69,5501.836,5157.325,-0.0967
mixed,128,1,0.0078,4.0,256,16384,1024,4096,1048,5256.752,5816.815,5253.387,-0.006
mixed,128,1,0.0078,4.0,256,16384,2048,8192,2096,5507.198,6445.218,5507.456,0.0003
mixed,128,1,0.0078,4.0,256,16384,4096,16384,4192,5835.854,7711.283,5817.247,-0.0099
mixed,128,1,0.0078,4.0,256,16384,8192,32768,8384,6480.032,10212.232,6455.457,-0.0066
mixed,128,1,0.0078,4.0,1024,0,128,512,131,776.786,837.857,775.828,-0.0157
mixed,128,1,0.0078,4.0,1024,0,256,1024,262,796.274,921.298,798.002,0.0138
mixed,128,1,0.0078,4.0,1024,0,512,2048,524,842.789,1079.441,837.925,-0.0206
mixed,128,1,0.0078,4.0,1024,0,1024,4096,1048,924.259,1399.381,922.739,-0.0032
mixed,128,1,0.0078,4.0,1024,0,2048,8192,2096,1084.979,2023.285,1080.68,-0.0046
mixed,128,1,0.0078,4.0,1024,0,4096,16384,4192,1405.139,3265.323,1399.46,-0.0031
mixed,128,1,0.0078,4.0,1024,0,8192,32768,8384,2054.324,5770.513,2025.718,-0.0077
mixed,128,1,0.0078,4.0,1024,512,128,512,131,1179.173,1245.859,1186.084,0.1036
mixed,128,1,0.0078,4.0,1024,512,256,1024,262,1203.171,1326.467,1204.513,0.0109
mixed,128,1,0.0078,4.0,1024,512,512,2048,524,1245.526,1486.786,1244.131,-0.0058
mixed,128,1,0.0078,4.0,1024,512,1024,4096,1048,1330.338,1800.949,1328.546,-0.0038
mixed,128,1,0.0078,4.0,1024,512,2048,8192,2096,1487.923,2426.085,1489.621,0.0018
mixed,128,1,0.0078,4.0,1024,512,4096,16384,4192,1811.937,3683.319,1809.255,-0.0014
mixed,128,1,0.0078,4.0,1024,512,8192,32768,8384,2455.417,6178.686,2434.947,-0.0055
mixed,128,1,0.0078,4.0,1024,2048,128,512,131,1881.571,1939.237,1883.428,0.0322
mixed,128,1,0.0078,4.0,1024,2048,256,1024,262,1896.916,2022.452,1903.059,0.0489
mixed,128,1,0.0078,4.0,1024,2048,512,2048,524,1940.819,2175.991,1947.892,0.0301
mixed,128,1,0.0078,4.0,1024,2048,1024,4096,1048,2017.957,2486.487,2024.998,0.015
mixed,128,1,0.0078,4.0,1024,2048,2048,8192,2096,2178.931,3121.942,2175.001,-0.0042
mixed,128,1,0.0078,4.0,1024,2048,4096,16384,4192,2501.642,4363.291,2492.885,-0.0047
mixed,128,1,0.0078,4.0,1024,2048,8192,32768,8384,3141.708,6864.462,3106.43,-0.0095
mixed,128,1,0.0078,4.0,1024,8192,128,512,131,4690.363,4753.355,4689.53,-0.0132
mixed,128,1,0.0078,4.0,1024,8192,256,1024,262,4721.036,4830.46,4710.83,-0.0933
mixed,128,1,0.0078,4.0,1024,8192,512,2048,524,4751.371,4984.699,4771.067,0.0844
mixed,128,1,0.0078,4.0,1024,8192,1024,4096,1048,4818.706,5291.835,4833.629,0.0315
mixed,128,1,0.0078,4.0,1024,8192,2048,8192,2096,4984.623,5935.169,4991.707,0.0075
mixed,128,1,0.0078,4.0,1024,8192,4096,16384,4192,5313.739,7188.021,5297.344,-0.0087
mixed,128,1,0.0078,4.0,1024,8192,8192,32768,8384,5962.962,9686.069,5934.846,-0.0076
mixed,128,1,0.0078,4.0,1024,16384,128,512,131,8442.136,8514.246,8449.38,0.1005
mixed,128,1,0.0078,4.0,1024,16384,256,1024,262,8473.063,8573.346,8478.789,0.0571
mixed,128,1,0.0078,4.0,1024,16384,512,2048,524,8516.886,8752.309,8507.351,-0.0405
mixed,128,1,0.0078,4.0,1024,16384,1024,4096,1048,8593.207,9049.51,8596.199,0.0066
mixed,128,1,0.0078,4.0,1024,16384,2048,8192,2096,8742.39,9679.687,8738.327,-0.0043
mixed,128,1,0.0078,4.0,1024,16384,4096,16384,4192,9063.463,10927.646,9064.628,0.0006
mixed,128,1,0.0078,4.0,1024,16384,8192,32768,8384,9696.09,13440.612,9679.545,-0.0044
mixed,128,1,0.0078,4.0,4096,0,128,512,131,3814.267,3877.996,3816.33,0.0324
mixed,128,1,0.0078,4.0,4096,0,256,1024,262,3838.3,3953.419,3836.073,-0.0193
mixed,128,1,0.0078,4.0,4096,0,512,2048,524,3875.959,4121.69,3877.548,0.0065
mixed,128,1,0.0078,4.0,4096,0,1024,4096,1048,3956.856,4425.993,3957.318,0.001
mixed,128,1,0.0078,4.0,4096,0,2048,8192,2096,4117.002,5060.685,4120.569,0.0038
mixed,128,1,0.0078,4.0,4096,0,4096,16384,4192,4441.722,6305.215,4426.586,-0.0081
mixed,128,1,0.0078,4.0,4096,0,8192,32768,8384,5082.576,8807.686,5059.342,-0.0062
mixed,128,1,0.0078,4.0,4096,512,128,512,131,4934.86,4999.644,4938.105,0.0501
mixed,128,1,0.0078,4.0,4096,512,256,1024,262,4961.596,5078.414,4967.885,0.0538
mixed,128,1,0.0078,4.0,4096,512,512,2048,524,4998.155,5234.175,5009.34,0.0474
mixed,128,1,0.0078,4.0,4096,512,1024,4096,1048,5086.684,5542.669,5086.031,-0.0014
mixed,128,1,0.0078,4.0,4096,512,2048,8192,2096,5251.105,6163.342,5246.588,-0.005
mixed,128,1,0.0078,4.0,4096,512,4096,16384,4192,5568.188,7419.137,5541.519,-0.0144
mixed,128,1,0.0078,4.0,4096,512,8192,32768,8384,6207.698,9916.569,6169.838,-0.0102
mixed,128,1,0.0078,4.0,4096,2048,128,512,131,6890.486,6947.921,6933.902,0.7559
mixed,128,1,0.0078,4.0,4096,2048,256,1024,262,6911.584,7030.817,6910.258,-0.0111
mixed,128,1,0.0078,4.0,4096,2048,512,2048,524,6958.242,7208.896,6958.231,-0.0
mixed,128,1,0.0078,4.0,4096,2048,1024,4096,1048,7039.436,7501.188,7032.641,-0.0147
mixed,128,1,0.0078,4.0,4096,2048,2048,8192,2096,7193.427,8129.319,7192.431,-0.0011
mixed,128,1,0.0078,4.0,4096,2048,4096,16384,4192,7507.765,9375.012,7507.573,-0.0001
mixed,128,1,0.0078,4.0,4096,2048,8192,32768,8384,8153.042,11880.462,8122.994,-0.0081
mixed,128,1,0.0078,4.0,4096,8192,128,512,131,14768.244,14832.87,15148.147,5.8785
mixed,128,1,0.0078,4.0,4096,8192,256,1024,262,14961.413,15408.983,15042.538,0.1813
mixed,128,1,0.0078,4.0,4096,8192,512,2048,524,14935.334,15072.85,15186.983,1.83
mixed,128,1,0.0078,4.0,4096,8192,1024,4096,1048,14913.112,15374.262,15053.802,0.3051
mixed,128,1,0.0078,4.0,4096,8192,2048,8192,2096,15075.943,16007.706,15078.633,0.0029
mixed,128,1,0.0078,4.0,4096,8192,4096,16384,4192,15396.44,17474.111,15377.367,-0.0092
mixed,128,1,0.0078,4.0,4096,8192,8192,32768,8384,16044.764,19727.395,16136.326,0.0249
mixed,128,1,0.0078,4.0,4096,16384,128,512,131,26082.472,25901.019,25837.592,
mixed,128,1,0.0078,4.0,4096,16384,256,1024,262,26289.118,26836.194,26404.738,0.2113
mixed,128,1,0.0078,4.0,4096,16384,512,2048,524,26312.373,26866.212,25743.591,-1.027
mixed,128,1,0.0078,4.0,4096,16384,1024,4096,1048,27072.171,27092.008,26023.978,-52.8403
mixed,128,1,0.0078,4.0,4096,16384,2048,8192,2096,26367.915,26555.272,26091.8,-1.4737
mixed,128,1,0.0078,4.0,4096,16384,4096,16384,4192,27361.067,28293.261,26158.264,-1.2903
mixed,128,1,0.0078,4.0,4096,16384,8192,32768,8384,26917.707,30427.521,26786.199,-0.0375
pure,128,2,0.0156,4.0,0,0,128,512,134,151.76,286.735,227.824,0.5635
pure,128,2,0.0156,4.0,0,0,256,1024,268,246.0,370.785,257.887,0.0953
pure,128,2,0.0156,4.0,0,0,512,2048,536,289.459,531.73,323.217,0.1393
pure,128,2,0.0156,4.0,0,0,1024,4096,1072,374.45,848.641,447.202,0.1534
pure,128,2,0.0156,4.0,0,0,2048,8192,2144,544.178,1470.486,683.969,0.1509
pure,128,2,0.0156,4.0,0,0,4096,16384,4288,877.138,2725.736,1157.09,0.1514
pure,128,2,0.0156,4.0,0,0,8192,32768,8576,1532.532,5226.799,2098.437,0.1532
mixed,128,2,0.0156,4.0,16,0,128,512,134,192.657,323.921,262.255,0.5302
mixed,128,2,0.0156,4.0,16,0,256,1024,268,284.433,395.6,285.139,0.0063
mixed,128,2,0.0156,4.0,16,0,512,2048,536,327.953,555.953,349.008,0.0923
mixed,128,2,0.0156,4.0,16,0,1024,4096,1072,399.328,870.178,470.96,0.1521
mixed,128,2,0.0156,4.0,16,0,2048,8192,2144,566.163,1495.427,710.64,0.1555
mixed,128,2,0.0156,4.0,16,0,4096,16384,4288,899.185,2743.88,1181.716,0.1532
mixed,128,2,0.0156,4.0,16,0,8192,32768,8576,1550.116,5232.878,2114.343,0.1532
mixed,128,2,0.0156,4.0,16,512,128,512,134,268.738,364.819,267.537,-0.0125
mixed,128,2,0.0156,4.0,16,512,256,1024,268,298.465,447.971,299.473,0.0067
mixed,128,2,0.0156,4.0,16,512,512,2048,536,367.058,611.616,364.257,-0.0114
mixed,128,2,0.0156,4.0,16,512,1024,4096,1072,453.793,925.043,465.121,0.024
mixed,128,2,0.0156,4.0,16,512,2048,8192,2144,622.161,1555.54,702.899,0.0865
mixed,128,2,0.0156,4.0,16,512,4096,16384,4288,956.291,2805.319,1176.209,0.1189
mixed,128,2,0.0156,4.0,16,512,8192,32768,8576,1611.939,5290.189,2115.684,0.137
mixed,128,2,0.0156,4.0,16,2048,128,512,134,333.458,380.896,332.928,-0.0112
mixed,128,2,0.0156,4.0,16,2048,256,1024,268,337.921,484.673,338.88,0.0065
mixed,128,2,0.0156,4.0,16,2048,512,2048,536,381.89,723.698,381.411,-0.0014
mixed,128,2,0.0156,4.0,16,2048,1024,4096,1072,486.177,1042.483,484.885,-0.0023
mixed,128,2,0.0156,4.0,16,2048,2048,8192,2144,736.178,1667.876,722.867,-0.0143
mixed,128,2,0.0156,4.0,16,2048,4096,16384,4288,1069.908,2914.935,1178.036,0.0586
mixed,128,2,0.0156,4.0,16,2048,8192,32768,8576,1728.693,5413.054,2107.988,0.1029
mixed,128,2,0.0156,4.0,16,8192,128,512,134,448.129,498.243,447.474,-0.0131
mixed,128,2,0.0156,4.0,16,8192,256,1024,268,473.84,598.048,473.921,0.0007
mixed,128,2,0.0156,4.0,16,8192,512,2048,536,501.955,737.443,499.362,-0.011
mixed,128,2,0.0156,4.0,16,8192,1024,4096,1072,603.075,1183.154,599.983,-0.0053
mixed,128,2,0.0156,4.0,16,8192,2048,8192,2144,751.505,2114.052,741.185,-0.0076
mixed,128,2,0.0156,4.0,16,8192,4096,16384,4288,1227.859,3367.511,1181.889,-0.0215
mixed,128,2,0.0156,4.0,16,8192,8192,32768,8576,2182.901,5858.715,2111.446,-0.0194
mixed,128,2,0.0156,4.0,16,16384,128,512,134,603.186,672.929,603.697,0.0073
mixed,128,2,0.0156,4.0,16,16384,256,1024,268,626.899,747.873,627.779,0.0073
mixed,128,2,0.0156,4.0,16,16384,512,2048,536,676.753,909.507,674.13,-0.0113
mixed,128,2,0.0156,4.0,16,16384,1024,4096,1072,747.264,1199.7,746.337,-0.002
mixed,128,2,0.0156,4.0,16,16384,2048,8192,2144,928.609,2105.926,907.266,-0.0181
mixed,128,2,0.0156,4.0,16,16384,4096,16384,4288,1243.076,3957.994,1207.411,-0.0131
mixed,128,2,0.0156,4.0,16,16384,8192,32768,8576,2194.758,6480.544,2103.573,-0.0213
mixed,128,2,0.0156,4.0,64,0,128,512,134,212.448,276.287,213.52,0.0168
mixed,128,2,0.0156,4.0,64,0,256,1024,268,235.248,357.906,235.633,0.0031
mixed,128,2,0.0156,4.0,64,0,512,2048,536,277.616,516.051,305.569,0.1172
mixed,128,2,0.0156,4.0,64,0,1024,4096,1072,360.339,825.121,466.257,0.2279
mixed,128,2,0.0156,4.0,64,0,2048,8192,2144,528.753,1439.619,779.697,0.2755
mixed,128,2,0.0156,4.0,64,0,4096,16384,4288,855.043,2689.767,1404.611,0.2995
mixed,128,2,0.0156,4.0,64,0,8192,32768,8576,1500.453,5196.429,2653.768,0.312
mixed,128,2,0.0156,4.0,64,512,128,512,134,256.528,318.464,257.089,0.009
mixed,128,2,0.0156,4.0,64,512,256,1024,268,278.929,401.185,276.544,-0.0195
mixed,128,2,0.0156,4.0,64,512,512,2048,536,321.827,561.473,319.505,-0.0097
mixed,128,2,0.0156,4.0,64,512,1024,4096,1072,406.687,877.508,468.403,0.1311
mixed,128,2,0.0156,4.0,64,512,2048,8192,2144,576.753,1509.779,785.235,0.2234
mixed,128,2,0.0156,4.0,64,512,4096,16384,4288,909.745,2767.783,1408.083,0.2682
mixed,128,2,0.0156,4.0,64,512,8192,32768,8576,1565.634,5269.422,2654.55,0.294
mixed,128,2,0.0156,4.0,64,2048,128,512,134,372.16,435.617,372.975,0.0128
mixed,128,2,0.0156,4.0,64,2048,256,1024,268,396.34,517.601,396.386,0.0004
mixed,128,2,0.0156,4.0,64,2048,512,2048,536,438.911,675.953,436.769,-0.009
mixed,128,2,0.0156,4.0,64,2048,1024,4096,1072,520.929,993.026,517.729,-0.0068
mixed,128,2,0.0156,4.0,64,2048,2048,8192,2144,687.52,1621.317,781.843,0.101
mixed,128,2,0.0156,4.0,64,2048,4096,16384,4288,1018.896,2883.192,1405.734,0.2075
mixed,128,2,0.0156,4.0,64,2048,8192,32768,8576,1683.779,5394.941,2647.974,0.2598
mixed,128,2,0.0156,4.0,64,8192,128,512,134,836.515,899.138,832.466,-0.0647
mixed,128,2,0.0156,4.0,64,8192,256,1024,268,855.953,976.739,855.376,-0.0048
mixed,128,2,0.0156,4.0,64,8192,512,2048,536,899.875,1132.148,895.713,-0.0179
mixed,128,2,0.0156,4.0,64,8192,1024,4096,1072,979.476,1443.714,975.411,-0.0088
mixed,128,2,0.0156,4.0,64,8192,2048,8192,2144,1143.857,2075.204,1132.851,-0.0118
mixed,128,2,0.0156,4.0,64,8192,4096,16384,4288,1470.834,3334.265,1447.203,-0.0127
mixed,128,2,0.0156,4.0,64,8192,8192,32768,8576,2134.644,5842.556,2636.343,0.1353
mixed,128,2,0.0156,4.0,64,16384,128,512,134,1404.066,1496.132,1403.811,-0.0028
mixed,128,2,0.0156,4.0,64,16384,256,1024,268,1421.684,1576.37,1450.323,0.1851
mixed,128,2,0.0156,4.0,64,16384,512,2048,536,1496.661,1732.82,1497.38,0.003
mixed,128,2,0.0156,4.0,64,16384,1024,4096,1072,1579.94,2049.908,1579.239,-0.0015
mixed,128,2,0.0156,4.0,64,16384,2048,8192,2144,1748.597,2673.847,1734.565,-0.0152
mixed,128,2,0.0156,4.0,64,16384,4096,16384,4288,2073.523,3935.162,2054.483,-0.0102
mixed,128,2,0.0156,4.0,64,16384,8192,32768,8576,2740.583,6449.313,2680.774,-0.0161
mixed,128,2,0.0156,4.0,256,0,128,512,134,385.01,444.273,384.688,-0.0054
mixed,128,2,0.0156,4.0,256,0,256,1024,268,406.416,524.463,404.512,-0.0161
mixed,128,2,0.0156,4.0,256,0,512,2048,536,447.169,681.826,446.194,-0.0042
mixed,128,2,0.0156,4.0,256,0,1024,4096,1072,528.722,985.922,534.146,0.0119
mixed,128,2,0.0156,4.0,256,0,2048,8192,2144,694.292,1575.202,845.33,0.1715
mixed,128,2,0.0156,4.0,256,0,4096,16384,4288,1012.981,2790.422,1471.65,0.2581
mixed,128,2,0.0156,4.0,256,0,8192,32768,8576,1638.195,5264.973,2699.766,0.2927
mixed,128,2,0.0156,4.0,256,512,128,512,134,546.386,605.698,544.483,-0.0321
mixed,128,2,0.0156,4.0,256,512,256,1024,268,564.656,686.609,565.122,0.0038
mixed,128,2,0.0156,4.0,256,512,512,2048,536,610.258,846.322,609.235,-0.0043
mixed,128,2,0.0156,4.0,256,512,1024,4096,1072,689.875,1158.419,753.811,0.1365
mixed,128,2,0.0156,4.0,256,512,2048,8192,2144,859.713,1789.428,1067.507,0.2235
mixed,128,2,0.0156,4.0,256,512,4096,16384,4288,1188.244,3050.664,1685.395,0.2669
mixed,128,2,0.0156,4.0,256,512,8192,32768,8576,1848.245,5564.479,2920.118,0.2884
mixed,128,2,0.0156,4.0,256,2048,128,512,134,995.139,1059.411,999.747,0.0717
mixed,128,2,0.0156,4.0,256,2048,256,1024,268,1019.554,1142.309,1018.177,-0.0112
mixed,128,2,0.0156,4.0,256,2048,512,2048,536,1061.649,1294.004,1060.898,-0.0032
mixed,128,2,0.0156,4.0,256,2048,1024,4096,1072,1141.987,1610.021,1140.289,-0.0036
mixed,128,2,0.0156,4.0,256,2048,2048,8192,2144,1304.929,2231.766,1404.211,0.1071
mixed,128,2,0.0156,4.0,256,2048,4096,16384,4288,1635.444,3491.817,2034.071,0.2147
mixed,128,2,0.0156,4.0,256,2048,8192,32768,8576,2294.982,6008.383,3256.262,0.2589
mixed,128,2,0.0156,4.0,256,8192,128,512,134,2748.566,2806.856,2743.414,-0.0884
mixed,128,2,0.0156,4.0,256,8192,256,1024,268,2767.414,2933.145,2771.622,0.0254
mixed,128,2,0.0156,4.0,256,8192,512,2048,536,2804.916,3106.422,2803.24,-0.0056
mixed,128,2,0.0156,4.0,256,8192,1024,4096,1072,2935.798,3400.953,2935.558,-0.0005
mixed,128,2,0.0156,4.0,256,8192,2048,8192,2144,3109.286,4035.739,3109.784,0.0005
mixed,128,2,0.0156,4.0,256,8192,4096,16384,4288,3446.809,5295.965,3420.888,-0.014
mixed,128,2,0.0156,4.0,256,8192,8192,32768,8576,4100.413,7813.489,4610.668,0.1374
mixed,128,2,0.0156,4.0,256,16384,128,512,134,5167.453,5158.941,5160.972,
mixed,128,2,0.0156,4.0,256,16384,256,1024,268,5158.094,5254.816,5155.983,-0.0218
mixed,128,2,0.0156,4.0,256,16384,512,2048,536,5156.414,5509.101,5179.883,0.0665
mixed,128,2,0.0156,4.0,256,16384,1024,4096,1072,5260.718,5829.983,5252.939,-0.0137
mixed,128,2,0.0156,4.0,256,16384,2048,8192,2144,5513.407,6452.385,5516.014,0.0028
mixed,128,2,0.0156,4.0,256,16384,4096,16384,4288,5851.694,7717.474,5819.373,-0.0173
mixed,128,2,0.0156,4.0,256,16384,8192,32768,8576,6506.159,10225.224,6458.432,-0.0128
mixed,128,2,0.0156,4.0,1024,0,128,512,134,774.833,840.787,779.409,0.0694
mixed,128,2,0.0156,4.0,1024,0,256,1024,268,796.785,921.713,813.617,0.1347
mixed,128,2,0.0156,4.0,1024,0,512,2048,536,841.683,1079.746,875.428,0.1417
mixed,128,2,0.0156,4.0,1024,0,1024,4096,1072,924.244,1397.652,997.89,0.1556
mixed,128,2,0.0156,4.0,1024,0,2048,8192,2144,1099.586,2026.646,1235.284,0.1464
mixed,128,2,0.0156,4.0,1024,0,4096,16384,4288,1427.522,3261.577,1712.665,0.1555
mixed,128,2,0.0156,4.0,1024,0,8192,32768,8576,2084.918,5767.212,2650.342,0.1536
mixed,128,2,0.0156,4.0,1024,512,128,512,134,1178.594,1247.86,1192.583,0.202
mixed,128,2,0.0156,4.0,1024,512,256,1024,268,1204.886,1326.901,1216.885,0.0983
mixed,128,2,0.0156,4.0,1024,512,512,2048,536,1246.919,1487.267,1281.284,0.143
mixed,128,2,0.0156,4.0,1024,512,1024,4096,1072,1328.835,1804.984,1407.269,0.1647
mixed,128,2,0.0156,4.0,1024,512,2048,8192,2144,1499.395,2432.997,1647.683,0.1588
mixed,128,2,0.0156,4.0,1024,512,4096,16384,4288,1833.877,3689.501,2113.861,0.1509
mixed,128,2,0.0156,4.0,1024,512,8192,32768,8576,2487.03,6179.164,3049.176,0.1523
mixed,128,2,0.0156,4.0,1024,2048,128,512,134,1881.255,1937.874,1885.115,0.0682
mixed,128,2,0.0156,4.0,1024,2048,256,1024,268,1901.86,2021.092,1917.605,0.132
mixed,128,2,0.0156,4.0,1024,2048,512,2048,536,1944.758,2175.412,1978.79,0.1475
mixed,128,2,0.0156,4.0,1024,2048,1024,4096,1072,2027.7,2494.243,2095.763,0.1459
mixed,128,2,0.0156,4.0,1024,2048,2048,8192,2144,2190.231,3122.789,2338.022,0.1585
mixed,128,2,0.0156,4.0,1024,2048,4096,16384,4288,2517.155,4379.197,2797.971,0.1508
mixed,128,2,0.0156,4.0,1024,2048,8192,32768,8576,3179.497,6871.072,3735.849,0.1507
mixed,128,2,0.0156,4.0,1024,8192,128,512,134,4696.492,4757.486,4689.676,-0.1117
mixed,128,2,0.0156,4.0,1024,8192,256,1024,268,4718.494,4833.196,4729.709,0.0978
mixed,128,2,0.0156,4.0,1024,8192,512,2048,536,4766.94,4989.276,4790.408,0.1056
mixed,128,2,0.0156,4.0,1024,8192,1024,4096,1072,4827.577,5300.766,4911.963,0.1783
mixed,128,2,0.0156,4.0,1024,8192,2048,8192,2144,5003.003,5919.934,5141.387,0.1509
mixed,128,2,0.0156,4.0,1024,8192,4096,16384,4288,5322.988,7179.729,5609.069,0.1541
mixed,128,2,0.0156,4.0,1024,8192,8192,32768,8576,5984.061,9681.865,6546.703,0.1522
mixed,128,2,0.0156,4.0,1024,16384,128,512,134,8455.973,8510.466,8451.173,-0.0881
mixed,128,2,0.0156,4.0,1024,16384,256,1024,268,8476.532,8583.587,8488.314,0.1101
mixed,128,2,0.0156,4.0,1024,16384,512,2048,536,8517.444,8743.157,8550.868,0.1481
mixed,128,2,0.0156,4.0,1024,16384,1024,4096,1072,8596.599,9046.711,8664.037,0.1498
mixed,128,2,0.0156,4.0,1024,16384,2048,8192,2144,8763.514,9682.501,8911.302,0.1608
mixed,128,2,0.0156,4.0,1024,16384,4096,16384,4288,9089.906,10957.306,9366.31,0.148
mixed,128,2,0.0156,4.0,1024,16384,8192,32768,8576,9734.761,13428.352,10278.17,0.1471
mixed,128,2,0.0156,4.0,4096,0,128,512,134,3818.571,3885.131,3823.736,0.0776
mixed,128,2,0.0156,4.0,4096,0,256,1024,268,3829.992,3956.778,3852.57,0.1781
mixed,128,2,0.0156,4.0,4096,0,512,2048,536,3879.867,4109.291,3910.89,0.1352
mixed,128,2,0.0156,4.0,4096,0,1024,4096,1072,3961.485,4425.117,4031.164,0.1503
mixed,128,2,0.0156,4.0,4096,0,2048,8192,2144,4119.275,5065.531,4267.691,0.1568
mixed,128,2,0.0156,4.0,4096,0,4096,16384,4288,4465.548,6306.0,4734.649,0.1462
mixed,128,2,0.0156,4.0,4096,0,8192,32768,8576,5105.659,8808.067,5665.839,0.1513
mixed,128,2,0.0156,4.0,4096,512,128,512,134,4951.514,5003.167,4957.049,0.1072
mixed,128,2,0.0156,4.0,4096,512,256,1024,268,4957.467,5078.975,4975.343,0.1471
mixed,128,2,0.0156,4.0,4096,512,512,2048,536,5003.074,5237.101,5034.411,0.1339
mixed,128,2,0.0156,4.0,4096,512,1024,4096,1072,5084.89,5554.895,5160.43,0.1607
mixed,128,2,0.0156,4.0,4096,512,2048,8192,2144,5253.135,6178.977,5389.788,0.1476
mixed,128,2,0.0156,4.0,4096,512,4096,16384,4288,5581.803,7433.668,5862.657,0.1517
mixed,128,2,0.0156,4.0,4096,512,8192,32768,8576,6226.528,9940.138,6806.259,0.1561
mixed,128,2,0.0156,4.0,4096,2048,128,512,134,6890.881,6979.431,6892.463,0.0179
mixed,128,2,0.0156,4.0,4096,2048,256,1024,268,6904.404,7041.185,6952.13,0.3489
mixed,128,2,0.0156,4.0,4096,2048,512,2048,536,6956.721,7192.63,7007.013,0.2132
mixed,128,2,0.0156,4.0,4096,2048,1024,4096,1072,7054.818,7502.181,7107.299,0.1173
mixed,128,2,0.0156,4.0,4096,2048,2048,8192,2144,7205.681,8124.854,7353.746,0.1611
mixed,128,2,0.0156,4.0,4096,2048,4096,16384,4288,7533.202,9385.095,7831.752,0.1612
mixed,128,2,0.0156,4.0,4096,2048,8192,32768,8576,8183.815,11887.809,8740.231,0.1502
mixed,128,2,0.0156,4.0,4096,8192,128,512,134,14819.572,15120.069,14912.391,0.3089
mixed,128,2,0.0156,4.0,4096,8192,256,1024,268,14900.561,15118.165,15035.174,0.6186
mixed,128,2,0.0156,4.0,4096,8192,512,2048,536,15074.115,15073.434,14878.262,
mixed,128,2,0.0156,4.0,4096,8192,1024,4096,1072,14995.178,15383.605,15049.244,0.1392
mixed,128,2,0.0156,4.0,4096,8192,2048,8192,2144,15209.385,15998.44,15229.096,0.025
mixed,128,2,0.0156,4.0,4096,8192,4096,16384,4288,15408.969,17242.978,15691.53,0.1541
mixed,128,2,0.0156,4.0,4096,8192,8192,32768,8576,16056.219,19754.217,16613.001,0.1506
mixed,128,2,0.0156,4.0,4096,16384,128,512,134,26101.444,25919.146,25903.623,
mixed,128,2,0.0156,4.0,4096,16384,256,1024,268,25752.74,26232.135,26739.747,2.0589
mixed,128,2,0.0156,4.0,4096,16384,512,2048,536,26019.879,26879.514,26487.239,0.5437
mixed,128,2,0.0156,4.0,4096,16384,1024,4096,1072,26854.901,26264.646,26631.005,
mixed,128,2,0.0156,4.0,4096,16384,2048,8192,2144,26569.448,27103.145,26743.694,0.3265
mixed,128,2,0.0156,4.0,4096,16384,4096,16384,4288,26615.597,28134.253,26745.837,0.0858
mixed,128,2,0.0156,4.0,4096,16384,8192,32768,8576,26594.537,30485.43,27369.554,0.1992
pure,128,3,0.0234,4.0,0,0,128,512,137,153.361,286.897,230.895,0.5806
pure,128,3,0.0234,4.0,0,0,256,1024,274,246.255,372.144,263.921,0.1403
pure,128,3,0.0234,4.0,0,0,512,2048,548,289.089,532.08,325.505,0.1499
pure,128,3,0.0234,4.0,0,0,1024,4096,1096,380.481,847.025,449.682,0.1483
pure,128,3,0.0234,4.0,0,0,2048,8192,2192,552.722,1477.396,690.338,0.1488
pure,128,3,0.0234,4.0,0,0,4096,16384,4384,888.017,2729.303,1161.987,0.1488
pure,128,3,0.0234,4.0,0,0,8192,32768,8768,1567.286,5222.318,2102.15,0.1463
mixed,128,3,0.0234,4.0,16,0,128,512,137,191.088,324.913,263.075,0.5379
mixed,128,3,0.0234,4.0,16,0,256,1024,274,284.113,396.16,289.345,0.0467
mixed,128,3,0.0234,4.0,16,0,512,2048,548,329.841,554.833,354.098,0.1078
mixed,128,3,0.0234,4.0,16,0,1024,4096,1096,405.537,869.296,477.616,0.1554
mixed,128,3,0.0234,4.0,16,0,2048,8192,2192,577.043,1494.931,715.185,0.1505
mixed,128,3,0.0234,4.0,16,0,4096,16384,4384,911.586,2743.544,1187.682,0.1507
mixed,128,3,0.0234,4.0,16,0,8192,32768,8768,1580.466,5228.35,2119.303,0.1477
mixed,128,3,0.0234,4.0,16,512,128,512,137,269.008,364.0,268.64,-0.0039
mixed,128,3,0.0234,4.0,16,512,256,1024,274,300.336,450.322,301.358,0.0068
mixed,128,3,0.0234,4.0,16,512,512,2048,548,366.577,612.291,367.152,0.0023
mixed,128,3,0.0234,4.0,16,512,1024,4096,1096,460.705,924.387,471.554,0.0234
mixed,128,3,0.0234,4.0,16,512,2048,8192,2192,631.521,1548.131,708.627,0.0841
mixed,128,3,0.0234,4.0,16,512,4096,16384,4384,971.139,2800.295,1182.226,0.1154
mixed,128,3,0.0234,4.0,16,512,8192,32768,8768,1639.3,5286.252,2112.213,0.1297
mixed,128,3,0.0234,4.0,16,2048,128,512,137,334.352,381.794,332.818,-0.0323
mixed,128,3,0.0234,4.0,16,2048,256,1024,274,338.514,485.409,339.73,0.0083
mixed,128,3,0.0234,4.0,16,2048,512,2048,548,384.064,724.354,422.051,0.1116
mixed,128,3,0.0234,4.0,16,2048,1024,4096,1096,501.567,1042.435,485.409,-0.0299
mixed,128,3,0.0234,4.0,16,2048,2048,8192,2192,744.85,1664.627,723.491,-0.0232
mixed,128,3,0.0234,4.0,16,2048,4096,16384,4384,1085.012,2915.462,1179.108,0.0514
mixed,128,3,0.0234,4.0,16,2048,8192,32768,8768,1757.301,5405.644,2108.501,0.0963
mixed,128,3,0.0234,4.0,16,8192,128,512,137,449.073,498.13,448.034,-0.0212
mixed,128,3,0.0234,4.0,16,8192,256,1024,274,474.4,599.569,473.008,-0.0111
mixed,128,3,0.0234,4.0,16,8192,512,2048,548,503.81,737.266,499.569,-0.0182
mixed,128,3,0.0234,4.0,16,8192,1024,4096,1096,620.336,1181.027,634.945,0.0261
mixed,128,3,0.0234,4.0,16,8192,2048,8192,2192,769.986,2114.294,894.117,0.0923
mixed,128,3,0.0234,4.0,16,8192,4096,16384,4384,1243.874,3378.858,1184.739,-0.0277
mixed,128,3,0.0234,4.0,16,8192,8192,32768,8768,2218.213,5875.038,2116.406,-0.0278
mixed,128,3,0.0234,4.0,16,16384,128,512,137,607.073,672.498,605.234,-0.0281
mixed,128,3,0.0234,4.0,16,16384,256,1024,274,628.625,747.556,629.25,0.0053
mixed,128,3,0.0234,4.0,16,16384,512,2048,548,677.25,907.938,675.953,-0.0056
mixed,128,3,0.0234,4.0,16,16384,1024,4096,1096,753.888,1205.522,747.042,-0.0152
mixed,128,3,0.0234,4.0,16,16384,2048,8192,2192,947.041,2105.701,1025.489,0.0677
mixed,128,3,0.0234,4.0,16,16384,4096,16384,4384,1266.307,3965.21,1510.02,0.0903
mixed,128,3,0.0234,4.0,16,16384,8192,32768,8768,2237.35,6476.254,2109.044,-0.0303
mixed,128,3,0.0234,4.0,64,0,128,512,137,212.257,274.483,213.406,0.0185
mixed,128,3,0.0234,4.0,64,0,256,1024,274,234.127,356.865,234.529,0.0033
mixed,128,3,0.0234,4.0,64,0,512,2048,548,278.529,516.897,304.898,0.1106
mixed,128,3,0.0234,4.0,64,0,1024,4096,1096,368.399,825.872,471.009,0.2243
mixed,128,3,0.0234,4.0,64,0,2048,8192,2192,537.49,1442.356,781.967,0.2702
mixed,128,3,0.0234,4.0,64,0,4096,16384,4384,866.898,2691.686,1406.421,0.2957
mixed,128,3,0.0234,4.0,64,0,8192,32768,8768,1529.173,5197.308,2644.102,0.304
mixed,128,3,0.0234,4.0,64,512,128,512,137,255.904,321.026,258.56,0.0408
mixed,128,3,0.0234,4.0,64,512,256,1024,274,279.681,403.072,289.568,0.0801
mixed,128,3,0.0234,4.0,64,512,512,2048,548,322.815,564.946,373.201,0.2081
mixed,128,3,0.0234,4.0,64,512,1024,4096,1096,413.796,884.162,532.691,0.2528
mixed,128,3,0.0234,4.0,64,512,2048,8192,2192,586.72,1506.916,847.121,0.283
mixed,128,3,0.0234,4.0,64,512,4096,16384,4384,923.25,2773.366,1465.796,0.2932
mixed,128,3,0.0234,4.0,64,512,8192,32768,8768,1598.101,5276.86,2704.5,0.3008
mixed,128,3,0.0234,4.0,64,2048,128,512,137,372.385,436.401,372.687,0.0047
mixed,128,3,0.0234,4.0,64,2048,256,1024,274,396.706,518.26,396.081,-0.0051
mixed,128,3,0.0234,4.0,64,2048,512,2048,548,441.425,678.484,487.296,0.1935
mixed,128,3,0.0234,4.0,64,2048,1024,4096,1096,528.608,998.467,645.28,0.2483
mixed,128,3,0.0234,4.0,64,2048,2048,8192,2192,697.854,1614.965,953.826,0.2791
mixed,128,3,0.0234,4.0,64,2048,4096,16384,4384,1038.209,2883.782,1579.107,0.2931
mixed,128,3,0.0234,4.0,64,2048,8192,32768,8768,1704.9,5387.216,2809.224,0.2999
mixed,128,3,0.0234,4.0,64,8192,128,512,137,836.707,899.652,833.041,-0.0582
mixed,128,3,0.0234,4.0,64,8192,256,1024,274,856.515,977.187,856.723,0.0017
mixed,128,3,0.0234,4.0,64,8192,512,2048,548,900.225,1131.346,899.459,-0.0033
mixed,128,3,0.0234,4.0,64,8192,1024,4096,1096,986.482,1442.709,976.788,-0.0212
mixed,128,3,0.0234,4.0,64,8192,2048,8192,2192,1153.876,2070.564,1406.898,0.276
mixed,128,3,0.0234,4.0,64,8192,4096,16384,4384,1493.959,3337.113,2029.811,0.2907
mixed,128,3,0.0234,4.0,64,8192,8192,32768,8768,2165.334,5848.27,3266.984,0.2991
mixed,128,3,0.0234,4.0,64,16384,128,512,137,1407.765,1495.555,1404.517,-0.037
mixed,128,3,0.0234,4.0,64,16384,256,1024,274,1430.659,1577.09,1452.611,0.1499
mixed,128,3,0.0234,4.0,64,16384,512,2048,548,1497.603,1733.268,1498.58,0.0041
mixed,128,3,0.0234,4.0,64,16384,1024,4096,1096,1585.875,2045.331,1577.975,-0.0172
mixed,128,3,0.0234,4.0,64,16384,2048,8192,2192,1753.3,2677.015,1733.941,-0.021
mixed,128,3,0.0234,4.0,64,16384,4096,16384,4384,2089.269,3929.18,2629.336,0.2935
mixed,128,3,0.0234,4.0,64,16384,8192,32768,8768,2770.503,6441.122,3854.138,0.2952
mixed,128,3,0.0234,4.0,256,0,128,512,137,383.81,443.251,383.295,-0.0087
mixed,128,3,0.0234,4.0,256,0,256,1024,274,407.184,523.971,407.153,-0.0003
mixed,128,3,0.0234,4.0,256,0,512,2048,548,448.193,681.505,450.081,0.0081
mixed,128,3,0.0234,4.0,256,0,1024,4096,1096,537.267,985.636,536.273,-0.0022
mixed,128,3,0.0234,4.0,256,0,2048,8192,2192,702.849,1572.963,850.384,0.1696
mixed,128,3,0.0234,4.0,256,0,4096,16384,4384,1028.612,2785.879,1465.202,0.2484
mixed,128,3,0.0234,4.0,256,0,8192,32768,8768,1658.644,5262.651,2701.88,0.2895
mixed,128,3,0.0234,4.0,256,512,128,512,137,544.019,605.202,545.552,0.0251
mixed,128,3,0.0234,4.0,256,512,256,1024,274,569.01,688.064,566.115,-0.0243
mixed,128,3,0.0234,4.0,256,512,512,2048,548,611.922,847.171,608.068,-0.0164
mixed,128,3,0.0234,4.0,256,512,1024,4096,1096,698.642,1162.548,760.514,0.1334
mixed,128,3,0.0234,4.0,256,512,2048,8192,2192,867.41,1786.756,1066.578,0.2166
mixed,128,3,0.0234,4.0,256,512,4096,16384,4384,1211.091,3034.854,1688.18,0.2616
mixed,128,3,0.0234,4.0,256,512,8192,32768,8768,1877.459,5556.109,2920.905,0.2836
mixed,128,3,0.0234,4.0,256,2048,128,512,137,993.492,1061.236,993.763,0.004
mixed,128,3,0.0234,4.0,256,2048,256,1024,274,1019.298,1136.213,1018.37,-0.0079
mixed,128,3,0.0234,4.0,256,2048,512,2048,548,1064.066,1294.66,1060.947,-0.0135
mixed,128,3,0.0234,4.0,256,2048,1024,4096,1096,1148.147,1607.236,1139.954,-0.0178
mixed,128,3,0.0234,4.0,256,2048,2048,8192,2192,1314.213,2239.526,1404.916,0.098
mixed,128,3,0.0234,4.0,256,2048,4096,16384,4384,1651.89,3485.865,2029.782,0.2061
mixed,128,3,0.0234,4.0,256,2048,8192,32768,8768,2330.854,5992.817,3252.391,0.2517
mixed,128,3,0.0234,4.0,256,8192,128,512,137,2749.337,2805.752,2747.975,-0.0241
mixed,128,3,0.0234,4.0,256,8192,256,1024,274,2774.249,2930.615,2775.88,0.0104
mixed,128,3,0.0234,4.0,256,8192,512,2048,548,2806.342,3094.489,2806.568,0.0008
mixed,128,3,0.0234,4.0,256,8192,1024,4096,1096,2943.637,3401.064,2936.551,-0.0155
mixed,128,3,0.0234,4.0,256,8192,2048,8192,2192,3116.789,4042.156,3096.198,-0.0223
mixed,128,3,0.0234,4.0,256,8192,4096,16384,4384,3449.033,5289.918,3429.8,-0.0104
mixed,128,3,0.0234,4.0,256,8192,8192,32768,8768,4133.801,7797.091,4615.373,0.1315
mixed,128,3,0.0234,4.0,256,16384,128,512,137,5152.236,5157.038,5160.01,1.6191
mixed,128,3,0.0234,4.0,256,16384,256,1024,274,5154.733,5254.67,5160.463,0.0573
mixed,128,3,0.0234,4.0,256,16384,512,2048,548,5156.99,5500.734,5159.708,0.0079
mixed,128,3,0.0234,4.0,256,16384,1024,4096,1096,5256.222,5822.015,5254.475,-0.0031
mixed,128,3,0.0234,4.0,256,16384,2048,8192,2192,5526.896,6440.865,5509.788,-0.0187
mixed,128,3,0.0234,4.0,256,16384,4096,16384,4384,5859.935,7701.139,5821.248,-0.021
mixed,128,3,0.0234,4.0,256,16384,8192,32768,8768,6532.034,10231.242,6460.93,-0.0192
mixed,128,3,0.0234,4.0,1024,0,128,512,137,775.431,837.379,785.903,0.169
mixed,128,3,0.0234,4.0,1024,0,256,1024,274,799.152,922.98,817.234,0.146
mixed,128,3,0.0234,4.0,1024,0,512,2048,548,842.721,1087.124,880.961,0.1565
mixed,128,3,0.0234,4.0,1024,0,1024,4096,1096,933.698,1398.515,1001.7,0.1463
mixed,128,3,0.0234,4.0,1024,0,2048,8192,2192,1103.41,2021.221,1239.619,0.1484
mixed,128,3,0.0234,4.0,1024,0,4096,16384,4384,1441.313,3267.656,1717.399,0.1512
mixed,128,3,0.0234,4.0,1024,0,8192,32768,8768,2111.046,5768.079,2644.775,0.1459
mixed,128,3,0.0234,4.0,1024,512,128,512,137,1184.676,1246.641,1191.076,0.1033
mixed,128,3,0.0234,4.0,1024,512,256,1024,274,1205.074,1329.586,1224.575,0.1566
mixed,128,3,0.0234,4.0,1024,512,512,2048,548,1244.628,1489.46,1285.141,0.1655
mixed,128,3,0.0234,4.0,1024,512,1024,4096,1096,1342.022,1806.31,1409.908,0.1462
mixed,128,3,0.0234,4.0,1024,512,2048,8192,2192,1510.71,2427.655,1651.012,0.153
mixed,128,3,0.0234,4.0,1024,512,4096,16384,4384,1839.523,3687.61,2118.517,0.151
mixed,128,3,0.0234,4.0,1024,512,8192,32768,8768,2520.938,6172.091,3049.643,0.1448
mixed,128,3,0.0234,4.0,1024,2048,128,512,137,1880.582,1942.147,1891.398,0.1757
mixed,128,3,0.0234,4.0,1024,2048,256,1024,274,1899.816,2023.863,1916.774,0.1367
mixed,128,3,0.0234,4.0,1024,2048,512,2048,548,1944.755,2178.311,1980.899,0.1548
mixed,128,3,0.0234,4.0,1024,2048,1024,4096,1096,2033.812,2495.637,2099.397,0.142
mixed,128,3,0.0234,4.0,1024,2048,2048,8192,2192,2198.741,3119.675,2345.414,0.1593
mixed,128,3,0.0234,4.0,1024,2048,4096,16384,4384,2536.983,4379.033,2805.753,0.1459
mixed,128,3,0.0234,4.0,1024,2048,8192,32768,8768,3210.139,6870.048,3751.545,0.1479
mixed,128,3,0.0234,4.0,1024,8192,128,512,137,4701.865,4754.921,4693.852,-0.151
mixed,128,3,0.0234,4.0,1024,8192,256,1024,274,4727.328,4825.951,4727.481,0.0016
mixed,128,3,0.0234,4.0,1024,8192,512,2048,548,4760.105,4978.958,4794.316,0.1563
mixed,128,3,0.0234,4.0,1024,8192,1024,4096,1096,4859.453,5309.068,4909.935,0.1123
mixed,128,3,0.0234,4.0,1024,8192,2048,8192,2192,5009.551,5920.047,5157.887,0.1629
mixed,128,3,0.0234,4.0,1024,8192,4096,16384,4384,5355.598,7183.857,5629.296,0.1497
mixed,128,3,0.0234,4.0,1024,8192,8192,32768,8768,6003.314,9679.546,6540.814,0.1462
mixed,128,3,0.0234,4.0,1024,16384,128,512,137,8459.993,8534.471,8476.376,0.22
mixed,128,3,0.0234,4.0,1024,16384,256,1024,274,8473.531,8616.66,8506.197,0.2282
mixed,128,3,0.0234,4.0,1024,16384,512,2048,548,8527.844,8768.952,8571.35,0.1804
mixed,128,3,0.0234,4.0,1024,16384,1024,4096,1096,8617.381,9074.693,8694.793,0.1693
mixed,128,3,0.0234,4.0,1024,16384,2048,8192,2192,8780.695,9693.528,8925.849,0.159
mixed,128,3,0.0234,4.0,1024,16384,4096,16384,4384,9113.413,10959.004,9400.569,0.1556
mixed,128,3,0.0234,4.0,1024,16384,8192,32768,8768,9785.42,13442.676,10342.645,0.1524
mixed,128,3,0.0234,4.0,4096,0,128,512,137,3815.049,3876.158,3829.532,0.237
mixed,128,3,0.0234,4.0,4096,0,256,1024,274,3842.986,3955.164,3851.079,0.0721
mixed,128,3,0.0234,4.0,4096,0,512,2048,548,3880.203,4113.421,3919.339,0.1678
mixed,128,3,0.0234,4.0,4096,0,1024,4096,1096,3963.659,4419.401,4037.528,0.1621
mixed,128,3,0.0234,4.0,4096,0,2048,8192,2192,4130.956,5050.976,4270.379,0.1515
mixed,128,3,0.0234,4.0,4096,0,4096,16384,4384,4480.073,6301.104,4743.598,0.1447
mixed,128,3,0.0234,4.0,4096,0,8192,32768,8768,5157.756,8814.343,5679.901,0.1428
mixed,128,3,0.0234,4.0,4096,512,128,512,137,4949.211,5006.765,4948.01,-0.0209
mixed,128,3,0.0234,4.0,4096,512,256,1024,274,4964.25,5082.908,4980.431,0.1364
mixed,128,3,0.0234,4.0,4096,512,512,2048,548,4999.424,5242.895,5044.493,0.1851
mixed,128,3,0.0234,4.0,4096,512,1024,4096,1096,5092.189,5556.96,5158.364,0.1424
mixed,128,3,0.0234,4.0,4096,512,2048,8192,2192,5257.503,6170.4,5395.852,0.1515
mixed,128,3,0.0234,4.0,4096,512,4096,16384,4384,5594.27,7434.195,5883.824,0.1574
mixed,128,3,0.0234,4.0,4096,512,8192,32768,8768,6247.809,9930.089,6787.987,0.1467
mixed,128,3,0.0234,4.0,4096,2048,128,512,137,6896.485,6975.876,6911.539,0.1896
mixed,128,3,0.0234,4.0,4096,2048,256,1024,274,6915.906,7036.02,6978.675,0.5226
mixed,128,3,0.0234,4.0,4096,2048,512,2048,548,6963.156,7193.568,6995.811,0.1417
mixed,128,3,0.0234,4.0,4096,2048,1024,4096,1096,7051.989,7497.266,7123.126,0.1598
mixed,128,3,0.0234,4.0,4096,2048,2048,8192,2192,7210.645,8140.339,7352.833,0.1529
mixed,128,3,0.0234,4.0,4096,2048,4096,16384,4384,7540.273,9373.003,7821.304,0.1533
mixed,128,3,0.0234,4.0,4096,2048,8192,32768,8768,8223.175,11875.535,8745.307,0.143
mixed,128,3,0.0234,4.0,4096,8192,128,512,137,14913.018,14932.907,15200.861,14.4725
mixed,128,3,0.0234,4.0,4096,8192,256,1024,274,14933.419,15138.973,15106.632,0.8427
mixed,128,3,0.0234,4.0,4096,8192,512,2048,548,15072.124,15098.408,14893.113,-6.8106
mixed,128,3,0.0234,4.0,4096,8192,1024,4096,1096,15103.324,15388.202,15259.899,0.5496
mixed,128,3,0.0234,4.0,4096,8192,2048,8192,2192,15131.254,16009.079,15334.44,0.2315
mixed,128,3,0.0234,4.0,4096,8192,4096,16384,4384,15446.94,17287.87,15710.141,0.143
mixed,128,3,0.0234,4.0,4096,8192,8192,32768,8768,16111.389,19756.522,16647.982,0.1472
mixed,128,3,0.0234,4.0,4096,16384,128,512,137,26331.42,26252.22,26038.906,
mixed,128,3,0.0234,4.0,4096,16384,256,1024,274,26436.665,26679.846,26399.242,-0.1539
mixed,128,3,0.0234,4.0,4096,16384,512,2048,548,26426.025,26375.786,26617.575,
mixed,128,3,0.0234,4.0,4096,16384,1024,4096,1096,26133.814,27001.951,26095.198,-0.0445
mixed,128,3,0.0234,4.0,4096,16384,2048,8192,2192,27054.262,27255.401,26723.231,-1.6458
mixed,128,3,0.0234,4.0,4096,16384,4096,16384,4384,27063.879,27964.403,27662.636,0.6649
mixed,128,3,0.0234,4.0,4096,16384,8192,32768,8768,27210.782,30493.282,27235.014,0.0074
pure,128,4,0.0312,4.0,0,0,128,512,140,153.535,287.247,232.513,0.5907
pure,128,4,0.0312,4.0,0,0,256,1024,280,246.529,370.177,265.361,0.1523
pure,128,4,0.0312,4.0,0,0,512,2048,560,291.089,532.289,332.416,0.1713
pure,128,4,0.0312,4.0,0,0,1024,4096,1120,384.785,848.724,455.921,0.1533
pure,128,4,0.0312,4.0,0,0,2048,8192,2240,562.625,1476.995,697.907,0.148
pure,128,4,0.0312,4.0,0,0,4096,16384,4480,906.419,2724.167,1168.916,0.1444
pure,128,4,0.0312,4.0,0,0,8192,32768,8960,1591.365,5225.167,2095.541,0.1387
mixed,128,4,0.0312,4.0,16,0,128,512,140,191.424,324.914,261.601,0.5257
mixed,128,4,0.0312,4.0,16,0,256,1024,280,285.858,395.441,288.897,0.0277
mixed,128,4,0.0312,4.0,16,0,512,2048,560,330.273,554.929,354.704,0.1088
mixed,128,4,0.0312,4.0,16,0,1024,4096,1120,406.851,869.362,479.009,0.156
mixed,128,4,0.0312,4.0,16,0,2048,8192,2240,586.034,1493.699,721.043,0.1487
mixed,128,4,0.0312,4.0,16,0,4096,16384,4480,927.411,2739.751,1191.716,0.1458
mixed,128,4,0.0312,4.0,16,0,8192,32768,8960,1609.156,5229.566,2124.438,0.1423
mixed,128,4,0.0312,4.0,16,512,128,512,140,270.946,364.978,269.089,-0.0197
mixed,128,4,0.0312,4.0,16,512,256,1024,280,299.952,450.464,302.545,0.0172
mixed,128,4,0.0312,4.0,16,512,512,2048,560,368.259,613.216,368.401,0.0006
mixed,128,4,0.0312,4.0,16,512,1024,4096,1120,462.782,928.786,473.664,0.0234
mixed,128,4,0.0312,4.0,16,512,2048,8192,2240,639.314,1553.029,711.793,0.0793
mixed,128,4,0.0312,4.0,16,512,4096,16384,4480,985.248,2808.746,1188.964,0.1117
mixed,128,4,0.0312,4.0,16,512,8192,32768,8960,1675.221,5273.615,2116.435,0.1226
mixed,128,4,0.0312,4.0,16,2048,128,512,140,333.33,379.617,334.8,0.0318
mixed,128,4,0.0312,4.0,16,2048,256,1024,280,339.425,487.007,337.954,-0.01
mixed,128,4,0.0312,4.0,16,2048,512,2048,560,384.913,726.243,420.817,0.1052
mixed,128,4,0.0312,4.0,16,2048,1024,4096,1120,501.743,1042.148,489.202,-0.0232
mixed,128,4,0.0312,4.0,16,2048,2048,8192,2240,756.737,1676.867,725.041,-0.0344
mixed,128,4,0.0312,4.0,16,2048,4096,16384,4480,1099.986,2905.336,1185.265,0.0472
mixed,128,4,0.0312,4.0,16,2048,8192,32768,8960,1786.677,5400.587,2123.364,0.0932
mixed,128,4,0.0312,4.0,16,8192,128,512,140,450.641,499.858,450.193,-0.0091
mixed,128,4,0.0312,4.0,16,8192,256,1024,280,473.49,601.585,475.969,0.0193
mixed,128,4,0.0312,4.0,16,8192,512,2048,560,503.81,736.962,499.905,-0.0168
mixed,128,4,0.0312,4.0,16,8192,1024,4096,1120,621.793,1182.13,634.641,0.0229
mixed,128,4,0.0312,4.0,16,8192,2048,8192,2240,781.65,2117.59,897.379,0.0866
mixed,128,4,0.0312,4.0,16,8192,4096,16384,4480,1272.355,3378.09,1186.019,-0.041
mixed,128,4,0.0312,4.0,16,8192,8192,32768,8960,2247.399,5868.687,2114.324,-0.0367
mixed,128,4,0.0312,4.0,16,16384,128,512,140,605.728,671.505,605.953,0.0034
mixed,128,4,0.0312,4.0,16,16384,256,1024,280,630.834,745.459,628.113,-0.0237
mixed,128,4,0.0312,4.0,16,16384,512,2048,560,681.154,908.818,675.168,-0.0263
mixed,128,4,0.0312,4.0,16,16384,1024,4096,1120,754.433,1202.226,751.043,-0.0076
mixed,128,4,0.0312,4.0,16,16384,2048,8192,2240,965.091,2105.476,1025.81,0.0532
mixed,128,4,0.0312,4.0,16,16384,4096,16384,4480,1288.499,3960.617,1517.029,0.0855
mixed,128,4,0.0312,4.0,16,16384,8192,32768,8960,2282.276,6481.535,2108.755,-0.0413
mixed,128,4,0.0312,4.0,64,0,128,512,140,212.96,275.667,213.923,0.0153
mixed,128,4,0.0312,4.0,64,0,256,1024,280,236.882,357.17,247.666,0.0896
mixed,128,4,0.0312,4.0,64,0,512,2048,560,279.921,516.433,305.586,0.1085
mixed,128,4,0.0312,4.0,64,0,1024,4096,1120,371.505,827.317,470.08,0.2163
mixed,128,4,0.0312,4.0,64,0,2048,8192,2240,546.832,1439.637,784.801,0.2665
mixed,128,4,0.0312,4.0,64,0,4096,16384,4480,880.115,2690.535,1406.082,0.2905
mixed,128,4,0.0312,4.0,64,0,8192,32768,8960,1556.037,5192.604,2634.407,0.2965
mixed,128,4,0.0312,4.0,64,512,128,512,140,258.131,318.928,258.656,0.0086
mixed,128,4,0.0312,4.0,64,512,256,1024,280,281.105,402.531,288.452,0.0605
mixed,128,4,0.0312,4.0,64,512,512,2048,560,324.306,563.635,372.703,0.2022
mixed,128,4,0.0312,4.0,64,512,1024,4096,1120,415.825,881.907,533.904,0.2533
mixed,128,4,0.0312,4.0,64,512,2048,8192,2240,592.05,1509.092,848.867,0.28
mixed,128,4,0.0312,4.0,64,512,4096,16384,4480,939.874,2767.861,1465.475,0.2875
mixed,128,4,0.0312,4.0,64,512,8192,32768,8960,1628.26,5283.691,2712.166,0.2965
mixed,128,4,0.0312,4.0,64,2048,128,512,140,372.655,436.738,372.736,0.0013
mixed,128,4,0.0312,4.0,64,2048,256,1024,280,397.248,518.676,395.185,-0.017
mixed,128,4,0.0312,4.0,64,2048,512,2048,560,441.105,677.2,485.681,0.1888
mixed,128,4,0.0312,4.0,64,2048,1024,4096,1120,530.319,992.321,647.345,0.2533
mixed,128,4,0.0312,4.0,64,2048,2048,8192,2240,708.208,1622.55,956.802,0.2719
mixed,128,4,0.0312,4.0,64,2048,4096,16384,4480,1051.253,2874.485,1576.339,0.288
mixed,128,4,0.0312,4.0,64,2048,8192,32768,8960,1733.956,5396.958,2811.398,0.2941
mixed,128,4,0.0312,4.0,64,8192,128,512,140,834.898,897.027,835.523,0.0101
mixed,128,4,0.0312,4.0,64,8192,256,1024,280,857.476,977.123,856.8,-0.0056
mixed,128,4,0.0312,4.0,64,8192,512,2048,560,901.778,1131.506,898.242,-0.0154
mixed,128,4,0.0312,4.0,64,8192,1024,4096,1120,986.675,1444.657,978.052,-0.0188
mixed,128,4,0.0312,4.0,64,8192,2048,8192,2240,1159.811,2069.218,1410.099,0.2752
mixed,128,4,0.0312,4.0,64,8192,4096,16384,4480,1502.245,3335.143,2031.939,0.289
mixed,128,4,0.0312,4.0,64,8192,8192,32768,8960,2200.31,5852.815,3267.447,0.2922
mixed,128,4,0.0312,4.0,64,16384,128,512,140,1404.549,1495.922,1404.756,0.0023
mixed,128,4,0.0312,4.0,64,16384,256,1024,280,1432.979,1576.465,1454.322,0.1488
mixed,128,4,0.0312,4.0,64,16384,512,2048,560,1500.293,1732.645,1498.886,-0.0061
mixed,128,4,0.0312,4.0,64,16384,1024,4096,1120,1587.763,2047.237,1579.219,-0.0186
mixed,128,4,0.0312,4.0,64,16384,2048,8192,2240,1760.483,2672.534,1737.028,-0.0257
mixed,128,4,0.0312,4.0,64,16384,4096,16384,4480,2103.733,3930.458,2632.232,0.2893
mixed,128,4,0.0312,4.0,64,16384,8192,32768,8960,2798.743,6442.815,3855.257,0.2899
mixed,128,4,0.0312,4.0,256,0,128,512,140,382.673,444.752,386.001,0.0536
mixed,128,4,0.0312,4.0,256,0,256,1024,280,405.265,524.817,406.351,0.0091
mixed,128,4,0.0312,4.0,256,0,512,2048,560,449.505,680.418,452.306,0.0121
mixed,128,4,0.0312,4.0,256,0,1024,4096,1120,538.592,985.089,551.666,0.0293
mixed,128,4,0.0312,4.0,256,0,2048,8192,2240,710.724,1576.599,852.642,0.1639
mixed,128,4,0.0312,4.0,256,0,4096,16384,4480,1040.785,2785.398,1470.356,0.2462
mixed,128,4,0.0312,4.0,256,0,8192,32768,8960,1693.267,5257.118,2695.925,0.2813
mixed,128,4,0.0312,4.0,256,512,128,512,140,545.281,605.922,544.896,-0.0064
mixed,128,4,0.0312,4.0,256,512,256,1024,280,568.019,687.939,567.043,-0.0081
mixed,128,4,0.0312,4.0,256,512,512,2048,560,610.417,845.137,608.753,-0.0071
mixed,128,4,0.0312,4.0,256,512,1024,4096,1120,699.859,1157.06,754.977,0.1206
mixed,128,4,0.0312,4.0,256,512,2048,8192,2240,873.186,1787.844,1070.818,0.2161
mixed,128,4,0.0312,4.0,256,512,4096,16384,4480,1222.498,3046.664,1689.253,0.2559
mixed,128,4,0.0312,4.0,256,512,8192,32768,8960,1906.612,5551.088,2923.993,0.2792
mixed,128,4,0.0312,4.0,256,2048,128,512,140,995.363,1063.73,997.153,0.0262
mixed,128,4,0.0312,4.0,256,2048,256,1024,280,1017.921,1137.348,1018.595,0.0056
mixed,128,4,0.0312,4.0,256,2048,512,2048,560,1062.53,1295.282,1062.593,0.0003
mixed,128,4,0.0312,4.0,256,2048,1024,4096,1120,1151.954,1607.316,1140.434,-0.0253
mixed,128,4,0.0312,4.0,256,2048,2048,8192,2240,1321.266,2232.947,1401.316,0.0878
mixed,128,4,0.0312,4.0,256,2048,4096,16384,4480,1664.214,3500.95,2036.115,0.2025
mixed,128,4,0.0312,4.0,256,2048,8192,32768,8960,2356.229,5990.238,3276.489,0.2532
mixed,128,4,0.0312,4.0,256,8192,128,512,140,2747.511,2804.597,2746.664,-0.0148
mixed,128,4,0.0312,4.0,256,8192,256,1024,280,2778.519,2938.888,2777.654,-0.0054
mixed,128,4,0.0312,4.0,256,8192,512,2048,560,2812.183,3095.448,2810.63,-0.0055
mixed,128,4,0.0312,4.0,256,8192,1024,4096,1120,2945.59,3403.735,2937.399,-0.0179
mixed,128,4,0.0312,4.0,256,8192,2048,8192,2240,3121.831,4047.978,3099.509,-0.0241
mixed,128,4,0.0312,4.0,256,8192,4096,16384,4480,3473.527,5300.093,3419.129,-0.0298
mixed,128,4,0.0312,4.0,256,8192,8192,32768,8960,4151.689,7814.836,4624.955,0.1292
mixed,128,4,0.0312,4.0,256,16384,128,512,140,5152.925,5159.628,5174.429,3.2076
mixed,128,4,0.0312,4.0,256,16384,256,1024,280,5162.397,5254.972,5159.212,-0.0344
mixed,128,4,0.0312,4.0,256,16384,512,2048,560,5157.901,5496.077,5158.605,0.0021
mixed,128,4,0.0312,4.0,256,16384,1024,4096,1120,5257.42,5817.79,5251.661,-0.0103
mixed,128,4,0.0312,4.0,256,16384,2048,8192,2240,5542.892,6448.992,5507.823,-0.0387
mixed,128,4,0.0312,4.0,256,16384,4096,16384,4480,5876.142,7713.317,5828.495,-0.0259
mixed,128,4,0.0312,4.0,256,16384,8192,32768,8960,6574.91,10218.763,6454.322,-0.0331
mixed,128,4,0.0312,4.0,1024,0,128,512,140,774.929,837.109,787.906,0.2087
mixed,128,4,0.0312,4.0,1024,0,256,1024,280,798.561,925.602,817.264,0.1472
mixed,128,4,0.0312,4.0,1024,0,512,2048,560,841.058,1083.302,880.339,0.1622
mixed,128,4,0.0312,4.0,1024,0,1024,4096,1120,936.049,1401.41,1003.025,0.1439
mixed,128,4,0.0312,4.0,1024,0,2048,8192,2240,1110.176,2021.427,1248.662,0.152
mixed,128,4,0.0312,4.0,1024,0,4096,16384,4480,1454.531,3270.136,1716.6,0.1443
mixed,128,4,0.0312,4.0,1024,0,8192,32768,8960,2141.145,5775.775,2635.91,0.1361
mixed,128,4,0.0312,4.0,1024,512,128,512,140,1181.552,1243.444,1191.54,0.1614
mixed,128,4,0.0312,4.0,1024,512,256,1024,280,1205.793,1330.034,1221.391,0.1256
mixed,128,4,0.0312,4.0,1024,512,512,2048,560,1247.943,1489.859,1286.628,0.1599
mixed,128,4,0.0312,4.0,1024,512,1024,4096,1120,1343.38,1810.151,1417.35,0.1585
mixed,128,4,0.0312,4.0,1024,512,2048,8192,2240,1516.388,2430.931,1654.977,0.1515
mixed,128,4,0.0312,4.0,1024,512,4096,16384,4480,1858.008,3693.706,2123.945,0.1449
mixed,128,4,0.0312,4.0,1024,512,8192,32768,8960,2553.972,6165.661,3059.433,0.14
mixed,128,4,0.0312,4.0,1024,2048,128,512,140,1887.412,1945.204,1887.172,-0.0042
mixed,128,4,0.0312,4.0,1024,2048,256,1024,280,1906.709,2028.931,1920.069,0.1093
mixed,128,4,0.0312,4.0,1024,2048,512,2048,560,1954.39,2175.492,1984.518,0.1363
mixed,128,4,0.0312,4.0,1024,2048,1024,4096,1120,2037.083,2488.66,2106.867,0.1545
mixed,128,4,0.0312,4.0,1024,2048,2048,8192,2240,2206.487,3109.832,2337.653,0.1452
mixed,128,4,0.0312,4.0,1024,2048,4096,16384,4480,2554.969,4379.065,2810.933,0.1403
mixed,128,4,0.0312,4.0,1024,2048,8192,32768,8960,3226.589,6882.449,3743.142,0.1413
mixed,128,4,0.0312,4.0,1024,8192,128,512,140,4695.264,4773.579,4705.374,0.1291
mixed,128,4,0.0312,4.0,1024,8192,256,1024,280,4713.136,4834.428,4733.466,0.1676
mixed,128,4,0.0312,4.0,1024,8192,512,2048,560,4767.257,4987.693,4793.708,0.12
mixed,128,4,0.0312,4.0,1024,8192,1024,4096,1120,4844.716,5299.961,4925.611,0.1777
mixed,128,4,0.0312,4.0,1024,8192,2048,8192,2240,5021.613,5927.006,5157.791,0.1504
mixed,128,4,0.0312,4.0,1024,8192,4096,16384,4480,5359.153,7185.524,5620.573,0.1431
mixed,128,4,0.0312,4.0,1024,8192,8192,32768,8960,6061.903,9673.979,6559.582,0.1378
mixed,128,4,0.0312,4.0,1024,16384,128,512,140,8467.956,8508.612,8468.467,0.0126
mixed,128,4,0.0312,4.0,1024,16384,256,1024,280,8485.975,8605.347,8519.078,0.2773
mixed,128,4,0.0312,4.0,1024,16384,512,2048,560,8527.94,8756.419,8561.62,0.1474
mixed,128,4,0.0312,4.0,1024,16384,1024,4096,1120,8614.852,9073.941,8690.613,0.165
mixed,128,4,0.0312,4.0,1024,16384,2048,8192,2240,8778.757,9676.053,8911.686,0.1481
mixed,128,4,0.0312,4.0,1024,16384,4096,16384,4480,9130.228,10924.061,9390.103,0.1449
mixed,128,4,0.0312,4.0,1024,16384,8192,32768,8960,9818.504,13444.356,10314.985,0.1369
mixed,128,4,0.0312,4.0,4096,0,128,512,140,3815.72,3875.273,3825.067,0.1569
mixed,128,4,0.0312,4.0,4096,0,256,1024,280,3845.67,3956.695,3863.593,0.1614
mixed,128,4,0.0312,4.0,4096,0,512,2048,560,3878.363,4108.383,3919.868,0.1804
mixed,128,4,0.0312,4.0,4096,0,1024,4096,1120,3968.153,4422.588,4039.949,0.158
mixed,128,4,0.0312,4.0,4096,0,2048,8192,2240,4146.876,5050.269,4274.553,0.1413
mixed,128,4,0.0312,4.0,4096,0,4096,16384,4480,4483.628,6294.881,4742.347,0.1428
mixed,128,4,0.0312,4.0,4096,0,8192,32768,8960,5173.645,8791.943,5663.247,0.1353
mixed,128,4,0.0312,4.0,4096,512,128,512,140,4944.606,5004.095,4956.191,0.1947
mixed,128,4,0.0312,4.0,4096,512,256,1024,280,4960.701,5100.873,4987.085,0.1882
mixed,128,4,0.0312,4.0,4096,512,512,2048,560,5006.234,5235.885,5062.251,0.2439
mixed,128,4,0.0312,4.0,4096,512,1024,4096,1120,5086.352,5554.318,5163.855,0.1656
mixed,128,4,0.0312,4.0,4096,512,2048,8192,2240,5269.912,6180.069,5393.584,0.1359
mixed,128,4,0.0312,4.0,4096,512,4096,16384,4480,5600.289,7417.923,5865.898,0.1461
mixed,128,4,0.0312,4.0,4096,512,8192,32768,8960,6287.087,9921.545,6797.877,0.1405
mixed,128,4,0.0312,4.0,4096,2048,128,512,140,6906.688,6952.016,6901.383,-0.117
mixed,128,4,0.0312,4.0,4096,2048,256,1024,280,6911.821,7042.165,6933.712,0.1679
mixed,128,4,0.0312,4.0,4096,2048,512,2048,560,6960.658,7186.404,6995.488,0.1543
mixed,128,4,0.0312,4.0,4096,2048,1024,4096,1120,7044.719,7490.721,7112.304,0.1515
mixed,128,4,0.0312,4.0,4096,2048,2048,8192,2240,7220.051,8128.741,7357.286,0.151
mixed,128,4,0.0312,4.0,4096,2048,4096,16384,4480,7565.141,9407.61,7820.389,0.1385
mixed,128,4,0.0312,4.0,4096,2048,8192,32768,8960,8237.015,11876.622,8753.913,0.142
mixed,128,4,0.0312,4.0,4096,8192,128,512,140,15021.161,14978.089,14969.694,
mixed,128,4,0.0312,4.0,4096,8192,256,1024,280,14807.042,15050.28,15101.853,1.212
mixed,128,4,0.0312,4.0,4096,8192,512,2048,560,14999.32,15137.159,15114.108,0.8328
mixed,128,4,0.0312,4.0,4096,8192,1024,4096,1120,15105.113,15384.053,15026.31,-0.2825
mixed,128,4,0.0312,4.0,4096,8192,2048,8192,2240,15118.377,16026.056,15258.315,0.1542
mixed,128,4,0.0312,4.0,4096,8192,4096,16384,4480,15463.402,17270.555,15711.147,0.1371
mixed,128,4,0.0312,4.0,4096,8192,8192,32768,8960,16131.016,19936.134,16638.448,0.1334
mixed,128,4,0.0312,4.0,4096,16384,128,512,140,25995.753,26553.257,26644.917,1.1644
mixed,128,4,0.0312,4.0,4096,16384,256,1024,280,26338.226,25971.926,26659.99,
mixed,128,4,0.0312,4.0,4096,16384,512,2048,560,26212.395,26739.325,26768.281,1.055
mixed,128,4,0.0312,4.0,4096,16384,1024,4096,1120,26358.782,26549.385,26366.186,0.0388
mixed,128,4,0.0312,4.0,4096,16384,2048,8192,2240,26825.648,27076.757,26779.318,-0.1845
mixed,128,4,0.0312,4.0,4096,16384,4096,16384,4480,26716.792,28301.903,27193.662,0.3008
mixed,128,4,0.0312,4.0,4096,16384,8192,32768,8960,27283.245,30454.44,27377.321,0.0297
pure,128,8,0.0625,4.0,0,0,128,512,152,154.816,287.793,248.468,0.7043
pure,128,8,0.0625,4.0,0,0,256,1024,304,248.114,369.584,281.027,0.271
pure,128,8,0.0625,4.0,0,0,512,2048,608,299.25,532.802,345.424,0.1977
pure,128,8,0.0625,4.0,0,0,1024,4096,1216,404.258,851.715,465.794,0.1375
pure,128,8,0.0625,4.0,0,0,2048,8192,2432,592.146,1479.46,701.505,0.1232
pure,128,8,0.0625,4.0,0,0,4096,16384,4864,967.57,2726.327,1167.652,0.1138
pure,128,8,0.0625,4.0,0,0,8192,32768,9728,1704.485,5225.984,2104.966,0.1137
mixed,128,8,0.0625,4.0,16,0,128,512,152,193.872,324.705,272.705,0.6026
mixed,128,8,0.0625,4.0,16,0,256,1024,304,288.545,395.633,307.775,0.1796
mixed,128,8,0.0625,4.0,16,0,512,2048,608,338.369,556.961,371.25,0.1504
mixed,128,8,0.0625,4.0,16,0,1024,4096,1216,426.175,872.338,491.201,0.1457
mixed,128,8,0.0625,4.0,16,0,2048,8192,2432,616.563,1499.413,727.796,0.126
mixed,128,8,0.0625,4.0,16,0,4096,16384,4864,989.253,2743.8,1191.267,0.1151
mixed,128,8,0.0625,4.0,16,0,8192,32768,9728,1727.253,5227.229,2119.622,0.1121
mixed,128,8,0.0625,4.0,16,512,128,512,152,267.232,365.487,268.526,0.0132
mixed,128,8,0.0625,4.0,16,512,256,1024,304,302.977,448.304,305.601,0.0181
mixed,128,8,0.0625,4.0,16,512,512,2048,608,381.265,611.842,374.835,-0.0279
mixed,128,8,0.0625,4.0,16,512,1024,4096,1216,478.352,929.28,490.962,0.028
mixed,128,8,0.0625,4.0,16,512,2048,8192,2432,672.019,1554.452,729.488,0.0651
mixed,128,8,0.0625,4.0,16,512,4096,16384,4864,1041.908,2800.391,1190.642,0.0846
mixed,128,8,0.0625,4.0,16,512,8192,32768,9728,1788.804,5285.549,2118.389,0.0943
mixed,128,8,0.0625,4.0,16,2048,128,512,152,335.25,381.024,333.745,-0.0329
mixed,128,8,0.0625,4.0,16,2048,256,1024,304,339.569,485.056,352.112,0.0862
mixed,128,8,0.0625,4.0,16,2048,512,2048,608,400.161,725.842,427.92,0.0852
mixed,128,8,0.0625,4.0,16,2048,1024,4096,1216,530.096,1046.578,493.553,-0.0708
mixed,128,8,0.0625,4.0,16,2048,2048,8192,2432,785.09,1663.508,730.867,-0.0617
mixed,128,8,0.0625,4.0,16,2048,4096,16384,4864,1158.74,2913.705,1194.739,0.0205
mixed,128,8,0.0625,4.0,16,2048,8192,32768,9728,1900.451,5410.99,2119.236,0.0623
mixed,128,8,0.0625,4.0,16,8192,128,512,152,450.433,500.369,450.13,-0.0061
mixed,128,8,0.0625,4.0,16,8192,256,1024,304,474.561,600.656,473.618,-0.0075
mixed,128,8,0.0625,4.0,16,8192,512,2048,608,529.232,735.763,552.629,0.1133
mixed,128,8,0.0625,4.0,16,8192,1024,4096,1216,655.348,1184.755,637.249,-0.0342
mixed,128,8,0.0625,4.0,16,8192,2048,8192,2432,825.875,2114.741,898.066,0.056
mixed,128,8,0.0625,4.0,16,8192,4096,16384,4864,1362.277,3383.928,1190.484,-0.085
mixed,128,8,0.0625,4.0,16,8192,8192,32768,9728,2366.277,5862.591,2120.949,-0.0702
mixed,128,8,0.0625,4.0,16,16384,128,512,152,607.905,672.144,605.634,-0.0354
mixed,128,8,0.0625,4.0,16,16384,256,1024,304,632.227,748.498,631.154,-0.0092
mixed,128,8,0.0625,4.0,16,16384,512,2048,608,700.097,907.744,681.81,-0.0881
mixed,128,8,0.0625,4.0,16,16384,1024,4096,1216,771.072,1206.116,800.386,0.0674
mixed,128,8,0.0625,4.0,16,16384,2048,8192,2432,1025.299,2105.653,1029.811,0.0042
mixed,128,8,0.0625,4.0,16,16384,4096,16384,4864,1376.035,3962.041,1515.988,0.0541
mixed,128,8,0.0625,4.0,16,16384,8192,32768,9728,2458.615,6482.127,2112.487,-0.086
mixed,128,8,0.0625,4.0,64,0,128,512,152,215.648,276.499,231.65,0.263
mixed,128,8,0.0625,4.0,64,0,256,1024,304,239.585,358.368,254.37,0.1245
mixed,128,8,0.0625,4.0,64,0,512,2048,608,290.352,517.457,311.905,0.0949
mixed,128,8,0.0625,4.0,64,0,1024,4096,1216,390.464,829.344,475.137,0.1929
mixed,128,8,0.0625,4.0,64,0,2048,8192,2432,575.457,1444.755,787.46,0.2439
mixed,128,8,0.0625,4.0,64,0,4096,16384,4864,935.809,2694.806,1406.562,0.2676
mixed,128,8,0.0625,4.0,64,0,8192,32768,9728,1676.162,5191.723,2640.231,0.2742
mixed,128,8,0.0625,4.0,64,512,128,512,152,260.801,320.672,256.226,-0.0764
mixed,128,8,0.0625,4.0,64,512,256,1024,304,281.744,403.44,310.432,0.2357
mixed,128,8,0.0625,4.0,64,512,512,2048,608,332.416,563.023,376.127,0.1896
mixed,128,8,0.0625,4.0,64,512,1024,4096,1216,432.527,880.098,536.162,0.2315
mixed,128,8,0.0625,4.0,64,512,2048,8192,2432,622.466,1514.003,849.65,0.2548
mixed,128,8,0.0625,4.0,64,512,4096,16384,4864,996.21,2764.823,1472.068,0.2691
mixed,128,8,0.0625,4.0,64,512,8192,32768,9728,1743.028,5266.638,2711.592,0.2749
mixed,128,8,0.0625,4.0,64,2048,128,512,152,373.984,435.312,371.971,-0.0328
mixed,128,8,0.0625,4.0,64,2048,256,1024,304,399.648,518.562,406.768,0.0599
mixed,128,8,0.0625,4.0,64,2048,512,2048,608,449.057,676.354,490.304,0.1815
mixed,128,8,0.0625,4.0,64,2048,1024,4096,1216,547.859,995.762,649.058,0.2259
mixed,128,8,0.0625,4.0,64,2048,2048,8192,2432,735.986,1624.34,960.739,0.253
mixed,128,8,0.0625,4.0,64,2048,4096,16384,4864,1109.921,2881.032,1576.244,0.2633
mixed,128,8,0.0625,4.0,64,2048,8192,32768,9728,1856.564,5408.621,2808.326,0.2679
mixed,128,8,0.0625,4.0,64,8192,128,512,152,838.628,900.738,836.417,-0.0356
mixed,128,8,0.0625,4.0,64,8192,256,1024,304,859.733,976.338,856.737,-0.0257
mixed,128,8,0.0625,4.0,64,8192,512,2048,608,909.958,1129.684,899.698,-0.0467
mixed,128,8,0.0625,4.0,64,8192,1024,4096,1216,1006.052,1449.973,1102.37,0.217
mixed,128,8,0.0625,4.0,64,8192,2048,8192,2432,1188.034,2070.404,1414.595,0.2568
mixed,128,8,0.0625,4.0,64,8192,4096,16384,4864,1561.363,3329.256,2028.613,0.2643
mixed,128,8,0.0625,4.0,64,8192,8192,32768,9728,2315.654,5845.358,3266.615,0.2694
mixed,128,8,0.0625,4.0,64,16384,128,512,152,1406.881,1496.437,1406.949,0.0008
mixed,128,8,0.0625,4.0,64,16384,256,1024,304,1447.601,1576.851,1454.179,0.0509
mixed,128,8,0.0625,4.0,64,16384,512,2048,608,1512.146,1738.178,1498.515,-0.0603
mixed,128,8,0.0625,4.0,64,16384,1024,4096,1216,1606.918,2050.758,1585.895,-0.0474
mixed,128,8,0.0625,4.0,64,16384,2048,8192,2432,1791.778,2673.99,2015.907,0.2541
mixed,128,8,0.0625,4.0,64,16384,4096,16384,4864,2160.87,3935.991,2635.639,0.2675
mixed,128,8,0.0625,4.0,64,16384,8192,32768,9728,2914.806,6450.111,3867.515,0.2695
mixed,128,8,0.0625,4.0,256,0,128,512,152,387.216,444.015,384.595,-0.0461
mixed,128,8,0.0625,4.0,256,0,256,1024,304,410.942,526.417,406.098,-0.042
mixed,128,8,0.0625,4.0,256,0,512,2048,608,459.043,681.682,466.881,0.0352
mixed,128,8,0.0625,4.0,256,0,1024,4096,1216,555.634,986.516,557.951,0.0054
mixed,128,8,0.0625,4.0,256,0,2048,8192,2432,737.776,1578.467,852.097,0.136
mixed,128,8,0.0625,4.0,256,0,4096,16384,4864,1099.777,2782.055,1470.722,0.2205
mixed,128,8,0.0625,4.0,256,0,8192,32768,9728,1807.908,5266.589,2699.816,0.2579
mixed,128,8,0.0625,4.0,256,512,128,512,152,546.928,607.171,546.899,-0.0005
mixed,128,8,0.0625,4.0,256,512,256,1024,304,571.76,687.409,566.866,-0.0423
mixed,128,8,0.0625,4.0,256,512,512,2048,608,620.739,845.443,658.416,0.1677
mixed,128,8,0.0625,4.0,256,512,1024,4096,1216,718.785,1159.488,779.023,0.1367
mixed,128,8,0.0625,4.0,256,512,2048,8192,2432,904.675,1793.507,1070.274,0.1863
mixed,128,8,0.0625,4.0,256,512,4096,16384,4864,1276.738,3050.934,1688.948,0.2323
mixed,128,8,0.0625,4.0,256,512,8192,32768,9728,2021.589,5548.54,2919.576,0.2546
mixed,128,8,0.0625,4.0,256,2048,128,512,152,996.289,1060.624,997.075,0.0122
mixed,128,8,0.0625,4.0,256,2048,256,1024,304,1021.475,1137.684,1018.69,-0.024
mixed,128,8,0.0625,4.0,256,2048,512,2048,608,1072.659,1294.773,1063.363,-0.0419
mixed,128,8,0.0625,4.0,256,2048,1024,4096,1216,1168.706,1605.3,1196.498,0.0637
mixed,128,8,0.0625,4.0,256,2048,2048,8192,2432,1351.699,2239.494,1460.806,0.1229
mixed,128,8,0.0625,4.0,256,2048,4096,16384,4864,1732.628,3501.8,2040.118,0.1738
mixed,128,8,0.0625,4.0,256,2048,8192,32768,9728,2485.383,6010.11,3264.024,0.2209
mixed,128,8,0.0625,4.0,256,8192,128,512,152,2749.205,2804.614,2747.398,-0.0326
mixed,128,8,0.0625,4.0,256,8192,256,1024,304,2775.079,2933.254,2774.631,-0.0028
mixed,128,8,0.0625,4.0,256,8192,512,2048,608,2811.097,3092.568,2823.622,0.0445
mixed,128,8,0.0625,4.0,256,8192,1024,4096,1216,2970.631,3402.476,2939.994,-0.0709
mixed,128,8,0.0625,4.0,256,8192,2048,8192,2432,3152.985,4032.059,3100.553,-0.0596
mixed,128,8,0.0625,4.0,256,8192,4096,16384,4864,3524.6,5300.637,3713.722,0.1065
mixed,128,8,0.0625,4.0,256,8192,8192,32768,9728,4276.427,7817.269,4658.289,0.1078
mixed,128,8,0.0625,4.0,256,16384,128,512,152,5178.752,5160.033,5162.242,
mixed,128,8,0.0625,4.0,256,16384,256,1024,304,5153.988,5254.305,5157.715,0.0372
mixed,128,8,0.0625,4.0,256,16384,512,2048,608,5161.395,5514.996,5172.914,0.0326
mixed,128,8,0.0625,4.0,256,16384,1024,4096,1216,5275.461,5817.572,5254.065,-0.0395
mixed,128,8,0.0625,4.0,256,16384,2048,8192,2432,5562.099,6443.177,5509.811,-0.0593
mixed,128,8,0.0625,4.0,256,16384,4096,16384,4864,5936.004,7708.538,5836.387,-0.0562
mixed,128,8,0.0625,4.0,256,16384,8192,32768,9728,6687.67,10219.108,7065.863,0.1071
mixed,128,8,0.0625,4.0,1024,0,128,512,152,777.7,837.875,800.0,0.3706
mixed,128,8,0.0625,4.0,1024,0,256,1024,304,803.061,923.473,837.283,0.2842
mixed,128,8,0.0625,4.0,1024,0,512,2048,608,852.803,1081.443,894.786,0.1836
mixed,128,8,0.0625,4.0,1024,0,1024,4096,1216,959.075,1401.763,1018.293,0.1338
mixed,128,8,0.0625,4.0,1024,0,2048,8192,2432,1142.837,2022.617,1251.076,0.123
mixed,128,8,0.0625,4.0,1024,0,4096,16384,4864,1517.302,3263.691,1720.103,0.1161
mixed,128,8,0.0625,4.0,1024,0,8192,32768,9728,2255.689,5768.82,2656.474,0.1141
mixed,128,8,0.0625,4.0,1024,512,128,512,152,1184.756,1242.309,1205.732,0.3645
mixed,128,8,0.0625,4.0,1024,512,256,1024,304,1204.263,1325.909,1240.576,0.2985
mixed,128,8,0.0625,4.0,1024,512,512,2048,608,1257.524,1487.193,1299.702,0.1836
mixed,128,8,0.0625,4.0,1024,512,1024,4096,1216,1359.283,1811.559,1419.619,0.1334
mixed,128,8,0.0625,4.0,1024,512,2048,8192,2432,1551.812,2437.291,1661.096,0.1234
mixed,128,8,0.0625,4.0,1024,512,4096,16384,4864,1926.021,3692.413,2131.176,0.1161
mixed,128,8,0.0625,4.0,1024,512,8192,32768,9728,2670.65,6182.934,3065.229,0.1123
mixed,128,8,0.0625,4.0,1024,2048,128,512,152,1888.361,1946.169,1904.217,0.2743
mixed,128,8,0.0625,4.0,1024,2048,256,1024,304,1907.655,2021.427,1940.885,0.2921
mixed,128,8,0.0625,4.0,1024,2048,512,2048,608,1958.868,2175.847,2001.702,0.1974
mixed,128,8,0.0625,4.0,1024,2048,1024,4096,1216,2052.362,2489.513,2117.239,0.1484
mixed,128,8,0.0625,4.0,1024,2048,2048,8192,2432,2235.575,3117.449,2345.289,0.1244
mixed,128,8,0.0625,4.0,1024,2048,4096,16384,4864,2601.739,4372.943,2807.258,0.116
mixed,128,8,0.0625,4.0,1024,2048,8192,32768,9728,3342.957,6866.263,3743.834,0.1138
mixed,128,8,0.0625,4.0,1024,8192,128,512,152,4700.175,4758.146,4723.583,0.4038
mixed,128,8,0.0625,4.0,1024,8192,256,1024,304,4721.536,4849.332,4748.081,0.2077
mixed,128,8,0.0625,4.0,1024,8192,512,2048,608,4767.122,4996.337,4802.896,0.1561
mixed,128,8,0.0625,4.0,1024,8192,1024,4096,1216,4870.739,5292.85,4933.618,0.149
mixed,128,8,0.0625,4.0,1024,8192,2048,8192,2432,5064.625,5927.681,5166.82,0.1184
mixed,128,8,0.0625,4.0,1024,8192,4096,16384,4864,5416.643,7186.845,5620.87,0.1154
mixed,128,8,0.0625,4.0,1024,8192,8192,32768,9728,6165.798,9677.423,6561.226,0.1126
mixed,128,8,0.0625,4.0,1024,16384,128,512,152,8480.192,8531.325,8492.336,0.2375
mixed,128,8,0.0625,4.0,1024,16384,256,1024,304,8474.822,8603.743,8525.611,0.394
mixed,128,8,0.0625,4.0,1024,16384,512,2048,608,8538.445,8755.246,8572.557,0.1573
mixed,128,8,0.0625,4.0,1024,16384,1024,4096,1216,8640.843,9076.733,8705.279,0.1478
mixed,128,8,0.0625,4.0,1024,16384,2048,8192,2432,8818.784,9690.753,8924.283,0.121
mixed,128,8,0.0625,4.0,1024,16384,4096,16384,4864,9177.9,10943.015,9400.863,0.1263
mixed,128,8,0.0625,4.0,1024,16384,8192,32768,9728,9924.418,13448.99,10328.244,0.1146
mixed,128,8,0.0625,4.0,4096,0,128,512,152,3817.887,3878.191,3845.629,0.46
mixed,128,8,0.0625,4.0,4096,0,256,1024,304,3844.879,3958.783,3880.924,0.3165
mixed,128,8,0.0625,4.0,4096,0,512,2048,608,3890.222,4113.997,3934.331,0.1971
mixed,128,8,0.0625,4.0,4096,0,1024,4096,1216,3988.797,4424.111,4058.749,0.1607
mixed,128,8,0.0625,4.0,4096,0,2048,8192,2432,4166.986,5048.177,4281.872,0.1304
mixed,128,8,0.0625,4.0,4096,0,4096,16384,4864,4541.218,6297.863,4750.048,0.1189
mixed,128,8,0.0625,4.0,4096,0,8192,32768,9728,5282.465,8799.774,5675.044,0.1116
mixed,128,8,0.0625,4.0,4096,512,128,512,152,4934.401,5000.127,4961.167,0.4073
mixed,128,8,0.0625,4.0,4096,512,256,1024,304,4970.087,5083.286,5002.214,0.2838
mixed,128,8,0.0625,4.0,4096,512,512,2048,608,5021.201,5237.396,5066.978,0.2117
mixed,128,8,0.0625,4.0,4096,512,1024,4096,1216,5103.604,5551.574,5174.957,0.1593
mixed,128,8,0.0625,4.0,4096,512,2048,8192,2432,5296.255,6176.289,5409.902,0.1291
mixed,128,8,0.0625,4.0,4096,512,4096,16384,4864,5667.646,7424.561,5864.285,0.1119
mixed,128,8,0.0625,4.0,4096,512,8192,32768,9728,6411.216,9926.685,6787.938,0.1072
mixed,128,8,0.0625,4.0,4096,2048,128,512,152,6893.329,6956.544,6917.076,0.3757
mixed,128,8,0.0625,4.0,4096,2048,256,1024,304,6937.297,7060.204,6958.39,0.1716
mixed,128,8,0.0625,4.0,4096,2048,512,2048,608,6963.442,7185.812,7011.007,0.2139
mixed,128,8,0.0625,4.0,4096,2048,1024,4096,1216,7069.364,7499.859,7130.529,0.1421
mixed,128,8,0.0625,4.0,4096,2048,2048,8192,2432,7241.591,8127.814,7362.801,0.1368
mixed,128,8,0.0625,4.0,4096,2048,4096,16384,4864,7622.246,9383.834,7825.188,0.1152
mixed,128,8,0.0625,4.0,4096,2048,8192,32768,9728,8356.374,11899.563,8754.807,0.1125
mixed,128,8,0.0625,4.0,4096,8192,128,512,152,15010.44,15371.826,14808.899,-0.5577
mixed,128,8,0.0625,4.0,4096,8192,256,1024,304,14824.295,14934.778,14871.401,0.4264
mixed,128,8,0.0625,4.0,4096,8192,512,2048,608,15063.403,15097.124,14989.959,-2.1779
mixed,128,8,0.0625,4.0,4096,8192,1024,4096,1216,14955.613,15380.809,15024.919,0.163
mixed,128,8,0.0625,4.0,4096,8192,2048,8192,2432,15154.188,16006.911,15254.406,0.1175
mixed,128,8,0.0625,4.0,4096,8192,4096,16384,4864,15582.281,17262.783,15725.568,0.0853
mixed,128,8,0.0625,4.0,4096,8192,8192,32768,9728,16254.348,19854.129,16647.15,0.1091
mixed,128,8,0.0625,4.0,4096,16384,128,512,152,26124.872,26527.446,26573.561,1.1146
mixed,128,8,0.0625,4.0,4096,16384,256,1024,304,26743.829,26833.851,26386.295,-3.9717
mixed,128,8,0.0625,4.0,4096,16384,512,2048,608,26410.754,26282.423,26943.276,
mixed,128,8,0.0625,4.0,4096,16384,1024,4096,1216,26566.427,26947.561,26476.197,-0.2367
mixed,128,8,0.0625,4.0,4096,16384,2048,8192,2432,26475.366,27513.003,26264.66,-0.2031
mixed,128,8,0.0625,4.0,4096,16384,4096,16384,4864,26675.945,27902.286,27414.086,0.6019
mixed,128,8,0.0625,4.0,4096,16384,8192,32768,9728,27535.034,30494.471,27688.781,0.052
pure,128,16,0.125,4.0,0,0,128,512,176,157.778,287.663,255.361,0.7513
pure,128,16,0.125,4.0,0,0,256,1024,352,258.498,372.257,290.289,0.2795
pure,128,16,0.125,4.0,0,0,512,2048,704,320.0,531.267,355.858,0.1697
pure,128,16,0.125,4.0,0,0,1024,4096,1408,432.015,847.315,477.202,0.1088
pure,128,16,0.125,4.0,0,0,2048,8192,2816,652.272,1475.493,712.481,0.0731
pure,128,16,0.125,4.0,0,0,4096,16384,5632,1082.756,2725.957,1177.553,0.0577
pure,128,16,0.125,4.0,0,0,8192,32768,11264,1945.43,5223.47,2114.644,0.0516
mixed,128,16,0.125,4.0,16,0,128,512,176,197.088,326.817,272.959,0.5848
mixed,128,16,0.125,4.0,16,0,256,1024,352,296.994,396.367,316.113,0.1924
mixed,128,16,0.125,4.0,16,0,512,2048,704,349.394,557.249,379.298,0.1439
mixed,128,16,0.125,4.0,16,0,1024,4096,1408,455.504,872.784,502.338,0.1122
mixed,128,16,0.125,4.0,16,0,2048,8192,2816,677.22,1493.732,736.193,0.0722
mixed,128,16,0.125,4.0,16,0,4096,16384,5632,1107.476,2759.125,1206.131,0.0597
mixed,128,16,0.125,4.0,16,0,8192,32768,11264,1973.654,5267.547,2143.255,0.0515
mixed,128,16,0.125,4.0,16,512,128,512,176,271.568,365.425,271.633,0.0007
mixed,128,16,0.125,4.0,16,512,256,1024,352,316.511,450.371,303.664,-0.096
mixed,128,16,0.125,4.0,16,512,512,2048,704,394.418,612.674,378.322,-0.0738
mixed,128,16,0.125,4.0,16,512,1024,4096,1408,511.584,926.353,504.497,-0.0171
mixed,128,16,0.125,4.0,16,512,2048,8192,2816,732.131,1558.452,742.482,0.0125
mixed,128,16,0.125,4.0,16,512,4096,16384,5632,1166.978,2812.487,1215.395,0.0294
mixed,128,16,0.125,4.0,16,512,8192,32768,11264,2026.707,5312.751,2146.263,0.0364
mixed,128,16,0.125,4.0,16,2048,128,512,176,337.921,381.042,326.256,-0.2705
mixed,128,16,0.125,4.0,16,2048,256,1024,352,344.337,486.256,358.337,0.0986
mixed,128,16,0.125,4.0,16,2048,512,2048,704,413.569,727.026,421.711,0.026
mixed,128,16,0.125,4.0,16,2048,1024,4096,1408,577.457,1047.411,581.139,0.0078
mixed,128,16,0.125,4.0,16,2048,2048,8192,2816,851.299,1671.38,740.415,-0.1352
mixed,128,16,0.125,4.0,16,2048,4096,16384,5632,1284.006,2939.032,1205.699,-0.0473
mixed,128,16,0.125,4.0,16,2048,8192,32768,11264,2143.637,5442.653,2152.501,0.0027
mixed,128,16,0.125,4.0,16,8192,128,512,176,453.553,499.555,439.024,-0.3158
mixed,128,16,0.125,4.0,16,8192,256,1024,352,483.825,603.327,476.37,-0.0624
mixed,128,16,0.125,4.0,16,8192,512,2048,704,576.626,739.508,558.721,-0.1099
mixed,128,16,0.125,4.0,16,8192,1024,4096,1408,678.24,1187.729,640.961,-0.0732
mixed,128,16,0.125,4.0,16,8192,2048,8192,2816,900.898,2124.916,898.098,-0.0023
mixed,128,16,0.125,4.0,16,8192,4096,16384,5632,1541.621,3396.922,1517.877,-0.0128
mixed,128,16,0.125,4.0,16,8192,8192,32768,11264,2620.375,5901.694,2149.268,-0.1436
mixed,128,16,0.125,4.0,16,16384,128,512,176,609.618,674.403,610.672,0.0163
mixed,128,16,0.125,4.0,16,16384,256,1024,352,639.905,748.883,632.366,-0.0692
mixed,128,16,0.125,4.0,16,16384,512,2048,704,719.233,912.467,701.107,-0.0938
mixed,128,16,0.125,4.0,16,16384,1024,4096,1408,849.649,1205.827,839.313,-0.029
mixed,128,16,0.125,4.0,16,16384,2048,8192,2816,1095.107,2122.021,1035.492,-0.0581
mixed,128,16,0.125,4.0,16,16384,4096,16384,5632,1540.771,3985.368,1519.397,-0.0087
mixed,128,16,0.125,4.0,16,16384,8192,32768,11264,2822.983,6527.039,2756.935,-0.0178
mixed,128,16,0.125,4.0,64,0,128,512,176,218.705,275.746,233.733,0.2635
mixed,128,16,0.125,4.0,64,0,256,1024,352,248.784,359.442,256.097,0.0661
mixed,128,16,0.125,4.0,64,0,512,2048,704,307.841,517.776,312.995,0.0245
mixed,128,16,0.125,4.0,64,0,1024,4096,1408,418.161,833.027,474.834,0.1366
mixed,128,16,0.125,4.0,64,0,2048,8192,2816,641.329,1449.955,794.066,0.1889
mixed,128,16,0.125,4.0,64,0,4096,16384,5632,1059.043,2705.992,1410.275,0.2133
mixed,128,16,0.125,4.0,64,0,8192,32768,11264,1920.341,5220.954,2653.779,0.2222
mixed,128,16,0.125,4.0,64,512,128,512,176,263.329,319.714,280.289,0.3008
mixed,128,16,0.125,4.0,64,512,256,1024,352,290.69,403.601,315.216,0.2172
mixed,128,16,0.125,4.0,64,512,512,2048,704,351.441,565.713,377.743,0.1228
mixed,128,16,0.125,4.0,64,512,1024,4096,1408,465.264,885.938,541.22,0.1806
mixed,128,16,0.125,4.0,64,512,2048,8192,2816,687.761,1518.693,851.97,0.1976
mixed,128,16,0.125,4.0,64,512,4096,16384,5632,1119.955,2776.758,1483.427,0.2194
mixed,128,16,0.125,4.0,64,512,8192,32768,11264,1995.494,5301.613,2733.895,0.2233
mixed,128,16,0.125,4.0,64,2048,128,512,176,379.969,437.522,375.618,-0.0756
mixed,128,16,0.125,4.0,64,2048,256,1024,352,410.258,519.712,433.298,0.2105
mixed,128,16,0.125,4.0,64,2048,512,2048,704,466.578,679.873,498.675,0.1505
mixed,128,16,0.125,4.0,64,2048,1024,4096,1408,579.985,1000.148,653.906,0.1759
mixed,128,16,0.125,4.0,64,2048,2048,8192,2816,798.61,1628.149,964.434,0.1999
mixed,128,16,0.125,4.0,64,2048,4096,16384,5632,1231.907,2892.871,1595.349,0.2188
mixed,128,16,0.125,4.0,64,2048,8192,32768,11264,2108.615,5432.558,2834.553,0.2184
mixed,128,16,0.125,4.0,64,8192,128,512,176,843.808,901.715,838.979,-0.0834
mixed,128,16,0.125,4.0,64,8192,256,1024,352,873.954,981.938,872.048,-0.0177
mixed,128,16,0.125,4.0,64,8192,512,2048,704,931.074,1135.747,952.482,0.1046
mixed,128,16,0.125,4.0,64,8192,1024,4096,1408,1040.261,1451.283,1111.282,0.1728
mixed,128,16,0.125,4.0,64,8192,2048,8192,2816,1256.178,2088.803,1421.86,0.199
mixed,128,16,0.125,4.0,64,8192,4096,16384,5632,1685.43,3355.961,2046.359,0.2161
mixed,128,16,0.125,4.0,64,8192,8192,32768,11264,2555.514,5894.894,3288.471,0.2195
mixed,128,16,0.125,4.0,64,16384,128,512,176,1412.932,1504.707,1414.418,0.0162
mixed,128,16,0.125,4.0,64,16384,256,1024,352,1477.987,1585.508,1462.45,-0.1445
mixed,128,16,0.125,4.0,64,16384,512,2048,704,1538.085,1742.82,1542.179,0.02
mixed,128,16,0.125,4.0,64,16384,1024,4096,1408,1647.717,2058.854,1717.46,0.1696
mixed,128,16,0.125,4.0,64,16384,2048,8192,2816,1864.034,2687.303,2034.055,0.2065
mixed,128,16,0.125,4.0,64,16384,4096,16384,5632,2293.559,3953.433,2655.639,0.2181
mixed,128,16,0.125,4.0,64,16384,8192,32768,11264,3156.457,6473.854,3888.572,0.2207
mixed,128,16,0.125,4.0,256,0,128,512,176,389.904,444.931,398.674,0.1594
mixed,128,16,0.125,4.0,256,0,256,1024,352,419.908,526.432,422.337,0.0228
mixed,128,16,0.125,4.0,256,0,512,2048,704,479.457,684.002,472.288,-0.035
mixed,128,16,0.125,4.0,256,0,1024,4096,1408,584.624,990.051,583.521,-0.0027
mixed,128,16,0.125,4.0,256,0,2048,8192,2816,800.289,1586.562,854.659,0.0691
mixed,128,16,0.125,4.0,256,0,4096,16384,5632,1221.668,2801.559,1472.179,0.1586
mixed,128,16,0.125,4.0,256,0,8192,32768,11264,2039.878,5290.333,2718.997,0.2089
mixed,128,16,0.125,4.0,256,512,128,512,176,551.011,608.084,548.273,-0.048
mixed,128,16,0.125,4.0,256,512,256,1024,352,579.649,687.795,601.843,0.2052
mixed,128,16,0.125,4.0,256,512,512,2048,704,636.609,848.53,667.073,0.1438
mixed,128,16,0.125,4.0,256,512,1024,4096,1408,750.004,1163.699,816.85,0.1616
mixed,128,16,0.125,4.0,256,512,2048,8192,2816,968.579,1800.197,1129.33,0.1933
mixed,128,16,0.125,4.0,256,512,4096,16384,5632,1405.188,3062.375,1751.798,0.2092
mixed,128,16,0.125,4.0,256,512,8192,32768,11264,2269.987,5593.871,2997.285,0.2188
mixed,128,16,0.125,4.0,256,2048,128,512,176,1002.293,1064.98,1001.443,-0.0136
mixed,128,16,0.125,4.0,256,2048,256,1024,352,1035.028,1140.067,1025.631,-0.0895
mixed,128,16,0.125,4.0,256,2048,512,2048,704,1094.18,1301.026,1109.747,0.0753
mixed,128,16,0.125,4.0,256,2048,1024,4096,1408,1206.691,1613.794,1266.947,0.148
mixed,128,16,0.125,4.0,256,2048,2048,8192,2816,1420.739,2250.84,1578.786,0.1904
mixed,128,16,0.125,4.0,256,2048,4096,16384,5632,1851.636,3517.545,2201.477,0.21
mixed,128,16,0.125,4.0,256,2048,8192,32768,11264,2727.642,6038.272,3447.913,0.2176
mixed,128,16,0.125,4.0,256,8192,128,512,176,2769.255,2823.063,2765.654,-0.0669
mixed,128,16,0.125,4.0,256,8192,256,1024,352,2799.078,2952.486,2796.79,-0.0149
mixed,128,16,0.125,4.0,256,8192,512,2048,704,2843.765,3116.153,2875.895,0.118
mixed,128,16,0.125,4.0,256,8192,1024,4096,1408,3014.183,3427.114,2964.104,-0.1213
mixed,128,16,0.125,4.0,256,8192,2048,8192,2816,3242.28,4067.337,3401.4,0.1929
mixed,128,16,0.125,4.0,256,8192,4096,16384,5632,3658.219,5332.896,4019.05,0.2155
mixed,128,16,0.125,4.0,256,8192,8192,32768,11264,4539.786,7853.363,5259.358,0.2172
mixed,128,16,0.125,4.0,256,16384,128,512,176,5193.214,5205.505,5208.171,1.217
mixed,128,16,0.125,4.0,256,16384,256,1024,352,5197.502,5294.508,5196.862,-0.0066
mixed,128,16,0.125,4.0,256,16384,512,2048,704,5197.965,5535.392,5195.837,-0.0063
mixed,128,16,0.125,4.0,256,16384,1024,4096,1408,5334.175,5862.207,5298.928,-0.0668
mixed,128,16,0.125,4.0,256,16384,2048,8192,2816,5668.079,6489.059,5551.728,-0.1417
mixed,128,16,0.125,4.0,256,16384,4096,16384,5632,6111.089,7763.124,6459.2,0.2107
mixed,128,16,0.125,4.0,256,16384,8192,32768,11264,6970.355,10300.635,7708.756,0.2217
mixed,128,16,0.125,4.0,1024,0,128,512,176,779.126,840.004,812.979,0.5561
mixed,128,16,0.125,4.0,1024,0,256,1024,352,809.601,923.346,846.034,0.3203
mixed,128,16,0.125,4.0,1024,0,512,2048,704,873.537,1085.622,910.214,0.1729
mixed,128,16,0.125,4.0,1024,0,1024,4096,1408,986.13,1405.217,1027.796,0.0994
mixed,128,16,0.125,4.0,1024,0,2048,8192,2816,1207.409,2032.601,1270.562,0.0765
mixed,128,16,0.125,4.0,1024,0,4096,16384,5632,1643.444,3295.323,1735.188,0.0555
mixed,128,16,0.125,4.0,1024,0,8192,32768,11264,2510.038,5797.648,2672.214,0.0493
mixed,128,16,0.125,4.0,1024,512,128,512,176,1187.679,1246.691,1217.122,0.4989
mixed,128,16,0.125,4.0,1024,512,256,1024,352,1218.596,1332.278,1254.449,0.3154
mixed,128,16,0.125,4.0,1024,512,512,2048,704,1280.463,1492.611,1317.748,0.1758
mixed,128,16,0.125,4.0,1024,512,1024,4096,1408,1397.027,1813.081,1439.668,0.1025
mixed,128,16,0.125,4.0,1024,512,2048,8192,2816,1614.401,2441.639,1675.946,0.0744
mixed,128,16,0.125,4.0,1024,512,4096,16384,5632,2042.929,3697.178,2141.207,0.0594
mixed,128,16,0.125,4.0,1024,512,8192,32768,11264,2917.512,6217.297,3082.058,0.0499
mixed,128,16,0.125,4.0,1024,2048,128,512,176,1890.454,1951.128,1921.828,0.5171
mixed,128,16,0.125,4.0,1024,2048,256,1024,352,1921.718,2025.474,1953.32,0.3046
mixed,128,16,0.125,4.0,1024,2048,512,2048,704,1978.74,2190.066,2015.479,0.1739
mixed,128,16,0.125,4.0,1024,2048,1024,4096,1408,2087.523,2500.34,2138.131,0.1226
mixed,128,16,0.125,4.0,1024,2048,2048,8192,2816,2304.026,3131.129,2368.741,0.0782
mixed,128,16,0.125,4.0,1024,2048,4096,16384,5632,2733.626,4395.899,2838.885,0.0633
mixed,128,16,0.125,4.0,1024,2048,8192,32768,11264,3602.757,6917.68,3772.009,0.0511
mixed,128,16,0.125,4.0,1024,8192,128,512,176,4700.78,4763.499,4736.523,0.5699
mixed,128,16,0.125,4.0,1024,8192,256,1024,352,4741.851,4839.738,4769.257,0.28
mixed,128,16,0.125,4.0,1024,8192,512,2048,704,4799.801,5005.497,4836.507,0.1784
mixed,128,16,0.125,4.0,1024,8192,1024,4096,1408,4904.38,5314.095,4950.365,0.1122
mixed,128,16,0.125,4.0,1024,8192,2048,8192,2816,5117.326,5931.87,5175.677,0.0716
mixed,128,16,0.125,4.0,1024,8192,4096,16384,5632,5548.189,7209.744,5655.056,0.0643
mixed,128,16,0.125,4.0,1024,8192,8192,32768,11264,6414.77,9721.752,6577.359,0.0492
mixed,128,16,0.125,4.0,1024,16384,128,512,176,8475.881,8538.229,8492.631,0.2687
mixed,128,16,0.125,4.0,1024,16384,256,1024,352,8504.196,8612.229,8534.71,0.2825
mixed,128,16,0.125,4.0,1024,16384,512,2048,704,8564.44,8760.053,8579.766,0.0784
mixed,128,16,0.125,4.0,1024,16384,1024,4096,1408,8659.703,9067.701,8707.458,0.117
mixed,128,16,0.125,4.0,1024,16384,2048,8192,2816,8891.574,9701.492,8939.06,0.0586
mixed,128,16,0.125,4.0,1024,16384,4096,16384,5632,9298.139,10947.918,9399.354,0.0614
mixed,128,16,0.125,4.0,1024,16384,8192,32768,11264,10169.594,13447.599,10325.996,0.0477
mixed,128,16,0.125,4.0,4096,0,128,512,176,3821.962,3880.572,3845.463,0.401
mixed,128,16,0.125,4.0,4096,0,256,1024,352,3855.002,3955.449,3881.961,0.2684
mixed,128,16,0.125,4.0,4096,0,512,2048,704,3904.329,4108.378,3938.794,0.1689
mixed,128,16,0.125,4.0,4096,0,1024,4096,1408,4014.908,4424.733,4072.313,0.1401
mixed,128,16,0.125,4.0,4096,0,2048,8192,2816,4226.525,5063.644,4293.003,0.0794
mixed,128,16,0.125,4.0,4096,0,4096,16384,5632,4659.611,6302.3,4753.833,0.0574
mixed,128,16,0.125,4.0,4096,0,8192,32768,11264,5511.74,8805.734,5688.398,0.0536
mixed,128,16,0.125,4.0,4096,512,128,512,176,4949.862,5004.029,4971.294,0.3957
mixed,128,16,0.125,4.0,4096,512,256,1024,352,4973.602,5079.421,5012.27,0.3654
mixed,128,16,0.125,4.0,4096,512,512,2048,704,5034.127,5243.166,5071.885,0.1806
mixed,128,16,0.125,4.0,4096,512,1024,4096,1408,5142.269,5545.867,5192.092,0.1234
mixed,128,16,0.125,4.0,4096,512,2048,8192,2816,5352.639,6181.762,5426.524,0.0891
mixed,128,16,0.125,4.0,4096,512,4096,16384,5632,5789.953,7427.908,5884.221,0.0576
mixed,128,16,0.125,4.0,4096,512,8192,32768,11264,6647.743,9921.624,6812.755,0.0504
mixed,128,16,0.125,4.0,4096,2048,128,512,176,6899.779,6956.068,6926.047,0.4667
mixed,128,16,0.125,4.0,4096,2048,256,1024,352,6929.202,7036.917,6957.6,0.2636
mixed,128,16,0.125,4.0,4096,2048,512,2048,704,7003.392,7190.388,7024.596,0.1134
mixed,128,16,0.125,4.0,4096,2048,1024,4096,1408,7096.484,7509.777,7139.35,0.1037
mixed,128,16,0.125,4.0,4096,2048,2048,8192,2816,7309.795,8135.349,7373.556,0.0772
mixed,128,16,0.125,4.0,4096,2048,4096,16384,5632,7753.351,9394.906,7839.447,0.0524
mixed,128,16,0.125,4.0,4096,2048,8192,32768,11264,8600.679,11889.809,8784.314,0.0558
mixed,128,16,0.125,4.0,4096,8192,128,512,176,14807.192,15198.424,15207.0,1.0219
mixed,128,16,0.125,4.0,4096,8192,256,1024,352,15051.957,14921.446,14863.352,
mixed,128,16,0.125,4.0,4096,8192,512,2048,704,14877.587,15295.332,15089.205,0.5066
mixed,128,16,0.125,4.0,4096,8192,1024,4096,1408,15140.732,15378.392,15032.649,-0.4548
mixed,128,16,0.125,4.0,4096,8192,2048,8192,2816,15324.233,16020.446,15253.317,-0.1019
mixed,128,16,0.125,4.0,4096,8192,4096,16384,5632,15609.677,17251.546,15727.994,0.0721
mixed,128,16,0.125,4.0,4096,8192,8192,32768,11264,16508.523,19779.267,16627.292,0.0363
mixed,128,16,0.125,4.0,4096,16384,128,512,176,27070.903,26526.906,26407.448,
mixed,128,16,0.125,4.0,4096,16384,256,1024,352,26664.343,26583.315,26957.579,
mixed,128,16,0.125,4.0,4096,16384,512,2048,704,26204.628,26524.655,26234.554,0.0935
mixed,128,16,0.125,4.0,4096,16384,1024,4096,1408,26277.45,26965.53,26055.027,-0.3233
mixed,128,16,0.125,4.0,4096,16384,2048,8192,2816,26765.278,26710.764,26683.034,
mixed,128,16,0.125,4.0,4096,16384,4096,16384,5632,26253.244,28064.3,26515.024,0.1445
mixed,128,16,0.125,4.0,4096,16384,8192,32768,11264,27709.969,30383.799,27224.974,-0.1814
pure,128,32,0.25,4.0,0,0,128,512,224,165.731,287.038,250.242,0.6967
pure,128,32,0.25,4.0,0,0,256,1024,448,277.394,372.543,283.663,0.0659
pure,128,32,0.25,4.0,0,0,512,2048,896,351.04,532.386,410.096,0.3257
pure,128,32,0.25,4.0,0,0,1024,4096,1792,493.522,846.45,570.578,0.2183
pure,128,32,0.25,4.0,0,0,2048,8192,3584,768.466,1475.347,884.178,0.1637
pure,128,32,0.25,4.0,0,0,4096,16384,7168,1316.261,2726.966,1510.883,0.138
pure,128,32,0.25,4.0,0,0,8192,32768,14336,2413.093,5224.4,2745.129,0.1181
mixed,128,32,0.25,4.0,16,0,128,512,224,206.945,324.449,273.678,0.5679
mixed,128,32,0.25,4.0,16,0,256,1024,448,313.888,394.385,308.017,-0.0729
mixed,128,32,0.25,4.0,16,0,512,2048,896,374.465,555.601,371.968,-0.0138
mixed,128,32,0.25,4.0,16,0,1024,4096,1792,516.05,869.524,598.815,0.2341
mixed,128,32,0.25,4.0,16,0,2048,8192,3584,791.794,1496.774,913.315,0.1724
mixed,128,32,0.25,4.0,16,0,4096,16384,7168,1338.771,2741.018,1530.213,0.1365
mixed,128,32,0.25,4.0,16,0,8192,32768,14336,2425.543,5226.894,2761.831,0.12
mixed,128,32,0.25,4.0,16,512,128,512,224,284.625,364.928,274.402,-0.1273
mixed,128,32,0.25,4.0,16,512,256,1024,448,350.0,449.441,321.68,-0.2848
mixed,128,32,0.25,4.0,16,512,512,2048,896,427.504,614.432,421.999,-0.0294
mixed,128,32,0.25,4.0,16,512,1024,4096,1792,570.804,929.156,552.962,-0.0498
mixed,128,32,0.25,4.0,16,512,2048,8192,3584,842.867,1548.996,905.363,0.0885
mixed,128,32,0.25,4.0,16,512,4096,16384,7168,1392.595,2798.631,1523.396,0.093
mixed,128,32,0.25,4.0,16,512,8192,32768,14336,2491.927,5283.118,2759.207,0.0958
mixed,128,32,0.25,4.0,16,2048,128,512,224,332.867,382.273,327.327,-0.1121
mixed,128,32,0.25,4.0,16,2048,256,1024,448,363.744,486.418,381.264,0.1428
mixed,128,32,0.25,4.0,16,2048,512,2048,896,458.72,725.01,426.897,-0.1195
mixed,128,32,0.25,4.0,16,2048,1024,4096,1792,664.929,1040.642,587.457,-0.2062
mixed,128,32,0.25,4.0,16,2048,2048,8192,3584,962.836,1665.077,897.7,-0.0928
mixed,128,32,0.25,4.0,16,2048,4096,16384,7168,1511.669,2916.329,1528.292,0.0118
mixed,128,32,0.25,4.0,16,2048,8192,32768,14336,2612.327,5398.238,2770.007,0.0566
mixed,128,32,0.25,4.0,16,8192,128,512,224,465.186,498.161,460.722,-0.1354
mixed,128,32,0.25,4.0,16,8192,256,1024,448,492.132,599.394,504.371,0.1141
mixed,128,32,0.25,4.0,16,8192,512,2048,896,561.745,737.906,557.954,-0.0215
mixed,128,32,0.25,4.0,16,8192,1024,4096,1792,703.715,1182.739,738.962,0.0736
mixed,128,32,0.25,4.0,16,8192,2048,8192,3584,1069.266,2111.51,1013.843,-0.0532
mixed,128,32,0.25,4.0,16,8192,4096,16384,7168,1875.508,3373.608,1522.964,-0.2353
mixed,128,32,0.25,4.0,16,8192,8192,32768,14336,3070.744,5850.511,2755.48,-0.1134
mixed,128,32,0.25,4.0,16,16384,128,512,224,618.434,671.681,617.538,-0.0168
mixed,128,32,0.25,4.0,16,16384,256,1024,448,653.027,746.082,650.992,-0.0219
mixed,128,32,0.25,4.0,16,16384,512,2048,896,733.794,907.731,708.434,-0.1458
mixed,128,32,0.25,4.0,16,16384,1024,4096,1792,857.538,1201.38,858.642,0.0032
mixed,128,32,0.25,4.0,16,16384,2048,8192,3584,1150.915,2105.573,1199.955,0.0514
mixed,128,32,0.25,4.0,16,16384,4096,16384,7168,1875.334,3962.812,1782.677,-0.0444
mixed,128,32,0.25,4.0,16,16384,8192,32768,14336,3501.417,6475.985,2751.656,-0.2521
mixed,128,32,0.25,4.0,64,0,128,512,224,227.267,275.248,235.409,0.1697
mixed,128,32,0.25,4.0,64,0,256,1024,448,264.29,359.184,274.014,0.1025
mixed,128,32,0.25,4.0,64,0,512,2048,896,338.289,515.81,333.52,-0.0269
mixed,128,32,0.25,4.0,64,0,1024,4096,1792,478.115,826.13,477.887,-0.0007
mixed,128,32,0.25,4.0,64,0,2048,8192,3584,751.122,1445.11,793.778,0.0615
mixed,128,32,0.25,4.0,64,0,4096,16384,7168,1286.259,2695.99,1408.483,0.0867
mixed,128,32,0.25,4.0,64,0,8192,32768,14336,2386.726,5199.006,2655.478,0.0956
mixed,128,32,0.25,4.0,64,512,128,512,224,270.321,319.713,280.93,0.2148
mixed,128,32,0.25,4.0,64,512,256,1024,448,308.368,403.872,315.667,0.0764
mixed,128,32,0.25,4.0,64,512,512,2048,896,381.649,563.12,382.417,0.0042
mixed,128,32,0.25,4.0,64,512,1024,4096,1792,523.826,881.476,540.336,0.0462
mixed,128,32,0.25,4.0,64,512,2048,8192,3584,802.61,1514.899,857.265,0.0767
mixed,128,32,0.25,4.0,64,512,4096,16384,7168,1356.916,2772.889,1480.436,0.0872
mixed,128,32,0.25,4.0,64,512,8192,32768,14336,2452.854,5282.384,2726.6,0.0967
mixed,128,32,0.25,4.0,64,2048,128,512,224,386.707,436.243,398.819,0.2445
mixed,128,32,0.25,4.0,64,2048,256,1024,448,426.001,517.875,434.784,0.0956
mixed,128,32,0.25,4.0,64,2048,512,2048,896,497.008,678.946,499.169,0.0119
mixed,128,32,0.25,4.0,64,2048,1024,4096,1792,635.71,993.553,652.45,0.0468
mixed,128,32,0.25,4.0,64,2048,2048,8192,3584,914.145,1620.052,965.12,0.0722
mixed,128,32,0.25,4.0,64,2048,4096,16384,7168,1468.643,2873.399,1590.022,0.0864
mixed,128,32,0.25,4.0,64,2048,8192,32768,14336,2565.095,5391.391,2841.256,0.0977
mixed,128,32,0.25,4.0,64,8192,128,512,224,848.307,897.427,839.328,-0.1828
mixed,128,32,0.25,4.0,64,8192,256,1024,448,889.984,978.642,896.722,0.076
mixed,128,32,0.25,4.0,64,8192,512,2048,896,956.066,1136.083,959.731,0.0204
mixed,128,32,0.25,4.0,64,8192,1024,4096,1792,1091.395,1448.818,1108.114,0.0468
mixed,128,32,0.25,4.0,64,8192,2048,8192,3584,1366.162,2077.716,1417.828,0.0726
mixed,128,32,0.25,4.0,64,8192,4096,16384,7168,1917.829,3323.66,2041.541,0.088
mixed,128,32,0.25,4.0,64,8192,8192,32768,14336,3018.215,5845.231,3292.262,0.0969
mixed,128,32,0.25,4.0,64,16384,128,512,224,1412.962,1499.971,1435.363,0.2575
mixed,128,32,0.25,4.0,64,16384,256,1024,448,1485.235,1576.581,1471.508,-0.1503
mixed,128,32,0.25,4.0,64,16384,512,2048,896,1557.029,1732.773,1552.389,-0.0264
mixed,128,32,0.25,4.0,64,16384,1024,4096,1792,1695.716,2050.612,1708.805,0.0369
mixed,128,32,0.25,4.0,64,16384,2048,8192,3584,1966.661,2679.368,2020.934,0.0762
mixed,128,32,0.25,4.0,64,16384,4096,16384,7168,2517.301,3941.177,2644.072,0.089
mixed,128,32,0.25,4.0,64,16384,8192,32768,14336,3622.2,6444.065,3891.148,0.0953
mixed,128,32,0.25,4.0,256,0,128,512,224,398.433,444.752,405.664,0.1561
mixed,128,32,0.25,4.0,256,0,256,1024,448,433.44,525.952,431.65,-0.0193
mixed,128,32,0.25,4.0,256,0,512,2048,896,503.842,683.091,501.698,-0.012
mixed,128,32,0.25,4.0,256,0,1024,4096,1792,642.114,986.835,647.891,0.0168
mixed,128,32,0.25,4.0,256,0,2048,8192,3584,910.85,1577.812,898.56,-0.0184
mixed,128,32,0.25,4.0,256,0,4096,16384,7168,1425.956,2788.902,1475.269,0.0362
mixed,128,32,0.25,4.0,256,0,8192,32768,14336,2483.526,5252.448,2718.838,0.085
mixed,128,32,0.25,4.0,256,512,128,512,224,558.29,606.691,569.315,0.2278
mixed,128,32,0.25,4.0,256,512,256,1024,448,597.427,686.466,609.409,0.1346
mixed,128,32,0.25,4.0,256,512,512,2048,896,668.994,846.868,668.899,-0.0005
mixed,128,32,0.25,4.0,256,512,1024,4096,1792,807.009,1159.075,821.842,0.0421
mixed,128,32,0.25,4.0,256,512,2048,8192,3584,1080.258,1790.535,1128.77,0.0683
mixed,128,32,0.25,4.0,256,512,4096,16384,7168,1631.219,3044.758,1753.78,0.0867
mixed,128,32,0.25,4.0,256,512,8192,32768,14336,2729.543,5541.965,3013.496,0.101
mixed,128,32,0.25,4.0,256,2048,128,512,224,1008.401,1058.515,1000.418,-0.1593
mixed,128,32,0.25,4.0,256,2048,256,1024,448,1049.556,1137.442,1043.605,-0.0677
mixed,128,32,0.25,4.0,256,2048,512,2048,896,1122.385,1294.388,1123.971,0.0092
mixed,128,32,0.25,4.0,256,2048,1024,4096,1792,1251.345,1606.501,1269.89,0.0522
mixed,128,32,0.25,4.0,256,2048,2048,8192,3584,1528.934,2242.276,1588.5,0.0835
mixed,128,32,0.25,4.0,256,2048,4096,16384,7168,2084.886,3493.546,2201.605,0.0829
mixed,128,32,0.25,4.0,256,2048,8192,32768,14336,3186.873,6006.896,3447.355,0.0924
mixed,128,32,0.25,4.0,256,8192,128,512,224,2745.621,2800.68,2747.846,0.0404
mixed,128,32,0.25,4.0,256,8192,256,1024,448,2813.464,2936.233,2801.077,-0.1009
mixed,128,32,0.25,4.0,256,8192,512,2048,896,2911.015,3094.022,2867.768,-0.2363
mixed,128,32,0.25,4.0,256,8192,1024,4096,1792,3053.959,3407.001,3069.717,0.0446
mixed,128,32,0.25,4.0,256,8192,2048,8192,3584,3330.936,4027.037,3383.482,0.0755
mixed,128,32,0.25,4.0,256,8192,4096,16384,7168,3879.083,5296.606,3995.289,0.082
mixed,128,32,0.25,4.0,256,8192,8192,32768,14336,4992.797,7809.78,5249.339,0.0911
mixed,128,32,0.25,4.0,256,16384,128,512,224,5154.811,5161.646,5158.411,0.5267
mixed,128,32,0.25,4.0,256,16384,256,1024,448,5160.157,5252.413,5155.646,-0.0489
mixed,128,32,0.25,4.0,256,16384,512,2048,896,5241.261,5500.318,5214.253,-0.1043
mixed,128,32,0.25,4.0,256,16384,1024,4096,1792,5345.166,5832.189,5357.311,0.0249
mixed,128,32,0.25,4.0,256,16384,2048,8192,3584,5737.969,6447.823,5800.126,0.0876
mixed,128,32,0.25,4.0,256,16384,4096,16384,7168,6299.23,7705.89,6414.991,0.0823
mixed,128,32,0.25,4.0,256,16384,8192,32768,14336,7390.608,10225.706,7667.346,0.0976
mixed,128,32,0.25,4.0,1024,0,128,512,224,789.536,837.506,806.721,0.3582
mixed,128,32,0.25,4.0,1024,0,256,1024,448,829.282,922.623,835.393,0.0655
mixed,128,32,0.25,4.0,1024,0,512,2048,896,902.228,1084.884,964.887,0.343
mixed,128,32,0.25,4.0,1024,0,1024,4096,1792,1045.423,1398.614,1121.245,0.2147
mixed,128,32,0.25,4.0,1024,0,2048,8192,3584,1320.437,2028.245,1438.516,0.1668
mixed,128,32,0.25,4.0,1024,0,4096,16384,7168,1871.589,3278.728,2062.835,0.1359
mixed,128,32,0.25,4.0,1024,0,8192,32768,14336,2958.006,5770.097,3289.084,0.1177
mixed,128,32,0.25,4.0,1024,512,128,512,224,1194.311,1246.753,1209.975,0.2987
mixed,128,32,0.25,4.0,1024,512,256,1024,448,1232.739,1327.566,1240.899,0.086
mixed,128,32,0.25,4.0,1024,512,512,2048,896,1308.307,1487.219,1369.745,0.3434
mixed,128,32,0.25,4.0,1024,512,1024,4096,1792,1447.359,1804.981,1531.059,0.234
mixed,128,32,0.25,4.0,1024,512,2048,8192,3584,1729.075,2433.639,1840.389,0.158
mixed,128,32,0.25,4.0,1024,512,4096,16384,7168,2271.608,3682.09,2466.709,0.1383
mixed,128,32,0.25,4.0,1024,512,8192,32768,14336,3368.44,6177.324,3710.744,0.1219
mixed,128,32,0.25,4.0,1024,2048,128,512,224,1892.213,1939.127,1907.637,0.3288
mixed,128,32,0.25,4.0,1024,2048,256,1024,448,1934.758,2019.015,1935.639,0.0105
mixed,128,32,0.25,4.0,1024,2048,512,2048,896,1999.927,2182.197,2064.403,0.3537
mixed,128,32,0.25,4.0,1024,2048,1024,4096,1792,2143.988,2488.723,2220.662,0.2224
mixed,128,32,0.25,4.0,1024,2048,2048,8192,3584,2410.424,3113.381,2536.549,0.1794
mixed,128,32,0.25,4.0,1024,2048,4096,16384,7168,2963.049,4366.797,3151.224,0.1341
mixed,128,32,0.25,4.0,1024,2048,8192,32768,14336,4055.818,6855.84,4393.289,0.1205
mixed,128,32,0.25,4.0,1024,8192,128,512,224,4706.19,4759.788,4736.253,0.5609
mixed,128,32,0.25,4.0,1024,8192,256,1024,448,4756.713,4838.204,4751.792,-0.0604
mixed,128,32,0.25,4.0,1024,8192,512,2048,896,4821.135,4983.548,4873.165,0.3204
mixed,128,32,0.25,4.0,1024,8192,1024,4096,1792,4958.589,5291.295,5028.443,0.21
mixed,128,32,0.25,4.0,1024,8192,2048,8192,3584,5227.23,5939.31,5336.543,0.1535
mixed,128,32,0.25,4.0,1024,8192,4096,16384,7168,5769.921,7174.099,5967.405,0.1406
mixed,128,32,0.25,4.0,1024,8192,8192,32768,14336,6871.632,9679.604,7209.106,0.1202
mixed,128,32,0.25,4.0,1024,16384,128,512,224,8472.147,8517.153,8492.154,0.4445
mixed,128,32,0.25,4.0,1024,16384,256,1024,448,8521.783,8602.311,8514.646,-0.0886
mixed,128,32,0.25,4.0,1024,16384,512,2048,896,8583.849,8759.432,8645.429,0.3507
mixed,128,32,0.25,4.0,1024,16384,1024,4096,1792,8712.062,9063.74,8815.663,0.2946
mixed,128,32,0.25,4.0,1024,16384,2048,8192,3584,8985.169,9679.953,9111.059,0.1812
mixed,128,32,0.25,4.0,1024,16384,4096,16384,7168,9532.961,10937.577,9728.645,0.1393
mixed,128,32,0.25,4.0,1024,16384,8192,32768,14336,10628.55,13448.448,10971.769,0.1217
mixed,128,32,0.25,4.0,4096,0,128,512,224,3830.734,3878.235,3852.412,0.4564
mixed,128,32,0.25,4.0,4096,0,256,1024,448,3866.972,3958.254,3874.223,0.0794
mixed,128,32,0.25,4.0,4096,0,512,2048,896,3934.575,4125.234,3998.892,0.3373
mixed,128,32,0.25,4.0,4096,0,1024,4096,1792,4072.85,4425.793,4153.422,0.2283
mixed,128,32,0.25,4.0,4096,0,2048,8192,3584,4341.904,5048.756,4459.267,0.166
mixed,128,32,0.25,4.0,4096,0,4096,16384,7168,4889.52,6300.454,5082.899,0.1371
mixed,128,32,0.25,4.0,4096,0,8192,32768,14336,5990.677,8796.784,6323.957,0.1188
mixed,128,32,0.25,4.0,4096,512,128,512,224,4964.306,5007.891,4962.753,-0.0356
mixed,128,32,0.25,4.0,4096,512,256,1024,448,5008.034,5078.159,4997.969,-0.1435
mixed,128,32,0.25,4.0,4096,512,512,2048,896,5062.832,5239.282,5115.486,0.2984
mixed,128,32,0.25,4.0,4096,512,1024,4096,1792,5194.194,5551.909,5275.27,0.2266
mixed,128,32,0.25,4.0,4096,512,2048,8192,3584,5473.428,6204.498,5583.317,0.1503
mixed,128,32,0.25,4.0,4096,512,4096,16384,7168,6016.708,7429.147,6210.248,0.137
mixed,128,32,0.25,4.0,4096,512,8192,32768,14336,7115.575,9924.578,7444.826,0.1172
mixed,128,32,0.25,4.0,4096,2048,128,512,224,6908.647,6962.858,6920.872,0.2255
mixed,128,32,0.25,4.0,4096,2048,256,1024,448,6946.327,7038.838,6950.285,0.0428
mixed,128,32,0.25,4.0,4096,2048,512,2048,896,7017.93,7193.548,7072.662,0.3117
mixed,128,32,0.25,4.0,4096,2048,1024,4096,1792,7146.008,7524.858,7241.828,0.2529
mixed,128,32,0.25,4.0,4096,2048,2048,8192,3584,7420.631,8128.333,7535.178,0.1619
mixed,128,32,0.25,4.0,4096,2048,4096,16384,7168,7992.221,9404.0,8166.606,0.1235
mixed,128,32,0.25,4.0,4096,2048,8192,32768,14336,9081.471,11896.524,9430.208,0.1239
mixed,128,32,0.25,4.0,4096,8192,128,512,224,14917.462,15034.216,14806.918,-0.9468
mixed,128,32,0.25,4.0,4096,8192,256,1024,448,14952.72,14914.292,15165.186,
mixed,128,32,0.25,4.0,4096,8192,512,2048,896,14910.889,15378.799,15217.388,0.655
mixed,128,32,0.25,4.0,4096,8192,1024,4096,1792,15050.888,15389.692,15528.951,1.411
mixed,128,32,0.25,4.0,4096,8192,2048,8192,3584,15314.746,16032.285,15429.486,0.1599
mixed,128,32,0.25,4.0,4096,8192,4096,16384,7168,15855.035,17262.574,16040.271,0.1316
mixed,128,32,0.25,4.0,4096,8192,8192,32768,14336,16947.954,19754.072,17278.806,0.1179
mixed,128,32,0.25,4.0,4096,16384,128,512,224,25988.805,25861.428,26939.724,
mixed,128,32,0.25,4.0,4096,16384,256,1024,448,26186.828,25942.533,26772.699,
mixed,128,32,0.25,4.0,4096,16384,512,2048,896,26138.218,27502.921,26246.647,0.0795
mixed,128,32,0.25,4.0,4096,16384,1024,4096,1792,26413.724,26292.853,27348.73,
mixed,128,32,0.25,4.0,4096,16384,2048,8192,3584,27394.704,27251.832,26614.073,
mixed,128,32,0.25,4.0,4096,16384,4096,16384,7168,27100.51,28420.573,27241.45,0.1068
mixed,128,32,0.25,4.0,4096,16384,8192,32768,14336,27964.06,30492.649,28014.033,0.0198
pure,128,64,0.5,4.0,0,0,128,512,320,255.983,288.225,255.377,-0.0188
pure,128,64,0.5,4.0,0,0,256,1024,640,308.483,370.704,309.329,0.0136
pure,128,64,0.5,4.0,0,0,512,2048,1280,412.292,533.715,411.825,-0.0038
pure,128,64,0.5,4.0,0,0,1024,4096,2560,610.292,848.466,610.722,0.0018
pure,128,64,0.5,4.0,0,0,2048,8192,5120,1004.803,1477.044,1002.018,-0.0059
pure,128,64,0.5,4.0,0,0,4096,16384,10240,1788.036,2731.206,1780.773,-0.0077
pure,128,64,0.5,4.0,0,0,8192,32768,20480,3365.562,5221.069,3347.434,-0.0098
mixed,128,64,0.5,4.0,16,0,128,512,320,293.042,325.202,293.329,0.0089
mixed,128,64,0.5,4.0,16,0,256,1024,640,345.106,395.425,341.33,-0.075
mixed,128,64,0.5,4.0,16,0,512,2048,1280,436.356,556.769,432.562,-0.0315
mixed,128,64,0.5,4.0,16,0,1024,4096,2560,634.882,873.441,635.236,0.0015
mixed,128,64,0.5,4.0,16,0,2048,8192,5120,1028.082,1497.156,1024.064,-0.0086
mixed,128,64,0.5,4.0,16,0,4096,16384,10240,1805.812,2749.4,1803.493,-0.0025
mixed,128,64,0.5,4.0,16,0,8192,32768,20480,3359.994,5217.246,3357.608,-0.0013
mixed,128,64,0.5,4.0,16,512,128,512,320,314.257,365.008,304.577,-0.1907
mixed,128,64,0.5,4.0,16,512,256,1024,640,384.625,450.24,364.433,-0.3077
mixed,128,64,0.5,4.0,16,512,512,2048,1280,490.45,611.058,485.553,-0.0406
mixed,128,64,0.5,4.0,16,512,1024,4096,2560,691.137,924.387,688.308,-0.0121
mixed,128,64,0.5,4.0,16,512,2048,8192,5120,1081.058,1546.18,1078.148,-0.0063
mixed,128,64,0.5,4.0,16,512,4096,16384,10240,1860.292,2801.465,1856.787,-0.0037
mixed,128,64,0.5,4.0,16,512,8192,32768,20480,3418.458,5283.645,3408.875,-0.0051
mixed,128,64,0.5,4.0,16,2048,128,512,320,342.45,381.137,346.002,0.0918
mixed,128,64,0.5,4.0,16,2048,256,1024,640,396.274,485.313,377.264,-0.2135
mixed,128,64,0.5,4.0,16,2048,512,2048,1280,546.163,725.874,543.104,-0.017
mixed,128,64,0.5,4.0,16,2048,1024,4096,2560,807.648,1046.945,722.657,-0.3552
mixed,128,64,0.5,4.0,16,2048,2048,8192,5120,1194.228,1665.652,1185.012,-0.0196
mixed,128,64,0.5,4.0,16,2048,4096,16384,10240,1977.461,2907.304,1974.211,-0.0035
mixed,128,64,0.5,4.0,16,2048,8192,32768,20480,3545.305,5403.421,3535.72,-0.0052
mixed,128,64,0.5,4.0,16,8192,128,512,320,479.408,497.92,465.153,-0.77
mixed,128,64,0.5,4.0,16,8192,256,1024,640,551.138,602.369,533.169,-0.3507
mixed,128,64,0.5,4.0,16,8192,512,2048,1280,663.409,737.891,616.754,-0.6264
mixed,128,64,0.5,4.0,16,8192,1024,4096,2560,853.698,1182.866,874.627,0.0636
mixed,128,64,0.5,4.0,16,8192,2048,8192,5120,1416.036,2112.98,1472.05,0.0804
mixed,128,64,0.5,4.0,16,8192,4096,16384,10240,2439.943,3379.335,2110.324,-0.3509
mixed,128,64,0.5,4.0,16,8192,8192,32768,20480,4011.273,5861.951,3964.089,-0.0255
mixed,128,64,0.5,4.0,16,16384,128,512,320,638.803,672.913,635.938,-0.084
mixed,128,64,0.5,4.0,16,16384,256,1024,640,706.13,746.065,684.16,-0.5501
mixed,128,64,0.5,4.0,16,16384,512,2048,1280,795.842,908.739,816.067,0.1791
mixed,128,64,0.5,4.0,16,16384,1024,4096,2560,1067.138,1199.347,964.707,-0.7748
mixed,128,64,0.5,4.0,16,16384,2048,8192,5120,1437.074,2106.183,1499.315,0.093
mixed,128,64,0.5,4.0,16,16384,4096,16384,10240,2577.046,3964.41,2706.92,0.0936
mixed,128,64,0.5,4.0,16,16384,8192,32768,20480,4620.156,6476.128,3972.393,-0.349
mixed,128,64,0.5,4.0,64,0,128,512,320,246.754,276.609,244.593,-0.0724
mixed,128,64,0.5,4.0,64,0,256,1024,640,297.567,357.487,295.6,-0.0328
mixed,128,64,0.5,4.0,64,0,512,2048,1280,397.074,518.367,396.722,-0.0029
mixed,128,64,0.5,4.0,64,0,1024,4096,2560,594.785,826.756,595.296,0.0022
mixed,128,64,0.5,4.0,64,0,2048,8192,5120,975.458,1444.515,969.603,-0.0125
mixed,128,64,0.5,4.0,64,0,4096,16384,10240,1755.223,2694.742,1750.66,-0.0049
mixed,128,64,0.5,4.0,64,0,8192,32768,20480,3322.968,5195.243,3304.681,-0.0098
mixed,128,64,0.5,4.0,64,512,128,512,320,287.407,318.655,286.816,-0.0189
mixed,128,64,0.5,4.0,64,512,256,1024,640,340.464,402.177,339.969,-0.008
mixed,128,64,0.5,4.0,64,512,512,2048,1280,441.822,564.147,444.641,0.023
mixed,128,64,0.5,4.0,64,512,1024,4096,2560,641.812,879.619,645.281,0.0146
mixed,128,64,0.5,4.0,64,512,2048,8192,5120,1039.042,1508.101,1038.132,-0.0019
mixed,128,64,0.5,4.0,64,512,4096,16384,10240,1824.403,2766.262,1818.225,-0.0066
mixed,128,64,0.5,4.0,64,512,8192,32768,20480,3392.105,5269.566,3396.263,0.0022
mixed,128,64,0.5,4.0,64,2048,128,512,320,405.01,436.737,403.745,-0.0398
mixed,128,64,0.5,4.0,64,2048,256,1024,640,458.335,517.619,456.752,-0.0267
mixed,128,64,0.5,4.0,64,2048,512,2048,1280,558.255,676.958,557.618,-0.0054
mixed,128,64,0.5,4.0,64,2048,1024,4096,2560,753.956,993.776,756.931,0.0124
mixed,128,64,0.5,4.0,64,2048,2048,8192,5120,1149.873,1619.38,1143.62,-0.0133
mixed,128,64,0.5,4.0,64,2048,4096,16384,10240,1934.277,2882.15,1936.164,0.002
mixed,128,64,0.5,4.0,64,2048,8192,32768,20480,3505.449,5400.286,3515.082,0.0051
mixed,128,64,0.5,4.0,64,8192,128,512,320,867.888,896.498,861.423,-0.226
mixed,128,64,0.5,4.0,64,8192,256,1024,640,918.595,976.115,912.915,-0.0987
mixed,128,64,0.5,4.0,64,8192,512,2048,1280,1014.851,1131.297,1015.539,0.0059
mixed,128,64,0.5,4.0,64,8192,1024,4096,2560,1213.778,1445.444,1211.602,-0.0094
mixed,128,64,0.5,4.0,64,8192,2048,8192,5120,1603.638,2071.526,1604.692,0.0023
mixed,128,64,0.5,4.0,64,8192,4096,16384,10240,2396.822,3335.721,2382.567,-0.0152
mixed,128,64,0.5,4.0,64,8192,8192,32768,20480,3961.913,5846.046,3958.586,-0.0018
mixed,128,64,0.5,4.0,64,16384,128,512,320,1463.541,1495.411,1437.636,-0.8128
mixed,128,64,0.5,4.0,64,16384,256,1024,640,1518.386,1576.949,1498.115,-0.3461
mixed,128,64,0.5,4.0,64,16384,512,2048,1280,1619.778,1731.781,1613.044,-0.0601
mixed,128,64,0.5,4.0,64,16384,1024,4096,2560,1813.495,2051.668,1809.891,-0.0151
mixed,128,64,0.5,4.0,64,16384,2048,8192,5120,2199.734,2669.494,2200.708,0.0021
mixed,128,64,0.5,4.0,64,16384,4096,16384,10240,2989.751,3923.256,2981.767,-0.0086
mixed,128,64,0.5,4.0,64,16384,8192,32768,20480,4554.011,6446.016,4554.924,0.0005
mixed,128,64,0.5,4.0,256,0,128,512,320,415.841,445.344,414.88,-0.0326
mixed,128,64,0.5,4.0,256,0,256,1024,640,466.513,526.639,465.313,-0.02
mixed,128,64,0.5,4.0,256,0,512,2048,1280,565.697,680.352,560.641,-0.0441
mixed,128,64,0.5,4.0,256,0,1024,4096,2560,759.204,987.442,755.442,-0.0165
mixed,128,64,0.5,4.0,256,0,2048,8192,5120,1139.713,1579.667,1132.052,-0.0174
mixed,128,64,0.5,4.0,256,0,4096,16384,10240,1882.085,2786.583,1875.365,-0.0074
mixed,128,64,0.5,4.0,256,0,8192,32768,20480,3389.258,5259.597,3393.959,0.0025
mixed,128,64,0.5,4.0,256,512,128,512,320,577.791,607.984,575.313,-0.0821
mixed,128,64,0.5,4.0,256,512,256,1024,640,625.346,688.577,625.187,-0.0025
mixed,128,64,0.5,4.0,256,512,512,2048,1280,725.953,844.611,727.154,0.0101
mixed,128,64,0.5,4.0,256,512,1024,4096,2560,923.391,1161.62,922.209,-0.005
mixed,128,64,0.5,4.0,256,512,2048,8192,5120,1314.947,1784.79,1314.258,-0.0015
mixed,128,64,0.5,4.0,256,512,4096,16384,10240,2104.581,3045.751,2103.669,-0.001
mixed,128,64,0.5,4.0,256,512,8192,32768,20480,3663.225,5554.317,3676.186,0.0069
mixed,128,64,0.5,4.0,256,2048,128,512,320,1028.481,1059.25,1023.315,-0.1679
mixed,128,64,0.5,4.0,256,2048,256,1024,640,1079.186,1137.604,1073.891,-0.0906
mixed,128,64,0.5,4.0,256,2048,512,2048,1280,1177.058,1293.046,1176.931,-0.0011
mixed,128,64,0.5,4.0,256,2048,1024,4096,2560,1370.532,1614.452,1371.586,0.0043
mixed,128,64,0.5,4.0,256,2048,2048,8192,5120,1761.861,2233.847,1763.845,0.0042
mixed,128,64,0.5,4.0,256,2048,4096,16384,10240,2550.645,3489.064,2554.439,0.004
mixed,128,64,0.5,4.0,256,2048,8192,32768,20480,4119.226,5997.872,4115.322,-0.0021
mixed,128,64,0.5,4.0,256,8192,128,512,320,2787.178,2814.728,2771.701,-0.5618
mixed,128,64,0.5,4.0,256,8192,256,1024,640,2814.871,2932.569,2829.878,0.1275
mixed,128,64,0.5,4.0,256,8192,512,2048,1280,2977.191,3106.87,2938.776,-0.2962
mixed,128,64,0.5,4.0,256,8192,1024,4096,2560,3181.146,3417.0,3147.941,-0.1408
mixed,128,64,0.5,4.0,256,8192,2048,8192,5120,3557.753,4032.712,3557.226,-0.0011
mixed,128,64,0.5,4.0,256,8192,4096,16384,10240,4345.068,5298.525,4351.688,0.0069
mixed,128,64,0.5,4.0,256,8192,8192,32768,20480,5924.351,7814.356,5919.327,-0.0027
mixed,128,64,0.5,4.0,256,16384,128,512,320,5152.765,5158.285,5170.43,3.1999
mixed,128,64,0.5,4.0,256,16384,256,1024,640,5161.31,5254.591,5168.43,0.0763
mixed,128,64,0.5,4.0,256,16384,512,2048,1280,5278.606,5502.173,5328.748,0.2243
mixed,128,64,0.5,4.0,256,16384,1024,4096,2560,5595.455,5825.197,5496.699,-0.4299
mixed,128,64,0.5,4.0,256,16384,2048,8192,5120,5972.686,6457.521,5872.525,-0.2066
mixed,128,64,0.5,4.0,256,16384,4096,16384,10240,6752.368,7711.316,6761.007,0.009
mixed,128,64,0.5,4.0,256,16384,8192,32768,20480,8343.588,10227.706,8332.053,-0.0061
mixed,128,64,0.5,4.0,1024,0,128,512,320,809.651,837.36,807.426,-0.0803
mixed,128,64,0.5,4.0,1024,0,256,1024,640,859.78,921.219,859.14,-0.0104
mixed,128,64,0.5,4.0,1024,0,512,2048,1280,964.098,1082.226,964.083,-0.0001
mixed,128,64,0.5,4.0,1024,0,1024,4096,2560,1163.842,1402.786,1163.62,-0.0009
mixed,128,64,0.5,4.0,1024,0,2048,8192,5120,1556.87,2030.532,1553.285,-0.0076
mixed,128,64,0.5,4.0,1024,0,4096,16384,10240,2342.919,3276.359,2332.597,-0.0111
mixed,128,64,0.5,4.0,1024,0,8192,32768,20480,3899.958,5773.821,3886.81,-0.007
mixed,128,64,0.5,4.0,1024,512,128,512,320,1215.909,1244.934,1213.41,-0.0861
mixed,128,64,0.5,4.0,1024,512,256,1024,640,1267.67,1331.023,1263.331,-0.0685
mixed,128,64,0.5,4.0,1024,512,512,2048,1280,1367.347,1487.123,1369.172,0.0152
mixed,128,64,0.5,4.0,1024,512,1024,4096,2560,1569.334,1797.332,1567.669,-0.0073
mixed,128,64,0.5,4.0,1024,512,2048,8192,5120,1959.59,2430.692,1959.139,-0.001
mixed,128,64,0.5,4.0,1024,512,4096,16384,10240,2741.142,3680.204,2750.917,0.0104
mixed,128,64,0.5,4.0,1024,512,8192,32768,20480,4305.285,6176.226,4293.177,-0.0065
mixed,128,64,0.5,4.0,1024,2048,128,512,320,1912.261,1938.529,1908.322,-0.15
mixed,128,64,0.5,4.0,1024,2048,256,1024,640,1965.524,2023.285,1956.496,-0.1563
mixed,128,64,0.5,4.0,1024,2048,512,2048,1280,2061.671,2179.302,2063.0,0.0113
mixed,128,64,0.5,4.0,1024,2048,1024,4096,2560,2248.296,2491.671,2258.455,0.0417
mixed,128,64,0.5,4.0,1024,2048,2048,8192,5120,2642.579,3113.226,2641.862,-0.0015
mixed,128,64,0.5,4.0,1024,2048,4096,16384,10240,3426.581,4363.754,3420.651,-0.0063
mixed,128,64,0.5,4.0,1024,2048,8192,32768,20480,4988.73,6870.434,4986.541,-0.0012
mixed,128,64,0.5,4.0,1024,8192,128,512,320,4722.941,4756.719,4722.364,-0.0171
mixed,128,64,0.5,4.0,1024,8192,256,1024,640,4775.48,4834.794,4775.002,-0.0081
mixed,128,64,0.5,4.0,1024,8192,512,2048,1280,4883.502,4987.023,4871.326,-0.1176
mixed,128,64,0.5,4.0,1024,8192,1024,4096,2560,5073.676,5300.497,5069.294,-0.0193
mixed,128,64,0.5,4.0,1024,8192,2048,8192,5120,5463.515,5930.176,5455.374,-0.0174
mixed,128,64,0.5,4.0,1024,8192,4096,16384,10240,6235.216,7185.614,6234.048,-0.0012
mixed,128,64,0.5,4.0,1024,8192,8192,32768,20480,7820.868,9674.521,7787.123,-0.0182
mixed,128,64,0.5,4.0,1024,16384,128,512,320,8498.966,8517.066,8481.731,-0.9522
mixed,128,64,0.5,4.0,1024,16384,256,1024,640,8542.902,8602.645,8540.885,-0.0338
mixed,128,64,0.5,4.0,1024,16384,512,2048,1280,8644.345,8749.156,8645.738,0.0133
mixed,128,64,0.5,4.0,1024,16384,1024,4096,2560,8827.126,9075.513,8824.55,-0.0104
mixed,128,64,0.5,4.0,1024,16384,2048,8192,5120,9228.52,9701.85,9235.191,0.0141
mixed,128,64,0.5,4.0,1024,16384,4096,16384,10240,10013.29,10929.358,9991.737,-0.0235
mixed,128,64,0.5,4.0,1024,16384,8192,32768,20480,11579.486,13449.492,11557.115,-0.012
mixed,128,64,0.5,4.0,4096,0,128,512,320,3858.494,3879.769,3846.346,-0.571
mixed,128,64,0.5,4.0,4096,0,256,1024,640,3903.016,3959.258,3897.166,-0.104
mixed,128,64,0.5,4.0,4096,0,512,2048,1280,3992.378,4108.874,3991.532,-0.0073
mixed,128,64,0.5,4.0,4096,0,1024,4096,2560,4187.485,4437.148,4191.148,0.0147
mixed,128,64,0.5,4.0,4096,0,2048,8192,5120,4595.357,5048.86,4578.267,-0.0377
mixed,128,64,0.5,4.0,4096,0,4096,16384,10240,5362.191,6316.785,5367.581,0.0056
mixed,128,64,0.5,4.0,4096,0,8192,32768,20480,6921.761,8809.033,6923.972,0.0012
mixed,128,64,0.5,4.0,4096,512,128,512,320,4977.979,5000.734,4961.852,-0.7087
mixed,128,64,0.5,4.0,4096,512,256,1024,640,5024.877,5093.917,5018.496,-0.0924
mixed,128,64,0.5,4.0,4096,512,512,2048,1280,5118.858,5235.776,5121.322,0.0211
mixed,128,64,0.5,4.0,4096,512,1024,4096,2560,5314.958,5543.167,5315.677,0.0031
mixed,128,64,0.5,4.0,4096,512,2048,8192,5120,5704.242,6189.489,5691.553,-0.0261
mixed,128,64,0.5,4.0,4096,512,4096,16384,10240,6488.067,7422.066,6489.282,0.0013
mixed,128,64,0.5,4.0,4096,512,8192,32768,20480,8068.599,9933.038,8040.501,-0.0151
mixed,128,64,0.5,4.0,4096,2048,128,512,320,6930.097,6953.716,6918.976,-0.4708
mixed,128,64,0.5,4.0,4096,2048,256,1024,640,6977.475,7034.017,6974.675,-0.0495
mixed,128,64,0.5,4.0,4096,2048,512,2048,1280,7077.986,7179.394,7072.882,-0.0503
mixed,128,64,0.5,4.0,4096,2048,1024,4096,2560,7262.278,7526.131,7266.31,0.0153
mixed,128,64,0.5,4.0,4096,2048,2048,8192,5120,7657.861,8153.763,7657.38,-0.001
mixed,128,64,0.5,4.0,4096,2048,4096,16384,10240,8448.583,9376.52,8457.959,0.0101
mixed,128,64,0.5,4.0,4096,2048,8192,32768,20480,10010.583,11887.247,9990.846,-0.0105
mixed,128,64,0.5,4.0,4096,8192,128,512,320,14938.717,15097.77,14879.345,-0.3733
mixed,128,64,0.5,4.0,4096,8192,256,1024,640,15062.672,14928.845,15047.803,
mixed,128,64,0.5,4.0,4096,8192,512,2048,1280,15244.033,15105.768,15143.388,
mixed,128,64,0.5,4.0,4096,8192,1024,4096,2560,15169.811,15376.462,15157.147,-0.0613
mixed,128,64,0.5,4.0,4096,8192,2048,8192,5120,15553.34,16006.861,15538.953,-0.0317
mixed,128,64,0.5,4.0,4096,8192,4096,16384,10240,16337.087,17240.032,16317.949,-0.0212
mixed,128,64,0.5,4.0,4096,8192,8192,32768,20480,17870.303,19773.174,17952.081,0.043
mixed,128,64,0.5,4.0,4096,16384,128,512,320,26279.119,26221.126,26759.326,
mixed,128,64,0.5,4.0,4096,16384,256,1024,640,26409.69,26468.938,26281.273,-2.1674
mixed,128,64,0.5,4.0,4096,16384,512,2048,1280,26986.975,26472.332,25854.3,
mixed,128,64,0.5,4.0,4096,16384,1024,4096,2560,26839.836,26781.45,26480.335,
mixed,128,64,0.5,4.0,4096,16384,2048,8192,5120,27148.8,26686.014,26468.874,
mixed,128,64,0.5,4.0,4096,16384,4096,16384,10240,27215.647,28182.272,27624.977,0.4235
mixed,128,64,0.5,4.0,4096,16384,8192,32768,20480,28551.787,30450.906,28600.595,0.0257
pure,128,96,0.75,4.0,0,0,128,512,416,268.4,288.336,282.61,0.7128
pure,128,96,0.75,4.0,0,0,256,1024,832,339.009,370.608,367.282,0.8947
pure,128,96,0.75,4.0,0,0,512,2048,1664,471.155,532.496,527.25,0.9145
pure,128,96,0.75,4.0,0,0,1024,4096,3328,727.843,845.524,841.026,0.9618
pure,128,96,0.75,4.0,0,0,2048,8192,6656,1240.147,1472.627,1461.364,0.9516
pure,128,96,0.75,4.0,0,0,4096,16384,13312,2255.557,2734.488,2710.744,0.9504
pure,128,96,0.75,4.0,0,0,8192,32768,26624,4288.028,5227.151,5183.327,0.9533
mixed,128,96,0.75,4.0,16,0,128,512,416,307.202,325.777,305.488,-0.0922
mixed,128,96,0.75,4.0,16,0,256,1024,832,362.897,394.577,391.841,0.9137
mixed,128,96,0.75,4.0,16,0,512,2048,1664,495.361,554.978,550.64,0.9272
mixed,128,96,0.75,4.0,16,0,1024,4096,3328,752.562,868.739,863.553,0.9554
mixed,128,96,0.75,4.0,16,0,2048,8192,6656,1262.42,1496.997,1485.507,0.951
mixed,128,96,0.75,4.0,16,0,4096,16384,13312,2279.001,2748.216,2723.526,0.9474
mixed,128,96,0.75,4.0,16,0,8192,32768,26624,4291.18,5236.078,5190.703,0.952
mixed,128,96,0.75,4.0,16,512,128,512,416,333.746,363.776,306.353,-0.9122
mixed,128,96,0.75,4.0,16,512,256,1024,832,416.225,448.817,385.185,-0.9524
mixed,128,96,0.75,4.0,16,512,512,2048,1664,550.226,612.242,547.409,-0.0454
mixed,128,96,0.75,4.0,16,512,1024,4096,3328,807.906,928.065,863.184,0.46
mixed,128,96,0.75,4.0,16,512,2048,8192,6656,1320.019,1553.012,1481.38,0.6926
mixed,128,96,0.75,4.0,16,512,4096,16384,13312,2329.446,2796.949,2719.575,0.8345
mixed,128,96,0.75,4.0,16,512,8192,32768,26624,4358.828,5288.396,5193.821,0.8983
mixed,128,96,0.75,4.0,16,2048,128,512,416,353.36,382.241,361.135,0.2692
mixed,128,96,0.75,4.0,16,2048,256,1024,832,443.474,484.754,420.944,-0.5458
mixed,128,96,0.75,4.0,16,2048,512,2048,1664,634.209,724.498,547.265,-0.9629
mixed,128,96,0.75,4.0,16,2048,1024,4096,3328,921.924,1042.786,859.105,-0.5198
mixed,128,96,0.75,4.0,16,2048,2048,8192,6656,1432.067,1663.78,1480.885,0.2107
mixed,128,96,0.75,4.0,16,2048,4096,16384,13312,2440.553,2915.352,2722.28,0.5934
mixed,128,96,0.75,4.0,16,2048,8192,32768,26624,4469.739,5409.997,5205.855,0.7829
mixed,128,96,0.75,4.0,16,8192,128,512,416,487.555,498.337,492.131,0.4244
mixed,128,96,0.75,4.0,16,8192,256,1024,832,540.385,600.642,539.458,-0.0154
mixed,128,96,0.75,4.0,16,8192,512,2048,1664,692.85,737.793,721.761,0.6433
mixed,128,96,0.75,4.0,16,8192,1024,4096,3328,1012.273,1183.649,939.938,-0.4221
mixed,128,96,0.75,4.0,16,8192,2048,8192,6656,1766.677,2114.501,1486.197,-0.8064
mixed,128,96,0.75,4.0,16,8192,4096,16384,13312,2914.039,3370.391,2719.72,-0.4258
mixed,128,96,0.75,4.0,16,8192,8192,32768,26624,4941.085,5874.463,5199.421,0.2768
mixed,128,96,0.75,4.0,16,16384,128,512,416,652.481,673.744,661.649,0.4312
mixed,128,96,0.75,4.0,16,16384,256,1024,832,729.107,747.569,732.738,0.1966
mixed,128,96,0.75,4.0,16,16384,512,2048,1664,933.121,911.38,830.962,
mixed,128,96,0.75,4.0,16,16384,1024,4096,3328,1131.107,1198.962,1186.803,0.8208
mixed,128,96,0.75,4.0,16,16384,2048,8192,6656,1760.932,2105.796,1634.436,-0.3668
mixed,128,96,0.75,4.0,16,16384,4096,16384,13312,3270.249,3960.698,2720.841,-0.7957
mixed,128,96,0.75,4.0,16,16384,8192,32768,26624,5559.519,6480.72,5197.487,-0.393
mixed,128,96,0.75,4.0,64,0,128,512,416,258.606,275.137,267.04,0.5102
mixed,128,96,0.75,4.0,64,0,256,1024,832,328.847,358.16,332.544,0.1261
mixed,128,96,0.75,4.0,64,0,512,2048,1664,460.402,516.705,495.874,0.63
mixed,128,96,0.75,4.0,64,0,1024,4096,3328,709.746,828.227,807.043,0.8212
mixed,128,96,0.75,4.0,64,0,2048,8192,6656,1209.012,1441.396,1422.932,0.9205
mixed,128,96,0.75,4.0,64,0,4096,16384,13312,2221.639,2693.512,2657.895,0.9245
mixed,128,96,0.75,4.0,64,0,8192,32768,26624,4260.122,5197.998,5127.307,0.9246
mixed,128,96,0.75,4.0,64,512,128,512,416,301.137,319.218,316.274,0.8372
mixed,128,96,0.75,4.0,64,512,256,1024,832,369.937,402.643,400.08,0.9216
mixed,128,96,0.75,4.0,64,512,512,2048,1664,504.21,564.498,560.369,0.9315
mixed,128,96,0.75,4.0,64,512,1024,4096,3328,763.475,883.137,874.339,0.9265
mixed,128,96,0.75,4.0,64,512,2048,8192,6656,1277.635,1511.621,1492.982,0.9203
mixed,128,96,0.75,4.0,64,512,4096,16384,13312,2294.95,2776.598,2735.239,0.9141
mixed,128,96,0.75,4.0,64,512,8192,32768,26624,4335.291,5284.943,5220.125,0.9317
mixed,128,96,0.75,4.0,64,2048,128,512,416,419.169,435.969,435.795,0.9896
mixed,128,96,0.75,4.0,64,2048,256,1024,832,488.752,518.499,516.432,0.9305
mixed,128,96,0.75,4.0,64,2048,512,2048,1664,617.619,679.938,675.298,0.9256
mixed,128,96,0.75,4.0,64,2048,1024,4096,3328,873.09,991.713,984.69,0.9408
mixed,128,96,0.75,4.0,64,2048,2048,8192,6656,1382.469,1620.837,1600.741,0.9157
mixed,128,96,0.75,4.0,64,2048,4096,16384,13312,2413.144,2888.407,2840.407,0.899
mixed,128,96,0.75,4.0,64,2048,8192,32768,26624,4448.237,5387.245,5338.94,0.9486
mixed,128,96,0.75,4.0,64,8192,128,512,416,883.123,897.713,890.833,0.5284
mixed,128,96,0.75,4.0,64,8192,256,1024,832,946.146,976.611,974.403,0.9275
mixed,128,96,0.75,4.0,64,8192,512,2048,1664,1074.244,1130.707,1130.258,0.992
mixed,128,96,0.75,4.0,64,8192,1024,4096,3328,1327.588,1447.923,1437.893,0.9166
mixed,128,96,0.75,4.0,64,8192,2048,8192,6656,1838.278,2068.822,2056.582,0.9469
mixed,128,96,0.75,4.0,64,8192,4096,16384,13312,2855.557,3333.642,3309.242,0.949
mixed,128,96,0.75,4.0,64,8192,8192,32768,26624,4917.084,5840.351,5784.991,0.94
mixed,128,96,0.75,4.0,64,16384,128,512,416,1477.253,1496.145,1464.34,-0.6835
mixed,128,96,0.75,4.0,64,16384,256,1024,832,1548.485,1577.286,1571.733,0.8072
mixed,128,96,0.75,4.0,64,16384,512,2048,1664,1676.58,1735.555,1732.722,0.952
mixed,128,96,0.75,4.0,64,16384,1024,4096,3328,1933.797,2048.596,2044.325,0.9628
mixed,128,96,0.75,4.0,64,16384,2048,8192,6656,2441.207,2677.671,2665.59,0.9489
mixed,128,96,0.75,4.0,64,16384,4096,16384,13312,3468.152,3935.657,3907.209,0.9392
mixed,128,96,0.75,4.0,64,16384,8192,32768,26624,5497.806,6454.465,6388.448,0.931
mixed,128,96,0.75,4.0,256,0,128,512,416,425.873,444.305,430.803,0.2675
mixed,128,96,0.75,4.0,256,0,256,1024,832,493.122,524.529,491.856,-0.0403
mixed,128,96,0.75,4.0,256,0,512,2048,1664,623.714,680.45,625.714,0.0353
mixed,128,96,0.75,4.0,256,0,1024,4096,3328,871.618,983.73,869.33,-0.0204
mixed,128,96,0.75,4.0,256,0,2048,8192,6656,1356.465,1576.259,1486.211,0.5903
mixed,128,96,0.75,4.0,256,0,4096,16384,13312,2337.014,2785.112,2720.439,0.8557
mixed,128,96,0.75,4.0,256,0,8192,32768,26624,4326.713,5261.168,5190.271,0.9241
mixed,128,96,0.75,4.0,256,512,128,512,416,589.201,606.912,603.54,0.8096
mixed,128,96,0.75,4.0,256,512,256,1024,832,659.342,686.642,684.132,0.9081
mixed,128,96,0.75,4.0,256,512,512,2048,1664,785.377,844.481,840.608,0.9345
mixed,128,96,0.75,4.0,256,512,1024,4096,3328,1041.347,1160.308,1151.476,0.9258
mixed,128,96,0.75,4.0,256,512,2048,8192,6656,1549.86,1786.085,1767.445,0.9211
mixed,128,96,0.75,4.0,256,512,4096,16384,13312,2585.782,3041.063,3009.497,0.9307
mixed,128,96,0.75,4.0,256,512,8192,32768,26624,4620.252,5562.926,5490.381,0.923
mixed,128,96,0.75,4.0,256,2048,128,512,416,1041.747,1061.794,1049.57,0.3902
mixed,128,96,0.75,4.0,256,2048,256,1024,832,1106.786,1137.763,1133.378,0.8584
mixed,128,96,0.75,4.0,256,2048,512,2048,1664,1234.946,1293.268,1291.156,0.9638
mixed,128,96,0.75,4.0,256,2048,1024,4096,3328,1489.251,1605.107,1601.093,0.9654
mixed,128,96,0.75,4.0,256,2048,2048,8192,6656,2002.071,2234.374,2216.887,0.9247
mixed,128,96,0.75,4.0,256,2048,4096,16384,13312,3027.896,3499.511,3453.88,0.9032
mixed,128,96,0.75,4.0,256,2048,8192,32768,26624,5057.211,6002.733,5928.158,0.9211
mixed,128,96,0.75,4.0,256,8192,128,512,416,2792.632,2803.928,2794.088,0.1289
mixed,128,96,0.75,4.0,256,8192,256,1024,832,2876.135,2934.31,2845.48,-0.5269
mixed,128,96,0.75,4.0,256,8192,512,2048,1664,3039.493,3102.328,3011.878,-0.4395
mixed,128,96,0.75,4.0,256,8192,1024,4096,3328,3291.77,3407.528,3394.264,0.8854
mixed,128,96,0.75,4.0,256,8192,2048,8192,6656,3802.779,4031.016,4009.514,0.9058
mixed,128,96,0.75,4.0,256,8192,4096,16384,13312,4821.388,5300.14,5257.294,0.9105
mixed,128,96,0.75,4.0,256,8192,8192,32768,26624,6868.002,7800.548,7742.789,0.9381
mixed,128,96,0.75,4.0,256,16384,128,512,416,5157.806,5156.623,5156.332,
mixed,128,96,0.75,4.0,256,16384,256,1024,832,5234.383,5255.468,5194.989,-1.8684
mixed,128,96,0.75,4.0,256,16384,512,2048,1664,5304.785,5496.701,5333.037,0.1472
mixed,128,96,0.75,4.0,256,16384,1024,4096,3328,5698.175,5818.607,5590.526,-0.8939
mixed,128,96,0.75,4.0,256,16384,2048,8192,6656,6218.372,6458.002,6441.443,0.9309
mixed,128,96,0.75,4.0,256,16384,4096,16384,13312,7232.387,7698.021,7681.764,0.9651
mixed,128,96,0.75,4.0,256,16384,8192,32768,26624,9288.024,10228.41,10163.213,0.9307
mixed,128,96,0.75,4.0,1024,0,128,512,416,819.505,839.075,833.918,0.7365
mixed,128,96,0.75,4.0,1024,0,256,1024,832,892.707,923.417,917.879,0.8197
mixed,128,96,0.75,4.0,1024,0,512,2048,1664,1020.291,1082.403,1079.428,0.9521
mixed,128,96,0.75,4.0,1024,0,1024,4096,3328,1277.092,1396.482,1392.707,0.9684
mixed,128,96,0.75,4.0,1024,0,2048,8192,6656,1792.697,2027.364,2014.741,0.9462
mixed,128,96,0.75,4.0,1024,0,4096,16384,13312,2791.081,3268.81,3247.847,0.9561
mixed,128,96,0.75,4.0,1024,0,8192,32768,26624,4834.093,5763.362,5726.353,0.9602
mixed,128,96,0.75,4.0,1024,512,128,512,416,1223.41,1243.38,1239.429,0.8021
mixed,128,96,0.75,4.0,1024,512,256,1024,832,1297.317,1327.362,1326.036,0.9559
mixed,128,96,0.75,4.0,1024,512,512,2048,1664,1428.436,1487.316,1480.421,0.8829
mixed,128,96,0.75,4.0,1024,512,1024,4096,3328,1684.434,1801.288,1798.15,0.9731
mixed,128,96,0.75,4.0,1024,512,2048,8192,6656,2192.548,2435.063,2421.111,0.9425
mixed,128,96,0.75,4.0,1024,512,4096,16384,13312,3215.942,3689.224,3659.688,0.9376
mixed,128,96,0.75,4.0,1024,512,8192,32768,26624,5241.65,6171.564,6141.92,0.9681
mixed,128,96,0.75,4.0,1024,2048,128,512,416,1925.526,1938.562,1938.597,1.0027
mixed,128,96,0.75,4.0,1024,2048,256,1024,832,1990.928,2020.948,2020.34,0.9797
mixed,128,96,0.75,4.0,1024,2048,512,2048,1664,2116.181,2181.737,2173.128,0.8687
mixed,128,96,0.75,4.0,1024,2048,1024,4096,3328,2375.046,2489.685,2490.55,1.0075
mixed,128,96,0.75,4.0,1024,2048,2048,8192,6656,2885.385,3113.802,3111.384,0.9894
mixed,128,96,0.75,4.0,1024,2048,4096,16384,13312,3909.1,4379.595,4349.5,0.936
mixed,128,96,0.75,4.0,1024,2048,8192,32768,26624,5935.088,6873.954,6830.82,0.9541
mixed,128,96,0.75,4.0,1024,8192,128,512,416,4729.754,4750.508,4747.98,0.8782
mixed,128,96,0.75,4.0,1024,8192,256,1024,832,4812.141,4837.776,4821.936,0.3821
mixed,128,96,0.75,4.0,1024,8192,512,2048,1664,4932.035,4993.836,4980.124,0.7781
mixed,128,96,0.75,4.0,1024,8192,1024,4096,3328,5191.151,5306.354,5294.524,0.8973
mixed,128,96,0.75,4.0,1024,8192,2048,8192,6656,5682.446,5939.631,5917.599,0.9143
mixed,128,96,0.75,4.0,1024,8192,4096,16384,13312,6717.906,7177.362,7170.437,0.9849
mixed,128,96,0.75,4.0,1024,8192,8192,32768,26624,8733.882,9690.776,9661.978,0.9699
mixed,128,96,0.75,4.0,1024,16384,128,512,416,8512.482,8526.743,8521.895,0.66
mixed,128,96,0.75,4.0,1024,16384,256,1024,832,8574.455,8596.362,8618.168,1.9955
mixed,128,96,0.75,4.0,1024,16384,512,2048,1664,8688.65,8756.583,8755.092,0.9781
mixed,128,96,0.75,4.0,1024,16384,1024,4096,3328,8943.867,9068.829,9067.239,0.9873
mixed,128,96,0.75,4.0,1024,16384,2048,8192,6656,9455.976,9686.408,9685.99,0.9982
mixed,128,96,0.75,4.0,1024,16384,4096,16384,13312,10480.86,10939.069,10923.312,0.9656
mixed,128,96,0.75,4.0,1024,16384,8192,32768,26624,12520.099,13442.532,13437.06,0.9941
mixed,128,96,0.75,4.0,4096,0,128,512,416,3857.676,3876.138,3875.34,0.9568
mixed,128,96,0.75,4.0,4096,0,256,1024,832,3923.805,3957.531,3952.2,0.8419
mixed,128,96,0.75,4.0,4096,0,512,2048,1664,4053.916,4117.899,4110.331,0.8817
mixed,128,96,0.75,4.0,4096,0,1024,4096,3328,4308.683,4427.788,4418.398,0.9212
mixed,128,96,0.75,4.0,4096,0,2048,8192,6656,4817.054,5042.48,5037.564,0.9782
mixed,128,96,0.75,4.0,4096,0,4096,16384,13312,5829.296,6297.104,6283.04,0.9699
mixed,128,96,0.75,4.0,4096,0,8192,32768,26624,7872.711,8804.106,8772.599,0.9662
mixed,128,96,0.75,4.0,4096,512,128,512,416,4984.364,5016.783,4999.452,0.4654
mixed,128,96,0.75,4.0,4096,512,256,1024,832,5050.971,5088.093,5077.628,0.7181
mixed,128,96,0.75,4.0,4096,512,512,2048,1664,5184.72,5240.22,5232.402,0.8591
mixed,128,96,0.75,4.0,4096,512,1024,4096,3328,5430.381,5556.03,5534.974,0.8324
mixed,128,96,0.75,4.0,4096,512,2048,8192,6656,5948.962,6181.824,6173.458,0.9641
mixed,128,96,0.75,4.0,4096,512,4096,16384,13312,6959.412,7424.678,7430.34,1.0122
mixed,128,96,0.75,4.0,4096,512,8192,32768,26624,9003.064,9939.836,9892.764,0.9498
mixed,128,96,0.75,4.0,4096,2048,128,512,416,6939.474,6955.238,6958.996,1.2384
mixed,128,96,0.75,4.0,4096,2048,256,1024,832,7019.381,7036.561,7039.156,1.1511
mixed,128,96,0.75,4.0,4096,2048,512,2048,1664,7133.047,7190.037,7191.493,1.0255
mixed,128,96,0.75,4.0,4096,2048,1024,4096,3328,7410.327,7509.636,7497.139,0.8742
mixed,128,96,0.75,4.0,4096,2048,2048,8192,6656,7889.446,8128.946,8124.553,0.9817
mixed,128,96,0.75,4.0,4096,2048,4096,16384,13312,8926.6,9381.579,9366.377,0.9666
mixed,128,96,0.75,4.0,4096,2048,8192,32768,26624,10949.841,11902.668,11862.21,0.9575
mixed,128,96,0.75,4.0,4096,8192,128,512,416,14845.05,14859.325,15060.794,15.1139
mixed,128,96,0.75,4.0,4096,8192,256,1024,832,14961.658,15110.51,14957.2,-0.0299
mixed,128,96,0.75,4.0,4096,8192,512,2048,1664,15145.19,15113.26,15134.697,
mixed,128,96,0.75,4.0,4096,8192,1024,4096,3328,15296.938,15394.559,15403.229,1.0888
mixed,128,96,0.75,4.0,4096,8192,2048,8192,6656,15786.752,16021.562,16000.292,0.9094
mixed,128,96,0.75,4.0,4096,8192,4096,16384,13312,16804.368,17272.196,17267.974,0.991
mixed,128,96,0.75,4.0,4096,8192,8192,32768,26624,18899.525,19947.467,19742.733,0.8046
mixed,128,96,0.75,4.0,4096,16384,128,512,416,27032.084,26225.912,26533.713,
mixed,128,96,0.75,4.0,4096,16384,256,1024,832,26280.624,26398.603,27162.687,7.4765
mixed,128,96,0.75,4.0,4096,16384,512,2048,1664,26568.076,26461.279,26037.798,
mixed,128,96,0.75,4.0,4096,16384,1024,4096,3328,26968.9,27190.787,27513.971,2.4565
mixed,128,96,0.75,4.0,4096,16384,2048,8192,6656,26606.111,26927.981,26783.553,0.5513
mixed,128,96,0.75,4.0,4096,16384,4096,16384,13312,27488.278,28031.32,28536.183,1.9297
mixed,128,96,0.75,4.0,4096,16384,8192,32768,26624,29632.601,30486.108,30338.84,0.8275
pure,128,115,0.8984,4.0,0,0,128,512,473,280.033,287.041,285.778,0.8198
pure,128,115,0.8984,4.0,0,0,256,1024,946,354.084,370.912,369.841,0.9364
pure,128,115,0.8984,4.0,0,0,512,2048,1892,505.715,532.497,531.234,0.9528
pure,128,115,0.8984,4.0,0,0,1024,4096,3784,797.537,849.155,847.587,0.9696
pure,128,115,0.8984,4.0,0,0,2048,8192,7568,1381.862,1477.348,1468.756,0.91
pure,128,115,0.8984,4.0,0,0,4096,16384,15136,2534.374,2727.128,2722.089,0.9739
pure,128,115,0.8984,4.0,0,0,8192,32768,30272,4834.142,5217.999,5211.438,0.9829
mixed,128,115,0.8984,4.0,16,0,128,512,473,318.002,324.882,309.826,-1.1883
mixed,128,115,0.8984,4.0,16,0,256,1024,946,378.769,395.89,393.088,0.8363
mixed,128,115,0.8984,4.0,16,0,512,2048,1892,528.544,556.064,554.115,0.9292
mixed,128,115,0.8984,4.0,16,0,1024,4096,3784,822.355,872.001,866.356,0.8863
mixed,128,115,0.8984,4.0,16,0,2048,8192,7568,1397.059,1494.563,1490.724,0.9606
mixed,128,115,0.8984,4.0,16,0,4096,16384,15136,2555.048,2751.302,2742.36,0.9544
mixed,128,115,0.8984,4.0,16,0,8192,32768,30272,4846.347,5228.621,5196.093,0.9149
mixed,128,115,0.8984,4.0,16,512,128,512,473,351.617,365.68,332.274,-1.3755
mixed,128,115,0.8984,4.0,16,512,256,1024,946,432.64,450.85,391.2,-2.2757
mixed,128,115,0.8984,4.0,16,512,512,2048,1892,583.57,612.178,550.721,-1.1483
mixed,128,115,0.8984,4.0,16,512,1024,4096,3784,875.041,925.763,864.82,-0.2015
mixed,128,115,0.8984,4.0,16,512,2048,8192,7568,1451.779,1547.875,1487.155,0.3681
mixed,128,115,0.8984,4.0,16,512,4096,16384,15136,2609.463,2798.375,2731.397,0.6455
mixed,128,115,0.8984,4.0,16,512,8192,32768,30272,4909.739,5283.677,5222.077,0.8353
mixed,128,115,0.8984,4.0,16,2048,128,512,473,365.618,381.873,377.297,0.7185
mixed,128,115,0.8984,4.0,16,2048,256,1024,946,459.697,485.888,464.544,0.1851
mixed,128,115,0.8984,4.0,16,2048,512,2048,1892,680.737,725.297,604.832,-1.7035
mixed,128,115,0.8984,4.0,16,2048,1024,4096,3784,995.443,1043.362,868.514,-2.6488
mixed,128,115,0.8984,4.0,16,2048,2048,8192,7568,1572.086,1666.884,1493.973,-0.824
mixed,128,115,0.8984,4.0,16,2048,4096,16384,15136,2717.672,2914.086,2734.343,0.0849
mixed,128,115,0.8984,4.0,16,2048,8192,32768,30272,5024.317,5408.845,5225.086,0.5221
mixed,128,115,0.8984,4.0,16,8192,128,512,473,491.426,498.385,494.223,0.4019
mixed,128,115,0.8984,4.0,16,8192,256,1024,946,566.147,601.425,598.321,0.912
mixed,128,115,0.8984,4.0,16,8192,512,2048,1892,711.024,735.729,735.012,0.971
mixed,128,115,0.8984,4.0,16,8192,1024,4096,3784,1112.85,1181.363,1175.523,0.9148
mixed,128,115,0.8984,4.0,16,8192,2048,8192,7568,1972.18,2112.822,1654.741,-2.2571
mixed,128,115,0.8984,4.0,16,8192,4096,16384,15136,3188.824,3373.56,2736.135,-2.4505
mixed,128,115,0.8984,4.0,16,8192,8192,32768,30272,5483.216,5851.516,5223.771,-0.7044
mixed,128,115,0.8984,4.0,16,16384,128,512,473,650.0,671.666,652.911,0.1344
mixed,128,115,0.8984,4.0,16,16384,256,1024,946,736.273,746.688,741.986,0.5485
mixed,128,115,0.8984,4.0,16,16384,512,2048,1892,857.12,908.659,905.905,0.9466
mixed,128,115,0.8984,4.0,16,16384,1024,4096,3784,1167.074,1200.45,1197.604,0.9147
mixed,128,115,0.8984,4.0,16,16384,2048,8192,7568,1965.061,2106.515,2103.589,0.9793
mixed,128,115,0.8984,4.0,16,16384,4096,16384,15136,3669.513,3963.77,3044.231,-2.125
mixed,128,115,0.8984,4.0,16,16384,8192,32768,30272,6092.686,6469.071,5216.028,-2.3292
mixed,128,115,0.8984,4.0,64,0,128,512,473,267.33,274.48,272.688,0.7494
mixed,128,115,0.8984,4.0,64,0,256,1024,946,343.359,357.938,350.433,0.4852
mixed,128,115,0.8984,4.0,64,0,512,2048,1892,492.194,517.728,497.857,0.2218
mixed,128,115,0.8984,4.0,64,0,1024,4096,3784,780.307,828.931,811.284,0.6371
mixed,128,115,0.8984,4.0,64,0,2048,8192,7568,1349.427,1446.949,1433.155,0.8586
mixed,128,115,0.8984,4.0,64,0,4096,16384,15136,2501.256,2690.423,2673.784,0.912
mixed,128,115,0.8984,4.0,64,0,8192,32768,30272,4804.717,5195.821,5175.451,0.9479
mixed,128,115,0.8984,4.0,64,512,128,512,473,310.993,318.591,319.358,1.1009
mixed,128,115,0.8984,4.0,64,512,256,1024,946,387.474,403.681,402.224,0.9101
mixed,128,115,0.8984,4.0,64,512,512,2048,1892,536.884,565.109,561.697,0.8791
mixed,128,115,0.8984,4.0,64,512,1024,4096,3784,830.897,879.905,877.553,0.952
mixed,128,115,0.8984,4.0,64,512,2048,8192,7568,1412.899,1515.125,1505.606,0.9069
mixed,128,115,0.8984,4.0,64,512,4096,16384,15136,2581.718,2775.814,2754.084,0.888
mixed,128,115,0.8984,4.0,64,512,8192,32768,30272,4892.924,5273.981,5242.079,0.9163
mixed,128,115,0.8984,4.0,64,2048,128,512,473,428.8,435.361,436.067,1.1078
mixed,128,115,0.8984,4.0,64,2048,256,1024,946,503.281,518.593,516.481,0.862
mixed,128,115,0.8984,4.0,64,2048,512,2048,1892,650.896,678.482,675.889,0.906
mixed,128,115,0.8984,4.0,64,2048,1024,4096,3784,944.402,991.89,988.643,0.9316
mixed,128,115,0.8984,4.0,64,2048,2048,8192,7568,1524.644,1620.996,1610.468,0.8907
mixed,128,115,0.8984,4.0,64,2048,4096,16384,15136,2675.975,2880.951,2866.663,0.9303
mixed,128,115,0.8984,4.0,64,2048,8192,32768,30272,5009.644,5395.34,5365.538,0.9227
mixed,128,115,0.8984,4.0,64,8192,128,512,473,889.298,898.082,896.658,0.8379
mixed,128,115,0.8984,4.0,64,8192,256,1024,946,960.405,975.426,973.826,0.8935
mixed,128,115,0.8984,4.0,64,8192,512,2048,1892,1104.93,1133.06,1130.226,0.8992
mixed,128,115,0.8984,4.0,64,8192,1024,4096,3784,1395.156,1444.787,1440.02,0.904
mixed,128,115,0.8984,4.0,64,8192,2048,8192,7568,1976.2,2071.43,2063.22,0.9138
mixed,128,115,0.8984,4.0,64,8192,4096,16384,15136,3139.319,3334.379,3320.231,0.9275
mixed,128,115,0.8984,4.0,64,8192,8192,32768,30272,5467.42,5854.96,5828.32,0.9313
mixed,128,115,0.8984,4.0,64,16384,128,512,473,1492.468,1496.869,1493.09,0.1414
mixed,128,115,0.8984,4.0,64,16384,256,1024,946,1560.628,1574.834,1576.388,1.1094
mixed,128,115,0.8984,4.0,64,16384,512,2048,1892,1706.838,1739.671,1732.357,0.7772
mixed,128,115,0.8984,4.0,64,16384,1024,4096,3784,1997.445,2055.318,2049.111,0.8927
mixed,128,115,0.8984,4.0,64,16384,2048,8192,7568,2585.637,2672.311,2668.999,0.9618
mixed,128,115,0.8984,4.0,64,16384,4096,16384,15136,3736.216,3935.851,3913.195,0.8865
mixed,128,115,0.8984,4.0,64,16384,8192,32768,30272,6058.751,6450.132,6424.719,0.9351
mixed,128,115,0.8984,4.0,256,0,128,512,473,438.545,445.316,439.649,0.1631
mixed,128,115,0.8984,4.0,256,0,256,1024,946,509.763,525.553,513.359,0.2277
mixed,128,115,0.8984,4.0,256,0,512,2048,1892,653.844,684.259,649.84,-0.1316
mixed,128,115,0.8984,4.0,256,0,1024,4096,3784,939.874,986.374,933.345,-0.1404
mixed,128,115,0.8984,4.0,256,0,2048,8192,7568,1485.252,1578.069,1499.685,0.1555
mixed,128,115,0.8984,4.0,256,0,4096,16384,15136,2600.868,2789.848,2744.792,0.7616
mixed,128,115,0.8984,4.0,256,0,8192,32768,30272,4867.837,5259.773,5223.837,0.9083
mixed,128,115,0.8984,4.0,256,512,128,512,473,599.346,608.737,606.865,0.8007
mixed,128,115,0.8984,4.0,256,512,256,1024,946,672.963,686.69,684.565,0.8452
mixed,128,115,0.8984,4.0,256,512,512,2048,1892,820.514,846.003,842.146,0.8487
mixed,128,115,0.8984,4.0,256,512,1024,4096,3784,1111.81,1164.003,1162.419,0.9697
mixed,128,115,0.8984,4.0,256,512,2048,8192,7568,1692.406,1791.652,1782.995,0.9128
mixed,128,115,0.8984,4.0,256,512,4096,16384,15136,2861.43,3052.12,3033.16,0.9006
mixed,128,115,0.8984,4.0,256,512,8192,32768,30272,5175.823,5552.256,5517.006,0.9064
mixed,128,115,0.8984,4.0,256,2048,128,512,473,1051.36,1062.98,1061.763,0.8953
mixed,128,115,0.8984,4.0,256,2048,256,1024,946,1123.091,1139.332,1137.474,0.8857
mixed,128,115,0.8984,4.0,256,2048,512,2048,1892,1266.227,1295.907,1294.243,0.9439
mixed,128,115,0.8984,4.0,256,2048,1024,4096,3784,1563.557,1616.022,1604.387,0.7782
mixed,128,115,0.8984,4.0,256,2048,2048,8192,7568,2150.376,2241.927,2228.709,0.8556
mixed,128,115,0.8984,4.0,256,2048,4096,16384,15136,3298.183,3492.042,3474.345,0.9087
mixed,128,115,0.8984,4.0,256,2048,8192,32768,30272,5613.548,6001.758,5968.32,0.9139
mixed,128,115,0.8984,4.0,256,8192,128,512,473,2803.959,2808.073,2802.102,-0.4513
mixed,128,115,0.8984,4.0,256,8192,256,1024,946,2916.663,2934.582,2903.064,-0.7589
mixed,128,115,0.8984,4.0,256,8192,512,2048,1892,3069.67,3097.098,3089.865,0.7363
mixed,128,115,0.8984,4.0,256,8192,1024,4096,3784,3355.658,3405.752,3404.121,0.9675
mixed,128,115,0.8984,4.0,256,8192,2048,8192,7568,3933.178,4029.739,4023.752,0.938
mixed,128,115,0.8984,4.0,256,8192,4096,16384,15136,5098.796,5298.176,5280.206,0.9099
mixed,128,115,0.8984,4.0,256,8192,8192,32768,30272,7429.157,7823.411,7777.845,0.8844
mixed,128,115,0.8984,4.0,256,16384,128,512,473,5167.327,5169.085,5163.102,-2.402
mixed,128,115,0.8984,4.0,256,16384,256,1024,946,5244.895,5261.549,5255.579,0.6416
mixed,128,115,0.8984,4.0,256,16384,512,2048,1892,5387.597,5497.339,5333.503,-0.4929
mixed,128,115,0.8984,4.0,256,16384,1024,4096,3784,5768.224,5820.976,5821.458,1.0091
mixed,128,115,0.8984,4.0,256,16384,2048,8192,7568,6354.738,6444.416,6436.815,0.9152
mixed,128,115,0.8984,4.0,256,16384,4096,16384,15136,7513.906,7707.127,7690.211,0.9125
mixed,128,115,0.8984,4.0,256,16384,8192,32768,30272,9836.477,10219.383,10198.968,0.9467
mixed,128,115,0.8984,4.0,1024,0,128,512,473,831.824,840.881,837.922,0.6732
mixed,128,115,0.8984,4.0,1024,0,256,1024,946,902.675,922.513,922.192,0.9838
mixed,128,115,0.8984,4.0,1024,0,512,2048,1892,1052.178,1081.751,1079.444,0.922
mixed,128,115,0.8984,4.0,1024,0,1024,4096,3784,1350.914,1397.798,1397.668,0.9972
mixed,128,115,0.8984,4.0,1024,0,2048,8192,7568,1929.925,2029.749,2018.916,0.8915
mixed,128,115,0.8984,4.0,1024,0,4096,16384,15136,3081.302,3275.896,3266.6,0.9522
mixed,128,115,0.8984,4.0,1024,0,8192,32768,30272,5388.14,5759.68,5748.066,0.9687
mixed,128,115,0.8984,4.0,1024,512,128,512,473,1236.532,1242.229,1240.695,0.7308
mixed,128,115,0.8984,4.0,1024,512,256,1024,946,1310.658,1329.363,1325.99,0.8197
mixed,128,115,0.8984,4.0,1024,512,512,2048,1892,1462.289,1490.817,1486.438,0.8465
mixed,128,115,0.8984,4.0,1024,512,1024,4096,3784,1756.787,1806.133,1801.351,0.9031
mixed,128,115,0.8984,4.0,1024,512,2048,8192,7568,2332.565,2435.461,2421.979,0.869
mixed,128,115,0.8984,4.0,1024,512,4096,16384,15136,3502.426,3686.297,3682.651,0.9802
mixed,128,115,0.8984,4.0,1024,512,8192,32768,30272,5789.485,6195.345,6173.247,0.9456
mixed,128,115,0.8984,4.0,1024,2048,128,512,473,1935.204,1940.644,1942.257,1.2965
mixed,128,115,0.8984,4.0,1024,2048,256,1024,946,2002.453,2020.325,2018.437,0.8944
mixed,128,115,0.8984,4.0,1024,2048,512,2048,1892,2154.887,2185.226,2178.055,0.7636
mixed,128,115,0.8984,4.0,1024,2048,1024,4096,3784,2438.887,2492.341,2487.619,0.9117
mixed,128,115,0.8984,4.0,1024,2048,2048,8192,7568,3014.633,3113.498,3114.971,1.0149
mixed,128,115,0.8984,4.0,1024,2048,4096,16384,15136,4179.128,4361.517,4357.8,0.9796
mixed,128,115,0.8984,4.0,1024,2048,8192,32768,30272,6484.702,6868.834,6865.86,0.9923
mixed,128,115,0.8984,4.0,1024,8192,128,512,473,4748.205,4749.982,4747.373,-0.4682
mixed,128,115,0.8984,4.0,1024,8192,256,1024,946,4823.416,4836.639,4837.679,1.0787
mixed,128,115,0.8984,4.0,1024,8192,512,2048,1892,4967.2,4978.959,4985.373,1.5454
mixed,128,115,0.8984,4.0,1024,8192,1024,4096,3784,5261.152,5312.945,5301.154,0.7724
mixed,128,115,0.8984,4.0,1024,8192,2048,8192,7568,5828.062,5926.624,5926.481,0.9985
mixed,128,115,0.8984,4.0,1024,8192,4096,16384,15136,6985.218,7175.953,7173.7,0.9882
mixed,128,115,0.8984,4.0,1024,8192,8192,32768,30272,9299.467,9689.382,9664.619,0.9365
mixed,128,115,0.8984,4.0,1024,16384,128,512,473,8518.151,8529.511,8535.991,1.5704
mixed,128,115,0.8984,4.0,1024,16384,256,1024,946,8584.919,8603.897,8607.912,1.2115
mixed,128,115,0.8984,4.0,1024,16384,512,2048,1892,8741.48,8763.162,8761.432,0.9202
mixed,128,115,0.8984,4.0,1024,16384,1024,4096,3784,9019.642,9084.569,9068.328,0.7499
mixed,128,115,0.8984,4.0,1024,16384,2048,8192,7568,9601.454,9702.299,9700.298,0.9802
mixed,128,115,0.8984,4.0,1024,16384,4096,16384,15136,10747.022,10948.985,10950.338,1.0067
mixed,128,115,0.8984,4.0,1024,16384,8192,32768,30272,13051.377,13454.359,13432.436,0.9456
mixed,128,115,0.8984,4.0,4096,0,128,512,473,3876.716,3882.988,3874.651,-0.3293
mixed,128,115,0.8984,4.0,4096,0,256,1024,946,3936.812,3955.423,3961.114,1.3057
mixed,128,115,0.8984,4.0,4096,0,512,2048,1892,4084.555,4110.586,4112.155,1.0603
mixed,128,115,0.8984,4.0,4096,0,1024,4096,3784,4389.276,4425.24,4417.564,0.7866
mixed,128,115,0.8984,4.0,4096,0,2048,8192,7568,4952.78,5046.285,5043.936,0.9749
mixed,128,115,0.8984,4.0,4096,0,4096,16384,15136,6097.919,6291.966,6305.967,1.0722
mixed,128,115,0.8984,4.0,4096,0,8192,32768,30272,8413.157,8802.215,8788.505,0.9648
mixed,128,115,0.8984,4.0,4096,512,128,512,473,4987.26,4995.704,5005.579,2.1694
mixed,128,115,0.8984,4.0,4096,512,256,1024,946,5069.119,5082.972,5077.006,0.5693
mixed,128,115,0.8984,4.0,4096,512,512,2048,1892,5208.189,5237.086,5242.556,1.1893
mixed,128,115,0.8984,4.0,4096,512,1024,4096,3784,5510.796,5545.49,5541.677,0.8901
mixed,128,115,0.8984,4.0,4096,512,2048,8192,7568,6089.137,6188.387,6186.692,0.9829
mixed,128,115,0.8984,4.0,4096,512,4096,16384,15136,7233.748,7427.54,7428.467,1.0048
mixed,128,115,0.8984,4.0,4096,512,8192,32768,30272,9534.456,9930.222,9901.5,0.9274
mixed,128,115,0.8984,4.0,4096,2048,128,512,473,6946.628,6964.275,6951.765,0.2911
mixed,128,115,0.8984,4.0,4096,2048,256,1024,946,7039.111,7035.583,7033.217,
mixed,128,115,0.8984,4.0,4096,2048,512,2048,1892,7164.595,7191.927,7187.64,0.8432
mixed,128,115,0.8984,4.0,4096,2048,1024,4096,3784,7456.787,7498.324,7497.729,0.9857
mixed,128,115,0.8984,4.0,4096,2048,2048,8192,7568,8035.799,8122.725,8141.861,1.2201
mixed,128,115,0.8984,4.0,4096,2048,4096,16384,15136,9191.529,9401.398,9393.979,0.9646
mixed,128,115,0.8984,4.0,4096,2048,8192,32768,30272,11499.182,11888.335,11871.313,0.9563
mixed,128,115,0.8984,4.0,4096,8192,128,512,473,14961.194,14956.573,14877.149,
mixed,128,115,0.8984,4.0,4096,8192,256,1024,946,15117.948,14921.878,15427.134,
mixed,128,115,0.8984,4.0,4096,8192,512,2048,1892,15221.53,15328.226,15160.967,-0.5676
mixed,128,115,0.8984,4.0,4096,8192,1024,4096,3784,15347.087,15397.117,15397.754,1.0127
mixed,128,115,0.8984,4.0,4096,8192,2048,8192,7568,15918.123,16007.63,16004.699,0.9673
mixed,128,115,0.8984,4.0,4096,8192,4096,16384,15136,17208.21,17326.658,17269.185,0.5148
mixed,128,115,0.8984,4.0,4096,8192,8192,32768,30272,19377.622,19797.284,19762.101,0.9162
mixed,128,115,0.8984,4.0,4096,16384,128,512,473,26204.216,25867.438,26133.957,
mixed,128,115,0.8984,4.0,4096,16384,256,1024,946,27296.537,26704.569,26301.373,
mixed,128,115,0.8984,4.0,4096,16384,512,2048,1892,26262.745,26836.959,26625.719,0.6321
mixed,128,115,0.8984,4.0,4096,16384,1024,4096,3784,26796.748,26568.398,26489.564,
mixed,128,115,0.8984,4.0,4096,16384,2048,8192,7568,27156.7,27166.082,26733.696,-45.0892
mixed,128,115,0.8984,4.0,4096,16384,4096,16384,15136,27868.306,28083.089,28170.301,1.4061
mixed,128,115,0.8984,4.0,4096,16384,8192,32768,30272,30182.906,30609.286,30611.031,1.0041
pure,256,1,0.0039,4.0,0,0,128,512,129,260.352,544.353,418.402,0.5565
pure,256,1,0.0039,4.0,0,0,256,1024,259,462.865,704.976,461.744,-0.0046
pure,256,1,0.0039,4.0,0,0,512,2048,518,546.787,1018.93,546.755,-0.0001
pure,256,1,0.0039,4.0,0,0,1024,4096,1036,707.008,1647.989,704.26,-0.0029
pure,256,1,0.0039,4.0,0,0,2048,8192,2072,1026.257,2892.073,1021.43,-0.0026
pure,256,1,0.0039,4.0,0,0,4096,16384,4144,1653.477,5399.648,1647.795,-0.0015
pure,256,1,0.0039,4.0,0,0,8192,32768,8288,2920.135,10380.683,2897.785,-0.003
pure,256,2,0.0078,4.0,0,0,128,512,131,259.393,545.792,418.833,0.5567
pure,256,2,0.0078,4.0,0,0,256,1024,262,462.896,706.035,459.619,-0.0135
pure,256,2,0.0078,4.0,0,0,512,2048,524,548.481,1017.844,545.138,-0.0071
pure,256,2,0.0078,4.0,0,0,1024,4096,1048,710.625,1645.766,704.434,-0.0066
pure,256,2,0.0078,4.0,0,0,2048,8192,2096,1030.499,2899.864,1020.612,-0.0053
pure,256,2,0.0078,4.0,0,0,4096,16384,4192,1673.811,5389.454,1646.419,-0.0074
pure,256,2,0.0078,4.0,0,0,8192,32768,8384,2962.63,10381.099,2906.023,-0.0076
pure,256,3,0.0117,4.0,0,0,128,512,132,260.513,545.472,420.895,0.5628
pure,256,3,0.0117,4.0,0,0,256,1024,265,464.498,701.604,460.608,-0.0164
pure,256,3,0.0117,4.0,0,0,512,2048,530,549.251,1018.003,545.378,-0.0083
pure,256,3,0.0117,4.0,0,0,1024,4096,1060,711.505,1645.59,747.184,0.0382
pure,256,3,0.0117,4.0,0,0,2048,8192,2120,1042.497,2907.655,1138.58,0.0515
pure,256,3,0.0117,4.0,0,0,4096,16384,4240,1690.341,5384.573,1925.477,0.0636
pure,256,3,0.0117,4.0,0,0,8192,32768,8480,2983.463,10381.112,3487.945,0.0682
pure,256,4,0.0156,4.0,0,0,128,512,134,260.305,547.139,417.583,0.5483
pure,256,4,0.0156,4.0,0,0,256,1024,268,467.025,706.561,461.505,-0.023
pure,256,4,0.0156,4.0,0,0,512,2048,536,549.825,1018.099,546.4,-0.0073
pure,256,4,0.0156,4.0,0,0,1024,4096,1072,714.032,1648.851,745.442,0.0336
pure,256,4,0.0156,4.0,0,0,2048,8192,2144,1046.486,2901.192,1139.424,0.0501
pure,256,4,0.0156,4.0,0,0,4096,16384,4288,1700.534,5388.431,1925.411,0.061
pure,256,4,0.0156,4.0,0,0,8192,32768,8576,3014.647,10374.97,3491.273,0.0648
pure,256,16,0.0625,4.0,0,0,128,512,152,265.553,545.264,439.552,0.6221
pure,256,16,0.0625,4.0,0,0,256,1024,304,471.486,704.85,490.978,0.0835
pure,256,16,0.0625,4.0,0,0,512,2048,608,571.888,1018.003,600.705,0.0646
pure,256,16,0.0625,4.0,0,0,1024,4096,1216,767.583,1643.041,797.235,0.0339
pure,256,16,0.0625,4.0,0,0,2048,8192,2432,1135.939,2897.959,1181.714,0.026
pure,256,16,0.0625,4.0,0,0,4096,16384,4864,1874.388,5397.355,1962.581,0.025
pure,256,16,0.0625,4.0,0,0,8192,32768,9728,3368.585,10376.825,3521.273,0.0218
pure,256,32,0.125,4.0,0,0,128,512,176,268.591,544.098,444.947,0.6401
pure,256,32,0.125,4.0,0,0,256,1024,352,488.724,706.162,498.833,0.0465
pure,256,32,0.125,4.0,0,0,512,2048,704,605.187,1019.106,604.498,-0.0017
pure,256,32,0.125,4.0,0,0,1024,4096,1408,822.801,1646.564,840.129,0.021
pure,256,32,0.125,4.0,0,0,2048,8192,2816,1255.859,2899.03,1308.867,0.0323
pure,256,32,0.125,4.0,0,0,4096,16384,5632,2116.087,5379.613,2247.462,0.0403
pure,256,32,0.125,4.0,0,0,8192,32768,11264,3837.993,10376.314,4116.827,0.0426
pure,256,64,0.25,4.0,0,0,128,512,224,286.384,547.091,447.539,0.6181
pure,256,64,0.25,4.0,0,0,256,1024,448,525.745,703.537,522.675,-0.0173
pure,256,64,0.25,4.0,0,0,512,2048,896,666.017,1019.554,665.088,-0.0026
pure,256,64,0.25,4.0,0,0,1024,4096,1792,939.553,1649.782,939.474,-0.0001
pure,256,64,0.25,4.0,0,0,2048,8192,3584,1485.988,2894.744,1485.909,-0.0001
pure,256,64,0.25,4.0,0,0,4096,16384,7168,2582.373,5381.613,2576.455,-0.0021
pure,256,64,0.25,4.0,0,0,8192,32768,14336,4765.422,10377.963,4742.924,-0.004
pure,256,128,0.5,4.0,0,0,128,512,320,482.528,546.193,481.153,-0.0216
pure,256,128,0.5,4.0,0,0,256,1024,640,585.394,703.41,583.201,-0.0186
pure,256,128,0.5,4.0,0,0,512,2048,1280,784.511,1018.068,784.978,0.002
pure,256,128,0.5,4.0,0,0,1024,4096,2560,1173.253,1644.533,1176.707,0.0073
pure,256,128,0.5,4.0,0,0,2048,8192,5120,1957.43,2896.312,1956.055,-0.0015
pure,256,128,0.5,4.0,0,0,4096,16384,10240,3525.992,5393.133,3514.522,-0.0061
pure,256,128,0.5,4.0,0,0,8192,32768,20480,6632.606,10371.497,6622.656,-0.0027
pure,256,192,0.75,4.0,0,0,128,512,416,510.593,546.017,514.4,0.1075
pure,256,192,0.75,4.0,0,0,256,1024,832,645.474,705.459,643.953,-0.0253
pure,256,192,0.75,4.0,0,0,512,2048,1664,901.156,1020.563,903.173,0.0169
pure,256,192,0.75,4.0,0,0,1024,4096,3328,1410.738,1640.885,1408.053,-0.0117
pure,256,192,0.75,4.0,0,0,2048,8192,6656,2427.656,2896.487,2424.326,-0.0071
pure,256,192,0.75,4.0,0,0,4096,16384,13312,4458.474,5399.245,4440.731,-0.0189
pure,256,192,0.75,4.0,0,0,8192,32768,26624,8513.064,10385.241,8489.557,-0.0126
pure,256,230,0.8984,4.0,0,0,128,512,473,531.297,547.217,541.377,0.6331
pure,256,230,0.8984,4.0,0,0,256,1024,946,671.041,705.136,701.378,0.8898
pure,256,230,0.8984,4.0,0,0,512,2048,1892,966.564,1018.753,1013.94,0.9078
pure,256,230,0.8984,4.0,0,0,1024,4096,3784,1546.386,1646.836,1635.157,0.8837
pure,256,230,0.8984,4.0,0,0,2048,8192,7568,2705.526,2904.551,2884.762,0.9006
pure,256,230,0.8984,4.0,0,0,4096,16384,15136,4998.651,5390.43,5360.7,0.9241
pure,256,230,0.8984,4.0,0,0,8192,32768,30272,9615.318,10382.121,10335.769,0.9396
mixed,4,1,0.25,1.5,16,0,128,192,144,101.857,106.849,107.728,1.1761
mixed,4,1,0.25,2.0,16,0,128,256,160,103.088,128.959,128.018,0.9636
mixed,4,1,0.25,8.0,16,0,128,1024,352,128.225,143.249,140.848,0.8402
mixed,4,1,0.25,16.0,16,0,128,2048,608,133.408,163.344,161.715,0.9456
mixed,8,1,0.125,1.5,16,0,128,192,136,105.184,110.527,107.73,0.4764
mixed,8,1,0.125,2.0,16,0,128,256,144,104.976,131.394,128.543,0.8921
mixed,8,1,0.125,8.0,16,0,128,1024,240,110.353,148.623,142.319,0.8353
mixed,8,1,0.125,16.0,16,0,128,2048,368,132.145,167.537,159.903,0.7843
mixed,4,2,0.5,1.5,16,0,128,192,160,102.912,107.152,107.424,1.0642
mixed,4,2,0.5,2.0,16,0,128,256,192,107.327,130.225,127.92,0.8994
pure,4,1,0.25,2.0,0,0,128,256,160,87.538,105.473,105.12,0.9803
pure,4,1,0.25,8.0,0,0,128,1024,352,109.904,120.209,113.409,0.3401
pure,4,1,0.25,16.0,0,0,128,2048,608,111.425,131.185,117.328,0.2987
pure,2,1,0.5,4.0,0,0,16384,65536,40960,247.073,310.578,253.999,0.1091
mixed,2,1,0.5,4.0,16,0,16384,65536,40960,887.347,1345.106,1347.059,1.0043
mixed,2,1,0.5,4.0,16,512,16384,65536,40960,888.05,1349.732,1347.763,0.9957
mixed,2,1,0.5,4.0,16,2048,16384,65536,40960,902.641,1348.913,1363.57,1.0328
mixed,2,1,0.5,4.0,16,8192,16384,65536,40960,906.37,1362.915,1367.235,1.0095
mixed,2,1,0.5,4.0,16,32768,128,512,320,758.753,757.681,758.481,
mixed,2,1,0.5,4.0,16,32768,256,1024,640,758.498,758.817,758.624,0.3944
mixed,2,1,0.5,4.0,16,32768,512,2048,1280,758.929,758.786,757.38,
mixed,2,1,0.5,4.0,16,32768,1024,4096,2560,757.537,758.592,758.834,1.2294
mixed,2,1,0.5,4.0,16,32768,2048,8192,5120,758.418,758.833,757.761,-1.5781
mixed,2,1,0.5,4.0,16,32768,4096,16384,10240,933.732,1381.073,1060.692,0.2838
mixed,2,1,0.5,4.0,16,32768,8192,32768,20480,1276.049,1384.739,1379.155,0.9486
mixed,2,1,0.5,4.0,16,32768,16384,65536,40960,1536.657,1364.738,1994.468,
mixed,2,1,0.5,4.0,64,0,16384,65536,40960,3152.949,4969.529,4969.131,0.9998
mixed,2,1,0.5,4.0,64,512,16384,65536,40960,3145.285,4968.314,4965.191,0.9983
mixed,2,1,0.5,4.0,64,2048,16384,65536,40960,3144.968,4969.368,4966.028,0.9982
mixed,2,1,0.5,4.0,64,8192,16384,65536,40960,3148.164,4967.435,4964.51,0.9984
mixed,2,1,0.5,4.0,64,32768,128,512,320,2523.989,2524.421,2524.357,0.8509
mixed,2,1,0.5,4.0,64,32768,256,1024,640,2525.014,2523.942,2524.324,
mixed,2,1,0.5,4.0,64,32768,512,2048,1280,2524.789,2524.515,2523.843,
mixed,2,1,0.5,4.0,64,32768,1024,4096,2560,2524.467,2525.078,2524.854,0.6323
mixed,2,1,0.5,4.0,64,32768,2048,8192,5120,2525.108,2524.871,2525.364,
mixed,2,1,0.5,4.0,64,32768,4096,16384,10240,2525.174,2526.519,2525.015,-0.1186
mixed,2,1,0.5,4.0,64,32768,8192,32768,20480,2526.246,2534.199,2531.812,0.6999
mixed,2,1,0.5,4.0,64,32768,16384,65536,40960,3146.854,4967.371,4963.227,0.9977
mixed,2,1,0.5,4.0,256,0,16384,65536,40960,3216.231,5045.982,5041.017,0.9973
mixed,2,1,0.5,4.0,256,512,16384,65536,40960,3429.351,5248.027,5253.07,1.0028
mixed,2,1,0.5,4.0,256,2048,16384,65536,40960,3767.301,5589.611,5615.359,1.0141
mixed,2,1,0.5,4.0,256,8192,16384,65536,40960,5123.931,6954.99,6951.484,0.9981
mixed,2,1,0.5,4.0,256,32768,128,512,320,9923.389,9927.284,9923.396,0.0015
mixed,2,1,0.5,4.0,256,32768,256,1024,640,9922.882,9941.147,9926.1,0.1762
mixed,2,1,0.5,4.0,256,32768,512,2048,1280,9924.518,9932.421,9924.291,-0.0287
mixed,2,1,0.5,4.0,256,32768,1024,4096,2560,9922.676,9937.514,9925.457,0.1874
mixed,2,1,0.5,4.0,256,32768,2048,8192,5120,9923.321,9923.911,9926.455,5.3119
mixed,2,1,0.5,4.0,256,32768,4096,16384,10240,9923.496,9926.24,9937.487,5.098
mixed,2,1,0.5,4.0,256,32768,8192,32768,20480,9924.151,9946.36,9956.022,1.435
mixed,2,1,0.5,4.0,256,32768,16384,65536,40960,10549.482,12373.509,12373.518,1.0
mixed,2,1,0.5,4.0,1024,0,16384,65536,40960,799.587,862.453,810.404,0.172
mixed,2,1,0.5,4.0,1024,512,16384,65536,40960,1203.832,1267.889,1216.807,0.2026
mixed,2,1,0.5,4.0,1024,2048,16384,65536,40960,1896.069,1958.644,1906.662,0.1693
mixed,2,1,0.5,4.0,1024,8192,16384,65536,40960,4664.748,4706.267,4670.981,0.1501
mixed,2,1,0.5,4.0,1024,32768,128,512,320,15549.496,15554.744,15542.434,-1.3456
mixed,2,1,0.5,4.0,1024,32768,256,1024,640,15551.855,15541.761,15546.051,
mixed,2,1,0.5,4.0,1024,32768,512,2048,1280,15536.599,15537.909,15568.132,24.0622
mixed,2,1,0.5,4.0,1024,32768,1024,4096,2560,15559.734,15586.789,15562.563,0.1046
mixed,2,1,0.5,4.0,1024,32768,2048,8192,5120,15584.196,15587.131,15586.215,0.6879
mixed,2,1,0.5,4.0,1024,32768,4096,16384,10240,15594.007,15602.434,15627.587,3.9848
mixed,2,1,0.5,4.0,1024,32768,8192,32768,20480,15650.058,15676.075,15643.105,-0.2672
mixed,2,1,0.5,4.0,1024,32768,16384,65536,40960,15676.601,15728.055,15677.1,0.0097
mixed,2,1,0.5,4.0,4096,0,16384,65536,40960,3841.305,3902.989,3854.216,0.2093
mixed,2,1,0.5,4.0,4096,512,16384,65536,40960,4963.42,5020.505,4969.037,0.0984
mixed,2,1,0.5,4.0,4096,2048,16384,65536,40960,6913.871,6976.689,6920.388,0.1037
mixed,2,1,0.5,4.0,4096,8192,16384,65536,40960,14843.809,14994.293,14944.856,0.6715
mixed,2,1,0.5,4.0,4096,32768,128,512,320,48807.543,48925.118,48622.127,-1.577
mixed,2,1,0.5,4.0,4096,32768,256,1024,640,48741.023,48903.289,48319.526,-2.5976
mixed,2,1,0.5,4.0,4096,32768,512,2048,1280,48486.629,48398.693,48733.44,
mixed,2,1,0.5,4.0,4096,32768,1024,4096,2560,48576.138,48755.404,48259.046,-1.7688
mixed,2,1,0.5,4.0,4096,32768,2048,8192,5120,49108.582,48623.767,48987.784,
mixed,2,1,0.5,4.0,4096,32768,4096,16384,10240,49377.468,49098.994,48552.916,
mixed,2,1,0.5,4.0,4096,32768,8192,32768,20480,48928.765,49267.159,48807.026,-0.3598
mixed,2,1,0.5,4.0,4096,32768,16384,65536,40960,48773.431,48129.867,48745.575,
pure,4,1,0.25,4.0,0,0,16384,65536,28672,274.175,467.01,283.647,0.0491
mixed,4,1,0.25,4.0,16,0,16384,65536,28672,663.043,1352.469,1358.868,1.0093
mixed,4,1,0.25,4.0,16,512,16384,65536,28672,665.44,1358.405,1354.34,0.9941
mixed,4,1,0.25,4.0,16,2048,16384,65536,28672,665.023,1357.219,1354.163,0.9956
mixed,4,1,0.25,4.0,16,8192,16384,65536,28672,678.656,1372.484,1369.013,0.995
mixed,4,1,0.25,4.0,16,32768,128,512,224,765.154,762.049,766.657,
mixed,4,1,0.25,4.0,16,32768,256,1024,448,764.418,764.496,765.523,14.2452
mixed,4,1,0.25,4.0,16,32768,512,2048,896,764.273,763.09,763.169,
mixed,4,1,0.25,4.0,16,32768,1024,4096,1792,763.859,765.363,765.49,1.0844
mixed,4,1,0.25,4.0,16,32768,2048,8192,3584,765.554,1370.818,766.432,0.0015
mixed,4,1,0.25,4.0,16,32768,4096,16384,7168,1227.411,1388.083,1066.532,-1.0013
mixed,4,1,0.25,4.0,16,32768,8192,32768,14336,1310.979,967.105,1388.117,
mixed,4,1,0.25,4.0,16,32768,16384,65536,28672,1493.923,1374.276,2001.35,
mixed,4,1,0.25,4.0,64,0,16384,65536,28672,2235.783,4975.935,4965.84,0.9963
mixed,4,1,0.25,4.0,64,512,16384,65536,28672,2294.807,5041.871,4992.238,0.9819
mixed,4,1,0.25,4.0,64,2048,16384,65536,28672,2419.495,5149.995,4995.504,0.9434
mixed,4,1,0.25,4.0,64,8192,16384,65536,28672,2880.775,5608.608,5000.844,0.7772
mixed,4,1,0.25,4.0,64,32768,128,512,224,2531.59,2525.959,2525.048,
mixed,4,1,0.25,4.0,64,32768,256,1024,448,2527.176,2532.65,2528.534,0.2481
mixed,4,1,0.25,4.0,64,32768,512,2048,896,2526.583,2527.813,2533.321,5.478
mixed,4,1,0.25,4.0,64,32768,1024,4096,1792,2527.751,2527.912,2526.996,-4.6863
mixed,4,1,0.25,4.0,64,32768,2048,8192,3584,2529.382,2528.998,2537.703,
mixed,4,1,0.25,4.0,64,32768,4096,16384,7168,2527.927,2565.828,2526.502,-0.0376
mixed,4,1,0.25,4.0,64,32768,8192,32768,14336,2526.935,4983.647,2543.08,0.0066
mixed,4,1,0.25,4.0,64,32768,16384,65536,28672,4389.405,7415.301,4977.853,0.1945
mixed,4,1,0.25,4.0,256,0,16384,65536,28672,2306.31,5056.927,5039.885,0.9938
mixed,4,1,0.25,4.0,256,512,16384,65536,28672,2524.468,5256.079,5247.227,0.9968
mixed,4,1,0.25,4.0,256,2048,16384,65536,28672,2872.776,5605.345,5596.336,0.9967
mixed,4,1,0.25,4.0,256,8192,16384,65536,28672,4243.42,6961.715,6958.015,0.9986
mixed,4,1,0.25,4.0,256,32768,128,512,224,9931.848,9943.922,9935.977,0.342
mixed,4,1,0.25,4.0,256,32768,256,1024,448,9930.907,9932.172,9961.864,24.4723
mixed,4,1,0.25,4.0,256,32768,512,2048,896,9929.319,9927.007,9926.106,
mixed,4,1,0.25,4.0,256,32768,1024,4096,1792,9930.137,9933.016,9930.977,0.2916
mixed,4,1,0.25,4.0,256,32768,2048,8192,3584,9961.164,9930.871,9931.415,
mixed,4,1,0.25,4.0,256,32768,4096,16384,7168,9949.686,9930.043,9929.885,
mixed,4,1,0.25,4.0,256,32768,8192,32768,14336,9935.436,9953.413,9943.711,0.4603
mixed,4,1,0.25,4.0,256,32768,16384,65536,28672,9936.444,12381.57,12378.154,0.9986
mixed,4,1,0.25,4.0,1024,0,16384,65536,28672,825.25,1018.483,839.731,0.0749
mixed,4,1,0.25,4.0,1024,512,16384,65536,28672,1232.644,1422.851,1244.227,0.0609
mixed,4,1,0.25,4.0,1024,2048,16384,65536,28672,1933.062,2120.809,1941.093,0.0428
mixed,4,1,0.25,4.0,1024,8192,16384,65536,28672,4722.828,4895.279,4716.06,-0.0392
mixed,4,1,0.25,4.0,1024,32768,128,512,224,15591.006,15597.386,15591.561,0.0871
mixed,4,1,0.25,4.0,1024,32768,256,1024,448,15629.349,15611.398,15605.976,
mixed,4,1,0.25,4.0,1024,32768,512,2048,896,15626.856,15636.153,15626.186,-0.0721
mixed,4,1,0.25,4.0,1024,32768,1024,4096,1792,15607.674,15619.095,15623.271,1.3656
mixed,4,1,0.25,4.0,1024,32768,2048,8192,3584,15654.067,15641.964,15674.457,
mixed,4,1,0.25,4.0,1024,32768,4096,16384,7168,15664.933,15675.411,15728.601,6.0764
mixed,4,1,0.25,4.0,1024,32768,8192,32768,14336,15674.165,15769.062,15722.093,0.5051
mixed,4,1,0.25,4.0,1024,32768,16384,65536,28672,15747.078,15935.461,15762.167,0.0801
mixed,4,1,0.25,4.0,4096,0,16384,65536,28672,3868.042,4056.856,3876.539,0.045
mixed,4,1,0.25,4.0,4096,512,16384,65536,28672,4985.217,5179.329,5007.097,0.1127
mixed,4,1,0.25,4.0,4096,2048,16384,65536,28672,6942.931,7132.567,6994.197,0.2703
mixed,4,1,0.25,4.0,4096,8192,16384,65536,28672,14958.97,15106.199,14837.531,-0.8248
mixed,4,1,0.25,4.0,4096,32768,128,512,224,49102.005,47863.172,48780.183,
mixed,4,1,0.25,4.0,4096,32768,256,1024,448,48565.221,48631.237,49027.595,7.004
mixed,4,1,0.25,4.0,4096,32768,512,2048,896,49132.058,49114.827,49314.314,
mixed,4,1,0.25,4.0,4096,32768,1024,4096,1792,48807.084,48801.063,49094.472,
mixed,4,1,0.25,4.0,4096,32768,2048,8192,3584,49190.539,48584.239,49041.407,
mixed,4,1,0.25,4.0,4096,32768,4096,16384,7168,48592.732,48838.139,49882.535,5.2558
mixed,4,1,0.25,4.0,4096,32768,8192,32768,14336,49135.149,49233.622,47958.379,-11.9502
mixed,4,1,0.25,4.0,4096,32768,16384,65536,28672,48349.427,49689.669,48811.617,0.3449
pure,4,2,0.5,4.0,0,0,16384,65536,40960,339.201,467.727,343.921,0.0367
mixed,4,2,0.5,4.0,16,0,16384,65536,40960,892.37,1353.38,1353.075,0.9993
mixed,4,2,0.5,4.0,16,512,16384,65536,40960,896.596,1356.085,1357.445,1.003
mixed,4,2,0.5,4.0,16,2048,16384,65536,40960,895.667,1361.988,1358.851,0.9933
mixed,4,2,0.5,4.0,16,8192,16384,65536,40960,912.53,1369.909,1371.267,1.003
mixed,4,2,0.5,4.0,16,32768,128,512,320,763.936,763.619,764.819,
mixed,4,2,0.5,4.0,16,32768,256,1024,640,763.027,765.281,763.698,0.2978
mixed,4,2,0.5,4.0,16,32768,512,2048,1280,764.704,765.506,765.89,1.4788
mixed,4,2,0.5,4.0,16,32768,1024,4096,2560,765.476,765.218,763.811,
mixed,4,2,0.5,4.0,16,32768,2048,8192,5120,919.86,1369.94,912.323,-0.0167
mixed,4,2,0.5,4.0,16,32768,4096,16384,10240,1155.795,1387.01,1388.053,1.0045
mixed,4,2,0.5,4.0,16,32768,8192,32768,20480,1282.358,967.587,1388.595,
mixed,4,2,0.5,4.0,16,32768,16384,65536,40960,967.572,1374.997,1371.46,0.9913
mixed,4,2,0.5,4.0,64,0,16384,65536,40960,3147.035,4973.278,4977.325,1.0022
mixed,4,2,0.5,4.0,64,512,16384,65536,40960,3210.662,5029.341,4980.989,0.9734
mixed,4,2,0.5,4.0,64,2048,16384,65536,40960,3327.497,5146.947,4984.972,0.911
mixed,4,2,0.5,4.0,64,8192,16384,65536,40960,3784.921,5602.564,4985.279,0.6604
mixed,4,2,0.5,4.0,64,32768,128,512,320,2527.288,2526.471,2526.086,
mixed,4,2,0.5,4.0,64,32768,256,1024,640,2531.462,2525.514,2527.16,
mixed,4,2,0.5,4.0,64,32768,512,2048,1280,2526.745,2526.344,2527.03,
mixed,4,2,0.5,4.0,64,32768,1024,4096,2560,2527.063,2527.335,2525.911,-4.2449
mixed,4,2,0.5,4.0,64,32768,2048,8192,5120,2526.118,2527.64,2526.438,0.2106
mixed,4,2,0.5,4.0,64,32768,4096,16384,10240,2527.139,2564.838,2526.534,-0.0161
mixed,4,2,0.5,4.0,64,32768,8192,32768,20480,3178.839,4981.647,3157.337,-0.0119
mixed,4,2,0.5,4.0,64,32768,16384,65536,40960,5586.386,7408.13,4982.351,-0.3316
mixed,4,2,0.5,4.0,256,0,16384,65536,40960,3214.904,5047.95,5040.462,0.9959
mixed,4,2,0.5,4.0,256,512,16384,65536,40960,3437.994,5277.742,5260.861,0.9908
mixed,4,2,0.5,4.0,256,2048,16384,65536,40960,3782.123,5612.815,5600.671,0.9934
mixed,4,2,0.5,4.0,256,8192,16384,65536,40960,5137.983,6964.084,6959.158,0.9973
mixed,4,2,0.5,4.0,256,32768,128,512,320,9957.771,9938.286,9931.711,
mixed,4,2,0.5,4.0,256,32768,256,1024,640,9926.784,9940.118,9929.82,0.2277
mixed,4,2,0.5,4.0,256,32768,512,2048,1280,9929.983,9931.197,9931.134,0.9481
mixed,4,2,0.5,4.0,256,32768,1024,4096,2560,9937.368,9931.709,9925.952,
mixed,4,2,0.5,4.0,256,32768,2048,8192,5120,9932.776,9936.767,9932.471,-0.0767
mixed,4,2,0.5,4.0,256,32768,4096,16384,10240,9930.032,9935.562,9933.47,0.6217
mixed,4,2,0.5,4.0,256,32768,8192,32768,20480,9937.032,9956.439,9948.634,0.5979
mixed,4,2,0.5,4.0,256,32768,16384,65536,40960,10558.109,12381.297,12385.375,1.0022
mixed,4,2,0.5,4.0,1024,0,16384,65536,40960,891.443,1019.157,898.016,0.0515
mixed,4,2,0.5,4.0,1024,512,16384,65536,40960,1295.284,1421.22,1298.966,0.0292
mixed,4,2,0.5,4.0,1024,2048,16384,65536,40960,1990.166,2119.91,1997.334,0.0552
mixed,4,2,0.5,4.0,1024,8192,16384,65536,40960,4788.269,4905.692,4790.046,0.0151
mixed,4,2,0.5,4.0,1024,32768,128,512,320,15589.192,15607.814,15597.918,0.4686
mixed,4,2,0.5,4.0,1024,32768,256,1024,640,15607.551,15598.148,15608.619,
mixed,4,2,0.5,4.0,1024,32768,512,2048,1280,15618.749,15625.415,15641.232,3.3732
mixed,4,2,0.5,4.0,1024,32768,1024,4096,2560,15643.064,15651.135,15632.813,-1.2703
mixed,4,2,0.5,4.0,1024,32768,2048,8192,5120,15647.534,15654.505,15627.041,-2.9394
mixed,4,2,0.5,4.0,1024,32768,4096,16384,10240,15702.189,15673.406,15676.918,
mixed,4,2,0.5,4.0,1024,32768,8192,32768,20480,15710.338,15806.769,15722.229,0.1233
mixed,4,2,0.5,4.0,1024,32768,16384,65536,40960,15857.487,15947.578,15812.374,-0.5008
mixed,4,2,0.5,4.0,4096,0,16384,65536,40960,3939.18,4053.839,3950.334,0.0973
mixed,4,2,0.5,4.0,4096,512,16384,65536,40960,5062.945,5179.198,5074.928,0.1031
mixed,4,2,0.5,4.0,4096,2048,16384,65536,40960,7013.171,7137.345,7013.572,0.0032
mixed,4,2,0.5,4.0,4096,8192,16384,65536,40960,14956.971,15146.444,15107.72,0.7956
mixed,4,2,0.5,4.0,4096,32768,128,512,320,48578.816,49340.793,48959.384,0.4994
mixed,4,2,0.5,4.0,4096,32768,256,1024,640,48928.291,49228.363,49421.469,1.6435
mixed,4,2,0.5,4.0,4096,32768,512,2048,1280,48555.718,49136.079,48270.573,-0.4913
mixed,4,2,0.5,4.0,4096,32768,1024,4096,2560,48741.53,49310.684,49020.137,0.4895
mixed,4,2,0.5,4.0,4096,32768,2048,8192,5120,49472.334,49035.703,48780.606,
mixed,4,2,0.5,4.0,4096,32768,4096,16384,10240,49151.269,48265.29,48900.07,
mixed,4,2,0.5,4.0,4096,32768,8192,32768,20480,49059.19,48913.501,48485.346,
mixed,4,2,0.5,4.0,4096,32768,16384,65536,40960,47966.382,49130.239,49584.911,1.3907
pure,4,3,0.75,4.0,0,0,16384,65536,53248,405.09,467.569,397.008,-0.1294
mixed,4,3,0.75,4.0,16,0,16384,65536,53248,1128.146,1355.14,1354.676,0.998
mixed,4,3,0.75,4.0,16,512,16384,65536,53248,1129.556,1357.747,1358.387,1.0028
mixed,4,3,0.75,4.0,16,2048,16384,65536,53248,1127.205,1356.501,1357.747,1.0054
mixed,4,3,0.75,4.0,16,8192,16384,65536,53248,1140.963,1371.078,1370.371,0.9969
mixed,4,3,0.75,4.0,16,32768,128,512,416,762.944,763.715,763.666,0.9371
mixed,4,3,0.75,4.0,16,32768,256,1024,832,763.811,763.811,764.338,
mixed,4,3,0.75,4.0,16,32768,512,2048,1664,763.939,764.451,764.257,0.6215
mixed,4,3,0.75,4.0,16,32768,1024,4096,3328,765.861,765.49,765.313,
mixed,4,3,0.75,4.0,16,32768,2048,8192,6656,1151.941,1370.628,1371.299,1.0031
mixed,4,3,0.75,4.0,16,32768,4096,16384,13312,1271.331,1387.971,1386.772,0.9897
mixed,4,3,0.75,4.0,16,32768,8192,32768,26624,1436.853,967.892,1394.5,
mixed,4,3,0.75,4.0,16,32768,16384,65536,53248,1146.802,1377.745,1375.38,0.9898
mixed,4,3,0.75,4.0,64,0,16384,65536,53248,4063.371,4973.709,4985.759,1.0132
mixed,4,3,0.75,4.0,64,512,16384,65536,53248,4134.974,5037.599,5030.382,0.992
mixed,4,3,0.75,4.0,64,2048,16384,65536,53248,4244.204,5154.831,5142.06,0.986
mixed,4,3,0.75,4.0,64,8192,16384,65536,53248,4693.742,5605.409,5601.167,0.9953
mixed,4,3,0.75,4.0,64,32768,128,512,416,2526.037,2529.381,2530.519,1.3403
mixed,4,3,0.75,4.0,64,32768,256,1024,832,2530.68,2527.577,2526.359,
mixed,4,3,0.75,4.0,64,32768,512,2048,1664,2526.341,2528.118,2527.369,0.5782
mixed,4,3,0.75,4.0,64,32768,1024,4096,3328,2526.277,2528.086,2527.094,0.4516
mixed,4,3,0.75,4.0,64,32768,2048,8192,6656,2527.27,2527.527,2529.481,8.6179
mixed,4,3,0.75,4.0,64,32768,4096,16384,13312,2527.735,2563.927,2563.542,0.9894
mixed,4,3,0.75,4.0,64,32768,8192,32768,26624,4093.484,4981.261,4980.336,0.999
mixed,4,3,0.75,4.0,64,32768,16384,65536,53248,6500.05,7408.369,7409.043,1.0007
mixed,4,3,0.75,4.0,256,0,16384,65536,53248,4135.389,5040.285,5050.125,1.0109
mixed,4,3,0.75,4.0,256,512,16384,65536,53248,4353.677,5261.839,5264.353,1.0028
mixed,4,3,0.75,4.0,256,2048,16384,65536,53248,4693.342,5607.04,5606.483,0.9994
mixed,4,3,0.75,4.0,256,8192,16384,65536,53248,6050.673,6968.356,6960.818,0.9918
mixed,4,3,0.75,4.0,256,32768,128,512,416,9930.505,9928.747,9927.356,
mixed,4,3,0.75,4.0,256,32768,256,1024,832,9934.03,9931.45,9932.144,
mixed,4,3,0.75,4.0,256,32768,512,2048,1664,9934.986,9933.765,9928.474,
mixed,4,3,0.75,4.0,256,32768,1024,4096,3328,9925.431,9930.61,9933.039,1.4689
mixed,4,3,0.75,4.0,256,32768,2048,8192,6656,9927.179,9930.144,9929.169,0.6711
mixed,4,3,0.75,4.0,256,32768,4096,16384,13312,9953.086,9929.356,9934.383,
mixed,4,3,0.75,4.0,256,32768,8192,32768,26624,9947.262,9956.319,9953.548,0.694
mixed,4,3,0.75,4.0,256,32768,16384,65536,53248,11473.044,12387.686,12381.523,0.9933
mixed,4,3,0.75,4.0,1024,0,16384,65536,53248,957.971,1019.524,948.706,-0.1505
mixed,4,3,0.75,4.0,1024,512,16384,65536,53248,1363.249,1423.187,1355.396,-0.131
mixed,4,3,0.75,4.0,1024,2048,16384,65536,53248,2061.189,2119.558,2047.587,-0.233
mixed,4,3,0.75,4.0,1024,8192,16384,65536,53248,4844.464,4907.343,4844.126,-0.0054
mixed,4,3,0.75,4.0,1024,32768,128,512,416,15610.195,15624.18,15601.822,-0.5987
mixed,4,3,0.75,4.0,1024,32768,256,1024,832,15617.287,15590.244,15646.893,
mixed,4,3,0.75,4.0,1024,32768,512,2048,1664,15659.316,15569.157,15628.903,
mixed,4,3,0.75,4.0,1024,32768,1024,4096,3328,15616.811,15627.518,15609.233,-0.7079
mixed,4,3,0.75,4.0,1024,32768,2048,8192,6656,15650.586,15685.276,15653.678,0.0891
mixed,4,3,0.75,4.0,1024,32768,4096,16384,13312,15675.15,15697.827,15683.031,0.3475
mixed,4,3,0.75,4.0,1024,32768,8192,32768,26624,15807.503,15807.469,15773.323,
mixed,4,3,0.75,4.0,1024,32768,16384,65536,53248,15913.801,15929.901,15889.645,-1.5003
mixed,4,3,0.75,4.0,4096,0,16384,65536,53248,3993.198,4063.551,3990.155,-0.0432
mixed,4,3,0.75,4.0,4096,512,16384,65536,53248,5127.329,5181.662,5111.66,-0.2884
mixed,4,3,0.75,4.0,4096,2048,16384,65536,53248,7076.372,7131.137,7075.81,-0.0102
mixed,4,3,0.75,4.0,4096,8192,16384,65536,53248,15058.519,15303.37,15019.748,-0.1583
mixed,4,3,0.75,4.0,4096,32768,128,512,416,48971.836,48396.511,48927.199,
mixed,4,3,0.75,4.0,4096,32768,256,1024,832,48930.191,49170.933,48933.586,0.0141
mixed,4,3,0.75,4.0,4096,32768,512,2048,1664,48712.812,47831.198,48778.418,
mixed,4,3,0.75,4.0,4096,32768,1024,4096,3328,48979.042,49091.064,49523.446,4.8598
mixed,4,3,0.75,4.0,4096,32768,2048,8192,6656,49235.827,47829.05,48789.706,
mixed,4,3,0.75,4.0,4096,32768,4096,16384,13312,48645.603,49234.634,49131.186,0.8244
mixed,4,3,0.75,4.0,4096,32768,8192,32768,26624,49010.135,48757.715,48843.942,
mixed,4,3,0.75,4.0,4096,32768,16384,65536,53248,49560.836,48907.584,48966.433,
pure,8,1,0.125,4.0,0,0,16384,65536,22528,343.969,756.147,351.891,0.0192
mixed,8,1,0.125,4.0,16,0,16384,65536,22528,554.065,1360.42,1359.508,0.9989
mixed,8,1,0.125,4.0,16,512,16384,65536,22528,555.506,1362.898,1358.852,0.995
mixed,8,1,0.125,4.0,16,2048,16384,65536,22528,556.818,1367.012,1363.683,0.9959
mixed,8,1,0.125,4.0,16,8192,16384,65536,22528,575.745,1364.42,1381.764,1.022
mixed,8,1,0.125,4.0,16,32768,128,512,176,763.49,764.082,764.723,2.0819
mixed,8,1,0.125,4.0,16,32768,256,1024,352,763.937,767.762,765.938,0.5231
mixed,8,1,0.125,4.0,16,32768,512,2048,704,765.187,805.875,764.13,-0.026
mixed,8,1,0.125,4.0,16,32768,1024,4096,1408,764.303,1064.08,764.626,0.0011
mixed,8,1,0.125,4.0,16,32768,2048,8192,2816,971.347,1378.533,912.723,-0.144
mixed,8,1,0.125,4.0,16,32768,4096,16384,5632,1180.98,969.202,1068.164,
mixed,8,1,0.125,4.0,16,32768,8192,32768,11264,1199.189,1815.733,1384.355,0.3003
mixed,8,1,0.125,4.0,16,32768,16384,65536,22528,992.784,1388.501,1377.779,0.9729
mixed,8,1,0.125,4.0,64,0,16384,65536,22528,1783.637,4985.089,4966.287,0.9941
mixed,8,1,0.125,4.0,64,512,16384,65536,22528,1845.318,5060.338,4974.206,0.9732
mixed,8,1,0.125,4.0,64,2048,16384,65536,22528,1963.062,5151.934,4984.225,0.9474
mixed,8,1,0.125,4.0,64,8192,16384,65536,22528,2430.854,5627.426,4985.917,0.7993
mixed,8,1,0.125,4.0,64,32768,128,512,176,2527.352,2528.566,2526.215,-0.9366
mixed,8,1,0.125,4.0,64,32768,256,1024,352,2527.177,2527.256,2527.302,1.5823
mixed,8,1,0.125,4.0,64,32768,512,2048,704,2529.639,2528.054,2527.256,
mixed,8,1,0.125,4.0,64,32768,1024,4096,1408,2530.807,2533.51,2526.472,-1.6033
mixed,8,1,0.125,4.0,64,32768,2048,8192,2816,2529.125,2607.114,2527.175,-0.025
mixed,8,1,0.125,4.0,64,32768,4096,16384,5632,2530.024,3771.229,2528.998,-0.0008
mixed,8,1,0.125,4.0,64,32768,8192,32768,11264,3393.002,4990.527,3160.823,-0.1453
mixed,8,1,0.125,4.0,64,32768,16384,65536,22528,4223.517,7418.904,4978.411,0.2362
mixed,8,1,0.125,4.0,256,0,16384,65536,22528,1851.83,5045.678,5047.156,1.0005
mixed,8,1,0.125,4.0,256,512,16384,65536,22528,2073.941,5274.749,5255.886,0.9941
mixed,8,1,0.125,4.0,256,2048,16384,65536,22528,2429.784,5636.209,5609.727,0.9917
mixed,8,1,0.125,4.0,256,8192,16384,65536,22528,3771.82,6975.896,6965.269,0.9967
mixed,8,1,0.125,4.0,256,32768,128,512,176,9934.396,9928.031,9936.714,
mixed,8,1,0.125,4.0,256,32768,256,1024,352,9953.346,9938.572,9938.872,
mixed,8,1,0.125,4.0,256,32768,512,2048,704,9933.552,9933.688,9935.896,17.3026
mixed,8,1,0.125,4.0,256,32768,1024,4096,1408,9932.01,9935.315,9934.59,0.7806
mixed,8,1,0.125,4.0,256,32768,2048,8192,2816,9935.182,9937.791,9931.848,-1.2774
mixed,8,1,0.125,4.0,256,32768,4096,16384,5632,9935.01,9932.364,9959.081,
mixed,8,1,0.125,4.0,256,32768,8192,32768,11264,9936.522,9957.595,9948.473,0.5671
mixed,8,1,0.125,4.0,256,32768,16384,65536,22528,9939.8,12404.248,12381.487,0.9908
mixed,8,1,0.125,4.0,1024,0,16384,65536,22528,896.676,1310.803,907.54,0.0262
mixed,8,1,0.125,4.0,1024,512,16384,65536,22528,1303.028,1711.111,1308.578,0.0136
mixed,8,1,0.125,4.0,1024,2048,16384,65536,22528,1993.877,2406.5,1999.576,0.0138
mixed,8,1,0.125,4.0,1024,8192,16384,65536,22528,4801.148,5190.178,4792.861,-0.0213
mixed,8,1,0.125,4.0,1024,32768,128,512,176,15634.396,15599.271,15584.949,
mixed,8,1,0.125,4.0,1024,32768,256,1024,352,15609.258,15626.167,15612.008,0.1627
mixed,8,1,0.125,4.0,1024,32768,512,2048,704,15610.538,15615.04,15615.149,1.024
mixed,8,1,0.125,4.0,1024,32768,1024,4096,1408,15604.091,15658.831,15623.597,0.3563
mixed,8,1,0.125,4.0,1024,32768,2048,8192,2816,15637.562,15728.754,15643.753,0.0679
mixed,8,1,0.125,4.0,1024,32768,4096,16384,5632,15671.683,15788.354,15706.48,0.2982
mixed,8,1,0.125,4.0,1024,32768,8192,32768,11264,15708.802,15948.765,15714.271,0.0228
mixed,8,1,0.125,4.0,1024,32768,16384,65536,22528,15818.399,16252.019,15832.671,0.0329
mixed,8,1,0.125,4.0,4096,0,16384,65536,22528,3940.729,4346.362,3947.468,0.0166
mixed,8,1,0.125,4.0,4096,512,16384,65536,22528,5062.287,5472.238,5077.919,0.0381
mixed,8,1,0.125,4.0,4096,2048,16384,65536,22528,7023.267,7420.324,7025.719,0.0062
mixed,8,1,0.125,4.0,4096,8192,16384,65536,22528,15163.797,15314.421,15053.072,-0.7351
mixed,8,1,0.125,4.0,4096,32768,128,512,176,48624.913,48518.607,48873.339,
mixed,8,1,0.125,4.0,4096,32768,256,1024,352,48845.518,48798.939,48749.181,
mixed,8,1,0.125,4.0,4096,32768,512,2048,704,48665.516,48545.149,49202.147,
mixed,8,1,0.125,4.0,4096,32768,1024,4096,1408,49020.201,49022.207,48792.511,-113.5045
mixed,8,1,0.125,4.0,4096,32768,2048,8192,2816,47620.105,49444.373,48962.645,0.7359
mixed,8,1,0.125,4.0,4096,32768,4096,16384,5632,47932.565,49118.984,48974.338,0.8781
mixed,8,1,0.125,4.0,4096,32768,8192,32768,11264,49203.569,49195.875,48941.417,
mixed,8,1,0.125,4.0,4096,32768,16384,65536,22528,49145.685,49658.36,49136.628,-0.0177
pure,8,2,0.25,4.0,0,0,16384,65536,28672,405.12,754.083,408.273,0.009
mixed,8,2,0.25,4.0,16,0,16384,65536,28672,667.57,1360.068,1360.053,1.0
mixed,8,2,0.25,4.0,16,512,16384,65536,28672,669.969,1365.141,1360.07,0.9927
mixed,8,2,0.25,4.0,16,2048,16384,65536,28672,671.856,1368.211,1366.26,0.9972
mixed,8,2,0.25,4.0,16,8192,16384,65536,28672,692.387,1363.14,1383.092,1.0297
mixed,8,2,0.25,4.0,16,32768,128,512,224,766.388,763.636,764.881,
mixed,8,2,0.25,4.0,16,32768,256,1024,448,763.908,763.683,763.41,
mixed,8,2,0.25,4.0,16,32768,512,2048,896,762.721,805.65,764.115,0.0325
mixed,8,2,0.25,4.0,16,32768,1024,4096,1792,764.019,1067.043,765.826,0.006
mixed,8,2,0.25,4.0,16,32768,2048,8192,3584,1027.682,1374.146,913.058,-0.3308
mixed,8,2,0.25,4.0,16,32768,4096,16384,7168,1296.276,968.676,1387.506,
mixed,8,2,0.25,4.0,16,32768,8192,32768,14336,1316.053,1815.7,1386.387,0.1408
mixed,8,2,0.25,4.0,16,32768,16384,65536,28672,1605.527,1382.915,1402.18,
mixed,8,2,0.25,4.0,64,0,16384,65536,28672,2253.797,5014.592,5012.481,0.9992
mixed,8,2,0.25,4.0,64,512,16384,65536,28672,2316.151,5078.703,5032.286,0.9832
mixed,8,2,0.25,4.0,64,2048,16384,65536,28672,2436.247,5189.728,5033.982,0.9434
mixed,8,2,0.25,4.0,64,8192,16384,65536,28672,2900.903,5653.152,5039.44,0.777
mixed,8,2,0.25,4.0,64,32768,128,512,224,2546.709,2546.568,2546.215,
mixed,8,2,0.25,4.0,64,32768,256,1024,448,2547.178,2547.014,2546.726,
mixed,8,2,0.25,4.0,64,32768,512,2048,896,2547.353,2547.736,2548.025,1.7523
mixed,8,2,0.25,4.0,64,32768,1024,4096,1792,2547.383,2546.938,2546.262,
mixed,8,2,0.25,4.0,64,32768,2048,8192,3584,2547.803,2626.873,2548.616,0.0103
mixed,8,2,0.25,4.0,64,32768,4096,16384,7168,2547.735,3798.378,2548.409,0.0005
mixed,8,2,0.25,4.0,64,32768,8192,32768,14336,3644.185,5025.438,3186.538,-0.3313
mixed,8,2,0.25,4.0,64,32768,16384,65536,28672,4717.118,7474.501,5034.847,0.1152
mixed,8,2,0.25,4.0,256,0,16384,65536,28672,2333.079,5104.237,5084.333,0.9928
mixed,8,2,0.25,4.0,256,512,16384,65536,28672,2546.39,5309.517,5293.837,0.9943
mixed,8,2,0.25,4.0,256,2048,16384,65536,28672,2909.88,5695.886,5641.855,0.9806
mixed,8,2,0.25,4.0,256,8192,16384,65536,28672,4261.723,7023.442,7015.987,0.9973
mixed,8,2,0.25,4.0,256,32768,128,512,224,10010.552,10012.322,10010.238,-0.1774
mixed,8,2,0.25,4.0,256,32768,256,1024,448,10010.986,10011.712,10013.056,2.8493
mixed,8,2,0.25,4.0,256,32768,512,2048,896,10028.523,10010.322,10010.971,
mixed,8,2,0.25,4.0,256,32768,1024,4096,1792,10011.629,10013.031,10012.463,0.5949
mixed,8,2,0.25,4.0,256,32768,2048,8192,3584,10010.777,10011.081,10010.732,-0.1516
mixed,8,2,0.25,4.0,256,32768,4096,16384,7168,10010.571,10012.51,10013.986,1.761
mixed,8,2,0.25,4.0,256,32768,8192,32768,14336,10013.63,10030.347,10029.194,0.931
mixed,8,2,0.25,4.0,256,32768,16384,65536,28672,10010.684,12483.845,12483.587,0.9999
mixed,8,2,0.25,4.0,1024,0,16384,65536,28672,959.587,1315.155,963.649,0.0114
mixed,8,2,0.25,4.0,1024,512,16384,65536,28672,1361.506,1717.368,1367.59,0.0171
mixed,8,2,0.25,4.0,1024,2048,16384,65536,28672,2065.817,2415.974,2066.887,0.0031
mixed,8,2,0.25,4.0,1024,8192,16384,65536,28672,4852.002,5208.544,4851.323,-0.0019
mixed,8,2,0.25,4.0,1024,32768,128,512,224,15668.699,15733.055,15669.544,0.0131
mixed,8,2,0.25,4.0,1024,32768,256,1024,448,15676.145,15594.18,15626.875,
mixed,8,2,0.25,4.0,1024,32768,512,2048,896,15632.523,15675.225,15641.217,0.2036
mixed,8,2,0.25,4.0,1024,32768,1024,4096,1792,15637.544,15649.444,15666.545,2.4371
mixed,8,2,0.25,4.0,1024,32768,2048,8192,3584,15638.281,15721.96,15642.428,0.0496
mixed,8,2,0.25,4.0,1024,32768,4096,16384,7168,15681.376,15745.332,15689.593,0.1285
mixed,8,2,0.25,4.0,1024,32768,8192,32768,14336,15745.017,15924.575,15783.133,0.2123
mixed,8,2,0.25,4.0,1024,32768,16384,65536,28672,15883.79,16261.499,15872.908,-0.0288
mixed,8,2,0.25,4.0,4096,0,16384,65536,28672,4000.379,4336.462,3996.813,-0.0106
mixed,8,2,0.25,4.0,4096,512,16384,65536,28672,5112.286,5467.983,5113.356,0.003
mixed,8,2,0.25,4.0,4096,2048,16384,65536,28672,7072.102,7419.096,7072.613,0.0015
mixed,8,2,0.25,4.0,4096,8192,16384,65536,28672,15299.964,15403.549,14995.999,-2.9345
mixed,8,2,0.25,4.0,4096,32768,128,512,224,48128.622,48948.512,49321.762,1.4552
mixed,8,2,0.25,4.0,4096,32768,256,1024,448,48946.361,48728.047,48336.619,
mixed,8,2,0.25,4.0,4096,32768,512,2048,896,48597.182,48815.183,48930.66,1.5297
mixed,8,2,0.25,4.0,4096,32768,1024,4096,1792,48645.747,48088.976,49229.155,
mixed,8,2,0.25,4.0,4096,32768,2048,8192,3584,48935.483,49108.086,49381.719,2.5853
mixed,8,2,0.25,4.0,4096,32768,4096,16384,7168,48788.576,49160.166,49167.747,1.0204
mixed,8,2,0.25,4.0,4096,32768,8192,32768,14336,49362.087,49255.603,49282.329,
mixed,8,2,0.25,4.0,4096,32768,16384,65536,28672,48760.904,48983.268,49631.447,3.9149
pure,8,3,0.375,4.0,0,0,16384,65536,34816,465.569,757.042,466.402,0.0029
mixed,8,3,0.375,4.0,16,0,16384,65536,34816,782.082,1361.268,1365.093,1.0066
mixed,8,3,0.375,4.0,16,512,16384,65536,34816,784.723,1362.261,1360.147,0.9963
mixed,8,3,0.375,4.0,16,2048,16384,65536,34816,788.961,1371.586,1366.18,0.9907
mixed,8,3,0.375,4.0,16,8192,16384,65536,34816,807.185,1363.381,1379.428,1.0289
mixed,8,3,0.375,4.0,16,32768,128,512,272,763.953,764.355,764.563,1.5187
mixed,8,3,0.375,4.0,16,32768,256,1024,544,763.218,765.299,764.082,0.4157
mixed,8,3,0.375,4.0,16,32768,512,2048,1088,764.915,805.763,764.659,-0.0063
mixed,8,3,0.375,4.0,16,32768,1024,4096,2176,844.769,1067.332,834.481,-0.0462
mixed,8,3,0.375,4.0,16,32768,2048,8192,4352,1084.069,1374.836,1374.327,0.9982
mixed,8,3,0.375,4.0,16,32768,4096,16384,8704,1414.213,970.21,1387.54,
mixed,8,3,0.375,4.0,16,32768,8192,32768,17408,968.994,1813.428,967.457,-0.0018
mixed,8,3,0.375,4.0,16,32768,16384,65536,34816,1861.332,1380.836,1405.827,
mixed,8,3,0.375,4.0,64,0,16384,65536,34816,2697.591,4987.407,4976.926,0.9954
mixed,8,3,0.375,4.0,64,512,16384,65536,34816,2757.064,5063.073,5033.359,0.9871
mixed,8,3,0.375,4.0,64,2048,16384,65536,34816,2876.023,5154.642,5145.904,0.9962
mixed,8,3,0.375,4.0,64,8192,16384,65536,34816,3340.201,5627.776,5603.103,0.9892
mixed,8,3,0.375,4.0,64,32768,128,512,272,2527.273,2527.014,2526.616,
mixed,8,3,0.375,4.0,64,32768,256,1024,544,2526.839,2528.34,2529.048,1.4717
mixed,8,3,0.375,4.0,64,32768,512,2048,1088,2529.222,2527.094,2527.913,
mixed,8,3,0.375,4.0,64,32768,1024,4096,2176,2527.223,2527.657,2528.39,2.6932
mixed,8,3,0.375,4.0,64,32768,2048,8192,4352,2529.526,2604.088,2528.695,-0.0112
mixed,8,3,0.375,4.0,64,32768,4096,16384,8704,2760.775,3768.283,2853.4,0.0919
mixed,8,3,0.375,4.0,64,32768,8192,32768,17408,3846.17,4985.711,4982.365,0.9971
mixed,8,3,0.375,4.0,64,32768,16384,65536,34816,5137.135,7419.987,7416.085,0.9983
mixed,8,3,0.375,4.0,256,0,16384,65536,34816,2770.439,5047.79,5041.76,0.9974
mixed,8,3,0.375,4.0,256,512,16384,65536,34816,2990.954,5268.768,5259.84,0.9961
mixed,8,3,0.375,4.0,256,2048,16384,65536,34816,3337.066,5618.139,5614.08,0.9982
mixed,8,3,0.375,4.0,256,8192,16384,65536,34816,4693.836,6987.649,6989.983,1.001
mixed,8,3,0.375,4.0,256,32768,128,512,272,9964.958,9935.003,9937.404,
mixed,8,3,0.375,4.0,256,32768,256,1024,544,9948.72,9939.997,9931.916,
mixed,8,3,0.375,4.0,256,32768,512,2048,1088,9937.271,9941.463,9933.834,-0.8198
mixed,8,3,0.375,4.0,256,32768,1024,4096,2176,9935.384,9933.94,9936.898,
mixed,8,3,0.375,4.0,256,32768,2048,8192,4352,9936.687,9957.374,9943.23,0.3163
mixed,8,3,0.375,4.0,256,32768,4096,16384,8704,9941.85,9936.191,9939.359,
mixed,8,3,0.375,4.0,256,32768,8192,32768,17408,9933.95,9957.495,9960.282,1.1184
mixed,8,3,0.375,4.0,256,32768,16384,65536,34816,10140.282,12392.052,12393.198,1.0005
mixed,8,3,0.375,4.0,1024,0,16384,65536,34816,1018.71,1310.5,1018.196,-0.0018
mixed,8,3,0.375,4.0,1024,512,16384,65536,34816,1419.622,1707.526,1423.765,0.0144
mixed,8,3,0.375,4.0,1024,2048,16384,65536,34816,2114.883,2403.876,2124.598,0.0336
mixed,8,3,0.375,4.0,1024,8192,16384,65536,34816,4904.351,5197.583,4896.396,-0.0271
mixed,8,3,0.375,4.0,1024,32768,128,512,272,15586.77,15606.178,15581.852,-0.2534
mixed,8,3,0.375,4.0,1024,32768,256,1024,544,15621.061,15611.693,15630.119,
mixed,8,3,0.375,4.0,1024,32768,512,2048,1088,15686.385,15619.135,15631.64,
mixed,8,3,0.375,4.0,1024,32768,1024,4096,2176,15633.416,15643.357,15610.779,-2.2775
mixed,8,3,0.375,4.0,1024,32768,2048,8192,4352,15632.826,15698.285,15670.456,0.5749
mixed,8,3,0.375,4.0,1024,32768,4096,16384,8704,15680.268,15766.703,15703.966,0.2742
mixed,8,3,0.375,4.0,1024,32768,8192,32768,17408,15757.738,15946.937,15751.843,-0.0312
mixed,8,3,0.375,4.0,1024,32768,16384,65536,34816,15919.313,16245.616,15938.864,0.0599
mixed,8,3,0.375,4.0,4096,0,16384,65536,34816,4057.63,4347.723,4053.854,-0.013
mixed,8,3,0.375,4.0,4096,512,16384,65536,34816,5166.38,5484.911,5176.418,0.0315
mixed,8,3,0.375,4.0,4096,2048,16384,65536,34816,7130.437,7419.939,7133.091,0.0092
mixed,8,3,0.375,4.0,4096,8192,16384,65536,34816,15149.145,15338.758,15201.897,0.2782
mixed,8,3,0.375,4.0,4096,32768,128,512,272,48579.607,48935.419,49187.493,1.7084
mixed,8,3,0.375,4.0,4096,32768,256,1024,544,48057.538,49061.147,49000.44,0.9395
mixed,8,3,0.375,4.0,4096,32768,512,2048,1088,48397.195,49489.466,49015.625,0.5662
mixed,8,3,0.375,4.0,4096,32768,1024,4096,2176,48686.379,48904.735,48930.318,1.1172
mixed,8,3,0.375,4.0,4096,32768,2048,8192,4352,48799.325,49117.005,49079.07,0.8806
mixed,8,3,0.375,4.0,4096,32768,4096,16384,8704,48564.233,49553.724,48789.182,0.2273
mixed,8,3,0.375,4.0,4096,32768,8192,32768,17408,49352.897,49422.838,48236.575,-15.961
mixed,8,3,0.375,4.0,4096,32768,16384,65536,34816,49587.551,49661.953,48609.838,-13.141
pure,8,4,0.5,4.0,0,0,16384,65536,40960,525.331,755.378,547.89,0.0981
mixed,8,4,0.5,4.0,16,0,16384,65536,40960,899.731,1358.963,1354.867,0.9911
mixed,8,4,0.5,4.0,16,512,16384,65536,40960,903.091,1362.26,1359.475,0.9939
mixed,8,4,0.5,4.0,16,2048,16384,65536,40960,907.201,1367.058,1361.476,0.9879
mixed,8,4,0.5,4.0,16,8192,16384,65536,40960,927.907,1366.387,1386.261,1.0453
mixed,8,4,0.5,4.0,16,32768,128,512,320,766.416,765.553,765.28,
mixed,8,4,0.5,4.0,16,32768,256,1024,640,764.179,765.076,764.323,0.1611
mixed,8,4,0.5,4.0,16,32768,512,2048,1280,764.003,804.354,767.201,0.0793
mixed,8,4,0.5,4.0,16,32768,1024,4096,2560,950.516,1065.155,835.122,-1.0066
mixed,8,4,0.5,4.0,16,32768,2048,8192,5120,1143.603,1375.619,1373.157,0.9894
mixed,8,4,0.5,4.0,16,32768,4096,16384,10240,1159.124,971.587,1387.38,
mixed,8,4,0.5,4.0,16,32768,8192,32768,20480,968.852,1811.892,970.323,0.0017
mixed,8,4,0.5,4.0,16,32768,16384,65536,40960,2024.357,1382.756,1608.404,
mixed,8,4,0.5,4.0,64,0,16384,65536,40960,3154.584,4980.029,4977.726,0.9987
mixed,8,4,0.5,4.0,64,512,16384,65536,40960,3214.409,5044.46,5038.365,0.9967
mixed,8,4,0.5,4.0,64,2048,16384,65536,40960,3337.273,5162.879,5146.72,0.9911
mixed,8,4,0.5,4.0,64,8192,16384,65536,40960,3793.884,5617.101,5625.458,1.0046
mixed,8,4,0.5,4.0,64,32768,128,512,320,2526.633,2527.383,2526.825,0.2565
mixed,8,4,0.5,4.0,64,32768,256,1024,640,2528.615,2546.774,2547.525,1.0414
mixed,8,4,0.5,4.0,64,32768,512,2048,1280,2547.397,2547.335,2548.932,
mixed,8,4,0.5,4.0,64,32768,1024,4096,2560,2546.885,2546.807,2547.222,
mixed,8,4,0.5,4.0,64,32768,2048,8192,5120,2547.464,2623.303,2547.686,0.0029
mixed,8,4,0.5,4.0,64,32768,4096,16384,10240,3246.841,3798.652,2878.439,-0.6676
mixed,8,4,0.5,4.0,64,32768,8192,32768,20480,4108.234,5025.568,5023.023,0.9972
mixed,8,4,0.5,4.0,64,32768,16384,65536,40960,5635.727,7479.571,7468.772,0.9941
mixed,8,4,0.5,4.0,256,0,16384,65536,40960,3246.889,5082.767,5088.271,1.003
mixed,8,4,0.5,4.0,256,512,16384,65536,40960,3475.002,5318.667,5300.656,0.9902
mixed,8,4,0.5,4.0,256,2048,16384,65536,40960,3819.837,5661.565,5659.086,0.9987
mixed,8,4,0.5,4.0,256,8192,16384,65536,40960,5178.462,7019.938,7019.81,0.9999
mixed,8,4,0.5,4.0,256,32768,128,512,320,10010.85,10011.156,10011.176,1.0654
mixed,8,4,0.5,4.0,256,32768,256,1024,640,10011.868,10013.738,9935.42,-40.8813
mixed,8,4,0.5,4.0,256,32768,512,2048,1280,9929.782,9949.623,9937.12,0.3698
mixed,8,4,0.5,4.0,256,32768,1024,4096,2560,9930.069,9931.159,10011.23,74.4596
mixed,8,4,0.5,4.0,256,32768,2048,8192,5120,9936.155,9933.924,9930.254,
mixed,8,4,0.5,4.0,256,32768,4096,16384,10240,9934.497,9937.528,9937.979,1.1488
mixed,8,4,0.5,4.0,256,32768,8192,32768,20480,9937.754,9953.229,9958.489,1.3399
mixed,8,4,0.5,4.0,256,32768,16384,65536,40960,10572.493,12407.662,12406.569,0.9994
mixed,8,4,0.5,4.0,1024,0,16384,65536,40960,1078.596,1313.012,1103.171,0.1048
mixed,8,4,0.5,4.0,1024,512,16384,65536,40960,1479.428,1720.884,1510.708,0.1295
mixed,8,4,0.5,4.0,1024,2048,16384,65536,40960,2179.144,2415.848,2205.765,0.1125
mixed,8,4,0.5,4.0,1024,8192,16384,65536,40960,4983.578,5217.052,4997.184,0.0583
mixed,8,4,0.5,4.0,1024,32768,128,512,320,15713.635,15688.712,15620.583,
mixed,8,4,0.5,4.0,1024,32768,256,1024,640,15628.87,15609.721,15592.932,
mixed,8,4,0.5,4.0,1024,32768,512,2048,1280,15630.572,15670.761,15615.449,-0.3763
mixed,8,4,0.5,4.0,1024,32768,1024,4096,2560,15627.742,15630.578,15671.129,15.2988
mixed,8,4,0.5,4.0,1024,32768,2048,8192,5120,15653.212,15678.017,15641.24,-0.4827
mixed,8,4,0.5,4.0,1024,32768,4096,16384,10240,15700.362,15815.245,15708.316,0.0692
mixed,8,4,0.5,4.0,1024,32768,8192,32768,20480,15808.202,15920.376,15815.487,0.0649
mixed,8,4,0.5,4.0,1024,32768,16384,65536,40960,15982.63,16229.968,16011.706,0.1176
mixed,8,4,0.5,4.0,4096,0,16384,65536,40960,4112.682,4346.218,4150.248,0.1609
mixed,8,4,0.5,4.0,4096,512,16384,65536,40960,5229.727,5469.087,5260.942,0.1304
mixed,8,4,0.5,4.0,4096,2048,16384,65536,40960,7200.724,7411.766,7217.461,0.0793
mixed,8,4,0.5,4.0,4096,8192,16384,65536,40960,15073.287,15317.146,15110.873,0.1541
mixed,8,4,0.5,4.0,4096,32768,128,512,320,48374.791,48576.654,48771.137,1.9634
mixed,8,4,0.5,4.0,4096,32768,256,1024,640,47927.761,49460.094,48802.585,0.5709
mixed,8,4,0.5,4.0,4096,32768,512,2048,1280,48736.436,49520.971,48156.134,-0.7397
mixed,8,4,0.5,4.0,4096,32768,1024,4096,2560,48861.754,49261.189,48817.541,-0.1107
mixed,8,4,0.5,4.0,4096,32768,2048,8192,5120,49327.891,49669.179,48579.235,-2.1936
mixed,8,4,0.5,4.0,4096,32768,4096,16384,10240,48835.144,49078.76,49065.605,0.946
mixed,8,4,0.5,4.0,4096,32768,8192,32768,20480,49309.947,48500.989,49119.654,
mixed,8,4,0.5,4.0,4096,32768,16384,65536,40960,49554.458,49719.414,49403.988,-0.9122
pure,8,6,0.75,4.0,0,0,16384,65536,53248,641.73,754.434,633.872,-0.0697
mixed,8,6,0.75,4.0,16,0,16384,65536,53248,1130.723,1365.347,1356.514,0.9624
mixed,8,6,0.75,4.0,16,512,16384,65536,53248,1132.644,1362.515,1360.852,0.9928
mixed,8,6,0.75,4.0,16,2048,16384,65536,53248,1137.843,1370.26,1371.717,1.0063
mixed,8,6,0.75,4.0,16,8192,16384,65536,53248,1132.582,1362.259,1360.787,0.9936
mixed,8,6,0.75,4.0,16,32768,128,512,416,763.603,764.851,764.627,0.8201
mixed,8,6,0.75,4.0,16,32768,256,1024,832,763.075,764.033,765.668,2.7062
mixed,8,6,0.75,4.0,16,32768,512,2048,1664,764.001,807.409,764.992,0.0228
mixed,8,6,0.75,4.0,16,32768,1024,4096,3328,1009.027,1066.003,1065.011,0.9826
mixed,8,6,0.75,4.0,16,32768,2048,8192,6656,1259.076,1373.075,1373.397,1.0028
mixed,8,6,0.75,4.0,16,32768,4096,16384,13312,1274.611,968.819,1388.356,
mixed,8,6,0.75,4.0,16,32768,8192,32768,26624,1502.419,1811.826,1594.548,0.2978
mixed,8,6,0.75,4.0,16,32768,16384,65536,53248,1996.085,1384.626,2224.614,
mixed,8,6,0.75,4.0,64,0,16384,65536,53248,4067.499,4989.26,4974.157,0.9836
mixed,8,6,0.75,4.0,64,512,16384,65536,53248,4133.387,5051.243,5049.455,0.9981
mixed,8,6,0.75,4.0,64,2048,16384,65536,53248,4251.355,5166.908,5149.551,0.981
mixed,8,6,0.75,4.0,64,8192,16384,65536,53248,4702.332,5615.262,5610.032,0.9943
mixed,8,6,0.75,4.0,64,32768,128,512,416,2526.455,2527.608,2526.839,0.333
mixed,8,6,0.75,4.0,64,32768,256,1024,832,2526.679,2528.069,2528.502,1.3115
mixed,8,6,0.75,4.0,64,32768,512,2048,1664,2528.601,2527.607,2527.144,
mixed,8,6,0.75,4.0,64,32768,1024,4096,3328,2528.487,2528.056,2526.983,
mixed,8,6,0.75,4.0,64,32768,2048,8192,6656,2528.712,2605.846,2527.495,-0.0158
mixed,8,6,0.75,4.0,64,32768,4096,16384,13312,3541.948,3770.122,3768.313,0.9921
mixed,8,6,0.75,4.0,64,32768,8192,32768,26624,4530.397,4990.798,4988.398,0.9948
mixed,8,6,0.75,4.0,64,32768,16384,65536,53248,6505.843,7418.613,7416.021,0.9972
mixed,8,6,0.75,4.0,256,0,16384,65536,53248,4157.965,5056.796,5051.197,0.9938
mixed,8,6,0.75,4.0,256,512,16384,65536,53248,4352.813,5268.382,5264.686,0.996
mixed,8,6,0.75,4.0,256,2048,16384,65536,53248,4716.445,5642.675,5617.198,0.9725
mixed,8,6,0.75,4.0,256,8192,16384,65536,53248,6063.296,6975.508,6969.392,0.9933
mixed,8,6,0.75,4.0,256,32768,128,512,416,9931.308,9933.693,9936.777,2.2931
mixed,8,6,0.75,4.0,256,32768,256,1024,832,9945.801,9933.359,9929.181,
mixed,8,6,0.75,4.0,256,32768,512,2048,1664,9942.483,9944.609,9935.225,-3.4155
mixed,8,6,0.75,4.0,256,32768,1024,4096,3328,9937.637,9930.701,9935.288,
mixed,8,6,0.75,4.0,256,32768,2048,8192,6656,9940.234,9952.377,9932.332,-0.6507
mixed,8,6,0.75,4.0,256,32768,4096,16384,13312,9934.844,9935.4,9936.072,2.2077
mixed,8,6,0.75,4.0,256,32768,8192,32768,26624,9942.138,9956.25,9959.132,1.2043
mixed,8,6,0.75,4.0,256,32768,16384,65536,53248,11504.975,12429.359,12397.516,0.9656
mixed,8,6,0.75,4.0,1024,0,16384,65536,53248,1196.738,1312.789,1189.829,-0.0595
mixed,8,6,0.75,4.0,1024,512,16384,65536,53248,1599.7,1717.271,1591.432,-0.0703
mixed,8,6,0.75,4.0,1024,2048,16384,65536,53248,2293.091,2408.086,2282.579,-0.0914
mixed,8,6,0.75,4.0,1024,8192,16384,65536,53248,5079.419,5192.92,5073.774,-0.0497
mixed,8,6,0.75,4.0,1024,32768,128,512,416,15619.612,15580.328,15621.221,
mixed,8,6,0.75,4.0,1024,32768,256,1024,832,15595.893,15611.698,15604.807,0.564
mixed,8,6,0.75,4.0,1024,32768,512,2048,1664,15612.823,15630.245,15630.125,0.9931
mixed,8,6,0.75,4.0,1024,32768,1024,4096,3328,15688.969,15658.458,15636.77,
mixed,8,6,0.75,4.0,1024,32768,2048,8192,6656,15679.957,15686.262,15672.19,-1.2318
mixed,8,6,0.75,4.0,1024,32768,4096,16384,13312,15693.949,15767.004,15754.249,0.8254
mixed,8,6,0.75,4.0,1024,32768,8192,32768,26624,15862.536,15893.983,15844.881,-0.5614
mixed,8,6,0.75,4.0,1024,32768,16384,65536,53248,16122.457,16242.189,16096.366,-0.2179
mixed,8,6,0.75,4.0,4096,0,16384,65536,53248,4233.341,4353.819,4226.828,-0.0541
mixed,8,6,0.75,4.0,4096,512,16384,65536,53248,5349.789,5469.839,5339.166,-0.0885
mixed,8,6,0.75,4.0,4096,2048,16384,65536,53248,7321.173,7414.849,7301.457,-0.2105
mixed,8,6,0.75,4.0,4096,8192,16384,65536,53248,15198.407,15306.07,15212.602,0.1318
mixed,8,6,0.75,4.0,4096,32768,128,512,416,48911.228,48916.295,47454.971,-287.4286
mixed,8,6,0.75,4.0,4096,32768,256,1024,832,48634.944,49227.619,48734.113,0.1673
mixed,8,6,0.75,4.0,4096,32768,512,2048,1664,48879.463,48674.212,48930.671,
mixed,8,6,0.75,4.0,4096,32768,1024,4096,3328,49130.604,49114.404,48577.837,
mixed,8,6,0.75,4.0,4096,32768,2048,8192,6656,49243.823,49162.375,48735.145,
mixed,8,6,0.75,4.0,4096,32768,4096,16384,13312,49150.101,49002.629,49365.384,
mixed,8,6,0.75,4.0,4096,32768,8192,32768,26624,49051.801,49246.939,48048.659,-5.1407
mixed,8,6,0.75,4.0,4096,32768,16384,65536,53248,49793.549,49354.783,49703.135,
pure,8,7,0.875,4.0,0,0,16384,65536,59392,699.554,756.482,686.451,-0.2302
mixed,8,7,0.875,4.0,16,0,16384,65536,59392,1245.156,1360.291,1358.644,0.9857
mixed,8,7,0.875,4.0,16,512,16384,65536,59392,1250.885,1361.349,1360.34,0.9909
mixed,8,7,0.875,4.0,16,2048,16384,65536,59392,1250.02,1366.98,1365.012,0.9832
mixed,8,7,0.875,4.0,16,8192,16384,65536,59392,1249.619,1368.788,1359.733,0.924
mixed,8,7,0.875,4.0,16,32768,128,512,464,762.994,767.17,767.202,1.0075
mixed,8,7,0.875,4.0,16,32768,256,1024,928,766.291,764.098,762.658,
mixed,8,7,0.875,4.0,16,32768,512,2048,1856,764.835,805.041,806.194,1.0287
mixed,8,7,0.875,4.0,16,32768,1024,4096,3712,1037.841,1065.107,1066.82,1.0628
mixed,8,7,0.875,4.0,16,32768,2048,8192,7424,1316.116,1376.003,1374.82,0.9802
mixed,8,7,0.875,4.0,16,32768,4096,16384,14848,1332.58,968.611,1391.027,
mixed,8,7,0.875,4.0,16,32768,8192,32768,29696,1658.148,1813.508,1810.997,0.9838
mixed,8,7,0.875,4.0,16,32768,16384,65536,59392,1382.724,1388.435,1377.555,-0.9051
mixed,8,7,0.875,4.0,64,0,16384,65536,59392,4524.398,4978.493,4973.791,0.9896
mixed,8,7,0.875,4.0,64,512,16384,65536,59392,4598.621,5054.284,5055.481,1.0026
mixed,8,7,0.875,4.0,64,2048,16384,65536,59392,4702.332,5167.165,5160.593,0.9859
mixed,8,7,0.875,4.0,64,8192,16384,65536,59392,5165.373,5623.312,5611.037,0.9732
mixed,8,7,0.875,4.0,64,32768,128,512,464,2526.246,2528.31,2528.407,1.0472
mixed,8,7,0.875,4.0,64,32768,256,1024,928,2526.775,2529.126,2528.006,0.5235
mixed,8,7,0.875,4.0,64,32768,512,2048,1856,2527.779,2533.463,2528.581,0.1411
mixed,8,7,0.875,4.0,64,32768,1024,4096,3712,2528.903,2528.342,2527.815,
mixed,8,7,0.875,4.0,64,32768,2048,8192,7424,2529.463,2606.344,2603.558,0.9638
mixed,8,7,0.875,4.0,64,32768,4096,16384,14848,3654.297,3768.471,3773.193,1.0414
mixed,8,7,0.875,4.0,64,32768,8192,32768,29696,4757.1,4987.228,4981.615,0.9756
mixed,8,7,0.875,4.0,64,32768,16384,65536,59392,6960.69,7419.219,7415.808,0.9926
mixed,8,7,0.875,4.0,256,0,16384,65536,59392,4599.693,5045.145,5049.292,1.0093
mixed,8,7,0.875,4.0,256,512,16384,65536,59392,4807.885,5276.574,5282.318,1.0123
mixed,8,7,0.875,4.0,256,2048,16384,65536,59392,5183.309,5648.798,5624.799,0.9484
mixed,8,7,0.875,4.0,256,8192,16384,65536,59392,6520.434,6971.014,6971.711,1.0015
mixed,8,7,0.875,4.0,256,32768,128,512,464,9932.81,9934.8,9932.377,-0.2179
mixed,8,7,0.875,4.0,256,32768,256,1024,928,9967.432,9953.443,9932.548,
mixed,8,7,0.875,4.0,256,32768,512,2048,1856,9936.061,9931.79,9934.205,
mixed,8,7,0.875,4.0,256,32768,1024,4096,3712,9934.744,9930.063,9930.157,
mixed,8,7,0.875,4.0,256,32768,2048,8192,7424,9931.402,9933.865,9955.243,9.6795
mixed,8,7,0.875,4.0,256,32768,4096,16384,14848,9952.693,9947.947,9948.042,
mixed,8,7,0.875,4.0,256,32768,8192,32768,29696,9949.869,9979.136,9981.273,1.073
mixed,8,7,0.875,4.0,256,32768,16384,65536,59392,11977.328,12411.02,12428.355,1.04
mixed,8,7,0.875,4.0,1024,0,16384,65536,59392,1250.548,1309.409,1241.813,-0.1484
mixed,8,7,0.875,4.0,1024,512,16384,65536,59392,1655.954,1718.227,1648.518,-0.1194
mixed,8,7,0.875,4.0,1024,2048,16384,65536,59392,2352.789,2404.137,2336.372,-0.3197
mixed,8,7,0.875,4.0,1024,8192,16384,65536,59392,5141.852,5195.15,5127.102,-0.2767
mixed,8,7,0.875,4.0,1024,32768,128,512,464,15591.399,15622.09,15646.428,1.793
mixed,8,7,0.875,4.0,1024,32768,256,1024,928,15606.627,15599.425,15613.503,
mixed,8,7,0.875,4.0,1024,32768,512,2048,1856,15617.363,15651.573,15625.173,0.2283
mixed,8,7,0.875,4.0,1024,32768,1024,4096,3712,15663.674,15659.01,15638.936,
mixed,8,7,0.875,4.0,1024,32768,2048,8192,7424,15669.947,15678.881,15695.417,2.8507
mixed,8,7,0.875,4.0,1024,32768,4096,16384,14848,15724.138,15794.268,15752.442,0.4036
mixed,8,7,0.875,4.0,1024,32768,8192,32768,29696,15890.029,15909.582,15896.424,0.327
mixed,8,7,0.875,4.0,1024,32768,16384,65536,59392,16173.491,16228.73,16160.569,-0.2339
mixed,8,7,0.875,4.0,4096,0,16384,65536,59392,4292.236,4345.627,4285.978,-0.1172
mixed,8,7,0.875,4.0,4096,512,16384,65536,59392,5410.674,5488.655,5400.349,-0.1324
mixed,8,7,0.875,4.0,4096,2048,16384,65536,59392,7367.651,7427.329,7344.741,-0.3839
mixed,8,7,0.875,4.0,4096,8192,16384,65536,59392,15251.736,15323.286,15246.534,-0.0727
mixed,8,7,0.875,4.0,4096,32768,128,512,464,48930.25,48179.646,49369.53,
mixed,8,7,0.875,4.0,4096,32768,256,1024,928,49376.912,47736.096,49260.418,
mixed,8,7,0.875,4.0,4096,32768,512,2048,1856,48615.123,49039.621,47643.178,-2.2896
mixed,8,7,0.875,4.0,4096,32768,1024,4096,3712,47629.937,48754.013,47966.847,0.2997
mixed,8,7,0.875,4.0,4096,32768,2048,8192,7424,48946.517,48623.315,48675.645,
mixed,8,7,0.875,4.0,4096,32768,4096,16384,14848,49071.685,48794.031,49147.954,
mixed,8,7,0.875,4.0,4096,32768,8192,32768,29696,49406.042,49254.296,48935.043,
mixed,8,7,0.875,4.0,4096,32768,16384,65536,59392,49796.853,49668.326,49095.938,
pure,16,1,0.0625,4.0,0,0,16384,65536,19456,505.376,1386.564,768.82,0.299
mixed,16,1,0.0625,4.0,16,0,16384,65536,19456,522.641,1394.659,1385.094,0.989
mixed,16,1,0.0625,4.0,16,512,16384,65536,19456,581.025,1454.244,1381.603,0.9168
mixed,16,1,0.0625,4.0,16,2048,16384,65536,19456,694.498,1578.34,1378.419,0.7738
mixed,16,1,0.0625,4.0,16,8192,16384,65536,19456,981.923,2034.021,1393.026,0.3907
mixed,16,1,0.0625,4.0,16,32768,128,512,152,763.924,766.754,766.723,0.9892
mixed,16,1,0.0625,4.0,16,32768,256,1024,304,765.793,838.898,765.683,-0.0015
mixed,16,1,0.0625,4.0,16,32768,512,2048,608,764.512,917.477,767.137,0.0172
mixed,16,1,0.0625,4.0,16,32768,1024,4096,1216,855.026,1072.258,839.026,-0.0737
mixed,16,1,0.0625,4.0,16,32768,2048,8192,2432,945.059,967.538,917.89,-1.2086
mixed,16,1,0.0625,4.0,16,32768,4096,16384,4864,1129.859,1410.355,1071.331,-0.2087
mixed,16,1,0.0625,4.0,16,32768,8192,32768,9728,966.995,1387.812,973.023,0.0143
mixed,16,1,0.0625,4.0,16,32768,16384,65536,19456,1641.267,3055.656,1615.684,-0.0181
mixed,16,1,0.0625,4.0,64,0,16384,65536,19456,1558.885,4995.005,4984.988,0.9971
mixed,16,1,0.0625,4.0,64,512,16384,65536,19456,1622.452,5060.108,4976.688,0.9757
mixed,16,1,0.0625,4.0,64,2048,16384,65536,19456,1746.053,5177.421,5000.157,0.9483
mixed,16,1,0.0625,4.0,64,8192,16384,65536,19456,2198.486,5614.99,4986.491,0.816
mixed,16,1,0.0625,4.0,64,32768,128,512,152,2527.496,2529.159,2528.742,0.7495
mixed,16,1,0.0625,4.0,64,32768,256,1024,304,2527.846,2530.583,2528.823,0.3568
mixed,16,1,0.0625,4.0,64,32768,512,2048,608,2530.727,2528.438,2529.351,
mixed,16,1,0.0625,4.0,64,32768,1024,4096,1216,2530.597,2687.958,2530.552,-0.0003
mixed,16,1,0.0625,4.0,64,32768,2048,8192,2432,2531.365,3163.8,2530.197,-0.0018
mixed,16,1,0.0625,4.0,64,32768,4096,16384,4864,2913.288,3772.601,2856.966,-0.0655
mixed,16,1,0.0625,4.0,64,32768,8192,32768,9728,3278.919,4991.198,3165.399,-0.0663
mixed,16,1,0.0625,4.0,64,32768,16384,65536,19456,4002.873,7429.922,4976.701,0.2842
mixed,16,1,0.0625,4.0,256,0,16384,65536,19456,1628.787,5050.397,5055.005,1.0013
mixed,16,1,0.0625,4.0,256,512,16384,65536,19456,1905.334,5331.598,5256.509,0.9781
mixed,16,1,0.0625,4.0,256,2048,16384,65536,19456,2366.71,5804.253,5622.926,0.9473
mixed,16,1,0.0625,4.0,256,8192,16384,65536,19456,4164.459,7587.922,6972.945,0.8204
mixed,16,1,0.0625,4.0,256,32768,128,512,152,9950.403,9979.729,9963.255,0.4382
mixed,16,1,0.0625,4.0,256,32768,256,1024,304,9936.112,9931.288,9945.144,
mixed,16,1,0.0625,4.0,256,32768,512,2048,608,9966.472,9958.917,9961.781,
mixed,16,1,0.0625,4.0,256,32768,1024,4096,1216,9959.302,9937.334,9935.467,
mixed,16,1,0.0625,4.0,256,32768,2048,8192,2432,9932.904,9932.937,9935.242,70.8333
mixed,16,1,0.0625,4.0,256,32768,4096,16384,4864,9938.743,9982.631,9934.513,-0.0964
mixed,16,1,0.0625,4.0,256,32768,8192,32768,9728,9936.169,12393.021,9986.777,0.0206
mixed,16,1,0.0625,4.0,256,32768,16384,65536,19456,10442.693,14824.803,12388.215,0.444
mixed,16,1,0.0625,4.0,1024,0,16384,65536,19456,1059.476,1934.756,1319.331,0.2969
mixed,16,1,0.0625,4.0,1024,512,16384,65536,19456,1463.412,2344.675,1724.131,0.2958
mixed,16,1,0.0625,4.0,1024,2048,16384,65536,19456,2156.39,3039.831,2417.945,0.2961
mixed,16,1,0.0625,4.0,1024,8192,16384,65536,19456,4951.69,5836.956,5210.635,0.2925
mixed,16,1,0.0625,4.0,1024,32768,128,512,152,15634.051,15624.284,15612.438,
mixed,16,1,0.0625,4.0,1024,32768,256,1024,304,15605.837,15675.092,15673.238,0.9732
mixed,16,1,0.0625,4.0,1024,32768,512,2048,608,15631.601,15661.443,15630.996,-0.0203
mixed,16,1,0.0625,4.0,1024,32768,1024,4096,1216,15629.267,15687.497,15612.579,-0.2866
mixed,16,1,0.0625,4.0,1024,32768,2048,8192,2432,15712.298,15782.178,15696.919,-0.2201
mixed,16,1,0.0625,4.0,1024,32768,4096,16384,4864,15741.186,15909.815,15754.324,0.0779
mixed,16,1,0.0625,4.0,1024,32768,8192,32768,9728,15804.832,16246.98,15937.463,0.3
mixed,16,1,0.0625,4.0,1024,32768,16384,65536,19456,16030.352,16889.77,16234.967,0.2381
mixed,16,1,0.0625,4.0,4096,0,16384,65536,19456,4093.194,4982.778,4352.619,0.2916
mixed,16,1,0.0625,4.0,4096,512,16384,65536,19456,5226.463,6106.667,5483.869,0.2924
mixed,16,1,0.0625,4.0,4096,2048,16384,65536,19456,7194.724,8048.69,7452.499,0.3019
mixed,16,1,0.0625,4.0,4096,8192,16384,65536,19456,15073.961,15959.729,15532.356,0.5175
mixed,16,1,0.0625,4.0,4096,32768,128,512,152,48919.824,48384.391,48808.797,
mixed,16,1,0.0625,4.0,4096,32768,256,1024,304,48964.014,48770.294,48243.989,
mixed,16,1,0.0625,4.0,4096,32768,512,2048,608,48625.502,48258.25,48605.661,
mixed,16,1,0.0625,4.0,4096,32768,1024,4096,1216,48944.376,49347.17,48642.024,-0.7506
mixed,16,1,0.0625,4.0,4096,32768,2048,8192,2432,49240.428,49105.359,49432.413,
mixed,16,1,0.0625,4.0,4096,32768,4096,16384,4864,48876.657,48516.671,47897.517,
mixed,16,1,0.0625,4.0,4096,32768,8192,32768,9728,49066.283,49255.319,48897.434,-0.8932
mixed,16,1,0.0625,4.0,4096,32768,16384,65536,19456,48867.482,48985.497,49475.702,5.1537
pure,16,2,0.125,4.0,0,0,16384,65536,22528,565.682,1382.835,593.219,0.0337
mixed,16,2,0.125,4.0,16,0,16384,65536,22528,582.498,1401.525,1374.755,0.9673
mixed,16,2,0.125,4.0,16,512,16384,65536,22528,641.139,1457.411,1380.26,0.9055
mixed,16,2,0.125,4.0,16,2048,16384,65536,22528,757.268,1577.763,1388.277,0.7691
mixed,16,2,0.125,4.0,16,8192,16384,65536,22528,758.627,2030.581,1368.324,0.4793
mixed,16,2,0.125,4.0,16,32768,128,512,176,765.411,767.124,765.761,0.2048
mixed,16,2,0.125,4.0,16,32768,256,1024,352,767.49,837.586,767.778,0.0041
mixed,16,2,0.125,4.0,16,32768,512,2048,704,771.344,916.45,766.724,-0.0318
mixed,16,2,0.125,4.0,16,32768,1024,4096,1408,868.145,1072.116,839.297,-0.1414
mixed,16,2,0.125,4.0,16,32768,2048,8192,2816,975.027,968.659,917.681,
mixed,16,2,0.125,4.0,16,32768,4096,16384,5632,1187.985,1413.89,1384.435,0.8696
mixed,16,2,0.125,4.0,16,32768,8192,32768,11264,981.859,1392.436,1387.601,0.9882
mixed,16,2,0.125,4.0,16,32768,16384,65536,22528,1845.221,3052.727,1619.62,-0.1868
mixed,16,2,0.125,4.0,64,0,16384,65536,22528,1785.891,4986.413,4972.394,0.9956
mixed,16,2,0.125,4.0,64,512,16384,65536,22528,1848.146,5065.518,4981.006,0.9737
mixed,16,2,0.125,4.0,64,2048,16384,65536,22528,1966.082,5166.347,4981.405,0.9422
mixed,16,2,0.125,4.0,64,8192,16384,65536,22528,2429.078,5622.878,4999.534,0.8048
mixed,16,2,0.125,4.0,64,32768,128,512,176,2529.477,2529.269,2527.976,
mixed,16,2,0.125,4.0,64,32768,256,1024,352,2528.549,2528.792,2529.478,3.8268
mixed,16,2,0.125,4.0,64,32768,512,2048,704,2528.632,2535.302,2528.659,0.004
mixed,16,2,0.125,4.0,64,32768,1024,4096,1408,2529.077,2688.904,2529.253,0.0011
mixed,16,2,0.125,4.0,64,32768,2048,8192,2816,2535.188,3163.463,2529.189,-0.0095
mixed,16,2,0.125,4.0,64,32768,4096,16384,5632,2971.302,3777.256,2864.214,-0.1329
mixed,16,2,0.125,4.0,64,32768,8192,32768,11264,3392.727,4989.63,3163.351,-0.1436
mixed,16,2,0.125,4.0,64,32768,16384,65536,22528,4231.144,7439.281,4988.669,0.2361
mixed,16,2,0.125,4.0,256,0,16384,65536,22528,1864.371,5069.963,5053.643,0.9949
mixed,16,2,0.125,4.0,256,512,16384,65536,22528,2136.293,5335.374,5263.643,0.9776
mixed,16,2,0.125,4.0,256,2048,16384,65536,22528,2601.974,5800.99,5623.612,0.9446
mixed,16,2,0.125,4.0,256,8192,16384,65536,22528,4389.818,7586.416,7005.648,0.8183
mixed,16,2,0.125,4.0,256,32768,128,512,176,10012.854,10011.862,10013.69,
mixed,16,2,0.125,4.0,256,32768,256,1024,352,10012.074,10015.787,10017.955,1.5839
mixed,16,2,0.125,4.0,256,32768,512,2048,704,10029.557,10011.514,10010.185,
mixed,16,2,0.125,4.0,256,32768,1024,4096,1408,10011.783,10014.282,10012.824,0.4163
mixed,16,2,0.125,4.0,256,32768,2048,8192,2816,9935.174,9937.013,9941.253,3.306
mixed,16,2,0.125,4.0,256,32768,4096,16384,5632,9968.387,9978.129,9939.433,-2.9717
mixed,16,2,0.125,4.0,256,32768,8192,32768,11264,9934.6,12395.31,9957.546,0.0093
mixed,16,2,0.125,4.0,256,32768,16384,65536,22528,10935.21,14834.323,12418.524,0.3804
mixed,16,2,0.125,4.0,1024,0,16384,65536,22528,1120.723,1943.715,1144.677,0.0291
mixed,16,2,0.125,4.0,1024,512,16384,65536,22528,1525.84,2345.815,1547.457,0.0264
mixed,16,2,0.125,4.0,1024,2048,16384,65536,22528,2221.302,3040.006,2244.34,0.0281
mixed,16,2,0.125,4.0,1024,8192,16384,65536,22528,4996.781,5822.973,5039.244,0.0514
mixed,16,2,0.125,4.0,1024,32768,128,512,176,15626.194,15593.657,15672.054,
mixed,16,2,0.125,4.0,1024,32768,256,1024,352,15592.484,15636.273,15617.041,0.5608
mixed,16,2,0.125,4.0,1024,32768,512,2048,704,15637.639,15656.945,15644.862,0.3741
mixed,16,2,0.125,4.0,1024,32768,1024,4096,1408,15676.232,15699.419,15646.476,-1.2833
mixed,16,2,0.125,4.0,1024,32768,2048,8192,2816,15680.558,15776.049,15663.014,-0.1837
mixed,16,2,0.125,4.0,1024,32768,4096,16384,5632,15714.136,15950.921,15739.123,0.1055
mixed,16,2,0.125,4.0,1024,32768,8192,32768,11264,15807.579,16290.854,15855.998,0.1002
mixed,16,2,0.125,4.0,1024,32768,16384,65536,22528,16093.876,16891.141,16087.636,-0.0078
mixed,16,2,0.125,4.0,4096,0,16384,65536,22528,4148.986,4977.26,4186.17,0.0449
mixed,16,2,0.125,4.0,4096,512,16384,65536,22528,5291.947,6119.724,5304.139,0.0147
mixed,16,2,0.125,4.0,4096,2048,16384,65536,22528,7228.318,8046.96,7254.241,0.0317
mixed,16,2,0.125,4.0,4096,8192,16384,65536,22528,15164.181,15942.146,15153.452,-0.0138
mixed,16,2,0.125,4.0,4096,32768,128,512,176,47967.12,49043.715,49103.875,1.0559
mixed,16,2,0.125,4.0,4096,32768,256,1024,352,48902.814,48980.92,48312.197,-7.5617
mixed,16,2,0.125,4.0,4096,32768,512,2048,704,49072.89,49125.308,48667.92,-7.7258
mixed,16,2,0.125,4.0,4096,32768,1024,4096,1408,49305.223,49604.813,48780.054,-1.753
mixed,16,2,0.125,4.0,4096,32768,2048,8192,2816,48721.22,48023.68,47605.654,
mixed,16,2,0.125,4.0,4096,32768,4096,16384,5632,48640.756,48998.33,49551.687,2.5475
mixed,16,2,0.125,4.0,4096,32768,8192,32768,11264,49018.157,49616.266,47785.524,-2.0609
mixed,16,2,0.125,4.0,4096,32768,16384,65536,22528,49594.474,50187.842,49558.348,-0.0609
pure,16,3,0.1875,4.0,0,0,16384,65536,25600,624.305,1383.013,980.964,0.4701
mixed,16,3,0.1875,4.0,16,0,16384,65536,25600,641.089,1392.676,1373.603,0.9746
mixed,16,3,0.1875,4.0,16,512,16384,65536,25600,701.073,1458.147,1380.484,0.8974
mixed,16,3,0.1875,4.0,16,2048,16384,65536,25600,814.899,1575.892,1385.907,0.7503
mixed,16,3,0.1875,4.0,16,8192,16384,65536,25600,786.817,2028.63,1370.611,0.4701
mixed,16,3,0.1875,4.0,16,32768,128,512,200,766.784,766.802,768.048,74.3235
mixed,16,3,0.1875,4.0,16,32768,256,1024,400,765.535,836.882,766.355,0.0115
mixed,16,3,0.1875,4.0,16,32768,512,2048,800,767.729,916.964,765.667,-0.0138
mixed,16,3,0.1875,4.0,16,32768,1024,4096,1600,883.251,1070.064,839.617,-0.2336
mixed,16,3,0.1875,4.0,16,32768,2048,8192,3200,1004.13,968.035,1376.467,
mixed,16,3,0.1875,4.0,16,32768,4096,16384,6400,1242.996,1408.533,1398.915,0.9419
mixed,16,3,0.1875,4.0,16,32768,8192,32768,12800,1145.717,1396.227,1407.844,1.0464
mixed,16,3,0.1875,4.0,16,32768,16384,65536,25600,1977.989,3079.351,1629.413,-0.3165
mixed,16,3,0.1875,4.0,64,0,16384,65536,25600,2034.691,5042.508,5021.23,0.9929
mixed,16,3,0.1875,4.0,64,512,16384,65536,25600,2090.485,5085.756,5072.525,0.9956
mixed,16,3,0.1875,4.0,64,2048,16384,65536,25600,2219.107,5222.623,5188.67,0.9887
mixed,16,3,0.1875,4.0,64,8192,16384,65536,25600,2676.725,5662.158,5649.693,0.9958
mixed,16,3,0.1875,4.0,64,32768,128,512,200,2548.217,2549.093,2547.896,-0.367
mixed,16,3,0.1875,4.0,64,32768,256,1024,400,2547.11,2549.11,2548.678,0.7836
mixed,16,3,0.1875,4.0,64,32768,512,2048,800,2548.198,2548.951,2550.918,3.6116
mixed,16,3,0.1875,4.0,64,32768,1024,4096,1600,2547.991,2706.66,2548.549,0.0035
mixed,16,3,0.1875,4.0,64,32768,2048,8192,3200,2550.694,3187.879,2549.75,-0.0015
mixed,16,3,0.1875,4.0,64,32768,4096,16384,6400,3055.72,3799.306,2880.695,-0.2354
mixed,16,3,0.1875,4.0,64,32768,8192,32768,12800,3533.302,5028.013,5027.467,0.9996
mixed,16,3,0.1875,4.0,64,32768,16384,65536,25600,4489.117,7478.64,7470.175,0.9972
mixed,16,3,0.1875,4.0,256,0,16384,65536,25600,2105.878,5112.698,5111.082,0.9995
mixed,16,3,0.1875,4.0,256,512,16384,65536,25600,2386.019,5371.883,5298.233,0.9753
mixed,16,3,0.1875,4.0,256,2048,16384,65536,25600,2840.552,5827.646,5659.07,0.9436
mixed,16,3,0.1875,4.0,256,8192,16384,65536,25600,4649.1,7639.57,7016.849,0.7918
mixed,16,3,0.1875,4.0,256,32768,128,512,200,10011.67,10014.09,10023.58,4.9205
mixed,16,3,0.1875,4.0,256,32768,256,1024,400,10011.701,10013.929,10010.745,-0.4294
mixed,16,3,0.1875,4.0,256,32768,512,2048,800,10013.095,10015.223,10011.975,-0.5269
mixed,16,3,0.1875,4.0,256,32768,1024,4096,1600,10010.173,10014.307,10011.59,0.3427
mixed,16,3,0.1875,4.0,256,32768,2048,8192,3200,10011.367,10013.093,10010.894,-0.274
mixed,16,3,0.1875,4.0,256,32768,4096,16384,6400,10012.051,10060.626,10012.346,0.0061
mixed,16,3,0.1875,4.0,256,32768,8192,32768,12800,10014.419,12485.818,10035.847,0.0087
mixed,16,3,0.1875,4.0,256,32768,16384,65536,25600,11471.366,14952.428,12511.436,0.2988
mixed,16,3,0.1875,4.0,1024,0,16384,65536,25600,1180.019,1950.805,1545.616,0.4743
mixed,16,3,0.1875,4.0,1024,512,16384,65536,25600,1581.667,2344.74,1941.572,0.4717
mixed,16,3,0.1875,4.0,1024,2048,16384,65536,25600,2281.908,3047.525,2637.239,0.4641
mixed,16,3,0.1875,4.0,1024,8192,16384,65536,25600,5085.53,5839.662,5440.954,0.4713
mixed,16,3,0.1875,4.0,1024,32768,128,512,200,15685.346,15619.473,15593.309,
mixed,16,3,0.1875,4.0,1024,32768,256,1024,400,15617.22,15644.342,15597.523,-0.7262
mixed,16,3,0.1875,4.0,1024,32768,512,2048,800,15634.929,15668.789,15644.419,0.2803
mixed,16,3,0.1875,4.0,1024,32768,1024,4096,1600,15619.545,15706.674,15661.751,0.4844
mixed,16,3,0.1875,4.0,1024,32768,2048,8192,3200,15679.765,15744.648,15728.695,0.7541
mixed,16,3,0.1875,4.0,1024,32768,4096,16384,6400,15712.551,15914.583,15845.234,0.6567
mixed,16,3,0.1875,4.0,1024,32768,8192,32768,12800,15865.132,16235.299,16077.297,0.5732
mixed,16,3,0.1875,4.0,1024,32768,16384,65536,25600,16111.487,16878.436,16457.543,0.4512
mixed,16,3,0.1875,4.0,4096,0,16384,65536,25600,4212.89,4974.14,4568.014,0.4665
mixed,16,3,0.1875,4.0,4096,512,16384,65536,25600,5347.629,6110.827,5700.957,0.463
mixed,16,3,0.1875,4.0,4096,2048,16384,65536,25600,7299.087,8057.443,7650.11,0.4629
mixed,16,3,0.1875,4.0,4096,8192,16384,65536,25600,15320.287,16011.632,15549.218,0.3311
mixed,16,3,0.1875,4.0,4096,32768,128,512,200,48603.257,48697.629,48959.933,3.7795
mixed,16,3,0.1875,4.0,4096,32768,256,1024,400,48060.147,48845.124,47874.77,-0.2362
mixed,16,3,0.1875,4.0,4096,32768,512,2048,800,47936.24,48774.836,47882.409,-0.0642
mixed,16,3,0.1875,4.0,4096,32768,1024,4096,1600,48801.272,48345.881,47998.49,
mixed,16,3,0.1875,4.0,4096,32768,2048,8192,3200,48982.775,48429.94,48436.055,
mixed,16,3,0.1875,4.0,4096,32768,4096,16384,6400,48797.206,49404.102,49040.419,0.4007
mixed,16,3,0.1875,4.0,4096,32768,8192,32768,12800,48932.152,49208.442,49302.249,1.3395
mixed,16,3,0.1875,4.0,4096,32768,16384,65536,25600,49560.89,49986.406,49365.919,-0.4582
pure,16,4,0.25,4.0,0,0,16384,65536,28672,683.394,1387.139,982.785,0.4254
mixed,16,4,0.25,4.0,16,0,16384,65536,28672,699.331,1400.517,1382.258,0.974
mixed,16,4,0.25,4.0,16,512,16384,65536,28672,761.297,1461.251,1382.659,0.8877
mixed,16,4,0.25,4.0,16,2048,16384,65536,28672,873.778,1574.755,1379.138,0.7209
mixed,16,4,0.25,4.0,16,8192,16384,65536,28672,866.162,2033.157,1378.291,0.4388
mixed,16,4,0.25,4.0,16,32768,128,512,224,767.97,769.665,767.186,-0.4627
mixed,16,4,0.25,4.0,16,32768,256,1024,448,765.858,837.729,767.441,0.022
mixed,16,4,0.25,4.0,16,32768,512,2048,896,812.002,915.73,799.843,-0.1172
mixed,16,4,0.25,4.0,16,32768,1024,4096,1792,901.17,1070.644,839.826,-0.362
mixed,16,4,0.25,4.0,16,32768,2048,8192,3584,1031.65,967.601,1376.979,
mixed,16,4,0.25,4.0,16,32768,4096,16384,7168,1301.826,1411.284,1386.26,0.7714
mixed,16,4,0.25,4.0,16,32768,8192,32768,14336,1255.203,1388.227,1394.596,1.0479
mixed,16,4,0.25,4.0,16,32768,16384,65536,28672,1389.219,3055.832,1378.595,-0.0064
mixed,16,4,0.25,4.0,64,0,16384,65536,28672,2241.912,4984.425,4981.643,0.999
mixed,16,4,0.25,4.0,64,512,16384,65536,28672,2302.325,5051.644,5041.033,0.9961
mixed,16,4,0.25,4.0,64,2048,16384,65536,28672,2443.077,5207.613,5191.05,0.994
mixed,16,4,0.25,4.0,64,8192,16384,65536,28672,2908.644,5679.279,5659.243,0.9928
mixed,16,4,0.25,4.0,64,32768,128,512,224,2548.182,2547.655,2546.948,
mixed,16,4,0.25,4.0,64,32768,256,1024,448,2547.477,2548.453,2549.205,1.7701
mixed,16,4,0.25,4.0,64,32768,512,2048,896,2548.872,2547.604,2547.829,
mixed,16,4,0.25,4.0,64,32768,1024,4096,1792,2548.167,2708.759,2552.004,0.0239
mixed,16,4,0.25,4.0,64,32768,2048,8192,3584,2549.205,3187.513,2552.134,0.0046
mixed,16,4,0.25,4.0,64,32768,4096,16384,7168,3110.68,3808.568,2881.015,-0.3291
mixed,16,4,0.25,4.0,64,32768,8192,32768,14336,3648.871,5027.26,5026.028,0.9991
mixed,16,4,0.25,4.0,64,32768,16384,65536,28672,4719.932,7475.97,7474.366,0.9994
mixed,16,4,0.25,4.0,256,0,16384,65536,28672,2327.334,5097.628,5090.153,0.9973
mixed,16,4,0.25,4.0,256,512,16384,65536,28672,2617.284,5360.06,5307.1,0.9807
mixed,16,4,0.25,4.0,256,2048,16384,65536,28672,3071.91,5823.005,5659.708,0.9406
mixed,16,4,0.25,4.0,256,8192,16384,65536,28672,4881.082,7646.291,7020.818,0.7738
mixed,16,4,0.25,4.0,256,32768,128,512,224,10008.696,10012.338,10011.279,0.7091
mixed,16,4,0.25,4.0,256,32768,256,1024,448,10018.676,10009.609,10011.638,
mixed,16,4,0.25,4.0,256,32768,512,2048,896,10013.623,10012.809,10012.999,
mixed,16,4,0.25,4.0,256,32768,1024,4096,1792,10013.508,10013.771,10011.912,-6.0954
mixed,16,4,0.25,4.0,256,32768,2048,8192,3584,10014.424,10012.715,10012.981,
mixed,16,4,0.25,4.0,256,32768,4096,16384,7168,10036.58,10061.014,10014.361,-0.9093
mixed,16,4,0.25,4.0,256,32768,8192,32768,14336,10014.701,12484.749,10035.272,0.0083
mixed,16,4,0.25,4.0,256,32768,16384,65536,28672,11898.121,14936.64,12488.016,0.1941
mixed,16,4,0.25,4.0,1024,0,16384,65536,28672,1237.858,1949.557,1543.527,0.4295
mixed,16,4,0.25,4.0,1024,512,16384,65536,28672,1643.702,2352.024,1947.652,0.4291
mixed,16,4,0.25,4.0,1024,2048,16384,65536,28672,2342.584,3051.352,2640.998,0.421
mixed,16,4,0.25,4.0,1024,8192,16384,65536,28672,5129.262,5842.334,5446.479,0.4449
mixed,16,4,0.25,4.0,1024,32768,128,512,224,15703.958,15703.558,15710.414,
mixed,16,4,0.25,4.0,1024,32768,256,1024,448,15607.606,15627.072,15600.531,-0.3635
mixed,16,4,0.25,4.0,1024,32768,512,2048,896,15610.572,15644.802,15677.884,1.9665
mixed,16,4,0.25,4.0,1024,32768,1024,4096,1792,15707.154,15725.588,15681.091,-1.4138
mixed,16,4,0.25,4.0,1024,32768,2048,8192,3584,15698.84,15781.837,15711.883,0.1572
mixed,16,4,0.25,4.0,1024,32768,4096,16384,7168,15764.243,15972.531,15889.023,0.5991
mixed,16,4,0.25,4.0,1024,32768,8192,32768,14336,15910.15,16286.981,16097.699,0.4977
mixed,16,4,0.25,4.0,1024,32768,16384,65536,28672,16184.565,16860.422,16489.645,0.4514
mixed,16,4,0.25,4.0,4096,0,16384,65536,28672,4268.044,4978.585,4569.037,0.4236
mixed,16,4,0.25,4.0,4096,512,16384,65536,28672,5413.627,6103.199,5696.817,0.4107
mixed,16,4,0.25,4.0,4096,2048,16384,65536,28672,7349.226,8051.938,7651.845,0.4306
mixed,16,4,0.25,4.0,4096,8192,16384,65536,28672,15533.042,15922.389,15944.361,1.0564
mixed,16,4,0.25,4.0,4096,32768,128,512,224,48902.248,48382.111,49175.524,
mixed,16,4,0.25,4.0,4096,32768,256,1024,448,49189.568,48535.291,48640.38,
mixed,16,4,0.25,4.0,4096,32768,512,2048,896,48924.578,49011.863,48044.784,-10.0795
mixed,16,4,0.25,4.0,4096,32768,1024,4096,1792,49048.006,48280.998,49057.574,
mixed,16,4,0.25,4.0,4096,32768,2048,8192,3584,48473.891,48631.861,49213.454,4.6817
mixed,16,4,0.25,4.0,4096,32768,4096,16384,7168,49125.178,49444.884,49164.498,0.123
mixed,16,4,0.25,4.0,4096,32768,8192,32768,14336,49375.32,49878.037,49066.98,-0.6133
mixed,16,4,0.25,4.0,4096,32768,16384,65536,28672,49151.8,49806.924,49015.781,-0.2076
pure,16,8,0.5,4.0,0,0,16384,65536,40960,914.994,1380.74,964.146,0.1055
mixed,16,8,0.5,4.0,16,0,16384,65536,40960,928.754,1394.851,1375.634,0.9588
mixed,16,8,0.5,4.0,16,512,16384,65536,40960,996.02,1459.828,1379.745,0.8273
mixed,16,8,0.5,4.0,16,2048,16384,65536,40960,1107.252,1577.269,1386.93,0.595
mixed,16,8,0.5,4.0,16,8192,16384,65536,40960,1575.156,2032.693,1386.02,-0.4134
mixed,16,8,0.5,4.0,16,32768,128,512,320,765.986,766.129,766.575,4.1259
mixed,16,8,0.5,4.0,16,32768,256,1024,640,766.129,839.568,768.61,0.0338
mixed,16,8,0.5,4.0,16,32768,512,2048,1280,858.706,917.697,814.513,-0.7491
mixed,16,8,0.5,4.0,16,32768,1024,4096,2560,959.618,1071.779,1069.954,0.9837
mixed,16,8,0.5,4.0,16,32768,2048,8192,5120,1147.956,968.115,1378.613,
mixed,16,8,0.5,4.0,16,32768,4096,16384,10240,966.689,1406.819,1086.901,0.2731
mixed,16,8,0.5,4.0,16,32768,8192,32768,20480,1715.763,1388.164,1815.715,
mixed,16,8,0.5,4.0,16,32768,16384,65536,40960,2231.108,3059.846,2622.551,0.4723
mixed,16,8,0.5,4.0,64,0,16384,65536,40960,3163.16,4994.267,4986.747,0.9959
mixed,16,8,0.5,4.0,64,512,16384,65536,40960,3218.406,5042.892,5039.564,0.9982
mixed,16,8,0.5,4.0,64,2048,16384,65536,40960,3341.592,5166.3,5158.62,0.9958
mixed,16,8,0.5,4.0,64,8192,16384,65536,40960,3810.152,5641.995,5616.83,0.9863
mixed,16,8,0.5,4.0,64,32768,128,512,320,2530.182,2529.462,2529.622,
mixed,16,8,0.5,4.0,64,32768,256,1024,640,2537.078,2533.22,2528.772,
mixed,16,8,0.5,4.0,64,32768,512,2048,1280,2529.414,2529.333,2528.005,
mixed,16,8,0.5,4.0,64,32768,1024,4096,2560,2530.886,2707.461,2549.331,0.1045
mixed,16,8,0.5,4.0,64,32768,2048,8192,5120,2955.927,3187.693,2725.818,-0.9929
mixed,16,8,0.5,4.0,64,32768,4096,16384,10240,3340.782,3807.376,3801.471,0.9873
mixed,16,8,0.5,4.0,64,32768,8192,32768,20480,4105.169,5041.668,5027.317,0.9847
mixed,16,8,0.5,4.0,64,32768,16384,65536,40960,5644.149,7494.958,7478.077,0.9909
mixed,16,8,0.5,4.0,256,0,16384,65536,40960,3255.102,5110.358,5100.148,0.9945
mixed,16,8,0.5,4.0,256,512,16384,65536,40960,3534.318,5374.055,5309.385,0.9648
mixed,16,8,0.5,4.0,256,2048,16384,65536,40960,3984.752,5821.431,5654.247,0.909
mixed,16,8,0.5,4.0,256,8192,16384,65536,40960,5798.026,7640.141,7024.668,0.6659
mixed,16,8,0.5,4.0,256,32768,128,512,320,10012.684,10009.594,10010.172,
mixed,16,8,0.5,4.0,256,32768,256,1024,640,10011.034,10014.281,10012.327,0.3984
mixed,16,8,0.5,4.0,256,32768,512,2048,1280,10012.55,10014.554,10011.478,-0.5349
mixed,16,8,0.5,4.0,256,32768,1024,4096,2560,10011.019,10012.629,10013.733,1.6852
mixed,16,8,0.5,4.0,256,32768,2048,8192,5120,10013.758,10013.787,10010.425,-114.9483
mixed,16,8,0.5,4.0,256,32768,4096,16384,10240,10009.943,10060.293,10013.959,0.0798
mixed,16,8,0.5,4.0,256,32768,8192,32768,20480,10670.09,12482.678,10646.214,-0.0132
mixed,16,8,0.5,4.0,256,32768,16384,65536,40960,13112.481,14947.883,12488.261,-0.3401
mixed,16,8,0.5,4.0,1024,0,16384,65536,40960,1474.694,1951.015,1527.061,0.1099
mixed,16,8,0.5,4.0,1024,512,16384,65536,40960,1887.418,2354.943,1932.855,0.0972
mixed,16,8,0.5,4.0,1024,2048,16384,65536,40960,2581.628,3053.356,2633.821,0.1106
mixed,16,8,0.5,4.0,1024,8192,16384,65536,40960,5380.215,5856.137,5432.853,0.1106
mixed,16,8,0.5,4.0,1024,32768,128,512,320,15693.869,15706.12,15623.066,-5.7793
mixed,16,8,0.5,4.0,1024,32768,256,1024,640,15648.507,15652.651,15599.047,-11.9353
mixed,16,8,0.5,4.0,1024,32768,512,2048,1280,15638.273,15638.997,15647.035,12.0939
mixed,16,8,0.5,4.0,1024,32768,1024,4096,2560,15675.358,15692.639,15647.963,-1.5852
mixed,16,8,0.5,4.0,1024,32768,2048,8192,5120,15723.235,15762.704,15695.277,-0.7084
mixed,16,8,0.5,4.0,1024,32768,4096,16384,10240,15816.291,15965.752,15865.31,0.328
mixed,16,8,0.5,4.0,1024,32768,8192,32768,20480,16011.376,16281.461,16044.843,0.1239
mixed,16,8,0.5,4.0,1024,32768,16384,65536,40960,16450.067,16925.974,16452.162,0.0044
mixed,16,8,0.5,4.0,4096,0,16384,65536,40960,4500.739,4974.035,4553.06,0.1105
mixed,16,8,0.5,4.0,4096,512,16384,65536,40960,5630.869,6113.284,5686.869,0.1161
mixed,16,8,0.5,4.0,4096,2048,16384,65536,40960,7588.78,8071.295,7631.931,0.0894
mixed,16,8,0.5,4.0,4096,8192,16384,65536,40960,15476.391,16068.113,15722.749,0.4163
mixed,16,8,0.5,4.0,4096,32768,128,512,320,48802.697,49114.288,49147.39,1.1062
mixed,16,8,0.5,4.0,4096,32768,256,1024,640,49008.12,48859.573,49204.572,
mixed,16,8,0.5,4.0,4096,32768,512,2048,1280,48117.285,49022.78,48764.677,0.715
mixed,16,8,0.5,4.0,4096,32768,1024,4096,2560,48953.974,49226.614,48893.129,-0.2232
mixed,16,8,0.5,4.0,4096,32768,2048,8192,5120,49128.023,49526.495,48923.453,-0.5134
mixed,16,8,0.5,4.0,4096,32768,4096,16384,10240,49079.45,49611.793,49108.012,0.0537
mixed,16,8,0.5,4.0,4096,32768,8192,32768,20480,49376.799,49747.168,49330.192,-0.1258
mixed,16,8,0.5,4.0,4096,32768,16384,65536,40960,50173.042,50631.935,49878.629,-0.6416
pure,16,12,0.75,4.0,0,0,16384,65536,53248,1148.309,1383.365,1402.341,1.0807
mixed,16,12,0.75,4.0,16,0,16384,65536,53248,1162.34,1393.766,1384.454,0.9598
mixed,16,12,0.75,4.0,16,512,16384,65536,53248,1222.883,1457.24,1387.669,0.7031
mixed,16,12,0.75,4.0,16,2048,16384,65536,53248,1339.719,1575.912,1389.428,0.2105
mixed,16,12,0.75,4.0,16,8192,16384,65536,53248,1800.231,2029.225,2014.327,0.9349
mixed,16,12,0.75,4.0,16,32768,128,512,416,766.977,766.178,768.195,
mixed,16,12,0.75,4.0,16,32768,256,1024,832,770.404,839.267,772.884,0.036
mixed,16,12,0.75,4.0,16,32768,512,2048,1664,887.541,917.875,916.42,0.952
mixed,16,12,0.75,4.0,16,32768,1024,4096,3328,1013.267,1070.613,1071.222,1.0106
mixed,16,12,0.75,4.0,16,32768,2048,8192,6656,1266.98,966.981,1376.486,
mixed,16,12,0.75,4.0,16,32768,4096,16384,13312,1176.642,1410.837,1404.981,0.975
mixed,16,12,0.75,4.0,16,32768,8192,32768,26624,2000.024,1393.814,1827.737,
mixed,16,12,0.75,4.0,16,32768,16384,65536,53248,2748.619,3055.779,3051.861,0.9872
mixed,16,12,0.75,4.0,64,0,16384,65536,53248,4072.159,4995.082,4988.346,0.9927
mixed,16,12,0.75,4.0,64,512,16384,65536,53248,4140.051,5063.435,5060.139,0.9964
mixed,16,12,0.75,4.0,64,2048,16384,65536,53248,4258.707,5178.639,5171.996,0.9928
mixed,16,12,0.75,4.0,64,8192,16384,65536,53248,4713.465,5641.97,5618.434,0.9747
mixed,16,12,0.75,4.0,64,32768,128,512,416,2528.939,2528.572,2530.207,
mixed,16,12,0.75,4.0,64,32768,256,1024,832,2531.055,2528.462,2529.355,
mixed,16,12,0.75,4.0,64,32768,512,2048,1664,2528.43,2536.557,2529.324,0.1099
mixed,16,12,0.75,4.0,64,32768,1024,4096,3328,2531.837,2696.11,2530.54,-0.0079
mixed,16,12,0.75,4.0,64,32768,2048,8192,6656,3048.227,3162.261,3167.683,1.0475
mixed,16,12,0.75,4.0,64,32768,4096,16384,13312,3544.376,3771.978,3774.876,1.0127
mixed,16,12,0.75,4.0,64,32768,8192,32768,26624,4537.796,4991.273,4990.54,0.9984
mixed,16,12,0.75,4.0,64,32768,16384,65536,53248,6512.809,7422.44,7422.662,1.0002
mixed,16,12,0.75,4.0,256,0,16384,65536,53248,4157.081,5062.155,5063.676,1.0017
mixed,16,12,0.75,4.0,256,512,16384,65536,53248,4434.41,5349.42,5356.283,1.0075
mixed,16,12,0.75,4.0,256,2048,16384,65536,53248,4876.65,5788.863,5795.1,1.0068
mixed,16,12,0.75,4.0,256,8192,16384,65536,53248,6674.271,7591.024,7581.123,0.9892
mixed,16,12,0.75,4.0,256,32768,128,512,416,9941.076,9954.266,9932.942,-0.6167
mixed,16,12,0.75,4.0,256,32768,256,1024,832,9937.031,9934.919,9934.422,
mixed,16,12,0.75,4.0,256,32768,512,2048,1664,9956.935,9933.859,9935.463,
mixed,16,12,0.75,4.0,256,32768,1024,4096,3328,9933.418,9932.922,9937.526,
mixed,16,12,0.75,4.0,256,32768,2048,8192,6656,9938.31,9938.743,9935.337,-6.8728
mixed,16,12,0.75,4.0,256,32768,4096,16384,13312,9941.925,9979.077,9980.955,1.0505
mixed,16,12,0.75,4.0,256,32768,8192,32768,26624,11509.869,12393.995,12390.713,0.9963
mixed,16,12,0.75,4.0,256,32768,16384,65536,53248,13910.206,14826.769,14830.979,1.0046
mixed,16,12,0.75,4.0,1024,0,16384,65536,53248,1708.437,1948.708,1959.092,1.0432
mixed,16,12,0.75,4.0,1024,512,16384,65536,53248,2113.207,2343.766,2368.869,1.1089
mixed,16,12,0.75,4.0,1024,2048,16384,65536,53248,2809.128,3039.384,3048.996,1.0417
mixed,16,12,0.75,4.0,1024,8192,16384,65536,53248,5588.139,5821.176,5840.815,1.0843
mixed,16,12,0.75,4.0,1024,32768,128,512,416,15614.55,15637.921,15658.754,1.8915
mixed,16,12,0.75,4.0,1024,32768,256,1024,832,15652.909,15633.48,15638.904,
mixed,16,12,0.75,4.0,1024,32768,512,2048,1664,15620.178,15647.489,15711.829,3.3558
mixed,16,12,0.75,4.0,1024,32768,1024,4096,3328,15660.725,15724.134,15728.913,1.0754
mixed,16,12,0.75,4.0,1024,32768,2048,8192,6656,15746.343,15788.906,15796.02,1.1672
mixed,16,12,0.75,4.0,1024,32768,4096,16384,13312,15896.227,15931.943,15930.403,0.9569
mixed,16,12,0.75,4.0,1024,32768,8192,32768,26624,16133.925,16252.355,16262.601,1.0865
mixed,16,12,0.75,4.0,1024,32768,16384,65536,53248,16616.404,16900.95,16866.757,0.8798
mixed,16,12,0.75,4.0,4096,0,16384,65536,53248,4740.297,4970.204,4988.266,1.0786
mixed,16,12,0.75,4.0,4096,512,16384,65536,53248,5859.503,6102.186,6130.941,1.1185
mixed,16,12,0.75,4.0,4096,2048,16384,65536,53248,7818.901,8075.236,8069.395,0.9772
mixed,16,12,0.75,4.0,4096,8192,16384,65536,53248,15724.086,15947.297,16086.696,1.6245
mixed,16,12,0.75,4.0,4096,32768,128,512,416,48853.774,49134.202,48628.151,-0.8046
mixed,16,12,0.75,4.0,4096,32768,256,1024,832,48280.32,48881.128,48664.743,0.6398
mixed,16,12,0.75,4.0,4096,32768,512,2048,1664,49276.91,49168.757,48241.909,
mixed,16,12,0.75,4.0,4096,32768,1024,4096,3328,49207.698,49333.799,49105.047,-0.814
mixed,16,12,0.75,4.0,4096,32768,2048,8192,6656,48310.387,49492.295,49143.633,0.705
mixed,16,12,0.75,4.0,4096,32768,4096,16384,13312,49311.443,49093.959,49367.119,
mixed,16,12,0.75,4.0,4096,32768,8192,32768,26624,49241.948,49508.711,49650.876,1.5329
mixed,16,12,0.75,4.0,4096,32768,16384,65536,53248,48875.69,50507.063,50168.364,0.7924
pure,16,14,0.875,4.0,0,0,16384,65536,59392,1270.083,1386.612,2140.948,7.4734
mixed,16,14,0.875,4.0,16,0,16384,65536,59392,1282.58,1398.596,1393.955,0.96
mixed,16,14,0.875,4.0,16,512,16384,65536,59392,1339.716,1460.485,1448.645,0.902
mixed,16,14,0.875,4.0,16,2048,16384,65536,59392,1460.71,1576.149,1569.735,0.9444
mixed,16,14,0.875,4.0,16,8192,16384,65536,59392,1921.093,2036.07,2035.093,0.9915
mixed,16,14,0.875,4.0,16,32768,128,512,464,766.882,770.737,765.713,-0.3034
mixed,16,14,0.875,4.0,16,32768,256,1024,928,813.457,838.977,790.85,-0.8858
mixed,16,14,0.875,4.0,16,32768,512,2048,1856,901.057,916.099,915.668,0.9713
mixed,16,14,0.875,4.0,16,32768,1024,4096,3712,1044.035,1071.236,1073.269,1.0748
mixed,16,14,0.875,4.0,16,32768,2048,8192,7424,1323.012,966.851,1377.636,
mixed,16,14,0.875,4.0,16,32768,4096,16384,14848,1294.212,1406.883,1406.565,0.9972
mixed,16,14,0.875,4.0,16,32768,8192,32768,29696,1386.677,1386.595,1385.442,
mixed,16,14,0.875,4.0,16,32768,16384,65536,59392,2904.393,3062.343,3047.416,0.9055
mixed,16,14,0.875,4.0,64,0,16384,65536,59392,4526.159,4990.287,4985.504,0.9897
mixed,16,14,0.875,4.0,64,512,16384,65536,59392,4589.548,5047.791,5051.325,1.0077
mixed,16,14,0.875,4.0,64,2048,16384,65536,59392,4714.271,5166.832,5166.081,0.9983
mixed,16,14,0.875,4.0,64,8192,16384,65536,59392,5165.166,5627.488,5622.946,0.9902
mixed,16,14,0.875,4.0,64,32768,128,512,464,2529.799,2528.808,2530.488,
mixed,16,14,0.875,4.0,64,32768,256,1024,928,2531.59,2536.291,2529.896,-0.3603
mixed,16,14,0.875,4.0,64,32768,512,2048,1856,2530.679,2533.126,2528.519,-0.8827
mixed,16,14,0.875,4.0,64,32768,1024,4096,3712,2530.903,2687.062,2530.776,-0.0008
mixed,16,14,0.875,4.0,64,32768,2048,8192,7424,3106.248,3162.28,3166.584,1.0768
mixed,16,14,0.875,4.0,64,32768,4096,16384,14848,3660.873,3774.41,3775.947,1.0135
mixed,16,14,0.875,4.0,64,32768,8192,32768,29696,4760.861,4988.191,4994.365,1.0272
mixed,16,14,0.875,4.0,64,32768,16384,65536,59392,6972.678,7422.358,7425.685,1.0074
mixed,16,14,0.875,4.0,256,0,16384,65536,59392,4598.412,5051.006,5050.658,0.9992
mixed,16,14,0.875,4.0,256,512,16384,65536,59392,4874.413,5333.184,5338.367,1.0113
mixed,16,14,0.875,4.0,256,2048,16384,65536,59392,5330.703,5780.308,5781.457,1.0026
mixed,16,14,0.875,4.0,256,8192,16384,65536,59392,7128.101,7587.588,7591.016,1.0075
mixed,16,14,0.875,4.0,256,32768,128,512,464,9930.137,9933.006,9964.509,11.9767
mixed,16,14,0.875,4.0,256,32768,256,1024,928,9933.391,9935.986,9935.195,0.6955
mixed,16,14,0.875,4.0,256,32768,512,2048,1856,9932.555,9939.374,9933.963,0.2065
mixed,16,14,0.875,4.0,256,32768,1024,4096,3712,9939.202,9935.802,9935.856,
mixed,16,14,0.875,4.0,256,32768,2048,8192,7424,9937.852,9959.567,9936.253,-0.0737
mixed,16,14,0.875,4.0,256,32768,4096,16384,14848,9937.662,9982.989,9993.594,1.234
mixed,16,14,0.875,4.0,256,32768,8192,32768,29696,11963.812,12390.933,12387.752,0.9926
mixed,16,14,0.875,4.0,256,32768,16384,65536,59392,14367.355,14822.778,14822.969,1.0004
mixed,16,14,0.875,4.0,1024,0,16384,65536,59392,1818.725,1932.695,2688.809,7.6344
mixed,16,14,0.875,4.0,1024,512,16384,65536,59392,2221.846,2342.628,3095.484,7.2332
mixed,16,14,0.875,4.0,1024,2048,16384,65536,59392,2912.796,3030.344,3785.482,7.4241
mixed,16,14,0.875,4.0,1024,8192,16384,65536,59392,5707.232,5830.369,6577.221,7.0652
mixed,16,14,0.875,4.0,1024,32768,128,512,464,15614.01,15591.384,15640.9,
mixed,16,14,0.875,4.0,1024,32768,256,1024,928,15657.723,15635.182,15621.963,
mixed,16,14,0.875,4.0,1024,32768,512,2048,1856,15637.089,15648.399,15684.606,4.2012
mixed,16,14,0.875,4.0,1024,32768,1024,4096,3712,15723.115,15691.225,15750.219,
mixed,16,14,0.875,4.0,1024,32768,2048,8192,7424,15756.526,15780.016,15866.815,4.6952
mixed,16,14,0.875,4.0,1024,32768,4096,16384,14848,15900.461,15955.231,16152.402,4.5999
mixed,16,14,0.875,4.0,1024,32768,8192,32768,29696,16183.645,16221.678,16596.51,10.8556
mixed,16,14,0.875,4.0,1024,32768,16384,65536,59392,16776.573,16905.235,17616.772,6.5303
mixed,16,14,0.875,4.0,4096,0,16384,65536,59392,4868.828,4969.503,5728.467,8.5387
mixed,16,14,0.875,4.0,4096,512,16384,65536,59392,5991.298,6122.866,6849.524,6.523
mixed,16,14,0.875,4.0,4096,2048,16384,65536,59392,7944.307,8065.636,8802.182,7.0707
mixed,16,14,0.875,4.0,4096,8192,16384,65536,59392,15956.1,15971.427,16704.135,48.805
mixed,16,14,0.875,4.0,4096,32768,128,512,464,48816.9,49218.006,49230.601,1.0314
mixed,16,14,0.875,4.0,4096,32768,256,1024,928,49106.554,49096.906,48784.977,
mixed,16,14,0.875,4.0,4096,32768,512,2048,1856,48705.672,49022.023,48057.884,-2.0477
mixed,16,14,0.875,4.0,4096,32768,1024,4096,3712,48093.202,47920.319,48011.737,
mixed,16,14,0.875,4.0,4096,32768,2048,8192,7424,49051.138,49075.251,49012.847,-1.5879
mixed,16,14,0.875,4.0,4096,32768,4096,16384,14848,48839.605,49292.234,49495.135,1.4483
mixed,16,14,0.875,4.0,4096,32768,8192,32768,29696,49917.161,49069.538,50237.979,
mixed,16,14,0.875,4.0,4096,32768,16384,65536,59392,50440.039,50447.553,50538.793,13.1426
pure,32,1,0.0312,4.0,0,0,16384,65536,17920,834.356,2644.942,1405.91,0.3157
mixed,32,1,0.0312,4.0,16,0,16384,65536,17920,855.686,2662.62,1412.2,0.308
mixed,32,1,0.0312,4.0,16,512,16384,65536,17920,911.688,2724.539,1407.239,0.2734
mixed,32,1,0.0312,4.0,16,2048,16384,65536,17920,1025.798,2847.214,1406.437,0.209
mixed,32,1,0.0312,4.0,16,8192,16384,65536,17920,1487.592,3300.719,1426.037,-0.0339
mixed,32,1,0.0312,4.0,16,32768,128,512,140,778.915,814.579,781.747,0.0794
mixed,32,1,0.0312,4.0,16,32768,256,1024,280,781.06,864.627,789.795,0.1045
mixed,32,1,0.0312,4.0,16,32768,512,2048,560,817.524,943.732,816.004,-0.012
mixed,32,1,0.0312,4.0,16,32768,1024,4096,1120,868.627,982.019,866.485,-0.0189
mixed,32,1,0.0312,4.0,16,32768,2048,8192,2240,956.966,1403.095,944.612,-0.0277
mixed,32,1,0.0312,4.0,16,32768,4096,16384,4480,984.083,1390.786,984.532,0.0011
mixed,32,1,0.0312,4.0,16,32768,8192,32768,8960,1517.109,2662.776,1605.698,0.0773
mixed,32,1,0.0312,4.0,16,32768,16384,65536,17920,1493.459,5108.829,2629.318,0.3142
mixed,32,1,0.0312,4.0,64,0,16384,65536,17920,1455.829,5010.653,4989.471,0.994
mixed,32,1,0.0312,4.0,64,512,16384,65536,17920,1518.915,5073.645,4983.133,0.9745
mixed,32,1,0.0312,4.0,64,2048,16384,65536,17920,1641.8,5202.719,5025.007,0.9501
mixed,32,1,0.0312,4.0,64,8192,16384,65536,17920,2106.838,5645.904,5000.668,0.8177
mixed,32,1,0.0312,4.0,64,32768,128,512,140,2533.286,2533.783,2533.238,-0.0967
mixed,32,1,0.0312,4.0,64,32768,256,1024,280,2533.142,2533.831,2533.847,1.0225
mixed,32,1,0.0312,4.0,64,32768,512,2048,560,2533.83,2707.4,2534.102,0.0016
mixed,32,1,0.0312,4.0,64,32768,1024,4096,1120,2534.36,2866.312,2538.568,0.0127
mixed,32,1,0.0312,4.0,64,32768,2048,8192,2240,2728.218,3178.231,2710.648,-0.039
mixed,32,1,0.0312,4.0,64,32768,4096,16384,4480,2894.983,3783.387,2872.296,-0.0255
mixed,32,1,0.0312,4.0,64,32768,8192,32768,8960,3230.921,5007.003,3172.203,-0.0331
mixed,32,1,0.0312,4.0,64,32768,16384,65536,17920,3900.266,7463.218,4995.151,0.3073
mixed,32,1,0.0312,4.0,256,0,16384,65536,17920,1528.083,5082.046,5076.556,0.9985
mixed,32,1,0.0312,4.0,256,512,16384,65536,17920,1815.684,5367.31,5267.182,0.9718
mixed,32,1,0.0312,4.0,256,2048,16384,65536,17920,2263.687,5829.663,5630.846,0.9442
mixed,32,1,0.0312,4.0,256,8192,16384,65536,17920,4068.891,7620.195,6968.146,0.8164
mixed,32,1,0.0312,4.0,256,32768,128,512,140,9945.15,9941.207,9943.144,
mixed,32,1,0.0312,4.0,256,32768,256,1024,280,9940.932,9942.01,9942.82,1.7514
mixed,32,1,0.0312,4.0,256,32768,512,2048,560,9940.314,9944.554,9943.037,0.6421
mixed,32,1,0.0312,4.0,256,32768,1024,4096,1120,9966.136,9966.647,9964.597,-3.0078
mixed,32,1,0.0312,4.0,256,32768,2048,8192,2240,9957.818,10044.411,9953.946,-0.0447
mixed,32,1,0.0312,4.0,256,32768,4096,16384,4480,9951.944,11183.612,9945.114,-0.0055
mixed,32,1,0.0312,4.0,256,32768,8192,32768,8960,10263.696,12409.076,10573.114,0.1442
mixed,32,1,0.0312,4.0,256,32768,16384,65536,17920,11298.93,14853.479,12396.785,0.3089
mixed,32,1,0.0312,4.0,1024,0,16384,65536,17920,1383.092,3200.425,1964.392,0.3199
mixed,32,1,0.0312,4.0,1024,512,16384,65536,17920,1792.082,3610.284,2360.104,0.3124
mixed,32,1,0.0312,4.0,1024,2048,16384,65536,17920,2484.839,4299.247,3060.648,0.3174
mixed,32,1,0.0312,4.0,1024,8192,16384,65536,17920,5271.647,7093.393,5836.399,0.31
mixed,32,1,0.0312,4.0,1024,32768,128,512,140,15631.002,15688.641,15647.885,0.2929
mixed,32,1,0.0312,4.0,1024,32768,256,1024,280,15672.071,15663.898,15701.403,
mixed,32,1,0.0312,4.0,1024,32768,512,2048,560,15641.905,15700.744,15679.794,0.644
mixed,32,1,0.0312,4.0,1024,32768,1024,4096,1120,15659.587,15788.112,15739.787,0.624
mixed,32,1,0.0312,4.0,1024,32768,2048,8192,2240,15715.087,15953.483,15824.578,0.4593
mixed,32,1,0.0312,4.0,1024,32768,4096,16384,4480,15817.041,16271.874,15950.674,0.2938
mixed,32,1,0.0312,4.0,1024,32768,8192,32768,8960,15987.762,16898.234,16318.375,0.3631
mixed,32,1,0.0312,4.0,1024,32768,16384,65536,17920,16330.976,18142.886,16914.328,0.322
mixed,32,1,0.0312,4.0,4096,0,16384,65536,17920,4417.708,6229.347,4997.902,0.3203
mixed,32,1,0.0312,4.0,4096,512,16384,65536,17920,5549.059,7370.356,6135.139,0.3218
mixed,32,1,0.0312,4.0,4096,2048,16384,65536,17920,7497.657,9328.969,8079.398,0.3177
mixed,32,1,0.0312,4.0,4096,8192,16384,65536,17920,15527.535,17326.821,15968.722,0.2452
mixed,32,1,0.0312,4.0,4096,32768,128,512,140,49499.777,48276.454,49006.936,
mixed,32,1,0.0312,4.0,4096,32768,256,1024,280,48956.973,47860.571,48736.855,
mixed,32,1,0.0312,4.0,4096,32768,512,2048,560,48976.794,48656.108,48983.897,
mixed,32,1,0.0312,4.0,4096,32768,1024,4096,1120,48844.575,49300.713,48761.931,-0.1812
mixed,32,1,0.0312,4.0,4096,32768,2048,8192,2240,48916.155,48333.636,47788.988,
mixed,32,1,0.0312,4.0,4096,32768,4096,16384,4480,48859.533,49821.018,49013.088,0.1597
mixed,32,1,0.0312,4.0,4096,32768,8192,32768,8960,49607.87,49839.008,49733.2,0.5422
mixed,32,1,0.0312,4.0,4096,32768,16384,65536,17920,49351.548,49770.829,49908.072,1.3273
pure,32,2,0.0625,4.0,0,0,16384,65536,19456,890.672,2642.601,1411.828,0.2975
mixed,32,2,0.0625,4.0,16,0,16384,65536,19456,911.523,2663.239,1420.578,0.2906
mixed,32,2,0.0625,4.0,16,512,16384,65536,19456,971.251,2724.073,1426.082,0.2595
mixed,32,2,0.0625,4.0,16,2048,16384,65536,19456,1088.129,2848.778,1422.612,0.19
mixed,32,2,0.0625,4.0,16,8192,16384,65536,19456,1544.229,3295.867,1430.244,-0.0651
mixed,32,2,0.0625,4.0,16,32768,128,512,152,779.108,813.572,780.273,0.0338
mixed,32,2,0.0625,4.0,16,32768,256,1024,304,779.793,863.986,793.072,0.1577
mixed,32,2,0.0625,4.0,16,32768,512,2048,608,820.497,942.323,815.57,-0.0404
mixed,32,2,0.0625,4.0,16,32768,1024,4096,1216,879.458,984.115,866.787,-0.1211
mixed,32,2,0.0625,4.0,16,32768,2048,8192,2432,970.933,1406.292,945.795,-0.0577
mixed,32,2,0.0625,4.0,16,32768,4096,16384,4864,987.635,1396.149,1094.226,0.2609
mixed,32,2,0.0625,4.0,16,32768,8192,32768,9728,1641.493,2679.673,1610.055,-0.0303
mixed,32,2,0.0625,4.0,16,32768,16384,65536,19456,1666.869,5111.136,2635.929,0.2814
mixed,32,2,0.0625,4.0,64,0,16384,65536,19456,1569.924,5009.503,4988.416,0.9939
mixed,32,2,0.0625,4.0,64,512,16384,65536,19456,1632.006,5090.559,5006.719,0.9758
mixed,32,2,0.0625,4.0,64,2048,16384,65536,19456,1749.189,5211.267,5010.32,0.942
mixed,32,2,0.0625,4.0,64,8192,16384,65536,19456,2211.926,5648.577,5014.802,0.8156
mixed,32,2,0.0625,4.0,64,32768,128,512,152,2541.561,2540.727,2536.966,
mixed,32,2,0.0625,4.0,64,32768,256,1024,304,2536.597,2532.905,2533.321,
mixed,32,2,0.0625,4.0,64,32768,512,2048,608,2534.662,2708.345,2534.935,0.0016
mixed,32,2,0.0625,4.0,64,32768,1024,4096,1216,2534.87,2865.578,2535.687,0.0025
mixed,32,2,0.0625,4.0,64,32768,2048,8192,2432,2739.575,3171.322,2710.408,-0.0676
mixed,32,2,0.0625,4.0,64,32768,4096,16384,4864,2920.425,3784.346,2866.617,-0.0623
mixed,32,2,0.0625,4.0,64,32768,8192,32768,9728,3289.817,5005.534,3172.903,-0.0681
mixed,32,2,0.0625,4.0,64,32768,16384,65536,19456,4012.154,7467.942,5005.213,0.2874
mixed,32,2,0.0625,4.0,256,0,16384,65536,19456,1645.86,5090.337,5060.83,0.9914
mixed,32,2,0.0625,4.0,256,512,16384,65536,19456,1919.846,5364.013,5288.367,0.978
mixed,32,2,0.0625,4.0,256,2048,16384,65536,19456,2382.149,5806.896,5622.444,0.9461
mixed,32,2,0.0625,4.0,256,8192,16384,65536,19456,4183.676,7617.092,6970.931,0.8118
mixed,32,2,0.0625,4.0,256,32768,128,512,152,9937.068,9936.53,9942.944,
mixed,32,2,0.0625,4.0,256,32768,256,1024,304,9959.526,9946.054,9944.114,
mixed,32,2,0.0625,4.0,256,32768,512,2048,608,9954.066,9951.574,9940.324,
mixed,32,2,0.0625,4.0,256,32768,1024,4096,1216,9939.923,9942.272,9946.805,2.9285
mixed,32,2,0.0625,4.0,256,32768,2048,8192,2432,9943.076,10028.034,9941.284,-0.0211
mixed,32,2,0.0625,4.0,256,32768,4096,16384,4864,9943.728,11191.094,9945.188,0.0012
mixed,32,2,0.0625,4.0,256,32768,8192,32768,9728,10503.045,12415.998,10575.203,0.0377
mixed,32,2,0.0625,4.0,256,32768,16384,65536,19456,11410.553,14852.005,12412.73,0.2912
mixed,32,2,0.0625,4.0,1024,0,16384,65536,19456,1447.541,3198.236,1961.785,0.2937
mixed,32,2,0.0625,4.0,1024,512,16384,65536,19456,1849.514,3614.746,2371.126,0.2955
mixed,32,2,0.0625,4.0,1024,2048,16384,65536,19456,2551.098,4307.966,3060.199,0.2898
mixed,32,2,0.0625,4.0,1024,8192,16384,65536,19456,5324.611,7085.627,5848.003,0.2972
mixed,32,2,0.0625,4.0,1024,32768,128,512,152,15650.873,15648.043,15658.174,
mixed,32,2,0.0625,4.0,1024,32768,256,1024,304,15610.181,15659.288,15663.172,1.0791
mixed,32,2,0.0625,4.0,1024,32768,512,2048,608,15664.502,15702.354,15679.985,0.409
mixed,32,2,0.0625,4.0,1024,32768,1024,4096,1216,15702.732,15773.863,15733.323,0.4301
mixed,32,2,0.0625,4.0,1024,32768,2048,8192,2432,15720.968,15949.369,15824.877,0.4549
mixed,32,2,0.0625,4.0,1024,32768,4096,16384,4864,15807.064,16259.398,15973.072,0.367
mixed,32,2,0.0625,4.0,1024,32768,8192,32768,9728,16009.689,16866.046,16304.435,0.3442
mixed,32,2,0.0625,4.0,1024,32768,16384,65536,19456,16381.038,18137.124,16918.412,0.306
mixed,32,2,0.0625,4.0,4096,0,16384,65536,19456,4486.32,6243.126,4995.104,0.2896
mixed,32,2,0.0625,4.0,4096,512,16384,65536,19456,5610.148,7358.85,6137.747,0.3017
mixed,32,2,0.0625,4.0,4096,2048,16384,65536,19456,7559.603,9324.058,8077.174,0.2933
mixed,32,2,0.0625,4.0,4096,8192,16384,65536,19456,15451.483,17230.097,15971.907,0.2926
mixed,32,2,0.0625,4.0,4096,32768,128,512,152,48811.87,49045.294,48923.806,0.4795
mixed,32,2,0.0625,4.0,4096,32768,256,1024,304,48700.907,48968.697,48641.527,-0.2217
mixed,32,2,0.0625,4.0,4096,32768,512,2048,608,48663.625,49083.741,49026.031,0.8626
mixed,32,2,0.0625,4.0,4096,32768,1024,4096,1216,49127.491,48352.093,47865.859,
mixed,32,2,0.0625,4.0,4096,32768,2048,8192,2432,48091.121,49231.124,48726.433,0.5573
mixed,32,2,0.0625,4.0,4096,32768,4096,16384,4864,48763.262,48494.29,49512.392,
mixed,32,2,0.0625,4.0,4096,32768,8192,32768,9728,49648.439,49609.204,49381.062,
mixed,32,2,0.0625,4.0,4096,32768,16384,65536,19456,49489.636,50491.661,50182.781,0.6917
pure,32,3,0.0938,4.0,0,0,16384,65536,20992,946.546,2643.639,1408.471,0.2722
mixed,32,3,0.0938,4.0,16,0,16384,65536,20992,966.418,2664.089,1421.429,0.268
mixed,32,3,0.0938,4.0,16,512,16384,65536,20992,1031.41,2725.832,1428.452,0.2343
mixed,32,3,0.0938,4.0,16,2048,16384,65536,20992,1145.828,2840.152,1427.108,0.166
mixed,32,3,0.0938,4.0,16,8192,16384,65536,20992,1609.317,3292.699,1428.66,-0.1073
mixed,32,3,0.0938,4.0,16,32768,128,512,164,778.707,814.418,779.441,0.0206
mixed,32,3,0.0938,4.0,16,32768,256,1024,328,797.344,864.052,793.169,-0.0626
mixed,32,3,0.0938,4.0,16,32768,512,2048,656,824.178,940.37,814.963,-0.0793
mixed,32,3,0.0938,4.0,16,32768,1024,4096,1312,883.874,983.667,866.946,-0.1696
mixed,32,3,0.0938,4.0,16,32768,2048,8192,2624,985.315,1403.973,1390.485,0.9678
mixed,32,3,0.0938,4.0,16,32768,4096,16384,5248,984.418,1390.404,1098.981,0.2822
mixed,32,3,0.0938,4.0,16,32768,8192,32768,10496,1760.483,2685.176,1622.148,-0.1496
mixed,32,3,0.0938,4.0,16,32768,16384,65536,20992,1791.157,5144.751,2650.329,0.2562
mixed,32,3,0.0938,4.0,64,0,16384,65536,20992,1702.241,5041.52,5025.166,0.9951
mixed,32,3,0.0938,4.0,64,512,16384,65536,20992,1756.358,5108.333,5087.437,0.9938
mixed,32,3,0.0938,4.0,64,2048,16384,65536,20992,1882.406,5236.815,5204.525,0.9904
mixed,32,3,0.0938,4.0,64,8192,16384,65536,20992,2337.702,5689.552,5666.24,0.993
mixed,32,3,0.0938,4.0,64,32768,128,512,164,2553.064,2553.335,2554.199,4.19
mixed,32,3,0.0938,4.0,64,32768,256,1024,328,2553.528,2553.526,2552.055,
mixed,32,3,0.0938,4.0,64,32768,512,2048,656,2551.401,2728.632,2552.215,0.0046
mixed,32,3,0.0938,4.0,64,32768,1024,4096,1312,2554.328,2886.072,2553.366,-0.0029
mixed,32,3,0.0938,4.0,64,32768,2048,8192,2624,2775.001,3195.207,2735.401,-0.0942
mixed,32,3,0.0938,4.0,64,32768,4096,16384,5248,2972.696,3814.587,2888.472,-0.1
mixed,32,3,0.0938,4.0,64,32768,8192,32768,10496,3367.755,5040.064,5033.404,0.996
mixed,32,3,0.0938,4.0,64,32768,16384,65536,20992,4156.332,7517.686,7485.829,0.9905
mixed,32,3,0.0938,4.0,256,0,16384,65536,20992,1778.071,5124.99,5100.142,0.9926
mixed,32,3,0.0938,4.0,256,512,16384,65536,20992,2059.318,5406.865,5323.709,0.9752
mixed,32,3,0.0938,4.0,256,2048,16384,65536,20992,2510.008,5869.233,5701.615,0.9501
mixed,32,3,0.0938,4.0,256,8192,16384,65536,20992,4324.698,7673.507,7029.445,0.8077
mixed,32,3,0.0938,4.0,256,32768,128,512,164,10018.749,10017.514,10018.688,
mixed,32,3,0.0938,4.0,256,32768,256,1024,328,10018.68,10018.332,10036.139,
mixed,32,3,0.0938,4.0,256,32768,512,2048,656,10019.397,10019.787,10018.743,-1.6748
mixed,32,3,0.0938,4.0,256,32768,1024,4096,1312,10018.491,10021.816,10016.556,-0.582
mixed,32,3,0.0938,4.0,256,32768,2048,8192,2624,10021.083,10107.146,10019.353,-0.0201
mixed,32,3,0.0938,4.0,256,32768,4096,16384,5248,10023.018,11269.474,10022.923,-0.0001
mixed,32,3,0.0938,4.0,256,32768,8192,32768,10496,10796.381,12501.856,10658.444,-0.0809
mixed,32,3,0.0938,4.0,256,32768,16384,65536,20992,11615.618,14964.487,12497.488,0.2633
mixed,32,3,0.0938,4.0,1024,0,16384,65536,20992,1510.165,3223.53,1976.022,0.2719
mixed,32,3,0.0938,4.0,1024,512,16384,65536,20992,1919.381,3631.802,2376.55,0.267
mixed,32,3,0.0938,4.0,1024,2048,16384,65536,20992,2609.512,4319.662,3076.394,0.273
mixed,32,3,0.0938,4.0,1024,8192,16384,65536,20992,5404.731,7115.829,5869.758,0.2718
mixed,32,3,0.0938,4.0,1024,32768,128,512,164,15710.354,15721.994,15656.96,-4.5874
mixed,32,3,0.0938,4.0,1024,32768,256,1024,328,15647.484,15659.185,15674.099,2.2746
mixed,32,3,0.0938,4.0,1024,32768,512,2048,656,15687.323,15710.911,15690.359,0.1287
mixed,32,3,0.0938,4.0,1024,32768,1024,4096,1312,15691.708,15784.793,15719.307,0.2965
mixed,32,3,0.0938,4.0,1024,32768,2048,8192,2624,15745.42,15983.676,15797.908,0.2203
mixed,32,3,0.0938,4.0,1024,32768,4096,16384,5248,15858.138,16252.272,15975.024,0.2966
mixed,32,3,0.0938,4.0,1024,32768,8192,32768,10496,16017.928,16886.64,16294.603,0.3185
mixed,32,3,0.0938,4.0,1024,32768,16384,65536,20992,16471.229,18174.417,16876.836,0.2381
mixed,32,3,0.0938,4.0,4096,0,16384,65536,20992,4547.119,6246.226,4998.025,0.2654
mixed,32,3,0.0938,4.0,4096,512,16384,65536,20992,5665.937,7365.493,6136.079,0.2766
mixed,32,3,0.0938,4.0,4096,2048,16384,65536,20992,7623.173,9321.609,8089.546,0.2746
mixed,32,3,0.0938,4.0,4096,8192,16384,65536,20992,15534.62,17393.443,16003.739,0.2524
mixed,32,3,0.0938,4.0,4096,32768,128,512,164,48064.446,47988.098,49042.747,
mixed,32,3,0.0938,4.0,4096,32768,256,1024,328,48605.378,49396.274,49435.019,1.049
mixed,32,3,0.0938,4.0,4096,32768,512,2048,656,48766.131,48434.527,48800.26,
mixed,32,3,0.0938,4.0,4096,32768,1024,4096,1312,49203.63,49285.437,49112.544,-1.1134
mixed,32,3,0.0938,4.0,4096,32768,2048,8192,2624,49465.479,49163.251,49266.204,
mixed,32,3,0.0938,4.0,4096,32768,4096,16384,5248,49355.827,49856.963,49000.62,-0.7088
mixed,32,3,0.0938,4.0,4096,32768,8192,32768,10496,49054.771,50570.043,49857.735,0.5299
mixed,32,3,0.0938,4.0,4096,32768,16384,65536,20992,50019.462,49802.536,50141.496,
pure,32,4,0.125,4.0,0,0,16384,65536,22528,1005.474,2644.296,1410.804,0.2473
mixed,32,4,0.125,4.0,16,0,16384,65536,22528,1028.756,2661.288,1424.229,0.2422
mixed,32,4,0.125,4.0,16,512,16384,65536,22528,1088.451,2722.968,1430.116,0.209
mixed,32,4,0.125,4.0,16,2048,16384,65536,22528,1198.837,2838.264,1428.085,0.1398
mixed,32,4,0.125,4.0,16,8192,16384,65536,22528,1659.445,3296.363,1431.652,-0.1392
mixed,32,4,0.125,4.0,16,32768,128,512,176,782.226,816.88,782.755,0.0153
mixed,32,4,0.125,4.0,16,32768,256,1024,352,796.065,864.195,793.25,-0.0413
mixed,32,4,0.125,4.0,16,32768,512,2048,704,827.394,941.524,825.81,-0.0139
mixed,32,4,0.125,4.0,16,32768,1024,4096,1408,892.69,982.851,864.532,-0.3123
mixed,32,4,0.125,4.0,16,32768,2048,8192,2816,1000.13,1402.037,1392.18,0.9755
mixed,32,4,0.125,4.0,16,32768,4096,16384,5632,1018.676,1392.356,1099.747,0.217
mixed,32,4,0.125,4.0,16,32768,8192,32768,11264,1841.381,2672.295,1614.006,-0.2736
mixed,32,4,0.125,4.0,16,32768,16384,65536,22528,1896.662,5111.743,2629.527,0.2279
mixed,32,4,0.125,4.0,64,0,16384,65536,22528,1797.638,5008.11,4994.447,0.9957
mixed,32,4,0.125,4.0,64,512,16384,65536,22528,1866.726,5075.87,5059.006,0.9947
mixed,32,4,0.125,4.0,64,2048,16384,65536,22528,1988.038,5197.037,5173.998,0.9928
mixed,32,4,0.125,4.0,64,8192,16384,65536,22528,2443.768,5647.521,5624.16,0.9927
mixed,32,4,0.125,4.0,64,32768,128,512,176,2534.854,2534.422,2533.512,
mixed,32,4,0.125,4.0,64,32768,256,1024,352,2534.646,2534.662,2533.464,-71.6364
mixed,32,4,0.125,4.0,64,32768,512,2048,704,2532.966,2707.414,2534.437,0.0084
mixed,32,4,0.125,4.0,64,32768,1024,4096,1408,2533.559,2866.215,2535.19,0.0049
mixed,32,4,0.125,4.0,64,32768,2048,8192,2816,2769.51,3171.304,2712.441,-0.142
mixed,32,4,0.125,4.0,64,32768,4096,16384,5632,2979.912,3785.003,2868.278,-0.1387
mixed,32,4,0.125,4.0,64,32768,8192,32768,11264,3400.97,5006.255,4994.796,0.9929
mixed,32,4,0.125,4.0,64,32768,16384,65536,22528,4240.22,7469.686,7445.539,0.9925
mixed,32,4,0.125,4.0,256,0,16384,65536,22528,1882.15,5078.815,5063.932,0.9953
mixed,32,4,0.125,4.0,256,512,16384,65536,22528,2150.966,5375.663,5296.992,0.9756
mixed,32,4,0.125,4.0,256,2048,16384,65536,22528,2608.44,5818.48,5623.729,0.9393
mixed,32,4,0.125,4.0,256,8192,16384,65536,22528,4406.974,7613.525,7006.801,0.8108
mixed,32,4,0.125,4.0,256,32768,128,512,176,9964.653,9940.808,9943.084,
mixed,32,4,0.125,4.0,256,32768,256,1024,352,9938.076,9941.866,9939.867,0.4724
mixed,32,4,0.125,4.0,256,32768,512,2048,704,9964.553,9960.604,9942.428,
mixed,32,4,0.125,4.0,256,32768,1024,4096,1408,9937.451,9945.499,9942.138,0.5824
mixed,32,4,0.125,4.0,256,32768,2048,8192,2816,9941.897,10032.958,9946.536,0.0509
mixed,32,4,0.125,4.0,256,32768,4096,16384,5632,9972.666,11190.258,9963.85,-0.0072
mixed,32,4,0.125,4.0,256,32768,8192,32768,11264,10813.358,12413.397,10573.95,-0.1496
mixed,32,4,0.125,4.0,256,32768,16384,65536,22528,11648.178,14854.874,12429.123,0.2435
mixed,32,4,0.125,4.0,1024,0,16384,65536,22528,1565.411,3204.49,1969.653,0.2466
mixed,32,4,0.125,4.0,1024,512,16384,65536,22528,1966.822,3610.957,2377.527,0.2498
mixed,32,4,0.125,4.0,1024,2048,16384,65536,22528,2660.79,4309.354,3063.897,0.2445
mixed,32,4,0.125,4.0,1024,8192,16384,65536,22528,5438.848,7087.351,5852.814,0.2511
mixed,32,4,0.125,4.0,1024,32768,128,512,176,15645.883,15683.706,15663.069,0.4544
mixed,32,4,0.125,4.0,1024,32768,256,1024,352,15641.917,15689.262,15674.263,0.6832
mixed,32,4,0.125,4.0,1024,32768,512,2048,704,15671.804,15700.975,15675.417,0.1239
mixed,32,4,0.125,4.0,1024,32768,1024,4096,1408,15711.598,15787.485,15734.644,0.3037
mixed,32,4,0.125,4.0,1024,32768,2048,8192,2816,15740.623,15954.815,15795.113,0.2544
mixed,32,4,0.125,4.0,1024,32768,4096,16384,5632,15847.772,16260.798,15967.832,0.2907
mixed,32,4,0.125,4.0,1024,32768,8192,32768,11264,16070.321,16881.248,16247.392,0.2184
mixed,32,4,0.125,4.0,1024,32768,16384,65536,22528,16480.141,18152.59,16928.69,0.2682
mixed,32,4,0.125,4.0,4096,0,16384,65536,22528,4607.309,6237.731,4997.086,0.2391
mixed,32,4,0.125,4.0,4096,512,16384,65536,22528,5722.963,7375.606,6130.673,0.2467
mixed,32,4,0.125,4.0,4096,2048,16384,65536,22528,7695.702,9321.897,8094.091,0.245
mixed,32,4,0.125,4.0,4096,8192,16384,65536,22528,15569.546,17222.079,15986.428,0.2523
mixed,32,4,0.125,4.0,4096,32768,128,512,176,48114.327,49291.947,48279.949,0.1406
mixed,32,4,0.125,4.0,4096,32768,256,1024,352,49223.601,48976.26,48787.311,
mixed,32,4,0.125,4.0,4096,32768,512,2048,704,48822.329,48696.722,49379.802,
mixed,32,4,0.125,4.0,4096,32768,1024,4096,1408,48588.924,48101.153,49533.69,
mixed,32,4,0.125,4.0,4096,32768,2048,8192,2816,49027.683,49210.364,48995.735,-0.1749
mixed,32,4,0.125,4.0,4096,32768,4096,16384,5632,48995.565,49179.335,49203.075,1.1292
mixed,32,4,0.125,4.0,4096,32768,8192,32768,11264,49720.307,50111.129,49626.561,-0.2399
mixed,32,4,0.125,4.0,4096,32768,16384,65536,22528,49894.293,49925.877,49104.52,-25.0051
pure,32,8,0.25,4.0,0,0,16384,65536,28672,1240.372,2644.935,1423.668,0.1305
mixed,32,8,0.25,4.0,16,0,16384,65536,28672,1262.051,2663.112,1434.39,0.123
mixed,32,8,0.25,4.0,16,512,16384,65536,28672,1320.276,2724.87,1440.965,0.0859
mixed,32,8,0.25,4.0,16,2048,16384,65536,28672,1432.244,2838.599,1434.485,0.0016
mixed,32,8,0.25,4.0,16,8192,16384,65536,28672,1890.709,3294.618,2027.591,0.0975
mixed,32,8,0.25,4.0,16,32768,128,512,224,778.996,814.147,780.962,0.0559
mixed,32,8,0.25,4.0,16,32768,256,1024,448,808.21,863.284,794.355,-0.2516
mixed,32,8,0.25,4.0,16,32768,512,2048,896,843.987,943.027,827.586,-0.1656
mixed,32,8,0.25,4.0,16,32768,1024,4096,1792,922.704,983.841,1081.588,2.5988
mixed,32,8,0.25,4.0,16,32768,2048,8192,3584,1057.699,1403.524,1390.146,0.9613
mixed,32,8,0.25,4.0,16,32768,4096,16384,7168,1250.707,1390.213,1301.654,0.3652
mixed,32,8,0.25,4.0,16,32768,8192,32768,14336,1394.405,2670.458,1400.628,0.0049
mixed,32,8,0.25,4.0,16,32768,16384,65536,28672,2359.671,5106.799,2642.04,0.1028
mixed,32,8,0.25,4.0,64,0,16384,65536,28672,2258.677,5002.064,4985.711,0.994
mixed,32,8,0.25,4.0,64,512,16384,65536,28672,2325.703,5085.614,5060.941,0.9911
mixed,32,8,0.25,4.0,64,2048,16384,65536,28672,2451.56,5213.775,5168.64,0.9837
mixed,32,8,0.25,4.0,64,8192,16384,65536,28672,2903.145,5667.775,5626.769,0.9852
mixed,32,8,0.25,4.0,64,32768,128,512,224,2533.08,2533.286,2536.021,14.2791
mixed,32,8,0.25,4.0,64,32768,256,1024,448,2532.902,2535.897,2533.515,0.2049
mixed,32,8,0.25,4.0,64,32768,512,2048,896,2533.961,2708.438,2534.809,0.0049
mixed,32,8,0.25,4.0,64,32768,1024,4096,1792,2553.624,2863.575,2556.021,0.0077
mixed,32,8,0.25,4.0,64,32768,2048,8192,3584,2825.959,3171.849,2715.157,-0.3203
mixed,32,8,0.25,4.0,64,32768,4096,16384,7168,3094.648,3784.618,3779.26,0.9922
mixed,32,8,0.25,4.0,64,32768,8192,32768,14336,3631.498,5014.494,4996.83,0.9872
mixed,32,8,0.25,4.0,64,32768,16384,65536,28672,4713.565,7454.917,7432.963,0.992
mixed,32,8,0.25,4.0,256,0,16384,65536,28672,2332.438,5080.716,5069.072,0.9958
mixed,32,8,0.25,4.0,256,512,16384,65536,28672,2615.319,5358.302,5285.934,0.9736
mixed,32,8,0.25,4.0,256,2048,16384,65536,28672,3063.64,5813.248,5631.007,0.9337
mixed,32,8,0.25,4.0,256,8192,16384,65536,28672,4870.286,7615.125,6999.712,0.7758
mixed,32,8,0.25,4.0,256,32768,128,512,224,9946.533,9940.784,9977.688,
mixed,32,8,0.25,4.0,256,32768,256,1024,448,9953.61,9945.295,9938.381,
mixed,32,8,0.25,4.0,256,32768,512,2048,896,9941.623,9940.153,9941.883,
mixed,32,8,0.25,4.0,256,32768,1024,4096,1792,9942.296,9942.232,9953.85,
mixed,32,8,0.25,4.0,256,32768,2048,8192,3584,9966.572,10069.338,9942.097,-0.2382
mixed,32,8,0.25,4.0,256,32768,4096,16384,7168,9943.61,11188.686,9954.926,0.0091
mixed,32,8,0.25,4.0,256,32768,8192,32768,14336,11033.967,12412.56,10579.661,-0.3295
mixed,32,8,0.25,4.0,256,32768,16384,65536,28672,12099.459,14852.039,12419.36,0.1162
mixed,32,8,0.25,4.0,1024,0,16384,65536,28672,1797.158,3205.623,1974.388,0.1258
mixed,32,8,0.25,4.0,1024,512,16384,65536,28672,2197.765,3615.421,2381.385,0.1295
mixed,32,8,0.25,4.0,1024,2048,16384,65536,28672,2897.654,4303.983,3065.963,0.1197
mixed,32,8,0.25,4.0,1024,8192,16384,65536,28672,5691.967,7101.124,5863.045,0.1214
mixed,32,8,0.25,4.0,1024,32768,128,512,224,15662.747,15663.704,15619.6,-45.0852
mixed,32,8,0.25,4.0,1024,32768,256,1024,448,15659.967,15675.29,15641.752,-1.1888
mixed,32,8,0.25,4.0,1024,32768,512,2048,896,15699.45,15732.923,15718.218,0.5607
mixed,32,8,0.25,4.0,1024,32768,1024,4096,1792,15689.773,15790.988,15719.811,0.2968
mixed,32,8,0.25,4.0,1024,32768,2048,8192,3584,15753.331,15952.978,15835.098,0.4096
mixed,32,8,0.25,4.0,1024,32768,4096,16384,7168,15960.906,16298.943,16009.005,0.1423
mixed,32,8,0.25,4.0,1024,32768,8192,32768,14336,16190.013,16907.952,16324.125,0.1868
mixed,32,8,0.25,4.0,1024,32768,16384,65536,28672,16748.497,18153.68,16947.186,0.1414
mixed,32,8,0.25,4.0,4096,0,16384,65536,28672,4827.389,6241.107,5013.068,0.1313
mixed,32,8,0.25,4.0,4096,512,16384,65536,28672,5955.869,7370.47,6141.841,0.1315
mixed,32,8,0.25,4.0,4096,2048,16384,65536,28672,7902.628,9321.116,8089.335,0.1316
mixed,32,8,0.25,4.0,4096,8192,16384,65536,28672,15810.091,17271.616,15999.963,0.1299
mixed,32,8,0.25,4.0,4096,32768,128,512,224,48071.416,48767.24,48887.896,1.1734
mixed,32,8,0.25,4.0,4096,32768,256,1024,448,48918.522,49026.51,48966.779,0.4469
mixed,32,8,0.25,4.0,4096,32768,512,2048,896,48677.499,49023.36,48893.604,0.6248
mixed,32,8,0.25,4.0,4096,32768,1024,4096,1792,49124.274,49361.541,49297.66,0.7308
mixed,32,8,0.25,4.0,4096,32768,2048,8192,3584,49341.795,49507.928,49304.516,-0.2244
mixed,32,8,0.25,4.0,4096,32768,4096,16384,7168,48171.232,49482.007,49599.508,1.0896
mixed,32,8,0.25,4.0,4096,32768,8192,32768,14336,49359.774,50611.302,49429.58,0.0558
mixed,32,8,0.25,4.0,4096,32768,16384,65536,28672,49765.097,50194.245,49063.373,-1.6352
pure,32,16,0.5,4.0,0,0,16384,65536,40960,1708.807,2644.776,1804.293,0.102
mixed,32,16,0.5,4.0,16,0,16384,65536,40960,1731.51,2666.151,1816.997,0.0915
mixed,32,16,0.5,4.0,16,512,16384,65536,40960,1790.18,2725.224,1820.23,0.0321
mixed,32,16,0.5,4.0,16,2048,16384,65536,40960,1902.183,2841.834,1830.135,-0.0767
mixed,32,16,0.5,4.0,16,8192,16384,65536,40960,2359.11,3298.172,2037.863,-0.3421
mixed,32,16,0.5,4.0,16,32768,128,512,320,796.707,814.24,783.154,-0.773
mixed,32,16,0.5,4.0,16,32768,256,1024,640,823.009,864.563,850.354,0.6581
mixed,32,16,0.5,4.0,16,32768,512,2048,1280,882.565,941.649,930.243,0.8069
mixed,32,16,0.5,4.0,16,32768,1024,4096,2560,980.978,984.643,1083.829,28.0591
mixed,32,16,0.5,4.0,16,32768,2048,8192,5120,982.706,1401.171,982.979,0.0007
mixed,32,16,0.5,4.0,16,32768,4096,16384,10240,1714.806,1398.996,1422.375,
mixed,32,16,0.5,4.0,16,32768,8192,32768,20480,1740.406,2668.15,2022.853,0.3044
mixed,32,16,0.5,4.0,16,32768,16384,65536,40960,2997.75,5102.462,3063.751,0.0314
mixed,32,16,0.5,4.0,64,0,16384,65536,40960,3170.328,5013.264,4996.125,0.9907
mixed,32,16,0.5,4.0,64,512,16384,65536,40960,3241.498,5086.255,5073.678,0.9932
mixed,32,16,0.5,4.0,64,2048,16384,65536,40960,3360.424,5199.215,5190.528,0.9953
mixed,32,16,0.5,4.0,64,8192,16384,65536,40960,3816.459,5653.31,5640.092,0.9928
mixed,32,16,0.5,4.0,64,32768,128,512,320,2531.846,2534.394,2533.524,0.6586
mixed,32,16,0.5,4.0,64,32768,256,1024,640,2534.743,2534.041,2537.429,
mixed,32,16,0.5,4.0,64,32768,512,2048,1280,2532.71,2707.542,2533.334,0.0036
mixed,32,16,0.5,4.0,64,32768,1024,4096,2560,2751.081,2866.679,2698.807,-0.4522
mixed,32,16,0.5,4.0,64,32768,2048,8192,5120,2941.575,3171.544,3171.466,0.9997
mixed,32,16,0.5,4.0,64,32768,4096,16384,10240,3327.193,3782.922,3779.337,0.9921
mixed,32,16,0.5,4.0,64,32768,8192,32768,20480,4087.628,5001.389,5000.766,0.9993
mixed,32,16,0.5,4.0,64,32768,16384,65536,40960,5616.51,7467.235,7442.754,0.9868
mixed,32,16,0.5,4.0,256,0,16384,65536,40960,3263.8,5089.084,5077.869,0.9939
mixed,32,16,0.5,4.0,256,512,16384,65536,40960,3527.289,5371.949,5367.118,0.9974
mixed,32,16,0.5,4.0,256,2048,16384,65536,40960,3972.395,5812.752,5799.6,0.9929
mixed,32,16,0.5,4.0,256,8192,16384,65536,40960,5784.126,7616.034,7601.348,0.992
mixed,32,16,0.5,4.0,256,32768,128,512,320,9938.933,9944.811,9940.536,0.2728
mixed,32,16,0.5,4.0,256,32768,256,1024,640,9962.103,9951.289,9942.612,
mixed,32,16,0.5,4.0,256,32768,512,2048,1280,9938.935,9941.006,9965.256,12.7067
mixed,32,16,0.5,4.0,256,32768,1024,4096,2560,9976.008,9956.105,9951.602,
mixed,32,16,0.5,4.0,256,32768,2048,8192,5120,9962.585,10030.037,9939.353,-0.3444
mixed,32,16,0.5,4.0,256,32768,4096,16384,10240,10640.985,11184.315,10273.288,-0.6767
mixed,32,16,0.5,4.0,256,32768,8192,32768,20480,11487.74,12409.871,12405.404,0.9952
mixed,32,16,0.5,4.0,256,32768,16384,65536,40960,13016.48,14859.956,14851.107,0.9952
mixed,32,16,0.5,4.0,1024,0,16384,65536,40960,2264.599,3195.689,2360.086,0.1026
mixed,32,16,0.5,4.0,1024,512,16384,65536,40960,2659.867,3610.105,2768.328,0.1141
mixed,32,16,0.5,4.0,1024,2048,16384,65536,40960,3369.945,4295.79,3462.852,0.1003
mixed,32,16,0.5,4.0,1024,8192,16384,65536,40960,6160.098,7078.497,6242.094,0.0893
mixed,32,16,0.5,4.0,1024,32768,128,512,320,15650.899,15660.454,15632.868,-1.8872
mixed,32,16,0.5,4.0,1024,32768,256,1024,640,15638.423,15678.135,15656.6,0.4577
mixed,32,16,0.5,4.0,1024,32768,512,2048,1280,15687.036,15730.792,15694.407,0.1685
mixed,32,16,0.5,4.0,1024,32768,1024,4096,2560,15757.0,15787.785,15719.786,-1.2089
mixed,32,16,0.5,4.0,1024,32768,2048,8192,5120,15839.703,15947.206,15825.452,-0.1326
mixed,32,16,0.5,4.0,1024,32768,4096,16384,10240,16027.062,16250.298,16055.527,0.1275
mixed,32,16,0.5,4.0,1024,32768,8192,32768,20480,16428.312,16861.384,16436.887,0.0198
mixed,32,16,0.5,4.0,1024,32768,16384,65536,40960,17234.015,18157.535,17283.227,0.0533
mixed,32,16,0.5,4.0,4096,0,16384,65536,40960,5306.989,6239.151,5401.872,0.1018
mixed,32,16,0.5,4.0,4096,512,16384,65536,40960,6433.252,7373.891,6515.78,0.0877
mixed,32,16,0.5,4.0,4096,2048,16384,65536,40960,8393.703,9326.907,8481.321,0.0939
mixed,32,16,0.5,4.0,4096,8192,16384,65536,40960,16428.958,17358.85,16373.952,-0.0592
mixed,32,16,0.5,4.0,4096,32768,128,512,320,49012.043,49335.687,49255.086,0.751
mixed,32,16,0.5,4.0,4096,32768,256,1024,640,49315.197,48744.482,48432.378,
mixed,32,16,0.5,4.0,4096,32768,512,2048,1280,49057.438,48642.516,48548.351,
mixed,32,16,0.5,4.0,4096,32768,1024,4096,2560,48866.099,48710.175,49437.848,
mixed,32,16,0.5,4.0,4096,32768,2048,8192,5120,49047.55,49211.168,48491.52,-3.3983
mixed,32,16,0.5,4.0,4096,32768,4096,16384,10240,49582.755,49933.602,49051.888,-1.5131
mixed,32,16,0.5,4.0,4096,32768,8192,32768,20480,49639.776,49613.774,49849.11,
mixed,32,16,0.5,4.0,4096,32768,16384,65536,40960,50023.283,50272.869,49635.399,-1.5541
pure,32,24,0.75,4.0,0,0,16384,65536,53248,2182.981,2648.518,3466.65,2.7574
mixed,32,24,0.75,4.0,16,0,16384,65536,53248,2194.919,2662.007,3477.371,2.7456
mixed,32,24,0.75,4.0,16,512,16384,65536,53248,2261.958,2723.306,3479.577,2.6393
mixed,32,24,0.75,4.0,16,2048,16384,65536,53248,2371.206,2845.385,3483.561,2.3459
mixed,32,24,0.75,4.0,16,8192,16384,65536,53248,2828.919,3297.801,3471.387,1.3702
mixed,32,24,0.75,4.0,16,32768,128,512,416,801.667,814.082,812.066,0.8376
mixed,32,24,0.75,4.0,16,32768,256,1024,832,838.899,864.195,855.248,0.6463
mixed,32,24,0.75,4.0,16,32768,512,2048,1664,915.522,943.297,929.395,0.4995
mixed,32,24,0.75,4.0,16,32768,1024,4096,3328,1039.156,982.16,1095.105,
mixed,32,24,0.75,4.0,16,32768,2048,8192,6656,1174.948,1402.772,1400.723,0.991
mixed,32,24,0.75,4.0,16,32768,4096,16384,13312,1994.292,1391.029,1636.259,
mixed,32,24,0.75,4.0,16,32768,8192,32768,26624,2207.176,2668.903,2652.584,0.9647
mixed,32,24,0.75,4.0,16,32768,16384,65536,53248,4185.501,5110.702,3862.38,-0.3492
mixed,32,24,0.75,4.0,64,0,16384,65536,53248,4096.331,5005.453,5003.374,0.9977
mixed,32,24,0.75,4.0,64,512,16384,65536,53248,4152.842,5071.038,5081.484,1.0114
mixed,32,24,0.75,4.0,64,2048,16384,65536,53248,4281.212,5220.285,5180.479,0.9576
mixed,32,24,0.75,4.0,64,8192,16384,65536,53248,4729.292,5648.208,5644.703,0.9962
mixed,32,24,0.75,4.0,64,32768,128,512,416,2534.712,2534.278,2539.317,
mixed,32,24,0.75,4.0,64,32768,256,1024,832,2540.07,2548.423,2542.022,0.2337
mixed,32,24,0.75,4.0,64,32768,512,2048,1664,2540.569,2708.312,2533.428,-0.0426
mixed,32,24,0.75,4.0,64,32768,1024,4096,3328,2807.401,2865.242,2866.631,1.024
mixed,32,24,0.75,4.0,64,32768,2048,8192,6656,3056.423,3171.047,3169.001,0.9821
mixed,32,24,0.75,4.0,64,32768,4096,16384,13312,3551.385,3785.881,3778.971,0.9705
mixed,32,24,0.75,4.0,64,32768,8192,32768,26624,4544.236,5005.051,5008.173,1.0068
mixed,32,24,0.75,4.0,64,32768,16384,65536,53248,6537.777,7463.747,7453.427,0.9889
mixed,32,24,0.75,4.0,256,0,16384,65536,53248,4170.7,5093.614,5073.709,0.9784
mixed,32,24,0.75,4.0,256,512,16384,65536,53248,4441.1,5373.343,5362.124,0.988
mixed,32,24,0.75,4.0,256,2048,16384,65536,53248,4906.334,5820.046,5809.245,0.9882
mixed,32,24,0.75,4.0,256,8192,16384,65536,53248,6702.448,7615.524,7609.251,0.9931
mixed,32,24,0.75,4.0,256,32768,128,512,416,9978.456,9952.828,9965.799,
mixed,32,24,0.75,4.0,256,32768,256,1024,832,9981.305,9965.01,9962.71,
mixed,32,24,0.75,4.0,256,32768,512,2048,1664,9942.012,9939.192,9943.132,
mixed,32,24,0.75,4.0,256,32768,1024,4096,3328,9951.992,9961.64,9964.76,1.3234
mixed,32,24,0.75,4.0,256,32768,2048,8192,6656,9965.548,10070.586,9971.451,0.0562
mixed,32,24,0.75,4.0,256,32768,4096,16384,13312,10956.028,11182.812,11183.519,1.0031
mixed,32,24,0.75,4.0,256,32768,8192,32768,26624,11958.157,12416.238,12416.514,1.0006
mixed,32,24,0.75,4.0,256,32768,16384,65536,53248,13943.361,14862.28,14856.921,0.9942
mixed,32,24,0.75,4.0,1024,0,16384,65536,53248,2743.208,3207.244,4019.773,2.751
mixed,32,24,0.75,4.0,1024,512,16384,65536,53248,3138.521,3608.297,4428.605,2.7462
mixed,32,24,0.75,4.0,1024,2048,16384,65536,53248,3837.402,4307.001,5119.34,2.7299
mixed,32,24,0.75,4.0,1024,8192,16384,65536,53248,6623.617,7087.265,7896.767,2.7459
mixed,32,24,0.75,4.0,1024,32768,128,512,416,15659.603,15635.703,15685.928,
mixed,32,24,0.75,4.0,1024,32768,256,1024,832,15716.667,15653.693,15696.753,
mixed,32,24,0.75,4.0,1024,32768,512,2048,1664,15744.243,15721.642,15747.919,
mixed,32,24,0.75,4.0,1024,32768,1024,4096,3328,15791.064,15799.864,15869.677,8.9324
mixed,32,24,0.75,4.0,1024,32768,2048,8192,6656,15919.69,15947.691,16061.692,5.0715
mixed,32,24,0.75,4.0,1024,32768,4096,16384,13312,16157.869,16236.343,16478.041,4.08
mixed,32,24,0.75,4.0,1024,32768,8192,32768,26624,16653.497,16897.29,17339.585,2.8142
mixed,32,24,0.75,4.0,1024,32768,16384,65536,53248,17718.865,18185.27,18982.003,2.7082
mixed,32,24,0.75,4.0,4096,0,16384,65536,53248,5766.64,6240.352,7060.612,2.7316
mixed,32,24,0.75,4.0,4096,512,16384,65536,53248,6910.873,7365.091,8185.779,2.8068
mixed,32,24,0.75,4.0,4096,2048,16384,65536,53248,8857.129,9333.274,10141.483,2.6974
mixed,32,24,0.75,4.0,4096,8192,16384,65536,53248,16740.817,17292.421,18131.427,2.521
mixed,32,24,0.75,4.0,4096,32768,128,512,416,48257.029,48451.947,48003.242,-1.302
mixed,32,24,0.75,4.0,4096,32768,256,1024,832,49092.954,48788.173,49149.29,
mixed,32,24,0.75,4.0,4096,32768,512,2048,1664,48450.488,48636.552,49040.442,3.1707
mixed,32,24,0.75,4.0,4096,32768,1024,4096,3328,49037.724,48174.639,48748.785,
mixed,32,24,0.75,4.0,4096,32768,2048,8192,6656,49070.592,49232.621,49148.407,0.4803
mixed,32,24,0.75,4.0,4096,32768,4096,16384,13312,49617.367,48434.344,48926.421,
mixed,32,24,0.75,4.0,4096,32768,8192,32768,26624,49078.909,50215.168,50731.261,1.4542
mixed,32,24,0.75,4.0,4096,32768,16384,65536,53248,50236.086,50337.735,50396.762,1.5807
pure,32,29,0.9062,4.0,0,0,16384,65536,60928,2474.231,2650.152,3482.043,5.7288
mixed,32,29,0.9062,4.0,16,0,16384,65536,60928,2483.928,2664.888,3490.763,5.5638
mixed,32,29,0.9062,4.0,16,512,16384,65536,60928,2556.662,2724.168,3496.026,5.6079
mixed,32,29,0.9062,4.0,16,2048,16384,65536,60928,2665.464,2847.798,2844.488,0.9818
mixed,32,29,0.9062,4.0,16,8192,16384,65536,60928,3128.841,3295.864,3293.544,0.9861
mixed,32,29,0.9062,4.0,16,32768,128,512,476,808.752,814.387,813.506,0.8436
mixed,32,29,0.9062,4.0,16,32768,256,1024,952,845.538,863.891,853.571,0.4377
mixed,32,29,0.9062,4.0,16,32768,512,2048,1904,929.459,941.891,942.13,1.0192
mixed,32,29,0.9062,4.0,16,32768,1024,4096,3808,1075.011,984.66,1095.539,
mixed,32,29,0.9062,4.0,16,32768,2048,8192,7616,1317.012,1402.211,1405.043,1.0332
mixed,32,29,0.9062,4.0,16,32768,4096,16384,15232,1398.355,1395.957,1389.907,
mixed,32,29,0.9062,4.0,16,32768,8192,32768,30464,2497.67,2669.257,2666.457,0.9837
mixed,32,29,0.9062,4.0,16,32768,16384,65536,60928,4765.357,5107.487,5107.534,1.0001
mixed,32,29,0.9062,4.0,64,0,16384,65536,60928,4659.037,5006.56,5002.465,0.9882
mixed,32,29,0.9062,4.0,64,512,16384,65536,60928,4744.863,5079.501,5070.239,0.9723
mixed,32,29,0.9062,4.0,64,2048,16384,65536,60928,4878.413,5189.456,5190.622,1.0037
mixed,32,29,0.9062,4.0,64,8192,16384,65536,60928,5304.207,5661.425,5656.113,0.9851
mixed,32,29,0.9062,4.0,64,32768,128,512,476,2532.517,2533.381,2534.378,2.1528
mixed,32,29,0.9062,4.0,64,32768,256,1024,952,2541.207,2533.141,2533.59,
mixed,32,29,0.9062,4.0,64,32768,512,2048,1904,2640.663,2707.672,2683.094,0.6332
mixed,32,29,0.9062,4.0,64,32768,1024,4096,3808,2839.752,2867.032,2864.953,0.9238
mixed,32,29,0.9062,4.0,64,32768,2048,8192,7616,3128.569,3172.296,3170.438,0.9575
mixed,32,29,0.9062,4.0,64,32768,4096,16384,15232,3702.169,3788.105,3787.45,0.9924
mixed,32,29,0.9062,4.0,64,32768,8192,32768,30464,4841.358,5011.311,5018.077,1.0398
mixed,32,29,0.9062,4.0,64,32768,16384,65536,60928,7108.196,7463.525,7446.997,0.9535
mixed,32,29,0.9062,4.0,256,0,16384,65536,60928,4740.011,5091.439,5093.95,1.0071
mixed,32,29,0.9062,4.0,256,512,16384,65536,60928,5029.694,5363.615,5363.757,1.0004
mixed,32,29,0.9062,4.0,256,2048,16384,65536,60928,5469.216,5817.648,5814.127,0.9899
mixed,32,29,0.9062,4.0,256,8192,16384,65536,60928,7274.197,7612.758,7609.844,0.9914
mixed,32,29,0.9062,4.0,256,32768,128,512,476,9941.328,9946.283,9943.258,0.3896
mixed,32,29,0.9062,4.0,256,32768,256,1024,952,9945.658,9943.547,9943.07,
mixed,32,29,0.9062,4.0,256,32768,512,2048,1904,9942.17,9975.819,9957.789,0.4642
mixed,32,29,0.9062,4.0,256,32768,1024,4096,3808,9954.121,9953.788,9977.128,
mixed,32,29,0.9062,4.0,256,32768,2048,8192,7616,9962.822,10029.065,10033.067,1.0604
mixed,32,29,0.9062,4.0,256,32768,4096,16384,15232,11104.08,11189.899,11184.506,0.9372
mixed,32,29,0.9062,4.0,256,32768,8192,32768,30464,12237.216,12408.446,12407.087,0.9921
mixed,32,29,0.9062,4.0,256,32768,16384,65536,60928,14509.239,14855.527,14856.324,1.0023
mixed,32,29,0.9062,4.0,1024,0,16384,65536,60928,3025.671,3202.264,4025.419,5.6613
mixed,32,29,0.9062,4.0,1024,512,16384,65536,60928,3435.835,3614.121,4442.477,5.6462
mixed,32,29,0.9062,4.0,1024,2048,16384,65536,60928,4117.626,4305.099,5135.487,5.4294
mixed,32,29,0.9062,4.0,1024,8192,16384,65536,60928,6917.201,7085.332,7916.79,5.9453
mixed,32,29,0.9062,4.0,1024,32768,128,512,476,15608.995,15669.685,15628.874,0.3276
mixed,32,29,0.9062,4.0,1024,32768,256,1024,952,15679.99,15655.698,15660.95,
mixed,32,29,0.9062,4.0,1024,32768,512,2048,1904,15749.789,15672.954,15753.082,
mixed,32,29,0.9062,4.0,1024,32768,1024,4096,3808,15809.577,15791.666,15814.878,
mixed,32,29,0.9062,4.0,1024,32768,2048,8192,7616,15972.308,15976.587,16088.375,27.1248
mixed,32,29,0.9062,4.0,1024,32768,4096,16384,15232,16252.855,16304.918,16496.177,4.6736
mixed,32,29,0.9062,4.0,1024,32768,8192,32768,30464,16828.344,16906.44,17311.532,6.1871
mixed,32,29,0.9062,4.0,1024,32768,16384,65536,60928,17983.453,18138.575,18957.887,6.2817
mixed,32,29,0.9062,4.0,4096,0,16384,65536,60928,6048.735,6227.761,7066.145,5.6831
mixed,32,29,0.9062,4.0,4096,512,16384,65536,60928,7204.244,7365.408,8199.816,6.1774
mixed,32,29,0.9062,4.0,4096,2048,16384,65536,60928,9142.54,9329.623,10149.611,5.383
mixed,32,29,0.9062,4.0,4096,8192,16384,65536,60928,17067.692,17217.471,18043.484,6.5149
mixed,32,29,0.9062,4.0,4096,32768,128,512,476,48623.048,49125.877,48670.961,0.0953
mixed,32,29,0.9062,4.0,4096,32768,256,1024,952,48672.772,48753.381,48961.09,3.5767
mixed,32,29,0.9062,4.0,4096,32768,512,2048,1904,49600.843,49296.169,49473.838,
mixed,32,29,0.9062,4.0,4096,32768,1024,4096,3808,48977.602,48814.277,49131.635,
mixed,32,29,0.9062,4.0,4096,32768,2048,8192,7616,49231.736,49171.385,49409.481,
mixed,32,29,0.9062,4.0,4096,32768,4096,16384,15232,49382.044,49323.736,49864.165,
mixed,32,29,0.9062,4.0,4096,32768,8192,32768,30464,49638.191,50476.469,50668.988,1.2297
mixed,32,29,0.9062,4.0,4096,32768,16384,65536,60928,50126.816,49613.961,51228.851,
pure,64,1,0.0156,4.0,0,0,16384,65536,17152,1450.724,5139.599,2637.527,0.3217
mixed,64,1,0.0156,4.0,16,0,16384,65536,17152,1466.355,5137.359,2651.064,0.3227
mixed,64,1,0.0156,4.0,16,512,16384,65536,17152,1524.996,5193.632,2648.375,0.3062
mixed,64,1,0.0156,4.0,16,2048,16384,65536,17152,1635.861,5326.861,2650.328,0.2748
mixed,64,1,0.0156,4.0,16,8192,16384,65536,17152,2096.341,5776.178,2650.056,0.1505
mixed,64,1,0.0156,4.0,16,32768,128,512,134,816.226,848.947,814.772,-0.0445
mixed,64,1,0.0156,4.0,16,32768,256,1024,268,827.201,892.193,829.122,0.0295
mixed,64,1,0.0156,4.0,16,32768,512,2048,536,852.336,1002.435,850.56,-0.0118
mixed,64,1,0.0156,4.0,16,32768,1024,4096,1072,896.338,1319.554,894.851,-0.0035
mixed,64,1,0.0156,4.0,16,32768,2048,8192,2144,1002.354,1420.437,1007.058,0.0113
mixed,64,1,0.0156,4.0,16,32768,4096,16384,4288,1336.483,2656.296,1320.052,-0.0125
mixed,64,1,0.0156,4.0,16,32768,8192,32768,8576,1477.811,5104.494,1421.812,-0.0154
mixed,64,1,0.0156,4.0,16,32768,16384,65536,17152,2732.873,7602.87,2667.352,-0.0135
mixed,64,1,0.0156,4.0,64,0,16384,65536,17152,1448.468,5133.966,5043.837,0.9755
mixed,64,1,0.0156,4.0,64,512,16384,65536,17152,1524.31,5235.262,5034.925,0.946
mixed,64,1,0.0156,4.0,64,2048,16384,65536,17152,1629.716,5365.646,5065.357,0.9196
mixed,64,1,0.0156,4.0,64,8192,16384,65536,17152,2084.102,5788.079,5034.781,0.7966
mixed,64,1,0.0156,4.0,64,32768,128,512,134,2543.59,2542.182,2543.445,
mixed,64,1,0.0156,4.0,64,32768,256,1024,268,2542.774,2644.92,2542.838,0.0006
mixed,64,1,0.0156,4.0,64,32768,512,2048,536,2543.159,2727.704,2541.014,-0.0116
mixed,64,1,0.0156,4.0,64,32768,1024,4096,1072,2645.879,2880.953,2644.071,-0.0077
mixed,64,1,0.0156,4.0,64,32768,2048,8192,2144,2728.024,3197.064,2723.224,-0.0102
mixed,64,1,0.0156,4.0,64,32768,4096,16384,4288,2892.185,3818.011,2878.999,-0.0142
mixed,64,1,0.0156,4.0,64,32768,8192,32768,8576,3218.92,5078.383,3193.177,-0.0138
mixed,64,1,0.0156,4.0,64,32768,16384,65536,17152,3876.396,7600.18,5032.477,0.3105
mixed,64,1,0.0156,4.0,256,0,16384,65536,17152,1584.308,5189.136,5092.512,0.9732
mixed,64,1,0.0156,4.0,256,512,16384,65536,17152,1803.669,5515.407,5322.111,0.9479
mixed,64,1,0.0156,4.0,256,2048,16384,65536,17152,2253.91,5976.658,5660.301,0.915
mixed,64,1,0.0156,4.0,256,8192,16384,65536,17152,4045.867,7769.636,7007.393,0.7953
mixed,64,1,0.0156,4.0,256,32768,128,512,134,9947.992,9970.619,9975.79,1.2286
mixed,64,1,0.0156,4.0,256,32768,256,1024,268,9959.914,9952.939,9950.951,
mixed,64,1,0.0156,4.0,256,32768,512,2048,536,9950.957,9964.459,9954.362,0.2522
mixed,64,1,0.0156,4.0,256,32768,1024,4096,1072,9950.328,10128.165,9949.483,-0.0048
mixed,64,1,0.0156,4.0,256,32768,2048,8192,2144,9952.41,10606.667,9951.883,-0.0008
mixed,64,1,0.0156,4.0,256,32768,4096,16384,4288,10263.449,11225.551,10280.394,0.0176
mixed,64,1,0.0156,4.0,256,32768,8192,32768,8576,10615.499,12463.86,10589.563,-0.014
mixed,64,1,0.0156,4.0,256,32768,16384,65536,17152,11265.873,14992.888,12444.001,0.3161
mixed,64,1,0.0156,4.0,1024,0,16384,65536,17152,2008.486,5684.51,3190.103,0.3214
mixed,64,1,0.0156,4.0,1024,512,16384,65536,17152,2410.55,6098.657,3596.938,0.3217
mixed,64,1,0.0156,4.0,1024,2048,16384,65536,17152,3106.326,6783.264,4284.301,0.3204
mixed,64,1,0.0156,4.0,1024,8192,16384,65536,17152,5896.014,9572.653,7072.274,0.3199
mixed,64,1,0.0156,4.0,1024,32768,128,512,134,15659.262,15690.798,15632.163,-0.8593
mixed,64,1,0.0156,4.0,1024,32768,256,1024,268,15619.207,15683.357,15645.248,0.4059
mixed,64,1,0.0156,4.0,1024,32768,512,2048,536,15705.583,15823.865,15749.64,0.3725
mixed,64,1,0.0156,4.0,1024,32768,1024,4096,1072,15753.805,15975.564,15809.989,0.2534
mixed,64,1,0.0156,4.0,1024,32768,2048,8192,2144,15824.525,16268.061,15922.46,0.2208
mixed,64,1,0.0156,4.0,1024,32768,4096,16384,4288,15934.175,16927.629,16246.108,0.314
mixed,64,1,0.0156,4.0,1024,32768,8192,32768,8576,16306.444,18139.826,16842.676,0.2925
mixed,64,1,0.0156,4.0,1024,32768,16384,65536,17152,16929.437,20615.658,18151.668,0.3316
mixed,64,1,0.0156,4.0,4096,0,16384,65536,17152,5043.213,8734.731,6228.913,0.3212
mixed,64,1,0.0156,4.0,4096,512,16384,65536,17152,6171.165,9858.799,7333.539,0.3152
mixed,64,1,0.0156,4.0,4096,2048,16384,65536,17152,8123.079,11817.888,9293.641,0.3168
mixed,64,1,0.0156,4.0,4096,8192,16384,65536,17152,16183.662,19708.79,17181.331,0.283
mixed,64,1,0.0156,4.0,4096,32768,128,512,134,48708.162,48693.016,49045.092,
mixed,64,1,0.0156,4.0,4096,32768,256,1024,268,48921.021,48498.446,49067.094,
mixed,64,1,0.0156,4.0,4096,32768,512,2048,536,48467.885,48875.408,49417.66,2.3306
mixed,64,1,0.0156,4.0,4096,32768,1024,4096,1072,49102.077,49254.459,48746.638,-2.3326
mixed,64,1,0.0156,4.0,4096,32768,2048,8192,2144,49406.205,49553.0,48873.113,-3.6315
mixed,64,1,0.0156,4.0,4096,32768,4096,16384,4288,49619.293,50050.351,49406.892,-0.4927
mixed,64,1,0.0156,4.0,4096,32768,8192,32768,8576,49447.027,49813.226,50491.565,2.8524
mixed,64,1,0.0156,4.0,4096,32768,16384,65536,17152,49748.207,51649.609,50888.041,0.5995
pure,64,2,0.0312,4.0,0,0,16384,65536,17920,1512.98,5134.352,2639.658,0.3111
mixed,64,2,0.0312,4.0,16,0,16384,65536,17920,1519.541,5136.831,2658.905,0.315
mixed,64,2,0.0312,4.0,16,512,16384,65536,17920,1586.182,5201.231,2659.383,0.2969
mixed,64,2,0.0312,4.0,16,2048,16384,65536,17920,1705.635,5314.864,2649.863,0.2616
mixed,64,2,0.0312,4.0,16,8192,16384,65536,17920,2160.39,5775.81,2649.481,0.1353
mixed,64,2,0.0312,4.0,16,32768,128,512,140,815.729,849.298,814.69,-0.031
mixed,64,2,0.0312,4.0,16,32768,256,1024,280,828.051,892.322,831.988,0.0613
mixed,64,2,0.0312,4.0,16,32768,512,2048,560,850.61,1007.779,849.043,-0.01
mixed,64,2,0.0312,4.0,16,32768,1024,4096,1120,898.772,1318.789,892.594,-0.0147
mixed,64,2,0.0312,4.0,16,32768,2048,8192,2240,1003.698,1423.652,1001.89,-0.0043
mixed,64,2,0.0312,4.0,16,32768,4096,16384,4480,1350.467,2663.285,1321.284,-0.0222
mixed,64,2,0.0312,4.0,16,32768,8192,32768,8960,1537.38,5098.511,2037.748,0.1405
mixed,64,2,0.0312,4.0,16,32768,16384,65536,17920,2798.169,7601.877,2663.832,-0.028
mixed,64,2,0.0312,4.0,64,0,16384,65536,17920,1512.196,5171.071,5075.376,0.9738
mixed,64,2,0.0312,4.0,64,512,16384,65536,17920,1587.956,5263.36,5086.318,0.9518
mixed,64,2,0.0312,4.0,64,2048,16384,65536,17920,1701.637,5384.415,5081.934,0.9179
mixed,64,2,0.0312,4.0,64,8192,16384,65536,17920,2150.567,5817.249,5086.128,0.8006
mixed,64,2,0.0312,4.0,64,32768,128,512,140,2560.953,2560.278,2560.15,
mixed,64,2,0.0312,4.0,64,32768,256,1024,280,2561.83,2664.824,2561.895,0.0006
mixed,64,2,0.0312,4.0,64,32768,512,2048,560,2561.925,2744.648,2563.016,0.006
mixed,64,2,0.0312,4.0,64,32768,1024,4096,1120,2670.345,2900.97,2665.673,-0.0203
mixed,64,2,0.0312,4.0,64,32768,2048,8192,2240,2759.927,3217.705,2743.671,-0.0355
mixed,64,2,0.0312,4.0,64,32768,4096,16384,4480,2929.514,3848.028,2902.134,-0.0298
mixed,64,2,0.0312,4.0,64,32768,8192,32768,8960,3271.591,5116.399,3219.452,-0.0283
mixed,64,2,0.0312,4.0,64,32768,16384,65536,17920,3969.946,7638.007,5078.383,0.3022
mixed,64,2,0.0312,4.0,256,0,16384,65536,17920,1651.796,5232.466,5150.864,0.9772
mixed,64,2,0.0312,4.0,256,512,16384,65536,17920,1867.38,5551.743,5364.447,0.9492
mixed,64,2,0.0312,4.0,256,2048,16384,65536,17920,2334.231,5995.25,5715.885,0.9237
mixed,64,2,0.0312,4.0,256,8192,16384,65536,17920,4134.588,7827.27,7080.754,0.7978
mixed,64,2,0.0312,4.0,256,32768,128,512,140,10035.355,10026.188,10023.59,
mixed,64,2,0.0312,4.0,256,32768,256,1024,280,10023.85,10026.971,10027.769,1.2557
mixed,64,2,0.0312,4.0,256,32768,512,2048,560,10026.216,10028.038,10029.834,1.9849
mixed,64,2,0.0312,4.0,256,32768,1024,4096,1120,10033.546,10223.277,10027.478,-0.032
mixed,64,2,0.0312,4.0,256,32768,2048,8192,2240,10026.712,10674.828,10040.058,0.0206
mixed,64,2,0.0312,4.0,256,32768,4096,16384,4480,10394.313,11303.757,10363.644,-0.0337
mixed,64,2,0.0312,4.0,256,32768,8192,32768,8960,10731.055,12559.135,10666.495,-0.0353
mixed,64,2,0.0312,4.0,256,32768,16384,65536,17920,11412.944,15077.223,12539.793,0.3075
mixed,64,2,0.0312,4.0,1024,0,16384,65536,17920,2072.39,5733.663,3215.833,0.3123
mixed,64,2,0.0312,4.0,1024,512,16384,65536,17920,2475.365,6136.799,3623.416,0.3136
mixed,64,2,0.0312,4.0,1024,2048,16384,65536,17920,3177.868,6831.394,4314.571,0.3111
mixed,64,2,0.0312,4.0,1024,8192,16384,65536,17920,5976.494,9628.456,7110.855,0.3106
mixed,64,2,0.0312,4.0,1024,32768,128,512,140,15679.903,15670.999,15653.047,
mixed,64,2,0.0312,4.0,1024,32768,256,1024,280,15614.761,15676.6,15668.921,0.8758
mixed,64,2,0.0312,4.0,1024,32768,512,2048,560,15640.567,15773.334,15724.829,0.6347
mixed,64,2,0.0312,4.0,1024,32768,1024,4096,1120,15697.976,15919.803,15795.642,0.4403
mixed,64,2,0.0312,4.0,1024,32768,2048,8192,2240,15812.554,16258.078,15964.834,0.3418
mixed,64,2,0.0312,4.0,1024,32768,4096,16384,4480,15994.615,16903.375,16260.38,0.2924
mixed,64,2,0.0312,4.0,1024,32768,8192,32768,8960,16309.229,18137.472,16918.559,0.3333
mixed,64,2,0.0312,4.0,1024,32768,16384,65536,17920,17036.648,20667.909,18180.626,0.315
mixed,64,2,0.0312,4.0,4096,0,16384,65536,17920,5098.225,8732.567,6214.899,0.3073
mixed,64,2,0.0312,4.0,4096,512,16384,65536,17920,6225.872,9858.959,7350.825,0.3096
mixed,64,2,0.0312,4.0,4096,2048,16384,65536,17920,8180.694,11814.734,9292.921,0.3061
mixed,64,2,0.0312,4.0,4096,8192,16384,65536,17920,16320.107,19956.934,17202.721,0.2427
mixed,64,2,0.0312,4.0,4096,32768,128,512,140,48810.036,48607.266,48306.189,
mixed,64,2,0.0312,4.0,4096,32768,256,1024,280,48800.883,49383.765,48575.586,-0.3865
mixed,64,2,0.0312,4.0,4096,32768,512,2048,560,48741.366,49499.651,48428.997,-0.4119
mixed,64,2,0.0312,4.0,4096,32768,1024,4096,1120,48503.978,49169.276,48737.015,0.3503
mixed,64,2,0.0312,4.0,4096,32768,2048,8192,2240,48219.099,49109.42,48350.565,0.1477
mixed,64,2,0.0312,4.0,4096,32768,4096,16384,4480,49679.565,49161.546,49734.767,
mixed,64,2,0.0312,4.0,4096,32768,8192,32768,8960,49459.354,49522.757,49944.026,7.6443
mixed,64,2,0.0312,4.0,4096,32768,16384,65536,17920,49888.101,51873.938,50756.244,0.4372
pure,64,3,0.0469,4.0,0,0,16384,65536,18688,1565.061,5131.599,2639.111,0.3011
mixed,64,3,0.0469,4.0,16,0,16384,65536,18688,1580.789,5138.941,2660.904,0.3036
mixed,64,3,0.0469,4.0,16,512,16384,65536,18688,1647.734,5215.981,2651.192,0.2812
mixed,64,3,0.0469,4.0,16,2048,16384,65536,18688,1764.517,5335.135,2656.936,0.2499
mixed,64,3,0.0469,4.0,16,8192,16384,65536,18688,2221.735,5785.745,2643.977,0.1185
mixed,64,3,0.0469,4.0,16,32768,128,512,146,820.098,850.162,819.379,-0.0239
mixed,64,3,0.0469,4.0,16,32768,256,1024,292,830.213,892.595,832.034,0.0292
mixed,64,3,0.0469,4.0,16,32768,512,2048,584,856.339,1003.618,849.602,-0.0457
mixed,64,3,0.0469,4.0,16,32768,1024,4096,1168,902.866,1318.835,897.362,-0.0132
mixed,64,3,0.0469,4.0,16,32768,2048,8192,2336,1002.53,1421.38,1002.756,0.0005
mixed,64,3,0.0469,4.0,16,32768,4096,16384,4672,1364.323,2654.663,1323.651,-0.0315
mixed,64,3,0.0469,4.0,16,32768,8192,32768,9344,1594.435,5104.351,2039.11,0.1267
mixed,64,3,0.0469,4.0,16,32768,16384,65536,18688,2844.231,7598.389,2661.622,-0.0384
mixed,64,3,0.0469,4.0,64,0,16384,65536,18688,1561.846,5131.374,5061.548,0.9804
mixed,64,3,0.0469,4.0,64,512,16384,65536,18688,1641.155,5231.473,5092.798,0.9614
mixed,64,3,0.0469,4.0,64,2048,16384,65536,18688,1749.622,5341.615,5206.929,0.9625
mixed,64,3,0.0469,4.0,64,8192,16384,65536,18688,2199.464,5801.822,5663.343,0.9616
mixed,64,3,0.0469,4.0,64,32768,128,512,146,2541.864,2542.199,2541.305,-1.6687
mixed,64,3,0.0469,4.0,64,32768,256,1024,292,2541.353,2646.551,2544.278,0.0278
mixed,64,3,0.0469,4.0,64,32768,512,2048,584,2542.49,2725.943,2542.008,-0.0026
mixed,64,3,0.0469,4.0,64,32768,1024,4096,1168,2656.601,2881.689,2644.647,-0.0531
mixed,64,3,0.0469,4.0,64,32768,2048,8192,2336,2743.591,3192.73,2722.983,-0.0459
mixed,64,3,0.0469,4.0,64,32768,4096,16384,4672,2923.062,3815.084,2881.209,-0.0469
mixed,64,3,0.0469,4.0,64,32768,8192,32768,9344,3278.36,5072.096,5016.909,0.9692
mixed,64,3,0.0469,4.0,64,32768,16384,65536,18688,3993.739,7601.683,7473.46,0.9645
mixed,64,3,0.0469,4.0,256,0,16384,65536,18688,1697.476,5197.853,5099.182,0.9718
mixed,64,3,0.0469,4.0,256,512,16384,65536,18688,1915.333,5524.111,5320.158,0.9435
mixed,64,3,0.0469,4.0,256,2048,16384,65536,18688,2371.047,5964.385,5668.48,0.9177
mixed,64,3,0.0469,4.0,256,8192,16384,65536,18688,4174.734,7771.892,7009.413,0.788
mixed,64,3,0.0469,4.0,256,32768,128,512,146,9954.17,9953.359,9947.195,
mixed,64,3,0.0469,4.0,256,32768,256,1024,292,9957.835,9948.974,9946.488,
mixed,64,3,0.0469,4.0,256,32768,512,2048,584,9955.627,9967.912,9984.085,2.3165
mixed,64,3,0.0469,4.0,256,32768,1024,4096,1168,9970.028,10124.538,9962.456,-0.049
mixed,64,3,0.0469,4.0,256,32768,2048,8192,2336,9971.549,10587.692,9952.509,-0.0309
mixed,64,3,0.0469,4.0,256,32768,4096,16384,4672,10322.746,11215.55,10287.786,-0.0392
mixed,64,3,0.0469,4.0,256,32768,8192,32768,9344,10678.653,12472.513,10587.114,-0.051
mixed,64,3,0.0469,4.0,256,32768,16384,65536,18688,11390.524,14980.235,12426.21,0.2885
mixed,64,3,0.0469,4.0,1024,0,16384,65536,18688,2120.247,5689.839,3196.922,0.3016
mixed,64,3,0.0469,4.0,1024,512,16384,65536,18688,2529.75,6110.401,3606.552,0.3007
mixed,64,3,0.0469,4.0,1024,2048,16384,65536,18688,3229.29,6784.068,4286.454,0.2974
mixed,64,3,0.0469,4.0,1024,8192,16384,65536,18688,6010.017,9580.924,7092.484,0.3031
mixed,64,3,0.0469,4.0,1024,32768,128,512,146,15622.507,15702.701,15673.772,0.6393
mixed,64,3,0.0469,4.0,1024,32768,256,1024,292,15691.258,15739.658,15679.837,-0.236
mixed,64,3,0.0469,4.0,1024,32768,512,2048,584,15700.934,15755.804,15679.663,-0.3877
mixed,64,3,0.0469,4.0,1024,32768,1024,4096,1168,15744.94,15955.914,15787.674,0.2026
mixed,64,3,0.0469,4.0,1024,32768,2048,8192,2336,15810.025,16295.689,15970.793,0.331
mixed,64,3,0.0469,4.0,1024,32768,4096,16384,4672,15961.961,16890.21,16278.387,0.3409
mixed,64,3,0.0469,4.0,1024,32768,8192,32768,9344,16325.327,18186.001,16917.52,0.3183
mixed,64,3,0.0469,4.0,1024,32768,16384,65536,18688,17073.786,20669.639,18132.972,0.2946
mixed,64,3,0.0469,4.0,4096,0,16384,65536,18688,5156.432,8726.615,6229.741,0.3006
mixed,64,3,0.0469,4.0,4096,512,16384,65536,18688,6278.694,9850.266,7353.954,0.3011
mixed,64,3,0.0469,4.0,4096,2048,16384,65536,18688,8232.342,11810.481,9306.283,0.3001
mixed,64,3,0.0469,4.0,4096,8192,16384,65536,18688,16143.546,19740.984,17207.231,0.2957
mixed,64,3,0.0469,4.0,4096,32768,128,512,146,47814.98,48707.944,49075.584,1.4117
mixed,64,3,0.0469,4.0,4096,32768,256,1024,292,48991.836,48640.603,48635.323,
mixed,64,3,0.0469,4.0,4096,32768,512,2048,584,48759.192,48711.742,48771.721,
mixed,64,3,0.0469,4.0,4096,32768,1024,4096,1168,48151.513,49139.911,48596.636,0.4503
mixed,64,3,0.0469,4.0,4096,32768,2048,8192,2336,49504.059,48184.16,49003.545,
mixed,64,3,0.0469,4.0,4096,32768,4096,16384,4672,49519.044,49938.179,49208.736,-0.7404
mixed,64,3,0.0469,4.0,4096,32768,8192,32768,9344,48856.192,50492.106,49278.764,0.2583
mixed,64,3,0.0469,4.0,4096,32768,16384,65536,18688,50084.628,52206.299,51384.262,0.6126
pure,64,4,0.0625,4.0,0,0,16384,65536,19456,1627.189,5137.102,2650.056,0.2914
mixed,64,4,0.0625,4.0,16,0,16384,65536,19456,1640.579,5135.456,2655.863,0.2905
mixed,64,4,0.0625,4.0,16,512,16384,65536,19456,1699.14,5212.576,2653.256,0.2716
mixed,64,4,0.0625,4.0,16,2048,16384,65536,19456,1814.869,5322.848,2651.303,0.2384
mixed,64,4,0.0625,4.0,16,8192,16384,65536,19456,2273.699,5770.626,2647.863,0.107
mixed,64,4,0.0625,4.0,16,32768,128,512,152,817.522,848.016,814.979,-0.0834
mixed,64,4,0.0625,4.0,16,32768,256,1024,304,828.275,891.154,828.323,0.0008
mixed,64,4,0.0625,4.0,16,32768,512,2048,608,854.58,1004.226,857.249,0.0178
mixed,64,4,0.0625,4.0,16,32768,1024,4096,1216,906.819,1319.027,894.13,-0.0308
mixed,64,4,0.0625,4.0,16,32768,2048,8192,2432,1003.123,1421.009,1003.65,0.0013
mixed,64,4,0.0625,4.0,16,32768,4096,16384,4864,1380.34,2664.87,1324.419,-0.0435
mixed,64,4,0.0625,4.0,16,32768,8192,32768,9728,1653.654,5098.749,2040.773,0.1124
mixed,64,4,0.0625,4.0,16,32768,16384,65536,19456,2906.199,7605.639,2672.504,-0.0497
mixed,64,4,0.0625,4.0,64,0,16384,65536,19456,1624.694,5134.381,5040.128,0.9731
mixed,64,4,0.0625,4.0,64,512,16384,65536,19456,1699.028,5244.029,5091.519,0.957
mixed,64,4,0.0625,4.0,64,2048,16384,65536,19456,1815.348,5355.774,5210.974,0.9591
mixed,64,4,0.0625,4.0,64,8192,16384,65536,19456,2254.982,5803.024,5659.775,0.9596
mixed,64,4,0.0625,4.0,64,32768,128,512,152,2551.864,2540.823,2541.559,
mixed,64,4,0.0625,4.0,64,32768,256,1024,304,2540.968,2644.534,2543.348,0.023
mixed,64,4,0.0625,4.0,64,32768,512,2048,608,2542.229,2723.351,2542.197,-0.0002
mixed,64,4,0.0625,4.0,64,32768,1024,4096,1216,2660.647,2876.647,2644.294,-0.0757
mixed,64,4,0.0625,4.0,64,32768,2048,8192,2432,2751.928,3191.623,2724.486,-0.0624
mixed,64,4,0.0625,4.0,64,32768,4096,16384,4864,2934.937,3818.028,2881.223,-0.0608
mixed,64,4,0.0625,4.0,64,32768,8192,32768,9728,3309.337,5085.452,5012.461,0.9589
mixed,64,4,0.0625,4.0,64,32768,16384,65536,19456,4060.297,7586.805,7465.396,0.9656
mixed,64,4,0.0625,4.0,256,0,16384,65536,19456,1759.506,5202.989,5092.799,0.968
mixed,64,4,0.0625,4.0,256,512,16384,65536,19456,1974.789,5514.349,5330.877,0.9482
mixed,64,4,0.0625,4.0,256,2048,16384,65536,19456,2430.455,5970.32,5663.583,0.9133
mixed,64,4,0.0625,4.0,256,8192,16384,65536,19456,4225.546,7765.397,7035.157,0.7937
mixed,64,4,0.0625,4.0,256,32768,128,512,152,9947.654,9950.683,9950.884,1.0665
mixed,64,4,0.0625,4.0,256,32768,256,1024,304,9967.672,9972.092,9949.962,-4.0059
mixed,64,4,0.0625,4.0,256,32768,512,2048,608,9944.341,9959.018,9975.068,2.0936
mixed,64,4,0.0625,4.0,256,32768,1024,4096,1216,9955.767,10143.626,9949.319,-0.0343
mixed,64,4,0.0625,4.0,256,32768,2048,8192,2432,9948.506,10590.3,9948.873,0.0006
mixed,64,4,0.0625,4.0,256,32768,4096,16384,4864,10344.059,11216.635,10275.833,-0.0782
mixed,64,4,0.0625,4.0,256,32768,8192,32768,9728,10706.846,12470.529,10590.667,-0.0659
mixed,64,4,0.0625,4.0,256,32768,16384,65536,19456,11448.35,14988.328,12450.926,0.2832
mixed,64,4,0.0625,4.0,1024,0,16384,65536,19456,2185.74,5692.878,3197.831,0.2886
mixed,64,4,0.0625,4.0,1024,512,16384,65536,19456,2592.471,6096.463,3609.002,0.2901
mixed,64,4,0.0625,4.0,1024,2048,16384,65536,19456,3271.034,6782.065,4290.17,0.2903
mixed,64,4,0.0625,4.0,1024,8192,16384,65536,19456,6071.391,9575.53,7070.787,0.2852
mixed,64,4,0.0625,4.0,1024,32768,128,512,152,15612.365,15659.448,15703.403,1.9336
mixed,64,4,0.0625,4.0,1024,32768,256,1024,304,15674.129,15712.68,15715.405,1.0707
mixed,64,4,0.0625,4.0,1024,32768,512,2048,608,15696.715,15822.269,15755.413,0.4675
mixed,64,4,0.0625,4.0,1024,32768,1024,4096,1216,15765.038,15962.788,15808.983,0.2222
mixed,64,4,0.0625,4.0,1024,32768,2048,8192,2432,15841.996,16292.603,15968.333,0.2804
mixed,64,4,0.0625,4.0,1024,32768,4096,16384,4864,15988.811,16876.553,16342.522,0.3984
mixed,64,4,0.0625,4.0,1024,32768,8192,32768,9728,16392.459,18158.597,16874.788,0.2731
mixed,64,4,0.0625,4.0,1024,32768,16384,65536,19456,17111.15,20642.923,18136.863,0.2904
mixed,64,4,0.0625,4.0,4096,0,16384,65536,19456,5222.047,8733.368,6224.08,0.2854
mixed,64,4,0.0625,4.0,4096,512,16384,65536,19456,6334.787,9841.097,7355.457,0.2911
mixed,64,4,0.0625,4.0,4096,2048,16384,65536,19456,8294.067,11808.401,9315.45,0.2906
mixed,64,4,0.0625,4.0,4096,8192,16384,65536,19456,16318.2,19879.407,17190.816,0.245
mixed,64,4,0.0625,4.0,4096,32768,128,512,152,48605.562,49408.802,47703.085,-1.1235
mixed,64,4,0.0625,4.0,4096,32768,256,1024,304,49232.314,48663.609,48605.109,
mixed,64,4,0.0625,4.0,4096,32768,512,2048,608,48767.988,49315.578,49675.346,1.657
mixed,64,4,0.0625,4.0,4096,32768,1024,4096,1216,48760.124,48301.907,48887.033,
mixed,64,4,0.0625,4.0,4096,32768,2048,8192,2432,49212.761,48345.207,49025.064,
mixed,64,4,0.0625,4.0,4096,32768,4096,16384,4864,49012.233,50810.561,49515.869,0.2801
mixed,64,4,0.0625,4.0,4096,32768,8192,32768,9728,49911.61,49850.353,49669.543,
mixed,64,4,0.0625,4.0,4096,32768,16384,65536,19456,49614.0,52005.035,51415.853,0.7536
pure,64,8,0.125,4.0,0,0,16384,65536,22528,1859.444,5139.118,2646.822,0.2401
mixed,64,8,0.125,4.0,16,0,16384,65536,22528,1874.807,5138.816,2658.503,0.2401
mixed,64,8,0.125,4.0,16,512,16384,65536,22528,1941.061,5204.159,2658.952,0.22
mixed,64,8,0.125,4.0,16,2048,16384,65536,22528,2056.085,5330.51,2664.663,0.1859
mixed,64,8,0.125,4.0,16,8192,16384,65536,22528,2510.118,5783.455,2656.745,0.0448
mixed,64,8,0.125,4.0,16,32768,128,512,176,816.113,849.506,817.571,0.0436
mixed,64,8,0.125,4.0,16,32768,256,1024,352,836.788,894.594,829.698,-0.1226
mixed,64,8,0.125,4.0,16,32768,512,2048,704,863.701,1004.786,853.953,-0.0691
mixed,64,8,0.125,4.0,16,32768,1024,4096,1408,922.179,1320.978,1104.115,0.4562
mixed,64,8,0.125,4.0,16,32768,2048,8192,2816,1079.253,1423.78,1021.733,-0.167
mixed,64,8,0.125,4.0,16,32768,4096,16384,5632,1436.899,2657.561,1330.931,-0.0868
mixed,64,8,0.125,4.0,16,32768,8192,32768,11264,1883.061,5095.904,2041.509,0.0493
mixed,64,8,0.125,4.0,16,32768,16384,65536,22528,3566.027,7599.413,2650.856,-0.2269
mixed,64,8,0.125,4.0,64,0,16384,65536,22528,1861.22,5135.328,5049.743,0.9739
mixed,64,8,0.125,4.0,64,512,16384,65536,22528,1938.579,5225.168,5113.374,0.966
mixed,64,8,0.125,4.0,64,2048,16384,65536,22528,2044.389,5355.487,5218.753,0.9587
mixed,64,8,0.125,4.0,64,8192,16384,65536,22528,2494.646,5797.664,5669.808,0.9613
mixed,64,8,0.125,4.0,64,32768,128,512,176,2541.736,2548.39,2541.975,0.0359
mixed,64,8,0.125,4.0,64,32768,256,1024,352,2542.118,2648.214,2542.52,0.0038
mixed,64,8,0.125,4.0,64,32768,512,2048,704,2543.24,2725.847,2544.805,0.0086
mixed,64,8,0.125,4.0,64,32768,1024,4096,1408,2674.569,2878.409,2646.888,-0.1358
mixed,64,8,0.125,4.0,64,32768,2048,8192,2816,2788.327,3197.72,2724.887,-0.155
mixed,64,8,0.125,4.0,64,32768,4096,16384,5632,2995.464,3821.69,3800.715,0.9746
mixed,64,8,0.125,4.0,64,32768,8192,32768,11264,3434.17,5078.831,5017.229,0.9625
mixed,64,8,0.125,4.0,64,32768,16384,65536,22528,4283.933,7584.564,7465.413,0.9639
mixed,64,8,0.125,4.0,256,0,16384,65536,22528,1982.31,5202.095,5114.944,0.9729
mixed,64,8,0.125,4.0,256,512,16384,65536,22528,2218.936,5523.711,5336.031,0.9432
mixed,64,8,0.125,4.0,256,2048,16384,65536,22528,2669.655,5974.096,5673.775,0.9091
mixed,64,8,0.125,4.0,256,8192,16384,65536,22528,4467.117,7770.489,7036.279,0.7777
mixed,64,8,0.125,4.0,256,32768,128,512,176,9945.501,9954.922,9944.878,-0.0661
mixed,64,8,0.125,4.0,256,32768,256,1024,352,9948.81,9950.014,9949.821,0.8405
mixed,64,8,0.125,4.0,256,32768,512,2048,704,9949.003,9965.518,9947.6,-0.085
mixed,64,8,0.125,4.0,256,32768,1024,4096,1408,9947.103,10136.367,9962.604,0.0819
mixed,64,8,0.125,4.0,256,32768,2048,8192,2816,9978.043,10595.742,9952.205,-0.0418
mixed,64,8,0.125,4.0,256,32768,4096,16384,5632,10410.909,11235.102,10288.976,-0.1479
mixed,64,8,0.125,4.0,256,32768,8192,32768,11264,10819.39,12474.193,10594.961,-0.1356
mixed,64,8,0.125,4.0,256,32768,16384,65536,22528,11674.16,14979.354,12444.643,0.2331
mixed,64,8,0.125,4.0,1024,0,16384,65536,22528,2410.07,5690.018,3197.895,0.2402
mixed,64,8,0.125,4.0,1024,512,16384,65536,22528,2813.579,6097.236,3612.506,0.2433
mixed,64,8,0.125,4.0,1024,2048,16384,65536,22528,3511.239,6786.34,4298.107,0.2403
mixed,64,8,0.125,4.0,1024,8192,16384,65536,22528,6308.733,9584.393,7077.976,0.2348
mixed,64,8,0.125,4.0,1024,32768,128,512,176,15615.009,15679.657,15663.566,0.7511
mixed,64,8,0.125,4.0,1024,32768,256,1024,352,15655.146,15694.217,15705.595,1.2912
mixed,64,8,0.125,4.0,1024,32768,512,2048,704,15650.717,15779.332,15720.287,0.5409
mixed,64,8,0.125,4.0,1024,32768,1024,4096,1408,15717.341,15966.971,15798.108,0.3235
mixed,64,8,0.125,4.0,1024,32768,2048,8192,2816,15810.8,16247.806,15990.828,0.412
mixed,64,8,0.125,4.0,1024,32768,4096,16384,5632,16034.378,16898.909,16274.69,0.278
mixed,64,8,0.125,4.0,1024,32768,8192,32768,11264,16481.617,18156.373,16887.931,0.2426
mixed,64,8,0.125,4.0,1024,32768,16384,65536,22528,17346.308,20655.821,18120.083,0.2338
mixed,64,8,0.125,4.0,4096,0,16384,65536,22528,5453.454,8732.841,6232.833,0.2377
mixed,64,8,0.125,4.0,4096,512,16384,65536,22528,6573.3,9850.812,7365.144,0.2416
mixed,64,8,0.125,4.0,4096,2048,16384,65536,22528,8528.039,11806.195,9324.777,0.243
mixed,64,8,0.125,4.0,4096,8192,16384,65536,22528,16403.421,19710.6,17441.042,0.3137
mixed,64,8,0.125,4.0,4096,32768,128,512,176,48728.387,48782.257,48094.494,-11.7669
mixed,64,8,0.125,4.0,4096,32768,256,1024,352,49083.598,48106.635,48878.711,
mixed,64,8,0.125,4.0,4096,32768,512,2048,704,48916.232,47809.182,49468.265,
mixed,64,8,0.125,4.0,4096,32768,1024,4096,1408,48878.866,48913.014,48903.612,0.7247
mixed,64,8,0.125,4.0,4096,32768,2048,8192,2816,49114.807,49395.514,48755.884,-1.2786
mixed,64,8,0.125,4.0,4096,32768,4096,16384,5632,49131.368,50030.237,50123.898,1.1042
mixed,64,8,0.125,4.0,4096,32768,8192,32768,11264,49848.111,50003.342,49884.971,0.2374
mixed,64,8,0.125,4.0,4096,32768,16384,65536,22528,50543.504,51909.745,51156.512,0.4487
pure,64,16,0.25,4.0,0,0,16384,65536,28672,2334.407,5139.377,3075.13,0.2641
mixed,64,16,0.25,4.0,16,0,16384,65536,28672,2345.99,5138.93,3086.025,0.265
mixed,64,16,0.25,4.0,16,512,16384,65536,28672,2406.279,5210.191,3079.464,0.2401
mixed,64,16,0.25,4.0,16,2048,16384,65536,28672,2529.961,5313.68,3077.514,0.1967
mixed,64,16,0.25,4.0,16,8192,16384,65536,28672,2978.058,5788.149,2684.265,-0.1045
mixed,64,16,0.25,4.0,16,32768,128,512,224,826.339,853.282,818.338,-0.297
mixed,64,16,0.25,4.0,16,32768,256,1024,448,842.576,892.053,868.482,0.5236
mixed,64,16,0.25,4.0,16,32768,512,2048,896,880.82,1002.403,949.906,0.5682
mixed,64,16,0.25,4.0,16,32768,1024,4096,1792,951.683,1321.397,1104.675,0.4138
mixed,64,16,0.25,4.0,16,32768,2048,8192,3584,1282.149,1420.245,1166.131,-0.8401
mixed,64,16,0.25,4.0,16,32768,4096,16384,7168,1412.58,2665.895,1417.205,0.0037
mixed,64,16,0.25,4.0,16,32768,8192,32768,14336,2357.368,5104.078,2051.095,-0.1115
mixed,64,16,0.25,4.0,16,32768,16384,65536,28672,4484.189,7614.952,3885.85,-0.1911
mixed,64,16,0.25,4.0,64,0,16384,65536,28672,2328.68,5143.486,5057.664,0.9695
mixed,64,16,0.25,4.0,64,512,16384,65536,28672,2407.802,5226.48,5124.798,0.9639
mixed,64,16,0.25,4.0,64,2048,16384,65536,28672,2525.831,5369.68,5219.713,0.9473
mixed,64,16,0.25,4.0,64,8192,16384,65536,28672,2969.354,5793.314,5679.377,0.9597
mixed,64,16,0.25,4.0,64,32768,128,512,224,2542.311,2542.487,2542.552,1.3683
mixed,64,16,0.25,4.0,64,32768,256,1024,448,2541.673,2642.329,2542.2,0.0052
mixed,64,16,0.25,4.0,64,32768,512,2048,896,2631.193,2723.399,2602.935,-0.3065
mixed,64,16,0.25,4.0,64,32768,1024,4096,1792,2702.793,2879.479,2716.214,0.076
mixed,64,16,0.25,4.0,64,32768,2048,8192,3584,2839.191,3190.01,3184.697,0.9849
mixed,64,16,0.25,4.0,64,32768,4096,16384,7168,3111.672,3816.939,3799.403,0.9751
mixed,64,16,0.25,4.0,64,32768,8192,32768,14336,3664.744,5086.094,5016.735,0.9512
mixed,64,16,0.25,4.0,64,32768,16384,65536,28672,4758.079,7592.136,7472.341,0.9577
mixed,64,16,0.25,4.0,256,0,16384,65536,28672,2435.64,5188.72,5112.832,0.9724
mixed,64,16,0.25,4.0,256,512,16384,65536,28672,2690.52,5519.328,5390.849,0.9546
mixed,64,16,0.25,4.0,256,2048,16384,65536,28672,3150.008,5975.857,5834.929,0.9501
mixed,64,16,0.25,4.0,256,8192,16384,65536,28672,4941.839,7773.351,7639.031,0.9526
mixed,64,16,0.25,4.0,256,32768,128,512,224,9949.149,9948.458,9946.6,
mixed,64,16,0.25,4.0,256,32768,256,1024,448,9947.629,9948.846,9948.843,0.9975
mixed,64,16,0.25,4.0,256,32768,512,2048,896,9945.117,9949.948,9949.114,0.8275
mixed,64,16,0.25,4.0,256,32768,1024,4096,1792,9982.319,10126.156,9955.694,-0.1851
mixed,64,16,0.25,4.0,256,32768,2048,8192,3584,9955.276,10584.077,9956.287,0.0016
mixed,64,16,0.25,4.0,256,32768,4096,16384,7168,10505.108,11205.92,10281.454,-0.3191
mixed,64,16,0.25,4.0,256,32768,8192,32768,14336,11056.737,12469.334,12416.704,0.9627
mixed,64,16,0.25,4.0,256,32768,16384,65536,28672,12160.788,14990.701,14879.245,0.9606
mixed,64,16,0.25,4.0,1024,0,16384,65536,28672,2883.88,5699.761,3618.729,0.261
mixed,64,16,0.25,4.0,1024,512,16384,65536,28672,3292.008,6089.651,4040.688,0.2676
mixed,64,16,0.25,4.0,1024,2048,16384,65536,28672,3982.301,6780.547,4717.052,0.2626
mixed,64,16,0.25,4.0,1024,8192,16384,65536,28672,6761.442,9579.145,7506.519,0.2644
mixed,64,16,0.25,4.0,1024,32768,128,512,224,15656.202,15663.647,15670.469,1.9164
mixed,64,16,0.25,4.0,1024,32768,256,1024,448,15693.661,15725.444,15708.436,0.4649
mixed,64,16,0.25,4.0,1024,32768,512,2048,896,15737.165,15817.256,15774.991,0.4723
mixed,64,16,0.25,4.0,1024,32768,1024,4096,1792,15763.48,15969.314,15843.737,0.3899
mixed,64,16,0.25,4.0,1024,32768,2048,8192,3584,15915.635,16283.46,16055.711,0.3808
mixed,64,16,0.25,4.0,1024,32768,4096,16384,7168,16220.079,16888.885,16392.372,0.2576
mixed,64,16,0.25,4.0,1024,32768,8192,32768,14336,16727.776,18135.445,17146.369,0.2974
mixed,64,16,0.25,4.0,1024,32768,16384,65536,28672,17816.9,20642.386,18572.934,0.2676
mixed,64,16,0.25,4.0,4096,0,16384,65536,28672,5913.297,8729.792,6657.492,0.2642
mixed,64,16,0.25,4.0,4096,512,16384,65536,28672,7051.954,9853.329,7777.665,0.2591
mixed,64,16,0.25,4.0,4096,2048,16384,65536,28672,9009.427,11815.975,9746.195,0.2625
mixed,64,16,0.25,4.0,4096,8192,16384,65536,28672,16965.736,19722.872,17739.926,0.2808
mixed,64,16,0.25,4.0,4096,32768,128,512,224,49480.305,48527.367,48157.574,
mixed,64,16,0.25,4.0,4096,32768,256,1024,448,49087.125,48490.416,48633.461,
mixed,64,16,0.25,4.0,4096,32768,512,2048,896,48709.931,49176.34,48913.059,0.4355
mixed,64,16,0.25,4.0,4096,32768,1024,4096,1792,49097.749,48920.772,48158.808,
mixed,64,16,0.25,4.0,4096,32768,2048,8192,3584,48904.756,49502.62,49422.633,0.8662
mixed,64,16,0.25,4.0,4096,32768,4096,16384,7168,50224.091,49964.054,48451.766,
mixed,64,16,0.25,4.0,4096,32768,8192,32768,14336,48841.436,49986.794,50356.686,1.3229
mixed,64,16,0.25,4.0,4096,32768,16384,65536,28672,49731.633,52099.231,51409.212,0.7086
pure,64,32,0.5,4.0,0,0,16384,65536,40960,3269.491,5126.195,3913.97,0.3471
mixed,64,32,0.5,4.0,16,0,16384,65536,40960,3274.258,5137.138,3924.962,0.3493
mixed,64,32,0.5,4.0,16,512,16384,65536,40960,3343.059,5203.059,3929.923,0.3155
mixed,64,32,0.5,4.0,16,2048,16384,65536,40960,3461.363,5321.94,3923.168,0.2482
mixed,64,32,0.5,4.0,16,8192,16384,65536,40960,3921.028,5775.811,3922.82,0.001
mixed,64,32,0.5,4.0,16,32768,128,512,320,834.351,847.343,828.943,-0.4162
mixed,64,32,0.5,4.0,16,32768,256,1024,640,859.857,892.096,881.008,0.656
mixed,64,32,0.5,4.0,16,32768,512,2048,1280,910.912,1005.809,962.943,0.5483
mixed,64,32,0.5,4.0,16,32768,1024,4096,2560,999.985,1321.486,1001.648,0.0052
mixed,64,32,0.5,4.0,16,32768,2048,8192,5120,1395.505,1422.688,1423.409,1.0265
mixed,64,32,0.5,4.0,16,32768,4096,16384,10240,1733.152,2662.019,1729.889,-0.0035
mixed,64,32,0.5,4.0,16,32768,8192,32768,20480,2986.496,5091.147,2698.248,-0.137
mixed,64,32,0.5,4.0,16,32768,16384,65536,40960,5741.459,7605.367,5145.791,-0.3196
mixed,64,32,0.5,4.0,64,0,16384,65536,40960,3261.8,5131.758,5060.802,0.9621
mixed,64,32,0.5,4.0,64,512,16384,65536,40960,3365.709,5244.463,5127.952,0.938
mixed,64,32,0.5,4.0,64,2048,16384,65536,40960,3471.546,5356.754,5247.954,0.9423
mixed,64,32,0.5,4.0,64,8192,16384,65536,40960,3913.148,5800.548,5698.29,0.9458
mixed,64,32,0.5,4.0,64,32768,128,512,320,2541.736,2545.85,2550.936,2.2364
mixed,64,32,0.5,4.0,64,32768,256,1024,640,2542.282,2643.369,2546.68,0.0435
mixed,64,32,0.5,4.0,64,32768,512,2048,1280,2664.874,2720.888,2725.785,1.0874
mixed,64,32,0.5,4.0,64,32768,1024,4096,2560,2765.657,2888.329,2880.138,0.9332
mixed,64,32,0.5,4.0,64,32768,2048,8192,5120,2954.103,3189.001,3186.251,0.9883
mixed,64,32,0.5,4.0,64,32768,4096,16384,10240,3344.507,3816.556,3797.389,0.9594
mixed,64,32,0.5,4.0,64,32768,8192,32768,20480,4130.94,5065.725,5028.48,0.9602
mixed,64,32,0.5,4.0,64,32768,16384,65536,40960,5709.578,7595.337,7488.552,0.9434
mixed,64,32,0.5,4.0,256,0,16384,65536,40960,3337.301,5202.072,5121.943,0.957
mixed,64,32,0.5,4.0,256,512,16384,65536,40960,3634.054,5516.167,5397.703,0.9371
mixed,64,32,0.5,4.0,256,2048,16384,65536,40960,4081.319,5973.944,5852.664,0.9359
mixed,64,32,0.5,4.0,256,8192,16384,65536,40960,5890.345,7771.226,7657.61,0.9396
mixed,64,32,0.5,4.0,256,32768,128,512,320,9948.256,9946.257,9950.749,
mixed,64,32,0.5,4.0,256,32768,256,1024,640,9948.812,9962.397,9949.836,0.0754
mixed,64,32,0.5,4.0,256,32768,512,2048,1280,9949.487,9953.184,9949.291,-0.0527
mixed,64,32,0.5,4.0,256,32768,1024,4096,2560,9950.41,10123.918,9945.948,-0.0257
mixed,64,32,0.5,4.0,256,32768,2048,8192,5120,10367.968,10594.176,10125.565,-1.0716
mixed,64,32,0.5,4.0,256,32768,4096,16384,10240,10739.503,11209.327,11197.92,0.9757
mixed,64,32,0.5,4.0,256,32768,8192,32768,20480,11519.984,12464.608,12426.13,0.9593
mixed,64,32,0.5,4.0,256,32768,16384,65536,40960,13116.099,14992.213,14902.626,0.9522
mixed,64,32,0.5,4.0,1024,0,16384,65536,40960,3813.846,5696.981,4464.167,0.3453
mixed,64,32,0.5,4.0,1024,512,16384,65536,40960,4221.02,6107.545,4867.527,0.3427
mixed,64,32,0.5,4.0,1024,2048,16384,65536,40960,4921.59,6789.068,5560.999,0.3424
mixed,64,32,0.5,4.0,1024,8192,16384,65536,40960,7714.538,9570.024,8352.653,0.3439
mixed,64,32,0.5,4.0,1024,32768,128,512,320,15680.31,15673.755,15680.642,
mixed,64,32,0.5,4.0,1024,32768,256,1024,640,15685.517,15727.717,15711.252,0.6098
mixed,64,32,0.5,4.0,1024,32768,512,2048,1280,15706.653,15791.779,15783.833,0.9067
mixed,64,32,0.5,4.0,1024,32768,1024,4096,2560,15825.542,15962.392,15896.091,0.5155
mixed,64,32,0.5,4.0,1024,32768,2048,8192,5120,16034.655,16310.27,16122.321,0.3181
mixed,64,32,0.5,4.0,1024,32768,4096,16384,10240,16407.026,16860.734,16605.105,0.4366
mixed,64,32,0.5,4.0,1024,32768,8192,32768,20480,17184.29,18170.083,17543.964,0.3649
mixed,64,32,0.5,4.0,1024,32768,16384,65536,40960,18788.564,20645.242,19419.589,0.3399
mixed,64,32,0.5,4.0,4096,0,16384,65536,40960,6848.644,8735.005,7503.238,0.347
mixed,64,32,0.5,4.0,4096,512,16384,65536,40960,7973.4,9847.451,8631.083,0.3509
mixed,64,32,0.5,4.0,4096,2048,16384,65536,40960,9944.06,11806.815,10582.385,0.3427
mixed,64,32,0.5,4.0,4096,8192,16384,65536,40960,17830.931,19879.72,18634.378,0.3922
mixed,64,32,0.5,4.0,4096,32768,128,512,320,48909.347,49178.739,49048.177,0.5153
mixed,64,32,0.5,4.0,4096,32768,256,1024,640,49217.388,49180.548,49043.777,
mixed,64,32,0.5,4.0,4096,32768,512,2048,1280,48670.366,48408.032,48910.092,
mixed,64,32,0.5,4.0,4096,32768,1024,4096,2560,49023.389,49424.492,48442.798,-1.4475
mixed,64,32,0.5,4.0,4096,32768,2048,8192,5120,49658.281,49380.486,48716.736,
mixed,64,32,0.5,4.0,4096,32768,4096,16384,10240,48799.288,49002.838,49888.184,5.3495
mixed,64,32,0.5,4.0,4096,32768,8192,32768,20480,50567.095,50559.704,51163.967,
mixed,64,32,0.5,4.0,4096,32768,16384,65536,40960,50708.11,51991.282,51097.54,0.3035
pure,64,48,0.75,4.0,0,0,16384,65536,53248,4203.387,5129.904,5174.286,1.0479
mixed,64,48,0.75,4.0,16,0,16384,65536,53248,4212.938,5141.613,5179.55,1.0409
mixed,64,48,0.75,4.0,16,512,16384,65536,53248,4265.401,5203.918,5194.174,0.9896
mixed,64,48,0.75,4.0,16,2048,16384,65536,53248,4387.531,5334.701,5190.012,0.8472
mixed,64,48,0.75,4.0,16,8192,16384,65536,53248,4844.698,5784.029,5188.061,0.3655
mixed,64,48,0.75,4.0,16,32768,128,512,416,840.322,850.255,845.029,0.4738
mixed,64,48,0.75,4.0,16,32768,256,1024,832,873.602,895.347,887.778,0.6519
mixed,64,48,0.75,4.0,16,32768,512,2048,1664,942.195,1007.249,966.61,0.3753
mixed,64,48,0.75,4.0,16,32768,1024,4096,3328,1231.314,1322.594,1133.922,-1.067
mixed,64,48,0.75,4.0,16,32768,2048,8192,6656,1521.54,1420.724,1632.851,
mixed,64,48,0.75,4.0,16,32768,4096,16384,13312,2192.421,2654.854,2655.605,1.0016
mixed,64,48,0.75,4.0,16,32768,8192,32768,26624,4176.956,5094.827,3258.423,-1.0007
mixed,64,48,0.75,4.0,16,32768,16384,65536,53248,6670.465,7612.452,5110.941,-1.6556
mixed,64,48,0.75,4.0,64,0,16384,65536,53248,4201.258,5131.437,5080.349,0.9451
mixed,64,48,0.75,4.0,64,512,16384,65536,53248,4294.765,5245.404,5168.604,0.9192
mixed,64,48,0.75,4.0,64,2048,16384,65536,53248,4414.971,5357.245,5290.702,0.9294
mixed,64,48,0.75,4.0,64,8192,16384,65536,53248,4843.66,5788.236,5745.534,0.9548
mixed,64,48,0.75,4.0,64,32768,128,512,416,2542.852,2543.255,2542.822,-0.0744
mixed,64,48,0.75,4.0,64,32768,256,1024,832,2626.708,2644.565,2584.503,-2.3636
mixed,64,48,0.75,4.0,64,32768,512,2048,1664,2693.878,2723.19,2728.423,1.1785
mixed,64,48,0.75,4.0,64,32768,1024,4096,3328,2817.573,2877.094,2877.433,1.0057
mixed,64,48,0.75,4.0,64,32768,2048,8192,6656,3072.213,3188.215,3187.002,0.9895
mixed,64,48,0.75,4.0,64,32768,4096,16384,13312,3584.134,3818.841,3815.113,0.9841
mixed,64,48,0.75,4.0,64,32768,8192,32768,26624,4603.052,5077.004,5051.934,0.9471
mixed,64,48,0.75,4.0,64,32768,16384,65536,53248,6638.576,7589.393,7532.45,0.9401
mixed,64,48,0.75,4.0,256,0,16384,65536,53248,4262.362,5198.077,5148.268,0.9468
mixed,64,48,0.75,4.0,256,512,16384,65536,53248,4572.123,5518.957,5444.014,0.9208
mixed,64,48,0.75,4.0,256,2048,16384,65536,53248,5040.301,5969.633,5912.528,0.9386
mixed,64,48,0.75,4.0,256,8192,16384,65536,53248,6838.096,7779.54,7699.635,0.9151
mixed,64,48,0.75,4.0,256,32768,128,512,416,9975.653,9949.416,9951.143,
mixed,64,48,0.75,4.0,256,32768,256,1024,832,9955.342,9965.88,9946.952,-0.7961
mixed,64,48,0.75,4.0,256,32768,512,2048,1664,9950.57,9950.223,9954.376,
mixed,64,48,0.75,4.0,256,32768,1024,4096,3328,9947.835,10123.23,9950.526,0.0153
mixed,64,48,0.75,4.0,256,32768,2048,8192,6656,10480.97,10589.824,10584.655,0.9525
mixed,64,48,0.75,4.0,256,32768,4096,16384,13312,10977.356,11215.967,11210.38,0.9766
mixed,64,48,0.75,4.0,256,32768,8192,32768,26624,11998.784,12461.713,12445.281,0.9645
mixed,64,48,0.75,4.0,256,32768,16384,65536,53248,14053.029,14987.511,14920.711,0.9285
mixed,64,48,0.75,4.0,1024,0,16384,65536,53248,4758.672,5692.366,5741.279,1.0524
mixed,64,48,0.75,4.0,1024,512,16384,65536,53248,5166.489,6095.953,6133.923,1.0409
mixed,64,48,0.75,4.0,1024,2048,16384,65536,53248,5855.502,6788.736,6828.647,1.0428
mixed,64,48,0.75,4.0,1024,8192,16384,65536,53248,8635.875,9572.744,9610.874,1.0407
mixed,64,48,0.75,4.0,1024,32768,128,512,416,15663.609,15649.803,15701.116,
mixed,64,48,0.75,4.0,1024,32768,256,1024,832,15670.796,15704.492,15767.882,2.8813
mixed,64,48,0.75,4.0,1024,32768,512,2048,1664,15724.09,15757.05,15835.691,3.386
mixed,64,48,0.75,4.0,1024,32768,1024,4096,3328,15862.086,15927.897,15996.662,2.0449
mixed,64,48,0.75,4.0,1024,32768,2048,8192,6656,16138.571,16229.592,16318.759,1.9796
mixed,64,48,0.75,4.0,1024,32768,4096,16384,13312,16644.898,16830.525,16921.482,1.49
mixed,64,48,0.75,4.0,1024,32768,8192,32768,26624,17668.796,18164.576,18217.441,1.1066
mixed,64,48,0.75,4.0,1024,32768,16384,65536,53248,19682.98,20638.823,20700.151,1.0642
mixed,64,48,0.75,4.0,4096,0,16384,65536,53248,7795.396,8732.484,8762.133,1.0316
mixed,64,48,0.75,4.0,4096,512,16384,65536,53248,8919.671,9839.209,9895.483,1.0612
mixed,64,48,0.75,4.0,4096,2048,16384,65536,53248,10880.269,11823.455,11853.205,1.0315
mixed,64,48,0.75,4.0,4096,8192,16384,65536,53248,18778.034,19705.427,19808.054,1.1107
mixed,64,48,0.75,4.0,4096,32768,128,512,416,48439.888,48653.683,49249.158,3.7853
mixed,64,48,0.75,4.0,4096,32768,256,1024,832,48383.442,48851.109,49219.065,1.7868
mixed,64,48,0.75,4.0,4096,32768,512,2048,1664,48144.602,48830.537,48858.291,1.0405
mixed,64,48,0.75,4.0,4096,32768,1024,4096,3328,49886.457,49102.378,49432.932,
mixed,64,48,0.75,4.0,4096,32768,2048,8192,6656,49394.789,50101.997,49382.714,-0.0171
mixed,64,48,0.75,4.0,4096,32768,4096,16384,13312,49381.878,49848.957,50200.541,1.7527
mixed,64,48,0.75,4.0,4096,32768,8192,32768,26624,49902.026,49922.126,50567.677,33.1153
mixed,64,48,0.75,4.0,4096,32768,16384,65536,53248,51277.552,51768.9,51690.946,0.8413
pure,64,58,0.9062,4.0,0,0,16384,65536,60928,4783.327,5133.551,5201.456,1.1939
mixed,64,58,0.9062,4.0,16,0,16384,65536,60928,4789.438,5141.697,5212.048,1.1997
mixed,64,58,0.9062,4.0,16,512,16384,65536,60928,4865.742,5199.406,5209.341,1.0298
mixed,64,58,0.9062,4.0,16,2048,16384,65536,60928,4985.134,5327.246,5314.639,0.9631
mixed,64,58,0.9062,4.0,16,8192,16384,65536,60928,5443.695,5791.215,5775.327,0.9543
mixed,64,58,0.9062,4.0,16,32768,128,512,476,847.088,850.962,848.53,0.3721
mixed,64,58,0.9062,4.0,16,32768,256,1024,952,883.89,894.563,888.066,0.3913
mixed,64,58,0.9062,4.0,16,32768,512,2048,1904,958.226,1003.747,969.09,0.2387
mixed,64,58,0.9062,4.0,16,32768,1024,4096,3808,1296.675,1321.938,1317.972,0.843
mixed,64,58,0.9062,4.0,16,32768,2048,8192,7616,1418.627,1421.813,1419.331,0.2207
mixed,64,58,0.9062,4.0,16,32768,4096,16384,15232,2483.59,2666.664,2656.008,0.9418
mixed,64,58,0.9062,4.0,16,32768,8192,32768,30464,4749.293,5095.694,5095.645,0.9999
mixed,64,58,0.9062,4.0,16,32768,16384,65536,60928,7257.187,7593.811,7606.28,1.037
mixed,64,58,0.9062,4.0,64,0,16384,65536,60928,4780.925,5136.127,5122.91,0.9628
mixed,64,58,0.9062,4.0,64,512,16384,65536,60928,4894.909,5227.471,5213.678,0.9585
mixed,64,58,0.9062,4.0,64,2048,16384,65536,60928,4996.413,5354.751,5320.512,0.9044
mixed,64,58,0.9062,4.0,64,8192,16384,65536,60928,5432.079,5797.504,5767.119,0.9169
mixed,64,58,0.9062,4.0,64,32768,128,512,476,2549.719,2542.325,2541.222,
mixed,64,58,0.9062,4.0,64,32768,256,1024,952,2633.974,2643.129,2643.143,1.0016
mixed,64,58,0.9062,4.0,64,32768,512,2048,1904,2709.655,2725.942,2722.663,0.7987
mixed,64,58,0.9062,4.0,64,32768,1024,4096,3808,2860.537,2887.064,2877.095,0.6242
mixed,64,58,0.9062,4.0,64,32768,2048,8192,7616,3146.374,3190.874,3187.769,0.9302
mixed,64,58,0.9062,4.0,64,32768,4096,16384,15232,3734.136,3823.851,3815.739,0.9096
mixed,64,58,0.9062,4.0,64,32768,8192,32768,30464,4901.835,5069.245,5054.428,0.9115
mixed,64,58,0.9062,4.0,64,32768,16384,65536,60928,7238.083,7586.963,7556.885,0.9138
mixed,64,58,0.9062,4.0,256,0,16384,65536,60928,4847.965,5201.024,5183.869,0.9514
mixed,64,58,0.9062,4.0,256,512,16384,65536,60928,5161.596,5522.604,5486.926,0.9012
mixed,64,58,0.9062,4.0,256,2048,16384,65536,60928,5619.631,5984.799,5939.889,0.877
mixed,64,58,0.9062,4.0,256,8192,16384,65536,60928,7417.253,7785.156,7739.602,0.8762
mixed,64,58,0.9062,4.0,256,32768,128,512,476,9959.226,9973.817,9953.48,-0.3939
mixed,64,58,0.9062,4.0,256,32768,256,1024,952,9947.942,9954.525,9951.482,0.5378
mixed,64,58,0.9062,4.0,256,32768,512,2048,1904,9952.456,9955.049,9951.431,-0.3951
mixed,64,58,0.9062,4.0,256,32768,1024,4096,3808,9953.23,10132.424,10151.528,1.1066
mixed,64,58,0.9062,4.0,256,32768,2048,8192,7616,10548.717,10589.582,10597.63,1.197
mixed,64,58,0.9062,4.0,256,32768,4096,16384,15232,11127.376,11232.129,11205.486,0.7457
mixed,64,58,0.9062,4.0,256,32768,8192,32768,30464,12284.434,12464.642,12470.85,1.0344
mixed,64,58,0.9062,4.0,256,32768,16384,65536,60928,14632.743,14991.384,14972.728,0.948
mixed,64,58,0.9062,4.0,1024,0,16384,65536,60928,5334.238,5684.815,5772.782,1.2509
mixed,64,58,0.9062,4.0,1024,512,16384,65536,60928,5748.239,6102.35,6171.647,1.1957
mixed,64,58,0.9062,4.0,1024,2048,16384,65536,60928,6446.802,6792.495,6849.936,1.1662
mixed,64,58,0.9062,4.0,1024,8192,16384,65536,60928,9212.664,9574.92,9657.786,1.2288
mixed,64,58,0.9062,4.0,1024,32768,128,512,476,15651.993,15721.486,15702.343,0.7245
mixed,64,58,0.9062,4.0,1024,32768,256,1024,952,15699.003,15687.51,15678.023,
mixed,64,58,0.9062,4.0,1024,32768,512,2048,1904,15757.798,15748.126,15760.983,
mixed,64,58,0.9062,4.0,1024,32768,1024,4096,3808,15956.076,15942.889,15981.905,
mixed,64,58,0.9062,4.0,1024,32768,2048,8192,7616,16213.209,16291.722,16361.051,1.883
mixed,64,58,0.9062,4.0,1024,32768,4096,16384,15232,16788.007,16922.943,16975.828,1.3919
mixed,64,58,0.9062,4.0,1024,32768,8192,32768,30464,17956.796,18158.306,18215.774,1.2852
mixed,64,58,0.9062,4.0,1024,32768,16384,65536,60928,20281.733,20642.335,20713.353,1.1969
mixed,64,58,0.9062,4.0,4096,0,16384,65536,60928,8380.534,8721.975,8794.28,1.2118
mixed,64,58,0.9062,4.0,4096,512,16384,65536,60928,9512.891,9854.537,9930.265,1.2217
mixed,64,58,0.9062,4.0,4096,2048,16384,65536,60928,11444.59,11815.861,11895.183,1.2136
mixed,64,58,0.9062,4.0,4096,8192,16384,65536,60928,19440.984,19707.716,19757.217,1.1856
mixed,64,58,0.9062,4.0,4096,32768,128,512,476,48148.895,47941.251,49007.607,
mixed,64,58,0.9062,4.0,4096,32768,256,1024,952,48652.356,48484.66,49495.83,
mixed,64,58,0.9062,4.0,4096,32768,512,2048,1904,48127.804,48712.083,48837.742,1.2151
mixed,64,58,0.9062,4.0,4096,32768,1024,4096,3808,49735.615,49090.323,48837.815,
mixed,64,58,0.9062,4.0,4096,32768,2048,8192,7616,49483.151,49966.44,48491.84,-2.0512
mixed,64,58,0.9062,4.0,4096,32768,4096,16384,15232,50457.66,49899.345,49978.646,
mixed,64,58,0.9062,4.0,4096,32768,8192,32768,30464,49263.657,50403.948,51060.676,1.5759
mixed,64,58,0.9062,4.0,4096,32768,16384,65536,60928,51542.403,51903.491,51646.499,0.2883
pure,128,1,0.0078,4.0,0,0,16384,65536,16768,2778.281,10209.884,2726.584,-0.007
mixed,128,1,0.0078,4.0,16,0,16384,65536,16768,2801.449,10196.51,2739.082,-0.0084
mixed,128,1,0.0078,4.0,16,512,16384,65536,16768,2849.224,10255.035,2800.103,-0.0066
mixed,128,1,0.0078,4.0,16,2048,16384,65536,16768,2983.001,10390.938,2919.512,-0.0086
mixed,128,1,0.0078,4.0,16,8192,16384,65536,16768,3424.042,10842.191,3374.873,-0.0066
mixed,128,1,0.0078,4.0,16,32768,128,512,131,889.505,955.523,891.488,0.03
mixed,128,1,0.0078,4.0,16,32768,256,1024,262,913.762,1053.077,913.667,-0.0007
mixed,128,1,0.0078,4.0,16,32768,512,2048,524,957.666,1225.059,956.385,-0.0048
mixed,128,1,0.0078,4.0,16,32768,1024,4096,1048,1052.305,1517.716,1051.89,-0.0009
mixed,128,1,0.0078,4.0,16,32768,2048,8192,2096,1225.33,2120.44,1222.261,-0.0034
mixed,128,1,0.0078,4.0,16,32768,4096,16384,4192,1531.605,3950.665,1516.083,-0.0064
mixed,128,1,0.0078,4.0,16,32768,8192,32768,8384,2159.48,7656.054,2119.909,-0.0072
mixed,128,1,0.0078,4.0,16,32768,16384,65536,16768,4031.516,12666.05,3942.49,-0.0103
mixed,128,1,0.0078,4.0,64,0,16384,65536,16768,2755.624,10180.889,5094.7,0.315
mixed,128,1,0.0078,4.0,64,512,16384,65536,16768,2816.311,10284.026,5119.053,0.3084
mixed,128,1,0.0078,4.0,64,2048,16384,65536,16768,2941.576,10400.409,5112.461,0.291
mixed,128,1,0.0078,4.0,64,8192,16384,65536,16768,3382.619,10848.843,5106.702,0.2309
mixed,128,1,0.0078,4.0,64,32768,128,512,131,2565.786,2626.936,2565.271,-0.0084
mixed,128,1,0.0078,4.0,64,32768,256,1024,262,2602.822,2765.653,2603.366,0.0033
mixed,128,1,0.0078,4.0,64,32768,512,2048,524,2626.407,2923.543,2627.364,0.0032
mixed,128,1,0.0078,4.0,64,32768,1024,4096,1048,2767.639,3237.929,2766.809,-0.0018
mixed,128,1,0.0078,4.0,64,32768,2048,8192,2096,2923.815,3860.49,2926.872,0.0033
mixed,128,1,0.0078,4.0,64,32768,4096,16384,4192,3250.582,5116.028,3234.504,-0.0086
mixed,128,1,0.0078,4.0,64,32768,8192,32768,8384,3888.137,7626.803,3862.265,-0.0069
mixed,128,1,0.0078,4.0,64,32768,16384,65536,16768,5174.079,12625.328,5128.204,-0.0062
mixed,128,1,0.0078,4.0,256,0,16384,65536,16768,2850.054,10250.808,5155.356,0.3115
mixed,128,1,0.0078,4.0,256,512,16384,65536,16768,3103.784,10568.603,5378.428,0.3047
mixed,128,1,0.0078,4.0,256,2048,16384,65536,16768,3548.92,11012.236,5713.903,0.2901
mixed,128,1,0.0078,4.0,256,8192,16384,65536,16768,5350.286,12808.047,7088.914,0.2331
mixed,128,1,0.0078,4.0,256,32768,128,512,131,10000.635,9986.022,9986.343,
mixed,128,1,0.0078,4.0,256,32768,256,1024,262,9966.794,9967.032,9972.01,22.0063
mixed,128,1,0.0078,4.0,256,32768,512,2048,524,9969.419,10151.24,9976.792,0.0406
mixed,128,1,0.0078,4.0,256,32768,1024,4096,1048,9978.231,10478.201,9974.008,-0.0084
mixed,128,1,0.0078,4.0,256,32768,2048,8192,2096,10147.722,11261.465,10145.209,-0.0023
mixed,128,1,0.0078,4.0,256,32768,4096,16384,4192,10528.249,12532.862,10634.202,0.0529
mixed,128,1,0.0078,4.0,256,32768,8192,32768,8384,11283.851,15029.525,11255.485,-0.0076
mixed,128,1,0.0078,4.0,256,32768,16384,65536,16768,12571.583,20055.09,12523.151,-0.0065
mixed,128,1,0.0078,4.0,1024,0,16384,65536,16768,3333.574,10768.858,3280.533,-0.0071
mixed,128,1,0.0078,4.0,1024,512,16384,65536,16768,3745.676,11178.477,3686.201,-0.008
mixed,128,1,0.0078,4.0,1024,2048,16384,65536,16768,4425.129,11856.077,4382.488,-0.0057
mixed,128,1,0.0078,4.0,1024,8192,16384,65536,16768,7201.698,14651.922,7157.152,-0.006
mixed,128,1,0.0078,4.0,1024,32768,128,512,131,15756.786,15814.835,15754.602,-0.0376
mixed,128,1,0.0078,4.0,1024,32768,256,1024,262,15754.87,15846.154,15796.088,0.4515
mixed,128,1,0.0078,4.0,1024,32768,512,2048,524,15812.762,16058.474,15764.197,-0.1976
mixed,128,1,0.0078,4.0,1024,32768,1024,4096,1048,15910.53,16334.381,15891.99,-0.0437
mixed,128,1,0.0078,4.0,1024,32768,2048,8192,2096,16053.69,16999.613,16032.748,-0.0221
mixed,128,1,0.0078,4.0,1024,32768,4096,16384,4192,16328.986,18235.165,16354.278,0.0133
mixed,128,1,0.0078,4.0,1024,32768,8192,32768,8384,17023.003,20724.789,16970.83,-0.0141
mixed,128,1,0.0078,4.0,1024,32768,16384,65536,16768,18292.883,25713.856,18208.846,-0.0113
mixed,128,1,0.0078,4.0,4096,0,16384,65536,16768,6370.978,13793.189,6313.663,-0.0077
mixed,128,1,0.0078,4.0,4096,512,16384,65536,16768,7489.106,14917.798,7431.904,-0.0077
mixed,128,1,0.0078,4.0,4096,2048,16384,65536,16768,9454.92,16885.115,9395.581,-0.008
mixed,128,1,0.0078,4.0,4096,8192,16384,65536,16768,17552.268,24748.732,17491.067,-0.0085
mixed,128,1,0.0078,4.0,4096,32768,128,512,131,48908.994,48908.22,48778.863,
mixed,128,1,0.0078,4.0,4096,32768,256,1024,262,49268.254,48966.806,48777.604,
mixed,128,1,0.0078,4.0,4096,32768,512,2048,524,48933.008,49170.547,49499.511,2.3849
mixed,128,1,0.0078,4.0,4096,32768,1024,4096,1048,48178.513,49560.69,48088.501,-0.0651
mixed,128,1,0.0078,4.0,4096,32768,2048,8192,2096,49806.24,48944.704,49947.143,
mixed,128,1,0.0078,4.0,4096,32768,4096,16384,4192,49445.388,50387.095,49636.998,0.2035
mixed,128,1,0.0078,4.0,4096,32768,8192,32768,8384,49530.842,52596.338,50111.052,0.1893
mixed,128,1,0.0078,4.0,4096,32768,16384,65536,16768,50360.584,57270.3,49902.36,-0.0663
pure,128,2,0.0156,4.0,0,0,16384,65536,17152,2835.799,10225.262,3952.587,0.1511
mixed,128,2,0.0156,4.0,16,0,16384,65536,17152,2853.527,10190.859,3965.163,0.1515
mixed,128,2,0.0156,4.0,16,512,16384,65536,17152,2915.959,10260.459,3963.401,0.1426
mixed,128,2,0.0156,4.0,16,2048,16384,65536,17152,3029.176,10377.003,3968.345,0.1278
mixed,128,2,0.0156,4.0,16,8192,16384,65536,17152,3482.731,10845.246,3954.747,0.0641
mixed,128,2,0.0156,4.0,16,32768,128,512,134,891.812,957.78,890.131,-0.0255
mixed,128,2,0.0156,4.0,16,32768,256,1024,268,915.586,1053.205,916.436,0.0062
mixed,128,2,0.0156,4.0,16,32768,512,2048,536,960.964,1225.986,959.029,-0.0073
mixed,128,2,0.0156,4.0,16,32768,1024,4096,1072,1051.778,1513.462,1051.043,-0.0016
mixed,128,2,0.0156,4.0,16,32768,2048,8192,2144,1233.588,2121.669,1222.002,-0.013
mixed,128,2,0.0156,4.0,16,32768,4096,16384,4288,1572.483,3951.866,1513.172,-0.0249
mixed,128,2,0.0156,4.0,16,32768,8192,32768,8576,2202.517,7662.261,2122.294,-0.0147
mixed,128,2,0.0156,4.0,16,32768,16384,65536,17152,4121.513,12664.577,3949.864,-0.0201
mixed,128,2,0.0156,4.0,64,0,16384,65536,17152,2815.511,10178.746,5089.245,0.3088
mixed,128,2,0.0156,4.0,64,512,16384,65536,17152,2880.408,10283.163,5127.598,0.3036
mixed,128,2,0.0156,4.0,64,2048,16384,65536,17152,2988.392,10401.675,5134.061,0.2894
mixed,128,2,0.0156,4.0,64,8192,16384,65536,17152,3434.955,10837.148,5114.558,0.2269
mixed,128,2,0.0156,4.0,64,32768,128,512,134,2560.166,2625.879,2560.952,0.012
mixed,128,2,0.0156,4.0,64,32768,256,1024,268,2604.118,2765.542,2604.118,-0.0
mixed,128,2,0.0156,4.0,64,32768,512,2048,536,2629.032,2922.105,2626.567,-0.0084
mixed,128,2,0.0156,4.0,64,32768,1024,4096,1072,2771.238,3235.753,2768.918,-0.005
mixed,128,2,0.0156,4.0,64,32768,2048,8192,2144,2933.543,3856.042,2923.352,-0.011
mixed,128,2,0.0156,4.0,64,32768,4096,16384,4288,3262.632,5107.918,3245.512,-0.0093
mixed,128,2,0.0156,4.0,64,32768,8192,32768,8576,3920.744,7624.309,3872.921,-0.0129
mixed,128,2,0.0156,4.0,64,32768,16384,65536,17152,5227.95,12636.702,5129.917,-0.0132
mixed,128,2,0.0156,4.0,256,0,16384,65536,17152,2895.991,10246.875,5153.372,0.3071
mixed,128,2,0.0156,4.0,256,512,16384,65536,17152,3161.705,10555.067,5388.109,0.3011
mixed,128,2,0.0156,4.0,256,2048,16384,65536,17152,3615.848,10997.467,5726.269,0.2859
mixed,128,2,0.0156,4.0,256,8192,16384,65536,17152,5409.262,12818.545,7070.019,0.2241
mixed,128,2,0.0156,4.0,256,32768,128,512,134,9969.21,9974.729,9975.369,1.1158
mixed,128,2,0.0156,4.0,256,32768,256,1024,268,9972.904,9970.313,9966.982,
mixed,128,2,0.0156,4.0,256,32768,512,2048,536,10002.573,10160.585,9972.331,-0.1914
mixed,128,2,0.0156,4.0,256,32768,1024,4096,1072,9973.351,10484.586,9973.065,-0.0006
mixed,128,2,0.0156,4.0,256,32768,2048,8192,2144,10151.835,11260.027,10157.258,0.0049
mixed,128,2,0.0156,4.0,256,32768,4096,16384,4288,10639.581,12511.121,10633.565,-0.0032
mixed,128,2,0.0156,4.0,256,32768,8192,32768,8576,11320.924,15031.288,11254.061,-0.018
mixed,128,2,0.0156,4.0,256,32768,16384,65536,17152,12624.049,20034.181,12520.113,-0.014
mixed,128,2,0.0156,4.0,1024,0,16384,65536,17152,3399.29,10761.702,4499.492,0.1494
mixed,128,2,0.0156,4.0,1024,512,16384,65536,17152,3802.102,11177.405,4908.344,0.15
mixed,128,2,0.0156,4.0,1024,2048,16384,65536,17152,4493.062,11864.865,5603.831,0.1507
mixed,128,2,0.0156,4.0,1024,8192,16384,65536,17152,7266.715,14649.732,8381.549,0.151
mixed,128,2,0.0156,4.0,1024,32768,128,512,134,15738.725,15794.786,15716.164,-0.4024
mixed,128,2,0.0156,4.0,1024,32768,256,1024,268,15724.071,15834.513,15780.071,0.507
mixed,128,2,0.0156,4.0,1024,32768,512,2048,536,15761.779,16020.916,15821.86,0.2319
mixed,128,2,0.0156,4.0,1024,32768,1024,4096,1072,15935.747,16375.538,15937.172,0.0032
mixed,128,2,0.0156,4.0,1024,32768,2048,8192,2144,16061.805,16975.129,16174.871,0.1238
mixed,128,2,0.0156,4.0,1024,32768,4096,16384,4288,16350.581,18203.03,16609.625,0.1398
mixed,128,2,0.0156,4.0,1024,32768,8192,32768,8576,17039.876,20769.915,17596.791,0.1493
mixed,128,2,0.0156,4.0,1024,32768,16384,65536,17152,18345.435,25684.036,19478.908,0.1545
mixed,128,2,0.0156,4.0,4096,0,16384,65536,17152,6415.145,13786.912,7543.002,0.153
mixed,128,2,0.0156,4.0,4096,512,16384,65536,17152,7547.02,14927.494,8662.574,0.1511
mixed,128,2,0.0156,4.0,4096,2048,16384,65536,17152,9508.128,16954.968,10617.469,0.149
mixed,128,2,0.0156,4.0,4096,8192,16384,65536,17152,17382.985,24771.557,18513.944,0.1531
mixed,128,2,0.0156,4.0,4096,32768,128,512,134,48699.319,48874.907,49527.326,4.7156
mixed,128,2,0.0156,4.0,4096,32768,256,1024,268,49050.757,49128.142,49198.39,1.9078
mixed,128,2,0.0156,4.0,4096,32768,512,2048,536,48910.078,49067.241,48850.232,-0.3808
mixed,128,2,0.0156,4.0,4096,32768,1024,4096,1072,47932.616,49682.556,48154.508,0.1268
mixed,128,2,0.0156,4.0,4096,32768,2048,8192,2144,49195.376,50198.334,49046.666,-0.1483
mixed,128,2,0.0156,4.0,4096,32768,4096,16384,4288,48849.983,49737.485,49662.432,0.9154
mixed,128,2,0.0156,4.0,4096,32768,8192,32768,8576,49941.151,51789.171,50506.519,0.3059
mixed,128,2,0.0156,4.0,4096,32768,16384,65536,17152,50189.707,57636.006,51380.022,0.1599
pure,128,3,0.0234,4.0,0,0,16384,65536,17536,2898.456,10207.901,3955.324,0.1446
mixed,128,3,0.0234,4.0,16,0,16384,65536,17536,2914.79,10199.996,3966.187,0.1443
mixed,128,3,0.0234,4.0,16,512,16384,65536,17536,2979.289,10253.852,3959.88,0.1348
mixed,128,3,0.0234,4.0,16,2048,16384,65536,17536,3094.344,10385.084,3972.332,0.1204
mixed,128,3,0.0234,4.0,16,8192,16384,65536,17536,3541.769,10837.055,3963.85,0.0579
mixed,128,3,0.0234,4.0,16,32768,128,512,137,891.683,955.829,891.506,-0.0028
mixed,128,3,0.0234,4.0,16,32768,256,1024,274,915.633,1049.315,916.226,0.0044
mixed,128,3,0.0234,4.0,16,32768,512,2048,548,959.684,1222.324,958.304,-0.0053
mixed,128,3,0.0234,4.0,16,32768,1024,4096,1096,1051.603,1513.523,1050.852,-0.0016
mixed,128,3,0.0234,4.0,16,32768,2048,8192,2192,1235.459,2117.173,1221.474,-0.0159
mixed,128,3,0.0234,4.0,16,32768,4096,16384,4384,1592.917,3944.344,1780.725,0.0799
mixed,128,3,0.0234,4.0,16,32768,8192,32768,8768,2251.751,7657.075,2726.297,0.0878
mixed,128,3,0.0234,4.0,16,32768,16384,65536,17536,4206.603,12666.465,3944.444,-0.031
mixed,128,3,0.0234,4.0,64,0,16384,65536,17536,2864.041,10187.466,5099.484,0.3052
mixed,128,3,0.0234,4.0,64,512,16384,65536,17536,2947.909,10273.77,5160.588,0.302
mixed,128,3,0.0234,4.0,64,2048,16384,65536,17536,3051.559,10400.539,5267.678,0.3016
mixed,128,3,0.0234,4.0,64,8192,16384,65536,17536,3496.282,10836.412,5715.326,0.3023
mixed,128,3,0.0234,4.0,64,32768,128,512,137,2559.384,2626.838,2560.918,0.0227
mixed,128,3,0.0234,4.0,64,32768,256,1024,274,2602.742,2767.255,2603.784,0.0063
mixed,128,3,0.0234,4.0,64,32768,512,2048,548,2628.821,2922.729,2626.438,-0.0081
mixed,128,3,0.0234,4.0,64,32768,1024,4096,1096,2779.829,3233.64,2770.168,-0.0213
mixed,128,3,0.0234,4.0,64,32768,2048,8192,2192,2943.671,3856.346,2923.48,-0.0221
mixed,128,3,0.0234,4.0,64,32768,4096,16384,4384,3275.239,5119.372,3242.234,-0.0179
mixed,128,3,0.0234,4.0,64,32768,8192,32768,8768,3956.648,7610.516,5048.959,0.2989
mixed,128,3,0.0234,4.0,64,32768,16384,65536,17536,5292.03,12625.038,7517.637,0.3035
mixed,128,3,0.0234,4.0,256,0,16384,65536,17536,2957.639,10250.585,5163.693,0.3025
mixed,128,3,0.0234,4.0,256,512,16384,65536,17536,3222.729,10557.754,5393.871,0.296
mixed,128,3,0.0234,4.0,256,2048,16384,65536,17536,3674.425,11003.756,5735.455,0.2812
mixed,128,3,0.0234,4.0,256,8192,16384,65536,17536,5459.357,12811.97,7097.732,0.2228
mixed,128,3,0.0234,4.0,256,32768,128,512,137,9997.53,9971.642,9971.192,
mixed,128,3,0.0234,4.0,256,32768,256,1024,274,9979.911,9971.306,9971.721,
mixed,128,3,0.0234,4.0,256,32768,512,2048,548,10001.674,10157.728,9988.625,-0.0836
mixed,128,3,0.0234,4.0,256,32768,1024,4096,1096,9983.148,10480.543,9974.335,-0.0177
mixed,128,3,0.0234,4.0,256,32768,2048,8192,2192,10154.191,11253.263,10148.111,-0.0055
mixed,128,3,0.0234,4.0,256,32768,4096,16384,4384,10663.601,12516.146,10632.59,-0.0167
mixed,128,3,0.0234,4.0,256,32768,8192,32768,8768,11340.994,15017.479,11256.498,-0.023
mixed,128,3,0.0234,4.0,256,32768,16384,65536,17536,12707.027,20044.492,12527.091,-0.0245
mixed,128,3,0.0234,4.0,1024,0,16384,65536,17536,3452.39,10767.631,4502.999,0.1436
mixed,128,3,0.0234,4.0,1024,512,16384,65536,17536,3863.173,11169.987,4911.93,0.1435
mixed,128,3,0.0234,4.0,1024,2048,16384,65536,17536,4551.382,11866.338,5609.097,0.1446
mixed,128,3,0.0234,4.0,1024,8192,16384,65536,17536,7328.813,14643.394,8390.298,0.1451
mixed,128,3,0.0234,4.0,1024,32768,128,512,137,15715.474,15851.978,15756.068,0.2974
mixed,128,3,0.0234,4.0,1024,32768,256,1024,274,15784.779,15828.741,15802.31,0.3988
mixed,128,3,0.0234,4.0,1024,32768,512,2048,548,15836.309,16009.691,15871.723,0.2043
mixed,128,3,0.0234,4.0,1024,32768,1024,4096,1096,15840.987,16368.872,15941.865,0.1911
mixed,128,3,0.0234,4.0,1024,32768,2048,8192,2192,16025.256,16952.617,16147.638,0.132
mixed,128,3,0.0234,4.0,1024,32768,4096,16384,4384,16377.37,18196.063,16679.708,0.1662
mixed,128,3,0.0234,4.0,1024,32768,8192,32768,8768,17066.008,20720.033,17595.675,0.145
mixed,128,3,0.0234,4.0,1024,32768,16384,65536,17536,18380.984,25709.482,19456.75,0.1468
mixed,128,3,0.0234,4.0,4096,0,16384,65536,17536,6485.215,13798.405,7548.675,0.1454
mixed,128,3,0.0234,4.0,4096,512,16384,65536,17536,7611.844,14913.666,8668.63,0.1447
mixed,128,3,0.0234,4.0,4096,2048,16384,65536,17536,9566.582,16973.564,10623.809,0.1427
mixed,128,3,0.0234,4.0,4096,8192,16384,65536,17536,17526.378,24882.875,18524.254,0.1356
mixed,128,3,0.0234,4.0,4096,32768,128,512,137,49426.516,48731.751,48767.709,
mixed,128,3,0.0234,4.0,4096,32768,256,1024,274,48855.861,49286.623,48874.142,0.0424
mixed,128,3,0.0234,4.0,4096,32768,512,2048,548,49072.266,49242.348,48830.397,-1.4221
mixed,128,3,0.0234,4.0,4096,32768,1024,4096,1096,49325.629,49636.385,49134.8,-0.6141
mixed,128,3,0.0234,4.0,4096,32768,2048,8192,2192,49482.515,49916.893,49910.599,0.9855
mixed,128,3,0.0234,4.0,4096,32768,4096,16384,4384,49132.521,49791.459,49671.942,0.8186
mixed,128,3,0.0234,4.0,4096,32768,8192,32768,8768,49326.174,51900.516,50161.191,0.3244
mixed,128,3,0.0234,4.0,4096,32768,16384,65536,17536,50037.538,57179.272,51604.551,0.2194
pure,128,4,0.0312,4.0,0,0,16384,65536,17920,2969.357,10214.261,3955.284,0.1361
mixed,128,4,0.0312,4.0,16,0,16384,65536,17920,2972.544,10197.926,3973.86,0.1386
mixed,128,4,0.0312,4.0,16,512,16384,65536,17920,3029.729,10250.564,3974.514,0.1308
mixed,128,4,0.0312,4.0,16,2048,16384,65536,17920,3149.072,10380.037,3974.357,0.1141
mixed,128,4,0.0312,4.0,16,8192,16384,65536,17920,3612.561,10838.967,3965.315,0.0488
mixed,128,4,0.0312,4.0,16,32768,128,512,140,890.181,961.524,897.797,0.1068
mixed,128,4,0.0312,4.0,16,32768,256,1024,280,921.029,1057.589,921.108,0.0006
mixed,128,4,0.0312,4.0,16,32768,512,2048,560,967.845,1233.189,967.332,-0.0019
mixed,128,4,0.0312,4.0,16,32768,1024,4096,1120,1059.249,1527.109,1056.755,-0.0053
mixed,128,4,0.0312,4.0,16,32768,2048,8192,2240,1248.13,2129.221,1229.619,-0.021
mixed,128,4,0.0312,4.0,16,32768,4096,16384,4480,1638.582,3975.961,1790.117,0.0648
mixed,128,4,0.0312,4.0,16,32768,8192,32768,8960,2305.286,7714.324,2754.472,0.083
mixed,128,4,0.0312,4.0,16,32768,16384,65536,17920,4323.355,12750.194,3973.866,-0.0415
mixed,128,4,0.0312,4.0,64,0,16384,65536,17920,2948.278,10248.65,5143.132,0.3006
mixed,128,4,0.0312,4.0,64,512,16384,65536,17920,3020.264,10341.882,5212.079,0.2994
mixed,128,4,0.0312,4.0,64,2048,16384,65536,17920,3128.885,10479.659,5306.156,0.2962
mixed,128,4,0.0312,4.0,64,8192,16384,65536,17920,3586.442,10919.307,5760.286,0.2965
mixed,128,4,0.0312,4.0,64,32768,128,512,140,2584.774,2646.519,2579.318,-0.0884
mixed,128,4,0.0312,4.0,64,32768,256,1024,280,2621.944,2786.582,2622.054,0.0007
mixed,128,4,0.0312,4.0,64,32768,512,2048,560,2651.784,2948.137,2649.367,-0.0082
mixed,128,4,0.0312,4.0,64,32768,1024,4096,1120,2799.623,3257.32,2789.145,-0.0229
mixed,128,4,0.0312,4.0,64,32768,2048,8192,2240,2973.145,3884.186,2946.423,-0.0293
mixed,128,4,0.0312,4.0,64,32768,4096,16384,4480,3316.314,5154.158,3265.031,-0.0279
mixed,128,4,0.0312,4.0,64,32768,8192,32768,8960,4010.17,7678.486,5089.838,0.2943
mixed,128,4,0.0312,4.0,64,32768,16384,65536,17920,5386.702,12716.239,7578.453,0.299
mixed,128,4,0.0312,4.0,256,0,16384,65536,17920,3034.871,10314.618,5196.3,0.2969
mixed,128,4,0.0312,4.0,256,512,16384,65536,17920,3297.928,10620.505,5434.572,0.2918
mixed,128,4,0.0312,4.0,256,2048,16384,65536,17920,3751.896,11079.29,5771.679,0.2756
mixed,128,4,0.0312,4.0,256,8192,16384,65536,17920,5565.71,12902.895,7148.479,0.2157
mixed,128,4,0.0312,4.0,256,32768,128,512,140,10068.426,10046.869,10048.939,
mixed,128,4,0.0312,4.0,256,32768,256,1024,280,10051.911,10048.395,10047.701,
mixed,128,4,0.0312,4.0,256,32768,512,2048,560,10068.438,10230.151,10052.679,-0.0975
mixed,128,4,0.0312,4.0,256,32768,1024,4096,1120,10050.021,10564.857,10047.863,-0.0042
mixed,128,4,0.0312,4.0,256,32768,2048,8192,2240,10240.342,11337.613,10227.992,-0.0113
mixed,128,4,0.0312,4.0,256,32768,4096,16384,4480,10776.36,12601.231,10721.975,-0.0298
mixed,128,4,0.0312,4.0,256,32768,8192,32768,8960,11462.906,15125.441,11345.945,-0.0319
mixed,128,4,0.0312,4.0,256,32768,16384,65536,17920,12839.244,20172.543,12621.453,-0.0297
mixed,128,4,0.0312,4.0,1024,0,16384,65536,17920,3527.8,10837.625,4537.39,0.1381
mixed,128,4,0.0312,4.0,1024,512,16384,65536,17920,3945.303,11249.53,4949.913,0.1375
mixed,128,4,0.0312,4.0,1024,2048,16384,65536,17920,4631.498,11939.851,5638.106,0.1377
mixed,128,4,0.0312,4.0,1024,8192,16384,65536,17920,7419.854,14738.786,8441.396,0.1396
mixed,128,4,0.0312,4.0,1024,32768,128,512,140,15793.349,15852.353,15830.855,0.6357
mixed,128,4,0.0312,4.0,1024,32768,256,1024,280,15811.363,15949.956,15841.489,0.2174
mixed,128,4,0.0312,4.0,1024,32768,512,2048,560,15862.742,16121.203,15895.731,0.1276
mixed,128,4,0.0312,4.0,1024,32768,1024,4096,1120,15961.219,16440.361,16041.398,0.1673
mixed,128,4,0.0312,4.0,1024,32768,2048,8192,2240,16132.067,17039.11,16272.073,0.1544
mixed,128,4,0.0312,4.0,1024,32768,4096,16384,4480,16492.825,18316.03,16770.506,0.1523
mixed,128,4,0.0312,4.0,1024,32768,8192,32768,8960,17192.235,20817.155,17703.097,0.1409
mixed,128,4,0.0312,4.0,1024,32768,16384,65536,17920,18579.853,25865.137,19583.821,0.1378
mixed,128,4,0.0312,4.0,4096,0,16384,65536,17920,6578.525,13888.113,7588.496,0.1382
mixed,128,4,0.0312,4.0,4096,512,16384,65536,17920,7705.748,15024.849,8715.459,0.138
mixed,128,4,0.0312,4.0,4096,2048,16384,65536,17920,9685.911,17001.034,10700.951,0.1388
mixed,128,4,0.0312,4.0,4096,8192,16384,65536,17920,17628.053,25044.346,18580.06,0.1284
mixed,128,4,0.0312,4.0,4096,32768,128,512,140,49032.29,49096.838,47966.412,-16.513
mixed,128,4,0.0312,4.0,4096,32768,256,1024,280,48557.203,49390.047,49271.675,0.8579
mixed,128,4,0.0312,4.0,4096,32768,512,2048,560,49523.302,48994.712,48740.082,
mixed,128,4,0.0312,4.0,4096,32768,1024,4096,1120,48807.241,49441.269,49128.043,0.506
mixed,128,4,0.0312,4.0,4096,32768,2048,8192,2240,49166.604,50435.457,49326.457,0.126
mixed,128,4,0.0312,4.0,4096,32768,4096,16384,4480,49900.122,49613.357,49346.594,
mixed,128,4,0.0312,4.0,4096,32768,8192,32768,8960,49716.081,51682.672,50447.155,0.3717
mixed,128,4,0.0312,4.0,4096,32768,16384,65536,17920,49631.791,57444.691,51578.734,0.2492
pure,128,8,0.0625,4.0,0,0,16384,65536,19456,3187.64,10212.378,3965.593,0.1107
mixed,128,8,0.0625,4.0,16,0,16384,65536,19456,3212.072,10193.803,3974.97,0.1093
mixed,128,8,0.0625,4.0,16,512,16384,65536,19456,3262.888,10257.945,3967.05,0.1007
mixed,128,8,0.0625,4.0,16,2048,16384,65536,19456,3381.64,10374.219,3977.769,0.0853
mixed,128,8,0.0625,4.0,16,8192,16384,65536,19456,3838.409,10829.274,3961.034,0.0175
mixed,128,8,0.0625,4.0,16,32768,128,512,152,892.978,957.49,891.506,-0.0228
mixed,128,8,0.0625,4.0,16,32768,256,1024,304,915.986,1051.635,919.89,0.0288
mixed,128,8,0.0625,4.0,16,32768,512,2048,608,972.45,1227.203,962.899,-0.0375
mixed,128,8,0.0625,4.0,16,32768,1024,4096,1216,1091.394,1515.559,1051.169,-0.0948
mixed,128,8,0.0625,4.0,16,32768,2048,8192,2432,1254.533,2119.719,1256.706,0.0025
mixed,128,8,0.0625,4.0,16,32768,4096,16384,4864,1746.131,3950.024,1781.043,0.0158
mixed,128,8,0.0625,4.0,16,32768,8192,32768,9728,2468.343,7664.883,2732.263,0.0508
mixed,128,8,0.0625,4.0,16,32768,16384,65536,19456,4639.371,12676.78,3956.425,-0.085
mixed,128,8,0.0625,4.0,64,0,16384,65536,19456,3164.455,10175.257,5102.541,0.2764
mixed,128,8,0.0625,4.0,64,512,16384,65536,19456,3237.591,10274.296,5188.621,0.2773
mixed,128,8,0.0625,4.0,64,2048,16384,65536,19456,3354.502,10394.585,5286.909,0.2745
mixed,128,8,0.0625,4.0,64,8192,16384,65536,19456,3794.201,10843.417,5724.365,0.2738
mixed,128,8,0.0625,4.0,64,32768,128,512,152,2559.268,2626.773,2561.253,0.0294
mixed,128,8,0.0625,4.0,64,32768,256,1024,304,2604.117,2767.095,2608.63,0.0277
mixed,128,8,0.0625,4.0,64,32768,512,2048,608,2640.502,2929.126,2633.99,-0.0226
mixed,128,8,0.0625,4.0,64,32768,1024,4096,1216,2801.766,3234.118,2769.639,-0.0743
mixed,128,8,0.0625,4.0,64,32768,2048,8192,2432,2981.368,3858.507,2933.047,-0.0551
mixed,128,8,0.0625,4.0,64,32768,4096,16384,4864,3354.04,5114.426,3826.232,0.2682
mixed,128,8,0.0625,4.0,64,32768,8192,32768,9728,4091.961,7617.073,5056.012,0.2735
mixed,128,8,0.0625,4.0,64,32768,16384,65536,19456,5585.758,12625.868,7530.226,0.2762
mixed,128,8,0.0625,4.0,256,0,16384,65536,19456,3237.766,10250.183,5165.052,0.2748
mixed,128,8,0.0625,4.0,256,512,16384,65536,19456,3517.449,10556.327,5411.501,0.2691
mixed,128,8,0.0625,4.0,256,2048,16384,65536,19456,3964.746,11006.599,5734.877,0.2514
mixed,128,8,0.0625,4.0,256,8192,16384,65536,19456,5759.679,12814.046,7104.769,0.1907
mixed,128,8,0.0625,4.0,256,32768,128,512,152,9966.807,9980.419,9977.99,0.8216
mixed,128,8,0.0625,4.0,256,32768,256,1024,304,9998.152,9970.743,9971.447,
mixed,128,8,0.0625,4.0,256,32768,512,2048,608,9970.983,10149.48,9973.154,0.0122
mixed,128,8,0.0625,4.0,256,32768,1024,4096,1216,9978.102,10501.273,9982.949,0.0093
mixed,128,8,0.0625,4.0,256,32768,2048,8192,2432,10187.238,11265.166,10153.353,-0.0314
mixed,128,8,0.0625,4.0,256,32768,4096,16384,4864,10746.587,12498.732,10636.055,-0.0631
mixed,128,8,0.0625,4.0,256,32768,8192,32768,9728,11492.954,15022.675,11264.442,-0.0647
mixed,128,8,0.0625,4.0,256,32768,16384,65536,19456,12997.087,20032.032,13756.431,0.1079
mixed,128,8,0.0625,4.0,1024,0,16384,65536,19456,3749.448,10746.939,4513.611,0.1092
mixed,128,8,0.0625,4.0,1024,512,16384,65536,19456,4165.255,11179.096,4930.284,0.1091
mixed,128,8,0.0625,4.0,1024,2048,16384,65536,19456,4840.188,11857.151,5613.886,0.1103
mixed,128,8,0.0625,4.0,1024,8192,16384,65536,19456,7634.722,14646.946,8391.329,0.1079
mixed,128,8,0.0625,4.0,1024,32768,128,512,152,15704.149,15762.644,15720.791,0.2845
mixed,128,8,0.0625,4.0,1024,32768,256,1024,304,15737.974,15846.196,15772.581,0.3198
mixed,128,8,0.0625,4.0,1024,32768,512,2048,608,15782.757,16017.525,15815.689,0.1403
mixed,128,8,0.0625,4.0,1024,32768,1024,4096,1216,15911.897,16331.355,16008.359,0.23
mixed,128,8,0.0625,4.0,1024,32768,2048,8192,2432,16094.71,16971.829,16225.914,0.1496
mixed,128,8,0.0625,4.0,1024,32768,4096,16384,4864,16478.694,18200.747,16660.744,0.1057
mixed,128,8,0.0625,4.0,1024,32768,8192,32768,9728,17240.085,20716.868,17621.752,0.1098
mixed,128,8,0.0625,4.0,1024,32768,16384,65536,19456,18688.709,25694.282,19441.146,0.1074
mixed,128,8,0.0625,4.0,4096,0,16384,65536,19456,6769.202,13787.686,7558.471,0.1125
mixed,128,8,0.0625,4.0,4096,512,16384,65536,19456,7907.601,14933.13,8678.49,0.1097
mixed,128,8,0.0625,4.0,4096,2048,16384,65536,19456,9866.237,16875.405,10627.216,0.1086
mixed,128,8,0.0625,4.0,4096,8192,16384,65536,19456,17888.098,24772.582,18618.359,0.1061
mixed,128,8,0.0625,4.0,4096,32768,128,512,152,48637.717,49234.817,48107.401,-0.8882
mixed,128,8,0.0625,4.0,4096,32768,256,1024,304,49367.203,49064.668,48887.41,
mixed,128,8,0.0625,4.0,4096,32768,512,2048,608,49168.591,49075.475,48851.201,
mixed,128,8,0.0625,4.0,4096,32768,1024,4096,1216,49329.515,49424.177,48799.952,-5.5942
mixed,128,8,0.0625,4.0,4096,32768,2048,8192,2432,49417.677,49789.543,49429.193,0.031
mixed,128,8,0.0625,4.0,4096,32768,4096,16384,4864,49656.975,50620.287,49722.852,0.0684
mixed,128,8,0.0625,4.0,4096,32768,8192,32768,9728,49292.406,51829.128,50210.955,0.3621
mixed,128,8,0.0625,4.0,4096,32768,16384,65536,19456,50245.454,56976.754,51101.037,0.1271
pure,128,16,0.125,4.0,0,0,16384,65536,22528,3658.444,10198.879,3970.444,0.0477
mixed,128,16,0.125,4.0,16,0,16384,65536,22528,3665.789,10201.825,3979.484,0.048
mixed,128,16,0.125,4.0,16,512,16384,65536,22528,3726.041,10248.977,3991.501,0.0407
mixed,128,16,0.125,4.0,16,2048,16384,65536,22528,3841.369,10375.119,4005.901,0.0252
mixed,128,16,0.125,4.0,16,8192,16384,65536,22528,4303.852,10820.033,3991.692,-0.0479
mixed,128,16,0.125,4.0,16,32768,128,512,176,892.482,957.252,894.548,0.0319
mixed,128,16,0.125,4.0,16,32768,256,1024,352,927.058,1052.146,920.563,-0.0519
mixed,128,16,0.125,4.0,16,32768,512,2048,704,988.773,1224.598,994.211,0.0231
mixed,128,16,0.125,4.0,16,32768,1024,4096,1408,1166.036,1514.421,1110.323,-0.1599
mixed,128,16,0.125,4.0,16,32768,2048,8192,2816,1369.171,2120.326,1391.955,0.0303
mixed,128,16,0.125,4.0,16,32768,4096,16384,5632,1910.9,3943.788,1795.527,-0.0568
mixed,128,16,0.125,4.0,16,32768,8192,32768,11264,2802.854,7654.055,2736.231,-0.0137
mixed,128,16,0.125,4.0,16,32768,16384,65536,22528,5337.474,12661.509,5195.854,-0.0193
mixed,128,16,0.125,4.0,64,0,16384,65536,22528,3625.465,10173.182,5114.141,0.2274
mixed,128,16,0.125,4.0,64,512,16384,65536,22528,3708.026,10293.513,5198.173,0.2263
mixed,128,16,0.125,4.0,64,2048,16384,65536,22528,3829.194,10417.372,5284.91,0.221
mixed,128,16,0.125,4.0,64,8192,16384,65536,22528,4255.466,10852.78,5740.765,0.2251
mixed,128,16,0.125,4.0,64,32768,128,512,176,2563.27,2632.054,2561.814,-0.0212
mixed,128,16,0.125,4.0,64,32768,256,1024,352,2612.807,2765.59,2606.951,-0.0383
mixed,128,16,0.125,4.0,64,32768,512,2048,704,2644.519,2921.734,2688.661,0.1592
mixed,128,16,0.125,4.0,64,32768,1024,4096,1408,2828.711,3236.121,2772.695,-0.1375
mixed,128,16,0.125,4.0,64,32768,2048,8192,2816,3041.816,3859.306,3208.76,0.2042
mixed,128,16,0.125,4.0,64,32768,4096,16384,5632,3469.352,5118.577,3830.521,0.219
mixed,128,16,0.125,4.0,64,32768,8192,32768,11264,4329.532,7637.62,5062.013,0.2214
mixed,128,16,0.125,4.0,64,32768,16384,65536,22528,6059.967,12638.384,7535.653,0.2243
mixed,128,16,0.125,4.0,256,0,16384,65536,22528,3697.033,10239.578,5176.573,0.2261
mixed,128,16,0.125,4.0,256,512,16384,65536,22528,3985.274,10563.177,5462.734,0.2246
mixed,128,16,0.125,4.0,256,2048,16384,65536,22528,4442.861,11011.819,5893.695,0.2209
mixed,128,16,0.125,4.0,256,8192,16384,65536,22528,6242.127,12822.543,7703.843,0.2221
mixed,128,16,0.125,4.0,256,32768,128,512,176,9970.857,9986.73,9995.817,1.5725
mixed,128,16,0.125,4.0,256,32768,256,1024,352,9970.299,9977.338,9973.129,0.402
mixed,128,16,0.125,4.0,256,32768,512,2048,704,9974.153,10148.76,9970.966,-0.0182
mixed,128,16,0.125,4.0,256,32768,1024,4096,1408,9972.934,10488.776,9971.193,-0.0034
mixed,128,16,0.125,4.0,256,32768,2048,8192,2816,10208.968,11255.58,10176.231,-0.0313
mixed,128,16,0.125,4.0,256,32768,4096,16384,5632,10881.643,12526.671,10644.522,-0.1441
mixed,128,16,0.125,4.0,256,32768,8192,32768,11264,11727.085,15026.695,12466.4,0.2241
mixed,128,16,0.125,4.0,256,32768,16384,65536,22528,13455.473,20037.25,14948.167,0.2268
mixed,128,16,0.125,4.0,1024,0,16384,65536,22528,4209.626,10756.505,4537.132,0.05
mixed,128,16,0.125,4.0,1024,512,16384,65536,22528,4620.011,11171.31,4942.861,0.0493
mixed,128,16,0.125,4.0,1024,2048,16384,65536,22528,5322.158,11873.04,5623.005,0.0459
mixed,128,16,0.125,4.0,1024,8192,16384,65536,22528,8093.281,14640.902,8409.11,0.0482
mixed,128,16,0.125,4.0,1024,32768,128,512,176,15688.678,15796.537,15780.9,0.855
mixed,128,16,0.125,4.0,1024,32768,256,1024,352,15776.021,15846.918,15835.637,0.8409
mixed,128,16,0.125,4.0,1024,32768,512,2048,704,15805.781,16034.438,15877.169,0.3122
mixed,128,16,0.125,4.0,1024,32768,1024,4096,1408,15914.77,16341.844,16007.621,0.2174
mixed,128,16,0.125,4.0,1024,32768,2048,8192,2816,16158.056,16985.971,16201.746,0.0528
mixed,128,16,0.125,4.0,1024,32768,4096,16384,5632,16587.528,18239.177,16692.228,0.0634
mixed,128,16,0.125,4.0,1024,32768,8192,32768,11264,17451.226,20711.054,17574.218,0.0377
mixed,128,16,0.125,4.0,1024,32768,16384,65536,22528,19126.46,25676.056,19499.549,0.057
mixed,128,16,0.125,4.0,4096,0,16384,65536,22528,7244.286,13795.381,7560.195,0.0482
mixed,128,16,0.125,4.0,4096,512,16384,65536,22528,8371.157,14922.592,8685.253,0.0479
mixed,128,16,0.125,4.0,4096,2048,16384,65536,22528,10336.885,16871.608,10647.307,0.0475
mixed,128,16,0.125,4.0,4096,8192,16384,65536,22528,18220.072,24889.419,18594.797,0.0562
mixed,128,16,0.125,4.0,4096,32768,128,512,176,49345.599,48416.337,49055.764,
mixed,128,16,0.125,4.0,4096,32768,256,1024,352,48514.23,49242.417,47671.859,-1.1568
mixed,128,16,0.125,4.0,4096,32768,512,2048,704,47651.376,49107.394,49354.489,1.1697
mixed,128,16,0.125,4.0,4096,32768,1024,4096,1408,49086.171,49532.412,48949.001,-0.3074
mixed,128,16,0.125,4.0,4096,32768,2048,8192,2816,48505.893,50271.436,49376.23,0.493
mixed,128,16,0.125,4.0,4096,32768,4096,16384,5632,49387.497,50322.077,50559.049,1.2536
mixed,128,16,0.125,4.0,4096,32768,8192,32768,11264,50005.265,51876.204,50067.31,0.0332
mixed,128,16,0.125,4.0,4096,32768,16384,65536,22528,50530.111,57063.469,51099.969,0.0872
pure,128,32,0.25,4.0,0,0,16384,65536,28672,4589.34,10197.033,5232.428,0.1147
mixed,128,32,0.25,4.0,16,0,16384,65536,28672,4603.883,10190.234,5227.803,0.1117
mixed,128,32,0.25,4.0,16,512,16384,65536,28672,4661.595,10250.985,5233.984,0.1024
mixed,128,32,0.25,4.0,16,2048,16384,65536,28672,4787.564,10376.745,5234.431,0.08
mixed,128,32,0.25,4.0,16,8192,16384,65536,28672,5241.853,10836.584,5230.86,-0.002
mixed,128,32,0.25,4.0,16,32768,128,512,224,902.594,955.346,899.091,-0.0664
mixed,128,32,0.25,4.0,16,32768,256,1024,448,948.593,1051.282,953.027,0.0432
mixed,128,32,0.25,4.0,16,32768,512,2048,896,1019.906,1226.628,1019.427,-0.0023
mixed,128,32,0.25,4.0,16,32768,1024,4096,1792,1196.131,1514.644,1145.398,-0.1593
mixed,128,32,0.25,4.0,16,32768,2048,8192,3584,1469.956,2120.853,1467.476,-0.0038
mixed,128,32,0.25,4.0,16,32768,4096,16384,7168,2027.524,3956.266,2113.156,0.0444
mixed,128,32,0.25,4.0,16,32768,8192,32768,14336,3497.832,7657.381,3323.16,-0.042
mixed,128,32,0.25,4.0,16,32768,16384,65536,28672,6731.602,12659.761,5231.886,-0.253
mixed,128,32,0.25,4.0,64,0,16384,65536,28672,4579.675,10182.859,5131.516,0.0985
mixed,128,32,0.25,4.0,64,512,16384,65536,28672,4652.522,10301.082,5217.979,0.1001
mixed,128,32,0.25,4.0,64,2048,16384,65536,28672,4766.14,10397.018,5332.765,0.1006
mixed,128,32,0.25,4.0,64,8192,16384,65536,28672,5201.566,10835.434,5770.445,0.101
mixed,128,32,0.25,4.0,64,32768,128,512,224,2568.247,2632.615,2567.942,-0.0047
mixed,128,32,0.25,4.0,64,32768,256,1024,448,2623.943,2769.927,2607.013,-0.116
mixed,128,32,0.25,4.0,64,32768,512,2048,896,2742.999,2922.837,2744.39,0.0077
mixed,128,32,0.25,4.0,64,32768,1024,4096,1792,2884.599,3235.303,2902.313,0.0505
mixed,128,32,0.25,4.0,64,32768,2048,8192,3584,3155.256,3858.361,3214.168,0.0838
mixed,128,32,0.25,4.0,64,32768,4096,16384,7168,3700.968,5119.356,3837.498,0.0963
mixed,128,32,0.25,4.0,64,32768,8192,32768,14336,4803.067,7627.346,5069.101,0.0942
mixed,128,32,0.25,4.0,64,32768,16384,65536,28672,7007.664,12641.695,7560.898,0.0982
mixed,128,32,0.25,4.0,256,0,16384,65536,28672,4641.178,10256.743,5216.909,0.1025
mixed,128,32,0.25,4.0,256,512,16384,65536,28672,4920.217,10556.2,5502.125,0.1032
mixed,128,32,0.25,4.0,256,2048,16384,65536,28672,5380.956,11011.69,5953.039,0.1016
mixed,128,32,0.25,4.0,256,8192,16384,65536,28672,7169.058,12809.153,7735.555,0.1004
mixed,128,32,0.25,4.0,256,32768,128,512,224,9977.43,9972.953,9966.569,
mixed,128,32,0.25,4.0,256,32768,256,1024,448,9972.551,9973.912,9971.575,-0.7175
mixed,128,32,0.25,4.0,256,32768,512,2048,896,9972.774,10145.927,9970.313,-0.0142
mixed,128,32,0.25,4.0,256,32768,1024,4096,1792,10004.713,10484.394,10009.909,0.0108
mixed,128,32,0.25,4.0,256,32768,2048,8192,3584,10267.799,11256.859,10341.512,0.0745
mixed,128,32,0.25,4.0,256,32768,4096,16384,7168,11109.335,12512.848,11232.811,0.088
mixed,128,32,0.25,4.0,256,32768,8192,32768,14336,12190.862,15015.3,12472.494,0.0997
mixed,128,32,0.25,4.0,256,32768,16384,65536,28672,14396.356,20042.943,14971.606,0.1019
mixed,128,32,0.25,4.0,1024,0,16384,65536,28672,5152.986,10757.115,5785.262,0.1128
mixed,128,32,0.25,4.0,1024,512,16384,65536,28672,5557.948,11169.379,6182.911,0.1114
mixed,128,32,0.25,4.0,1024,2048,16384,65536,28672,6255.296,11865.087,6875.65,0.1106
mixed,128,32,0.25,4.0,1024,8192,16384,65536,28672,9042.904,14638.499,9687.707,0.1152
mixed,128,32,0.25,4.0,1024,32768,128,512,224,15725.863,15766.313,15763.958,0.9418
mixed,128,32,0.25,4.0,1024,32768,256,1024,448,15770.748,15860.391,15761.964,-0.098
mixed,128,32,0.25,4.0,1024,32768,512,2048,896,15829.412,16026.26,15887.433,0.2947
mixed,128,32,0.25,4.0,1024,32768,1024,4096,1792,15969.754,16317.308,16041.254,0.2057
mixed,128,32,0.25,4.0,1024,32768,2048,8192,3584,16226.874,16981.409,16351.656,0.1654
mixed,128,32,0.25,4.0,1024,32768,4096,16384,7168,16806.188,18212.701,17009.627,0.1446
mixed,128,32,0.25,4.0,1024,32768,8192,32768,14336,17919.788,20710.74,18250.974,0.1187
mixed,128,32,0.25,4.0,1024,32768,16384,65536,28672,20110.883,25680.736,20734.84,0.112
mixed,128,32,0.25,4.0,4096,0,16384,65536,28672,8193.011,13796.24,8819.495,0.1118
mixed,128,32,0.25,4.0,4096,512,16384,65536,28672,9312.47,14914.71,9937.29,0.1115
mixed,128,32,0.25,4.0,4096,2048,16384,65536,28672,11285.9,16941.819,11902.672,0.109
mixed,128,32,0.25,4.0,4096,8192,16384,65536,28672,19403.521,24879.005,19896.176,0.09
mixed,128,32,0.25,4.0,4096,32768,128,512,224,49291.3,48974.015,49254.273,
mixed,128,32,0.25,4.0,4096,32768,256,1024,448,49028.768,48795.745,49113.242,
mixed,128,32,0.25,4.0,4096,32768,512,2048,896,48977.633,49063.184,48588.798,-4.5451
mixed,128,32,0.25,4.0,4096,32768,1024,4096,1792,49014.907,49991.804,48909.275,-0.1081
mixed,128,32,0.25,4.0,4096,32768,2048,8192,3584,49814.754,49788.041,49563.594,
mixed,128,32,0.25,4.0,4096,32768,4096,16384,7168,49798.978,49488.331,50504.269,
mixed,128,32,0.25,4.0,4096,32768,8192,32768,14336,50505.144,51841.737,50238.914,-0.1992
mixed,128,32,0.25,4.0,4096,32768,16384,65536,28672,51009.353,57014.567,51964.064,0.159
pure,128,64,0.5,4.0,0,0,16384,65536,40960,6478.835,10209.564,6443.938,-0.0094
mixed,128,64,0.5,4.0,16,0,16384,65536,40960,6481.792,10201.979,6453.121,-0.0077
mixed,128,64,0.5,4.0,16,512,16384,65536,40960,6532.416,10261.417,6512.001,-0.0055
mixed,128,64,0.5,4.0,16,2048,16384,65536,40960,6654.623,10371.579,6631.442,-0.0062
mixed,128,64,0.5,4.0,16,8192,16384,65536,40960,7110.483,10838.78,7066.466,-0.0118
mixed,128,64,0.5,4.0,16,32768,128,512,320,922.674,957.011,910.16,-0.3644
mixed,128,64,0.5,4.0,16,32768,256,1024,640,980.129,1051.795,971.46,-0.121
mixed,128,64,0.5,4.0,16,32768,512,2048,1280,1127.171,1224.322,1069.748,-0.5911
mixed,128,64,0.5,4.0,16,32768,1024,4096,2560,1266.467,1514.659,1370.851,0.4206
mixed,128,64,0.5,4.0,16,32768,2048,8192,5120,1821.126,2113.989,1646.806,-0.5952
mixed,128,64,0.5,4.0,16,32768,4096,16384,10240,2586.038,3947.978,2718.693,0.0974
mixed,128,64,0.5,4.0,16,32768,8192,32768,20480,4872.492,7656.93,5160.478,0.1034
mixed,128,64,0.5,4.0,16,32768,16384,65536,40960,8947.528,12662.095,7688.245,-0.339
mixed,128,64,0.5,4.0,64,0,16384,65536,40960,6436.895,10181.61,6420.542,-0.0044
mixed,128,64,0.5,4.0,64,512,16384,65536,40960,6528.959,10284.667,6521.074,-0.0021
mixed,128,64,0.5,4.0,64,2048,16384,65536,40960,6651.361,10415.002,6644.977,-0.0017
mixed,128,64,0.5,4.0,64,8192,16384,65536,40960,7087.474,10840.282,7065.953,-0.0057
mixed,128,64,0.5,4.0,64,32768,128,512,320,2611.509,2627.911,2596.021,-0.9443
mixed,128,64,0.5,4.0,64,32768,256,1024,640,2639.078,2766.951,2666.966,0.2181
mixed,128,64,0.5,4.0,64,32768,512,2048,1280,2806.262,2924.055,2752.294,-0.4582
mixed,128,64,0.5,4.0,64,32768,1024,4096,2560,3000.439,3235.129,2969.111,-0.1335
mixed,128,64,0.5,4.0,64,32768,2048,8192,5120,3389.56,3858.762,3390.2,0.0014
mixed,128,64,0.5,4.0,64,32768,4096,16384,10240,4171.961,5117.195,4179.099,0.0076
mixed,128,64,0.5,4.0,64,32768,8192,32768,20480,5746.078,7627.939,5749.789,0.002
mixed,128,64,0.5,4.0,64,32768,16384,65536,40960,8887.494,12622.925,8868.039,-0.0052
mixed,128,64,0.5,4.0,256,0,16384,65536,40960,6516.061,10246.934,6478.32,-0.0101
mixed,128,64,0.5,4.0,256,512,16384,65536,40960,6806.257,10560.185,6809.393,0.0008
mixed,128,64,0.5,4.0,256,2048,16384,65536,40960,7253.635,11013.531,7253.361,-0.0001
mixed,128,64,0.5,4.0,256,8192,16384,65536,40960,9069.176,12820.078,9068.934,-0.0001
mixed,128,64,0.5,4.0,256,32768,128,512,320,9975.992,9971.835,10010.151,
mixed,128,64,0.5,4.0,256,32768,256,1024,640,10001.721,9973.046,9973.606,
mixed,128,64,0.5,4.0,256,32768,512,2048,1280,9981.511,10166.905,9974.619,-0.0372
mixed,128,64,0.5,4.0,256,32768,1024,4096,2560,10185.02,10478.266,10184.984,-0.0001
mixed,128,64,0.5,4.0,256,32768,2048,8192,5120,10794.297,11261.004,10615.737,-0.3826
mixed,128,64,0.5,4.0,256,32768,4096,16384,10240,11574.605,12509.262,11335.209,-0.2561
mixed,128,64,0.5,4.0,256,32768,8192,32768,20480,13146.159,15033.636,13141.534,-0.0025
mixed,128,64,0.5,4.0,256,32768,16384,65536,40960,16289.431,20036.897,16291.175,0.0005
mixed,128,64,0.5,4.0,1024,0,16384,65536,40960,7010.594,10768.633,7002.403,-0.0022
mixed,128,64,0.5,4.0,1024,512,16384,65536,40960,7432.753,11177.065,7422.513,-0.0027
mixed,128,64,0.5,4.0,1024,2048,16384,65536,40960,8118.564,11852.846,8108.532,-0.0027
mixed,128,64,0.5,4.0,1024,8192,16384,65536,40960,10904.955,14637.221,10883.452,-0.0058
mixed,128,64,0.5,4.0,1024,32768,128,512,320,15729.395,15767.367,15733.817,0.1164
mixed,128,64,0.5,4.0,1024,32768,256,1024,640,15776.314,15833.107,15822.008,0.8046
mixed,128,64,0.5,4.0,1024,32768,512,2048,1280,15901.661,15995.096,15876.856,-0.2655
mixed,128,64,0.5,4.0,1024,32768,1024,4096,2560,16093.129,16311.622,16099.674,0.03
mixed,128,64,0.5,4.0,1024,32768,2048,8192,5120,16482.969,16948.059,16479.063,-0.0084
mixed,128,64,0.5,4.0,1024,32768,4096,16384,10240,17278.168,18187.629,17260.025,-0.0199
mixed,128,64,0.5,4.0,1024,32768,8192,32768,20480,18830.19,20754.894,18847.594,0.009
mixed,128,64,0.5,4.0,1024,32768,16384,65536,40960,21970.556,25721.118,21959.108,-0.0031
mixed,128,64,0.5,4.0,4096,0,16384,65536,40960,10069.288,13802.786,10057.816,-0.0031
mixed,128,64,0.5,4.0,4096,512,16384,65536,40960,11190.409,14920.006,11172.573,-0.0048
mixed,128,64,0.5,4.0,4096,2048,16384,65536,40960,13144.608,16897.131,13125.924,-0.005
mixed,128,64,0.5,4.0,4096,8192,16384,65536,40960,21069.079,24872.271,21025.668,-0.0114
mixed,128,64,0.5,4.0,4096,32768,128,512,320,48881.643,49055.252,48937.738,0.3231
mixed,128,64,0.5,4.0,4096,32768,256,1024,640,47830.12,49270.82,49213.315,0.9601
mixed,128,64,0.5,4.0,4096,32768,512,2048,1280,49171.935,48234.325,48984.046,
mixed,128,64,0.5,4.0,4096,32768,1024,4096,2560,48444.849,49388.665,49352.204,0.9614
mixed,128,64,0.5,4.0,4096,32768,2048,8192,5120,49691.202,50284.053,49242.856,-0.7563
mixed,128,64,0.5,4.0,4096,32768,4096,16384,10240,50495.209,50291.416,50201.201,
mixed,128,64,0.5,4.0,4096,32768,8192,32768,20480,50434.857,51669.139,50272.765,-0.1313
mixed,128,64,0.5,4.0,4096,32768,16384,65536,40960,52876.515,57133.803,53182.243,0.0718
pure,128,96,0.75,4.0,0,0,16384,65536,53248,8329.93,10203.66,10148.399,0.9705
mixed,128,96,0.75,4.0,16,0,16384,65536,53248,8345.462,10184.012,10126.347,0.9686
mixed,128,96,0.75,4.0,16,512,16384,65536,53248,8373.669,10255.659,10123.947,0.93
mixed,128,96,0.75,4.0,16,2048,16384,65536,53248,8502.248,10386.796,10129.323,0.8634
mixed,128,96,0.75,4.0,16,8192,16384,65536,53248,8946.248,10836.75,10131.261,0.6268
mixed,128,96,0.75,4.0,16,32768,128,512,416,939.603,959.268,943.091,0.1774
mixed,128,96,0.75,4.0,16,32768,256,1024,832,1009.221,1051.985,1022.692,0.315
mixed,128,96,0.75,4.0,16,32768,512,2048,1664,1188.483,1226.354,1214.485,0.6866
mixed,128,96,0.75,4.0,16,32768,1024,4096,3328,1556.918,1513.059,1382.051,
mixed,128,96,0.75,4.0,16,32768,2048,8192,6656,1986.421,2122.981,2108.421,0.8934
mixed,128,96,0.75,4.0,16,32768,4096,16384,13312,3262.199,3944.426,3020.729,-0.3539
mixed,128,96,0.75,4.0,16,32768,8192,32768,26624,6269.072,7660.629,5188.189,-0.7767
mixed,128,96,0.75,4.0,16,32768,16384,65536,53248,10786.652,12665.28,10126.314,-0.3515
mixed,128,96,0.75,4.0,64,0,16384,65536,53248,8307.493,10186.249,10068.172,0.9372
mixed,128,96,0.75,4.0,64,512,16384,65536,53248,8405.827,10296.406,10157.22,0.9264
mixed,128,96,0.75,4.0,64,2048,16384,65536,53248,8517.63,10403.191,10286.549,0.9381
mixed,128,96,0.75,4.0,64,8192,16384,65536,53248,8946.389,10838.589,10733.035,0.9442
mixed,128,96,0.75,4.0,64,32768,128,512,416,2618.533,2628.117,2624.662,0.6395
mixed,128,96,0.75,4.0,64,32768,256,1024,832,2736.983,2772.118,2667.334,-1.9823
mixed,128,96,0.75,4.0,64,32768,512,2048,1664,2863.512,2944.568,2925.287,0.7621
mixed,128,96,0.75,4.0,64,32768,1024,4096,3328,3143.883,3256.921,3255.544,0.9878
mixed,128,96,0.75,4.0,64,32768,2048,8192,6656,3647.159,3883.483,3877.848,0.9762
mixed,128,96,0.75,4.0,64,32768,4096,16384,13312,4685.164,5146.319,5128.139,0.9606
mixed,128,96,0.75,4.0,64,32768,8192,32768,26624,6740.131,7680.708,7630.74,0.9469
mixed,128,96,0.75,4.0,64,32768,16384,65536,53248,10817.756,12713.024,12613.587,0.9475
mixed,128,96,0.75,4.0,256,0,16384,65536,53248,8428.774,10315.675,10204.376,0.941
mixed,128,96,0.75,4.0,256,512,16384,65536,53248,8740.119,10627.274,10502.301,0.9338
mixed,128,96,0.75,4.0,256,2048,16384,65536,53248,9200.712,11062.123,10958.251,0.9442
mixed,128,96,0.75,4.0,256,8192,16384,65536,53248,11015.596,12901.762,12792.031,0.9418
mixed,128,96,0.75,4.0,256,32768,128,512,416,10049.275,10046.17,10048.151,
mixed,128,96,0.75,4.0,256,32768,256,1024,832,10047.881,10051.172,10045.689,-0.6658
mixed,128,96,0.75,4.0,256,32768,512,2048,1664,10051.017,10228.843,10052.826,0.0102
mixed,128,96,0.75,4.0,256,32768,1024,4096,3328,10327.242,10562.443,10386.843,0.2534
mixed,128,96,0.75,4.0,256,32768,2048,8192,6656,11108.65,11339.726,10881.292,-0.9839
mixed,128,96,0.75,4.0,256,32768,4096,16384,13312,12133.744,12607.408,12585.662,0.9541
mixed,128,96,0.75,4.0,256,32768,8192,32768,26624,14184.994,15145.047,15091.349,0.9441
mixed,128,96,0.75,4.0,256,32768,16384,65536,53248,18274.559,20172.419,20086.901,0.9549
mixed,128,96,0.75,4.0,1024,0,16384,65536,53248,8948.87,10841.437,10769.275,0.9619
mixed,128,96,0.75,4.0,1024,512,16384,65536,53248,9367.753,11252.06,11178.942,0.9612
mixed,128,96,0.75,4.0,1024,2048,16384,65536,53248,10057.449,11950.015,11881.471,0.9638
mixed,128,96,0.75,4.0,1024,8192,16384,65536,53248,12857.044,14733.399,14667.927,0.9651
mixed,128,96,0.75,4.0,1024,32768,128,512,416,15865.105,15853.643,15887.498,
mixed,128,96,0.75,4.0,1024,32768,256,1024,832,15915.884,15975.421,15938.016,0.3717
mixed,128,96,0.75,4.0,1024,32768,512,2048,1664,16046.855,16121.63,16144.411,1.3046
mixed,128,96,0.75,4.0,1024,32768,1024,4096,3328,16323.069,16438.814,16423.174,0.8649
mixed,128,96,0.75,4.0,1024,32768,2048,8192,6656,16841.196,17059.276,17030.433,0.8677
mixed,128,96,0.75,4.0,1024,32768,4096,16384,13312,17849.156,18317.887,18276.211,0.9111
mixed,128,96,0.75,4.0,1024,32768,8192,32768,26624,19888.486,20824.044,20817.333,0.9928
mixed,128,96,0.75,4.0,1024,32768,16384,65536,53248,23959.599,25837.289,25819.128,0.9903
mixed,128,96,0.75,4.0,4096,0,16384,65536,53248,11994.912,13886.405,13813.158,0.9613
mixed,128,96,0.75,4.0,4096,512,16384,65536,53248,13128.786,15000.582,14943.304,0.9694
mixed,128,96,0.75,4.0,4096,2048,16384,65536,53248,15095.177,16980.656,16915.868,0.9656
mixed,128,96,0.75,4.0,4096,8192,16384,65536,53248,23147.855,25055.511,25033.029,0.9882
mixed,128,96,0.75,4.0,4096,32768,128,512,416,49189.519,49519.595,48974.849,-0.6504
mixed,128,96,0.75,4.0,4096,32768,256,1024,832,48028.887,48905.631,49131.595,1.2577
mixed,128,96,0.75,4.0,4096,32768,512,2048,1664,49324.108,49524.679,49507.007,0.9119
mixed,128,96,0.75,4.0,4096,32768,1024,4096,3328,48578.504,49285.371,49684.736,1.565
mixed,128,96,0.75,4.0,4096,32768,2048,8192,6656,49742.374,50194.389,50317.253,1.2718
mixed,128,96,0.75,4.0,4096,32768,4096,16384,13312,50314.915,49877.372,50748.361,
mixed,128,96,0.75,4.0,4096,32768,8192,32768,26624,50653.815,52033.438,51963.565,0.9494
mixed,128,96,0.75,4.0,4096,32768,16384,65536,53248,54781.648,56797.848,56643.609,0.9235
pure,128,115,0.8984,4.0,0,0,16384,65536,60544,9439.243,10203.296,10170.91,0.9576
mixed,128,115,0.8984,4.0,16,0,16384,65536,60544,9428.076,10189.278,10169.599,0.9741
mixed,128,115,0.8984,4.0,16,512,16384,65536,60544,9484.459,10259.246,10183.292,0.902
mixed,128,115,0.8984,4.0,16,2048,16384,65536,60544,9602.923,10375.183,10185.853,0.7548
mixed,128,115,0.8984,4.0,16,8192,16384,65536,60544,10060.493,10835.727,10185.532,0.1613
mixed,128,115,0.8984,4.0,16,32768,128,512,473,947.89,956.402,950.273,0.2798
mixed,128,115,0.8984,4.0,16,32768,256,1024,946,1022.5,1052.083,1050.834,0.9578
mixed,128,115,0.8984,4.0,16,32768,512,2048,1892,1203.444,1222.196,1218.066,0.7798
mixed,128,115,0.8984,4.0,16,32768,1024,4096,3784,1468.565,1517.86,1514.405,0.9299
mixed,128,115,0.8984,4.0,16,32768,2048,8192,7568,2064.389,2115.733,2108.645,0.8619
mixed,128,115,0.8984,4.0,16,32768,4096,16384,15136,3671.004,3946.666,3950.876,1.0153
mixed,128,115,0.8984,4.0,16,32768,8192,32768,30272,7088.629,7656.901,5810.241,-2.2496
mixed,128,115,0.8984,4.0,16,32768,16384,65536,60544,11900.337,12657.059,10178.456,-2.2754
mixed,128,115,0.8984,4.0,64,0,16384,65536,60544,9419.45,10195.228,10120.332,0.9035
mixed,128,115,0.8984,4.0,64,512,16384,65536,60544,9526.025,10275.34,10224.827,0.9326
mixed,128,115,0.8984,4.0,64,2048,16384,65536,60544,9639.833,10397.869,10349.866,0.9367
mixed,128,115,0.8984,4.0,64,8192,16384,65536,60544,10077.225,10830.556,10793.39,0.9507
mixed,128,115,0.8984,4.0,64,32768,128,512,473,2622.983,2627.558,2630.775,1.703
mixed,128,115,0.8984,4.0,64,32768,256,1024,946,2750.935,2767.448,2710.454,-2.4514
mixed,128,115,0.8984,4.0,64,32768,512,2048,1892,2901.127,2928.425,2922.009,0.765
mixed,128,115,0.8984,4.0,64,32768,1024,4096,3784,3184.168,3232.729,3233.641,1.0188
mixed,128,115,0.8984,4.0,64,32768,2048,8192,7568,3758.346,3859.705,3853.722,0.941
mixed,128,115,0.8984,4.0,64,32768,4096,16384,15136,4913.6,5116.158,5103.196,0.936
mixed,128,115,0.8984,4.0,64,32768,8192,32768,30272,7244.323,7629.715,7605.97,0.9384
mixed,128,115,0.8984,4.0,64,32768,16384,65536,60544,11859.102,12636.626,12593.649,0.9447
mixed,128,115,0.8984,4.0,256,0,16384,65536,60544,9478.202,10235.707,10185.77,0.9341
mixed,128,115,0.8984,4.0,256,512,16384,65536,60544,9800.761,10546.844,10487.898,0.921
mixed,128,115,0.8984,4.0,256,2048,16384,65536,60544,10239.61,11008.876,10962.827,0.9401
mixed,128,115,0.8984,4.0,256,8192,16384,65536,60544,12054.462,12821.249,12758.034,0.9176
mixed,128,115,0.8984,4.0,256,32768,128,512,473,9972.65,9981.978,9968.874,-0.4048
mixed,128,115,0.8984,4.0,256,32768,256,1024,946,9976.763,9973.483,10002.716,
mixed,128,115,0.8984,4.0,256,32768,512,2048,1892,10098.303,10149.772,10142.233,0.8535
mixed,128,115,0.8984,4.0,256,32768,1024,4096,3784,10282.426,10479.979,10309.771,0.1384
mixed,128,115,0.8984,4.0,256,32768,2048,8192,7568,11168.076,11264.362,11262.318,0.9788
mixed,128,115,0.8984,4.0,256,32768,4096,16384,15136,12312.143,12528.611,12502.304,0.8785
mixed,128,115,0.8984,4.0,256,32768,8192,32768,30272,14633.208,15011.815,14997.112,0.9612
mixed,128,115,0.8984,4.0,256,32768,16384,65536,60544,19276.771,20049.445,19982.933,0.9139
mixed,128,115,0.8984,4.0,1024,0,16384,65536,60544,10005.531,10766.269,10726.092,0.9472
mixed,128,115,0.8984,4.0,1024,512,16384,65536,60544,10413.37,11160.462,11146.076,0.9807
mixed,128,115,0.8984,4.0,1024,2048,16384,65536,60544,11107.883,11888.205,11827.134,0.9217
mixed,128,115,0.8984,4.0,1024,8192,16384,65536,60544,13893.831,14665.622,14618.854,0.9394
mixed,128,115,0.8984,4.0,1024,32768,128,512,473,15793.0,15787.896,15791.068,
mixed,128,115,0.8984,4.0,1024,32768,256,1024,946,15818.246,15854.295,15850.559,0.8964
mixed,128,115,0.8984,4.0,1024,32768,512,2048,1892,15983.881,15985.674,16018.119,19.0954
mixed,128,115,0.8984,4.0,1024,32768,1024,4096,3784,16288.03,16345.962,16315.322,0.4711
mixed,128,115,0.8984,4.0,1024,32768,2048,8192,7568,16839.709,16948.427,16954.506,1.0559
mixed,128,115,0.8984,4.0,1024,32768,4096,16384,15136,18007.533,18239.228,18212.143,0.8831
mixed,128,115,0.8984,4.0,1024,32768,8192,32768,30272,20354.902,20689.543,20717.911,1.0848
mixed,128,115,0.8984,4.0,1024,32768,16384,65536,60544,24946.913,25703.91,25661.298,0.9437
mixed,128,115,0.8984,4.0,4096,0,16384,65536,60544,13042.484,13788.838,13769.665,0.9743
mixed,128,115,0.8984,4.0,4096,512,16384,65536,60544,14150.294,14909.3,14878.727,0.9597
mixed,128,115,0.8984,4.0,4096,2048,16384,65536,60544,16121.119,16864.141,16845.325,0.9747
mixed,128,115,0.8984,4.0,4096,8192,16384,65536,60544,24057.409,24794.211,24739.876,0.9263
mixed,128,115,0.8984,4.0,4096,32768,128,512,473,49013.394,49069.045,49109.171,1.721
mixed,128,115,0.8984,4.0,4096,32768,256,1024,946,49395.894,49055.508,48998.344,
mixed,128,115,0.8984,4.0,4096,32768,512,2048,1892,49169.335,48829.004,49378.223,
mixed,128,115,0.8984,4.0,4096,32768,1024,4096,3784,49721.048,49659.763,49503.961,
mixed,128,115,0.8984,4.0,4096,32768,2048,8192,7568,50068.359,49935.533,50869.803,
mixed,128,115,0.8984,4.0,4096,32768,4096,16384,15136,50103.425,50717.936,49856.199,-0.4023
mixed,128,115,0.8984,4.0,4096,32768,8192,32768,30272,51813.567,52394.804,52156.739,0.5904
mixed,128,115,0.8984,4.0,4096,32768,16384,65536,60544,56448.014,57485.685,57221.521,0.7454
pure,256,1,0.0039,4.0,0,0,16384,65536,16576,5438.222,20371.001,5392.335,-0.0031
pure,256,2,0.0078,4.0,0,0,16384,65536,16768,5496.207,20380.584,5389.087,-0.0072
pure,256,3,0.0117,4.0,0,0,16384,65536,16960,5581.377,20374.296,6588.498,0.0681
pure,256,4,0.0156,4.0,0,0,16384,65536,17152,5621.856,20379.769,6604.18,0.0666
pure,256,16,0.0625,4.0,0,0,16384,65536,19456,6323.507,20384.583,6615.089,0.0207
pure,256,32,0.125,4.0,0,0,16384,65536,22528,7262.115,20373.08,7836.805,0.0438
pure,256,64,0.25,4.0,0,0,16384,65536,28672,9134.121,20383.895,9107.912,-0.0023
pure,256,128,0.5,4.0,0,0,16384,65536,40960,12890.673,20373.477,12862.53,-0.0038
pure,256,192,0.75,4.0,0,0,16384,65536,53248,16633.482,20370.34,16619.051,-0.0039
pure,256,230,0.8984,4.0,0,0,16384,65536,60544,18845.04,20392.467,20314.355,0.9495
