pc,n_label,skew_rate_label,kv_big_label,kp_label,alpha,n_samples
0,n<=128,sr<=15%,kvB<=16k,kp=0,0.0901,4
0,n<=128,sr<=15%,kvB<=1k,kp=0,0.526,4
0,n<=128,sr<=15%,kvB<=4k,kp=0,0.137,4
0,n<=128,sr<=15%,kvB<=64k,kp=0,0.0822,4
0,n<=128,sr<=40%,kvB<=16k,kp=0,0.1431,2
0,n<=128,sr<=40%,kvB<=1k,kp=0,0.4564,2
0,n<=128,sr<=40%,kvB<=4k,kp=0,0.2408,2
0,n<=128,sr<=40%,kvB<=64k,kp=0,0.1154,2
0,n<=128,sr<=5%,kvB<=16k,kp=0,0.1094,8
0,n<=128,sr<=5%,kvB<=1k,kp=0,0.3487,8
0,n<=128,sr<=5%,kvB<=4k,kp=0,0.1138,8
0,n<=128,sr<=5%,kvB<=64k,kp=0,0.1058,8
0,n<=128,sr<=70%,kvB<=16k,kp=0,-0.0073,2
0,n<=128,sr<=70%,kvB<=1k,kp=0,0.0067,2
0,n<=128,sr<=70%,kvB<=4k,kp=0,0.0006,2
0,n<=128,sr<=70%,kvB<=64k,kp=0,-0.0094,2
0,n<=128,sr>70%,kvB<=16k,kp=0,0.9521,4
0,n<=128,sr>70%,kvB<=1k,kp=0,0.8576,4
0,n<=128,sr>70%,kvB<=4k,kp=0,0.954,4
0,n<=128,sr>70%,kvB<=64k,kp=0,0.9664,4
0,n<=16,sr<=15%,kvB<=16k,kp=0,0.1482,4
0,n<=16,sr<=15%,kvB<=1k,kp=0,0.6239,4
0,n<=16,sr<=15%,kvB<=4k,kp=0,-0.0299,4
0,n<=16,sr<=15%,kvB<=64k,kp=0,0.1765,4
0,n<=16,sr<=40%,kvB<=16k,kp=0,0.531,4
0,n<=16,sr<=40%,kvB<=1k,kp=0,0.5878,4
0,n<=16,sr<=40%,kvB<=4k,kp=0,0.5042,4
0,n<=16,sr<=40%,kvB<=64k,kp=0,0.4551,4
0,n<=16,sr<=70%,kvB<=16k,kp=0,0.0951,2
0,n<=16,sr<=70%,kvB<=1k,kp=0,-0.0618,2
0,n<=16,sr<=70%,kvB<=4k,kp=0,-0.0413,2
0,n<=16,sr<=70%,kvB<=64k,kp=0,0.1081,2
0,n<=16,sr>70%,kvB<=16k,kp=0,2.6589,4
0,n<=16,sr>70%,kvB<=1k,kp=0,0.9633,4
0,n<=16,sr>70%,kvB<=4k,kp=0,3.7929,4
0,n<=16,sr>70%,kvB<=64k,kp=0,2.3564,4
0,n<=2,sr<=70%,kvB<=16k,kp=0,0.2666,2
0,n<=2,sr<=70%,kvB<=1k,kp=0,-0.2777,2
0,n<=2,sr<=70%,kvB<=4k,kp=0,0.1244,2
0,n<=2,sr<=70%,kvB<=64k,kp=0,0.1282,2
0,n<=256,sr<=15%,kvB<=16k,kp=0,0.0314,4
0,n<=256,sr<=15%,kvB<=1k,kp=0,0.4065,4
0,n<=256,sr<=15%,kvB<=4k,kp=0,0.0291,4
0,n<=256,sr<=15%,kvB<=64k,kp=0,0.0315,4
0,n<=256,sr<=40%,kvB<=16k,kp=0,-0.0017,2
0,n<=256,sr<=40%,kvB<=1k,kp=0,0.4164,2
0,n<=256,sr<=40%,kvB<=4k,kp=0,-0.0006,2
0,n<=256,sr<=40%,kvB<=64k,kp=0,-0.0027,2
0,n<=256,sr<=5%,kvB<=16k,kp=0,0.0275,8
0,n<=256,sr<=5%,kvB<=1k,kp=0,0.3194,8
0,n<=256,sr<=5%,kvB<=4k,kp=0,0.0112,8
0,n<=256,sr<=5%,kvB<=64k,kp=0,0.0307,8
0,n<=256,sr<=70%,kvB<=16k,kp=0,-0.0052,2
0,n<=256,sr<=70%,kvB<=1k,kp=0,-0.0193,2
0,n<=256,sr<=70%,kvB<=4k,kp=0,0.0063,2
0,n<=256,sr<=70%,kvB<=64k,kp=0,-0.0035,2
0,n<=256,sr>70%,kvB<=16k,kp=0,0.1227,4
0,n<=256,sr>70%,kvB<=1k,kp=0,0.1975,4
0,n<=256,sr>70%,kvB<=4k,kp=0,0.1376,4
0,n<=256,sr>70%,kvB<=64k,kp=0,0.1334,4
0,n<=32,sr<=15%,kvB<=16k,kp=0,0.3153,6
0,n<=32,sr<=15%,kvB<=1k,kp=0,1.0748,6
0,n<=32,sr<=15%,kvB<=4k,kp=0,0.457,6
0,n<=32,sr<=15%,kvB<=64k,kp=0,0.2754,6
0,n<=32,sr<=40%,kvB<=16k,kp=0,0.1979,2
0,n<=32,sr<=40%,kvB<=1k,kp=0,0.5076,2
0,n<=32,sr<=40%,kvB<=4k,kp=0,0.4105,2
0,n<=32,sr<=40%,kvB<=64k,kp=0,0.1341,2
0,n<=32,sr<=5%,kvB<=16k,kp=0,0.3558,2
0,n<=32,sr<=5%,kvB<=1k,kp=0,0.9865,2
0,n<=32,sr<=5%,kvB<=4k,kp=0,0.4691,2
0,n<=32,sr<=5%,kvB<=64k,kp=0,0.318,2
0,n<=32,sr<=70%,kvB<=16k,kp=0,0.0649,2
0,n<=32,sr<=70%,kvB<=1k,kp=0,-0.6468,1
0,n<=32,sr<=70%,kvB<=4k,kp=0,-0.0995,2
0,n<=32,sr<=70%,kvB<=64k,kp=0,0.099,2
0,n<=32,sr>70%,kvB<=16k,kp=0,3.2892,4
0,n<=32,sr>70%,kvB<=1k,kp=0,4.2721,2
0,n<=32,sr>70%,kvB<=4k,kp=0,3.2242,3
0,n<=32,sr>70%,kvB<=64k,kp=0,3.148,4
0,n<=4,sr<=40%,kvB<=16k,kp=0,0.2635,2
0,n<=4,sr<=40%,kvB<=1k,kp=0,0.8251,4
0,n<=4,sr<=40%,kvB<=4k,kp=0,0.476,3
0,n<=4,sr<=40%,kvB<=64k,kp=0,0.0647,2
0,n<=4,sr<=70%,kvB<=16k,kp=0,0.2204,2
0,n<=4,sr<=70%,kvB<=1k,kp=0,0.5688,2
0,n<=4,sr<=70%,kvB<=4k,kp=0,1.0343,2
0,n<=4,sr<=70%,kvB<=64k,kp=0,0.061,2
0,n<=4,sr>70%,kvB<=16k,kp=0,0.1546,2
0,n<=4,sr>70%,kvB<=1k,kp=0,0.4286,1
0,n<=4,sr>70%,kvB<=4k,kp=0,0.0775,1
0,n<=4,sr>70%,kvB<=64k,kp=0,-0.1146,2
0,n<=64,sr<=15%,kvB<=16k,kp=0,0.2922,4
0,n<=64,sr<=15%,kvB<=1k,kp=0,0.876,4
0,n<=64,sr<=15%,kvB<=4k,kp=0,0.3852,4
0,n<=64,sr<=15%,kvB<=64k,kp=0,0.2686,4
0,n<=64,sr<=40%,kvB<=16k,kp=0,0.3171,2
0,n<=64,sr<=40%,kvB<=1k,kp=0,0.9779,2
0,n<=64,sr<=40%,kvB<=4k,kp=0,0.4894,2
0,n<=64,sr<=40%,kvB<=64k,kp=0,0.2668,2
0,n<=64,sr<=5%,kvB<=16k,kp=0,0.329,6
0,n<=64,sr<=5%,kvB<=1k,kp=0,0.6607,6
0,n<=64,sr<=5%,kvB<=4k,kp=0,0.3844,6
0,n<=64,sr<=5%,kvB<=64k,kp=0,0.3124,6
0,n<=64,sr<=70%,kvB<=16k,kp=0,0.4372,2
0,n<=64,sr<=70%,kvB<=1k,kp=0,1.9127,2
0,n<=64,sr<=70%,kvB<=4k,kp=0,0.768,2
0,n<=64,sr<=70%,kvB<=64k,kp=0,0.3525,2
0,n<=64,sr>70%,kvB<=16k,kp=0,1.4155,4
0,n<=64,sr>70%,kvB<=1k,kp=0,4.5344,4
0,n<=64,sr>70%,kvB<=4k,kp=0,2.058,4
0,n<=64,sr>70%,kvB<=64k,kp=0,1.0852,4
0,n<=8,sr<=15%,kvB<=16k,kp=0,0.065,2
0,n<=8,sr<=15%,kvB<=1k,kp=0,0.7347,2
0,n<=8,sr<=15%,kvB<=4k,kp=0,0.3033,2
0,n<=8,sr<=15%,kvB<=64k,kp=0,0.0162,2
0,n<=8,sr<=40%,kvB<=16k,kp=0,0.0172,4
0,n<=8,sr<=40%,kvB<=1k,kp=0,0.6748,4
0,n<=8,sr<=40%,kvB<=4k,kp=0,0.2101,4
0,n<=8,sr<=40%,kvB<=64k,kp=0,0.0098,4
0,n<=8,sr<=70%,kvB<=16k,kp=0,0.0606,2
0,n<=8,sr<=70%,kvB<=1k,kp=0,0.504,1
0,n<=8,sr<=70%,kvB<=4k,kp=0,0.1399,2
0,n<=8,sr<=70%,kvB<=64k,kp=0,0.0956,2
0,n<=8,sr>70%,kvB<=16k,kp=0,-0.1168,4
0,n<=8,sr>70%,kvB<=1k,kp=0,0.3236,1
0,n<=8,sr>70%,kvB<=4k,kp=0,0.2699,3
0,n<=8,sr>70%,kvB<=64k,kp=0,-0.1048,4
16,n<=128,sr<=15%,kvB<=16k,kp<=16k,0.017,4
16,n<=128,sr<=15%,kvB<=16k,kp<=2k,-0.0282,4
16,n<=128,sr<=15%,kvB<=16k,kp<=32k,-0.0135,4
16,n<=128,sr<=15%,kvB<=16k,kp<=512,0.0552,4
16,n<=128,sr<=15%,kvB<=16k,kp<=8k,-0.0282,4
16,n<=128,sr<=15%,kvB<=16k,kp=0,0.0915,4
16,n<=128,sr<=15%,kvB<=1k,kp<=16k,-0.0304,4
16,n<=128,sr<=15%,kvB<=1k,kp<=2k,0.0716,4
16,n<=128,sr<=15%,kvB<=1k,kp<=32k,-0.0058,4
16,n<=128,sr<=15%,kvB<=1k,kp<=512,-0.021,4
16,n<=128,sr<=15%,kvB<=1k,kp<=8k,-0.0487,4
16,n<=128,sr<=15%,kvB<=1k,kp=0,0.4362,4
16,n<=128,sr<=15%,kvB<=4k,kp<=16k,0.0045,4
16,n<=128,sr<=15%,kvB<=4k,kp<=2k,-0.008,4
16,n<=128,sr<=15%,kvB<=4k,kp<=32k,-0.0892,4
16,n<=128,sr<=15%,kvB<=4k,kp<=512,-0.0047,4
16,n<=128,sr<=15%,kvB<=4k,kp<=8k,-0.0438,4
16,n<=128,sr<=15%,kvB<=4k,kp=0,0.1335,4
16,n<=128,sr<=15%,kvB<=64k,kp<=16k,-0.0547,2
16,n<=128,sr<=15%,kvB<=64k,kp<=2k,0.0526,4
16,n<=128,sr<=15%,kvB<=64k,kp<=32k,-0.0325,4
16,n<=128,sr<=15%,kvB<=64k,kp<=512,0.0716,4
16,n<=128,sr<=15%,kvB<=64k,kp<=8k,-0.0313,4
16,n<=128,sr<=15%,kvB<=64k,kp=0,0.0813,4
16,n<=128,sr<=40%,kvB<=16k,kp<=16k,-0.0278,2
16,n<=128,sr<=40%,kvB<=16k,kp<=2k,-0.0091,2
16,n<=128,sr<=40%,kvB<=16k,kp<=32k,0.0395,2
16,n<=128,sr<=40%,kvB<=16k,kp<=512,0.0921,2
16,n<=128,sr<=40%,kvB<=16k,kp<=8k,-0.1759,2
16,n<=128,sr<=40%,kvB<=16k,kp=0,0.1438,2
16,n<=128,sr<=40%,kvB<=1k,kp<=16k,-0.0206,2
16,n<=128,sr<=40%,kvB<=1k,kp<=2k,0.1072,2
16,n<=128,sr<=40%,kvB<=1k,kp<=32k,0.0203,2
16,n<=128,sr<=40%,kvB<=1k,kp<=512,-0.2226,2
16,n<=128,sr<=40%,kvB<=1k,kp<=8k,0.0926,2
16,n<=128,sr<=40%,kvB<=1k,kp=0,0.3632,2
16,n<=128,sr<=40%,kvB<=4k,kp<=16k,-0.0272,2
16,n<=128,sr<=40%,kvB<=4k,kp<=2k,-0.1772,2
16,n<=128,sr<=40%,kvB<=4k,kp<=32k,-0.1128,2
16,n<=128,sr<=40%,kvB<=4k,kp<=512,-0.0454,2
16,n<=128,sr<=40%,kvB<=4k,kp<=8k,0.0623,2
16,n<=128,sr<=40%,kvB<=4k,kp=0,0.1826,2
16,n<=128,sr<=40%,kvB<=64k,kp<=16k,-0.2521,1
16,n<=128,sr<=40%,kvB<=64k,kp<=2k,0.0753,2
16,n<=128,sr<=40%,kvB<=64k,kp<=32k,-0.1834,2
16,n<=128,sr<=40%,kvB<=64k,kp<=512,0.1011,2
16,n<=128,sr<=40%,kvB<=64k,kp<=8k,-0.024,2
16,n<=128,sr<=40%,kvB<=64k,kp=0,0.1134,2
16,n<=128,sr<=5%,kvB<=16k,kp<=16k,0.0368,8
16,n<=128,sr<=5%,kvB<=16k,kp<=2k,0.0258,8
16,n<=128,sr<=5%,kvB<=16k,kp<=32k,0.0224,8
16,n<=128,sr<=5%,kvB<=16k,kp<=512,0.0801,8
16,n<=128,sr<=5%,kvB<=16k,kp<=8k,-0.0055,8
16,n<=128,sr<=5%,kvB<=16k,kp=0,0.1116,8
16,n<=128,sr<=5%,kvB<=1k,kp<=16k,0.0028,8
16,n<=128,sr<=5%,kvB<=1k,kp<=2k,0.0015,8
16,n<=128,sr<=5%,kvB<=1k,kp<=32k,0.008,8
16,n<=128,sr<=5%,kvB<=1k,kp<=512,0.0054,8
16,n<=128,sr<=5%,kvB<=1k,kp<=8k,-0.0004,8
16,n<=128,sr<=5%,kvB<=1k,kp=0,0.3197,8
16,n<=128,sr<=5%,kvB<=4k,kp<=16k,-0.0086,8
16,n<=128,sr<=5%,kvB<=4k,kp<=2k,0.0043,8
16,n<=128,sr<=5%,kvB<=4k,kp<=32k,-0.003,8
16,n<=128,sr<=5%,kvB<=4k,kp<=512,0.0127,8
16,n<=128,sr<=5%,kvB<=4k,kp<=8k,0.0067,8
16,n<=128,sr<=5%,kvB<=4k,kp=0,0.114,8
16,n<=128,sr<=5%,kvB<=64k,kp<=16k,-0.0257,4
16,n<=128,sr<=5%,kvB<=64k,kp<=2k,0.0842,8
16,n<=128,sr<=5%,kvB<=64k,kp<=32k,-0.0075,8
16,n<=128,sr<=5%,kvB<=64k,kp<=512,0.0985,8
16,n<=128,sr<=5%,kvB<=64k,kp<=8k,0.0278,8
16,n<=128,sr<=5%,kvB<=64k,kp=0,0.1061,8
16,n<=128,sr<=70%,kvB<=16k,kp<=16k,0.0935,2
16,n<=128,sr<=70%,kvB<=16k,kp<=2k,-0.0068,2
16,n<=128,sr<=70%,kvB<=16k,kp<=32k,0.0668,2
16,n<=128,sr<=70%,kvB<=16k,kp<=512,-0.0042,2
16,n<=128,sr<=70%,kvB<=16k,kp<=8k,-0.1978,2
16,n<=128,sr<=70%,kvB<=16k,kp=0,-0.0037,2
16,n<=128,sr<=70%,kvB<=1k,kp<=16k,-0.3535,2
16,n<=128,sr<=70%,kvB<=1k,kp<=2k,-0.165,2
16,n<=128,sr<=70%,kvB<=1k,kp<=32k,-0.1664,2
16,n<=128,sr<=70%,kvB<=1k,kp<=512,-0.2639,2
16,n<=128,sr<=70%,kvB<=1k,kp<=8k,-0.3992,2
16,n<=128,sr<=70%,kvB<=1k,kp=0,-0.0507,2
16,n<=128,sr<=70%,kvB<=4k,kp<=16k,-0.3725,2
16,n<=128,sr<=70%,kvB<=4k,kp<=2k,-0.2332,2
16,n<=128,sr<=70%,kvB<=4k,kp<=32k,0.2862,2
16,n<=128,sr<=70%,kvB<=4k,kp<=512,-0.0181,2
16,n<=128,sr<=70%,kvB<=4k,kp<=8k,0.03,2
16,n<=128,sr<=70%,kvB<=4k,kp=0,-0.0052,2
16,n<=128,sr<=70%,kvB<=64k,kp<=16k,-0.349,1
16,n<=128,sr<=70%,kvB<=64k,kp<=2k,-0.006,2
16,n<=128,sr<=70%,kvB<=64k,kp<=32k,-0.1798,2
16,n<=128,sr<=70%,kvB<=64k,kp<=512,-0.0054,2
16,n<=128,sr<=70%,kvB<=64k,kp<=8k,-0.0145,2
16,n<=128,sr<=70%,kvB<=64k,kp=0,-0.0064,2
16,n<=128,sr>70%,kvB<=16k,kp<=16k,-0.8364,4
16,n<=128,sr>70%,kvB<=16k,kp<=2k,0.4314,4
16,n<=128,sr>70%,kvB<=16k,kp<=32k,-0.122,4
16,n<=128,sr>70%,kvB<=16k,kp<=512,0.7755,4
16,n<=128,sr>70%,kvB<=16k,kp<=8k,-0.8209,4
16,n<=128,sr>70%,kvB<=16k,kp=0,0.9492,4
16,n<=128,sr>70%,kvB<=1k,kp<=16k,0.2805,4
16,n<=128,sr>70%,kvB<=1k,kp<=2k,-0.1114,4
16,n<=128,sr>70%,kvB<=1k,kp<=32k,0.4752,4
16,n<=128,sr>70%,kvB<=1k,kp<=512,-1.1474,4
16,n<=128,sr>70%,kvB<=1k,kp<=8k,0.2278,4
16,n<=128,sr>70%,kvB<=1k,kp=0,0.6358,4
16,n<=128,sr>70%,kvB<=4k,kp<=16k,0.8732,3
16,n<=128,sr>70%,kvB<=4k,kp<=2k,-0.9211,4
16,n<=128,sr>70%,kvB<=4k,kp<=32k,0.8346,3
16,n<=128,sr>70%,kvB<=4k,kp<=512,0.2311,4
16,n<=128,sr>70%,kvB<=4k,kp<=8k,-0.1693,4
16,n<=128,sr>70%,kvB<=4k,kp=0,0.9411,4
16,n<=128,sr>70%,kvB<=64k,kp<=16k,-0.67,2
16,n<=128,sr>70%,kvB<=64k,kp<=2k,0.8274,4
16,n<=128,sr>70%,kvB<=64k,kp<=32k,-0.7505,4
16,n<=128,sr>70%,kvB<=64k,kp<=512,0.9188,4
16,n<=128,sr>70%,kvB<=64k,kp<=8k,0.4791,4
16,n<=128,sr>70%,kvB<=64k,kp=0,0.9647,4
16,n<=16,sr<=15%,kvB<=16k,kp<=16k,0.4212,4
16,n<=16,sr<=15%,kvB<=16k,kp<=2k,0.4123,4
16,n<=16,sr<=15%,kvB<=16k,kp<=32k,0.21,3
16,n<=16,sr<=15%,kvB<=16k,kp<=512,0.6042,4
16,n<=16,sr<=15%,kvB<=16k,kp<=8k,-0.0318,4
16,n<=16,sr<=15%,kvB<=16k,kp=0,0.924,4
16,n<=16,sr<=15%,kvB<=1k,kp<=16k,0.0221,4
16,n<=16,sr<=15%,kvB<=1k,kp<=2k,0.0098,4
16,n<=16,sr<=15%,kvB<=1k,kp<=32k,0.002,4
16,n<=16,sr<=15%,kvB<=1k,kp<=512,-0.464,4
16,n<=16,sr<=15%,kvB<=1k,kp<=8k,-0.0463,4
16,n<=16,sr<=15%,kvB<=1k,kp=0,0.6463,4
16,n<=16,sr<=15%,kvB<=4k,kp<=16k,-0.1033,3
16,n<=16,sr<=15%,kvB<=4k,kp<=2k,-0.0413,4
16,n<=16,sr<=15%,kvB<=4k,kp<=32k,-0.0723,4
16,n<=16,sr<=15%,kvB<=4k,kp<=512,0.2722,4
16,n<=16,sr<=15%,kvB<=4k,kp<=8k,0.2085,4
16,n<=16,sr<=15%,kvB<=4k,kp=0,0.705,4
16,n<=16,sr<=15%,kvB<=64k,kp<=16k,-0.0984,2
16,n<=16,sr<=15%,kvB<=64k,kp<=2k,0.7277,4
16,n<=16,sr<=15%,kvB<=64k,kp<=32k,-0.0367,4
16,n<=16,sr<=15%,kvB<=64k,kp<=512,0.8913,4
16,n<=16,sr<=15%,kvB<=64k,kp<=8k,0.4363,4
16,n<=16,sr<=15%,kvB<=64k,kp=0,0.9757,4
16,n<=16,sr<=40%,kvB<=16k,kp<=16k,0.9243,4
16,n<=16,sr<=40%,kvB<=16k,kp<=2k,0.4142,4
16,n<=16,sr<=40%,kvB<=16k,kp<=32k,0.89,2
16,n<=16,sr<=40%,kvB<=16k,kp<=512,0.5133,4
16,n<=16,sr<=40%,kvB<=16k,kp<=8k,-0.0901,4
16,n<=16,sr<=40%,kvB<=16k,kp=0,0.899,4
16,n<=16,sr<=40%,kvB<=1k,kp<=16k,-0.1725,4
16,n<=16,sr<=40%,kvB<=1k,kp<=2k,-0.1037,4
16,n<=16,sr<=40%,kvB<=1k,kp<=32k,0.0167,4
16,n<=16,sr<=40%,kvB<=1k,kp<=512,-0.026,4
16,n<=16,sr<=40%,kvB<=1k,kp<=8k,-0.2156,4
16,n<=16,sr<=40%,kvB<=1k,kp=0,0.6106,4
16,n<=16,sr<=40%,kvB<=4k,kp<=16k,-0.2392,2
16,n<=16,sr<=40%,kvB<=4k,kp<=2k,-0.0305,3
16,n<=16,sr<=40%,kvB<=4k,kp<=32k,-0.2081,4
16,n<=16,sr<=40%,kvB<=4k,kp<=512,0.263,2
16,n<=16,sr<=40%,kvB<=4k,kp<=8k,0.1386,2
16,n<=16,sr<=40%,kvB<=4k,kp=0,0.7552,4
16,n<=16,sr<=40%,kvB<=64k,kp<=16k,-0.1009,2
16,n<=16,sr<=40%,kvB<=64k,kp<=2k,0.685,4
16,n<=16,sr<=40%,kvB<=64k,kp<=32k,-0.078,4
16,n<=16,sr<=40%,kvB<=64k,kp<=512,0.8732,4
16,n<=16,sr<=40%,kvB<=64k,kp<=8k,0.4461,4
16,n<=16,sr<=40%,kvB<=64k,kp=0,0.9702,4
16,n<=16,sr<=70%,kvB<=16k,kp<=16k,0.2693,1
16,n<=16,sr<=70%,kvB<=16k,kp<=2k,-0.5869,1
16,n<=16,sr<=70%,kvB<=16k,kp<=32k,0.2731,1
16,n<=16,sr<=70%,kvB<=16k,kp<=512,0.2383,2
16,n<=16,sr<=70%,kvB<=16k,kp<=8k,0.3724,1
16,n<=16,sr<=70%,kvB<=16k,kp=0,0.8651,2
16,n<=16,sr<=70%,kvB<=1k,kp<=16k,0.045,2
16,n<=16,sr<=70%,kvB<=1k,kp<=2k,0.1787,1
16,n<=16,sr<=70%,kvB<=1k,kp<=32k,0.0338,2
16,n<=16,sr<=70%,kvB<=1k,kp<=512,-0.1041,1
16,n<=16,sr<=70%,kvB<=1k,kp<=8k,0.9631,2
16,n<=16,sr<=70%,kvB<=1k,kp=0,-1.0001,2
16,n<=16,sr<=70%,kvB<=4k,kp<=16k,0.9851,1
16,n<=16,sr<=70%,kvB<=4k,kp<=2k,0.0728,1
16,n<=16,sr<=70%,kvB<=4k,kp<=32k,0.6082,2
16,n<=16,sr<=70%,kvB<=4k,kp<=512,0.1218,1
16,n<=16,sr<=70%,kvB<=4k,kp<=8k,0.2974,1
16,n<=16,sr<=70%,kvB<=4k,kp=0,0.6508,2
16,n<=16,sr<=70%,kvB<=64k,kp<=16k,0.4437,1
16,n<=16,sr<=70%,kvB<=64k,kp<=2k,0.5182,2
16,n<=16,sr<=70%,kvB<=64k,kp<=32k,0.4723,1
16,n<=16,sr<=70%,kvB<=64k,kp<=512,0.794,2
16,n<=16,sr<=70%,kvB<=64k,kp<=8k,-0.4134,1
16,n<=16,sr<=70%,kvB<=64k,kp=0,0.9522,2
16,n<=16,sr>70%,kvB<=16k,kp<=16k,0.933,3
16,n<=16,sr>70%,kvB<=16k,kp<=2k,1.8333,4
16,n<=16,sr>70%,kvB<=16k,kp<=32k,0.9792,2
16,n<=16,sr>70%,kvB<=16k,kp<=512,-0.1413,4
16,n<=16,sr>70%,kvB<=16k,kp<=8k,0.8993,3
16,n<=16,sr>70%,kvB<=16k,kp=0,0.8799,4
16,n<=16,sr>70%,kvB<=1k,kp<=16k,0.3322,4
16,n<=16,sr>70%,kvB<=1k,kp<=2k,0.5005,4
16,n<=16,sr>70%,kvB<=1k,kp<=32k,-0.0759,3
16,n<=16,sr>70%,kvB<=1k,kp<=512,0.7863,4
16,n<=16,sr>70%,kvB<=1k,kp<=8k,0.9141,4
16,n<=16,sr>70%,kvB<=1k,kp=0,-0.0484,2
16,n<=16,sr>70%,kvB<=4k,kp<=16k,0.9257,2
16,n<=16,sr>70%,kvB<=4k,kp<=2k,0.6493,3
16,n<=16,sr>70%,kvB<=4k,kp<=32k,1.0077,4
16,n<=16,sr>70%,kvB<=4k,kp<=512,0.7065,4
16,n<=16,sr>70%,kvB<=4k,kp<=8k,0.8751,3
16,n<=16,sr>70%,kvB<=4k,kp=0,0.9036,2
16,n<=16,sr>70%,kvB<=64k,kp<=16k,0.9406,2
16,n<=16,sr>70%,kvB<=64k,kp<=2k,0.2291,4
16,n<=16,sr>70%,kvB<=64k,kp<=32k,0.9701,2
16,n<=16,sr>70%,kvB<=64k,kp<=512,0.6965,4
16,n<=16,sr>70%,kvB<=64k,kp<=8k,1.9687,4
16,n<=16,sr>70%,kvB<=64k,kp=0,0.9488,4
16,n<=2,sr<=70%,kvB<=16k,kp<=16k,0.2881,2
16,n<=2,sr<=70%,kvB<=16k,kp<=2k,1.0303,2
16,n<=2,sr<=70%,kvB<=16k,kp<=32k,0.2838,2
16,n<=2,sr<=70%,kvB<=16k,kp<=512,1.1175,2
16,n<=2,sr<=70%,kvB<=16k,kp<=8k,0.8333,1
16,n<=2,sr<=70%,kvB<=16k,kp=0,1.0078,2
16,n<=2,sr<=70%,kvB<=1k,kp<=16k,0.8711,1
16,n<=2,sr<=70%,kvB<=1k,kp<=2k,-0.7274,1
16,n<=2,sr<=70%,kvB<=1k,kp<=32k,0.395,1
16,n<=2,sr<=70%,kvB<=1k,kp<=512,-0.8993,1
16,n<=2,sr<=70%,kvB<=1k,kp=0,0.9789,2
16,n<=2,sr<=70%,kvB<=4k,kp<=2k,0.748,2
16,n<=2,sr<=70%,kvB<=4k,kp<=32k,1.2294,1
16,n<=2,sr<=70%,kvB<=4k,kp<=512,1.0832,2
16,n<=2,sr<=70%,kvB<=4k,kp<=8k,0.137,1
16,n<=2,sr<=70%,kvB<=4k,kp=0,1.003,2
16,n<=2,sr<=70%,kvB<=64k,kp<=2k,1.0271,2
16,n<=2,sr<=70%,kvB<=64k,kp<=32k,0.9486,1
16,n<=2,sr<=70%,kvB<=64k,kp<=512,0.9979,2
16,n<=2,sr<=70%,kvB<=64k,kp<=8k,1.0063,2
16,n<=2,sr<=70%,kvB<=64k,kp=0,1.0032,2
16,n<=32,sr<=15%,kvB<=16k,kp<=16k,-0.0664,6
16,n<=32,sr<=15%,kvB<=16k,kp<=2k,-0.116,6
16,n<=32,sr<=15%,kvB<=16k,kp<=32k,0.4376,6
16,n<=32,sr<=15%,kvB<=16k,kp<=512,0.1439,6
16,n<=32,sr<=15%,kvB<=16k,kp<=8k,0.2018,6
16,n<=32,sr<=15%,kvB<=16k,kp=0,0.2971,6
16,n<=32,sr<=15%,kvB<=1k,kp<=16k,0.0647,6
16,n<=32,sr<=15%,kvB<=1k,kp<=2k,0.2206,6
16,n<=32,sr<=15%,kvB<=1k,kp<=32k,0.0369,6
16,n<=32,sr<=15%,kvB<=1k,kp<=512,0.1974,6
16,n<=32,sr<=15%,kvB<=1k,kp<=8k,-0.0479,6
16,n<=32,sr<=15%,kvB<=1k,kp=0,0.4606,6
16,n<=32,sr<=15%,kvB<=4k,kp<=16k,0.5513,6
16,n<=32,sr<=15%,kvB<=4k,kp<=2k,0.185,6
16,n<=32,sr<=15%,kvB<=4k,kp<=32k,-0.1052,6
16,n<=32,sr<=15%,kvB<=4k,kp<=512,-0.2022,6
16,n<=32,sr<=15%,kvB<=4k,kp<=8k,0.443,6
16,n<=32,sr<=15%,kvB<=4k,kp=0,0.3761,6
16,n<=32,sr<=15%,kvB<=64k,kp<=16k,0.2467,3
16,n<=32,sr<=15%,kvB<=64k,kp<=2k,0.1482,6
16,n<=32,sr<=15%,kvB<=64k,kp<=32k,0.2281,6
16,n<=32,sr<=15%,kvB<=64k,kp<=512,0.2307,6
16,n<=32,sr<=15%,kvB<=64k,kp<=8k,-0.1081,6
16,n<=32,sr<=15%,kvB<=64k,kp=0,0.2701,6
16,n<=32,sr<=40%,kvB<=16k,kp<=16k,0.0119,2
16,n<=32,sr<=40%,kvB<=16k,kp<=2k,0.046,2
16,n<=32,sr<=40%,kvB<=16k,kp<=32k,0.8779,2
16,n<=32,sr<=40%,kvB<=16k,kp<=512,-0.0049,2
16,n<=32,sr<=40%,kvB<=16k,kp<=8k,0.071,2
16,n<=32,sr<=40%,kvB<=16k,kp=0,0.1849,2
16,n<=32,sr<=40%,kvB<=1k,kp<=16k,-0.103,2
16,n<=32,sr<=40%,kvB<=1k,kp<=2k,-0.1038,1
16,n<=32,sr<=40%,kvB<=1k,kp<=32k,-0.1626,2
16,n<=32,sr<=40%,kvB<=1k,kp<=512,0.0282,2
16,n<=32,sr<=40%,kvB<=1k,kp<=8k,0.2571,2
16,n<=32,sr<=40%,kvB<=1k,kp=0,0.3911,2
16,n<=32,sr<=40%,kvB<=4k,kp<=16k,0.9952,2
16,n<=32,sr<=40%,kvB<=4k,kp<=2k,0.0222,2
16,n<=32,sr<=40%,kvB<=4k,kp<=32k,0.5971,2
16,n<=32,sr<=40%,kvB<=4k,kp<=512,-0.4084,2
16,n<=32,sr<=40%,kvB<=4k,kp<=8k,0.0398,2
16,n<=32,sr<=40%,kvB<=4k,kp=0,0.132,2
16,n<=32,sr<=40%,kvB<=64k,kp<=16k,0.0942,1
16,n<=32,sr<=40%,kvB<=64k,kp<=2k,0.0156,2
16,n<=32,sr<=40%,kvB<=64k,kp<=32k,0.0854,2
16,n<=32,sr<=40%,kvB<=64k,kp<=512,0.0804,2
16,n<=32,sr<=40%,kvB<=64k,kp<=8k,0.1106,2
16,n<=32,sr<=40%,kvB<=64k,kp=0,0.1261,2
16,n<=32,sr<=5%,kvB<=16k,kp<=16k,0.0584,2
16,n<=32,sr<=5%,kvB<=16k,kp<=2k,-0.03,2
16,n<=32,sr<=5%,kvB<=16k,kp<=32k,-0.0146,2
16,n<=32,sr<=5%,kvB<=16k,kp<=512,0.1333,2
16,n<=32,sr<=5%,kvB<=16k,kp<=8k,0.29,2
16,n<=32,sr<=5%,kvB<=16k,kp=0,0.2866,2
16,n<=32,sr<=5%,kvB<=1k,kp<=16k,0.0026,2
16,n<=32,sr<=5%,kvB<=1k,kp<=2k,0.0236,2
16,n<=32,sr<=5%,kvB<=1k,kp<=32k,0.1007,2
16,n<=32,sr<=5%,kvB<=1k,kp<=512,-0.0706,2
16,n<=32,sr<=5%,kvB<=1k,kp<=8k,-0.0479,2
16,n<=32,sr<=5%,kvB<=1k,kp=0,0.6963,2
16,n<=32,sr<=5%,kvB<=4k,kp<=16k,-0.0288,2
16,n<=32,sr<=5%,kvB<=4k,kp<=2k,0.2984,2
16,n<=32,sr<=5%,kvB<=4k,kp<=32k,-0.0151,2
16,n<=32,sr<=5%,kvB<=4k,kp<=512,-0.055,2
16,n<=32,sr<=5%,kvB<=4k,kp<=8k,-0.0147,2
16,n<=32,sr<=5%,kvB<=4k,kp=0,0.1286,2
16,n<=32,sr<=5%,kvB<=64k,kp<=16k,0.3138,1
16,n<=32,sr<=5%,kvB<=64k,kp<=2k,0.1888,2
16,n<=32,sr<=5%,kvB<=64k,kp<=32k,0.2926,2
16,n<=32,sr<=5%,kvB<=64k,kp<=512,0.2659,2
16,n<=32,sr<=5%,kvB<=64k,kp<=8k,-0.0318,2
16,n<=32,sr<=5%,kvB<=64k,kp=0,0.3072,2
16,n<=32,sr<=70%,kvB<=16k,kp<=16k,0.2691,1
16,n<=32,sr<=70%,kvB<=16k,kp<=2k,-0.4208,2
16,n<=32,sr<=70%,kvB<=16k,kp<=32k,0.0007,1
16,n<=32,sr<=70%,kvB<=16k,kp<=512,-0.2641,2
16,n<=32,sr<=70%,kvB<=16k,kp<=8k,0.0558,2
16,n<=32,sr<=70%,kvB<=16k,kp=0,0.0601,2
16,n<=32,sr<=70%,kvB<=1k,kp<=16k,0.396,2
16,n<=32,sr<=70%,kvB<=1k,kp<=2k,-0.0142,1
16,n<=32,sr<=70%,kvB<=1k,kp<=32k,0.4418,2
16,n<=32,sr<=70%,kvB<=1k,kp<=512,0.11,2
16,n<=32,sr<=70%,kvB<=1k,kp<=8k,-0.2508,1
16,n<=32,sr<=70%,kvB<=1k,kp=0,-0.6402,2
16,n<=32,sr<=70%,kvB<=4k,kp<=16k,-0.0095,1
16,n<=32,sr<=70%,kvB<=4k,kp<=2k,-0.0536,2
16,n<=32,sr<=70%,kvB<=4k,kp<=32k,0.9114,2
16,n<=32,sr<=70%,kvB<=4k,kp<=512,-0.728,2
16,n<=32,sr<=70%,kvB<=4k,kp<=8k,0.0027,1
16,n<=32,sr<=70%,kvB<=4k,kp=0,-0.3299,2
16,n<=32,sr<=70%,kvB<=64k,kp<=16k,0.0287,1
16,n<=32,sr<=70%,kvB<=64k,kp<=2k,-0.1195,2
16,n<=32,sr<=70%,kvB<=64k,kp<=32k,0.0758,2
16,n<=32,sr<=70%,kvB<=64k,kp<=512,0.0172,2
16,n<=32,sr<=70%,kvB<=64k,kp<=8k,-0.3481,2
16,n<=32,sr<=70%,kvB<=64k,kp=0,0.0917,2
16,n<=32,sr>70%,kvB<=16k,kp<=16k,0.9481,3
16,n<=32,sr>70%,kvB<=16k,kp<=2k,0.7518,4
16,n<=32,sr>70%,kvB<=16k,kp<=32k,0.9962,2
16,n<=32,sr>70%,kvB<=16k,kp<=512,2.0897,4
16,n<=32,sr>70%,kvB<=16k,kp<=8k,0.0082,4
16,n<=32,sr>70%,kvB<=16k,kp=0,3.1249,4
16,n<=32,sr>70%,kvB<=1k,kp<=16k,0.1147,4
16,n<=32,sr>70%,kvB<=1k,kp<=2k,0.9145,3
16,n<=32,sr>70%,kvB<=1k,kp<=32k,0.6166,4
16,n<=32,sr>70%,kvB<=1k,kp<=512,0.8012,4
16,n<=32,sr>70%,kvB<=1k,kp<=8k,0.0327,2
16,n<=32,sr>70%,kvB<=1k,kp=0,0.4009,3
16,n<=32,sr>70%,kvB<=4k,kp<=16k,0.9627,2
16,n<=32,sr>70%,kvB<=4k,kp<=2k,-0.1331,4
16,n<=32,sr>70%,kvB<=4k,kp<=32k,0.5862,2
16,n<=32,sr>70%,kvB<=4k,kp<=512,0.4091,4
16,n<=32,sr>70%,kvB<=4k,kp<=8k,0.976,2
16,n<=32,sr>70%,kvB<=4k,kp=0,3.3014,4
16,n<=32,sr>70%,kvB<=64k,kp<=16k,-0.206,2
16,n<=32,sr>70%,kvB<=64k,kp<=2k,2.1163,4
16,n<=32,sr>70%,kvB<=64k,kp<=32k,0.0434,4
16,n<=32,sr>70%,kvB<=64k,kp<=512,2.8582,4
16,n<=32,sr>70%,kvB<=64k,kp<=8k,0.7737,4
16,n<=32,sr>70%,kvB<=64k,kp=0,3.1198,4
16,n<=4,sr<=40%,kvB<=16k,kp<=16k,-0.9917,1
16,n<=4,sr<=40%,kvB<=16k,kp<=2k,1.008,2
16,n<=4,sr<=40%,kvB<=16k,kp<=32k,-0.0646,2
16,n<=4,sr<=40%,kvB<=16k,kp<=512,1.0238,2
16,n<=4,sr<=40%,kvB<=16k,kp=0,0.9921,2
16,n<=4,sr<=40%,kvB<=1k,kp<=16k,-5.5956,1
16,n<=4,sr<=40%,kvB<=1k,kp<=2k,-0.0146,2
16,n<=4,sr<=40%,kvB<=1k,kp<=32k,14.1667,1
16,n<=4,sr<=40%,kvB<=1k,kp<=512,-0.1147,1
16,n<=4,sr<=40%,kvB<=1k,kp=0,0.966,5
16,n<=4,sr<=40%,kvB<=4k,kp<=16k,0.004,2
16,n<=4,sr<=40%,kvB<=4k,kp<=2k,0.9884,1
16,n<=4,sr<=40%,kvB<=4k,kp<=32k,1.0844,1
16,n<=4,sr<=40%,kvB<=4k,kp<=512,1.0091,2
16,n<=4,sr<=40%,kvB<=4k,kp<=8k,-0.093,2
16,n<=4,sr<=40%,kvB<=4k,kp=0,0.9513,3
16,n<=4,sr<=40%,kvB<=64k,kp<=2k,1.0023,2
16,n<=4,sr<=40%,kvB<=64k,kp<=512,0.9935,2
16,n<=4,sr<=40%,kvB<=64k,kp<=8k,0.9992,2
16,n<=4,sr<=40%,kvB<=64k,kp=0,1.0085,2
16,n<=4,sr<=70%,kvB<=16k,kp<=16k,1.0086,1
16,n<=4,sr<=70%,kvB<=16k,kp<=2k,1.006,2
16,n<=4,sr<=70%,kvB<=16k,kp<=32k,0.1965,2
16,n<=4,sr<=70%,kvB<=16k,kp<=512,1.0368,2
16,n<=4,sr<=70%,kvB<=16k,kp<=8k,0.9974,1
16,n<=4,sr<=70%,kvB<=16k,kp=0,0.9989,2
16,n<=4,sr<=70%,kvB<=1k,kp<=16k,-0.2651,2
16,n<=4,sr<=70%,kvB<=1k,kp<=2k,0.0914,2
16,n<=4,sr<=70%,kvB<=1k,kp<=32k,0.2977,1
16,n<=4,sr<=70%,kvB<=1k,kp<=512,-1.6318,1
16,n<=4,sr<=70%,kvB<=1k,kp=0,0.8899,4
16,n<=4,sr<=70%,kvB<=4k,kp<=16k,-0.0455,2
16,n<=4,sr<=70%,kvB<=4k,kp<=2k,0.9942,2
16,n<=4,sr<=70%,kvB<=4k,kp<=32k,1.4788,1
16,n<=4,sr<=70%,kvB<=4k,kp<=512,1.0401,2
16,n<=4,sr<=70%,kvB<=4k,kp<=8k,0.1681,2
16,n<=4,sr<=70%,kvB<=4k,kp=0,0.982,2
16,n<=4,sr<=70%,kvB<=64k,kp<=16k,0.9821,1
16,n<=4,sr<=70%,kvB<=64k,kp<=2k,1.0045,2
16,n<=4,sr<=70%,kvB<=64k,kp<=32k,0.9913,1
16,n<=4,sr<=70%,kvB<=64k,kp<=512,1.0023,2
16,n<=4,sr<=70%,kvB<=64k,kp<=8k,1.0085,2
16,n<=4,sr<=70%,kvB<=64k,kp=0,0.9959,2
16,n<=4,sr>70%,kvB<=16k,kp<=16k,1.0106,1
16,n<=4,sr>70%,kvB<=16k,kp<=2k,1.0303,2
16,n<=4,sr>70%,kvB<=16k,kp<=32k,1.0001,2
16,n<=4,sr>70%,kvB<=16k,kp<=512,1.0131,2
16,n<=4,sr>70%,kvB<=16k,kp<=8k,0.9782,1
16,n<=4,sr>70%,kvB<=16k,kp=0,1.0144,2
16,n<=4,sr>70%,kvB<=1k,kp<=16k,1.4057,1
16,n<=4,sr>70%,kvB<=1k,kp<=2k,0.9397,2
16,n<=4,sr>70%,kvB<=1k,kp<=32k,0.9364,1
16,n<=4,sr>70%,kvB<=1k,kp<=512,0.5391,2
16,n<=4,sr>70%,kvB<=1k,kp=0,0.6271,2
16,n<=4,sr>70%,kvB<=4k,kp<=16k,0.9782,1
16,n<=4,sr>70%,kvB<=4k,kp<=2k,0.9311,2
16,n<=4,sr>70%,kvB<=4k,kp<=32k,0.6211,1
16,n<=4,sr>70%,kvB<=4k,kp<=512,0.9738,2
16,n<=4,sr>70%,kvB<=4k,kp<=8k,0.9901,2
16,n<=4,sr>70%,kvB<=4k,kp=0,0.9458,2
16,n<=4,sr>70%,kvB<=64k,kp<=16k,0.976,1
16,n<=4,sr>70%,kvB<=64k,kp<=2k,1.0089,2
16,n<=4,sr>70%,kvB<=64k,kp<=32k,0.9898,1
16,n<=4,sr>70%,kvB<=64k,kp<=512,0.9984,2
16,n<=4,sr>70%,kvB<=64k,kp<=8k,1.0019,2
16,n<=4,sr>70%,kvB<=64k,kp=0,1.0007,2
16,n<=64,sr<=15%,kvB<=16k,kp<=16k,0.0691,4
16,n<=64,sr<=15%,kvB<=16k,kp<=2k,0.0431,4
16,n<=64,sr<=15%,kvB<=16k,kp<=32k,-0.0643,4
16,n<=64,sr<=15%,kvB<=16k,kp<=512,0.2091,4
16,n<=64,sr<=15%,kvB<=16k,kp<=8k,-0.0472,4
16,n<=64,sr<=15%,kvB<=16k,kp=0,0.292,4
16,n<=64,sr<=15%,kvB<=1k,kp<=16k,-0.0222,4
16,n<=64,sr<=15%,kvB<=1k,kp<=2k,0.004,4
16,n<=64,sr<=15%,kvB<=1k,kp<=32k,-0.0466,4
16,n<=64,sr<=15%,kvB<=1k,kp<=512,-0.0175,4
16,n<=64,sr<=15%,kvB<=1k,kp<=8k,0.1323,4
16,n<=64,sr<=15%,kvB<=1k,kp=0,0.5835,4
16,n<=64,sr<=15%,kvB<=4k,kp<=16k,0.0828,4
16,n<=64,sr<=15%,kvB<=4k,kp<=2k,-0.0355,4
16,n<=64,sr<=15%,kvB<=4k,kp<=32k,0.1787,4
16,n<=64,sr<=15%,kvB<=4k,kp<=512,0.07,4
16,n<=64,sr<=15%,kvB<=4k,kp<=8k,-0.0699,4
16,n<=64,sr<=15%,kvB<=4k,kp=0,0.3221,4
16,n<=64,sr<=15%,kvB<=64k,kp<=16k,-0.1268,2
16,n<=64,sr<=15%,kvB<=64k,kp<=2k,0.2053,4
16,n<=64,sr<=15%,kvB<=64k,kp<=32k,-0.0487,4
16,n<=64,sr<=15%,kvB<=64k,kp<=512,0.2459,4
16,n<=64,sr<=15%,kvB<=64k,kp<=8k,0.0417,4
16,n<=64,sr<=15%,kvB<=64k,kp=0,0.2681,4
16,n<=64,sr<=40%,kvB<=16k,kp<=16k,-0.0818,2
16,n<=64,sr<=40%,kvB<=16k,kp<=2k,-0.1408,2
16,n<=64,sr<=40%,kvB<=16k,kp<=32k,-0.0064,2
16,n<=64,sr<=40%,kvB<=16k,kp<=512,0.2075,2
16,n<=64,sr<=40%,kvB<=16k,kp<=8k,-0.1406,2
16,n<=64,sr<=40%,kvB<=16k,kp=0,0.3149,2
16,n<=64,sr<=40%,kvB<=1k,kp<=16k,0.3312,2
16,n<=64,sr<=40%,kvB<=1k,kp<=2k,0.0973,2
16,n<=64,sr<=40%,kvB<=1k,kp<=32k,0.3359,2
16,n<=64,sr<=40%,kvB<=1k,kp<=512,0.1308,2
16,n<=64,sr<=40%,kvB<=1k,kp<=8k,0.0019,2
16,n<=64,sr<=40%,kvB<=1k,kp=0,0.6242,2
16,n<=64,sr<=40%,kvB<=4k,kp<=16k,0.2194,2
16,n<=64,sr<=40%,kvB<=4k,kp<=2k,-0.0942,2
16,n<=64,sr<=40%,kvB<=4k,kp<=32k,0.4289,2
16,n<=64,sr<=40%,kvB<=4k,kp<=512,-0.0777,2
16,n<=64,sr<=40%,kvB<=4k,kp<=8k,-0.0084,2
16,n<=64,sr<=40%,kvB<=4k,kp=0,0.4436,2
16,n<=64,sr<=40%,kvB<=64k,kp<=16k,-0.1854,1
16,n<=64,sr<=40%,kvB<=64k,kp<=2k,0.1868,2
16,n<=64,sr<=40%,kvB<=64k,kp<=32k,-0.1565,2
16,n<=64,sr<=40%,kvB<=64k,kp<=512,0.2386,2
16,n<=64,sr<=40%,kvB<=64k,kp<=8k,-0.1489,2
16,n<=64,sr<=40%,kvB<=64k,kp=0,0.2678,2
16,n<=64,sr<=5%,kvB<=16k,kp<=16k,0.0717,6
16,n<=64,sr<=5%,kvB<=16k,kp<=2k,0.0981,6
16,n<=64,sr<=5%,kvB<=16k,kp<=32k,-0.0197,6
16,n<=64,sr<=5%,kvB<=16k,kp<=512,0.2519,6
16,n<=64,sr<=5%,kvB<=16k,kp<=8k,0.0157,6
16,n<=64,sr<=5%,kvB<=16k,kp=0,0.3309,6
16,n<=64,sr<=5%,kvB<=1k,kp<=16k,-0.005,6
16,n<=64,sr<=5%,kvB<=1k,kp<=2k,0.0155,6
16,n<=64,sr<=5%,kvB<=1k,kp<=32k,0.0252,6
16,n<=64,sr<=5%,kvB<=1k,kp<=512,-0.0667,6
16,n<=64,sr<=5%,kvB<=1k,kp<=8k,-0.0199,6
16,n<=64,sr<=5%,kvB<=1k,kp=0,0.4532,6
16,n<=64,sr<=5%,kvB<=4k,kp<=16k,-0.0061,6
16,n<=64,sr<=5%,kvB<=4k,kp<=2k,0.0263,6
16,n<=64,sr<=5%,kvB<=4k,kp<=32k,-0.0117,6
16,n<=64,sr<=5%,kvB<=4k,kp<=512,0.0639,6
16,n<=64,sr<=5%,kvB<=4k,kp<=8k,-0.0162,6
16,n<=64,sr<=5%,kvB<=4k,kp=0,0.3196,6
16,n<=64,sr<=5%,kvB<=64k,kp<=16k,-0.026,3
16,n<=64,sr<=5%,kvB<=64k,kp<=2k,0.2538,6
16,n<=64,sr<=5%,kvB<=64k,kp<=32k,0.0122,6
16,n<=64,sr<=5%,kvB<=64k,kp<=512,0.2927,6
16,n<=64,sr<=5%,kvB<=64k,kp<=8k,0.1007,6
16,n<=64,sr<=5%,kvB<=64k,kp=0,0.3146,6
16,n<=64,sr<=70%,kvB<=16k,kp<=16k,-0.0936,2
16,n<=64,sr<=70%,kvB<=16k,kp<=2k,-0.013,2
16,n<=64,sr<=70%,kvB<=16k,kp<=32k,-0.0026,2
16,n<=64,sr<=70%,kvB<=16k,kp<=512,0.2799,2
16,n<=64,sr<=70%,kvB<=16k,kp<=8k,-0.1671,2
16,n<=64,sr<=70%,kvB<=16k,kp=0,0.4452,2
16,n<=64,sr<=70%,kvB<=1k,kp<=16k,0.6516,2
16,n<=64,sr<=70%,kvB<=1k,kp<=2k,-0.0112,1
16,n<=64,sr<=70%,kvB<=1k,kp<=32k,0.5063,2
16,n<=64,sr<=70%,kvB<=1k,kp<=512,0.0202,2
16,n<=64,sr<=70%,kvB<=1k,kp<=8k,-0.0799,1
16,n<=64,sr<=70%,kvB<=1k,kp=0,1.361,2
16,n<=64,sr<=70%,kvB<=4k,kp<=16k,-0.024,2
16,n<=64,sr<=70%,kvB<=4k,kp<=2k,0.0595,2
16,n<=64,sr<=70%,kvB<=4k,kp<=32k,0.0487,2
16,n<=64,sr<=70%,kvB<=4k,kp<=512,0.1836,2
16,n<=64,sr<=70%,kvB<=4k,kp<=8k,-0.0003,2
16,n<=64,sr<=70%,kvB<=4k,kp=0,0.7702,2
16,n<=64,sr<=70%,kvB<=64k,kp<=16k,-0.3003,1
16,n<=64,sr<=70%,kvB<=64k,kp<=2k,0.2349,2
16,n<=64,sr<=70%,kvB<=64k,kp<=32k,-0.2172,2
16,n<=64,sr<=70%,kvB<=64k,kp<=512,0.3122,2
16,n<=64,sr<=70%,kvB<=64k,kp<=8k,-0.0625,2
16,n<=64,sr<=70%,kvB<=64k,kp=0,0.3521,2
16,n<=64,sr>70%,kvB<=16k,kp<=16k,-0.3973,4
16,n<=64,sr>70%,kvB<=16k,kp<=2k,0.4982,4
16,n<=64,sr>70%,kvB<=16k,kp<=32k,0.9935,3
16,n<=64,sr>70%,kvB<=16k,kp<=512,1.0192,4
16,n<=64,sr>70%,kvB<=16k,kp<=8k,-1.1077,4
16,n<=64,sr>70%,kvB<=16k,kp=0,1.4184,4
16,n<=64,sr>70%,kvB<=1k,kp<=16k,0.6892,4
16,n<=64,sr>70%,kvB<=1k,kp<=2k,0.9003,4
16,n<=64,sr>70%,kvB<=1k,kp<=32k,0.5785,4
16,n<=64,sr>70%,kvB<=1k,kp<=512,-0.9655,4
16,n<=64,sr>70%,kvB<=1k,kp<=8k,-0.7857,2
16,n<=64,sr>70%,kvB<=1k,kp=0,1.7909,4
16,n<=64,sr>70%,kvB<=4k,kp<=16k,-1.2324,3
16,n<=64,sr>70%,kvB<=4k,kp<=2k,-1.0944,4
16,n<=64,sr>70%,kvB<=4k,kp<=32k,-0.4104,4
16,n<=64,sr>70%,kvB<=4k,kp<=512,1.1165,4
16,n<=64,sr>70%,kvB<=4k,kp<=8k,1.0194,3
16,n<=64,sr>70%,kvB<=4k,kp=0,2.1726,4
16,n<=64,sr>70%,kvB<=64k,kp<=16k,-1.4747,2
16,n<=64,sr>70%,kvB<=64k,kp<=2k,0.8436,4
16,n<=64,sr>70%,kvB<=64k,kp<=32k,-1.0568,4
16,n<=64,sr>70%,kvB<=64k,kp<=512,0.9976,4
16,n<=64,sr>70%,kvB<=64k,kp<=8k,0.3374,4
16,n<=64,sr>70%,kvB<=64k,kp=0,1.0848,4
16,n<=8,sr<=15%,kvB<=16k,kp<=16k,0.2992,1
16,n<=8,sr<=15%,kvB<=16k,kp<=2k,1.0779,2
16,n<=8,sr<=15%,kvB<=16k,kp<=32k,-0.144,1
16,n<=8,sr<=15%,kvB<=16k,kp<=512,0.9871,2
16,n<=8,sr<=15%,kvB<=16k,kp<=8k,0.4366,2
16,n<=8,sr<=15%,kvB<=16k,kp=0,0.9896,2
16,n<=8,sr<=15%,kvB<=1k,kp<=16k,-0.0107,2
16,n<=8,sr<=15%,kvB<=1k,kp<=2k,-0.0064,1
16,n<=8,sr<=15%,kvB<=1k,kp<=32k,0.5596,2
16,n<=8,sr<=15%,kvB<=1k,kp<=512,0.0419,2
16,n<=8,sr<=15%,kvB<=1k,kp<=8k,-0.0455,2
16,n<=8,sr<=15%,kvB<=1k,kp=0,0.8278,5
16,n<=8,sr<=15%,kvB<=4k,kp<=16k,-0.098,2
16,n<=8,sr<=15%,kvB<=4k,kp<=2k,0.0546,2
16,n<=8,sr<=15%,kvB<=4k,kp<=32k,0.0006,2
16,n<=8,sr<=15%,kvB<=4k,kp<=512,1.3942,1
16,n<=8,sr<=15%,kvB<=4k,kp<=8k,-0.1368,1
16,n<=8,sr<=15%,kvB<=4k,kp=0,0.8537,3
16,n<=8,sr<=15%,kvB<=64k,kp<=16k,0.9756,1
16,n<=8,sr<=15%,kvB<=64k,kp<=2k,0.9936,2
16,n<=8,sr<=15%,kvB<=64k,kp<=32k,0.4966,2
16,n<=8,sr<=15%,kvB<=64k,kp<=512,0.9939,2
16,n<=8,sr<=15%,kvB<=64k,kp<=8k,1.0199,2
16,n<=8,sr<=15%,kvB<=64k,kp=0,0.9981,2
16,n<=8,sr<=40%,kvB<=16k,kp<=16k,0.0298,2
16,n<=8,sr<=40%,kvB<=16k,kp<=2k,1.0434,4
16,n<=8,sr<=40%,kvB<=16k,kp<=32k,0.2184,2
16,n<=8,sr<=40%,kvB<=16k,kp<=512,0.9844,4
16,n<=8,sr<=40%,kvB<=16k,kp<=8k,0.0244,2
16,n<=8,sr<=40%,kvB<=16k,kp=0,0.9795,4
16,n<=8,sr<=40%,kvB<=1k,kp<=16k,-0.0036,4
16,n<=8,sr<=40%,kvB<=1k,kp<=2k,0.2789,2
16,n<=8,sr<=40%,kvB<=1k,kp<=32k,0.4548,2
16,n<=8,sr<=40%,kvB<=1k,kp<=512,0.0071,3
16,n<=8,sr<=40%,kvB<=1k,kp<=8k,-0.2539,4
16,n<=8,sr<=40%,kvB<=1k,kp=0,0.8018,4
16,n<=8,sr<=40%,kvB<=4k,kp<=16k,0.1124,4
16,n<=8,sr<=40%,kvB<=4k,kp<=2k,0.0358,2
16,n<=8,sr<=40%,kvB<=4k,kp<=32k,-0.0117,4
16,n<=8,sr<=40%,kvB<=4k,kp<=512,1.3814,4
16,n<=8,sr<=40%,kvB<=4k,kp<=8k,0.1995,2
16,n<=8,sr<=40%,kvB<=4k,kp=0,0.8967,4
16,n<=8,sr<=40%,kvB<=64k,kp<=2k,0.9934,4
16,n<=8,sr<=40%,kvB<=64k,kp<=32k,0.0352,2
16,n<=8,sr<=40%,kvB<=64k,kp<=512,0.9949,4
16,n<=8,sr<=40%,kvB<=64k,kp<=8k,1.0179,4
16,n<=8,sr<=40%,kvB<=64k,kp=0,1.0024,4
16,n<=8,sr<=70%,kvB<=16k,kp<=16k,-0.0019,1
16,n<=8,sr<=70%,kvB<=16k,kp<=2k,1.0746,2
16,n<=8,sr<=70%,kvB<=16k,kp<=32k,0.9894,1
16,n<=8,sr<=70%,kvB<=16k,kp<=512,0.9712,2
16,n<=8,sr<=70%,kvB<=16k,kp<=8k,0.0118,1
16,n<=8,sr<=70%,kvB<=16k,kp=0,0.9752,2
16,n<=8,sr<=70%,kvB<=1k,kp<=16k,-0.0068,1
16,n<=8,sr<=70%,kvB<=1k,kp<=2k,0.9604,2
16,n<=8,sr<=70%,kvB<=1k,kp<=32k,0.1605,1
16,n<=8,sr<=70%,kvB<=1k,kp<=512,-0.0854,1
16,n<=8,sr<=70%,kvB<=1k,kp<=8k,-0.4623,2
16,n<=8,sr<=70%,kvB<=1k,kp=0,0.5475,2
16,n<=8,sr<=70%,kvB<=4k,kp<=16k,0.6072,2
16,n<=8,sr<=70%,kvB<=4k,kp<=2k,0.0087,1
16,n<=8,sr<=70%,kvB<=4k,kp<=32k,-0.8869,2
16,n<=8,sr<=70%,kvB<=4k,kp<=512,1.4295,2
16,n<=8,sr<=70%,kvB<=4k,kp<=8k,0.9737,1
16,n<=8,sr<=70%,kvB<=4k,kp=0,0.8587,2
16,n<=8,sr<=70%,kvB<=64k,kp<=2k,0.9878,2
16,n<=8,sr<=70%,kvB<=64k,kp<=32k,0.0017,1
16,n<=8,sr<=70%,kvB<=64k,kp<=512,0.9946,2
16,n<=8,sr<=70%,kvB<=64k,kp<=8k,1.0295,2
16,n<=8,sr<=70%,kvB<=64k,kp=0,0.9902,2
16,n<=8,sr>70%,kvB<=16k,kp<=16k,0.383,2
16,n<=8,sr>70%,kvB<=16k,kp<=2k,0.9549,4
16,n<=8,sr>70%,kvB<=16k,kp<=32k,0.9979,2
16,n<=8,sr>70%,kvB<=16k,kp<=512,0.9859,4
16,n<=8,sr>70%,kvB<=16k,kp<=8k,0.404,3
16,n<=8,sr>70%,kvB<=16k,kp=0,0.9397,4
16,n<=8,sr>70%,kvB<=1k,kp<=16k,0.4725,2
16,n<=8,sr>70%,kvB<=1k,kp<=2k,0.9096,3
16,n<=8,sr>70%,kvB<=1k,kp<=32k,1.0713,3
16,n<=8,sr>70%,kvB<=1k,kp<=512,0.7475,3
16,n<=8,sr>70%,kvB<=1k,kp<=8k,0.2725,4
16,n<=8,sr>70%,kvB<=1k,kp=0,0.5874,4
16,n<=8,sr>70%,kvB<=4k,kp<=16k,0.9813,4
16,n<=8,sr>70%,kvB<=4k,kp<=2k,0.2017,3
16,n<=8,sr>70%,kvB<=4k,kp<=32k,0.7591,4
16,n<=8,sr>70%,kvB<=4k,kp<=512,0.8925,4
16,n<=8,sr>70%,kvB<=4k,kp<=8k,0.9587,2
16,n<=8,sr>70%,kvB<=4k,kp=0,0.8085,4
16,n<=8,sr>70%,kvB<=64k,kp<=16k,-1.6176,1
16,n<=8,sr>70%,kvB<=64k,kp<=2k,0.997,4
16,n<=8,sr>70%,kvB<=64k,kp<=32k,0.4355,3
16,n<=8,sr>70%,kvB<=64k,kp<=512,0.9889,4
16,n<=8,sr>70%,kvB<=64k,kp<=8k,0.9766,4
16,n<=8,sr>70%,kvB<=64k,kp=0,0.9686,4
64,n<=128,sr<=15%,kvB<=16k,kp<=16k,0.242,4
64,n<=128,sr<=15%,kvB<=16k,kp<=2k,0.2396,4
64,n<=128,sr<=15%,kvB<=16k,kp<=32k,0.2096,4
64,n<=128,sr<=15%,kvB<=16k,kp<=512,0.2423,4
64,n<=128,sr<=15%,kvB<=16k,kp<=8k,0.2392,4
64,n<=128,sr<=15%,kvB<=16k,kp=0,0.2376,4
64,n<=128,sr<=15%,kvB<=1k,kp<=16k,-0.0152,4
64,n<=128,sr<=15%,kvB<=1k,kp<=2k,0.0902,4
64,n<=128,sr<=15%,kvB<=1k,kp<=32k,-0.0021,4
64,n<=128,sr<=15%,kvB<=1k,kp<=512,0.2023,4
64,n<=128,sr<=15%,kvB<=1k,kp<=8k,-0.0299,4
64,n<=128,sr<=15%,kvB<=1k,kp=0,0.132,4
64,n<=128,sr<=15%,kvB<=4k,kp<=16k,0.0373,4
64,n<=128,sr<=15%,kvB<=4k,kp<=2k,0.1952,4
64,n<=128,sr<=15%,kvB<=4k,kp<=32k,-0.0514,4
64,n<=128,sr<=15%,kvB<=4k,kp<=512,0.1974,4
64,n<=128,sr<=15%,kvB<=4k,kp<=8k,0.1624,4
64,n<=128,sr<=15%,kvB<=4k,kp=0,0.1448,4
64,n<=128,sr<=15%,kvB<=64k,kp<=16k,0.2466,2
64,n<=128,sr<=15%,kvB<=64k,kp<=2k,0.2485,4
64,n<=128,sr<=15%,kvB<=64k,kp<=32k,0.2514,4
64,n<=128,sr<=15%,kvB<=64k,kp<=512,0.2529,4
64,n<=128,sr<=15%,kvB<=64k,kp<=8k,0.25,4
64,n<=128,sr<=15%,kvB<=64k,kp=0,0.2528,4
64,n<=128,sr<=40%,kvB<=16k,kp<=16k,0.0865,2
64,n<=128,sr<=40%,kvB<=16k,kp<=2k,0.0835,2
64,n<=128,sr<=40%,kvB<=16k,kp<=32k,0.0938,2
64,n<=128,sr<=40%,kvB<=16k,kp<=512,0.0851,2
64,n<=128,sr<=40%,kvB<=16k,kp<=8k,0.0849,2
64,n<=128,sr<=40%,kvB<=16k,kp=0,0.0818,2
64,n<=128,sr<=40%,kvB<=1k,kp<=16k,0.0437,2
64,n<=128,sr<=40%,kvB<=1k,kp<=2k,0.1291,2
64,n<=128,sr<=40%,kvB<=1k,kp<=32k,-0.0979,2
64,n<=128,sr<=40%,kvB<=1k,kp<=512,0.1056,2
64,n<=128,sr<=40%,kvB<=1k,kp<=8k,0.0152,2
64,n<=128,sr<=40%,kvB<=1k,kp=0,0.1162,2
64,n<=128,sr<=40%,kvB<=4k,kp<=16k,0.0244,2
64,n<=128,sr<=40%,kvB<=4k,kp<=2k,0.0396,2
64,n<=128,sr<=40%,kvB<=4k,kp<=32k,0.0416,2
64,n<=128,sr<=40%,kvB<=4k,kp<=512,0.0376,2
64,n<=128,sr<=40%,kvB<=4k,kp<=8k,0.0414,2
64,n<=128,sr<=40%,kvB<=4k,kp=0,-0.0061,2
64,n<=128,sr<=40%,kvB<=64k,kp<=16k,0.0953,1
64,n<=128,sr<=40%,kvB<=64k,kp<=2k,0.1,2
64,n<=128,sr<=40%,kvB<=64k,kp<=32k,0.0974,2
64,n<=128,sr<=40%,kvB<=64k,kp<=512,0.0994,2
64,n<=128,sr<=40%,kvB<=64k,kp<=8k,0.1002,2
64,n<=128,sr<=40%,kvB<=64k,kp=0,0.0979,2
64,n<=128,sr<=5%,kvB<=16k,kp<=16k,0.108,8
64,n<=128,sr<=5%,kvB<=16k,kp<=2k,0.2371,8
64,n<=128,sr<=5%,kvB<=16k,kp<=32k,-0.0156,8
64,n<=128,sr<=5%,kvB<=16k,kp<=512,0.2746,8
64,n<=128,sr<=5%,kvB<=16k,kp<=8k,0.1359,8
64,n<=128,sr<=5%,kvB<=16k,kp=0,0.293,8
64,n<=128,sr<=5%,kvB<=1k,kp<=16k,0.1215,8
64,n<=128,sr<=5%,kvB<=1k,kp<=2k,-0.004,8
64,n<=128,sr<=5%,kvB<=1k,kp<=32k,0.0005,8
64,n<=128,sr<=5%,kvB<=1k,kp<=512,0.0263,8
64,n<=128,sr<=5%,kvB<=1k,kp<=8k,-0.0103,8
64,n<=128,sr<=5%,kvB<=1k,kp=0,0.0169,8
64,n<=128,sr<=5%,kvB<=4k,kp<=16k,-0.0073,8
64,n<=128,sr<=5%,kvB<=4k,kp<=2k,0.1155,8
64,n<=128,sr<=5%,kvB<=4k,kp<=32k,-0.0104,8
64,n<=128,sr<=5%,kvB<=4k,kp<=512,0.1728,8
64,n<=128,sr<=5%,kvB<=4k,kp<=8k,-0.0118,8
64,n<=128,sr<=5%,kvB<=4k,kp=0,0.2025,8
64,n<=128,sr<=5%,kvB<=64k,kp<=16k,0.1374,4
64,n<=128,sr<=5%,kvB<=64k,kp<=2k,0.2915,8
64,n<=128,sr<=5%,kvB<=64k,kp<=32k,0.1431,8
64,n<=128,sr<=5%,kvB<=64k,kp<=512,0.3021,8
64,n<=128,sr<=5%,kvB<=64k,kp<=8k,0.2542,8
64,n<=128,sr<=5%,kvB<=64k,kp=0,0.3075,8
64,n<=128,sr<=70%,kvB<=16k,kp<=16k,-0.0064,2
64,n<=128,sr<=70%,kvB<=16k,kp<=2k,-0.001,2
64,n<=128,sr<=70%,kvB<=16k,kp<=32k,0.0063,2
64,n<=128,sr<=70%,kvB<=16k,kp<=512,-0.0056,2
64,n<=128,sr<=70%,kvB<=16k,kp<=8k,-0.0117,2
64,n<=128,sr<=70%,kvB<=16k,kp=0,-0.0064,2
64,n<=128,sr<=70%,kvB<=1k,kp<=16k,-0.4528,2
64,n<=128,sr<=70%,kvB<=1k,kp<=2k,-0.0296,2
64,n<=128,sr<=70%,kvB<=1k,kp<=32k,0.1993,2
64,n<=128,sr<=70%,kvB<=1k,kp<=512,-0.0102,2
64,n<=128,sr<=70%,kvB<=1k,kp<=8k,-0.124,2
64,n<=128,sr<=70%,kvB<=1k,kp=0,-0.0407,2
64,n<=128,sr<=70%,kvB<=4k,kp<=16k,-0.0233,2
64,n<=128,sr<=70%,kvB<=4k,kp<=2k,0.0089,2
64,n<=128,sr<=70%,kvB<=4k,kp<=32k,-0.1988,2
64,n<=128,sr<=70%,kvB<=4k,kp<=512,0.0164,2
64,n<=128,sr<=70%,kvB<=4k,kp<=8k,-0.0063,2
64,n<=128,sr<=70%,kvB<=4k,kp=0,0.0011,2
64,n<=128,sr<=70%,kvB<=64k,kp<=16k,0.0005,1
64,n<=128,sr<=70%,kvB<=64k,kp<=2k,-0.0003,2
64,n<=128,sr<=70%,kvB<=64k,kp<=32k,-0.0038,2
64,n<=128,sr<=70%,kvB<=64k,kp<=512,-0.0012,2
64,n<=128,sr<=70%,kvB<=64k,kp<=8k,-0.0049,2
64,n<=128,sr<=70%,kvB<=64k,kp=0,-0.0054,2
64,n<=128,sr>70%,kvB<=16k,kp<=16k,0.9349,4
64,n<=128,sr>70%,kvB<=16k,kp<=2k,0.9055,4
64,n<=128,sr>70%,kvB<=16k,kp<=32k,0.9595,4
64,n<=128,sr>70%,kvB<=16k,kp<=512,0.912,4
64,n<=128,sr>70%,kvB<=16k,kp<=8k,0.9452,4
64,n<=128,sr>70%,kvB<=16k,kp=0,0.9205,4
64,n<=128,sr>70%,kvB<=1k,kp<=16k,0.4634,4
64,n<=128,sr>70%,kvB<=1k,kp<=2k,0.9362,4
64,n<=128,sr>70%,kvB<=1k,kp<=32k,-1.865,4
64,n<=128,sr>70%,kvB<=1k,kp<=512,0.9098,4
64,n<=128,sr>70%,kvB<=1k,kp<=8k,0.8586,4
64,n<=128,sr>70%,kvB<=1k,kp=0,0.2788,4
64,n<=128,sr>70%,kvB<=4k,kp<=16k,0.9404,4
64,n<=128,sr>70%,kvB<=4k,kp<=2k,0.9357,4
64,n<=128,sr>70%,kvB<=4k,kp<=32k,0.9176,4
64,n<=128,sr>70%,kvB<=4k,kp<=512,0.9285,4
64,n<=128,sr>70%,kvB<=4k,kp<=8k,0.926,4
64,n<=128,sr>70%,kvB<=4k,kp=0,0.7504,4
64,n<=128,sr>70%,kvB<=64k,kp<=16k,0.9316,2
64,n<=128,sr>70%,kvB<=64k,kp<=2k,0.9393,4
64,n<=128,sr>70%,kvB<=64k,kp<=32k,0.9468,4
64,n<=128,sr>70%,kvB<=64k,kp<=512,0.9277,4
64,n<=128,sr>70%,kvB<=64k,kp<=8k,0.9439,4
64,n<=128,sr>70%,kvB<=64k,kp=0,0.9314,4
64,n<=16,sr<=15%,kvB<=16k,kp<=16k,-0.1035,4
64,n<=16,sr<=15%,kvB<=16k,kp<=2k,0.7426,4
64,n<=16,sr<=15%,kvB<=16k,kp<=32k,-0.0638,4
64,n<=16,sr<=15%,kvB<=16k,kp<=512,0.9083,4
64,n<=16,sr<=15%,kvB<=16k,kp<=8k,0.1773,4
64,n<=16,sr<=15%,kvB<=16k,kp=0,0.9964,4
64,n<=16,sr<=15%,kvB<=1k,kp<=16k,-0.2844,4
64,n<=16,sr<=15%,kvB<=1k,kp<=2k,-0.0402,4
64,n<=16,sr<=15%,kvB<=1k,kp<=32k,0.482,3
64,n<=16,sr<=15%,kvB<=1k,kp<=512,-0.0376,4
64,n<=16,sr<=15%,kvB<=1k,kp<=8k,0.0049,4
64,n<=16,sr<=15%,kvB<=1k,kp=0,0.9252,4
64,n<=16,sr<=15%,kvB<=4k,kp<=16k,-0.0003,4
64,n<=16,sr<=15%,kvB<=4k,kp<=2k,0.1,4
64,n<=16,sr<=15%,kvB<=4k,kp<=32k,0.0004,3
64,n<=16,sr<=15%,kvB<=4k,kp<=512,0.6398,4
64,n<=16,sr<=15%,kvB<=4k,kp<=8k,-0.0541,4
64,n<=16,sr<=15%,kvB<=4k,kp=0,0.98,4
64,n<=16,sr<=15%,kvB<=64k,kp<=16k,0.2559,2
64,n<=16,sr<=15%,kvB<=64k,kp<=2k,0.9354,4
64,n<=16,sr<=15%,kvB<=64k,kp<=32k,0.1892,4
64,n<=16,sr<=15%,kvB<=64k,kp<=512,0.9722,4
64,n<=16,sr<=15%,kvB<=64k,kp<=8k,0.773,4
64,n<=16,sr<=15%,kvB<=64k,kp=0,0.9968,4
64,n<=16,sr<=40%,kvB<=16k,kp<=16k,0.7459,4
64,n<=16,sr<=40%,kvB<=16k,kp<=2k,0.9927,4
64,n<=16,sr<=40%,kvB<=16k,kp<=32k,-0.156,4
64,n<=16,sr<=40%,kvB<=16k,kp<=512,0.9965,4
64,n<=16,sr<=40%,kvB<=16k,kp<=8k,0.9898,4
64,n<=16,sr<=40%,kvB<=16k,kp=0,0.9979,4
64,n<=16,sr<=40%,kvB<=1k,kp<=16k,0.2652,3
64,n<=16,sr<=40%,kvB<=1k,kp<=2k,-0.2492,4
64,n<=16,sr<=40%,kvB<=1k,kp<=32k,0.7939,3
64,n<=16,sr<=40%,kvB<=1k,kp<=512,0.9184,4
64,n<=16,sr<=40%,kvB<=1k,kp<=8k,-0.005,4
64,n<=16,sr<=40%,kvB<=1k,kp=0,0.8986,4
64,n<=16,sr<=40%,kvB<=4k,kp<=16k,0.0003,4
64,n<=16,sr<=40%,kvB<=4k,kp<=2k,0.9795,4
64,n<=16,sr<=40%,kvB<=4k,kp<=32k,0.0139,3
64,n<=16,sr<=40%,kvB<=4k,kp<=512,0.9824,4
64,n<=16,sr<=40%,kvB<=4k,kp<=8k,-0.1569,4
64,n<=16,sr<=40%,kvB<=4k,kp=0,0.9812,4
64,n<=16,sr<=40%,kvB<=64k,kp<=16k,0.9929,2
64,n<=16,sr<=40%,kvB<=64k,kp<=2k,0.9914,4
64,n<=16,sr<=40%,kvB<=64k,kp<=32k,0.9984,4
64,n<=16,sr<=40%,kvB<=64k,kp<=512,0.9958,4
64,n<=16,sr<=40%,kvB<=64k,kp<=8k,0.9942,4
64,n<=16,sr<=40%,kvB<=64k,kp=0,0.9962,4
64,n<=16,sr<=70%,kvB<=16k,kp<=16k,1.0019,2
64,n<=16,sr<=70%,kvB<=16k,kp<=2k,0.9933,2
64,n<=16,sr<=70%,kvB<=16k,kp<=32k,0.5955,2
64,n<=16,sr<=70%,kvB<=16k,kp<=512,1.0025,2
64,n<=16,sr<=70%,kvB<=16k,kp<=8k,1.009,2
64,n<=16,sr<=70%,kvB<=16k,kp=0,0.9969,2
64,n<=16,sr<=70%,kvB<=1k,kp<=16k,27.6667,1
64,n<=16,sr<=70%,kvB<=1k,kp<=2k,0.9154,2
64,n<=16,sr<=70%,kvB<=1k,kp<=512,0.9476,2
64,n<=16,sr<=70%,kvB<=1k,kp<=8k,-0.0031,2
64,n<=16,sr<=70%,kvB<=1k,kp=0,0.9078,2
64,n<=16,sr<=70%,kvB<=4k,kp<=16k,-0.3598,2
64,n<=16,sr<=70%,kvB<=4k,kp<=2k,0.9801,2
64,n<=16,sr<=70%,kvB<=4k,kp<=32k,0.1045,1
64,n<=16,sr<=70%,kvB<=4k,kp<=512,1.008,2
64,n<=16,sr<=70%,kvB<=4k,kp<=8k,0.587,2
64,n<=16,sr<=70%,kvB<=4k,kp=0,0.9993,2
64,n<=16,sr<=70%,kvB<=64k,kp<=16k,0.9945,1
64,n<=16,sr<=70%,kvB<=64k,kp<=2k,0.9947,2
64,n<=16,sr<=70%,kvB<=64k,kp<=32k,0.9896,2
64,n<=16,sr<=70%,kvB<=64k,kp<=512,0.9984,2
64,n<=16,sr<=70%,kvB<=64k,kp<=8k,0.9904,2
64,n<=16,sr<=70%,kvB<=64k,kp=0,0.9974,2
64,n<=16,sr>70%,kvB<=16k,kp<=16k,0.9727,4
64,n<=16,sr>70%,kvB<=16k,kp<=2k,1.0003,4
64,n<=16,sr>70%,kvB<=16k,kp<=32k,1.021,4
64,n<=16,sr>70%,kvB<=16k,kp<=512,0.9921,4
64,n<=16,sr>70%,kvB<=16k,kp<=8k,1.0006,4
64,n<=16,sr>70%,kvB<=16k,kp=0,0.999,4
64,n<=16,sr>70%,kvB<=1k,kp<=16k,4.9465,1
64,n<=16,sr>70%,kvB<=1k,kp<=2k,0.8788,4
64,n<=16,sr>70%,kvB<=1k,kp<=32k,-0.3603,1
64,n<=16,sr>70%,kvB<=1k,kp<=512,0.9183,4
64,n<=16,sr>70%,kvB<=1k,kp<=8k,-0.0769,4
64,n<=16,sr>70%,kvB<=1k,kp=0,0.9377,4
64,n<=16,sr>70%,kvB<=4k,kp<=16k,0.0987,4
64,n<=16,sr>70%,kvB<=4k,kp<=2k,1.01,4
64,n<=16,sr>70%,kvB<=4k,kp<=32k,-0.0045,4
64,n<=16,sr>70%,kvB<=4k,kp<=512,0.9951,4
64,n<=16,sr>70%,kvB<=4k,kp<=8k,0.9744,4
64,n<=16,sr>70%,kvB<=4k,kp=0,0.9953,4
64,n<=16,sr>70%,kvB<=64k,kp<=16k,0.9944,2
64,n<=16,sr>70%,kvB<=64k,kp<=2k,0.993,4
64,n<=16,sr>70%,kvB<=64k,kp<=32k,1.0022,4
64,n<=16,sr>70%,kvB<=64k,kp<=512,0.9984,4
64,n<=16,sr>70%,kvB<=64k,kp<=8k,0.9837,4
64,n<=16,sr>70%,kvB<=64k,kp=0,0.9932,4
64,n<=2,sr<=70%,kvB<=16k,kp<=16k,18.6378,1
64,n<=2,sr<=70%,kvB<=16k,kp<=2k,0.9977,2
64,n<=2,sr<=70%,kvB<=16k,kp<=32k,-0.1182,1
64,n<=2,sr<=70%,kvB<=16k,kp<=512,0.9967,2
64,n<=2,sr<=70%,kvB<=16k,kp<=8k,0.9959,1
64,n<=2,sr<=70%,kvB<=16k,kp=0,0.9991,2
64,n<=2,sr<=70%,kvB<=1k,kp<=2k,2.2922,2
64,n<=2,sr<=70%,kvB<=1k,kp<=32k,0.8519,1
64,n<=2,sr<=70%,kvB<=1k,kp<=512,0.9768,2
64,n<=2,sr<=70%,kvB<=1k,kp<=8k,-5.5845,2
64,n<=2,sr<=70%,kvB<=1k,kp=0,0.9908,2
64,n<=2,sr<=70%,kvB<=4k,kp<=2k,0.9927,2
64,n<=2,sr<=70%,kvB<=4k,kp<=32k,0.6334,1
64,n<=2,sr<=70%,kvB<=4k,kp<=512,0.9975,2
64,n<=2,sr<=70%,kvB<=4k,kp<=8k,0.1889,2
64,n<=2,sr<=70%,kvB<=4k,kp=0,1.0007,2
64,n<=2,sr<=70%,kvB<=64k,kp<=16k,0.9967,1
64,n<=2,sr<=70%,kvB<=64k,kp<=2k,0.9979,2
64,n<=2,sr<=70%,kvB<=64k,kp<=32k,0.9977,2
64,n<=2,sr<=70%,kvB<=64k,kp<=512,0.9983,2
64,n<=2,sr<=70%,kvB<=64k,kp<=8k,0.998,2
64,n<=2,sr<=70%,kvB<=64k,kp=0,0.9997,2
64,n<=32,sr<=15%,kvB<=16k,kp<=16k,0.4675,6
64,n<=32,sr<=15%,kvB<=16k,kp<=2k,0.9029,6
64,n<=32,sr<=15%,kvB<=16k,kp<=32k,-0.0987,6
64,n<=32,sr<=15%,kvB<=16k,kp<=512,0.9651,6
64,n<=32,sr<=15%,kvB<=16k,kp<=8k,0.7095,6
64,n<=32,sr<=15%,kvB<=16k,kp=0,0.9963,6
64,n<=32,sr<=15%,kvB<=1k,kp<=16k,0.02,4
64,n<=32,sr<=15%,kvB<=1k,kp<=2k,-0.0442,6
64,n<=32,sr<=15%,kvB<=1k,kp<=32k,3.917,2
64,n<=32,sr<=15%,kvB<=1k,kp<=512,0.5557,6
64,n<=32,sr<=15%,kvB<=1k,kp<=8k,0.0598,6
64,n<=32,sr<=15%,kvB<=1k,kp=0,0.8914,6
64,n<=32,sr<=15%,kvB<=4k,kp<=16k,-0.0552,6
64,n<=32,sr<=15%,kvB<=4k,kp<=2k,0.6731,6
64,n<=32,sr<=15%,kvB<=4k,kp<=32k,0.0022,6
64,n<=32,sr<=15%,kvB<=4k,kp<=512,0.8577,6
64,n<=32,sr<=15%,kvB<=4k,kp<=8k,-0.0951,6
64,n<=32,sr<=15%,kvB<=4k,kp=0,0.9808,6
64,n<=32,sr<=15%,kvB<=64k,kp<=16k,0.7346,3
64,n<=32,sr<=15%,kvB<=64k,kp<=2k,0.97,6
64,n<=32,sr<=15%,kvB<=64k,kp<=32k,0.7173,6
64,n<=32,sr<=15%,kvB<=64k,kp<=512,0.9861,6
64,n<=32,sr<=15%,kvB<=64k,kp<=8k,0.9162,6
64,n<=32,sr<=15%,kvB<=64k,kp=0,0.9951,6
64,n<=32,sr<=40%,kvB<=16k,kp<=16k,0.9962,2
64,n<=32,sr<=40%,kvB<=16k,kp<=2k,0.9911,2
64,n<=32,sr<=40%,kvB<=16k,kp<=32k,0.7286,2
64,n<=32,sr<=40%,kvB<=16k,kp<=512,0.9978,2
64,n<=32,sr<=40%,kvB<=16k,kp<=8k,0.9861,2
64,n<=32,sr<=40%,kvB<=16k,kp=0,0.9943,2
64,n<=32,sr<=40%,kvB<=1k,kp<=16k,-0.0608,2
64,n<=32,sr<=40%,kvB<=1k,kp<=2k,0.872,2
64,n<=32,sr<=40%,kvB<=1k,kp<=32k,0.2709,2
64,n<=32,sr<=40%,kvB<=1k,kp<=512,0.9218,2
64,n<=32,sr<=40%,kvB<=1k,kp<=8k,-0.1595,2
64,n<=32,sr<=40%,kvB<=1k,kp=0,0.9022,2
64,n<=32,sr<=40%,kvB<=4k,kp<=16k,-0.3263,2
64,n<=32,sr<=40%,kvB<=4k,kp<=2k,0.9921,2
64,n<=32,sr<=40%,kvB<=4k,kp<=32k,0.007,2
64,n<=32,sr<=40%,kvB<=4k,kp<=512,0.9958,2
64,n<=32,sr<=40%,kvB<=4k,kp<=8k,0.7323,2
64,n<=32,sr<=40%,kvB<=4k,kp=0,0.9926,2
64,n<=32,sr<=40%,kvB<=64k,kp<=16k,0.9867,1
64,n<=32,sr<=40%,kvB<=64k,kp<=2k,0.9847,2
64,n<=32,sr<=40%,kvB<=64k,kp<=32k,0.991,2
64,n<=32,sr<=40%,kvB<=64k,kp<=512,0.9915,2
64,n<=32,sr<=40%,kvB<=64k,kp<=8k,0.9871,2
64,n<=32,sr<=40%,kvB<=64k,kp=0,0.9949,2
64,n<=32,sr<=5%,kvB<=16k,kp<=16k,-0.0373,2
64,n<=32,sr<=5%,kvB<=16k,kp<=2k,0.7544,2
64,n<=32,sr<=5%,kvB<=16k,kp<=32k,-0.0283,2
64,n<=32,sr<=5%,kvB<=16k,kp<=512,0.9099,2
64,n<=32,sr<=5%,kvB<=16k,kp<=8k,0.2218,2
64,n<=32,sr<=5%,kvB<=16k,kp=0,0.9934,2
64,n<=32,sr<=5%,kvB<=1k,kp<=16k,-0.0751,2
64,n<=32,sr<=5%,kvB<=1k,kp<=2k,-0.0219,2
64,n<=32,sr<=5%,kvB<=1k,kp<=32k,0.64,2
64,n<=32,sr<=5%,kvB<=1k,kp<=512,-0.0181,2
64,n<=32,sr<=5%,kvB<=1k,kp<=8k,0.254,2
64,n<=32,sr<=5%,kvB<=1k,kp=0,0.8684,2
64,n<=32,sr<=5%,kvB<=4k,kp<=16k,-0.0127,2
64,n<=32,sr<=5%,kvB<=4k,kp<=2k,0.1528,2
64,n<=32,sr<=5%,kvB<=4k,kp<=32k,0.0103,2
64,n<=32,sr<=5%,kvB<=4k,kp<=512,0.6514,2
64,n<=32,sr<=5%,kvB<=4k,kp<=8k,-0.0272,2
64,n<=32,sr<=5%,kvB<=4k,kp=0,0.9665,2
64,n<=32,sr<=5%,kvB<=64k,kp<=16k,0.3054,1
64,n<=32,sr<=5%,kvB<=64k,kp<=2k,0.9378,2
64,n<=32,sr<=5%,kvB<=64k,kp<=32k,0.2396,2
64,n<=32,sr<=5%,kvB<=64k,kp<=512,0.9714,2
64,n<=32,sr<=5%,kvB<=64k,kp<=8k,0.7824,2
64,n<=32,sr<=5%,kvB<=64k,kp=0,0.9937,2
64,n<=32,sr<=70%,kvB<=16k,kp<=16k,0.9999,2
64,n<=32,sr<=70%,kvB<=16k,kp<=2k,1.0026,2
64,n<=32,sr<=70%,kvB<=16k,kp<=32k,0.9937,2
64,n<=32,sr<=70%,kvB<=16k,kp<=512,0.9964,2
64,n<=32,sr<=70%,kvB<=16k,kp<=8k,0.9843,2
64,n<=32,sr<=70%,kvB<=16k,kp=0,0.9979,2
64,n<=32,sr<=70%,kvB<=1k,kp<=16k,0.0086,1
64,n<=32,sr<=70%,kvB<=1k,kp<=2k,0.9592,2
64,n<=32,sr<=70%,kvB<=1k,kp<=32k,0.6586,1
64,n<=32,sr<=70%,kvB<=1k,kp<=512,0.9323,2
64,n<=32,sr<=70%,kvB<=1k,kp<=8k,0.536,2
64,n<=32,sr<=70%,kvB<=1k,kp=0,0.8926,2
64,n<=32,sr<=70%,kvB<=4k,kp<=16k,0.9083,2
64,n<=32,sr<=70%,kvB<=4k,kp<=2k,0.9779,2
64,n<=32,sr<=70%,kvB<=4k,kp<=32k,-0.1351,2
64,n<=32,sr<=70%,kvB<=4k,kp<=512,0.9735,2
64,n<=32,sr<=70%,kvB<=4k,kp<=8k,0.9993,2
64,n<=32,sr<=70%,kvB<=4k,kp=0,0.9903,2
64,n<=32,sr<=70%,kvB<=64k,kp<=16k,1.0055,1
64,n<=32,sr<=70%,kvB<=64k,kp<=2k,0.989,2
64,n<=32,sr<=70%,kvB<=64k,kp<=32k,0.9892,2
64,n<=32,sr<=70%,kvB<=64k,kp<=512,0.9939,2
64,n<=32,sr<=70%,kvB<=64k,kp<=8k,0.9917,2
64,n<=32,sr<=70%,kvB<=64k,kp=0,0.9924,2
64,n<=32,sr>70%,kvB<=16k,kp<=16k,0.9731,4
64,n<=32,sr>70%,kvB<=16k,kp<=2k,0.9692,4
64,n<=32,sr>70%,kvB<=16k,kp<=32k,0.9743,4
64,n<=32,sr>70%,kvB<=16k,kp<=512,0.9783,4
64,n<=32,sr>70%,kvB<=16k,kp<=8k,0.9643,4
64,n<=32,sr>70%,kvB<=16k,kp=0,0.9942,4
64,n<=32,sr>70%,kvB<=1k,kp<=16k,-2.1126,3
64,n<=32,sr>70%,kvB<=1k,kp<=2k,0.8706,4
64,n<=32,sr>70%,kvB<=1k,kp<=32k,0.254,2
64,n<=32,sr>70%,kvB<=1k,kp<=512,0.8448,4
64,n<=32,sr>70%,kvB<=1k,kp<=8k,0.9289,4
64,n<=32,sr>70%,kvB<=1k,kp=0,0.9121,4
64,n<=32,sr>70%,kvB<=4k,kp<=16k,0.993,4
64,n<=32,sr>70%,kvB<=4k,kp<=2k,0.9809,4
64,n<=32,sr>70%,kvB<=4k,kp<=32k,0.1568,4
64,n<=32,sr>70%,kvB<=4k,kp<=512,0.9644,4
64,n<=32,sr>70%,kvB<=4k,kp<=8k,1.0225,4
64,n<=32,sr>70%,kvB<=4k,kp=0,0.967,4
64,n<=32,sr>70%,kvB<=64k,kp<=16k,0.9997,2
64,n<=32,sr>70%,kvB<=64k,kp<=2k,0.968,4
64,n<=32,sr>70%,kvB<=64k,kp<=32k,0.9895,4
64,n<=32,sr>70%,kvB<=64k,kp<=512,1.0056,4
64,n<=32,sr>70%,kvB<=64k,kp<=8k,0.9947,4
64,n<=32,sr>70%,kvB<=64k,kp=0,0.9976,4
64,n<=4,sr<=40%,kvB<=16k,kp<=16k,0.0009,2
64,n<=4,sr<=40%,kvB<=16k,kp<=2k,0.6955,2
64,n<=4,sr<=40%,kvB<=16k,kp<=32k,-0.0376,1
64,n<=4,sr<=40%,kvB<=16k,kp<=512,0.8906,2
64,n<=4,sr<=40%,kvB<=16k,kp<=8k,0.0973,2
64,n<=4,sr<=40%,kvB<=16k,kp=0,0.9972,2
64,n<=4,sr<=40%,kvB<=1k,kp<=2k,0.0132,2
64,n<=4,sr<=40%,kvB<=1k,kp<=32k,0.2481,1
64,n<=4,sr<=40%,kvB<=1k,kp<=512,0.1095,2
64,n<=4,sr<=40%,kvB<=1k,kp<=8k,13.617,1
64,n<=4,sr<=40%,kvB<=1k,kp=0,0.9883,2
64,n<=4,sr<=40%,kvB<=4k,kp<=16k,0.4034,2
64,n<=4,sr<=40%,kvB<=4k,kp<=2k,0.0424,2
64,n<=4,sr<=40%,kvB<=4k,kp<=32k,5.3068,2
64,n<=4,sr<=40%,kvB<=4k,kp<=512,0.5721,2
64,n<=4,sr<=40%,kvB<=4k,kp<=8k,-0.0787,2
64,n<=4,sr<=40%,kvB<=4k,kp=0,0.9873,2
64,n<=4,sr<=40%,kvB<=64k,kp<=16k,0.1911,1
64,n<=4,sr<=40%,kvB<=64k,kp<=2k,0.9312,2
64,n<=4,sr<=40%,kvB<=64k,kp<=32k,0.1198,2
64,n<=4,sr<=40%,kvB<=64k,kp<=512,0.9768,2
64,n<=4,sr<=40%,kvB<=64k,kp<=8k,0.7313,2
64,n<=4,sr<=40%,kvB<=64k,kp=0,0.9972,2
64,n<=4,sr<=70%,kvB<=16k,kp<=16k,-0.0149,2
64,n<=4,sr<=70%,kvB<=16k,kp<=2k,0.5537,2
64,n<=4,sr<=70%,kvB<=16k,kp<=32k,-0.0157,2
64,n<=4,sr<=70%,kvB<=16k,kp<=512,0.8439,2
64,n<=4,sr<=70%,kvB<=16k,kp<=8k,-0.2011,2
64,n<=4,sr<=70%,kvB<=16k,kp=0,0.9985,2
64,n<=4,sr<=70%,kvB<=1k,kp<=16k,-0.0819,2
64,n<=4,sr<=70%,kvB<=1k,kp<=2k,-0.0916,1
64,n<=4,sr<=70%,kvB<=1k,kp<=512,-0.3795,2
64,n<=4,sr<=70%,kvB<=1k,kp=0,0.9859,2
64,n<=4,sr<=70%,kvB<=4k,kp<=16k,-0.1794,1
64,n<=4,sr<=70%,kvB<=4k,kp<=2k,-0.2437,2
64,n<=4,sr<=70%,kvB<=4k,kp<=32k,-4.2353,1
64,n<=4,sr<=70%,kvB<=4k,kp<=512,0.3726,2
64,n<=4,sr<=70%,kvB<=4k,kp<=8k,0.035,2
64,n<=4,sr<=70%,kvB<=4k,kp=0,0.986,2
64,n<=4,sr<=70%,kvB<=64k,kp<=16k,-0.3523,1
64,n<=4,sr<=70%,kvB<=64k,kp<=2k,0.8941,2
64,n<=4,sr<=70%,kvB<=64k,kp<=32k,-0.1734,2
64,n<=4,sr<=70%,kvB<=64k,kp<=512,0.9687,2
64,n<=4,sr<=70%,kvB<=64k,kp<=8k,0.5917,2
64,n<=4,sr<=70%,kvB<=64k,kp=0,1.0017,2
64,n<=4,sr>70%,kvB<=16k,kp<=16k,1.0028,2
64,n<=4,sr>70%,kvB<=16k,kp<=2k,0.9952,2
64,n<=4,sr>70%,kvB<=16k,kp<=32k,0.9897,2
64,n<=4,sr>70%,kvB<=16k,kp<=512,0.987,2
64,n<=4,sr>70%,kvB<=16k,kp<=8k,0.9976,2
64,n<=4,sr>70%,kvB<=16k,kp=0,1.0061,2
64,n<=4,sr>70%,kvB<=1k,kp<=16k,0.2898,1
64,n<=4,sr>70%,kvB<=1k,kp<=2k,0.8937,1
64,n<=4,sr>70%,kvB<=1k,kp<=32k,1.3403,1
64,n<=4,sr>70%,kvB<=1k,kp<=512,0.9623,2
64,n<=4,sr>70%,kvB<=1k,kp<=8k,-0.2398,1
64,n<=4,sr>70%,kvB<=1k,kp=0,0.9846,2
64,n<=4,sr>70%,kvB<=4k,kp<=16k,-3.2919,1
64,n<=4,sr>70%,kvB<=4k,kp<=2k,0.9949,2
64,n<=4,sr>70%,kvB<=4k,kp<=32k,0.5139,2
64,n<=4,sr>70%,kvB<=4k,kp<=512,0.9866,2
64,n<=4,sr>70%,kvB<=4k,kp<=8k,0.9402,1
64,n<=4,sr>70%,kvB<=4k,kp=0,0.9787,2
64,n<=4,sr>70%,kvB<=64k,kp<=16k,0.9964,1
64,n<=4,sr>70%,kvB<=64k,kp<=2k,0.9889,2
64,n<=4,sr>70%,kvB<=64k,kp<=32k,0.9999,2
64,n<=4,sr>70%,kvB<=64k,kp<=512,0.9947,2
64,n<=4,sr>70%,kvB<=64k,kp<=8k,0.9953,2
64,n<=4,sr>70%,kvB<=64k,kp=0,1.0104,2
64,n<=64,sr<=15%,kvB<=16k,kp<=16k,0.8582,4
64,n<=64,sr<=15%,kvB<=16k,kp<=2k,0.9608,4
64,n<=64,sr<=15%,kvB<=16k,kp<=32k,0.318,4
64,n<=64,sr<=15%,kvB<=16k,kp<=512,0.9581,4
64,n<=64,sr<=15%,kvB<=16k,kp<=8k,0.9646,4
64,n<=64,sr<=15%,kvB<=16k,kp=0,0.973,4
64,n<=64,sr<=15%,kvB<=1k,kp<=16k,0.0347,4
64,n<=64,sr<=15%,kvB<=1k,kp<=2k,0.3579,4
64,n<=64,sr<=15%,kvB<=1k,kp<=32k,0.0132,3
64,n<=64,sr<=15%,kvB<=1k,kp<=512,0.8524,4
64,n<=64,sr<=15%,kvB<=1k,kp<=8k,-0.0709,4
64,n<=64,sr<=15%,kvB<=1k,kp=0,0.4045,4
64,n<=64,sr<=15%,kvB<=4k,kp<=16k,-0.0817,4
64,n<=64,sr<=15%,kvB<=4k,kp<=2k,0.9426,4
64,n<=64,sr<=15%,kvB<=4k,kp<=32k,-0.0576,4
64,n<=64,sr<=15%,kvB<=4k,kp<=512,0.9368,4
64,n<=64,sr<=15%,kvB<=4k,kp<=8k,0.3222,4
64,n<=64,sr<=15%,kvB<=4k,kp=0,0.8384,4
64,n<=64,sr<=15%,kvB<=64k,kp<=16k,0.9627,2
64,n<=64,sr<=15%,kvB<=64k,kp<=2k,0.9587,4
64,n<=64,sr<=15%,kvB<=64k,kp<=32k,0.9639,4
64,n<=64,sr<=15%,kvB<=64k,kp<=512,0.9606,4
64,n<=64,sr<=15%,kvB<=64k,kp<=8k,0.9611,4
64,n<=64,sr<=15%,kvB<=64k,kp=0,0.9746,4
64,n<=64,sr<=40%,kvB<=16k,kp<=16k,0.9549,2
64,n<=64,sr<=40%,kvB<=16k,kp<=2k,0.9558,2
64,n<=64,sr<=40%,kvB<=16k,kp<=32k,0.9771,2
64,n<=64,sr<=40%,kvB<=16k,kp<=512,0.9522,2
64,n<=64,sr<=40%,kvB<=16k,kp<=8k,0.963,2
64,n<=64,sr<=40%,kvB<=16k,kp=0,0.9674,2
64,n<=64,sr<=40%,kvB<=1k,kp<=16k,-0.1026,2
64,n<=64,sr<=40%,kvB<=1k,kp<=2k,0.8493,2
64,n<=64,sr<=40%,kvB<=1k,kp<=32k,0.0052,2
64,n<=64,sr<=40%,kvB<=1k,kp<=512,0.7951,2
64,n<=64,sr<=40%,kvB<=1k,kp<=8k,0.5299,2
64,n<=64,sr<=40%,kvB<=1k,kp=0,0.3841,2
64,n<=64,sr<=40%,kvB<=4k,kp<=16k,0.9463,2
64,n<=64,sr<=40%,kvB<=4k,kp<=2k,0.959,2
64,n<=64,sr<=40%,kvB<=4k,kp<=32k,-0.0059,2
64,n<=64,sr<=40%,kvB<=4k,kp<=512,0.9466,2
64,n<=64,sr<=40%,kvB<=4k,kp<=8k,0.9585,2
64,n<=64,sr<=40%,kvB<=4k,kp=0,0.8194,2
64,n<=64,sr<=40%,kvB<=64k,kp<=16k,0.9624,1
64,n<=64,sr<=40%,kvB<=64k,kp<=2k,0.9504,2
64,n<=64,sr<=40%,kvB<=64k,kp<=32k,0.9564,2
64,n<=64,sr<=40%,kvB<=64k,kp<=512,0.962,2
64,n<=64,sr<=40%,kvB<=64k,kp<=8k,0.9591,2
64,n<=64,sr<=40%,kvB<=64k,kp=0,0.9696,2
64,n<=64,sr<=5%,kvB<=16k,kp<=16k,0.234,6
64,n<=64,sr<=5%,kvB<=16k,kp<=2k,0.8099,6
64,n<=64,sr<=5%,kvB<=16k,kp<=32k,-0.0299,6
64,n<=64,sr<=5%,kvB<=16k,kp<=512,0.9102,6
64,n<=64,sr<=5%,kvB<=16k,kp<=8k,0.4599,6
64,n<=64,sr<=5%,kvB<=16k,kp=0,0.9648,6
64,n<=64,sr<=5%,kvB<=1k,kp<=16k,0.0147,6
64,n<=64,sr<=5%,kvB<=1k,kp<=2k,0.0013,6
64,n<=64,sr<=5%,kvB<=1k,kp<=32k,0.01,4
64,n<=64,sr<=5%,kvB<=1k,kp<=512,0.2587,6
64,n<=64,sr<=5%,kvB<=1k,kp<=8k,-0.0134,6
64,n<=64,sr<=5%,kvB<=1k,kp=0,0.3822,6
64,n<=64,sr<=5%,kvB<=4k,kp<=16k,-0.0203,6
64,n<=64,sr<=5%,kvB<=4k,kp<=2k,0.4025,6
64,n<=64,sr<=5%,kvB<=4k,kp<=32k,-0.0172,6
64,n<=64,sr<=5%,kvB<=4k,kp<=512,0.715,6
64,n<=64,sr<=5%,kvB<=4k,kp<=8k,-0.0198,6
64,n<=64,sr<=5%,kvB<=4k,kp=0,0.8299,6
64,n<=64,sr<=5%,kvB<=64k,kp<=16k,0.5119,3
64,n<=64,sr<=5%,kvB<=64k,kp<=2k,0.9252,6
64,n<=64,sr<=5%,kvB<=64k,kp<=32k,0.474,6
64,n<=64,sr<=5%,kvB<=64k,kp<=512,0.9504,6
64,n<=64,sr<=5%,kvB<=64k,kp<=8k,0.828,6
64,n<=64,sr<=5%,kvB<=64k,kp=0,0.9773,6
64,n<=64,sr<=70%,kvB<=16k,kp<=16k,0.9687,2
64,n<=64,sr<=70%,kvB<=16k,kp<=2k,0.95,2
64,n<=64,sr<=70%,kvB<=16k,kp<=32k,0.9651,2
64,n<=64,sr<=70%,kvB<=16k,kp<=512,0.9437,2
64,n<=64,sr<=70%,kvB<=16k,kp<=8k,0.9435,2
64,n<=64,sr<=70%,kvB<=16k,kp=0,0.9529,2
64,n<=64,sr<=70%,kvB<=1k,kp<=16k,0.4499,2
64,n<=64,sr<=70%,kvB<=1k,kp<=2k,0.8328,2
64,n<=64,sr<=70%,kvB<=1k,kp<=32k,0.0471,2
64,n<=64,sr<=70%,kvB<=1k,kp<=512,0.8024,2
64,n<=64,sr<=70%,kvB<=1k,kp<=8k,0.8609,2
64,n<=64,sr<=70%,kvB<=1k,kp=0,0.1412,2
64,n<=64,sr<=70%,kvB<=4k,kp<=16k,0.9976,2
64,n<=64,sr<=70%,kvB<=4k,kp<=2k,0.9527,2
64,n<=64,sr<=70%,kvB<=4k,kp<=32k,0.9598,2
64,n<=64,sr<=70%,kvB<=4k,kp<=512,0.9328,2
64,n<=64,sr<=70%,kvB<=4k,kp<=8k,0.9501,2
64,n<=64,sr<=70%,kvB<=4k,kp=0,0.7559,2
64,n<=64,sr<=70%,kvB<=64k,kp<=16k,0.9553,1
64,n<=64,sr<=70%,kvB<=64k,kp<=2k,0.9404,2
64,n<=64,sr<=70%,kvB<=64k,kp<=32k,0.9467,2
64,n<=64,sr<=70%,kvB<=64k,kp<=512,0.9386,2
64,n<=64,sr<=70%,kvB<=64k,kp<=8k,0.9453,2
64,n<=64,sr<=70%,kvB<=64k,kp=0,0.96,2
64,n<=64,sr>70%,kvB<=16k,kp<=16k,0.9558,4
64,n<=64,sr>70%,kvB<=16k,kp<=2k,0.9414,4
64,n<=64,sr>70%,kvB<=16k,kp<=32k,0.9761,4
64,n<=64,sr>70%,kvB<=16k,kp<=512,0.9289,4
64,n<=64,sr>70%,kvB<=16k,kp<=8k,0.9375,4
64,n<=64,sr>70%,kvB<=16k,kp=0,0.9266,4
64,n<=64,sr>70%,kvB<=1k,kp<=16k,0.925,4
64,n<=64,sr>70%,kvB<=1k,kp<=2k,0.8571,4
64,n<=64,sr>70%,kvB<=1k,kp<=32k,-1.6625,3
64,n<=64,sr>70%,kvB<=1k,kp<=512,0.8313,4
64,n<=64,sr>70%,kvB<=1k,kp<=8k,0.8513,4
64,n<=64,sr>70%,kvB<=1k,kp=0,0.5901,4
64,n<=64,sr>70%,kvB<=4k,kp<=16k,0.9422,4
64,n<=64,sr>70%,kvB<=4k,kp<=2k,0.9194,4
64,n<=64,sr>70%,kvB<=4k,kp<=32k,0.9731,4
64,n<=64,sr>70%,kvB<=4k,kp<=512,0.9494,4
64,n<=64,sr>70%,kvB<=4k,kp<=8k,1.0801,4
64,n<=64,sr>70%,kvB<=4k,kp=0,0.539,4
64,n<=64,sr>70%,kvB<=64k,kp<=16k,0.9285,2
64,n<=64,sr>70%,kvB<=64k,kp<=2k,0.9264,4
64,n<=64,sr>70%,kvB<=64k,kp<=32k,0.9382,4
64,n<=64,sr>70%,kvB<=64k,kp<=512,0.9229,4
64,n<=64,sr>70%,kvB<=64k,kp<=8k,0.9527,4
64,n<=64,sr>70%,kvB<=64k,kp=0,0.9459,4
64,n<=8,sr<=15%,kvB<=16k,kp<=16k,-0.0872,2
64,n<=8,sr<=15%,kvB<=16k,kp<=2k,0.7382,2
64,n<=8,sr<=15%,kvB<=16k,kp<=32k,-0.0009,2
64,n<=8,sr<=15%,kvB<=16k,kp<=512,0.9061,2
64,n<=8,sr<=15%,kvB<=16k,kp<=8k,0.1515,2
64,n<=8,sr<=15%,kvB<=16k,kp=0,0.9917,2
64,n<=8,sr<=15%,kvB<=1k,kp<=16k,-0.0969,2
64,n<=8,sr<=15%,kvB<=1k,kp<=2k,0.1391,2
64,n<=8,sr<=15%,kvB<=1k,kp<=32k,-0.926,2
64,n<=8,sr<=15%,kvB<=1k,kp<=512,-0.0795,2
64,n<=8,sr<=15%,kvB<=1k,kp<=8k,1.0222,1
64,n<=8,sr<=15%,kvB<=1k,kp=0,0.9452,2
64,n<=8,sr<=15%,kvB<=4k,kp<=16k,-0.007,2
64,n<=8,sr<=15%,kvB<=4k,kp<=2k,0.0758,2
64,n<=8,sr<=15%,kvB<=4k,kp<=32k,-1.6038,1
64,n<=8,sr<=15%,kvB<=4k,kp<=512,0.6268,2
64,n<=8,sr<=15%,kvB<=4k,kp<=8k,0.0035,2
64,n<=8,sr<=15%,kvB<=4k,kp=0,0.9841,2
64,n<=8,sr<=15%,kvB<=64k,kp<=16k,0.2295,1
64,n<=8,sr<=15%,kvB<=64k,kp<=2k,0.9358,2
64,n<=8,sr<=15%,kvB<=64k,kp<=32k,0.1599,2
64,n<=8,sr<=15%,kvB<=64k,kp<=512,0.9713,2
64,n<=8,sr<=15%,kvB<=64k,kp<=8k,0.7608,2
64,n<=8,sr<=15%,kvB<=64k,kp=0,0.9944,2
64,n<=8,sr<=40%,kvB<=16k,kp<=16k,0.1217,4
64,n<=8,sr<=40%,kvB<=16k,kp<=2k,0.8221,4
64,n<=8,sr<=40%,kvB<=16k,kp<=32k,0.0363,4
64,n<=8,sr<=40%,kvB<=16k,kp<=512,0.9393,4
64,n<=8,sr<=40%,kvB<=16k,kp<=8k,0.4028,4
64,n<=8,sr<=40%,kvB<=16k,kp=0,0.9951,4
64,n<=8,sr<=40%,kvB<=1k,kp<=16k,1.7645,2
64,n<=8,sr<=40%,kvB<=1k,kp<=2k,-0.0746,4
64,n<=8,sr<=40%,kvB<=1k,kp<=32k,1.4717,1
64,n<=8,sr<=40%,kvB<=1k,kp<=512,0.2219,4
64,n<=8,sr<=40%,kvB<=1k,kp<=8k,-0.096,4
64,n<=8,sr<=40%,kvB<=1k,kp=0,0.9297,4
64,n<=8,sr<=40%,kvB<=4k,kp<=16k,0.0161,3
64,n<=8,sr<=40%,kvB<=4k,kp<=2k,0.3573,4
64,n<=8,sr<=40%,kvB<=4k,kp<=32k,2.2799,2
64,n<=8,sr<=40%,kvB<=4k,kp<=512,0.7283,4
64,n<=8,sr<=40%,kvB<=4k,kp<=8k,-0.0131,4
64,n<=8,sr<=40%,kvB<=4k,kp=0,0.9725,4
64,n<=8,sr<=40%,kvB<=64k,kp<=16k,0.4708,2
64,n<=8,sr<=40%,kvB<=64k,kp<=2k,0.9578,4
64,n<=8,sr<=40%,kvB<=64k,kp<=32k,0.4208,4
64,n<=8,sr<=40%,kvB<=64k,kp<=512,0.9827,4
64,n<=8,sr<=40%,kvB<=64k,kp<=8k,0.8378,4
64,n<=8,sr<=40%,kvB<=64k,kp=0,0.9979,4
64,n<=8,sr<=70%,kvB<=16k,kp<=16k,0.5673,2
64,n<=8,sr<=70%,kvB<=16k,kp<=2k,0.9995,2
64,n<=8,sr<=70%,kvB<=16k,kp<=32k,-0.6552,2
64,n<=8,sr<=70%,kvB<=16k,kp<=512,0.9956,2
64,n<=8,sr<=70%,kvB<=16k,kp<=8k,0.9976,2
64,n<=8,sr<=70%,kvB<=16k,kp=0,0.9882,2
64,n<=8,sr<=70%,kvB<=1k,kp<=2k,-0.197,2
64,n<=8,sr<=70%,kvB<=1k,kp<=32k,1.04,2
64,n<=8,sr<=70%,kvB<=1k,kp<=512,0.972,2
64,n<=8,sr<=70%,kvB<=1k,kp<=8k,1.5472,1
64,n<=8,sr<=70%,kvB<=1k,kp=0,0.9473,2
64,n<=8,sr<=70%,kvB<=4k,kp<=16k,0.0381,1
64,n<=8,sr<=70%,kvB<=4k,kp<=2k,0.9747,2
64,n<=8,sr<=70%,kvB<=4k,kp<=512,0.9823,2
64,n<=8,sr<=70%,kvB<=4k,kp<=8k,-0.74,2
64,n<=8,sr<=70%,kvB<=4k,kp=0,0.9832,2
64,n<=8,sr<=70%,kvB<=64k,kp<=16k,0.9989,1
64,n<=8,sr<=70%,kvB<=64k,kp<=2k,0.9924,2
64,n<=8,sr<=70%,kvB<=64k,kp<=32k,0.9948,2
64,n<=8,sr<=70%,kvB<=64k,kp<=512,0.997,2
64,n<=8,sr<=70%,kvB<=64k,kp<=8k,1.0038,2
64,n<=8,sr<=70%,kvB<=64k,kp=0,0.999,2
64,n<=8,sr>70%,kvB<=16k,kp<=16k,1.0077,4
64,n<=8,sr>70%,kvB<=16k,kp<=2k,0.982,4
64,n<=8,sr>70%,kvB<=16k,kp<=32k,0.9203,4
64,n<=8,sr>70%,kvB<=16k,kp<=512,0.9919,4
64,n<=8,sr>70%,kvB<=16k,kp<=8k,1.0095,4
64,n<=8,sr>70%,kvB<=16k,kp=0,1.003,4
64,n<=8,sr>70%,kvB<=1k,kp<=16k,-0.3639,2
64,n<=8,sr>70%,kvB<=1k,kp<=2k,0.4272,4
64,n<=8,sr>70%,kvB<=1k,kp<=32k,0.7917,4
64,n<=8,sr>70%,kvB<=1k,kp<=512,0.9764,4
64,n<=8,sr>70%,kvB<=1k,kp<=8k,-0.235,2
64,n<=8,sr>70%,kvB<=1k,kp=0,0.9624,4
64,n<=8,sr>70%,kvB<=4k,kp<=16k,0.4903,3
64,n<=8,sr>70%,kvB<=4k,kp<=2k,1.0064,4
64,n<=8,sr>70%,kvB<=4k,kp<=32k,0.1411,1
64,n<=8,sr>70%,kvB<=4k,kp<=512,0.9831,4
64,n<=8,sr>70%,kvB<=4k,kp<=8k,0.6304,4
64,n<=8,sr>70%,kvB<=4k,kp=0,0.9891,4
64,n<=8,sr>70%,kvB<=64k,kp<=16k,1.0011,2
64,n<=8,sr>70%,kvB<=64k,kp<=2k,0.985,4
64,n<=8,sr>70%,kvB<=64k,kp<=32k,0.9952,4
64,n<=8,sr>70%,kvB<=64k,kp<=512,0.9973,4
64,n<=8,sr>70%,kvB<=64k,kp<=8k,0.9892,4
64,n<=8,sr>70%,kvB<=64k,kp=0,0.9905,4
256,n<=128,sr<=15%,kvB<=16k,kp<=16k,0.0351,4
256,n<=128,sr<=15%,kvB<=16k,kp<=2k,0.1835,4
256,n<=128,sr<=15%,kvB<=16k,kp<=32k,-0.0815,4
256,n<=128,sr<=15%,kvB<=16k,kp<=512,0.2151,4
256,n<=128,sr<=15%,kvB<=16k,kp<=8k,0.1383,4
256,n<=128,sr<=15%,kvB<=16k,kp=0,0.1742,4
256,n<=128,sr<=15%,kvB<=1k,kp<=16k,0.0253,3
256,n<=128,sr<=15%,kvB<=1k,kp<=2k,-0.0403,4
256,n<=128,sr<=15%,kvB<=1k,kp<=32k,1.1675,3
256,n<=128,sr<=15%,kvB<=1k,kp<=512,0.0525,4
256,n<=128,sr<=15%,kvB<=1k,kp<=8k,-0.0131,4
256,n<=128,sr<=15%,kvB<=1k,kp=0,0.0011,4
256,n<=128,sr<=15%,kvB<=4k,kp<=16k,-0.0331,4
256,n<=128,sr<=15%,kvB<=4k,kp<=2k,0.0843,4
256,n<=128,sr<=15%,kvB<=4k,kp<=32k,0.0024,4
256,n<=128,sr<=15%,kvB<=4k,kp<=512,0.15,4
256,n<=128,sr<=15%,kvB<=4k,kp<=8k,-0.0424,4
256,n<=128,sr<=15%,kvB<=4k,kp=0,0.0019,4
256,n<=128,sr<=15%,kvB<=64k,kp<=16k,0.1611,2
256,n<=128,sr<=15%,kvB<=64k,kp<=2k,0.2336,4
256,n<=128,sr<=15%,kvB<=64k,kp<=32k,0.1446,4
256,n<=128,sr<=15%,kvB<=64k,kp<=512,0.2462,4
256,n<=128,sr<=15%,kvB<=64k,kp<=8k,0.1959,4
256,n<=128,sr<=15%,kvB<=64k,kp=0,0.2488,4
256,n<=128,sr<=40%,kvB<=16k,kp<=16k,0.0834,2
256,n<=128,sr<=40%,kvB<=16k,kp<=2k,0.083,2
256,n<=128,sr<=40%,kvB<=16k,kp<=32k,0.0835,2
256,n<=128,sr<=40%,kvB<=16k,kp<=512,0.083,2
256,n<=128,sr<=40%,kvB<=16k,kp<=8k,0.0807,2
256,n<=128,sr<=40%,kvB<=16k,kp=0,0.0256,2
256,n<=128,sr<=40%,kvB<=1k,kp<=16k,-0.0458,2
256,n<=128,sr<=40%,kvB<=1k,kp<=2k,-0.0902,2
256,n<=128,sr<=40%,kvB<=1k,kp<=32k,-0.7171,1
256,n<=128,sr<=40%,kvB<=1k,kp<=512,0.1558,2
256,n<=128,sr<=40%,kvB<=1k,kp<=8k,-0.0772,2
256,n<=128,sr<=40%,kvB<=1k,kp=0,0.0158,2
256,n<=128,sr<=40%,kvB<=4k,kp<=16k,-0.0036,2
256,n<=128,sr<=40%,kvB<=4k,kp<=2k,0.044,2
256,n<=128,sr<=40%,kvB<=4k,kp<=32k,0.0079,2
256,n<=128,sr<=40%,kvB<=4k,kp<=512,0.0335,2
256,n<=128,sr<=40%,kvB<=4k,kp<=8k,-0.0149,2
256,n<=128,sr<=40%,kvB<=4k,kp=0,0.0106,2
256,n<=128,sr<=40%,kvB<=64k,kp<=16k,0.0976,1
256,n<=128,sr<=40%,kvB<=64k,kp<=2k,0.0997,2
256,n<=128,sr<=40%,kvB<=64k,kp<=32k,0.1014,2
256,n<=128,sr<=40%,kvB<=64k,kp<=512,0.1028,2
256,n<=128,sr<=40%,kvB<=64k,kp<=8k,0.0986,2
256,n<=128,sr<=40%,kvB<=64k,kp=0,0.0991,2
256,n<=128,sr<=5%,kvB<=16k,kp<=16k,-0.0174,8
256,n<=128,sr<=5%,kvB<=16k,kp<=2k,0.1875,8
256,n<=128,sr<=5%,kvB<=16k,kp<=32k,0.0014,8
256,n<=128,sr<=5%,kvB<=16k,kp<=512,0.2555,8
256,n<=128,sr<=5%,kvB<=16k,kp<=8k,-0.0138,8
256,n<=128,sr<=5%,kvB<=16k,kp=0,0.2378,8
256,n<=128,sr<=5%,kvB<=1k,kp<=16k,0.0144,6
256,n<=128,sr<=5%,kvB<=1k,kp<=2k,0.0006,8
256,n<=128,sr<=5%,kvB<=1k,kp<=32k,1.1546,2
256,n<=128,sr<=5%,kvB<=1k,kp<=512,-0.0103,8
256,n<=128,sr<=5%,kvB<=1k,kp<=8k,0.0166,8
256,n<=128,sr<=5%,kvB<=1k,kp=0,-0.0027,8
256,n<=128,sr<=5%,kvB<=4k,kp<=16k,-0.0061,8
256,n<=128,sr<=5%,kvB<=4k,kp<=2k,-0.0107,8
256,n<=128,sr<=5%,kvB<=4k,kp<=32k,-0.0139,8
256,n<=128,sr<=5%,kvB<=4k,kp<=512,0.1029,8
256,n<=128,sr<=5%,kvB<=4k,kp<=8k,-0.0059,8
256,n<=128,sr<=5%,kvB<=4k,kp=0,0.0135,8
256,n<=128,sr<=5%,kvB<=64k,kp<=16k,-0.0178,4
256,n<=128,sr<=5%,kvB<=64k,kp<=2k,0.278,8
256,n<=128,sr<=5%,kvB<=64k,kp<=32k,-0.0188,8
256,n<=128,sr<=5%,kvB<=64k,kp<=512,0.2961,8
256,n<=128,sr<=5%,kvB<=64k,kp<=8k,0.2062,8
256,n<=128,sr<=5%,kvB<=64k,kp=0,0.3019,8
256,n<=128,sr<=70%,kvB<=16k,kp<=16k,-0.0349,2
256,n<=128,sr<=70%,kvB<=16k,kp<=2k,0.0041,2
256,n<=128,sr<=70%,kvB<=16k,kp<=32k,-0.2814,2
256,n<=128,sr<=70%,kvB<=16k,kp<=512,-0.0011,2
256,n<=128,sr<=70%,kvB<=16k,kp<=8k,0.0053,2
256,n<=128,sr<=70%,kvB<=16k,kp=0,-0.0093,2
256,n<=128,sr<=70%,kvB<=1k,kp<=16k,0.0872,2
256,n<=128,sr<=70%,kvB<=1k,kp<=2k,-0.1074,2
256,n<=128,sr<=70%,kvB<=1k,kp<=512,-0.0173,2
256,n<=128,sr<=70%,kvB<=1k,kp<=8k,0.0917,2
256,n<=128,sr<=70%,kvB<=1k,kp=0,-0.0224,2
256,n<=128,sr<=70%,kvB<=4k,kp<=16k,-0.1117,2
256,n<=128,sr<=70%,kvB<=4k,kp<=2k,0.0033,2
256,n<=128,sr<=70%,kvB<=4k,kp<=32k,-0.0107,2
256,n<=128,sr<=70%,kvB<=4k,kp<=512,-0.002,2
256,n<=128,sr<=70%,kvB<=4k,kp<=8k,-0.1769,2
256,n<=128,sr<=70%,kvB<=4k,kp=0,-0.022,2
256,n<=128,sr<=70%,kvB<=64k,kp<=16k,-0.0061,1
256,n<=128,sr<=70%,kvB<=64k,kp<=2k,-0.0005,2
256,n<=128,sr<=70%,kvB<=64k,kp<=32k,-0.0001,2
256,n<=128,sr<=70%,kvB<=64k,kp<=512,0.0021,2
256,n<=128,sr<=70%,kvB<=64k,kp<=8k,-0.0006,2
256,n<=128,sr<=70%,kvB<=64k,kp=0,-0.0076,2
256,n<=128,sr>70%,kvB<=16k,kp<=16k,0.9515,4
256,n<=128,sr>70%,kvB<=16k,kp<=2k,0.9062,4
256,n<=128,sr>70%,kvB<=16k,kp<=32k,0.6342,4
256,n<=128,sr>70%,kvB<=16k,kp<=512,0.9248,4
256,n<=128,sr>70%,kvB<=16k,kp<=8k,0.9105,4
256,n<=128,sr>70%,kvB<=16k,kp=0,0.78,4
256,n<=128,sr>70%,kvB<=1k,kp<=16k,-0.9105,3
256,n<=128,sr>70%,kvB<=1k,kp<=2k,0.7584,4
256,n<=128,sr>70%,kvB<=1k,kp<=32k,-0.4337,2
256,n<=128,sr>70%,kvB<=1k,kp<=512,0.869,4
256,n<=128,sr>70%,kvB<=1k,kp<=8k,-0.5242,4
256,n<=128,sr>70%,kvB<=1k,kp=0,0.0712,4
256,n<=128,sr>70%,kvB<=4k,kp<=16k,-0.1613,4
256,n<=128,sr>70%,kvB<=4k,kp<=2k,0.939,4
256,n<=128,sr>70%,kvB<=4k,kp<=32k,0.1711,4
256,n<=128,sr>70%,kvB<=4k,kp<=512,0.9305,4
256,n<=128,sr>70%,kvB<=4k,kp<=8k,0.6361,4
256,n<=128,sr>70%,kvB<=4k,kp=0,-0.0301,4
256,n<=128,sr>70%,kvB<=64k,kp<=16k,0.9329,2
256,n<=128,sr>70%,kvB<=64k,kp<=2k,0.9388,4
256,n<=128,sr>70%,kvB<=64k,kp<=32k,0.9486,4
256,n<=128,sr>70%,kvB<=64k,kp<=512,0.9298,4
256,n<=128,sr>70%,kvB<=64k,kp<=8k,0.9367,4
256,n<=128,sr>70%,kvB<=64k,kp=0,0.9364,4
256,n<=16,sr<=15%,kvB<=16k,kp<=16k,0.0066,4
256,n<=16,sr<=15%,kvB<=16k,kp<=2k,0.7609,4
256,n<=16,sr<=15%,kvB<=16k,kp<=32k,-0.2255,4
256,n<=16,sr<=15%,kvB<=16k,kp<=512,0.9174,4
256,n<=16,sr<=15%,kvB<=16k,kp<=8k,0.2957,4
256,n<=16,sr<=15%,kvB<=16k,kp=0,0.9938,4
256,n<=16,sr<=15%,kvB<=1k,kp<=16k,1.4624,1
256,n<=16,sr<=15%,kvB<=1k,kp<=2k,0.0503,2
256,n<=16,sr<=15%,kvB<=1k,kp<=32k,0.4563,2
256,n<=16,sr<=15%,kvB<=1k,kp<=512,0.125,4
256,n<=16,sr<=15%,kvB<=1k,kp<=8k,0.488,2
256,n<=16,sr<=15%,kvB<=1k,kp=0,0.4328,2
256,n<=16,sr<=15%,kvB<=4k,kp<=2k,0.2417,4
256,n<=16,sr<=15%,kvB<=4k,kp<=32k,0.4166,1
256,n<=16,sr<=15%,kvB<=4k,kp<=512,0.6668,4
256,n<=16,sr<=15%,kvB<=4k,kp<=8k,-0.0441,2
256,n<=16,sr<=15%,kvB<=4k,kp=0,0.9579,4
256,n<=16,sr<=15%,kvB<=64k,kp<=16k,0.4102,2
256,n<=16,sr<=15%,kvB<=64k,kp<=2k,0.9372,4
256,n<=16,sr<=15%,kvB<=64k,kp<=32k,0.3116,4
256,n<=16,sr<=15%,kvB<=64k,kp<=512,0.9749,4
256,n<=16,sr<=15%,kvB<=64k,kp<=8k,0.7809,4
256,n<=16,sr<=15%,kvB<=64k,kp=0,0.998,4
256,n<=16,sr<=40%,kvB<=16k,kp<=16k,0.0095,4
256,n<=16,sr<=40%,kvB<=16k,kp<=2k,0.724,4
256,n<=16,sr<=40%,kvB<=16k,kp<=32k,-0.1789,3
256,n<=16,sr<=40%,kvB<=16k,kp<=512,0.9077,4
256,n<=16,sr<=40%,kvB<=16k,kp<=8k,0.1563,4
256,n<=16,sr<=40%,kvB<=16k,kp=0,1.0017,4
256,n<=16,sr<=40%,kvB<=1k,kp<=16k,0.2914,3
256,n<=16,sr<=40%,kvB<=1k,kp<=2k,-0.1015,3
256,n<=16,sr<=40%,kvB<=1k,kp<=32k,1.4989,3
256,n<=16,sr<=40%,kvB<=1k,kp<=512,-0.0007,4
256,n<=16,sr<=40%,kvB<=1k,kp<=8k,1.5031,2
256,n<=16,sr<=40%,kvB<=1k,kp=0,0.606,2
256,n<=16,sr<=40%,kvB<=4k,kp<=16k,0.1071,4
256,n<=16,sr<=40%,kvB<=4k,kp<=2k,0.1077,4
256,n<=16,sr<=40%,kvB<=4k,kp<=32k,0.1409,3
256,n<=16,sr<=40%,kvB<=4k,kp<=512,0.6178,4
256,n<=16,sr<=40%,kvB<=4k,kp<=8k,-0.1145,2
256,n<=16,sr<=40%,kvB<=4k,kp=0,0.9714,4
256,n<=16,sr<=40%,kvB<=64k,kp<=16k,0.2478,2
256,n<=16,sr<=40%,kvB<=64k,kp<=2k,0.9298,4
256,n<=16,sr<=40%,kvB<=64k,kp<=32k,0.1644,4
256,n<=16,sr<=40%,kvB<=64k,kp<=512,0.9732,4
256,n<=16,sr<=40%,kvB<=64k,kp<=8k,0.7413,4
256,n<=16,sr<=40%,kvB<=64k,kp=0,0.9975,4
256,n<=16,sr<=70%,kvB<=16k,kp<=16k,-0.0115,2
256,n<=16,sr<=70%,kvB<=16k,kp<=2k,0.5662,2
256,n<=16,sr<=70%,kvB<=16k,kp<=32k,0.0797,2
256,n<=16,sr<=70%,kvB<=16k,kp<=512,0.8597,2
256,n<=16,sr<=70%,kvB<=16k,kp<=8k,-0.2081,2
256,n<=16,sr<=70%,kvB<=16k,kp=0,1.0021,2
256,n<=16,sr<=70%,kvB<=1k,kp<=16k,-0.1703,2
256,n<=16,sr<=70%,kvB<=1k,kp<=2k,-0.0868,2
256,n<=16,sr<=70%,kvB<=1k,kp<=32k,0.3982,1
256,n<=16,sr<=70%,kvB<=1k,kp<=512,-0.5868,2
256,n<=16,sr<=70%,kvB<=1k,kp<=8k,0.4698,1
256,n<=16,sr<=70%,kvB<=1k,kp=0,-8.5885,1
256,n<=16,sr<=70%,kvB<=4k,kp<=16k,2.4959,2
256,n<=16,sr<=70%,kvB<=4k,kp<=2k,-0.2782,2
256,n<=16,sr<=70%,kvB<=4k,kp<=32k,0.3361,2
256,n<=16,sr<=70%,kvB<=4k,kp<=512,0.4237,2
256,n<=16,sr<=70%,kvB<=4k,kp<=8k,0.0513,2
256,n<=16,sr<=70%,kvB<=4k,kp=0,0.9867,2
256,n<=16,sr<=70%,kvB<=64k,kp<=16k,-0.3389,1
256,n<=16,sr<=70%,kvB<=64k,kp<=2k,0.8921,2
256,n<=16,sr<=70%,kvB<=64k,kp<=32k,-0.1787,2
256,n<=16,sr<=70%,kvB<=64k,kp<=512,0.9593,2
256,n<=16,sr<=70%,kvB<=64k,kp<=8k,0.5985,2
256,n<=16,sr<=70%,kvB<=64k,kp=0,0.9972,2
256,n<=16,sr>70%,kvB<=16k,kp<=16k,0.9976,4
256,n<=16,sr>70%,kvB<=16k,kp<=2k,0.9892,4
256,n<=16,sr>70%,kvB<=16k,kp<=32k,1.0109,4
256,n<=16,sr>70%,kvB<=16k,kp<=512,1.0024,4
256,n<=16,sr>70%,kvB<=16k,kp<=8k,0.9955,4
256,n<=16,sr>70%,kvB<=16k,kp=0,1.0131,4
256,n<=16,sr>70%,kvB<=1k,kp<=16k,0.0725,2
256,n<=16,sr>70%,kvB<=1k,kp<=2k,0.9851,2
256,n<=16,sr>70%,kvB<=1k,kp<=32k,-0.0211,3
256,n<=16,sr>70%,kvB<=1k,kp<=512,0.6812,4
256,n<=16,sr>70%,kvB<=1k,kp<=8k,1.2746,2
256,n<=16,sr>70%,kvB<=1k,kp=0,0.8106,2
256,n<=16,sr>70%,kvB<=4k,kp<=16k,2.0712,3
256,n<=16,sr>70%,kvB<=4k,kp<=2k,0.9243,4
256,n<=16,sr>70%,kvB<=4k,kp<=32k,0.2065,1
256,n<=16,sr>70%,kvB<=4k,kp<=512,0.9694,4
256,n<=16,sr>70%,kvB<=4k,kp<=8k,1.2427,3
256,n<=16,sr>70%,kvB<=4k,kp=0,1.0004,4
256,n<=16,sr>70%,kvB<=64k,kp<=16k,0.9866,2
256,n<=16,sr>70%,kvB<=64k,kp<=2k,1.0039,4
256,n<=16,sr>70%,kvB<=64k,kp<=32k,0.9998,4
256,n<=16,sr>70%,kvB<=64k,kp<=512,1.0055,4
256,n<=16,sr>70%,kvB<=64k,kp<=8k,0.9957,4
256,n<=16,sr>70%,kvB<=64k,kp=0,0.9955,4
256,n<=2,sr<=70%,kvB<=16k,kp<=16k,0.6372,2
256,n<=2,sr<=70%,kvB<=16k,kp<=2k,1.0005,2
256,n<=2,sr<=70%,kvB<=16k,kp<=32k,5.1082,2
256,n<=2,sr<=70%,kvB<=16k,kp<=512,0.9961,2
256,n<=2,sr<=70%,kvB<=16k,kp<=8k,1.0025,2
256,n<=2,sr<=70%,kvB<=16k,kp=0,1.0076,2
256,n<=2,sr<=70%,kvB<=1k,kp<=16k,0.2006,2
256,n<=2,sr<=70%,kvB<=1k,kp<=32k,0.1686,2
256,n<=2,sr<=70%,kvB<=1k,kp<=512,0.9932,2
256,n<=2,sr<=70%,kvB<=1k,kp<=8k,0.4967,2
256,n<=2,sr<=70%,kvB<=1k,kp=0,1.3022,1
256,n<=2,sr<=70%,kvB<=4k,kp<=16k,-0.0721,2
256,n<=2,sr<=70%,kvB<=4k,kp<=2k,1.0033,2
256,n<=2,sr<=70%,kvB<=4k,kp<=32k,0.1397,2
256,n<=2,sr<=70%,kvB<=4k,kp<=512,0.9957,2
256,n<=2,sr<=70%,kvB<=4k,kp<=8k,0.0647,2
256,n<=2,sr<=70%,kvB<=4k,kp=0,0.9742,2
256,n<=2,sr<=70%,kvB<=64k,kp<=16k,1.0046,1
256,n<=2,sr<=70%,kvB<=64k,kp<=2k,1.0114,2
256,n<=2,sr<=70%,kvB<=64k,kp<=32k,1.0001,2
256,n<=2,sr<=70%,kvB<=64k,kp<=512,1.0005,2
256,n<=2,sr<=70%,kvB<=64k,kp<=8k,0.9972,2
256,n<=2,sr<=70%,kvB<=64k,kp=0,0.9969,2
256,n<=32,sr<=15%,kvB<=16k,kp<=16k,-0.041,6
256,n<=32,sr<=15%,kvB<=16k,kp<=2k,0.7506,6
256,n<=32,sr<=15%,kvB<=16k,kp<=32k,-0.0019,6
256,n<=32,sr<=15%,kvB<=16k,kp<=512,0.9079,6
256,n<=32,sr<=15%,kvB<=16k,kp<=8k,0.1802,6
256,n<=32,sr<=15%,kvB<=16k,kp=0,0.9946,6
256,n<=32,sr<=15%,kvB<=1k,kp<=16k,0.3147,5
256,n<=32,sr<=15%,kvB<=1k,kp<=2k,0.1763,6
256,n<=32,sr<=15%,kvB<=1k,kp<=32k,0.4726,1
256,n<=32,sr<=15%,kvB<=1k,kp<=512,-0.018,6
256,n<=32,sr<=15%,kvB<=1k,kp<=8k,4.2789,1
256,n<=32,sr<=15%,kvB<=1k,kp=0,0.0292,4
256,n<=32,sr<=15%,kvB<=4k,kp<=16k,-0.0096,6
256,n<=32,sr<=15%,kvB<=4k,kp<=2k,0.1252,6
256,n<=32,sr<=15%,kvB<=4k,kp<=32k,0.5791,4
256,n<=32,sr<=15%,kvB<=4k,kp<=512,0.654,6
256,n<=32,sr<=15%,kvB<=4k,kp<=8k,0.024,6
256,n<=32,sr<=15%,kvB<=4k,kp=0,0.8368,6
256,n<=32,sr<=15%,kvB<=64k,kp<=16k,0.2672,3
256,n<=32,sr<=15%,kvB<=64k,kp<=2k,0.9356,6
256,n<=32,sr<=15%,kvB<=64k,kp<=32k,0.1984,6
256,n<=32,sr<=15%,kvB<=64k,kp<=512,0.9721,6
256,n<=32,sr<=15%,kvB<=64k,kp<=8k,0.7729,6
256,n<=32,sr<=15%,kvB<=64k,kp=0,0.9931,6
256,n<=32,sr<=40%,kvB<=16k,kp<=16k,-0.1815,2
256,n<=32,sr<=40%,kvB<=16k,kp<=2k,0.7018,2
256,n<=32,sr<=40%,kvB<=16k,kp<=32k,0.0074,2
256,n<=32,sr<=40%,kvB<=16k,kp<=512,0.9006,2
256,n<=32,sr<=40%,kvB<=16k,kp<=8k,0.0304,2
256,n<=32,sr<=40%,kvB<=16k,kp=0,0.9974,2
256,n<=32,sr<=40%,kvB<=1k,kp<=16k,-0.5938,2
256,n<=32,sr<=40%,kvB<=1k,kp<=2k,-0.1406,2
256,n<=32,sr<=40%,kvB<=1k,kp<=512,-0.2027,2
256,n<=32,sr<=40%,kvB<=1k,kp<=8k,3.7252,1
256,n<=32,sr<=40%,kvB<=1k,kp=0,0.2089,1
256,n<=32,sr<=40%,kvB<=4k,kp<=16k,-0.053,2
256,n<=32,sr<=40%,kvB<=4k,kp<=2k,-0.0501,2
256,n<=32,sr<=40%,kvB<=4k,kp<=512,0.6038,2
256,n<=32,sr<=40%,kvB<=4k,kp<=8k,-0.0056,2
256,n<=32,sr<=40%,kvB<=4k,kp=0,0.8572,2
256,n<=32,sr<=40%,kvB<=64k,kp<=16k,0.1293,1
256,n<=32,sr<=40%,kvB<=64k,kp<=2k,0.9239,2
256,n<=32,sr<=40%,kvB<=64k,kp<=32k,0.0268,2
256,n<=32,sr<=40%,kvB<=64k,kp<=512,0.9692,2
256,n<=32,sr<=40%,kvB<=64k,kp<=8k,0.73,2
256,n<=32,sr<=40%,kvB<=64k,kp=0,0.995,2
256,n<=32,sr<=5%,kvB<=16k,kp<=16k,0.0797,2
256,n<=32,sr<=5%,kvB<=16k,kp<=2k,0.7624,2
256,n<=32,sr<=5%,kvB<=16k,kp<=32k,-0.0057,2
256,n<=32,sr<=5%,kvB<=16k,kp<=512,0.9094,2
256,n<=32,sr<=5%,kvB<=16k,kp<=8k,0.2349,2
256,n<=32,sr<=5%,kvB<=16k,kp=0,0.9871,2
256,n<=32,sr<=5%,kvB<=1k,kp<=2k,0.1971,2
256,n<=32,sr<=5%,kvB<=1k,kp<=32k,1.7514,1
256,n<=32,sr<=5%,kvB<=1k,kp<=512,-0.0492,2
256,n<=32,sr<=5%,kvB<=1k,kp=0,-0.0032,1
256,n<=32,sr<=5%,kvB<=4k,kp<=16k,0.1686,1
256,n<=32,sr<=5%,kvB<=4k,kp<=2k,0.1947,2
256,n<=32,sr<=5%,kvB<=4k,kp<=32k,0.5899,2
256,n<=32,sr<=5%,kvB<=4k,kp<=512,0.6783,2
256,n<=32,sr<=5%,kvB<=4k,kp<=8k,0.0036,2
256,n<=32,sr<=5%,kvB<=4k,kp=0,0.8392,2
256,n<=32,sr<=5%,kvB<=64k,kp<=16k,0.3018,1
256,n<=32,sr<=5%,kvB<=64k,kp<=2k,0.9365,2
256,n<=32,sr<=5%,kvB<=64k,kp<=32k,0.2649,2
256,n<=32,sr<=5%,kvB<=64k,kp<=512,0.9699,2
256,n<=32,sr<=5%,kvB<=64k,kp<=8k,0.783,2
256,n<=32,sr<=5%,kvB<=64k,kp=0,0.9969,2
256,n<=32,sr<=70%,kvB<=16k,kp<=16k,0.5801,2
256,n<=32,sr<=70%,kvB<=16k,kp<=2k,0.9679,2
256,n<=32,sr<=70%,kvB<=16k,kp<=32k,-0.6717,2
256,n<=32,sr<=70%,kvB<=16k,kp<=512,0.9713,2
256,n<=32,sr<=70%,kvB<=16k,kp<=8k,0.9845,2
256,n<=32,sr<=70%,kvB<=16k,kp=0,0.989,2
256,n<=32,sr<=70%,kvB<=1k,kp<=16k,0.1803,1
256,n<=32,sr<=70%,kvB<=1k,kp<=2k,-0.3316,2
256,n<=32,sr<=70%,kvB<=1k,kp<=32k,0.2727,1
256,n<=32,sr<=70%,kvB<=1k,kp<=512,0.8351,2
256,n<=32,sr<=70%,kvB<=1k,kp=0,-0.0966,1
256,n<=32,sr<=70%,kvB<=4k,kp<=16k,0.0095,2
256,n<=32,sr<=70%,kvB<=4k,kp<=2k,0.9854,2
256,n<=32,sr<=70%,kvB<=4k,kp<=32k,12.7093,1
256,n<=32,sr<=70%,kvB<=4k,kp<=512,0.9692,2
256,n<=32,sr<=70%,kvB<=4k,kp<=8k,-0.6356,2
256,n<=32,sr<=70%,kvB<=4k,kp=0,0.8734,2
256,n<=32,sr<=70%,kvB<=64k,kp<=16k,0.9929,1
256,n<=32,sr<=70%,kvB<=64k,kp<=2k,0.9905,2
256,n<=32,sr<=70%,kvB<=64k,kp<=32k,0.9952,2
256,n<=32,sr<=70%,kvB<=64k,kp<=512,0.9986,2
256,n<=32,sr<=70%,kvB<=64k,kp<=8k,0.9923,2
256,n<=32,sr<=70%,kvB<=64k,kp=0,0.9915,2
256,n<=32,sr>70%,kvB<=16k,kp<=16k,1.0003,4
256,n<=32,sr>70%,kvB<=16k,kp<=2k,0.9946,4
256,n<=32,sr>70%,kvB<=16k,kp<=32k,0.8592,4
256,n<=32,sr>70%,kvB<=16k,kp<=512,1.01,4
256,n<=32,sr>70%,kvB<=16k,kp<=8k,0.9956,4
256,n<=32,sr>70%,kvB<=16k,kp=0,0.9893,4
256,n<=32,sr>70%,kvB<=1k,kp<=16k,-0.542,3
256,n<=32,sr>70%,kvB<=1k,kp<=2k,0.157,4
256,n<=32,sr>70%,kvB<=1k,kp<=32k,0.3895,1
256,n<=32,sr>70%,kvB<=1k,kp<=512,0.904,4
256,n<=32,sr>70%,kvB<=1k,kp<=8k,1.6166,1
256,n<=32,sr>70%,kvB<=1k,kp=0,0.6186,2
256,n<=32,sr>70%,kvB<=4k,kp<=16k,0.4614,3
256,n<=32,sr>70%,kvB<=4k,kp<=2k,0.9896,4
256,n<=32,sr>70%,kvB<=4k,kp<=32k,0.5294,2
256,n<=32,sr>70%,kvB<=4k,kp<=512,1.0484,4
256,n<=32,sr>70%,kvB<=4k,kp<=8k,0.5914,4
256,n<=32,sr>70%,kvB<=4k,kp=0,0.84,4
256,n<=32,sr>70%,kvB<=64k,kp<=16k,0.9983,2
256,n<=32,sr>70%,kvB<=64k,kp<=2k,0.9896,4
256,n<=32,sr>70%,kvB<=64k,kp<=32k,0.996,4
256,n<=32,sr>70%,kvB<=64k,kp<=512,0.9942,4
256,n<=32,sr>70%,kvB<=64k,kp<=8k,0.9899,4
256,n<=32,sr>70%,kvB<=64k,kp=0,0.9852,4
256,n<=4,sr<=40%,kvB<=16k,kp<=16k,1.567,1
256,n<=4,sr<=40%,kvB<=16k,kp<=2k,0.9927,2
256,n<=4,sr<=40%,kvB<=16k,kp<=512,0.9946,2
256,n<=4,sr<=40%,kvB<=16k,kp<=8k,0.9782,2
256,n<=4,sr<=40%,kvB<=16k,kp=0,0.9918,2
256,n<=4,sr<=40%,kvB<=1k,kp<=16k,0.3997,2
256,n<=4,sr<=40%,kvB<=1k,kp<=32k,0.604,2
256,n<=4,sr<=40%,kvB<=1k,kp<=512,0.9638,2
256,n<=4,sr<=40%,kvB<=1k,kp<=8k,2.387,2
256,n<=4,sr<=40%,kvB<=1k,kp=0,0.0819,1
256,n<=4,sr<=40%,kvB<=4k,kp<=2k,0.9891,2
256,n<=4,sr<=40%,kvB<=4k,kp<=32k,0.2918,1
256,n<=4,sr<=40%,kvB<=4k,kp<=512,0.9772,2
256,n<=4,sr<=40%,kvB<=4k,kp<=8k,2.2421,1
256,n<=4,sr<=40%,kvB<=4k,kp=0,0.9814,2
256,n<=4,sr<=40%,kvB<=64k,kp<=16k,1.0005,1
256,n<=4,sr<=40%,kvB<=64k,kp<=2k,0.9966,2
256,n<=4,sr<=40%,kvB<=64k,kp<=32k,0.9986,2
256,n<=4,sr<=40%,kvB<=64k,kp<=512,0.996,2
256,n<=4,sr<=40%,kvB<=64k,kp<=8k,0.9996,2
256,n<=4,sr<=40%,kvB<=64k,kp=0,0.9942,2
256,n<=4,sr<=70%,kvB<=16k,kp<=16k,1.629,2
256,n<=4,sr<=70%,kvB<=16k,kp<=2k,0.995,2
256,n<=4,sr<=70%,kvB<=16k,kp<=32k,0.3826,2
256,n<=4,sr<=70%,kvB<=16k,kp<=512,1.0045,2
256,n<=4,sr<=70%,kvB<=16k,kp<=8k,0.9976,2
256,n<=4,sr<=70%,kvB<=16k,kp=0,1.0055,2
256,n<=4,sr<=70%,kvB<=1k,kp<=16k,-0.4923,1
256,n<=4,sr<=70%,kvB<=1k,kp<=2k,-0.8238,2
256,n<=4,sr<=70%,kvB<=1k,kp<=32k,0.2277,1
256,n<=4,sr<=70%,kvB<=1k,kp<=512,0.9943,1
256,n<=4,sr<=70%,kvB<=1k,kp<=8k,0.4234,1
256,n<=4,sr<=70%,kvB<=1k,kp=0,0.0612,2
256,n<=4,sr<=70%,kvB<=4k,kp<=16k,-0.6267,2
256,n<=4,sr<=70%,kvB<=4k,kp<=2k,1.0142,2
256,n<=4,sr<=70%,kvB<=4k,kp<=32k,0.9481,1
256,n<=4,sr<=70%,kvB<=4k,kp<=512,0.9944,2
256,n<=4,sr<=70%,kvB<=4k,kp<=8k,0.2649,2
256,n<=4,sr<=70%,kvB<=4k,kp=0,0.9868,2
256,n<=4,sr<=70%,kvB<=64k,kp<=16k,0.9942,1
256,n<=4,sr<=70%,kvB<=64k,kp<=2k,0.9967,2
256,n<=4,sr<=70%,kvB<=64k,kp<=32k,1.0022,2
256,n<=4,sr<=70%,kvB<=64k,kp<=512,0.9914,2
256,n<=4,sr<=70%,kvB<=64k,kp<=8k,0.9976,2
256,n<=4,sr<=70%,kvB<=64k,kp=0,0.9941,2
256,n<=4,sr>70%,kvB<=16k,kp<=16k,1.8664,1
256,n<=4,sr>70%,kvB<=16k,kp<=2k,1.0059,2
256,n<=4,sr>70%,kvB<=16k,kp<=32k,0.6712,1
256,n<=4,sr>70%,kvB<=16k,kp<=512,0.9811,2
256,n<=4,sr>70%,kvB<=16k,kp<=8k,0.9891,2
256,n<=4,sr>70%,kvB<=16k,kp=0,1.0031,2
256,n<=4,sr>70%,kvB<=1k,kp<=16k,-1.5413,1
256,n<=4,sr>70%,kvB<=1k,kp<=2k,-1.0793,1
256,n<=4,sr>70%,kvB<=1k,kp<=512,0.9854,2
256,n<=4,sr>70%,kvB<=1k,kp<=8k,0.0674,2
256,n<=4,sr>70%,kvB<=1k,kp=0,1.0384,1
256,n<=4,sr>70%,kvB<=4k,kp<=2k,1.0096,1
256,n<=4,sr>70%,kvB<=4k,kp<=32k,1.469,1
256,n<=4,sr>70%,kvB<=4k,kp<=512,0.9928,2
256,n<=4,sr>70%,kvB<=4k,kp<=8k,-0.8178,2
256,n<=4,sr>70%,kvB<=4k,kp=0,0.9345,2
256,n<=4,sr>70%,kvB<=64k,kp<=16k,0.9914,1
256,n<=4,sr>70%,kvB<=64k,kp<=2k,0.9989,2
256,n<=4,sr>70%,kvB<=64k,kp<=32k,0.9932,2
256,n<=4,sr>70%,kvB<=64k,kp<=512,1.002,2
256,n<=4,sr>70%,kvB<=64k,kp<=8k,0.9911,2
256,n<=4,sr>70%,kvB<=64k,kp=0,1.0114,2
256,n<=64,sr<=15%,kvB<=16k,kp<=16k,-0.1,4
256,n<=64,sr<=15%,kvB<=16k,kp<=2k,0.7245,4
256,n<=64,sr<=15%,kvB<=16k,kp<=32k,-0.0787,4
256,n<=64,sr<=15%,kvB<=16k,kp<=512,0.8846,4
256,n<=64,sr<=15%,kvB<=16k,kp<=8k,0.1768,4
256,n<=64,sr<=15%,kvB<=16k,kp=0,0.8502,4
256,n<=64,sr<=15%,kvB<=1k,kp<=16k,0.7328,3
256,n<=64,sr<=15%,kvB<=1k,kp<=2k,-0.0104,4
256,n<=64,sr<=15%,kvB<=1k,kp<=32k,-0.6151,4
256,n<=64,sr<=15%,kvB<=1k,kp<=512,-0.0535,4
256,n<=64,sr<=15%,kvB<=1k,kp<=8k,0.0192,3
256,n<=64,sr<=15%,kvB<=1k,kp=0,-0.0048,4
256,n<=64,sr<=15%,kvB<=4k,kp<=16k,-0.003,4
256,n<=64,sr<=15%,kvB<=4k,kp<=2k,0.1091,4
256,n<=64,sr<=15%,kvB<=4k,kp<=32k,0.03,4
256,n<=64,sr<=15%,kvB<=4k,kp<=512,0.621,4
256,n<=64,sr<=15%,kvB<=4k,kp<=8k,-0.0512,4
256,n<=64,sr<=15%,kvB<=4k,kp=0,0.3365,4
256,n<=64,sr<=15%,kvB<=64k,kp<=16k,0.2598,2
256,n<=64,sr<=15%,kvB<=64k,kp<=2k,0.9027,4
256,n<=64,sr<=15%,kvB<=64k,kp<=32k,0.1883,4
256,n<=64,sr<=15%,kvB<=64k,kp<=512,0.9421,4
256,n<=64,sr<=15%,kvB<=64k,kp<=8k,0.7502,4
256,n<=64,sr<=15%,kvB<=64k,kp=0,0.9667,4
256,n<=64,sr<=40%,kvB<=16k,kp<=16k,0.7092,2
256,n<=64,sr<=40%,kvB<=16k,kp<=2k,0.933,2
256,n<=64,sr<=40%,kvB<=16k,kp<=32k,-0.1761,2
256,n<=64,sr<=40%,kvB<=16k,kp<=512,0.9586,2
256,n<=64,sr<=40%,kvB<=16k,kp<=8k,0.9313,2
256,n<=64,sr<=40%,kvB<=16k,kp=0,0.8193,2
256,n<=64,sr<=40%,kvB<=1k,kp<=16k,0.0627,2
256,n<=64,sr<=40%,kvB<=1k,kp<=2k,-0.1998,2
256,n<=64,sr<=40%,kvB<=1k,kp<=32k,0.9975,1
256,n<=64,sr<=40%,kvB<=1k,kp<=512,0.819,2
256,n<=64,sr<=40%,kvB<=1k,kp<=8k,0.0661,1
256,n<=64,sr<=40%,kvB<=1k,kp=0,0.0743,2
256,n<=64,sr<=40%,kvB<=4k,kp<=16k,0.0003,2
256,n<=64,sr<=40%,kvB<=4k,kp<=2k,0.9221,2
256,n<=64,sr<=40%,kvB<=4k,kp<=32k,-0.184,2
256,n<=64,sr<=40%,kvB<=4k,kp<=512,0.9369,2
256,n<=64,sr<=40%,kvB<=4k,kp<=8k,-0.3074,2
256,n<=64,sr<=40%,kvB<=4k,kp=0,0.2308,2
256,n<=64,sr<=40%,kvB<=64k,kp<=16k,0.9576,1
256,n<=64,sr<=40%,kvB<=64k,kp<=2k,0.949,2
256,n<=64,sr<=40%,kvB<=64k,kp<=32k,0.961,2
256,n<=64,sr<=40%,kvB<=64k,kp<=512,0.955,2
256,n<=64,sr<=40%,kvB<=64k,kp<=8k,0.9517,2
256,n<=64,sr<=40%,kvB<=64k,kp=0,0.9688,2
256,n<=64,sr<=5%,kvB<=16k,kp<=16k,-0.0282,6
256,n<=64,sr<=5%,kvB<=16k,kp<=2k,0.7376,6
256,n<=64,sr<=5%,kvB<=16k,kp<=32k,-0.0122,6
256,n<=64,sr<=5%,kvB<=16k,kp<=512,0.884,6
256,n<=64,sr<=5%,kvB<=16k,kp<=8k,0.2242,6
256,n<=64,sr<=5%,kvB<=16k,kp=0,0.8583,6
256,n<=64,sr<=5%,kvB<=1k,kp<=16k,0.6252,4
256,n<=64,sr<=5%,kvB<=1k,kp<=2k,0.0053,6
256,n<=64,sr<=5%,kvB<=1k,kp<=32k,1.229,2
256,n<=64,sr<=5%,kvB<=1k,kp<=512,-0.0069,6
256,n<=64,sr<=5%,kvB<=1k,kp<=8k,0.0713,4
256,n<=64,sr<=5%,kvB<=1k,kp=0,-0.0008,6
256,n<=64,sr<=5%,kvB<=4k,kp<=16k,-0.0114,6
256,n<=64,sr<=5%,kvB<=4k,kp<=2k,0.1551,6
256,n<=64,sr<=5%,kvB<=4k,kp<=32k,-0.0225,6
256,n<=64,sr<=5%,kvB<=4k,kp<=512,0.6318,6
256,n<=64,sr<=5%,kvB<=4k,kp<=8k,-0.0143,6
256,n<=64,sr<=5%,kvB<=4k,kp=0,0.3452,6
256,n<=64,sr<=5%,kvB<=64k,kp<=16k,0.2925,3
256,n<=64,sr<=5%,kvB<=64k,kp<=2k,0.9082,6
256,n<=64,sr<=5%,kvB<=64k,kp<=32k,0.2373,6
256,n<=64,sr<=5%,kvB<=64k,kp<=512,0.9438,6
256,n<=64,sr<=5%,kvB<=64k,kp<=8k,0.7608,6
256,n<=64,sr<=5%,kvB<=64k,kp=0,0.9708,6
256,n<=64,sr<=70%,kvB<=16k,kp<=16k,0.9629,2
256,n<=64,sr<=70%,kvB<=16k,kp<=2k,0.939,2
256,n<=64,sr<=70%,kvB<=16k,kp<=32k,0.5904,2
256,n<=64,sr<=70%,kvB<=16k,kp<=512,0.9484,2
256,n<=64,sr<=70%,kvB<=16k,kp<=8k,0.9446,2
256,n<=64,sr<=70%,kvB<=16k,kp=0,0.7418,2
256,n<=64,sr<=70%,kvB<=1k,kp<=16k,1.7789,1
256,n<=64,sr<=70%,kvB<=1k,kp<=2k,0.7271,2
256,n<=64,sr<=70%,kvB<=1k,kp<=32k,0.0754,1
256,n<=64,sr<=70%,kvB<=1k,kp<=512,0.8483,2
256,n<=64,sr<=70%,kvB<=1k,kp<=8k,-0.0925,2
256,n<=64,sr<=70%,kvB<=1k,kp=0,-0.0475,2
256,n<=64,sr<=70%,kvB<=4k,kp<=16k,-0.2869,2
256,n<=64,sr<=70%,kvB<=4k,kp<=2k,0.97,2
256,n<=64,sr<=70%,kvB<=4k,kp<=32k,-0.0257,2
256,n<=64,sr<=70%,kvB<=4k,kp<=512,0.921,2
256,n<=64,sr<=70%,kvB<=4k,kp<=8k,0.5578,2
256,n<=64,sr<=70%,kvB<=4k,kp=0,-0.0018,2
256,n<=64,sr<=70%,kvB<=64k,kp<=16k,0.9549,1
256,n<=64,sr<=70%,kvB<=64k,kp<=2k,0.9347,2
256,n<=64,sr<=70%,kvB<=64k,kp<=32k,0.9537,2
256,n<=64,sr<=70%,kvB<=64k,kp<=512,0.9397,2
256,n<=64,sr<=70%,kvB<=64k,kp<=8k,0.9397,2
256,n<=64,sr<=70%,kvB<=64k,kp=0,0.9504,2
256,n<=64,sr>70%,kvB<=16k,kp<=16k,0.9342,4
256,n<=64,sr>70%,kvB<=16k,kp<=2k,0.9234,4
256,n<=64,sr>70%,kvB<=16k,kp<=32k,0.9465,4
256,n<=64,sr>70%,kvB<=16k,kp<=512,0.9158,4
256,n<=64,sr>70%,kvB<=16k,kp<=8k,0.9228,4
256,n<=64,sr>70%,kvB<=16k,kp=0,0.4703,4
256,n<=64,sr>70%,kvB<=1k,kp<=16k,-0.2071,2
256,n<=64,sr>70%,kvB<=1k,kp<=2k,0.7667,4
256,n<=64,sr>70%,kvB<=1k,kp<=32k,-0.4055,3
256,n<=64,sr>70%,kvB<=1k,kp<=512,0.8106,4
256,n<=64,sr>70%,kvB<=1k,kp<=8k,-0.322,3
256,n<=64,sr>70%,kvB<=1k,kp=0,0.2786,4
256,n<=64,sr>70%,kvB<=4k,kp<=16k,0.3556,4
256,n<=64,sr>70%,kvB<=4k,kp<=2k,0.9333,4
256,n<=64,sr>70%,kvB<=4k,kp<=32k,0.5726,3
256,n<=64,sr>70%,kvB<=4k,kp<=512,0.9067,4
256,n<=64,sr>70%,kvB<=4k,kp<=8k,0.8499,4
256,n<=64,sr>70%,kvB<=4k,kp=0,-0.0947,4
256,n<=64,sr>70%,kvB<=64k,kp<=16k,0.9443,2
256,n<=64,sr>70%,kvB<=64k,kp<=2k,0.9223,4
256,n<=64,sr>70%,kvB<=64k,kp<=32k,0.9395,4
256,n<=64,sr>70%,kvB<=64k,kp<=512,0.9204,4
256,n<=64,sr>70%,kvB<=64k,kp<=8k,0.9134,4
256,n<=64,sr>70%,kvB<=64k,kp=0,0.9301,4
256,n<=8,sr<=15%,kvB<=16k,kp<=16k,1.0066,1
256,n<=8,sr<=15%,kvB<=16k,kp<=2k,0.9916,2
256,n<=8,sr<=15%,kvB<=16k,kp<=32k,-1.2779,1
256,n<=8,sr<=15%,kvB<=16k,kp<=512,0.9929,2
256,n<=8,sr<=15%,kvB<=16k,kp<=8k,0.978,2
256,n<=8,sr<=15%,kvB<=16k,kp=0,0.9973,2
256,n<=8,sr<=15%,kvB<=1k,kp<=16k,8.4807,2
256,n<=8,sr<=15%,kvB<=1k,kp<=2k,0.5787,1
256,n<=8,sr<=15%,kvB<=1k,kp<=512,0.9611,2
256,n<=8,sr<=15%,kvB<=1k,kp=0,0.8659,2
256,n<=8,sr<=15%,kvB<=4k,kp<=16k,57.9048,1
256,n<=8,sr<=15%,kvB<=4k,kp<=2k,0.986,1
256,n<=8,sr<=15%,kvB<=4k,kp<=32k,0.8085,2
256,n<=8,sr<=15%,kvB<=4k,kp<=512,0.97,2
256,n<=8,sr<=15%,kvB<=4k,kp<=8k,1.2728,1
256,n<=8,sr<=15%,kvB<=4k,kp=0,0.9519,2
256,n<=8,sr<=15%,kvB<=64k,kp<=16k,0.9715,1
256,n<=8,sr<=15%,kvB<=64k,kp<=2k,0.9923,2
256,n<=8,sr<=15%,kvB<=64k,kp<=32k,0.9907,2
256,n<=8,sr<=15%,kvB<=64k,kp<=512,0.9942,2
256,n<=8,sr<=15%,kvB<=64k,kp<=8k,0.9975,2
256,n<=8,sr<=15%,kvB<=64k,kp=0,1.0006,2
256,n<=8,sr<=40%,kvB<=16k,kp<=16k,0.5748,3
256,n<=8,sr<=40%,kvB<=16k,kp<=2k,0.9988,4
256,n<=8,sr<=40%,kvB<=16k,kp<=32k,0.3288,3
256,n<=8,sr<=40%,kvB<=16k,kp<=512,0.9953,4
256,n<=8,sr<=40%,kvB<=16k,kp<=8k,0.9994,4
256,n<=8,sr<=40%,kvB<=16k,kp=0,0.9902,4
256,n<=8,sr<=40%,kvB<=1k,kp<=16k,0.5687,3
256,n<=8,sr<=40%,kvB<=1k,kp<=2k,1.6813,2
256,n<=8,sr<=40%,kvB<=1k,kp<=32k,0.2588,2
256,n<=8,sr<=40%,kvB<=1k,kp<=512,0.9516,4
256,n<=8,sr<=40%,kvB<=1k,kp<=8k,-0.073,4
256,n<=8,sr<=40%,kvB<=1k,kp=0,0.8817,4
256,n<=8,sr<=40%,kvB<=4k,kp<=16k,-0.8772,3
256,n<=8,sr<=40%,kvB<=4k,kp<=2k,0.9803,3
256,n<=8,sr<=40%,kvB<=4k,kp<=32k,-0.6776,2
256,n<=8,sr<=40%,kvB<=4k,kp<=512,0.9826,4
256,n<=8,sr<=40%,kvB<=4k,kp<=8k,-0.3924,1
256,n<=8,sr<=40%,kvB<=4k,kp=0,0.9638,4
256,n<=8,sr<=40%,kvB<=64k,kp<=16k,0.9933,2
256,n<=8,sr<=40%,kvB<=64k,kp<=2k,0.9891,4
256,n<=8,sr<=40%,kvB<=64k,kp<=32k,1.0002,4
256,n<=8,sr<=40%,kvB<=64k,kp<=512,0.9957,4
256,n<=8,sr<=40%,kvB<=64k,kp<=8k,0.9989,4
256,n<=8,sr<=40%,kvB<=64k,kp=0,0.9935,4
256,n<=8,sr<=70%,kvB<=16k,kp<=16k,1.1484,2
256,n<=8,sr<=70%,kvB<=16k,kp<=2k,0.9981,2
256,n<=8,sr<=70%,kvB<=16k,kp<=32k,1.1488,1
256,n<=8,sr<=70%,kvB<=16k,kp<=512,0.9995,2
256,n<=8,sr<=70%,kvB<=16k,kp<=8k,1.007,2
256,n<=8,sr<=70%,kvB<=16k,kp=0,0.9955,2
256,n<=8,sr<=70%,kvB<=1k,kp<=2k,-0.5835,2
256,n<=8,sr<=70%,kvB<=1k,kp<=32k,-39.7874,2
256,n<=8,sr<=70%,kvB<=1k,kp<=512,0.9587,2
256,n<=8,sr<=70%,kvB<=1k,kp<=8k,2.0876,1
256,n<=8,sr<=70%,kvB<=1k,kp=0,0.6911,2
256,n<=8,sr<=70%,kvB<=4k,kp<=16k,-11.88,1
256,n<=8,sr<=70%,kvB<=4k,kp<=2k,0.9822,2
256,n<=8,sr<=70%,kvB<=4k,kp<=32k,0.5928,2
256,n<=8,sr<=70%,kvB<=4k,kp<=512,0.9792,2
256,n<=8,sr<=70%,kvB<=4k,kp<=8k,0.2711,2
256,n<=8,sr<=70%,kvB<=4k,kp=0,0.9762,2
256,n<=8,sr<=70%,kvB<=64k,kp<=16k,0.9611,1
256,n<=8,sr<=70%,kvB<=64k,kp<=2k,0.9978,2
256,n<=8,sr<=70%,kvB<=64k,kp<=32k,0.9994,2
256,n<=8,sr<=70%,kvB<=64k,kp<=512,0.9917,2
256,n<=8,sr<=70%,kvB<=64k,kp<=8k,0.9994,2
256,n<=8,sr<=70%,kvB<=64k,kp=0,1.0016,2
256,n<=8,sr>70%,kvB<=16k,kp<=16k,0.7809,4
256,n<=8,sr>70%,kvB<=16k,kp<=2k,1.0031,4
256,n<=8,sr>70%,kvB<=16k,kp<=32k,-0.2376,3
256,n<=8,sr>70%,kvB<=16k,kp<=512,0.9982,4
256,n<=8,sr>70%,kvB<=16k,kp<=8k,0.9964,4
256,n<=8,sr>70%,kvB<=16k,kp=0,0.9811,4
256,n<=8,sr>70%,kvB<=1k,kp<=16k,0.2467,3
256,n<=8,sr>70%,kvB<=1k,kp<=2k,0.7318,3
256,n<=8,sr>70%,kvB<=1k,kp<=32k,1.2626,2
256,n<=8,sr>70%,kvB<=1k,kp<=512,0.9413,4
256,n<=8,sr>70%,kvB<=1k,kp=0,0.8808,4
256,n<=8,sr>70%,kvB<=4k,kp<=16k,-0.4126,1
256,n<=8,sr>70%,kvB<=4k,kp<=2k,0.964,3
256,n<=8,sr>70%,kvB<=4k,kp<=32k,-3.4139,1
256,n<=8,sr>70%,kvB<=4k,kp<=512,0.9785,4
256,n<=8,sr>70%,kvB<=4k,kp<=8k,0.4282,2
256,n<=8,sr>70%,kvB<=4k,kp=0,1.0034,4
256,n<=8,sr>70%,kvB<=64k,kp<=16k,0.9912,2
256,n<=8,sr>70%,kvB<=64k,kp<=2k,0.9698,4
256,n<=8,sr>70%,kvB<=64k,kp<=32k,0.9791,4
256,n<=8,sr>70%,kvB<=64k,kp<=512,0.9947,4
256,n<=8,sr>70%,kvB<=64k,kp<=8k,0.9945,4
256,n<=8,sr>70%,kvB<=64k,kp=0,1.0005,4
1024,n<=128,sr<=15%,kvB<=16k,kp<=16k,0.0953,4
1024,n<=128,sr<=15%,kvB<=16k,kp<=2k,0.0936,4
1024,n<=128,sr<=15%,kvB<=16k,kp<=32k,0.0892,4
1024,n<=128,sr<=15%,kvB<=16k,kp<=512,0.0918,4
1024,n<=128,sr<=15%,kvB<=16k,kp<=8k,0.0924,4
1024,n<=128,sr<=15%,kvB<=16k,kp=0,0.0903,4
1024,n<=128,sr<=15%,kvB<=1k,kp<=16k,0.3308,4
1024,n<=128,sr<=15%,kvB<=1k,kp<=2k,0.3215,4
1024,n<=128,sr<=15%,kvB<=1k,kp<=32k,0.5942,4
1024,n<=128,sr<=15%,kvB<=1k,kp<=512,0.3314,4
1024,n<=128,sr<=15%,kvB<=1k,kp<=8k,0.2913,4
1024,n<=128,sr<=15%,kvB<=1k,kp=0,0.3356,4
1024,n<=128,sr<=15%,kvB<=4k,kp<=16k,0.1312,4
1024,n<=128,sr<=15%,kvB<=4k,kp<=2k,0.1463,4
1024,n<=128,sr<=15%,kvB<=4k,kp<=32k,0.2237,4
1024,n<=128,sr<=15%,kvB<=4k,kp<=512,0.1317,4
1024,n<=128,sr<=15%,kvB<=4k,kp<=8k,0.1387,4
1024,n<=128,sr<=15%,kvB<=4k,kp=0,0.1302,4
1024,n<=128,sr<=15%,kvB<=64k,kp<=16k,0.0836,2
1024,n<=128,sr<=15%,kvB<=64k,kp<=2k,0.0811,4
1024,n<=128,sr<=15%,kvB<=64k,kp<=32k,0.0823,4
1024,n<=128,sr<=15%,kvB<=64k,kp<=512,0.0816,4
1024,n<=128,sr<=15%,kvB<=64k,kp<=8k,0.0806,4
1024,n<=128,sr<=15%,kvB<=64k,kp=0,0.082,4
1024,n<=128,sr<=40%,kvB<=16k,kp<=16k,0.1475,2
1024,n<=128,sr<=40%,kvB<=16k,kp<=2k,0.1431,2
1024,n<=128,sr<=40%,kvB<=16k,kp<=32k,0.1493,2
1024,n<=128,sr<=40%,kvB<=16k,kp<=512,0.1422,2
1024,n<=128,sr<=40%,kvB<=16k,kp<=8k,0.1433,2
1024,n<=128,sr<=40%,kvB<=16k,kp=0,0.1422,2
1024,n<=128,sr<=40%,kvB<=1k,kp<=16k,0.0383,2
1024,n<=128,sr<=40%,kvB<=1k,kp<=2k,0.0858,2
1024,n<=128,sr<=40%,kvB<=1k,kp<=32k,0.0779,2
1024,n<=128,sr<=40%,kvB<=1k,kp<=512,0.1359,2
1024,n<=128,sr<=40%,kvB<=1k,kp<=8k,0.1272,2
1024,n<=128,sr<=40%,kvB<=1k,kp=0,0.1266,2
1024,n<=128,sr<=40%,kvB<=4k,kp<=16k,0.3058,2
1024,n<=128,sr<=40%,kvB<=4k,kp<=2k,0.2511,2
1024,n<=128,sr<=40%,kvB<=4k,kp<=32k,0.2273,2
1024,n<=128,sr<=40%,kvB<=4k,kp<=512,0.2559,2
1024,n<=128,sr<=40%,kvB<=4k,kp<=8k,0.2312,2
1024,n<=128,sr<=40%,kvB<=4k,kp=0,0.2418,2
1024,n<=128,sr<=40%,kvB<=64k,kp<=16k,0.1217,1
1024,n<=128,sr<=40%,kvB<=64k,kp<=2k,0.1126,2
1024,n<=128,sr<=40%,kvB<=64k,kp<=32k,0.1134,2
1024,n<=128,sr<=40%,kvB<=64k,kp<=512,0.1135,2
1024,n<=128,sr<=40%,kvB<=64k,kp<=8k,0.1162,2
1024,n<=128,sr<=40%,kvB<=64k,kp=0,0.1138,2
1024,n<=128,sr<=5%,kvB<=16k,kp<=16k,0.112,8
1024,n<=128,sr<=5%,kvB<=16k,kp<=2k,0.1087,8
1024,n<=128,sr<=5%,kvB<=16k,kp<=32k,0.1115,8
1024,n<=128,sr<=5%,kvB<=16k,kp<=512,0.1115,8
1024,n<=128,sr<=5%,kvB<=16k,kp<=8k,0.1098,8
1024,n<=128,sr<=5%,kvB<=16k,kp=0,0.1106,8
1024,n<=128,sr<=5%,kvB<=1k,kp<=16k,0.167,8
1024,n<=128,sr<=5%,kvB<=1k,kp<=2k,0.0995,8
1024,n<=128,sr<=5%,kvB<=1k,kp<=32k,0.3024,8
1024,n<=128,sr<=5%,kvB<=1k,kp<=512,0.1083,8
1024,n<=128,sr<=5%,kvB<=1k,kp<=8k,0.0385,8
1024,n<=128,sr<=5%,kvB<=1k,kp=0,0.11,8
1024,n<=128,sr<=5%,kvB<=4k,kp<=16k,0.1197,8
1024,n<=128,sr<=5%,kvB<=4k,kp<=2k,0.1139,8
1024,n<=128,sr<=5%,kvB<=4k,kp<=32k,0.0929,8
1024,n<=128,sr<=5%,kvB<=4k,kp<=512,0.1163,8
1024,n<=128,sr<=5%,kvB<=4k,kp<=8k,0.1226,8
1024,n<=128,sr<=5%,kvB<=4k,kp=0,0.1102,8
1024,n<=128,sr<=5%,kvB<=64k,kp<=16k,0.1067,4
1024,n<=128,sr<=5%,kvB<=64k,kp<=2k,0.1062,8
1024,n<=128,sr<=5%,kvB<=64k,kp<=32k,0.1059,8
1024,n<=128,sr<=5%,kvB<=64k,kp<=512,0.1054,8
1024,n<=128,sr<=5%,kvB<=64k,kp<=8k,0.1065,8
1024,n<=128,sr<=5%,kvB<=64k,kp=0,0.1054,8
1024,n<=128,sr<=70%,kvB<=16k,kp<=16k,-0.0156,2
1024,n<=128,sr<=70%,kvB<=16k,kp<=2k,-0.0054,2
1024,n<=128,sr<=70%,kvB<=16k,kp<=32k,-0.0176,2
1024,n<=128,sr<=70%,kvB<=16k,kp<=512,0.0081,2
1024,n<=128,sr<=70%,kvB<=16k,kp<=8k,-0.0044,2
1024,n<=128,sr<=70%,kvB<=16k,kp=0,-0.0103,2
1024,n<=128,sr<=70%,kvB<=1k,kp<=16k,-0.111,2
1024,n<=128,sr<=70%,kvB<=1k,kp<=2k,-0.1552,2
1024,n<=128,sr<=70%,kvB<=1k,kp<=32k,0.592,2
1024,n<=128,sr<=70%,kvB<=1k,kp<=512,-0.0715,2
1024,n<=128,sr<=70%,kvB<=1k,kp<=8k,-0.0103,2
1024,n<=128,sr<=70%,kvB<=1k,kp=0,-0.0222,2
1024,n<=128,sr<=70%,kvB<=4k,kp<=16k,-0.0068,2
1024,n<=128,sr<=70%,kvB<=4k,kp<=2k,0.036,2
1024,n<=128,sr<=70%,kvB<=4k,kp<=32k,-0.0157,2
1024,n<=128,sr<=70%,kvB<=4k,kp<=512,-0.0024,2
1024,n<=128,sr<=70%,kvB<=4k,kp<=8k,-0.0363,2
1024,n<=128,sr<=70%,kvB<=4k,kp=0,-0.0008,2
1024,n<=128,sr<=70%,kvB<=64k,kp<=16k,-0.012,1
1024,n<=128,sr<=70%,kvB<=64k,kp<=2k,-0.0024,2
1024,n<=128,sr<=70%,kvB<=64k,kp<=32k,-0.0005,2
1024,n<=128,sr<=70%,kvB<=64k,kp<=512,-0.0035,2
1024,n<=128,sr<=70%,kvB<=64k,kp<=8k,-0.0082,2
1024,n<=128,sr<=70%,kvB<=64k,kp=0,-0.0031,2
1024,n<=128,sr>70%,kvB<=16k,kp<=16k,0.9769,4
1024,n<=128,sr>70%,kvB<=16k,kp<=2k,0.9518,4
1024,n<=128,sr>70%,kvB<=16k,kp<=32k,0.9055,4
1024,n<=128,sr>70%,kvB<=16k,kp<=512,0.9406,4
1024,n<=128,sr>70%,kvB<=16k,kp<=8k,0.9713,4
1024,n<=128,sr>70%,kvB<=16k,kp=0,0.9521,4
1024,n<=128,sr>70%,kvB<=1k,kp<=16k,1.4762,4
1024,n<=128,sr>70%,kvB<=1k,kp<=2k,0.9699,4
1024,n<=128,sr>70%,kvB<=1k,kp<=32k,0.5125,2
1024,n<=128,sr>70%,kvB<=1k,kp<=512,0.8868,4
1024,n<=128,sr>70%,kvB<=1k,kp<=8k,0.645,4
1024,n<=128,sr>70%,kvB<=1k,kp=0,0.8312,4
1024,n<=128,sr>70%,kvB<=4k,kp<=16k,0.9441,4
1024,n<=128,sr>70%,kvB<=4k,kp<=2k,0.9559,4
1024,n<=128,sr>70%,kvB<=4k,kp<=32k,0.9184,4
1024,n<=128,sr>70%,kvB<=4k,kp<=512,0.9444,4
1024,n<=128,sr>70%,kvB<=4k,kp<=8k,0.8621,4
1024,n<=128,sr>70%,kvB<=4k,kp=0,0.9665,4
1024,n<=128,sr>70%,kvB<=64k,kp<=16k,0.9863,2
1024,n<=128,sr>70%,kvB<=64k,kp<=2k,0.958,4
1024,n<=128,sr>70%,kvB<=64k,kp<=32k,0.9876,4
1024,n<=128,sr>70%,kvB<=64k,kp<=512,0.964,4
1024,n<=128,sr>70%,kvB<=64k,kp<=8k,0.9622,4
1024,n<=128,sr>70%,kvB<=64k,kp=0,0.9601,4
1024,n<=16,sr<=15%,kvB<=16k,kp<=16k,0.2086,4
1024,n<=16,sr<=15%,kvB<=16k,kp<=2k,0.1447,4
1024,n<=16,sr<=15%,kvB<=16k,kp<=32k,0.0546,4
1024,n<=16,sr<=15%,kvB<=16k,kp<=512,0.142,4
1024,n<=16,sr<=15%,kvB<=16k,kp<=8k,0.1156,4
1024,n<=16,sr<=15%,kvB<=16k,kp=0,0.1518,4
1024,n<=16,sr<=15%,kvB<=1k,kp<=16k,0.4003,4
1024,n<=16,sr<=15%,kvB<=1k,kp<=2k,0.1888,4
1024,n<=16,sr<=15%,kvB<=1k,kp<=32k,0.8554,2
1024,n<=16,sr<=15%,kvB<=1k,kp<=512,0.1651,4
1024,n<=16,sr<=15%,kvB<=1k,kp<=8k,-0.2828,3
1024,n<=16,sr<=15%,kvB<=1k,kp=0,0.2096,4
1024,n<=16,sr<=15%,kvB<=4k,kp<=16k,0.1151,4
1024,n<=16,sr<=15%,kvB<=4k,kp<=2k,-0.0564,4
1024,n<=16,sr<=15%,kvB<=4k,kp<=32k,-0.2967,4
1024,n<=16,sr<=15%,kvB<=4k,kp<=512,-0.0381,4
1024,n<=16,sr<=15%,kvB<=4k,kp<=8k,-0.297,4
1024,n<=16,sr<=15%,kvB<=4k,kp=0,-0.0531,4
1024,n<=16,sr<=15%,kvB<=64k,kp<=16k,0.1681,2
1024,n<=16,sr<=15%,kvB<=64k,kp<=2k,0.1722,4
1024,n<=16,sr<=15%,kvB<=64k,kp<=32k,0.1403,4
1024,n<=16,sr<=15%,kvB<=64k,kp<=512,0.1726,4
1024,n<=16,sr<=15%,kvB<=64k,kp<=8k,0.1739,4
1024,n<=16,sr<=15%,kvB<=64k,kp=0,0.1706,4
1024,n<=16,sr<=40%,kvB<=16k,kp<=16k,0.5006,4
1024,n<=16,sr<=40%,kvB<=16k,kp<=2k,0.5212,4
1024,n<=16,sr<=40%,kvB<=16k,kp<=32k,0.5987,4
1024,n<=16,sr<=40%,kvB<=16k,kp<=512,0.5109,4
1024,n<=16,sr<=40%,kvB<=16k,kp<=8k,0.5192,4
1024,n<=16,sr<=40%,kvB<=16k,kp=0,0.5293,4
1024,n<=16,sr<=40%,kvB<=1k,kp<=16k,0.1329,1
1024,n<=16,sr<=40%,kvB<=1k,kp<=2k,0.0266,4
1024,n<=16,sr<=40%,kvB<=1k,kp<=32k,-0.6029,2
1024,n<=16,sr<=40%,kvB<=1k,kp<=512,0.0143,4
1024,n<=16,sr<=40%,kvB<=1k,kp<=8k,0.3423,4
1024,n<=16,sr<=40%,kvB<=1k,kp=0,0.1135,4
1024,n<=16,sr<=40%,kvB<=4k,kp<=16k,0.397,4
1024,n<=16,sr<=40%,kvB<=4k,kp<=2k,0.5266,4
1024,n<=16,sr<=40%,kvB<=4k,kp<=32k,0.5681,4
1024,n<=16,sr<=40%,kvB<=4k,kp<=512,0.4853,4
1024,n<=16,sr<=40%,kvB<=4k,kp<=8k,0.4617,4
1024,n<=16,sr<=40%,kvB<=4k,kp=0,0.4867,4
1024,n<=16,sr<=40%,kvB<=64k,kp<=16k,0.5116,2
1024,n<=16,sr<=40%,kvB<=64k,kp<=2k,0.4506,4
1024,n<=16,sr<=40%,kvB<=64k,kp<=32k,0.4689,4
1024,n<=16,sr<=40%,kvB<=64k,kp<=512,0.4564,4
1024,n<=16,sr<=40%,kvB<=64k,kp<=8k,0.4605,4
1024,n<=16,sr<=40%,kvB<=64k,kp=0,0.4598,4
1024,n<=16,sr<=70%,kvB<=16k,kp<=16k,0.1361,2
1024,n<=16,sr<=70%,kvB<=16k,kp<=2k,0.048,2
1024,n<=16,sr<=70%,kvB<=16k,kp<=32k,0.2604,2
1024,n<=16,sr<=70%,kvB<=16k,kp<=512,0.0895,2
1024,n<=16,sr<=70%,kvB<=16k,kp<=8k,0.0351,2
1024,n<=16,sr<=70%,kvB<=16k,kp=0,0.0725,2
1024,n<=16,sr<=70%,kvB<=1k,kp<=16k,3.5461,2
1024,n<=16,sr<=70%,kvB<=1k,kp<=2k,0.3409,2
1024,n<=16,sr<=70%,kvB<=1k,kp<=32k,-6.4114,2
1024,n<=16,sr<=70%,kvB<=1k,kp<=512,0.1235,2
1024,n<=16,sr<=70%,kvB<=1k,kp<=8k,3.9211,1
1024,n<=16,sr<=70%,kvB<=1k,kp=0,0.0996,1
1024,n<=16,sr<=70%,kvB<=4k,kp<=16k,0.1058,1
1024,n<=16,sr<=70%,kvB<=4k,kp<=2k,-0.1188,2
1024,n<=16,sr<=70%,kvB<=4k,kp<=32k,-1.5613,2
1024,n<=16,sr<=70%,kvB<=4k,kp<=512,-0.1262,2
1024,n<=16,sr<=70%,kvB<=4k,kp<=8k,0.0103,2
1024,n<=16,sr<=70%,kvB<=4k,kp=0,-0.1113,2
1024,n<=16,sr<=70%,kvB<=64k,kp<=16k,0.1358,1
1024,n<=16,sr<=70%,kvB<=64k,kp<=2k,0.1078,2
1024,n<=16,sr<=70%,kvB<=64k,kp<=32k,0.0335,2
1024,n<=16,sr<=70%,kvB<=64k,kp<=512,0.0972,2
1024,n<=16,sr<=70%,kvB<=64k,kp<=8k,0.1128,2
1024,n<=16,sr<=70%,kvB<=64k,kp=0,0.1134,2
1024,n<=16,sr>70%,kvB<=16k,kp<=16k,2.4748,4
1024,n<=16,sr>70%,kvB<=16k,kp<=2k,2.5446,4
1024,n<=16,sr>70%,kvB<=16k,kp<=32k,2.9711,4
1024,n<=16,sr>70%,kvB<=16k,kp<=512,2.4554,4
1024,n<=16,sr>70%,kvB<=16k,kp<=8k,2.4113,4
1024,n<=16,sr>70%,kvB<=16k,kp=0,2.6098,4
1024,n<=16,sr>70%,kvB<=1k,kp<=16k,0.3315,2
1024,n<=16,sr>70%,kvB<=1k,kp<=2k,1.6032,4
1024,n<=16,sr>70%,kvB<=1k,kp<=32k,1.8914,1
1024,n<=16,sr>70%,kvB<=1k,kp<=512,1.2994,4
1024,n<=16,sr>70%,kvB<=1k,kp<=8k,1.6891,2
1024,n<=16,sr>70%,kvB<=1k,kp=0,1.6043,4
1024,n<=16,sr>70%,kvB<=4k,kp<=16k,2.3305,3
1024,n<=16,sr>70%,kvB<=4k,kp<=2k,4.7136,4
1024,n<=16,sr>70%,kvB<=4k,kp<=32k,1.5046,3
1024,n<=16,sr>70%,kvB<=4k,kp<=512,4.3263,4
1024,n<=16,sr>70%,kvB<=4k,kp<=8k,2.4101,4
1024,n<=16,sr>70%,kvB<=4k,kp=0,3.6273,4
1024,n<=16,sr>70%,kvB<=64k,kp<=16k,2.0763,2
1024,n<=16,sr>70%,kvB<=64k,kp<=2k,2.3745,4
1024,n<=16,sr>70%,kvB<=64k,kp<=32k,1.861,4
1024,n<=16,sr>70%,kvB<=64k,kp<=512,2.445,4
1024,n<=16,sr>70%,kvB<=64k,kp<=8k,2.4246,4
1024,n<=16,sr>70%,kvB<=64k,kp=0,2.2945,4
1024,n<=2,sr<=70%,kvB<=16k,kp<=16k,0.7221,2
1024,n<=2,sr<=70%,kvB<=16k,kp<=2k,0.7376,2
1024,n<=2,sr<=70%,kvB<=16k,kp<=32k,3.6282,2
1024,n<=2,sr<=70%,kvB<=16k,kp<=512,0.5814,2
1024,n<=2,sr<=70%,kvB<=16k,kp<=8k,0.8692,2
1024,n<=2,sr<=70%,kvB<=16k,kp=0,0.7497,2
1024,n<=2,sr<=70%,kvB<=1k,kp<=16k,0.2317,1
1024,n<=2,sr<=70%,kvB<=1k,kp<=2k,0.3914,2
1024,n<=2,sr<=70%,kvB<=1k,kp<=32k,-1.3457,1
1024,n<=2,sr<=70%,kvB<=1k,kp<=512,0.3085,2
1024,n<=2,sr<=70%,kvB<=1k,kp<=8k,0.5924,1
1024,n<=2,sr<=70%,kvB<=1k,kp=0,0.7087,2
1024,n<=2,sr<=70%,kvB<=4k,kp<=16k,1.1288,1
1024,n<=2,sr<=70%,kvB<=4k,kp<=32k,0.1606,2
1024,n<=2,sr<=70%,kvB<=4k,kp<=512,-0.325,1
1024,n<=2,sr<=70%,kvB<=4k,kp=0,0.093,2
1024,n<=2,sr<=70%,kvB<=64k,kp<=16k,-0.5196,1
1024,n<=2,sr<=70%,kvB<=64k,kp<=2k,0.211,2
1024,n<=2,sr<=70%,kvB<=64k,kp<=32k,-0.0467,2
1024,n<=2,sr<=70%,kvB<=64k,kp<=512,0.2448,2
1024,n<=2,sr<=70%,kvB<=64k,kp<=8k,0.4389,2
1024,n<=2,sr<=70%,kvB<=64k,kp=0,0.2089,2
1024,n<=32,sr<=15%,kvB<=16k,kp<=16k,0.3087,6
1024,n<=32,sr<=15%,kvB<=16k,kp<=2k,0.3099,6
1024,n<=32,sr<=15%,kvB<=16k,kp<=32k,0.319,6
1024,n<=32,sr<=15%,kvB<=16k,kp<=512,0.3043,6
1024,n<=32,sr<=15%,kvB<=16k,kp<=8k,0.3144,6
1024,n<=32,sr<=15%,kvB<=16k,kp=0,0.3081,6
1024,n<=32,sr<=15%,kvB<=1k,kp<=16k,0.7191,6
1024,n<=32,sr<=15%,kvB<=1k,kp<=2k,1.1401,6
1024,n<=32,sr<=15%,kvB<=1k,kp<=32k,0.7038,5
1024,n<=32,sr<=15%,kvB<=1k,kp<=512,1.151,6
1024,n<=32,sr<=15%,kvB<=1k,kp<=8k,1.0954,6
1024,n<=32,sr<=15%,kvB<=1k,kp=0,1.0096,6
1024,n<=32,sr<=15%,kvB<=4k,kp<=16k,0.4964,6
1024,n<=32,sr<=15%,kvB<=4k,kp<=2k,0.419,6
1024,n<=32,sr<=15%,kvB<=4k,kp<=32k,0.3251,6
1024,n<=32,sr<=15%,kvB<=4k,kp<=512,0.4473,6
1024,n<=32,sr<=15%,kvB<=4k,kp<=8k,0.4439,6
1024,n<=32,sr<=15%,kvB<=4k,kp=0,0.4411,6
1024,n<=32,sr<=15%,kvB<=64k,kp<=16k,0.2708,3
1024,n<=32,sr<=15%,kvB<=64k,kp<=2k,0.2717,6
1024,n<=32,sr<=15%,kvB<=64k,kp<=32k,0.2765,6
1024,n<=32,sr<=15%,kvB<=64k,kp<=512,0.2732,6
1024,n<=32,sr<=15%,kvB<=64k,kp<=8k,0.2754,6
1024,n<=32,sr<=15%,kvB<=64k,kp=0,0.2735,6
1024,n<=32,sr<=40%,kvB<=16k,kp<=16k,0.2121,2
1024,n<=32,sr<=40%,kvB<=16k,kp<=2k,0.1879,2
1024,n<=32,sr<=40%,kvB<=16k,kp<=32k,0.2114,2
1024,n<=32,sr<=40%,kvB<=16k,kp<=512,0.1926,2
1024,n<=32,sr<=40%,kvB<=16k,kp<=8k,0.1986,2
1024,n<=32,sr<=40%,kvB<=16k,kp=0,0.1934,2
1024,n<=32,sr<=40%,kvB<=1k,kp<=16k,-0.8115,1
1024,n<=32,sr<=40%,kvB<=1k,kp<=2k,-1.5562,2
1024,n<=32,sr<=40%,kvB<=1k,kp<=32k,-1.3593,2
1024,n<=32,sr<=40%,kvB<=1k,kp<=512,-1.4204,2
1024,n<=32,sr<=40%,kvB<=1k,kp<=8k,-2.7736,2
1024,n<=32,sr<=40%,kvB<=1k,kp=0,-1.3215,2
1024,n<=32,sr<=40%,kvB<=4k,kp<=16k,0.3791,2
1024,n<=32,sr<=40%,kvB<=4k,kp<=2k,0.4263,2
1024,n<=32,sr<=40%,kvB<=4k,kp<=32k,0.3228,2
1024,n<=32,sr<=40%,kvB<=4k,kp<=512,0.3983,2
1024,n<=32,sr<=40%,kvB<=4k,kp<=8k,0.4187,2
1024,n<=32,sr<=40%,kvB<=4k,kp=0,0.4362,2
1024,n<=32,sr<=40%,kvB<=64k,kp<=16k,0.1581,1
1024,n<=32,sr<=40%,kvB<=64k,kp<=2k,0.1243,2
1024,n<=32,sr<=40%,kvB<=64k,kp<=32k,0.1508,2
1024,n<=32,sr<=40%,kvB<=64k,kp<=512,0.1346,2
1024,n<=32,sr<=40%,kvB<=64k,kp<=8k,0.125,2
1024,n<=32,sr<=40%,kvB<=64k,kp=0,0.1287,2
1024,n<=32,sr<=5%,kvB<=16k,kp<=16k,0.3425,2
1024,n<=32,sr<=5%,kvB<=16k,kp<=2k,0.3509,2
1024,n<=32,sr<=5%,kvB<=16k,kp<=32k,0.3295,2
1024,n<=32,sr<=5%,kvB<=16k,kp<=512,0.3506,2
1024,n<=32,sr<=5%,kvB<=16k,kp<=8k,0.3818,2
1024,n<=32,sr<=5%,kvB<=16k,kp=0,0.3499,2
1024,n<=32,sr<=5%,kvB<=1k,kp<=16k,1.2847,2
1024,n<=32,sr<=5%,kvB<=1k,kp<=2k,1.1564,2
1024,n<=32,sr<=5%,kvB<=1k,kp<=32k,0.2929,1
1024,n<=32,sr<=5%,kvB<=1k,kp<=512,0.9762,2
1024,n<=32,sr<=5%,kvB<=1k,kp<=8k,1.0138,2
1024,n<=32,sr<=5%,kvB<=1k,kp=0,0.8869,2
1024,n<=32,sr<=5%,kvB<=4k,kp<=16k,0.4762,2
1024,n<=32,sr<=5%,kvB<=4k,kp<=2k,0.4157,2
1024,n<=32,sr<=5%,kvB<=4k,kp<=32k,0.6275,2
1024,n<=32,sr<=5%,kvB<=4k,kp<=512,0.4334,2
1024,n<=32,sr<=5%,kvB<=4k,kp<=8k,0.3669,2
1024,n<=32,sr<=5%,kvB<=4k,kp=0,0.4265,2
1024,n<=32,sr<=5%,kvB<=64k,kp<=16k,0.3338,1
1024,n<=32,sr<=5%,kvB<=64k,kp<=2k,0.3183,2
1024,n<=32,sr<=5%,kvB<=64k,kp<=32k,0.3303,2
1024,n<=32,sr<=5%,kvB<=64k,kp<=512,0.3143,2
1024,n<=32,sr<=5%,kvB<=64k,kp<=8k,0.3165,2
1024,n<=32,sr<=5%,kvB<=64k,kp=0,0.3195,2
1024,n<=32,sr<=70%,kvB<=16k,kp<=16k,0.1177,2
1024,n<=32,sr<=70%,kvB<=16k,kp<=2k,0.0554,2
1024,n<=32,sr<=70%,kvB<=16k,kp<=32k,0.0786,2
1024,n<=32,sr<=70%,kvB<=16k,kp<=512,0.0526,2
1024,n<=32,sr<=70%,kvB<=16k,kp<=8k,0.113,2
1024,n<=32,sr<=70%,kvB<=16k,kp=0,0.0786,2
1024,n<=32,sr<=70%,kvB<=1k,kp<=16k,-0.827,1
1024,n<=32,sr<=70%,kvB<=1k,kp<=2k,-0.3269,2
1024,n<=32,sr<=70%,kvB<=1k,kp<=32k,0.3294,2
1024,n<=32,sr<=70%,kvB<=1k,kp<=512,-0.7102,1
1024,n<=32,sr<=70%,kvB<=1k,kp<=8k,-1.3961,1
1024,n<=32,sr<=70%,kvB<=1k,kp=0,-0.4853,1
1024,n<=32,sr<=70%,kvB<=4k,kp<=16k,-0.2752,2
1024,n<=32,sr<=70%,kvB<=4k,kp<=2k,-0.0235,2
1024,n<=32,sr<=70%,kvB<=4k,kp<=32k,-0.2876,2
1024,n<=32,sr<=70%,kvB<=4k,kp<=512,-0.0598,2
1024,n<=32,sr<=70%,kvB<=4k,kp<=8k,-0.1257,2
1024,n<=32,sr<=70%,kvB<=4k,kp=0,-0.05,2
1024,n<=32,sr<=70%,kvB<=64k,kp<=16k,0.0873,1
1024,n<=32,sr<=70%,kvB<=64k,kp<=2k,0.0991,2
1024,n<=32,sr<=70%,kvB<=64k,kp<=32k,0.0473,2
1024,n<=32,sr<=70%,kvB<=64k,kp<=512,0.1093,2
1024,n<=32,sr<=70%,kvB<=64k,kp<=8k,0.0878,2
1024,n<=32,sr<=70%,kvB<=64k,kp=0,0.0966,2
1024,n<=32,sr>70%,kvB<=16k,kp<=16k,3.0193,4
1024,n<=32,sr>70%,kvB<=16k,kp<=2k,3.177,4
1024,n<=32,sr>70%,kvB<=16k,kp<=32k,4.3704,4
1024,n<=32,sr>70%,kvB<=16k,kp<=512,3.1553,4
1024,n<=32,sr>70%,kvB<=16k,kp<=8k,3.3083,4
1024,n<=32,sr>70%,kvB<=16k,kp=0,3.2158,4
1024,n<=32,sr>70%,kvB<=1k,kp<=16k,0.6255,2
1024,n<=32,sr>70%,kvB<=1k,kp<=2k,5.8798,3
1024,n<=32,sr>70%,kvB<=1k,kp<=32k,0.3275,1
1024,n<=32,sr>70%,kvB<=1k,kp<=512,2.9302,3
1024,n<=32,sr>70%,kvB<=1k,kp<=8k,2.6757,3
1024,n<=32,sr>70%,kvB<=1k,kp=0,6.6945,3
1024,n<=32,sr>70%,kvB<=4k,kp<=16k,1.3189,4
1024,n<=32,sr>70%,kvB<=4k,kp<=2k,3.3027,3
1024,n<=32,sr>70%,kvB<=4k,kp<=32k,8.9333,1
1024,n<=32,sr>70%,kvB<=4k,kp<=512,3.0117,4
1024,n<=32,sr>70%,kvB<=4k,kp<=8k,1.6671,3
1024,n<=32,sr>70%,kvB<=4k,kp=0,3.1988,4
1024,n<=32,sr>70%,kvB<=64k,kp<=16k,3.2066,2
1024,n<=32,sr>70%,kvB<=64k,kp<=2k,3.1072,4
1024,n<=32,sr>70%,kvB<=64k,kp<=32k,3.0778,4
1024,n<=32,sr>70%,kvB<=64k,kp<=512,3.1226,4
1024,n<=32,sr>70%,kvB<=64k,kp<=8k,3.1205,4
1024,n<=32,sr>70%,kvB<=64k,kp=0,3.1111,4
1024,n<=4,sr<=40%,kvB<=16k,kp<=16k,0.1627,2
1024,n<=4,sr<=40%,kvB<=16k,kp<=2k,0.1508,2
1024,n<=4,sr<=40%,kvB<=16k,kp<=32k,6.0764,1
1024,n<=4,sr<=40%,kvB<=16k,kp<=512,0.294,2
1024,n<=4,sr<=40%,kvB<=16k,kp<=8k,-0.0927,2
1024,n<=4,sr<=40%,kvB<=16k,kp=0,0.2705,2
1024,n<=4,sr<=40%,kvB<=1k,kp<=16k,0.8709,1
1024,n<=4,sr<=40%,kvB<=1k,kp<=2k,0.6213,2
1024,n<=4,sr<=40%,kvB<=1k,kp<=32k,0.087,1
1024,n<=4,sr<=40%,kvB<=1k,kp<=512,1.6054,2
1024,n<=4,sr<=40%,kvB<=1k,kp<=8k,0.0731,2
1024,n<=4,sr<=40%,kvB<=1k,kp=0,-0.2071,2
1024,n<=4,sr<=40%,kvB<=4k,kp<=16k,0.3735,2
1024,n<=4,sr<=40%,kvB<=4k,kp<=2k,1.5169,1
1024,n<=4,sr<=40%,kvB<=4k,kp<=32k,0.7926,2
1024,n<=4,sr<=40%,kvB<=4k,kp<=512,1.149,1
1024,n<=4,sr<=40%,kvB<=4k,kp<=8k,1.79,2
1024,n<=4,sr<=40%,kvB<=4k,kp=0,0.7208,2
1024,n<=4,sr<=40%,kvB<=64k,kp<=16k,0.2431,1
1024,n<=4,sr<=40%,kvB<=64k,kp<=2k,0.0603,2
1024,n<=4,sr<=40%,kvB<=64k,kp<=32k,0.1661,2
1024,n<=4,sr<=40%,kvB<=64k,kp<=512,0.0797,2
1024,n<=4,sr<=40%,kvB<=64k,kp<=8k,-0.0193,2
1024,n<=4,sr<=40%,kvB<=64k,kp=0,0.0916,2
1024,n<=4,sr<=70%,kvB<=16k,kp<=16k,-0.1543,2
1024,n<=4,sr<=70%,kvB<=16k,kp<=2k,0.1765,2
1024,n<=4,sr<=70%,kvB<=16k,kp<=32k,-2.9398,1
1024,n<=4,sr<=70%,kvB<=16k,kp<=512,0.2281,2
1024,n<=4,sr<=70%,kvB<=16k,kp<=8k,0.2536,1
1024,n<=4,sr<=70%,kvB<=16k,kp=0,0.2404,2
1024,n<=4,sr<=70%,kvB<=1k,kp<=16k,1.693,2
1024,n<=4,sr<=70%,kvB<=1k,kp<=2k,0.2298,1
1024,n<=4,sr<=70%,kvB<=1k,kp<=32k,0.4686,1
1024,n<=4,sr<=70%,kvB<=1k,kp<=512,0.5335,2
1024,n<=4,sr<=70%,kvB<=1k,kp=0,0.3354,1
1024,n<=4,sr<=70%,kvB<=4k,kp<=16k,0.2853,2
1024,n<=4,sr<=70%,kvB<=4k,kp<=2k,1.512,2
1024,n<=4,sr<=70%,kvB<=4k,kp<=32k,0.6127,2
1024,n<=4,sr<=70%,kvB<=4k,kp<=512,0.901,2
1024,n<=4,sr<=70%,kvB<=4k,kp<=8k,0.8843,1
1024,n<=4,sr<=70%,kvB<=4k,kp=0,0.637,2
1024,n<=4,sr<=70%,kvB<=64k,kp<=16k,-0.0039,1
1024,n<=4,sr<=70%,kvB<=64k,kp<=2k,0.0442,2
1024,n<=4,sr<=70%,kvB<=64k,kp<=32k,-0.1675,2
1024,n<=4,sr<=70%,kvB<=64k,kp<=512,0.0336,2
1024,n<=4,sr<=70%,kvB<=64k,kp<=8k,0.001,2
1024,n<=4,sr<=70%,kvB<=64k,kp=0,0.0524,2
1024,n<=4,sr>70%,kvB<=16k,kp<=16k,0.0273,2
1024,n<=4,sr>70%,kvB<=16k,kp<=2k,-0.1118,2
1024,n<=4,sr>70%,kvB<=16k,kp<=32k,0.1665,2
1024,n<=4,sr>70%,kvB<=16k,kp<=512,0.0767,2
1024,n<=4,sr>70%,kvB<=16k,kp<=8k,0.0964,1
1024,n<=4,sr>70%,kvB<=16k,kp=0,0.1388,2
1024,n<=4,sr>70%,kvB<=1k,kp<=16k,0.3806,2
1024,n<=4,sr>70%,kvB<=1k,kp<=2k,0.3285,1
1024,n<=4,sr>70%,kvB<=1k,kp<=32k,-0.5987,1
1024,n<=4,sr>70%,kvB<=1k,kp<=512,0.0411,1
1024,n<=4,sr>70%,kvB<=1k,kp<=8k,0.3311,1
1024,n<=4,sr>70%,kvB<=1k,kp=0,0.2636,1
1024,n<=4,sr>70%,kvB<=4k,kp<=2k,2.744,2
1024,n<=4,sr>70%,kvB<=4k,kp<=32k,-0.7078,1
1024,n<=4,sr>70%,kvB<=4k,kp<=512,2.1755,2
1024,n<=4,sr>70%,kvB<=4k,kp=0,0.9261,1
1024,n<=4,sr>70%,kvB<=64k,kp<=2k,-0.1932,2
1024,n<=4,sr>70%,kvB<=64k,kp<=32k,-1.5004,1
1024,n<=4,sr>70%,kvB<=64k,kp<=512,-0.0995,2
1024,n<=4,sr>70%,kvB<=64k,kp<=8k,-0.0932,2
1024,n<=4,sr>70%,kvB<=64k,kp=0,-0.1344,2
1024,n<=64,sr<=15%,kvB<=16k,kp<=16k,0.2835,4
1024,n<=64,sr<=15%,kvB<=16k,kp<=2k,0.294,4
1024,n<=64,sr<=15%,kvB<=16k,kp<=32k,0.3407,4
1024,n<=64,sr<=15%,kvB<=16k,kp<=512,0.2914,4
1024,n<=64,sr<=15%,kvB<=16k,kp<=8k,0.2998,4
1024,n<=64,sr<=15%,kvB<=16k,kp=0,0.2918,4
1024,n<=64,sr<=15%,kvB<=1k,kp<=16k,0.6138,4
1024,n<=64,sr<=15%,kvB<=1k,kp<=2k,0.6821,4
1024,n<=64,sr<=15%,kvB<=1k,kp<=32k,1.1678,4
1024,n<=64,sr<=15%,kvB<=1k,kp<=512,0.6839,4
1024,n<=64,sr<=15%,kvB<=1k,kp<=8k,0.6575,4
1024,n<=64,sr<=15%,kvB<=1k,kp=0,0.7251,4
1024,n<=64,sr<=15%,kvB<=4k,kp<=16k,0.39,4
1024,n<=64,sr<=15%,kvB<=4k,kp<=2k,0.3895,4
1024,n<=64,sr<=15%,kvB<=4k,kp<=32k,0.3378,4
1024,n<=64,sr<=15%,kvB<=4k,kp<=512,0.397,4
1024,n<=64,sr<=15%,kvB<=4k,kp<=8k,0.4035,4
1024,n<=64,sr<=15%,kvB<=4k,kp=0,0.3993,4
1024,n<=64,sr<=15%,kvB<=64k,kp<=16k,0.2651,2
1024,n<=64,sr<=15%,kvB<=64k,kp<=2k,0.2675,4
1024,n<=64,sr<=15%,kvB<=64k,kp<=32k,0.2629,4
1024,n<=64,sr<=15%,kvB<=64k,kp<=512,0.2687,4
1024,n<=64,sr<=15%,kvB<=64k,kp<=8k,0.2634,4
1024,n<=64,sr<=15%,kvB<=64k,kp=0,0.2674,4
1024,n<=64,sr<=40%,kvB<=16k,kp<=16k,0.2926,2
1024,n<=64,sr<=40%,kvB<=16k,kp<=2k,0.3115,2
1024,n<=64,sr<=40%,kvB<=16k,kp<=32k,0.2862,2
1024,n<=64,sr<=40%,kvB<=16k,kp<=512,0.3059,2
1024,n<=64,sr<=40%,kvB<=16k,kp<=8k,0.32,2
1024,n<=64,sr<=40%,kvB<=16k,kp=0,0.3158,2
1024,n<=64,sr<=40%,kvB<=1k,kp<=16k,1.1006,2
1024,n<=64,sr<=40%,kvB<=1k,kp<=2k,0.826,2
1024,n<=64,sr<=40%,kvB<=1k,kp<=32k,0.5404,2
1024,n<=64,sr<=40%,kvB<=1k,kp<=512,0.8137,2
1024,n<=64,sr<=40%,kvB<=1k,kp<=8k,1.1416,2
1024,n<=64,sr<=40%,kvB<=1k,kp=0,0.8119,2
1024,n<=64,sr<=40%,kvB<=4k,kp<=16k,0.4782,2
1024,n<=64,sr<=40%,kvB<=4k,kp<=2k,0.5336,2
1024,n<=64,sr<=40%,kvB<=4k,kp<=32k,0.4007,2
1024,n<=64,sr<=40%,kvB<=4k,kp<=512,0.488,2
1024,n<=64,sr<=40%,kvB<=4k,kp<=8k,0.5083,2
1024,n<=64,sr<=40%,kvB<=4k,kp=0,0.5023,2
1024,n<=64,sr<=40%,kvB<=64k,kp<=16k,0.277,1
1024,n<=64,sr<=40%,kvB<=64k,kp<=2k,0.266,2
1024,n<=64,sr<=40%,kvB<=64k,kp<=32k,0.2735,2
1024,n<=64,sr<=40%,kvB<=64k,kp<=512,0.2698,2
1024,n<=64,sr<=40%,kvB<=64k,kp<=8k,0.2663,2
1024,n<=64,sr<=40%,kvB<=64k,kp=0,0.264,2
1024,n<=64,sr<=5%,kvB<=16k,kp<=16k,0.3312,6
1024,n<=64,sr<=5%,kvB<=16k,kp<=2k,0.3281,6
1024,n<=64,sr<=5%,kvB<=16k,kp<=32k,0.313,6
1024,n<=64,sr<=5%,kvB<=16k,kp<=512,0.327,6
1024,n<=64,sr<=5%,kvB<=16k,kp<=8k,0.3234,6
1024,n<=64,sr<=5%,kvB<=16k,kp=0,0.3271,6
1024,n<=64,sr<=5%,kvB<=1k,kp<=16k,0.4655,6
1024,n<=64,sr<=5%,kvB<=1k,kp<=2k,0.4528,6
1024,n<=64,sr<=5%,kvB<=1k,kp<=32k,0.4362,5
1024,n<=64,sr<=5%,kvB<=1k,kp<=512,0.4755,6
1024,n<=64,sr<=5%,kvB<=1k,kp<=8k,0.4587,6
1024,n<=64,sr<=5%,kvB<=1k,kp=0,0.4358,6
1024,n<=64,sr<=5%,kvB<=4k,kp<=16k,0.371,6
1024,n<=64,sr<=5%,kvB<=4k,kp<=2k,0.3884,6
1024,n<=64,sr<=5%,kvB<=4k,kp<=32k,0.3288,6
1024,n<=64,sr<=5%,kvB<=4k,kp<=512,0.3719,6
1024,n<=64,sr<=5%,kvB<=4k,kp<=8k,0.372,6
1024,n<=64,sr<=5%,kvB<=4k,kp=0,0.3841,6
1024,n<=64,sr<=5%,kvB<=64k,kp<=16k,0.3123,3
1024,n<=64,sr<=5%,kvB<=64k,kp<=2k,0.311,6
1024,n<=64,sr<=5%,kvB<=64k,kp<=32k,0.3142,6
1024,n<=64,sr<=5%,kvB<=64k,kp<=512,0.3131,6
1024,n<=64,sr<=5%,kvB<=64k,kp<=8k,0.3125,6
1024,n<=64,sr<=5%,kvB<=64k,kp=0,0.3135,6
1024,n<=64,sr<=70%,kvB<=16k,kp<=16k,0.4463,2
1024,n<=64,sr<=70%,kvB<=16k,kp<=2k,0.4331,2
1024,n<=64,sr<=70%,kvB<=16k,kp<=32k,0.4046,2
1024,n<=64,sr<=70%,kvB<=16k,kp<=512,0.4345,2
1024,n<=64,sr<=70%,kvB<=16k,kp<=8k,0.4103,2
1024,n<=64,sr<=70%,kvB<=16k,kp=0,0.4344,2
1024,n<=64,sr<=70%,kvB<=1k,kp<=16k,1.8203,2
1024,n<=64,sr<=70%,kvB<=1k,kp<=2k,2.0871,2
1024,n<=64,sr<=70%,kvB<=1k,kp<=32k,0.6098,1
1024,n<=64,sr<=70%,kvB<=1k,kp<=512,1.7801,2
1024,n<=64,sr<=70%,kvB<=1k,kp<=8k,1.9088,2
1024,n<=64,sr<=70%,kvB<=1k,kp=0,2.118,2
1024,n<=64,sr<=70%,kvB<=4k,kp<=16k,0.8053,2
1024,n<=64,sr<=70%,kvB<=4k,kp<=2k,0.7855,2
1024,n<=64,sr<=70%,kvB<=4k,kp<=32k,0.6246,2
1024,n<=64,sr<=70%,kvB<=4k,kp<=512,0.7659,2
1024,n<=64,sr<=70%,kvB<=4k,kp<=8k,0.8259,2
1024,n<=64,sr<=70%,kvB<=4k,kp=0,0.7885,2
1024,n<=64,sr<=70%,kvB<=64k,kp<=16k,0.3774,1
1024,n<=64,sr<=70%,kvB<=64k,kp<=2k,0.347,2
1024,n<=64,sr<=70%,kvB<=64k,kp<=32k,0.3454,2
1024,n<=64,sr<=70%,kvB<=64k,kp<=512,0.3481,2
1024,n<=64,sr<=70%,kvB<=64k,kp<=8k,0.349,2
1024,n<=64,sr<=70%,kvB<=64k,kp=0,0.3492,2
1024,n<=64,sr>70%,kvB<=16k,kp<=16k,1.602,4
1024,n<=64,sr>70%,kvB<=16k,kp<=2k,1.3542,4
1024,n<=64,sr>70%,kvB<=16k,kp<=32k,1.5599,4
1024,n<=64,sr>70%,kvB<=16k,kp<=512,1.3897,4
1024,n<=64,sr>70%,kvB<=16k,kp<=8k,1.4353,4
1024,n<=64,sr>70%,kvB<=16k,kp=0,1.4053,4
1024,n<=64,sr>70%,kvB<=1k,kp<=16k,2.645,4
1024,n<=64,sr>70%,kvB<=1k,kp<=2k,6.0124,4
1024,n<=64,sr>70%,kvB<=1k,kp<=32k,1.1351,2
1024,n<=64,sr>70%,kvB<=1k,kp<=512,5.7017,4
1024,n<=64,sr>70%,kvB<=1k,kp<=8k,11.0114,1
1024,n<=64,sr>70%,kvB<=1k,kp=0,4.5682,4
1024,n<=64,sr>70%,kvB<=4k,kp<=16k,2.1624,4
1024,n<=64,sr>70%,kvB<=4k,kp<=2k,2.2432,4
1024,n<=64,sr>70%,kvB<=4k,kp<=32k,2.3138,2
1024,n<=64,sr>70%,kvB<=4k,kp<=512,2.0791,4
1024,n<=64,sr>70%,kvB<=4k,kp<=8k,2.6674,4
1024,n<=64,sr>70%,kvB<=4k,kp=0,2.0462,4
1024,n<=64,sr>70%,kvB<=64k,kp<=16k,1.11,2
1024,n<=64,sr>70%,kvB<=64k,kp<=2k,1.0757,4
1024,n<=64,sr>70%,kvB<=64k,kp<=32k,1.0917,4
1024,n<=64,sr>70%,kvB<=64k,kp<=512,1.0757,4
1024,n<=64,sr>70%,kvB<=64k,kp<=8k,1.0777,4
1024,n<=64,sr>70%,kvB<=64k,kp=0,1.0933,4
1024,n<=8,sr<=15%,kvB<=16k,kp<=16k,0.1645,2
1024,n<=8,sr<=15%,kvB<=16k,kp<=2k,0.0433,2
1024,n<=8,sr<=15%,kvB<=16k,kp<=32k,0.2109,2
1024,n<=8,sr<=15%,kvB<=16k,kp<=512,0.0662,2
1024,n<=8,sr<=15%,kvB<=16k,kp<=8k,0.0101,2
1024,n<=8,sr<=15%,kvB<=16k,kp=0,0.0622,2
1024,n<=8,sr<=15%,kvB<=1k,kp<=16k,-0.6631,2
1024,n<=8,sr<=15%,kvB<=1k,kp<=2k,0.6836,2
1024,n<=8,sr<=15%,kvB<=1k,kp<=32k,0.1626,1
1024,n<=8,sr<=15%,kvB<=1k,kp<=512,0.7104,2
1024,n<=8,sr<=15%,kvB<=1k,kp<=8k,0.05,2
1024,n<=8,sr<=15%,kvB<=1k,kp=0,-0.2859,2
1024,n<=8,sr<=15%,kvB<=4k,kp<=16k,0.5656,2
1024,n<=8,sr<=15%,kvB<=4k,kp<=2k,0.331,2
1024,n<=8,sr<=15%,kvB<=4k,kp<=32k,0.3608,2
1024,n<=8,sr<=15%,kvB<=4k,kp<=512,0.3042,2
1024,n<=8,sr<=15%,kvB<=4k,kp<=8k,0.0324,2
1024,n<=8,sr<=15%,kvB<=4k,kp=0,0.1559,2
1024,n<=8,sr<=15%,kvB<=64k,kp<=16k,0.0117,1
1024,n<=8,sr<=15%,kvB<=64k,kp<=2k,0.0161,2
1024,n<=8,sr<=15%,kvB<=64k,kp<=32k,0.0305,2
1024,n<=8,sr<=15%,kvB<=64k,kp<=512,0.0177,2
1024,n<=8,sr<=15%,kvB<=64k,kp<=8k,-0.0039,2
1024,n<=8,sr<=15%,kvB<=64k,kp=0,0.0251,2
1024,n<=8,sr<=40%,kvB<=16k,kp<=16k,0.0281,4
1024,n<=8,sr<=40%,kvB<=16k,kp<=2k,-0.0077,4
1024,n<=8,sr<=40%,kvB<=16k,kp<=32k,0.2356,4
1024,n<=8,sr<=40%,kvB<=16k,kp<=512,0.0344,4
1024,n<=8,sr<=40%,kvB<=16k,kp<=8k,0.0032,4
1024,n<=8,sr<=40%,kvB<=16k,kp=0,0.0155,4
1024,n<=8,sr<=40%,kvB<=1k,kp<=16k,0.1328,4
1024,n<=8,sr<=40%,kvB<=1k,kp<=2k,0.1915,4
1024,n<=8,sr<=40%,kvB<=1k,kp<=32k,-0.0091,2
1024,n<=8,sr<=40%,kvB<=1k,kp<=512,0.5568,4
1024,n<=8,sr<=40%,kvB<=1k,kp<=8k,0.0821,3
1024,n<=8,sr<=40%,kvB<=1k,kp=0,0.3277,4
1024,n<=8,sr<=40%,kvB<=4k,kp<=16k,0.383,4
1024,n<=8,sr<=40%,kvB<=4k,kp<=2k,0.0381,4
1024,n<=8,sr<=40%,kvB<=4k,kp<=32k,0.2381,3
1024,n<=8,sr<=40%,kvB<=4k,kp<=512,0.1489,4
1024,n<=8,sr<=40%,kvB<=4k,kp<=8k,-0.0065,4
1024,n<=8,sr<=40%,kvB<=4k,kp=0,0.1576,4
1024,n<=8,sr<=40%,kvB<=64k,kp<=16k,-0.0569,2
1024,n<=8,sr<=40%,kvB<=64k,kp<=2k,0.0161,4
1024,n<=8,sr<=40%,kvB<=64k,kp<=32k,0.0252,4
1024,n<=8,sr<=40%,kvB<=64k,kp<=512,0.0174,4
1024,n<=8,sr<=40%,kvB<=64k,kp<=8k,-0.0078,4
1024,n<=8,sr<=40%,kvB<=64k,kp=0,0.0137,4
1024,n<=8,sr<=70%,kvB<=16k,kp<=16k,0.1344,2
1024,n<=8,sr<=70%,kvB<=16k,kp<=2k,0.0616,2
1024,n<=8,sr<=70%,kvB<=16k,kp<=32k,0.0447,2
1024,n<=8,sr<=70%,kvB<=16k,kp<=512,0.0798,2
1024,n<=8,sr<=70%,kvB<=16k,kp<=8k,-0.0802,2
1024,n<=8,sr<=70%,kvB<=16k,kp=0,0.0502,2
1024,n<=8,sr<=70%,kvB<=1k,kp<=16k,1.1489,1
1024,n<=8,sr<=70%,kvB<=1k,kp<=2k,-0.7817,1
1024,n<=8,sr<=70%,kvB<=1k,kp<=512,0.8033,1
1024,n<=8,sr<=70%,kvB<=1k,kp<=8k,-0.0391,2
1024,n<=8,sr<=70%,kvB<=1k,kp=0,1.113,1
1024,n<=8,sr<=70%,kvB<=4k,kp<=16k,0.27,1
1024,n<=8,sr<=70%,kvB<=4k,kp<=2k,-0.0271,2
1024,n<=8,sr<=70%,kvB<=4k,kp<=32k,-0.2986,2
1024,n<=8,sr<=70%,kvB<=4k,kp<=512,0.1062,2
1024,n<=8,sr<=70%,kvB<=4k,kp<=8k,0.2853,2
1024,n<=8,sr<=70%,kvB<=4k,kp=0,0.2603,2
1024,n<=8,sr<=70%,kvB<=64k,kp<=16k,0.0713,1
1024,n<=8,sr<=70%,kvB<=64k,kp<=2k,0.1106,2
1024,n<=8,sr<=70%,kvB<=64k,kp<=32k,0.1086,2
1024,n<=8,sr<=70%,kvB<=64k,kp<=512,0.121,2
1024,n<=8,sr<=70%,kvB<=64k,kp<=8k,0.0484,2
1024,n<=8,sr<=70%,kvB<=64k,kp=0,0.1045,2
1024,n<=8,sr>70%,kvB<=16k,kp<=16k,0.1289,4
1024,n<=8,sr>70%,kvB<=16k,kp<=2k,-0.0867,4
1024,n<=8,sr>70%,kvB<=16k,kp<=32k,0.6331,4
1024,n<=8,sr>70%,kvB<=16k,kp<=512,-0.0817,4
1024,n<=8,sr>70%,kvB<=16k,kp<=8k,0.0558,4
1024,n<=8,sr>70%,kvB<=16k,kp=0,-0.2006,4
1024,n<=8,sr>70%,kvB<=1k,kp<=16k,0.078,1
1024,n<=8,sr>70%,kvB<=1k,kp<=32k,1.5354,2
1024,n<=8,sr>70%,kvB<=1k,kp<=8k,0.8293,2
1024,n<=8,sr>70%,kvB<=1k,kp=0,0.7796,1
1024,n<=8,sr>70%,kvB<=4k,kp<=16k,0.7407,1
1024,n<=8,sr>70%,kvB<=4k,kp<=2k,0.0118,3
1024,n<=8,sr>70%,kvB<=4k,kp<=32k,0.3858,2
1024,n<=8,sr>70%,kvB<=4k,kp<=512,0.7063,3
1024,n<=8,sr>70%,kvB<=4k,kp<=8k,0.2558,4
1024,n<=8,sr>70%,kvB<=4k,kp=0,0.4295,3
1024,n<=8,sr>70%,kvB<=64k,kp<=16k,0.4031,2
1024,n<=8,sr>70%,kvB<=64k,kp<=2k,-0.0952,4
1024,n<=8,sr>70%,kvB<=64k,kp<=32k,-0.2275,4
1024,n<=8,sr>70%,kvB<=64k,kp<=512,-0.0715,4
1024,n<=8,sr>70%,kvB<=64k,kp<=8k,-0.1201,4
1024,n<=8,sr>70%,kvB<=64k,kp=0,-0.0833,4
4096,n<=128,sr<=15%,kvB<=16k,kp<=16k,0.198,3
4096,n<=128,sr<=15%,kvB<=16k,kp<=2k,0.0907,4
4096,n<=128,sr<=15%,kvB<=16k,kp<=32k,0.5338,4
4096,n<=128,sr<=15%,kvB<=16k,kp<=512,0.0914,4
4096,n<=128,sr<=15%,kvB<=16k,kp<=8k,0.07,4
4096,n<=128,sr<=15%,kvB<=16k,kp=0,0.0934,4
4096,n<=128,sr<=15%,kvB<=1k,kp<=16k,0.8723,2
4096,n<=128,sr<=15%,kvB<=1k,kp<=2k,0.2548,4
4096,n<=128,sr<=15%,kvB<=1k,kp<=32k,-1.0488,2
4096,n<=128,sr<=15%,kvB<=1k,kp<=512,0.3406,4
4096,n<=128,sr<=15%,kvB<=1k,kp<=8k,0.3001,3
4096,n<=128,sr<=15%,kvB<=1k,kp=0,0.3273,4
4096,n<=128,sr<=15%,kvB<=4k,kp<=16k,-0.2466,3
4096,n<=128,sr<=15%,kvB<=4k,kp<=2k,0.133,4
4096,n<=128,sr<=15%,kvB<=4k,kp<=32k,1.0173,3
4096,n<=128,sr<=15%,kvB<=4k,kp<=512,0.1539,4
4096,n<=128,sr<=15%,kvB<=4k,kp<=8k,0.2173,4
4096,n<=128,sr<=15%,kvB<=4k,kp=0,0.1578,4
4096,n<=128,sr<=15%,kvB<=64k,kp<=16k,-0.0529,2
4096,n<=128,sr<=15%,kvB<=64k,kp<=2k,0.0814,4
4096,n<=128,sr<=15%,kvB<=64k,kp<=32k,0.1218,4
4096,n<=128,sr<=15%,kvB<=64k,kp<=512,0.081,4
4096,n<=128,sr<=15%,kvB<=64k,kp<=8k,0.0807,4
4096,n<=128,sr<=15%,kvB<=64k,kp=0,0.0829,4
4096,n<=128,sr<=40%,kvB<=16k,kp<=16k,0.1068,1
4096,n<=128,sr<=40%,kvB<=16k,kp<=2k,0.1312,2
4096,n<=128,sr<=40%,kvB<=16k,kp<=512,0.1398,2
4096,n<=128,sr<=40%,kvB<=16k,kp<=8k,0.1374,2
4096,n<=128,sr<=40%,kvB<=16k,kp=0,0.1429,2
4096,n<=128,sr<=40%,kvB<=1k,kp<=2k,0.0895,2
4096,n<=128,sr<=40%,kvB<=1k,kp<=512,-0.1135,2
4096,n<=128,sr<=40%,kvB<=1k,kp<=8k,-0.9468,1
4096,n<=128,sr<=40%,kvB<=1k,kp=0,0.1598,2
4096,n<=128,sr<=40%,kvB<=4k,kp<=16k,0.0795,1
4096,n<=128,sr<=40%,kvB<=4k,kp<=2k,0.2633,2
4096,n<=128,sr<=40%,kvB<=4k,kp<=32k,-0.1419,2
4096,n<=128,sr<=40%,kvB<=4k,kp<=512,0.2407,2
4096,n<=128,sr<=40%,kvB<=4k,kp<=8k,0.9151,2
4096,n<=128,sr<=40%,kvB<=4k,kp=0,0.2529,2
4096,n<=128,sr<=40%,kvB<=64k,kp<=16k,0.0198,1
4096,n<=128,sr<=40%,kvB<=64k,kp<=2k,0.112,2
4096,n<=128,sr<=40%,kvB<=64k,kp<=32k,0.1421,2
4096,n<=128,sr<=40%,kvB<=64k,kp<=512,0.1127,2
4096,n<=128,sr<=40%,kvB<=64k,kp<=8k,0.0958,2
4096,n<=128,sr<=40%,kvB<=64k,kp=0,0.1132,2
4096,n<=128,sr<=5%,kvB<=16k,kp<=16k,0.0483,8
4096,n<=128,sr<=5%,kvB<=16k,kp<=2k,0.113,8
4096,n<=128,sr<=5%,kvB<=16k,kp<=32k,0.3046,6
4096,n<=128,sr<=5%,kvB<=16k,kp<=512,0.1093,8
4096,n<=128,sr<=5%,kvB<=16k,kp<=8k,0.0996,8
4096,n<=128,sr<=5%,kvB<=16k,kp=0,0.1067,8
4096,n<=128,sr<=5%,kvB<=1k,kp<=16k,0.9891,4
4096,n<=128,sr<=5%,kvB<=1k,kp<=2k,0.2427,8
4096,n<=128,sr<=5%,kvB<=1k,kp<=32k,0.7509,5
4096,n<=128,sr<=5%,kvB<=1k,kp<=512,0.1271,8
4096,n<=128,sr<=5%,kvB<=1k,kp<=8k,0.5205,7
4096,n<=128,sr<=5%,kvB<=1k,kp=0,0.106,8
4096,n<=128,sr<=5%,kvB<=4k,kp<=16k,0.1546,6
4096,n<=128,sr<=5%,kvB<=4k,kp<=2k,0.1059,8
4096,n<=128,sr<=5%,kvB<=4k,kp<=32k,0.0882,7
4096,n<=128,sr<=5%,kvB<=4k,kp<=512,0.1252,8
4096,n<=128,sr<=5%,kvB<=4k,kp<=8k,0.2749,7
4096,n<=128,sr<=5%,kvB<=4k,kp=0,0.1169,8
4096,n<=128,sr<=5%,kvB<=64k,kp<=16k,0.0607,4
4096,n<=128,sr<=5%,kvB<=64k,kp<=2k,0.1055,8
4096,n<=128,sr<=5%,kvB<=64k,kp<=32k,0.1614,8
4096,n<=128,sr<=5%,kvB<=64k,kp<=512,0.1062,8
4096,n<=128,sr<=5%,kvB<=64k,kp<=8k,0.1057,8
4096,n<=128,sr<=5%,kvB<=64k,kp=0,0.1062,8
4096,n<=128,sr<=70%,kvB<=16k,kp<=16k,0.4235,1
4096,n<=128,sr<=70%,kvB<=16k,kp<=2k,0.0076,2
4096,n<=128,sr<=70%,kvB<=16k,kp<=32k,-0.7563,1
4096,n<=128,sr<=70%,kvB<=16k,kp<=512,-0.0045,2
4096,n<=128,sr<=70%,kvB<=16k,kp<=8k,-0.0233,2
4096,n<=128,sr<=70%,kvB<=16k,kp=0,-0.0023,2
4096,n<=128,sr<=70%,kvB<=1k,kp<=16k,-2.1674,1
4096,n<=128,sr<=70%,kvB<=1k,kp<=2k,-0.1121,2
4096,n<=128,sr<=70%,kvB<=1k,kp<=32k,0.951,2
4096,n<=128,sr<=70%,kvB<=1k,kp<=512,-0.1528,2
4096,n<=128,sr<=70%,kvB<=1k,kp<=8k,-0.3733,1
4096,n<=128,sr<=70%,kvB<=1k,kp=0,-0.1625,2
4096,n<=128,sr<=70%,kvB<=4k,kp<=2k,0.0068,2
4096,n<=128,sr<=70%,kvB<=4k,kp<=32k,0.9614,1
4096,n<=128,sr<=70%,kvB<=4k,kp<=512,0.0069,2
4096,n<=128,sr<=70%,kvB<=4k,kp<=8k,-0.0613,1
4096,n<=128,sr<=70%,kvB<=4k,kp=0,0.0108,2
4096,n<=128,sr<=70%,kvB<=64k,kp<=16k,0.0257,1
4096,n<=128,sr<=70%,kvB<=64k,kp<=2k,-0.0061,2
4096,n<=128,sr<=70%,kvB<=64k,kp<=32k,0.0561,2
4096,n<=128,sr<=70%,kvB<=64k,kp<=512,-0.0068,2
4096,n<=128,sr<=70%,kvB<=64k,kp<=8k,-0.0005,2
4096,n<=128,sr<=70%,kvB<=64k,kp=0,-0.0022,2
4096,n<=128,sr>70%,kvB<=16k,kp<=16k,1.545,4
4096,n<=128,sr>70%,kvB<=16k,kp<=2k,0.9751,4
4096,n<=128,sr>70%,kvB<=16k,kp<=32k,0.1855,2
4096,n<=128,sr>70%,kvB<=16k,kp<=512,1.0022,4
4096,n<=128,sr>70%,kvB<=16k,kp<=8k,0.9526,4
4096,n<=128,sr>70%,kvB<=16k,kp=0,0.9836,4
4096,n<=128,sr>70%,kvB<=1k,kp<=16k,7.4764,1
4096,n<=128,sr>70%,kvB<=1k,kp<=2k,0.8632,3
4096,n<=128,sr>70%,kvB<=1k,kp<=32k,1.0233,3
4096,n<=128,sr>70%,kvB<=1k,kp<=512,0.6473,4
4096,n<=128,sr>70%,kvB<=1k,kp<=8k,0.1081,2
4096,n<=128,sr>70%,kvB<=1k,kp=0,0.9244,4
4096,n<=128,sr>70%,kvB<=4k,kp<=16k,0.8691,2
4096,n<=128,sr>70%,kvB<=4k,kp<=2k,0.9166,4
4096,n<=128,sr>70%,kvB<=4k,kp<=32k,1.5163,2
4096,n<=128,sr>70%,kvB<=4k,kp<=512,0.8539,4
4096,n<=128,sr>70%,kvB<=4k,kp<=8k,0.2754,3
4096,n<=128,sr>70%,kvB<=4k,kp=0,0.9092,4
4096,n<=128,sr>70%,kvB<=64k,kp<=16k,0.8627,2
4096,n<=128,sr>70%,kvB<=64k,kp<=2k,0.9649,4
4096,n<=128,sr>70%,kvB<=64k,kp<=32k,0.889,4
4096,n<=128,sr>70%,kvB<=64k,kp<=512,0.9637,4
4096,n<=128,sr>70%,kvB<=64k,kp<=8k,0.9428,4
4096,n<=128,sr>70%,kvB<=64k,kp=0,0.9636,4
4096,n<=16,sr<=15%,kvB<=16k,kp<=16k,0.336,2
4096,n<=16,sr<=15%,kvB<=16k,kp<=2k,0.0993,4
4096,n<=16,sr<=15%,kvB<=16k,kp<=32k,2.5475,1
4096,n<=16,sr<=15%,kvB<=16k,kp<=512,0.1682,4
4096,n<=16,sr<=15%,kvB<=16k,kp<=8k,0.0297,4
4096,n<=16,sr<=15%,kvB<=16k,kp=0,0.1205,4
4096,n<=16,sr<=15%,kvB<=1k,kp<=16k,0.1135,3
4096,n<=16,sr<=15%,kvB<=1k,kp<=2k,0.3833,4
4096,n<=16,sr<=15%,kvB<=1k,kp<=32k,1.0108,2
4096,n<=16,sr<=15%,kvB<=1k,kp<=512,0.1871,4
4096,n<=16,sr<=15%,kvB<=1k,kp<=8k,1.0368,3
4096,n<=16,sr<=15%,kvB<=1k,kp=0,0.0946,4
4096,n<=16,sr<=15%,kvB<=4k,kp<=16k,-0.6303,2
4096,n<=16,sr<=15%,kvB<=4k,kp<=2k,-0.4695,4
4096,n<=16,sr<=15%,kvB<=4k,kp<=32k,-1.179,3
4096,n<=16,sr<=15%,kvB<=4k,kp<=512,-0.0982,4
4096,n<=16,sr<=15%,kvB<=4k,kp<=8k,0.4187,4
4096,n<=16,sr<=15%,kvB<=4k,kp=0,-0.048,4
4096,n<=16,sr<=15%,kvB<=64k,kp<=2k,0.1738,4
4096,n<=16,sr<=15%,kvB<=64k,kp<=32k,-0.9465,4
4096,n<=16,sr<=15%,kvB<=64k,kp<=512,0.1619,4
4096,n<=16,sr<=15%,kvB<=64k,kp<=8k,0.2774,4
4096,n<=16,sr<=15%,kvB<=64k,kp=0,0.1804,4
4096,n<=16,sr<=40%,kvB<=16k,kp<=16k,0.8414,4
4096,n<=16,sr<=40%,kvB<=16k,kp<=2k,0.5032,4
4096,n<=16,sr<=40%,kvB<=16k,kp<=32k,0.5591,3
4096,n<=16,sr<=40%,kvB<=16k,kp<=512,0.5033,4
4096,n<=16,sr<=40%,kvB<=16k,kp<=8k,0.151,3
4096,n<=16,sr<=40%,kvB<=16k,kp=0,0.5221,4
4096,n<=16,sr<=40%,kvB<=1k,kp<=16k,0.1162,2
4096,n<=16,sr<=40%,kvB<=1k,kp<=2k,1.2582,3
4096,n<=16,sr<=40%,kvB<=1k,kp<=32k,-0.1789,2
4096,n<=16,sr<=40%,kvB<=1k,kp<=512,0.0311,4
4096,n<=16,sr<=40%,kvB<=1k,kp<=8k,-0.1465,3
4096,n<=16,sr<=40%,kvB<=1k,kp=0,-0.0156,4
4096,n<=16,sr<=40%,kvB<=4k,kp<=16k,0.7235,2
4096,n<=16,sr<=40%,kvB<=4k,kp<=2k,0.425,4
4096,n<=16,sr<=40%,kvB<=4k,kp<=32k,-0.1715,2
4096,n<=16,sr<=40%,kvB<=4k,kp<=512,0.6509,4
4096,n<=16,sr<=40%,kvB<=4k,kp<=8k,-0.9536,3
4096,n<=16,sr<=40%,kvB<=4k,kp=0,0.5961,4
4096,n<=16,sr<=40%,kvB<=64k,kp<=16k,-0.1866,2
4096,n<=16,sr<=40%,kvB<=64k,kp<=2k,0.4517,4
4096,n<=16,sr<=40%,kvB<=64k,kp<=32k,-0.2394,4
4096,n<=16,sr<=40%,kvB<=64k,kp<=512,0.4457,4
4096,n<=16,sr<=40%,kvB<=64k,kp<=8k,0.5555,4
4096,n<=16,sr<=40%,kvB<=64k,kp=0,0.451,4
4096,n<=16,sr<=70%,kvB<=16k,kp<=16k,2.56,1
4096,n<=16,sr<=70%,kvB<=16k,kp<=2k,-0.0528,2
4096,n<=16,sr<=70%,kvB<=16k,kp<=32k,-0.15,2
4096,n<=16,sr<=70%,kvB<=16k,kp<=512,0.1374,2
4096,n<=16,sr<=70%,kvB<=16k,kp<=8k,-1.7362,1
4096,n<=16,sr<=70%,kvB<=16k,kp=0,0.0187,2
4096,n<=16,sr<=70%,kvB<=1k,kp<=16k,1.0994,1
4096,n<=16,sr<=70%,kvB<=1k,kp<=2k,-0.0931,1
4096,n<=16,sr<=70%,kvB<=1k,kp<=32k,1.1062,1
4096,n<=16,sr<=70%,kvB<=1k,kp<=512,-0.3814,2
4096,n<=16,sr<=70%,kvB<=1k,kp<=8k,-0.091,1
4096,n<=16,sr<=70%,kvB<=1k,kp=0,0.6275,1
4096,n<=16,sr<=70%,kvB<=4k,kp<=16k,19.9986,1
4096,n<=16,sr<=70%,kvB<=4k,kp<=2k,-0.0886,2
4096,n<=16,sr<=70%,kvB<=4k,kp<=32k,0.637,2
4096,n<=16,sr<=70%,kvB<=4k,kp<=512,0.1004,2
4096,n<=16,sr<=70%,kvB<=4k,kp<=8k,0.2029,2
4096,n<=16,sr<=70%,kvB<=4k,kp=0,-0.2473,2
4096,n<=16,sr<=70%,kvB<=64k,kp<=2k,0.0922,2
4096,n<=16,sr<=70%,kvB<=64k,kp<=32k,-0.4381,2
4096,n<=16,sr<=70%,kvB<=64k,kp<=512,0.1169,2
4096,n<=16,sr<=70%,kvB<=64k,kp<=8k,0.4613,2
4096,n<=16,sr<=70%,kvB<=64k,kp=0,0.1073,2
4096,n<=16,sr>70%,kvB<=16k,kp<=16k,1.3546,2
4096,n<=16,sr>70%,kvB<=16k,kp<=2k,2.9619,4
4096,n<=16,sr>70%,kvB<=16k,kp<=32k,0.7992,3
4096,n<=16,sr>70%,kvB<=16k,kp<=512,2.6468,4
4096,n<=16,sr>70%,kvB<=16k,kp<=8k,0.8919,3
4096,n<=16,sr>70%,kvB<=16k,kp=0,3.1399,4
4096,n<=16,sr>70%,kvB<=1k,kp<=16k,-7.8922,1
4096,n<=16,sr>70%,kvB<=1k,kp<=2k,1.7048,3
4096,n<=16,sr>70%,kvB<=1k,kp<=32k,0.5556,3
4096,n<=16,sr>70%,kvB<=1k,kp<=512,-0.974,2
4096,n<=16,sr>70%,kvB<=1k,kp<=8k,-1.0523,2
4096,n<=16,sr>70%,kvB<=1k,kp=0,1.1341,3
4096,n<=16,sr>70%,kvB<=4k,kp<=2k,3.6329,4
4096,n<=16,sr>70%,kvB<=4k,kp<=32k,-1.8785,2
4096,n<=16,sr>70%,kvB<=4k,kp<=512,3.7124,2
4096,n<=16,sr>70%,kvB<=4k,kp<=8k,1.616,2
4096,n<=16,sr>70%,kvB<=4k,kp=0,3.1488,4
4096,n<=16,sr>70%,kvB<=64k,kp<=16k,2.45,2
4096,n<=16,sr>70%,kvB<=64k,kp<=2k,2.1407,4
4096,n<=16,sr>70%,kvB<=64k,kp<=32k,0.8119,3
4096,n<=16,sr>70%,kvB<=64k,kp<=512,2.3631,4
4096,n<=16,sr>70%,kvB<=64k,kp<=8k,2.2546,4
4096,n<=16,sr>70%,kvB<=64k,kp=0,2.3071,4
4096,n<=2,sr<=70%,kvB<=16k,kp<=16k,1.7687,1
4096,n<=2,sr<=70%,kvB<=16k,kp<=2k,0.8304,2
4096,n<=2,sr<=70%,kvB<=16k,kp<=512,0.3567,2
4096,n<=2,sr<=70%,kvB<=16k,kp<=8k,0.2249,1
4096,n<=2,sr<=70%,kvB<=16k,kp=0,0.7344,2
4096,n<=2,sr<=70%,kvB<=1k,kp<=16k,7.9957,2
4096,n<=2,sr<=70%,kvB<=1k,kp<=2k,0.9557,2
4096,n<=2,sr<=70%,kvB<=1k,kp<=32k,-2.2462,2
4096,n<=2,sr<=70%,kvB<=1k,kp<=8k,2.7718,1
4096,n<=2,sr<=70%,kvB<=1k,kp=0,-28.0071,1
4096,n<=2,sr<=70%,kvB<=4k,kp<=16k,21.2722,1
4096,n<=2,sr<=70%,kvB<=4k,kp<=32k,-1.7688,1
4096,n<=2,sr<=70%,kvB<=4k,kp<=512,-15.7807,2
4096,n<=2,sr<=70%,kvB<=4k,kp<=8k,1.4241,2
4096,n<=2,sr<=70%,kvB<=4k,kp=0,3.7869,1
4096,n<=2,sr<=70%,kvB<=64k,kp<=16k,1.1192,1
4096,n<=2,sr<=70%,kvB<=64k,kp<=2k,0.1599,2
4096,n<=2,sr<=70%,kvB<=64k,kp<=32k,-0.3598,1
4096,n<=2,sr<=70%,kvB<=64k,kp<=512,0.1063,2
4096,n<=2,sr<=70%,kvB<=64k,kp<=8k,-0.0975,2
4096,n<=2,sr<=70%,kvB<=64k,kp=0,0.2187,2
4096,n<=32,sr<=15%,kvB<=16k,kp<=16k,-0.074,4
4096,n<=32,sr<=15%,kvB<=16k,kp<=2k,0.3114,6
4096,n<=32,sr<=15%,kvB<=16k,kp<=32k,0.3576,4
4096,n<=32,sr<=15%,kvB<=16k,kp<=512,0.3065,6
4096,n<=32,sr<=15%,kvB<=16k,kp<=8k,0.0899,5
4096,n<=32,sr<=15%,kvB<=16k,kp=0,0.3057,6
4096,n<=32,sr<=15%,kvB<=1k,kp<=16k,1.1842,2
4096,n<=32,sr<=15%,kvB<=1k,kp<=2k,0.8797,5
4096,n<=32,sr<=15%,kvB<=1k,kp<=32k,0.4028,4
4096,n<=32,sr<=15%,kvB<=1k,kp<=512,1.3833,6
4096,n<=32,sr<=15%,kvB<=1k,kp<=8k,0.6336,5
4096,n<=32,sr<=15%,kvB<=1k,kp=0,1.0236,6
4096,n<=32,sr<=15%,kvB<=4k,kp<=16k,0.9154,5
4096,n<=32,sr<=15%,kvB<=4k,kp<=2k,0.4837,6
4096,n<=32,sr<=15%,kvB<=4k,kp<=32k,0.7904,2
4096,n<=32,sr<=15%,kvB<=4k,kp<=512,0.4213,6
4096,n<=32,sr<=15%,kvB<=4k,kp<=8k,0.3443,5
4096,n<=32,sr<=15%,kvB<=4k,kp=0,0.4459,6
4096,n<=32,sr<=15%,kvB<=64k,kp<=16k,0.113,3
4096,n<=32,sr<=15%,kvB<=64k,kp<=2k,0.2742,6
4096,n<=32,sr<=15%,kvB<=64k,kp<=32k,0.5355,4
4096,n<=32,sr<=15%,kvB<=64k,kp<=512,0.2767,6
4096,n<=32,sr<=15%,kvB<=64k,kp<=8k,0.2545,6
4096,n<=32,sr<=15%,kvB<=64k,kp=0,0.268,6
4096,n<=32,sr<=40%,kvB<=16k,kp<=16k,0.5907,2
4096,n<=32,sr<=40%,kvB<=16k,kp<=2k,0.2085,2
4096,n<=32,sr<=40%,kvB<=16k,kp<=32k,1.0689,2
4096,n<=32,sr<=40%,kvB<=16k,kp<=512,0.1833,2
4096,n<=32,sr<=40%,kvB<=16k,kp<=8k,1.7638,2
4096,n<=32,sr<=40%,kvB<=16k,kp=0,0.1872,2
4096,n<=32,sr<=40%,kvB<=1k,kp<=16k,0.8808,1
4096,n<=32,sr<=40%,kvB<=1k,kp<=2k,-1.4546,2
4096,n<=32,sr<=40%,kvB<=1k,kp<=32k,1.1563,2
4096,n<=32,sr<=40%,kvB<=1k,kp<=512,-1.8938,2
4096,n<=32,sr<=40%,kvB<=1k,kp<=8k,0.0458,2
4096,n<=32,sr<=40%,kvB<=1k,kp=0,-5.3668,2
4096,n<=32,sr<=40%,kvB<=4k,kp<=16k,-0.6655,1
4096,n<=32,sr<=40%,kvB<=4k,kp<=2k,0.5697,2
4096,n<=32,sr<=40%,kvB<=4k,kp<=32k,0.6587,2
4096,n<=32,sr<=40%,kvB<=4k,kp<=512,0.3177,2
4096,n<=32,sr<=40%,kvB<=4k,kp<=8k,0.9621,2
4096,n<=32,sr<=40%,kvB<=4k,kp=0,0.3848,2
4096,n<=32,sr<=40%,kvB<=64k,kp<=2k,0.1331,2
4096,n<=32,sr<=40%,kvB<=64k,kp<=32k,-0.1221,2
4096,n<=32,sr<=40%,kvB<=64k,kp<=512,0.1335,2
4096,n<=32,sr<=40%,kvB<=64k,kp<=8k,0.1123,2
4096,n<=32,sr<=40%,kvB<=64k,kp=0,0.1337,2
4096,n<=32,sr<=5%,kvB<=16k,kp<=2k,0.4001,2
4096,n<=32,sr<=5%,kvB<=16k,kp<=32k,0.1597,1
4096,n<=32,sr<=5%,kvB<=16k,kp<=512,0.3404,2
4096,n<=32,sr<=5%,kvB<=16k,kp<=8k,0.3045,2
4096,n<=32,sr<=5%,kvB<=16k,kp=0,0.343,2
4096,n<=32,sr<=5%,kvB<=1k,kp<=16k,0.6271,2
4096,n<=32,sr<=5%,kvB<=1k,kp<=2k,0.6971,2
4096,n<=32,sr<=5%,kvB<=1k,kp<=512,1.1951,2
4096,n<=32,sr<=5%,kvB<=1k,kp<=8k,5.9054,1
4096,n<=32,sr<=5%,kvB<=1k,kp=0,0.7281,2
4096,n<=32,sr<=5%,kvB<=4k,kp<=16k,0.7822,2
4096,n<=32,sr<=5%,kvB<=4k,kp<=2k,0.4222,2
4096,n<=32,sr<=5%,kvB<=4k,kp<=32k,-0.1812,1
4096,n<=32,sr<=5%,kvB<=4k,kp<=512,0.4585,2
4096,n<=32,sr<=5%,kvB<=4k,kp<=8k,0.6985,2
4096,n<=32,sr<=5%,kvB<=4k,kp=0,0.4661,2
4096,n<=32,sr<=5%,kvB<=64k,kp<=16k,-0.9904,1
4096,n<=32,sr<=5%,kvB<=64k,kp<=2k,0.3184,2
4096,n<=32,sr<=5%,kvB<=64k,kp<=32k,1.1443,2
4096,n<=32,sr<=5%,kvB<=64k,kp<=512,0.32,2
4096,n<=32,sr<=5%,kvB<=64k,kp<=8k,0.2186,2
4096,n<=32,sr<=5%,kvB<=64k,kp=0,0.3194,2
4096,n<=32,sr<=70%,kvB<=16k,kp<=16k,-0.9704,2
4096,n<=32,sr<=70%,kvB<=16k,kp<=2k,0.0591,2
4096,n<=32,sr<=70%,kvB<=16k,kp<=32k,-1.8499,2
4096,n<=32,sr<=70%,kvB<=16k,kp<=512,0.0664,2
4096,n<=32,sr<=70%,kvB<=16k,kp<=8k,0.3303,2
4096,n<=32,sr<=70%,kvB<=16k,kp=0,0.0681,2
4096,n<=32,sr<=70%,kvB<=1k,kp<=16k,-1.7741,1
4096,n<=32,sr<=70%,kvB<=1k,kp<=2k,-0.4142,2
4096,n<=32,sr<=70%,kvB<=1k,kp<=32k,0.751,1
4096,n<=32,sr<=70%,kvB<=1k,kp<=512,-1.0596,1
4096,n<=32,sr<=70%,kvB<=1k,kp<=8k,1.1222,1
4096,n<=32,sr<=70%,kvB<=1k,kp=0,-1.0026,2
4096,n<=32,sr<=70%,kvB<=4k,kp<=2k,-0.2727,2
4096,n<=32,sr<=70%,kvB<=4k,kp<=512,-0.1317,2
4096,n<=32,sr<=70%,kvB<=4k,kp<=8k,1.2092,1
4096,n<=32,sr<=70%,kvB<=4k,kp=0,-0.0991,2
4096,n<=32,sr<=70%,kvB<=64k,kp<=2k,0.0901,2
4096,n<=32,sr<=70%,kvB<=64k,kp<=32k,-1.5541,1
4096,n<=32,sr<=70%,kvB<=64k,kp<=512,0.0841,2
4096,n<=32,sr<=70%,kvB<=64k,kp<=8k,-0.0077,2
4096,n<=32,sr<=70%,kvB<=64k,kp=0,0.0999,2
4096,n<=32,sr>70%,kvB<=16k,kp<=16k,0.9165,3
4096,n<=32,sr>70%,kvB<=16k,kp<=2k,3.1495,4
4096,n<=32,sr>70%,kvB<=16k,kp<=32k,0.4803,1
4096,n<=32,sr>70%,kvB<=16k,kp<=512,3.3218,4
4096,n<=32,sr>70%,kvB<=16k,kp<=8k,2.3382,4
4096,n<=32,sr>70%,kvB<=16k,kp=0,3.2656,4
4096,n<=32,sr>70%,kvB<=1k,kp<=16k,3.4331,2
4096,n<=32,sr>70%,kvB<=1k,kp<=2k,1.2713,2
4096,n<=32,sr>70%,kvB<=1k,kp<=32k,-0.0072,3
4096,n<=32,sr>70%,kvB<=1k,kp<=512,2.0558,2
4096,n<=32,sr>70%,kvB<=1k,kp<=8k,0.1074,4
4096,n<=32,sr>70%,kvB<=1k,kp=0,1.8355,3
4096,n<=32,sr>70%,kvB<=4k,kp<=16k,0.4373,2
4096,n<=32,sr>70%,kvB<=4k,kp<=2k,2.0558,3
4096,n<=32,sr>70%,kvB<=4k,kp<=32k,3.1707,1
4096,n<=32,sr>70%,kvB<=4k,kp<=512,2.9885,3
4096,n<=32,sr>70%,kvB<=4k,kp<=8k,0.4109,2
4096,n<=32,sr>70%,kvB<=4k,kp=0,2.5411,4
4096,n<=32,sr>70%,kvB<=64k,kp<=16k,2.5242,1
4096,n<=32,sr>70%,kvB<=64k,kp<=2k,3.0808,4
4096,n<=32,sr>70%,kvB<=64k,kp<=32k,1.3761,3
4096,n<=32,sr>70%,kvB<=64k,kp<=512,3.176,4
4096,n<=32,sr>70%,kvB<=64k,kp<=8k,2.8612,4
4096,n<=32,sr>70%,kvB<=64k,kp=0,3.1085,4
4096,n<=4,sr<=40%,kvB<=16k,kp<=2k,0.2224,2
4096,n<=4,sr<=40%,kvB<=16k,kp<=32k,5.2558,1
4096,n<=4,sr<=40%,kvB<=16k,kp<=512,0.4021,2
4096,n<=4,sr<=40%,kvB<=16k,kp<=8k,-0.1208,2
4096,n<=4,sr<=40%,kvB<=16k,kp=0,0.296,2
4096,n<=4,sr<=40%,kvB<=1k,kp<=2k,0.5289,2
4096,n<=4,sr<=40%,kvB<=1k,kp<=32k,7.004,1
4096,n<=4,sr<=40%,kvB<=1k,kp<=512,0.0674,1
4096,n<=4,sr<=40%,kvB<=1k,kp=0,0.4597,2
4096,n<=4,sr<=40%,kvB<=4k,kp<=16k,0.5671,2
4096,n<=4,sr<=40%,kvB<=4k,kp<=2k,1.9508,1
4096,n<=4,sr<=40%,kvB<=4k,kp<=512,1.8239,2
4096,n<=4,sr<=40%,kvB<=4k,kp<=8k,0.6208,2
4096,n<=4,sr<=40%,kvB<=4k,kp=0,1.5395,2
4096,n<=4,sr<=40%,kvB<=64k,kp<=2k,0.2593,2
4096,n<=4,sr<=40%,kvB<=64k,kp<=32k,0.2788,2
4096,n<=4,sr<=40%,kvB<=64k,kp<=512,0.1127,2
4096,n<=4,sr<=40%,kvB<=64k,kp<=8k,-1.153,2
4096,n<=4,sr<=40%,kvB<=64k,kp=0,0.0921,2
4096,n<=4,sr<=70%,kvB<=16k,kp<=16k,2.9271,2
4096,n<=4,sr<=70%,kvB<=16k,kp<=2k,0.233,2
4096,n<=4,sr<=70%,kvB<=16k,kp<=512,0.0666,2
4096,n<=4,sr<=70%,kvB<=16k,kp<=8k,0.0892,2
4096,n<=4,sr<=70%,kvB<=16k,kp=0,0.2287,2
4096,n<=4,sr<=70%,kvB<=1k,kp<=2k,-0.0501,2
4096,n<=4,sr<=70%,kvB<=1k,kp<=32k,0.6531,2
4096,n<=4,sr<=70%,kvB<=1k,kp<=512,0.681,1
4096,n<=4,sr<=70%,kvB<=1k,kp=0,3.482,2
4096,n<=4,sr<=70%,kvB<=4k,kp<=2k,0.87,1
4096,n<=4,sr<=70%,kvB<=4k,kp<=32k,-0.0105,2
4096,n<=4,sr<=70%,kvB<=4k,kp<=512,0.411,1
4096,n<=4,sr<=70%,kvB<=4k,kp<=8k,1.2532,2
4096,n<=4,sr<=70%,kvB<=4k,kp=0,0.5257,2
4096,n<=4,sr<=70%,kvB<=64k,kp<=16k,1.7842,1
4096,n<=4,sr<=70%,kvB<=64k,kp<=2k,0.0613,2
4096,n<=4,sr<=70%,kvB<=64k,kp<=32k,1.3907,1
4096,n<=4,sr<=70%,kvB<=64k,kp<=512,0.11,2
4096,n<=4,sr<=70%,kvB<=64k,kp<=8k,0.6404,2
4096,n<=4,sr<=70%,kvB<=64k,kp=0,0.0816,2
4096,n<=4,sr>70%,kvB<=16k,kp<=2k,-0.0226,2
4096,n<=4,sr>70%,kvB<=16k,kp<=32k,0.8244,1
4096,n<=4,sr>70%,kvB<=16k,kp<=512,0.0567,1
4096,n<=4,sr>70%,kvB<=16k,kp<=8k,3.4716,1
4096,n<=4,sr>70%,kvB<=16k,kp=0,0.244,2
4096,n<=4,sr>70%,kvB<=1k,kp<=16k,2.316,2
4096,n<=4,sr>70%,kvB<=1k,kp<=2k,6.0549,1
4096,n<=4,sr>70%,kvB<=1k,kp<=32k,0.0141,1
4096,n<=4,sr>70%,kvB<=1k,kp<=512,0.9461,1
4096,n<=4,sr>70%,kvB<=1k,kp=0,0.8394,1
4096,n<=4,sr>70%,kvB<=4k,kp<=16k,0.6888,1
4096,n<=4,sr>70%,kvB<=4k,kp<=2k,0.4497,1
4096,n<=4,sr>70%,kvB<=4k,kp<=32k,4.8598,1
4096,n<=4,sr>70%,kvB<=4k,kp<=512,0.3589,1
4096,n<=4,sr>70%,kvB<=4k,kp=0,0.4138,1
4096,n<=4,sr>70%,kvB<=64k,kp<=2k,0.366,2
4096,n<=4,sr>70%,kvB<=64k,kp<=512,-0.1833,2
4096,n<=4,sr>70%,kvB<=64k,kp<=8k,0.0151,2
4096,n<=4,sr>70%,kvB<=64k,kp=0,-0.0529,2
4096,n<=64,sr<=15%,kvB<=16k,kp<=16k,0.1101,1
4096,n<=64,sr<=15%,kvB<=16k,kp<=2k,0.2876,4
4096,n<=64,sr<=15%,kvB<=16k,kp<=32k,0.4118,3
4096,n<=64,sr<=15%,kvB<=16k,kp<=512,0.3032,4
4096,n<=64,sr<=15%,kvB<=16k,kp<=8k,0.5058,4
4096,n<=64,sr<=15%,kvB<=16k,kp=0,0.2981,4
4096,n<=64,sr<=15%,kvB<=1k,kp<=16k,-0.1259,2
4096,n<=64,sr<=15%,kvB<=1k,kp<=2k,0.4456,4
4096,n<=64,sr<=15%,kvB<=1k,kp<=32k,-1.1712,2
4096,n<=64,sr<=15%,kvB<=1k,kp<=512,0.6519,4
4096,n<=64,sr<=15%,kvB<=1k,kp<=8k,0.6881,3
4096,n<=64,sr<=15%,kvB<=1k,kp=0,0.7514,4
4096,n<=64,sr<=15%,kvB<=4k,kp<=16k,0.4019,2
4096,n<=64,sr<=15%,kvB<=4k,kp<=2k,0.3507,4
4096,n<=64,sr<=15%,kvB<=4k,kp<=32k,1.6534,2
4096,n<=64,sr<=15%,kvB<=4k,kp<=512,0.3611,4
4096,n<=64,sr<=15%,kvB<=4k,kp<=8k,-0.0819,4
4096,n<=64,sr<=15%,kvB<=4k,kp=0,0.3929,4
4096,n<=64,sr<=15%,kvB<=64k,kp<=16k,0.1707,2
4096,n<=64,sr<=15%,kvB<=64k,kp<=2k,0.2695,4
4096,n<=64,sr<=15%,kvB<=64k,kp<=32k,0.6771,3
4096,n<=64,sr<=15%,kvB<=64k,kp<=512,0.2689,4
4096,n<=64,sr<=15%,kvB<=64k,kp<=8k,0.2751,4
4096,n<=64,sr<=15%,kvB<=64k,kp=0,0.2649,4
4096,n<=64,sr<=40%,kvB<=16k,kp<=16k,-0.3737,2
4096,n<=64,sr<=40%,kvB<=16k,kp<=2k,0.3103,2
4096,n<=64,sr<=40%,kvB<=16k,kp<=32k,0.8662,1
4096,n<=64,sr<=40%,kvB<=16k,kp<=512,0.3195,2
4096,n<=64,sr<=40%,kvB<=16k,kp<=8k,0.4102,2
4096,n<=64,sr<=40%,kvB<=16k,kp=0,0.3218,2
4096,n<=64,sr<=40%,kvB<=1k,kp<=2k,0.7424,2
4096,n<=64,sr<=40%,kvB<=1k,kp<=512,0.8802,2
4096,n<=64,sr<=40%,kvB<=1k,kp<=8k,1.2941,2
4096,n<=64,sr<=40%,kvB<=1k,kp=0,0.8714,2
4096,n<=64,sr<=40%,kvB<=4k,kp<=16k,1.1782,2
4096,n<=64,sr<=40%,kvB<=4k,kp<=2k,0.4781,2
4096,n<=64,sr<=40%,kvB<=4k,kp<=32k,0.4355,1
4096,n<=64,sr<=40%,kvB<=4k,kp<=512,0.4794,2
4096,n<=64,sr<=40%,kvB<=4k,kp<=8k,0.0899,1
4096,n<=64,sr<=40%,kvB<=4k,kp=0,0.5059,2
4096,n<=64,sr<=40%,kvB<=64k,kp<=16k,0.7823,1
4096,n<=64,sr<=40%,kvB<=64k,kp<=2k,0.2669,2
4096,n<=64,sr<=40%,kvB<=64k,kp<=32k,0.8251,2
4096,n<=64,sr<=40%,kvB<=64k,kp<=512,0.2629,2
4096,n<=64,sr<=40%,kvB<=64k,kp<=8k,0.2845,2
4096,n<=64,sr<=40%,kvB<=64k,kp=0,0.2676,2
4096,n<=64,sr<=5%,kvB<=16k,kp<=16k,0.6037,6
4096,n<=64,sr<=5%,kvB<=16k,kp<=2k,0.3286,6
4096,n<=64,sr<=5%,kvB<=16k,kp<=32k,-0.1555,4
4096,n<=64,sr<=5%,kvB<=16k,kp<=512,0.3272,6
4096,n<=64,sr<=5%,kvB<=16k,kp<=8k,0.2581,6
4096,n<=64,sr<=5%,kvB<=16k,kp=0,0.3292,6
4096,n<=64,sr<=5%,kvB<=1k,kp<=16k,0.8267,2
4096,n<=64,sr<=5%,kvB<=1k,kp<=2k,0.3226,6
4096,n<=64,sr<=5%,kvB<=1k,kp<=32k,0.8744,2
4096,n<=64,sr<=5%,kvB<=1k,kp<=512,0.5003,6
4096,n<=64,sr<=5%,kvB<=1k,kp<=8k,0.4403,5
4096,n<=64,sr<=5%,kvB<=1k,kp=0,0.4816,6
4096,n<=64,sr<=5%,kvB<=4k,kp<=16k,1.0838,3
4096,n<=64,sr<=5%,kvB<=4k,kp<=2k,0.3416,6
4096,n<=64,sr<=5%,kvB<=4k,kp<=32k,0.3164,5
4096,n<=64,sr<=5%,kvB<=4k,kp<=512,0.3918,6
4096,n<=64,sr<=5%,kvB<=4k,kp<=8k,0.2717,5
4096,n<=64,sr<=5%,kvB<=4k,kp=0,0.378,6
4096,n<=64,sr<=5%,kvB<=64k,kp<=16k,0.5157,3
4096,n<=64,sr<=5%,kvB<=64k,kp<=2k,0.3091,6
4096,n<=64,sr<=5%,kvB<=64k,kp<=32k,0.5212,6
4096,n<=64,sr<=5%,kvB<=64k,kp<=512,0.3096,6
4096,n<=64,sr<=5%,kvB<=64k,kp<=8k,0.2814,6
4096,n<=64,sr<=5%,kvB<=64k,kp=0,0.3097,6
4096,n<=64,sr<=70%,kvB<=16k,kp<=16k,0.758,2
4096,n<=64,sr<=70%,kvB<=16k,kp<=2k,0.4255,2
4096,n<=64,sr<=70%,kvB<=16k,kp<=32k,5.3495,1
4096,n<=64,sr<=70%,kvB<=16k,kp<=512,0.4267,2
4096,n<=64,sr<=70%,kvB<=16k,kp<=8k,0.4185,2
4096,n<=64,sr<=70%,kvB<=16k,kp=0,0.4283,2
4096,n<=64,sr<=70%,kvB<=1k,kp<=16k,0.5757,1
4096,n<=64,sr<=70%,kvB<=1k,kp<=2k,4.1944,2
4096,n<=64,sr<=70%,kvB<=1k,kp<=32k,0.5153,1
4096,n<=64,sr<=70%,kvB<=1k,kp<=512,2.2976,2
4096,n<=64,sr<=70%,kvB<=1k,kp<=8k,1.3135,2
4096,n<=64,sr<=70%,kvB<=1k,kp=0,2.0486,2
4096,n<=64,sr<=70%,kvB<=4k,kp<=16k,-6.3648,1
4096,n<=64,sr<=70%,kvB<=4k,kp<=2k,0.8466,2
4096,n<=64,sr<=70%,kvB<=4k,kp<=32k,-1.4475,1
4096,n<=64,sr<=70%,kvB<=4k,kp<=512,0.7616,2
4096,n<=64,sr<=70%,kvB<=4k,kp<=8k,1.804,2
4096,n<=64,sr<=70%,kvB<=4k,kp=0,0.8155,2
4096,n<=64,sr<=70%,kvB<=64k,kp<=16k,0.9922,1
4096,n<=64,sr<=70%,kvB<=64k,kp<=2k,0.348,2
4096,n<=64,sr<=70%,kvB<=64k,kp<=32k,0.3035,1
4096,n<=64,sr<=70%,kvB<=64k,kp<=512,0.355,2
4096,n<=64,sr<=70%,kvB<=64k,kp<=8k,0.3871,2
4096,n<=64,sr<=70%,kvB<=64k,kp=0,0.3489,2
4096,n<=64,sr>70%,kvB<=16k,kp<=16k,2.435,1
4096,n<=64,sr>70%,kvB<=16k,kp<=2k,1.3859,4
4096,n<=64,sr>70%,kvB<=16k,kp<=32k,-0.1106,3
4096,n<=64,sr>70%,kvB<=16k,kp<=512,1.3735,4
4096,n<=64,sr>70%,kvB<=16k,kp<=8k,0.9072,4
4096,n<=64,sr>70%,kvB<=16k,kp=0,1.3812,4
4096,n<=64,sr>70%,kvB<=1k,kp<=16k,0.5974,3
4096,n<=64,sr>70%,kvB<=1k,kp<=2k,3.7869,2
4096,n<=64,sr>70%,kvB<=1k,kp<=32k,2.1323,2
4096,n<=64,sr>70%,kvB<=1k,kp<=512,3.0568,4
4096,n<=64,sr>70%,kvB<=1k,kp<=8k,0.8562,4
4096,n<=64,sr>70%,kvB<=1k,kp=0,2.7963,4
4096,n<=64,sr>70%,kvB<=4k,kp<=16k,0.5477,1
4096,n<=64,sr>70%,kvB<=4k,kp<=2k,2.1977,4
4096,n<=64,sr>70%,kvB<=4k,kp<=32k,1.1139,2
4096,n<=64,sr>70%,kvB<=4k,kp<=512,1.4979,4
4096,n<=64,sr>70%,kvB<=4k,kp<=8k,0.6345,3
4096,n<=64,sr>70%,kvB<=4k,kp=0,1.7428,4
4096,n<=64,sr>70%,kvB<=64k,kp<=16k,-0.073,2
4096,n<=64,sr>70%,kvB<=64k,kp<=2k,1.0696,4
4096,n<=64,sr>70%,kvB<=64k,kp<=32k,1.3771,4
4096,n<=64,sr>70%,kvB<=64k,kp<=512,1.0884,4
4096,n<=64,sr>70%,kvB<=64k,kp<=8k,1.0859,4
4096,n<=64,sr>70%,kvB<=64k,kp=0,1.0753,4
4096,n<=8,sr<=15%,kvB<=16k,kp<=16k,-2.6354,1
4096,n<=8,sr<=15%,kvB<=16k,kp<=2k,0.2056,2
4096,n<=8,sr<=15%,kvB<=16k,kp<=32k,0.7782,2
4096,n<=8,sr<=15%,kvB<=16k,kp<=512,0.0976,2
4096,n<=8,sr<=15%,kvB<=16k,kp<=8k,0.2154,2
4096,n<=8,sr<=15%,kvB<=16k,kp=0,0.0878,2
4096,n<=8,sr<=15%,kvB<=1k,kp<=2k,0.3199,2
4096,n<=8,sr<=15%,kvB<=1k,kp<=512,2.0797,2
4096,n<=8,sr<=15%,kvB<=1k,kp<=8k,-0.0545,1
4096,n<=8,sr<=15%,kvB<=1k,kp=0,0.8456,2
4096,n<=8,sr<=15%,kvB<=4k,kp<=16k,0.8184,2
4096,n<=8,sr<=15%,kvB<=4k,kp<=2k,0.081,1
4096,n<=8,sr<=15%,kvB<=4k,kp<=32k,-113.5045,1
4096,n<=8,sr<=15%,kvB<=4k,kp<=512,0.3424,2
4096,n<=8,sr<=15%,kvB<=4k,kp<=8k,-0.6229,1
4096,n<=8,sr<=15%,kvB<=4k,kp=0,0.0651,2
4096,n<=8,sr<=15%,kvB<=64k,kp<=16k,1.1851,1
4096,n<=8,sr<=15%,kvB<=64k,kp<=2k,0.0169,2
4096,n<=8,sr<=15%,kvB<=64k,kp<=32k,-0.0177,1
4096,n<=8,sr<=15%,kvB<=64k,kp<=512,0.0266,2
4096,n<=8,sr<=15%,kvB<=64k,kp<=8k,-0.1649,2
4096,n<=8,sr<=15%,kvB<=64k,kp=0,0.0322,2
4096,n<=8,sr<=40%,kvB<=16k,kp<=16k,1.5824,2
4096,n<=8,sr<=40%,kvB<=16k,kp<=2k,-0.0186,4
4096,n<=8,sr<=40%,kvB<=16k,kp<=32k,0.4242,4
4096,n<=8,sr<=40%,kvB<=16k,kp<=512,0.1171,4
4096,n<=8,sr<=40%,kvB<=16k,kp<=8k,0.1152,3
4096,n<=8,sr<=40%,kvB<=16k,kp=0,-0.0292,4
4096,n<=8,sr<=40%,kvB<=1k,kp<=16k,5.3207,2
4096,n<=8,sr<=40%,kvB<=1k,kp<=2k,1.1597,3
4096,n<=8,sr<=40%,kvB<=1k,kp<=32k,1.1854,3
4096,n<=8,sr<=40%,kvB<=1k,kp<=512,0.4382,4
4096,n<=8,sr<=40%,kvB<=1k,kp<=8k,1.0931,1
4096,n<=8,sr<=40%,kvB<=1k,kp=0,0.0405,3
4096,n<=8,sr<=40%,kvB<=4k,kp<=16k,0.9355,2
4096,n<=8,sr<=40%,kvB<=4k,kp<=2k,0.1898,3
4096,n<=8,sr<=40%,kvB<=4k,kp<=32k,0.6221,3
4096,n<=8,sr<=40%,kvB<=4k,kp<=512,0.3475,4
4096,n<=8,sr<=40%,kvB<=4k,kp<=8k,0.5409,4
4096,n<=8,sr<=40%,kvB<=4k,kp=0,0.0978,4
4096,n<=8,sr<=40%,kvB<=64k,kp<=16k,0.1039,2
4096,n<=8,sr<=40%,kvB<=64k,kp<=2k,0.0312,4
4096,n<=8,sr<=40%,kvB<=64k,kp<=32k,0.7141,3
4096,n<=8,sr<=40%,kvB<=64k,kp<=512,0.0218,4
4096,n<=8,sr<=40%,kvB<=64k,kp<=8k,-0.4885,3
4096,n<=8,sr<=40%,kvB<=64k,kp=0,-0.0123,4
4096,n<=8,sr<=70%,kvB<=16k,kp<=16k,-0.6332,1
4096,n<=8,sr<=70%,kvB<=16k,kp<=2k,0.2756,2
4096,n<=8,sr<=70%,kvB<=16k,kp<=32k,-1.1339,2
4096,n<=8,sr<=70%,kvB<=16k,kp<=512,0.2233,2
4096,n<=8,sr<=70%,kvB<=16k,kp<=8k,0.8505,2
4096,n<=8,sr<=70%,kvB<=16k,kp=0,-0.022,2
4096,n<=8,sr<=70%,kvB<=1k,kp<=32k,0.5947,2
4096,n<=8,sr<=70%,kvB<=1k,kp<=512,0.9031,2
4096,n<=8,sr<=70%,kvB<=1k,kp<=8k,3.4846,2
4096,n<=8,sr<=70%,kvB<=4k,kp<=16k,-0.7645,1
4096,n<=8,sr<=70%,kvB<=4k,kp<=2k,0.8393,1
4096,n<=8,sr<=70%,kvB<=4k,kp<=32k,-0.6102,2
4096,n<=8,sr<=70%,kvB<=4k,kp<=512,0.0447,1
4096,n<=8,sr<=70%,kvB<=4k,kp<=8k,-0.1279,2
4096,n<=8,sr<=70%,kvB<=4k,kp=0,0.4652,2
4096,n<=8,sr<=70%,kvB<=64k,kp<=2k,0.0667,2
4096,n<=8,sr<=70%,kvB<=64k,kp<=32k,-0.9122,1
4096,n<=8,sr<=70%,kvB<=64k,kp<=512,0.1232,2
4096,n<=8,sr<=70%,kvB<=64k,kp<=8k,0.1739,2
4096,n<=8,sr<=70%,kvB<=64k,kp=0,0.146,2
4096,n<=8,sr>70%,kvB<=16k,kp<=16k,0.5518,2
4096,n<=8,sr>70%,kvB<=16k,kp<=2k,0.0498,4
4096,n<=8,sr>70%,kvB<=16k,kp<=512,0.0608,4
4096,n<=8,sr>70%,kvB<=16k,kp=0,-0.3531,4
4096,n<=8,sr>70%,kvB<=1k,kp<=16k,0.5284,4
4096,n<=8,sr>70%,kvB<=1k,kp<=2k,-0.2664,1
4096,n<=8,sr>70%,kvB<=1k,kp<=32k,0.1463,2
4096,n<=8,sr>70%,kvB<=1k,kp<=8k,-0.601,1
4096,n<=8,sr>70%,kvB<=4k,kp<=16k,0.7661,3
4096,n<=8,sr>70%,kvB<=4k,kp<=2k,0.368,3
4096,n<=8,sr>70%,kvB<=4k,kp<=32k,-0.0235,2
4096,n<=8,sr>70%,kvB<=4k,kp<=512,0.8908,1
4096,n<=8,sr>70%,kvB<=4k,kp<=8k,0.8694,2
4096,n<=8,sr>70%,kvB<=4k,kp=0,0.2643,1
4096,n<=8,sr>70%,kvB<=64k,kp<=16k,0.1642,2
4096,n<=8,sr>70%,kvB<=64k,kp<=2k,-0.1918,4
4096,n<=8,sr>70%,kvB<=64k,kp<=32k,-5.1407,1
4096,n<=8,sr>70%,kvB<=64k,kp<=512,-0.0841,4
4096,n<=8,sr>70%,kvB<=64k,kp<=8k,0.0629,3
4096,n<=8,sr>70%,kvB<=64k,kp=0,-0.0455,4
