prefill_chunk,kv_prefill,n_decode,kv_decode,time_us
0,0,1,16,17.2105
0,0,1,32,17.3008
0,0,1,64,18.8587
0,0,1,128,20.4002
0,0,1,256,22.8803
0,0,1,512,25.179
0,0,1,1024,25.605
0,0,1,2048,26.3357
0,0,1,4096,27.5042
0,0,1,8192,30.0633
0,0,1,16384,34.2028
0,0,1,32768,39.7008
0,0,1,65536,49.7338
0,0,2,16,17.403
0,0,2,32,17.472
0,0,2,64,19.003
0,0,2,128,20.4538
0,0,2,256,23.387
0,0,2,512,25.6747
0,0,2,1024,25.5357
0,0,2,2048,26.8485
0,0,2,4096,28.202
0,0,2,8192,30.7577
0,0,2,16384,36.6665
0,0,2,32768,46.2457
0,0,2,65536,63.9678
0,0,4,16,17.4348
0,0,4,32,17.6373
0,0,4,64,19.051
0,0,4,128,20.624
0,0,4,256,23.2005
0,0,4,512,24.9173
0,0,4,1024,25.3278
0,0,4,2048,26.8423
0,0,4,4096,29.4287
0,0,4,8192,34.832
0,0,4,16384,43.8455
0,0,4,32768,62.3467
0,0,4,65536,95.8722
0,0,8,16,17.5737
0,0,8,32,17.8182
0,0,8,64,19.024
0,0,8,128,20.6297
0,0,8,256,23.6053
0,0,8,512,25.1575
0,0,8,1024,26.566
0,0,8,2048,29.0775
0,0,8,4096,34.8318
0,0,8,8192,43.499
0,0,8,16384,60.9763
0,0,8,32768,95.0025
0,0,8,65536,162.902
0,0,16,16,17.7598
0,0,16,32,17.9633
0,0,16,64,19.429
0,0,16,128,21.094
0,0,16,256,25.3973
0,0,16,512,26.5973
0,0,16,1024,30.0483
0,0,16,2048,34.9497
0,0,16,4096,44.155
0,0,16,8192,60.5603
0,0,16,16384,96.5813
0,0,16,32768,162.352
0,0,16,65536,297.025
0,0,32,16,18.7468
0,0,32,32,19.0025
0,0,32,64,20.5653
0,0,32,128,22.1232
0,0,32,256,28.144
0,0,32,512,31.2693
0,0,32,1024,35.9465
0,0,32,2048,44.5493
0,0,32,4096,61.6372
0,0,32,8192,97.1572
0,0,32,16384,163.883
0,0,32,32768,298.32
0,0,32,65536,565.981
0,0,64,16,19.8082
0,0,64,32,20.0218
0,0,64,64,21.9518
0,0,64,128,23.6802
0,0,64,256,33.2693
0,0,64,512,38.2187
0,0,64,1024,47.1523
0,0,64,2048,65.1575
0,0,64,4096,100.368
0,0,64,8192,167.462
0,0,64,16384,302.497
0,0,64,32768,571.063
0,0,64,65536,1108.22
0,0,128,16,21.755
0,0,128,32,22.2345
0,0,128,64,24.3045
0,0,128,128,27.6268
0,0,128,256,39.7982
0,0,128,512,50.305
0,0,128,1024,67.8242
0,0,128,2048,102.753
0,0,128,4096,169.308
0,0,128,8192,303.372
0,0,128,16384,571.149
0,0,128,32768,1108.76
0,0,128,65536,2183.86
0,0,256,16,29.0292
0,0,256,32,29.6157
0,0,256,64,33.2323
0,0,256,128,40.059
0,0,256,256,65.2052
0,0,256,512,84.4158
0,0,256,1024,119.035
0,0,256,2048,184.87
0,0,256,4096,318.027
0,0,256,8192,583.33
0,0,256,16384,1109.56
0,0,256,32768,2162.93
0,0,256,65536,4282.39
16,0,0,0,22.7307
16,0,1,16,22.576
16,0,1,32,22.8798
16,0,1,64,23.5947
16,0,1,128,25.4078
16,0,1,256,30.0055
16,0,1,512,28.8532
16,0,1,1024,28.6507
16,0,1,2048,30.1655
16,0,1,4096,32.2455
16,0,1,8192,36.1977
16,0,1,16384,42.4318
16,0,1,32768,56.6935
16,0,1,65536,86.3732
16,0,2,16,22.7095
16,0,2,32,22.6347
16,0,2,64,23.4242
16,0,2,128,25.1948
16,0,2,256,30.2083
16,0,2,512,28.4213
16,0,2,1024,29.04
16,0,2,2048,30.7895
16,0,2,4096,32.347
16,0,2,8192,37.1412
16,0,2,16384,43.0085
16,0,2,32768,58.3578
16,0,2,65536,87.7928
16,0,4,16,22.6722
16,0,4,32,22.6775
16,0,4,64,23.9257
16,0,4,128,25.259
16,0,4,256,28.1127
16,0,4,512,28.7042
16,0,4,1024,29.6963
16,0,4,2048,31.1253
16,0,4,4096,35.9153
16,0,4,8192,39.0295
16,0,4,16384,48.1067
16,0,4,32768,66.843
16,0,4,65536,101.264
16,0,8,16,23.104
16,0,8,32,22.8103
16,0,8,64,24.0268
16,0,8,128,25.712
16,0,8,256,28.7145
16,0,8,512,29.2162
16,0,8,1024,31.4455
16,0,8,2048,34.2773
16,0,8,4096,39.0775
16,0,8,8192,47.6802
16,0,8,16384,66.1333
16,0,8,32768,100.203
16,0,8,65536,166.923
16,0,16,16,23.168
16,0,16,32,23.029
16,0,16,64,24.8263
16,0,16,128,26.0375
16,0,16,256,31.019
16,0,16,512,31.381
16,0,16,1024,33.8402
16,0,16,2048,38.7943
16,0,16,4096,47.8298
16,0,16,8192,65.542
16,0,16,16384,100.844
16,0,16,32768,166.432
16,0,16,65536,301.868
16,0,32,16,23.6373
16,0,32,32,23.7928
16,0,32,64,25.0942
16,0,32,128,26.6617
16,0,32,256,32.0163
16,0,32,512,34.7465
16,0,32,1024,39.2158
16,0,32,2048,47.942
16,0,32,4096,65.6958
16,0,32,8192,100.966
16,0,32,16384,168.342
16,0,32,32768,303.121
16,0,32,65536,572.29
16,0,64,16,23.9208
16,0,64,32,24.4535
16,0,64,64,25.7707
16,0,64,128,27.3918
16,0,64,256,36.5758
16,0,64,512,41.6108
16,0,64,1024,51.2322
16,0,64,2048,69.1253
16,0,64,4096,103.915
16,0,64,8192,170.582
16,0,64,16384,306.022
16,0,64,32768,573.314
16,0,64,65536,1113.92
16,0,128,16,25.4345
16,0,128,32,25.9682
16,0,128,64,28.6458
16,0,128,128,30.891
16,0,128,256,43.2
16,0,128,512,53.3777
16,0,128,1024,71.381
16,0,128,2048,106.368
16,0,128,4096,172.572
16,0,128,8192,307.5
16,0,128,16384,575.9
16,0,128,32768,1113.72
16,0,128,65536,2185.46
16,16,0,0,22.3515
16,16,1,16,22.8318
16,16,1,32,22.8215
16,16,1,64,23.6477
16,16,1,128,25.2052
16,16,1,256,30.2987
16,16,1,512,28.7362
16,16,1,1024,29.2697
16,16,1,2048,30.0375
16,16,1,4096,31.7552
16,16,1,8192,35.7817
16,16,1,16384,41.7332
16,16,1,32768,56.2402
16,16,1,65536,85.2105
16,16,2,16,22.5118
16,16,2,32,22.6027
16,16,2,64,23.8452
16,16,2,128,25.2052
16,16,2,256,30.1015
16,16,2,512,28.091
16,16,2,1024,28.4537
16,16,2,2048,30.571
16,16,2,4096,32.4535
16,16,2,8192,36.5385
16,16,2,16384,43.0243
16,16,2,32768,58.6675
16,16,2,65536,88.1283
16,16,4,16,22.8105
16,16,4,32,22.9073
16,16,4,64,23.7758
16,16,4,128,25.4665
16,16,4,256,28.7303
16,16,4,512,28.3952
16,16,4,1024,29.3915
16,16,4,2048,30.2613
16,16,4,4096,35.7122
16,16,4,8192,41.6637
16,16,4,16384,48.2463
16,16,4,32768,66.5872
16,16,4,65536,101.302
16,16,8,16,22.9605
16,16,8,32,23.2478
16,16,8,64,24.2668
16,16,8,128,25.6263
16,16,8,256,28.9653
16,16,8,512,29.0132
16,16,8,1024,31.1468
16,16,8,2048,33.8132
16,16,8,4096,38.7682
16,16,8,8192,48.795
16,16,8,16384,65.5415
16,16,8,32768,99.1362
16,16,8,65536,165.99
16,16,16,16,23.3013
16,16,16,32,23.168
16,16,16,64,24.4272
16,16,16,128,26.0908
16,16,16,256,30.5758
16,16,16,512,30.5922
16,16,16,1024,33.5683
16,16,16,2048,38.8423
16,16,16,4096,48.6352
16,16,16,8192,64.6562
16,16,16,16384,100.299
16,16,16,32768,167.04
16,16,16,65536,301.596
16,16,32,16,23.4187
16,16,32,32,23.6533
16,16,32,64,25.1947
16,16,32,128,26.7463
16,16,32,256,32.0695
16,16,32,512,34.7207
16,16,32,1024,39.0238
16,16,32,2048,48.5652
16,16,32,4096,65.4875
16,16,32,8192,101.024
16,16,32,16384,167.626
16,16,32,32768,301.872
16,16,32,65536,571.901
16,16,64,16,24.0105
16,16,64,32,24.1602
16,16,64,64,25.8398
16,16,64,128,27.4505
16,16,64,256,36.4903
16,16,64,512,41.5887
16,16,64,1024,51.5307
16,16,64,2048,68.9225
16,16,64,4096,104.293
16,16,64,8192,170.426
16,16,64,16384,305.141
16,16,64,32768,575.514
16,16,64,65536,1112.95
16,16,128,16,25.7495
16,16,128,32,26.0962
16,16,128,64,28.6505
16,16,128,128,30.8212
16,16,128,256,42.5923
16,16,128,512,52.8958
16,16,128,1024,70.8687
16,16,128,2048,105.211
16,16,128,4096,173.744
16,16,128,8192,308.378
16,16,128,16384,575.215
16,16,128,32768,1113.08
16,16,128,65536,2186.86
16,32,0,0,22.6133
16,32,1,16,22.592
16,32,1,32,22.826
16,32,1,64,23.6587
16,32,1,128,25.2957
16,32,1,256,30.1865
16,32,1,512,28.8422
16,32,1,1024,29.4877
16,32,1,2048,29.9885
16,32,1,4096,31.9043
16,32,1,8192,35.5735
16,32,1,16384,42.4318
16,32,1,32768,56.5228
16,32,1,65536,85.8463
16,32,2,16,22.8272
16,32,2,32,22.7788
16,32,2,64,23.6803
16,32,2,128,25.2795
16,32,2,256,30.1442
16,32,2,512,27.9733
16,32,2,1024,28.6987
16,32,2,2048,30.5812
16,32,2,4096,32.1388
16,32,2,8192,37.1842
16,32,2,16384,42.811
16,32,2,32768,58.4213
16,32,2,65536,88.2777
16,32,4,16,23.046
16,32,4,32,22.9652
16,32,4,64,23.6537
16,32,4,128,25.5668
16,32,4,256,28.4962
16,32,4,512,28.6402
16,32,4,1024,29.419
16,32,4,2048,30.2985
16,32,4,4096,35.728
16,32,4,8192,41.0775
16,32,4,16384,49.7863
16,32,4,32768,67.7068
16,32,4,65536,101.269
16,32,8,16,22.9493
16,32,8,32,23.4133
16,32,8,64,24.1603
16,32,8,128,25.3548
16,32,8,256,29.2
16,32,8,512,28.6238
16,32,8,1024,31.232
16,32,8,2048,33.8775
16,32,8,4096,38.7312
16,32,8,8192,47.3442
16,32,8,16384,66.8053
16,32,8,32768,99.1362
16,32,8,65536,165.648
16,32,16,16,23.4877
16,32,16,32,23.3703
16,32,16,64,24.6608
16,32,16,128,26.0375
16,32,16,256,30.4912
16,32,16,512,30.5123
16,32,16,1024,33.712
16,32,16,2048,38.928
16,32,16,4096,48.1912
16,32,16,8192,64.9868
16,32,16,16384,100.085
16,32,16,32768,166.656
16,32,16,65536,301.622
16,32,32,16,23.4883
16,32,32,32,23.6532
16,32,32,64,25.1037
16,32,32,128,26.7145
16,32,32,256,32.2557
16,32,32,512,35.0562
16,32,32,1024,39.659
16,32,32,2048,48.6343
16,32,32,4096,66.0752
16,32,32,8192,100.913
16,32,32,16384,168.454
16,32,32,32768,301.681
16,32,32,65536,572.577
16,32,64,16,24.3518
16,32,64,32,24.5277
16,32,64,64,26.0053
16,32,64,128,27.344
16,32,64,256,36.928
16,32,64,512,41.9145
16,32,64,1024,51.4557
16,32,64,2048,68.5068
16,32,64,4096,103.883
16,32,64,8192,170.806
16,32,64,16384,304.225
16,32,64,32768,574.663
16,32,64,65536,1110.71
16,32,128,16,25.6848
16,32,128,32,26.2987
16,32,128,64,28.4692
16,32,128,128,31.1948
16,32,128,256,42.7525
16,32,128,512,52.8103
16,32,128,1024,71.2908
16,32,128,2048,105.691
16,32,128,4096,172.886
16,32,128,8192,308.449
16,32,128,16384,575.88
16,32,128,32768,1111.89
16,32,128,65536,2185.9
16,64,0,0,24.3252
16,64,1,16,24.656
16,64,1,32,24.5495
16,64,1,64,24.7097
16,64,1,128,25.4613
16,64,1,256,32.885
16,64,1,512,31.8453
16,64,1,1024,30.768
16,64,1,2048,32.0108
16,64,1,4096,31.8347
16,64,1,8192,35.4672
16,64,1,16384,42.3147
16,64,1,32768,56.4322
16,64,1,65536,85.6208
16,64,2,16,24.3782
16,64,2,32,24.4798
16,64,2,64,24.3737
16,64,2,128,25.0345
16,64,2,256,30.779
16,64,2,512,28.7792
16,64,2,1024,29.8348
16,64,2,2048,30.2507
16,64,2,4096,32.4432
16,64,2,8192,36.9175
16,64,2,16384,43.3012
16,64,2,32768,58.2027
16,64,2,65536,87.5572
16,64,4,16,24.4112
16,64,4,32,24.3948
16,64,4,64,24.8533
16,64,4,128,25.3013
16,64,4,256,32.1123
16,64,4,512,30.2132
16,64,4,1024,30.5972
16,64,4,2048,30.2195
16,64,4,4096,35.835
16,64,4,8192,42.2292
16,64,4,16384,48.6505
16,64,4,32768,66.4855
16,64,4,65536,101.424
16,64,8,16,24.752
16,64,8,32,24.8427
16,64,8,64,24.8917
16,64,8,128,25.6743
16,64,8,256,32.3467
16,64,8,512,29.9843
16,64,8,1024,31.4613
16,64,8,2048,33.9948
16,64,8,4096,39.3815
16,64,8,8192,47.755
16,64,8,16384,65.915
16,64,8,32768,100.208
16,64,8,65536,165.777
16,64,16,16,24.955
16,64,16,32,24.7995
16,64,16,64,25.0508
16,64,16,128,26.053
16,64,16,256,32.5763
16,64,16,512,30.8107
16,64,16,1024,33.7657
16,64,16,2048,39.0345
16,64,16,4096,48.1542
16,64,16,8192,65.5632
16,64,16,16384,100.049
16,64,16,32768,166.886
16,64,16,65536,301.74
16,64,32,16,25.3167
16,64,32,32,25.1843
16,64,32,64,25.6268
16,64,32,128,26.7685
16,64,32,256,31.798
16,64,32,512,35.3177
16,64,32,1024,39.3492
16,64,32,2048,48.4162
16,64,32,4096,66.5705
16,64,32,8192,100.981
16,64,32,16384,168.268
16,64,32,32768,301.985
16,64,32,65536,571.953
16,64,64,16,25.5952
16,64,64,32,25.8132
16,64,64,64,26.1653
16,64,64,128,27.4293
16,64,64,256,36.8473
16,64,64,512,41.4032
16,64,64,1024,51.1255
16,64,64,2048,69.739
16,64,64,4096,104.347
16,64,64,8192,170.593
16,64,64,16384,306.076
16,64,64,32768,574.428
16,64,64,65536,1113.13
16,64,128,16,27.4243
16,64,128,32,27.7653
16,64,128,64,28.704
16,64,128,128,30.7843
16,64,128,256,42.9925
16,64,128,512,53.803
16,64,128,1024,70.79
16,64,128,2048,104.971
16,64,128,4096,173.148
16,64,128,8192,308.903
16,64,128,16384,576.407
16,64,128,32768,1111.27
16,64,128,65536,2187.33
16,128,0,0,25.7548
16,128,1,16,25.787
16,128,1,32,25.9257
16,128,1,64,26.0908
16,128,1,128,26.0102
16,128,1,256,32.5965
16,128,1,512,31.078
16,128,1,1024,31.488
16,128,1,2048,31.6587
16,128,1,4096,33.0238
16,128,1,8192,36.2132
16,128,1,16384,42.1813
16,128,1,32768,56.576
16,128,1,65536,86.2567
16,128,2,16,25.8878
16,128,2,32,25.8195
16,128,2,64,25.9095
16,128,2,128,26.0223
16,128,2,256,31.4777
16,128,2,512,29.8133
16,128,2,1024,29.6642
16,128,2,2048,30.5013
16,128,2,4096,32.2985
16,128,2,8192,36.8428
16,128,2,16384,43.2105
16,128,2,32768,58.3787
16,128,2,65536,87.8672
16,128,4,16,25.9143
16,128,4,32,25.9522
16,128,4,64,26.0053
16,128,4,128,26.1437
16,128,4,256,31.9582
16,128,4,512,30.3153
16,128,4,1024,30.8218
16,128,4,2048,35.6642
16,128,4,4096,33.5203
16,128,4,8192,41.7548
16,128,4,16384,50.2718
16,128,4,32768,67.232
16,128,4,65536,101.248
16,128,8,16,26.2502
16,128,8,32,26.3145
16,128,8,64,26.2617
16,128,8,128,26.368
16,128,8,256,32.6938
16,128,8,512,30.4108
16,128,8,1024,34.8535
16,128,8,2048,35.9627
16,128,8,4096,38.5978
16,128,8,8192,48.128
16,128,8,16384,66.3043
16,128,8,32768,100.005
16,128,8,65536,166.545
16,128,16,16,26.5543
16,128,16,32,26.2452
16,128,16,64,26.4745
16,128,16,128,26.7308
16,128,16,256,33.2697
16,128,16,512,33.675
16,128,16,1024,34.1275
16,128,16,2048,38.8853
16,128,16,4096,48.043
16,128,16,8192,65.9578
16,128,16,16384,100.534
16,128,16,32768,166.961
16,128,16,65536,301.66
16,128,32,16,26.8427
16,128,32,32,26.6512
16,128,32,64,26.9065
16,128,32,128,26.9817
16,128,32,256,34.7418
16,128,32,512,35.6007
16,128,32,1024,39.3333
16,128,32,2048,48.7468
16,128,32,4096,65.4455
16,128,32,8192,101.115
16,128,32,16384,169.057
16,128,32,32768,301.809
16,128,32,65536,571.607
16,128,64,16,27.2108
16,128,64,32,27.2853
16,128,64,64,27.9362
16,128,64,128,27.8138
16,128,64,256,36.0692
16,128,64,512,41.2912
16,128,64,1024,50.9062
16,128,64,2048,69.4238
16,128,64,4096,104.491
16,128,64,8192,169.718
16,128,64,16384,305.2
16,128,64,32768,574.423
16,128,64,65536,1111.99
16,128,128,16,28.8697
16,128,128,32,29.3553
16,128,128,64,30.1282
16,128,128,128,31.1998
16,128,128,256,42.8217
16,128,128,512,52.8693
16,128,128,1024,71.2325
16,128,128,2048,105.562
16,128,128,4096,172.433
16,128,128,8192,307.59
16,128,128,16384,576.252
16,128,128,32768,1114.06
16,128,128,65536,2186.27
16,256,0,0,31.5362
16,256,1,16,33.1787
16,256,1,32,33.3602
16,256,1,64,33.355
16,256,1,128,32.7733
16,256,1,256,33.2425
16,256,1,512,31.8182
16,256,1,1024,31.3543
16,256,1,2048,32.1868
16,256,1,4096,32.1598
16,256,1,8192,36.2457
16,256,1,16384,42.2667
16,256,1,32768,56.2027
16,256,1,65536,85.5205
16,256,2,16,30.8965
16,256,2,32,31.6432
16,256,2,64,31.3438
16,256,2,128,31.6805
16,256,2,256,31.8558
16,256,2,512,29.7973
16,256,2,1024,30.1492
16,256,2,2048,30.8268
16,256,2,4096,32.4908
16,256,2,8192,36.3355
16,256,2,16384,43.0772
16,256,2,32768,58.677
16,256,2,65536,88.2027
16,256,4,16,32.7733
16,256,4,32,33.0452
16,256,4,64,32.8693
16,256,4,128,32.987
16,256,4,256,33.3867
16,256,4,512,30.7788
16,256,4,1024,31.861
16,256,4,2048,36.533
16,256,4,4096,37.952
16,256,4,8192,41.8022
16,256,4,16384,49.131
16,256,4,32768,66.949
16,256,4,65536,101.323
16,256,8,16,31.9895
16,256,8,32,32.331
16,256,8,64,32.5392
16,256,8,128,32.8268
16,256,8,256,33.2107
16,256,8,512,31.1415
16,256,8,1024,35.2427
16,256,8,2048,37.9362
16,256,8,4096,38.7145
16,256,8,8192,48.0645
16,256,8,16384,65.7602
16,256,8,32768,99.643
16,256,8,65536,167.857
16,256,16,16,31.712
16,256,16,32,31.5197
16,256,16,64,32.9435
16,256,16,128,32.6028
16,256,16,256,33.3765
16,256,16,512,34.166
16,256,16,1024,36.5817
16,256,16,2048,38.5495
16,256,16,4096,48.1817
16,256,16,8192,65.8028
16,256,16,16384,100.39
16,256,16,32768,167.008
16,256,16,65536,300.673
16,256,32,16,34.848
16,256,32,32,34.614
16,256,32,64,34.4157
16,256,32,128,34.9545
16,256,32,256,35.1577
16,256,32,512,37.1627
16,256,32,1024,39.3283
16,256,32,2048,48.2723
16,256,32,4096,66.3843
16,256,32,8192,101.514
16,256,32,16384,168.188
16,256,32,32768,302.279
16,256,32,65536,571.057
16,256,64,16,36.1227
16,256,64,32,35.744
16,256,64,64,36.0748
16,256,64,128,41.8935
16,256,64,256,44.9863
16,256,64,512,41.7225
16,256,64,1024,51.1843
16,256,64,2048,69.8403
16,256,64,4096,104.539
16,256,64,8192,170.651
16,256,64,16384,306.641
16,256,64,32768,575.735
16,256,64,65536,1113.46
16,256,128,16,38.8425
16,256,128,32,39.6805
16,256,128,64,42.3472
16,256,128,128,48.5175
16,256,128,256,43.1255
16,256,128,512,52.747
16,256,128,1024,71.1573
16,256,128,2048,105.483
16,256,128,4096,173.782
16,256,128,8192,307.895
16,256,128,16384,576.38
16,256,128,32768,1111.58
16,256,128,65536,2185.61
16,512,0,0,33.5577
16,512,1,16,34.2773
16,512,1,32,34.2398
16,512,1,64,34.587
16,512,1,128,34.0853
16,512,1,256,34.139
16,512,1,512,33.8135
16,512,1,1024,32.7572
16,512,1,2048,32.859
16,512,1,4096,32.9708
16,512,1,8192,36.2827
16,512,1,16384,42.6822
16,512,1,32768,57.03
16,512,1,65536,85.4563
16,512,2,16,33.1997
16,512,2,32,33.1085
16,512,2,64,32.7952
16,512,2,128,33.4665
16,512,2,256,33.8877
16,512,2,512,33.3225
16,512,2,1024,31.3335
16,512,2,2048,31.8297
16,512,2,4096,32.9763
16,512,2,8192,36.7788
16,512,2,16384,43.6533
16,512,2,32768,58.4263
16,512,2,65536,88.4422
16,512,4,16,34.1125
16,512,4,32,34.4107
16,512,4,64,34.5122
16,512,4,128,34.6562
16,512,4,256,34.6833
16,512,4,512,34.2347
16,512,4,1024,32.6193
16,512,4,2048,38.1383
16,512,4,4096,40.4213
16,512,4,8192,44.2615
16,512,4,16384,48.7518
16,512,4,32768,66.9075
16,512,4,65536,102.869
16,512,8,16,34.1015
16,512,8,32,33.5042
16,512,8,64,34.9068
16,512,8,128,34.4802
16,512,8,256,34.7575
16,512,8,512,34.8637
16,512,8,1024,35.7818
16,512,8,2048,38.4058
16,512,8,4096,41.9682
16,512,8,8192,47.8558
16,512,8,16384,66.24
16,512,8,32768,100.608
16,512,8,65536,167.318
16,512,16,16,32.6668
16,512,16,32,32.8372
16,512,16,64,34.8058
16,512,16,128,33.9998
16,512,16,256,34.4425
16,512,16,512,34.4108
16,512,16,1024,37.2002
16,512,16,2048,40.9757
16,512,16,4096,48.23
16,512,16,8192,64.9495
16,512,16,16384,100.72
16,512,16,32768,167.195
16,512,16,65536,301.899
16,512,32,16,34.3148
16,512,32,32,34.0213
16,512,32,64,35.1567
16,512,32,128,35.324
16,512,32,256,35.6967
16,512,32,512,39.2213
16,512,32,1024,49.7122
16,512,32,2048,48.5177
16,512,32,4096,66.0693
16,512,32,8192,101.744
16,512,32,16384,168.747
16,512,32,32768,303.351
16,512,32,65536,572.962
16,512,64,16,36.6613
16,512,64,32,36.8055
16,512,64,64,37.3495
16,512,64,128,41.5518
16,512,64,256,45.883
16,512,64,512,53.8612
16,512,64,1024,51.3175
16,512,64,2048,69.1947
16,512,64,4096,104.395
16,512,64,8192,171.739
16,512,64,16384,305.095
16,512,64,32768,574.337
16,512,64,65536,1112.37
16,512,128,16,40.0157
16,512,128,32,40.2398
16,512,128,64,42.2133
16,512,128,128,47.488
16,512,128,256,56.3837
16,512,128,512,53.5095
16,512,128,1024,71.0563
16,512,128,2048,106.07
16,512,128,4096,173.371
16,512,128,8192,308.924
16,512,128,16384,577.441
16,512,128,32768,1113.9
16,512,128,65536,2187.68
16,1024,0,0,33.8083
16,1024,1,16,34.9763
16,1024,1,32,35.0458
16,1024,1,64,35.456
16,1024,1,128,35.3547
16,1024,1,256,35.4295
16,1024,1,512,35.3972
16,1024,1,1024,35.3288
16,1024,1,2048,35.4505
16,1024,1,4096,35.6213
16,1024,1,8192,36.469
16,1024,1,16384,43.7282
16,1024,1,32768,57.056
16,1024,1,65536,87.4297
16,1024,2,16,33.7387
16,1024,2,32,34.0373
16,1024,2,64,34.347
16,1024,2,128,33.9687
16,1024,2,256,34.1975
16,1024,2,512,34.6825
16,1024,2,1024,34.3898
16,1024,2,2048,35.5362
16,1024,2,4096,34.5975
16,1024,2,8192,36.7842
16,1024,2,16384,44.2932
16,1024,2,32768,59.2905
16,1024,2,65536,88.0005
16,1024,4,16,34.7627
16,1024,4,32,35.1312
16,1024,4,64,34.3147
16,1024,4,128,34.982
16,1024,4,256,35.3227
16,1024,4,512,35.9358
16,1024,4,1024,35.6475
16,1024,4,2048,38.608
16,1024,4,4096,40.8487
16,1024,4,8192,46.5183
16,1024,4,16384,49.136
16,1024,4,32768,66.4642
16,1024,4,65536,102.203
16,1024,8,16,34.9972
16,1024,8,32,35.5627
16,1024,8,64,34.6457
16,1024,8,128,35.2857
16,1024,8,256,35.9783
16,1024,8,512,36.075
16,1024,8,1024,36.6775
16,1024,8,2048,39.3385
16,1024,8,4096,43.824
16,1024,8,8192,48.7363
16,1024,8,16384,67.1788
16,1024,8,32768,99.9732
16,1024,8,65536,166.737
16,1024,16,16,34.8007
16,1024,16,32,34.5545
16,1024,16,64,35.1682
16,1024,16,128,35.936
16,1024,16,256,35.9522
16,1024,16,512,36.7573
16,1024,16,1024,37.9627
16,1024,16,2048,41.1628
16,1024,16,4096,48.4217
16,1024,16,8192,65.3497
16,1024,16,16384,101.12
16,1024,16,32768,167.424
16,1024,16,65536,300.774
16,1024,32,16,35.3758
16,1024,32,32,35.5255
16,1024,32,64,36.5868
16,1024,32,128,37.4507
16,1024,32,256,37.2272
16,1024,32,512,38.6345
16,1024,32,1024,42.7947
16,1024,32,2048,64.129
16,1024,32,4096,66.0003
16,1024,32,8192,101.653
16,1024,32,16384,168.523
16,1024,32,32768,302.881
16,1024,32,65536,572.882
16,1024,64,16,37.0185
16,1024,64,32,37.1148
16,1024,64,64,38.5712
16,1024,64,128,38.8423
16,1024,64,256,46.0272
16,1024,64,512,53.339
16,1024,64,1024,69.1315
16,1024,64,2048,69.3178
16,1024,64,4096,104.534
16,1024,64,8192,171.835
16,1024,64,16384,305.905
16,1024,64,32768,574.54
16,1024,64,65536,1113.74
16,1024,128,16,41.8615
16,1024,128,32,41.84
16,1024,128,64,45.6217
16,1024,128,128,47.4775
16,1024,128,256,54.245
16,1024,128,512,73.2375
16,1024,128,1024,71.1205
16,1024,128,2048,106.31
16,1024,128,4096,173.19
16,1024,128,8192,309.899
16,1024,128,16384,575.154
16,1024,128,32768,1111.2
16,1024,128,65536,2187.15
16,2048,0,0,35.9305
16,2048,1,16,36.5233
16,2048,1,32,36.6778
16,2048,1,64,36.8798
16,2048,1,128,37.5522
16,2048,1,256,37.0503
16,2048,1,512,37.317
16,2048,1,1024,38.1488
16,2048,1,2048,38.1923
16,2048,1,4096,37.2108
16,2048,1,8192,38.107
16,2048,1,16384,44.139
16,2048,1,32768,58.0592
16,2048,1,65536,87.5838
16,2048,2,16,35.6588
16,2048,2,32,35.6427
16,2048,2,64,36.2243
16,2048,2,128,35.8403
16,2048,2,256,36.0747
16,2048,2,512,36.4373
16,2048,2,1024,36.6987
16,2048,2,2048,38.7893
16,2048,2,4096,38.4802
16,2048,2,8192,37.8722
16,2048,2,16384,44.021
16,2048,2,32768,59.3288
16,2048,2,65536,89.3973
16,2048,4,16,37.0617
16,2048,4,32,37.0137
16,2048,4,64,37.1413
16,2048,4,128,37.163
16,2048,4,256,38.4483
16,2048,4,512,38.7412
16,2048,4,1024,39.36
16,2048,4,2048,38.6022
16,2048,4,4096,41.0502
16,2048,4,8192,46.4375
16,2048,4,16384,49.8667
16,2048,4,32768,65.7708
16,2048,4,65536,101.12
16,2048,8,16,38.081
16,2048,8,32,38.304
16,2048,8,64,37.6375
16,2048,8,128,38.2667
16,2048,8,256,38.406
16,2048,8,512,39.4458
16,2048,8,1024,38.4153
16,2048,8,2048,40.0905
16,2048,8,4096,44.2987
16,2048,8,8192,48.3838
16,2048,8,16384,66.523
16,2048,8,32768,100.565
16,2048,8,65536,167.014
16,2048,16,16,36.928
16,2048,16,32,36.9072
16,2048,16,64,38.7362
16,2048,16,128,38.6988
16,2048,16,256,38.9813
16,2048,16,512,39.3767
16,2048,16,1024,39.8028
16,2048,16,2048,42.9703
16,2048,16,4096,49.0558
16,2048,16,8192,65.771
16,2048,16,16384,100.72
16,2048,16,32768,167.504
16,2048,16,65536,302.636
16,2048,32,16,37.835
16,2048,32,32,38.5713
16,2048,32,64,39.4882
16,2048,32,128,40.272
16,2048,32,256,38.885
16,2048,32,512,41.227
16,2048,32,1024,42.283
16,2048,32,2048,64.6345
16,2048,32,4096,93.0937
16,2048,32,8192,101.024
16,2048,32,16384,168.283
16,2048,32,32768,303.36
16,2048,32,65536,572.732
16,2048,64,16,41.1253
16,2048,64,32,41.4452
16,2048,64,64,40.1228
16,2048,64,128,41.8243
16,2048,64,256,46.1167
16,2048,64,512,54.1177
16,2048,64,1024,68.2827
16,2048,64,2048,98.5545
16,2048,64,4096,104.358
16,2048,64,8192,170.454
16,2048,64,16384,306.375
16,2048,64,32768,576.22
16,2048,64,65536,1112.37
16,2048,128,16,41.8827
16,2048,128,32,41.9202
16,2048,128,64,44.5228
16,2048,128,128,48.7792
16,2048,128,256,55.248
16,2048,128,512,70.3102
16,2048,128,1024,102.459
16,2048,128,2048,105.697
16,2048,128,4096,174.187
16,2048,128,8192,308.497
16,2048,128,16384,577.325
16,2048,128,32768,1113.27
16,2048,128,65536,2187.72
16,4096,0,0,40.0693
16,4096,1,16,40.3097
16,4096,1,32,40.5868
16,4096,1,64,40.4268
16,4096,1,128,40.352
16,4096,1,256,41.1572
16,4096,1,512,41.456
16,4096,1,1024,41.8878
16,4096,1,2048,41.861
16,4096,1,4096,43.5308
16,4096,1,8192,40.5755
16,4096,1,16384,43.8783
16,4096,1,32768,58.3412
16,4096,1,65536,88.6298
16,4096,2,16,40.1597
16,4096,2,32,40.1127
16,4096,2,64,40.24
16,4096,2,128,40.0107
16,4096,2,256,41.2963
16,4096,2,512,41.4988
16,4096,2,1024,41.5203
16,4096,2,2048,43.0717
16,4096,2,4096,41.4665
16,4096,2,8192,43.2372
16,4096,2,16384,44.565
16,4096,2,32768,58.8908
16,4096,2,65536,89.9683
16,4096,4,16,42.0903
16,4096,4,32,41.9045
16,4096,4,64,41.8988
16,4096,4,128,42.0108
16,4096,4,256,42.3528
16,4096,4,512,43.0885
16,4096,4,1024,43.7177
16,4096,4,2048,41.9265
16,4096,4,4096,44.3098
16,4096,4,8192,48.5598
16,4096,4,16384,52.2718
16,4096,4,32768,67.3332
16,4096,4,65536,102.395
16,4096,8,16,42.1385
16,4096,8,32,41.0185
16,4096,8,64,41.952
16,4096,8,128,42.4482
16,4096,8,256,43.6537
16,4096,8,512,42.9923
16,4096,8,1024,42.2082
16,4096,8,2048,42.6452
16,4096,8,4096,45.7867
16,4096,8,8192,52.8642
16,4096,8,16384,67.6005
16,4096,8,32768,100.395
16,4096,8,65536,167.611
16,4096,16,16,42.6985
16,4096,16,32,42.2987
16,4096,16,64,42.901
16,4096,16,128,42.9713
16,4096,16,256,43.1843
16,4096,16,512,40.6773
16,4096,16,1024,42.5922
16,4096,16,2048,44.9602
16,4096,16,4096,51.6532
16,4096,16,8192,66.8423
16,4096,16,16384,100.017
16,4096,16,32768,167.088
16,4096,16,65536,302.683
16,4096,32,16,43.8085
16,4096,32,32,43.0137
16,4096,32,64,43.5838
16,4096,32,128,44.0372
16,4096,32,256,41.9307
16,4096,32,512,43.973
16,4096,32,1024,52.8055
16,4096,32,2048,52.4375
16,4096,32,4096,92.3998
16,4096,32,8192,150.55
16,4096,32,16384,168.908
16,4096,32,32768,304.732
16,4096,32,65536,573.922
16,4096,64,16,43.5952
16,4096,64,32,43.2158
16,4096,64,64,43.9895
16,4096,64,128,43.7228
16,4096,64,256,45.4192
16,4096,64,512,52.95
16,4096,64,1024,68.3245
16,4096,64,2048,97.675
16,4096,64,4096,157.292
16,4096,64,8192,171.926
16,4096,64,16384,306.774
16,4096,64,32768,576.818
16,4096,64,65536,1115.52
16,4096,128,16,44.4855
16,4096,128,32,44.8958
16,4096,128,64,45.9097
16,4096,128,128,48.6773
16,4096,128,256,55.2217
16,4096,128,512,70.8425
16,4096,128,1024,99.904
16,4096,128,2048,160.038
16,4096,128,4096,173.963
16,4096,128,8192,309.415
16,4096,128,16384,577.463
16,4096,128,32768,1114.92
16,4096,128,65536,2187.49
16,8192,0,0,47.537
16,8192,1,16,47.8888
16,8192,1,32,47.0133
16,8192,1,64,47.9208
16,8192,1,128,47.8668
16,8192,1,256,47.749
16,8192,1,512,48.2087
16,8192,1,1024,47.9898
16,8192,1,2048,48.1433
16,8192,1,4096,48.171
16,8192,1,8192,48.0855
16,8192,1,16384,46.5442
16,8192,1,32768,59.0775
16,8192,1,65536,88.9657
16,8192,2,16,47.728
16,8192,2,32,47.6912
16,8192,2,64,47.3062
16,8192,2,128,47.643
16,8192,2,256,47.76
16,8192,2,512,47.7658
16,8192,2,1024,48.155
16,8192,2,2048,47.5628
16,8192,2,4096,47.3228
16,8192,2,8192,47.0778
16,8192,2,16384,51.3765
16,8192,2,32768,59.8938
16,8192,2,65536,89.5583
16,8192,4,16,48.0912
16,8192,4,32,47.9895
16,8192,4,64,47.936
16,8192,4,128,47.6855
16,8192,4,256,47.8082
16,8192,4,512,46.8748
16,8192,4,1024,47.3018
16,8192,4,2048,48.0845
16,8192,4,4096,48.5607
16,8192,4,8192,51.0457
16,8192,4,16384,57.8663
16,8192,4,32768,71.2323
16,8192,4,65536,102.021
16,8192,8,16,47.9045
16,8192,8,32,48.0323
16,8192,8,64,47.989
16,8192,8,128,48.2138
16,8192,8,256,48.117
16,8192,8,512,48.4058
16,8192,8,1024,48.32
16,8192,8,2048,48.7307
16,8192,8,4096,50.4643
16,8192,8,8192,56.656
16,8192,8,16384,70.5068
16,8192,8,32768,102.08
16,8192,8,65536,167.862
16,8192,16,16,48
16,8192,16,32,48.459
16,8192,16,64,48.1122
16,8192,16,128,48.4272
16,8192,16,256,48.7093
16,8192,16,512,46.4698
16,8192,16,1024,46.9343
16,8192,16,2048,50.32
16,8192,16,4096,55.9255
16,8192,16,8192,69.6642
16,8192,16,16384,102.176
16,8192,16,32768,261.169
16,8192,16,65536,301.67
16,8192,32,16,49.68
16,8192,32,32,48.5277
16,8192,32,64,47.7818
16,8192,32,128,47.5573
16,8192,32,256,48.1123
16,8192,32,512,52.3575
16,8192,32,1024,50.7358
16,8192,32,2048,73.8615
16,8192,32,4096,72.2615
16,8192,32,8192,150.876
16,8192,32,16384,265.964
16,8192,32,32768,304.641
16,8192,32,65536,574.94
16,8192,64,16,47.1418
16,8192,64,32,47.0078
16,8192,64,64,49.296
16,8192,64,128,48.4263
16,8192,64,256,51.5413
16,8192,64,512,53.2477
16,8192,64,1024,68.7523
16,8192,64,2048,97.7177
16,8192,64,4096,155.067
16,8192,64,8192,270.753
16,8192,64,16384,307.137
16,8192,64,32768,577.825
16,8192,64,65536,1115.19
16,8192,128,16,50.7567
16,8192,128,32,50.5332
16,8192,128,64,52.6988
16,8192,128,128,52.2775
16,8192,128,256,57.5098
16,8192,128,512,70.5178
16,8192,128,1024,98.832
16,8192,128,2048,158.486
16,8192,128,4096,273.846
16,8192,128,8192,311.094
16,8192,128,16384,578.124
16,8192,128,32768,1112.96
16,8192,128,65536,2189.01
16,16384,0,0,55.4932
16,16384,1,16,56.635
16,16384,1,32,56.6397
16,16384,1,64,56.7257
16,16384,1,128,56.7147
16,16384,1,256,56.5227
16,16384,1,512,56.4693
16,16384,1,1024,56.4267
16,16384,1,2048,56.4903
16,16384,1,4096,55.91
16,16384,1,8192,56.0642
16,16384,1,16384,56.7412
16,16384,1,32768,59.7545
16,16384,1,65536,88.1502
16,16384,2,16,56.4958
16,16384,2,32,56.5657
16,16384,2,64,56.6457
16,16384,2,128,56.5227
16,16384,2,256,56.2667
16,16384,2,512,56.4968
16,16384,2,1024,56.3308
16,16384,2,2048,54.3097
16,16384,2,4096,55.6058
16,16384,2,8192,56.0643
16,16384,2,16384,58.0373
16,16384,2,32768,66.2663
16,16384,2,65536,89.1627
16,16384,4,16,56.5973
16,16384,4,32,56.6455
16,16384,4,64,56.522
16,16384,4,128,56.4962
16,16384,4,256,56.8373
16,16384,4,512,56.8638
16,16384,4,1024,55.6162
16,16384,4,2048,55.4197
16,16384,4,4096,56.7687
16,16384,4,8192,58.448
16,16384,4,16384,67.1147
16,16384,4,32768,79.6005
16,16384,4,65536,108.934
16,16384,8,16,56.6558
16,16384,8,32,56.6345
16,16384,8,64,56.8693
16,16384,8,128,54.9067
16,16384,8,256,56.763
16,16384,8,512,56.107
16,16384,8,1024,55.851
16,16384,8,2048,57.1255
16,16384,8,4096,58.7628
16,16384,8,8192,63.5842
16,16384,8,16384,77.377
16,16384,8,32768,108.395
16,16384,8,65536,173.419
16,16384,16,16,56.9977
16,16384,16,32,56.9873
16,16384,16,64,57.1627
16,16384,16,128,57.1623
16,16384,16,256,56.2827
16,16384,16,512,56.3468
16,16384,16,1024,56.8275
16,16384,16,2048,57.8185
16,16384,16,4096,64.7792
16,16384,16,8192,77.0778
16,16384,16,16384,107.387
16,16384,16,32768,174.364
16,16384,16,65536,491.138
16,16384,32,16,57.9575
16,16384,32,32,57.8987
16,16384,32,64,57.8882
16,16384,32,128,57.5468
16,16384,32,256,54.9392
16,16384,32,512,58.0805
16,16384,32,1024,65.2215
16,16384,32,2048,65.9307
16,16384,32,4096,111.083
16,16384,32,8192,110.726
16,16384,32,16384,262.315
16,16384,32,32768,495.649
16,16384,32,65536,575.841
16,16384,64,16,59.0615
16,16384,64,32,58.7783
16,16384,64,64,57.429
16,16384,64,128,58.9495
16,16384,64,256,59.184
16,16384,64,512,64.902
16,16384,64,1024,67.691
16,16384,64,2048,96.64
16,16384,64,4096,154.176
16,16384,64,8192,267.558
16,16384,64,16384,500.455
16,16384,64,32768,578.631
16,16384,64,65536,1112.34
16,16384,128,16,64.0435
16,16384,128,32,62.827
16,16384,128,64,61.3548
16,16384,128,128,60.9392
16,16384,128,256,67.4462
16,16384,128,512,73.6643
16,16384,128,1024,99.7762
16,16384,128,2048,156.043
16,16384,128,4096,272.134
16,16384,128,8192,501.762
16,16384,128,16384,578.791
16,16384,128,32768,1115.08
16,16384,128,65536,2188.66
16,32768,0,0,69.7548
16,32768,1,16,70.8112
16,32768,1,32,71.0562
16,32768,1,64,70.8645
16,32768,1,128,70.7628
16,32768,1,256,70.8265
16,32768,1,512,71.0507
16,32768,1,1024,70.2458
16,32768,1,2048,70.603
16,32768,1,4096,71.0565
16,32768,1,8192,71.2003
16,32768,1,16384,71.216
16,32768,1,32768,74.8117
16,32768,1,65536,88.8478
16,32768,2,16,70.8912
16,32768,2,32,70.3895
16,32768,2,64,70.5177
16,32768,2,128,70.838
16,32768,2,256,70.3993
16,32768,2,512,71.3125
16,32768,2,1024,70.5015
16,32768,2,2048,71.1585
16,32768,2,4096,70.8698
16,32768,2,8192,70.7567
16,32768,2,16384,74.379
16,32768,2,32768,79.1947
16,32768,2,65536,90.8797
16,32768,4,16,70.8748
16,32768,4,32,70.7363
16,32768,4,64,70.9122
16,32768,4,128,71.1097
16,32768,4,256,71.0293
16,32768,4,512,70.9877
16,32768,4,1024,71.4822
16,32768,4,2048,71.1478
16,32768,4,4096,71.9732
16,32768,4,8192,74.6457
16,32768,4,16384,79.5948
16,32768,4,32768,95.2265
16,32768,4,65536,121.681
16,32768,8,16,70.9435
16,32768,8,32,70.6347
16,32768,8,64,70.9013
16,32768,8,128,70.528
16,32768,8,256,70.4585
16,32768,8,512,70.8643
16,32768,8,1024,71.2217
16,32768,8,2048,71.9198
16,32768,8,4096,74.704
16,32768,8,8192,79.3712
16,32768,8,16384,91.9528
16,32768,8,32768,121.99
16,32768,8,65536,184.843
16,32768,16,16,71.3072
16,32768,16,32,71.2272
16,32768,16,64,71.6435
16,32768,16,128,71.2162
16,32768,16,256,71.4027
16,32768,16,512,72.1975
16,32768,16,1024,72.272
16,32768,16,2048,75.5257
16,32768,16,4096,79.0878
16,32768,16,8192,93.1573
16,32768,16,16384,120.88
16,32768,16,32768,184.224
16,32768,16,65536,315.825
16,32768,32,16,72.0163
16,32768,32,32,72.5067
16,32768,32,64,72.2718
16,32768,32,128,72.1605
16,32768,32,256,73.3553
16,32768,32,512,73.142
16,32768,32,1024,76.3948
16,32768,32,2048,93.7923
16,32768,32,4096,95.2967
16,32768,32,8192,183.227
16,32768,32,16384,186.854
16,32768,32,32768,489.847
16,32768,32,65536,953.991
16,32768,64,16,73.5955
16,32768,64,32,73.2432
16,32768,64,64,74.481
16,32768,64,128,74.359
16,32768,64,256,75.1895
16,32768,64,512,77.2908
16,32768,64,1024,91.2487
16,32768,64,2048,95.1042
16,32768,64,4096,152.56
16,32768,64,8192,263.633
16,32768,64,16384,492.988
16,32768,64,32768,957.864
16,32768,64,65536,1118.19
16,32768,128,16,77.2097
16,32768,128,32,77.9843
16,32768,128,64,78.8487
16,32768,128,128,79.2163
16,32768,128,256,79.9368
16,32768,128,512,89.937
16,32768,128,1024,101.669
16,32768,128,2048,157.803
16,32768,128,4096,267.185
16,32768,128,8192,496.951
16,32768,128,16384,961.16
16,32768,128,32768,1117.44
16,32768,128,65536,2194.49
16,65536,0,0,98.3578
16,65536,1,16,99.5997
16,65536,1,32,98.9973
16,65536,1,64,99.3608
16,65536,1,128,99.3335
16,65536,1,256,99.2805
16,65536,1,512,99.2852
16,65536,1,1024,99.1525
16,65536,1,2048,99.3705
16,65536,1,4096,99.4502
16,65536,1,8192,99.5955
16,65536,1,16384,100.629
16,65536,1,32768,101.573
16,65536,1,65536,107.445
16,65536,2,16,98.571
16,65536,2,32,98.5713
16,65536,2,64,99.03
16,65536,2,128,98.784
16,65536,2,256,99.0725
16,65536,2,512,98.502
16,65536,2,1024,98.8055
16,65536,2,2048,98.6885
16,65536,2,4096,99.195
16,65536,2,8192,99.829
16,65536,2,16384,100.725
16,65536,2,32768,107.285
16,65536,2,65536,121.744
16,65536,4,16,99.1203
16,65536,4,32,99.1688
16,65536,4,64,99.3922
16,65536,4,128,99.216
16,65536,4,256,99.4883
16,65536,4,512,98.8327
16,65536,4,1024,98.9223
16,65536,4,2048,99.7178
16,65536,4,4096,99.681
16,65536,4,8192,101.152
16,65536,4,16384,107.925
16,65536,4,32768,121.754
16,65536,4,65536,148.907
16,65536,8,16,98.9553
16,65536,8,32,98.9123
16,65536,8,64,98.9817
16,65536,8,128,98.667
16,65536,8,256,98.4268
16,65536,8,512,99.0777
16,65536,8,1024,99.3605
16,65536,8,2048,99.7017
16,65536,8,4096,100.758
16,65536,8,8192,107.669
16,65536,8,16384,121.526
16,65536,8,32768,150.443
16,65536,8,65536,206.395
16,65536,16,16,100.171
16,65536,16,32,100.064
16,65536,16,64,99.9897
16,65536,16,128,100.037
16,65536,16,256,99.6743
16,65536,16,512,100.315
16,65536,16,1024,100.832
16,65536,16,2048,101.766
16,65536,16,4096,108.859
16,65536,16,8192,122.198
16,65536,16,16384,149.67
16,65536,16,32768,208.192
16,65536,16,65536,332.843
16,65536,32,16,100.555
16,65536,32,32,100.816
16,65536,32,64,100.624
16,65536,32,128,101.19
16,65536,32,256,100.784
16,65536,32,512,101.696
16,65536,32,1024,102.747
16,65536,32,2048,109.782
16,65536,32,4096,146.24
16,65536,32,8192,151.819
16,65536,32,16384,325.317
16,65536,32,32768,335.232
16,65536,32,65536,936.031
16,65536,64,16,101.744
16,65536,64,32,101.557
16,65536,64,64,101.568
16,65536,64,128,101.642
16,65536,64,256,103.2
16,65536,64,512,104.603
16,65536,64,1024,110.8
16,65536,64,2048,144.976
16,65536,64,4096,154.005
16,65536,64,8192,260.123
16,65536,64,16384,482.384
16,65536,64,32768,940.33
16,65536,64,65536,1869.68
16,65536,128,16,105.824
16,65536,128,32,104.523
16,65536,128,64,106.357
16,65536,128,128,107.92
16,65536,128,256,109.851
16,65536,128,512,113.766
16,65536,128,1024,133.269
16,65536,128,2048,156.88
16,65536,128,4096,268.443
16,65536,128,8192,486.844
16,65536,128,16384,944.136
16,65536,128,32768,1869.14
16,65536,128,65536,2195.54
24,0,0,0,23.019
24,0,1,16,22.592
24,0,1,32,22.8053
24,0,1,64,23.3333
24,0,1,128,25.1098
24,0,1,256,29.7123
24,0,1,512,28.3953
24,0,1,1024,28.336
24,0,1,2048,30.6028
24,0,1,4096,33.7545
24,0,1,8192,38.704
24,0,1,16384,50.0802
24,0,1,32768,71.1522
24,0,1,65536,116.134
24,0,2,16,22.598
24,0,2,32,22.752
24,0,2,64,23.5365
24,0,2,128,25.349
24,0,2,256,30.038
24,0,2,512,28.0207
24,0,2,1024,28.8912
24,0,2,2048,30.8423
24,0,2,4096,33.6375
24,0,2,8192,38.7893
24,0,2,16384,49.6755
24,0,2,32768,71.6165
24,0,2,65536,116.56
24,0,4,16,22.8795
24,0,4,32,22.747
24,0,4,64,23.9197
24,0,4,128,25.6425
24,0,4,256,28.4965
24,0,4,512,28.3412
24,0,4,1024,29.158
24,0,4,2048,31.9522
24,0,4,4096,34.1655
24,0,4,8192,41.851
24,0,4,16384,52.2352
24,0,4,32768,73.8345
24,0,4,65536,119.846
24,0,8,16,23.6585
24,0,8,32,23.6272
24,0,8,64,24.6025
24,0,8,128,26.2185
24,0,8,256,29.2323
24,0,8,512,28.7522
24,0,8,1024,30.2402
24,0,8,2048,33.5738
24,0,8,4096,40.1438
24,0,8,8192,47.2535
24,0,8,16384,66.2187
24,0,8,32768,99.6912
24,0,8,65536,166.774
24,0,16,16,23.4565
24,0,16,32,23.4565
24,0,16,64,24.5548
24,0,16,128,26.0645
24,0,16,256,30.544
24,0,16,512,31.3333
24,0,16,1024,34.0693
24,0,16,2048,39.2425
24,0,16,4096,48.6027
24,0,16,8192,66.2137
24,0,16,16384,101.024
24,0,16,32768,167.136
24,0,16,65536,302.027
24,0,32,16,23.3543
24,0,32,32,23.7762
24,0,32,64,25.1203
24,0,32,128,26.464
24,0,32,256,31.6542
24,0,32,512,34.7362
24,0,32,1024,39.659
24,0,32,2048,48.8377
24,0,32,4096,65.8455
24,0,32,8192,100.913
24,0,32,16384,167.495
24,0,32,32768,303.676
24,0,32,65536,572.486
24,0,64,16,24.1182
24,0,64,32,24.2403
24,0,64,64,25.9465
24,0,64,128,27.5625
24,0,64,256,39.1147
24,0,64,512,41.8988
24,0,64,1024,51.797
24,0,64,2048,69.6055
24,0,64,4096,104.907
24,0,64,8192,171.355
24,0,64,16384,305.745
24,0,64,32768,574.737
24,0,64,65536,1113.63
24,0,128,16,31.7175
24,0,128,32,31.9785
24,0,128,64,32.736
24,0,128,128,32.7088
24,0,128,256,44.3465
24,0,128,512,53.4137
24,0,128,1024,71.6588
24,0,128,2048,106.432
24,0,128,4096,173.212
24,0,128,8192,308.993
24,0,128,16384,575.926
24,0,128,32768,1114.37
24,0,128,65536,2189.39
24,16,0,0,22.9387
24,16,1,16,22.5973
24,16,1,32,22.5382
24,16,1,64,23.6855
24,16,1,128,25.5948
24,16,1,256,30.1118
24,16,1,512,28.7038
24,16,1,1024,28.8378
24,16,1,2048,30.1278
24,16,1,4096,33.2963
24,16,1,8192,37.936
24,16,1,16384,49.6903
24,16,1,32768,71.3545
24,16,1,65536,112.811
24,16,2,16,22.8217
24,16,2,32,22.5867
24,16,2,64,23.8127
24,16,2,128,25.2637
24,16,2,256,30.5602
24,16,2,512,28.2718
24,16,2,1024,29.141
24,16,2,2048,30.9013
24,16,2,4096,34.0907
24,16,2,8192,38.7997
24,16,2,16384,50.5982
24,16,2,32768,72.6885
24,16,2,65536,114.523
24,16,4,16,22.6985
24,16,4,32,22.864
24,16,4,64,23.8247
24,16,4,128,25.3378
24,16,4,256,28.9123
24,16,4,512,28.2837
24,16,4,1024,28.9227
24,16,4,2048,32.4003
24,16,4,4096,33.8825
24,16,4,8192,40.7252
24,16,4,16384,53.6963
24,16,4,32768,73.8455
24,16,4,65536,123.84
24,16,8,16,23.7273
24,16,8,32,23.4775
24,16,8,64,24.7845
24,16,8,128,26.2345
24,16,8,256,29.867
24,16,8,512,28.5815
24,16,8,1024,30.2453
24,16,8,2048,34.7737
24,16,8,4096,38.923
24,16,8,8192,48.694
24,16,8,16384,65.5042
24,16,8,32768,100.021
24,16,8,65536,167.558
24,16,16,16,23.227
24,16,16,32,23.1465
24,16,16,64,24.7145
24,16,16,128,25.9843
24,16,16,256,30.8483
24,16,16,512,31.5795
24,16,16,1024,34.0853
24,16,16,2048,38.9175
24,16,16,4096,54.4108
24,16,16,8192,71.9088
24,16,16,16384,103.894
24,16,16,32768,170.545
24,16,16,65536,302.059
24,16,32,16,23.1897
24,16,32,32,23.4242
24,16,32,64,24.9223
24,16,32,128,26.2935
24,16,32,256,31.5735
24,16,32,512,34.5495
24,16,32,1024,43.8082
24,16,32,2048,56.0642
24,16,32,4096,74.1125
24,16,32,8192,105.713
24,16,32,16384,170.48
24,16,32,32768,302.396
24,16,32,65536,572.231
24,16,64,16,24.2715
24,16,64,32,24.1598
24,16,64,64,25.7923
24,16,64,128,27.5467
24,16,64,256,41.4455
24,16,64,512,47.5152
24,16,64,1024,57.9893
24,16,64,2048,74.5707
24,16,64,4096,108.496
24,16,64,8192,172.689
24,16,64,16384,305.99
24,16,64,32768,574.236
24,16,64,65536,1114.09
24,16,128,16,30.976
24,16,128,32,31.765
24,16,128,64,34.6613
24,16,128,128,38.155
24,16,128,256,50.0967
24,16,128,512,61.4452
24,16,128,1024,79.0607
24,16,128,2048,111.323
24,16,128,4096,175.675
24,16,128,8192,307.829
24,16,128,16384,575.853
24,16,128,32768,1113.63
24,16,128,65536,2184.33
24,32,0,0,23.1897
24,32,1,16,22.5975
24,32,1,32,22.5977
24,32,1,64,23.8137
24,32,1,128,25.2585
24,32,1,256,29.8773
24,32,1,512,28.6357
24,32,1,1024,29.0672
24,32,1,2048,30.2768
24,32,1,4096,33.077
24,32,1,8192,38.117
24,32,1,16384,49.6745
24,32,1,32768,71.4448
24,32,1,65536,113.659
24,32,2,16,22.5602
24,32,2,32,22.8163
24,32,2,64,23.7707
24,32,2,128,25.2477
24,32,2,256,30.1175
24,32,2,512,28.5012
24,32,2,1024,29.0353
24,32,2,2048,30.8327
24,32,2,4096,33.8187
24,32,2,8192,38.9437
24,32,2,16384,50.6452
24,32,2,32768,72.8803
24,32,2,65536,114.406
24,32,4,16,22.8585
24,32,4,32,22.9333
24,32,4,64,23.9517
24,32,4,128,25.3917
24,32,4,256,28.5335
24,32,4,512,28.2612
24,32,4,1024,29.1308
24,32,4,2048,32.4857
24,32,4,4096,33.9845
24,32,4,8192,40.5658
24,32,4,16384,53.6
24,32,4,32768,74.0967
24,32,4,65536,119.248
24,32,8,16,23.6218
24,32,8,32,23.9412
24,32,8,64,24.6667
24,32,8,128,26.32
24,32,8,256,29.5893
24,32,8,512,28.5978
24,32,8,1024,29.7975
24,32,8,2048,34.2185
24,32,8,4096,38.2025
24,32,8,8192,49.0238
24,32,8,16384,66.7468
24,32,8,32768,98.7413
24,32,8,65536,166.465
24,32,16,16,23.6427
24,32,16,32,23.456
24,32,16,64,24.6343
24,32,16,128,26.3628
24,32,16,256,30.5333
24,32,16,512,31.723
24,32,16,1024,33.5633
24,32,16,2048,39.6855
24,32,16,4096,55.2428
24,32,16,8192,71.5525
24,32,16,16384,106.181
24,32,16,32768,169.686
24,32,16,65536,302.88
24,32,32,16,23.5525
24,32,32,32,23.4242
24,32,32,64,24.9072
24,32,32,128,26.4528
24,32,32,256,31.6748
24,32,32,512,34.7522
24,32,32,1024,44.752
24,32,32,2048,56.4478
24,32,32,4096,72.7783
24,32,32,8192,105.131
24,32,32,16384,170.998
24,32,32,32768,302.972
24,32,32,65536,571.27
24,32,64,16,24.1173
24,32,64,32,24.5173
24,32,64,64,25.9845
24,32,64,128,27.4238
24,32,64,256,41.8085
24,32,64,512,47.3282
24,32,64,1024,58.8427
24,32,64,2048,74.2353
24,32,64,4096,107.403
24,32,64,8192,172.39
24,32,64,16384,305.489
24,32,64,32768,574.044
24,32,64,65536,1113.05
24,32,128,16,31.3977
24,32,128,32,31.723
24,32,128,64,34.8167
24,32,128,128,38.2667
24,32,128,256,50.7948
24,32,128,512,62.9498
24,32,128,1024,79.0345
24,32,128,2048,111.952
24,32,128,4096,177.915
24,32,128,8192,308.918
24,32,128,16384,574.36
24,32,128,32768,1113.36
24,32,128,65536,2187.48
24,64,0,0,24.3838
24,64,1,16,24.3572
24,64,1,32,24.4377
24,64,1,64,24.7095
24,64,1,128,25.381
24,64,1,256,31.1362
24,64,1,512,29.5577
24,64,1,1024,30.3413
24,64,1,2048,31.5622
24,64,1,4096,32.9068
24,64,1,8192,38.2348
24,64,1,16384,49.04
24,64,1,32768,70.8487
24,64,1,65536,114.176
24,64,2,16,24.3198
24,64,2,32,24.5973
24,64,2,64,24.3417
24,64,2,128,25.3817
24,64,2,256,31.3283
24,64,2,512,29.8722
24,64,2,1024,30.171
24,64,2,2048,30.9923
24,64,2,4096,33.9953
24,64,2,8192,39.115
24,64,2,16384,50.9863
24,64,2,32768,72.6077
24,64,2,65536,114.523
24,64,4,16,24.4853
24,64,4,32,24.6345
24,64,4,64,24.5503
24,64,4,128,25.4082
24,64,4,256,32.1337
24,64,4,512,29.6905
24,64,4,1024,30.1602
24,64,4,2048,31.456
24,64,4,4096,33.6267
24,64,4,8192,40.8425
24,64,4,16384,53.3543
24,64,4,32768,73.638
24,64,4,65536,123.798
24,64,8,16,25.2322
24,64,8,32,25.3227
24,64,8,64,25.3923
24,64,8,128,26.5283
24,64,8,256,32.0425
24,64,8,512,29.5043
24,64,8,1024,31.52
24,64,8,2048,34.645
24,64,8,4096,38.5867
24,64,8,8192,49.0088
24,64,8,16384,66.4588
24,64,8,32768,99.9845
24,64,8,65536,166.853
24,64,16,16,24.9443
24,64,16,32,25.0188
24,64,16,64,25.2213
24,64,16,128,26.2937
24,64,16,256,33.9682
24,64,16,512,31.9255
24,64,16,1024,33.8083
24,64,16,2048,39.5095
24,64,16,4096,59.8515
24,64,16,8192,75.1095
24,64,16,16384,107.281
24,64,16,32768,172.166
24,64,16,65536,303.291
24,64,32,16,24.875
24,64,32,32,24.9338
24,64,32,64,25.2483
24,64,32,128,26.2725
24,64,32,256,31.787
24,64,32,512,34.694
24,64,32,1024,47.9682
24,64,32,2048,57.8665
24,64,32,4096,75.3388
24,64,32,8192,108.016
24,64,32,16384,175.286
24,64,32,32768,302.23
24,64,32,65536,572.326
24,64,64,16,25.5842
24,64,64,32,25.7975
24,64,64,64,25.9787
24,64,64,128,27.397
24,64,64,256,44.0853
24,64,64,512,49.2802
24,64,64,1024,61.0397
24,64,64,2048,77.7757
24,64,64,4096,111.211
24,64,64,8192,175.339
24,64,64,16384,306.923
24,64,64,32768,575.164
24,64,64,65536,1114.14
24,64,128,16,31.0453
24,64,128,32,31.8985
24,64,128,64,35.632
24,64,128,128,39.3607
24,64,128,256,52.8058
24,64,128,512,63.8672
24,64,128,1024,81.915
24,64,128,2048,114.95
24,64,128,4096,180.678
24,64,128,8192,308.961
24,64,128,16384,575.746
24,64,128,32768,1111.87
24,64,128,65536,2187.54
24,128,0,0,26.2615
24,128,1,16,25.9147
24,128,1,32,25.9788
24,128,1,64,26.1123
24,128,1,128,25.8667
24,128,1,256,30.9655
24,128,1,512,29.8618
24,128,1,1024,30.6082
24,128,1,2048,31.5257
24,128,1,4096,33.5095
24,128,1,8192,38.1125
24,128,1,16384,49.28
24,128,1,32768,71.0348
24,128,1,65536,113.515
24,128,2,16,26.069
24,128,2,32,26.1017
24,128,2,64,25.8775
24,128,2,128,26.0483
24,128,2,256,31.7652
24,128,2,512,30.0378
24,128,2,1024,30.123
24,128,2,2048,30.054
24,128,2,4096,33.3498
24,128,2,8192,39.147
24,128,2,16384,50.7633
24,128,2,32768,72.571
24,128,2,65536,114.593
24,128,4,16,26.1012
24,128,4,32,26.0428
24,128,4,64,26.1657
24,128,4,128,26.176
24,128,4,256,31.8717
24,128,4,512,30.0433
24,128,4,1024,30.7048
24,128,4,2048,34.8855
24,128,4,4096,34.0482
24,128,4,8192,41.169
24,128,4,16384,53.568
24,128,4,32768,74.1815
24,128,4,65536,119.387
24,128,8,16,26.9445
24,128,8,32,26.8215
24,128,8,64,26.6933
24,128,8,128,26.7733
24,128,8,256,32.5013
24,128,8,512,30.2718
24,128,8,1024,34.7678
24,128,8,2048,36.3413
24,128,8,4096,38.8483
24,128,8,8192,47.4932
24,128,8,16384,66.48
24,128,8,32768,99.5095
24,128,8,65536,167.376
24,128,16,16,26.5117
24,128,16,32,26.6133
24,128,16,64,26.5493
24,128,16,128,26.6823
24,128,16,256,34.7788
24,128,16,512,35.7228
24,128,16,1024,34.6615
24,128,16,2048,38.9867
24,128,16,4096,60.6238
24,128,16,8192,75.4723
24,128,16,16384,108
24,128,16,32768,172.982
24,128,16,65536,303.584
24,128,32,16,26.56
24,128,32,32,26.3578
24,128,32,64,26.5863
24,128,32,128,26.8855
24,128,32,256,34.5227
24,128,32,512,35.6323
24,128,32,1024,47.8295
24,128,32,2048,58.4377
24,128,32,4096,75.4455
24,128,32,8192,109.158
24,128,32,16384,174.348
24,128,32,32768,303.319
24,128,32,65536,572.977
24,128,64,16,27.184
24,128,64,32,27.3712
24,128,64,64,27.7173
24,128,64,128,27.7922
24,128,64,256,43.9205
24,128,64,512,50.2245
24,128,64,1024,61.195
24,128,64,2048,78.0858
24,128,64,4096,112.027
24,128,64,8192,175.557
24,128,64,16384,306.47
24,128,64,32768,574.268
24,128,64,65536,1112.36
24,128,128,16,31.013
24,128,128,32,31.6265
24,128,128,64,35.5095
24,128,128,128,39.611
24,128,128,256,53.8875
24,128,128,512,64.4327
24,128,128,1024,82.2192
24,128,128,2048,115.824
24,128,128,4096,181.627
24,128,128,8192,310.134
24,128,128,16384,575.036
24,128,128,32768,1111.31
24,128,128,65536,2185.66
24,256,0,0,33.0245
24,256,1,16,31.9892
24,256,1,32,31.9625
24,256,1,64,32.7155
24,256,1,128,32.4482
24,256,1,256,32.672
24,256,1,512,31.1147
24,256,1,1024,30.704
24,256,1,2048,31.2053
24,256,1,4096,33.5895
24,256,1,8192,38.5288
24,256,1,16384,49.2853
24,256,1,32768,71.1207
24,256,1,65536,113.073
24,256,2,16,32.891
24,256,2,32,32.6185
24,256,2,64,32.731
24,256,2,128,32.7417
24,256,2,256,32.4485
24,256,2,512,31.0882
24,256,2,1024,31.0613
24,256,2,2048,32.0483
24,256,2,4096,34.0428
24,256,2,8192,38.9598
24,256,2,16384,50.5652
24,256,2,32768,72.7632
24,256,2,65536,113.958
24,256,4,16,32.6078
24,256,4,32,32.2563
24,256,4,64,32.6295
24,256,4,128,32.565
24,256,4,256,31.968
24,256,4,512,31.0082
24,256,4,1024,31.7603
24,256,4,2048,36.5172
24,256,4,4096,35.5093
24,256,4,8192,40.5652
24,256,4,16384,53.739
24,256,4,32768,73.6963
24,256,4,65536,127.984
24,256,8,16,32.3945
24,256,8,32,32.5868
24,256,8,64,32.7677
24,256,8,128,33.4195
24,256,8,256,33.4348
24,256,8,512,31.4932
24,256,8,1024,34.896
24,256,8,2048,36.9173
24,256,8,4096,40.2987
24,256,8,8192,48.8478
24,256,8,16384,65.8188
24,256,8,32768,99.9795
24,256,8,65536,167.873
24,256,16,16,34.8162
24,256,16,32,34.0162
24,256,16,64,34.4167
24,256,16,128,35.2318
24,256,16,256,35.067
24,256,16,512,35.4827
24,256,16,1024,37.7657
24,256,16,2048,38.9815
24,256,16,4096,60.4528
24,256,16,8192,79.8618
24,256,16,16384,113.702
24,256,16,32768,177.819
24,256,16,65536,306.416
24,256,32,16,34.5448
24,256,32,32,34.6132
24,256,32,64,34.523
24,256,32,128,34.6718
24,256,32,256,35.7497
24,256,32,512,37.1093
24,256,32,1024,48.0642
24,256,32,2048,61.2055
24,256,32,4096,80.8962
24,256,32,8192,114.762
24,256,32,16384,178.273
24,256,32,32768,306.64
24,256,32,65536,572.049
24,256,64,16,35.3553
24,256,64,32,35.285
24,256,64,64,35.4722
24,256,64,128,41.9518
24,256,64,256,46.299
24,256,64,512,52.5442
24,256,64,1024,64.086
24,256,64,2048,82.5227
24,256,64,4096,116.128
24,256,64,8192,178.721
24,256,64,16384,312.129
24,256,64,32768,574.535
24,256,64,65536,1112.97
24,256,128,16,39.4932
24,256,128,32,39.7223
24,256,128,64,44.5387
24,256,128,128,48.5492
24,256,128,256,54.5975
24,256,128,512,67.1152
24,256,128,1024,87.5102
24,256,128,2048,120.593
24,256,128,4096,185.808
24,256,128,8192,314.38
24,256,128,16384,575.831
24,256,128,32768,1114.16
24,256,128,65536,2187.77
24,512,0,0,35.1415
24,512,1,16,33.9152
24,512,1,32,33.9523
24,512,1,64,34.1978
24,512,1,128,34.1865
24,512,1,256,34.4105
24,512,1,512,34.4695
24,512,1,1024,32.0332
24,512,1,2048,32.539
24,512,1,4096,33.5678
24,512,1,8192,39.0987
24,512,1,16384,49.8457
24,512,1,32768,70.9657
24,512,1,65536,112.971
24,512,2,16,34.5173
24,512,2,32,34.2407
24,512,2,64,34.5278
24,512,2,128,34.2937
24,512,2,256,34.2192
24,512,2,512,34.5707
24,512,2,1024,32.2882
24,512,2,2048,33.5203
24,512,2,4096,33.525
24,512,2,8192,39.1942
24,512,2,16384,50.4533
24,512,2,32768,72.619
24,512,2,65536,114.437
24,512,4,16,33.952
24,512,4,32,34.182
24,512,4,64,34.1762
24,512,4,128,33.9467
24,512,4,256,34.005
24,512,4,512,33.445
24,512,4,1024,34.8757
24,512,4,2048,37.0775
24,512,4,4096,34.7203
24,512,4,8192,41.3492
24,512,4,16384,53.5955
24,512,4,32768,73.8348
24,512,4,65536,119.099
24,512,8,16,33.8713
24,512,8,32,33.6475
24,512,8,64,34.9707
24,512,8,128,33.8878
24,512,8,256,34.613
24,512,8,512,34.7415
24,512,8,1024,35.7115
24,512,8,2048,37.8238
24,512,8,4096,41.1092
24,512,8,8192,48.571
24,512,8,16384,66.725
24,512,8,32768,99.3447
24,512,8,65536,167.014
24,512,16,16,35.5467
24,512,16,32,35.3867
24,512,16,64,35.8882
24,512,16,128,36.298
24,512,16,256,36.464
24,512,16,512,36.4003
24,512,16,1024,37.8133
24,512,16,2048,41.403
24,512,16,4096,49.1417
24,512,16,8192,85.0883
24,512,16,16384,120
24,512,16,32768,183.916
24,512,16,65536,310.427
24,512,32,16,34.7575
24,512,32,32,35.0452
24,512,32,64,35.429
24,512,32,128,35.4297
24,512,32,256,35.8935
24,512,32,512,38.0208
24,512,32,1024,49.1518
24,512,32,2048,63.5787
24,512,32,4096,85.6798
24,512,32,8192,120.453
24,512,32,16384,184.012
24,512,32,32768,313.324
24,512,32,65536,572.561
24,512,64,16,36.6183
24,512,64,32,36.8913
24,512,64,64,37.0127
24,512,64,128,38.1653
24,512,64,256,45.6963
24,512,64,512,54.3477
24,512,64,1024,67.9367
24,512,64,2048,88.491
24,512,64,4096,122.651
24,512,64,8192,185.03
24,512,64,16384,316.454
24,512,64,32768,575.314
24,512,64,65536,1111.69
24,512,128,16,40.6242
24,512,128,32,40.8798
24,512,128,64,42.8695
24,512,128,128,48.6567
24,512,128,256,57.3713
24,512,128,512,70.4857
24,512,128,1024,91.8453
24,512,128,2048,126.48
24,512,128,4096,191.792
24,512,128,8192,320.839
24,512,128,16384,577.99
24,512,128,32768,1112.1
24,512,128,65536,2186.7
24,1024,0,0,35.6217
24,1024,1,16,35.1143
24,1024,1,32,35.2587
24,1024,1,64,35.0077
24,1024,1,128,35.1253
24,1024,1,256,35.3392
24,1024,1,512,35.4448
24,1024,1,1024,34.8323
24,1024,1,2048,36.2723
24,1024,1,4096,33.6695
24,1024,1,8192,38.7042
24,1024,1,16384,49.771
24,1024,1,32768,71.4778
24,1024,1,65536,113.648
24,1024,2,16,35.2755
24,1024,2,32,35.5783
24,1024,2,64,35.4665
24,1024,2,128,35.4453
24,1024,2,256,35.6643
24,1024,2,512,35.776
24,1024,2,1024,36.049
24,1024,2,2048,37.0353
24,1024,2,4096,35.238
24,1024,2,8192,38.9548
24,1024,2,16384,50.7953
24,1024,2,32768,72.1545
24,1024,2,65536,114.79
24,1024,4,16,35.1997
24,1024,4,32,35.0457
24,1024,4,64,35.4617
24,1024,4,128,35.4988
24,1024,4,256,35.868
24,1024,4,512,36.0432
24,1024,4,1024,35.9367
24,1024,4,2048,38.8213
24,1024,4,4096,40.7945
24,1024,4,8192,41.462
24,1024,4,16384,53.8935
24,1024,4,32768,73.7605
24,1024,4,65536,119.376
24,1024,8,16,36.1707
24,1024,8,32,36.1707
24,1024,8,64,36.101
24,1024,8,128,36.288
24,1024,8,256,36.331
24,1024,8,512,36.9383
24,1024,8,1024,37.1358
24,1024,8,2048,38.6353
24,1024,8,4096,43.0188
24,1024,8,8192,49.6427
24,1024,8,16384,65.755
24,1024,8,32768,100.608
24,1024,8,65536,166.667
24,1024,16,16,36.5657
24,1024,16,32,36.6503
24,1024,16,64,37.0507
24,1024,16,128,37.339
24,1024,16,256,37.7443
24,1024,16,512,37.5578
24,1024,16,1024,39.6003
24,1024,16,2048,42.6455
24,1024,16,4096,49.574
24,1024,16,8192,66.293
24,1024,16,16384,134.091
24,1024,16,32768,197.985
24,1024,16,65536,327.462
24,1024,32,16,36.629
24,1024,32,32,36.2028
24,1024,32,64,36.816
24,1024,32,128,37.275
24,1024,32,256,37.664
24,1024,32,512,39.9205
24,1024,32,1024,42.5978
24,1024,32,2048,63.7865
24,1024,32,4096,92.5285
24,1024,32,8192,133.637
24,1024,32,16384,197.611
24,1024,32,32768,325.932
24,1024,32,65536,582.844
24,1024,64,16,38.1497
24,1024,64,32,38.491
24,1024,64,64,39.43
24,1024,64,128,39.3442
24,1024,64,256,45.8562
24,1024,64,512,53.323
24,1024,64,1024,69.4568
24,1024,64,2048,97.5418
24,1024,64,4096,137.035
24,1024,64,8192,199.505
24,1024,64,16384,328.56
24,1024,64,32768,584.583
24,1024,64,65536,1112.66
24,1024,128,16,40.9597
24,1024,128,32,41.2692
24,1024,128,64,44.7623
24,1024,128,128,48.7735
24,1024,128,256,56.1223
24,1024,128,512,72.48
24,1024,128,1024,100.128
24,1024,128,2048,139.168
24,1024,128,4096,204.075
24,1024,128,8192,333.499
24,1024,128,16384,588.78
24,1024,128,32768,1113.02
24,1024,128,65536,2185.66
24,2048,0,0,40.4907
24,2048,1,16,40.3412
24,2048,1,32,40.4155
24,2048,1,64,40.3417
24,2048,1,128,40.4593
24,2048,1,256,40.5223
24,2048,1,512,40.5712
24,2048,1,1024,40.6453
24,2048,1,2048,40.448
24,2048,1,4096,37.3818
24,2048,1,8192,38.8377
24,2048,1,16384,49.5148
24,2048,1,32768,71.7017
24,2048,1,65536,113.264
24,2048,2,16,40.8
24,2048,2,32,40.6668
24,2048,2,64,40.9812
24,2048,2,128,40.9068
24,2048,2,256,40.8105
24,2048,2,512,40.8003
24,2048,2,1024,40.8165
24,2048,2,2048,38.9442
24,2048,2,4096,38.0798
24,2048,2,8192,39.4135
24,2048,2,16384,50.592
24,2048,2,32768,72.4853
24,2048,2,65536,115.686
24,2048,4,16,40.123
24,2048,4,32,39.9893
24,2048,4,64,41.2587
24,2048,4,128,41.3443
24,2048,4,256,41.4668
24,2048,4,512,41.1308
24,2048,4,1024,39.1255
24,2048,4,2048,39.7173
24,2048,4,4096,41.4987
24,2048,4,8192,43.1565
24,2048,4,16384,52.7467
24,2048,4,32768,74.7577
24,2048,4,65536,119.984
24,2048,8,16,41.6482
24,2048,8,32,41.5572
24,2048,8,64,41.2648
24,2048,8,128,41.723
24,2048,8,256,41.5737
24,2048,8,512,40.0807
24,2048,8,1024,39.84
24,2048,8,2048,40.0057
24,2048,8,4096,44.453
24,2048,8,8192,49.9572
24,2048,8,16384,65.9572
24,2048,8,32768,100.96
24,2048,8,65536,167.883
24,2048,16,16,42.0322
24,2048,16,32,42.3212
24,2048,16,64,42.4
24,2048,16,128,40.4005
24,2048,16,256,40.1815
24,2048,16,512,41.3385
24,2048,16,1024,43.4235
24,2048,16,2048,44.3043
24,2048,16,4096,50.8213
24,2048,16,8192,67.0558
24,2048,16,16384,147.254
24,2048,16,32768,221.249
24,2048,16,65536,350.3
24,2048,32,16,40.2717
24,2048,32,32,40.2668
24,2048,32,64,39.3282
24,2048,32,128,39.3915
24,2048,32,256,41.3862
24,2048,32,512,41.824
24,2048,32,1024,46.427
24,2048,32,2048,53.2052
24,2048,32,4096,93.1255
24,2048,32,8192,151.2
24,2048,32,16384,221.691
24,2048,32,32768,351.094
24,2048,32,65536,609.314
24,2048,64,16,41.2965
24,2048,64,32,41.7707
24,2048,64,64,42.176
24,2048,64,128,41.2427
24,2048,64,256,43.3442
24,2048,64,512,54.5337
24,2048,64,1024,68.2187
24,2048,64,2048,99.2535
24,2048,64,4096,156.945
24,2048,64,8192,225.184
24,2048,64,16384,355.467
24,2048,64,32768,611.229
24,2048,64,65536,1124.02
24,2048,128,16,43.2265
24,2048,128,32,43.765
24,2048,128,64,45.195
24,2048,128,128,49.0077
24,2048,128,256,56.4803
24,2048,128,512,70.6343
24,2048,128,1024,101.83
24,2048,128,2048,157.696
24,2048,128,4096,230.752
24,2048,128,8192,358.091
24,2048,128,16384,616.892
24,2048,128,32768,1134.5
24,2048,128,65536,2186.68
24,4096,0,0,43.8232
24,4096,1,16,43.6698
24,4096,1,32,43.6637
24,4096,1,64,43.6432
24,4096,1,128,43.6317
24,4096,1,256,43.8182
24,4096,1,512,42.5812
24,4096,1,1024,43.6853
24,4096,1,2048,43.8775
24,4096,1,4096,43.4185
24,4096,1,8192,40.6718
24,4096,1,16384,50.2348
24,4096,1,32768,71.7227
24,4096,1,65536,113.168
24,4096,2,16,43.6373
24,4096,2,32,43.776
24,4096,2,64,43.6005
24,4096,2,128,43.6163
24,4096,2,256,44.0217
24,4096,2,512,44.0745
24,4096,2,1024,44.2932
24,4096,2,2048,43.7275
24,4096,2,4096,44.3952
24,4096,2,8192,42.7042
24,4096,2,16384,51.1733
24,4096,2,32768,72.8587
24,4096,2,65536,116.032
24,4096,4,16,43.957
24,4096,4,32,43.9838
24,4096,4,64,43.2637
24,4096,4,128,44.2457
24,4096,4,256,44.2982
24,4096,4,512,44.4638
24,4096,4,1024,44.1285
24,4096,4,2048,43.8293
24,4096,4,4096,44.251
24,4096,4,8192,48.6617
24,4096,4,16384,54.4053
24,4096,4,32768,74.971
24,4096,4,65536,120.091
24,4096,8,16,44.3518
24,4096,8,32,44.4747
24,4096,8,64,44.5977
24,4096,8,128,44.5227
24,4096,8,256,44.4962
24,4096,8,512,44.7362
24,4096,8,1024,43.6695
24,4096,8,2048,44.2828
24,4096,8,4096,47.7022
24,4096,8,8192,51.7553
24,4096,8,16384,68.2395
24,4096,8,32768,101.643
24,4096,8,65536,166.838
24,4096,16,16,45.3542
24,4096,16,32,44.9278
24,4096,16,64,45.3647
24,4096,16,128,45.003
24,4096,16,256,42.816
24,4096,16,512,44.33
24,4096,16,1024,44.784
24,4096,16,2048,51.6852
24,4096,16,4096,53.0887
24,4096,16,8192,96.736
24,4096,16,16384,102.87
24,4096,16,32768,262.539
24,4096,16,65536,401.232
24,4096,32,16,44.832
24,4096,32,32,44.1652
24,4096,32,64,42.352
24,4096,32,128,43.707
24,4096,32,256,44.3095
24,4096,32,512,45.3655
24,4096,32,1024,53.6587
24,4096,32,2048,56.928
24,4096,32,4096,92.176
24,4096,32,8192,150.581
24,4096,32,16384,266.209
24,4096,32,32768,403.537
24,4096,32,65536,661.927
24,4096,64,16,43.4395
24,4096,64,32,43.4932
24,4096,64,64,44.0215
24,4096,64,128,43.717
24,4096,64,256,46.8802
24,4096,64,512,50.7477
24,4096,64,1024,68.3838
24,4096,64,2048,96.933
24,4096,64,4096,157.899
24,4096,64,8192,271.473
24,4096,64,16384,405.463
24,4096,64,32768,664.193
24,4096,64,65536,1175.07
24,4096,128,16,48.9977
24,4096,128,32,49.8085
24,4096,128,64,48.8743
24,4096,128,128,49.4248
24,4096,128,256,55.6853
24,4096,128,512,70.7735
24,4096,128,1024,99.323
24,4096,128,2048,158.523
24,4096,128,4096,273.264
24,4096,128,8192,410.577
24,4096,128,16384,670.119
24,4096,128,32768,1182.78
24,4096,128,65536,2205.92
24,8192,0,0,50.5442
24,8192,1,16,50.2137
24,8192,1,32,50.608
24,8192,1,64,50.3728
24,8192,1,128,50.5278
24,8192,1,256,50.6142
24,8192,1,512,50.656
24,8192,1,1024,50.411
24,8192,1,2048,50.1918
24,8192,1,4096,50.1863
24,8192,1,8192,49.9202
24,8192,1,16384,51.248
24,8192,1,32768,71.5097
24,8192,1,65536,114.027
24,8192,2,16,50.891
24,8192,2,32,50.8858
24,8192,2,64,51.0345
24,8192,2,128,50.7253
24,8192,2,256,50.9225
24,8192,2,512,51.04
24,8192,2,1024,50.3358
24,8192,2,2048,50.875
24,8192,2,4096,50.5973
24,8192,2,8192,51.9683
24,8192,2,16384,52.2562
24,8192,2,32768,72.6078
24,8192,2,65536,115.195
24,8192,4,16,50.5228
24,8192,4,32,50.4268
24,8192,4,64,50.6352
24,8192,4,128,50.5067
24,8192,4,256,50.635
24,8192,4,512,50.6342
24,8192,4,1024,51.2487
24,8192,4,2048,50.443
24,8192,4,4096,50.9763
24,8192,4,8192,52.8638
24,8192,4,16384,58.5498
24,8192,4,32768,76.1275
24,8192,4,65536,120.805
24,8192,8,16,50.885
24,8192,8,32,51.2482
24,8192,8,64,51.0827
24,8192,8,128,50.8533
24,8192,8,256,51.1043
24,8192,8,512,50.9493
24,8192,8,1024,51.259
24,8192,8,2048,51.2592
24,8192,8,4096,52.8322
24,8192,8,8192,58.96
24,8192,8,16384,71.7658
24,8192,8,32768,105.078
24,8192,8,65536,171.077
24,8192,16,16,51.7815
24,8192,16,32,51.7973
24,8192,16,64,51.8083
24,8192,16,128,51.8348
24,8192,16,256,51.5678
24,8192,16,512,49.285
24,8192,16,1024,52.5813
24,8192,16,2048,54.3952
24,8192,16,4096,74.2935
24,8192,16,8192,72.0805
24,8192,16,16384,158.71
24,8192,16,32768,173.157
24,8192,16,65536,491.777
24,8192,32,16,52.2352
24,8192,32,32,52.2453
24,8192,32,64,52.2773
24,8192,32,128,51.7442
24,8192,32,256,48.6188
24,8192,32,512,52.8702
24,8192,32,1024,65.8292
24,8192,32,2048,72.3472
24,8192,32,4096,72.0317
24,8192,32,8192,149.872
24,8192,32,16384,264.432
24,8192,32,32768,498.721
24,8192,32,65536,760.556
24,8192,64,16,52.0258
24,8192,64,32,52.8322
24,8192,64,64,53.28
24,8192,64,128,51.9362
24,8192,64,256,51.6157
24,8192,64,512,56.9603
24,8192,64,1024,70.379
24,8192,64,2048,96.7417
24,8192,64,4096,153.841
24,8192,64,8192,270.118
24,8192,64,16384,503.272
24,8192,64,32768,763.388
24,8192,64,65536,1274.73
24,8192,128,16,57.8402
24,8192,128,32,58.6348
24,8192,128,64,54.5813
24,8192,128,128,57.9095
24,8192,128,256,59.2748
24,8192,128,512,70.4907
24,8192,128,1024,99.755
24,8192,128,2048,158.026
24,8192,128,4096,273.243
24,8192,128,8192,503.147
24,8192,128,16384,771.548
24,8192,128,32768,1282.88
24,8192,128,65536,2306.87
24,16384,0,0,61.8562
24,16384,1,16,61.6318
24,16384,1,32,61.6372
24,16384,1,64,61.6535
24,16384,1,128,61.541
24,16384,1,256,61.6267
24,16384,1,512,61.8035
24,16384,1,1024,61.7922
24,16384,1,2048,61.696
24,16384,1,4096,61.2962
24,16384,1,8192,61.6108
24,16384,1,16384,62.5975
24,16384,1,32768,72.256
24,16384,1,65536,114.501
24,16384,2,16,61.9843
24,16384,2,32,61.552
24,16384,2,64,61.7067
24,16384,2,128,62.2185
24,16384,2,256,61.5253
24,16384,2,512,61.5945
24,16384,2,1024,61.8455
24,16384,2,2048,62.304
24,16384,2,4096,62.283
24,16384,2,8192,62.6405
24,16384,2,16384,66.2457
24,16384,2,32768,74.5815
24,16384,2,65536,116.123
24,16384,4,16,61.6695
24,16384,4,32,61.68
24,16384,4,64,61.5147
24,16384,4,128,61.4185
24,16384,4,256,61.6002
24,16384,4,512,62.0688
24,16384,4,1024,61.5793
24,16384,4,2048,61.5472
24,16384,4,4096,63.4132
24,16384,4,8192,65.6647
24,16384,4,16384,71.2748
24,16384,4,32768,83.7075
24,16384,4,65536,121.542
24,16384,8,16,62.3097
24,16384,8,32,62.4208
24,16384,8,64,62.3788
24,16384,8,128,62.256
24,16384,8,256,62.6508
24,16384,8,512,62.4587
24,16384,8,1024,62.5705
24,16384,8,2048,64.5758
24,16384,8,4096,66.363
24,16384,8,8192,70.8967
24,16384,8,16384,81.515
24,16384,8,32768,111.936
24,16384,8,65536,176.662
24,16384,16,16,63.3122
24,16384,16,32,63.1628
24,16384,16,64,62.8105
24,16384,16,128,63.0777
24,16384,16,256,62.7528
24,16384,16,512,63.6055
24,16384,16,1024,65.675
24,16384,16,2048,66.9868
24,16384,16,4096,71.6803
24,16384,16,8192,121.505
24,16384,16,16384,110.342
24,16384,16,32768,278.385
24,16384,16,65536,312.379
24,16384,32,16,63.243
24,16384,32,32,63.4668
24,16384,32,64,63.8502
24,16384,32,128,63.5682
24,16384,32,256,64.481
24,16384,32,512,65.12
24,16384,32,1024,67.6373
24,16384,32,2048,92.816
24,16384,32,4096,109.803
24,16384,32,8192,110.395
24,16384,32,16384,260.993
24,16384,32,32768,492.411
24,16384,32,65536,956.951
24,16384,64,16,64.528
24,16384,64,32,64.667
24,16384,64,64,62.9653
24,16384,64,128,65.8243
24,16384,64,256,66.2245
24,16384,64,512,65.8085
24,16384,64,1024,91.973
24,16384,64,2048,96.848
24,16384,64,4096,152.064
24,16384,64,8192,266.081
24,16384,64,16384,498.135
24,16384,64,32768,964.861
24,16384,64,65536,1478.26
24,16384,128,16,69.456
24,16384,128,32,69.2697
24,16384,128,64,71.3177
24,16384,128,128,67.6807
24,16384,128,256,71.8127
24,16384,128,512,88.411
24,16384,128,1024,98.6022
24,16384,128,2048,154.507
24,16384,128,4096,270.432
24,16384,128,8192,499.704
24,16384,128,16384,965.623
24,16384,128,32768,1488.65
24,16384,128,65536,2509.72
24,32768,0,0,83.8352
24,32768,1,16,82.955
24,32768,1,32,83.3015
24,32768,1,64,82.8108
24,32768,1,128,82.955
24,32768,1,256,83.2215
24,32768,1,512,83.0082
24,32768,1,1024,83.0777
24,32768,1,2048,82.6937
24,32768,1,4096,82.8
24,32768,1,8192,83.152
24,32768,1,16384,83.2002
24,32768,1,32768,85.1362
24,32768,1,65536,115.307
24,32768,2,16,82.806
24,32768,2,32,83.1145
24,32768,2,64,83.3922
24,32768,2,128,82.784
24,32768,2,256,82.9862
24,32768,2,512,83.1197
24,32768,2,1024,83.1897
24,32768,2,2048,82.9553
24,32768,2,4096,82.998
24,32768,2,8192,83.3763
24,32768,2,16384,85.1625
24,32768,2,32768,94.0265
24,32768,2,65536,118.298
24,32768,4,16,83.1303
24,32768,4,32,83.0295
24,32768,4,64,82.9123
24,32768,4,128,82.7728
24,32768,4,256,82.9013
24,32768,4,512,83.1362
24,32768,4,1024,83.3125
24,32768,4,2048,82.9335
24,32768,4,4096,83.093
24,32768,4,8192,85.7553
24,32768,4,16384,93.3228
24,32768,4,32768,105.483
24,32768,4,65536,129.947
24,32768,8,16,83.6542
24,32768,8,32,83.6692
24,32768,8,64,84.3255
24,32768,8,128,83.6427
24,32768,8,256,84.0275
24,32768,8,512,83.8453
24,32768,8,1024,83.8083
24,32768,8,2048,83.6007
24,32768,8,4096,86.4473
24,32768,8,8192,93.952
24,32768,8,16384,105.35
24,32768,8,32768,129.473
24,32768,8,65536,194.134
24,32768,16,16,84.256
24,32768,16,32,84.4482
24,32768,16,64,84.7685
24,32768,16,128,84.651
24,32768,16,256,84.1495
24,32768,16,512,83.931
24,32768,16,1024,84.3737
24,32768,16,2048,90.1173
24,32768,16,4096,95.0238
24,32768,16,8192,106.518
24,32768,16,16384,204.534
24,32768,16,32768,185.43
24,32768,16,65536,511.963
24,32768,32,16,85.4032
24,32768,32,32,84.9922
24,32768,32,64,85.1893
24,32768,32,128,85.5518
24,32768,32,256,85.1683
24,32768,32,512,87.1418
24,32768,32,1024,92.4798
24,32768,32,2048,95.2592
24,32768,32,4096,143.824
24,32768,32,8192,182.101
24,32768,32,16384,186.203
24,32768,32,32768,481.504
24,32768,32,65536,940.785
24,32768,64,16,86.3148
24,32768,64,32,86.3628
24,32768,64,64,86.5707
24,32768,64,128,86.4585
24,32768,64,256,88.3152
24,32768,64,512,91.1203
24,32768,64,1024,94.1442
24,32768,64,2048,144.694
24,32768,64,4096,151.739
24,32768,64,8192,263.009
24,32768,64,16384,483.602
24,32768,64,32768,952.179
24,32768,64,65536,1873.7
24,32768,128,16,90.47
24,32768,128,32,90.2505
24,32768,128,64,91.995
24,32768,128,128,91.4565
24,32768,128,256,91.104
24,32768,128,512,99.126
24,32768,128,1024,129.936
24,32768,128,2048,153.035
24,32768,128,4096,263.697
24,32768,128,8192,487.58
24,32768,128,16384,956.151
24,32768,128,32768,1883.71
24,32768,128,65536,2905.18
24,65536,0,0,124.912
24,65536,1,16,124.891
24,65536,1,32,124.923
24,65536,1,64,124.495
24,65536,1,128,124.843
24,65536,1,256,124.72
24,65536,1,512,124.475
24,65536,1,1024,124.689
24,65536,1,2048,124.656
24,65536,1,4096,124.411
24,65536,1,8192,124.357
24,65536,1,16384,124.406
24,65536,1,32768,125.003
24,65536,1,65536,129.131
24,65536,2,16,124.907
24,65536,2,32,124.757
24,65536,2,64,124.682
24,65536,2,128,125.158
24,65536,2,256,124.891
24,65536,2,512,124.704
24,65536,2,1024,124.8
24,65536,2,2048,124.859
24,65536,2,4096,124.443
24,65536,2,8192,124.486
24,65536,2,16384,125.408
24,65536,2,32768,130.139
24,65536,2,65536,146.048
24,65536,4,16,124.816
24,65536,4,32,124.918
24,65536,4,64,124.816
24,65536,4,128,125.014
24,65536,4,256,124.896
24,65536,4,512,125.179
24,65536,4,1024,125.461
24,65536,4,2048,124.672
24,65536,4,4096,125.169
24,65536,4,8192,125.771
24,65536,4,16384,130.059
24,65536,4,32768,147.547
24,65536,4,65536,175.275
24,65536,8,16,125.792
24,65536,8,32,125.398
24,65536,8,64,125.819
24,65536,8,128,125.706
24,65536,8,256,125.84
24,65536,8,512,125.622
24,65536,8,1024,125.797
24,65536,8,2048,125.419
24,65536,8,4096,126.293
24,65536,8,8192,130.715
24,65536,8,16384,148.741
24,65536,8,32768,174.806
24,65536,8,65536,223.547
24,65536,16,16,126.124
24,65536,16,32,126.757
24,65536,16,64,126.645
24,65536,16,128,126.555
24,65536,16,256,126.57
24,65536,16,512,126.779
24,65536,16,1024,126.912
24,65536,16,2048,127.035
24,65536,16,4096,142.181
24,65536,16,8192,149.776
24,65536,16,16384,176.806
24,65536,16,32768,371.243
24,65536,16,65536,334.833
24,65536,32,16,127.089
24,65536,32,32,127.339
24,65536,32,64,127.221
24,65536,32,128,127.243
24,65536,32,256,127.12
24,65536,32,512,127.59
24,65536,32,1024,128.085
24,65536,32,2048,142.39
24,65536,32,4096,150.342
24,65536,32,8192,248.256
24,65536,32,16384,320.689
24,65536,32,32768,340.117
24,65536,32,65536,910.653
24,65536,64,16,128.15
24,65536,64,32,128.48
24,65536,64,64,128.529
24,65536,64,128,127.995
24,65536,64,256,128.709
24,65536,64,512,133.057
24,65536,64,1024,139.19
24,65536,64,2048,151.371
24,65536,64,4096,248.033
24,65536,64,8192,256.192
24,65536,64,16384,478.246
24,65536,64,32768,914.065
24,65536,64,65536,1847.01
24,65536,128,16,132.24
24,65536,128,32,131.691
24,65536,128,64,131.702
24,65536,128,128,132.23
24,65536,128,256,136.059
24,65536,128,512,142.992
24,65536,128,1024,158.769
24,65536,128,2048,207.222
24,65536,128,4096,259.98
24,65536,128,8192,476.103
24,65536,128,16384,924.807
24,65536,128,32768,1851.72
24,65536,128,65536,3706.04
36,0,0,0,23.3808
36,0,1,16,23.3918
36,0,1,32,23.5733
36,0,1,64,24.39
36,0,1,128,25.9522
36,0,1,256,30.4433
36,0,1,512,28.1708
36,0,1,1024,28.6347
36,0,1,2048,32.8268
36,0,1,4096,37.3547
36,0,1,8192,42.2352
36,0,1,16384,57.8138
36,0,1,32768,90.8263
36,0,1,65536,151.787
36,0,2,16,23.3445
36,0,2,32,23.4133
36,0,2,64,24.4593
36,0,2,128,25.8345
36,0,2,256,30.1542
36,0,2,512,28.4213
36,0,2,1024,29.0452
36,0,2,2048,32.043
36,0,2,4096,35.6487
36,0,2,8192,42.1763
36,0,2,16384,58.4107
36,0,2,32768,91.179
36,0,2,65536,152.902
36,0,4,16,23.4508
36,0,4,32,23.6208
36,0,4,64,24.6828
36,0,4,128,26.24
36,0,4,256,28.6727
36,0,4,512,28.837
36,0,4,1024,29.2747
36,0,4,2048,33.0405
36,0,4,4096,36.7302
36,0,4,8192,45.1792
36,0,4,16384,62.1598
36,0,4,32768,94.5175
36,0,4,65536,156.385
36,0,8,16,23.4245
36,0,8,32,23.4027
36,0,8,64,24.4853
36,0,8,128,26.1445
36,0,8,256,29.2375
36,0,8,512,30.0955
36,0,8,1024,31.9515
36,0,8,2048,35.1632
36,0,8,4096,39.2425
36,0,8,8192,49.8083
36,0,8,16384,68.5127
36,0,8,32768,105.466
36,0,8,65536,176.358
36,0,16,16,23.6373
36,0,16,32,23.6
36,0,16,64,24.8047
36,0,16,128,26.2343
36,0,16,256,30.9922
36,0,16,512,31.6855
36,0,16,1024,33.9203
36,0,16,2048,39.269
36,0,16,4096,48.9603
36,0,16,8192,66.5495
36,0,16,16384,102.192
36,0,16,32768,168.24
36,0,16,65536,302.902
36,0,32,16,23.9568
36,0,32,32,23.8083
36,0,32,64,25.301
36,0,32,128,26.9813
36,0,32,256,32.7153
36,0,32,512,35.2637
36,0,32,1024,42.4375
36,0,32,2048,51.7973
36,0,32,4096,67.6373
36,0,32,8192,103.285
36,0,32,16384,168.235
36,0,32,32768,303.168
36,0,32,65536,571.985
36,0,64,16,24.4052
36,0,64,32,24.3253
36,0,64,64,26.1918
36,0,64,128,27.5413
36,0,64,256,41.6267
36,0,64,512,46.7737
36,0,64,1024,55.0132
36,0,64,2048,70.2665
36,0,64,4096,105.627
36,0,64,8192,172.662
36,0,64,16384,305.041
36,0,64,32768,574.982
36,0,64,65536,1115.85
36,0,128,16,31.627
36,0,128,32,32.1652
36,0,128,64,34.6027
36,0,128,128,36.9442
36,0,128,256,48.2937
36,0,128,512,55.5675
36,0,128,1024,72.2933
36,0,128,2048,107.633
36,0,128,4096,174.8
36,0,128,8192,309.814
36,0,128,16384,576.165
36,0,128,32768,1114.59
36,0,128,65536,2189.59
36,16,0,0,23.4617
36,16,1,16,23.5947
36,16,1,32,23.4722
36,16,1,64,24.4693
36,16,1,128,25.8992
36,16,1,256,30.9973
36,16,1,512,29.4403
36,16,1,1024,29.5573
36,16,1,2048,32.3093
36,16,1,4096,35.5203
36,16,1,8192,43.194
36,16,1,16384,58.9177
36,16,1,32768,91.3545
36,16,1,65536,152.485
36,16,2,16,23.3605
36,16,2,32,23.7437
36,16,2,64,24.592
36,16,2,128,26.4103
36,16,2,256,28.5387
36,16,2,512,28.2827
36,16,2,1024,29.9735
36,16,2,2048,32.6025
36,16,2,4096,36.2395
36,16,2,8192,43.0288
36,16,2,16384,59.1903
36,16,2,32768,91.6375
36,16,2,65536,153.515
36,16,4,16,23.5953
36,16,4,32,23.2592
36,16,4,64,24.6763
36,16,4,128,26.1073
36,16,4,256,29.3655
36,16,4,512,28.6507
36,16,4,1024,29.829
36,16,4,2048,33.872
36,16,4,4096,36.4217
36,16,4,8192,44.917
36,16,4,16384,62.1922
36,16,4,32768,94.7898
36,16,4,65536,156.267
36,16,8,16,23.5465
36,16,8,32,23.5042
36,16,8,64,24.5065
36,16,8,128,26.086
36,16,8,256,29.7602
36,16,8,512,29.6962
36,16,8,1024,31.9947
36,16,8,2048,34.6668
36,16,8,4096,39.0457
36,16,8,8192,50.197
36,16,8,16384,69.0778
36,16,8,32768,105.589
36,16,8,65536,174.811
36,16,16,16,23.4402
36,16,16,32,23.7492
36,16,16,64,24.731
36,16,16,128,26.4418
36,16,16,256,30.992
36,16,16,512,31.4613
36,16,16,1024,34.037
36,16,16,2048,38.7527
36,16,16,4096,56.2987
36,16,16,8192,73.2958
36,16,16,16384,107.131
36,16,16,32768,172.854
36,16,16,65536,302.998
36,16,32,16,24.1438
36,16,32,32,24.0537
36,16,32,64,25.2798
36,16,32,128,26.757
36,16,32,256,31.9362
36,16,32,512,35.0567
36,16,32,1024,45.3118
36,16,32,2048,56.0535
36,16,32,4096,73.851
36,16,32,8192,106.214
36,16,32,16384,172.929
36,16,32,32768,304.364
36,16,32,65536,571.356
36,16,64,16,24.4053
36,16,64,32,24.8048
36,16,64,64,26.2462
36,16,64,128,27.84
36,16,64,256,41.9302
36,16,64,512,48.5707
36,16,64,1024,58.2718
36,16,64,2048,75.6585
36,16,64,4096,108.47
36,16,64,8192,175.009
36,16,64,16384,306.864
36,16,64,32768,572.007
36,16,64,65536,1116.02
36,16,128,16,30.9813
36,16,128,32,31.7872
36,16,128,64,34.997
36,16,128,128,38.3042
36,16,128,256,50.4963
36,16,128,512,61.9048
36,16,128,1024,78.9545
36,16,128,2048,112.715
36,16,128,4096,177.91
36,16,128,8192,309.025
36,16,128,16384,576.337
36,16,128,32768,1111.26
36,16,128,65536,2183.54
36,32,0,0,24.4373
36,32,1,16,24.779
36,32,1,32,24.5652
36,32,1,64,24.8478
36,32,1,128,25.7122
36,32,1,256,32.3467
36,32,1,512,30.4748
36,32,1,1024,31.4938
36,32,1,2048,31.9792
36,32,1,4096,35.098
36,32,1,8192,42.9387
36,32,1,16384,59.0078
36,32,1,32768,91.2537
36,32,1,65536,152.769
36,32,2,16,24.5223
36,32,2,32,24.4483
36,32,2,64,24.7948
36,32,2,128,25.92
36,32,2,256,32.1818
36,32,2,512,29.7172
36,32,2,1024,30.256
36,32,2,2048,31.9623
36,32,2,4096,36.2023
36,32,2,8192,43.0717
36,32,2,16384,59.44
36,32,2,32768,91.3653
36,32,2,65536,153.793
36,32,4,16,24.6353
36,32,4,32,24.5812
36,32,4,64,24.6615
36,32,4,128,26.0217
36,32,4,256,33.5148
36,32,4,512,30.9445
36,32,4,1024,32.6663
36,32,4,2048,33.6905
36,32,4,4096,36.4105
36,32,4,8192,44.87
36,32,4,16384,62.2402
36,32,4,32768,94.4263
36,32,4,65536,156.491
36,32,8,16,24.6453
36,32,8,32,24.6455
36,32,8,64,24.8852
36,32,8,128,26.0055
36,32,8,256,32.1543
36,32,8,512,30.6883
36,32,8,1024,31.8235
36,32,8,2048,35.4612
36,32,8,4096,39.296
36,32,8,8192,50.7253
36,32,8,16384,69.5255
36,32,8,32768,104.203
36,32,8,65536,176.571
36,32,16,16,24.4798
36,32,16,32,24.4962
36,32,16,64,25.094
36,32,16,128,26.091
36,32,16,256,33.4458
36,32,16,512,31.4508
36,32,16,1024,34.0055
36,32,16,2048,39.3602
36,32,16,4096,55.7707
36,32,16,8192,74.6882
36,32,16,16384,107.382
36,32,16,32768,171.985
36,32,16,65536,303.361
36,32,32,16,24.8588
36,32,32,32,24.7737
36,32,32,64,25.3867
36,32,32,128,26.8747
36,32,32,256,31.7917
36,32,32,512,34.5488
36,32,32,1024,45.7973
36,32,32,2048,56.1015
36,32,32,4096,73.5363
36,32,32,8192,106.277
36,32,32,16384,172.367
36,32,32,32768,303.184
36,32,32,65536,572.614
36,32,64,16,25.7443
36,32,64,32,25.6745
36,32,64,64,26.288
36,32,64,128,27.5842
36,32,64,256,41.8718
36,32,64,512,48.6353
36,32,64,1024,58.7735
36,32,64,2048,75.4613
36,32,64,4096,109.094
36,32,64,8192,174.624
36,32,64,16384,306.54
36,32,64,32768,573.318
36,32,64,65536,1112.5
36,32,128,16,31.3443
36,32,128,32,32.2453
36,32,128,64,34.7095
36,32,128,128,38.1172
36,32,128,256,50.4535
36,32,128,512,61.2218
36,32,128,1024,79.0032
36,32,128,2048,112.363
36,32,128,4096,177.723
36,32,128,8192,307.868
36,32,128,16384,575.196
36,32,128,32768,1111.54
36,32,128,65536,2187.52
36,64,0,0,25.1092
36,64,1,16,25.1252
36,64,1,32,25.2272
36,64,1,64,25.0882
36,64,1,128,26.0057
36,64,1,256,33.0022
36,64,1,512,30.9547
36,64,1,1024,31.5258
36,64,1,2048,31.8507
36,64,1,4096,35.0885
36,64,1,8192,42.5973
36,64,1,16384,58.9218
36,64,1,32768,91.0182
36,64,1,65536,152.737
36,64,2,16,25.328
36,64,2,32,25.4557
36,64,2,64,25.3925
36,64,2,128,26.3038
36,64,2,256,32.0807
36,64,2,512,30.5973
36,64,2,1024,30.3523
36,64,2,2048,31.7022
36,64,2,4096,35.7817
36,64,2,8192,43.163
36,64,2,16384,59.3603
36,64,2,32768,91.5735
36,64,2,65536,154.118
36,64,4,16,24.9602
36,64,4,32,25.0723
36,64,4,64,25.2157
36,64,4,128,26.128
36,64,4,256,33.147
36,64,4,512,31.2053
36,64,4,1024,32.6453
36,64,4,2048,33.5087
36,64,4,4096,36.2188
36,64,4,8192,45.4988
36,64,4,16384,62.3738
36,64,4,32768,94.5342
36,64,4,65536,156.133
36,64,8,16,25.2105
36,64,8,32,25.4242
36,64,8,64,25.1202
36,64,8,128,26.3412
36,64,8,256,32.576
36,64,8,512,31.9045
36,64,8,1024,31.9948
36,64,8,2048,35.1577
36,64,8,4096,40.4213
36,64,8,8192,50.688
36,64,8,16384,69.3492
36,64,8,32768,106.416
36,64,8,65536,176.155
36,64,16,16,25.0883
36,64,16,32,25.328
36,64,16,64,25.0348
36,64,16,128,26.555
36,64,16,256,33.701
36,64,16,512,31.5095
36,64,16,1024,34.1918
36,64,16,2048,39.1365
36,64,16,4096,59.6805
36,64,16,8192,75.7282
36,64,16,16384,109.184
36,64,16,32768,174.971
36,64,16,65536,305.409
36,64,32,16,25.8772
36,64,32,32,25.8185
36,64,32,64,25.6912
36,64,32,128,26.7948
36,64,32,256,32.2667
36,64,32,512,34.9545
36,64,32,1024,48.5655
36,64,32,2048,57.8245
36,64,32,4096,75.0295
36,64,32,8192,109.025
36,64,32,16384,175.003
36,64,32,32768,305.025
36,64,32,65536,571.121
36,64,64,16,26.3835
36,64,64,32,26.7737
36,64,64,64,26.8425
36,64,64,128,27.8935
36,64,64,256,44.896
36,64,64,512,49.931
36,64,64,1024,60.2988
36,64,64,2048,78.5652
36,64,64,4096,111.995
36,64,64,8192,176.155
36,64,64,16384,308.432
36,64,64,32768,572.801
36,64,64,65536,1107.04
36,64,128,16,31.2802
36,64,128,32,31.5413
36,64,128,64,36.0212
36,64,128,128,39.4992
36,64,128,256,52.8053
36,64,128,512,63.829
36,64,128,1024,81.7712
36,64,128,2048,114.976
36,64,128,4096,180.352
36,64,128,8192,308.992
36,64,128,16384,574.193
36,64,128,32768,1107.87
36,64,128,65536,2182.11
36,128,0,0,26.4268
36,128,1,16,26.7893
36,128,1,32,26.8058
36,128,1,64,26.6825
36,128,1,128,26.8315
36,128,1,256,34.1015
36,128,1,512,32.2295
36,128,1,1024,32.8315
36,128,1,2048,32.2618
36,128,1,4096,34.7043
36,128,1,8192,42.9818
36,128,1,16384,58.939
36,128,1,32768,91.1632
36,128,1,65536,152.432
36,128,2,16,26.768
36,128,2,32,27.0135
36,128,2,64,27.1145
36,128,2,128,26.805
36,128,2,256,33.1042
36,128,2,512,31.0565
36,128,2,1024,32.0535
36,128,2,2048,32.0695
36,128,2,4096,34.8533
36,128,2,8192,42.6935
36,128,2,16384,59.062
36,128,2,32768,91.3865
36,128,2,65536,153.894
36,128,4,16,26.6498
36,128,4,32,26.9973
36,128,4,64,26.7787
36,128,4,128,26.8585
36,128,4,256,33.5472
36,128,4,512,32.5493
36,128,4,1024,33.3595
36,128,4,2048,33.8452
36,128,4,4096,36.2935
36,128,4,8192,44.4428
36,128,4,16384,62.2187
36,128,4,32768,94.9707
36,128,4,65536,156.118
36,128,8,16,26.8428
36,128,8,32,26.7467
36,128,8,64,26.6452
36,128,8,128,26.8583
36,128,8,256,34.069
36,128,8,512,32.2187
36,128,8,1024,35.7385
36,128,8,2048,36.8325
36,128,8,4096,38.7578
36,128,8,8192,50.1067
36,128,8,16384,69.392
36,128,8,32768,106.044
36,128,8,65536,176.678
36,128,16,16,26.9603
36,128,16,32,26.7203
36,128,16,64,26.9228
36,128,16,128,27.0133
36,128,16,256,34.2885
36,128,16,512,35.3923
36,128,16,1024,33.9628
36,128,16,2048,38.923
36,128,16,4096,61.109
36,128,16,8192,76.6243
36,128,16,16384,109.584
36,128,16,32768,176.854
36,128,16,65536,305.062
36,128,32,16,27.253
36,128,32,32,27.226
36,128,32,64,27.2103
36,128,32,128,27.5097
36,128,32,256,35.6853
36,128,32,512,36.1973
36,128,32,1024,48.7098
36,128,32,2048,58.6557
36,128,32,4096,76.4967
36,128,32,8192,109.936
36,128,32,16384,176.075
36,128,32,32768,304.837
36,128,32,65536,570.508
36,128,64,16,27.9625
36,128,64,32,28.1968
36,128,64,64,28.1282
36,128,64,128,28.4053
36,128,64,256,45.114
36,128,64,512,51.1522
36,128,64,1024,61.9473
36,128,64,2048,78.4005
36,128,64,4096,113.691
36,128,64,8192,176.897
36,128,64,16384,308.507
36,128,64,32768,572.636
36,128,64,65536,1109.86
36,128,128,16,31.3707
36,128,128,32,31.419
36,128,128,64,35.5573
36,128,128,128,39.707
36,128,128,256,53.573
36,128,128,512,65.3705
36,128,128,1024,82.336
36,128,128,2048,116.075
36,128,128,4096,182.577
36,128,128,8192,311.366
36,128,128,16384,574.215
36,128,128,32768,1108.98
36,128,128,65536,2180.3
36,256,0,0,34.3303
36,256,1,16,34.4208
36,256,1,32,34.475
36,256,1,64,34.4588
36,256,1,128,34.656
36,256,1,256,34.7842
36,256,1,512,33.0295
36,256,1,1024,33.4768
36,256,1,2048,32.8
36,256,1,4096,35.4513
36,256,1,8192,42.9923
36,256,1,16384,59.2105
36,256,1,32768,90.9012
36,256,1,65536,152.384
36,256,2,16,33.6695
36,256,2,32,33.6263
36,256,2,64,33.4935
36,256,2,128,33.296
36,256,2,256,33.6742
36,256,2,512,32.32
36,256,2,1024,32.336
36,256,2,2048,32.7572
36,256,2,4096,35.1042
36,256,2,8192,42.8
36,256,2,16384,58.9018
36,256,2,32768,91.3237
36,256,2,65536,153.562
36,256,4,16,34.4108
36,256,4,32,34.8695
36,256,4,64,35.6747
36,256,4,128,35.2107
36,256,4,256,34.7145
36,256,4,512,33.1413
36,256,4,1024,33.6
36,256,4,2048,35.4877
36,256,4,4096,37.0135
36,256,4,8192,45.0828
36,256,4,16384,62.6347
36,256,4,32768,94.6565
36,256,4,65536,155.334
36,256,8,16,34.032
36,256,8,32,34.1977
36,256,8,64,34.4432
36,256,8,128,34.8113
36,256,8,256,34.4915
36,256,8,512,33.35
36,256,8,1024,36.5762
36,256,8,2048,37.4348
36,256,8,4096,39.9467
36,256,8,8192,50.2395
36,256,8,16384,69.733
36,256,8,32768,105.659
36,256,8,65536,175.617
36,256,16,16,34.3995
36,256,16,32,34.037
36,256,16,64,34.3043
36,256,16,128,34.576
36,256,16,256,34.8485
36,256,16,512,35.8822
36,256,16,1024,37.7545
36,256,16,2048,38.9442
36,256,16,4096,48.8432
36,256,16,8192,80.7947
36,256,16,16384,114.998
36,256,16,32768,179.382
36,256,16,65536,309.527
36,256,32,16,35.2373
36,256,32,32,35.5093
36,256,32,64,36.9008
36,256,32,128,36.3513
36,256,32,256,36.2985
36,256,32,512,38.1227
36,256,32,1024,48.9335
36,256,32,2048,61.4083
36,256,32,4096,80.71
36,256,32,8192,114.774
36,256,32,16384,179.92
36,256,32,32768,309.153
36,256,32,65536,571.837
36,256,64,16,36.987
36,256,64,32,37.4135
36,256,64,64,37.1683
36,256,64,128,42.9068
36,256,64,256,46.9175
36,256,64,512,52.8633
36,256,64,1024,63.931
36,256,64,2048,82.5762
36,256,64,4096,118.176
36,256,64,8192,181.212
36,256,64,16384,312.091
36,256,64,32768,575.122
36,256,64,65536,1113.26
36,256,128,16,39.979
36,256,128,32,41.8508
36,256,128,64,45.5892
36,256,128,128,49.3712
36,256,128,256,54.3365
36,256,128,512,67.312
36,256,128,1024,87.8403
36,256,128,2048,120.326
36,256,128,4096,187.035
36,256,128,8192,316.828
36,256,128,16384,577.164
36,256,128,32768,1108.58
36,256,128,65536,2185.33
36,512,0,0,35.9945
36,512,1,16,35.3277
36,512,1,32,35.7923
36,512,1,64,36.027
36,512,1,128,35.9947
36,512,1,256,36.2665
36,512,1,512,35.9737
36,512,1,1024,35.4982
36,512,1,2048,34.299
36,512,1,4096,35.1847
36,512,1,8192,43.2905
36,512,1,16384,59.3872
36,512,1,32768,91.4455
36,512,1,65536,152.56
36,512,2,16,35.0878
36,512,2,32,34.7892
36,512,2,64,34.96
36,512,2,128,35.0718
36,512,2,256,35.3332
36,512,2,512,35.2217
36,512,2,1024,35.9785
36,512,2,2048,33.8937
36,512,2,4096,35.403
36,512,2,8192,43.3388
36,512,2,16384,59.323
36,512,2,32768,91.4352
36,512,2,65536,153.237
36,512,4,16,35.6218
36,512,4,32,35.8722
36,512,4,64,35.493
36,512,4,128,36.1225
36,512,4,256,36.406
36,512,4,512,36.1762
36,512,4,1024,36.4165
36,512,4,2048,35.8297
36,512,4,4096,38.3198
36,512,4,8192,45.7177
36,512,4,16384,62.0848
36,512,4,32768,94.715
36,512,4,65536,156.72
36,512,8,16,35.9253
36,512,8,32,35.8405
36,512,8,64,35.9947
36,512,8,128,36.0913
36,512,8,256,36.1172
36,512,8,512,36.3045
36,512,8,1024,37.274
36,512,8,2048,39.5517
36,512,8,4096,40.6768
36,512,8,8192,50.4318
36,512,8,16384,69.4717
36,512,8,32768,105.882
36,512,8,65536,175.387
36,512,16,16,35.8508
36,512,16,32,35.3227
36,512,16,64,35.605
36,512,16,128,35.632
36,512,16,256,35.984
36,512,16,512,36.6613
36,512,16,1024,38.2558
36,512,16,2048,40.4265
36,512,16,4096,48.8002
36,512,16,8192,85.4135
36,512,16,16384,120.896
36,512,16,32768,184.726
36,512,16,65536,312.565
36,512,32,16,37.0882
36,512,32,32,36.6132
36,512,32,64,36.3522
36,512,32,128,37.451
36,512,32,256,37.8132
36,512,32,512,39.5623
36,512,32,1024,41.083
36,512,32,2048,63.3812
36,512,32,4096,86.0217
36,512,32,8192,120.545
36,512,32,16384,184.261
36,512,32,32768,315.84
36,512,32,65536,572.866
36,512,64,16,37.8343
36,512,64,32,38.2348
36,512,64,64,38.5118
36,512,64,128,39.7822
36,512,64,256,47.3493
36,512,64,512,54.8057
36,512,64,1024,68.3522
36,512,64,2048,88.9923
36,512,64,4096,122.917
36,512,64,8192,188.688
36,512,64,16384,317.734
36,512,64,32768,577.602
36,512,64,65536,1114.41
36,512,128,16,40.7312
36,512,128,32,41.5577
36,512,128,64,42.9705
36,512,128,128,49.733
36,512,128,256,57.5043
36,512,128,512,70.293
36,512,128,1024,92.3945
36,512,128,2048,126.763
36,512,128,4096,191.974
36,512,128,8192,322.188
36,512,128,16384,582.951
36,512,128,32768,1115.29
36,512,128,65536,2184.72
36,1024,0,0,37.8777
36,1024,1,16,37.7708
36,1024,1,32,37.5577
36,1024,1,64,37.5525
36,1024,1,128,37.5525
36,1024,1,256,37.4188
36,1024,1,512,37.5472
36,1024,1,1024,37.6748
36,1024,1,2048,36.6027
36,1024,1,4096,35.9678
36,1024,1,8192,43.3918
36,1024,1,16384,59.3918
36,1024,1,32768,91.5998
36,1024,1,65536,153.361
36,1024,2,16,37.3385
36,1024,2,32,37.4935
36,1024,2,64,37.5207
36,1024,2,128,37.2102
36,1024,2,256,37.4987
36,1024,2,512,37.5363
36,1024,2,1024,36.8907
36,1024,2,2048,36.5657
36,1024,2,4096,36.6343
36,1024,2,8192,43.403
36,1024,2,16384,59.467
36,1024,2,32768,92.2723
36,1024,2,65536,153.537
36,1024,4,16,37.771
36,1024,4,32,37.8348
36,1024,4,64,37.7978
36,1024,4,128,38.534
36,1024,4,256,38.2773
36,1024,4,512,38.166
36,1024,4,1024,38.4105
36,1024,4,2048,39.0082
36,1024,4,4096,39.2375
36,1024,4,8192,46.16
36,1024,4,16384,62.1915
36,1024,4,32768,94.9068
36,1024,4,65536,156.518
36,1024,8,16,37.6323
36,1024,8,32,37.4078
36,1024,8,64,37.5098
36,1024,8,128,38.4478
36,1024,8,256,37.6158
36,1024,8,512,37.9733
36,1024,8,1024,38.4432
36,1024,8,2048,40.5448
36,1024,8,4096,44.0057
36,1024,8,8192,50.533
36,1024,8,16384,68.8643
36,1024,8,32768,105.387
36,1024,8,65536,176.891
36,1024,16,16,38.0318
36,1024,16,32,38.038
36,1024,16,64,37.8132
36,1024,16,128,38.9867
36,1024,16,256,39.0403
36,1024,16,512,38.1765
36,1024,16,1024,39.5897
36,1024,16,2048,42.6777
36,1024,16,4096,50.1868
36,1024,16,8192,66.1868
36,1024,16,16384,134.918
36,1024,16,32768,198.555
36,1024,16,65536,327.137
36,1024,32,16,39.5572
36,1024,32,32,39.1897
36,1024,32,64,39.3762
36,1024,32,128,38.9223
36,1024,32,256,39.9945
36,1024,32,512,44.0372
36,1024,32,1024,43.7232
36,1024,32,2048,51.2968
36,1024,32,4096,93.0395
36,1024,32,8192,133.963
36,1024,32,16384,196.896
36,1024,32,32768,327.291
36,1024,32,65536,582.284
36,1024,64,16,40.0057
36,1024,64,32,40.5973
36,1024,64,64,39.7125
36,1024,64,128,41.2108
36,1024,64,256,46.2027
36,1024,64,512,54.6082
36,1024,64,1024,69.7497
36,1024,64,2048,97.7975
36,1024,64,4096,136.369
36,1024,64,8192,199.985
36,1024,64,16384,332.285
36,1024,64,32768,589.543
36,1024,64,65536,1123.9
36,1024,128,16,41.9525
36,1024,128,32,41.845
36,1024,128,64,44.3305
36,1024,128,128,48.6243
36,1024,128,256,58.3307
36,1024,128,512,72.9122
36,1024,128,1024,99.4725
36,1024,128,2048,139.638
36,1024,128,4096,204.705
36,1024,128,8192,335.494
36,1024,128,16384,596.476
36,1024,128,32768,1114.95
36,1024,128,65536,2187.98
36,2048,0,0,42.3847
36,2048,1,16,42.085
36,2048,1,32,41.792
36,2048,1,64,41.8933
36,2048,1,128,41.9513
36,2048,1,256,41.6913
36,2048,1,512,42.0423
36,2048,1,1024,41.595
36,2048,1,2048,42.288
36,2048,1,4096,39.451
36,2048,1,8192,43.8345
36,2048,1,16384,59.8882
36,2048,1,32768,92.0593
36,2048,1,65536,153.333
36,2048,2,16,42.5065
36,2048,2,32,42.4427
36,2048,2,64,42.5175
36,2048,2,128,42.5977
36,2048,2,256,41.2428
36,2048,2,512,42.5173
36,2048,2,1024,41.9995
36,2048,2,2048,40.2455
36,2048,2,4096,39.893
36,2048,2,8192,44.2988
36,2048,2,16384,59.7008
36,2048,2,32768,91.7013
36,2048,2,65536,153.686
36,2048,4,16,42.5495
36,2048,4,32,42.6397
36,2048,4,64,42.6025
36,2048,4,128,42.9872
36,2048,4,256,42.5817
36,2048,4,512,42.7618
36,2048,4,1024,41.344
36,2048,4,2048,41.4615
36,2048,4,4096,43.2267
36,2048,4,8192,46.9443
36,2048,4,16384,62.6185
36,2048,4,32768,94.8963
36,2048,4,65536,156.475
36,2048,8,16,42.3735
36,2048,8,32,42.5655
36,2048,8,64,42.3782
36,2048,8,128,42.7947
36,2048,8,256,42.2505
36,2048,8,512,41.232
36,2048,8,1024,41.408
36,2048,8,2048,41.0825
36,2048,8,4096,46.2557
36,2048,8,8192,51.7812
36,2048,8,16384,69.4672
36,2048,8,32768,105.909
36,2048,8,65536,176.326
36,2048,16,16,42.5758
36,2048,16,32,42.6668
36,2048,16,64,42.4908
36,2048,16,128,42.4697
36,2048,16,256,42.1177
36,2048,16,512,41.9045
36,2048,16,1024,41.9577
36,2048,16,2048,44.4852
36,2048,16,4096,51.6375
36,2048,16,8192,68.4803
36,2048,16,16384,102.085
36,2048,16,32768,222.95
36,2048,16,65536,352.907
36,2048,32,16,43.4508
36,2048,32,32,43.4983
36,2048,32,64,42.2555
36,2048,32,128,42.2137
36,2048,32,256,43.318
36,2048,32,512,43.1522
36,2048,32,1024,54.8323
36,2048,32,2048,53.717
36,2048,32,4096,92.3953
36,2048,32,8192,151.499
36,2048,32,16384,223.158
36,2048,32,32768,351.958
36,2048,32,65536,612.008
36,2048,64,16,41.0557
36,2048,64,32,42.5177
36,2048,64,64,42.5653
36,2048,64,128,44.2187
36,2048,64,256,45.2433
36,2048,64,512,54.955
36,2048,64,1024,68.9492
36,2048,64,2048,99.0138
36,2048,64,4096,155.6
36,2048,64,8192,224.16
36,2048,64,16384,354.795
36,2048,64,32768,617.933
36,2048,64,65536,1128.09
36,2048,128,16,49.9737
36,2048,128,32,50.4645
36,2048,128,64,45.456
36,2048,128,128,50.2187
36,2048,128,256,58.8907
36,2048,128,512,71.0775
36,2048,128,1024,102.838
36,2048,128,2048,157.153
36,2048,128,4096,229.669
36,2048,128,8192,359.451
36,2048,128,16384,622.994
36,2048,128,32768,1138.35
36,2048,128,65536,2187.8
36,4096,0,0,47.0288
36,4096,1,16,46.2937
36,4096,1,32,45.5998
36,4096,1,64,46.5335
36,4096,1,128,46.5493
36,4096,1,256,46.939
36,4096,1,512,46.544
36,4096,1,1024,46.4588
36,4096,1,2048,45.488
36,4096,1,4096,46.902
36,4096,1,8192,45.2055
36,4096,1,16384,60.5495
36,4096,1,32768,92.5278
36,4096,1,65536,153.712
36,4096,2,16,47.2963
36,4096,2,32,47.0188
36,4096,2,64,47.243
36,4096,2,128,47.0877
36,4096,2,256,47.2748
36,4096,2,512,46.8375
36,4096,2,1024,46.8857
36,4096,2,2048,45.675
36,4096,2,4096,46.5547
36,4096,2,8192,46.0213
36,4096,2,16384,59.9895
36,4096,2,32768,92.2722
36,4096,2,65536,154.577
36,4096,4,16,46.8645
36,4096,4,32,45.9043
36,4096,4,64,47.5737
36,4096,4,128,47.6163
36,4096,4,256,47.1422
36,4096,4,512,47.0133
36,4096,4,1024,47.1737
36,4096,4,2048,46.9652
36,4096,4,4096,47.979
36,4096,4,8192,51.6742
36,4096,4,16384,63.4987
36,4096,4,32768,95.6645
36,4096,4,65536,157.483
36,4096,8,16,47.5408
36,4096,8,32,47.1733
36,4096,8,64,46.939
36,4096,8,128,46.8537
36,4096,8,256,46.821
36,4096,8,512,46.5865
36,4096,8,1024,47.4395
36,4096,8,2048,47.701
36,4096,8,4096,50.1122
36,4096,8,8192,56.0747
36,4096,8,16384,70.4962
36,4096,8,32768,107.446
36,4096,8,65536,177.579
36,4096,16,16,46.5975
36,4096,16,32,47.003
36,4096,16,64,46.6775
36,4096,16,128,46.8742
36,4096,16,256,46.6775
36,4096,16,512,47.851
36,4096,16,1024,48.96
36,4096,16,2048,50.5973
36,4096,16,4096,55.9838
36,4096,16,8192,70.3042
36,4096,16,16384,103.686
36,4096,16,32768,172.987
36,4096,16,65536,399.985
36,4096,32,16,47.5095
36,4096,32,32,47.782
36,4096,32,64,47.7227
36,4096,32,128,47.5152
36,4096,32,256,47.7222
36,4096,32,512,49.5467
36,4096,32,1024,52.4112
36,4096,32,2048,73.4508
36,4096,32,4096,71.755
36,4096,32,8192,150.08
36,4096,32,16384,265.99
36,4096,32,32768,402.012
36,4096,32,65536,654.684
36,4096,64,16,49.7553
36,4096,64,32,49.6108
36,4096,64,64,48.5015
36,4096,64,128,47.0243
36,4096,64,256,50.8745
36,4096,64,512,53.1952
36,4096,64,1024,69.3767
36,4096,64,2048,98.2722
36,4096,64,4096,155.52
36,4096,64,8192,269.797
36,4096,64,16384,403.361
36,4096,64,32768,662.957
36,4096,64,65536,1184.17
36,4096,128,16,54.7948
36,4096,128,32,55.2
36,4096,128,64,52.2617
36,4096,128,128,54.1547
36,4096,128,256,55.9147
36,4096,128,512,70.1602
36,4096,128,1024,99.6
36,4096,128,2048,158.891
36,4096,128,4096,271.958
36,4096,128,8192,409.638
36,4096,128,16384,671.436
36,4096,128,32768,1187.84
36,4096,128,65536,2213.95
36,8192,0,0,54.8862
36,8192,1,16,54.331
36,8192,1,32,54.2018
36,8192,1,64,54.283
36,8192,1,128,54.4163
36,8192,1,256,54.0003
36,8192,1,512,54.3463
36,8192,1,1024,54.32
36,8192,1,2048,54.1755
36,8192,1,4096,55.0347
36,8192,1,8192,54.6668
36,8192,1,16384,61.3012
36,8192,1,32768,93.2173
36,8192,1,65536,154.368
36,8192,2,16,55.1153
36,8192,2,32,54.683
36,8192,2,64,54.5493
36,8192,2,128,54.8272
36,8192,2,256,54.6402
36,8192,2,512,54.5013
36,8192,2,1024,54.8108
36,8192,2,2048,55.9145
36,8192,2,4096,55.1897
36,8192,2,8192,56.24
36,8192,2,16384,61.4777
36,8192,2,32768,93.083
36,8192,2,65536,154.454
36,8192,4,16,54.9065
36,8192,4,32,54.7573
36,8192,4,64,54.8748
36,8192,4,128,54.9817
36,8192,4,256,54.9013
36,8192,4,512,54.9442
36,8192,4,1024,55.5792
36,8192,4,2048,55.6003
36,8192,4,4096,56.3152
36,8192,4,8192,58.3628
36,8192,4,16384,64.2455
36,8192,4,32768,97.318
36,8192,4,65536,159.387
36,8192,8,16,54.8963
36,8192,8,32,54.5277
36,8192,8,64,55.019
36,8192,8,128,55.1098
36,8192,8,256,55.0403
36,8192,8,512,55.291
36,8192,8,1024,55.723
36,8192,8,2048,56.352
36,8192,8,4096,60.0477
36,8192,8,8192,64.8693
36,8192,8,16384,77.6802
36,8192,8,32768,109.857
36,8192,8,65536,178.592
36,8192,16,16,55.4992
36,8192,16,32,55.1842
36,8192,16,64,55.8985
36,8192,16,128,55.5357
36,8192,16,256,55.3333
36,8192,16,512,56.2242
36,8192,16,1024,56.7098
36,8192,16,2048,60.4595
36,8192,16,4096,65.7713
36,8192,16,8192,76.8958
36,8192,16,16384,110.475
36,8192,16,32768,174.278
36,8192,16,65536,311.227
36,8192,32,16,56.437
36,8192,32,32,56.1123
36,8192,32,64,56.534
36,8192,32,128,56.6023
36,8192,32,256,57.408
36,8192,32,512,58.3257
36,8192,32,1024,64.5387
36,8192,32,2048,66.9975
36,8192,32,4096,109.744
36,8192,32,8192,111.744
36,8192,32,16384,263.387
36,8192,32,32768,495.724
36,8192,32,65536,754.898
36,8192,64,16,57.8775
36,8192,64,32,57.9312
36,8192,64,64,58.4222
36,8192,64,128,59.0617
36,8192,64,256,60.0007
36,8192,64,512,67.4882
36,8192,64,1024,68.0272
36,8192,64,2048,97.5208
36,8192,64,4096,153.93
36,8192,64,8192,266.71
36,8192,64,16384,499.303
36,8192,64,32768,761.356
36,8192,64,65536,1269.6
36,8192,128,16,63.9308
36,8192,128,32,64.5445
36,8192,128,64,60.187
36,8192,128,128,65.5255
36,8192,128,256,68.1597
36,8192,128,512,71.419
36,8192,128,1024,98.6347
36,8192,128,2048,155.851
36,8192,128,4096,270.913
36,8192,128,8192,499.953
36,8192,128,16384,766.732
36,8192,128,32768,1279.83
36,8192,128,65536,2302.91
36,16384,0,0,70.4697
36,16384,1,16,69.6488
36,16384,1,32,69.6908
36,16384,1,64,69.9197
36,16384,1,128,69.8508
36,16384,1,256,69.7652
36,16384,1,512,69.83
36,16384,1,1024,69.883
36,16384,1,2048,69.883
36,16384,1,4096,69.8877
36,16384,1,8192,69.9522
36,16384,1,16384,72.2878
36,16384,1,32768,94.3683
36,16384,1,65536,154.779
36,16384,2,16,70.5817
36,16384,2,32,70.4055
36,16384,2,64,70.635
36,16384,2,128,70.5765
36,16384,2,256,70.5923
36,16384,2,512,70.5278
36,16384,2,1024,70.6775
36,16384,2,2048,70.6667
36,16384,2,4096,71.0565
36,16384,2,8192,72.5652
36,16384,2,16384,74.8963
36,16384,2,32768,94.6182
36,16384,2,65536,155.926
36,16384,4,16,70.843
36,16384,4,32,70.6455
36,16384,4,64,70.5762
36,16384,4,128,70.9498
36,16384,4,256,71.099
36,16384,4,512,70.5657
36,16384,4,1024,70.7623
36,16384,4,2048,70.9438
36,16384,4,4096,73.0995
36,16384,4,8192,75.7878
36,16384,4,16384,78.363
36,16384,4,32768,97.6907
36,16384,4,65536,160.075
36,16384,8,16,70.5438
36,16384,8,32,70.422
36,16384,8,64,70.9813
36,16384,8,128,70.7305
36,16384,8,256,70.8587
36,16384,8,512,70.88
36,16384,8,1024,70.8588
36,16384,8,2048,72.8535
36,16384,8,4096,75.7065
36,16384,8,8192,78.4853
36,16384,8,16384,95.174
36,16384,8,32768,122.566
36,16384,8,65536,188.875
36,16384,16,16,71.2213
36,16384,16,32,71.4245
36,16384,16,64,71.6637
36,16384,16,128,71.4988
36,16384,16,256,71.3712
36,16384,16,512,71.088
36,16384,16,1024,73.4988
36,16384,16,2048,76.4855
36,16384,16,4096,107.11
36,16384,16,8192,95.3018
36,16384,16,16384,121.702
36,16384,16,32768,190.395
36,16384,16,65536,314.689
36,16384,32,16,71.5948
36,16384,32,32,72.0477
36,16384,32,64,72.24
36,16384,32,128,72.1552
36,16384,32,256,72.1392
36,16384,32,512,74.8375
36,16384,32,1024,76.929
36,16384,32,2048,91.7282
36,16384,32,4096,97.5357
36,16384,32,8192,181.568
36,16384,32,16384,190.011
36,16384,32,32768,486.257
36,16384,32,65536,946.113
36,16384,64,16,73.8565
36,16384,64,32,73.4025
36,16384,64,64,73.7657
36,16384,64,128,71.1093
36,16384,64,256,76.1813
36,16384,64,512,78.4375
36,16384,64,1024,92.4588
36,16384,64,2048,98.6778
36,16384,64,4096,152.848
36,16384,64,8192,264.06
36,16384,64,16384,489.858
36,16384,64,32768,955.074
36,16384,64,65536,1472.78
36,16384,128,16,78.8798
36,16384,128,32,79.52
36,16384,128,64,79.3017
36,16384,128,128,76.5553
36,16384,128,256,81.5788
36,16384,128,512,90.0368
36,16384,128,1024,102.688
36,16384,128,2048,154.609
36,16384,128,4096,266.433
36,16384,128,8192,493.356
36,16384,128,16384,957.411
36,16384,128,32768,1477.5
36,16384,128,65536,2503.31
36,32768,0,0,102.475
36,32768,1,16,101.872
36,32768,1,32,101.969
36,32768,1,64,102.229
36,32768,1,128,102.033
36,32768,1,256,101.809
36,32768,1,512,102.048
36,32768,1,1024,101.83
36,32768,1,2048,101.606
36,32768,1,4096,102.289
36,32768,1,8192,102.203
36,32768,1,16384,102.203
36,32768,1,32768,105.904
36,32768,1,65536,155.595
36,32768,2,16,102.491
36,32768,2,32,102.725
36,32768,2,64,102.31
36,32768,2,128,102.779
36,32768,2,256,102.443
36,32768,2,512,102.294
36,32768,2,1024,102.326
36,32768,2,2048,102.4
36,32768,2,4096,102.407
36,32768,2,8192,102.747
36,32768,2,16384,106.455
36,32768,2,32768,113.269
36,32768,2,65536,158.635
36,32768,4,16,102.96
36,32768,4,32,102.816
36,32768,4,64,102.688
36,32768,4,128,103.131
36,32768,4,256,103.088
36,32768,4,512,102.821
36,32768,4,1024,103.089
36,32768,4,2048,103.013
36,32768,4,4096,103.574
36,32768,4,8192,107.259
36,32768,4,16384,113.654
36,32768,4,32768,121.782
36,32768,4,65536,162.475
36,32768,8,16,102.88
36,32768,8,32,102.736
36,32768,8,64,102.641
36,32768,8,128,102.853
36,32768,8,256,102.779
36,32768,8,512,102.704
36,32768,8,1024,102.939
36,32768,8,2048,102.96
36,32768,8,4096,106.923
36,32768,8,8192,113.285
36,32768,8,16384,121.739
36,32768,8,32768,241.707
36,32768,8,65536,205.605
36,32768,16,16,103.264
36,32768,16,32,103.413
36,32768,16,64,103.387
36,32768,16,128,103.478
36,32768,16,256,103.829
36,32768,16,512,103.669
36,32768,16,1024,103.419
36,32768,16,2048,107.862
36,32768,16,4096,114.624
36,32768,16,8192,178.331
36,32768,16,16384,241.424
36,32768,16,32768,209.291
36,32768,16,65536,343.031
36,32768,32,16,103.995
36,32768,32,32,104.07
36,32768,32,64,103.899
36,32768,32,128,104.582
36,32768,32,256,104.251
36,32768,32,512,104.757
36,32768,32,1024,108.704
36,32768,32,2048,114.902
36,32768,32,4096,145.777
36,32768,32,8192,242.417
36,32768,32,16384,323.644
36,32768,32,32768,345.158
36,32768,32,65536,923.426
36,32768,64,16,105.755
36,32768,64,32,105.926
36,32768,64,64,106.449
36,32768,64,128,105.915
36,32768,64,256,106.315
36,32768,64,512,110.848
36,32768,64,1024,117.243
36,32768,64,2048,146.747
36,32768,64,4096,161.563
36,32768,64,8192,259.168
36,32768,64,16384,480.737
36,32768,64,32768,935.709
36,32768,64,65536,1854.9
36,32768,128,16,109.211
36,32768,128,32,109.264
36,32768,128,64,109.189
36,32768,128,128,107.285
36,32768,128,256,113.706
36,32768,128,512,119.969
36,32768,128,1024,136.422
36,32768,128,2048,165.189
36,32768,128,4096,263.301
36,32768,128,8192,484.044
36,32768,128,16384,938.594
36,32768,128,32768,1864.28
36,32768,128,65536,2888.63
36,65536,0,0,163.089
36,65536,1,16,163.825
36,65536,1,32,163.841
36,65536,1,64,163.452
36,65536,1,128,163.377
36,65536,1,256,163.835
36,65536,1,512,163.744
36,65536,1,1024,163.669
36,65536,1,2048,163.632
36,65536,1,4096,163.846
36,65536,1,8192,164.005
36,65536,1,16384,163.451
36,65536,1,32768,164.379
36,65536,1,65536,173.921
36,65536,2,16,163.766
36,65536,2,32,163.457
36,65536,2,64,163.541
36,65536,2,128,163.291
36,65536,2,256,163.312
36,65536,2,512,163.36
36,65536,2,1024,163.516
36,65536,2,2048,163.355
36,65536,2,4096,163.616
36,65536,2,8192,163.467
36,65536,2,16384,163.75
36,65536,2,32768,173.995
36,65536,2,65536,187.333
36,65536,4,16,164.113
36,65536,4,32,163.979
36,65536,4,64,164.385
36,65536,4,128,164.166
36,65536,4,256,164.005
36,65536,4,512,164.198
36,65536,4,1024,164.16
36,65536,4,2048,164.433
36,65536,4,4096,164.283
36,65536,4,8192,164.928
36,65536,4,16384,174.608
36,65536,4,32768,188.405
36,65536,4,65536,202.331
36,65536,8,16,163.312
36,65536,8,32,163.728
36,65536,8,64,163.478
36,65536,8,128,163.568
36,65536,8,256,163.59
36,65536,8,512,163.59
36,65536,8,1024,163.946
36,65536,8,2048,163.632
36,65536,8,4096,163.728
36,65536,8,8192,175.045
36,65536,8,16384,187.42
36,65536,8,32768,202.124
36,65536,8,65536,444.817
36,65536,16,16,164.832
36,65536,16,32,164.597
36,65536,16,64,164.891
36,65536,16,128,164.272
36,65536,16,256,164.64
36,65536,16,512,164.645
36,65536,16,1024,164.747
36,65536,16,2048,165.285
36,65536,16,4096,175.526
36,65536,16,8192,188.443
36,65536,16,16384,313.344
36,65536,16,32768,446.982
36,65536,16,65536,378.236
36,65536,32,16,165.062
36,65536,32,32,164.822
36,65536,32,64,165.157
36,65536,32,128,164.848
36,65536,32,256,165.435
36,65536,32,512,165.222
36,65536,32,1024,165.877
36,65536,32,2048,176.795
36,65536,32,4096,189.772
36,65536,32,8192,249.553
36,65536,32,16384,447.474
36,65536,32,32768,600.876
36,65536,32,65536,656.257
36,65536,64,16,167.205
36,65536,64,32,166.832
36,65536,64,64,166.923
36,65536,64,128,166.827
36,65536,64,256,167.259
36,65536,64,512,167.499
36,65536,64,1024,179.568
36,65536,64,2048,191.286
36,65536,64,4096,249.515
36,65536,64,8192,447.371
36,65536,64,16384,469.905
36,65536,64,32768,907.949
36,65536,64,65536,1808.6
36,65536,128,16,170.304
36,65536,128,32,170.417
36,65536,128,64,170.816
36,65536,128,128,170.112
36,65536,128,256,170.966
36,65536,128,512,181.846
36,65536,128,1024,194.347
36,65536,128,2048,256.928
36,65536,128,4096,281.952
36,65536,128,8192,473.217
36,65536,128,16384,911.96
36,65536,128,32768,1814.86
36,65536,128,65536,3660.98
54,0,0,0,23.253
54,0,1,16,23.1367
54,0,1,32,22.933
54,0,1,64,23.8513
54,0,1,128,25.12
54,0,1,256,29.6587
54,0,1,512,28.9233
54,0,1,1024,30.602
54,0,1,2048,34.1972
54,0,1,4096,40.1548
54,0,1,8192,50.4798
54,0,1,16384,72.9975
54,0,1,32768,120.443
54,0,1,65536,209.099
54,0,2,16,23.1042
54,0,2,32,23.179
54,0,2,64,24.0108
54,0,2,128,25.5303
54,0,2,256,29.8768
54,0,2,512,29.0772
54,0,2,1024,30.9918
54,0,2,2048,34.5863
54,0,2,4096,40.8265
54,0,2,8192,51.6855
54,0,2,16384,74.2138
54,0,2,32768,121.44
54,0,2,65536,210.032
54,0,4,16,23.4188
54,0,4,32,23.2325
54,0,4,64,24.2825
54,0,4,128,25.552
54,0,4,256,29.1735
54,0,4,512,28.8693
54,0,4,1024,30.1337
54,0,4,2048,33.68
54,0,4,4096,40.4587
54,0,4,8192,51.1148
54,0,4,16384,73.3707
54,0,4,32768,119.781
54,0,4,65536,209.739
54,0,8,16,23.8082
54,0,8,32,23.8565
54,0,8,64,24.7573
54,0,8,128,26.405
54,0,8,256,30.4957
54,0,8,512,29.4187
54,0,8,1024,31.1307
54,0,8,2048,34.9977
54,0,8,4096,43.7495
54,0,8,8192,55.3338
54,0,8,16384,77.5838
54,0,8,32768,125.451
54,0,8,65536,218.309
54,0,16,16,24.16
54,0,16,32,24.4748
54,0,16,64,25.1525
54,0,16,128,26.7367
54,0,16,256,31.254
54,0,16,512,31.9682
54,0,16,1024,34.2992
54,0,16,2048,39.899
54,0,16,4096,49.8562
54,0,16,8192,67.2263
54,0,16,16384,102.48
54,0,16,32768,168.678
54,0,16,65536,303.963
54,0,32,16,24.3635
54,0,32,32,24.4207
54,0,32,64,25.5415
54,0,32,128,27.078
54,0,32,256,32.8377
54,0,32,512,35.8187
54,0,32,1024,43.5573
54,0,32,2048,52.6288
54,0,32,4096,67.9367
54,0,32,8192,104.107
54,0,32,16384,171.152
54,0,32,32768,304.635
54,0,32,65536,573.531
54,0,64,16,25.0985
54,0,64,32,25.2538
54,0,64,64,26.384
54,0,64,128,28.2458
54,0,64,256,42.7952
54,0,64,512,48.1442
54,0,64,1024,57.5785
54,0,64,2048,71.3275
54,0,64,4096,107.072
54,0,64,8192,172.965
54,0,64,16384,307.473
54,0,64,32768,577.057
54,0,64,65536,1115.04
54,0,128,16,32.2405
54,0,128,32,32.7947
54,0,128,64,35.4615
54,0,128,128,37.536
54,0,128,256,50.005
54,0,128,512,58.459
54,0,128,1024,73.1367
54,0,128,2048,107.521
54,0,128,4096,175.222
54,0,128,8192,310.428
54,0,128,16384,576.87
54,0,128,32768,1115.19
54,0,128,65536,2189.64
54,16,0,0,24.1228
54,16,1,16,24.1498
54,16,1,32,24.1752
54,16,1,64,24.4962
54,16,1,128,25.5038
54,16,1,256,33.3068
54,16,1,512,30.7998
54,16,1,1024,32.0598
54,16,1,2048,35.0935
54,16,1,4096,41.7438
54,16,1,8192,50.347
54,16,1,16384,72.8482
54,16,1,32768,120.406
54,16,1,65536,208.182
54,16,2,16,24.2828
54,16,2,32,24.1982
54,16,2,64,24.4797
54,16,2,128,25.5568
54,16,2,256,33.0988
54,16,2,512,32.1385
54,16,2,1024,32.3147
54,16,2,2048,35.1727
54,16,2,4096,40.6672
54,16,2,8192,50.8053
54,16,2,16384,73.4298
54,16,2,32768,121.568
54,16,2,65536,209.541
54,16,4,16,24.3898
54,16,4,32,24.3197
54,16,4,64,24.3095
54,16,4,128,25.562
54,16,4,256,32.8425
54,16,4,512,31.0135
54,16,4,1024,31.8457
54,16,4,2048,33.739
54,16,4,4096,40.9387
54,16,4,8192,51.152
54,16,4,16384,73.7607
54,16,4,32768,120.517
54,16,4,65536,209.456
54,16,8,16,24.8112
54,16,8,32,24.896
54,16,8,64,24.6882
54,16,8,128,26.2452
54,16,8,256,33.1143
54,16,8,512,31.8617
54,16,8,1024,32.549
54,16,8,2048,35.6582
54,16,8,4096,44.0807
54,16,8,8192,55.6853
54,16,8,16384,78.667
54,16,8,32768,126.315
54,16,8,65536,218.315
54,16,16,16,25.115
54,16,16,32,25.0723
54,16,16,64,24.9655
54,16,16,128,26.5497
54,16,16,256,33.888
54,16,16,512,31.877
54,16,16,1024,34.7143
54,16,16,2048,39.7492
54,16,16,4096,55.2638
54,16,16,8192,73.2378
54,16,16,16384,106.785
54,16,16,32768,172.4
54,16,16,65536,301.979
54,16,32,16,25.1735
54,16,32,32,25.1315
54,16,32,64,25.6593
54,16,32,128,27.1672
54,16,32,256,32.368
54,16,32,512,35.2002
54,16,32,1024,45.8558
54,16,32,2048,57.1525
54,16,32,4096,74.336
54,16,32,8192,107.494
54,16,32,16384,174.331
54,16,32,32768,305.344
54,16,32,65536,574.151
54,16,64,16,26.0055
54,16,64,32,26.3575
54,16,64,64,26.3098
54,16,64,128,27.899
54,16,64,256,43.1515
54,16,64,512,48.9553
54,16,64,1024,59.4078
54,16,64,2048,76.1552
54,16,64,4096,110.651
54,16,64,8192,176.618
54,16,64,16384,306.918
54,16,64,32768,575.687
54,16,64,65536,1110.84
54,16,128,16,32.1275
54,16,128,32,32.4802
54,16,128,64,34.9593
54,16,128,128,37.8928
54,16,128,256,49.6753
54,16,128,512,60.9068
54,16,128,1024,78.1022
54,16,128,2048,111.51
54,16,128,4096,177.979
54,16,128,8192,306.966
54,16,128,16384,575.526
54,16,128,32768,1110.83
54,16,128,65536,2189.89
54,32,0,0,24.7627
54,32,1,16,24.4103
54,32,1,32,24.8003
54,32,1,64,24.8478
54,32,1,128,25.3173
54,32,1,256,33.0615
54,32,1,512,31.4988
54,32,1,1024,32.245
54,32,1,2048,34.9498
54,32,1,4096,41.4608
54,32,1,8192,50.2457
54,32,1,16384,72.9655
54,32,1,32768,120.758
54,32,1,65536,208.149
54,32,2,16,24.5338
54,32,2,32,24.6933
54,32,2,64,24.6453
54,32,2,128,25.51
54,32,2,256,33.3232
54,32,2,512,32.1017
54,32,2,1024,32.4377
54,32,2,2048,35.3545
54,32,2,4096,40.8585
54,32,2,8192,50.667
54,32,2,16384,73.6963
54,32,2,32768,121.409
54,32,2,65536,209.525
54,32,4,16,24.614
54,32,4,32,24.7838
54,32,4,64,24.4965
54,32,4,128,25.931
54,32,4,256,33.5673
54,32,4,512,31.1682
54,32,4,1024,32.1763
54,32,4,2048,33.9625
54,32,4,4096,40.517
54,32,4,8192,50.918
54,32,4,16384,73.6533
54,32,4,32768,120.08
54,32,4,65536,209.894
54,32,8,16,25.0403
54,32,8,32,24.9817
54,32,8,64,25.1897
54,32,8,128,26.1438
54,32,8,256,33.6052
54,32,8,512,31.851
54,32,8,1024,32.1813
54,32,8,2048,35.861
54,32,8,4096,44.1918
54,32,8,8192,55.8132
54,32,8,16384,78.294
54,32,8,32768,126.854
54,32,8,65536,219.409
54,32,16,16,25.1047
54,32,16,32,25.4027
54,32,16,64,25.205
54,32,16,128,26.651
54,32,16,256,34.3198
54,32,16,512,32.0425
54,32,16,1024,34.699
54,32,16,2048,40.2247
54,32,16,4096,57.5848
54,32,16,8192,73.7282
54,32,16,16384,107.173
54,32,16,32768,173.046
54,32,16,65536,302.267
54,32,32,16,25.5412
54,32,32,32,25.782
54,32,32,64,25.829
54,32,32,128,27.1945
54,32,32,256,32.4213
54,32,32,512,35.3065
54,32,32,1024,48.7573
54,32,32,2048,57.5033
54,32,32,4096,74.7683
54,32,32,8192,110.197
54,32,32,16384,174.497
54,32,32,32768,304.379
54,32,32,65536,575.009
54,32,64,16,26.3307
54,32,64,32,26.3097
54,32,64,64,26.5278
54,32,64,128,27.8822
54,32,64,256,44.4112
54,32,64,512,49.0835
54,32,64,1024,59.7493
54,32,64,2048,77.3762
54,32,64,4096,111.451
54,32,64,8192,176.597
54,32,64,16384,307.761
54,32,64,32768,577.671
54,32,64,65536,1113.86
54,32,128,16,31.9202
54,32,128,32,32.1868
54,32,128,64,35.8987
54,32,128,128,38.411
54,32,128,256,50.1442
54,32,128,512,60.9647
54,32,128,1024,79.4775
54,32,128,2048,112.31
54,32,128,4096,177.301
54,32,128,8192,308.411
54,32,128,16384,575.74
54,32,128,32768,1113.24
54,32,128,65536,2185.63
54,64,0,0,24.859
54,64,1,16,25.0718
54,64,1,32,24.9548
54,64,1,64,24.9065
54,64,1,128,25.3383
54,64,1,256,33.658
54,64,1,512,32.2993
54,64,1,1024,32.0215
54,64,1,2048,35.3067
54,64,1,4096,41.7227
54,64,1,8192,50.5818
54,64,1,16384,73.0825
54,64,1,32768,119.947
54,64,1,65536,208.186
54,64,2,16,24.8963
54,64,2,32,25.0462
54,64,2,64,24.9013
54,64,2,128,25.3977
54,64,2,256,33.8348
54,64,2,512,32.3357
54,64,2,1024,32.2775
54,64,2,2048,35.1998
54,64,2,4096,40.9758
54,64,2,8192,50.6398
54,64,2,16384,73.5518
54,64,2,32768,121.397
54,64,2,65536,209.291
54,64,4,16,25.19
54,64,4,32,25.0297
54,64,4,64,24.928
54,64,4,128,25.7648
54,64,4,256,34.2293
54,64,4,512,32.2078
54,64,4,1024,32.4217
54,64,4,2048,33.9575
54,64,4,4096,40.6238
54,64,4,8192,51.163
54,64,4,16384,73.9205
54,64,4,32768,120.188
54,64,4,65536,209.958
54,64,8,16,25.483
54,64,8,32,25.595
54,64,8,64,25.8882
54,64,8,128,26.0957
54,64,8,256,34.1122
54,64,8,512,32.4643
54,64,8,1024,32.3573
54,64,8,2048,36.2348
54,64,8,4096,43.7233
54,64,8,8192,55.4133
54,64,8,16384,78.7148
54,64,8,32768,126.848
54,64,8,65536,219.174
54,64,16,16,25.8297
54,64,16,32,25.9047
54,64,16,64,26.1492
54,64,16,128,26.5332
54,64,16,256,35.4247
54,64,16,512,32.5548
54,64,16,1024,34.7408
54,64,16,2048,40.474
54,64,16,4096,59.936
54,64,16,8192,76.347
54,64,16,16384,108.987
54,64,16,32768,175.195
54,64,16,65536,303.654
54,64,32,16,25.9465
54,64,32,32,26.2402
54,64,32,64,26.1703
54,64,32,128,26.939
54,64,32,256,32.3842
54,64,32,512,35.6373
54,64,32,1024,49.4885
54,64,32,2048,59.0403
54,64,32,4096,75.8405
54,64,32,8192,109.488
54,64,32,16384,175.532
54,64,32,32768,305.286
54,64,32,65536,573.734
54,64,64,16,27.0238
54,64,64,32,27.0512
54,64,64,64,27.0832
54,64,64,128,27.9788
54,64,64,256,45.722
54,64,64,512,50.768
54,64,64,1024,61.3658
54,64,64,2048,79.3015
54,64,64,4096,112.533
54,64,64,8192,177.771
54,64,64,16384,307.473
54,64,64,32768,578.114
54,64,64,65536,1114.51
54,64,128,16,31.3068
54,64,128,32,31.974
54,64,128,64,36.2668
54,64,128,128,39.6805
54,64,128,256,51.8723
54,64,128,512,62.9493
54,64,128,1024,80.1918
54,64,128,2048,114.411
54,64,128,4096,180.368
54,64,128,8192,308.108
54,64,128,16384,575.063
54,64,128,32768,1110.87
54,64,128,65536,2188.44
54,128,0,0,26.6187
54,128,1,16,26.6875
54,128,1,32,26.4583
54,128,1,64,26.48
54,128,1,128,26.6032
54,128,1,256,34.1072
54,128,1,512,32.4163
54,128,1,1024,31.899
54,128,1,2048,35.3388
54,128,1,4096,41.8405
54,128,1,8192,51.3395
54,128,1,16384,72.7792
54,128,1,32768,119.83
54,128,1,65536,208.406
54,128,2,16,26.3897
54,128,2,32,26.8803
54,128,2,64,26.4212
54,128,2,128,26.6188
54,128,2,256,34.922
54,128,2,512,33.28
54,128,2,1024,32.7475
54,128,2,2048,35.5307
54,128,2,4096,41.5628
54,128,2,8192,50.5068
54,128,2,16384,73.4618
54,128,2,32768,121.771
54,128,2,65536,208.737
54,128,4,16,26.4485
54,128,4,32,26.7682
54,128,4,64,26.4642
54,128,4,128,26.7042
54,128,4,256,34.0165
54,128,4,512,33.152
54,128,4,1024,33.1195
54,128,4,2048,35.7493
54,128,4,4096,40.6082
54,128,4,8192,51.0878
54,128,4,16384,73.76
54,128,4,32768,120.059
54,128,4,65536,209.414
54,128,8,16,27.0935
54,128,8,32,27.2693
54,128,8,64,27.0992
54,128,8,128,27.4775
54,128,8,256,35.2158
54,128,8,512,33.6477
54,128,8,1024,34.118
54,128,8,2048,36.7468
54,128,8,4096,44.0115
54,128,8,8192,55.0245
54,128,8,16384,78.1122
54,128,8,32768,126.843
54,128,8,65536,219.056
54,128,16,16,27.5195
54,128,16,32,27.6053
54,128,16,64,27.6592
54,128,16,128,27.4615
54,128,16,256,35.547
54,128,16,512,35.984
54,128,16,1024,35.7228
54,128,16,2048,39.952
54,128,16,4096,50.928
54,128,16,8192,75.9952
54,128,16,16384,109.472
54,128,16,32768,175.456
54,128,16,65536,303.195
54,128,32,16,27.5785
54,128,32,32,27.9088
54,128,32,64,27.7438
54,128,32,128,27.7335
54,128,32,256,37.7763
54,128,32,512,36.2235
54,128,32,1024,49.3815
54,128,32,2048,59.2268
54,128,32,4096,77.1038
54,128,32,8192,111.035
54,128,32,16384,177.307
54,128,32,32768,305.596
54,128,32,65536,576.871
54,128,64,16,28.4323
54,128,64,32,29.0933
54,128,64,64,28.5707
54,128,64,128,28.7678
54,128,64,256,45.7025
54,128,64,512,51.8452
54,128,64,1024,61.6215
54,128,64,2048,80.5235
54,128,64,4096,114.827
54,128,64,8192,179.179
54,128,64,16384,307.974
54,128,64,32768,576.54
54,128,64,65536,1117.75
54,128,128,16,31.3973
54,128,128,32,31.9572
54,128,128,64,35.904
54,128,128,128,39.5095
54,128,128,256,53.1417
54,128,128,512,64.1713
54,128,128,1024,82.4162
54,128,128,2048,115.696
54,128,128,4096,182.246
54,128,128,8192,311.025
54,128,128,16384,576.684
54,128,128,32768,1114.4
54,128,128,65536,2184.84
54,256,0,0,35.776
54,256,1,16,35.4612
54,256,1,32,35.232
54,256,1,64,35.1995
54,256,1,128,35.5735
54,256,1,256,35.365
54,256,1,512,34.075
54,256,1,1024,33.0135
54,256,1,2048,35.5253
54,256,1,4096,41.8287
54,256,1,8192,51.4407
54,256,1,16384,74.3788
54,256,1,32768,120.443
54,256,1,65536,207.974
54,256,2,16,36.1172
54,256,2,32,35.867
54,256,2,64,35.8075
54,256,2,128,36.3683
54,256,2,256,35.8617
54,256,2,512,34.7358
54,256,2,1024,33.4888
54,256,2,2048,35.5947
54,256,2,4096,42.3202
54,256,2,8192,51.6582
54,256,2,16384,73.4515
54,256,2,32768,121.675
54,256,2,65536,209.206
54,256,4,16,36.1072
54,256,4,32,36.219
54,256,4,64,36.0588
54,256,4,128,36.2027
54,256,4,256,35.9738
54,256,4,512,34.4698
54,256,4,1024,34.294
54,256,4,2048,36.4382
54,256,4,4096,42.5175
54,256,4,8192,50.7573
54,256,4,16384,74.1283
54,256,4,32768,120.197
54,256,4,65536,209.787
54,256,8,16,36.0272
54,256,8,32,36.176
54,256,8,64,36.4482
54,256,8,128,36.2833
54,256,8,256,36.6558
54,256,8,512,36.4107
54,256,8,1024,34.9122
54,256,8,2048,37.1893
54,256,8,4096,44.0482
54,256,8,8192,55.062
54,256,8,16384,78.9395
54,256,8,32768,126.758
54,256,8,65536,218.726
54,256,16,16,36.2825
54,256,16,32,36.6508
54,256,16,64,37.0457
54,256,16,128,36.3682
54,256,16,256,36.0587
54,256,16,512,36.9283
54,256,16,1024,38.3045
54,256,16,2048,40.0162
54,256,16,4096,50.5973
54,256,16,8192,79.9415
54,256,16,16384,114.662
54,256,16,32768,178.065
54,256,16,65536,307.841
54,256,32,16,37.008
54,256,32,32,36.8213
54,256,32,64,36.6295
54,256,32,128,38.1552
54,256,32,256,41.6473
54,256,32,512,40.5385
54,256,32,1024,40.8535
54,256,32,2048,62.48
54,256,32,4096,81.211
54,256,32,8192,115.136
54,256,32,16384,179.344
54,256,32,32768,310.246
54,256,32,65536,574.625
54,256,64,16,38.2938
54,256,64,32,38.3467
54,256,64,64,38.3417
54,256,64,128,39.4138
54,256,64,256,46.6668
54,256,64,512,53.2057
54,256,64,1024,64.7043
54,256,64,2048,84.4855
54,256,64,4096,117.68
54,256,64,8192,182.976
54,256,64,16384,312.956
54,256,64,32768,576.886
54,256,64,65536,1119.72
54,256,128,16,42.0585
54,256,128,32,42.1918
54,256,128,64,46.9705
54,256,128,128,49.8722
54,256,128,256,53.9683
54,256,128,512,67.0142
54,256,128,1024,85.3922
54,256,128,2048,120.491
54,256,128,4096,185.606
54,256,128,8192,315.648
54,256,128,16384,576.236
54,256,128,32768,1111.28
54,256,128,65536,2187.31
54,512,0,0,36.603
54,512,1,16,36.4372
54,512,1,32,36.7568
54,512,1,64,36.4643
54,512,1,128,36.7522
54,512,1,256,36.6135
54,512,1,512,36.6778
54,512,1,1024,35.1252
54,512,1,2048,35.44
54,512,1,4096,41.989
54,512,1,8192,51.5305
54,512,1,16384,73.9573
54,512,1,32768,119.627
54,512,1,65536,208.188
54,512,2,16,36.805
54,512,2,32,37.2323
54,512,2,64,37.1468
54,512,2,128,37.2478
54,512,2,256,37.3063
54,512,2,512,37.3335
54,512,2,1024,35.9578
54,512,2,2048,35.7275
54,512,2,4096,42.3838
54,512,2,8192,51.44
54,512,2,16384,74.624
54,512,2,32768,121.675
54,512,2,65536,209.115
54,512,4,16,37.0188
54,512,4,32,37.382
54,512,4,64,37.2793
54,512,4,128,37.621
54,512,4,256,37.3703
54,512,4,512,37.5363
54,512,4,1024,36.005
54,512,4,2048,36.2667
54,512,4,4096,43.2482
54,512,4,8192,52.384
54,512,4,16384,73.9948
54,512,4,32768,120.41
54,512,4,65536,209.494
54,512,8,16,37.1792
54,512,8,32,37.1307
54,512,8,64,37.4935
54,512,8,128,37.6533
54,512,8,256,37.403
54,512,8,512,37.6853
54,512,8,1024,38.4798
54,512,8,2048,37.7977
54,512,8,4096,44.7097
54,512,8,8192,55.339
54,512,8,16384,78.7847
54,512,8,32768,127.088
54,512,8,65536,219.84
54,512,16,16,37.2485
54,512,16,32,37.6687
54,512,16,64,37.7123
54,512,16,128,38.3363
54,512,16,256,38.4532
54,512,16,512,39.4937
54,512,16,1024,37.4725
54,512,16,2048,41.4345
54,512,16,4096,50.6023
54,512,16,8192,68.2773
54,512,16,16384,120.843
54,512,16,32768,184.554
54,512,16,65536,311.478
54,512,32,16,37.909
54,512,32,32,38.2238
54,512,32,64,38.0643
54,512,32,128,41.1517
54,512,32,256,40.0053
54,512,32,512,47.0983
54,512,32,1024,42.3148
54,512,32,2048,64.2188
54,512,32,4096,86.032
54,512,32,8192,121.403
54,512,32,16384,187.292
54,512,32,32768,316.737
54,512,32,65536,572.866
54,512,64,16,39.467
54,512,64,32,38.2512
54,512,64,64,40.0428
54,512,64,128,40.7045
54,512,64,256,47.5997
54,512,64,512,55.2907
54,512,64,1024,68.822
54,512,64,2048,89.3443
54,512,64,4096,125.168
54,512,64,8192,188.779
54,512,64,16384,320.571
54,512,64,32768,578.93
54,512,64,65536,1111.81
54,512,128,16,42.149
54,512,128,32,42.7467
54,512,128,64,45.0297
54,512,128,128,48.3358
54,512,128,256,58.4425
54,512,128,512,69.621
54,512,128,1024,90.1498
54,512,128,2048,124.913
54,512,128,4096,191.462
54,512,128,8192,320.918
54,512,128,16384,582.455
54,512,128,32768,1111.85
54,512,128,65536,2187.09
54,1024,0,0,39.5463
54,1024,1,16,38.6513
54,1024,1,32,39.0777
54,1024,1,64,39.7493
54,1024,1,128,39.6588
54,1024,1,256,38.9815
54,1024,1,512,39.3552
54,1024,1,1024,39.136
54,1024,1,2048,36.6025
54,1024,1,4096,42.5812
54,1024,1,8192,52.2245
54,1024,1,16384,74.4963
54,1024,1,32768,120.241
54,1024,1,65536,210.278
54,1024,2,16,39.8345
54,1024,2,32,39.9147
54,1024,2,64,40.2243
54,1024,2,128,40.3257
54,1024,2,256,39.91
54,1024,2,512,39.92
54,1024,2,1024,39.9792
54,1024,2,2048,37.525
54,1024,2,4096,42.352
54,1024,2,8192,52.1232
54,1024,2,16384,74.5062
54,1024,2,32768,123.115
54,1024,2,65536,209.27
54,1024,4,16,39.6057
54,1024,4,32,39.6642
54,1024,4,64,39.6587
54,1024,4,128,39.8403
54,1024,4,256,39.824
54,1024,4,512,39.7863
54,1024,4,1024,39.8397
54,1024,4,2048,39.0617
54,1024,4,4096,43.3225
54,1024,4,8192,53.7228
54,1024,4,16384,75.8825
54,1024,4,32768,120.122
54,1024,4,65536,210.027
54,1024,8,16,39.9252
54,1024,8,32,40.2292
54,1024,8,64,40.0688
54,1024,8,128,40.117
54,1024,8,256,40.1172
54,1024,8,512,40.3038
54,1024,8,1024,40.9068
54,1024,8,2048,42.1122
54,1024,8,4096,44.8593
54,1024,8,8192,55.9518
54,1024,8,16384,79.2158
54,1024,8,32768,126.262
54,1024,8,65536,218.843
54,1024,16,16,40.4535
54,1024,16,32,40.224
54,1024,16,64,40.1068
54,1024,16,128,40.6828
54,1024,16,256,40.8538
54,1024,16,512,41.5093
54,1024,16,1024,42.7307
54,1024,16,2048,42.4048
54,1024,16,4096,51.0615
54,1024,16,8192,68.2615
54,1024,16,16384,103.105
54,1024,16,32768,197.067
54,1024,16,65536,326.599
54,1024,32,16,40.7308
54,1024,32,32,40.7895
54,1024,32,64,40.661
54,1024,32,128,41.0935
54,1024,32,256,43.5682
54,1024,32,512,43.4882
54,1024,32,1024,56.6982
54,1024,32,2048,52.4103
54,1024,32,4096,92.8218
54,1024,32,8192,133.536
54,1024,32,16384,197.248
54,1024,32,32768,325.6
54,1024,32,65536,587.345
54,1024,64,16,40.2243
54,1024,64,32,40.2827
54,1024,64,64,41.7172
54,1024,64,128,43.8452
54,1024,64,256,43.6423
54,1024,64,512,54.8373
54,1024,64,1024,69.8725
54,1024,64,2048,97.862
54,1024,64,4096,136.502
54,1024,64,8192,200.811
54,1024,64,16384,330.849
54,1024,64,32768,590.108
54,1024,64,65536,1115.37
54,1024,128,16,44.2403
54,1024,128,32,44.971
54,1024,128,64,47.1258
54,1024,128,128,48.192
54,1024,128,256,58.3792
54,1024,128,512,73.307
54,1024,128,1024,99.1357
54,1024,128,2048,137.883
54,1024,128,4096,203.131
54,1024,128,8192,333.558
54,1024,128,16384,593.191
54,1024,128,32768,1110.54
54,1024,128,65536,2186.98
54,2048,0,0,43.7442
54,2048,1,16,42.8423
54,2048,1,32,42.7572
54,2048,1,64,43.1258
54,2048,1,128,43.0295
54,2048,1,256,43.0668
54,2048,1,512,43.1578
54,2048,1,1024,42.8542
54,2048,1,2048,43.1412
54,2048,1,4096,43.0767
54,2048,1,8192,52.7195
54,2048,1,16384,74.8532
54,2048,1,32768,120.128
54,2048,1,65536,210.625
54,2048,2,16,44.1227
54,2048,2,32,44.064
54,2048,2,64,43.9685
54,2048,2,128,43.941
54,2048,2,256,44.2667
54,2048,2,512,43.8933
54,2048,2,1024,43.6532
54,2048,2,2048,44.3038
54,2048,2,4096,42.9388
54,2048,2,8192,52.4163
54,2048,2,16384,74.7628
54,2048,2,32768,122.128
54,2048,2,65536,210.022
54,2048,4,16,43.7968
54,2048,4,32,43.9045
54,2048,4,64,43.8402
54,2048,4,128,43.6643
54,2048,4,256,43.8082
54,2048,4,512,43.5037
54,2048,4,1024,43.8613
54,2048,4,2048,44.3413
54,2048,4,4096,43.5522
54,2048,4,8192,54.1712
54,2048,4,16384,76.5762
54,2048,4,32768,122.016
54,2048,4,65536,209.654
54,2048,8,16,43.8133
54,2048,8,32,43.9308
54,2048,8,64,43.9575
54,2048,8,128,44.0052
54,2048,8,256,44.128
54,2048,8,512,44.1607
54,2048,8,1024,44.0748
54,2048,8,2048,45.8185
54,2048,8,4096,48.8745
54,2048,8,8192,57.4512
54,2048,8,16384,80.4533
54,2048,8,32768,126.4
54,2048,8,65536,219.035
54,2048,16,16,44.4107
54,2048,16,32,44.4323
54,2048,16,64,44.2512
54,2048,16,128,44.4482
54,2048,16,256,44.6345
54,2048,16,512,44.4215
54,2048,16,1024,46.331
54,2048,16,2048,48.9977
54,2048,16,4096,53.024
54,2048,16,8192,71.4348
54,2048,16,16384,102.682
54,2048,16,32768,219.899
54,2048,16,65536,350.107
54,2048,32,16,44.5918
54,2048,32,32,44.966
54,2048,32,64,44.9662
54,2048,32,128,44.9172
54,2048,32,256,45.232
54,2048,32,512,51.152
54,2048,32,1024,49.8088
54,2048,32,2048,75.4827
54,2048,32,4096,72.4368
54,2048,32,8192,150.992
54,2048,32,16384,222.048
54,2048,32,32768,353.559
54,2048,32,65536,609.43
54,2048,64,16,46.4957
54,2048,64,32,46.5388
54,2048,64,64,44.2027
54,2048,64,128,46.982
54,2048,64,256,51.5515
54,2048,64,512,50.5817
54,2048,64,1024,69.419
54,2048,64,2048,99.0247
54,2048,64,4096,155.243
54,2048,64,8192,222.848
54,2048,64,16384,355.707
54,2048,64,32768,612.529
54,2048,64,65536,1129.13
54,2048,128,16,52.1013
54,2048,128,32,52.9702
54,2048,128,64,55.179
54,2048,128,128,55.2218
54,2048,128,256,56.2185
54,2048,128,512,71.2005
54,2048,128,1024,102.021
54,2048,128,2048,155.712
54,2048,128,4096,226.731
54,2048,128,8192,356.838
54,2048,128,16384,616.193
54,2048,128,32768,1129.08
54,2048,128,65536,2183.55
54,4096,0,0,51.1093
54,4096,1,16,50.3688
54,4096,1,32,50.4053
54,4096,1,64,50.2345
54,4096,1,128,50.3203
54,4096,1,256,50.0488
54,4096,1,512,50.1918
54,4096,1,1024,50.309
54,4096,1,2048,50.278
54,4096,1,4096,50.5928
54,4096,1,8192,53.184
54,4096,1,16384,75.585
54,4096,1,32768,121.275
54,4096,1,65536,210.193
54,4096,2,16,51.2372
54,4096,2,32,51.4832
54,4096,2,64,51.3122
54,4096,2,128,51.5947
54,4096,2,256,51.6
54,4096,2,512,51.7333
54,4096,2,1024,51.6638
54,4096,2,2048,51.4987
54,4096,2,4096,51.7333
54,4096,2,8192,53.5945
54,4096,2,16384,75.9043
54,4096,2,32768,122.363
54,4096,2,65536,210.278
54,4096,4,16,51.4562
54,4096,4,32,51.6367
54,4096,4,64,51.5468
54,4096,4,128,51.5423
54,4096,4,256,51.4242
54,4096,4,512,51.1632
54,4096,4,1024,50.7735
54,4096,4,2048,51.5257
54,4096,4,4096,52.0268
54,4096,4,8192,54.6675
54,4096,4,16384,77.6112
54,4096,4,32768,123.265
54,4096,4,65536,212.219
54,4096,8,16,51.3923
54,4096,8,32,51.9573
54,4096,8,64,51.857
54,4096,8,128,51.3653
54,4096,8,256,51.8243
54,4096,8,512,51.3597
54,4096,8,1024,51.6857
54,4096,8,2048,52.6723
54,4096,8,4096,53.6048
54,4096,8,8192,62.0695
54,4096,8,16384,80.0693
54,4096,8,32768,129.552
54,4096,8,65536,219.292
54,4096,16,16,51.6752
54,4096,16,32,51.9577
54,4096,16,64,51.861
54,4096,16,128,51.6743
54,4096,16,256,51.8667
54,4096,16,512,51.7335
54,4096,16,1024,52.896
54,4096,16,2048,54.0378
54,4096,16,4096,62.2402
54,4096,16,8192,106.443
54,4096,16,16384,160.32
54,4096,16,32768,174.23
54,4096,16,65536,396.923
54,4096,32,16,52.4485
54,4096,32,32,52.8162
54,4096,32,64,52.4213
54,4096,32,128,52.1602
54,4096,32,256,49.574
54,4096,32,512,52.976
54,4096,32,1024,65.0137
54,4096,32,2048,63.2372
54,4096,32,4096,111.728
54,4096,32,8192,150.299
54,4096,32,16384,263.392
54,4096,32,32768,400.038
54,4096,32,65536,662.412
54,4096,64,16,53.803
54,4096,64,32,53.6373
54,4096,64,64,51.6702
54,4096,64,128,54.176
54,4096,64,256,53.659
54,4096,64,512,65.6695
54,4096,64,1024,64.0375
54,4096,64,2048,97.1465
54,4096,64,4096,155.936
54,4096,64,8192,267.526
54,4096,64,16384,401.409
54,4096,64,32768,660.7
54,4096,64,65536,1179.11
54,4096,128,16,59.6643
54,4096,128,32,59.8775
54,4096,128,64,62.0903
54,4096,128,128,57.6538
54,4096,128,256,67.6102
54,4096,128,512,72.0157
54,4096,128,1024,99.5255
54,4096,128,2048,157.787
54,4096,128,4096,269.222
54,4096,128,8192,405.318
54,4096,128,16384,665.437
54,4096,128,32768,1178.53
54,4096,128,65536,2199.58
54,8192,0,0,61.5362
54,8192,1,16,61.669
54,8192,1,32,61.6905
54,8192,1,64,61.8243
54,8192,1,128,62.0157
54,8192,1,256,61.963
54,8192,1,512,61.872
54,8192,1,1024,61.6425
54,8192,1,2048,62.0747
54,8192,1,4096,61.8665
54,8192,1,8192,63.2058
54,8192,1,16384,75.7815
54,8192,1,32768,121.99
54,8192,1,65536,211.003
54,8192,2,16,62.7148
54,8192,2,32,62.4958
54,8192,2,64,62.6615
54,8192,2,128,62.5128
54,8192,2,256,62.6882
54,8192,2,512,62.8698
54,8192,2,1024,62.6778
54,8192,2,2048,63.0728
54,8192,2,4096,64.2988
54,8192,2,8192,64.486
54,8192,2,16384,76.6295
54,8192,2,32768,122.576
54,8192,2,65536,211.137
54,8192,4,16,62.2558
54,8192,4,32,62.3252
54,8192,4,64,62.4908
54,8192,4,128,62.518
54,8192,4,256,62.304
54,8192,4,512,62.7042
54,8192,4,1024,62.6885
54,8192,4,2048,64.5975
54,8192,4,4096,64.2888
54,8192,4,8192,66.9332
54,8192,4,16384,77.5307
54,8192,4,32768,124.151
54,8192,4,65536,213.217
54,8192,8,16,62.8058
54,8192,8,32,62.9758
54,8192,8,64,63.04
54,8192,8,128,62.8852
54,8192,8,256,63.019
54,8192,8,512,62.6345
54,8192,8,1024,64.646
54,8192,8,2048,64.8535
54,8192,8,4096,67.1632
54,8192,8,8192,71.7013
54,8192,8,16384,88.929
54,8192,8,32768,129.856
54,8192,8,65536,232.23
54,8192,16,16,63.27
54,8192,16,32,63.1523
54,8192,16,64,63.4562
54,8192,16,128,63.4187
54,8192,16,256,59.7437
54,8192,16,512,64.934
54,8192,16,1024,64.4908
54,8192,16,2048,67.8292
54,8192,16,4096,71.8553
54,8192,16,8192,87.9893
54,8192,16,16384,181.046
54,8192,16,32768,279.163
54,8192,16,65536,311.546
54,8192,32,16,63.8138
54,8192,32,32,63.6695
54,8192,32,64,63.6797
54,8192,32,128,61.0563
54,8192,32,256,65.2007
54,8192,32,512,64.2027
54,8192,32,1024,67.8508
54,8192,32,2048,92.8055
54,8192,32,4096,89.5205
54,8192,32,8192,184.251
54,8192,32,16384,262.006
54,8192,32,32768,489.297
54,8192,32,65536,750.119
54,8192,64,16,63.675
54,8192,64,32,66.0695
54,8192,64,64,66.2937
54,8192,64,128,66.4593
54,8192,64,256,64.2128
54,8192,64,512,67.1997
54,8192,64,1024,92.8642
54,8192,64,2048,91.0028
54,8192,64,4096,152.508
54,8192,64,8192,263.921
54,8192,64,16384,492.508
54,8192,64,32768,754.487
54,8192,64,65536,1270.59
54,8192,128,16,68.2302
54,8192,128,32,68.0697
54,8192,128,64,68.6775
54,8192,128,128,72.7895
54,8192,128,256,83.3065
54,8192,128,512,90.2563
54,8192,128,1024,98.0858
54,8192,128,2048,153.44
54,8192,128,4096,267.948
54,8192,128,8192,491.905
54,8192,128,16384,755.265
54,8192,128,32768,1276.38
54,8192,128,65536,2296.68
54,16384,0,0,84.197
54,16384,1,16,84.6035
54,16384,1,32,84.2612
54,16384,1,64,84.2452
54,16384,1,128,84.1123
54,16384,1,256,84.3365
54,16384,1,512,84.1977
54,16384,1,1024,84.4425
54,16384,1,2048,84.2672
54,16384,1,4096,84.155
54,16384,1,8192,84.7203
54,16384,1,16384,89.2692
54,16384,1,32768,121.782
54,16384,1,65536,211.301
54,16384,2,16,84.9918
54,16384,2,32,85.0135
54,16384,2,64,85.2212
54,16384,2,128,85.0938
54,16384,2,256,84.8905
54,16384,2,512,85.077
54,16384,2,1024,84.8162
54,16384,2,2048,85.4235
54,16384,2,4096,85.6535
54,16384,2,8192,89.9522
54,16384,2,16384,90.6725
54,16384,2,32768,124.213
54,16384,2,65536,212.284
54,16384,4,16,84.8323
54,16384,4,32,85.0237
54,16384,4,64,84.848
54,16384,4,128,85.1305
54,16384,4,256,85.0298
54,16384,4,512,84.8695
54,16384,4,1024,84.9812
54,16384,4,2048,89.3762
54,16384,4,4096,90.0487
54,16384,4,8192,90.059
54,16384,4,16384,96.3573
54,16384,4,32768,125.755
54,16384,4,65536,213.712
54,16384,8,16,85.5365
54,16384,8,32,85.7493
54,16384,8,64,85.6318
54,16384,8,128,85.2805
54,16384,8,256,85.3705
54,16384,8,512,85.5788
54,16384,8,1024,87.8408
54,16384,8,2048,90.0795
54,16384,8,4096,90.3948
54,16384,8,8192,96.6718
54,16384,8,16384,106.432
54,16384,8,32768,142.246
54,16384,8,65536,223.905
54,16384,16,16,85.7815
54,16384,16,32,86.0483
54,16384,16,64,86.1705
54,16384,16,128,85.8183
54,16384,16,256,86.2348
54,16384,16,512,82.3893
54,16384,16,1024,90.3097
54,16384,16,2048,91.1252
54,16384,16,4096,97.2165
54,16384,16,8192,106.624
54,16384,16,16384,143.072
54,16384,16,32768,321.67
54,16384,16,65536,506.518
54,16384,32,16,86.2083
54,16384,32,32,86.331
54,16384,32,64,86.4373
54,16384,32,128,86.4268
54,16384,32,256,87.3068
54,16384,32,512,91.2588
54,16384,32,1024,90.5337
54,16384,32,2048,97.3552
54,16384,32,4096,146.87
54,16384,32,8192,144.256
54,16384,32,16384,324.235
54,16384,32,32768,475.697
54,16384,32,65536,931.688
54,16384,64,16,85.1787
54,16384,64,32,85.003
54,16384,64,64,91.2805
54,16384,64,128,92.5393
54,16384,64,256,93.1308
54,16384,64,512,96.3203
54,16384,64,1024,99.0297
54,16384,64,2048,146.384
54,16384,64,4096,144.47
54,16384,64,8192,259.152
54,16384,64,16384,480.123
54,16384,64,32768,942.354
54,16384,64,65536,1461.29
54,16384,128,16,94.2455
54,16384,128,32,94.4588
54,16384,128,64,96.5123
54,16384,128,128,95.9582
54,16384,128,256,106.022
54,16384,128,512,107.259
54,16384,128,1024,130.133
54,16384,128,2048,152.849
54,16384,128,4096,261.137
54,16384,128,8192,483.841
54,16384,128,16384,941.144
54,16384,128,32768,1460.54
54,16384,128,65536,2483.13
54,32768,0,0,130.619
54,32768,1,16,130.123
54,32768,1,32,130.272
54,32768,1,64,130.657
54,32768,1,128,130.822
54,32768,1,256,130.32
54,32768,1,512,130.656
54,32768,1,1024,130.298
54,32768,1,2048,130.048
54,32768,1,4096,130.069
54,32768,1,8192,130.267
54,32768,1,16384,130.357
54,32768,1,32768,141.713
54,32768,1,65536,212.283
54,32768,2,16,131.28
54,32768,2,32,131.472
54,32768,2,64,130.726
54,32768,2,128,131.152
54,32768,2,256,131.136
54,32768,2,512,130.539
54,32768,2,1024,131.083
54,32768,2,2048,131.12
54,32768,2,4096,130.864
54,32768,2,8192,131.297
54,32768,2,16384,142.448
54,32768,2,32768,143.653
54,32768,2,65536,213.339
54,32768,4,16,131.051
54,32768,4,32,131.04
54,32768,4,64,131.339
54,32768,4,128,131.04
54,32768,4,256,131.13
54,32768,4,512,131.014
54,32768,4,1024,131.414
54,32768,4,2048,131.356
54,32768,4,4096,142.64
54,32768,4,8192,141.926
54,32768,4,16384,143.376
54,32768,4,32768,156.726
54,32768,4,65536,217.639
54,32768,8,16,131.536
54,32768,8,32,131.653
54,32768,8,64,131.488
54,32768,8,128,131.323
54,32768,8,256,131.616
54,32768,8,512,131.568
54,32768,8,1024,131.909
54,32768,8,2048,141.393
54,32768,8,4096,142.101
54,32768,8,8192,142.875
54,32768,8,16384,158.197
54,32768,8,32768,177.386
54,32768,8,65536,245.483
54,32768,16,16,131.733
54,32768,16,32,132.278
54,32768,16,64,132.31
54,32768,16,128,131.579
54,32768,16,256,132.011
54,32768,16,512,132.267
54,32768,16,1024,132.113
54,32768,16,2048,142.907
54,32768,16,4096,143.243
54,32768,16,8192,158.747
54,32768,16,16384,178.261
54,32768,16,32768,247.675
54,32768,16,65536,598.865
54,32768,32,16,132.64
54,32768,32,32,132.608
54,32768,32,64,132.816
54,32768,32,128,133.025
54,32768,32,256,133.461
54,32768,32,512,139.041
54,32768,32,1024,143.787
54,32768,32,2048,144.219
54,32768,32,4096,158.822
54,32768,32,8192,251.217
54,32768,32,16384,248.565
54,32768,32,32768,605.058
54,32768,32,65536,899.848
54,32768,64,16,134.021
54,32768,64,32,135.195
54,32768,64,64,134.08
54,32768,64,128,134.577
54,32768,64,256,142.63
54,32768,64,512,145.547
54,32768,64,1024,156.31
54,32768,64,2048,160.262
54,32768,64,4096,252.076
54,32768,64,8192,249.92
54,32768,64,16384,469.996
54,32768,64,32768,912.695
54,32768,64,65536,1822.42
54,32768,128,16,139.675
54,32768,128,32,140.181
54,32768,128,64,141.925
54,32768,128,128,144.432
54,32768,128,256,149.392
54,32768,128,512,153.211
54,32768,128,1024,162.827
54,32768,128,2048,210.599
54,32768,128,4096,259.078
54,32768,128,8192,473.958
54,32768,128,16384,917.629
54,32768,128,32768,1834.8
54,32768,128,65536,2854.67
54,65536,0,0,218.955
54,65536,1,16,219.35
54,65536,1,32,219.371
54,65536,1,64,219.499
54,65536,1,128,219.105
54,65536,1,256,218.918
54,65536,1,512,218.699
54,65536,1,1024,218.79
54,65536,1,2048,219.19
54,65536,1,4096,219.381
54,65536,1,8192,219.153
54,65536,1,16384,219.665
54,65536,1,32768,219.675
54,65536,1,65536,241.563
54,65536,2,16,219.451
54,65536,2,32,219.643
54,65536,2,64,219.792
54,65536,2,128,219.638
54,65536,2,256,219.723
54,65536,2,512,219.51
54,65536,2,1024,219.744
54,65536,2,2048,219.755
54,65536,2,4096,219.83
54,65536,2,8192,219.936
54,65536,2,16384,220.203
54,65536,2,32768,242.145
54,65536,2,65536,243.004
54,65536,4,16,219.771
54,65536,4,32,219.633
54,65536,4,64,219.969
54,65536,4,128,219.74
54,65536,4,256,219.595
54,65536,4,512,219.575
54,65536,4,1024,219.712
54,65536,4,2048,219.819
54,65536,4,4096,219.286
54,65536,4,8192,243.281
54,65536,4,16384,241.707
54,65536,4,32768,241.835
54,65536,4,65536,271.435
54,65536,8,16,219.937
54,65536,8,32,219.648
54,65536,8,64,219.936
54,65536,8,128,220.108
54,65536,8,256,220.123
54,65536,8,512,220.486
54,65536,8,1024,220.379
54,65536,8,2048,220.299
54,65536,8,4096,241.702
54,65536,8,8192,241.841
54,65536,8,16384,243.366
54,65536,8,32768,272.529
54,65536,8,65536,311.905
54,65536,16,16,219.872
54,65536,16,32,219.921
54,65536,16,64,219.686
54,65536,16,128,219.788
54,65536,16,256,219.751
54,65536,16,512,220.113
54,65536,16,1024,219.84
54,65536,16,2048,220.122
54,65536,16,4096,243.244
54,65536,16,8192,243.2
54,65536,16,16384,273.371
54,65536,16,32768,313.217
54,65536,16,65536,457.889
54,65536,32,16,221.057
54,65536,32,32,221.308
54,65536,32,64,220.955
54,65536,32,128,220.795
54,65536,32,256,220.929
54,65536,32,512,220.928
54,65536,32,1024,221.333
54,65536,32,2048,244.71
54,65536,32,4096,244.502
54,65536,32,8192,273.073
54,65536,32,16384,456.507
54,65536,32,32768,459.276
54,65536,32,65536,1158.17
54,65536,64,16,221.963
54,65536,64,32,222.614
54,65536,64,64,222.38
54,65536,64,128,222.913
54,65536,64,256,222.187
54,65536,64,512,229.979
54,65536,64,1024,246.283
54,65536,64,2048,258.609
54,65536,64,4096,275.206
54,65536,64,8192,454.566
54,65536,64,16384,458.172
54,65536,64,32768,889.154
54,65536,64,65536,1759.16
54,65536,128,16,226.699
54,65536,128,32,226.624
54,65536,128,64,226.502
54,65536,128,128,225.328
54,65536,128,256,235.564
54,65536,128,512,250.161
54,65536,128,1024,253.376
54,65536,128,2048,279.489
54,65536,128,4096,364.598
54,65536,128,8192,466.438
54,65536,128,16384,891.175
54,65536,128,32768,1769.12
54,65536,128,65536,3598.25
81,0,0,0,25.6108
81,0,1,16,25.5257
81,0,1,32,25.3603
81,0,1,64,25.5887
81,0,1,128,25.9943
81,0,1,256,34.6875
81,0,1,512,32.3095
81,0,1,1024,33.1838
81,0,1,2048,37.899
81,0,1,4096,45.9892
81,0,1,8192,61.1623
81,0,1,16384,95.0183
81,0,1,32768,164.901
81,0,1,65536,299.068
81,0,2,16,25.1733
81,0,2,32,25.2638
81,0,2,64,25.2588
81,0,2,128,25.9573
81,0,2,256,35.5622
81,0,2,512,33.3125
81,0,2,1024,33.8188
81,0,2,2048,38.7787
81,0,2,4096,43.9943
81,0,2,8192,61.5308
81,0,2,16384,95.6637
81,0,2,32768,165.841
81,0,2,65536,300.422
81,0,4,16,25.6642
81,0,4,32,25.6533
81,0,4,64,25.7012
81,0,4,128,26.6457
81,0,4,256,36.608
81,0,4,512,34.4908
81,0,4,1024,34.0163
81,0,4,2048,36.1495
81,0,4,4096,44.0157
81,0,4,8192,62.3625
81,0,4,16384,96.2028
81,0,4,32768,165.931
81,0,4,65536,301.041
81,0,8,16,25.946
81,0,8,32,25.6862
81,0,8,64,25.6693
81,0,8,128,26.7092
81,0,8,256,35.8935
81,0,8,512,33.6587
81,0,8,1024,33.1837
81,0,8,2048,38.2555
81,0,8,4096,47.1687
81,0,8,8192,64.8692
81,0,8,16384,99.0345
81,0,8,32768,169.05
81,0,8,65536,305.841
81,0,16,16,25.8668
81,0,16,32,25.9262
81,0,16,64,26.0488
81,0,16,128,27.002
81,0,16,256,31.8398
81,0,16,512,33.163
81,0,16,1024,35.6423
81,0,16,2048,41.5523
81,0,16,4096,51.4028
81,0,16,8192,71.3228
81,0,16,16384,109.136
81,0,16,32768,185.307
81,0,16,65536,335.979
81,0,32,16,26.2608
81,0,32,32,26.1867
81,0,32,64,26.0428
81,0,32,128,27.2587
81,0,32,256,33.5038
81,0,32,512,36.3575
81,0,32,1024,46.3628
81,0,32,2048,53.664
81,0,32,4096,70.1492
81,0,32,8192,105.642
81,0,32,16384,173.328
81,0,32,32768,306.438
81,0,32,65536,576.412
81,0,64,16,27.1362
81,0,64,32,27.2425
81,0,64,64,27.099
81,0,64,128,28.517
81,0,64,256,44.8478
81,0,64,512,48.448
81,0,64,1024,58.0427
81,0,64,2048,75.2962
81,0,64,4096,108.309
81,0,64,8192,174.518
81,0,64,16384,310.076
81,0,64,32768,579.004
81,0,64,65536,1117.22
81,0,128,16,32.9282
81,0,128,32,33.5418
81,0,128,64,35.7175
81,0,128,128,37.5948
81,0,128,256,50.4317
81,0,128,512,60.251
81,0,128,1024,77.1417
81,0,128,2048,109.744
81,0,128,4096,177.206
81,0,128,8192,312.433
81,0,128,16384,580.683
81,0,128,32768,1115.35
81,0,128,65536,2193.89
81,16,0,0,25.6852
81,16,1,16,25.4085
81,16,1,32,25.7865
81,16,1,64,25.5307
81,16,1,128,26.3522
81,16,1,256,34.459
81,16,1,512,32.7682
81,16,1,1024,33.3392
81,16,1,2048,38.32
81,16,1,4096,45.9527
81,16,1,8192,61.6368
81,16,1,16384,95.4935
81,16,1,32768,165.024
81,16,1,65536,299.403
81,16,2,16,25.7018
81,16,2,32,25.7598
81,16,2,64,25.5088
81,16,2,128,26.3095
81,16,2,256,35.552
81,16,2,512,33.5948
81,16,2,1024,33.7333
81,16,2,2048,38.8007
81,16,2,4096,44.1603
81,16,2,8192,62.1707
81,16,2,16384,96.512
81,16,2,32768,165.611
81,16,2,65536,300.465
81,16,4,16,25.595
81,16,4,32,25.7175
81,16,4,64,25.8882
81,16,4,128,26.5287
81,16,4,256,36.1012
81,16,4,512,34.8322
81,16,4,1024,34
81,16,4,2048,36.8103
81,16,4,4096,44.6507
81,16,4,8192,62.6825
81,16,4,16384,97.0185
81,16,4,32768,167.104
81,16,4,65536,304.054
81,16,8,16,25.7912
81,16,8,32,25.8662
81,16,8,64,25.6855
81,16,8,128,26.7083
81,16,8,256,35.3865
81,16,8,512,33.4612
81,16,8,1024,32.4692
81,16,8,2048,37.8718
81,16,8,4096,46.5973
81,16,8,8192,65.3548
81,16,8,16384,99.6377
81,16,8,32768,170.192
81,16,8,65536,307.302
81,16,16,16,25.8558
81,16,16,32,25.915
81,16,16,64,25.7223
81,16,16,128,26.9603
81,16,16,256,31.4133
81,16,16,512,32.7095
81,16,16,1024,35.4717
81,16,16,2048,41.264
81,16,16,4096,51.0987
81,16,16,8192,71.0407
81,16,16,16384,108.177
81,16,16,32768,188.657
81,16,16,65536,341.596
81,16,32,16,26.2503
81,16,32,32,26.3905
81,16,32,64,26.1013
81,16,32,128,27.3495
81,16,32,256,33.4615
81,16,32,512,36.5973
81,16,32,1024,49.7548
81,16,32,2048,59.0403
81,16,32,4096,76.4802
81,16,32,8192,109.739
81,16,32,16384,176.55
81,16,32,32768,309.051
81,16,32,65536,577.787
81,16,64,16,26.923
81,16,64,32,27.5038
81,16,64,64,27.0772
81,16,64,128,28.4215
81,16,64,256,46.139
81,16,64,512,49.4082
81,16,64,1024,60.1975
81,16,64,2048,78.4588
81,16,64,4096,111.739
81,16,64,8192,176.251
81,16,64,16384,306.39
81,16,64,32768,573.111
81,16,64,65536,1115.73
81,16,128,16,32.1812
81,16,128,32,32.0857
81,16,128,64,35.4887
81,16,128,128,38.2137
81,16,128,256,51.6587
81,16,128,512,62.709
81,16,128,1024,80.7095
81,16,128,2048,114.971
81,16,128,4096,181.163
81,16,128,8192,312.379
81,16,128,16384,582.94
81,16,128,32768,1118.24
81,16,128,65536,2182.29
81,32,0,0,25.7602
81,32,1,16,25.6482
81,32,1,32,25.7175
81,32,1,64,25.6053
81,32,1,128,26.2828
81,32,1,256,35.243
81,32,1,512,33.4777
81,32,1,1024,33.4457
81,32,1,2048,38.5223
81,32,1,4096,46.0322
81,32,1,8192,61.3707
81,32,1,16384,95.5318
81,32,1,32768,164.992
81,32,1,65536,299.467
81,32,2,16,25.6793
81,32,2,32,25.8345
81,32,2,64,25.8242
81,32,2,128,26.448
81,32,2,256,35.707
81,32,2,512,34.0373
81,32,2,1024,33.8408
81,32,2,2048,38.6992
81,32,2,4096,44.4692
81,32,2,8192,62.2615
81,32,2,16384,96.0535
81,32,2,32768,165.68
81,32,2,65536,300.78
81,32,4,16,26.0265
81,32,4,32,25.9465
81,32,4,64,26.1282
81,32,4,128,26.8213
81,32,4,256,36.448
81,32,4,512,34.7523
81,32,4,1024,33.9098
81,32,4,2048,36.6613
81,32,4,4096,44.3203
81,32,4,8192,62.811
81,32,4,16384,97.099
81,32,4,32768,167.28
81,32,4,65536,302.251
81,32,8,16,26.0852
81,32,8,32,25.9893
81,32,8,64,25.9843
81,32,8,128,26.4483
81,32,8,256,36.016
81,32,8,512,33.2265
81,32,8,1024,32.2927
81,32,8,2048,37.5732
81,32,8,4096,47.3068
81,32,8,8192,65.6803
81,32,8,16384,99.5363
81,32,8,32768,170.448
81,32,8,65536,306.854
81,32,16,16,26.1125
81,32,16,32,26.3418
81,32,16,64,26.1073
81,32,16,128,27.1302
81,32,16,256,31.2908
81,32,16,512,32.48
81,32,16,1024,35.4778
81,32,16,2048,41.3437
81,32,16,4096,51.1308
81,32,16,8192,71.2267
81,32,16,16384,109.681
81,32,16,32768,184.56
81,32,16,65536,340.913
81,32,32,16,26.5172
81,32,32,32,26.475
81,32,32,64,26.3415
81,32,32,128,27.4882
81,32,32,256,33.451
81,32,32,512,37.3543
81,32,32,1024,50.2618
81,32,32,2048,58.7308
81,32,32,4096,76.8748
81,32,32,8192,110.475
81,32,32,16384,177.211
81,32,32,32768,307.179
81,32,32,65536,578.998
81,32,64,16,27.099
81,32,64,32,27.0557
81,32,64,64,27.2272
81,32,64,128,28.2192
81,32,64,256,45.9897
81,32,64,512,49.6053
81,32,64,1024,61.4777
81,32,64,2048,78.064
81,32,64,4096,111.472
81,32,64,8192,176.182
81,32,64,16384,307.43
81,32,64,32768,573.788
81,32,64,65536,1111.85
81,32,128,16,32.2342
81,32,128,32,32.4797
81,32,128,64,35.9573
81,32,128,128,38.4905
81,32,128,256,51.0617
81,32,128,512,62.4693
81,32,128,1024,80.7417
81,32,128,2048,115.526
81,32,128,4096,181.616
81,32,128,8192,312.737
81,32,128,16384,583.394
81,32,128,32768,1117.65
81,32,128,65536,2189.81
81,64,0,0,27.0457
81,64,1,16,26.7465
81,64,1,32,26.9813
81,64,1,64,26.6718
81,64,1,128,26.7947
81,64,1,256,35.6697
81,64,1,512,33.9842
81,64,1,1024,33.5842
81,64,1,2048,38.1598
81,64,1,4096,46.592
81,64,1,8192,64.2077
81,64,1,16384,95.4245
81,64,1,32768,164.469
81,64,1,65536,299.617
81,64,2,16,26.8108
81,64,2,32,26.832
81,64,2,64,27.0082
81,64,2,128,26.9703
81,64,2,256,35.8983
81,64,2,512,33.7545
81,64,2,1024,33.8292
81,64,2,2048,38.8373
81,64,2,4096,47.1143
81,64,2,8192,61.9097
81,64,2,16384,96.704
81,64,2,32768,165.755
81,64,2,65536,300.112
81,64,4,16,27.1893
81,64,4,32,26.9925
81,64,4,64,26.9067
81,64,4,128,27.0673
81,64,4,256,36.992
81,64,4,512,35.1947
81,64,4,1024,34.9223
81,64,4,2048,39.1202
81,64,4,4096,44.6132
81,64,4,8192,62.7738
81,64,4,16384,97.275
81,64,4,32768,166.891
81,64,4,65536,302.864
81,64,8,16,27.3387
81,64,8,32,27.323
81,64,8,64,27.1945
81,64,8,128,27.5142
81,64,8,256,36.9118
81,64,8,512,36.7682
81,64,8,1024,34.6833
81,64,8,2048,38.5068
81,64,8,4096,46.9918
81,64,8,8192,65.1842
81,64,8,16384,99.5733
81,64,8,32768,170.848
81,64,8,65536,307.595
81,64,16,16,26.9545
81,64,16,32,26.9543
81,64,16,64,27.0615
81,64,16,128,26.9547
81,64,16,256,36.6777
81,64,16,512,37.2423
81,64,16,1024,35.344
81,64,16,2048,41.3008
81,64,16,4096,51.2478
81,64,16,8192,71.7658
81,64,16,16384,108.027
81,64,16,32768,186.395
81,64,16,65536,327.627
81,64,32,16,27.6423
81,64,32,32,27.7543
81,64,32,64,27.5838
81,64,32,128,27.7333
81,64,32,256,43.4192
81,64,32,512,36.9548
81,64,32,1024,41.6102
81,64,32,2048,59.6272
81,64,32,4096,77.5048
81,64,32,8192,112.246
81,64,32,16384,177.899
81,64,32,32768,311.377
81,64,32,65536,576.978
81,64,64,16,28.4002
81,64,64,32,28.416
81,64,64,64,28.5063
81,64,64,128,28.5123
81,64,64,256,45.8192
81,64,64,512,51.094
81,64,64,1024,62.2398
81,64,64,2048,79.552
81,64,64,4096,112.646
81,64,64,8192,178.182
81,64,64,16384,308.689
81,64,64,32768,574.647
81,64,64,65536,1113.28
81,64,128,16,31.3593
81,64,128,32,31.7762
81,64,128,64,36.3788
81,64,128,128,39.0883
81,64,128,256,53.077
81,64,128,512,63.8935
81,64,128,1024,81.547
81,64,128,2048,116.363
81,64,128,4096,182.912
81,64,128,8192,316.465
81,64,128,16384,585.058
81,64,128,32768,1119.51
81,64,128,65536,2193.55
81,128,0,0,28.6393
81,128,1,16,28.4527
81,128,1,32,28.5433
81,128,1,64,28.5715
81,128,1,128,28.592
81,128,1,256,35.6745
81,128,1,512,34.8062
81,128,1,1024,33.5633
81,128,1,2048,38.5548
81,128,1,4096,46.5013
81,128,1,8192,64.2727
81,128,1,16384,98.2348
81,128,1,32768,164.944
81,128,1,65536,299.323
81,128,2,16,28.3848
81,128,2,32,28.5225
81,128,2,64,28.3995
81,128,2,128,28.3943
81,128,2,256,36.4212
81,128,2,512,34.9438
81,128,2,1024,34.1707
81,128,2,2048,38.9923
81,128,2,4096,47.142
81,128,2,8192,64.885
81,128,2,16384,96.0483
81,128,2,32768,165.621
81,128,2,65536,300.262
81,128,4,16,28.5552
81,128,4,32,28.4533
81,128,4,64,28.619
81,128,4,128,28.7733
81,128,4,256,37.76
81,128,4,512,36.2295
81,128,4,1024,35.7178
81,128,4,2048,39.4138
81,128,4,4096,47.0775
81,128,4,8192,62.4585
81,128,4,16384,97.1573
81,128,4,32768,166.86
81,128,4,65536,303.057
81,128,8,16,28.8003
81,128,8,32,28.9705
81,128,8,64,29.1623
81,128,8,128,28.8532
81,128,8,256,37.9412
81,128,8,512,38.2033
81,128,8,1024,36.2883
81,128,8,2048,39.7757
81,128,8,4096,46.747
81,128,8,8192,65.7975
81,128,8,16384,99.9307
81,128,8,32768,170.971
81,128,8,65536,307.493
81,128,16,16,28.8807
81,128,16,32,28.5868
81,128,16,64,28.613
81,128,16,128,28.7298
81,128,16,256,38.549
81,128,16,512,38.8697
81,128,16,1024,45.4933
81,128,16,2048,41.7495
81,128,16,4096,51.366
81,128,16,8192,71.5092
81,128,16,16384,110.069
81,128,16,32768,187.173
81,128,16,65536,332.593
81,128,32,16,29.37
81,128,32,32,29.0777
81,128,32,64,29.0722
81,128,32,128,29.345
81,128,32,256,37.3495
81,128,32,512,37.045
81,128,32,1024,41.6747
81,128,32,2048,60.7687
81,128,32,4096,78.7362
81,128,32,8192,113.92
81,128,32,16384,180.25
81,128,32,32768,310.262
81,128,32,65536,575.708
81,128,64,16,29.8398
81,128,64,32,30.0642
81,128,64,64,30.176
81,128,64,128,30.2028
81,128,64,256,46.4533
81,128,64,512,51.1685
81,128,64,1024,62.6665
81,128,64,2048,80.406
81,128,64,4096,113.354
81,128,64,8192,178.379
81,128,64,16384,308.539
81,128,64,32768,574.716
81,128,64,65536,1114.82
81,128,128,16,31.1363
81,128,128,32,31.8185
81,128,128,64,36.1333
81,128,128,128,39.9203
81,128,128,256,54.123
81,128,128,512,64.806
81,128,128,1024,83.5042
81,128,128,2048,118.278
81,128,128,4096,182.96
81,128,128,8192,317.494
81,128,128,16384,586.294
81,128,128,32768,1122.32
81,128,128,65536,2197.15
81,256,0,0,37.4932
81,256,1,16,37.2427
81,256,1,32,37.3175
81,256,1,64,37.248
81,256,1,128,37.179
81,256,1,256,37.4025
81,256,1,512,37.7123
81,256,1,1024,36.0747
81,256,1,2048,38.5918
81,256,1,4096,46.4588
81,256,1,8192,64.2032
81,256,1,16384,97.8403
81,256,1,32768,164.683
81,256,1,65536,299.707
81,256,2,16,37.9573
81,256,2,32,37.8933
81,256,2,64,37.6953
81,256,2,128,38.1552
81,256,2,256,37.969
81,256,2,512,37.7865
81,256,2,1024,36.4053
81,256,2,2048,39.2158
81,256,2,4096,47.0717
81,256,2,8192,64.7098
81,256,2,16384,96.0642
81,256,2,32768,165.194
81,256,2,65536,300.327
81,256,4,16,38.8273
81,256,4,32,38.9015
81,256,4,64,38.859
81,256,4,128,39.2428
81,256,4,256,39.1632
81,256,4,512,39.3598
81,256,4,1024,37.7975
81,256,4,2048,39.0878
81,256,4,4096,47.4352
81,256,4,8192,62.6715
81,256,4,16384,97.1153
81,256,4,32768,166.71
81,256,4,65536,302.949
81,256,8,16,37.8878
81,256,8,32,37.8297
81,256,8,64,37.6592
81,256,8,128,38.7787
81,256,8,256,38.3362
81,256,8,512,38.635
81,256,8,1024,39.7067
81,256,8,2048,39.7225
81,256,8,4096,47.1737
81,256,8,8192,65.4718
81,256,8,16384,99.867
81,256,8,32768,170.635
81,256,8,65536,307.275
81,256,16,16,39.1682
81,256,16,32,39.1517
81,256,16,64,39.1418
81,256,16,128,39.6643
81,256,16,256,39.8293
81,256,16,512,40.005
81,256,16,1024,38.8062
81,256,16,2048,41.4612
81,256,16,4096,51.691
81,256,16,8192,71.6477
81,256,16,16384,110.016
81,256,16,32768,184.838
81,256,16,65536,342.358
81,256,32,16,39.413
81,256,32,32,39.3815
81,256,32,64,39.6162
81,256,32,128,39.2858
81,256,32,256,40.5548
81,256,32,512,47.6795
81,256,32,1024,42.0053
81,256,32,2048,62.7202
81,256,32,4096,82.7038
81,256,32,8192,117.078
81,256,32,16384,181.515
81,256,32,32768,313.553
81,256,32,65536,575.943
81,256,64,16,41.5837
81,256,64,32,41.4935
81,256,64,64,41.7177
81,256,64,128,41.814
81,256,64,256,49.4082
81,256,64,512,54.0638
81,256,64,1024,64.4477
81,256,64,2048,84.2782
81,256,64,4096,117.909
81,256,64,8192,183.451
81,256,64,16384,312.598
81,256,64,32768,574.317
81,256,64,65536,1112.68
81,256,128,16,41.8772
81,256,128,32,42.5917
81,256,128,64,47.792
81,256,128,128,50.6188
81,256,128,256,55.5787
81,256,128,512,66.4263
81,256,128,1024,86.1708
81,256,128,2048,121.931
81,256,128,4096,187.115
81,256,128,8192,320.816
81,256,128,16384,588.38
81,256,128,32768,1120.86
81,256,128,65536,2197.38
81,512,0,0,40.048
81,512,1,16,38.6772
81,512,1,32,39.6962
81,512,1,64,39.43
81,512,1,128,39.3597
81,512,1,256,40.048
81,512,1,512,39.7382
81,512,1,1024,39.1627
81,512,1,2048,38.6133
81,512,1,4096,46.3417
81,512,1,8192,64.3147
81,512,1,16384,98.5768
81,512,1,32768,167.595
81,512,1,65536,299.457
81,512,2,16,39.5362
81,512,2,32,40.4748
81,512,2,64,40.4373
81,512,2,128,40.1283
81,512,2,256,40.2348
81,512,2,512,39.8135
81,512,2,1024,40.1438
81,512,2,2048,39.0828
81,512,2,4096,47.1155
81,512,2,8192,64.9338
81,512,2,16384,98.528
81,512,2,32768,165.68
81,512,2,65536,300.134
81,512,4,16,40.2558
81,512,4,32,40.1388
81,512,4,64,40.4262
81,512,4,128,40.7515
81,512,4,256,40.3043
81,512,4,512,40.9335
81,512,4,1024,41.2162
81,512,4,2048,39.5947
81,512,4,4096,47.8135
81,512,4,8192,65.0562
81,512,4,16384,97.2318
81,512,4,32768,166.678
81,512,4,65536,303.398
81,512,8,16,40.5123
81,512,8,32,40.507
81,512,8,64,40.512
81,512,8,128,40.0002
81,512,8,256,39.5262
81,512,8,512,39.6635
81,512,8,1024,40.6025
81,512,8,2048,41.445
81,512,8,4096,48.592
81,512,8,8192,64.8912
81,512,8,16384,100.283
81,512,8,32768,170.421
81,512,8,65536,308.268
81,512,16,16,41.0933
81,512,16,32,41.205
81,512,16,64,41.3013
81,512,16,128,41.1413
81,512,16,256,41.3065
81,512,16,512,42.0957
81,512,16,1024,42.9922
81,512,16,2048,44.3038
81,512,16,4096,50.9922
81,512,16,8192,71.2107
81,512,16,16384,108.32
81,512,16,32768,186.849
81,512,16,65536,331.857
81,512,32,16,41.664
81,512,32,32,41.6162
81,512,32,64,41.5835
81,512,32,128,41.4725
81,512,32,256,41.4663
81,512,32,512,43.92
81,512,32,1024,57.8508
81,512,32,2048,51.275
81,512,32,4096,86.3895
81,512,32,8192,121.899
81,512,32,16384,188.252
81,512,32,32768,319.12
81,512,32,65536,576.7
81,512,64,16,42.6338
81,512,64,32,42.95
81,512,64,64,43.2533
81,512,64,128,43.7497
81,512,64,256,44.3788
81,512,64,512,56.6622
81,512,64,1024,68.7312
81,512,64,2048,88.6128
81,512,64,4096,123.654
81,512,64,8192,188.779
81,512,64,16384,317.739
81,512,64,32768,576.561
81,512,64,65536,1113.74
81,512,128,16,43.5257
81,512,128,32,43.664
81,512,128,64,48.022
81,512,128,128,48.4857
81,512,128,256,59.1205
81,512,128,512,70.7783
81,512,128,1024,90.5657
81,512,128,2048,126.561
81,512,128,4096,194.417
81,512,128,8192,326.737
81,512,128,16384,592.694
81,512,128,32768,1127.87
81,512,128,65536,2198.82
81,1024,0,0,41.7977
81,1024,1,16,41.3442
81,1024,1,32,42.107
81,1024,1,64,42.1127
81,1024,1,128,41.7072
81,1024,1,256,42.3412
81,1024,1,512,42.3413
81,1024,1,1024,41.6642
81,1024,1,2048,39.3975
81,1024,1,4096,47.2745
81,1024,1,8192,64.6078
81,1024,1,16384,98.3207
81,1024,1,32768,167.542
81,1024,1,65536,302.39
81,1024,2,16,42.3947
81,1024,2,32,42.5012
81,1024,2,64,42.4053
81,1024,2,128,42.7847
81,1024,2,256,42.688
81,1024,2,512,42.5073
81,1024,2,1024,42.6725
81,1024,2,2048,39.7973
81,1024,2,4096,47.3925
81,1024,2,8192,65.0615
81,1024,2,16384,98.9338
81,1024,2,32768,168.907
81,1024,2,65536,300.208
81,1024,4,16,43.0665
81,1024,4,32,43.2158
81,1024,4,64,42.8158
81,1024,4,128,42.2613
81,1024,4,256,42.7575
81,1024,4,512,43.3762
81,1024,4,1024,43.28
81,1024,4,2048,42.6405
81,1024,4,4096,47.5892
81,1024,4,8192,66.0693
81,1024,4,16384,99.7605
81,1024,4,32768,167.296
81,1024,4,65536,303.201
81,1024,8,16,42.8107
81,1024,8,32,43.0882
81,1024,8,64,42.864
81,1024,8,128,43.0882
81,1024,8,256,43.173
81,1024,8,512,43.4138
81,1024,8,1024,43.5463
81,1024,8,2048,45.1203
81,1024,8,4096,50.8965
81,1024,8,8192,66.6878
81,1024,8,16384,100.576
81,1024,8,32768,170.827
81,1024,8,65536,307.745
81,1024,16,16,44.0692
81,1024,16,32,44.0853
81,1024,16,64,43.4875
81,1024,16,128,43.8507
81,1024,16,256,44.9388
81,1024,16,512,44.6247
81,1024,16,1024,46.2832
81,1024,16,2048,59.4837
81,1024,16,4096,73.8183
81,1024,16,8192,71.4665
81,1024,16,16384,111.264
81,1024,16,32768,189.521
81,1024,16,65536,337.735
81,1024,32,16,42.1068
81,1024,32,32,42.8002
81,1024,32,64,43.3918
81,1024,32,128,44.6235
81,1024,32,256,44.6135
81,1024,32,512,46.7303
81,1024,32,1024,58.3153
81,1024,32,2048,74.4642
81,1024,32,4096,92.693
81,1024,32,8192,133.76
81,1024,32,16384,198.822
81,1024,32,32768,331.409
81,1024,32,65536,594.049
81,1024,64,16,43.414
81,1024,64,32,43.2962
81,1024,64,64,44.0108
81,1024,64,128,47.947
81,1024,64,256,48.4857
81,1024,64,512,58.4053
81,1024,64,1024,70.8058
81,1024,64,2048,98.1975
81,1024,64,4096,135.115
81,1024,64,8192,200.076
81,1024,64,16384,332.022
81,1024,64,32768,588.3
81,1024,64,65536,1112.15
81,1024,128,16,47.4138
81,1024,128,32,47.6907
81,1024,128,64,49.4397
81,1024,128,128,49.1307
81,1024,128,256,56.5705
81,1024,128,512,73.466
81,1024,128,1024,99.4032
81,1024,128,2048,138.714
81,1024,128,4096,204.133
81,1024,128,8192,336.742
81,1024,128,16384,603.026
81,1024,128,32768,1140.24
81,1024,128,65536,2201.02
81,2048,0,0,47.35
81,2048,1,16,47.1947
81,2048,1,32,46.7145
81,2048,1,64,47.0022
81,2048,1,128,47.3168
81,2048,1,256,47.1417
81,2048,1,512,47.0455
81,2048,1,1024,47.2367
81,2048,1,2048,47.3125
81,2048,1,4096,47.4135
81,2048,1,8192,65.1575
81,2048,1,16384,98.4965
81,2048,1,32768,168.011
81,2048,1,65536,302.677
81,2048,2,16,47.7342
81,2048,2,32,47.8402
81,2048,2,64,47.3815
81,2048,2,128,47.0562
81,2048,2,256,47.7337
81,2048,2,512,47.6217
81,2048,2,1024,47.6157
81,2048,2,2048,47.5315
81,2048,2,4096,47.7922
81,2048,2,8192,65.2055
81,2048,2,16384,99.2
81,2048,2,32768,168.918
81,2048,2,65536,302.929
81,2048,4,16,47.515
81,2048,4,32,48.0263
81,2048,4,64,46.9657
81,2048,4,128,48.0535
81,2048,4,256,48.016
81,2048,4,512,48.3143
81,2048,4,1024,48.3198
81,2048,4,2048,48.4483
81,2048,4,4096,48.3205
81,2048,4,8192,66.4425
81,2048,4,16384,100.214
81,2048,4,32768,169.798
81,2048,4,65536,302.907
81,2048,8,16,47.7498
81,2048,8,32,47.7445
81,2048,8,64,47.7545
81,2048,8,128,47.7015
81,2048,8,256,47.9467
81,2048,8,512,48.0373
81,2048,8,1024,48.0587
81,2048,8,2048,50.112
81,2048,8,4096,50.5657
81,2048,8,8192,69.307
81,2048,8,16384,101.691
81,2048,8,32768,171.558
81,2048,8,65536,307.91
81,2048,16,16,48.9387
81,2048,16,32,48.6237
81,2048,16,64,48.5012
81,2048,16,128,48.7632
81,2048,16,256,48.7945
81,2048,16,512,52.2992
81,2048,16,1024,51.552
81,2048,16,2048,50.5653
81,2048,16,4096,79.7067
81,2048,16,8192,106.854
81,2048,16,16384,108.789
81,2048,16,32768,186.043
81,2048,16,65536,332.539
81,2048,32,16,49.5842
81,2048,32,32,49.3918
81,2048,32,64,49.4832
81,2048,32,128,47.5573
81,2048,32,256,54.1703
81,2048,32,512,51.435
81,2048,32,1024,64.6458
81,2048,32,2048,76.3577
81,2048,32,4096,107.878
81,2048,32,8192,150.379
81,2048,32,16384,220.24
81,2048,32,32768,354.427
81,2048,32,65536,614.194
81,2048,64,16,50.1548
81,2048,64,32,49.1623
81,2048,64,64,51.5842
81,2048,64,128,53.5578
81,2048,64,256,53.6538
81,2048,64,512,66.2185
81,2048,64,1024,72.2663
81,2048,64,2048,99.4507
81,2048,64,4096,154.859
81,2048,64,8192,222.448
81,2048,64,16384,352.822
81,2048,64,32768,611.516
81,2048,64,65536,1124.58
81,2048,128,16,55.9412
81,2048,128,32,56.1922
81,2048,128,64,54.6615
81,2048,128,128,57.4725
81,2048,128,256,58.0588
81,2048,128,512,73.862
81,2048,128,1024,101.483
81,2048,128,2048,155.744
81,2048,128,4096,226.186
81,2048,128,8192,358.14
81,2048,128,16384,627.185
81,2048,128,32768,1154.41
81,2048,128,65536,2222.96
81,4096,0,0,56.2943
81,4096,1,16,55.9568
81,4096,1,32,55.675
81,4096,1,64,55.7438
81,4096,1,128,55.7285
81,4096,1,256,55.5682
81,4096,1,512,56.0163
81,4096,1,1024,55.9472
81,4096,1,2048,56.1815
81,4096,1,4096,53.3173
81,4096,1,8192,66.8108
81,4096,1,16384,99.2743
81,4096,1,32768,169.429
81,4096,1,65536,302.726
81,4096,2,16,56.2082
81,4096,2,32,56.3573
81,4096,2,64,56.7042
81,4096,2,128,56.2077
81,4096,2,256,56.3737
81,4096,2,512,56.7092
81,4096,2,1024,56.4535
81,4096,2,2048,55.6217
81,4096,2,4096,77.3128
81,4096,2,8192,65.76
81,4096,2,16384,100.587
81,4096,2,32768,169.216
81,4096,2,65536,303.564
81,4096,4,16,56.598
81,4096,4,32,56.8643
81,4096,4,64,56.5973
81,4096,4,128,56.6668
81,4096,4,256,56.2615
81,4096,4,512,56.5705
81,4096,4,1024,64.3577
81,4096,4,2048,74.2987
81,4096,4,4096,59.6268
81,4096,4,8192,67.3707
81,4096,4,16384,101.579
81,4096,4,32768,170.939
81,4096,4,65536,305.126
81,4096,8,16,56.1648
81,4096,8,32,56.3577
81,4096,8,64,56.9387
81,4096,8,128,57.0827
81,4096,8,256,55.1413
81,4096,8,512,63.152
81,4096,8,1024,70.8058
81,4096,8,2048,58.5763
81,4096,8,4096,82.6718
81,4096,8,8192,69.0833
81,4096,8,16384,106.081
81,4096,8,32768,172.859
81,4096,8,65536,308.033
81,4096,16,16,58.2242
81,4096,16,32,58.176
81,4096,16,64,58.2622
81,4096,16,128,54.4108
81,4096,16,256,63.2588
81,4096,16,512,69.8138
81,4096,16,1024,65.3552
81,4096,16,2048,73.9518
81,4096,16,4096,91.5093
81,4096,16,8192,121.941
81,4096,16,16384,170.07
81,4096,16,32768,184.363
81,4096,16,65536,338.561
81,4096,32,16,57.7015
81,4096,32,32,57.8348
81,4096,32,64,59.6638
81,4096,32,128,61.0182
81,4096,32,256,65.573
81,4096,32,512,64.448
81,4096,32,1024,64.608
81,4096,32,2048,92.7578
81,4096,32,4096,113.446
81,4096,32,8192,171.285
81,4096,32,16384,261.804
81,4096,32,32768,396.54
81,4096,32,65536,656.087
81,4096,64,16,61.5245
81,4096,64,32,61.643
81,4096,64,64,63.6913
81,4096,64,128,60.864
81,4096,64,256,65.5095
81,4096,64,512,66.8212
81,4096,64,1024,94.475
81,4096,64,2048,100.891
81,4096,64,4096,156.475
81,4096,64,8192,264.934
81,4096,64,16384,397.105
81,4096,64,32768,655.186
81,4096,64,65536,1166.69
81,4096,128,16,64.2878
81,4096,128,32,64.7682
81,4096,128,64,67.4665
81,4096,128,128,70.3197
81,4096,128,256,68.24
81,4096,128,512,77.9205
81,4096,128,1024,99.2433
81,4096,128,2048,157.286
81,4096,128,4096,266.752
81,4096,128,8192,403.356
81,4096,128,16384,670.476
81,4096,128,32768,1202.21
81,4096,128,65536,2270.84
81,8192,0,0,73.2587
81,8192,1,16,72.9708
81,8192,1,32,72.9758
81,8192,1,64,73.0618
81,8192,1,128,72.6082
81,8192,1,256,72.8752
81,8192,1,512,73.0828
81,8192,1,1024,72.7897
81,8192,1,2048,73.1577
81,8192,1,4096,73.1948
81,8192,1,8192,74.0585
81,8192,1,16384,100.966
81,8192,1,32768,169.835
81,8192,1,65536,303.51
81,8192,2,16,73.7815
81,8192,2,32,73.5785
81,8192,2,64,73.2318
81,8192,2,128,73.7282
81,8192,2,256,73.616
81,8192,2,512,73.5783
81,8192,2,1024,73.5733
81,8192,2,2048,73.7653
81,8192,2,4096,74.4265
81,8192,2,8192,106.006
81,8192,2,16384,100.598
81,8192,2,32768,170.4
81,8192,2,65536,304.15
81,8192,4,16,73.8245
81,8192,4,32,73.4937
81,8192,4,64,73.5358
81,8192,4,128,73.5357
81,8192,4,256,74.2775
81,8192,4,512,73.7808
81,8192,4,1024,73.851
81,8192,4,2048,91.2008
81,8192,4,4096,106.416
81,8192,4,8192,79.4673
81,8192,4,16384,102.859
81,8192,4,32768,172.059
81,8192,4,65536,305.414
81,8192,8,16,73.435
81,8192,8,32,73.5625
81,8192,8,64,74.0857
81,8192,8,128,73.579
81,8192,8,256,73.9463
81,8192,8,512,73.8933
81,8192,8,1024,88.858
81,8192,8,2048,97.7445
81,8192,8,4096,78.8595
81,8192,8,8192,124.272
81,8192,8,16384,104.661
81,8192,8,32768,176.571
81,8192,8,65536,309.238
81,8192,16,16,75.0668
81,8192,16,32,74.9973
81,8192,16,64,75.1362
81,8192,16,128,74.9712
81,8192,16,256,75.2855
81,8192,16,512,83.2377
81,8192,16,1024,80.1175
81,8192,16,2048,92.4113
81,8192,16,4096,111.963
81,8192,16,8192,145.056
81,8192,16,16384,199.729
81,8192,16,32768,296.539
81,8192,16,65536,343.76
81,8192,32,16,76.1708
81,8192,32,32,75.9683
81,8192,32,64,74.3735
81,8192,32,128,74.325
81,8192,32,256,77.8243
81,8192,32,512,81.4513
81,8192,32,1024,91.0293
81,8192,32,2048,111.226
81,8192,32,4096,145.36
81,8192,32,8192,184.896
81,8192,32,16384,297.223
81,8192,32,32768,480.017
81,8192,32,65536,742.78
81,8192,64,16,73.904
81,8192,64,32,74.4268
81,8192,64,64,80.4267
81,8192,64,128,82.7095
81,8192,64,256,82.235
81,8192,64,512,86.427
81,8192,64,1024,112.401
81,8192,64,2048,147.553
81,8192,64,4096,156.155
81,8192,64,8192,265.734
81,8192,64,16384,482.06
81,8192,64,32768,741.244
81,8192,64,65536,1251.63
81,8192,128,16,82.3308
81,8192,128,32,82.6142
81,8192,128,64,84.2673
81,8192,128,128,85.1097
81,8192,128,256,94.992
81,8192,128,512,95.0082
81,8192,128,1024,127.915
81,8192,128,2048,154.459
81,8192,128,4096,263.547
81,8192,128,8192,484.791
81,8192,128,16384,755.964
81,8192,128,32768,1291.28
81,8192,128,65536,2350.23
81,16384,0,0,107.718
81,16384,1,16,107.222
81,16384,1,32,107.339
81,16384,1,64,107.35
81,16384,1,128,107.238
81,16384,1,256,107.13
81,16384,1,512,107.253
81,16384,1,1024,107.147
81,16384,1,2048,107.425
81,16384,1,4096,107.808
81,16384,1,8192,107.979
81,16384,1,16384,107.621
81,16384,1,32768,170.998
81,16384,1,65536,303.584
81,16384,2,16,108.049
81,16384,2,32,108.001
81,16384,2,64,108.091
81,16384,2,128,108.198
81,16384,2,256,108.197
81,16384,2,512,108.049
81,16384,2,1024,107.893
81,16384,2,2048,108.059
81,16384,2,4096,108.385
81,16384,2,8192,108.224
81,16384,2,16384,179.339
81,16384,2,32768,170.897
81,16384,2,65536,305.094
81,16384,4,16,108.299
81,16384,4,32,108.011
81,16384,4,64,108.064
81,16384,4,128,107.92
81,16384,4,256,107.942
81,16384,4,512,108.262
81,16384,4,1024,108.241
81,16384,4,2048,108.576
81,16384,4,4096,143.621
81,16384,4,8192,180.283
81,16384,4,16384,122.075
81,16384,4,32768,173.483
81,16384,4,65536,306.577
81,16384,8,16,108.496
81,16384,8,32,108.294
81,16384,8,64,108.171
81,16384,8,128,108.544
81,16384,8,256,108.325
81,16384,8,512,108.218
81,16384,8,1024,108.507
81,16384,8,2048,142.496
81,16384,8,4096,163.472
81,16384,8,8192,121.878
81,16384,8,16384,205.787
81,16384,8,32768,177.462
81,16384,8,65536,314.811
81,16384,16,16,109.163
81,16384,16,32,109.979
81,16384,16,64,109.595
81,16384,16,128,109.942
81,16384,16,256,109.776
81,16384,16,512,109.878
81,16384,16,1024,121.659
81,16384,16,2048,162.016
81,16384,16,4096,145.371
81,16384,16,8192,184.038
81,16384,16,16384,251.568
81,16384,16,32768,355.937
81,16384,16,65536,542.322
81,16384,32,16,110.496
81,16384,32,32,110.352
81,16384,32,64,110.337
81,16384,32,128,110.229
81,16384,32,256,110.923
81,16384,32,512,123.84
81,16384,32,1024,137.446
81,16384,32,2048,144.064
81,16384,32,4096,176.624
81,16384,32,8192,251.846
81,16384,32,16384,324.812
81,16384,32,32768,544.886
81,16384,32,65536,910.626
81,16384,64,16,111.936
81,16384,64,32,111.915
81,16384,64,64,109.563
81,16384,64,128,115.676
81,16384,64,256,120.805
81,16384,64,512,128.896
81,16384,64,1024,125.963
81,16384,64,2048,177.136
81,16384,64,4096,253.74
81,16384,64,8192,263.227
81,16384,64,16384,481.91
81,16384,64,32768,911.868
81,16384,64,65536,1425.38
81,16384,128,16,117.057
81,16384,128,32,117.462
81,16384,128,64,119.862
81,16384,128,128,121.734
81,16384,128,256,125.392
81,16384,128,512,126.796
81,16384,128,1024,159.851
81,16384,128,2048,206.816
81,16384,128,4096,261.153
81,16384,128,8192,476.956
81,16384,128,16384,922.914
81,16384,128,32768,1458.54
81,16384,128,65536,2525.66
81,32768,0,0,176.774
81,32768,1,16,176.704
81,32768,1,32,176.748
81,32768,1,64,176.7
81,32768,1,128,176.667
81,32768,1,256,177.307
81,32768,1,512,176.779
81,32768,1,1024,176.843
81,32768,1,2048,176.454
81,32768,1,4096,176.923
81,32768,1,8192,176.672
81,32768,1,16384,177.201
81,32768,1,32768,178.95
81,32768,1,65536,304.907
81,32768,2,16,178.134
81,32768,2,32,177.52
81,32768,2,64,177.291
81,32768,2,128,177.275
81,32768,2,256,177.717
81,32768,2,512,177.617
81,32768,2,1024,178.102
81,32768,2,2048,177.702
81,32768,2,4096,177.776
81,32768,2,8192,178.022
81,32768,2,16384,178.709
81,32768,2,32768,314.396
81,32768,2,65536,305.819
81,32768,4,16,177.36
81,32768,4,32,177.792
81,32768,4,64,177.296
81,32768,4,128,177.542
81,32768,4,256,177.153
81,32768,4,512,176.864
81,32768,4,1024,177.653
81,32768,4,2048,177.254
81,32768,4,4096,177.638
81,32768,4,8192,248.139
81,32768,4,16384,315.633
81,32768,4,32768,205.253
81,32768,4,65536,308.833
81,32768,8,16,177.115
81,32768,8,32,177.644
81,32768,8,64,177.285
81,32768,8,128,177.776
81,32768,8,256,177.915
81,32768,8,512,177.995
81,32768,8,1024,178.192
81,32768,8,2048,178.085
81,32768,8,4096,246.539
81,32768,8,8192,280.988
81,32768,8,16384,205.921
81,32768,8,32768,373.525
81,32768,8,65536,315.537
81,32768,16,16,179.02
81,32768,16,32,178.742
81,32768,16,64,178.7
81,32768,16,128,179.153
81,32768,16,256,179.893
81,32768,16,512,179.078
81,32768,16,1024,179.356
81,32768,16,2048,201.403
81,32768,16,4096,280.124
81,32768,16,8192,250.038
81,32768,16,16384,322.907
81,32768,16,32768,458.016
81,32768,16,65536,654.514
81,32768,32,16,179.323
81,32768,32,32,179.494
81,32768,32,64,179.98
81,32768,32,128,179.574
81,32768,32,256,179.915
81,32768,32,512,180.171
81,32768,32,1024,203.185
81,32768,32,2048,231.136
81,32768,32,4096,248.795
81,32768,32,8192,313.211
81,32768,32,16384,459.009
81,32768,32,32768,603.366
81,32768,32,65536,1028.15
81,32768,64,16,181.387
81,32768,64,32,181.083
81,32768,64,64,181.307
81,32768,64,128,181.264
81,32768,64,256,181.077
81,32768,64,512,192.214
81,32768,64,1024,211.957
81,32768,64,2048,207.803
81,32768,64,4096,314.284
81,32768,64,8192,461.34
81,32768,64,16384,470.908
81,32768,64,32768,908.168
81,32768,64,65536,1772.4
81,32768,128,16,183.447
81,32768,128,32,183.339
81,32768,128,64,183.285
81,32768,128,128,189.829
81,32768,128,256,194.374
81,32768,128,512,203.697
81,32768,128,1024,211.542
81,32768,128,2048,268.869
81,32768,128,4096,362.342
81,32768,128,8192,470.294
81,32768,128,16384,897.304
81,32768,128,32768,1796.6
81,32768,128,65536,2852.9
81,65536,0,0,311.152
81,65536,1,16,310.214
81,65536,1,32,310.172
81,65536,1,64,309.919
81,65536,1,128,309.627
81,65536,1,256,310.134
81,65536,1,512,310.06
81,65536,1,1024,310.171
81,65536,1,2048,310
81,65536,1,4096,309.995
81,65536,1,8192,310.027
81,65536,1,16384,310.24
81,65536,1,32768,311.035
81,65536,1,65536,311.574
81,65536,2,16,311.392
81,65536,2,32,310.769
81,65536,2,64,310.945
81,65536,2,128,311.158
81,65536,2,256,311.579
81,65536,2,512,310.945
81,65536,2,1024,311.238
81,65536,2,2048,311.467
81,65536,2,4096,311.472
81,65536,2,8192,311.361
81,65536,2,16384,312.044
81,65536,2,32768,311.873
81,65536,2,65536,587.393
81,65536,4,16,311.793
81,65536,4,32,311.707
81,65536,4,64,311.852
81,65536,4,128,311.857
81,65536,4,256,312.054
81,65536,4,512,311.878
81,65536,4,1024,311.569
81,65536,4,2048,311.739
81,65536,4,4096,311.67
81,65536,4,8192,312.182
81,65536,4,16384,450.47
81,65536,4,32768,587.601
81,65536,4,65536,366.918
81,65536,8,16,311.798
81,65536,8,32,311.494
81,65536,8,64,311.862
81,65536,8,128,311.286
81,65536,8,256,311.499
81,65536,8,512,311.633
81,65536,8,1024,311.82
81,65536,8,2048,311.786
81,65536,8,4096,311.915
81,65536,8,8192,449.804
81,65536,8,16384,520.854
81,65536,8,32768,366.705
81,65536,8,65536,697.366
81,65536,16,16,313.035
81,65536,16,32,312.672
81,65536,16,64,312.875
81,65536,16,128,312.881
81,65536,16,256,312.731
81,65536,16,512,313.003
81,65536,16,1024,313.473
81,65536,16,2048,313.745
81,65536,16,4096,351.728
81,65536,16,8192,518.406
81,65536,16,16384,453.377
81,65536,16,32768,591.942
81,65536,16,65536,864.807
81,65536,32,16,313.211
81,65536,32,32,313.077
81,65536,32,64,313.008
81,65536,32,128,313.345
81,65536,32,256,313.414
81,65536,32,512,313.568
81,65536,32,1024,313.351
81,65536,32,2048,365.873
81,65536,32,4096,419.35
81,65536,32,8192,451.9
81,65536,32,16384,578.119
81,65536,32,32768,865.773
81,65536,32,65536,1156.98
81,65536,64,16,315.025
81,65536,64,32,314.694
81,65536,64,64,314.987
81,65536,64,128,315.073
81,65536,64,256,315.116
81,65536,64,512,314.998
81,65536,64,1024,341.627
81,65536,64,2048,370.364
81,65536,64,4096,369.494
81,65536,64,8192,578.951
81,65536,64,16384,868.14
81,65536,64,32768,889.879
81,65536,64,65536,1740.96
81,65536,128,16,318.939
81,65536,128,32,319.243
81,65536,128,64,319.345
81,65536,128,128,318.908
81,65536,128,256,319.739
81,65536,128,512,334.791
81,65536,128,1024,351.089
81,65536,128,2048,372.939
81,65536,128,4096,480.566
81,65536,128,8192,669.303
81,65536,128,16384,885.425
81,65536,128,32768,1725.25
81,65536,128,65536,3522.87
122,0,0,0,26.7463
122,0,1,16,26.9762
122,0,1,32,27.0773
122,0,1,64,27.1042
122,0,1,128,26.9652
122,0,1,256,35.6213
122,0,1,512,35.7117
122,0,1,1024,38.5067
122,0,1,2048,45.0932
122,0,1,4096,53.2162
122,0,1,8192,79.3708
122,0,1,16384,130.721
122,0,1,32768,234.08
122,0,1,65536,437.356
122,0,2,16,26.725
122,0,2,32,26.6832
122,0,2,64,26.5125
122,0,2,128,26.5813
122,0,2,256,36.8158
122,0,2,512,35.9045
122,0,2,1024,38.4695
122,0,2,2048,41.2958
122,0,2,4096,54.3412
122,0,2,8192,79.4615
122,0,2,16384,131.835
122,0,2,32768,234.817
122,0,2,65536,437.863
122,0,4,16,26.6348
122,0,4,32,26.6243
122,0,4,64,26.9758
122,0,4,128,27.248
122,0,4,256,36.949
122,0,4,512,36.171
122,0,4,1024,35.2533
122,0,4,2048,41.6268
122,0,4,4096,54.5972
122,0,4,8192,80.4057
122,0,4,16384,132.683
122,0,4,32768,235.82
122,0,4,65536,438.801
122,0,8,16,26.3943
122,0,8,32,26.4212
122,0,8,64,26.2772
122,0,8,128,27.1628
122,0,8,256,36.9488
122,0,8,512,33.5942
122,0,8,1024,36.8535
122,0,8,2048,43.0188
122,0,8,4096,56.3413
122,0,8,8192,82.5972
122,0,8,16384,134.267
122,0,8,32768,237.899
122,0,8,65536,441.686
122,0,16,16,27.1312
122,0,16,32,27.1898
122,0,16,64,27.1358
122,0,16,128,27.5303
122,0,16,256,32.9492
122,0,16,512,35.0295
122,0,16,1024,38.0805
122,0,16,2048,45.1513
122,0,16,4096,58.7313
122,0,16,8192,85.8988
122,0,16,16384,139.19
122,0,16,32768,244.678
122,0,16,65536,453.275
122,0,32,16,27.259
122,0,32,32,27.1308
122,0,32,64,27.2267
122,0,32,128,28.1762
122,0,32,256,35.1258
122,0,32,512,37.7227
122,0,32,1024,43.8078
122,0,32,2048,57.211
122,0,32,4096,73.456
122,0,32,8192,107.099
122,0,32,16384,176.784
122,0,32,32768,309.91
122,0,32,65536,577.772
122,0,64,16,27.6585
122,0,64,32,27.904
122,0,64,64,27.6162
122,0,64,128,29.0457
122,0,64,256,46.1925
122,0,64,512,51.0938
122,0,64,1024,61.1308
122,0,64,2048,76.3628
122,0,64,4096,111.675
122,0,64,8192,177.59
122,0,64,16384,311.408
122,0,64,32768,580.785
122,0,64,65536,1119.34
122,0,128,16,33.9092
122,0,128,32,34.4053
122,0,128,64,37.1685
122,0,128,128,39.3598
122,0,128,256,53.6268
122,0,128,512,63.8823
122,0,128,1024,80.336
122,0,128,2048,112.902
122,0,128,4096,180.566
122,0,128,8192,315.75
122,0,128,16384,582.87
122,0,128,32768,1117.93
122,0,128,65536,2195.14
122,16,0,0,27.4398
122,16,1,16,27.6967
122,16,1,32,27.621
122,16,1,64,27.7493
122,16,1,128,27.7605
122,16,1,256,35.8723
122,16,1,512,35.3652
122,16,1,1024,38.9175
122,16,1,2048,44.9765
122,16,1,4096,57.9307
122,16,1,8192,83.5198
122,16,1,16384,131.728
122,16,1,32768,235.302
122,16,1,65536,437.931
122,16,2,16,27.4027
122,16,2,32,27.2112
122,16,2,64,27.1043
122,16,2,128,27.2375
122,16,2,256,37.4767
122,16,2,512,35.7545
122,16,2,1024,38.3735
122,16,2,2048,44.7952
122,16,2,4096,57.75
122,16,2,8192,80.0102
122,16,2,16384,131.632
122,16,2,32768,235.323
122,16,2,65536,437.606
122,16,4,16,27.5733
122,16,4,32,27.5948
122,16,4,64,27.5358
122,16,4,128,27.6802
122,16,4,256,36.8533
122,16,4,512,36.528
122,16,4,1024,39.1468
122,16,4,2048,45.51
122,16,4,4096,54.8532
122,16,4,8192,80.7255
122,16,4,16384,132.998
122,16,4,32768,236.282
122,16,4,65536,439.611
122,16,8,16,27.221
122,16,8,32,27.4132
122,16,8,64,27.5358
122,16,8,128,27.2322
122,16,8,256,38.2938
122,16,8,512,36.6455
122,16,8,1024,39.7812
122,16,8,2048,42.6132
122,16,8,4096,55.4882
122,16,8,8192,82.0318
122,16,8,16384,134.144
122,16,8,32768,237.637
122,16,8,65536,442.742
122,16,16,16,27.8023
122,16,16,32,28.0425
122,16,16,64,27.8403
122,16,16,128,27.8245
122,16,16,256,38.3093
122,16,16,512,37.8348
122,16,16,1024,38.5767
122,16,16,2048,45.3437
122,16,16,4096,58.7893
122,16,16,8192,84.7627
122,16,16,16384,138.485
122,16,16,32768,243.152
122,16,16,65536,450.065
122,16,32,16,27.8028
122,16,32,32,28.2403
122,16,32,64,28.0155
122,16,32,128,28.1392
122,16,32,256,35.1143
122,16,32,512,38.1225
122,16,32,1024,43.0352
122,16,32,2048,60.6398
122,16,32,4096,78.7998
122,16,32,8192,113.184
122,16,32,16384,179.756
122,16,32,32768,312.112
122,16,32,65536,576.796
122,16,64,16,28.635
122,16,64,32,29.0132
122,16,64,64,28.459
122,16,64,128,29.1362
122,16,64,256,46.4857
122,16,64,512,50.9437
122,16,64,1024,62.1385
122,16,64,2048,80.694
122,16,64,4096,115.701
122,16,64,8192,182.656
122,16,64,16384,317.392
122,16,64,32768,581.367
122,16,64,65536,1116.05
122,16,128,16,32.2025
122,16,128,32,32.7253
122,16,128,64,36.4215
122,16,128,128,38.16
122,16,128,256,51.5365
122,16,128,512,62.0852
122,16,128,1024,80.8162
122,16,128,2048,115.094
122,16,128,4096,179.835
122,16,128,8192,311.019
122,16,128,16384,579.089
122,16,128,32768,1115.49
122,16,128,65536,2184.6
122,32,0,0,27.8293
122,32,1,16,27.6908
122,32,1,32,27.867
122,32,1,64,27.9417
122,32,1,128,27.9523
122,32,1,256,36.3357
122,32,1,512,35.9302
122,32,1,1024,38.9173
122,32,1,2048,45.1522
122,32,1,4096,58.2448
122,32,1,8192,83.6908
122,32,1,16384,131.589
122,32,1,32768,235.094
122,32,1,65536,437.707
122,32,2,16,27.392
122,32,2,32,27.5035
122,32,2,64,27.4022
122,32,2,128,27.3602
122,32,2,256,36.9597
122,32,2,512,35.9675
122,32,2,1024,38.5013
122,32,2,2048,45.0665
122,32,2,4096,57.8242
122,32,2,8192,80.3465
122,32,2,16384,132.043
122,32,2,32768,235.574
122,32,2,65536,437.878
122,32,4,16,27.9622
122,32,4,32,27.9308
122,32,4,64,27.739
122,32,4,128,28.0213
122,32,4,256,37.0935
122,32,4,512,36.784
122,32,4,1024,39.1575
122,32,4,2048,45.3065
122,32,4,4096,54.9012
122,32,4,8192,81.2907
122,32,4,16384,133.296
122,32,4,32768,236.293
122,32,4,65536,438.993
122,32,8,16,27.541
122,32,8,32,27.6848
122,32,8,64,27.7873
122,32,8,128,27.8348
122,32,8,256,38.9817
122,32,8,512,37.7543
122,32,8,1024,39.872
122,32,8,2048,42.3568
122,32,8,4096,56.0373
122,32,8,8192,82.3573
122,32,8,16384,134.341
122,32,8,32768,237.36
122,32,8,65536,442.62
122,32,16,16,28.2402
122,32,16,32,28.0108
122,32,16,64,28.1763
122,32,16,128,28.0055
122,32,16,256,39.3388
122,32,16,512,37.6798
122,32,16,1024,38.4055
122,32,16,2048,45.1045
122,32,16,4096,58.9657
122,32,16,8192,85.638
122,32,16,16384,138.768
122,32,16,32768,244.785
122,32,16,65536,449.244
122,32,32,16,28.2292
122,32,32,32,28.2243
122,32,32,64,28.0745
122,32,32,128,28.1488
122,32,32,256,34.9545
122,32,32,512,38.0327
122,32,32,1024,43.675
122,32,32,2048,60.693
122,32,32,4096,79.0668
122,32,32,8192,114.011
122,32,32,16384,178.875
122,32,32,32768,314.764
122,32,32,65536,583.361
122,32,64,16,29.1202
122,32,64,32,29.1415
122,32,64,64,29.0347
122,32,64,128,28.9123
122,32,64,256,46.837
122,32,64,512,50.9872
122,32,64,1024,62.2667
122,32,64,2048,81.4028
122,32,64,4096,116.496
122,32,64,8192,182.737
122,32,64,16384,317.713
122,32,64,32768,584.412
122,32,64,65536,1121.18
122,32,128,16,32.4105
122,32,128,32,32.4692
122,32,128,64,35.9415
122,32,128,128,39.2375
122,32,128,256,51.7383
122,32,128,512,63.387
122,32,128,1024,81.2108
122,32,128,2048,115.468
122,32,128,4096,181.205
122,32,128,8192,310.609
122,32,128,16384,581.863
122,32,128,32768,1116.03
122,32,128,65536,2187.74
122,64,0,0,28.1597
122,64,1,16,28.3253
122,64,1,32,28.6508
122,64,1,64,28.3788
122,64,1,128,28.6132
122,64,1,256,37.2638
122,64,1,512,36.5065
122,64,1,1024,39.0618
122,64,1,2048,45.1678
122,64,1,4096,58.0427
122,64,1,8192,84.1283
122,64,1,16384,132
122,64,1,32768,235.094
122,64,1,65536,437.446
122,64,2,16,28.0212
122,64,2,32,28.2292
122,64,2,64,28.3362
122,64,2,128,28.352
122,64,2,256,38.4747
122,64,2,512,36.8745
122,64,2,1024,38.8058
122,64,2,2048,44.9383
122,64,2,4096,57.856
122,64,2,8192,79.9783
122,64,2,16384,132.108
122,64,2,32768,235.451
122,64,2,65536,437.783
122,64,4,16,28.2987
122,64,4,32,28.3415
122,64,4,64,28.464
122,64,4,128,28.192
122,64,4,256,38.1495
122,64,4,512,37.5627
122,64,4,1024,39.184
122,64,4,2048,45.7655
122,64,4,4096,54.8903
122,64,4,8192,80.9277
122,64,4,16384,133.136
122,64,4,32768,236.193
122,64,4,65536,440.294
122,64,8,16,28.3578
122,64,8,32,28.3412
122,64,8,64,28.4048
122,64,8,128,28.4432
122,64,8,256,39.4295
122,64,8,512,37.3443
122,64,8,1024,39.9363
122,64,8,2048,42.8805
122,64,8,4096,55.8877
122,64,8,8192,82.0433
122,64,8,16384,134.411
122,64,8,32768,238.086
122,64,8,65536,442.892
122,64,16,16,28.736
122,64,16,32,28.8375
122,64,16,64,28.7678
122,64,16,128,28.576
122,64,16,256,39.6535
122,64,16,512,38.4535
122,64,16,1024,37.9623
122,64,16,2048,45.3177
122,64,16,4096,59.0355
122,64,16,8192,85.3815
122,64,16,16384,138.475
122,64,16,32768,243.627
122,64,16,65536,449.233
122,64,32,16,28.88
122,64,32,32,28.9757
122,64,32,64,28.7842
122,64,32,128,28.592
122,64,32,256,35.1467
122,64,32,512,38.011
122,64,32,1024,43.6903
122,64,32,2048,60.7365
122,64,32,4096,79.1522
122,64,32,8192,113.574
122,64,32,16384,180.411
122,64,32,32768,314.187
122,64,32,65536,583.105
122,64,64,16,29.573
122,64,64,32,29.3705
122,64,64,64,29.3013
122,64,64,128,29.4885
122,64,64,256,47.0933
122,64,64,512,52.2507
122,64,64,1024,64.0047
122,64,64,2048,81.6167
122,64,64,4096,117.328
122,64,64,8192,183.105
122,64,64,16384,318.224
122,64,64,32768,587.341
122,64,64,65536,1123.04
122,64,128,16,31.6372
122,64,128,32,32.3305
122,64,128,64,36.7625
122,64,128,128,39.5465
122,64,128,256,52.8218
122,64,128,512,64.3198
122,64,128,1024,83.227
122,64,128,2048,116.731
122,64,128,4096,182.214
122,64,128,8192,311.462
122,64,128,16384,580.316
122,64,128,32768,1112.72
122,64,128,65536,2192.5
122,128,0,0,29.7493
122,128,1,16,30.0848
122,128,1,32,30.0907
122,128,1,64,30.0907
122,128,1,128,30.1288
122,128,1,256,38.5705
122,128,1,512,38.0105
122,128,1,1024,38.7627
122,128,1,2048,45.1997
122,128,1,4096,58.1602
122,128,1,8192,83.8883
122,128,1,16384,131.633
122,128,1,32768,234.966
122,128,1,65536,437.825
122,128,2,16,29.8188
122,128,2,32,29.6693
122,128,2,64,29.6798
122,128,2,128,29.5523
122,128,2,256,39.9575
122,128,2,512,38.9227
122,128,2,1024,39.0672
122,128,2,2048,45.1898
122,128,2,4096,57.9618
122,128,2,8192,80.2083
122,128,2,16384,132.24
122,128,2,32768,236.107
122,128,2,65536,437.963
122,128,4,16,30.0058
122,128,4,32,29.8455
122,128,4,64,29.8667
122,128,4,128,29.7982
122,128,4,256,40.2295
122,128,4,512,38.5122
122,128,4,1024,39.3067
122,128,4,2048,45.648
122,128,4,4096,54.8592
122,128,4,8192,80.88
122,128,4,16384,132.976
122,128,4,32768,236.192
122,128,4,65536,439.622
122,128,8,16,29.9787
122,128,8,32,30.128
122,128,8,64,29.824
122,128,8,128,29.9203
122,128,8,256,40.6607
122,128,8,512,38.7148
122,128,8,1024,40.1813
122,128,8,2048,42.6937
122,128,8,4096,55.6425
122,128,8,8192,82.5758
122,128,8,16384,134.538
122,128,8,32768,237.617
122,128,8,65536,444.263
122,128,16,16,30.2565
122,128,16,32,30.3785
122,128,16,64,30.1547
122,128,16,128,30.4532
122,128,16,256,40.5813
122,128,16,512,39.6265
122,128,16,1024,38.0643
122,128,16,2048,45.2322
122,128,16,4096,59.259
122,128,16,8192,85.5093
122,128,16,16384,137.947
122,128,16,32768,243.478
122,128,16,65536,450.358
122,128,32,16,30.3095
122,128,32,32,30.6617
122,128,32,64,30.5388
122,128,32,128,30.4208
122,128,32,256,40.2397
122,128,32,512,38.5118
122,128,32,1024,43.1573
122,128,32,2048,61.606
122,128,32,4096,81.1517
122,128,32,8192,115.163
122,128,32,16384,182.384
122,128,32,32768,314.123
122,128,32,65536,583.66
122,128,64,16,31.0827
122,128,64,32,31.2962
122,128,64,64,30.9708
122,128,64,128,30.8793
122,128,64,256,47.5527
122,128,64,512,54.0697
122,128,64,1024,63.675
122,128,64,2048,82.1178
122,128,64,4096,118.443
122,128,64,8192,182.752
122,128,64,16384,317.964
122,128,64,32768,585.638
122,128,64,65536,1123.11
122,128,128,16,31.9577
122,128,128,32,32.4638
122,128,128,64,36.0057
122,128,128,128,40.016
122,128,128,256,53.8558
122,128,128,512,64.8387
122,128,128,1024,82.4162
122,128,128,2048,116.933
122,128,128,4096,181.632
122,128,128,8192,310.955
122,128,128,16384,579.735
122,128,128,32768,1118.41
122,128,128,65536,2189.76
122,256,0,0,40.6507
122,256,1,16,41.0075
122,256,1,32,41.2803
122,256,1,64,41.1362
122,256,1,128,41.1737
122,256,1,256,41.0455
122,256,1,512,39.8565
122,256,1,1024,39.2108
122,256,1,2048,45.8028
122,256,1,4096,58.0905
122,256,1,8192,83.9205
122,256,1,16384,135.312
122,256,1,32768,234.689
122,256,1,65536,437.601
122,256,2,16,41.8082
122,256,2,32,41.7123
122,256,2,64,41.9573
122,256,2,128,42.4323
122,256,2,256,42.0432
122,256,2,512,40.9442
122,256,2,1024,39.4833
122,256,2,2048,45.152
122,256,2,4096,58.0005
122,256,2,8192,84.0852
122,256,2,16384,132.187
122,256,2,32768,235.654
122,256,2,65536,437.83
122,256,4,16,41.936
122,256,4,32,41.8662
122,256,4,64,41.8135
122,256,4,128,42.1443
122,256,4,256,41.7977
122,256,4,512,40.4797
122,256,4,1024,39.3225
122,256,4,2048,45.739
122,256,4,4096,58.5767
122,256,4,8192,80.9223
122,256,4,16384,132.864
122,256,4,32768,236.742
122,256,4,65536,439.857
122,256,8,16,41.6803
122,256,8,32,41.8138
122,256,8,64,42.0798
122,256,8,128,42.4483
122,256,8,256,41.8562
122,256,8,512,41.3228
122,256,8,1024,39.6375
122,256,8,2048,46.8057
122,256,8,4096,55.7288
122,256,8,8192,81.8287
122,256,8,16384,134.443
122,256,8,32768,239.26
122,256,8,65536,442.887
122,256,16,16,41.877
122,256,16,32,42.2618
122,256,16,64,41.9465
122,256,16,128,42.3525
122,256,16,256,41.7767
122,256,16,512,42.3198
122,256,16,1024,41.9203
122,256,16,2048,45.051
122,256,16,4096,58.8055
122,256,16,8192,85.04
122,256,16,16384,138.533
122,256,16,32768,243.425
122,256,16,65536,451.478
122,256,32,16,43.2422
122,256,32,32,42.9388
122,256,32,64,42.5598
122,256,32,128,43.094
122,256,32,256,43.4505
122,256,32,512,50.2342
122,256,32,1024,43.797
122,256,32,2048,52.8427
122,256,32,4096,82.4807
122,256,32,8192,118.56
122,256,32,16384,185.355
122,256,32,32768,317.536
122,256,32,65536,585.489
122,256,64,16,43.237
122,256,64,32,43.4822
122,256,64,64,43.3598
122,256,64,128,43.082
122,256,64,256,43.0135
122,256,64,512,55.2487
122,256,64,1024,65.5197
122,256,64,2048,85.7387
122,256,64,4096,120.976
122,256,64,8192,187.003
122,256,64,16384,321.841
122,256,64,32768,588.732
122,256,64,65536,1126.75
122,256,128,16,44.6987
122,256,128,32,45.1035
122,256,128,64,51.0242
122,256,128,128,53.5467
122,256,128,256,55.787
122,256,128,512,66.747
122,256,128,1024,85.1633
122,256,128,2048,119.883
122,256,128,4096,185.499
122,256,128,8192,316.656
122,256,128,16384,580.903
122,256,128,32768,1113.25
122,256,128,65536,2185.63
122,512,0,0,42.96
122,512,1,16,43.2158
122,512,1,32,43.0183
122,512,1,64,42.3197
122,512,1,128,43.472
122,512,1,256,43.408
122,512,1,512,43.6748
122,512,1,1024,39.9093
122,512,1,2048,46.3317
122,512,1,4096,58.7783
122,512,1,8192,84.5063
122,512,1,16384,135.494
122,512,1,32768,238.907
122,512,1,65536,437.883
122,512,2,16,44.1387
122,512,2,32,44.4908
122,512,2,64,43.8877
122,512,2,128,44.2933
122,512,2,256,44.118
122,512,2,512,43.952
122,512,2,1024,41.1683
122,512,2,2048,46.1008
122,512,2,4096,58.6832
122,512,2,8192,83.8513
122,512,2,16384,135.537
122,512,2,32768,235.781
122,512,2,65536,437.82
122,512,4,16,43.8833
122,512,4,32,44.3843
122,512,4,64,43.8933
122,512,4,128,43.9893
122,512,4,256,44.747
122,512,4,512,44.1287
122,512,4,1024,41.7123
122,512,4,2048,46.4797
122,512,4,4096,58.8798
122,512,4,8192,84.6137
122,512,4,16384,132.945
122,512,4,32768,236.449
122,512,4,65536,439.43
122,512,8,16,44.3095
122,512,8,32,44.2827
122,512,8,64,43.9738
122,512,8,128,44.3305
122,512,8,256,44.4107
122,512,8,512,43.3333
122,512,8,1024,42.0268
122,512,8,2048,46.8373
122,512,8,4096,60.1758
122,512,8,8192,82.5125
122,512,8,16384,134.411
122,512,8,32768,238.795
122,512,8,65536,442.817
122,512,16,16,44.7153
122,512,16,32,44.6778
122,512,16,64,44.6558
122,512,16,128,44.6935
122,512,16,256,43.4828
122,512,16,512,48.475
122,512,16,1024,45.4028
122,512,16,2048,49.5842
122,512,16,4096,59.2267
122,512,16,8192,85.4887
122,512,16,16384,138.768
122,512,16,32768,243.621
122,512,16,65536,449.739
122,512,32,16,43.926
122,512,32,32,44.1278
122,512,32,64,44.1707
122,512,32,128,44.2293
122,512,32,256,49.7388
122,512,32,512,47.0565
122,512,32,1024,59.227
122,512,32,2048,52.6833
122,512,32,4096,87.9203
122,512,32,8192,123.493
122,512,32,16384,189.755
122,512,32,32768,323.233
122,512,32,65536,590.049
122,512,64,16,44.48
122,512,64,32,44.7145
122,512,64,64,47.6532
122,512,64,128,46.5383
122,512,64,256,47.1417
122,512,64,512,60.683
122,512,64,1024,70.2615
122,512,64,2048,90.2405
122,512,64,4096,127.547
122,512,64,8192,190.635
122,512,64,16384,324.774
122,512,64,32768,592.664
122,512,64,65536,1129.7
122,512,128,16,51.5465
122,512,128,32,51.5627
122,512,128,64,48.155
122,512,128,128,52.432
122,512,128,256,61.595
122,512,128,512,70.6407
122,512,128,1024,90.6508
122,512,128,2048,126.496
122,512,128,4096,190.464
122,512,128,8192,323.238
122,512,128,16384,586.434
122,512,128,32768,1119.35
122,512,128,65536,2194.94
122,1024,0,0,46.3312
122,1024,1,16,46.24
122,1024,1,32,46.73
122,1024,1,64,46.4055
122,1024,1,128,46.4375
122,1024,1,256,46.454
122,1024,1,512,46.8005
122,1024,1,1024,46.9225
122,1024,1,2048,46.8425
122,1024,1,4096,58.8537
122,1024,1,8192,84.821
122,1024,1,16384,136.23
122,1024,1,32768,238.545
122,1024,1,65536,441.751
122,1024,2,16,47.669
122,1024,2,32,47.8933
122,1024,2,64,47.355
122,1024,2,128,47.6908
122,1024,2,256,48.1118
122,1024,2,512,48.0273
122,1024,2,1024,48.202
122,1024,2,2048,45.995
122,1024,2,4096,59.3335
122,1024,2,8192,85.0512
122,1024,2,16384,135.585
122,1024,2,32768,239.408
122,1024,2,65536,438.214
122,1024,4,16,47.408
122,1024,4,32,47.2967
122,1024,4,64,47.3068
122,1024,4,128,47.3282
122,1024,4,256,47.1738
122,1024,4,512,48.1172
122,1024,4,1024,48.5388
122,1024,4,2048,46.485
122,1024,4,4096,59.3867
122,1024,4,8192,84.9173
122,1024,4,16384,137.206
122,1024,4,32768,236.219
122,1024,4,65536,439.281
122,1024,8,16,48.0588
122,1024,8,32,47.9305
122,1024,8,64,48.096
122,1024,8,128,47.8402
122,1024,8,256,47.5738
122,1024,8,512,48.523
122,1024,8,1024,48.6453
122,1024,8,2048,47.6695
122,1024,8,4096,60.3733
122,1024,8,8192,86.4642
122,1024,8,16384,134.56
122,1024,8,32768,237.814
122,1024,8,65536,443.846
122,1024,16,16,48.0643
122,1024,16,32,48.3473
122,1024,16,64,46.0695
122,1024,16,128,48.5445
122,1024,16,256,48.6987
122,1024,16,512,49.2055
122,1024,16,1024,58.8533
122,1024,16,2048,52.1228
122,1024,16,4096,63.7015
122,1024,16,8192,85.744
122,1024,16,16384,139.344
122,1024,16,32768,244.316
122,1024,16,65536,452.369
122,1024,32,16,45.7492
122,1024,32,32,45.904
122,1024,32,64,49.451
122,1024,32,128,49.4508
122,1024,32,256,49.691
122,1024,32,512,57.1143
122,1024,32,1024,52.8693
122,1024,32,2048,76.731
122,1024,32,4096,72.2883
122,1024,32,8192,133.499
122,1024,32,16384,200.16
122,1024,32,32768,331.841
122,1024,32,65536,600.738
122,1024,64,16,50.5337
122,1024,64,32,50.7573
122,1024,64,64,49.7385
122,1024,64,128,47.8562
122,1024,64,256,58.7047
122,1024,64,512,53.3755
122,1024,64,1024,73.7065
122,1024,64,2048,97.8715
122,1024,64,4096,137.056
122,1024,64,8192,201.285
122,1024,64,16384,337.313
122,1024,64,32768,603.975
122,1024,64,65536,1139.68
122,1024,128,16,55.0082
122,1024,128,32,55.1413
122,1024,128,64,58.213
122,1024,128,128,60.9658
122,1024,128,256,60.5923
122,1024,128,512,76.016
122,1024,128,1024,99.2272
122,1024,128,2048,137.615
122,1024,128,4096,201.953
122,1024,128,8192,333.547
122,1024,128,16384,593.015
122,1024,128,32768,1119.92
122,1024,128,65536,2190.23
122,2048,0,0,52.885
122,2048,1,16,53.1785
122,2048,1,32,53.0777
122,2048,1,64,52.752
122,2048,1,128,53.1518
122,2048,1,256,53.1842
122,2048,1,512,53.0078
122,2048,1,1024,53.4452
122,2048,1,2048,53.7018
122,2048,1,4096,59.568
122,2048,1,8192,85.4992
122,2048,1,16384,137.078
122,2048,1,32768,239.381
122,2048,1,65536,441.521
122,2048,2,16,54.2722
122,2048,2,32,54.2453
122,2048,2,64,54.3412
122,2048,2,128,53.8883
122,2048,2,256,54.6455
122,2048,2,512,54.5072
122,2048,2,1024,54.0163
122,2048,2,2048,55.045
122,2048,2,4096,59.7387
122,2048,2,8192,86.086
122,2048,2,16384,136.838
122,2048,2,32768,239.05
122,2048,2,65536,441.953
122,2048,4,16,54.0905
122,2048,4,32,53.8242
122,2048,4,64,54.2612
122,2048,4,128,53.7765
122,2048,4,256,53.7068
122,2048,4,512,53.9948
122,2048,4,1024,54.6935
122,2048,4,2048,64.592
122,2048,4,4096,77.7763
122,2048,4,8192,85.6855
122,2048,4,16384,136.907
122,2048,4,32768,240.113
122,2048,4,65536,439.335
122,2048,8,16,54.277
122,2048,8,32,54.3042
122,2048,8,64,54.421
122,2048,8,128,54.1653
122,2048,8,256,54.283
122,2048,8,512,54.2512
122,2048,8,1024,64.5548
122,2048,8,2048,68.5868
122,2048,8,4096,61.4133
122,2048,8,8192,86.8902
122,2048,8,16384,139.168
122,2048,8,32768,238.416
122,2048,8,65536,444.081
122,2048,16,16,54.837
122,2048,16,32,55.0937
122,2048,16,64,55.0615
122,2048,16,128,55.0713
122,2048,16,256,52.2717
122,2048,16,512,64.2342
122,2048,16,1024,57.0398
122,2048,16,2048,76.1015
122,2048,16,4096,64.9382
122,2048,16,8192,92.3365
122,2048,16,16384,139.766
122,2048,16,32768,244.902
122,2048,16,65536,454.555
122,2048,32,16,52.5077
122,2048,32,32,52.251
122,2048,32,64,53.9363
122,2048,32,128,55.44
122,2048,32,256,58.9443
122,2048,32,512,57.9623
122,2048,32,1024,69.8352
122,2048,32,2048,65.3277
122,2048,32,4096,110.16
122,2048,32,8192,111.371
122,2048,32,16384,220.043
122,2048,32,32768,351.916
122,2048,32,65536,619.025
122,2048,64,16,57.664
122,2048,64,32,58.3787
122,2048,64,64,60.0423
122,2048,64,128,62.0213
122,2048,64,256,57.3868
122,2048,64,512,68.7205
122,2048,64,1024,67.3547
122,2048,64,2048,101.723
122,2048,64,4096,154.757
122,2048,64,8192,221.739
122,2048,64,16384,355.259
122,2048,64,32768,620.834
122,2048,64,65536,1154.35
122,2048,128,16,62.582
122,2048,128,32,62.8635
122,2048,128,64,64.261
122,2048,128,128,66.4375
122,2048,128,256,73.0292
122,2048,128,512,76.0158
122,2048,128,1024,104.795
122,2048,128,2048,155.867
122,2048,128,4096,223.686
122,2048,128,8192,352.513
122,2048,128,16384,615.948
122,2048,128,32768,1128.06
122,2048,128,65536,2189.87
122,4096,0,0,65.8772
122,4096,1,16,66.0167
122,4096,1,32,66.0692
122,4096,1,64,66.1602
122,4096,1,128,66.2827
122,4096,1,256,66.2457
122,4096,1,512,66.2195
122,4096,1,1024,66.0697
122,4096,1,2048,66.0105
122,4096,1,4096,66.8902
122,4096,1,8192,86.1498
122,4096,1,16384,137.771
122,4096,1,32768,240.123
122,4096,1,65536,442.646
122,4096,2,16,67.0987
122,4096,2,32,67.3918
122,4096,2,64,66.9607
122,4096,2,128,67.2643
122,4096,2,256,67.1628
122,4096,2,512,67.1467
122,4096,2,1024,67.2268
122,4096,2,2048,67.4828
122,4096,2,4096,67.973
122,4096,2,8192,86.7042
122,4096,2,16384,138.113
122,4096,2,32768,242.026
122,4096,2,65536,443.062
122,4096,4,16,67.1575
122,4096,4,32,66.9928
122,4096,4,64,66.933
122,4096,4,128,66.9973
122,4096,4,256,67.051
122,4096,4,512,67.1252
122,4096,4,1024,67.1147
122,4096,4,2048,67.8188
122,4096,4,4096,91.1258
122,4096,4,8192,85.9518
122,4096,4,16384,138.246
122,4096,4,32768,241.494
122,4096,4,65536,444.609
122,4096,8,16,67.2157
122,4096,8,32,67.3232
122,4096,8,64,66.9127
122,4096,8,128,67.4243
122,4096,8,256,67.52
122,4096,8,512,67.3977
122,4096,8,1024,67.355
122,4096,8,2048,91.643
122,4096,8,4096,74.7575
122,4096,8,8192,88.0055
122,4096,8,16384,140.331
122,4096,8,32768,244.044
122,4096,8,65536,442.411
122,4096,16,16,68.219
122,4096,16,32,67.8563
122,4096,16,64,68.0533
122,4096,16,128,67.9152
122,4096,16,256,67.7552
122,4096,16,512,65.6483
122,4096,16,1024,91.3067
122,4096,16,2048,74.9817
122,4096,16,4096,113.142
122,4096,16,8192,91.808
122,4096,16,16384,147.675
122,4096,16,32768,245.979
122,4096,16,65536,451.526
122,4096,32,16,69.0562
122,4096,32,32,68.8218
122,4096,32,64,68.8483
122,4096,32,128,66.4908
122,4096,32,256,71.8833
122,4096,32,512,78.9183
122,4096,32,1024,75.8987
122,4096,32,2048,97.7978
122,4096,32,4096,92.8005
122,4096,32,8192,173.35
122,4096,32,16384,187.366
122,4096,32,32768,394.615
122,4096,32,65536,656.401
122,4096,64,16,66.9385
122,4096,64,32,67.232
122,4096,64,64,69.2322
122,4096,64,128,75.0028
122,4096,64,256,78.7945
122,4096,64,512,76.9282
122,4096,64,1024,97.1843
122,4096,64,2048,93.9198
122,4096,64,4096,155.98
122,4096,64,8192,261.563
122,4096,64,16384,399.969
122,4096,64,32768,664.871
122,4096,64,65536,1197.54
122,4096,128,16,75.7705
122,4096,128,32,76.0752
122,4096,128,64,78.123
122,4096,128,128,81.5948
122,4096,128,256,82.523
122,4096,128,512,99.0722
122,4096,128,1024,104.086
122,4096,128,2048,159.382
122,4096,128,4096,265.169
122,4096,128,8192,395.979
122,4096,128,16384,660.465
122,4096,128,32768,1175.03
122,4096,128,65536,2207.2
122,8192,0,0,91.7548
122,8192,1,16,91.9573
122,8192,1,32,91.8885
122,8192,1,64,91.7757
122,8192,1,128,91.926
122,8192,1,256,92.0863
122,8192,1,512,92.3097
122,8192,1,1024,91.8453
122,8192,1,2048,91.8618
122,8192,1,4096,91.8672
122,8192,1,8192,92.6297
122,8192,1,16384,138.214
122,8192,1,32768,242.634
122,8192,1,65536,444.459
122,8192,2,16,92.9283
122,8192,2,32,93.2047
122,8192,2,64,92.917
122,8192,2,128,93.4773
122,8192,2,256,93.2275
122,8192,2,512,92.9767
122,8192,2,1024,92.8158
122,8192,2,2048,93.0665
122,8192,2,4096,93.1678
122,8192,2,8192,93.8293
122,8192,2,16384,139.179
122,8192,2,32768,243.2
122,8192,2,65536,443.643
122,8192,4,16,92.5388
122,8192,4,32,92.5445
122,8192,4,64,92.7098
122,8192,4,128,92.555
122,8192,4,256,92.5607
122,8192,4,512,92.485
122,8192,4,1024,92.7093
122,8192,4,2048,92.7257
122,8192,4,4096,93.669
122,8192,4,8192,143.99
122,8192,4,16384,198.076
122,8192,4,32768,241.883
122,8192,4,65536,442.897
122,8192,8,16,93.0077
122,8192,8,32,93.1035
122,8192,8,64,92.8115
122,8192,8,128,92.8857
122,8192,8,256,93.2373
122,8192,8,512,92.8427
122,8192,8,1024,93.3225
122,8192,8,2048,93.3068
122,8192,8,4096,144.672
122,8192,8,8192,162.939
122,8192,8,16384,141.547
122,8192,8,32768,243.238
122,8192,8,65536,447.324
122,8192,16,16,93.5897
122,8192,16,32,93.504
122,8192,16,64,93.4938
122,8192,16,128,93.5788
122,8192,16,256,93.7388
122,8192,16,512,93.606
122,8192,16,1024,91.9263
122,8192,16,2048,143.728
122,8192,16,4096,147.766
122,8192,16,8192,181.888
122,8192,16,16384,146.896
122,8192,16,32768,254.283
122,8192,16,65536,452.892
122,8192,32,16,95.067
122,8192,32,32,94.6828
122,8192,32,64,94.5763
122,8192,32,128,95.0077
122,8192,32,256,94.9497
122,8192,32,512,105.296
122,8192,32,1024,119.493
122,8192,32,2048,148.278
122,8192,32,4096,152.102
122,8192,32,8192,146.512
122,8192,32,16384,296.454
122,8192,32,32768,334.507
122,8192,32,65536,738.663
122,8192,64,16,95.3075
122,8192,64,32,95.4987
122,8192,64,64,95.3125
122,8192,64,128,96.3095
122,8192,64,256,100.864
122,8192,64,512,112.811
122,8192,64,1024,127.857
122,8192,64,2048,150.443
122,8192,64,4096,148.555
122,8192,64,8192,261.745
122,8192,64,16384,476.603
122,8192,64,32768,744.898
122,8192,64,65536,1278.59
122,8192,128,16,101.291
122,8192,128,32,102.245
122,8192,128,64,104.384
122,8192,128,128,107.536
122,8192,128,256,112.07
122,8192,128,512,115.435
122,8192,128,1024,147.744
122,8192,128,2048,158.384
122,8192,128,4096,269.878
122,8192,128,8192,479.602
122,8192,128,16384,741.847
122,8192,128,32768,1256.81
122,8192,128,65536,2296.69
122,16384,0,0,143.136
122,16384,1,16,143.34
122,16384,1,32,143.739
122,16384,1,64,143.568
122,16384,1,128,144.294
122,16384,1,256,143.664
122,16384,1,512,143.532
122,16384,1,1024,143.515
122,16384,1,2048,144.032
122,16384,1,4096,143.766
122,16384,1,8192,144.181
122,16384,1,16384,144.523
122,16384,1,32768,242.486
122,16384,1,65536,445.366
122,16384,2,16,145.233
122,16384,2,32,144.833
122,16384,2,64,144.64
122,16384,2,128,145.083
122,16384,2,256,145.174
122,16384,2,512,144.545
122,16384,2,1024,145.222
122,16384,2,2048,145.34
122,16384,2,4096,144.869
122,16384,2,8192,145.83
122,16384,2,16384,146.614
122,16384,2,32768,243.809
122,16384,2,65536,445.724
122,16384,4,16,144.645
122,16384,4,32,144.886
122,16384,4,64,144.597
122,16384,4,128,144.518
122,16384,4,256,144.95
122,16384,4,512,144.928
122,16384,4,1024,144.592
122,16384,4,2048,144.864
122,16384,4,4096,145.265
122,16384,4,8192,146.08
122,16384,4,16384,248.31
122,16384,4,32768,352.715
122,16384,4,65536,444.39
122,16384,8,16,145.008
122,16384,8,32,144.955
122,16384,8,64,144.8
122,16384,8,128,144.816
122,16384,8,256,145.168
122,16384,8,512,144.922
122,16384,8,1024,145.206
122,16384,8,2048,145.425
122,16384,8,4096,145.59
122,16384,8,8192,248.764
122,16384,8,16384,250.172
122,16384,8,32768,246.326
122,16384,8,65536,446.502
122,16384,16,16,145.338
122,16384,16,32,145.056
122,16384,16,64,145.446
122,16384,16,128,145.083
122,16384,16,256,145.109
122,16384,16,512,145.424
122,16384,16,1024,145.323
122,16384,16,2048,145.334
122,16384,16,4096,249.44
122,16384,16,8192,250.454
122,16384,16,16384,321.83
122,16384,16,32768,250.886
122,16384,16,65536,464.081
122,16384,32,16,146.672
122,16384,32,32,147.163
122,16384,32,64,146.95
122,16384,32,128,147.254
122,16384,32,256,147.275
122,16384,32,512,147.504
122,16384,32,1024,158.154
122,16384,32,2048,198.929
122,16384,32,4096,253.078
122,16384,32,8192,256.78
122,16384,32,16384,252.422
122,16384,32,32768,541.089
122,16384,32,65536,894.13
122,16384,64,16,147.046
122,16384,64,32,146.886
122,16384,64,64,147.371
122,16384,64,128,147.483
122,16384,64,256,147.909
122,16384,64,512,159.499
122,16384,64,1024,178.059
122,16384,64,2048,205.435
122,16384,64,4096,257.035
122,16384,64,8192,253.5
122,16384,64,16384,472.327
122,16384,64,32768,903.81
122,16384,64,65536,1435.81
122,16384,128,16,151.509
122,16384,128,32,152.075
122,16384,128,64,150.432
122,16384,128,128,153.697
122,16384,128,256,163.781
122,16384,128,512,172.785
122,16384,128,1024,189.628
122,16384,128,2048,245.051
122,16384,128,4096,271.819
122,16384,128,8192,481.339
122,16384,128,16384,904.37
122,16384,128,32768,1419.5
122,16384,128,65536,2477.58
122,32768,0,0,245.835
122,32768,1,16,246.475
122,32768,1,32,245.632
122,32768,1,64,246.273
122,32768,1,128,246.246
122,32768,1,256,246.091
122,32768,1,512,245.92
122,32768,1,1024,246.342
122,32768,1,2048,246.342
122,32768,1,4096,246.235
122,32768,1,8192,246.23
122,32768,1,16384,246.891
122,32768,1,32768,247.409
122,32768,1,65536,444.086
122,32768,2,16,247.136
122,32768,2,32,247.297
122,32768,2,64,248.08
122,32768,2,128,246.939
122,32768,2,256,247.436
122,32768,2,512,247.51
122,32768,2,1024,247.585
122,32768,2,2048,247.718
122,32768,2,4096,247.409
122,32768,2,8192,247.131
122,32768,2,16384,247.879
122,32768,2,32768,249.488
122,32768,2,65536,446.374
122,32768,4,16,247.477
122,32768,4,32,247.361
122,32768,4,64,247.254
122,32768,4,128,247.66
122,32768,4,256,247.137
122,32768,4,512,247.424
122,32768,4,1024,247.329
122,32768,4,2048,247.452
122,32768,4,4096,247.84
122,32768,4,8192,247.894
122,32768,4,16384,249.435
122,32768,4,32768,455.649
122,32768,4,65536,654.882
122,32768,8,16,248.005
122,32768,8,32,247.628
122,32768,8,64,247.707
122,32768,8,128,247.856
122,32768,8,256,248.118
122,32768,8,512,247.766
122,32768,8,1024,248.939
122,32768,8,2048,247.792
122,32768,8,4096,248.811
122,32768,8,8192,248.838
122,32768,8,16384,455.382
122,32768,8,32768,456.737
122,32768,8,65536,450.395
122,32768,16,16,247.713
122,32768,16,32,247.575
122,32768,16,64,248.124
122,32768,16,128,247.921
122,32768,16,256,247.99
122,32768,16,512,247.979
122,32768,16,1024,248.091
122,32768,16,2048,248.917
122,32768,16,4096,249.371
122,32768,16,8192,455.164
122,32768,16,16384,457.799
122,32768,16,32768,596.839
122,32768,16,65536,461.521
122,32768,32,16,248.55
122,32768,32,32,249.067
122,32768,32,64,248.529
122,32768,32,128,248.753
122,32768,32,256,249.366
122,32768,32,512,249.046
122,32768,32,1024,249.51
122,32768,32,2048,262.044
122,32768,32,4096,353.921
122,32768,32,8192,458.86
122,32768,32,16384,464.129
122,32768,32,32768,466.161
122,32768,32,65536,1024.02
122,32768,64,16,249.601
122,32768,64,32,249.793
122,32768,64,64,250.416
122,32768,64,128,250.832
122,32768,64,256,250.331
122,32768,64,512,250.593
122,32768,64,1024,274.549
122,32768,64,2048,306.892
122,32768,64,4096,359.633
122,32768,64,8192,463.1
122,32768,64,16384,464.55
122,32768,64,32768,893.97
122,32768,64,65536,1746.08
122,32768,128,16,254.571
122,32768,128,32,253.915
122,32768,128,64,254.155
122,32768,128,128,254.763
122,32768,128,256,255.441
122,32768,128,512,273.734
122,32768,128,1024,289.035
122,32768,128,2048,320.902
122,32768,128,4096,433.921
122,32768,128,8192,488.187
122,32768,128,16384,906.188
122,32768,128,32768,1753.87
122,32768,128,65536,2773.75
122,65536,0,0,447.921
122,65536,1,16,448.108
122,65536,1,32,448.113
122,65536,1,64,448.049
122,65536,1,128,448.017
122,65536,1,256,448.15
122,65536,1,512,447.99
122,65536,1,1024,447.937
122,65536,1,2048,447.798
122,65536,1,4096,447.692
122,65536,1,8192,448.241
122,65536,1,16384,447.921
122,65536,1,32768,448.385
122,65536,1,65536,449.062
122,65536,2,16,448.06
122,65536,2,32,448.769
122,65536,2,64,448.199
122,65536,2,128,448.79
122,65536,2,256,448.817
122,65536,2,512,449.334
122,65536,2,1024,448.993
122,65536,2,2048,450.524
122,65536,2,4096,449.11
122,65536,2,8192,448.497
122,65536,2,16384,448.55
122,65536,2,32768,448.406
122,65536,2,65536,449.628
122,65536,4,16,448.422
122,65536,4,32,448.113
122,65536,4,64,448.23
122,65536,4,128,448.63
122,65536,4,256,449.052
122,65536,4,512,448.444
122,65536,4,1024,448.545
122,65536,4,2048,448.663
122,65536,4,4096,448.668
122,65536,4,8192,448.711
122,65536,4,16384,448.897
122,65536,4,32768,450.518
122,65536,4,65536,859.927
122,65536,8,16,448.983
122,65536,8,32,449.323
122,65536,8,64,448.983
122,65536,8,128,449.478
122,65536,8,256,451.072
122,65536,8,512,448.876
122,65536,8,1024,449.398
122,65536,8,2048,449.58
122,65536,8,4096,449.75
122,65536,8,8192,450.055
122,65536,8,16384,449.516
122,65536,8,32768,858.689
122,65536,8,65536,859.666
122,65536,16,16,449.201
122,65536,16,32,449.622
122,65536,16,64,449.249
122,65536,16,128,449.575
122,65536,16,256,449.616
122,65536,16,512,450.886
122,65536,16,1024,449.948
122,65536,16,2048,450.065
122,65536,16,4096,449.964
122,65536,16,8192,451.105
122,65536,16,16384,858.466
122,65536,16,32768,860.588
122,65536,16,65536,1136.06
122,65536,32,16,449.314
122,65536,32,32,450.694
122,65536,32,64,450.145
122,65536,32,128,450.445
122,65536,32,256,449.911
122,65536,32,512,449.494
122,65536,32,1024,450.503
122,65536,32,2048,449.798
122,65536,32,4096,463.415
122,65536,32,8192,656.61
122,65536,32,16384,865.069
122,65536,32,32768,871.543
122,65536,32,65536,886.397
122,65536,64,16,450.753
122,65536,64,32,453.911
122,65536,64,64,451.655
122,65536,64,128,451.441
122,65536,64,256,451.932
122,65536,64,512,451.254
122,65536,64,1024,451.942
122,65536,64,2048,487.404
122,65536,64,4096,558.588
122,65536,64,8192,663.752
122,65536,64,16384,879.506
122,65536,64,32768,881.682
122,65536,64,65536,1721.94
122,65536,128,16,454.95
122,65536,128,32,455.004
122,65536,128,64,455.473
122,65536,128,128,455.078
122,65536,128,256,455.686
122,65536,128,512,456.236
122,65536,128,1024,481.281
122,65536,128,2048,516.316
122,65536,128,4096,575.98
122,65536,128,8192,805.981
122,65536,128,16384,918.531
122,65536,128,32768,1749.94
122,65536,128,65536,3419.73
182,0,0,0,29.3443
182,0,1,16,29.0293
182,0,1,32,29.2748
182,0,1,64,29.3077
182,0,1,128,29.1523
182,0,1,256,41.862
182,0,1,512,41.7392
182,0,1,1024,41.0717
182,0,1,2048,45.9155
182,0,1,4096,55.5097
182,0,1,8192,69.4722
182,0,1,16384,111.594
182,0,1,32768,193.798
182,0,1,65536,356.833
182,0,2,16,28.8477
182,0,2,32,29.0293
182,0,2,64,28.928
182,0,2,128,28.9335
182,0,2,256,42.288
182,0,2,512,41.6373
182,0,2,1024,40.3627
182,0,2,2048,45.5525
182,0,2,4096,51.0723
182,0,2,8192,69.5687
182,0,2,16384,112.166
182,0,2,32768,194.982
182,0,2,65536,357.228
182,0,4,16,28.8107
182,0,4,32,29.083
182,0,4,64,29.0082
182,0,4,128,29.029
182,0,4,256,42.4167
182,0,4,512,42.197
182,0,4,1024,41.4722
182,0,4,2048,39.8988
182,0,4,4096,50.8693
182,0,4,8192,70.891
182,0,4,16384,113.211
182,0,4,32768,195.803
182,0,4,65536,357.867
182,0,8,16,28.8805
182,0,8,32,28.794
182,0,8,64,28.9975
182,0,8,128,28.9117
182,0,8,256,42.4212
182,0,8,512,42.8967
182,0,8,1024,36.5337
182,0,8,2048,41.5733
182,0,8,4096,51.4772
182,0,8,8192,72.7795
182,0,8,16384,115.963
182,0,8,32768,197.441
182,0,8,65536,359.895
182,0,16,16,29.1417
182,0,16,32,29.0505
182,0,16,64,28.8423
182,0,16,128,29.0398
182,0,16,256,43.2428
182,0,16,512,35.8563
182,0,16,1024,38.3098
182,0,16,2048,44.3365
182,0,16,4096,55.5415
182,0,16,8192,78.3577
182,0,16,16384,122.428
182,0,16,32768,206.347
182,0,16,65536,375.147
182,0,32,16,28.57
182,0,32,32,28.5708
182,0,32,64,28.2612
182,0,32,128,28.6557
182,0,32,256,35.9357
182,0,32,512,41.6265
182,0,32,1024,44.8
182,0,32,2048,59.3337
182,0,32,4096,76.8537
182,0,32,8192,109.104
182,0,32,16384,177.462
182,0,32,32768,313.804
182,0,32,65536,583.826
182,0,64,16,29.2163
182,0,64,32,29.4293
182,0,64,64,29.1733
182,0,64,128,29.2745
182,0,64,256,49.579
182,0,64,512,54.587
182,0,64,1024,63.979
182,0,64,2048,81.1993
182,0,64,4096,114.561
182,0,64,8192,181.803
182,0,64,16384,315.644
182,0,64,32768,586.118
182,0,64,65536,1124.13
182,0,128,16,36.7522
182,0,128,32,37.3388
182,0,128,64,39.7223
182,0,128,128,42.1013
182,0,128,256,57.6585
182,0,128,512,67.1513
182,0,128,1024,84.0162
182,0,128,2048,117.516
182,0,128,4096,184.821
182,0,128,8192,320.421
182,0,128,16384,588.412
182,0,128,32768,1125.85
182,0,128,65536,2199.82
182,16,0,0,29.7438
182,16,1,16,29.739
182,16,1,32,29.6427
182,16,1,64,29.68
182,16,1,128,30.021
182,16,1,256,42.5658
182,16,1,512,42.005
182,16,1,1024,41.0192
182,16,1,2048,45.8077
182,16,1,4096,55.6808
182,16,1,8192,76.4427
182,16,1,16384,112.192
182,16,1,32768,194.624
182,16,1,65536,357.276
182,16,2,16,29.6265
182,16,2,32,29.6803
182,16,2,64,29.76
182,16,2,128,29.8672
182,16,2,256,42.3203
182,16,2,512,42.5867
182,16,2,1024,40.6405
182,16,2,2048,45.4033
182,16,2,4096,55.4878
182,16,2,8192,70.5812
182,16,2,16384,112.976
182,16,2,32768,195.478
182,16,2,65536,357.244
182,16,4,16,30.0153
182,16,4,32,29.9042
182,16,4,64,29.6372
182,16,4,128,29.9733
182,16,4,256,42.5867
182,16,4,512,42.8802
182,16,4,1024,41.28
182,16,4,2048,46.4003
182,16,4,4096,51.083
182,16,4,8192,71.5093
182,16,4,16384,113.771
182,16,4,32768,196.176
182,16,4,65536,358.118
182,16,8,16,29.7173
182,16,8,32,30.0588
182,16,8,64,29.9732
182,16,8,128,29.92
182,16,8,256,42.5385
182,16,8,512,41.2533
182,16,8,1024,42.1387
182,16,8,2048,41.1202
182,16,8,4096,52.3737
182,16,8,8192,72.6932
182,16,8,16384,115.098
182,16,8,32768,198.097
182,16,8,65536,360.583
182,16,16,16,29.7388
182,16,16,32,29.718
182,16,16,64,29.4718
182,16,16,128,29.4775
182,16,16,256,41.104
182,16,16,512,41.6593
182,16,16,1024,38.0483
182,16,16,2048,43.968
182,16,16,4096,55.9523
182,16,16,8192,77.2428
182,16,16,16384,122.299
182,16,16,32768,207.761
182,16,16,65536,376.134
182,16,32,16,29.2802
182,16,32,32,29.4458
182,16,32,64,29.376
182,16,32,128,29.4348
182,16,32,256,50.0213
182,16,32,512,44.1608
182,16,32,1024,50.1228
182,16,32,2048,61.9365
182,16,32,4096,80.635
182,16,32,8192,114.661
182,16,32,16384,181.574
182,16,32,32768,312.779
182,16,32,65536,577.425
182,16,64,16,30.1603
182,16,64,32,30.325
182,16,64,64,30.4377
182,16,64,128,30.5282
182,16,64,256,39.3233
182,16,64,512,52.3305
182,16,64,1024,64.2348
182,16,64,2048,82.4692
182,16,64,4096,116.032
182,16,64,8192,181.12
182,16,64,16384,314.337
182,16,64,32768,580.22
182,16,64,65536,1117.6
182,16,128,16,34.0323
182,16,128,32,34.6717
182,16,128,64,37.12
182,16,128,128,39.8242
182,16,128,256,54.4263
182,16,128,512,65.9098
182,16,128,1024,84.3627
182,16,128,2048,118.245
182,16,128,4096,184.293
182,16,128,8192,315.787
182,16,128,16384,586.161
182,16,128,32768,1121.57
182,16,128,65536,2189.31
182,32,0,0,30.4428
182,32,1,16,30.2993
182,32,1,32,30.2028
182,32,1,64,30.2773
182,32,1,128,30.4798
182,32,1,256,42.7417
182,32,1,512,42.7682
182,32,1,1024,40.8693
182,32,1,2048,45.6645
182,32,1,4096,55.744
182,32,1,8192,76.2613
182,32,1,16384,112.218
182,32,1,32768,194.624
182,32,1,65536,356.657
182,32,2,16,30.1333
182,32,2,32,30.1923
182,32,2,64,30.0802
182,32,2,128,30.1012
182,32,2,256,43.0995
182,32,2,512,43.3497
182,32,2,1024,40.7095
182,32,2,2048,45.6532
182,32,2,4096,55.4298
182,32,2,8192,70.5972
182,32,2,16384,112.651
182,32,2,32768,195.211
182,32,2,65536,358.31
182,32,4,16,30.1385
182,32,4,32,30.608
182,32,4,64,30.1278
182,32,4,128,30.3302
182,32,4,256,42.811
182,32,4,512,42.7522
182,32,4,1024,41.1737
182,32,4,2048,46.4907
182,32,4,4096,51.456
182,32,4,8192,71.195
182,32,4,16384,113.713
182,32,4,32768,196.097
182,32,4,65536,359.004
182,32,8,16,30.144
182,32,8,32,30.213
182,32,8,64,30.2027
182,32,8,128,30.2928
182,32,8,256,42.6082
182,32,8,512,41.3973
182,32,8,1024,42.0588
182,32,8,2048,40.9492
182,32,8,4096,52.0428
182,32,8,8192,72.8
182,32,8,16384,115.669
182,32,8,32768,197.974
182,32,8,65536,360.512
182,32,16,16,29.7762
182,32,16,32,29.8772
182,32,16,64,29.7712
182,32,16,128,29.7017
182,32,16,256,41.5627
182,32,16,512,41.7435
182,32,16,1024,38.3683
182,32,16,2048,44.2243
182,32,16,4096,56.1925
182,32,16,8192,78.182
182,32,16,16384,121.91
182,32,16,32768,207.467
182,32,16,65536,376.075
182,32,32,16,29.6208
182,32,32,32,29.8295
182,32,32,64,29.782
182,32,32,128,30.064
182,32,32,256,50.4585
182,32,32,512,45.323
182,32,32,1024,52.1712
182,32,32,2048,62.8322
182,32,32,4096,81.2532
182,32,32,8192,116.293
182,32,32,16384,181.857
182,32,32,32768,314.38
182,32,32,65536,583.719
182,32,64,16,30.4843
182,32,64,32,30.7572
182,32,64,64,30.496
182,32,64,128,30.5225
182,32,64,256,39.0132
182,32,64,512,53.1422
182,32,64,1024,64.5282
182,32,64,2048,82.9278
182,32,64,4096,117.797
182,32,64,8192,183.158
182,32,64,16384,313.206
182,32,64,32768,582.55
182,32,64,65536,1117.78
182,32,128,16,33.7172
182,32,128,32,34.7522
182,32,128,64,37.5842
182,32,128,128,40.1065
182,32,128,256,54.7038
182,32,128,512,66.4213
182,32,128,1024,83.6962
182,32,128,2048,117.59
182,32,128,4096,182.928
182,32,128,8192,319.456
182,32,128,16384,586.348
182,32,128,32768,1123.13
182,32,128,65536,2195.73
182,64,0,0,30.9068
182,64,1,16,31.061
182,64,1,32,31.1458
182,64,1,64,30.7468
182,64,1,128,31.0725
182,64,1,256,43.5947
182,64,1,512,43.3703
182,64,1,1024,41.0777
182,64,1,2048,45.9948
182,64,1,4096,55.9312
182,64,1,8192,76.4595
182,64,1,16384,112.24
182,64,1,32768,194.934
182,64,1,65536,357.387
182,64,2,16,30.6938
182,64,2,32,30.7468
182,64,2,64,30.8002
182,64,2,128,30.8002
182,64,2,256,43.4348
182,64,2,512,43.579
182,64,2,1024,40.8377
182,64,2,2048,45.4827
182,64,2,4096,55.3225
182,64,2,8192,70.7148
182,64,2,16384,112.763
182,64,2,32768,195.195
182,64,2,65536,357.431
182,64,4,16,30.8958
182,64,4,32,30.7678
182,64,4,64,30.8425
182,64,4,128,30.5342
182,64,4,256,42.752
182,64,4,512,43.3227
182,64,4,1024,41.4937
182,64,4,2048,46.6992
182,64,4,4096,51.3872
182,64,4,8192,71.179
182,64,4,16384,113.824
182,64,4,32768,196.224
182,64,4,65536,357.947
182,64,8,16,30.891
182,64,8,32,30.8372
182,64,8,64,30.8858
182,64,8,128,30.9497
182,64,8,256,43.1997
182,64,8,512,42.2882
182,64,8,1024,42.4912
182,64,8,2048,41.0777
182,64,8,4096,52.442
182,64,8,8192,72.8962
182,64,8,16384,115.328
182,64,8,32768,197.835
182,64,8,65536,360.385
182,64,16,16,30.5065
182,64,16,32,30.6085
182,64,16,64,30.576
182,64,16,128,30.6832
182,64,16,256,41.6647
182,64,16,512,50.4052
182,64,16,1024,38.1817
182,64,16,2048,44.5175
182,64,16,4096,56.171
182,64,16,8192,77.7547
182,64,16,16384,122.07
182,64,16,32768,207.19
182,64,16,65536,376.502
182,64,32,16,30.3412
182,64,32,32,30.3253
182,64,32,64,29.9472
182,64,32,128,30.0805
182,64,32,256,50.693
182,64,32,512,46.3573
182,64,32,1024,52.5388
182,64,32,2048,63.883
182,64,32,4096,81.7605
182,64,32,8192,116.613
182,64,32,16384,182.181
182,64,32,32768,314.171
182,64,32,65536,582.999
182,64,64,16,30.7678
182,64,64,32,31.0345
182,64,64,64,30.8583
182,64,64,128,30.805
182,64,64,256,39.0673
182,64,64,512,54.4533
182,64,64,1024,64.2608
182,64,64,2048,82.267
182,64,64,4096,117.872
182,64,64,8192,183.446
182,64,64,16384,314.289
182,64,64,32768,580.599
182,64,64,65536,1118
182,64,128,16,32.938
182,64,128,32,33.5352
182,64,128,64,37.333
182,64,128,128,40.549
182,64,128,256,54.987
182,64,128,512,66.0057
182,64,128,1024,85.0503
182,64,128,2048,118.24
182,64,128,4096,185.222
182,64,128,8192,316.054
182,64,128,16384,587.479
182,64,128,32768,1121.12
182,64,128,65536,2199.07
182,128,0,0,44.7948
182,128,1,16,44.7413
182,128,1,32,44.6932
182,128,1,64,44.6463
182,128,1,128,45.0508
182,128,1,256,45.3872
182,128,1,512,45.557
182,128,1,1024,42.0162
182,128,1,2048,45.9303
182,128,1,4096,55.771
182,128,1,8192,76.7307
182,128,1,16384,112.208
182,128,1,32768,194.854
182,128,1,65536,356.848
182,128,2,16,45.3547
182,128,2,32,44.9018
182,128,2,64,45.4295
182,128,2,128,44.9175
182,128,2,256,45.5625
182,128,2,512,43.9525
182,128,2,1024,41.3015
182,128,2,2048,45.632
182,128,2,4096,55.4927
182,128,2,8192,70.587
182,128,2,16384,112.715
182,128,2,32768,195.307
182,128,2,65536,357.676
182,128,4,16,44.939
182,128,4,32,45.1097
182,128,4,64,45.8827
182,128,4,128,43.6528
182,128,4,256,44.032
182,128,4,512,44.2398
182,128,4,1024,41.9468
182,128,4,2048,46.8483
182,128,4,4096,51.3812
182,128,4,8192,71.4292
182,128,4,16384,114.037
182,128,4,32768,195.819
182,128,4,65536,358.166
182,128,8,16,45.5902
182,128,8,32,45.2693
182,128,8,64,43.6163
182,128,8,128,44.0587
182,128,8,256,44.0323
182,128,8,512,44.0483
182,128,8,1024,42.7947
182,128,8,2048,40.9975
182,128,8,4096,52.0373
182,128,8,8192,72.7253
182,128,8,16384,114.992
182,128,8,32768,197.995
182,128,8,65536,360.432
182,128,16,16,44.438
182,128,16,32,44.24
182,128,16,64,44.133
182,128,16,128,44.2508
182,128,16,256,43.8833
182,128,16,512,50.278
182,128,16,1024,39.5258
182,128,16,2048,44.0477
182,128,16,4096,55.8287
182,128,16,8192,77.4453
182,128,16,16384,122.203
182,128,16,32768,208.048
182,128,16,65536,377.59
182,128,32,16,44.8587
182,128,32,32,44.5933
182,128,32,64,44.5813
182,128,32,128,44.7792
182,128,32,256,52.2188
182,128,32,512,39.5097
182,128,32,1024,53.6543
182,128,32,2048,65.3227
182,128,32,4096,82.6138
182,128,32,8192,117.423
182,128,32,16384,183.414
182,128,32,32768,316.875
182,128,32,65536,579.782
182,128,64,16,47.0138
182,128,64,32,47.4407
182,128,64,64,50.2295
182,128,64,128,52.4687
182,128,64,256,39.0185
182,128,64,512,55.3762
182,128,64,1024,65.2808
182,128,64,2048,84.2408
182,128,64,4096,117.867
182,128,64,8192,182.337
182,128,64,16384,318.188
182,128,64,32768,579.228
182,128,64,65536,1119.67
182,128,128,16,52.0005
182,128,128,32,52.9497
182,128,128,64,45.776
182,128,128,128,49.3227
182,128,128,256,56.0905
182,128,128,512,66.5017
182,128,128,1024,85.3553
182,128,128,2048,119.6
182,128,128,4096,186.321
182,128,128,8192,316.342
182,128,128,16384,586.785
182,128,128,32768,1123.72
182,128,128,65536,2190.04
182,256,0,0,51.029
182,256,1,16,51.1152
182,256,1,32,51.1732
182,256,1,64,49.7233
182,256,1,128,49.0988
182,256,1,256,50.357
182,256,1,512,50.9493
182,256,1,1024,52.8847
182,256,1,2048,57.5575
182,256,1,4096,55.5733
182,256,1,8192,76.6618
182,256,1,16384,118.859
182,256,1,32768,194.496
182,256,1,65536,356.796
182,256,2,16,51.2213
182,256,2,32,50.5977
182,256,2,64,49.1575
182,256,2,128,49.93
182,256,2,256,50.4485
182,256,2,512,51.2808
182,256,2,1024,52.5602
182,256,2,2048,45.8935
182,256,2,4096,55.4883
182,256,2,8192,76.5123
182,256,2,16384,113.088
182,256,2,32768,195.436
182,256,2,65536,357.099
182,256,4,16,51.7283
182,256,4,32,51.7553
182,256,4,64,50.1383
182,256,4,128,50.6135
182,256,4,256,51.4937
182,256,4,512,51.6212
182,256,4,1024,45.744
182,256,4,2048,46.3948
182,256,4,4096,56.501
182,256,4,8192,71.2693
182,256,4,16384,113.563
182,256,4,32768,195.995
182,256,4,65536,358.524
182,256,8,16,52.1387
182,256,8,32,51.1465
182,256,8,64,49.8777
182,256,8,128,51.1735
182,256,8,256,44.918
182,256,8,512,45.4505
182,256,8,1024,46.0117
182,256,8,2048,47.9255
182,256,8,4096,51.8508
182,256,8,8192,72.608
182,256,8,16384,114.944
182,256,8,32768,198.016
182,256,8,65536,360.454
182,256,16,16,51.4775
182,256,16,32,51.7175
182,256,16,64,50.2347
182,256,16,128,46.475
182,256,16,256,45.4782
182,256,16,512,52.1495
182,256,16,1024,56.2247
182,256,16,2048,44.3737
182,256,16,4096,55.2743
182,256,16,8192,77.451
182,256,16,16384,121.884
182,256,16,32768,207.233
182,256,16,65536,375.345
182,256,32,16,49.0878
182,256,32,32,50.0215
182,256,32,64,46.3843
182,256,32,128,46.5712
182,256,32,256,44.7148
182,256,32,512,56.9232
182,256,32,1024,57.0775
182,256,32,2048,68.1015
182,256,32,4096,84.2085
182,256,32,8192,119.345
182,256,32,16384,184.342
182,256,32,32768,318.454
182,256,32,65536,587.58
182,256,64,16,46.869
182,256,64,32,46.8698
182,256,64,64,50.6932
182,256,64,128,53.1472
182,256,64,256,57.2642
182,256,64,512,56.1175
182,256,64,1024,66.7358
182,256,64,2048,85.6802
182,256,64,4096,120.736
182,256,64,8192,184.939
182,256,64,16384,318.673
182,256,64,32768,577.719
182,256,64,65536,1121.33
182,256,128,16,53.9307
182,256,128,32,54.5552
182,256,128,64,56.2402
182,256,128,128,59.302
182,256,128,256,57.9683
182,256,128,512,68.1232
182,256,128,1024,87.2372
182,256,128,2048,121.845
182,256,128,4096,188.63
182,256,128,8192,321.174
182,256,128,16384,583.122
182,256,128,32768,1127.53
182,256,128,65536,2198.66
182,512,0,0,56.1762
182,512,1,16,56.0058
182,512,1,32,56.4802
182,512,1,64,55.771
182,512,1,128,56.032
182,512,1,256,54.6983
182,512,1,512,55.7502
182,512,1,1024,56.597
182,512,1,2048,59.6055
182,512,1,4096,69.3067
182,512,1,8192,76.6403
182,512,1,16384,119.072
182,512,1,32768,201.275
182,512,1,65536,357.223
182,512,2,16,56.0907
182,512,2,32,56.0802
182,512,2,64,56.1332
182,512,2,128,55.8453
182,512,2,256,54.9712
182,512,2,512,55.4775
182,512,2,1024,55.9682
182,512,2,2048,59.0613
182,512,2,4096,55.6583
182,512,2,8192,76.7038
182,512,2,16384,118.891
182,512,2,32768,195.573
182,512,2,65536,357.478
182,512,4,16,56.6617
182,512,4,32,56.5173
182,512,4,64,56.6725
182,512,4,128,56.4162
182,512,4,256,55.6105
182,512,4,512,56.1707
182,512,4,1024,56.7575
182,512,4,2048,47.2807
182,512,4,4096,56.5282
182,512,4,8192,77.7818
182,512,4,16384,113.627
182,512,4,32768,196.149
182,512,4,65536,358.07
182,512,8,16,56.8322
182,512,8,32,57.28
182,512,8,64,57.1792
182,512,8,128,56.7413
182,512,8,256,55.547
182,512,8,512,56.3848
182,512,8,1024,49.2535
182,512,8,2048,48.1337
182,512,8,4096,58.6345
182,512,8,8192,72.7102
182,512,8,16384,115.664
182,512,8,32768,198.182
182,512,8,65536,362.242
182,512,16,16,56.4857
182,512,16,32,56.5177
182,512,16,64,56.363
182,512,16,128,55.1632
182,512,16,256,56.1867
182,512,16,512,49.0825
182,512,16,1024,59.9947
182,512,16,2048,67.5195
182,512,16,4096,55.5355
182,512,16,8192,78.5813
182,512,16,16384,123.285
182,512,16,32768,209.393
182,512,16,65536,377.884
182,512,32,16,56.6453
182,512,32,32,56.4375
182,512,32,64,56.7042
182,512,32,128,49.7712
182,512,32,256,49.5362
182,512,32,512,58.2778
182,512,32,1024,67.877
182,512,32,2048,72.864
182,512,32,4096,94.6293
182,512,32,8192,124.038
182,512,32,16384,189.931
182,512,32,32768,322.987
182,512,32,65536,591.894
182,512,64,16,57.9042
182,512,64,32,58.1657
182,512,64,64,50.581
182,512,64,128,50.5017
182,512,64,256,60.3675
182,512,64,512,68.4967
182,512,64,1024,70.0967
182,512,64,2048,89.626
182,512,64,4096,125.003
182,512,64,8192,190.736
182,512,64,16384,320.145
182,512,64,32768,585.793
182,512,64,65536,1114.15
182,512,128,16,56.3787
182,512,128,32,56.3038
182,512,128,64,59.3708
182,512,128,128,61.8937
182,512,128,256,66.7043
182,512,128,512,72.2292
182,512,128,1024,91.718
182,512,128,2048,127.494
182,512,128,4096,194.076
182,512,128,8192,324.252
182,512,128,16384,592.918
182,512,128,32768,1128.54
182,512,128,65536,2198.99
182,1024,0,0,64.2878
182,1024,1,16,63.9735
182,1024,1,32,63.8128
182,1024,1,64,63.8082
182,1024,1,128,64.0642
182,1024,1,256,63.3922
182,1024,1,512,64.6723
182,1024,1,1024,62.2292
182,1024,1,2048,64.2827
182,1024,1,4096,74.1443
182,1024,1,8192,94.9657
182,1024,1,16384,118.843
182,1024,1,32768,201.206
182,1024,1,65536,367.713
182,1024,2,16,64.1015
182,1024,2,32,63.8082
182,1024,2,64,63.8298
182,1024,2,128,63.6322
182,1024,2,256,63.8722
182,1024,2,512,64.0428
182,1024,2,1024,62.6085
182,1024,2,2048,64.3255
182,1024,2,4096,74.4372
182,1024,2,8192,76.6137
182,1024,2,16384,119.11
182,1024,2,32768,201.003
182,1024,2,65536,357.276
182,1024,4,16,64.5705
182,1024,4,32,64.7733
182,1024,4,64,65.2427
182,1024,4,128,65.1573
182,1024,4,256,64.6617
182,1024,4,512,64.7997
182,1024,4,1024,63.1945
182,1024,4,2048,68.4692
182,1024,4,4096,56.5707
182,1024,4,8192,77.723
182,1024,4,16384,120.358
182,1024,4,32768,195.99
182,1024,4,65536,357.851
182,1024,8,16,64.5973
182,1024,8,32,64.9967
182,1024,8,64,65.4032
182,1024,8,128,65.131
182,1024,8,256,64.3415
182,1024,8,512,63.5097
182,1024,8,1024,68.6035
182,1024,8,2048,55.0663
182,1024,8,4096,58.1977
182,1024,8,8192,79.9897
182,1024,8,16384,115.846
182,1024,8,32768,199.185
182,1024,8,65536,361.377
182,1024,16,16,65.2852
182,1024,16,32,65.0345
182,1024,16,64,65.504
182,1024,16,128,65.3815
182,1024,16,256,65.029
182,1024,16,512,68.1278
182,1024,16,1024,55.4768
182,1024,16,2048,76.8317
182,1024,16,4096,82.3203
182,1024,16,8192,78.1712
182,1024,16,16384,123.68
182,1024,16,32768,208.844
182,1024,16,65536,380.112
182,1024,32,16,65.0505
182,1024,32,32,64.7255
182,1024,32,64,64.8425
182,1024,32,128,65.0192
182,1024,32,256,63.317
182,1024,32,512,56.5975
182,1024,32,1024,72.699
182,1024,32,2048,89.2585
182,1024,32,4096,106.288
182,1024,32,8192,134.16
182,1024,32,16384,198.625
182,1024,32,32768,333.115
182,1024,32,65536,600.268
182,1024,64,16,66.806
182,1024,64,32,66.789
182,1024,64,64,66.1602
182,1024,64,128,66.304
182,1024,64,256,57.0028
182,1024,64,512,74.4853
182,1024,64,1024,90.3145
182,1024,64,2048,98.789
182,1024,64,4096,135.707
182,1024,64,8192,200.886
182,1024,64,16384,334.134
182,1024,64,32768,596.562
182,1024,64,65536,1129.34
182,1024,128,16,69.1687
182,1024,128,32,69.248
182,1024,128,64,64.6833
182,1024,128,128,66.6457
182,1024,128,256,72.8158
182,1024,128,512,81.296
182,1024,128,1024,100.203
182,1024,128,2048,137.568
182,1024,128,4096,204.064
182,1024,128,8192,335.925
182,1024,128,16384,602.123
182,1024,128,32768,1140.78
182,1024,128,65536,2209.81
182,2048,0,0,82.4163
182,2048,1,16,82.0692
182,2048,1,32,82.3947
182,2048,1,64,81.9362
182,2048,1,128,82.235
182,2048,1,256,81.7973
182,2048,1,512,82.363
182,2048,1,1024,82.3568
182,2048,1,2048,83.2802
182,2048,1,4096,82.0057
182,2048,1,8192,103.366
182,2048,1,16384,145.659
182,2048,1,32768,201.04
182,2048,1,65536,366.086
182,2048,2,16,82.0327
182,2048,2,32,81.6697
182,2048,2,64,81.824
182,2048,2,128,82.187
182,2048,2,256,82.091
182,2048,2,512,82.1388
182,2048,2,1024,82.3737
182,2048,2,2048,82.0645
182,2048,2,4096,82.4158
182,2048,2,8192,103.915
182,2048,2,16384,119.483
182,2048,2,32768,202.262
182,2048,2,65536,363.82
182,2048,4,16,82.1278
182,2048,4,32,82.2718
182,2048,4,64,82.6193
182,2048,4,128,82.3573
182,2048,4,256,82.2405
182,2048,4,512,82.3148
182,2048,4,1024,82.432
182,2048,4,2048,82.3788
182,2048,4,4096,83.7118
182,2048,4,8192,78.2778
182,2048,4,16384,120.736
182,2048,4,32768,203.809
182,2048,4,65536,358.246
182,2048,8,16,83.1467
182,2048,8,32,82.6722
182,2048,8,64,82.5762
182,2048,8,128,82.6722
182,2048,8,256,83.1578
182,2048,8,512,82.928
182,2048,8,1024,83.6212
182,2048,8,2048,81.7285
182,2048,8,4096,68.8587
182,2048,8,8192,80.2877
182,2048,8,16384,124.198
182,2048,8,32768,199.617
182,2048,8,65536,361.622
182,2048,16,16,82.2562
182,2048,16,32,82.1713
182,2048,16,64,82.3733
182,2048,16,128,82.7787
182,2048,16,256,82.7523
182,2048,16,512,83.04
182,2048,16,1024,83.4828
182,2048,16,2048,68.549
182,2048,16,4096,109.866
182,2048,16,8192,119.467
182,2048,16,16384,123.883
182,2048,16,32768,209.094
182,2048,16,65536,377.334
182,2048,32,16,83.1685
182,2048,32,32,82.5008
182,2048,32,64,83.0883
182,2048,32,128,83.0295
182,2048,32,256,83.3917
182,2048,32,512,83.6588
182,2048,32,1024,69.398
182,2048,32,2048,100.832
182,2048,32,4096,114.475
182,2048,32,8192,169.046
182,2048,32,16384,218.229
182,2048,32,32768,351.819
182,2048,32,65536,619.671
182,2048,64,16,84.582
182,2048,64,32,83.9252
182,2048,64,64,83.7808
182,2048,64,128,84.075
182,2048,64,256,84.9325
182,2048,64,512,71.2327
182,2048,64,1024,101.269
182,2048,64,2048,109.739
182,2048,64,4096,154.683
182,2048,64,8192,221.814
182,2048,64,16384,354.192
182,2048,64,32768,616.919
182,2048,64,65536,1130.57
182,2048,128,16,86.9442
182,2048,128,32,87.6907
182,2048,128,64,86.9122
182,2048,128,128,87.686
182,2048,128,256,83.7655
182,2048,128,512,93.7125
182,2048,128,1024,110.118
182,2048,128,2048,155.948
182,2048,128,4096,221.771
182,2048,128,8192,355.442
182,2048,128,16384,622.172
182,2048,128,32768,1154.49
182,2048,128,65536,2215.91
182,4096,0,0,117.071
182,4096,1,16,116.544
182,4096,1,32,116.278
182,4096,1,64,116.805
182,4096,1,128,116.373
182,4096,1,256,116.651
182,4096,1,512,116.56
182,4096,1,1024,116.811
182,4096,1,2048,117.147
182,4096,1,4096,115.456
182,4096,1,8192,122.166
182,4096,1,16384,163.98
182,4096,1,32768,247.504
182,4096,1,65536,366.007
182,4096,2,16,117.307
182,4096,2,32,116.805
182,4096,2,64,117.19
182,4096,2,128,117.478
182,4096,2,256,117.013
182,4096,2,512,116.848
182,4096,2,1024,117.424
182,4096,2,2048,117.328
182,4096,2,4096,116.155
182,4096,2,8192,122.619
182,4096,2,16384,165.248
182,4096,2,32768,202.661
182,4096,2,65536,363.771
182,4096,4,16,117.462
182,4096,4,32,117.584
182,4096,4,64,117.653
182,4096,4,128,117.883
182,4096,4,256,117.483
182,4096,4,512,117.467
182,4096,4,1024,117.91
182,4096,4,2048,118.8
182,4096,4,4096,116.731
182,4096,4,8192,124.502
182,4096,4,16384,121.894
182,4096,4,32768,204.433
182,4096,4,65536,367.153
182,4096,8,16,117.536
182,4096,8,32,117.83
182,4096,8,64,118.001
182,4096,8,128,117.397
182,4096,8,256,117.59
182,4096,8,512,118.619
182,4096,8,1024,118.278
182,4096,8,2048,118.886
182,4096,8,4096,118.554
182,4096,8,8192,96.033
182,4096,8,16384,125.659
182,4096,8,32768,210.165
182,4096,8,65536,362.47
182,4096,16,16,118.357
182,4096,16,32,118.469
182,4096,16,64,118.283
182,4096,16,128,119.078
182,4096,16,256,119.281
182,4096,16,512,119.691
182,4096,16,1024,119.654
182,4096,16,2048,121.312
182,4096,16,4096,95.5258
182,4096,16,8192,170.955
182,4096,16,16384,189.489
182,4096,16,32768,210.086
182,4096,16,65536,380.113
182,4096,32,16,117.819
182,4096,32,32,118.091
182,4096,32,64,118.997
182,4096,32,128,117.723
182,4096,32,256,118.779
182,4096,32,512,118.987
182,4096,32,1024,119.876
182,4096,32,2048,96.3257
182,4096,32,4096,154.459
182,4096,32,8192,176.059
182,4096,32,16384,293.921
182,4096,32,32768,392.721
182,4096,32,65536,655.623
182,4096,64,16,119.312
182,4096,64,32,119.344
182,4096,64,64,119.654
182,4096,64,128,119.466
182,4096,64,256,121.216
182,4096,64,512,122.123
182,4096,64,1024,99.0347
182,4096,64,2048,155.643
182,4096,64,4096,163.067
182,4096,64,8192,262.832
182,4096,64,16384,394.268
182,4096,64,32768,657.474
182,4096,64,65536,1176.29
182,4096,128,16,123.126
182,4096,128,32,122.779
182,4096,128,64,122.811
182,4096,128,128,123.606
182,4096,128,256,125.974
182,4096,128,512,115.926
182,4096,128,1024,135.088
182,4096,128,2048,163.787
182,4096,128,4096,262.528
182,4096,128,8192,397.883
182,4096,128,16384,664.652
182,4096,128,32768,1197.08
182,4096,128,65536,2261.96
182,8192,0,0,186.134
182,8192,1,16,185.626
182,8192,1,32,186
182,8192,1,64,185.947
182,8192,1,128,186.07
182,8192,1,256,186.267
182,8192,1,512,186.288
182,8192,1,1024,186.187
182,8192,1,2048,186.32
182,8192,1,4096,186.672
182,8192,1,8192,187.686
182,8192,1,16384,198.07
182,8192,1,32768,281.025
182,8192,1,65536,441.59
182,8192,2,16,185.664
182,8192,2,32,186.203
182,8192,2,64,186.155
182,8192,2,128,185.782
182,8192,2,256,185.91
182,8192,2,512,185.766
182,8192,2,1024,185.739
182,8192,2,2048,185.755
182,8192,2,4096,186.576
182,8192,2,8192,186.816
182,8192,2,16384,198.662
182,8192,2,32768,281.526
182,8192,2,65536,364.528
182,8192,4,16,186.363
182,8192,4,32,186.155
182,8192,4,64,186.475
182,8192,4,128,186.715
182,8192,4,256,186.39
182,8192,4,512,186.961
182,8192,4,1024,187.045
182,8192,4,2048,187.157
182,8192,4,4096,187.014
182,8192,4,8192,185.92
182,8192,4,16384,200.528
182,8192,4,32768,204.165
182,8192,4,65536,368.459
182,8192,8,16,186.459
182,8192,8,32,186.395
182,8192,8,64,186.582
182,8192,8,128,186.848
182,8192,8,256,186.582
182,8192,8,512,186.864
182,8192,8,1024,187.467
182,8192,8,2048,187.232
182,8192,8,4096,188.689
182,8192,8,8192,186.811
182,8192,8,16384,150.182
182,8192,8,32768,209.643
182,8192,8,65536,372.62
182,8192,16,16,187.274
182,8192,16,32,188.662
182,8192,16,64,187.558
182,8192,16,128,187.691
182,8192,16,256,187.712
182,8192,16,512,188.027
182,8192,16,1024,188.342
182,8192,16,2048,189.013
182,8192,16,4096,189.413
182,8192,16,8192,149.707
182,8192,16,16384,257.339
182,8192,16,32768,326.075
182,8192,16,65536,379.297
182,8192,32,16,187.942
182,8192,32,32,187.366
182,8192,32,64,187.419
182,8192,32,128,188.609
182,8192,32,256,187.825
182,8192,32,512,188.224
182,8192,32,1024,188.843
182,8192,32,2048,189.499
182,8192,32,4096,149.889
182,8192,32,8192,258.896
182,8192,32,16384,301.377
182,8192,32,32768,541.116
182,8192,32,65536,734.338
182,8192,64,16,187.792
182,8192,64,32,188.678
182,8192,64,64,188.022
182,8192,64,128,188.737
182,8192,64,256,189.312
182,8192,64,512,191.398
182,8192,64,1024,191.601
182,8192,64,2048,153.152
182,8192,64,4096,259.061
182,8192,64,8192,269.872
182,8192,64,16384,476.641
182,8192,64,32768,740.647
182,8192,64,65536,1257.36
182,8192,128,16,190.811
182,8192,128,32,192.011
182,8192,128,64,192.16
182,8192,128,128,191.91
182,8192,128,256,195.697
182,8192,128,512,198.854
182,8192,128,1024,167.195
182,8192,128,2048,214.091
182,8192,128,4096,272.31
182,8192,128,8192,474.764
182,8192,128,16384,744.055
182,8192,128,32768,1271.87
182,8192,128,65536,2338.65
182,16384,0,0,322.593
182,16384,1,16,323.329
182,16384,1,32,322.812
182,16384,1,64,322.934
182,16384,1,128,323.59
182,16384,1,256,322.811
182,16384,1,512,323.148
182,16384,1,1024,322.502
182,16384,1,2048,322.929
182,16384,1,4096,323.622
182,16384,1,8192,324.422
182,16384,1,16384,323.121
182,16384,1,32768,350.854
182,16384,1,65536,509.079
182,16384,2,16,324.497
182,16384,2,32,324.007
182,16384,2,64,323.867
182,16384,2,128,323.814
182,16384,2,256,324.086
182,16384,2,512,324.113
182,16384,2,1024,323.798
182,16384,2,2048,324.379
182,16384,2,4096,324.545
182,16384,2,8192,324.646
182,16384,2,16384,322.378
182,16384,2,32768,351.281
182,16384,2,65536,510.075
182,16384,4,16,323.745
182,16384,4,32,323.542
182,16384,4,64,323.723
182,16384,4,128,323.649
182,16384,4,256,324.347
182,16384,4,512,324.086
182,16384,4,1024,323.942
182,16384,4,2048,324.358
182,16384,4,4096,324.907
182,16384,4,8192,325.339
182,16384,4,16384,324.716
182,16384,4,32768,353.713
182,16384,4,65536,367.553
182,16384,8,16,324.149
182,16384,8,32,324.503
182,16384,8,64,323.766
182,16384,8,128,324.342
182,16384,8,256,324.433
182,16384,8,512,324.011
182,16384,8,1024,324.225
182,16384,8,2048,324.348
182,16384,8,4096,325.03
182,16384,8,8192,324.966
182,16384,8,16384,325.185
182,16384,8,32768,253.696
182,16384,8,65536,373.323
182,16384,16,16,326.656
182,16384,16,32,325.43
182,16384,16,64,326.32
182,16384,16,128,326.38
182,16384,16,256,327.078
182,16384,16,512,326.454
182,16384,16,1024,326.822
182,16384,16,2048,329.276
182,16384,16,4096,327.745
182,16384,16,8192,328.24
182,16384,16,16384,253.137
182,16384,16,32768,465.751
182,16384,16,65536,589.329
182,16384,32,16,325.819
182,16384,32,32,326.31
182,16384,32,64,326.358
182,16384,32,128,326.208
182,16384,32,256,327.601
182,16384,32,512,326.492
182,16384,32,1024,327.281
182,16384,32,2048,326.129
182,16384,32,4096,327.255
182,16384,32,8192,253.51
182,16384,32,16384,465.612
182,16384,32,32768,544.844
182,16384,32,65536,1023.63
182,16384,64,16,327.552
182,16384,64,32,325.985
182,16384,64,64,326.609
182,16384,64,128,327.494
182,16384,64,256,328.39
182,16384,64,512,329.115
182,16384,64,1024,328.982
182,16384,64,2048,329.819
182,16384,64,4096,258.657
182,16384,64,8192,468.156
182,16384,64,16384,482.321
182,16384,64,32768,899.08
182,16384,64,65536,1417.09
182,16384,128,16,329.457
182,16384,128,32,329.777
182,16384,128,64,330.502
182,16384,128,128,331.217
182,16384,128,256,333.68
182,16384,128,512,338.145
182,16384,128,1024,340.603
182,16384,128,2048,272.123
182,16384,128,4096,370.945
182,16384,128,8192,484.498
182,16384,128,16384,897.543
182,16384,128,32768,1425.12
182,16384,128,65536,2492.13
182,32768,0,0,598.066
182,32768,1,16,598.151
182,32768,1,32,597.682
182,32768,1,64,597.958
182,32768,1,128,597.884
182,32768,1,256,598.657
182,32768,1,512,598.055
182,32768,1,1024,598.167
182,32768,1,2048,598.023
182,32768,1,4096,598.3
182,32768,1,8192,598.812
182,32768,1,16384,599.287
182,32768,1,32768,599.143
182,32768,1,65536,645.325
182,32768,2,16,597.665
182,32768,2,32,597.766
182,32768,2,64,597.419
182,32768,2,128,598.066
182,32768,2,256,598.263
182,32768,2,512,598.267
182,32768,2,1024,598.359
182,32768,2,2048,598.258
182,32768,2,4096,598.359
182,32768,2,8192,598.769
182,32768,2,16384,599.202
182,32768,2,32768,598.487
182,32768,2,65536,644.923
182,32768,4,16,597.915
182,32768,4,32,598.166
182,32768,4,64,598.737
182,32768,4,128,598.29
182,32768,4,256,598.252
182,32768,4,512,598.566
182,32768,4,1024,598.919
182,32768,4,2048,599.025
182,32768,4,4096,599.74
182,32768,4,8192,599.974
182,32768,4,16384,600.284
182,32768,4,32768,598.114
182,32768,4,65536,645.943
182,32768,8,16,598.78
182,32768,8,32,598.417
182,32768,8,64,599.095
182,32768,8,128,598.753
182,32768,8,256,598.242
182,32768,8,512,598.62
182,32768,8,1024,599.735
182,32768,8,2048,599.777
182,32768,8,4096,599.991
182,32768,8,8192,600.795
182,32768,8,16384,599.548
182,32768,8,32768,599.548
182,32768,8,65536,456.95
182,32768,16,16,600.242
182,32768,16,32,600.471
182,32768,16,64,600.886
182,32768,16,128,600.391
182,32768,16,256,599.916
182,32768,16,512,600.78
182,32768,16,1024,601.536
182,32768,16,2048,600.967
182,32768,16,4096,600.673
182,32768,16,8192,600.476
182,32768,16,16384,601.441
182,32768,16,32768,457.355
182,32768,16,65536,871.244
182,32768,32,16,600.417
182,32768,32,32,599.644
182,32768,32,64,601.026
182,32768,32,128,600.337
182,32768,32,256,601.126
182,32768,32,512,601.26
182,32768,32,1024,601.441
182,32768,32,2048,600.759
182,32768,32,4096,600.513
182,32768,32,8192,601.655
182,32768,32,16384,456.513
182,32768,32,32768,877.356
182,32768,32,65536,1026.7
182,32768,64,16,600.882
182,32768,64,32,600.332
182,32768,64,64,601.079
182,32768,64,128,602.124
182,32768,64,256,601.302
182,32768,64,512,602.268
182,32768,64,1024,602.529
182,32768,64,2048,605.27
182,32768,64,4096,604.93
182,32768,64,8192,465.244
182,32768,64,16384,881.426
182,32768,64,32768,905.277
182,32768,64,65536,1736.65
182,32768,128,16,602.924
182,32768,128,32,603.505
182,32768,128,64,605.82
182,32768,128,128,604.257
182,32768,128,256,606.716
182,32768,128,512,609.351
182,32768,128,1024,613.585
182,32768,128,2048,620.625
182,32768,128,4096,479.314
182,32768,128,8192,679.612
182,32768,128,16384,917.096
182,32768,128,32768,1738.75
182,32768,128,65536,2789.88
182,65536,0,0,1134.53
182,65536,1,16,1135.32
182,65536,1,32,1135.23
182,65536,1,64,1135.01
182,65536,1,128,1135
182,65536,1,256,1135.64
182,65536,1,512,1135.3
182,65536,1,1024,1135.17
182,65536,1,2048,1135.45
182,65536,1,4096,1135.22
182,65536,1,8192,1136.11
182,65536,1,16384,1135.6
182,65536,1,32768,1136.58
182,65536,1,65536,1135.12
182,65536,2,16,1135.89
182,65536,2,32,1135.57
182,65536,2,64,1135.29
182,65536,2,128,1134.96
182,65536,2,256,1135.59
182,65536,2,512,1135.29
182,65536,2,1024,1135.38
182,65536,2,2048,1135.59
182,65536,2,4096,1135.98
182,65536,2,8192,1136.15
182,65536,2,16384,1136.44
182,65536,2,32768,1135.69
182,65536,2,65536,1134.63
182,65536,4,16,1136.07
182,65536,4,32,1135.69
182,65536,4,64,1135.44
182,65536,4,128,1135.99
182,65536,4,256,1135.63
182,65536,4,512,1135.94
182,65536,4,1024,1136.1
182,65536,4,2048,1135.83
182,65536,4,4096,1136.2
182,65536,4,8192,1136.74
182,65536,4,16384,1136.73
182,65536,4,32768,1136.93
182,65536,4,65536,1135.53
182,65536,8,16,1134.38
182,65536,8,32,1134.74
182,65536,8,64,1134.41
182,65536,8,128,1134.64
182,65536,8,256,1134.61
182,65536,8,512,1135.22
182,65536,8,1024,1135.02
182,65536,8,2048,1135.56
182,65536,8,4096,1135.77
182,65536,8,8192,1134.72
182,65536,8,16384,1136.18
182,65536,8,32768,1135.02
182,65536,8,65536,1138.37
182,65536,16,16,1137.11
182,65536,16,32,1137.64
182,65536,16,64,1137.06
182,65536,16,128,1137.69
182,65536,16,256,1138.61
182,65536,16,512,1138.53
182,65536,16,1024,1138.4
182,65536,16,2048,1137.92
182,65536,16,4096,1138.05
182,65536,16,8192,1138.72
182,65536,16,16384,1139.01
182,65536,16,32768,1141.63
182,65536,16,65536,867.836
182,65536,32,16,1137.95
182,65536,32,32,1138.37
182,65536,32,64,1137.28
182,65536,32,128,1139.43
182,65536,32,256,1138.49
182,65536,32,512,1138.1
182,65536,32,1024,1138
182,65536,32,2048,1137.53
182,65536,32,4096,1137.34
182,65536,32,8192,1140.36
182,65536,32,16384,1140.36
182,65536,32,32768,865.997
182,65536,32,65536,1688.61
182,65536,64,16,1138.02
182,65536,64,32,1138.9
182,65536,64,64,1138.46
182,65536,64,128,1138.41
182,65536,64,256,1139.77
182,65536,64,512,1139.67
182,65536,64,1024,1140.18
182,65536,64,2048,1140.32
182,65536,64,4096,1142.1
182,65536,64,8192,1143.25
182,65536,64,16384,878.541
182,65536,64,32768,1691.84
182,65536,64,65536,1833.59
182,65536,128,16,1140.54
182,65536,128,32,1140.58
182,65536,128,64,1142.27
182,65536,128,128,1142
182,65536,128,256,1141.39
182,65536,128,512,1146.15
182,65536,128,1024,1149.8
182,65536,128,2048,1156.44
182,65536,128,4096,1169.32
182,65536,128,8192,885.751
182,65536,128,16384,1293.28
182,65536,128,32768,1786.52
182,65536,128,65536,3376.26
273,0,0,0,48.5443
273,0,1,16,49.7545
273,0,1,32,49.1793
273,0,1,64,49.4827
273,0,1,128,49.1677
273,0,1,256,49.3173
273,0,1,512,49.109
273,0,1,1024,48.074
273,0,1,2048,52.118
273,0,1,4096,62.0858
273,0,1,8192,82.9922
273,0,1,16384,113.307
273,0,1,32768,195.995
273,0,1,65536,359.809
273,0,2,16,49.3228
273,0,2,32,49.5735
273,0,2,64,49.232
273,0,2,128,49.1197
273,0,2,256,49.723
273,0,2,512,49.915
273,0,2,1024,46.9707
273,0,2,2048,51.3763
273,0,2,4096,61.1578
273,0,2,8192,71.7437
273,0,2,16384,113.761
273,0,2,32768,196.384
273,0,2,65536,358.657
273,0,4,16,49.9522
273,0,4,32,49.7337
273,0,4,64,50.1285
273,0,4,128,49.5788
273,0,4,256,46.9707
273,0,4,512,54.6935
273,0,4,1024,54.9065
273,0,4,2048,55.4188
273,0,4,4096,53.0292
273,0,4,8192,73.1097
273,0,4,16384,115.195
273,0,4,32768,197.27
273,0,4,65536,359.877
273,0,8,16,47.0288
273,0,8,32,47.0722
273,0,8,64,46.7998
273,0,8,128,46.8533
273,0,8,256,55.744
273,0,8,512,55.4242
273,0,8,1024,39.008
273,0,8,2048,42.9872
273,0,8,4096,54.9225
273,0,8,8192,75.6372
273,0,8,16384,117.419
273,0,8,32768,200.331
273,0,8,65536,364.219
273,0,16,16,52.3573
273,0,16,32,54.63
273,0,16,64,55.3708
273,0,16,128,54.7518
273,0,16,256,56.0692
273,0,16,512,39.7223
273,0,16,1024,42.0855
273,0,16,2048,47.2697
273,0,16,4096,58.2452
273,0,16,8192,81.3175
273,0,16,16384,125.941
273,0,16,32768,213.926
273,0,16,65536,379.404
273,0,32,16,56.3678
273,0,32,32,56.7625
273,0,32,64,56.677
273,0,32,128,57.248
273,0,32,256,39.9843
273,0,32,512,43.0563
273,0,32,1024,50.6505
273,0,32,2048,58.4002
273,0,32,4096,81.4985
273,0,32,8192,115.222
273,0,32,16384,181.696
273,0,32,32768,321.846
273,0,32,65536,590.454
273,0,64,16,58.2668
273,0,64,32,58.7733
273,0,64,64,59.5733
273,0,64,128,42.6083
273,0,64,256,44.374
273,0,64,512,60.832
273,0,64,1024,69.0298
273,0,64,2048,86.3953
273,0,64,4096,120.928
273,0,64,8192,185.302
273,0,64,16384,323.873
273,0,64,32768,593.073
273,0,64,65536,1131.2
273,0,128,16,62.4582
273,0,128,32,63.648
273,0,128,64,54.5925
273,0,128,128,56.9282
273,0,128,256,62.4853
273,0,128,512,71.547
273,0,128,1024,89.1475
273,0,128,2048,122.47
273,0,128,4096,188.06
273,0,128,8192,326.603
273,0,128,16384,594.957
273,0,128,32768,1130.57
273,0,128,65536,2209.57
273,16,0,0,49.1097
273,16,1,16,49.669
273,16,1,32,49.557
273,16,1,64,50.587
273,16,1,128,48.2032
273,16,1,256,48.6077
273,16,1,512,48.4055
273,16,1,1024,48.9127
273,16,1,2048,53.915
273,16,1,4096,63.5472
273,16,1,8192,84.7365
273,16,1,16384,114.512
273,16,1,32768,196.694
273,16,1,65536,359.713
273,16,2,16,49.99
273,16,2,32,49.6372
273,16,2,64,49.7922
273,16,2,128,48.0963
273,16,2,256,48.1335
273,16,2,512,47.8348
273,16,2,1024,56.0638
273,16,2,2048,61.1258
273,16,2,4096,70.7202
273,16,2,8192,72.5715
273,16,2,16384,114.789
273,16,2,32768,197.228
273,16,2,65536,359.558
273,16,4,16,49.8245
273,16,4,32,49.7923
273,16,4,64,49.7498
273,16,4,128,48.7837
273,16,4,256,55.1102
273,16,4,512,55.5093
273,16,4,1024,56.982
273,16,4,2048,61.6963
273,16,4,4096,53.19
273,16,4,8192,73.4353
273,16,4,16384,115.734
273,16,4,32768,198.736
273,16,4,65536,360.79
273,16,8,16,51.0507
273,16,8,32,50.1223
273,16,8,64,52.6987
273,16,8,128,54.0642
273,16,8,256,55.3763
273,16,8,512,55.925
273,16,8,1024,39.6742
273,16,8,2048,43.6002
273,16,8,4096,54.8697
273,16,8,8192,75.7655
273,16,8,16384,117.627
273,16,8,32768,201.648
273,16,8,65536,364.305
273,16,16,16,50.6775
273,16,16,32,50.976
273,16,16,64,53.0408
273,16,16,128,54.3998
273,16,16,256,55.4885
273,16,16,512,40.2773
273,16,16,1024,42.7577
273,16,16,2048,54.8318
273,16,16,4096,65.7978
273,16,16,8192,89.2647
273,16,16,16384,133.637
273,16,16,32768,225.665
273,16,16,65536,384.705
273,16,32,16,51.958
273,16,32,32,52.5712
273,16,32,64,54.1768
273,16,32,128,55.6108
273,16,32,256,39.8988
273,16,32,512,46.7838
273,16,32,1024,54.5012
273,16,32,2048,67.4935
273,16,32,4096,85.7873
273,16,32,8192,120.01
273,16,32,16384,186.501
273,16,32,32768,318.689
273,16,32,65536,585.884
273,16,64,16,53.2797
273,16,64,32,54.0588
273,16,64,64,56.0642
273,16,64,128,45.3865
273,16,64,256,48.768
273,16,64,512,57.9092
273,16,64,1024,68.6877
273,16,64,2048,87.7613
273,16,64,4096,122.325
273,16,64,8192,188.528
273,16,64,16384,321.478
273,16,64,32768,590.209
273,16,64,65536,1127.2
273,16,128,16,57.5572
273,16,128,32,57.4718
273,16,128,64,47.0193
273,16,128,128,50.5228
273,16,128,256,58.3303
273,16,128,512,69.4882
273,16,128,1024,88.4538
273,16,128,2048,123.109
273,16,128,4096,187.77
273,16,128,8192,322.262
273,16,128,16384,591.857
273,16,128,32768,1122.67
273,16,128,65536,2192.12
273,32,0,0,49.0242
273,32,1,16,50.8152
273,32,1,32,50.3582
273,32,1,64,51.4825
273,32,1,128,53.8028
273,32,1,256,55.4617
273,32,1,512,55.749
273,32,1,1024,57.7652
273,32,1,2048,62.4912
273,32,1,4096,72.3043
273,32,1,8192,93.3338
273,32,1,16384,114.475
273,32,1,32768,196.794
273,32,1,65536,359.696
273,32,2,16,50.9497
273,32,2,32,50.9712
273,32,2,64,52.0318
273,32,2,128,54.2457
273,32,2,256,54.5867
273,32,2,512,54.8485
273,32,2,1024,56.7147
273,32,2,2048,61.7495
273,32,2,4096,71.3332
273,32,2,8192,72.4697
273,32,2,16384,114.747
273,32,2,32768,197.419
273,32,2,65536,359.558
273,32,4,16,50.6828
273,32,4,32,50.608
273,32,4,64,52.7522
273,32,4,128,54.3522
273,32,4,256,55.2057
273,32,4,512,55.3925
273,32,4,1024,57.4132
273,32,4,2048,62.1285
273,32,4,4096,53.3758
273,32,4,8192,74.054
273,32,4,16384,116.054
273,32,4,32768,198.331
273,32,4,65536,361.628
273,32,8,16,51.1578
273,32,8,32,51.2852
273,32,8,64,53.499
273,32,8,128,54.837
273,32,8,256,55.7598
273,32,8,512,55.7815
273,32,8,1024,39.829
273,32,8,2048,43.7707
273,32,8,4096,55.0187
273,32,8,8192,75.7873
273,32,8,16384,117.824
273,32,8,32768,201.286
273,32,8,65536,364.86
273,32,16,16,51.4772
273,32,16,32,51.5152
273,32,16,64,53.3122
273,32,16,128,54.9548
273,32,16,256,56.5653
273,32,16,512,40.4908
273,32,16,1024,42.6613
273,32,16,2048,54.619
273,32,16,4096,66.182
273,32,16,8192,88.2883
273,32,16,16384,133.211
273,32,16,32768,220.592
273,32,16,65536,385.116
273,32,32,16,52.9388
273,32,32,32,52.6242
273,32,32,64,55.1307
273,32,32,128,56.3147
273,32,32,256,39.872
273,32,32,512,46.7998
273,32,32,1024,54.5232
273,32,32,2048,67.5248
273,32,32,4096,86.6617
273,32,32,8192,120.512
273,32,32,16384,186.869
273,32,32,32768,319.595
273,32,32,65536,588.524
273,32,64,16,54.2512
273,32,64,32,54.8748
273,32,64,64,56.6775
273,32,64,128,44.5657
273,32,64,256,49.4618
273,32,64,512,58.3258
273,32,64,1024,68.592
273,32,64,2048,87.776
273,32,64,4096,122.934
273,32,64,8192,189.04
273,32,64,16384,322.662
273,32,64,32768,589.314
273,32,64,65536,1127.37
273,32,128,16,59.2697
273,32,128,32,59.611
273,32,128,64,47.5367
273,32,128,128,50.2402
273,32,128,256,58.4847
273,32,128,512,69.0613
273,32,128,1024,88.7788
273,32,128,2048,123.312
273,32,128,4096,187.894
273,32,128,8192,322.609
273,32,128,16384,592.673
273,32,128,32768,1125.07
273,32,128,65536,2204.37
273,64,0,0,54.7898
273,64,1,16,56.7415
273,64,1,32,56.2453
273,64,1,64,55.387
273,64,1,128,54.0852
273,64,1,256,55.5467
273,64,1,512,56.0375
273,64,1,1024,57.8613
273,64,1,2048,62.539
273,64,1,4096,72.3678
273,64,1,8192,93.248
273,64,1,16384,114.534
273,64,1,32768,197.323
273,64,1,65536,359.504
273,64,2,16,56.577
273,64,2,32,56.2557
273,64,2,64,54.9013
273,64,2,128,54.4912
273,64,2,256,55.296
273,64,2,512,55.146
273,64,2,1024,57.2748
273,64,2,2048,62.432
273,64,2,4096,71.7438
273,64,2,8192,72.453
273,64,2,16384,115.2
273,64,2,32768,196.987
273,64,2,65536,359.372
273,64,4,16,55.6747
273,64,4,32,56.0215
273,64,4,64,53.8718
273,64,4,128,54.7578
273,64,4,256,55.232
273,64,4,512,55.8667
273,64,4,1024,58.9383
273,64,4,2048,62.5657
273,64,4,4096,53.2105
273,64,4,8192,73.8457
273,64,4,16384,116.128
273,64,4,32768,198.369
273,64,4,65536,361.718
273,64,8,16,55.9312
273,64,8,32,56.0315
273,64,8,64,54.304
273,64,8,128,55.1897
273,64,8,256,56.1653
273,64,8,512,59.5363
273,64,8,1024,60.1923
273,64,8,2048,43.648
273,64,8,4096,55.0512
273,64,8,8192,75.6693
273,64,8,16384,117.872
273,64,8,32768,201.114
273,64,8,65536,364.294
273,64,16,16,56.2503
273,64,16,32,56.4798
273,64,16,64,54.9867
273,64,16,128,55.0133
273,64,16,256,58.6023
273,64,16,512,60.384
273,64,16,1024,42.7627
273,64,16,2048,55.4668
273,64,16,4096,66.9662
273,64,16,8192,90.9595
273,64,16,16384,133.574
273,64,16,32768,218.544
273,64,16,65536,389.164
273,64,32,16,56.3043
273,64,32,32,56.2823
273,64,32,64,55.552
273,64,32,128,56.3943
273,64,32,256,60.4858
273,64,32,512,48.8165
273,64,32,1024,54.7628
273,64,32,2048,67.232
273,64,32,4096,86.8212
273,64,32,8192,121.414
273,64,32,16384,187.308
273,64,32,32768,321.233
273,64,32,65536,589.522
273,64,64,16,56.7472
273,64,64,32,56.6505
273,64,64,64,57.1892
273,64,64,128,46.9652
273,64,64,256,50.5438
273,64,64,512,58.4373
273,64,64,1024,68.651
273,64,64,2048,88.2667
273,64,64,4096,123.813
273,64,64,8192,189.296
273,64,64,16384,323.862
273,64,64,32768,590.972
273,64,64,65536,1127.74
273,64,128,16,61.9045
273,64,128,32,62.4322
273,64,128,64,47.9412
273,64,128,128,50.2027
273,64,128,256,58.3998
273,64,128,512,69.7287
273,64,128,1024,89.2003
273,64,128,2048,123.307
273,64,128,4096,188.597
273,64,128,8192,324.075
273,64,128,16384,591.916
273,64,128,32768,1127.04
273,64,128,65536,2201.44
273,128,0,0,55.1517
273,128,1,16,56.8593
273,128,1,32,56.512
273,128,1,64,55.0457
273,128,1,128,54.784
273,128,1,256,57.947
273,128,1,512,59.206
273,128,1,1024,60.2132
273,128,1,2048,62.8377
273,128,1,4096,73.2585
273,128,1,8192,94.0103
273,128,1,16384,114.576
273,128,1,32768,197.03
273,128,1,65536,359.702
273,128,2,16,55.5627
273,128,2,32,55.5957
273,128,2,64,54.1013
273,128,2,128,54.549
273,128,2,256,57.6962
273,128,2,512,58.3148
273,128,2,1024,59.9732
273,128,2,2048,62.9177
273,128,2,4096,72.384
273,128,2,8192,72.4052
273,128,2,16384,114.801
273,128,2,32768,197.238
273,128,2,65536,359.537
273,128,4,16,56.1335
273,128,4,32,56.1065
273,128,4,64,54.3783
273,128,4,128,54.256
273,128,4,256,58.2135
273,128,4,512,59.8832
273,128,4,1024,60.0053
273,128,4,2048,63.5788
273,128,4,4096,53.4408
273,128,4,8192,74.0482
273,128,4,16384,116.177
273,128,4,32768,198.811
273,128,4,65536,361.403
273,128,8,16,54.9068
273,128,8,32,54.8642
273,128,8,64,54.688
273,128,8,128,55.3285
273,128,8,256,59.296
273,128,8,512,60.2078
273,128,8,1024,62.0963
273,128,8,2048,43.7602
273,128,8,4096,54.4853
273,128,8,8192,76.1338
273,128,8,16384,117.824
273,128,8,32768,201.137
273,128,8,65536,363.99
273,128,16,16,56.139
273,128,16,32,55.2957
273,128,16,64,54.8213
273,128,16,128,55.584
273,128,16,256,59.8983
273,128,16,512,61.072
273,128,16,1024,43.36
273,128,16,2048,53.0558
273,128,16,4096,69.4033
273,128,16,8192,90.656
273,128,16,16384,134.875
273,128,16,32768,223.83
273,128,16,65536,390.609
273,128,32,16,54.7785
273,128,32,32,55.2062
273,128,32,64,55.6528
273,128,32,128,57.5408
273,128,32,256,60.7525
273,128,32,512,49.5838
273,128,32,1024,58.2133
273,128,32,2048,68.907
273,128,32,4096,89.0672
273,128,32,8192,122.39
273,128,32,16384,187.963
273,128,32,32768,321.334
273,128,32,65536,593.564
273,128,64,16,56.7305
273,128,64,32,56.4643
273,128,64,64,57.616
273,128,64,128,60.0378
273,128,64,256,51.9145
273,128,64,512,60.1117
273,128,64,1024,68.8798
273,128,64,2048,89.7282
273,128,64,4096,123.643
273,128,64,8192,189.766
273,128,64,16384,324.289
273,128,64,32768,591.884
273,128,64,65536,1129.95
273,128,128,16,62.7788
273,128,128,32,63.606
273,128,128,64,49.1207
273,128,128,128,51.0402
273,128,128,256,58.87
273,128,128,512,70.107
273,128,128,1024,89.531
273,128,128,2048,123.702
273,128,128,4096,190.726
273,128,128,8192,325.676
273,128,128,16384,594.572
273,128,128,32768,1127.7
273,128,128,65536,2203.55
273,256,0,0,58.533
273,256,1,16,60.4852
273,256,1,32,60.2937
273,256,1,64,60.3205
273,256,1,128,58.603
273,256,1,256,59.4563
273,256,1,512,61.3713
273,256,1,1024,63.0078
273,256,1,2048,64.9118
273,256,1,4096,74.5547
273,256,1,8192,95.4933
273,256,1,16384,137.749
273,256,1,32768,197.201
273,256,1,65536,359.633
273,256,2,16,59.0665
273,256,2,32,58.6718
273,256,2,64,59.3498
273,256,2,128,57.6057
273,256,2,256,59.5473
273,256,2,512,59.6107
273,256,2,1024,62.038
273,256,2,2048,63.8772
273,256,2,4096,74.032
273,256,2,8192,95.1358
273,256,2,16384,115.056
273,256,2,32768,197.243
273,256,2,65536,359.361
273,256,4,16,59.7492
273,256,4,32,59.8778
273,256,4,64,59.7168
273,256,4,128,57.8345
273,256,4,256,59.5623
273,256,4,512,61.6158
273,256,4,1024,63.2902
273,256,4,2048,65.3438
273,256,4,4096,75.4667
273,256,4,8192,74.1763
273,256,4,16384,115.925
273,256,4,32768,199.547
273,256,4,65536,361.313
273,256,8,16,59.7548
273,256,8,32,60.0907
273,256,8,64,58.5657
273,256,8,128,57.5628
273,256,8,256,60.5495
273,256,8,512,61.8557
273,256,8,1024,64.0803
273,256,8,2048,66.1865
273,256,8,4096,54.6613
273,256,8,8192,75.8565
273,256,8,16384,117.915
273,256,8,32768,201.2
273,256,8,65536,364.146
273,256,16,16,60.496
273,256,16,32,59.9742
273,256,16,64,59.723
273,256,16,128,58.3258
273,256,16,256,61.3388
273,256,16,512,62.4213
273,256,16,1024,65.8128
273,256,16,2048,57.4188
273,256,16,4096,73.1098
273,256,16,8192,95.0083
273,256,16,16384,138.438
273,256,16,32768,225.531
273,256,16,65536,400.902
273,256,32,16,59.9255
273,256,32,32,60.2987
273,256,32,64,59.5205
273,256,32,128,59.2747
273,256,32,256,62.7252
273,256,32,512,64.9657
273,256,32,1024,62.0435
273,256,32,2048,70.4165
273,256,32,4096,91.7705
273,256,32,8192,123.878
273,256,32,16384,190.609
273,256,32,32768,322.31
273,256,32,65536,591.82
273,256,64,16,60.8632
273,256,64,32,60.6197
273,256,64,64,60.059
273,256,64,128,61.2217
273,256,64,256,65.1787
273,256,64,512,63.787
273,256,64,1024,70.9975
273,256,64,2048,90.9495
273,256,64,4096,125.414
273,256,64,8192,191.424
273,256,64,16384,325.35
273,256,64,32768,592.908
273,256,64,65536,1130.13
273,256,128,16,63.1735
273,256,128,32,64.256
273,256,128,64,68.2028
273,256,128,128,54.875
273,256,128,256,59.691
273,256,128,512,72.7842
273,256,128,1024,91.1363
273,256,128,2048,126.55
273,256,128,4096,191.659
273,256,128,8192,327.643
273,256,128,16384,595.212
273,256,128,32768,1130.37
273,256,128,65536,2203.83
273,512,0,0,65.083
273,512,1,16,66.2933
273,512,1,32,67.0083
273,512,1,64,66.1602
273,512,1,128,66.7732
273,512,1,256,64.5598
273,512,1,512,65.6052
273,512,1,1024,65.5305
273,512,1,2048,67.5313
273,512,1,4096,77.9205
273,512,1,8192,98.7732
273,512,1,16384,140.704
273,512,1,32768,224.108
273,512,1,65536,359.948
273,512,2,16,65.4295
273,512,2,32,65.2487
273,512,2,64,65.4937
273,512,2,128,65.5465
273,512,2,256,63.9097
273,512,2,512,64.0537
273,512,2,1024,65.371
273,512,2,2048,70.5662
273,512,2,4096,77.115
273,512,2,8192,98.795
273,512,2,16384,141.275
273,512,2,32768,197.227
273,512,2,65536,359.484
273,512,4,16,65.92
273,512,4,32,65.4617
273,512,4,64,66.0965
273,512,4,128,65.5253
273,512,4,256,63.6542
273,512,4,512,64.39
273,512,4,1024,71.371
273,512,4,2048,71.6585
273,512,4,4096,78.6392
273,512,4,8192,100.277
273,512,4,16384,115.728
273,512,4,32768,198.966
273,512,4,65536,361.345
273,512,8,16,65.8665
273,512,8,32,65.6375
273,512,8,64,65.68
273,512,8,128,65.4882
273,512,8,256,63.6057
273,512,8,512,70.1925
273,512,8,1024,71.6
273,512,8,2048,72.9548
273,512,8,4096,80.9548
273,512,8,8192,75.9095
273,512,8,16384,118.96
273,512,8,32768,201.579
273,512,8,65536,365.1
273,512,16,16,66.8588
273,512,16,32,66.9233
273,512,16,64,66.9333
273,512,16,128,66.9602
273,512,16,256,64.6188
273,512,16,512,70.7203
273,512,16,1024,72.5548
273,512,16,2048,78.2187
273,512,16,4096,77.2747
273,512,16,8192,102.203
273,512,16,16384,147.562
273,512,16,32768,230.768
273,512,16,65536,406.598
273,512,32,16,66.2243
273,512,32,32,66.8587
273,512,32,64,66.1605
273,512,32,128,66.7527
273,512,32,256,65.8827
273,512,32,512,73.1572
273,512,32,1024,66.2082
273,512,32,2048,82.5443
273,512,32,4096,97.8082
273,512,32,8192,128.15
273,512,32,16384,193.941
273,512,32,32768,328.347
273,512,32,65536,596.897
273,512,64,16,67.2637
273,512,64,32,67.1788
273,512,64,64,67.3598
273,512,64,128,66.5865
273,512,64,256,68.5173
273,512,64,512,68.4323
273,512,64,1024,85.1943
273,512,64,2048,94.3258
273,512,64,4096,130.406
273,512,64,8192,195.163
273,512,64,16384,329.174
273,512,64,32768,598.839
273,512,64,65536,1136.3
273,512,128,16,70.5117
273,512,128,32,70.651
273,512,128,64,70.1817
273,512,128,128,75.4033
273,512,128,256,66.091
273,512,128,512,74.5015
273,512,128,1024,94.5342
273,512,128,2048,130.619
273,512,128,4096,197.601
273,512,128,8192,330.304
273,512,128,16384,598.673
273,512,128,32768,1134.58
273,512,128,65536,2210.04
273,1024,0,0,78.0967
273,1024,1,16,79.7068
273,1024,1,32,79.9683
273,1024,1,64,79.851
273,1024,1,128,79.8082
273,1024,1,256,79.7922
273,1024,1,512,78.256
273,1024,1,1024,79.312
273,1024,1,2048,81.3177
273,1024,1,4096,84.608
273,1024,1,8192,105.446
273,1024,1,16384,148.187
273,1024,1,32768,231.142
273,1024,1,65536,359.83
273,1024,2,16,78.736
273,1024,2,32,79.0457
273,1024,2,64,78.8007
273,1024,2,128,79.083
273,1024,2,256,78.7148
273,1024,2,512,76.907
273,1024,2,1024,77.1465
273,1024,2,2048,80.267
273,1024,2,4096,84.1552
273,1024,2,8192,105.264
273,1024,2,16384,148.362
273,1024,2,32768,197.547
273,1024,2,65536,359.542
273,1024,4,16,78.8748
273,1024,4,32,79.2373
273,1024,4,64,79.2157
273,1024,4,128,78.8807
273,1024,4,256,78.9333
273,1024,4,512,77.498
273,1024,4,1024,78.2135
273,1024,4,2048,82.1282
273,1024,4,4096,85.4403
273,1024,4,8192,107.082
273,1024,4,16384,116.72
273,1024,4,32768,199.424
273,1024,4,65536,362.262
273,1024,8,16,78.9817
273,1024,8,32,79.3125
273,1024,8,64,78.539
273,1024,8,128,79.1575
273,1024,8,256,79.019
273,1024,8,512,77.499
273,1024,8,1024,77.7337
273,1024,8,2048,82.3098
273,1024,8,4096,92.8482
273,1024,8,8192,75.2693
273,1024,8,16384,119.398
273,1024,8,32768,203.105
273,1024,8,65536,367.606
273,1024,16,16,80.1388
273,1024,16,32,79.8458
273,1024,16,64,79.5363
273,1024,16,128,79.9945
273,1024,16,256,80.1712
273,1024,16,512,78.5173
273,1024,16,1024,79.5525
273,1024,16,2048,93.675
273,1024,16,4096,85.915
273,1024,16,8192,115.5
273,1024,16,16384,159.585
273,1024,16,32768,245.883
273,1024,16,65536,417.638
273,1024,32,16,79.9462
273,1024,32,32,80.1498
273,1024,32,64,79.4933
273,1024,32,128,80.1602
273,1024,32,256,80.0532
273,1024,32,512,79.216
273,1024,32,1024,93.1092
273,1024,32,2048,94.6137
273,1024,32,4096,109.957
273,1024,32,8192,149.462
273,1024,32,16384,203.51
273,1024,32,32768,337.174
273,1024,32,65536,605.442
273,1024,64,16,80.3843
273,1024,64,32,80.1177
273,1024,64,64,80.6987
273,1024,64,128,80.8805
273,1024,64,256,81.1417
273,1024,64,512,83.4825
273,1024,64,1024,95.4933
273,1024,64,2048,102.129
273,1024,64,4096,139.851
273,1024,64,8192,204.805
273,1024,64,16384,338.102
273,1024,64,32768,605.207
273,1024,64,65536,1144.11
273,1024,128,16,83.4132
273,1024,128,32,84.006
273,1024,128,64,83.9733
273,1024,128,128,83.0825
273,1024,128,256,92.3518
273,1024,128,512,86.8372
273,1024,128,1024,102.608
273,1024,128,2048,140.251
273,1024,128,4096,206.096
273,1024,128,8192,339.979
273,1024,128,16384,608.433
273,1024,128,32768,1144.49
273,1024,128,65536,2219.03
273,2048,0,0,105.461
273,2048,1,16,106.949
273,2048,1,32,106.726
273,2048,1,64,106.944
273,2048,1,128,106.736
273,2048,1,256,106.411
273,2048,1,512,106.918
273,2048,1,1024,105.243
273,2048,1,2048,105.889
273,2048,1,4096,112.832
273,2048,1,8192,119.542
273,2048,1,16384,162.203
273,2048,1,32768,245.436
273,2048,1,65536,407.148
273,2048,2,16,105.793
273,2048,2,32,105.771
273,2048,2,64,106.048
273,2048,2,128,105.819
273,2048,2,256,105.756
273,2048,2,512,105.115
273,2048,2,1024,103.941
273,2048,2,2048,104.048
273,2048,2,4096,112.128
273,2048,2,8192,119.195
273,2048,2,16384,162.059
273,2048,2,32768,244.166
273,2048,2,65536,359.702
273,2048,4,16,105.761
273,2048,4,32,106.133
273,2048,4,64,106.139
273,2048,4,128,106.049
273,2048,4,256,106.384
273,2048,4,512,106.288
273,2048,4,1024,104.401
273,2048,4,2048,105.227
273,2048,4,4096,113.649
273,2048,4,8192,121.344
273,2048,4,16384,163.366
273,2048,4,32768,200.443
273,2048,4,65536,362.257
273,2048,8,16,105.782
273,2048,8,32,105.531
273,2048,8,64,105.75
273,2048,8,128,106.117
273,2048,8,256,105.451
273,2048,8,512,106.347
273,2048,8,1024,104.971
273,2048,8,2048,105.584
273,2048,8,4096,114.582
273,2048,8,8192,122.833
273,2048,8,16384,120.106
273,2048,8,32768,204.022
273,2048,8,65536,368.155
273,2048,16,16,106.784
273,2048,16,32,107.077
273,2048,16,64,106.459
273,2048,16,128,106.624
273,2048,16,256,106.251
273,2048,16,512,107.27
273,2048,16,1024,105.307
273,2048,16,2048,107.472
273,2048,16,4096,117.339
273,2048,16,8192,140.763
273,2048,16,16384,184.369
273,2048,16,32768,268.005
273,2048,16,65536,439.319
273,2048,32,16,107.158
273,2048,32,32,106.768
273,2048,32,64,106.811
273,2048,32,128,106.673
273,2048,32,256,107.755
273,2048,32,512,106.886
273,2048,32,1024,106.859
273,2048,32,2048,111.734
273,2048,32,4096,147.462
273,2048,32,8192,172.55
273,2048,32,16384,249.153
273,2048,32,32768,355.142
273,2048,32,65536,623.425
273,2048,64,16,106.912
273,2048,64,32,107.584
273,2048,64,64,107.824
273,2048,64,128,107.926
273,2048,64,256,108.753
273,2048,64,512,109.963
273,2048,64,1024,111.803
273,2048,64,2048,148.88
273,2048,64,4096,156.934
273,2048,64,8192,224.192
273,2048,64,16384,357.9
273,2048,64,32768,624.94
273,2048,64,65536,1162.43
273,2048,128,16,109.973
273,2048,128,32,110.634
273,2048,128,64,111.115
273,2048,128,128,111.254
273,2048,128,256,114.891
273,2048,128,512,122.512
273,2048,128,1024,128.852
273,2048,128,2048,156.166
273,2048,128,4096,225.461
273,2048,128,8192,358.075
273,2048,128,16384,629.036
273,2048,128,32768,1162.67
273,2048,128,65536,2236.01
273,4096,0,0,157.628
273,4096,1,16,159.665
273,4096,1,32,159.606
273,4096,1,64,160.325
273,4096,1,128,160.251
273,4096,1,256,159.558
273,4096,1,512,159.734
273,4096,1,1024,159.425
273,4096,1,2048,157.867
273,4096,1,4096,159.093
273,4096,1,8192,159.163
273,4096,1,16384,189.899
273,4096,1,32768,272.875
273,4096,1,65536,432.396
273,4096,2,16,158.688
273,4096,2,32,158.645
273,4096,2,64,158.886
273,4096,2,128,158.709
273,4096,2,256,158.726
273,4096,2,512,158.273
273,4096,2,1024,158.864
273,4096,2,2048,157.042
273,4096,2,4096,157.307
273,4096,2,8192,157.547
273,4096,2,16384,189.744
273,4096,2,32768,271.291
273,4096,2,65536,431.419
273,4096,4,16,159.227
273,4096,4,32,159.248
273,4096,4,64,158.854
273,4096,4,128,159.072
273,4096,4,256,159.334
273,4096,4,512,158.992
273,4096,4,1024,158.55
273,4096,4,2048,158.145
273,4096,4,4096,158.406
273,4096,4,8192,174.763
273,4096,4,16384,189.664
273,4096,4,32768,272.715
273,4096,4,65536,361.958
273,4096,8,16,158.369
273,4096,8,32,157.985
273,4096,8,64,158.911
273,4096,8,128,158.897
273,4096,8,256,158.827
273,4096,8,512,158.512
273,4096,8,1024,158.886
273,4096,8,2048,157.744
273,4096,8,4096,158.864
273,4096,8,8192,176.496
273,4096,8,16384,191.451
273,4096,8,32768,205.024
273,4096,8,65536,366.806
273,4096,16,16,159.888
273,4096,16,32,159.099
273,4096,16,64,159.237
273,4096,16,128,159.403
273,4096,16,256,159.206
273,4096,16,512,159.781
273,4096,16,1024,160.284
273,4096,16,2048,159.825
273,4096,16,4096,159.867
273,4096,16,8192,177.878
273,4096,16,16384,245.601
273,4096,16,32768,322.39
273,4096,16,65536,487.655
273,4096,32,16,159.462
273,4096,32,32,159.563
273,4096,32,64,159.37
273,4096,32,128,158.939
273,4096,32,256,159.99
273,4096,32,512,161.189
273,4096,32,1024,161.035
273,4096,32,2048,159.834
273,4096,32,4096,164.251
273,4096,32,8192,255.206
273,4096,32,16384,298.299
273,4096,32,32768,447.702
273,4096,32,65536,663.531
273,4096,64,16,160.587
273,4096,64,32,160.603
273,4096,64,64,160.4
273,4096,64,128,161.238
273,4096,64,256,161.979
273,4096,64,512,163.216
273,4096,64,1024,163.302
273,4096,64,2048,164.32
273,4096,64,4096,254.955
273,4096,64,8192,263.008
273,4096,64,16384,398.737
273,4096,64,32768,669.804
273,4096,64,65536,1200.9
273,4096,128,16,164.48
273,4096,128,32,163.115
273,4096,128,64,164.262
273,4096,128,128,164.63
273,4096,128,256,166.972
273,4096,128,512,170.907
273,4096,128,1024,179.457
273,4096,128,2048,209.686
273,4096,128,4096,263.675
273,4096,128,8192,399.377
273,4096,128,16384,667.99
273,4096,128,32768,1202.01
273,4096,128,65536,2273.15
273,8192,0,0,260.859
273,8192,1,16,263.787
273,8192,1,32,264.075
273,8192,1,64,263.073
273,8192,1,128,263.297
273,8192,1,256,263.734
273,8192,1,512,263.222
273,8192,1,1024,263.137
273,8192,1,2048,264.518
273,8192,1,4096,262.283
273,8192,1,8192,263.18
273,8192,1,16384,263.43
273,8192,1,32768,324.971
273,8192,1,65536,483.724
273,8192,2,16,262.976
273,8192,2,32,262.15
273,8192,2,64,262.604
273,8192,2,128,262.667
273,8192,2,256,262.064
273,8192,2,512,262.55
273,8192,2,1024,262.507
273,8192,2,2048,262.411
273,8192,2,4096,261.521
273,8192,2,8192,262.854
273,8192,2,16384,263.024
273,8192,2,32768,323.494
273,8192,2,65536,483.19
273,8192,4,16,262.294
273,8192,4,32,262.768
273,8192,4,64,262.763
273,8192,4,128,262.758
273,8192,4,256,263.004
273,8192,4,512,263.654
273,8192,4,1024,263.302
273,8192,4,2048,263.749
273,8192,4,4096,261.889
273,8192,4,8192,262.544
273,8192,4,16384,296.075
273,8192,4,32768,324.614
273,8192,4,65536,482.908
273,8192,8,16,261.174
273,8192,8,32,261.527
273,8192,8,64,261.478
273,8192,8,128,261.425
273,8192,8,256,262.652
273,8192,8,512,261.835
273,8192,8,1024,262.438
273,8192,8,2048,263.808
273,8192,8,4096,261.318
273,8192,8,8192,262.278
273,8192,8,16384,297.766
273,8192,8,32768,326.843
273,8192,8,65536,366.508
273,8192,16,16,262.272
273,8192,16,32,262.662
273,8192,16,64,263.243
273,8192,16,128,262.005
273,8192,16,256,262.844
273,8192,16,512,263.68
273,8192,16,1024,263.659
273,8192,16,2048,264.475
273,8192,16,4096,262.054
273,8192,16,8192,263.596
273,8192,16,16384,300.481
273,8192,16,32768,454.705
273,8192,16,65536,585.804
273,8192,32,16,262.609
273,8192,32,32,263.542
273,8192,32,64,263.814
273,8192,32,128,262.79
273,8192,32,256,262.358
273,8192,32,512,262.694
273,8192,32,1024,264.145
273,8192,32,2048,263.525
273,8192,32,4096,264.118
273,8192,32,8192,268.55
273,8192,32,16384,460.86
273,8192,32,32768,542.71
273,8192,32,65536,832.375
273,8192,64,16,263.894
273,8192,64,32,264.641
273,8192,64,64,263.003
273,8192,64,128,264.113
273,8192,64,256,264.598
273,8192,64,512,265.643
273,8192,64,1024,266.966
273,8192,64,2048,267.382
273,8192,64,4096,269.649
273,8192,64,8192,461.867
273,8192,64,16384,472.524
273,8192,64,32768,744.423
273,8192,64,65536,1277.84
273,8192,128,16,266.79
273,8192,128,32,267.979
273,8192,128,64,268.416
273,8192,128,128,268.369
273,8192,128,256,271.024
273,8192,128,512,275.627
273,8192,128,1024,279.275
273,8192,128,2048,289.212
273,8192,128,4096,365.36
273,8192,128,8192,473.601
273,8192,128,16384,743.521
273,8192,128,32768,1280.4
273,8192,128,65536,2346.17
273,16384,0,0,466.348
273,16384,1,16,469.462
273,16384,1,32,468.934
273,16384,1,64,469.644
273,16384,1,128,469.425
273,16384,1,256,469.19
273,16384,1,512,468.866
273,16384,1,1024,469.025
273,16384,1,2048,469.761
273,16384,1,4096,469.851
273,16384,1,8192,466.86
273,16384,1,16384,469.148
273,16384,1,32768,468.615
273,16384,1,65536,585.969
273,16384,2,16,468.519
273,16384,2,32,469.521
273,16384,2,64,469.195
273,16384,2,128,470.854
273,16384,2,256,470.961
273,16384,2,512,470.055
273,16384,2,1024,469.074
273,16384,2,2048,470.033
273,16384,2,4096,469.152
273,16384,2,8192,467.931
273,16384,2,16384,467.831
273,16384,2,32768,467.873
273,16384,2,65536,584.486
273,16384,4,16,469.648
273,16384,4,32,469.521
273,16384,4,64,469.772
273,16384,4,128,470.012
273,16384,4,256,469.335
273,16384,4,512,469.084
273,16384,4,1024,468.988
273,16384,4,2048,469.014
273,16384,4,4096,469.34
273,16384,4,8192,467.623
273,16384,4,16384,468.439
273,16384,4,32768,468.63
273,16384,4,65536,585.426
273,16384,8,16,466.961
273,16384,8,32,466.854
273,16384,8,64,467.431
273,16384,8,128,466.898
273,16384,8,256,467.606
273,16384,8,512,468.87
273,16384,8,1024,468.044
273,16384,8,2048,468.503
273,16384,8,4096,469.399
273,16384,8,8192,467.969
273,16384,8,16384,467.276
273,16384,8,32768,536.85
273,16384,8,65536,589.015
273,16384,16,16,468.267
273,16384,16,32,467.158
273,16384,16,64,468.188
273,16384,16,128,469.697
273,16384,16,256,469.121
273,16384,16,512,468.418
273,16384,16,1024,468.78
273,16384,16,2048,470.283
273,16384,16,4096,470.331
273,16384,16,8192,468.716
273,16384,16,16384,469.591
273,16384,16,32768,539.51
273,16384,16,65536,861.804
273,16384,32,16,470.337
273,16384,32,32,468.198
273,16384,32,64,469.1
273,16384,32,128,469.041
273,16384,32,256,469.004
273,16384,32,512,469.121
273,16384,32,1024,469.414
273,16384,32,2048,469.384
273,16384,32,4096,470.193
273,16384,32,8192,469.403
273,16384,32,16384,477.175
273,16384,32,32768,876.861
273,16384,32,65536,1020.53
273,16384,64,16,469.916
273,16384,64,32,470.166
273,16384,64,64,469.052
273,16384,64,128,468.588
273,16384,64,256,469.179
273,16384,64,512,469.414
273,16384,64,1024,471.878
273,16384,64,2048,471.905
273,16384,64,4096,473.216
273,16384,64,8192,475.499
273,16384,64,16384,874.967
273,16384,64,32768,899.229
273,16384,64,65536,1422.16
273,16384,128,16,473.164
273,16384,128,32,473.377
273,16384,128,64,472.758
273,16384,128,128,474.695
273,16384,128,256,474.87
273,16384,128,512,478.753
273,16384,128,1024,483.596
273,16384,128,2048,490.252
273,16384,128,4096,507.511
273,16384,128,8192,675.511
273,16384,128,16384,894.599
273,16384,128,32768,1429.07
273,16384,128,65536,2493.35
273,32768,0,0,877.165
273,32768,1,16,880.428
273,32768,1,32,880.481
273,32768,1,64,880.321
273,32768,1,128,879.816
273,32768,1,256,881.052
273,32768,1,512,880.663
273,32768,1,1024,880.103
273,32768,1,2048,880.183
273,32768,1,4096,881.223
273,32768,1,8192,881.25
273,32768,1,16384,879.164
273,32768,1,32768,881.048
273,32768,1,65536,872.871
273,32768,2,16,881.282
273,32768,2,32,880.845
273,32768,2,64,881.128
273,32768,2,128,880.316
273,32768,2,256,880.13
273,32768,2,512,880.231
273,32768,2,1024,879.959
273,32768,2,2048,880.61
273,32768,2,4096,880.482
273,32768,2,8192,880.77
273,32768,2,16384,878.786
273,32768,2,32768,879.581
273,32768,2,65536,871.831
273,32768,4,16,879.719
273,32768,4,32,879.457
273,32768,4,64,879.996
273,32768,4,128,879.538
273,32768,4,256,879.672
273,32768,4,512,879.98
273,32768,4,1024,879.559
273,32768,4,2048,880.049
273,32768,4,4096,880.146
273,32768,4,8192,880.503
273,32768,4,16384,878.776
273,32768,4,32768,879.288
273,32768,4,65536,872.104
273,32768,8,16,877.527
273,32768,8,32,879.501
273,32768,8,64,878.354
273,32768,8,128,880.338
273,32768,8,256,879.831
273,32768,8,512,878.53
273,32768,8,1024,879.17
273,32768,8,2048,880.29
273,32768,8,4096,879.48
273,32768,8,8192,879.75
273,32768,8,16384,877.096
273,32768,8,32768,878.887
273,32768,8,65536,1007.32
273,32768,16,16,880.216
273,32768,16,32,880.243
273,32768,16,64,880.311
273,32768,16,128,880.151
273,32768,16,256,880.855
273,32768,16,512,879.677
273,32768,16,1024,880.194
273,32768,16,2048,880.77
273,32768,16,4096,880.882
273,32768,16,8192,880.626
273,32768,16,16384,880.29
273,32768,16,32768,880.893
273,32768,16,65536,1015.44
273,32768,32,16,879.048
273,32768,32,32,880.066
273,32768,32,64,880.322
273,32768,32,128,880.034
273,32768,32,256,880.524
273,32768,32,512,880.69
273,32768,32,1024,880.701
273,32768,32,2048,880.109
273,32768,32,4096,881.052
273,32768,32,8192,881.458
273,32768,32,16384,883.139
273,32768,32,32768,892.226
273,32768,32,65536,1688.85
273,32768,64,16,881.655
273,32768,64,32,880.946
273,32768,64,64,881.335
273,32768,64,128,881.544
273,32768,64,256,882.3
273,32768,64,512,882.935
273,32768,64,1024,883.335
273,32768,64,2048,883.762
273,32768,64,4096,883.832
273,32768,64,8192,884.765
273,32768,64,16384,891.08
273,32768,64,32768,1702.8
273,32768,64,65536,1757.76
273,32768,128,16,883.427
273,32768,128,32,883.564
273,32768,128,64,883.858
273,32768,128,128,885.389
273,32768,128,256,886.082
273,32768,128,512,889.484
273,32768,128,1024,895.517
273,32768,128,2048,900.989
273,32768,128,4096,911.997
273,32768,128,8192,940.898
273,32768,128,16384,1295.76
273,32768,128,32768,1756.87
273,32768,128,65536,2782.4
273,65536,0,0,1685.9
273,65536,1,16,1688.8
273,65536,1,32,1689.66
273,65536,1,64,1689.19
273,65536,1,128,1688.48
273,65536,1,256,1688.19
273,65536,1,512,1688.66
273,65536,1,1024,1688.37
273,65536,1,2048,1689.51
273,65536,1,4096,1688.06
273,65536,1,8192,1688.9
273,65536,1,16384,1688.68
273,65536,1,32768,1688.3
273,65536,1,65536,1689.58
273,65536,2,16,1687.65
273,65536,2,32,1687.74
273,65536,2,64,1687.83
273,65536,2,128,1688.08
273,65536,2,256,1688.25
273,65536,2,512,1687.46
273,65536,2,1024,1687.49
273,65536,2,2048,1688.75
273,65536,2,4096,1688.46
273,65536,2,8192,1687.92
273,65536,2,16384,1689.48
273,65536,2,32768,1686.45
273,65536,2,65536,1688.15
273,65536,4,16,1687.72
273,65536,4,32,1687.43
273,65536,4,64,1687.41
273,65536,4,128,1687.5
273,65536,4,256,1687.96
273,65536,4,512,1687.65
273,65536,4,1024,1688.53
273,65536,4,2048,1688.96
273,65536,4,4096,1688.13
273,65536,4,8192,1687.42
273,65536,4,16384,1687.29
273,65536,4,32768,1685.73
273,65536,4,65536,1687.64
273,65536,8,16,1686.72
273,65536,8,32,1686.57
273,65536,8,64,1686.29
273,65536,8,128,1686.13
273,65536,8,256,1687.11
273,65536,8,512,1685.82
273,65536,8,1024,1686.22
273,65536,8,2048,1687.44
273,65536,8,4096,1686.44
273,65536,8,8192,1687.6
273,65536,8,16384,1686.84
273,65536,8,32768,1687.05
273,65536,8,65536,1687.21
273,65536,16,16,1685.88
273,65536,16,32,1689.76
273,65536,16,64,1686.64
273,65536,16,128,1686.81
273,65536,16,256,1687.72
273,65536,16,512,1687.35
273,65536,16,1024,1688.04
273,65536,16,2048,1687.05
273,65536,16,4096,1686.74
273,65536,16,8192,1688.65
273,65536,16,16384,1688.38
273,65536,16,32768,1687.99
273,65536,16,65536,1693.88
273,65536,32,16,1687.81
273,65536,32,32,1687.96
273,65536,32,64,1687.73
273,65536,32,128,1688.91
273,65536,32,256,1688.29
273,65536,32,512,1688.12
273,65536,32,1024,1686.79
273,65536,32,2048,1687.26
273,65536,32,4096,1688.06
273,65536,32,8192,1687.46
273,65536,32,16384,1689.82
273,65536,32,32768,1693.32
273,65536,32,65536,1708.86
273,65536,64,16,1690.06
273,65536,64,32,1689.21
273,65536,64,64,1689.51
273,65536,64,128,1688.72
273,65536,64,256,1688.62
273,65536,64,512,1688.5
273,65536,64,1024,1690.31
273,65536,64,2048,1688.67
273,65536,64,4096,1690.71
273,65536,64,8192,1691.83
273,65536,64,16384,1694
273,65536,64,32768,1713.6
273,65536,64,65536,3330.61
273,65536,128,16,1692.5
273,65536,128,32,1691.17
273,65536,128,64,1691.46
273,65536,128,128,1693.08
273,65536,128,256,1693.79
273,65536,128,512,1696.55
273,65536,128,1024,1701.18
273,65536,128,2048,1705.99
273,65536,128,4096,1719.28
273,65536,128,8192,1744.27
273,65536,128,16384,1801.52
273,65536,128,32768,2517.56
273,65536,128,65536,3371.75
410,0,0,0,41.9732
410,0,1,16,44.6132
410,0,1,32,44.997
410,0,1,64,44.816
410,0,1,128,44.9013
410,0,1,256,44.8107
410,0,1,512,44.0963
410,0,1,1024,44.3093
410,0,1,2048,44.8852
410,0,1,4096,55.1945
410,0,1,8192,75.1468
410,0,1,16384,117.045
410,0,1,32768,200.22
410,0,1,65536,363.948
410,0,2,16,43.558
410,0,2,32,43.7868
410,0,2,64,43.6528
410,0,2,128,43.5528
410,0,2,256,43.7975
410,0,2,512,43.6325
410,0,2,1024,43.6213
410,0,2,2048,43.9678
410,0,2,4096,54.251
410,0,2,8192,74.7685
410,0,2,16384,116.945
410,0,2,32768,199.883
410,0,2,65536,362.268
410,0,4,16,44.2285
410,0,4,32,44.0325
410,0,4,64,43.835
410,0,4,128,43.9307
410,0,4,256,44.2935
410,0,4,512,43.9952
410,0,4,1024,43.9895
410,0,4,2048,44.6722
410,0,4,4096,55.4025
410,0,4,8192,75.6377
410,0,4,16384,118.395
410,0,4,32768,200.977
410,0,4,65536,362.785
410,0,8,16,44.9333
410,0,8,32,44.8003
410,0,8,64,44.9388
410,0,8,128,45.0242
410,0,8,256,44.88
410,0,8,512,44.746
410,0,8,1024,45.1527
410,0,8,2048,49.7023
410,0,8,4096,58.0423
410,0,8,8192,79.0615
410,0,8,16384,121.382
410,0,8,32768,204.224
410,0,8,65536,368.113
410,0,16,16,45.125
410,0,16,32,45.104
410,0,16,64,44.9763
410,0,16,128,45.2637
410,0,16,256,45.2483
410,0,16,512,45.1248
410,0,16,1024,49.4247
410,0,16,2048,54.9813
410,0,16,4096,62.4057
410,0,16,8192,86.0375
410,0,16,16384,130.736
410,0,16,32768,217.53
410,0,16,65536,393.691
410,0,32,16,46.0633
410,0,32,32,46.4267
410,0,32,64,46.1495
410,0,32,128,46.085
410,0,32,256,46.3032
410,0,32,512,49.5357
410,0,32,1024,53.9625
410,0,32,2048,68.502
410,0,32,4096,83.1683
410,0,32,8192,121.904
410,0,32,16384,188.133
410,0,32,32768,322.912
410,0,32,65536,599.649
410,0,64,16,48.5707
410,0,64,32,48.768
410,0,64,64,49.5733
410,0,64,128,51.2315
410,0,64,256,52.6352
410,0,64,512,55.2162
410,0,64,1024,75.5097
410,0,64,2048,94.0003
410,0,64,4096,128.293
410,0,64,8192,192.256
410,0,64,16384,326.411
410,0,64,32768,601.399
410,0,64,65536,1140.61
410,0,128,16,60.2135
410,0,128,32,61.0515
410,0,128,64,62.869
410,0,128,128,65.712
410,0,128,256,70.843
410,0,128,512,79.7115
410,0,128,1024,97.8243
410,0,128,2048,131.312
410,0,128,4096,196.054
410,0,128,8192,330.422
410,0,128,16384,605.265
410,0,128,32768,1143.35
410,0,128,65536,2215.17
410,16,0,0,42.1817
410,16,1,16,44.7625
410,16,1,32,45.0613
410,16,1,64,44.9762
410,16,1,128,45.0508
410,16,1,256,45.0077
410,16,1,512,44.7842
410,16,1,1024,45.3868
410,16,1,2048,45.4502
410,16,1,4096,55.6428
410,16,1,8192,75.8188
410,16,1,16384,117.855
410,16,1,32768,200.118
410,16,1,65536,363.521
410,16,2,16,43.9418
410,16,2,32,43.7227
410,16,2,64,43.957
410,16,2,128,43.6373
410,16,2,256,43.5633
410,16,2,512,44.3837
410,16,2,1024,44.304
410,16,2,2048,44.7258
410,16,2,4096,55.8882
410,16,2,8192,75.4723
410,16,2,16384,117.873
410,16,2,32768,200.949
410,16,2,65536,362.88
410,16,4,16,44.3685
410,16,4,32,44.4748
410,16,4,64,44.2403
410,16,4,128,44.2398
410,16,4,256,43.9095
410,16,4,512,44.8375
410,16,4,1024,44.6242
410,16,4,2048,45.4297
410,16,4,4096,56.3363
410,16,4,8192,76.4645
410,16,4,16384,119.248
410,16,4,32768,201.488
410,16,4,65536,364.193
410,16,8,16,44.939
410,16,8,32,45.1572
410,16,8,64,44.9065
410,16,8,128,45.1685
410,16,8,256,45.03
410,16,8,512,45.6535
410,16,8,1024,46.1758
410,16,8,2048,56.7308
410,16,8,4096,64.4217
410,16,8,8192,86.4157
410,16,8,16384,128.96
410,16,8,32768,211.638
410,16,8,65536,374.124
410,16,16,16,45.2748
410,16,16,32,45.2053
410,16,16,64,45.2477
410,16,16,128,45.3175
410,16,16,256,45.1733
410,16,16,512,50.1547
410,16,16,1024,56.8003
410,16,16,2048,63.072
410,16,16,4096,72.517
410,16,16,8192,96.3623
410,16,16,16384,138.646
410,16,16,32768,228.048
410,16,16,65536,392.977
410,16,32,16,45.3973
410,16,32,32,45.5892
410,16,32,64,45.5093
410,16,32,128,45.6537
410,16,32,256,48.469
410,16,32,512,55.5363
410,16,32,1024,61.8452
410,16,32,2048,73.0083
410,16,32,4096,93.8135
410,16,32,8192,127.163
410,16,32,16384,191.67
410,16,32,32768,324.806
410,16,32,65536,592.764
410,16,64,16,46.838
410,16,64,32,47.013
410,16,64,64,47.1152
410,16,64,128,48.9072
410,16,64,256,53.8088
410,16,64,512,61.9892
410,16,64,1024,74.416
410,16,64,2048,93.6483
410,16,64,4096,129.392
410,16,64,8192,195.067
410,16,64,16384,328.683
410,16,64,32768,596.556
410,16,64,65536,1135.19
410,16,128,16,52.6935
410,16,128,32,52.9173
410,16,128,64,56.048
410,16,128,128,58.3733
410,16,128,256,63.9203
410,16,128,512,76.491
410,16,128,1024,96.064
410,16,128,2048,131.179
410,16,128,4096,197.035
410,16,128,8192,329.718
410,16,128,16384,598.833
410,16,128,32768,1132.06
410,16,128,65536,2202.95
410,32,0,0,42.4477
410,32,1,16,45.4132
410,32,1,32,45.339
410,32,1,64,45.3177
410,32,1,128,45.1095
410,32,1,256,45.226
410,32,1,512,45.3498
410,32,1,1024,45.6588
410,32,1,2048,45.776
410,32,1,4096,55.4237
410,32,1,8192,75.4195
410,32,1,16384,117.872
410,32,1,32768,200.347
410,32,1,65536,362.886
410,32,2,16,44.1812
410,32,2,32,44.4743
410,32,2,64,44.1558
410,32,2,128,44.2238
410,32,2,256,44.0748
410,32,2,512,44.6878
410,32,2,1024,44.8538
410,32,2,2048,45.0558
410,32,2,4096,55.1683
410,32,2,8192,75.7822
410,32,2,16384,117.92
410,32,2,32768,200.939
410,32,2,65536,363.228
410,32,4,16,44.581
410,32,4,32,44.5067
410,32,4,64,44.5233
410,32,4,128,44.5552
410,32,4,256,44.5278
410,32,4,512,45.2958
410,32,4,1024,45.3492
410,32,4,2048,45.5093
410,32,4,4096,56.0855
410,32,4,8192,76.6827
410,32,4,16384,119.504
410,32,4,32768,201.361
410,32,4,65536,364.524
410,32,8,16,45.0453
410,32,8,32,45.5038
410,32,8,64,45.4503
410,32,8,128,45.3333
410,32,8,256,45.5257
410,32,8,512,45.8503
410,32,8,1024,46.3945
410,32,8,2048,56.4163
410,32,8,4096,65.3655
410,32,8,8192,87.2802
410,32,8,16384,129.569
410,32,8,32768,213.27
410,32,8,65536,376.566
410,32,16,16,45.4397
410,32,16,32,45.7932
410,32,16,64,45.557
410,32,16,128,45.3978
410,32,16,256,45.333
410,32,16,512,50.2298
410,32,16,1024,56.736
410,32,16,2048,63.2537
410,32,16,4096,72.6613
410,32,16,8192,95.5788
410,32,16,16384,138.518
410,32,16,32768,223.477
410,32,16,65536,392.599
410,32,32,16,45.766
410,32,32,32,45.9683
410,32,32,64,45.8508
410,32,32,128,46.2132
410,32,32,256,48.5493
410,32,32,512,55.206
410,32,32,1024,61.9417
410,32,32,2048,73.6645
410,32,32,4096,92.9015
410,32,32,8192,127.888
410,32,32,16384,193.216
410,32,32,32768,327.835
410,32,32,65536,596.492
410,32,64,16,47.1685
410,32,64,32,47.5627
410,32,64,64,47.5413
410,32,64,128,49.7658
410,32,64,256,53.5735
410,32,64,512,62.395
410,32,64,1024,74.5227
410,32,64,2048,94.5233
410,32,64,4096,129.606
410,32,64,8192,195.841
410,32,64,16384,328.907
410,32,64,32768,596.753
410,32,64,65536,1125.63
410,32,128,16,52.7685
410,32,128,32,52.4803
410,32,128,64,56.32
410,32,128,128,58.3305
410,32,128,256,63.6377
410,32,128,512,76.7523
410,32,128,1024,95.8245
410,32,128,2048,131.036
410,32,128,4096,196.337
410,32,128,8192,331.147
410,32,128,16384,599.762
410,32,128,32768,1131.61
410,32,128,65536,2209.66
410,64,0,0,65.4718
410,64,1,16,67.792
410,64,1,32,68.043
410,64,1,64,67.8725
410,64,1,128,66.3042
410,64,1,256,68.8912
410,64,1,512,69.8135
410,64,1,1024,46.326
410,64,1,2048,46.5923
410,64,1,4096,56.0052
410,64,1,8192,75.6105
410,64,1,16384,117.772
410,64,1,32768,200.673
410,64,1,65536,363.479
410,64,2,16,67.099
410,64,2,32,66.8692
410,64,2,64,65.2268
410,64,2,128,65.4132
410,64,2,256,67.8995
410,64,2,512,45.803
410,64,2,1024,46.0167
410,64,2,2048,45.9515
410,64,2,4096,55.5682
410,64,2,8192,75.7333
410,64,2,16384,117.931
410,64,2,32768,200.832
410,64,2,65536,363.451
410,64,4,16,67.0193
410,64,4,32,66.619
410,64,4,64,66.1227
410,64,4,128,65.408
410,64,4,256,45.2693
410,64,4,512,46.4162
410,64,4,1024,46.6293
410,64,4,2048,46.7688
410,64,4,4096,56.3097
410,64,4,8192,76.8318
410,64,4,16384,118.966
410,64,4,32768,201.334
410,64,4,65536,364.236
410,64,8,16,67.3118
410,64,8,32,68.5557
410,64,8,64,66.5608
410,64,8,128,46.3197
410,64,8,256,46.3363
410,64,8,512,46.9333
410,64,8,1024,47.2908
410,64,8,2048,58.1598
410,64,8,4096,66.1548
410,64,8,8192,87.792
410,64,8,16384,130.485
410,64,8,32768,214.102
410,64,8,65536,376.54
410,64,16,16,67.9947
410,64,16,32,67.7603
410,64,16,64,46.5115
410,64,16,128,46.6722
410,64,16,256,46.6295
410,64,16,512,47.9948
410,64,16,1024,58.6713
410,64,16,2048,64.3628
410,64,16,4096,73.633
410,64,16,8192,96.4645
410,64,16,16384,139.931
410,64,16,32768,228.496
410,64,16,65536,400.95
410,64,32,16,47.0242
410,64,32,32,47.0883
410,64,32,64,46.933
410,64,32,128,46.8537
410,64,32,256,49.905
410,64,32,512,56.9438
410,64,32,1024,62.9545
410,64,32,2048,74.72
410,64,32,4096,95.0135
410,64,32,8192,128.801
410,64,32,16384,193.195
410,64,32,32768,327.051
410,64,32,65536,594.791
410,64,64,16,48.656
410,64,64,32,48.7042
410,64,64,64,48.6822
410,64,64,128,49.7332
410,64,64,256,55.1362
410,64,64,512,63.4357
410,64,64,1024,76.5813
410,64,64,2048,94.3577
410,64,64,4096,130.336
410,64,64,8192,195.483
410,64,64,16384,329.665
410,64,64,32768,596.966
410,64,64,65536,1136.09
410,64,128,16,52.4058
410,64,128,32,52.5657
410,64,128,64,57.456
410,64,128,128,60.1545
410,64,128,256,65.7762
410,64,128,512,76.9712
410,64,128,1024,96.3263
410,64,128,2048,130.992
410,64,128,4096,196.15
410,64,128,8192,330.752
410,64,128,16384,598.918
410,64,128,32768,1137.77
410,64,128,65536,2211.2
410,128,0,0,68.2137
410,128,1,16,69.4932
410,128,1,32,69.984
410,128,1,64,69.5308
410,128,1,128,69.3767
410,128,1,256,69.5528
410,128,1,512,70.5705
410,128,1,1024,72.315
410,128,1,2048,74.7098
410,128,1,4096,55.7655
410,128,1,8192,75.6532
410,128,1,16384,117.76
410,128,1,32768,201.105
410,128,1,65536,363.233
410,128,2,16,69.0828
410,128,2,32,68.4533
410,128,2,64,69.4352
410,128,2,128,67.5035
410,128,2,256,68.4855
410,128,2,512,69.264
410,128,2,1024,47.5525
410,128,2,2048,47.6852
410,128,2,4096,55.5203
410,128,2,8192,75.499
410,128,2,16384,117.691
410,128,2,32768,200.779
410,128,2,65536,363.847
410,128,4,16,68.7788
410,128,4,32,69.0242
410,128,4,64,68.6347
410,128,4,128,67.4772
410,128,4,256,69.6642
410,128,4,512,47.488
410,128,4,1024,48.25
410,128,4,2048,48.7943
410,128,4,4096,56.3305
410,128,4,8192,76.662
410,128,4,16384,119.083
410,128,4,32768,201.925
410,128,4,65536,365.633
410,128,8,16,70.5658
410,128,8,32,70.5763
410,128,8,64,70.3205
410,128,8,128,68.2565
410,128,8,256,47.9953
410,128,8,512,48.3683
410,128,8,1024,49.008
410,128,8,2048,59.7873
410,128,8,4096,67.2325
410,128,8,8192,89.7598
410,128,8,16384,132.49
410,128,8,32768,214.945
410,128,8,65536,377.937
410,128,16,16,69.6533
410,128,16,32,70.1707
410,128,16,64,69.6742
410,128,16,128,48.4538
410,128,16,256,48.3685
410,128,16,512,48.3147
410,128,16,1024,59.9787
410,128,16,2048,66.5815
410,128,16,4096,79.4297
410,128,16,8192,98.4807
410,128,16,16384,143.094
410,128,16,32768,226.241
410,128,16,65536,396.171
410,128,32,16,70.3838
410,128,32,32,70.1333
410,128,32,64,48.5817
410,128,32,128,48.6132
410,128,32,256,51.8772
410,128,32,512,58.6187
410,128,32,1024,64.3625
410,128,32,2048,79.4875
410,128,32,4096,96.0218
410,128,32,8192,135.552
410,128,32,16384,195.377
410,128,32,32768,329.334
410,128,32,65536,598.076
410,128,64,16,50.336
410,128,64,32,50.224
410,128,64,64,50.7248
410,128,64,128,50.4692
410,128,64,256,56.2237
410,128,64,512,64.709
410,128,64,1024,80.5498
410,128,64,2048,96.24
410,128,64,4096,130.843
410,128,64,8192,198.017
410,128,64,16384,330.432
410,128,64,32768,597.58
410,128,64,65536,1137.03
410,128,128,16,54.1655
410,128,128,32,54.9337
410,128,128,64,57.4238
410,128,128,128,61.6003
410,128,128,256,67.5742
410,128,128,512,78.0535
410,128,128,1024,97.8618
410,128,128,2048,132.667
410,128,128,4096,198.576
410,128,128,8192,334.849
410,128,128,16384,599.974
410,128,128,32768,1135.38
410,128,128,65536,2214.68
410,256,0,0,71.0457
410,256,1,16,72.9122
410,256,1,32,72.9068
410,256,1,64,72.6777
410,256,1,128,73.088
410,256,1,256,70.9557
410,256,1,512,77.7922
410,256,1,1024,78.63
410,256,1,2048,79.195
410,256,1,4096,86.3413
410,256,1,8192,75.5525
410,256,1,16384,117.92
410,256,1,32768,200.709
410,256,1,65536,363.495
410,256,2,16,72.4212
410,256,2,32,71.6803
410,256,2,64,72.1553
410,256,2,128,72.0802
410,256,2,256,70.6402
410,256,2,512,77.157
410,256,2,1024,77.9305
410,256,2,2048,78.5502
410,256,2,4096,55.4563
410,256,2,8192,75.6747
410,256,2,16384,117.867
410,256,2,32768,200.95
410,256,2,65536,364.47
410,256,4,16,72.0058
410,256,4,32,72.1285
410,256,4,64,72.1593
410,256,4,128,71.9848
410,256,4,256,71.003
410,256,4,512,77.216
410,256,4,1024,51.2642
410,256,4,2048,52.715
410,256,4,4096,56.2298
410,256,4,8192,77.0135
410,256,4,16384,119.104
410,256,4,32768,201.83
410,256,4,65536,365.196
410,256,8,16,73.5148
410,256,8,32,73.75
410,256,8,64,73.5197
410,256,8,128,73.707
410,256,8,256,71.6317
410,256,8,512,50.9648
410,256,8,1024,52.0907
410,256,8,2048,53.7227
410,256,8,4096,70.7683
410,256,8,8192,93.0295
410,256,8,16384,135.499
410,256,8,32768,218.758
410,256,8,65536,380.395
410,256,16,16,73.3223
410,256,16,32,73.3235
410,256,16,64,72.7677
410,256,16,128,72.7675
410,256,16,256,51.7438
410,256,16,512,51.7068
410,256,16,1024,63.5047
410,256,16,2048,69.7712
410,256,16,4096,82.096
410,256,16,8192,101.498
410,256,16,16384,144.917
410,256,16,32768,234.128
410,256,16,65536,406.796
410,256,32,16,73.3923
410,256,32,32,72.9343
410,256,32,64,72.561
410,256,32,128,51.9307
410,256,32,256,54.0267
410,256,32,512,62.165
410,256,32,1024,67.6855
410,256,32,2048,82.8318
410,256,32,4096,99.6588
410,256,32,8192,138.134
410,256,32,16384,197.899
410,256,32,32768,331.35
410,256,32,65536,599.501
410,256,64,16,72.3252
410,256,64,32,73.856
410,256,64,64,53.718
410,256,64,128,53.504
410,256,64,256,57.4882
410,256,64,512,67.2643
410,256,64,1024,82.9815
410,256,64,2048,97.9255
410,256,64,4096,134.23
410,256,64,8192,199.691
410,256,64,16384,333.969
410,256,64,32768,602.615
410,256,64,65536,1143.05
410,256,128,16,57.712
410,256,128,32,57.7603
410,256,128,64,59.072
410,256,128,128,62.928
410,256,128,256,69.9637
410,256,128,512,80.3152
410,256,128,1024,99.8988
410,256,128,2048,135.574
410,256,128,4096,200.8
410,256,128,8192,334.188
410,256,128,16384,604.246
410,256,128,32768,1137.87
410,256,128,65536,2212.82
410,512,0,0,77.413
410,512,1,16,79.0668
410,512,1,32,79.5518
410,512,1,64,79.1472
410,512,1,128,79.1095
410,512,1,256,79.5788
410,512,1,512,80.6992
410,512,1,1024,82.3678
410,512,1,2048,85.8558
410,512,1,4096,89.942
410,512,1,8192,111.296
410,512,1,16384,118.155
410,512,1,32768,200.581
410,512,1,65536,363.691
410,512,2,16,79.152
410,512,2,32,78.3038
410,512,2,64,78.7097
410,512,2,128,78.6562
410,512,2,256,78.4587
410,512,2,512,80.0645
410,512,2,1024,80.7307
410,512,2,2048,85.0667
410,512,2,4096,88.8428
410,512,2,8192,75.7017
410,512,2,16384,118.261
410,512,2,32768,200.918
410,512,2,65536,364.358
410,512,4,16,78.6612
410,512,4,32,78.7792
410,512,4,64,78.5922
410,512,4,128,78.9445
410,512,4,256,78.5123
410,512,4,512,80.6718
410,512,4,1024,82.027
410,512,4,2048,85.8773
410,512,4,4096,58.5068
410,512,4,8192,76.929
410,512,4,16384,119.968
410,512,4,32768,202.544
410,512,4,65536,365.649
410,512,8,16,80.283
410,512,8,32,80.4965
410,512,8,64,80.0807
410,512,8,128,80.1065
410,512,8,256,80.0643
410,512,8,512,81.9997
410,512,8,1024,58.8907
410,512,8,2048,59.3337
410,512,8,4096,83.1468
410,512,8,8192,99.8775
410,512,8,16384,142.571
410,512,8,32768,226.549
410,512,8,65536,389.862
410,512,16,16,79.787
410,512,16,32,79.8877
410,512,16,64,79.7545
410,512,16,128,79.6482
410,512,16,256,79.509
410,512,16,512,58.1063
410,512,16,1024,68.9013
410,512,16,2048,83.8772
410,512,16,4096,95.334
410,512,16,8192,108
410,512,16,16384,153.056
410,512,16,32768,239.781
410,512,16,65536,414.156
410,512,32,16,79.8887
410,512,32,32,79.3972
410,512,32,64,79.8882
410,512,32,128,80.2083
410,512,32,256,58.6885
410,512,32,512,67.3865
410,512,32,1024,83.1522
410,512,32,2048,89.6265
410,512,32,4096,104.693
410,512,32,8192,143.803
410,512,32,16384,202.554
410,512,32,32768,336.252
410,512,32,65536,605.308
410,512,64,16,81.0293
410,512,64,32,81.4137
410,512,64,64,78.8483
410,512,64,128,60.6133
410,512,64,256,63.7718
410,512,64,512,70.9283
410,512,64,1024,89.2647
410,512,64,2048,102.389
410,512,64,4096,137.478
410,512,64,8192,203.255
410,512,64,16384,337.398
410,512,64,32768,606.22
410,512,64,65536,1143.39
410,512,128,16,87.2375
410,512,128,32,87.7123
410,512,128,64,64.2562
410,512,128,128,68.1333
410,512,128,256,74.4325
410,512,128,512,86.438
410,512,128,1024,104.101
410,512,128,2048,139.839
410,512,128,4096,205.659
410,512,128,8192,338.988
410,512,128,16384,607.985
410,512,128,32768,1146.95
410,512,128,65536,2217.72
410,1024,0,0,91.274
410,1024,1,16,92.5708
410,1024,1,32,92.2832
410,1024,1,64,92.6717
410,1024,1,128,92.6455
410,1024,1,256,92.7687
410,1024,1,512,92.4212
410,1024,1,1024,100.886
410,1024,1,2048,102.577
410,1024,1,4096,102.939
410,1024,1,8192,117.648
410,1024,1,16384,159.846
410,1024,1,32768,200.881
410,1024,1,65536,364.087
410,1024,2,16,92.0537
410,1024,2,32,92.262
410,1024,2,64,91.5955
410,1024,2,128,92.1762
410,1024,2,256,92.5073
410,1024,2,512,91.9998
410,1024,2,1024,100.011
410,1024,2,2048,101.59
410,1024,2,4096,102.016
410,1024,2,8192,117.003
410,1024,2,16384,119.05
410,1024,2,32768,201.675
410,1024,2,65536,366.048
410,1024,4,16,92.1013
410,1024,4,32,91.8138
410,1024,4,64,92.059
410,1024,4,128,92.1975
410,1024,4,256,92.2985
410,1024,4,512,92.432
410,1024,4,1024,101.008
410,1024,4,2048,102.465
410,1024,4,4096,110.763
410,1024,4,8192,76.4478
410,1024,4,16384,120.581
410,1024,4,32768,203.729
410,1024,4,65536,365.82
410,1024,8,16,93.3337
410,1024,8,32,93.5747
410,1024,8,64,93.6
410,1024,8,128,93.1628
410,1024,8,256,93.2272
410,1024,8,512,93.0132
410,1024,8,1024,102.449
410,1024,8,2048,104.016
410,1024,8,4096,72.6988
410,1024,8,8192,113.093
410,1024,8,16384,156.326
410,1024,8,32768,239.312
410,1024,8,65536,402.619
410,1024,16,16,93.0825
410,1024,16,32,92.9605
410,1024,16,64,93.0138
410,1024,16,128,93.2427
410,1024,16,256,93.0238
410,1024,16,512,93.5313
410,1024,16,1024,71.482
410,1024,16,2048,96.2452
410,1024,16,4096,107.904
410,1024,16,8192,130.117
410,1024,16,16384,165.19
410,1024,16,32768,249.287
410,1024,16,65536,419.458
410,1024,32,16,93.0237
410,1024,32,32,93.2857
410,1024,32,64,92.507
410,1024,32,128,92.8113
410,1024,32,256,94.3683
410,1024,32,512,72.1657
410,1024,32,1024,95.1947
410,1024,32,2048,99.6108
410,1024,32,4096,130.912
410,1024,32,8192,154.549
410,1024,32,16384,226.902
410,1024,32,32768,345.329
410,1024,32,65536,614.7
410,1024,64,16,94.518
410,1024,64,32,94.5338
410,1024,64,64,95.1572
410,1024,64,128,95.8402
410,1024,64,256,73.4562
410,1024,64,512,84.5547
410,1024,64,1024,98.7153
410,1024,64,2048,130.469
410,1024,64,4096,147.729
410,1024,64,8192,214.081
410,1024,64,16384,346.385
410,1024,64,32768,616.657
410,1024,64,65536,1153.39
410,1024,128,16,98.9008
410,1024,128,32,98.5708
410,1024,128,64,97.0615
410,1024,128,128,77.8078
410,1024,128,256,85.2427
410,1024,128,512,95.8723
410,1024,128,1024,115.259
410,1024,128,2048,148.555
410,1024,128,4096,214.779
410,1024,128,8192,350.15
410,1024,128,16384,615.937
410,1024,128,32768,1153.86
410,1024,128,65536,2226.73
410,2048,0,0,117.632
410,2048,1,16,119.387
410,2048,1,32,119.989
410,2048,1,64,119.664
410,2048,1,128,120.149
410,2048,1,256,120.913
410,2048,1,512,120.117
410,2048,1,1024,120.102
410,2048,1,2048,140.123
410,2048,1,4096,142.507
410,2048,1,8192,142.96
410,2048,1,16384,173.938
410,2048,1,32768,256.347
410,2048,1,65536,364.481
410,2048,2,16,119.237
410,2048,2,32,118.922
410,2048,2,64,119.243
410,2048,2,128,119.025
410,2048,2,256,120.054
410,2048,2,512,119.728
410,2048,2,1024,119.525
410,2048,2,2048,140.688
410,2048,2,4096,141.046
410,2048,2,8192,142.197
410,2048,2,16384,173.105
410,2048,2,32768,202.661
410,2048,2,65536,365.196
410,2048,4,16,118.896
410,2048,4,32,119.824
410,2048,4,64,119.782
410,2048,4,128,119.755
410,2048,4,256,119.296
410,2048,4,512,119.382
410,2048,4,1024,119.499
410,2048,4,2048,140.769
410,2048,4,4096,142.518
410,2048,4,8192,142.955
410,2048,4,16384,121.169
410,2048,4,32768,204.342
410,2048,4,65536,367.035
410,2048,8,16,121.051
410,2048,8,32,120.422
410,2048,8,64,120.224
410,2048,8,128,120.529
410,2048,8,256,120.849
410,2048,8,512,120.8
410,2048,8,1024,120.96
410,2048,8,2048,142.133
410,2048,8,4096,144.283
410,2048,8,8192,107.409
410,2048,8,16384,183.573
410,2048,8,32768,266.555
410,2048,8,65536,427.11
410,2048,16,16,119.814
410,2048,16,32,120.513
410,2048,16,64,120.555
410,2048,16,128,121.099
410,2048,16,256,120.656
410,2048,16,512,120.497
410,2048,16,1024,121.67
410,2048,16,2048,143.227
410,2048,16,4096,150.021
410,2048,16,8192,169.558
410,2048,16,16384,209.308
410,2048,16,32768,275.76
410,2048,16,65536,443.004
410,2048,32,16,120.064
410,2048,32,32,120.667
410,2048,32,64,120.085
410,2048,32,128,121.11
410,2048,32,256,121.121
410,2048,32,512,122.246
410,2048,32,1024,99.7653
410,2048,32,2048,148.517
410,2048,32,4096,153.371
410,2048,32,8192,209.036
410,2048,32,16384,254.107
410,2048,32,32768,399.478
410,2048,32,65536,633.207
410,2048,64,16,122.043
410,2048,64,32,122.246
410,2048,64,64,122.267
410,2048,64,128,123.147
410,2048,64,256,122.965
410,2048,64,512,100.437
410,2048,64,1024,125.035
410,2048,64,2048,153.627
410,2048,64,4096,209.371
410,2048,64,8192,235.392
410,2048,64,16384,367.105
410,2048,64,32768,635.708
410,2048,64,65536,1170.89
410,2048,128,16,125.984
410,2048,128,32,125.723
410,2048,128,64,125.781
410,2048,128,128,126.672
410,2048,128,256,104.496
410,2048,128,512,115.99
410,2048,128,1024,137.051
410,2048,128,2048,168.822
410,2048,128,4096,237.803
410,2048,128,8192,374.08
410,2048,128,16384,640.796
410,2048,128,32768,1175.46
410,2048,128,65536,2248.78
410,4096,0,0,172.476
410,4096,1,16,173.952
410,4096,1,32,174.48
410,4096,1,64,173.654
410,4096,1,128,174.363
410,4096,1,256,174.827
410,4096,1,512,174.225
410,4096,1,1024,174.448
410,4096,1,2048,174.933
410,4096,1,4096,174.71
410,4096,1,8192,186.564
410,4096,1,16384,201.297
410,4096,1,32768,283.611
410,4096,1,65536,444.268
410,4096,2,16,172.726
410,4096,2,32,173.819
410,4096,2,64,173.104
410,4096,2,128,172.362
410,4096,2,256,173.323
410,4096,2,512,173.387
410,4096,2,1024,173.275
410,4096,2,2048,173.515
410,4096,2,4096,174.181
410,4096,2,8192,185.739
410,4096,2,16384,221.446
410,4096,2,32768,283.739
410,4096,2,65536,365.232
410,4096,4,16,173.109
410,4096,4,32,173.078
410,4096,4,64,172.901
410,4096,4,128,172.571
410,4096,4,256,173.318
410,4096,4,512,174.101
410,4096,4,1024,173.147
410,4096,4,2048,173.313
410,4096,4,4096,174.576
410,4096,4,8192,221.558
410,4096,4,16384,222.716
410,4096,4,32768,206.475
410,4096,4,65536,366.71
410,4096,8,16,174.283
410,4096,8,32,174.342
410,4096,8,64,174.154
410,4096,8,128,174.096
410,4096,8,256,174.453
410,4096,8,512,174.465
410,4096,8,1024,175.361
410,4096,8,2048,174.96
410,4096,8,4096,221.483
410,4096,8,8192,222.951
410,4096,8,16384,251.473
410,4096,8,32768,320.204
410,4096,8,65536,479.836
410,4096,16,16,174.08
410,4096,16,32,173.569
410,4096,16,64,173.973
410,4096,16,128,174.453
410,4096,16,256,174.731
410,4096,16,512,174.533
410,4096,16,1024,175.537
410,4096,16,2048,175.131
410,4096,16,4096,222.971
410,4096,16,8192,256.667
410,4096,16,16384,294.459
410,4096,16,32768,368.955
410,4096,16,65536,499.238
410,4096,32,16,174.251
410,4096,32,32,174.23
410,4096,32,64,174.006
410,4096,32,128,174.592
410,4096,32,256,174.843
410,4096,32,512,176.341
410,4096,32,1024,176.086
410,4096,32,2048,174.549
410,4096,32,4096,254.742
410,4096,32,8192,260.257
410,4096,32,16384,368.753
410,4096,32,32768,453.185
410,4096,32,65536,679.98
410,4096,64,16,175.488
410,4096,64,32,176.224
410,4096,64,64,176.609
410,4096,64,128,175.616
410,4096,64,256,177.259
410,4096,64,512,176.17
410,4096,64,1024,155.424
410,4096,64,2048,205.782
410,4096,64,4096,259.879
410,4096,64,8192,367.569
410,4096,64,16384,415.238
410,4096,64,32768,685.095
410,4096,64,65536,1214.63
410,4096,128,16,180.048
410,4096,128,32,179.846
410,4096,128,64,179.995
410,4096,128,128,180.609
410,4096,128,256,180.656
410,4096,128,512,159.552
410,4096,128,1024,184.47
410,4096,128,2048,217.969
410,4096,128,4096,279.66
410,4096,128,8192,416.934
410,4096,128,16384,692.087
410,4096,128,32768,1228.09
410,4096,128,65536,2300.07
410,8192,0,0,276.742
410,8192,1,16,278.534
410,8192,1,32,279.046
410,8192,1,64,279.707
410,8192,1,128,279.089
410,8192,1,256,279.206
410,8192,1,512,279.43
410,8192,1,1024,279.307
410,8192,1,2048,278.987
410,8192,1,4096,278.396
410,8192,1,8192,279.116
410,8192,1,16384,308.305
410,8192,1,32768,336.486
410,8192,1,65536,496.502
410,8192,2,16,277.436
410,8192,2,32,278.55
410,8192,2,64,278.006
410,8192,2,128,276.886
410,8192,2,256,278.171
410,8192,2,512,278.065
410,8192,2,1024,278.134
410,8192,2,2048,278.294
410,8192,2,4096,277.83
410,8192,2,8192,279.131
410,8192,2,16384,309.344
410,8192,2,32768,335.601
410,8192,2,65536,495.511
410,8192,4,16,277.936
410,8192,4,32,277.339
410,8192,4,64,277.68
410,8192,4,128,276.976
410,8192,4,256,278.033
410,8192,4,512,278.128
410,8192,4,1024,278.305
410,8192,4,2048,278.508
410,8192,4,4096,278.038
410,8192,4,8192,277.996
410,8192,4,16384,308.982
410,8192,4,32768,379.062
410,8192,4,65536,366.417
410,8192,8,16,278.683
410,8192,8,32,279.489
410,8192,8,64,278.561
410,8192,8,128,277.99
410,8192,8,256,279.244
410,8192,8,512,279.36
410,8192,8,1024,279.489
410,8192,8,2048,279.488
410,8192,8,4096,278.315
410,8192,8,8192,278.982
410,8192,8,16384,379.056
410,8192,8,32768,459.99
410,8192,8,65536,582.87
410,8192,16,16,278.821
410,8192,16,32,279.275
410,8192,16,64,278.785
410,8192,16,128,279.803
410,8192,16,256,279.307
410,8192,16,512,279.488
410,8192,16,1024,279.819
410,8192,16,2048,279.03
410,8192,16,4096,277.563
410,8192,16,8192,378.646
410,8192,16,16384,461.692
410,8192,16,32768,536.663
410,8192,16,65536,592.668
410,8192,32,16,279.457
410,8192,32,32,278.465
410,8192,32,64,279.878
410,8192,32,128,280.118
410,8192,32,256,280.224
410,8192,32,512,279.942
410,8192,32,1024,279.606
410,8192,32,2048,278.779
410,8192,32,4096,277.654
410,8192,32,8192,461.585
410,8192,32,16384,465.729
410,8192,32,32768,549.969
410,8192,32,65536,833.954
410,8192,64,16,281.179
410,8192,64,32,280.358
410,8192,64,64,279.68
410,8192,64,128,280.608
410,8192,64,256,280.257
410,8192,64,512,280.353
410,8192,64,1024,279.403
410,8192,64,2048,283.045
410,8192,64,4096,360.508
410,8192,64,8192,467.537
410,8192,64,16384,492.081
410,8192,64,32768,766.066
410,8192,64,65536,1304.74
410,8192,128,16,283.452
410,8192,128,32,283.03
410,8192,128,64,284.443
410,8192,128,128,283.899
410,8192,128,256,282.86
410,8192,128,512,283.942
410,8192,128,1024,262.593
410,8192,128,2048,312.982
410,8192,128,4096,374.225
410,8192,128,8192,493.377
410,8192,128,16384,778.226
410,8192,128,32768,1319.82
410,8192,128,65536,2390.85
410,16384,0,0,480.828
410,16384,1,16,482.726
410,16384,1,32,482.849
410,16384,1,64,483.708
410,16384,1,128,483.244
410,16384,1,256,482.685
410,16384,1,512,484.647
410,16384,1,1024,485.047
410,16384,1,2048,483.398
410,16384,1,4096,483.585
410,16384,1,8192,483.49
410,16384,1,16384,482.737
410,16384,1,32768,547.115
410,16384,1,65536,596.221
410,16384,2,16,482.886
410,16384,2,32,481.766
410,16384,2,64,484.486
410,16384,2,128,481.596
410,16384,2,256,481.847
410,16384,2,512,483.414
410,16384,2,1024,482.364
410,16384,2,2048,483.281
410,16384,2,4096,483.201
410,16384,2,8192,481.559
410,16384,2,16384,482.481
410,16384,2,32768,546.796
410,16384,2,65536,595.569
410,16384,4,16,481.751
410,16384,4,32,482.172
410,16384,4,64,482.156
410,16384,4,128,481.761
410,16384,4,256,484.209
410,16384,4,512,483.1
410,16384,4,1024,482.055
410,16384,4,2048,482.209
410,16384,4,4096,482.7
410,16384,4,8192,481.932
410,16384,4,16384,481.842
410,16384,4,32768,547.623
410,16384,4,65536,679.319
410,16384,8,16,482.875
410,16384,8,32,482.972
410,16384,8,64,483.068
410,16384,8,128,483.111
410,16384,8,256,482.982
410,16384,8,512,484.102
410,16384,8,1024,483.276
410,16384,8,2048,483.378
410,16384,8,4096,484.55
410,16384,8,8192,481.723
410,16384,8,16384,483.895
410,16384,8,32768,688.204
410,16384,8,65536,867.41
410,16384,16,16,483.564
410,16384,16,32,485.302
410,16384,16,64,483.223
410,16384,16,128,482.844
410,16384,16,256,483.643
410,16384,16,512,482.982
410,16384,16,1024,483.094
410,16384,16,2048,483.115
410,16384,16,4096,483.441
410,16384,16,8192,482.295
410,16384,16,16384,686.381
410,16384,16,32768,874.839
410,16384,16,65536,1007.39
410,16384,32,16,484.364
410,16384,32,32,484.561
410,16384,32,64,483.612
410,16384,32,128,483.847
410,16384,32,256,483.916
410,16384,32,512,482.966
410,16384,32,1024,482.327
410,16384,32,2048,482.508
410,16384,32,4096,482.993
410,16384,32,8192,481.575
410,16384,32,16384,874.034
410,16384,32,32768,879.357
410,16384,32,65536,1029.67
410,16384,64,16,484.194
410,16384,64,32,485.505
410,16384,64,64,485.249
410,16384,64,128,484.123
410,16384,64,256,484.108
410,16384,64,512,484.31
410,16384,64,1024,483.82
410,16384,64,2048,484.076
410,16384,64,4096,488.199
410,16384,64,8192,669.671
410,16384,64,16384,880.658
410,16384,64,32768,918.237
410,16384,64,65536,1449.79
410,16384,128,16,487.505
410,16384,128,32,488.118
410,16384,128,64,487.105
410,16384,128,128,486.795
410,16384,128,256,486.694
410,16384,128,512,487.398
410,16384,128,1024,487.766
410,16384,128,2048,487.132
410,16384,128,4096,571.265
410,16384,128,8192,685.019
410,16384,128,16384,922.818
410,16384,128,32768,1498.3
410,16384,128,65536,2550.12
410,32768,0,0,892.017
410,32768,1,16,893.985
410,32768,1,32,894.983
410,32768,1,64,894.045
410,32768,1,128,893.826
410,32768,1,256,894.647
410,32768,1,512,893.852
410,32768,1,1024,895.506
410,32768,1,2048,894.578
410,32768,1,4096,894.946
410,32768,1,8192,894.482
410,32768,1,16384,893.186
410,32768,1,32768,893.292
410,32768,1,65536,1018.53
410,32768,2,16,892.706
410,32768,2,32,894.941
410,32768,2,64,893.148
410,32768,2,128,893.256
410,32768,2,256,893.703
410,32768,2,512,893.879
410,32768,2,1024,894.754
410,32768,2,2048,892.787
410,32768,2,4096,893.538
410,32768,2,8192,894.317
410,32768,2,16384,892.119
410,32768,2,32768,892.311
410,32768,2,65536,1017.06
410,32768,4,16,895.639
410,32768,4,32,896.465
410,32768,4,64,894.407
410,32768,4,128,894.876
410,32768,4,256,893.175
410,32768,4,512,893.49
410,32768,4,1024,892.989
410,32768,4,2048,892.85
410,32768,4,4096,893.314
410,32768,4,8192,892.775
410,32768,4,16384,891.041
410,32768,4,32768,891.757
410,32768,4,65536,1019.58
410,32768,8,16,894.417
410,32768,8,32,894.115
410,32768,8,64,894.002
410,32768,8,128,894.663
410,32768,8,256,894.376
410,32768,8,512,894.509
410,32768,8,1024,895.495
410,32768,8,2048,893.543
410,32768,8,4096,894.274
410,32768,8,8192,895.527
410,32768,8,16384,892.754
410,32768,8,32768,893.228
410,32768,8,65536,1293.6
410,32768,16,16,894.445
410,32768,16,32,894.029
410,32768,16,64,894.237
410,32768,16,128,894.86
410,32768,16,256,895.388
410,32768,16,512,893.875
410,32768,16,1024,896.252
410,32768,16,2048,894.631
410,32768,16,4096,893.746
410,32768,16,8192,893.591
410,32768,16,16384,892.626
410,32768,16,32768,1303.92
410,32768,16,65536,1683.04
410,32768,32,16,895.362
410,32768,32,32,893.463
410,32768,32,64,894.333
410,32768,32,128,893.362
410,32768,32,256,893.314
410,32768,32,512,893.911
410,32768,32,1024,894.157
410,32768,32,2048,894.183
410,32768,32,4096,894.53
410,32768,32,8192,895.015
410,32768,32,16384,895.388
410,32768,32,32768,1699.84
410,32768,32,65536,1693.56
410,32768,64,16,896.909
410,32768,64,32,894.658
410,32768,64,64,895.805
410,32768,64,128,894.408
410,32768,64,256,894.941
410,32768,64,512,894.557
410,32768,64,1024,895.154
410,32768,64,2048,895.468
410,32768,64,4096,897.683
410,32768,64,8192,901.719
410,32768,64,16384,1288.38
410,32768,64,32768,1704.35
410,32768,64,65536,1763.58
410,32768,128,16,899.826
410,32768,128,32,900.712
410,32768,128,64,899.447
410,32768,128,128,898.978
410,32768,128,256,900.264
410,32768,128,512,899.143
410,32768,128,1024,899.084
410,32768,128,2048,899.559
410,32768,128,4096,899.964
410,32768,128,8192,1090.31
410,32768,128,16384,1311.01
410,32768,128,32768,1776.45
410,32768,128,65536,2913.92
410,65536,0,0,1700.87
410,65536,1,16,1703.36
410,65536,1,32,1702.48
410,65536,1,64,1701.91
410,65536,1,128,1701.57
410,65536,1,256,1703.03
410,65536,1,512,1701.97
410,65536,1,1024,1702.98
410,65536,1,2048,1705.59
410,65536,1,4096,1702.16
410,65536,1,8192,1701.92
410,65536,1,16384,1703.3
410,65536,1,32768,1701.83
410,65536,1,65536,1703.81
410,65536,2,16,1701.44
410,65536,2,32,1700.59
410,65536,2,64,1706.43
410,65536,2,128,1701.01
410,65536,2,256,1700
410,65536,2,512,1701.02
410,65536,2,1024,1701.57
410,65536,2,2048,1702.92
410,65536,2,4096,1700.87
410,65536,2,8192,1701.54
410,65536,2,16384,1701.57
410,65536,2,32768,1700.59
410,65536,2,65536,1700.24
410,65536,4,16,1701.7
410,65536,4,32,1701.56
410,65536,4,64,1701.03
410,65536,4,128,1701.71
410,65536,4,256,1701.16
410,65536,4,512,1700.37
410,65536,4,1024,1701.57
410,65536,4,2048,1700.65
410,65536,4,4096,1700.79
410,65536,4,8192,1700.35
410,65536,4,16384,1699.81
410,65536,4,32768,1704.62
410,65536,4,65536,1705.3
410,65536,8,16,1705.2
410,65536,8,32,1708.65
410,65536,8,64,1703.35
410,65536,8,128,1701.09
410,65536,8,256,1703.63
410,65536,8,512,1702.38
410,65536,8,1024,1702.19
410,65536,8,2048,1701.23
410,65536,8,4096,1702.64
410,65536,8,8192,1702.99
410,65536,8,16384,1704.27
410,65536,8,32768,1705.31
410,65536,8,65536,1701.95
410,65536,16,16,1702.82
410,65536,16,32,1703.61
410,65536,16,64,1702.73
410,65536,16,128,1702.09
410,65536,16,256,1702.67
410,65536,16,512,1701.83
410,65536,16,1024,1704.48
410,65536,16,2048,1705.54
410,65536,16,4096,1702.34
410,65536,16,8192,1703
410,65536,16,16384,1703.17
410,65536,16,32768,1705.11
410,65536,16,65536,1710.28
410,65536,32,16,1703.84
410,65536,32,32,1701.26
410,65536,32,64,1700.99
410,65536,32,128,1701.63
410,65536,32,256,1701.17
410,65536,32,512,1700.43
410,65536,32,1024,1701.72
410,65536,32,2048,1702.04
410,65536,32,4096,1701.81
410,65536,32,8192,1702.56
410,65536,32,16384,1701.5
410,65536,32,32768,1711.52
410,65536,32,65536,3318.47
410,65536,64,16,1703.3
410,65536,64,32,1703.53
410,65536,64,64,1704.25
410,65536,64,128,1702.88
410,65536,64,256,1702.89
410,65536,64,512,1703.99
410,65536,64,1024,1703.11
410,65536,64,2048,1703.64
410,65536,64,4096,1702.93
410,65536,64,8192,1706.66
410,65536,64,16384,1714.25
410,65536,64,32768,2503.49
410,65536,64,65536,3336.29
410,65536,128,16,1708.45
410,65536,128,32,1707.78
410,65536,128,64,1710.01
410,65536,128,128,1713.01
410,65536,128,256,1706.86
410,65536,128,512,1706.95
410,65536,128,1024,1712.39
410,65536,128,2048,1710.68
410,65536,128,4096,1707.85
410,65536,128,8192,1707.37
410,65536,128,16384,2097.85
410,65536,128,32768,2538.71
410,65536,128,65536,3513.03
615,0,0,0,56.2552
615,0,1,16,77.461
615,0,1,32,77.5413
615,0,1,64,78.08
615,0,1,128,78.497
615,0,1,256,78.1808
615,0,1,512,78.6882
615,0,1,1024,81.254
615,0,1,2048,82.0488
615,0,1,4096,83.4028
615,0,1,8192,86.5127
615,0,1,16384,90.7037
615,0,1,32768,97.525
615,0,1,65536,108.353
615,0,2,16,76.5335
615,0,2,32,76.8482
615,0,2,64,78.134
615,0,2,128,78.325
615,0,2,256,78.3257
615,0,2,512,79.349
615,0,2,1024,81.4358
615,0,2,2048,82.3527
615,0,2,4096,84.4695
615,0,2,8192,87.872
615,0,2,16384,94.1758
615,0,2,32768,106.502
615,0,2,65536,124.625
615,0,4,16,77.0938
615,0,4,32,76.9538
615,0,4,64,77.8447
615,0,4,128,78.219
615,0,4,256,78.1133
615,0,4,512,79.3547
615,0,4,1024,81.3655
615,0,4,2048,82.3893
615,0,4,4096,86.7367
615,0,4,8192,93.5518
615,0,4,16384,104.107
615,0,4,32768,123.125
615,0,4,65536,156.373
615,0,8,16,77.3763
615,0,8,32,77.553
615,0,8,64,78.3363
615,0,8,128,78.88
615,0,8,256,79.2215
615,0,8,512,80.0532
615,0,8,1024,82.7745
615,0,8,2048,86.5282
615,0,8,4096,92.571
615,0,8,8192,104.16
615,0,8,16384,122.88
615,0,8,32768,156.796
615,0,8,65536,225.035
615,0,16,16,78.0433
615,0,16,32,78.26
615,0,16,64,79.2477
615,0,16,128,80.1172
615,0,16,256,81.6543
615,0,16,512,83.4092
615,0,16,1024,86.9285
615,0,16,2048,92.896
615,0,16,4096,103.659
615,0,16,8192,121.718
615,0,16,16384,158.518
615,0,16,32768,224.054
615,0,16,65536,364.641
615,0,32,16,78.0585
615,0,32,32,79.0622
615,0,32,64,80.9867
615,0,32,128,81.9362
615,0,32,256,84.3628
615,0,32,512,87.8988
615,0,32,1024,94.0057
615,0,32,2048,104.784
615,0,32,4096,123.168
615,0,32,8192,158.538
615,0,32,16384,226.032
615,0,32,32768,365.947
615,0,32,65536,643.202
615,0,64,16,80.4535
615,0,64,32,80.9818
615,0,64,64,83.0618
615,0,64,128,85.7825
615,0,64,256,89.6578
615,0,64,512,95.1425
615,0,64,1024,106.125
615,0,64,2048,124.784
615,0,64,4096,159.595
615,0,64,8192,227.563
615,0,64,16384,366.545
615,0,64,32768,643.345
615,0,64,65536,1179.61
615,0,128,16,84.8538
615,0,128,32,84.6237
615,0,128,64,87.8192
615,0,128,128,90.6458
615,0,128,256,96.4542
615,0,128,512,107.734
615,0,128,1024,125.526
615,0,128,2048,161.104
615,0,128,4096,229.168
615,0,128,8192,370.289
615,0,128,16384,644.374
615,0,128,32768,1177.36
615,0,128,65536,2254.11
615,16,0,0,80.5605
615,16,1,16,101.712
615,16,1,32,102.337
615,16,1,64,103.135
615,16,1,128,103.179
615,16,1,256,103.276
615,16,1,512,104.106
615,16,1,1024,105.713
615,16,1,2048,106.46
615,16,1,4096,107.482
615,16,1,8192,111.12
615,16,1,16384,114.966
615,16,1,32768,122.107
615,16,1,65536,132.134
615,16,2,16,101.974
615,16,2,32,101.37
615,16,2,64,103.258
615,16,2,128,103.131
615,16,2,256,103.441
615,16,2,512,103.468
615,16,2,1024,105.936
615,16,2,2048,106.714
615,16,2,4096,108.939
615,16,2,8192,112.273
615,16,2,16384,119.078
615,16,2,32768,130.192
615,16,2,65536,148.644
615,16,4,16,101.402
615,16,4,32,101.952
615,16,4,64,102.32
615,16,4,128,102.752
615,16,4,256,102.864
615,16,4,512,103.173
615,16,4,1024,104.996
615,16,4,2048,107.057
615,16,4,4096,110.207
615,16,4,8192,117.568
615,16,4,16384,127.942
615,16,4,32768,147.834
615,16,4,65536,181.024
615,16,8,16,101.968
615,16,8,32,102.416
615,16,8,64,103.888
615,16,8,128,102.961
615,16,8,256,103.025
615,16,8,512,105.142
615,16,8,1024,107.451
615,16,8,2048,110.484
615,16,8,4096,117.025
615,16,8,8192,127.862
615,16,8,16384,148.628
615,16,8,32768,181.489
615,16,8,65536,248.598
615,16,16,16,102.869
615,16,16,32,102.955
615,16,16,64,103.211
615,16,16,128,104.369
615,16,16,256,105.163
615,16,16,512,107.791
615,16,16,1024,111.398
615,16,16,2048,116.993
615,16,16,4096,128.182
615,16,16,8192,147.615
615,16,16,16384,182.149
615,16,16,32768,248.139
615,16,16,65536,388.673
615,16,32,16,102.51
615,16,32,32,102.561
615,16,32,64,105.627
615,16,32,128,106.177
615,16,32,256,109.168
615,16,32,512,111.852
615,16,32,1024,117.329
615,16,32,2048,129.248
615,16,32,4096,147.067
615,16,32,8192,183.018
615,16,32,16384,249.504
615,16,32,32768,390.509
615,16,32,65536,668.145
615,16,64,16,105.101
615,16,64,32,105.381
615,16,64,64,107.035
615,16,64,128,111.168
615,16,64,256,114.055
615,16,64,512,119.9
615,16,64,1024,131.04
615,16,64,2048,150.011
615,16,64,4096,186.145
615,16,64,8192,252.102
615,16,64,16384,391.019
615,16,64,32768,669.522
615,16,64,65536,1206
615,16,128,16,108.742
615,16,128,32,109.579
615,16,128,64,113.088
615,16,128,128,115.681
615,16,128,256,121.387
615,16,128,512,133.531
615,16,128,1024,151.237
615,16,128,2048,185.306
615,16,128,4096,253.392
615,16,128,8192,395.186
615,16,128,16384,668.795
615,16,128,32768,1204.22
615,16,128,65536,2282.78
615,32,0,0,80.4487
615,32,1,16,102.055
615,32,1,32,101.723
615,32,1,64,103.574
615,32,1,128,103.14
615,32,1,256,102.977
615,32,1,512,102.939
615,32,1,1024,106.122
615,32,1,2048,106.401
615,32,1,4096,108.465
615,32,1,8192,111.739
615,32,1,16384,115.532
615,32,1,32768,122.538
615,32,1,65536,132.95
615,32,2,16,101.585
615,32,2,32,101.831
615,32,2,64,102.384
615,32,2,128,103.13
615,32,2,256,103.296
615,32,2,512,104.31
615,32,2,1024,105.898
615,32,2,2048,106.42
615,32,2,4096,108.507
615,32,2,8192,113.201
615,32,2,16384,118.871
615,32,2,32768,131.676
615,32,2,65536,148.816
615,32,4,16,101.644
615,32,4,32,101.308
615,32,4,64,102.779
615,32,4,128,102.8
615,32,4,256,103.583
615,32,4,512,104.186
615,32,4,1024,106.256
615,32,4,2048,107.675
615,32,4,4096,110.795
615,32,4,8192,117.548
615,32,4,16384,128.438
615,32,4,32768,147.664
615,32,4,65536,180.059
615,32,8,16,102.518
615,32,8,32,102.475
615,32,8,64,102.72
615,32,8,128,103.002
615,32,8,256,103.58
615,32,8,512,105.094
615,32,8,1024,107.542
615,32,8,2048,110.309
615,32,8,4096,118.027
615,32,8,8192,128.064
615,32,8,16384,147.557
615,32,8,32768,181.43
615,32,8,65536,247.922
615,32,16,16,102.32
615,32,16,32,103.238
615,32,16,64,103.705
615,32,16,128,104.743
615,32,16,256,105.615
615,32,16,512,107.51
615,32,16,1024,110.923
615,32,16,2048,117.354
615,32,16,4096,128.491
615,32,16,8192,147.521
615,32,16,16384,182.075
615,32,16,32768,248.165
615,32,16,65536,389.088
615,32,32,16,102.799
615,32,32,32,102.993
615,32,32,64,105.745
615,32,32,128,106.356
615,32,32,256,109.365
615,32,32,512,112.064
615,32,32,1024,117.429
615,32,32,2048,128.085
615,32,32,4096,147.476
615,32,32,8192,182.582
615,32,32,16384,249.446
615,32,32,32768,389.563
615,32,32,65536,667.393
615,32,64,16,105.028
615,32,64,32,105.308
615,32,64,64,107.158
615,32,64,128,110.87
615,32,64,256,113.522
615,32,64,512,119.318
615,32,64,1024,131.415
615,32,64,2048,150.031
615,32,64,4096,183.543
615,32,64,8192,251.99
615,32,64,16384,391.862
615,32,64,32768,668.523
615,32,64,65536,1206.42
615,32,128,16,109.179
615,32,128,32,109.062
615,32,128,64,111.978
615,32,128,128,114.288
615,32,128,256,121.068
615,32,128,512,132.474
615,32,128,1024,151.604
615,32,128,2048,185.345
615,32,128,4096,254.175
615,32,128,8192,394.678
615,32,128,16384,669.111
615,32,128,32768,1205.28
615,32,128,65536,2280.11
615,64,0,0,80.5437
615,64,1,16,102.401
615,64,1,32,101.967
615,64,1,64,104.277
615,64,1,128,103.457
615,64,1,256,103.233
615,64,1,512,104.069
615,64,1,1024,105.978
615,64,1,2048,106.417
615,64,1,4096,108.326
615,64,1,8192,111.471
615,64,1,16384,115.799
615,64,1,32768,122.341
615,64,1,65536,133.398
615,64,2,16,102.225
615,64,2,32,101.989
615,64,2,64,103.803
615,64,2,128,102.88
615,64,2,256,103.578
615,64,2,512,104.267
615,64,2,1024,106.154
615,64,2,2048,106.875
615,64,2,4096,109.194
615,64,2,8192,113.734
615,64,2,16384,119.05
615,64,2,32768,131.222
615,64,2,65536,148.619
615,64,4,16,102.495
615,64,4,32,102.177
615,64,4,64,102.955
615,64,4,128,103.616
615,64,4,256,103.534
615,64,4,512,103.739
615,64,4,1024,106.16
615,64,4,2048,107.823
615,64,4,4096,111.521
615,64,4,8192,118.576
615,64,4,16384,130.032
615,64,4,32768,148.944
615,64,4,65536,181.59
615,64,8,16,102.609
615,64,8,32,102.396
615,64,8,64,103.605
615,64,8,128,103.968
615,64,8,256,104.001
615,64,8,512,104.857
615,64,8,1024,108.154
615,64,8,2048,110.89
615,64,8,4096,117.358
615,64,8,8192,128.668
615,64,8,16384,147.142
615,64,8,32768,182.331
615,64,8,65536,248.406
615,64,16,16,102.87
615,64,16,32,102.369
615,64,16,64,103.723
615,64,16,128,104.828
615,64,16,256,106.298
615,64,16,512,107.637
615,64,16,1024,112.373
615,64,16,2048,118.411
615,64,16,4096,128.314
615,64,16,8192,147.098
615,64,16,16384,182.417
615,64,16,32768,248.843
615,64,16,65536,389.233
615,64,32,16,102.923
615,64,32,32,102.677
615,64,32,64,105.845
615,64,32,128,107.259
615,64,32,256,109.514
615,64,32,512,112.762
615,64,32,1024,118.784
615,64,32,2048,129.254
615,64,32,4096,147.59
615,64,32,8192,182.465
615,64,32,16384,250.964
615,64,32,32768,390.529
615,64,32,65536,666.631
615,64,64,16,104.843
615,64,64,32,105.068
615,64,64,64,107.669
615,64,64,128,110.816
615,64,64,256,114.624
615,64,64,512,120.443
615,64,64,1024,131.472
615,64,64,2048,150.426
615,64,64,4096,184.678
615,64,64,8192,252.741
615,64,64,16384,391.996
615,64,64,32768,669.82
615,64,64,65536,1207.92
615,64,128,16,109.537
615,64,128,32,110.385
615,64,128,64,112.672
615,64,128,128,114.87
615,64,128,256,122.106
615,64,128,512,132.693
615,64,128,1024,150.826
615,64,128,2048,185.676
615,64,128,4096,254.284
615,64,128,8192,394.754
615,64,128,16384,668.151
615,64,128,32768,1205.24
615,64,128,65536,2279.66
615,128,0,0,81.2433
615,128,1,16,102.155
615,128,1,32,102.32
615,128,1,64,103.185
615,128,1,128,103.243
615,128,1,256,103.307
615,128,1,512,103.783
615,128,1,1024,105.952
615,128,1,2048,106.827
615,128,1,4096,109.035
615,128,1,8192,112.022
615,128,1,16384,115.424
615,128,1,32768,122.875
615,128,1,65536,133.344
615,128,2,16,102.156
615,128,2,32,102.299
615,128,2,64,103.973
615,128,2,128,103.567
615,128,2,256,103.69
615,128,2,512,104.278
615,128,2,1024,106.342
615,128,2,2048,106.892
615,128,2,4096,109.199
615,128,2,8192,113.169
615,128,2,16384,119.606
615,128,2,32768,131.077
615,128,2,65536,148.662
615,128,4,16,102.817
615,128,4,32,102.769
615,128,4,64,103.078
615,128,4,128,103.442
615,128,4,256,102.795
615,128,4,512,103.946
615,128,4,1024,106.063
615,128,4,2048,108.299
615,128,4,4096,110.974
615,128,4,8192,119.045
615,128,4,16384,129.29
615,128,4,32768,148.107
615,128,4,65536,180.747
615,128,8,16,103.008
615,128,8,32,102.8
615,128,8,64,103.76
615,128,8,128,103.734
615,128,8,256,104.796
615,128,8,512,105.398
615,128,8,1024,107.521
615,128,8,2048,111.221
615,128,8,4096,117.948
615,128,8,8192,128.677
615,128,8,16384,148.827
615,128,8,32768,182.737
615,128,8,65536,250.07
615,128,16,16,103.029
615,128,16,32,102.762
615,128,16,64,103.51
615,128,16,128,104.715
615,128,16,256,105.546
615,128,16,512,108.101
615,128,16,1024,111.898
615,128,16,2048,117.284
615,128,16,4096,129.3
615,128,16,8192,146.619
615,128,16,16384,182.315
615,128,16,32768,249.025
615,128,16,65536,389.75
615,128,32,16,103.312
615,128,32,32,103.392
615,128,32,64,106.326
615,128,32,128,107.039
615,128,32,256,109.018
615,128,32,512,112.694
615,128,32,1024,119.201
615,128,32,2048,129.536
615,128,32,4096,147.541
615,128,32,8192,182.852
615,128,32,16384,250.082
615,128,32,32768,391.046
615,128,32,65536,666.258
615,128,64,16,104.711
615,128,64,32,105.136
615,128,64,64,108.005
615,128,64,128,111.323
615,128,64,256,113.984
615,128,64,512,120.565
615,128,64,1024,131.232
615,128,64,2048,150.378
615,128,64,4096,185.178
615,128,64,8192,252.46
615,128,64,16384,391.388
615,128,64,32768,670.844
615,128,64,65536,1208.67
615,128,128,16,109.152
615,128,128,32,109.798
615,128,128,64,112.865
615,128,128,128,114.875
615,128,128,256,121.878
615,128,128,512,133.131
615,128,128,1024,151.067
615,128,128,2048,186.173
615,128,128,4096,253.328
615,128,128,8192,394.659
615,128,128,16384,670.755
615,128,128,32768,1206.12
615,128,128,65536,2284.69
615,256,0,0,84.6398
615,256,1,16,105.871
615,256,1,32,106.609
615,256,1,64,107.93
615,256,1,128,107.514
615,256,1,256,107.508
615,256,1,512,107.884
615,256,1,1024,110.112
615,256,1,2048,110.789
615,256,1,4096,112.918
615,256,1,8192,116.315
615,256,1,16384,119.845
615,256,1,32768,126.614
615,256,1,65536,136.257
615,256,2,16,106.833
615,256,2,32,106.219
615,256,2,64,107.28
615,256,2,128,107.526
615,256,2,256,107.606
615,256,2,512,107.947
615,256,2,1024,109.691
615,256,2,2048,110.485
615,256,2,4096,113.425
615,256,2,8192,116.73
615,256,2,16384,124.496
615,256,2,32768,134.218
615,256,2,65536,153.366
615,256,4,16,105.809
615,256,4,32,106.337
615,256,4,64,106.48
615,256,4,128,107.921
615,256,4,256,107.643
615,256,4,512,107.889
615,256,4,1024,110.176
615,256,4,2048,111.483
615,256,4,4096,114.89
615,256,4,8192,122.945
615,256,4,16384,132.39
615,256,4,32768,152.465
615,256,4,65536,184.796
615,256,8,16,106.181
615,256,8,32,107.04
615,256,8,64,107.285
615,256,8,128,107.648
615,256,8,256,108.283
615,256,8,512,108.73
615,256,8,1024,111.968
615,256,8,2048,115.104
615,256,8,4096,121.984
615,256,8,8192,131.68
615,256,8,16384,152.102
615,256,8,32768,186.391
615,256,8,65536,252.951
615,256,16,16,107.27
615,256,16,32,107.415
615,256,16,64,107.745
615,256,16,128,108.949
615,256,16,256,110.88
615,256,16,512,111.866
615,256,16,1024,116.549
615,256,16,2048,121.521
615,256,16,4096,132.225
615,256,16,8192,151.478
615,256,16,16384,186.411
615,256,16,32768,254.187
615,256,16,65536,393.383
615,256,32,16,107.296
615,256,32,32,107.436
615,256,32,64,110.127
615,256,32,128,110.907
615,256,32,256,113.183
615,256,32,512,117.19
615,256,32,1024,122.693
615,256,32,2048,133.206
615,256,32,4096,151.898
615,256,32,8192,187.825
615,256,32,16384,254.87
615,256,32,32768,395.788
615,256,32,65536,673.078
615,256,64,16,109.291
615,256,64,32,109.221
615,256,64,64,112.518
615,256,64,128,114.896
615,256,64,256,117.782
615,256,64,512,124.064
615,256,64,1024,135.089
615,256,64,2048,154.102
615,256,64,4096,189.14
615,256,64,8192,257.068
615,256,64,16384,397.846
615,256,64,32768,675.81
615,256,64,65536,1213.85
615,256,128,16,113.002
615,256,128,32,114.106
615,256,128,64,115.882
615,256,128,128,118.896
615,256,128,256,125.04
615,256,128,512,136.773
615,256,128,1024,154.486
615,256,128,2048,190.002
615,256,128,4096,258.097
615,256,128,8192,399.216
615,256,128,16384,676.657
615,256,128,32768,1214.79
615,256,128,65536,2290.58
615,512,0,0,91.7603
615,512,1,16,113.118
615,512,1,32,112.935
615,512,1,64,113.68
615,512,1,128,114.251
615,512,1,256,114.207
615,512,1,512,114.828
615,512,1,1024,116.389
615,512,1,2048,116.955
615,512,1,4096,119.318
615,512,1,8192,122.155
615,512,1,16384,126.725
615,512,1,32768,133.066
615,512,1,65536,143.184
615,512,2,16,113.733
615,512,2,32,113.2
615,512,2,64,114.053
615,512,2,128,114.336
615,512,2,256,114.46
615,512,2,512,114.832
615,512,2,1024,116.193
615,512,2,2048,117.654
615,512,2,4096,120.107
615,512,2,8192,124.07
615,512,2,16384,130.885
615,512,2,32768,141.537
615,512,2,65536,159.803
615,512,4,16,112.378
615,512,4,32,113.077
615,512,4,64,113.537
615,512,4,128,113.514
615,512,4,256,113.76
615,512,4,512,114.57
615,512,4,1024,116.581
615,512,4,2048,118.726
615,512,4,4096,122.785
615,512,4,8192,128.219
615,512,4,16384,139.516
615,512,4,32768,159.429
615,512,4,65536,190.858
615,512,8,16,112.982
615,512,8,32,113.04
615,512,8,64,114.251
615,512,8,128,114.14
615,512,8,256,114.842
615,512,8,512,116.284
615,512,8,1024,118.784
615,512,8,2048,121.393
615,512,8,4096,128.363
615,512,8,8192,139.729
615,512,8,16384,158.512
615,512,8,32768,192.667
615,512,8,65536,258.523
615,512,16,16,113.557
615,512,16,32,114.101
615,512,16,64,114.913
615,512,16,128,115.466
615,512,16,256,117.296
615,512,16,512,118.864
615,512,16,1024,122.768
615,512,16,2048,127.788
615,512,16,4096,139.67
615,512,16,8192,158.07
615,512,16,16384,193.489
615,512,16,32768,259.654
615,512,16,65536,399.585
615,512,32,16,114.23
615,512,32,32,113.53
615,512,32,64,116.656
615,512,32,128,117.677
615,512,32,256,120.134
615,512,32,512,123.851
615,512,32,1024,129.376
615,512,32,2048,139.483
615,512,32,4096,157.798
615,512,32,8192,193.77
615,512,32,16384,261.185
615,512,32,32768,402.21
615,512,32,65536,680.952
615,512,64,16,115.286
615,512,64,32,115.54
615,512,64,64,118.137
615,512,64,128,122.33
615,512,64,256,124.784
615,512,64,512,130.73
615,512,64,1024,141.03
615,512,64,2048,160.305
615,512,64,4096,195.093
615,512,64,8192,262.678
615,512,64,16384,402.625
615,512,64,32768,683.288
615,512,64,65536,1221.5
615,512,128,16,119.674
615,512,128,32,120.368
615,512,128,64,122.485
615,512,128,128,125.392
615,512,128,256,132.251
615,512,128,512,143.382
615,512,128,1024,160.144
615,512,128,2048,196.426
615,512,128,4096,264.433
615,512,128,8192,405.408
615,512,128,16384,683.672
615,512,128,32768,1223.13
615,512,128,65536,2298.42
615,1024,0,0,122.161
615,1024,1,16,143.573
615,1024,1,32,143.376
615,1024,1,64,145.04
615,1024,1,128,145.377
615,1024,1,256,144.572
615,1024,1,512,144.928
615,1024,1,1024,146.725
615,1024,1,2048,148.614
615,1024,1,4096,149.837
615,1024,1,8192,153.405
615,1024,1,16384,157.131
615,1024,1,32768,164.543
615,1024,1,65536,174.849
615,1024,2,16,143.227
615,1024,2,32,143.772
615,1024,2,64,145.381
615,1024,2,128,144.944
615,1024,2,256,144.95
615,1024,2,512,145.349
615,1024,2,1024,147.243
615,1024,2,2048,148.164
615,1024,2,4096,150.912
615,1024,2,8192,155.115
615,1024,2,16384,161.898
615,1024,2,32768,172.86
615,1024,2,65536,189.883
615,1024,4,16,142.918
615,1024,4,32,143.541
615,1024,4,64,144.518
615,1024,4,128,144.23
615,1024,4,256,144.816
615,1024,4,512,145.76
615,1024,4,1024,146.965
615,1024,4,2048,149.313
615,1024,4,4096,153.28
615,1024,4,8192,159.173
615,1024,4,16384,170.742
615,1024,4,32768,189.74
615,1024,4,65536,222.443
615,1024,8,16,143.819
615,1024,8,32,143.995
615,1024,8,64,144.571
615,1024,8,128,144.886
615,1024,8,256,145.381
615,1024,8,512,146.731
615,1024,8,1024,149.536
615,1024,8,2048,152.639
615,1024,8,4096,159.248
615,1024,8,8192,170.754
615,1024,8,16384,189.59
615,1024,8,32768,223.023
615,1024,8,65536,289.275
615,1024,16,16,144.491
615,1024,16,32,144.346
615,1024,16,64,145.003
615,1024,16,128,146.704
615,1024,16,256,147.82
615,1024,16,512,149.877
615,1024,16,1024,153.084
615,1024,16,2048,159.606
615,1024,16,4096,169.915
615,1024,16,8192,189.381
615,1024,16,16384,223.744
615,1024,16,32768,289.974
615,1024,16,65536,431.296
615,1024,32,16,144.636
615,1024,32,32,144.738
615,1024,32,64,147.116
615,1024,32,128,147.893
615,1024,32,256,151.168
615,1024,32,512,154.326
615,1024,32,1024,159.818
615,1024,32,2048,170.576
615,1024,32,4096,188.452
615,1024,32,8192,224.108
615,1024,32,16384,291.74
615,1024,32,32768,431.991
615,1024,32,65536,713.066
615,1024,64,16,145.553
615,1024,64,32,146.412
615,1024,64,64,149.02
615,1024,64,128,151.809
615,1024,64,256,155.37
615,1024,64,512,160.949
615,1024,64,1024,171.627
615,1024,64,2048,190.47
615,1024,64,4096,225.632
615,1024,64,8192,293.67
615,1024,64,16384,434.348
615,1024,64,32768,716.764
615,1024,64,65536,1258
615,1024,128,16,150.688
615,1024,128,32,152.039
615,1024,128,64,154.48
615,1024,128,128,156.667
615,1024,128,256,163.675
615,1024,128,512,173.606
615,1024,128,1024,192.18
615,1024,128,2048,226.187
615,1024,128,4096,295.637
615,1024,128,8192,436.236
615,1024,128,16384,717.953
615,1024,128,32768,1255.04
615,1024,128,65536,2332.58
615,2048,0,0,149.675
615,2048,1,16,171.355
615,2048,1,32,170.235
615,2048,1,64,171.594
615,2048,1,128,172.609
615,2048,1,256,172.02
615,2048,1,512,173.536
615,2048,1,1024,173.019
615,2048,1,2048,173.702
615,2048,1,4096,176.806
615,2048,1,8192,180.598
615,2048,1,16384,185.029
615,2048,1,32768,191.637
615,2048,1,65536,202.518
615,2048,2,16,171.606
615,2048,2,32,170.699
615,2048,2,64,172.491
615,2048,2,128,172.607
615,2048,2,256,172.341
615,2048,2,512,172.47
615,2048,2,1024,173.382
615,2048,2,2048,174.71
615,2048,2,4096,177.6
615,2048,2,8192,182.016
615,2048,2,16384,188.193
615,2048,2,32768,199.004
615,2048,2,65536,215.807
615,2048,4,16,170.927
615,2048,4,32,170.873
615,2048,4,64,171.856
615,2048,4,128,172.31
615,2048,4,256,172.993
615,2048,4,512,173.397
615,2048,4,1024,173.526
615,2048,4,2048,176.538
615,2048,4,4096,180.506
615,2048,4,8192,187.243
615,2048,4,16384,197.488
615,2048,4,32768,216.87
615,2048,4,65536,248.817
615,2048,8,16,171.575
615,2048,8,32,171.687
615,2048,8,64,171.776
615,2048,8,128,172.495
615,2048,8,256,172.582
615,2048,8,512,173.899
615,2048,8,1024,176.833
615,2048,8,2048,179.685
615,2048,8,4096,186.667
615,2048,8,8192,196.641
615,2048,8,16384,216.304
615,2048,8,32768,249.431
615,2048,8,65536,316.245
615,2048,16,16,170.843
615,2048,16,32,171.184
615,2048,16,64,172.794
615,2048,16,128,173.27
615,2048,16,256,174.362
615,2048,16,512,176.778
615,2048,16,1024,180.492
615,2048,16,2048,186.299
615,2048,16,4096,196.337
615,2048,16,8192,215.707
615,2048,16,16384,250.295
615,2048,16,32768,315.115
615,2048,16,65536,456.272
615,2048,32,16,171.888
615,2048,32,32,171.2
615,2048,32,64,174.842
615,2048,32,128,176.502
615,2048,32,256,177.958
615,2048,32,512,180.939
615,2048,32,1024,187.969
615,2048,32,2048,196.54
615,2048,32,4096,215.723
615,2048,32,8192,251.35
615,2048,32,16384,317.643
615,2048,32,32768,459.388
615,2048,32,65536,737.676
615,2048,64,16,172.934
615,2048,64,32,174.032
615,2048,64,64,176.133
615,2048,64,128,179.627
615,2048,64,256,184.012
615,2048,64,512,188.331
615,2048,64,1024,199.846
615,2048,64,2048,218.732
615,2048,64,4096,252.929
615,2048,64,8192,319.765
615,2048,64,16384,460.515
615,2048,64,32768,741.298
615,2048,64,65536,1282.13
615,2048,128,16,177.796
615,2048,128,32,179.079
615,2048,128,64,181.302
615,2048,128,128,184.41
615,2048,128,256,190.379
615,2048,128,512,200.789
615,2048,128,1024,217.537
615,2048,128,2048,253.45
615,2048,128,4096,320.88
615,2048,128,8192,463.392
615,2048,128,16384,742.151
615,2048,128,32768,1280.04
615,2048,128,65536,2357.02
615,4096,0,0,205.231
615,4096,1,16,225.564
615,4096,1,32,225.883
615,4096,1,64,226.763
615,4096,1,128,227.809
615,4096,1,256,227.268
615,4096,1,512,227.398
615,4096,1,1024,227.498
615,4096,1,2048,229.244
615,4096,1,4096,231.282
615,4096,1,8192,234.885
615,4096,1,16384,239.386
615,4096,1,32768,246.236
615,4096,1,65536,254.903
615,4096,2,16,225.259
615,4096,2,32,226.571
615,4096,2,64,226.709
615,4096,2,128,226.949
615,4096,2,256,228.256
615,4096,2,512,228.417
615,4096,2,1024,228.794
615,4096,2,2048,230.559
615,4096,2,4096,232.518
615,4096,2,8192,236
615,4096,2,16384,241.958
615,4096,2,32768,253.181
615,4096,2,65536,269.697
615,4096,4,16,226.39
615,4096,4,32,225.568
615,4096,4,64,226.934
615,4096,4,128,226.858
615,4096,4,256,226.954
615,4096,4,512,227.813
615,4096,4,1024,227.851
615,4096,4,2048,230.981
615,4096,4,4096,233.877
615,4096,4,8192,241.324
615,4096,4,16384,252.385
615,4096,4,32768,270.603
615,4096,4,65536,302.176
615,4096,8,16,226.528
615,4096,8,32,226.166
615,4096,8,64,227.173
615,4096,8,128,227.05
615,4096,8,256,226.966
615,4096,8,512,228.341
615,4096,8,1024,231.312
615,4096,8,2048,234.455
615,4096,8,4096,241.093
615,4096,8,8192,251.697
615,4096,8,16384,269.058
615,4096,8,32768,303.53
615,4096,8,65536,366.981
615,4096,16,16,226.934
615,4096,16,32,226.982
615,4096,16,64,227.221
615,4096,16,128,228.215
615,4096,16,256,230.393
615,4096,16,512,230.933
615,4096,16,1024,235.953
615,4096,16,2048,241.227
615,4096,16,4096,251.2
615,4096,16,8192,269.137
615,4096,16,16384,305.303
615,4096,16,32768,370.407
615,4096,16,65536,505.35
615,4096,32,16,227.612
615,4096,32,32,228.454
615,4096,32,64,229.759
615,4096,32,128,231.387
615,4096,32,256,232.946
615,4096,32,512,236.455
615,4096,32,1024,242.123
615,4096,32,2048,251.234
615,4096,32,4096,268.865
615,4096,32,8192,305.141
615,4096,32,16384,372.544
615,4096,32,32768,507.951
615,4096,32,65536,774.951
615,4096,64,16,228.598
615,4096,64,32,229.733
615,4096,64,64,231.969
615,4096,64,128,235.2
615,4096,64,256,237.558
615,4096,64,512,244.026
615,4096,64,1024,254.699
615,4096,64,2048,272.427
615,4096,64,4096,308.97
615,4096,64,8192,373.883
615,4096,64,16384,511.73
615,4096,64,32768,781.138
615,4096,64,65536,1319.15
615,4096,128,16,232.021
615,4096,128,32,233.414
615,4096,128,64,236.336
615,4096,128,128,239.253
615,4096,128,256,244.47
615,4096,128,512,255.254
615,4096,128,1024,273.916
615,4096,128,2048,308.15
615,4096,128,4096,374.883
615,4096,128,8192,511.589
615,4096,128,16384,780.705
615,4096,128,32768,1315.21
615,4096,128,65536,2391.71
615,8192,0,0,318.207
615,8192,1,16,339.697
615,8192,1,32,338.955
615,8192,1,64,340.31
615,8192,1,128,340.187
615,8192,1,256,340.716
615,8192,1,512,341.185
615,8192,1,1024,342.678
615,8192,1,2048,343.211
615,8192,1,4096,346.582
615,8192,1,8192,348.059
615,8192,1,16384,352.427
615,8192,1,32768,360.598
615,8192,1,65536,366.421
615,8192,2,16,338.967
615,8192,2,32,338.849
615,8192,2,64,340.423
615,8192,2,128,339.57
615,8192,2,256,341.34
615,8192,2,512,342.682
615,8192,2,1024,343.014
615,8192,2,2048,343.43
615,8192,2,4096,347.916
615,8192,2,8192,349.463
615,8192,2,16384,355.943
615,8192,2,32768,366.039
615,8192,2,65536,380.513
615,8192,4,16,339.856
615,8192,4,32,339.793
615,8192,4,64,341.132
615,8192,4,128,341.729
615,8192,4,256,339.985
615,8192,4,512,342.198
615,8192,4,1024,342.725
615,8192,4,2048,344.598
615,8192,4,4096,347.302
615,8192,4,8192,355.466
615,8192,4,16384,365.398
615,8192,4,32768,384.106
615,8192,4,65536,412.705
615,8192,8,16,339.452
615,8192,8,32,339.958
615,8192,8,64,340.245
615,8192,8,128,340.873
615,8192,8,256,340.603
615,8192,8,512,341.878
615,8192,8,1024,344.618
615,8192,8,2048,349.821
615,8192,8,4096,354.62
615,8192,8,8192,364.399
615,8192,8,16384,382.063
615,8192,8,32768,417.975
615,8192,8,65536,478.641
615,8192,16,16,340.134
615,8192,16,32,340.438
615,8192,16,64,341.302
615,8192,16,128,342.129
615,8192,16,256,342.892
615,8192,16,512,345.083
615,8192,16,1024,348.111
615,8192,16,2048,354.476
615,8192,16,4096,363.238
615,8192,16,8192,381.847
615,8192,16,16384,418.122
615,8192,16,32768,483.745
615,8192,16,65536,614.2
615,8192,32,16,339.765
615,8192,32,32,340.495
615,8192,32,64,344.146
615,8192,32,128,345.564
615,8192,32,256,347.126
615,8192,32,512,349.713
615,8192,32,1024,355.82
615,8192,32,2048,366.119
615,8192,32,4096,382.571
615,8192,32,8192,418.001
615,8192,32,16384,486.124
615,8192,32,32768,617.479
615,8192,32,65536,882.504
615,8192,64,16,341.841
615,8192,64,32,342.578
615,8192,64,64,344.41
615,8192,64,128,348.316
615,8192,64,256,351.553
615,8192,64,512,357.382
615,8192,64,1024,366.561
615,8192,64,2048,384.88
615,8192,64,4096,420.263
615,8192,64,8192,486.642
615,8192,64,16384,620.899
615,8192,64,32768,890.928
615,8192,64,65536,1425.87
615,8192,128,16,346.113
615,8192,128,32,345.328
615,8192,128,64,349.953
615,8192,128,128,351.569
615,8192,128,256,358.778
615,8192,128,512,369.543
615,8192,128,1024,386.151
615,8192,128,2048,421.942
615,8192,128,4096,491.371
615,8192,128,8192,624.082
615,8192,128,16384,888.503
615,8192,128,32768,1424.42
615,8192,128,65536,2498.61
615,16384,0,0,533.297
615,16384,1,16,552.561
615,16384,1,32,553.776
615,16384,1,64,554.08
615,16384,1,128,554.908
615,16384,1,256,554.002
615,16384,1,512,554.742
615,16384,1,1024,554.598
615,16384,1,2048,557.863
615,16384,1,4096,558.765
615,16384,1,8192,560.93
615,16384,1,16384,567.344
615,16384,1,32768,571.504
615,16384,1,65536,580.113
615,16384,2,16,553.179
615,16384,2,32,553.65
615,16384,2,64,554.796
615,16384,2,128,554.582
615,16384,2,256,554.69
615,16384,2,512,555.229
615,16384,2,1024,556.962
615,16384,2,2048,559.148
615,16384,2,4096,560.108
615,16384,2,8192,562.506
615,16384,2,16384,572.043
615,16384,2,32768,578.865
615,16384,2,65536,595.878
615,16384,4,16,551.942
615,16384,4,32,553.287
615,16384,4,64,553.479
615,16384,4,128,553.648
615,16384,4,256,554.229
615,16384,4,512,556.507
615,16384,4,1024,556.123
615,16384,4,2048,557.969
615,16384,4,4096,562.776
615,16384,4,8192,566.945
615,16384,4,16384,578.62
615,16384,4,32768,595.868
615,16384,4,65536,624.636
615,16384,8,16,553.942
615,16384,8,32,554.385
615,16384,8,64,556.997
615,16384,8,128,553.143
615,16384,8,256,554.332
615,16384,8,512,555.371
615,16384,8,1024,558.214
615,16384,8,2048,561.77
615,16384,8,4096,568.109
615,16384,8,8192,578.693
615,16384,8,16384,596.701
615,16384,8,32768,630.529
615,16384,8,65536,693.121
615,16384,16,16,552.507
615,16384,16,32,553.069
615,16384,16,64,554.071
615,16384,16,128,555.435
615,16384,16,256,557.659
615,16384,16,512,559.046
615,16384,16,1024,561.67
615,16384,16,2048,566.855
615,16384,16,4096,577.793
615,16384,16,8192,596.412
615,16384,16,16384,629.814
615,16384,16,32768,696.637
615,16384,16,65536,828.466
615,16384,32,16,554.354
615,16384,32,32,553.298
615,16384,32,64,557.947
615,16384,32,128,556.663
615,16384,32,256,564.093
615,16384,32,512,563.479
615,16384,32,1024,568.908
615,16384,32,2048,580.812
615,16384,32,4096,595.873
615,16384,32,8192,630.811
615,16384,32,16384,698.823
615,16384,32,32768,832.049
615,16384,32,65536,1096.63
615,16384,64,16,556.54
615,16384,64,32,554.566
615,16384,64,64,558.259
615,16384,64,128,561.201
615,16384,64,256,563.286
615,16384,64,512,571.798
615,16384,64,1024,579.079
615,16384,64,2048,599.735
615,16384,64,4096,632.066
615,16384,64,8192,698.433
615,16384,64,16384,835.304
615,16384,64,32768,1103.03
615,16384,64,65536,1638.67
615,16384,128,16,559.766
615,16384,128,32,562.748
615,16384,128,64,562.625
615,16384,128,128,565.767
615,16384,128,256,570.79
615,16384,128,512,581.851
615,16384,128,1024,598.668
615,16384,128,2048,632.225
615,16384,128,4096,701.51
615,16384,128,8192,836.872
615,16384,128,16384,1103.52
615,16384,128,32768,1638.46
615,16384,128,65536,2712.49
615,32768,0,0,956.504
615,32768,1,16,979.928
615,32768,1,32,976.226
615,32768,1,64,976.898
615,32768,1,128,977.81
615,32768,1,256,979.207
615,32768,1,512,979.694
615,32768,1,1024,978.861
615,32768,1,2048,979.687
615,32768,1,4096,981.479
615,32768,1,8192,984.909
615,32768,1,16384,988.541
615,32768,1,32768,997.474
615,32768,1,65536,1000.45
615,32768,2,16,976.776
615,32768,2,32,976.584
615,32768,2,64,978.6
615,32768,2,128,976.774
615,32768,2,256,977.207
615,32768,2,512,976.434
615,32768,2,1024,981.255
615,32768,2,2048,981.591
615,32768,2,4096,984.355
615,32768,2,8192,985.554
615,32768,2,16384,992.947
615,32768,2,32768,1002.32
615,32768,2,65536,1017.77
615,32768,4,16,975.927
615,32768,4,32,976.647
615,32768,4,64,979.234
615,32768,4,128,977.699
615,32768,4,256,978.855
615,32768,4,512,979.297
615,32768,4,1024,978.775
615,32768,4,2048,981.939
615,32768,4,4096,984.596
615,32768,4,8192,989.453
615,32768,4,16384,1001.8
615,32768,4,32768,1017.5
615,32768,4,65536,1047.21
615,32768,8,16,976.429
615,32768,8,32,979.814
615,32768,8,64,979.964
615,32768,8,128,977.805
615,32768,8,256,980.209
615,32768,8,512,980.621
615,32768,8,1024,983.021
615,32768,8,2048,985.436
615,32768,8,4096,991.949
615,32768,8,8192,998.227
615,32768,8,16384,1016.94
615,32768,8,32768,1051.59
615,32768,8,65536,1114.74
615,32768,16,16,977.703
615,32768,16,32,974.629
615,32768,16,64,977.874
615,32768,16,128,978.243
615,32768,16,256,981.005
615,32768,16,512,981.128
615,32768,16,1024,985.463
615,32768,16,2048,990.388
615,32768,16,4096,997.463
615,32768,16,8192,1016.44
615,32768,16,16384,1053.5
615,32768,16,32768,1119.47
615,32768,16,65536,1249.82
615,32768,32,16,976.941
615,32768,32,32,977.293
615,32768,32,64,979.293
615,32768,32,128,979.911
615,32768,32,256,983.337
615,32768,32,512,986.61
615,32768,32,1024,995.276
615,32768,32,2048,1002.7
615,32768,32,4096,1017.99
615,32768,32,8192,1052.08
615,32768,32,16384,1120.5
615,32768,32,32768,1254.62
615,32768,32,65536,1516.07
615,32768,64,16,979.337
615,32768,64,32,980.482
615,32768,64,64,981.093
615,32768,64,128,988.252
615,32768,64,256,989.206
615,32768,64,512,994.615
615,32768,64,1024,1002.67
615,32768,64,2048,1020
615,32768,64,4096,1055.6
615,32768,64,8192,1123.5
615,32768,64,16384,1255.14
615,32768,64,32768,1523.77
615,32768,64,65536,2055.94
615,32768,128,16,985.635
615,32768,128,32,983.309
615,32768,128,64,986.197
615,32768,128,128,990.317
615,32768,128,256,993.234
615,32768,128,512,1005.53
615,32768,128,1024,1020.79
615,32768,128,2048,1053.88
615,32768,128,4096,1122.81
615,32768,128,8192,1254.24
615,32768,128,16384,1524.5
615,32768,128,32768,2061.69
615,32768,128,65536,3128.25
615,65536,0,0,1805.58
615,65536,1,16,1825.06
615,65536,1,32,1826.63
615,65536,1,64,1825.03
615,65536,1,128,1826.33
615,65536,1,256,1826.08
615,65536,1,512,1828.16
615,65536,1,1024,1825.85
615,65536,1,2048,1831.52
615,65536,1,4096,1833.33
615,65536,1,8192,1830.78
615,65536,1,16384,1838.82
615,65536,1,32768,1844.24
615,65536,1,65536,1857.37
615,65536,2,16,1832.47
615,65536,2,32,1825.54
615,65536,2,64,1825.84
615,65536,2,128,1829.1
615,65536,2,256,1827.81
615,65536,2,512,1827.32
615,65536,2,1024,1827.85
615,65536,2,2048,1831.69
615,65536,2,4096,1835.47
615,65536,2,8192,1834.65
615,65536,2,16384,1837.95
615,65536,2,32768,1853.63
615,65536,2,65536,1871.57
615,65536,4,16,1822.88
615,65536,4,32,1826.81
615,65536,4,64,1825.44
615,65536,4,128,1826.31
615,65536,4,256,1829.32
615,65536,4,512,1830.11
615,65536,4,1024,1824.98
615,65536,4,2048,1831.88
615,65536,4,4096,1831.52
615,65536,4,8192,1841.99
615,65536,4,16384,1849.11
615,65536,4,32768,1866.16
615,65536,4,65536,1900.3
615,65536,8,16,1824.38
615,65536,8,32,1828.2
615,65536,8,64,1827.59
615,65536,8,128,1822.18
615,65536,8,256,1830.03
615,65536,8,512,1824.84
615,65536,8,1024,1828.71
615,65536,8,2048,1832.27
615,65536,8,4096,1842.5
615,65536,8,8192,1847.88
615,65536,8,16384,1866.14
615,65536,8,32768,1894.38
615,65536,8,65536,1968.4
615,65536,16,16,1826.4
615,65536,16,32,1823.28
615,65536,16,64,1826.11
615,65536,16,128,1827.86
615,65536,16,256,1830.67
615,65536,16,512,1832.35
615,65536,16,1024,1836.8
615,65536,16,2048,1839.98
615,65536,16,4096,1848.83
615,65536,16,8192,1864.69
615,65536,16,16384,1898.69
615,65536,16,32768,1962.5
615,65536,16,65536,2097.73
615,65536,32,16,1822.33
615,65536,32,32,1827.02
615,65536,32,64,1826.52
615,65536,32,128,1827.07
615,65536,32,256,1832.12
615,65536,32,512,1833.14
615,65536,32,1024,1842.38
615,65536,32,2048,1852.56
615,65536,32,4096,1866.37
615,65536,32,8192,1898.05
615,65536,32,16384,1965.16
615,65536,32,32768,2099.76
615,65536,32,65536,2365.29
615,65536,64,16,1831.21
615,65536,64,32,1830.31
615,65536,64,64,1833.2
615,65536,64,128,1835.19
615,65536,64,256,1836.54
615,65536,64,512,1844.87
615,65536,64,1024,1848.74
615,65536,64,2048,1869.4
615,65536,64,4096,1900.37
615,65536,64,8192,1973.12
615,65536,64,16384,2103.13
615,65536,64,32768,2365.39
615,65536,64,65536,2908.99
615,65536,128,16,1832.17
615,65536,128,32,1836.15
615,65536,128,64,1836.49
615,65536,128,128,1838.54
615,65536,128,256,1846.86
615,65536,128,512,1850.76
615,65536,128,1024,1869.81
615,65536,128,2048,1904.16
615,65536,128,4096,1973.86
615,65536,128,8192,2102.97
615,65536,128,16384,2370
615,65536,128,32768,2909.27
615,65536,128,65536,3980.5
923,0,0,0,51.4518
923,0,1,16,73.4078
923,0,1,32,73.2423
923,0,1,64,74.3632
923,0,1,128,74.319
923,0,1,256,74.6033
923,0,1,512,74.5338
923,0,1,1024,76.9487
923,0,1,2048,77.3657
923,0,1,4096,79.5743
923,0,1,8192,82.7943
923,0,1,16384,86.576
923,0,1,32768,93.366
923,0,1,65536,104.422
923,0,2,16,73.0392
923,0,2,32,73.4675
923,0,2,64,73.9203
923,0,2,128,74.4955
923,0,2,256,74.4485
923,0,2,512,74.854
923,0,2,1024,76.5282
923,0,2,2048,77.8452
923,0,2,4096,80.4012
923,0,2,8192,83.638
923,0,2,16384,90.7363
923,0,2,32768,101.809
923,0,2,65536,118.645
923,0,4,16,72.7843
923,0,4,32,72.9593
923,0,4,64,73.8352
923,0,4,128,74.143
923,0,4,256,73.525
923,0,4,512,74.7785
923,0,4,1024,77.0448
923,0,4,2048,79.0827
923,0,4,4096,82.1773
923,0,4,8192,88.4745
923,0,4,16384,100.442
923,0,4,32768,119.286
923,0,4,65536,151.707
923,0,8,16,72.9335
923,0,8,32,73.0342
923,0,8,64,73.5635
923,0,8,128,74.2348
923,0,8,256,74.6935
923,0,8,512,76.0107
923,0,8,1024,78.5722
923,0,8,2048,82.4375
923,0,8,4096,88.266
923,0,8,8192,99.0192
923,0,8,16384,117.841
923,0,8,32768,152.246
923,0,8,65536,219.184
923,0,16,16,73.482
923,0,16,32,73.386
923,0,16,64,74.2782
923,0,16,128,75.285
923,0,16,256,76.8482
923,0,16,512,79.5837
923,0,16,1024,82.5232
923,0,16,2048,88.5325
923,0,16,4096,99.3115
923,0,16,8192,116.795
923,0,16,16384,153.456
923,0,16,32768,219.211
923,0,16,65536,359.847
923,0,32,16,74.101
923,0,32,32,74.0425
923,0,32,64,75.9257
923,0,32,128,78.1123
923,0,32,256,80.1872
923,0,32,512,83.3443
923,0,32,1024,89.5838
923,0,32,2048,99.9035
923,0,32,4096,118.934
923,0,32,8192,153.03
923,0,32,16384,220.197
923,0,32,32768,361.49
923,0,32,65536,640.833
923,0,64,16,75.7013
923,0,64,32,76.3907
923,0,64,64,78.7307
923,0,64,128,82.0113
923,0,64,256,84.9173
923,0,64,512,91.1368
923,0,64,1024,102.135
923,0,64,2048,119.91
923,0,64,4096,154.848
923,0,64,8192,222.258
923,0,64,16384,363.937
923,0,64,32768,642.683
923,0,64,65536,1181.43
923,0,128,16,79.3335
923,0,128,32,80.1222
923,0,128,64,83.1678
923,0,128,128,85.4178
923,0,128,256,91.4035
923,0,128,512,102.448
923,0,128,1024,120.72
923,0,128,2048,155.979
923,0,128,4096,224.522
923,0,128,8192,365.901
923,0,128,16384,643.671
923,0,128,32768,1183.1
923,0,128,65536,2255.21
923,16,0,0,76.3638
923,16,1,16,97.7077
923,16,1,32,97.6703
923,16,1,64,98.6623
923,16,1,128,99.2702
923,16,1,256,99.285
923,16,1,512,99.4993
923,16,1,1024,101.575
923,16,1,2048,102.78
923,16,1,4096,103.894
923,16,1,8192,107.264
923,16,1,16384,111.05
923,16,1,32768,118.038
923,16,1,65536,129.156
923,16,2,16,97.671
923,16,2,32,97.8932
923,16,2,64,98.8907
923,16,2,128,98.9612
923,16,2,256,99.2215
923,16,2,512,99.5305
923,16,2,1024,101.767
923,16,2,2048,102.439
923,16,2,4096,104.385
923,16,2,8192,108.678
923,16,2,16384,114.849
923,16,2,32768,126.592
923,16,2,65536,144.801
923,16,4,16,97.58
923,16,4,32,98.2622
923,16,4,64,98.5545
923,16,4,128,99.072
923,16,4,256,98.9453
923,16,4,512,99.8675
923,16,4,1024,101.723
923,16,4,2048,103.072
923,16,4,4096,106.613
923,16,4,8192,113.217
923,16,4,16384,123.435
923,16,4,32768,144.266
923,16,4,65536,176.172
923,16,8,16,98.1768
923,16,8,32,98.1553
923,16,8,64,98.9928
923,16,8,128,99.1513
923,16,8,256,99.6218
923,16,8,512,100.652
923,16,8,1024,103.019
923,16,8,2048,107.147
923,16,8,4096,113.77
923,16,8,8192,124.134
923,16,8,16384,143.894
923,16,8,32768,176.927
923,16,8,65536,244.886
923,16,16,16,98.2878
923,16,16,32,98.688
923,16,16,64,99.6442
923,16,16,128,100.378
923,16,16,256,101.392
923,16,16,512,103.408
923,16,16,1024,107.395
923,16,16,2048,112.517
923,16,16,4096,123.317
923,16,16,8192,142.497
923,16,16,16384,177.568
923,16,16,32768,244.432
923,16,16,65536,385.27
923,16,32,16,98.9282
923,16,32,32,98.6077
923,16,32,64,101.334
923,16,32,128,102.812
923,16,32,256,105.109
923,16,32,512,108.805
923,16,32,1024,113.989
923,16,32,2048,124.284
923,16,32,4096,142.453
923,16,32,8192,177.877
923,16,32,16384,246.502
923,16,32,32768,387.228
923,16,32,65536,665.932
923,16,64,16,100.577
923,16,64,32,100.752
923,16,64,64,103.387
923,16,64,128,106.668
923,16,64,256,110.283
923,16,64,512,115.825
923,16,64,1024,126.71
923,16,64,2048,145.013
923,16,64,4096,179.888
923,16,64,8192,247.381
923,16,64,16384,388.07
923,16,64,32768,669.217
923,16,64,65536,1209.09
923,16,128,16,104.122
923,16,128,32,104.94
923,16,128,64,107.579
923,16,128,128,110.603
923,16,128,256,116.519
923,16,128,512,127.333
923,16,128,1024,145.818
923,16,128,2048,180.193
923,16,128,4096,249.349
923,16,128,8192,389.055
923,16,128,16384,667.512
923,16,128,32768,1205.32
923,16,128,65536,2281.41
923,32,0,0,76.672
923,32,1,16,97.9037
923,32,1,32,98.0105
923,32,1,64,99.3983
923,32,1,128,99.543
923,32,1,256,99.5885
923,32,1,512,99.1473
923,32,1,1024,101.595
923,32,1,2048,102.507
923,32,1,4096,104.49
923,32,1,8192,107.958
923,32,1,16384,111.59
923,32,1,32768,118.309
923,32,1,65536,130.101
923,32,2,16,98.5655
923,32,2,32,98.0003
923,32,2,64,99.3382
923,32,2,128,99.5262
923,32,2,256,99.6955
923,32,2,512,99.3927
923,32,2,1024,101.704
923,32,2,2048,103.397
923,32,2,4096,105.189
923,32,2,8192,109.104
923,32,2,16384,114.918
923,32,2,32768,127.008
923,32,2,65536,145.244
923,32,4,16,98.2505
923,32,4,32,97.9892
923,32,4,64,98.8708
923,32,4,128,99.1463
923,32,4,256,99.6547
923,32,4,512,99.9412
923,32,4,1024,103.052
923,32,4,2048,103.83
923,32,4,4096,107.718
923,32,4,8192,114.357
923,32,4,16384,124.965
923,32,4,32768,144.161
923,32,4,65536,176.64
923,32,8,16,98.2988
923,32,8,32,98.4163
923,32,8,64,98.6297
923,32,8,128,99.7283
923,32,8,256,100.155
923,32,8,512,101.291
923,32,8,1024,103.488
923,32,8,2048,106.934
923,32,8,4096,113.296
923,32,8,8192,124.418
923,32,8,16384,142.683
923,32,8,32768,177.772
923,32,8,65536,245.628
923,32,16,16,98.229
923,32,16,32,98.656
923,32,16,64,99.4077
923,32,16,128,100.62
923,32,16,256,101.6
923,32,16,512,104.203
923,32,16,1024,107.189
923,32,16,2048,113.388
923,32,16,4096,123.504
923,32,16,8192,142.694
923,32,16,16384,177.6
923,32,16,32768,245.276
923,32,16,65536,383.6
923,32,32,16,98.705
923,32,32,32,99.5318
923,32,32,64,101.51
923,32,32,128,102.885
923,32,32,256,104.869
923,32,32,512,108.775
923,32,32,1024,114.027
923,32,32,2048,124.635
923,32,32,4096,143.057
923,32,32,8192,178.273
923,32,32,16384,245.921
923,32,32,32768,388.408
923,32,32,65536,666.108
923,32,64,16,100.549
923,32,64,32,101.05
923,32,64,64,103.307
923,32,64,128,107.173
923,32,64,256,110.432
923,32,64,512,116.139
923,32,64,1024,127.062
923,32,64,2048,145.75
923,32,64,4096,179.866
923,32,64,8192,248.8
923,32,64,16384,387.894
923,32,64,32768,670.152
923,32,64,65536,1209.78
923,32,128,16,104.634
923,32,128,32,104.917
923,32,128,64,107.9
923,32,128,128,111.009
923,32,128,256,117.089
923,32,128,512,128.31
923,32,128,1024,145.707
923,32,128,2048,180.208
923,32,128,4096,249.131
923,32,128,8192,390.309
923,32,128,16384,668.706
923,32,128,32768,1207.96
923,32,128,65536,2285.78
923,64,0,0,76.1917
923,64,1,16,98.0742
923,64,1,32,98.208
923,64,1,64,99.4027
923,64,1,128,99.4093
923,64,1,256,99.1203
923,64,1,512,99.5638
923,64,1,1024,101.291
923,64,1,2048,102.842
923,64,1,4096,104.497
923,64,1,8192,107.845
923,64,1,16384,111.377
923,64,1,32768,118.188
923,64,1,65536,129.194
923,64,2,16,97.9958
923,64,2,32,97.9737
923,64,2,64,99.6327
923,64,2,128,98.9268
923,64,2,256,99.0035
923,64,2,512,99.6807
923,64,2,1024,101.772
923,64,2,2048,103.168
923,64,2,4096,104.699
923,64,2,8192,109.387
923,64,2,16384,115.045
923,64,2,32768,125.974
923,64,2,65536,144.288
923,64,4,16,97.5695
923,64,4,32,97.6868
923,64,4,64,98.8693
923,64,4,128,98.1562
923,64,4,256,98.7792
923,64,4,512,99.4613
923,64,4,1024,101.568
923,64,4,2048,103.627
923,64,4,4096,107.003
923,64,4,8192,113.493
923,64,4,16384,124.324
923,64,4,32768,143.477
923,64,4,65536,177.094
923,64,8,16,97.8952
923,64,8,32,98.012
923,64,8,64,98.6245
923,64,8,128,98.6987
923,64,8,256,99.9315
923,64,8,512,100.626
923,64,8,1024,102.955
923,64,8,2048,106.469
923,64,8,4096,112.284
923,64,8,8192,124.348
923,64,8,16384,142.475
923,64,8,32768,177.205
923,64,8,65536,245.046
923,64,16,16,98.2138
923,64,16,32,98.5118
923,64,16,64,99.3935
923,64,16,128,100.364
923,64,16,256,101.974
923,64,16,512,103.68
923,64,16,1024,107.207
923,64,16,2048,113.216
923,64,16,4096,123.498
923,64,16,8192,141.508
923,64,16,16384,177.499
923,64,16,32768,244.455
923,64,16,65536,384.998
923,64,32,16,98.9058
923,64,32,32,98.6772
923,64,32,64,101.686
923,64,32,128,102.228
923,64,32,256,104.892
923,64,32,512,108.298
923,64,32,1024,113.681
923,64,32,2048,124.16
923,64,32,4096,142.358
923,64,32,8192,178.31
923,64,32,16384,245.873
923,64,32,32768,386.255
923,64,32,65536,665.058
923,64,64,16,100.305
923,64,64,32,100.747
923,64,64,64,103.078
923,64,64,128,106.859
923,64,64,256,109.493
923,64,64,512,115.921
923,64,64,1024,126.246
923,64,64,2048,144.565
923,64,64,4096,179.563
923,64,64,8192,247.596
923,64,64,16384,389.596
923,64,64,32768,669.174
923,64,64,65536,1208.31
923,64,128,16,104.977
923,64,128,32,105.248
923,64,128,64,107.782
923,64,128,128,110.108
923,64,128,256,116.524
923,64,128,512,127.469
923,64,128,1024,145.668
923,64,128,2048,180.224
923,64,128,4096,248.317
923,64,128,8192,390.13
923,64,128,16384,669.447
923,64,128,32768,1208.21
923,64,128,65536,2280.95
923,128,0,0,77.1098
923,128,1,16,98.55
923,128,1,32,98.0748
923,128,1,64,98.9752
923,128,1,128,99.3963
923,128,1,256,99.5085
923,128,1,512,99.9408
923,128,1,1024,101.931
923,128,1,2048,102.725
923,128,1,4096,104.687
923,128,1,8192,107.467
923,128,1,16384,112.027
923,128,1,32768,118.698
923,128,1,65536,129.963
923,128,2,16,97.973
923,128,2,32,98.2138
923,128,2,64,99.008
923,128,2,128,99.681
923,128,2,256,100.027
923,128,2,512,99.9425
923,128,2,1024,102.304
923,128,2,2048,102.678
923,128,2,4096,105.153
923,128,2,8192,109.317
923,128,2,16384,116.054
923,128,2,32768,127.076
923,128,2,65536,144.525
923,128,4,16,98.2465
923,128,4,32,98.2772
923,128,4,64,99.2903
923,128,4,128,98.6248
923,128,4,256,99.1147
923,128,4,512,100.326
923,128,4,1024,102.417
923,128,4,2048,104.422
923,128,4,4096,107.079
923,128,4,8192,114.465
923,128,4,16384,124.941
923,128,4,32768,144.378
923,128,4,65536,177.047
923,128,8,16,98.3197
923,128,8,32,98.1597
923,128,8,64,98.9825
923,128,8,128,99.9257
923,128,8,256,99.76
923,128,8,512,101.371
923,128,8,1024,104.448
923,128,8,2048,107.318
923,128,8,4096,113.809
923,128,8,8192,124.212
923,128,8,16384,143.967
923,128,8,32768,178.555
923,128,8,65536,245.014
923,128,16,16,98.5393
923,128,16,32,98.5135
923,128,16,64,99.504
923,128,16,128,100.49
923,128,16,256,101.947
923,128,16,512,104.192
923,128,16,1024,107.696
923,128,16,2048,112.89
923,128,16,4096,123.658
923,128,16,8192,142.144
923,128,16,16384,178.315
923,128,16,32768,246.198
923,128,16,65536,384.978
923,128,32,16,99.2422
923,128,32,32,99.5795
923,128,32,64,101.877
923,128,32,128,103.163
923,128,32,256,105.547
923,128,32,512,108.725
923,128,32,1024,114.229
923,128,32,2048,125.553
923,128,32,4096,143.601
923,128,32,8192,178.678
923,128,32,16384,245.588
923,128,32,32768,386.668
923,128,32,65536,668.534
923,128,64,16,100.683
923,128,64,32,101.062
923,128,64,64,103.489
923,128,64,128,107.21
923,128,64,256,109.899
923,128,64,512,115.355
923,128,64,1024,127.104
923,128,64,2048,145.19
923,128,64,4096,180.554
923,128,64,8192,248.689
923,128,64,16384,389.516
923,128,64,32768,669.867
923,128,64,65536,1208.48
923,128,128,16,104.694
923,128,128,32,104.864
923,128,128,64,107.92
923,128,128,128,110.442
923,128,128,256,117.137
923,128,128,512,128.337
923,128,128,1024,146.588
923,128,128,2048,181.135
923,128,128,4096,249.559
923,128,128,8192,391.68
923,128,128,16384,671.261
923,128,128,32768,1207.97
923,128,128,65536,2282.39
923,256,0,0,80.9807
923,256,1,16,101.579
923,256,1,32,102.177
923,256,1,64,103.159
923,256,1,128,103.615
923,256,1,256,103.226
923,256,1,512,103.814
923,256,1,1024,104.651
923,256,1,2048,105.724
923,256,1,4096,107.99
923,256,1,8192,111.59
923,256,1,16384,115.755
923,256,1,32768,122.934
923,256,1,65536,133.788
923,256,2,16,101.835
923,256,2,32,102.069
923,256,2,64,102.912
923,256,2,128,103.52
923,256,2,256,103.168
923,256,2,512,103.851
923,256,2,1024,104.763
923,256,2,2048,106.426
923,256,2,4096,109.436
923,256,2,8192,112.944
923,256,2,16384,120.15
923,256,2,32768,130.982
923,256,2,65536,149.99
923,256,4,16,102.161
923,256,4,32,101.65
923,256,4,64,103.02
923,256,4,128,102.55
923,256,4,256,103.04
923,256,4,512,103.723
923,256,4,1024,104.865
923,256,4,2048,108.049
923,256,4,4096,111.112
923,256,4,8192,118.368
923,256,4,16384,129.264
923,256,4,32768,148.826
923,256,4,65536,180.992
923,256,8,16,102.523
923,256,8,32,102.4
923,256,8,64,102.843
923,256,8,128,103.477
923,256,8,256,104.022
923,256,8,512,105.008
923,256,8,1024,107.771
923,256,8,2048,110.63
923,256,8,4096,117.803
923,256,8,8192,128.32
923,256,8,16384,147.621
923,256,8,32768,182.289
923,256,8,65536,248.374
923,256,16,16,102.651
923,256,16,32,102.747
923,256,16,64,103.845
923,256,16,128,104.259
923,256,16,256,105.685
923,256,16,512,107.857
923,256,16,1024,111.215
923,256,16,2048,117.367
923,256,16,4096,128.33
923,256,16,8192,147.084
923,256,16,16384,182.364
923,256,16,32768,249.041
923,256,16,65536,389.713
923,256,32,16,102.954
923,256,32,32,103.231
923,256,32,64,105.602
923,256,32,128,107.387
923,256,32,256,108.988
923,256,32,512,112.916
923,256,32,1024,118.593
923,256,32,2048,128.955
923,256,32,4096,147.578
923,256,32,8192,182.71
923,256,32,16384,250.246
923,256,32,32768,391.062
923,256,32,65536,670.78
923,256,64,16,104.518
923,256,64,32,105.371
923,256,64,64,107.201
923,256,64,128,110.673
923,256,64,256,114.016
923,256,64,512,119.664
923,256,64,1024,130.848
923,256,64,2048,149.216
923,256,64,4096,184.327
923,256,64,8192,252.593
923,256,64,16384,393.03
923,256,64,32768,675.372
923,256,64,65536,1215.47
923,256,128,16,108.406
923,256,128,32,108.999
923,256,128,64,112.128
923,256,128,128,114.186
923,256,128,256,120.97
923,256,128,512,131.952
923,256,128,1024,150.172
923,256,128,2048,184.971
923,256,128,4096,252.465
923,256,128,8192,395.062
923,256,128,16384,674.274
923,256,128,32768,1212.62
923,256,128,65536,2287.79
923,512,0,0,87.8142
923,512,1,16,108.5
923,512,1,32,108.587
923,512,1,64,109.58
923,512,1,128,110.171
923,512,1,256,110.091
923,512,1,512,110.053
923,512,1,1024,111.062
923,512,1,2048,113.403
923,512,1,4096,115.068
923,512,1,8192,118.021
923,512,1,16384,122.314
923,512,1,32768,128.88
923,512,1,65536,140.661
923,512,2,16,108.443
923,512,2,32,108.726
923,512,2,64,109.728
923,512,2,128,110.07
923,512,2,256,109.585
923,512,2,512,110.922
923,512,2,1024,111.477
923,512,2,2048,113.446
923,512,2,4096,115.984
923,512,2,8192,120.043
923,512,2,16384,126.251
923,512,2,32768,137.766
923,512,2,65536,156.101
923,512,4,16,108.796
923,512,4,32,108.336
923,512,4,64,109.926
923,512,4,128,109.558
923,512,4,256,109.846
923,512,4,512,110.646
923,512,4,1024,112.086
923,512,4,2048,114.522
923,512,4,4096,117.659
923,512,4,8192,125.156
923,512,4,16384,135.717
923,512,4,32768,155.371
923,512,4,65536,187.627
923,512,8,16,109.175
923,512,8,32,108.95
923,512,8,64,109.473
923,512,8,128,109.861
923,512,8,256,110.603
923,512,8,512,111.798
923,512,8,1024,114.3
923,512,8,2048,117.648
923,512,8,4096,124.372
923,512,8,8192,134.774
923,512,8,16384,155.089
923,512,8,32768,188.842
923,512,8,65536,255.537
923,512,16,16,109.365
923,512,16,32,108.992
923,512,16,64,110.257
923,512,16,128,111.26
923,512,16,256,112.437
923,512,16,512,114.325
923,512,16,1024,118.278
923,512,16,2048,123.931
923,512,16,4096,134.497
923,512,16,8192,152.598
923,512,16,16384,188.593
923,512,16,32768,254.913
923,512,16,65536,396.95
923,512,32,16,109.68
923,512,32,32,109.845
923,512,32,64,112.827
923,512,32,128,113.809
923,512,32,256,116.261
923,512,32,512,119.281
923,512,32,1024,125.222
923,512,32,2048,136.048
923,512,32,4096,154.032
923,512,32,8192,189.819
923,512,32,16384,256.854
923,512,32,32768,396.912
923,512,32,65536,677.82
923,512,64,16,111.226
923,512,64,32,112.298
923,512,64,64,114.245
923,512,64,128,117.25
923,512,64,256,120.726
923,512,64,512,126.666
923,512,64,1024,137.095
923,512,64,2048,155.914
923,512,64,4096,191.857
923,512,64,8192,258.849
923,512,64,16384,399.782
923,512,64,32768,681.922
923,512,64,65536,1222.49
923,512,128,16,115.813
923,512,128,32,116.182
923,512,128,64,119.137
923,512,128,128,121.728
923,512,128,256,127.858
923,512,128,512,139.065
923,512,128,1024,156.913
923,512,128,2048,192.427
923,512,128,4096,259.334
923,512,128,8192,402.298
923,512,128,16384,680.417
923,512,128,32768,1220.6
923,512,128,65536,2298.2
923,1024,0,0,101.084
923,1024,1,16,122.502
923,1024,1,32,122.565
923,1024,1,64,123.333
923,1024,1,128,123.729
923,1024,1,256,123.392
923,1024,1,512,123.813
923,1024,1,1024,124.534
923,1024,1,2048,126.916
923,1024,1,4096,128.811
923,1024,1,8192,132.331
923,1024,1,16384,135.878
923,1024,1,32768,143.643
923,1024,1,65536,154.406
923,1024,2,16,122.469
923,1024,2,32,122.533
923,1024,2,64,123.847
923,1024,2,128,123.809
923,1024,2,256,123.718
923,1024,2,512,124.261
923,1024,2,1024,125.404
923,1024,2,2048,127.275
923,1024,2,4096,129.75
923,1024,2,8192,133.489
923,1024,2,16384,139.03
923,1024,2,32768,151.516
923,1024,2,65536,169.468
923,1024,4,16,122.505
923,1024,4,32,122.192
923,1024,4,64,123.099
923,1024,4,128,123.402
923,1024,4,256,123.493
923,1024,4,512,124.09
923,1024,4,1024,125.749
923,1024,4,2048,128.083
923,1024,4,4096,131.563
923,1024,4,8192,138.15
923,1024,4,16384,149.568
923,1024,4,32768,167.994
923,1024,4,65536,201.083
923,1024,8,16,122.895
923,1024,8,32,122.896
923,1024,8,64,123.872
923,1024,8,128,124.113
923,1024,8,256,124.428
923,1024,8,512,125.734
923,1024,8,1024,128.785
923,1024,8,2048,131.756
923,1024,8,4096,138
923,1024,8,8192,149.436
923,1024,8,16384,168.545
923,1024,8,32768,201.793
923,1024,8,65536,269.521
923,1024,16,16,123.152
923,1024,16,32,123.066
923,1024,16,64,124.188
923,1024,16,128,125.007
923,1024,16,256,126.625
923,1024,16,512,128.565
923,1024,16,1024,132.043
923,1024,16,2048,137.73
923,1024,16,4096,148.145
923,1024,16,8192,166.496
923,1024,16,16384,203.27
923,1024,16,32768,268.513
923,1024,16,65536,409.601
923,1024,32,16,123.713
923,1024,32,32,123.654
923,1024,32,64,126.687
923,1024,32,128,127.184
923,1024,32,256,130.06
923,1024,32,512,133.154
923,1024,32,1024,139.393
923,1024,32,2048,149.708
923,1024,32,4096,167.84
923,1024,32,8192,203.142
923,1024,32,16384,270.592
923,1024,32,32768,412.678
923,1024,32,65536,693.441
923,1024,64,16,125.044
923,1024,64,32,125.783
923,1024,64,64,127.905
923,1024,64,128,131.766
923,1024,64,256,133.894
923,1024,64,512,139.771
923,1024,64,1024,150.647
923,1024,64,2048,169.397
923,1024,64,4096,204.62
923,1024,64,8192,272.186
923,1024,64,16384,412.134
923,1024,64,32768,695.463
923,1024,64,65536,1239.14
923,1024,128,16,129.49
923,1024,128,32,130.118
923,1024,128,64,133.121
923,1024,128,128,135.851
923,1024,128,256,141.756
923,1024,128,512,152.757
923,1024,128,1024,170.641
923,1024,128,2048,204.663
923,1024,128,4096,273.728
923,1024,128,8192,415.986
923,1024,128,16384,697.116
923,1024,128,32768,1235.34
923,1024,128,65536,2310.21
923,2048,0,0,127.676
923,2048,1,16,149.765
923,2048,1,32,149.99
923,2048,1,64,150.497
923,2048,1,128,150.933
923,2048,1,256,150.785
923,2048,1,512,151.349
923,2048,1,1024,151.811
923,2048,1,2048,153.424
923,2048,1,4096,156.332
923,2048,1,8192,159.093
923,2048,1,16384,163.12
923,2048,1,32768,170.96
923,2048,1,65536,180.562
923,2048,2,16,149.301
923,2048,2,32,149.43
923,2048,2,64,150.689
923,2048,2,128,150.667
923,2048,2,256,150.789
923,2048,2,512,151.622
923,2048,2,1024,151.93
923,2048,2,2048,154.556
923,2048,2,4096,156.801
923,2048,2,8192,160.39
923,2048,2,16384,166.795
923,2048,2,32768,177.702
923,2048,2,65536,195.099
923,2048,4,16,149.201
923,2048,4,32,149.531
923,2048,4,64,150.235
923,2048,4,128,150.502
923,2048,4,256,150.731
923,2048,4,512,150.757
923,2048,4,1024,152.913
923,2048,4,2048,155.776
923,2048,4,4096,159.04
923,2048,4,8192,165.447
923,2048,4,16384,175.99
923,2048,4,32768,194.587
923,2048,4,65536,228.53
923,2048,8,16,149.696
923,2048,8,32,149.653
923,2048,8,64,150.864
923,2048,8,128,150.865
923,2048,8,256,151.75
923,2048,8,512,153.036
923,2048,8,1024,155.611
923,2048,8,2048,158.816
923,2048,8,4096,164.89
923,2048,8,8192,175.478
923,2048,8,16384,193.943
923,2048,8,32768,228.887
923,2048,8,65536,295.531
923,2048,16,16,149.935
923,2048,16,32,150.029
923,2048,16,64,151.53
923,2048,16,128,152.274
923,2048,16,256,153.925
923,2048,16,512,155.531
923,2048,16,1024,159.147
923,2048,16,2048,164.993
923,2048,16,4096,175.995
923,2048,16,8192,193.914
923,2048,16,16384,229.814
923,2048,16,32768,294.72
923,2048,16,65536,434.647
923,2048,32,16,150.602
923,2048,32,32,150.534
923,2048,32,64,153.54
923,2048,32,128,154.416
923,2048,32,256,156.715
923,2048,32,512,160.242
923,2048,32,1024,166.165
923,2048,32,2048,176.624
923,2048,32,4096,195.168
923,2048,32,8192,230.193
923,2048,32,16384,297.276
923,2048,32,32768,437.297
923,2048,32,65536,718.386
923,2048,64,16,152.362
923,2048,64,32,152.986
923,2048,64,64,155.115
923,2048,64,128,158.982
923,2048,64,256,161.894
923,2048,64,512,167.424
923,2048,64,1024,177.749
923,2048,64,2048,196.657
923,2048,64,4096,231.968
923,2048,64,8192,298.385
923,2048,64,16384,439.527
923,2048,64,32768,720.167
923,2048,64,65536,1261.52
923,2048,128,16,157.196
923,2048,128,32,157.83
923,2048,128,64,159.504
923,2048,128,128,162.465
923,2048,128,256,168.801
923,2048,128,512,178.965
923,2048,128,1024,197.909
923,2048,128,2048,232.209
923,2048,128,4096,300.081
923,2048,128,8192,441.868
923,2048,128,16384,721.809
923,2048,128,32768,1258.99
923,2048,128,65536,2334.75
923,4096,0,0,181.207
923,4096,1,16,202.64
923,4096,1,32,202.95
923,4096,1,64,203.921
923,4096,1,128,204.779
923,4096,1,256,204.107
923,4096,1,512,205.03
923,4096,1,1024,205.703
923,4096,1,2048,206.97
923,4096,1,4096,209.41
923,4096,1,8192,212.545
923,4096,1,16384,216.624
923,4096,1,32768,222.714
923,4096,1,65536,231.04
923,4096,2,16,202.064
923,4096,2,32,202.561
923,4096,2,64,203.388
923,4096,2,128,203.792
923,4096,2,256,203.526
923,4096,2,512,204.891
923,4096,2,1024,204.991
923,4096,2,2048,206.961
923,4096,2,4096,209.745
923,4096,2,8192,212.139
923,4096,2,16384,219.073
923,4096,2,32768,229.008
923,4096,2,65536,246.251
923,4096,4,16,202.987
923,4096,4,32,203.152
923,4096,4,64,202.789
923,4096,4,128,203.244
923,4096,4,256,203.873
923,4096,4,512,204.22
923,4096,4,1024,205.291
923,4096,4,2048,208.401
923,4096,4,4096,210.769
923,4096,4,8192,218.277
923,4096,4,16384,226.108
923,4096,4,32768,246.827
923,4096,4,65536,279.287
923,4096,8,16,202.619
923,4096,8,32,203.681
923,4096,8,64,203.574
923,4096,8,128,203.675
923,4096,8,256,204.133
923,4096,8,512,205.466
923,4096,8,1024,208.609
923,4096,8,2048,211.327
923,4096,8,4096,217.728
923,4096,8,8192,227.04
923,4096,8,16384,245.904
923,4096,8,32768,279.882
923,4096,8,65536,345.754
923,4096,16,16,203.488
923,4096,16,32,203.558
923,4096,16,64,203.974
923,4096,16,128,204.577
923,4096,16,256,206.534
923,4096,16,512,208.037
923,4096,16,1024,211.633
923,4096,16,2048,218.23
923,4096,16,4096,227.697
923,4096,16,8192,244.208
923,4096,16,16384,279.583
923,4096,16,32768,347.963
923,4096,16,65536,482.683
923,4096,32,16,204.294
923,4096,32,32,203.894
923,4096,32,64,206.411
923,4096,32,128,208.737
923,4096,32,256,210.118
923,4096,32,512,213.303
923,4096,32,1024,218.869
923,4096,32,2048,227.707
923,4096,32,4096,245.877
923,4096,32,8192,281.09
923,4096,32,16384,347.389
923,4096,32,32768,483.553
923,4096,32,65536,756.669
923,4096,64,16,205.163
923,4096,64,32,205.735
923,4096,64,64,207.691
923,4096,64,128,212.289
923,4096,64,256,215.148
923,4096,64,512,220.46
923,4096,64,1024,229.825
923,4096,64,2048,248.368
923,4096,64,4096,283.382
923,4096,64,8192,348.754
923,4096,64,16384,485.735
923,4096,64,32768,759.676
923,4096,64,65536,1296.1
923,4096,128,16,209.003
923,4096,128,32,208.962
923,4096,128,64,212.198
923,4096,128,128,214.683
923,4096,128,256,220.737
923,4096,128,512,231.201
923,4096,128,1024,249.249
923,4096,128,2048,283.311
923,4096,128,4096,351.077
923,4096,128,8192,487.595
923,4096,128,16384,758.643
923,4096,128,32768,1294.14
923,4096,128,65536,2369.54
923,8192,0,0,294.608
923,8192,1,16,315.28
923,8192,1,32,316.044
923,8192,1,64,316.508
923,8192,1,128,316.506
923,8192,1,256,316.037
923,8192,1,512,316.646
923,8192,1,1024,317.057
923,8192,1,2048,319.654
923,8192,1,4096,321.344
923,8192,1,8192,324.31
923,8192,1,16384,327.655
923,8192,1,32768,334.348
923,8192,1,65536,342.043
923,8192,2,16,314.859
923,8192,2,32,315.552
923,8192,2,64,316.396
923,8192,2,128,316.7
923,8192,2,256,316.524
923,8192,2,512,316.72
923,8192,2,1024,317.52
923,8192,2,2048,319.553
923,8192,2,4096,320.896
923,8192,2,8192,324.828
923,8192,2,16384,330.599
923,8192,2,32768,340.71
923,8192,2,65536,355.281
923,8192,4,16,315.233
923,8192,4,32,315.407
923,8192,4,64,316.538
923,8192,4,128,315.981
923,8192,4,256,316.987
923,8192,4,512,318.017
923,8192,4,1024,318.427
923,8192,4,2048,320.049
923,8192,4,4096,323.611
923,8192,4,8192,328.817
923,8192,4,16384,338.863
923,8192,4,32768,357.654
923,8192,4,65536,387.746
923,8192,8,16,315.34
923,8192,8,32,314.8
923,8192,8,64,316.55
923,8192,8,128,315.823
923,8192,8,256,316.47
923,8192,8,512,316.512
923,8192,8,1024,320.267
923,8192,8,2048,321.724
923,8192,8,4096,329.83
923,8192,8,8192,337.483
923,8192,8,16384,356.331
923,8192,8,32768,391.739
923,8192,8,65536,455.772
923,8192,16,16,314.726
923,8192,16,32,315.34
923,8192,16,64,316.235
923,8192,16,128,317.488
923,8192,16,256,318.635
923,8192,16,512,320.598
923,8192,16,1024,323.265
923,8192,16,2048,329.35
923,8192,16,4096,338.582
923,8192,16,8192,355.175
923,8192,16,16384,391.527
923,8192,16,32768,456.614
923,8192,16,65536,588.717
923,8192,32,16,316.485
923,8192,32,32,315.569
923,8192,32,64,318.475
923,8192,32,128,319.49
923,8192,32,256,321.628
923,8192,32,512,325.59
923,8192,32,1024,330.64
923,8192,32,2048,339.303
923,8192,32,4096,356.647
923,8192,32,8192,391.73
923,8192,32,16384,458.626
923,8192,32,32768,592.855
923,8192,32,65536,856.296
923,8192,64,16,317.004
923,8192,64,32,318.322
923,8192,64,64,319.341
923,8192,64,128,323.495
923,8192,64,256,325.959
923,8192,64,512,331.866
923,8192,64,1024,341.942
923,8192,64,2048,359.915
923,8192,64,4096,394.288
923,8192,64,8192,461.916
923,8192,64,16384,594.635
923,8192,64,32768,863.471
923,8192,64,65536,1399.59
923,8192,128,16,321.066
923,8192,128,32,321.568
923,8192,128,64,323.5
923,8192,128,128,327.825
923,8192,128,256,332.784
923,8192,128,512,342.257
923,8192,128,1024,359.89
923,8192,128,2048,394.287
923,8192,128,4096,462.577
923,8192,128,8192,596.625
923,8192,128,16384,864.728
923,8192,128,32768,1401.53
923,8192,128,65536,2475.54
923,16384,0,0,505.532
923,16384,1,16,525.543
923,16384,1,32,527.752
923,16384,1,64,529.643
923,16384,1,128,527.777
923,16384,1,256,527.287
923,16384,1,512,529.863
923,16384,1,1024,528.301
923,16384,1,2048,530.363
923,16384,1,4096,534.087
923,16384,1,8192,536.364
923,16384,1,16384,539.356
923,16384,1,32768,545.144
923,16384,1,65536,553.73
923,16384,2,16,525.468
923,16384,2,32,524.225
923,16384,2,64,527.132
923,16384,2,128,527.169
923,16384,2,256,527.121
923,16384,2,512,528.924
923,16384,2,1024,527.703
923,16384,2,2048,530.721
923,16384,2,4096,532.982
923,16384,2,8192,534.034
923,16384,2,16384,541.601
923,16384,2,32768,551.16
923,16384,2,65536,567.128
923,16384,4,16,527.121
923,16384,4,32,525.665
923,16384,4,64,526.791
923,16384,4,128,527.132
923,16384,4,256,526.615
923,16384,4,512,527.948
923,16384,4,1024,528.306
923,16384,4,2048,530.877
923,16384,4,4096,533.399
923,16384,4,8192,539.618
923,16384,4,16384,548.668
923,16384,4,32768,567.303
923,16384,4,65536,598.427
923,16384,8,16,525.686
923,16384,8,32,526.226
923,16384,8,64,527.051
923,16384,8,128,526.422
923,16384,8,256,526.625
923,16384,8,512,526.961
923,16384,8,1024,533.48
923,16384,8,2048,532.684
923,16384,8,4096,541.201
923,16384,8,8192,549.244
923,16384,8,16384,567.281
923,16384,8,32768,601.772
923,16384,8,65536,665.848
923,16384,16,16,525.771
923,16384,16,32,527.25
923,16384,16,64,526.652
923,16384,16,128,528.594
923,16384,16,256,529.424
923,16384,16,512,532.161
923,16384,16,1024,534.241
923,16384,16,2048,541.063
923,16384,16,4096,548.855
923,16384,16,8192,566.866
923,16384,16,16384,602.615
923,16384,16,32768,668.209
923,16384,16,65536,801.708
923,16384,32,16,525.904
923,16384,32,32,526.327
923,16384,32,64,530.232
923,16384,32,128,530.662
923,16384,32,256,532.341
923,16384,32,512,536.737
923,16384,32,1024,540.881
923,16384,32,2048,550.877
923,16384,32,4096,567.553
923,16384,32,8192,602.866
923,16384,32,16384,668.513
923,16384,32,32768,805.11
923,16384,32,65536,1071.93
923,16384,64,16,528.918
923,16384,64,32,527.666
923,16384,64,64,529.089
923,16384,64,128,535.057
923,16384,64,256,537.126
923,16384,64,512,541.953
923,16384,64,1024,552.098
923,16384,64,2048,571.564
923,16384,64,4096,606.012
923,16384,64,8192,673.074
923,16384,64,16384,808.461
923,16384,64,32768,1074.2
923,16384,64,65536,1610.02
923,16384,128,16,532.971
923,16384,128,32,531.671
923,16384,128,64,534.792
923,16384,128,128,537.5
923,16384,128,256,543.138
923,16384,128,512,552.054
923,16384,128,1024,569.195
923,16384,128,2048,606.114
923,16384,128,4096,672.018
923,16384,128,8192,809.053
923,16384,128,16384,1075.58
923,16384,128,32768,1611.64
923,16384,128,65536,2686.39
923,32768,0,0,925.479
923,32768,1,16,945.688
923,32768,1,32,944.515
923,32768,1,64,945.481
923,32768,1,128,946.781
923,32768,1,256,945.688
923,32768,1,512,946.78
923,32768,1,1024,948.979
923,32768,1,2048,948.987
923,32768,1,4096,953.18
923,32768,1,8192,956.996
923,32768,1,16384,956.584
923,32768,1,32768,961.99
923,32768,1,65536,972.787
923,32768,2,16,945.288
923,32768,2,32,945.548
923,32768,2,64,946.076
923,32768,2,128,945.63
923,32768,2,256,944.668
923,32768,2,512,947.153
923,32768,2,1024,948.631
923,32768,2,2048,949.714
923,32768,2,4096,950.376
923,32768,2,8192,954.769
923,32768,2,16384,960.066
923,32768,2,32768,969.849
923,32768,2,65536,990.05
923,32768,4,16,945.331
923,32768,4,32,944.13
923,32768,4,64,945.298
923,32768,4,128,946.189
923,32768,4,256,947.415
923,32768,4,512,946.264
923,32768,4,1024,951.223
923,32768,4,2048,950.742
923,32768,4,4096,951.938
923,32768,4,8192,959.006
923,32768,4,16384,969.497
923,32768,4,32768,988.143
923,32768,4,65536,1015.5
923,32768,8,16,946.642
923,32768,8,32,943.147
923,32768,8,64,944.995
923,32768,8,128,948.862
923,32768,8,256,949.187
923,32768,8,512,948.669
923,32768,8,1024,948.27
923,32768,8,2048,952.882
923,32768,8,4096,958.157
923,32768,8,8192,967.506
923,32768,8,16384,987.234
923,32768,8,32768,1021.08
923,32768,8,65536,1082.89
923,32768,16,16,944.775
923,32768,16,32,944.05
923,32768,16,64,945.927
923,32768,16,128,945.459
923,32768,16,256,948.657
923,32768,16,512,951.928
923,32768,16,1024,954.644
923,32768,16,2048,960.289
923,32768,16,4096,968.007
923,32768,16,8192,985.24
923,32768,16,16384,1021.42
923,32768,16,32768,1087.66
923,32768,16,65536,1218.81
923,32768,32,16,944.189
923,32768,32,32,946.157
923,32768,32,64,950.402
923,32768,32,128,949.689
923,32768,32,256,950.439
923,32768,32,512,954.674
923,32768,32,1024,958.803
923,32768,32,2048,967.435
923,32768,32,4096,986.323
923,32768,32,8192,1020.01
923,32768,32,16384,1091.31
923,32768,32,32768,1221.8
923,32768,32,65536,1487.94
923,32768,64,16,949.576
923,32768,64,32,949.763
923,32768,64,64,951.069
923,32768,64,128,956.215
923,32768,64,256,954.36
923,32768,64,512,958.109
923,32768,64,1024,970.599
923,32768,64,2048,988.397
923,32768,64,4096,1022.85
923,32768,64,8192,1092.07
923,32768,64,16384,1226.69
923,32768,64,32768,1494.52
923,32768,64,65536,2031.29
923,32768,128,16,950.878
923,32768,128,32,950.05
923,32768,128,64,952.199
923,32768,128,128,955.08
923,32768,128,256,960.627
923,32768,128,512,971.352
923,32768,128,1024,987.847
923,32768,128,2048,1025.35
923,32768,128,4096,1090.25
923,32768,128,8192,1226.99
923,32768,128,16384,1494.28
923,32768,128,32768,2032.45
923,32768,128,65536,3100.33
923,65536,0,0,1761.55
923,65536,1,16,1779.88
923,65536,1,32,1779.63
923,65536,1,64,1781.53
923,65536,1,128,1782.14
923,65536,1,256,1783.02
923,65536,1,512,1783.27
923,65536,1,1024,1781.49
923,65536,1,2048,1784.19
923,65536,1,4096,1790.6
923,65536,1,8192,1788.98
923,65536,1,16384,1792.61
923,65536,1,32768,1802.38
923,65536,1,65536,1812.39
923,65536,2,16,1780.97
923,65536,2,32,1780.89
923,65536,2,64,1779.97
923,65536,2,128,1780.87
923,65536,2,256,1787.38
923,65536,2,512,1780.71
923,65536,2,1024,1783.87
923,65536,2,2048,1785.3
923,65536,2,4096,1787.45
923,65536,2,8192,1793.04
923,65536,2,16384,1793.46
923,65536,2,32768,1803.38
923,65536,2,65536,1823.61
923,65536,4,16,1780.05
923,65536,4,32,1786.91
923,65536,4,64,1782.04
923,65536,4,128,1781.84
923,65536,4,256,1782.29
923,65536,4,512,1781.49
923,65536,4,1024,1785.4
923,65536,4,2048,1788.47
923,65536,4,4096,1784.88
923,65536,4,8192,1791.79
923,65536,4,16384,1802.73
923,65536,4,32768,1821.9
923,65536,4,65536,1859.77
923,65536,8,16,1784.91
923,65536,8,32,1780.73
923,65536,8,64,1783.65
923,65536,8,128,1779.48
923,65536,8,256,1780.47
923,65536,8,512,1783.13
923,65536,8,1024,1786.37
923,65536,8,2048,1786.53
923,65536,8,4096,1796.03
923,65536,8,8192,1802.93
923,65536,8,16384,1822.81
923,65536,8,32768,1854.49
923,65536,8,65536,1928.02
923,65536,16,16,1780.56
923,65536,16,32,1783.04
923,65536,16,64,1781.66
923,65536,16,128,1781.48
923,65536,16,256,1781.04
923,65536,16,512,1786
923,65536,16,1024,1789.57
923,65536,16,2048,1791.59
923,65536,16,4096,1804.22
923,65536,16,8192,1818.66
923,65536,16,16384,1851.32
923,65536,16,32768,1924.85
923,65536,16,65536,2059.09
923,65536,32,16,1785.24
923,65536,32,32,1781.56
923,65536,32,64,1787.87
923,65536,32,128,1783.87
923,65536,32,256,1790.52
923,65536,32,512,1790.23
923,65536,32,1024,1797.57
923,65536,32,2048,1809.78
923,65536,32,4096,1825.39
923,65536,32,8192,1857.67
923,65536,32,16384,1924.23
923,65536,32,32768,2060.82
923,65536,32,65536,2325.22
923,65536,64,16,1785
923,65536,64,32,1786.15
923,65536,64,64,1795.3
923,65536,64,128,1795.58
923,65536,64,256,1796.12
923,65536,64,512,1801.74
923,65536,64,1024,1810.91
923,65536,64,2048,1829.86
923,65536,64,4096,1862.33
923,65536,64,8192,1932.5
923,65536,64,16384,2065.57
923,65536,64,32768,2339.96
923,65536,64,65536,2876.39
923,65536,128,16,1788.56
923,65536,128,32,1789.13
923,65536,128,64,1792.8
923,65536,128,128,1794.96
923,65536,128,256,1804
923,65536,128,512,1809.88
923,65536,128,1024,1827.45
923,65536,128,2048,1860.23
923,65536,128,4096,1928.5
923,65536,128,8192,2070.49
923,65536,128,16384,2330.58
923,65536,128,32768,2873.41
923,65536,128,65536,3949.02
1384,0,0,0,62.4268
1384,0,1,16,84.4642
1384,0,1,32,84.2293
1384,0,1,64,85.0573
1384,0,1,128,85.4447
1384,0,1,256,85.5837
1384,0,1,512,86.096
1384,0,1,1024,86.485
1384,0,1,2048,88.5655
1384,0,1,4096,90.3252
1384,0,1,8192,93.8085
1384,0,1,16384,98.1335
1384,0,1,32768,105.21
1384,0,1,65536,116.267
1384,0,2,16,84.2937
1384,0,2,32,84.3993
1384,0,2,64,85.232
1384,0,2,128,85.5842
1384,0,2,256,85.5033
1384,0,2,512,85.9578
1384,0,2,1024,87.4883
1384,0,2,2048,89.2327
1384,0,2,4096,91.509
1384,0,2,8192,95.2903
1384,0,2,16384,102.24
1384,0,2,32768,113.451
1384,0,2,65536,131.056
1384,0,4,16,84.1432
1384,0,4,32,84.2935
1384,0,4,64,85.0925
1384,0,4,128,84.9812
1384,0,4,256,85.131
1384,0,4,512,85.9042
1384,0,4,1024,87.8183
1384,0,4,2048,89.7647
1384,0,4,4096,92.8965
1384,0,4,8192,101.19
1384,0,4,16384,111.168
1384,0,4,32768,130.346
1384,0,4,65536,162.444
1384,0,8,16,84.3957
1384,0,8,32,83.8723
1384,0,8,64,85.2542
1384,0,8,128,85.7385
1384,0,8,256,86.1972
1384,0,8,512,87.2203
1384,0,8,1024,90.4595
1384,0,8,2048,92.896
1384,0,8,4096,99.9198
1384,0,8,8192,110.934
1384,0,8,16384,129.617
1384,0,8,32768,164.022
1384,0,8,65536,230.326
1384,0,16,16,84.5973
1384,0,16,32,85.2693
1384,0,16,64,85.8727
1384,0,16,128,86.3787
1384,0,16,256,87.7922
1384,0,16,512,90.7675
1384,0,16,1024,93.9993
1384,0,16,2048,99.8877
1384,0,16,4096,110.859
1384,0,16,8192,129.147
1384,0,16,16384,163.595
1384,0,16,32768,230.657
1384,0,16,65536,371.046
1384,0,32,16,85.1842
1384,0,32,32,85.4407
1384,0,32,64,87.5672
1384,0,32,128,89.2215
1384,0,32,256,91.6705
1384,0,32,512,94.5708
1384,0,32,1024,100.955
1384,0,32,2048,111.36
1384,0,32,4096,129.206
1384,0,32,8192,164.55
1384,0,32,16384,230.832
1384,0,32,32768,374.342
1384,0,32,65536,655.202
1384,0,64,16,87.462
1384,0,64,32,87.7072
1384,0,64,64,89.777
1384,0,64,128,93.9243
1384,0,64,256,97.0512
1384,0,64,512,101.814
1384,0,64,1024,113.061
1384,0,64,2048,132.075
1384,0,64,4096,166.327
1384,0,64,8192,234.401
1384,0,64,16384,374.683
1384,0,64,32768,657.35
1384,0,64,65536,1200.55
1384,0,128,16,91.2428
1384,0,128,32,92.0858
1384,0,128,64,94.0913
1384,0,128,128,97.2855
1384,0,128,256,102.982
1384,0,128,512,114.395
1384,0,128,1024,132.662
1384,0,128,2048,166.95
1384,0,128,4096,234.556
1384,0,128,8192,375.057
1384,0,128,16384,656.62
1384,0,128,32768,1196.77
1384,0,128,65536,2268.97
1384,16,0,0,92.2237
1384,16,1,16,113.611
1384,16,1,32,113.797
1384,16,1,64,114.539
1384,16,1,128,115.116
1384,16,1,256,114.144
1384,16,1,512,115.227
1384,16,1,1024,116.149
1384,16,1,2048,118.204
1384,16,1,4096,119.514
1384,16,1,8192,122.933
1384,16,1,16384,127.14
1384,16,1,32768,134.491
1384,16,1,65536,144.79
1384,16,2,16,113.435
1384,16,2,32,113.798
1384,16,2,64,114.752
1384,16,2,128,114.988
1384,16,2,256,115.231
1384,16,2,512,115.478
1384,16,2,1024,116.433
1384,16,2,2048,118.128
1384,16,2,4096,120.695
1384,16,2,8192,123.946
1384,16,2,16384,131.041
1384,16,2,32768,142.081
1384,16,2,65536,161.147
1384,16,4,16,113.473
1384,16,4,32,113.675
1384,16,4,64,114.412
1384,16,4,128,114.363
1384,16,4,256,114.699
1384,16,4,512,115.109
1384,16,4,1024,116.992
1384,16,4,2048,119.297
1384,16,4,4096,122.15
1384,16,4,8192,129.788
1384,16,4,16384,140.379
1384,16,4,32768,159.996
1384,16,4,65536,192.135
1384,16,8,16,113.568
1384,16,8,32,113.517
1384,16,8,64,114.949
1384,16,8,128,114.752
1384,16,8,256,115.088
1384,16,8,512,116.485
1384,16,8,1024,118.21
1384,16,8,2048,121.909
1384,16,8,4096,129.894
1384,16,8,8192,139.782
1384,16,8,16384,159.958
1384,16,8,32768,193.319
1384,16,8,65536,259.932
1384,16,16,16,114.537
1384,16,16,32,114.305
1384,16,16,64,115.253
1384,16,16,128,115.76
1384,16,16,256,117.931
1384,16,16,512,119.408
1384,16,16,1024,123.323
1384,16,16,2048,128.513
1384,16,16,4096,139.429
1384,16,16,8192,158.826
1384,16,16,16384,194.394
1384,16,16,32768,260.449
1384,16,16,65536,400.608
1384,16,32,16,114.82
1384,16,32,32,115.072
1384,16,32,64,117.349
1384,16,32,128,118.907
1384,16,32,256,121.062
1384,16,32,512,124.46
1384,16,32,1024,129.942
1384,16,32,2048,140.277
1384,16,32,4096,159.6
1384,16,32,8192,194.176
1384,16,32,16384,261.793
1384,16,32,32768,402.502
1384,16,32,65536,684.845
1384,16,64,16,116.592
1384,16,64,32,117.75
1384,16,64,64,119.413
1384,16,64,128,123.152
1384,16,64,256,126.111
1384,16,64,512,131.409
1384,16,64,1024,142.257
1384,16,64,2048,161.696
1384,16,64,4096,197.014
1384,16,64,8192,264.272
1384,16,64,16384,405.111
1384,16,64,32768,686.841
1384,16,64,65536,1224.7
1384,16,128,16,120.47
1384,16,128,32,120.544
1384,16,128,64,123.163
1384,16,128,128,126.293
1384,16,128,256,132.501
1384,16,128,512,143.404
1384,16,128,1024,161.445
1384,16,128,2048,197.327
1384,16,128,4096,264.23
1384,16,128,8192,405.68
1384,16,128,16384,686.397
1384,16,128,32768,1225.19
1384,16,128,65536,2303.16
1384,32,0,0,91.9572
1384,32,1,16,113.586
1384,32,1,32,113.632
1384,32,1,64,114.591
1384,32,1,128,114.854
1384,32,1,256,114.383
1384,32,1,512,115.12
1384,32,1,1024,115.83
1384,32,1,2048,118.007
1384,32,1,4096,119.303
1384,32,1,8192,122.768
1384,32,1,16384,127.167
1384,32,1,32768,133.376
1384,32,1,65536,144.262
1384,32,2,16,113.604
1384,32,2,32,112.944
1384,32,2,64,114.827
1384,32,2,128,114.866
1384,32,2,256,115.419
1384,32,2,512,116.001
1384,32,2,1024,116.562
1384,32,2,2048,118.075
1384,32,2,4096,120.054
1384,32,2,8192,123.899
1384,32,2,16384,131.216
1384,32,2,32768,142.539
1384,32,2,65536,160.038
1384,32,4,16,113.184
1384,32,4,32,113.839
1384,32,4,64,113.883
1384,32,4,128,114.228
1384,32,4,256,115.179
1384,32,4,512,115.563
1384,32,4,1024,116.396
1384,32,4,2048,119.211
1384,32,4,4096,122.251
1384,32,4,8192,129.308
1384,32,4,16384,140.774
1384,32,4,32768,159.771
1384,32,4,65536,191.899
1384,32,8,16,113.274
1384,32,8,32,113.435
1384,32,8,64,114.352
1384,32,8,128,114.997
1384,32,8,256,114.927
1384,32,8,512,116.444
1384,32,8,1024,118.699
1384,32,8,2048,121.931
1384,32,8,4096,128.438
1384,32,8,8192,139.818
1384,32,8,16384,159.141
1384,32,8,32768,194.272
1384,32,8,65536,259.745
1384,32,16,16,113.878
1384,32,16,32,114.276
1384,32,16,64,115.584
1384,32,16,128,116.181
1384,32,16,256,117.201
1384,32,16,512,119.371
1384,32,16,1024,122.827
1384,32,16,2048,128.671
1384,32,16,4096,140.082
1384,32,16,8192,158.096
1384,32,16,16384,193.89
1384,32,16,32768,259.601
1384,32,16,65536,399.67
1384,32,32,16,114.748
1384,32,32,32,114.671
1384,32,32,64,117.18
1384,32,32,128,118.645
1384,32,32,256,120.636
1384,32,32,512,124.023
1384,32,32,1024,130.113
1384,32,32,2048,140.634
1384,32,32,4096,159.712
1384,32,32,8192,194.443
1384,32,32,16384,262.149
1384,32,32,32768,402.162
1384,32,32,65536,683.607
1384,32,64,16,116.795
1384,32,64,32,117.051
1384,32,64,64,118.891
1384,32,64,128,122.373
1384,32,64,256,126.224
1384,32,64,512,131.781
1384,32,64,1024,142.843
1384,32,64,2048,160.923
1384,32,64,4096,196.492
1384,32,64,8192,263.296
1384,32,64,16384,404.79
1384,32,64,32768,684.653
1384,32,64,65536,1223.62
1384,32,128,16,120.192
1384,32,128,32,120.641
1384,32,128,64,124.198
1384,32,128,128,126.236
1384,32,128,256,132.157
1384,32,128,512,142.906
1384,32,128,1024,161.791
1384,32,128,2048,196.293
1384,32,128,4096,264
1384,32,128,8192,405.974
1384,32,128,16384,687.74
1384,32,128,32768,1227.53
1384,32,128,65536,2299.99
1384,64,0,0,92.069
1384,64,1,16,113.515
1384,64,1,32,113.766
1384,64,1,64,114.849
1384,64,1,128,114.87
1384,64,1,256,115.264
1384,64,1,512,115.351
1384,64,1,1024,115.553
1384,64,1,2048,118.294
1384,64,1,4096,119.676
1384,64,1,8192,122.492
1384,64,1,16384,127.579
1384,64,1,32768,134.304
1384,64,1,65536,145.196
1384,64,2,16,113.728
1384,64,2,32,113.255
1384,64,2,64,114.78
1384,64,2,128,114.327
1384,64,2,256,114.87
1384,64,2,512,115.579
1384,64,2,1024,116.624
1384,64,2,2048,118.31
1384,64,2,4096,120.783
1384,64,2,8192,124.86
1384,64,2,16384,131.077
1384,64,2,32768,142.197
1384,64,2,65536,160.374
1384,64,4,16,113.68
1384,64,4,32,113.211
1384,64,4,64,114.454
1384,64,4,128,114.847
1384,64,4,256,114.646
1384,64,4,512,115.243
1384,64,4,1024,117.066
1384,64,4,2048,119.121
1384,64,4,4096,122.218
1384,64,4,8192,129.157
1384,64,4,16384,139.291
1384,64,4,32768,159.685
1384,64,4,65536,191.852
1384,64,8,16,113.814
1384,64,8,32,113.462
1384,64,8,64,114.422
1384,64,8,128,114.838
1384,64,8,256,114.683
1384,64,8,512,116.219
1384,64,8,1024,119.029
1384,64,8,2048,122.103
1384,64,8,4096,128.63
1384,64,8,8192,139.969
1384,64,8,16384,159.184
1384,64,8,32768,193.723
1384,64,8,65536,260.491
1384,64,16,16,113.75
1384,64,16,32,114.293
1384,64,16,64,115.335
1384,64,16,128,115.762
1384,64,16,256,118.016
1384,64,16,512,119.29
1384,64,16,1024,122.992
1384,64,16,2048,129.018
1384,64,16,4096,140.087
1384,64,16,8192,157.984
1384,64,16,16384,194.322
1384,64,16,32768,260.529
1384,64,16,65536,399.292
1384,64,32,16,114.86
1384,64,32,32,114.294
1384,64,32,64,117.435
1384,64,32,128,118.714
1384,64,32,256,120.518
1384,64,32,512,124.166
1384,64,32,1024,129.664
1384,64,32,2048,140.612
1384,64,32,4096,159.011
1384,64,32,8192,194.971
1384,64,32,16384,261.467
1384,64,32,32768,403.67
1384,64,32,65536,683.377
1384,64,64,16,116.324
1384,64,64,32,116.529
1384,64,64,64,119.386
1384,64,64,128,122.139
1384,64,64,256,126.081
1384,64,64,512,131.488
1384,64,64,1024,143.218
1384,64,64,2048,161.025
1384,64,64,4096,196.65
1384,64,64,8192,264.071
1384,64,64,16384,405.196
1384,64,64,32768,687.597
1384,64,64,65536,1227.08
1384,64,128,16,120.241
1384,64,128,32,121.317
1384,64,128,64,123.355
1384,64,128,128,126.011
1384,64,128,256,132.422
1384,64,128,512,143.366
1384,64,128,1024,161.643
1384,64,128,2048,196.022
1384,64,128,4096,263.595
1384,64,128,8192,406.779
1384,64,128,16384,687.421
1384,64,128,32768,1224.09
1384,64,128,65536,2299.96
1384,128,0,0,92.8212
1384,128,1,16,114.309
1384,128,1,32,114.181
1384,128,1,64,115.205
1384,128,1,128,115.307
1384,128,1,256,115.408
1384,128,1,512,115.787
1384,128,1,1024,116.613
1384,128,1,2048,118.902
1384,128,1,4096,119.978
1384,128,1,8192,123.887
1384,128,1,16384,127.958
1384,128,1,32768,134.864
1384,128,1,65536,144.944
1384,128,2,16,114.554
1384,128,2,32,114.356
1384,128,2,64,115.574
1384,128,2,128,115.222
1384,128,2,256,115.366
1384,128,2,512,115.948
1384,128,2,1024,117.372
1384,128,2,2048,119.199
1384,128,2,4096,121.74
1384,128,2,8192,125.526
1384,128,2,16384,132.315
1384,128,2,32768,143.397
1384,128,2,65536,161.178
1384,128,4,16,114.342
1384,128,4,32,114.449
1384,128,4,64,114.918
1384,128,4,128,115.152
1384,128,4,256,115.323
1384,128,4,512,115.613
1384,128,4,1024,117.483
1384,128,4,2048,120.309
1384,128,4,4096,123.381
1384,128,4,8192,129.585
1384,128,4,16384,142.246
1384,128,4,32768,160.816
1384,128,4,65536,192.544
1384,128,8,16,114.517
1384,128,8,32,114.517
1384,128,8,64,114.865
1384,128,8,128,115.451
1384,128,8,256,115.852
1384,128,8,512,117.599
1384,128,8,1024,119.515
1384,128,8,2048,123.142
1384,128,8,4096,129.456
1384,128,8,8192,138.939
1384,128,8,16384,159.648
1384,128,8,32768,193.398
1384,128,8,65536,261.814
1384,128,16,16,115.077
1384,128,16,32,115.317
1384,128,16,64,116.437
1384,128,16,128,117.105
1384,128,16,256,118.486
1384,128,16,512,121.156
1384,128,16,1024,123.835
1384,128,16,2048,129.504
1384,128,16,4096,140.193
1384,128,16,8192,158.439
1384,128,16,16384,194.613
1384,128,16,32768,260.272
1384,128,16,65536,402.465
1384,128,32,16,115.333
1384,128,32,32,115.777
1384,128,32,64,118.012
1384,128,32,128,119.175
1384,128,32,256,121.537
1384,128,32,512,124.896
1384,128,32,1024,130.615
1384,128,32,2048,141.297
1384,128,32,4096,159.957
1384,128,32,8192,194.982
1384,128,32,16384,261.846
1384,128,32,32768,403.451
1384,128,32,65536,684.017
1384,128,64,16,117.568
1384,128,64,32,118.155
1384,128,64,64,119.824
1384,128,64,128,123.269
1384,128,64,256,126.297
1384,128,64,512,132.128
1384,128,64,1024,142.987
1384,128,64,2048,161.835
1384,128,64,4096,196.774
1384,128,64,8192,264.326
1384,128,64,16384,405.357
1384,128,64,32768,684.93
1384,128,64,65536,1229.55
1384,128,128,16,120.657
1384,128,128,32,121.521
1384,128,128,64,124.128
1384,128,128,128,126.8
1384,128,128,256,132.735
1384,128,128,512,144.479
1384,128,128,1024,161.722
1384,128,128,2048,197.329
1384,128,128,4096,264.998
1384,128,128,8192,406.123
1384,128,128,16384,686.62
1384,128,128,32768,1224.88
1384,128,128,65536,2300.63
1384,256,0,0,98.6987
1384,256,1,16,120.214
1384,256,1,32,119.815
1384,256,1,64,121.265
1384,256,1,128,121.974
1384,256,1,256,122.108
1384,256,1,512,122.326
1384,256,1,1024,122.539
1384,256,1,2048,124.864
1384,256,1,4096,126.17
1384,256,1,8192,130.514
1384,256,1,16384,133.845
1384,256,1,32768,141.174
1384,256,1,65536,151.212
1384,256,2,16,119.963
1384,256,2,32,120.528
1384,256,2,64,121.353
1384,256,2,128,121.394
1384,256,2,256,121.616
1384,256,2,512,122.059
1384,256,2,1024,122.94
1384,256,2,2048,125.143
1384,256,2,4096,127.435
1384,256,2,8192,131.049
1384,256,2,16384,138.54
1384,256,2,32768,149.074
1384,256,2,65536,167.159
1384,256,4,16,119.643
1384,256,4,32,120.239
1384,256,4,64,120.972
1384,256,4,128,121.421
1384,256,4,256,121.248
1384,256,4,512,122.214
1384,256,4,1024,123.408
1384,256,4,2048,125.953
1384,256,4,4096,129.638
1384,256,4,8192,135.831
1384,256,4,16384,147.409
1384,256,4,32768,166.769
1384,256,4,65536,199.216
1384,256,8,16,120.634
1384,256,8,32,120.544
1384,256,8,64,121.238
1384,256,8,128,121.173
1384,256,8,256,121.975
1384,256,8,512,123.12
1384,256,8,1024,125.813
1384,256,8,2048,129.024
1384,256,8,4096,136.101
1384,256,8,8192,146.746
1384,256,8,16384,165.516
1384,256,8,32768,200.23
1384,256,8,65536,265.958
1384,256,16,16,120.497
1384,256,16,32,121.067
1384,256,16,64,121.904
1384,256,16,128,122.988
1384,256,16,256,124.299
1384,256,16,512,126.683
1384,256,16,1024,129.467
1384,256,16,2048,135.26
1384,256,16,4096,146.353
1384,256,16,8192,164.235
1384,256,16,16384,201.095
1384,256,16,32768,267.606
1384,256,16,65536,407.082
1384,256,32,16,121.19
1384,256,32,32,121.756
1384,256,32,64,124.348
1384,256,32,128,125.936
1384,256,32,256,127.441
1384,256,32,512,130.917
1384,256,32,1024,136.454
1384,256,32,2048,147.087
1384,256,32,4096,166.209
1384,256,32,8192,201.057
1384,256,32,16384,267.206
1384,256,32,32768,408.4
1384,256,32,65536,691.57
1384,256,64,16,123.019
1384,256,64,32,123.233
1384,256,64,64,126.251
1384,256,64,128,129.926
1384,256,64,256,132.891
1384,256,64,512,137.84
1384,256,64,1024,149.099
1384,256,64,2048,168.215
1384,256,64,4096,202.71
1384,256,64,8192,270.566
1384,256,64,16384,410.988
1384,256,64,32768,693.965
1384,256,64,65536,1235.6
1384,256,128,16,126.918
1384,256,128,32,127.013
1384,256,128,64,129.19
1384,256,128,128,133.29
1384,256,128,256,139.092
1384,256,128,512,149.787
1384,256,128,1024,168.476
1384,256,128,2048,203.233
1384,256,128,4096,271.079
1384,256,128,8192,411.862
1384,256,128,16384,693.126
1384,256,128,32768,1232.81
1384,256,128,65536,2307.93
1384,512,0,0,109.008
1384,512,1,16,130.405
1384,512,1,32,130.657
1384,512,1,64,131.146
1384,512,1,128,131.424
1384,512,1,256,131.414
1384,512,1,512,132.475
1384,512,1,1024,132.837
1384,512,1,2048,135.148
1384,512,1,4096,136.677
1384,512,1,8192,140.161
1384,512,1,16384,143.846
1384,512,1,32768,151.643
1384,512,1,65536,161.42
1384,512,2,16,129.921
1384,512,2,32,130.453
1384,512,2,64,131.28
1384,512,2,128,131.601
1384,512,2,256,131.296
1384,512,2,512,132.036
1384,512,2,1024,133.042
1384,512,2,2048,135.355
1384,512,2,4096,137.205
1384,512,2,8192,141.637
1384,512,2,16384,147.926
1384,512,2,32768,159.938
1384,512,2,65536,176.331
1384,512,4,16,129.911
1384,512,4,32,130.308
1384,512,4,64,131.03
1384,512,4,128,131.658
1384,512,4,256,131.504
1384,512,4,512,132.251
1384,512,4,1024,134.198
1384,512,4,2048,136.32
1384,512,4,4096,139.77
1384,512,4,8192,146.048
1384,512,4,16384,158.028
1384,512,4,32768,177.424
1384,512,4,65536,209.495
1384,512,8,16,129.921
1384,512,8,32,130.239
1384,512,8,64,131.713
1384,512,8,128,131.439
1384,512,8,256,131.311
1384,512,8,512,133.435
1384,512,8,1024,135.553
1384,512,8,2048,139.132
1384,512,8,4096,145.249
1384,512,8,8192,156.263
1384,512,8,16384,175.446
1384,512,8,32768,209.894
1384,512,8,65536,276.4
1384,512,16,16,130.774
1384,512,16,32,131.216
1384,512,16,64,131.862
1384,512,16,128,132.517
1384,512,16,256,134.463
1384,512,16,512,135.814
1384,512,16,1024,139.851
1384,512,16,2048,145.461
1384,512,16,4096,156.487
1384,512,16,8192,174.912
1384,512,16,16384,211.609
1384,512,16,32768,276.477
1384,512,16,65536,416.081
1384,512,32,16,131.004
1384,512,32,32,131.686
1384,512,32,64,133.942
1384,512,32,128,134.598
1384,512,32,256,137.733
1384,512,32,512,140.917
1384,512,32,1024,146.768
1384,512,32,2048,157.92
1384,512,32,4096,176.198
1384,512,32,8192,210.817
1384,512,32,16384,278.306
1384,512,32,32768,419.025
1384,512,32,65536,701.021
1384,512,64,16,132.928
1384,512,64,32,133.024
1384,512,64,64,135.723
1384,512,64,128,138.859
1384,512,64,256,142.592
1384,512,64,512,148.571
1384,512,64,1024,159.409
1384,512,64,2048,178.352
1384,512,64,4096,212.41
1384,512,64,8192,280.006
1384,512,64,16384,421.81
1384,512,64,32768,704.338
1384,512,64,65536,1245.62
1384,512,128,16,136.544
1384,512,128,32,137.9
1384,512,128,64,140.167
1384,512,128,128,143.236
1384,512,128,256,149.36
1384,512,128,512,160.794
1384,512,128,1024,179.115
1384,512,128,2048,213.649
1384,512,128,4096,282.144
1384,512,128,8192,422.204
1384,512,128,16384,703.101
1384,512,128,32768,1244.81
1384,512,128,65536,2318.36
1384,1024,0,0,128.758
1384,1024,1,16,150.235
1384,1024,1,32,150.214
1384,1024,1,64,151.745
1384,1024,1,128,151.419
1384,1024,1,256,151.686
1384,1024,1,512,151.178
1384,1024,1,1024,152.31
1384,1024,1,2048,154.565
1384,1024,1,4096,156.16
1384,1024,1,8192,159.878
1384,1024,1,16384,163.985
1384,1024,1,32768,170.758
1384,1024,1,65536,181.451
1384,1024,2,16,150.117
1384,1024,2,32,149.861
1384,1024,2,64,150.998
1384,1024,2,128,151.126
1384,1024,2,256,151.579
1384,1024,2,512,151.627
1384,1024,2,1024,153.349
1384,1024,2,2048,154.465
1384,1024,2,4096,157.495
1384,1024,2,8192,160.955
1384,1024,2,16384,167.115
1384,1024,2,32768,178.753
1384,1024,2,65536,196.555
1384,1024,4,16,149.248
1384,1024,4,32,150.358
1384,1024,4,64,150.794
1384,1024,4,128,151.04
1384,1024,4,256,151.312
1384,1024,4,512,152.043
1384,1024,4,1024,153.248
1384,1024,4,2048,156.492
1384,1024,4,4096,159.718
1384,1024,4,8192,164.918
1384,1024,4,16384,176.411
1384,1024,4,32768,196.38
1384,1024,4,65536,228.769
1384,1024,8,16,150.657
1384,1024,8,32,149.676
1384,1024,8,64,150.671
1384,1024,8,128,151.221
1384,1024,8,256,151.974
1384,1024,8,512,153.028
1384,1024,8,1024,155.626
1384,1024,8,2048,158.965
1384,1024,8,4096,164.855
1384,1024,8,8192,176.263
1384,1024,8,16384,194.625
1384,1024,8,32768,229.302
1384,1024,8,65536,295.132
1384,1024,16,16,150.017
1384,1024,16,32,150.699
1384,1024,16,64,151.191
1384,1024,16,128,152.561
1384,1024,16,256,154.071
1384,1024,16,512,156.362
1384,1024,16,1024,159.942
1384,1024,16,2048,164.641
1384,1024,16,4096,176.054
1384,1024,16,8192,194.427
1384,1024,16,16384,230.643
1384,1024,16,32768,297.532
1384,1024,16,65536,435.169
1384,1024,32,16,150.95
1384,1024,32,32,151.093
1384,1024,32,64,153.537
1384,1024,32,128,155.553
1384,1024,32,256,157.995
1384,1024,32,512,160.63
1384,1024,32,1024,166.357
1384,1024,32,2048,176.901
1384,1024,32,4096,195.819
1384,1024,32,8192,229.882
1384,1024,32,16384,297.948
1384,1024,32,32768,437.447
1384,1024,32,65536,720.226
1384,1024,64,16,152.757
1384,1024,64,32,153.307
1384,1024,64,64,155.819
1384,1024,64,128,159.559
1384,1024,64,256,162.236
1384,1024,64,512,167.9
1384,1024,64,1024,178.886
1384,1024,64,2048,197.617
1384,1024,64,4096,232.331
1384,1024,64,8192,300.631
1384,1024,64,16384,439.915
1384,1024,64,32768,724.087
1384,1024,64,65536,1263.13
1384,1024,128,16,157.212
1384,1024,128,32,156.997
1384,1024,128,64,159.355
1384,1024,128,128,162.352
1384,1024,128,256,169.633
1384,1024,128,512,179.532
1384,1024,128,1024,197.766
1384,1024,128,2048,233.2
1384,1024,128,4096,299.959
1384,1024,128,8192,442.082
1384,1024,128,16384,724.162
1384,1024,128,32768,1264.09
1384,1024,128,65536,2336.88
1384,2048,0,0,167.163
1384,2048,1,16,189.008
1384,2048,1,32,189.536
1384,2048,1,64,190.487
1384,2048,1,128,190.464
1384,2048,1,256,190.092
1384,2048,1,512,190.955
1384,2048,1,1024,191.936
1384,2048,1,2048,193.383
1384,2048,1,4096,195.147
1384,2048,1,8192,198.672
1384,2048,1,16384,202.854
1384,2048,1,32768,209.814
1384,2048,1,65536,219.766
1384,2048,2,16,189.237
1384,2048,2,32,189.083
1384,2048,2,64,190.844
1384,2048,2,128,190.412
1384,2048,2,256,190.779
1384,2048,2,512,191.226
1384,2048,2,1024,192.309
1384,2048,2,2048,193.701
1384,2048,2,4096,196.736
1384,2048,2,8192,200.135
1384,2048,2,16384,206.454
1384,2048,2,32768,218.214
1384,2048,2,65536,236.16
1384,2048,4,16,189.344
1384,2048,4,32,189.67
1384,2048,4,64,189.66
1384,2048,4,128,190.267
1384,2048,4,256,190.507
1384,2048,4,512,190.86
1384,2048,4,1024,192.88
1384,2048,4,2048,194.85
1384,2048,4,4096,198.145
1384,2048,4,8192,204.726
1384,2048,4,16384,214.886
1384,2048,4,32768,235.031
1384,2048,4,65536,266.86
1384,2048,8,16,189.979
1384,2048,8,32,189.228
1384,2048,8,64,189.835
1384,2048,8,128,190.715
1384,2048,8,256,191.206
1384,2048,8,512,192.597
1384,2048,8,1024,194.417
1384,2048,8,2048,198.299
1384,2048,8,4096,204.364
1384,2048,8,8192,214.778
1384,2048,8,16384,233.868
1384,2048,8,32768,268.517
1384,2048,8,65536,333.954
1384,2048,16,16,189.606
1384,2048,16,32,190.033
1384,2048,16,64,190.661
1384,2048,16,128,191.702
1384,2048,16,256,192.556
1384,2048,16,512,194.897
1384,2048,16,1024,198.443
1384,2048,16,2048,204.405
1384,2048,16,4096,214.497
1384,2048,16,8192,232.816
1384,2048,16,16384,269.313
1384,2048,16,32768,334.965
1384,2048,16,65536,474.609
1384,2048,32,16,189.974
1384,2048,32,32,190.01
1384,2048,32,64,192.982
1384,2048,32,128,193.979
1384,2048,32,256,197.009
1384,2048,32,512,199.809
1384,2048,32,1024,204.941
1384,2048,32,2048,216.485
1384,2048,32,4096,233.777
1384,2048,32,8192,268.955
1384,2048,32,16384,335.846
1384,2048,32,32768,477.28
1384,2048,32,65536,755.021
1384,2048,64,16,191.83
1384,2048,64,32,192.427
1384,2048,64,64,193.969
1384,2048,64,128,198.962
1384,2048,64,256,201.27
1384,2048,64,512,207.569
1384,2048,64,1024,217.169
1384,2048,64,2048,235.866
1384,2048,64,4096,271.607
1384,2048,64,8192,337.93
1384,2048,64,16384,479.05
1384,2048,64,32768,759.72
1384,2048,64,65536,1300.08
1384,2048,128,16,196.247
1384,2048,128,32,196.25
1384,2048,128,64,197.84
1384,2048,128,128,201.463
1384,2048,128,256,207.191
1384,2048,128,512,219.105
1384,2048,128,1024,235.92
1384,2048,128,2048,271.173
1384,2048,128,4096,338.839
1384,2048,128,8192,479.589
1384,2048,128,16384,760.743
1384,2048,128,32768,1299.94
1384,2048,128,65536,2370.05
1384,4096,0,0,247.745
1384,4096,1,16,268.56
1384,4096,1,32,268.879
1384,4096,1,64,269.755
1384,4096,1,128,270.103
1384,4096,1,256,269.514
1384,4096,1,512,269.995
1384,4096,1,1024,271.243
1384,4096,1,2048,272.759
1384,4096,1,4096,275.339
1384,4096,1,8192,277.736
1384,4096,1,16384,281.639
1384,4096,1,32768,288.668
1384,4096,1,65536,297.5
1384,4096,2,16,269.232
1384,4096,2,32,267.98
1384,4096,2,64,269.692
1384,4096,2,128,269.719
1384,4096,2,256,269.776
1384,4096,2,512,269.755
1384,4096,2,1024,271.036
1384,4096,2,2048,273.26
1384,4096,2,4096,274.439
1384,4096,2,8192,278.267
1384,4096,2,16384,285.17
1384,4096,2,32768,295.349
1384,4096,2,65536,312.257
1384,4096,4,16,267.824
1384,4096,4,32,268.304
1384,4096,4,64,270.177
1384,4096,4,128,269.552
1384,4096,4,256,269.49
1384,4096,4,512,270.288
1384,4096,4,1024,271.121
1384,4096,4,2048,273.916
1384,4096,4,4096,276.159
1384,4096,4,8192,282.892
1384,4096,4,16384,292.623
1384,4096,4,32768,312.08
1384,4096,4,65536,344.405
1384,4096,8,16,268.897
1384,4096,8,32,268.704
1384,4096,8,64,268.684
1384,4096,8,128,269.756
1384,4096,8,256,269.848
1384,4096,8,512,271.522
1384,4096,8,1024,273.59
1384,4096,8,2048,275.911
1384,4096,8,4096,282.471
1384,4096,8,8192,293.153
1384,4096,8,16384,311.302
1384,4096,8,32768,345.474
1384,4096,8,65536,412.032
1384,4096,16,16,268.56
1384,4096,16,32,269.335
1384,4096,16,64,269.634
1384,4096,16,128,270.556
1384,4096,16,256,272.407
1384,4096,16,512,274.263
1384,4096,16,1024,277.552
1384,4096,16,2048,283.531
1384,4096,16,4096,292.982
1384,4096,16,8192,310.646
1384,4096,16,16384,347.618
1384,4096,16,32768,411.985
1384,4096,16,65536,546.322
1384,4096,32,16,269.947
1384,4096,32,32,269.43
1384,4096,32,64,272.294
1384,4096,32,128,273.01
1384,4096,32,256,275.761
1384,4096,32,512,278.385
1384,4096,32,1024,283.941
1384,4096,32,2048,293.377
1384,4096,32,4096,311.729
1384,4096,32,8192,347.623
1384,4096,32,16384,414.897
1384,4096,32,32768,550.668
1384,4096,32,65536,818.674
1384,4096,64,16,270.39
1384,4096,64,32,271.052
1384,4096,64,64,273.681
1384,4096,64,128,277.792
1384,4096,64,256,280.554
1384,4096,64,512,286.858
1384,4096,64,1024,296.642
1384,4096,64,2048,314.865
1384,4096,64,4096,349.739
1384,4096,64,8192,415.798
1384,4096,64,16384,552.104
1384,4096,64,32768,822.408
1384,4096,64,65536,1359.82
1384,4096,128,16,273.937
1384,4096,128,32,275.841
1384,4096,128,64,278.31
1384,4096,128,128,280.641
1384,4096,128,256,286.662
1384,4096,128,512,296.967
1384,4096,128,1024,314.252
1384,4096,128,2048,348.945
1384,4096,128,4096,415.57
1384,4096,128,8192,553.495
1384,4096,128,16384,821.751
1384,4096,128,32768,1357.69
1384,4096,128,65536,2431.25
1384,8192,0,0,405.91
1384,8192,1,16,426.566
1384,8192,1,32,426.546
1384,8192,1,64,428.102
1384,8192,1,128,427.718
1384,8192,1,256,428.294
1384,8192,1,512,428.359
1384,8192,1,1024,430.688
1384,8192,1,2048,431.078
1384,8192,1,4096,433.537
1384,8192,1,8192,435.649
1384,8192,1,16384,439.079
1384,8192,1,32768,446.642
1384,8192,1,65536,453.985
1384,8192,2,16,426.935
1384,8192,2,32,425.799
1384,8192,2,64,429.047
1384,8192,2,128,428.395
1384,8192,2,256,430.108
1384,8192,2,512,428.386
1384,8192,2,1024,429.527
1384,8192,2,2048,432.731
1384,8192,2,4096,433.153
1384,8192,2,8192,436.988
1384,8192,2,16384,443.442
1384,8192,2,32768,454.214
1384,8192,2,65536,468.727
1384,8192,4,16,427.457
1384,8192,4,32,428.928
1384,8192,4,64,428.22
1384,8192,4,128,427.708
1384,8192,4,256,427.468
1384,8192,4,512,429.58
1384,8192,4,1024,430.007
1384,8192,4,2048,431.873
1384,8192,4,4096,436.471
1384,8192,4,8192,442.15
1384,8192,4,16384,450.289
1384,8192,4,32768,470.629
1384,8192,4,65536,500.108
1384,8192,8,16,427.168
1384,8192,8,32,426.982
1384,8192,8,64,428.118
1384,8192,8,128,427.665
1384,8192,8,256,427.655
1384,8192,8,512,429.452
1384,8192,8,1024,431.824
1384,8192,8,2048,435.771
1384,8192,8,4096,441.105
1384,8192,8,8192,452.086
1384,8192,8,16384,468.576
1384,8192,8,32768,503.65
1384,8192,8,65536,567.106
1384,8192,16,16,427.49
1384,8192,16,32,427.767
1384,8192,16,64,428.909
1384,8192,16,128,429.858
1384,8192,16,256,431.553
1384,8192,16,512,431.964
1384,8192,16,1024,435.759
1384,8192,16,2048,441.575
1384,8192,16,4096,452.365
1384,8192,16,8192,468.592
1384,8192,16,16384,503.937
1384,8192,16,32768,572.316
1384,8192,16,65536,702.45
1384,8192,32,16,426.944
1384,8192,32,32,428.173
1384,8192,32,64,432.454
1384,8192,32,128,431.575
1384,8192,32,256,433.896
1384,8192,32,512,437.676
1384,8192,32,1024,443.382
1384,8192,32,2048,452.604
1384,8192,32,4096,468.512
1384,8192,32,8192,505.03
1384,8192,32,16384,571.446
1384,8192,32,32768,706.738
1384,8192,32,65536,971.587
1384,8192,64,16,429.089
1384,8192,64,32,430.15
1384,8192,64,64,432.838
1384,8192,64,128,437.19
1384,8192,64,256,439.863
1384,8192,64,512,445.622
1384,8192,64,1024,455.26
1384,8192,64,2048,472.289
1384,8192,64,4096,506.732
1384,8192,64,8192,574.146
1384,8192,64,16384,706.888
1384,8192,64,32768,977.624
1384,8192,64,65536,1514.34
1384,8192,128,16,433.111
1384,8192,128,32,433.911
1384,8192,128,64,436.987
1384,8192,128,128,439.697
1384,8192,128,256,444.658
1384,8192,128,512,455.266
1384,8192,128,1024,472.251
1384,8192,128,2048,506.034
1384,8192,128,4096,575.783
1384,8192,128,8192,710.514
1384,8192,128,16384,977.591
1384,8192,128,32768,1514.44
1384,8192,128,65536,2585.1
1384,16384,0,0,710.482
1384,16384,1,16,733.136
1384,16384,1,32,733.474
1384,16384,1,64,732.903
1384,16384,1,128,732.83
1384,16384,1,256,732.418
1384,16384,1,512,736.075
1384,16384,1,1024,736.791
1384,16384,1,2048,735.139
1384,16384,1,4096,738.114
1384,16384,1,8192,739.232
1384,16384,1,16384,747.287
1384,16384,1,32768,751.084
1384,16384,1,65536,759.704
1384,16384,2,16,731.576
1384,16384,2,32,731.72
1384,16384,2,64,733.662
1384,16384,2,128,733.655
1384,16384,2,256,732.156
1384,16384,2,512,734.018
1384,16384,2,1024,736.169
1384,16384,2,2048,736.505
1384,16384,2,4096,738.62
1384,16384,2,8192,741.052
1384,16384,2,16384,747.992
1384,16384,2,32768,758.225
1384,16384,2,65536,775.64
1384,16384,4,16,733.937
1384,16384,4,32,732.935
1384,16384,4,64,731.883
1384,16384,4,128,733.602
1384,16384,4,256,732.893
1384,16384,4,512,733.97
1384,16384,4,1024,733.81
1384,16384,4,2048,740.119
1384,16384,4,4096,740.882
1384,16384,4,8192,750.284
1384,16384,4,16384,756.081
1384,16384,4,32768,774.994
1384,16384,4,65536,803.65
1384,16384,8,16,731.399
1384,16384,8,32,731.32
1384,16384,8,64,732.771
1384,16384,8,128,733.532
1384,16384,8,256,733.59
1384,16384,8,512,733.687
1384,16384,8,1024,737.145
1384,16384,8,2048,740.582
1384,16384,8,4096,746.508
1384,16384,8,8192,756.636
1384,16384,8,16384,773.25
1384,16384,8,32768,807.329
1384,16384,8,65536,873.016
1384,16384,16,16,731.649
1384,16384,16,32,732.327
1384,16384,16,64,733.975
1384,16384,16,128,735.047
1384,16384,16,256,735.052
1384,16384,16,512,737.821
1384,16384,16,1024,743.169
1384,16384,16,2048,747.266
1384,16384,16,4096,756.157
1384,16384,16,8192,773.159
1384,16384,16,16384,810.248
1384,16384,16,32768,875.042
1384,16384,16,65536,1004.42
1384,16384,32,16,733.484
1384,16384,32,32,733.116
1384,16384,32,64,736.438
1384,16384,32,128,737.298
1384,16384,32,256,740.659
1384,16384,32,512,743.276
1384,16384,32,1024,747.682
1384,16384,32,2048,755.981
1384,16384,32,4096,776.274
1384,16384,32,8192,810.909
1384,16384,32,16384,876.147
1384,16384,32,32768,1011.1
1384,16384,32,65536,1277.07
1384,16384,64,16,734.385
1384,16384,64,32,735.459
1384,16384,64,64,737.046
1384,16384,64,128,740.813
1384,16384,64,256,743.133
1384,16384,64,512,749.592
1384,16384,64,1024,758.243
1384,16384,64,2048,775.394
1384,16384,64,4096,811.185
1384,16384,64,8192,878.387
1384,16384,64,16384,1013.6
1384,16384,64,32768,1281.83
1384,16384,64,65536,1817.69
1384,16384,128,16,737.862
1384,16384,128,32,738.641
1384,16384,128,64,741.159
1384,16384,128,128,743.42
1384,16384,128,256,751.56
1384,16384,128,512,760.11
1384,16384,128,1024,776.291
1384,16384,128,2048,810.556
1384,16384,128,4096,877.202
1384,16384,128,8192,1014.18
1384,16384,128,16384,1282.98
1384,16384,128,32768,1818.17
1384,16384,128,65536,2887.98
1384,32768,0,0,1323.45
1384,32768,1,16,1342.23
1384,32768,1,32,1342.71
1384,32768,1,64,1342.78
1384,32768,1,128,1347.12
1384,32768,1,256,1343.24
1384,32768,1,512,1343.29
1384,32768,1,1024,1344.15
1384,32768,1,2048,1346.86
1384,32768,1,4096,1347.87
1384,32768,1,8192,1350.47
1384,32768,1,16384,1357.17
1384,32768,1,32768,1361.74
1384,32768,1,65536,1363.44
1384,32768,2,16,1341.29
1384,32768,2,32,1342.7
1384,32768,2,64,1342.54
1384,32768,2,128,1343.02
1384,32768,2,256,1342.92
1384,32768,2,512,1343.74
1384,32768,2,1024,1345.77
1384,32768,2,2048,1345.81
1384,32768,2,4096,1347.74
1384,32768,2,8192,1352.73
1384,32768,2,16384,1362.21
1384,32768,2,32768,1367.93
1384,32768,2,65536,1377.04
1384,32768,4,16,1341.95
1384,32768,4,32,1345.27
1384,32768,4,64,1345.62
1384,32768,4,128,1342.81
1384,32768,4,256,1345.38
1384,32768,4,512,1345.28
1384,32768,4,1024,1344.78
1384,32768,4,2048,1348.07
1384,32768,4,4096,1353.32
1384,32768,4,8192,1360.12
1384,32768,4,16384,1367.8
1384,32768,4,32768,1386.56
1384,32768,4,65536,1407.79
1384,32768,8,16,1342.43
1384,32768,8,32,1341.67
1384,32768,8,64,1343.38
1384,32768,8,128,1342.82
1384,32768,8,256,1343.59
1384,32768,8,512,1347.45
1384,32768,8,1024,1347.21
1384,32768,8,2048,1351.04
1384,32768,8,4096,1356.57
1384,32768,8,8192,1364.37
1384,32768,8,16384,1385.49
1384,32768,8,32768,1416.48
1384,32768,8,65536,1477.21
1384,32768,16,16,1343.57
1384,32768,16,32,1343.72
1384,32768,16,64,1343.06
1384,32768,16,128,1349.8
1384,32768,16,256,1346.4
1384,32768,16,512,1347.45
1384,32768,16,1024,1350.05
1384,32768,16,2048,1354.91
1384,32768,16,4096,1369.2
1384,32768,16,8192,1383.6
1384,32768,16,16384,1418.45
1384,32768,16,32768,1483.73
1384,32768,16,65536,1611.63
1384,32768,32,16,1340.98
1384,32768,32,32,1344.04
1384,32768,32,64,1346.24
1384,32768,32,128,1348.15
1384,32768,32,256,1348.79
1384,32768,32,512,1353.69
1384,32768,32,1024,1356.86
1384,32768,32,2048,1365.63
1384,32768,32,4096,1386.63
1384,32768,32,8192,1418.85
1384,32768,32,16384,1488.64
1384,32768,32,32768,1621.6
1384,32768,32,65536,1883.32
1384,32768,64,16,1344.44
1384,32768,64,32,1345.82
1384,32768,64,64,1347.04
1384,32768,64,128,1350.87
1384,32768,64,256,1354.25
1384,32768,64,512,1358.5
1384,32768,64,1024,1369.83
1384,32768,64,2048,1387.28
1384,32768,64,4096,1420.21
1384,32768,64,8192,1488.94
1384,32768,64,16384,1625.99
1384,32768,64,32768,1895.79
1384,32768,64,65536,2426.08
1384,32768,128,16,1346.78
1384,32768,128,32,1348.9
1384,32768,128,64,1350.8
1384,32768,128,128,1353.36
1384,32768,128,256,1358.95
1384,32768,128,512,1366.17
1384,32768,128,1024,1391.09
1384,32768,128,2048,1422.47
1384,32768,128,4096,1491.94
1384,32768,128,8192,1625.66
1384,32768,128,16384,1895
1384,32768,128,32768,2432.95
1384,32768,128,65536,3499.78
1384,65536,0,0,2536.28
1384,65536,1,16,2552.01
1384,65536,1,32,2557.32
1384,65536,1,64,2554.18
1384,65536,1,128,2556.24
1384,65536,1,256,2554.03
1384,65536,1,512,2559.5
1384,65536,1,1024,2558.14
1384,65536,1,2048,2560.2
1384,65536,1,4096,2569.87
1384,65536,1,8192,2562.14
1384,65536,1,16384,2571.34
1384,65536,1,32768,2573.62
1384,65536,1,65536,2589.96
1384,65536,2,16,2553.15
1384,65536,2,32,2556.51
1384,65536,2,64,2554.68
1384,65536,2,128,2556.84
1384,65536,2,256,2560.17
1384,65536,2,512,2556.23
1384,65536,2,1024,2557.28
1384,65536,2,2048,2559.41
1384,65536,2,4096,2567.1
1384,65536,2,8192,2569.78
1384,65536,2,16384,2572.32
1384,65536,2,32768,2583.46
1384,65536,2,65536,2600.26
1384,65536,4,16,2554.76
1384,65536,4,32,2554.12
1384,65536,4,64,2555.15
1384,65536,4,128,2558.48
1384,65536,4,256,2555.99
1384,65536,4,512,2562.45
1384,65536,4,1024,2558.79
1384,65536,4,2048,2563.02
1384,65536,4,4096,2561.58
1384,65536,4,8192,2571.43
1384,65536,4,16384,2578.61
1384,65536,4,32768,2604.18
1384,65536,4,65536,2633.98
1384,65536,8,16,2556.54
1384,65536,8,32,2555.77
1384,65536,8,64,2558.54
1384,65536,8,128,2553.77
1384,65536,8,256,2560.18
1384,65536,8,512,2561.53
1384,65536,8,1024,2559.59
1384,65536,8,2048,2564.54
1384,65536,8,4096,2567.23
1384,65536,8,8192,2579.72
1384,65536,8,16384,2594.01
1384,65536,8,32768,2634.1
1384,65536,8,65536,2701.39
1384,65536,16,16,2555.56
1384,65536,16,32,2552.08
1384,65536,16,64,2555.73
1384,65536,16,128,2559.51
1384,65536,16,256,2559.04
1384,65536,16,512,2565.15
1384,65536,16,1024,2565
1384,65536,16,2048,2568.53
1384,65536,16,4096,2578.91
1384,65536,16,8192,2598
1384,65536,16,16384,2628.89
1384,65536,16,32768,2699.1
1384,65536,16,65536,2830.53
1384,65536,32,16,2558.87
1384,65536,32,32,2558.17
1384,65536,32,64,2562.04
1384,65536,32,128,2561.07
1384,65536,32,256,2564.07
1384,65536,32,512,2564.33
1384,65536,32,1024,2570.66
1384,65536,32,2048,2579.12
1384,65536,32,4096,2597.62
1384,65536,32,8192,2635.06
1384,65536,32,16384,2698.69
1384,65536,32,32768,2836.27
1384,65536,32,65536,3105.48
1384,65536,64,16,2565.16
1384,65536,64,32,2562.06
1384,65536,64,64,2558.84
1384,65536,64,128,2565.84
1384,65536,64,256,2571.06
1384,65536,64,512,2572.26
1384,65536,64,1024,2581.13
1384,65536,64,2048,2598.61
1384,65536,64,4096,2631.51
1384,65536,64,8192,2704.42
1384,65536,64,16384,2837.38
1384,65536,64,32768,3108.49
1384,65536,64,65536,3642.97
1384,65536,128,16,2559.26
1384,65536,128,32,2563.73
1384,65536,128,64,2562.05
1384,65536,128,128,2569.33
1384,65536,128,256,2575.46
1384,65536,128,512,2584.1
1384,65536,128,1024,2600.81
1384,65536,128,2048,2634.45
1384,65536,128,4096,2703.49
1384,65536,128,8192,2840.71
1384,65536,128,16384,3108.59
1384,65536,128,32768,3649.23
1384,65536,128,65536,4713.94
2076,0,0,0,92.3895
2076,0,1,16,114.646
2076,0,1,32,114.561
2076,0,1,64,116.037
2076,0,1,128,116.379
2076,0,1,256,116.224
2076,0,1,512,116.778
2076,0,1,1024,117.344
2076,0,1,2048,119.44
2076,0,1,4096,120.678
2076,0,1,8192,123.813
2076,0,1,16384,127.84
2076,0,1,32768,136.054
2076,0,1,65536,146.454
2076,0,2,16,114.892
2076,0,2,32,114.902
2076,0,2,64,116.154
2076,0,2,128,116.635
2076,0,2,256,115.873
2076,0,2,512,116.689
2076,0,2,1024,117.723
2076,0,2,2048,119.468
2076,0,2,4096,122.085
2076,0,2,8192,125.29
2076,0,2,16384,131.872
2076,0,2,32768,143.429
2076,0,2,65536,160.688
2076,0,4,16,114.827
2076,0,4,32,114.736
2076,0,4,64,115.195
2076,0,4,128,116.207
2076,0,4,256,115.973
2076,0,4,512,116.912
2076,0,4,1024,117.968
2076,0,4,2048,120.646
2076,0,4,4096,123.301
2076,0,4,8192,130.672
2076,0,4,16384,140.763
2076,0,4,32768,160.197
2076,0,4,65536,193.324
2076,0,8,16,114.795
2076,0,8,32,114.576
2076,0,8,64,116.001
2076,0,8,128,116.085
2076,0,8,256,116.289
2076,0,8,512,117.532
2076,0,8,1024,120.57
2076,0,8,2048,123.078
2076,0,8,4096,130.592
2076,0,8,8192,140.384
2076,0,8,16384,159.681
2076,0,8,32768,193.846
2076,0,8,65536,260.897
2076,0,16,16,114.938
2076,0,16,32,115.093
2076,0,16,64,116.576
2076,0,16,128,116.966
2076,0,16,256,118.977
2076,0,16,512,120.997
2076,0,16,1024,124.144
2076,0,16,2048,130.166
2076,0,16,4096,140.506
2076,0,16,8192,158.763
2076,0,16,16384,193.899
2076,0,16,32768,260.487
2076,0,16,65536,400.043
2076,0,32,16,115.601
2076,0,32,32,115.546
2076,0,32,64,118.389
2076,0,32,128,119.691
2076,0,32,256,121.67
2076,0,32,512,125.019
2076,0,32,1024,131.218
2076,0,32,2048,141.387
2076,0,32,4096,159.409
2076,0,32,8192,195.376
2076,0,32,16384,261.573
2076,0,32,32768,402.274
2076,0,32,65536,684.258
2076,0,64,16,117.439
2076,0,64,32,118.129
2076,0,64,64,120.175
2076,0,64,128,124.235
2076,0,64,256,126.612
2076,0,64,512,132.844
2076,0,64,1024,142.95
2076,0,64,2048,162.096
2076,0,64,4096,197.472
2076,0,64,8192,264.375
2076,0,64,16384,403.718
2076,0,64,32768,686.029
2076,0,64,65536,1226.17
2076,0,128,16,122.399
2076,0,128,32,122.359
2076,0,128,64,125.648
2076,0,128,128,127.564
2076,0,128,256,133.947
2076,0,128,512,144.389
2076,0,128,1024,162.251
2076,0,128,2048,197.467
2076,0,128,4096,265.26
2076,0,128,8192,405.799
2076,0,128,16384,684.572
2076,0,128,32768,1227.2
2076,0,128,65536,2298.71
2076,16,0,0,127.132
2076,16,1,16,148.412
2076,16,1,32,149.296
2076,16,1,64,149.052
2076,16,1,128,149.734
2076,16,1,256,150.234
2076,16,1,512,149.75
2076,16,1,1024,151.232
2076,16,1,2048,153.536
2076,16,1,4096,155.04
2076,16,1,8192,158.112
2076,16,1,16384,161.871
2076,16,1,32768,169.9
2076,16,1,65536,180.379
2076,16,2,16,148.756
2076,16,2,32,148.426
2076,16,2,64,150.065
2076,16,2,128,150.278
2076,16,2,256,150.043
2076,16,2,512,150.966
2076,16,2,1024,151.478
2076,16,2,2048,153.786
2076,16,2,4096,155.767
2076,16,2,8192,159.578
2076,16,2,16384,165.597
2076,16,2,32768,178.049
2076,16,2,65536,195.078
2076,16,4,16,148.394
2076,16,4,32,148.337
2076,16,4,64,149.323
2076,16,4,128,150.145
2076,16,4,256,149.856
2076,16,4,512,150.593
2076,16,4,1024,152.001
2076,16,4,2048,154.518
2076,16,4,4096,157.765
2076,16,4,8192,164.037
2076,16,4,16384,175.147
2076,16,4,32768,195.227
2076,16,4,65536,228.678
2076,16,8,16,148.785
2076,16,8,32,148.96
2076,16,8,64,149.611
2076,16,8,128,149.767
2076,16,8,256,150.437
2076,16,8,512,152.044
2076,16,8,1024,154.357
2076,16,8,2048,157.716
2076,16,8,4096,164.251
2076,16,8,8192,174.539
2076,16,8,16384,194.352
2076,16,8,32768,228.251
2076,16,8,65536,296.188
2076,16,16,16,149.606
2076,16,16,32,149.243
2076,16,16,64,150.028
2076,16,16,128,151.42
2076,16,16,256,153.057
2076,16,16,512,155.04
2076,16,16,1024,158.108
2076,16,16,2048,164.145
2076,16,16,4096,174.828
2076,16,16,8192,193.937
2076,16,16,16384,229.756
2076,16,16,32768,294.503
2076,16,16,65536,434.264
2076,16,32,16,149.686
2076,16,32,32,150.127
2076,16,32,64,152.779
2076,16,32,128,153.419
2076,16,32,256,156.059
2076,16,32,512,158.93
2076,16,32,1024,165.195
2076,16,32,2048,175.346
2076,16,32,4096,194.704
2076,16,32,8192,229.324
2076,16,32,16384,295.942
2076,16,32,32768,437.389
2076,16,32,65536,718.788
2076,16,64,16,152.091
2076,16,64,32,153.083
2076,16,64,64,155.473
2076,16,64,128,158.251
2076,16,64,256,161.44
2076,16,64,512,167.035
2076,16,64,1024,178.641
2076,16,64,2048,196.821
2076,16,64,4096,231.803
2076,16,64,8192,298.711
2076,16,64,16384,439.223
2076,16,64,32768,720.022
2076,16,64,65536,1261.57
2076,16,128,16,155.228
2076,16,128,32,155.702
2076,16,128,64,158.735
2076,16,128,128,161.18
2076,16,128,256,167.291
2076,16,128,512,179.397
2076,16,128,1024,197.186
2076,16,128,2048,232.001
2076,16,128,4096,299.18
2076,16,128,8192,439.937
2076,16,128,16384,721.208
2076,16,128,32768,1260.22
2076,16,128,65536,2337.23
2076,32,0,0,126.938
2076,32,1,16,149.174
2076,32,1,32,148.007
2076,32,1,64,149.754
2076,32,1,128,150.267
2076,32,1,256,150.005
2076,32,1,512,150.15
2076,32,1,1024,150.896
2076,32,1,2048,152.587
2076,32,1,4096,154.118
2076,32,1,8192,158.235
2076,32,1,16384,162.223
2076,32,1,32768,169.414
2076,32,1,65536,180.48
2076,32,2,16,148.891
2076,32,2,32,148.523
2076,32,2,64,149.761
2076,32,2,128,149.195
2076,32,2,256,149.537
2076,32,2,512,150.882
2076,32,2,1024,151.104
2076,32,2,2048,153.393
2076,32,2,4096,155.659
2076,32,2,8192,159.692
2076,32,2,16384,165.27
2076,32,2,32768,177.392
2076,32,2,65536,195.899
2076,32,4,16,148.913
2076,32,4,32,148.565
2076,32,4,64,149.157
2076,32,4,128,149.621
2076,32,4,256,149.333
2076,32,4,512,150.176
2076,32,4,1024,151.733
2076,32,4,2048,153.952
2076,32,4,4096,157.18
2076,32,4,8192,163.803
2076,32,4,16384,175.413
2076,32,4,32768,196.144
2076,32,4,65536,227.089
2076,32,8,16,148.304
2076,32,8,32,148.987
2076,32,8,64,148.912
2076,32,8,128,148.93
2076,32,8,256,150.197
2076,32,8,512,152.196
2076,32,8,1024,153.563
2076,32,8,2048,157.089
2076,32,8,4096,163.271
2076,32,8,8192,174.166
2076,32,8,16384,194.495
2076,32,8,32768,227.92
2076,32,8,65536,295.206
2076,32,16,16,149.002
2076,32,16,32,149.222
2076,32,16,64,150.474
2076,32,16,128,150.805
2076,32,16,256,152.347
2076,32,16,512,154.16
2076,32,16,1024,157.489
2076,32,16,2048,163.574
2076,32,16,4096,174.4
2076,32,16,8192,193.643
2076,32,16,16384,227.791
2076,32,16,32768,295.452
2076,32,16,65536,435.382
2076,32,32,16,149.487
2076,32,32,32,149.616
2076,32,32,64,151.82
2076,32,32,128,153.914
2076,32,32,256,155.793
2076,32,32,512,158.823
2076,32,32,1024,165.781
2076,32,32,2048,175.775
2076,32,32,4096,194.049
2076,32,32,8192,229.19
2076,32,32,16384,295.617
2076,32,32,32768,437.73
2076,32,32,65536,716.573
2076,32,64,16,152.214
2076,32,64,32,152.283
2076,32,64,64,153.915
2076,32,64,128,157.669
2076,32,64,256,161.402
2076,32,64,512,167.318
2076,32,64,1024,178.217
2076,32,64,2048,196.577
2076,32,64,4096,231.329
2076,32,64,8192,297.878
2076,32,64,16384,438.87
2076,32,64,32768,719.836
2076,32,64,65536,1262.27
2076,32,128,16,154.299
2076,32,128,32,155.91
2076,32,128,64,159.03
2076,32,128,128,162.075
2076,32,128,256,167.424
2076,32,128,512,179.025
2076,32,128,1024,197.696
2076,32,128,2048,231.505
2076,32,128,4096,299.948
2076,32,128,8192,440.599
2076,32,128,16384,719.741
2076,32,128,32768,1258.96
2076,32,128,65536,2332.82
2076,64,0,0,127.498
2076,64,1,16,149.254
2076,64,1,32,148.971
2076,64,1,64,150.006
2076,64,1,128,150.096
2076,64,1,256,150.422
2076,64,1,512,150.982
2076,64,1,1024,150.758
2076,64,1,2048,152.715
2076,64,1,4096,154.607
2076,64,1,8192,158.071
2076,64,1,16384,162.038
2076,64,1,32768,169.483
2076,64,1,65536,180.555
2076,64,2,16,148.32
2076,64,2,32,148.832
2076,64,2,64,150.022
2076,64,2,128,149.995
2076,64,2,256,149.696
2076,64,2,512,150.427
2076,64,2,1024,152.096
2076,64,2,2048,153.343
2076,64,2,4096,156.081
2076,64,2,8192,159.75
2076,64,2,16384,166.016
2076,64,2,32768,177.11
2076,64,2,65536,195.243
2076,64,4,16,148.401
2076,64,4,32,148.438
2076,64,4,64,149.697
2076,64,4,128,149.707
2076,64,4,256,149.714
2076,64,4,512,150.246
2076,64,4,1024,151.931
2076,64,4,2048,154.582
2076,64,4,4096,158.113
2076,64,4,8192,164.656
2076,64,4,16384,175.723
2076,64,4,32768,195.429
2076,64,4,65536,227.592
2076,64,8,16,149.088
2076,64,8,32,148.831
2076,64,8,64,148.988
2076,64,8,128,150.683
2076,64,8,256,150.006
2076,64,8,512,151.238
2076,64,8,1024,154.299
2076,64,8,2048,157.339
2076,64,8,4096,164.15
2076,64,8,8192,175.206
2076,64,8,16384,194.689
2076,64,8,32768,228.727
2076,64,8,65536,295.27
2076,64,16,16,149.229
2076,64,16,32,149.664
2076,64,16,64,150.501
2076,64,16,128,150.89
2076,64,16,256,152.448
2076,64,16,512,154.474
2076,64,16,1024,158.32
2076,64,16,2048,164.188
2076,64,16,4096,175.264
2076,64,16,8192,192.944
2076,64,16,16384,229.547
2076,64,16,32768,294.672
2076,64,16,65536,435.109
2076,64,32,16,149.237
2076,64,32,32,150.653
2076,64,32,64,152.304
2076,64,32,128,153.814
2076,64,32,256,155.841
2076,64,32,512,159.286
2076,64,32,1024,164.593
2076,64,32,2048,176.012
2076,64,32,4096,194.422
2076,64,32,8192,229.099
2076,64,32,16384,297.072
2076,64,32,32768,439.164
2076,64,32,65536,716.008
2076,64,64,16,151.589
2076,64,64,32,153.109
2076,64,64,64,154.74
2076,64,64,128,158.32
2076,64,64,256,161.77
2076,64,64,512,167.473
2076,64,64,1024,177.904
2076,64,64,2048,196.508
2076,64,64,4096,231.905
2076,64,64,8192,299.12
2076,64,64,16384,438.646
2076,64,64,32768,722.167
2076,64,64,65536,1262.57
2076,64,128,16,155.483
2076,64,128,32,156.577
2076,64,128,64,159.285
2076,64,128,128,161.729
2076,64,128,256,168.145
2076,64,128,512,179.456
2076,64,128,1024,198.177
2076,64,128,2048,231.052
2076,64,128,4096,298.88
2076,64,128,8192,440.774
2076,64,128,16384,721.528
2076,64,128,32768,1262.63
2076,64,128,65536,2336.27
2076,128,0,0,128.288
2076,128,1,16,149.808
2076,128,1,32,149.52
2076,128,1,64,150.608
2076,128,1,128,150.667
2076,128,1,256,151.136
2076,128,1,512,151.184
2076,128,1,1024,151.921
2076,128,1,2048,153.952
2076,128,1,4096,155.265
2076,128,1,8192,159.084
2076,128,1,16384,163.121
2076,128,1,32768,169.676
2076,128,1,65536,181.291
2076,128,2,16,149.114
2076,128,2,32,149.941
2076,128,2,64,150.923
2076,128,2,128,150.981
2076,128,2,256,151.148
2076,128,2,512,151.447
2076,128,2,1024,152.453
2076,128,2,2048,154.386
2076,128,2,4096,157.142
2076,128,2,8192,160.284
2076,128,2,16384,167.095
2076,128,2,32768,179.003
2076,128,2,65536,196.737
2076,128,4,16,149.447
2076,128,4,32,150.175
2076,128,4,64,150.084
2076,128,4,128,149.858
2076,128,4,256,150.609
2076,128,4,512,151.275
2076,128,4,1024,152.395
2076,128,4,2048,154.763
2076,128,4,4096,158.704
2076,128,4,8192,164.896
2076,128,4,16384,176.267
2076,128,4,32768,195.958
2076,128,4,65536,227.692
2076,128,8,16,149.809
2076,128,8,32,149.782
2076,128,8,64,150.287
2076,128,8,128,150.816
2076,128,8,256,151.116
2076,128,8,512,152.849
2076,128,8,1024,155.365
2076,128,8,2048,158.197
2076,128,8,4096,164.689
2076,128,8,8192,175.51
2076,128,8,16384,196.081
2076,128,8,32768,229.024
2076,128,8,65536,296.161
2076,128,16,16,149.862
2076,128,16,32,150.544
2076,128,16,64,151.243
2076,128,16,128,152.389
2076,128,16,256,153.322
2076,128,16,512,155.824
2076,128,16,1024,159.516
2076,128,16,2048,164.902
2076,128,16,4096,175.467
2076,128,16,8192,194.053
2076,128,16,16384,230.118
2076,128,16,32768,295.409
2076,128,16,65536,435.601
2076,128,32,16,150.56
2076,128,32,32,150.556
2076,128,32,64,153.317
2076,128,32,128,154.309
2076,128,32,256,156.949
2076,128,32,512,160.619
2076,128,32,1024,165.429
2076,128,32,2048,177.154
2076,128,32,4096,194.577
2076,128,32,8192,229.6
2076,128,32,16384,296.656
2076,128,32,32768,436.689
2076,128,32,65536,716.817
2076,128,64,16,152.287
2076,128,64,32,152.795
2076,128,64,64,154.822
2076,128,64,128,159.377
2076,128,64,256,161.936
2076,128,64,512,167.964
2076,128,64,1024,179.584
2076,128,64,2048,197.132
2076,128,64,4096,233.292
2076,128,64,8192,298.881
2076,128,64,16384,440.215
2076,128,64,32768,721.921
2076,128,64,65536,1260.87
2076,128,128,16,156.447
2076,128,128,32,156.923
2076,128,128,64,159.702
2076,128,128,128,162.283
2076,128,128,256,168.663
2076,128,128,512,179.958
2076,128,128,1024,197.686
2076,128,128,2048,232.57
2076,128,128,4096,299.878
2076,128,128,8192,440.625
2076,128,128,16384,721.602
2076,128,128,32768,1258.43
2076,128,128,65536,2335.36
2076,256,0,0,136.122
2076,256,1,16,158.021
2076,256,1,32,157.698
2076,256,1,64,159.547
2076,256,1,128,158.933
2076,256,1,256,158.922
2076,256,1,512,158.697
2076,256,1,1024,160.207
2076,256,1,2048,162.161
2076,256,1,4096,163.893
2076,256,1,8192,166.992
2076,256,1,16384,171.75
2076,256,1,32768,179.051
2076,256,1,65536,188.289
2076,256,2,16,157.03
2076,256,2,32,158.395
2076,256,2,64,159.227
2076,256,2,128,158.629
2076,256,2,256,158.544
2076,256,2,512,159.521
2076,256,2,1024,160.48
2076,256,2,2048,161.762
2076,256,2,4096,164.358
2076,256,2,8192,168.257
2076,256,2,16384,175.435
2076,256,2,32768,186.33
2076,256,2,65536,205.275
2076,256,4,16,157.115
2076,256,4,32,157.995
2076,256,4,64,158.511
2076,256,4,128,158.159
2076,256,4,256,158.363
2076,256,4,512,159.232
2076,256,4,1024,160.106
2076,256,4,2048,163.179
2076,256,4,4096,166.741
2076,256,4,8192,174.433
2076,256,4,16384,185.27
2076,256,4,32768,203.846
2076,256,4,65536,236.543
2076,256,8,16,157.532
2076,256,8,32,157.216
2076,256,8,64,157.777
2076,256,8,128,158.129
2076,256,8,256,159.493
2076,256,8,512,160.732
2076,256,8,1024,163.563
2076,256,8,2048,166.171
2076,256,8,4096,173.829
2076,256,8,8192,184.656
2076,256,8,16384,204.076
2076,256,8,32768,237.244
2076,256,8,65536,304.31
2076,256,16,16,158.321
2076,256,16,32,158.092
2076,256,16,64,159.189
2076,256,16,128,160.395
2076,256,16,256,161.515
2076,256,16,512,163.75
2076,256,16,1024,166.655
2076,256,16,2048,173.969
2076,256,16,4096,184.358
2076,256,16,8192,202.343
2076,256,16,16384,238.13
2076,256,16,32768,305.559
2076,256,16,65536,443.355
2076,256,32,16,158.971
2076,256,32,32,158.981
2076,256,32,64,161.345
2076,256,32,128,162.582
2076,256,32,256,164.46
2076,256,32,512,168.235
2076,256,32,1024,174.134
2076,256,32,2048,183.986
2076,256,32,4096,203.772
2076,256,32,8192,238.854
2076,256,32,16384,305.286
2076,256,32,32768,445.421
2076,256,32,65536,725.778
2076,256,64,16,160.993
2076,256,64,32,160.639
2076,256,64,64,163.568
2076,256,64,128,166.805
2076,256,64,256,169.733
2076,256,64,512,175.75
2076,256,64,1024,186.181
2076,256,64,2048,205.174
2076,256,64,4096,240.118
2076,256,64,8192,307.485
2076,256,64,16384,446.304
2076,256,64,32768,730.849
2076,256,64,65536,1270.42
2076,256,128,16,164.082
2076,256,128,32,165.329
2076,256,128,64,167.05
2076,256,128,128,170.233
2076,256,128,256,176.498
2076,256,128,512,188.235
2076,256,128,1024,206.16
2076,256,128,2048,241.197
2076,256,128,4096,308.629
2076,256,128,8192,449.115
2076,256,128,16384,728.491
2076,256,128,32768,1267.49
2076,256,128,65536,2343.75
2076,512,0,0,148.629
2076,512,1,16,170.395
2076,512,1,32,170.383
2076,512,1,64,171.201
2076,512,1,128,172.049
2076,512,1,256,171.323
2076,512,1,512,171.825
2076,512,1,1024,172.496
2076,512,1,2048,174.293
2076,512,1,4096,176.57
2076,512,1,8192,179.249
2076,512,1,16384,183.931
2076,512,1,32768,191.808
2076,512,1,65536,201.687
2076,512,2,16,169.814
2076,512,2,32,170.449
2076,512,2,64,171.392
2076,512,2,128,171.377
2076,512,2,256,171.136
2076,512,2,512,171.841
2076,512,2,1024,173.804
2076,512,2,2048,175.446
2076,512,2,4096,178.586
2076,512,2,8192,181.626
2076,512,2,16384,188.084
2076,512,2,32768,198.592
2076,512,2,65536,216.298
2076,512,4,16,170.374
2076,512,4,32,170.908
2076,512,4,64,170.944
2076,512,4,128,171.03
2076,512,4,256,171.66
2076,512,4,512,171.761
2076,512,4,1024,173.659
2076,512,4,2048,176.181
2076,512,4,4096,179.211
2076,512,4,8192,185.665
2076,512,4,16384,197.744
2076,512,4,32768,216.661
2076,512,4,65536,248.625
2076,512,8,16,170.412
2076,512,8,32,170.369
2076,512,8,64,172.021
2076,512,8,128,170.965
2076,512,8,256,171.718
2076,512,8,512,174.15
2076,512,8,1024,176.55
2076,512,8,2048,179.409
2076,512,8,4096,185.728
2076,512,8,8192,196.865
2076,512,8,16384,214.79
2076,512,8,32768,249.588
2076,512,8,65536,316.609
2076,512,16,16,169.921
2076,512,16,32,170.907
2076,512,16,64,172.08
2076,512,16,128,173.211
2076,512,16,256,174.486
2076,512,16,512,176.347
2076,512,16,1024,180.267
2076,512,16,2048,185.616
2076,512,16,4096,197.239
2076,512,16,8192,215.168
2076,512,16,16384,249.915
2076,512,16,32768,315.899
2076,512,16,65536,456.838
2076,512,32,16,171.18
2076,512,32,32,171.266
2076,512,32,64,174.25
2076,512,32,128,175.264
2076,512,32,256,178.062
2076,512,32,512,180.945
2076,512,32,1024,187.601
2076,512,32,2048,197.595
2076,512,32,4096,216.283
2076,512,32,8192,251.046
2076,512,32,16384,318.7
2076,512,32,32768,459.436
2076,512,32,65536,739.831
2076,512,64,16,173.184
2076,512,64,32,173.83
2076,512,64,64,175.953
2076,512,64,128,179.505
2076,512,64,256,183.206
2076,512,64,512,188.667
2076,512,64,1024,199.926
2076,512,64,2048,217.623
2076,512,64,4096,252.923
2076,512,64,8192,320.517
2076,512,64,16384,460.411
2076,512,64,32768,742.936
2076,512,64,65536,1283.33
2076,512,128,16,177.227
2076,512,128,32,178.924
2076,512,128,64,180.555
2076,512,128,128,183.472
2076,512,128,256,190.198
2076,512,128,512,200.848
2076,512,128,1024,219.076
2076,512,128,2048,252.816
2076,512,128,4096,321.808
2076,512,128,8192,462.091
2076,512,128,16384,742.924
2076,512,128,32768,1283.14
2076,512,128,65536,2358.27
2076,1024,0,0,174.838
2076,1024,1,16,195.989
2076,1024,1,32,196.299
2076,1024,1,64,197.281
2076,1024,1,128,197.446
2076,1024,1,256,196.641
2076,1024,1,512,197.9
2076,1024,1,1024,198.929
2076,1024,1,2048,199.868
2076,1024,1,4096,202.182
2076,1024,1,8192,205.293
2076,1024,1,16384,209.727
2076,1024,1,32768,216.891
2076,1024,1,65536,226.683
2076,1024,2,16,195.948
2076,1024,2,32,196.517
2076,1024,2,64,197.111
2076,1024,2,128,197.232
2076,1024,2,256,196.864
2076,1024,2,512,197.313
2076,1024,2,1024,198.88
2076,1024,2,2048,200.801
2076,1024,2,4096,203.814
2076,1024,2,8192,206.815
2076,1024,2,16384,213.536
2076,1024,2,32768,225.356
2076,1024,2,65536,242.029
2076,1024,4,16,196.315
2076,1024,4,32,196.46
2076,1024,4,64,196.869
2076,1024,4,128,196.758
2076,1024,4,256,196.337
2076,1024,4,512,197.713
2076,1024,4,1024,200.07
2076,1024,4,2048,201.626
2076,1024,4,4096,204.747
2076,1024,4,8192,211.339
2076,1024,4,16384,221.797
2076,1024,4,32768,241.985
2076,1024,4,65536,274.248
2076,1024,8,16,196.257
2076,1024,8,32,195.772
2076,1024,8,64,197.259
2076,1024,8,128,197.181
2076,1024,8,256,198.208
2076,1024,8,512,199.179
2076,1024,8,1024,201.563
2076,1024,8,2048,204.955
2076,1024,8,4096,210.524
2076,1024,8,8192,222.848
2076,1024,8,16384,240.95
2076,1024,8,32768,275.127
2076,1024,8,65536,340.971
2076,1024,16,16,196.183
2076,1024,16,32,197.157
2076,1024,16,64,198.016
2076,1024,16,128,198.874
2076,1024,16,256,200.338
2076,1024,16,512,202.459
2076,1024,16,1024,205.199
2076,1024,16,2048,211.382
2076,1024,16,4096,221.532
2076,1024,16,8192,240.143
2076,1024,16,16384,275.814
2076,1024,16,32768,341.381
2076,1024,16,65536,483.11
2076,1024,32,16,196.636
2076,1024,32,32,197.083
2076,1024,32,64,200.546
2076,1024,32,128,201.127
2076,1024,32,256,202.992
2076,1024,32,512,207.099
2076,1024,32,1024,211.654
2076,1024,32,2048,223.057
2076,1024,32,4096,240.823
2076,1024,32,8192,275.478
2076,1024,32,16384,343.067
2076,1024,32,32768,484.279
2076,1024,32,65536,765.65
2076,1024,64,16,199.93
2076,1024,64,32,199.184
2076,1024,64,64,203.009
2076,1024,64,128,206.112
2076,1024,64,256,208.604
2076,1024,64,512,214.647
2076,1024,64,1024,225.531
2076,1024,64,2048,243.841
2076,1024,64,4096,277.815
2076,1024,64,8192,346.758
2076,1024,64,16384,486.534
2076,1024,64,32768,767.672
2076,1024,64,65536,1310.26
2076,1024,128,16,202.375
2076,1024,128,32,203.691
2076,1024,128,64,205.91
2076,1024,128,128,208.891
2076,1024,128,256,215.072
2076,1024,128,512,225.754
2076,1024,128,1024,243.473
2076,1024,128,2048,278.14
2076,1024,128,4096,346.854
2076,1024,128,8192,488.019
2076,1024,128,16384,767.096
2076,1024,128,32768,1307.9
2076,1024,128,65536,2382.95
2076,2048,0,0,226.213
2076,2048,1,16,247.153
2076,2048,1,32,247.579
2076,2048,1,64,248.46
2076,2048,1,128,248.886
2076,2048,1,256,248.987
2076,2048,1,512,248.865
2076,2048,1,1024,250.053
2076,2048,1,2048,251.596
2076,2048,1,4096,253.932
2076,2048,1,8192,257.446
2076,2048,1,16384,262.011
2076,2048,1,32768,268.336
2076,2048,1,65536,278.161
2076,2048,2,16,248.024
2076,2048,2,32,248.197
2076,2048,2,64,249.526
2076,2048,2,128,249.52
2076,2048,2,256,249.654
2076,2048,2,512,249.797
2076,2048,2,1024,250.341
2076,2048,2,2048,252.352
2076,2048,2,4096,255.665
2076,2048,2,8192,258.394
2076,2048,2,16384,265.335
2076,2048,2,32768,276.848
2076,2048,2,65536,292.875
2076,2048,4,16,248.16
2076,2048,4,32,248.128
2076,2048,4,64,248.428
2076,2048,4,128,249.181
2076,2048,4,256,248.8
2076,2048,4,512,248.848
2076,2048,4,1024,251.025
2076,2048,4,2048,253.526
2076,2048,4,4096,256.001
2076,2048,4,8192,262.93
2076,2048,4,16384,273.751
2076,2048,4,32768,293.952
2076,2048,4,65536,325.344
2076,2048,8,16,248.507
2076,2048,8,32,247.815
2076,2048,8,64,248.86
2076,2048,8,128,249.061
2076,2048,8,256,249.314
2076,2048,8,512,250.576
2076,2048,8,1024,253.525
2076,2048,8,2048,256.252
2076,2048,8,4096,262.805
2076,2048,8,8192,273.105
2076,2048,8,16384,292.454
2076,2048,8,32768,327.153
2076,2048,8,65536,392.807
2076,2048,16,16,247.921
2076,2048,16,32,247.904
2076,2048,16,64,249.19
2076,2048,16,128,250.514
2076,2048,16,256,251.75
2076,2048,16,512,253.452
2076,2048,16,1024,257.494
2076,2048,16,2048,263.095
2076,2048,16,4096,272.892
2076,2048,16,8192,291.249
2076,2048,16,16384,326.247
2076,2048,16,32768,394.005
2076,2048,16,65536,531.943
2076,2048,32,16,249.109
2076,2048,32,32,248.833
2076,2048,32,64,251.952
2076,2048,32,128,252.689
2076,2048,32,256,255.707
2076,2048,32,512,258.843
2076,2048,32,1024,263.852
2076,2048,32,2048,274.252
2076,2048,32,4096,291.665
2076,2048,32,8192,326.572
2076,2048,32,16384,393.921
2076,2048,32,32768,534.539
2076,2048,32,65536,815.362
2076,2048,64,16,250.742
2076,2048,64,32,251.078
2076,2048,64,64,253.548
2076,2048,64,128,257.291
2076,2048,64,256,259.766
2076,2048,64,512,265.562
2076,2048,64,1024,276.448
2076,2048,64,2048,293.868
2076,2048,64,4096,328.632
2076,2048,64,8192,395.958
2076,2048,64,16384,536.295
2076,2048,64,32768,818.673
2076,2048,64,65536,1358.16
2076,2048,128,16,254.927
2076,2048,128,32,255.504
2076,2048,128,64,257.5
2076,2048,128,128,260.966
2076,2048,128,256,267.03
2076,2048,128,512,277.103
2076,2048,128,1024,295.02
2076,2048,128,2048,329.692
2076,2048,128,4096,397.84
2076,2048,128,8192,537.969
2076,2048,128,16384,818.035
2076,2048,128,32768,1357.11
2076,2048,128,65536,2431.05
2076,4096,0,0,330.247
2076,4096,1,16,350.533
2076,4096,1,32,352.011
2076,4096,1,64,352.993
2076,4096,1,128,352.449
2076,4096,1,256,352.401
2076,4096,1,512,353.355
2076,4096,1,1024,353.963
2076,4096,1,2048,355.196
2076,4096,1,4096,358.267
2076,4096,1,8192,361.169
2076,4096,1,16384,365.601
2076,4096,1,32768,372.235
2076,4096,1,65536,379.921
2076,4096,2,16,350.683
2076,4096,2,32,352.977
2076,4096,2,64,353.089
2076,4096,2,128,352.348
2076,4096,2,256,352.53
2076,4096,2,512,352.951
2076,4096,2,1024,354.832
2076,4096,2,2048,356.474
2076,4096,2,4096,358.48
2076,4096,2,8192,361.868
2076,4096,2,16384,368.737
2076,4096,2,32768,378.582
2076,4096,2,65536,396.103
2076,4096,4,16,351.494
2076,4096,4,32,350.449
2076,4096,4,64,351.756
2076,4096,4,128,352.567
2076,4096,4,256,353.644
2076,4096,4,512,353.095
2076,4096,4,1024,354.322
2076,4096,4,2048,356.834
2076,4096,4,4096,359.739
2076,4096,4,8192,367.669
2076,4096,4,16384,375.82
2076,4096,4,32768,395.931
2076,4096,4,65536,427.053
2076,4096,8,16,351.382
2076,4096,8,32,350.987
2076,4096,8,64,352.631
2076,4096,8,128,352.528
2076,4096,8,256,353.617
2076,4096,8,512,354.267
2076,4096,8,1024,356.455
2076,4096,8,2048,360.716
2076,4096,8,4096,367.111
2076,4096,8,8192,375.782
2076,4096,8,16384,394.385
2076,4096,8,32768,429.516
2076,4096,8,65536,495.473
2076,4096,16,16,351.985
2076,4096,16,32,353.175
2076,4096,16,64,353.553
2076,4096,16,128,354.24
2076,4096,16,256,354.861
2076,4096,16,512,357.307
2076,4096,16,1024,360.482
2076,4096,16,2048,366.823
2076,4096,16,4096,375.957
2076,4096,16,8192,394.349
2076,4096,16,16384,430.764
2076,4096,16,32768,496.488
2076,4096,16,65536,630.129
2076,4096,32,16,352.006
2076,4096,32,32,353.227
2076,4096,32,64,356.258
2076,4096,32,128,356.822
2076,4096,32,256,358.604
2076,4096,32,512,362.204
2076,4096,32,1024,367.445
2076,4096,32,2048,378.054
2076,4096,32,4096,396.779
2076,4096,32,8192,430.028
2076,4096,32,16384,498.743
2076,4096,32,32768,634.418
2076,4096,32,65536,900.95
2076,4096,64,16,354.753
2076,4096,64,32,355.687
2076,4096,64,64,357.335
2076,4096,64,128,360.699
2076,4096,64,256,363.425
2076,4096,64,512,369.771
2076,4096,64,1024,380.012
2076,4096,64,2048,397.997
2076,4096,64,4096,432.679
2076,4096,64,8192,498.699
2076,4096,64,16384,634.578
2076,4096,64,32768,906.258
2076,4096,64,65536,1441.15
2076,4096,128,16,358.518
2076,4096,128,32,359.537
2076,4096,128,64,361.873
2076,4096,128,128,364.262
2076,4096,128,256,370.615
2076,4096,128,512,380.983
2076,4096,128,1024,397.648
2076,4096,128,2048,432.226
2076,4096,128,4096,500.821
2076,4096,128,8192,636.487
2076,4096,128,16384,905.726
2076,4096,128,32768,1441.73
2076,4096,128,65536,2515.58
2076,8192,0,0,535.671
2076,8192,1,16,557.352
2076,8192,1,32,556.418
2076,8192,1,64,558.502
2076,8192,1,128,558.168
2076,8192,1,256,557.879
2076,8192,1,512,558.487
2076,8192,1,1024,559.601
2076,8192,1,2048,560.488
2076,8192,1,4096,563.666
2076,8192,1,8192,565.639
2076,8192,1,16384,569.511
2076,8192,1,32768,576.728
2076,8192,1,65536,583.965
2076,8192,2,16,556.546
2076,8192,2,32,557.389
2076,8192,2,64,557.708
2076,8192,2,128,558.338
2076,8192,2,256,558.337
2076,8192,2,512,558.642
2076,8192,2,1024,560.262
2076,8192,2,2048,561.496
2076,8192,2,4096,563.576
2076,8192,2,8192,569.452
2076,8192,2,16384,572.364
2076,8192,2,32768,583.873
2076,8192,2,65536,598.549
2076,8192,4,16,555.922
2076,8192,4,32,556.37
2076,8192,4,64,556.732
2076,8192,4,128,558.838
2076,8192,4,256,558.221
2076,8192,4,512,559.644
2076,8192,4,1024,559.259
2076,8192,4,2048,562.867
2076,8192,4,4096,565.496
2076,8192,4,8192,571.606
2076,8192,4,16384,580.573
2076,8192,4,32768,600.786
2076,8192,4,65536,632.092
2076,8192,8,16,556.967
2076,8192,8,32,557.677
2076,8192,8,64,558.876
2076,8192,8,128,557.596
2076,8192,8,256,557.816
2076,8192,8,512,559.479
2076,8192,8,1024,561.432
2076,8192,8,2048,564.919
2076,8192,8,4096,571.757
2076,8192,8,8192,580.945
2076,8192,8,16384,599.447
2076,8192,8,32768,635.346
2076,8192,8,65536,699.779
2076,8192,16,16,558.914
2076,8192,16,32,557.19
2076,8192,16,64,558.656
2076,8192,16,128,559.712
2076,8192,16,256,561.409
2076,8192,16,512,562.775
2076,8192,16,1024,566.465
2076,8192,16,2048,570.838
2076,8192,16,4096,580.742
2076,8192,16,8192,597.713
2076,8192,16,16384,633.453
2076,8192,16,32768,701.611
2076,8192,16,65536,833.256
2076,8192,32,16,557.847
2076,8192,32,32,557.341
2076,8192,32,64,561.197
2076,8192,32,128,561.65
2076,8192,32,256,563.702
2076,8192,32,512,567.132
2076,8192,32,1024,572.311
2076,8192,32,2048,581.75
2076,8192,32,4096,601.511
2076,8192,32,8192,632.754
2076,8192,32,16384,702.673
2076,8192,32,32768,837.347
2076,8192,32,65536,1102.7
2076,8192,64,16,560.024
2076,8192,64,32,559.367
2076,8192,64,64,562.14
2076,8192,64,128,567.132
2076,8192,64,256,569.942
2076,8192,64,512,574.498
2076,8192,64,1024,584.289
2076,8192,64,2048,602.865
2076,8192,64,4096,637.627
2076,8192,64,8192,704.167
2076,8192,64,16384,839.389
2076,8192,64,32768,1106.94
2076,8192,64,65536,1644.66
2076,8192,128,16,562.733
2076,8192,128,32,563.462
2076,8192,128,64,567.485
2076,8192,128,128,569.656
2076,8192,128,256,577.192
2076,8192,128,512,585.298
2076,8192,128,1024,605.706
2076,8192,128,2048,639.383
2076,8192,128,4096,704.988
2076,8192,128,8192,840.674
2076,8192,128,16384,1107.29
2076,8192,128,32768,1643.63
2076,8192,128,65536,2716.24
2076,16384,0,0,937.981
2076,16384,1,16,958.577
2076,16384,1,32,959.226
2076,16384,1,64,959.005
2076,16384,1,128,958.194
2076,16384,1,256,956.835
2076,16384,1,512,959.335
2076,16384,1,1024,958.93
2076,16384,1,2048,959.709
2076,16384,1,4096,962.152
2076,16384,1,8192,967.806
2076,16384,1,16384,970.013
2076,16384,1,32768,977.389
2076,16384,1,65536,981.601
2076,16384,2,16,953.912
2076,16384,2,32,957.448
2076,16384,2,64,959.779
2076,16384,2,128,958.186
2076,16384,2,256,957.48
2076,16384,2,512,958.963
2076,16384,2,1024,960.812
2076,16384,2,2048,965.023
2076,16384,2,4096,965.613
2076,16384,2,8192,966.685
2076,16384,2,16384,973.896
2076,16384,2,32768,984.082
2076,16384,2,65536,995.853
2076,16384,4,16,955.954
2076,16384,4,32,957.116
2076,16384,4,64,957.246
2076,16384,4,128,956.706
2076,16384,4,256,956.963
2076,16384,4,512,958.664
2076,16384,4,1024,961.314
2076,16384,4,2048,961.934
2076,16384,4,4096,964.755
2076,16384,4,8192,973.176
2076,16384,4,16384,979.876
2076,16384,4,32768,1001.67
2076,16384,4,65536,1031.56
2076,16384,8,16,956.808
2076,16384,8,32,956.76
2076,16384,8,64,956.712
2076,16384,8,128,957.919
2076,16384,8,256,956.791
2076,16384,8,512,958.014
2076,16384,8,1024,964.814
2076,16384,8,2048,967.719
2076,16384,8,4096,971.086
2076,16384,8,8192,979.907
2076,16384,8,16384,999.198
2076,16384,8,32768,1034.44
2076,16384,8,65536,1096.6
2076,16384,16,16,956.879
2076,16384,16,32,957.539
2076,16384,16,64,959.416
2076,16384,16,128,956.708
2076,16384,16,256,960.093
2076,16384,16,512,963.23
2076,16384,16,1024,965.768
2076,16384,16,2048,972.435
2076,16384,16,4096,983.122
2076,16384,16,8192,999.022
2076,16384,16,16384,1034.2
2076,16384,16,32768,1101.42
2076,16384,16,65536,1232.55
2076,16384,32,16,957.966
2076,16384,32,32,958.68
2076,16384,32,64,959.881
2076,16384,32,128,960.952
2076,16384,32,256,963.096
2076,16384,32,512,967.608
2076,16384,32,1024,972.562
2076,16384,32,2048,981.688
2076,16384,32,4096,999.534
2076,16384,32,8192,1034.44
2076,16384,32,16384,1099.67
2076,16384,32,32768,1237.51
2076,16384,32,65536,1499.49
2076,16384,64,16,959.474
2076,16384,64,32,962.318
2076,16384,64,64,961.496
2076,16384,64,128,966.718
2076,16384,64,256,969.213
2076,16384,64,512,975.111
2076,16384,64,1024,984.023
2076,16384,64,2048,1003.58
2076,16384,64,4096,1037.12
2076,16384,64,8192,1102.41
2076,16384,64,16384,1237.58
2076,16384,64,32768,1504.96
2076,16384,64,65536,2039.21
2076,16384,128,16,964.019
2076,16384,128,32,964.505
2076,16384,128,64,966.12
2076,16384,128,128,968.669
2076,16384,128,256,975.282
2076,16384,128,512,984.69
2076,16384,128,1024,1005.83
2076,16384,128,2048,1039.28
2076,16384,128,4096,1105.35
2076,16384,128,8192,1241.18
2076,16384,128,16384,1506.46
2076,16384,128,32768,2048.11
2076,16384,128,65536,3112.44
2076,32768,0,0,1741.86
2076,32768,1,16,1758.25
2076,32768,1,32,1758.92
2076,32768,1,64,1757.7
2076,32768,1,128,1759.01
2076,32768,1,256,1759.01
2076,32768,1,512,1757.64
2076,32768,1,1024,1764.54
2076,32768,1,2048,1760.67
2076,32768,1,4096,1761.87
2076,32768,1,8192,1762.76
2076,32768,1,16384,1771.17
2076,32768,1,32768,1775.96
2076,32768,1,65536,1777.32
2076,32768,2,16,1755.92
2076,32768,2,32,1758.24
2076,32768,2,64,1757.42
2076,32768,2,128,1758.18
2076,32768,2,256,1761.71
2076,32768,2,512,1758.77
2076,32768,2,1024,1760.12
2076,32768,2,2048,1763.73
2076,32768,2,4096,1763.87
2076,32768,2,8192,1769.15
2076,32768,2,16384,1776.13
2076,32768,2,32768,1785.26
2076,32768,2,65536,1793.31
2076,32768,4,16,1755.8
2076,32768,4,32,1760.19
2076,32768,4,64,1760.37
2076,32768,4,128,1757.81
2076,32768,4,256,1760.77
2076,32768,4,512,1759.34
2076,32768,4,1024,1763.26
2076,32768,4,2048,1763.03
2076,32768,4,4096,1767.92
2076,32768,4,8192,1772.22
2076,32768,4,16384,1781.93
2076,32768,4,32768,1800.04
2076,32768,4,65536,1823.03
2076,32768,8,16,1761.04
2076,32768,8,32,1760.24
2076,32768,8,64,1761.63
2076,32768,8,128,1759.99
2076,32768,8,256,1759.02
2076,32768,8,512,1760.93
2076,32768,8,1024,1763.76
2076,32768,8,2048,1763.17
2076,32768,8,4096,1771.49
2076,32768,8,8192,1781.35
2076,32768,8,16384,1801.49
2076,32768,8,32768,1835.85
2076,32768,8,65536,1894.46
2076,32768,16,16,1757.72
2076,32768,16,32,1758.49
2076,32768,16,64,1761.23
2076,32768,16,128,1760.83
2076,32768,16,256,1762.05
2076,32768,16,512,1763.32
2076,32768,16,1024,1766.08
2076,32768,16,2048,1773.8
2076,32768,16,4096,1784.13
2076,32768,16,8192,1802.1
2076,32768,16,16384,1834.97
2076,32768,16,32768,1901.84
2076,32768,16,65536,2028.93
2076,32768,32,16,1758.95
2076,32768,32,32,1759.74
2076,32768,32,64,1761.86
2076,32768,32,128,1765.61
2076,32768,32,256,1766.17
2076,32768,32,512,1767.78
2076,32768,32,1024,1773.16
2076,32768,32,2048,1784.07
2076,32768,32,4096,1800.86
2076,32768,32,8192,1835.51
2076,32768,32,16384,1903.15
2076,32768,32,32768,2041.28
2076,32768,32,65536,2295.42
2076,32768,64,16,1761.87
2076,32768,64,32,1762.08
2076,32768,64,64,1764.11
2076,32768,64,128,1767.66
2076,32768,64,256,1769.83
2076,32768,64,512,1774.27
2076,32768,64,1024,1786.58
2076,32768,64,2048,1801.15
2076,32768,64,4096,1838.1
2076,32768,64,8192,1902.8
2076,32768,64,16384,2036.92
2076,32768,64,32768,2306.75
2076,32768,64,65536,2836.38
2076,32768,128,16,1763.72
2076,32768,128,32,1764.22
2076,32768,128,64,1769.73
2076,32768,128,128,1772.58
2076,32768,128,256,1775.88
2076,32768,128,512,1786.56
2076,32768,128,1024,1803.26
2076,32768,128,2048,1836.97
2076,32768,128,4096,1907.95
2076,32768,128,8192,2042.48
2076,32768,128,16384,2311.15
2076,32768,128,32768,2846.23
2076,32768,128,65536,3908.67
2076,65536,0,0,3330.9
2076,65536,1,16,3348.5
2076,65536,1,32,3346.32
2076,65536,1,64,3353.42
2076,65536,1,128,3352.62
2076,65536,1,256,3349.38
2076,65536,1,512,3352.2
2076,65536,1,1024,3348.07
2076,65536,1,2048,3348.79
2076,65536,1,4096,3354.93
2076,65536,1,8192,3360.03
2076,65536,1,16384,3360.99
2076,65536,1,32768,3366.73
2076,65536,1,65536,3377.59
2076,65536,2,16,3346.28
2076,65536,2,32,3348.8
2076,65536,2,64,3349.18
2076,65536,2,128,3348.56
2076,65536,2,256,3353.45
2076,65536,2,512,3349.71
2076,65536,2,1024,3349.54
2076,65536,2,2048,3354.96
2076,65536,2,4096,3352.39
2076,65536,2,8192,3358.7
2076,65536,2,16384,3366.24
2076,65536,2,32768,3375.38
2076,65536,2,65536,3391.39
2076,65536,4,16,3346.22
2076,65536,4,32,3346.84
2076,65536,4,64,3345.98
2076,65536,4,128,3350.3
2076,65536,4,256,3352.31
2076,65536,4,512,3349.25
2076,65536,4,1024,3350.65
2076,65536,4,2048,3353.25
2076,65536,4,4096,3358.77
2076,65536,4,8192,3359.31
2076,65536,4,16384,3373.88
2076,65536,4,32768,3390.74
2076,65536,4,65536,3419.29
2076,65536,8,16,3347.32
2076,65536,8,32,3355.52
2076,65536,8,64,3356.62
2076,65536,8,128,3349.1
2076,65536,8,256,3350.48
2076,65536,8,512,3348.92
2076,65536,8,1024,3351.67
2076,65536,8,2048,3355.59
2076,65536,8,4096,3366.4
2076,65536,8,8192,3373.95
2076,65536,8,16384,3390.34
2076,65536,8,32768,3420.87
2076,65536,8,65536,3491.8
2076,65536,16,16,3344.39
2076,65536,16,32,3347.57
2076,65536,16,64,3349.06
2076,65536,16,128,3349.53
2076,65536,16,256,3351.3
2076,65536,16,512,3354.36
2076,65536,16,1024,3353.62
2076,65536,16,2048,3367.37
2076,65536,16,4096,3372.9
2076,65536,16,8192,3388.32
2076,65536,16,16384,3429.78
2076,65536,16,32768,3492.52
2076,65536,16,65536,3631.07
2076,65536,32,16,3348.64
2076,65536,32,32,3349.06
2076,65536,32,64,3351.47
2076,65536,32,128,3352.56
2076,65536,32,256,3352.8
2076,65536,32,512,3357.1
2076,65536,32,1024,3365.33
2076,65536,32,2048,3371.57
2076,65536,32,4096,3389.53
2076,65536,32,8192,3422.97
2076,65536,32,16384,3490.74
2076,65536,32,32768,3627.13
2076,65536,32,65536,3896.87
2076,65536,64,16,3349.18
2076,65536,64,32,3353.14
2076,65536,64,64,3355.81
2076,65536,64,128,3354.5
2076,65536,64,256,3358.83
2076,65536,64,512,3365.36
2076,65536,64,1024,3371.16
2076,65536,64,2048,3392.48
2076,65536,64,4096,3423.51
2076,65536,64,8192,3494.5
2076,65536,64,16384,3633.2
2076,65536,64,32768,3896.95
2076,65536,64,65536,4437.45
2076,65536,128,16,3352.5
2076,65536,128,32,3354.63
2076,65536,128,64,3357.32
2076,65536,128,128,3357.68
2076,65536,128,256,3367.95
2076,65536,128,512,3375.12
2076,65536,128,1024,3395.23
2076,65536,128,2048,3429.85
2076,65536,128,4096,3497
2076,65536,128,8192,3629.26
2076,65536,128,16384,3899.74
2076,65536,128,32768,4438.07
2076,65536,128,65536,5510.44
3114,0,0,0,154.202
3114,0,1,16,175.281
3114,0,1,32,175.249
3114,0,1,64,177.196
3114,0,1,128,177.008
3114,0,1,256,177.76
3114,0,1,512,177.307
3114,0,1,1024,177.889
3114,0,1,2048,179.915
3114,0,1,4096,181.798
3114,0,1,8192,185.441
3114,0,1,16384,189.606
3114,0,1,32768,197.104
3114,0,1,65536,206.732
3114,0,2,16,174.619
3114,0,2,32,175.003
3114,0,2,64,176.187
3114,0,2,128,176.411
3114,0,2,256,175.594
3114,0,2,512,177.825
3114,0,2,1024,179.02
3114,0,2,2048,179.76
3114,0,2,4096,182.55
3114,0,2,8192,186.166
3114,0,2,16384,193.441
3114,0,2,32768,204.396
3114,0,2,65536,222.593
3114,0,4,16,175.686
3114,0,4,32,175.111
3114,0,4,64,176.139
3114,0,4,128,176.24
3114,0,4,256,176.768
3114,0,4,512,177.216
3114,0,4,1024,179.264
3114,0,4,2048,181.499
3114,0,4,4096,184.561
3114,0,4,8192,191.397
3114,0,4,16384,201.942
3114,0,4,32768,222.822
3114,0,4,65536,254.764
3114,0,8,16,175.536
3114,0,8,32,175.455
3114,0,8,64,176.235
3114,0,8,128,176.673
3114,0,8,256,177.26
3114,0,8,512,178.716
3114,0,8,1024,180.566
3114,0,8,2048,184.363
3114,0,8,4096,191.148
3114,0,8,8192,202.588
3114,0,8,16384,220.891
3114,0,8,32768,254.768
3114,0,8,65536,322.246
3114,0,16,16,176.257
3114,0,16,32,176.007
3114,0,16,64,177.019
3114,0,16,128,177.882
3114,0,16,256,179.275
3114,0,16,512,181.595
3114,0,16,1024,186.001
3114,0,16,2048,191.366
3114,0,16,4096,201.547
3114,0,16,8192,219.413
3114,0,16,16384,256.192
3114,0,16,32768,321.851
3114,0,16,65536,459.361
3114,0,32,16,176.234
3114,0,32,32,176.293
3114,0,32,64,179.573
3114,0,32,128,180.129
3114,0,32,256,182.55
3114,0,32,512,186.48
3114,0,32,1024,192.337
3114,0,32,2048,202.592
3114,0,32,4096,221.013
3114,0,32,8192,256.246
3114,0,32,16384,322.189
3114,0,32,32768,460.683
3114,0,32,65536,736.801
3114,0,64,16,178.261
3114,0,64,32,179.281
3114,0,64,64,181.227
3114,0,64,128,185.407
3114,0,64,256,188.199
3114,0,64,512,193.771
3114,0,64,1024,204.63
3114,0,64,2048,223.488
3114,0,64,4096,257.906
3114,0,64,8192,324.972
3114,0,64,16384,463.377
3114,0,64,32768,737.879
3114,0,64,65536,1277.14
3114,0,128,16,182.395
3114,0,128,32,183.157
3114,0,128,64,185.867
3114,0,128,128,188.881
3114,0,128,256,193.974
3114,0,128,512,205.531
3114,0,128,1024,224.769
3114,0,128,2048,257.712
3114,0,128,4096,325.81
3114,0,128,8192,464.151
3114,0,128,16384,737.987
3114,0,128,32768,1273.87
3114,0,128,65536,2347.26
3114,16,0,0,193.436
3114,16,1,16,215.383
3114,16,1,32,215.436
3114,16,1,64,216.027
3114,16,1,128,217.313
3114,16,1,256,216.587
3114,16,1,512,216.869
3114,16,1,1024,217.158
3114,16,1,2048,219.249
3114,16,1,4096,221.1
3114,16,1,8192,224.117
3114,16,1,16384,229.9
3114,16,1,32768,236.577
3114,16,1,65536,246.347
3114,16,2,16,214.935
3114,16,2,32,214.471
3114,16,2,64,215.824
3114,16,2,128,215.724
3114,16,2,256,216.07
3114,16,2,512,216.438
3114,16,2,1024,217.375
3114,16,2,2048,219.126
3114,16,2,4096,222.412
3114,16,2,8192,225.259
3114,16,2,16384,231.692
3114,16,2,32768,243.277
3114,16,2,65536,261.86
3114,16,4,16,214.944
3114,16,4,32,214.048
3114,16,4,64,215.723
3114,16,4,128,216.016
3114,16,4,256,215.946
3114,16,4,512,216.754
3114,16,4,1024,218.416
3114,16,4,2048,220.849
3114,16,4,4096,223.12
3114,16,4,8192,230.4
3114,16,4,16384,241.676
3114,16,4,32768,261.85
3114,16,4,65536,293.525
3114,16,8,16,215.653
3114,16,8,32,214.955
3114,16,8,64,216.241
3114,16,8,128,215.578
3114,16,8,256,216.176
3114,16,8,512,218.432
3114,16,8,1024,220.673
3114,16,8,2048,224.589
3114,16,8,4096,229.013
3114,16,8,8192,240.948
3114,16,8,16384,258.892
3114,16,8,32768,293.986
3114,16,8,65536,360.929
3114,16,16,16,215.093
3114,16,16,32,215.189
3114,16,16,64,216.357
3114,16,16,128,217.495
3114,16,16,256,218.886
3114,16,16,512,220.721
3114,16,16,1024,224.155
3114,16,16,2048,229.856
3114,16,16,4096,240.701
3114,16,16,8192,258.767
3114,16,16,16384,294.774
3114,16,16,32768,361.452
3114,16,16,65536,498.247
3114,16,32,16,215.707
3114,16,32,32,215.669
3114,16,32,64,218.949
3114,16,32,128,220.273
3114,16,32,256,222.005
3114,16,32,512,225.233
3114,16,32,1024,230.629
3114,16,32,2048,241.264
3114,16,32,4096,259.957
3114,16,32,8192,294.754
3114,16,32,16384,362.523
3114,16,32,32768,501.346
3114,16,32,65536,773.671
3114,16,64,16,218.556
3114,16,64,32,218.042
3114,16,64,64,220.704
3114,16,64,128,224.401
3114,16,64,256,227.722
3114,16,64,512,232.998
3114,16,64,1024,243.842
3114,16,64,2048,262.118
3114,16,64,4096,297.324
3114,16,64,8192,364.311
3114,16,64,16384,502.704
3114,16,64,32768,776.483
3114,16,64,65536,1316.29
3114,16,128,16,222.294
3114,16,128,32,222.395
3114,16,128,64,225.2
3114,16,128,128,227.238
3114,16,128,256,234.112
3114,16,128,512,245.488
3114,16,128,1024,263.238
3114,16,128,2048,297.281
3114,16,128,4096,365.516
3114,16,128,8192,503.265
3114,16,128,16384,776.344
3114,16,128,32768,1311.62
3114,16,128,65536,2390.45
3114,32,0,0,194.155
3114,32,1,16,214.437
3114,32,1,32,215.291
3114,32,1,64,216.283
3114,32,1,128,216.252
3114,32,1,256,215.707
3114,32,1,512,215.659
3114,32,1,1024,216.982
3114,32,1,2048,218.508
3114,32,1,4096,220.672
3114,32,1,8192,224.235
3114,32,1,16384,228.123
3114,32,1,32768,236.342
3114,32,1,65536,246.416
3114,32,2,16,214.465
3114,32,2,32,214.575
3114,32,2,64,215.685
3114,32,2,128,216.774
3114,32,2,256,215.573
3114,32,2,512,216.917
3114,32,2,1024,217.442
3114,32,2,2048,220.006
3114,32,2,4096,222.017
3114,32,2,8192,224.982
3114,32,2,16384,232.235
3114,32,2,32768,244.86
3114,32,2,65536,260.849
3114,32,4,16,214.261
3114,32,4,32,214.698
3114,32,4,64,214.902
3114,32,4,128,215.644
3114,32,4,256,215.991
3114,32,4,512,216.668
3114,32,4,1024,218.703
3114,32,4,2048,219.669
3114,32,4,4096,223.82
3114,32,4,8192,230.737
3114,32,4,16384,241.286
3114,32,4,32768,260.955
3114,32,4,65536,293.569
3114,32,8,16,214.176
3114,32,8,32,214.955
3114,32,8,64,215.921
3114,32,8,128,215.686
3114,32,8,256,216.513
3114,32,8,512,218.496
3114,32,8,1024,220.475
3114,32,8,2048,223.623
3114,32,8,4096,230.289
3114,32,8,8192,240.786
3114,32,8,16384,259.317
3114,32,8,32768,293.931
3114,32,8,65536,361.368
3114,32,16,16,215.841
3114,32,16,32,215.521
3114,32,16,64,216.124
3114,32,16,128,217.217
3114,32,16,256,219.068
3114,32,16,512,221.194
3114,32,16,1024,225.174
3114,32,16,2048,230.582
3114,32,16,4096,241.42
3114,32,16,8192,259.856
3114,32,16,16384,294.988
3114,32,16,32768,361.108
3114,32,16,65536,498.709
3114,32,32,16,215.713
3114,32,32,32,216.069
3114,32,32,64,218.143
3114,32,32,128,219.734
3114,32,32,256,222.015
3114,32,32,512,225.264
3114,32,32,1024,231.644
3114,32,32,2048,242.274
3114,32,32,4096,260.497
3114,32,32,8192,295.799
3114,32,32,16384,363.58
3114,32,32,32768,501.308
3114,32,32,65536,773.41
3114,32,64,16,217.675
3114,32,64,32,218.293
3114,32,64,64,220.14
3114,32,64,128,224.402
3114,32,64,256,226.831
3114,32,64,512,232.389
3114,32,64,1024,243.675
3114,32,64,2048,262.322
3114,32,64,4096,296.961
3114,32,64,8192,364.474
3114,32,64,16384,502.731
3114,32,64,32768,777.533
3114,32,64,65536,1316.4
3114,32,128,16,221.409
3114,32,128,32,222.129
3114,32,128,64,225.356
3114,32,128,128,228.166
3114,32,128,256,234.139
3114,32,128,512,244.524
3114,32,128,1024,262.762
3114,32,128,2048,297.479
3114,32,128,4096,365.088
3114,32,128,8192,505.164
3114,32,128,16384,775.106
3114,32,128,32768,1313.24
3114,32,128,65536,2388.49
3114,64,0,0,193.824
3114,64,1,16,215.367
3114,64,1,32,215.654
3114,64,1,64,216.752
3114,64,1,128,216.422
3114,64,1,256,215.594
3114,64,1,512,217.703
3114,64,1,1024,217.888
3114,64,1,2048,219.085
3114,64,1,4096,221.51
3114,64,1,8192,224.373
3114,64,1,16384,228.95
3114,64,1,32768,235.724
3114,64,1,65536,246.589
3114,64,2,16,215.659
3114,64,2,32,214.78
3114,64,2,64,216.197
3114,64,2,128,216.159
3114,64,2,256,217.146
3114,64,2,512,216.967
3114,64,2,1024,217.921
3114,64,2,2048,220.817
3114,64,2,4096,222.704
3114,64,2,8192,226.368
3114,64,2,16384,232.977
3114,64,2,32768,243.867
3114,64,2,65536,262.401
3114,64,4,16,215.834
3114,64,4,32,215.462
3114,64,4,64,215.403
3114,64,4,128,215.776
3114,64,4,256,216.347
3114,64,4,512,216.972
3114,64,4,1024,218.715
3114,64,4,2048,220.998
3114,64,4,4096,224.55
3114,64,4,8192,231.041
3114,64,4,16384,241.509
3114,64,4,32768,261.345
3114,64,4,65536,293.35
3114,64,8,16,215.227
3114,64,8,32,215.228
3114,64,8,64,216.033
3114,64,8,128,216.834
3114,64,8,256,216.512
3114,64,8,512,218.577
3114,64,8,1024,221.018
3114,64,8,2048,224.192
3114,64,8,4096,230.395
3114,64,8,8192,241.164
3114,64,8,16384,260.774
3114,64,8,32768,294.422
3114,64,8,65536,361.014
3114,64,16,16,215.708
3114,64,16,32,215.879
3114,64,16,64,217.504
3114,64,16,128,218.279
3114,64,16,256,219.014
3114,64,16,512,221.962
3114,64,16,1024,224.588
3114,64,16,2048,231.248
3114,64,16,4096,240.959
3114,64,16,8192,258.737
3114,64,16,16384,295.319
3114,64,16,32768,361.99
3114,64,16,65536,497.787
3114,64,32,16,216.587
3114,64,32,32,216.485
3114,64,32,64,219.26
3114,64,32,128,220.076
3114,64,32,256,222.795
3114,64,32,512,224.982
3114,64,32,1024,231.856
3114,64,32,2048,241.873
3114,64,32,4096,260.737
3114,64,32,8192,295.206
3114,64,32,16384,362.139
3114,64,32,32768,500.913
3114,64,32,65536,773.75
3114,64,64,16,217.84
3114,64,64,32,217.931
3114,64,64,64,221.1
3114,64,64,128,224.763
3114,64,64,256,227.184
3114,64,64,512,233.264
3114,64,64,1024,244.309
3114,64,64,2048,263.563
3114,64,64,4096,297.787
3114,64,64,8192,364.897
3114,64,64,16384,501.056
3114,64,64,32768,779.113
3114,64,64,65536,1319.31
3114,64,128,16,221.584
3114,64,128,32,222.901
3114,64,128,64,226.048
3114,64,128,128,227.474
3114,64,128,256,234.183
3114,64,128,512,244.982
3114,64,128,1024,263.825
3114,64,128,2048,298.155
3114,64,128,4096,365.964
3114,64,128,8192,504.407
3114,64,128,16384,777.217
3114,64,128,32768,1313.59
3114,64,128,65536,2392.3
3114,128,0,0,194.246
3114,128,1,16,215.77
3114,128,1,32,215.302
3114,128,1,64,216.746
3114,128,1,128,217.393
3114,128,1,256,216.744
3114,128,1,512,217.856
3114,128,1,1024,217.611
3114,128,1,2048,220.123
3114,128,1,4096,221.787
3114,128,1,8192,225.67
3114,128,1,16384,230.454
3114,128,1,32768,237.147
3114,128,1,65536,246.287
3114,128,2,16,215.659
3114,128,2,32,215.941
3114,128,2,64,216.544
3114,128,2,128,216.586
3114,128,2,256,217.318
3114,128,2,512,217.525
3114,128,2,1024,218.49
3114,128,2,2048,220.545
3114,128,2,4096,223.308
3114,128,2,8192,226.779
3114,128,2,16384,232.273
3114,128,2,32768,244.309
3114,128,2,65536,262.485
3114,128,4,16,215.664
3114,128,4,32,215.312
3114,128,4,64,216.315
3114,128,4,128,215.809
3114,128,4,256,217.323
3114,128,4,512,217.638
3114,128,4,1024,219.366
3114,128,4,2048,221.919
3114,128,4,4096,225.474
3114,128,4,8192,230.587
3114,128,4,16384,241.884
3114,128,4,32768,260.813
3114,128,4,65536,293.355
3114,128,8,16,215.404
3114,128,8,32,215.782
3114,128,8,64,216.625
3114,128,8,128,217.482
3114,128,8,256,216.747
3114,128,8,512,219.041
3114,128,8,1024,221.249
3114,128,8,2048,224.555
3114,128,8,4096,230.989
3114,128,8,8192,242.043
3114,128,8,16384,261.014
3114,128,8,32768,295.746
3114,128,8,65536,361.623
3114,128,16,16,216.79
3114,128,16,32,216.288
3114,128,16,64,217.99
3114,128,16,128,218.87
3114,128,16,256,220.619
3114,128,16,512,222.246
3114,128,16,1024,225.061
3114,128,16,2048,231.867
3114,128,16,4096,241.253
3114,128,16,8192,259.606
3114,128,16,16384,295.005
3114,128,16,32768,362.64
3114,128,16,65536,499.655
3114,128,32,16,216.413
3114,128,32,32,217.275
3114,128,32,64,220.145
3114,128,32,128,221.051
3114,128,32,256,223.382
3114,128,32,512,226.555
3114,128,32,1024,232.101
3114,128,32,2048,242.427
3114,128,32,4096,261.367
3114,128,32,8192,296.666
3114,128,32,16384,363.803
3114,128,32,32768,500.401
3114,128,32,65536,773.884
3114,128,64,16,219.44
3114,128,64,32,219.96
3114,128,64,64,221.541
3114,128,64,128,225.617
3114,128,64,256,228.592
3114,128,64,512,233.682
3114,128,64,1024,244.469
3114,128,64,2048,263.405
3114,128,64,4096,297.935
3114,128,64,8192,365.012
3114,128,64,16384,501.996
3114,128,64,32768,779.719
3114,128,64,65536,1317.99
3114,128,128,16,222.331
3114,128,128,32,223.174
3114,128,128,64,225.606
3114,128,128,128,228.156
3114,128,128,256,233.921
3114,128,128,512,245.146
3114,128,128,1024,263.175
3114,128,128,2048,298.608
3114,128,128,4096,366.065
3114,128,128,8192,503.597
3114,128,128,16384,779.457
3114,128,128,32768,1315.93
3114,128,128,65536,2392.31
3114,256,0,0,203.541
3114,256,1,16,225.671
3114,256,1,32,225.425
3114,256,1,64,227.946
3114,256,1,128,226.838
3114,256,1,256,226.737
3114,256,1,512,226.779
3114,256,1,1024,227.834
3114,256,1,2048,230.128
3114,256,1,4096,231.452
3114,256,1,8192,235.35
3114,256,1,16384,240.577
3114,256,1,32768,246.263
3114,256,1,65536,257.122
3114,256,2,16,224.843
3114,256,2,32,225.356
3114,256,2,64,227.286
3114,256,2,128,226.769
3114,256,2,256,226.848
3114,256,2,512,227.563
3114,256,2,1024,228.742
3114,256,2,2048,230.028
3114,256,2,4096,232.438
3114,256,2,8192,236.406
3114,256,2,16384,242.833
3114,256,2,32768,254.263
3114,256,2,65536,273.212
3114,256,4,16,225.357
3114,256,4,32,225.291
3114,256,4,64,225.942
3114,256,4,128,225.925
3114,256,4,256,226.907
3114,256,4,512,227.088
3114,256,4,1024,229.258
3114,256,4,2048,231.851
3114,256,4,4096,235.057
3114,256,4,8192,241.722
3114,256,4,16384,252.209
3114,256,4,32768,271.584
3114,256,4,65536,304.022
3114,256,8,16,225.393
3114,256,8,32,225.75
3114,256,8,64,225.97
3114,256,8,128,226.582
3114,256,8,256,227.478
3114,256,8,512,229.088
3114,256,8,1024,231.654
3114,256,8,2048,235.313
3114,256,8,4096,241.895
3114,256,8,8192,251.99
3114,256,8,16384,271.404
3114,256,8,32768,305.549
3114,256,8,65536,371.647
3114,256,16,16,226.007
3114,256,16,32,226.721
3114,256,16,64,227.035
3114,256,16,128,228.741
3114,256,16,256,230.09
3114,256,16,512,232.508
3114,256,16,1024,235.793
3114,256,16,2048,241.846
3114,256,16,4096,251.777
3114,256,16,8192,269.44
3114,256,16,16384,305.616
3114,256,16,32768,371.776
3114,256,16,65536,509.937
3114,256,32,16,226.358
3114,256,32,32,226.695
3114,256,32,64,228.774
3114,256,32,128,231.206
3114,256,32,256,233.782
3114,256,32,512,236.432
3114,256,32,1024,242.033
3114,256,32,2048,252.22
3114,256,32,4096,270.872
3114,256,32,8192,306.128
3114,256,32,16384,373.596
3114,256,32,32768,510.123
3114,256,32,65536,786.035
3114,256,64,16,228.928
3114,256,64,32,229.351
3114,256,64,64,230.689
3114,256,64,128,234.774
3114,256,64,256,237.974
3114,256,64,512,243.202
3114,256,64,1024,254.06
3114,256,64,2048,272.561
3114,256,64,4096,307.516
3114,256,64,8192,375.349
3114,256,64,16384,511.048
3114,256,64,32768,790.577
3114,256,64,65536,1330.43
3114,256,128,16,232.204
3114,256,128,32,232.247
3114,256,128,64,235.409
3114,256,128,128,238.749
3114,256,128,256,244.498
3114,256,128,512,255.254
3114,256,128,1024,274.16
3114,256,128,2048,308.998
3114,256,128,4096,375.099
3114,256,128,8192,514.805
3114,256,128,16384,790.882
3114,256,128,32768,1329.17
3114,256,128,65536,2405.51
3114,512,0,0,219.527
3114,512,1,16,241.66
3114,512,1,32,241.201
3114,512,1,64,242.289
3114,512,1,128,243.185
3114,512,1,256,242.267
3114,512,1,512,242.88
3114,512,1,1024,243.851
3114,512,1,2048,244.758
3114,512,1,4096,247.564
3114,512,1,8192,251.018
3114,512,1,16384,254.19
3114,512,1,32768,262.028
3114,512,1,65536,272.379
3114,512,2,16,241.024
3114,512,2,32,241.19
3114,512,2,64,241.871
3114,512,2,128,241.548
3114,512,2,256,243.03
3114,512,2,512,243.318
3114,512,2,1024,244.337
3114,512,2,2048,245.786
3114,512,2,4096,249.03
3114,512,2,8192,251.554
3114,512,2,16384,258.338
3114,512,2,32768,270.635
3114,512,2,65536,287.67
3114,512,4,16,240.773
3114,512,4,32,240.689
3114,512,4,64,241.576
3114,512,4,128,241.569
3114,512,4,256,241.926
3114,512,4,512,242.53
3114,512,4,1024,244.902
3114,512,4,2048,247.484
3114,512,4,4096,249.569
3114,512,4,8192,257.234
3114,512,4,16384,267.415
3114,512,4,32768,286.678
3114,512,4,65536,318.674
3114,512,8,16,242.027
3114,512,8,32,240.749
3114,512,8,64,241.901
3114,512,8,128,242.412
3114,512,8,256,242.918
3114,512,8,512,243.797
3114,512,8,1024,247.394
3114,512,8,2048,249.154
3114,512,8,4096,256.177
3114,512,8,8192,267.135
3114,512,8,16384,285.889
3114,512,8,32768,320.978
3114,512,8,65536,386.955
3114,512,16,16,241.474
3114,512,16,32,241.462
3114,512,16,64,243.093
3114,512,16,128,244.026
3114,512,16,256,244.992
3114,512,16,512,247.484
3114,512,16,1024,251.265
3114,512,16,2048,256.412
3114,512,16,4096,266.854
3114,512,16,8192,285.755
3114,512,16,16384,321.143
3114,512,16,32768,386.534
3114,512,16,65536,523.947
3114,512,32,16,242.87
3114,512,32,32,242.129
3114,512,32,64,245.276
3114,512,32,128,246.167
3114,512,32,256,248.396
3114,512,32,512,251.638
3114,512,32,1024,258.854
3114,512,32,2048,267.483
3114,512,32,4096,286.113
3114,512,32,8192,320.822
3114,512,32,16384,388.184
3114,512,32,32768,525.407
3114,512,32,65536,803.585
3114,512,64,16,243.84
3114,512,64,32,244.273
3114,512,64,64,246.41
3114,512,64,128,250.395
3114,512,64,256,253.287
3114,512,64,512,259.259
3114,512,64,1024,269.654
3114,512,64,2048,288.193
3114,512,64,4096,322.539
3114,512,64,8192,389.479
3114,512,64,16384,526.856
3114,512,64,32768,806.237
3114,512,64,65536,1347.83
3114,512,128,16,247.553
3114,512,128,32,248.897
3114,512,128,64,251.329
3114,512,128,128,254.475
3114,512,128,256,260.48
3114,512,128,512,270.842
3114,512,128,1024,288.879
3114,512,128,2048,322.763
3114,512,128,4096,391.084
3114,512,128,8192,529.644
3114,512,128,16384,806.499
3114,512,128,32768,1345
3114,512,128,65536,2424.01
3114,1024,0,0,251.952
3114,1024,1,16,272.817
3114,1024,1,32,272.875
3114,1024,1,64,273.776
3114,1024,1,128,273.561
3114,1024,1,256,273.617
3114,1024,1,512,274.326
3114,1024,1,1024,275.359
3114,1024,1,2048,276.193
3114,1024,1,4096,278.566
3114,1024,1,8192,282.661
3114,1024,1,16384,286.199
3114,1024,1,32768,294.194
3114,1024,1,65536,304.129
3114,1024,2,16,272.668
3114,1024,2,32,272.811
3114,1024,2,64,273.649
3114,1024,2,128,273.681
3114,1024,2,256,273.281
3114,1024,2,512,275.223
3114,1024,2,1024,275.265
3114,1024,2,2048,277.02
3114,1024,2,4096,280.039
3114,1024,2,8192,283.211
3114,1024,2,16384,290.112
3114,1024,2,32768,300.68
3114,1024,2,65536,318.529
3114,1024,4,16,273.042
3114,1024,4,32,272.349
3114,1024,4,64,273.361
3114,1024,4,128,273.788
3114,1024,4,256,273.393
3114,1024,4,512,274.581
3114,1024,4,1024,276.066
3114,1024,4,2048,277.782
3114,1024,4,4096,281.691
3114,1024,4,8192,288.466
3114,1024,4,16384,297.421
3114,1024,4,32768,318.583
3114,1024,4,65536,350.182
3114,1024,8,16,272.426
3114,1024,8,32,272.197
3114,1024,8,64,273.276
3114,1024,8,128,273.93
3114,1024,8,256,275.484
3114,1024,8,512,275.452
3114,1024,8,1024,278.407
3114,1024,8,2048,281.388
3114,1024,8,4096,287.607
3114,1024,8,8192,298.365
3114,1024,8,16384,316.331
3114,1024,8,32768,351.958
3114,1024,8,65536,418.311
3114,1024,16,16,272.56
3114,1024,16,32,272.874
3114,1024,16,64,274.182
3114,1024,16,128,274.251
3114,1024,16,256,276.433
3114,1024,16,512,278.353
3114,1024,16,1024,282.412
3114,1024,16,2048,287.296
3114,1024,16,4096,297.825
3114,1024,16,8192,315.585
3114,1024,16,16384,352.162
3114,1024,16,32768,418.06
3114,1024,16,65536,558.582
3114,1024,32,16,273.218
3114,1024,32,32,273.66
3114,1024,32,64,276.165
3114,1024,32,128,277.547
3114,1024,32,256,280.173
3114,1024,32,512,282.796
3114,1024,32,1024,289.362
3114,1024,32,2048,297.69
3114,1024,32,4096,316.865
3114,1024,32,8192,352.059
3114,1024,32,16384,418.71
3114,1024,32,32768,560.674
3114,1024,32,65536,840.21
3114,1024,64,16,274.693
3114,1024,64,32,275.49
3114,1024,64,64,278.433
3114,1024,64,128,281.6
3114,1024,64,256,284.716
3114,1024,64,512,290.161
3114,1024,64,1024,300.525
3114,1024,64,2048,318.962
3114,1024,64,4096,354.348
3114,1024,64,8192,420.45
3114,1024,64,16384,560.136
3114,1024,64,32768,842.489
3114,1024,64,65536,1384.62
3114,1024,128,16,279.74
3114,1024,128,32,279.7
3114,1024,128,64,282.55
3114,1024,128,128,286.016
3114,1024,128,256,292.225
3114,1024,128,512,302.247
3114,1024,128,1024,319.5
3114,1024,128,2048,355.138
3114,1024,128,4096,423.042
3114,1024,128,8192,562.227
3114,1024,128,16384,842.375
3114,1024,128,32768,1385.84
3114,1024,128,65536,2459.88
3114,2048,0,0,315.622
3114,2048,1,16,338.122
3114,2048,1,32,338.034
3114,2048,1,64,339.111
3114,2048,1,128,339.216
3114,2048,1,256,338.689
3114,2048,1,512,339.329
3114,2048,1,1024,340.614
3114,2048,1,2048,341.243
3114,2048,1,4096,344.801
3114,2048,1,8192,346.892
3114,2048,1,16384,351.279
3114,2048,1,32768,357.579
3114,2048,1,65536,367.19
3114,2048,2,16,338.086
3114,2048,2,32,337.803
3114,2048,2,64,338.781
3114,2048,2,128,339.201
3114,2048,2,256,339.333
3114,2048,2,512,339.746
3114,2048,2,1024,341.008
3114,2048,2,2048,342.379
3114,2048,2,4096,345.649
3114,2048,2,8192,349.1
3114,2048,2,16384,356.24
3114,2048,2,32768,367.105
3114,2048,2,65536,384.076
3114,2048,4,16,338.251
3114,2048,4,32,337.984
3114,2048,4,64,338.268
3114,2048,4,128,338.94
3114,2048,4,256,339.196
3114,2048,4,512,339.178
3114,2048,4,1024,341.713
3114,2048,4,2048,343.831
3114,2048,4,4096,346.528
3114,2048,4,8192,355.457
3114,2048,4,16384,363.319
3114,2048,4,32768,382.38
3114,2048,4,65536,414.048
3114,2048,8,16,338.125
3114,2048,8,32,337.457
3114,2048,8,64,339.772
3114,2048,8,128,339.707
3114,2048,8,256,340.177
3114,2048,8,512,342.252
3114,2048,8,1024,343.808
3114,2048,8,2048,346.38
3114,2048,8,4096,353.729
3114,2048,8,8192,363.601
3114,2048,8,16384,382.487
3114,2048,8,32768,415.884
3114,2048,8,65536,482.593
3114,2048,16,16,339.409
3114,2048,16,32,338.743
3114,2048,16,64,340.945
3114,2048,16,128,341.031
3114,2048,16,256,342.229
3114,2048,16,512,344.146
3114,2048,16,1024,348.774
3114,2048,16,2048,354.023
3114,2048,16,4096,362.638
3114,2048,16,8192,381.051
3114,2048,16,16384,417.515
3114,2048,16,32768,481.847
3114,2048,16,65536,621.756
3114,2048,32,16,338.923
3114,2048,32,32,338.421
3114,2048,32,64,342.423
3114,2048,32,128,342.555
3114,2048,32,256,345.696
3114,2048,32,512,348.193
3114,2048,32,1024,354.438
3114,2048,32,2048,365.239
3114,2048,32,4096,380.954
3114,2048,32,8192,417.018
3114,2048,32,16384,485.848
3114,2048,32,32768,624.006
3114,2048,32,65536,901.362
3114,2048,64,16,341.291
3114,2048,64,32,340.614
3114,2048,64,64,343.404
3114,2048,64,128,346.731
3114,2048,64,256,349.724
3114,2048,64,512,355.691
3114,2048,64,1024,365.639
3114,2048,64,2048,385.409
3114,2048,64,4096,419.014
3114,2048,64,8192,486.252
3114,2048,64,16384,625.345
3114,2048,64,32768,904.845
3114,2048,64,65536,1445.32
3114,2048,128,16,345.687
3114,2048,128,32,344.994
3114,2048,128,64,347.431
3114,2048,128,128,351.414
3114,2048,128,256,357.099
3114,2048,128,512,367.366
3114,2048,128,1024,384.508
3114,2048,128,2048,419.131
3114,2048,128,4096,488.385
3114,2048,128,8192,627.847
3114,2048,128,16384,906.766
3114,2048,128,32768,1444.25
3114,2048,128,65536,2522.02
3114,4096,0,0,442.994
3114,4096,1,16,464.535
3114,4096,1,32,464.529
3114,4096,1,64,467.047
3114,4096,1,128,466.407
3114,4096,1,256,466.096
3114,4096,1,512,466.449
3114,4096,1,1024,466.791
3114,4096,1,2048,468.15
3114,4096,1,4096,471.169
3114,4096,1,8192,473.672
3114,4096,1,16384,478.034
3114,4096,1,32768,484.691
3114,4096,1,65536,493.435
3114,4096,2,16,465.212
3114,4096,2,32,464.833
3114,4096,2,64,465.183
3114,4096,2,128,464.824
3114,4096,2,256,465.403
3114,4096,2,512,466.023
3114,4096,2,1024,466.887
3114,4096,2,2048,469.018
3114,4096,2,4096,470.535
3114,4096,2,8192,473.991
3114,4096,2,16384,480.876
3114,4096,2,32768,491.235
3114,4096,2,65536,508.136
3114,4096,4,16,463.505
3114,4096,4,32,464.209
3114,4096,4,64,465.052
3114,4096,4,128,464.364
3114,4096,4,256,465.681
3114,4096,4,512,465.92
3114,4096,4,1024,466.204
3114,4096,4,2048,469.149
3114,4096,4,4096,474.434
3114,4096,4,8192,479.238
3114,4096,4,16384,488.343
3114,4096,4,32768,508.551
3114,4096,4,65536,539.548
3114,4096,8,16,464.855
3114,4096,8,32,464.448
3114,4096,8,64,465.175
3114,4096,8,128,464.79
3114,4096,8,256,465.752
3114,4096,8,512,467.377
3114,4096,8,1024,470.354
3114,4096,8,2048,473.27
3114,4096,8,4096,479.324
3114,4096,8,8192,488.599
3114,4096,8,16384,507.747
3114,4096,8,32768,540.914
3114,4096,8,65536,608.93
3114,4096,16,16,465.517
3114,4096,16,32,465.206
3114,4096,16,64,467.003
3114,4096,16,128,467.596
3114,4096,16,256,468.182
3114,4096,16,512,470.375
3114,4096,16,1024,474.027
3114,4096,16,2048,479.014
3114,4096,16,4096,489.339
3114,4096,16,8192,506.401
3114,4096,16,16384,542.472
3114,4096,16,32768,608.795
3114,4096,16,65536,741.804
3114,4096,32,16,465.798
3114,4096,32,32,466.589
3114,4096,32,64,468.891
3114,4096,32,128,469.994
3114,4096,32,256,471.654
3114,4096,32,512,475.691
3114,4096,32,1024,480.647
3114,4096,32,2048,490.342
3114,4096,32,4096,508.919
3114,4096,32,8192,542.188
3114,4096,32,16384,609.793
3114,4096,32,32768,746.274
3114,4096,32,65536,1013.75
3114,4096,64,16,467.302
3114,4096,64,32,467.159
3114,4096,64,64,470.253
3114,4096,64,128,473.581
3114,4096,64,256,477.782
3114,4096,64,512,483.431
3114,4096,64,1024,494.093
3114,4096,64,2048,510.023
3114,4096,64,4096,544.77
3114,4096,64,8192,612.69
3114,4096,64,16384,747.661
3114,4096,64,32768,1016.18
3114,4096,64,65536,1556.78
3114,4096,128,16,472.194
3114,4096,128,32,472.108
3114,4096,128,64,474.284
3114,4096,128,128,478.71
3114,4096,128,256,483.185
3114,4096,128,512,494.636
3114,4096,128,1024,511.254
3114,4096,128,2048,545.953
3114,4096,128,4096,613.538
3114,4096,128,8192,749.39
3114,4096,128,16384,1017.19
3114,4096,128,32768,1552.69
3114,4096,128,65536,2627.73
3114,8192,0,0,696.12
3114,8192,1,16,717.384
3114,8192,1,32,716.54
3114,8192,1,64,718.433
3114,8192,1,128,718.819
3114,8192,1,256,718.15
3114,8192,1,512,719.243
3114,8192,1,1024,720.039
3114,8192,1,2048,721.843
3114,8192,1,4096,723.612
3114,8192,1,8192,726.535
3114,8192,1,16384,731.367
3114,8192,1,32768,737.405
3114,8192,1,65536,746.097
3114,8192,2,16,718.359
3114,8192,2,32,716.856
3114,8192,2,64,718.449
3114,8192,2,128,721.198
3114,8192,2,256,718.977
3114,8192,2,512,721.122
3114,8192,2,1024,720.829
3114,8192,2,2048,722.641
3114,8192,2,4096,725.112
3114,8192,2,8192,728.082
3114,8192,2,16384,733.88
3114,8192,2,32768,745.062
3114,8192,2,65536,761.266
3114,8192,4,16,716.999
3114,8192,4,32,717.96
3114,8192,4,64,717.945
3114,8192,4,128,719.586
3114,8192,4,256,720.779
3114,8192,4,512,718.936
3114,8192,4,1024,720.142
3114,8192,4,2048,722.295
3114,8192,4,4096,725.465
3114,8192,4,8192,732.978
3114,8192,4,16384,742.119
3114,8192,4,32768,761.037
3114,8192,4,65536,790.381
3114,8192,8,16,717.959
3114,8192,8,32,717.378
3114,8192,8,64,718.871
3114,8192,8,128,720.013
3114,8192,8,256,719.309
3114,8192,8,512,721.623
3114,8192,8,1024,722.461
3114,8192,8,2048,726.886
3114,8192,8,4096,732.119
3114,8192,8,8192,741.032
3114,8192,8,16384,760.056
3114,8192,8,32768,794.483
3114,8192,8,65536,857.5
3114,8192,16,16,718.593
3114,8192,16,32,718.115
3114,8192,16,64,719.805
3114,8192,16,128,720.793
3114,8192,16,256,721.16
3114,8192,16,512,723.729
3114,8192,16,1024,726.86
3114,8192,16,2048,732.097
3114,8192,16,4096,742.642
3114,8192,16,8192,760.386
3114,8192,16,16384,795.031
3114,8192,16,32768,860.856
3114,8192,16,65536,993.79
3114,8192,32,16,718.514
3114,8192,32,32,718.897
3114,8192,32,64,722.178
3114,8192,32,128,722.764
3114,8192,32,256,725.25
3114,8192,32,512,728.622
3114,8192,32,1024,733.922
3114,8192,32,2048,743.739
3114,8192,32,4096,762.041
3114,8192,32,8192,795.927
3114,8192,32,16384,861.858
3114,8192,32,32768,999.367
3114,8192,32,65536,1263.1
3114,8192,64,16,719.986
3114,8192,64,32,720.119
3114,8192,64,64,723.427
3114,8192,64,128,725.932
3114,8192,64,256,729.97
3114,8192,64,512,735.283
3114,8192,64,1024,745.581
3114,8192,64,2048,762.69
3114,8192,64,4096,798.253
3114,8192,64,8192,865.986
3114,8192,64,16384,997.442
3114,8192,64,32768,1268.6
3114,8192,64,65536,1805.83
3114,8192,128,16,724.711
3114,8192,128,32,725.117
3114,8192,128,64,729.16
3114,8192,128,128,729.852
3114,8192,128,256,735.425
3114,8192,128,512,747.015
3114,8192,128,1024,763.41
3114,8192,128,2048,800.054
3114,8192,128,4096,867.906
3114,8192,128,8192,1000
3114,8192,128,16384,1268.1
3114,8192,128,32768,1805.51
3114,8192,128,65536,2874.9
3114,16384,0,0,1191.22
3114,16384,1,16,1212.47
3114,16384,1,32,1211.41
3114,16384,1,64,1213.4
3114,16384,1,128,1215.07
3114,16384,1,256,1213.24
3114,16384,1,512,1214.1
3114,16384,1,1024,1217.59
3114,16384,1,2048,1216.81
3114,16384,1,4096,1219.09
3114,16384,1,8192,1221.96
3114,16384,1,16384,1226.93
3114,16384,1,32768,1233.18
3114,16384,1,65536,1238.78
3114,16384,2,16,1212.62
3114,16384,2,32,1211.47
3114,16384,2,64,1214.73
3114,16384,2,128,1213.98
3114,16384,2,256,1213.77
3114,16384,2,512,1213.29
3114,16384,2,1024,1215.9
3114,16384,2,2048,1218.24
3114,16384,2,4096,1221.82
3114,16384,2,8192,1221.44
3114,16384,2,16384,1229.46
3114,16384,2,32768,1240.92
3114,16384,2,65536,1253.44
3114,16384,4,16,1212.41
3114,16384,4,32,1211.71
3114,16384,4,64,1212.63
3114,16384,4,128,1213.74
3114,16384,4,256,1212.01
3114,16384,4,512,1215.69
3114,16384,4,1024,1216.89
3114,16384,4,2048,1218.41
3114,16384,4,4096,1220.74
3114,16384,4,8192,1230.31
3114,16384,4,16384,1237.34
3114,16384,4,32768,1255.91
3114,16384,4,65536,1285.52
3114,16384,8,16,1212.72
3114,16384,8,32,1214.5
3114,16384,8,64,1214.04
3114,16384,8,128,1214.4
3114,16384,8,256,1214.23
3114,16384,8,512,1215.67
3114,16384,8,1024,1218.44
3114,16384,8,2048,1221.56
3114,16384,8,4096,1226.72
3114,16384,8,8192,1238.08
3114,16384,8,16384,1257.29
3114,16384,8,32768,1289.94
3114,16384,8,65536,1353.35
3114,16384,16,16,1213.04
3114,16384,16,32,1215.07
3114,16384,16,64,1214.07
3114,16384,16,128,1216.12
3114,16384,16,256,1216.65
3114,16384,16,512,1218.02
3114,16384,16,1024,1221.99
3114,16384,16,2048,1228.36
3114,16384,16,4096,1239.3
3114,16384,16,8192,1258.05
3114,16384,16,16384,1289.59
3114,16384,16,32768,1360.21
3114,16384,16,65536,1486.58
3114,16384,32,16,1214.3
3114,16384,32,32,1214.78
3114,16384,32,64,1218.55
3114,16384,32,128,1220.4
3114,16384,32,256,1219.75
3114,16384,32,512,1224.08
3114,16384,32,1024,1229.89
3114,16384,32,2048,1239.55
3114,16384,32,4096,1256.06
3114,16384,32,8192,1291.14
3114,16384,32,16384,1358.64
3114,16384,32,32768,1494.07
3114,16384,32,65536,1759.95
3114,16384,64,16,1217.82
3114,16384,64,32,1217.04
3114,16384,64,64,1221.53
3114,16384,64,128,1222.71
3114,16384,64,256,1224.88
3114,16384,64,512,1231.82
3114,16384,64,1024,1240.56
3114,16384,64,2048,1259.31
3114,16384,64,4096,1297.15
3114,16384,64,8192,1362.54
3114,16384,64,16384,1495.85
3114,16384,64,32768,1762.4
3114,16384,64,65536,2296.43
3114,16384,128,16,1219.61
3114,16384,128,32,1219.86
3114,16384,128,64,1223.46
3114,16384,128,128,1225.09
3114,16384,128,256,1231.89
3114,16384,128,512,1241.11
3114,16384,128,1024,1260.15
3114,16384,128,2048,1293.15
3114,16384,128,4096,1360.87
3114,16384,128,8192,1497.17
3114,16384,128,16384,1765.17
3114,16384,128,32768,2303.02
3114,16384,128,65536,3373.82
3114,32768,0,0,2180.11
3114,32768,1,16,2202.74
3114,32768,1,32,2205.98
3114,32768,1,64,2206.32
3114,32768,1,128,2205.14
3114,32768,1,256,2205.09
3114,32768,1,512,2208.52
3114,32768,1,1024,2208.36
3114,32768,1,2048,2207.88
3114,32768,1,4096,2210.47
3114,32768,1,8192,2215.31
3114,32768,1,16384,2216.67
3114,32768,1,32768,2224.56
3114,32768,1,65536,2228.76
3114,32768,2,16,2207.65
3114,32768,2,32,2204.93
3114,32768,2,64,2207.19
3114,32768,2,128,2206.27
3114,32768,2,256,2210.03
3114,32768,2,512,2209.65
3114,32768,2,1024,2204.31
3114,32768,2,2048,2208.3
3114,32768,2,4096,2212.58
3114,32768,2,8192,2212.67
3114,32768,2,16384,2217.02
3114,32768,2,32768,2217.1
3114,32768,2,65536,2241.41
3114,32768,4,16,2190.97
3114,32768,4,32,2190.24
3114,32768,4,64,2190.91
3114,32768,4,128,2191.93
3114,32768,4,256,2190.26
3114,32768,4,512,2190.41
3114,32768,4,1024,2192.81
3114,32768,4,2048,2193.05
3114,32768,4,4096,2200.14
3114,32768,4,8192,2205.05
3114,32768,4,16384,2213.99
3114,32768,4,32768,2236.47
3114,32768,4,65536,2270.3
3114,32768,8,16,2189.76
3114,32768,8,32,2190.79
3114,32768,8,64,2191.53
3114,32768,8,128,2191.35
3114,32768,8,256,2194.01
3114,32768,8,512,2194.34
3114,32768,8,1024,2195.48
3114,32768,8,2048,2200.17
3114,32768,8,4096,2204.53
3114,32768,8,8192,2214.58
3114,32768,8,16384,2230.26
3114,32768,8,32768,2268.17
3114,32768,8,65536,2335.61
3114,32768,16,16,2190.24
3114,32768,16,32,2191.37
3114,32768,16,64,2190.89
3114,32768,16,128,2195.18
3114,32768,16,256,2196.38
3114,32768,16,512,2196.5
3114,32768,16,1024,2199.36
3114,32768,16,2048,2202.93
3114,32768,16,4096,2213.49
3114,32768,16,8192,2232.52
3114,32768,16,16384,2269.61
3114,32768,16,32768,2336.88
3114,32768,16,65536,2471.76
3114,32768,32,16,2189.91
3114,32768,32,32,2188.42
3114,32768,32,64,2192.33
3114,32768,32,128,2195.37
3114,32768,32,256,2196.65
3114,32768,32,512,2200.37
3114,32768,32,1024,2207
3114,32768,32,2048,2215.04
3114,32768,32,4096,2231.74
3114,32768,32,8192,2266.97
3114,32768,32,16384,2339.06
3114,32768,32,32768,2471.92
3114,32768,32,65536,2746.09
3114,32768,64,16,2193.01
3114,32768,64,32,2195.95
3114,32768,64,64,2196.12
3114,32768,64,128,2200.83
3114,32768,64,256,2204.23
3114,32768,64,512,2210.27
3114,32768,64,1024,2215.75
3114,32768,64,2048,2236.12
3114,32768,64,4096,2270.23
3114,32768,64,8192,2341.55
3114,32768,64,16384,2470.91
3114,32768,64,32768,2742.38
3114,32768,64,65536,3281.19
3114,32768,128,16,2196.19
3114,32768,128,32,2197.31
3114,32768,128,64,2203.02
3114,32768,128,128,2205.26
3114,32768,128,256,2211.15
3114,32768,128,512,2219.44
3114,32768,128,1024,2237.16
3114,32768,128,2048,2269.06
3114,32768,128,4096,2340.66
3114,32768,128,8192,2479.23
3114,32768,128,16384,2745.84
3114,32768,128,32768,3283.23
3114,32768,128,65536,4352.7
3114,65536,0,0,4148.68
3114,65536,1,16,4171.05
3114,65536,1,32,4172.07
3114,65536,1,64,4170.92
3114,65536,1,128,4171.42
3114,65536,1,256,4176.42
3114,65536,1,512,4174.69
3114,65536,1,1024,4174.18
3114,65536,1,2048,4177.48
3114,65536,1,4096,4183.21
3114,65536,1,8192,4181.66
3114,65536,1,16384,4182.04
3114,65536,1,32768,4189.26
3114,65536,1,65536,4201.81
3114,65536,2,16,4170.43
3114,65536,2,32,4173.35
3114,65536,2,64,4170.61
3114,65536,2,128,4169.89
3114,65536,2,256,4172.51
3114,65536,2,512,4176
3114,65536,2,1024,4172.45
3114,65536,2,2048,4175.14
3114,65536,2,4096,4177.51
3114,65536,2,8192,4181.89
3114,65536,2,16384,4193.79
3114,65536,2,32768,4195.69
3114,65536,2,65536,4213.6
3114,65536,4,16,4169.84
3114,65536,4,32,4172.04
3114,65536,4,64,4170.55
3114,65536,4,128,4178.74
3114,65536,4,256,4175.39
3114,65536,4,512,4174
3114,65536,4,1024,4170.75
3114,65536,4,2048,4176.46
3114,65536,4,4096,4179.03
3114,65536,4,8192,4185.56
3114,65536,4,16384,4199.14
3114,65536,4,32768,4213.89
3114,65536,4,65536,4248
3114,65536,8,16,4174.58
3114,65536,8,32,4171.26
3114,65536,8,64,4172.62
3114,65536,8,128,4170.42
3114,65536,8,256,4180.45
3114,65536,8,512,4173.45
3114,65536,8,1024,4175.16
3114,65536,8,2048,4177.71
3114,65536,8,4096,4183.01
3114,65536,8,8192,4195.37
3114,65536,8,16384,4207.56
3114,65536,8,32768,4245.47
3114,65536,8,65536,4312.93
3114,65536,16,16,4170.32
3114,65536,16,32,4177.07
3114,65536,16,64,4171.99
3114,65536,16,128,4174.65
3114,65536,16,256,4171.81
3114,65536,16,512,4175.64
3114,65536,16,1024,4175.87
3114,65536,16,2048,4186.13
3114,65536,16,4096,4193.74
3114,65536,16,8192,4208.25
3114,65536,16,16384,4253.23
3114,65536,16,32768,4314.22
3114,65536,16,65536,4453.66
3114,65536,32,16,4173.58
3114,65536,32,32,4173.02
3114,65536,32,64,4174.1
3114,65536,32,128,4174.56
3114,65536,32,256,4175.46
3114,65536,32,512,4183.65
3114,65536,32,1024,4185.32
3114,65536,32,2048,4192.53
3114,65536,32,4096,4208.78
3114,65536,32,8192,4242.85
3114,65536,32,16384,4315.38
3114,65536,32,32768,4447.77
3114,65536,32,65536,4723.02
3114,65536,64,16,4173.96
3114,65536,64,32,4172.36
3114,65536,64,64,4176.29
3114,65536,64,128,4176.35
3114,65536,64,256,4183.98
3114,65536,64,512,4185.59
3114,65536,64,1024,4199.69
3114,65536,64,2048,4216.04
3114,65536,64,4096,4247.65
3114,65536,64,8192,4317.05
3114,65536,64,16384,4448.22
3114,65536,64,32768,4723.53
3114,65536,64,65536,5256.19
3114,65536,128,16,4179.12
3114,65536,128,32,4177.9
3114,65536,128,64,4181.29
3114,65536,128,128,4185.02
3114,65536,128,256,4186.65
3114,65536,128,512,4200.09
3114,65536,128,1024,4215.05
3114,65536,128,2048,4250.3
3114,65536,128,4096,4320.05
3114,65536,128,8192,4454.68
3114,65536,128,16384,4723.46
3114,65536,128,32768,5261.93
3114,65536,128,65536,6329.65
4096,0,0,0,202.406
4096,0,1,16,222.661
4096,0,1,32,222.635
4096,0,1,64,224.396
4096,0,1,128,224.155
4096,0,1,256,225.234
4096,0,1,512,224.64
4096,0,1,1024,225.206
4096,0,1,2048,226.96
4096,0,1,4096,229.216
4096,0,1,8192,233.008
4096,0,1,16384,236.987
4096,0,1,32768,245.067
4096,0,1,65536,255.04
4096,0,2,16,224.726
4096,0,2,32,223.382
4096,0,2,64,225.76
4096,0,2,128,225.643
4096,0,2,256,225.217
4096,0,2,512,226.043
4096,0,2,1024,226.182
4096,0,2,2048,227.991
4096,0,2,4096,230.827
4096,0,2,8192,235.457
4096,0,2,16384,241.153
4096,0,2,32768,252.918
4096,0,2,65536,271.388
4096,0,4,16,223.42
4096,0,4,32,223.227
4096,0,4,64,223.622
4096,0,4,128,224.005
4096,0,4,256,223.953
4096,0,4,512,224.715
4096,0,4,1024,225.285
4096,0,4,2048,229.274
4096,0,4,4096,232.923
4096,0,4,8192,240.444
4096,0,4,16384,249.196
4096,0,4,32768,269.58
4096,0,4,65536,302.412
4096,0,8,16,222.699
4096,0,8,32,223.34
4096,0,8,64,225.403
4096,0,8,128,224.155
4096,0,8,256,224.246
4096,0,8,512,226.006
4096,0,8,1024,230.151
4096,0,8,2048,233.372
4096,0,8,4096,239.275
4096,0,8,8192,250.513
4096,0,8,16384,268.235
4096,0,8,32768,303.136
4096,0,8,65536,369.394
4096,0,16,16,224.198
4096,0,16,32,223.138
4096,0,16,64,224.843
4096,0,16,128,226.977
4096,0,16,256,227.365
4096,0,16,512,229.905
4096,0,16,1024,232.876
4096,0,16,2048,239.541
4096,0,16,4096,249.952
4096,0,16,8192,268.683
4096,0,16,16384,304.62
4096,0,16,32768,369.516
4096,0,16,65536,505.361
4096,0,32,16,224.7
4096,0,32,32,224.629
4096,0,32,64,227.472
4096,0,32,128,228.954
4096,0,32,256,231.356
4096,0,32,512,234.992
4096,0,32,1024,239.969
4096,0,32,2048,251.125
4096,0,32,4096,268.934
4096,0,32,8192,304.498
4096,0,32,16384,370.887
4096,0,32,32768,506.05
4096,0,32,65536,775.831
4096,0,64,16,226.704
4096,0,64,32,227.435
4096,0,64,64,229.627
4096,0,64,128,233.734
4096,0,64,256,236.085
4096,0,64,512,241.589
4096,0,64,1024,252.79
4096,0,64,2048,271.276
4096,0,64,4096,306.56
4096,0,64,8192,372.801
4096,0,64,16384,506.737
4096,0,64,32768,778.765
4096,0,64,65536,1317.54
4096,0,128,16,230.032
4096,0,128,32,230.757
4096,0,128,64,233.388
4096,0,128,128,236.011
4096,0,128,256,242.554
4096,0,128,512,253.217
4096,0,128,1024,271.926
4096,0,128,2048,306.38
4096,0,128,4096,373.442
4096,0,128,8192,509.34
4096,0,128,16384,777.522
4096,0,128,32768,1314.14
4096,0,128,65536,2388.6
4096,16,0,0,245.698
4096,16,1,16,267.131
4096,16,1,32,266.459
4096,16,1,64,267.658
4096,16,1,128,269.014
4096,16,1,256,269.276
4096,16,1,512,268.678
4096,16,1,1024,269.44
4096,16,1,2048,272.001
4096,16,1,4096,273.724
4096,16,1,8192,277.776
4096,16,1,16384,280.651
4096,16,1,32768,288.34
4096,16,1,65536,297.789
4096,16,2,16,266.875
4096,16,2,32,267.984
4096,16,2,64,269.499
4096,16,2,128,269.035
4096,16,2,256,268.401
4096,16,2,512,269.472
4096,16,2,1024,270.322
4096,16,2,2048,273.104
4096,16,2,4096,274.359
4096,16,2,8192,276.962
4096,16,2,16384,284.475
4096,16,2,32768,295.35
4096,16,2,65536,312.219
4096,16,4,16,268.245
4096,16,4,32,268.417
4096,16,4,64,267.873
4096,16,4,128,267.666
4096,16,4,256,267.872
4096,16,4,512,269.356
4096,16,4,1024,271.575
4096,16,4,2048,273.596
4096,16,4,4096,276.085
4096,16,4,8192,283.005
4096,16,4,16384,291.889
4096,16,4,32768,313.344
4096,16,4,65536,344.983
4096,16,8,16,267.76
4096,16,8,32,267.714
4096,16,8,64,269.318
4096,16,8,128,268.166
4096,16,8,256,269.739
4096,16,8,512,270.384
4096,16,8,1024,271.76
4096,16,8,2048,275.409
4096,16,8,4096,282.47
4096,16,8,8192,291.499
4096,16,8,16384,311.259
4096,16,8,32768,345.868
4096,16,8,65536,410.866
4096,16,16,16,267.589
4096,16,16,32,266.774
4096,16,16,64,269.125
4096,16,16,128,269.579
4096,16,16,256,271.111
4096,16,16,512,272.465
4096,16,16,1024,275.756
4096,16,16,2048,281.824
4096,16,16,4096,293.031
4096,16,16,8192,309.04
4096,16,16,16384,346.32
4096,16,16,32768,411.995
4096,16,16,65536,547.691
4096,16,32,16,267.291
4096,16,32,32,268.269
4096,16,32,64,270.578
4096,16,32,128,273.196
4096,16,32,256,273.995
4096,16,32,512,276.822
4096,16,32,1024,282.966
4096,16,32,2048,292.305
4096,16,32,4096,311.248
4096,16,32,8192,345.403
4096,16,32,16384,415.014
4096,16,32,32768,548.353
4096,16,32,65536,818.866
4096,16,64,16,269.521
4096,16,64,32,270.278
4096,16,64,64,272.731
4096,16,64,128,276.066
4096,16,64,256,280.39
4096,16,64,512,284.652
4096,16,64,1024,295.078
4096,16,64,2048,312.902
4096,16,64,4096,348.417
4096,16,64,8192,414.362
4096,16,64,16384,548.999
4096,16,64,32768,821.139
4096,16,64,65536,1361.1
4096,16,128,16,273.521
4096,16,128,32,273.915
4096,16,128,64,277.488
4096,16,128,128,278.582
4096,16,128,256,285.302
4096,16,128,512,296.576
4096,16,128,1024,314.358
4096,16,128,2048,347.28
4096,16,128,4096,414.86
4096,16,128,8192,551.42
4096,16,128,16384,821.643
4096,16,128,32768,1358.21
4096,16,128,65536,2432.42
4096,32,0,0,246.384
4096,32,1,16,267.75
4096,32,1,32,267.766
4096,32,1,64,268.133
4096,32,1,128,270.176
4096,32,1,256,268.039
4096,32,1,512,268.545
4096,32,1,1024,270.369
4096,32,1,2048,270.795
4096,32,1,4096,272.944
4096,32,1,8192,276.955
4096,32,1,16384,280.864
4096,32,1,32768,287.618
4096,32,1,65536,297.025
4096,32,2,16,267.355
4096,32,2,32,267.629
4096,32,2,64,267.814
4096,32,2,128,267.841
4096,32,2,256,268.753
4096,32,2,512,268.253
4096,32,2,1024,268.92
4096,32,2,2048,271.831
4096,32,2,4096,273.558
4096,32,2,8192,276.448
4096,32,2,16384,283.935
4096,32,2,32768,294.129
4096,32,2,65536,311.739
4096,32,4,16,267.634
4096,32,4,32,268.347
4096,32,4,64,268.538
4096,32,4,128,267.391
4096,32,4,256,268.913
4096,32,4,512,269.709
4096,32,4,1024,271.3
4096,32,4,2048,272.55
4096,32,4,4096,275.271
4096,32,4,8192,282.411
4096,32,4,16384,292.113
4096,32,4,32768,312.032
4096,32,4,65536,345.564
4096,32,8,16,268.539
4096,32,8,32,265.824
4096,32,8,64,268.439
4096,32,8,128,268.614
4096,32,8,256,268.673
4096,32,8,512,270.311
4096,32,8,1024,272.63
4096,32,8,2048,275.643
4096,32,8,4096,282.128
4096,32,8,8192,291.456
4096,32,8,16384,310
4096,32,8,32768,345.835
4096,32,8,65536,412.454
4096,32,16,16,267.12
4096,32,16,32,267.388
4096,32,16,64,267.404
4096,32,16,128,268.847
4096,32,16,256,272.455
4096,32,16,512,271.83
4096,32,16,1024,275.82
4096,32,16,2048,281.445
4096,32,16,4096,292.146
4096,32,16,8192,309.211
4096,32,16,16384,345.17
4096,32,16,32768,411.841
4096,32,16,65536,547.309
4096,32,32,16,266.88
4096,32,32,32,267.388
4096,32,32,64,270.747
4096,32,32,128,271.007
4096,32,32,256,274.961
4096,32,32,512,277.147
4096,32,32,1024,282.711
4096,32,32,2048,292.71
4096,32,32,4096,310.838
4096,32,32,8192,346.427
4096,32,32,16384,412.156
4096,32,32,32768,547.927
4096,32,32,65536,819.932
4096,32,64,16,270.251
4096,32,64,32,270.117
4096,32,64,64,272.087
4096,32,64,128,275.375
4096,32,64,256,278.97
4096,32,64,512,284.785
4096,32,64,1024,294.64
4096,32,64,2048,312.449
4096,32,64,4096,347.579
4096,32,64,8192,414.982
4096,32,64,16384,549.047
4096,32,64,32768,820.897
4096,32,64,65536,1358.84
4096,32,128,16,273.345
4096,32,128,32,273.836
4096,32,128,64,276.284
4096,32,128,128,278.658
4096,32,128,256,284.331
4096,32,128,512,295.659
4096,32,128,1024,313.851
4096,32,128,2048,347.836
4096,32,128,4096,414.199
4096,32,128,8192,551.259
4096,32,128,16384,820.193
4096,32,128,32768,1356.59
4096,32,128,65536,2429.98
4096,64,0,0,245.467
4096,64,1,16,269.142
4096,64,1,32,267.164
4096,64,1,64,267.787
4096,64,1,128,269.046
4096,64,1,256,268.006
4096,64,1,512,268.889
4096,64,1,1024,269.105
4096,64,1,2048,271.889
4096,64,1,4096,274.252
4096,64,1,8192,276.629
4096,64,1,16384,280.885
4096,64,1,32768,287.111
4096,64,1,65536,298.646
4096,64,2,16,267.632
4096,64,2,32,267.863
4096,64,2,64,268.124
4096,64,2,128,268.714
4096,64,2,256,268.849
4096,64,2,512,269.734
4096,64,2,1024,269.569
4096,64,2,2048,272.279
4096,64,2,4096,274.651
4096,64,2,8192,277.003
4096,64,2,16384,283.712
4096,64,2,32768,294.219
4096,64,2,65536,313.879
4096,64,4,16,267.328
4096,64,4,32,268.97
4096,64,4,64,267.889
4096,64,4,128,269.276
4096,64,4,256,269.265
4096,64,4,512,268.768
4096,64,4,1024,271.396
4096,64,4,2048,272.679
4096,64,4,4096,274.396
4096,64,4,8192,282.458
4096,64,4,16384,293.568
4096,64,4,32768,313.18
4096,64,4,65536,344.753
4096,64,8,16,268.023
4096,64,8,32,267.89
4096,64,8,64,267.841
4096,64,8,128,268.079
4096,64,8,256,267.45
4096,64,8,512,271.917
4096,64,8,1024,273.009
4096,64,8,2048,275.205
4096,64,8,4096,281.963
4096,64,8,8192,292.283
4096,64,8,16384,310.779
4096,64,8,32768,344.982
4096,64,8,65536,412.466
4096,64,16,16,266.304
4096,64,16,32,267.594
4096,64,16,64,268.587
4096,64,16,128,269.344
4096,64,16,256,270.133
4096,64,16,512,273.717
4096,64,16,1024,276
4096,64,16,2048,282.06
4096,64,16,4096,293.802
4096,64,16,8192,309.324
4096,64,16,16384,346.058
4096,64,16,32768,412.81
4096,64,16,65536,545.905
4096,64,32,16,268.347
4096,64,32,32,269.493
4096,64,32,64,271.109
4096,64,32,128,272.661
4096,64,32,256,275.095
4096,64,32,512,277.663
4096,64,32,1024,283.573
4096,64,32,2048,294.94
4096,64,32,4096,312.012
4096,64,32,8192,348.336
4096,64,32,16384,414.24
4096,64,32,32768,550.189
4096,64,32,65536,817.879
4096,64,64,16,270.375
4096,64,64,32,271.057
4096,64,64,64,272.661
4096,64,64,128,276.784
4096,64,64,256,280.63
4096,64,64,512,285.705
4096,64,64,1024,295.644
4096,64,64,2048,314.186
4096,64,64,4096,349.014
4096,64,64,8192,416.56
4096,64,64,16384,551.351
4096,64,64,32768,822.103
4096,64,64,65536,1358.35
4096,64,128,16,274.566
4096,64,128,32,274.491
4096,64,128,64,277.677
4096,64,128,128,279.414
4096,64,128,256,285.43
4096,64,128,512,297.009
4096,64,128,1024,314.518
4096,64,128,2048,348.837
4096,64,128,4096,416.14
4096,64,128,8192,552.231
4096,64,128,16384,821.574
4096,64,128,32768,1358.62
4096,64,128,65536,2432.02
4096,128,0,0,246.587
4096,128,1,16,267.894
4096,128,1,32,269.612
4096,128,1,64,269.782
4096,128,1,128,269.7
4096,128,1,256,269.681
4096,128,1,512,271.488
4096,128,1,1024,270.304
4096,128,1,2048,272.192
4096,128,1,4096,274.747
4096,128,1,8192,279.608
4096,128,1,16384,282.923
4096,128,1,32768,288.8
4096,128,1,65536,297.072
4096,128,2,16,268.993
4096,128,2,32,270.181
4096,128,2,64,269.873
4096,128,2,128,270.528
4096,128,2,256,269.898
4096,128,2,512,270.807
4096,128,2,1024,271.136
4096,128,2,2048,273.175
4096,128,2,4096,275.676
4096,128,2,8192,278.465
4096,128,2,16384,285.713
4096,128,2,32768,296.609
4096,128,2,65536,312.812
4096,128,4,16,270.22
4096,128,4,32,270.053
4096,128,4,64,270.208
4096,128,4,128,270.417
4096,128,4,256,269.799
4096,128,4,512,272.182
4096,128,4,1024,272.875
4096,128,4,2048,273.25
4096,128,4,4096,276.94
4096,128,4,8192,283.12
4096,128,4,16384,293.74
4096,128,4,32768,312.982
4096,128,4,65536,345.201
4096,128,8,16,268.506
4096,128,8,32,268.123
4096,128,8,64,269.219
4096,128,8,128,269.595
4096,128,8,256,270.518
4096,128,8,512,271.269
4096,128,8,1024,273.494
4096,128,8,2048,277.233
4096,128,8,4096,283.531
4096,128,8,8192,295.291
4096,128,8,16384,312.102
4096,128,8,32768,347.02
4096,128,8,65536,412.268
4096,128,16,16,268.492
4096,128,16,32,268.742
4096,128,16,64,269.633
4096,128,16,128,270.444
4096,128,16,256,271.659
4096,128,16,512,274.431
4096,128,16,1024,277.374
4096,128,16,2048,282.917
4096,128,16,4096,293.334
4096,128,16,8192,310.945
4096,128,16,16384,346.539
4096,128,16,32768,413.857
4096,128,16,65536,547.521
4096,128,32,16,268.988
4096,128,32,32,269.74
4096,128,32,64,272.187
4096,128,32,128,272.54
4096,128,32,256,276.242
4096,128,32,512,278.956
4096,128,32,1024,284.268
4096,128,32,2048,294.979
4096,128,32,4096,312.539
4096,128,32,8192,347.297
4096,128,32,16384,414.7
4096,128,32,32768,549.297
4096,128,32,65536,820.131
4096,128,64,16,271.392
4096,128,64,32,270.559
4096,128,64,64,274.075
4096,128,64,128,277.281
4096,128,64,256,280.502
4096,128,64,512,286.166
4096,128,64,1024,295.9
4096,128,64,2048,315.366
4096,128,64,4096,349.377
4096,128,64,8192,416.439
4096,128,64,16384,550.323
4096,128,64,32768,823.746
4096,128,64,65536,1362.23
4096,128,128,16,274.816
4096,128,128,32,275.287
4096,128,128,64,278.845
4096,128,128,128,280.565
4096,128,128,256,285.803
4096,128,128,512,297.154
4096,128,128,1024,315.238
4096,128,128,2048,349.937
4096,128,128,4096,417.014
4096,128,128,8192,552.673
4096,128,128,16384,823.899
4096,128,128,32768,1361.32
4096,128,128,65536,2436.67
4096,256,0,0,256.555
4096,256,1,16,278.428
4096,256,1,32,278.586
4096,256,1,64,279.901
4096,256,1,128,280.711
4096,256,1,256,278.902
4096,256,1,512,280.364
4096,256,1,1024,281.309
4096,256,1,2048,282.262
4096,256,1,4096,285.057
4096,256,1,8192,288.577
4096,256,1,16384,292.149
4096,256,1,32768,299.622
4096,256,1,65536,307.605
4096,256,2,16,278.55
4096,256,2,32,278.325
4096,256,2,64,279.452
4096,256,2,128,278.928
4096,256,2,256,280.577
4096,256,2,512,280.93
4096,256,2,1024,280.359
4096,256,2,2048,283.1
4096,256,2,4096,286.7
4096,256,2,8192,288.294
4096,256,2,16384,295.509
4096,256,2,32768,305.884
4096,256,2,65536,323.19
4096,256,4,16,279.615
4096,256,4,32,279.909
4096,256,4,64,280.055
4096,256,4,128,280.166
4096,256,4,256,280.859
4096,256,4,512,280.811
4096,256,4,1024,281.9
4096,256,4,2048,284.71
4096,256,4,4096,286.865
4096,256,4,8192,294.619
4096,256,4,16384,304.177
4096,256,4,32768,323.147
4096,256,4,65536,354.993
4096,256,8,16,278.167
4096,256,8,32,279.964
4096,256,8,64,280.235
4096,256,8,128,278.593
4096,256,8,256,280.284
4096,256,8,512,281.44
4096,256,8,1024,283.42
4096,256,8,2048,287.025
4096,256,8,4096,293.734
4096,256,8,8192,304.176
4096,256,8,16384,322.289
4096,256,8,32768,357.349
4096,256,8,65536,421.996
4096,256,16,16,277.979
4096,256,16,32,277.973
4096,256,16,64,279.537
4096,256,16,128,280.913
4096,256,16,256,282.096
4096,256,16,512,283.928
4096,256,16,1024,287.362
4096,256,16,2048,292.933
4096,256,16,4096,304.108
4096,256,16,8192,321.212
4096,256,16,16384,356.746
4096,256,16,32768,422.694
4096,256,16,65536,556.322
4096,256,32,16,278.64
4096,256,32,32,278.769
4096,256,32,64,282.609
4096,256,32,128,283.121
4096,256,32,256,286.049
4096,256,32,512,288.768
4096,256,32,1024,294.45
4096,256,32,2048,305.734
4096,256,32,4096,322.279
4096,256,32,8192,357.467
4096,256,32,16384,424.924
4096,256,32,32768,560.147
4096,256,32,65536,834.199
4096,256,64,16,280.977
4096,256,64,32,281.564
4096,256,64,64,283.104
4096,256,64,128,286.429
4096,256,64,256,290.476
4096,256,64,512,295.558
4096,256,64,1024,307.382
4096,256,64,2048,324.631
4096,256,64,4096,359.777
4096,256,64,8192,426.924
4096,256,64,16384,561.804
4096,256,64,32768,837.901
4096,256,64,65536,1376.02
4096,256,128,16,284.065
4096,256,128,32,285.003
4096,256,128,64,287.815
4096,256,128,128,291.59
4096,256,128,256,296.577
4096,256,128,512,307.344
4096,256,128,1024,324.332
4096,256,128,2048,358.886
4096,256,128,4096,428.032
4096,256,128,8192,563.287
4096,256,128,16384,837.458
4096,256,128,32768,1376.53
4096,256,128,65536,2448.1
4096,512,0,0,273.466
4096,512,1,16,295.526
4096,512,1,32,293.505
4096,512,1,64,296.979
4096,512,1,128,294.832
4096,512,1,256,295.569
4096,512,1,512,296.95
4096,512,1,1024,298.374
4096,512,1,2048,298.443
4096,512,1,4096,301.041
4096,512,1,8192,304.33
4096,512,1,16384,308.122
4096,512,1,32768,313.959
4096,512,1,65536,323.735
4096,512,2,16,294.949
4096,512,2,32,294.067
4096,512,2,64,296.923
4096,512,2,128,295.798
4096,512,2,256,296.353
4096,512,2,512,296.721
4096,512,2,1024,297.293
4096,512,2,2048,299.693
4096,512,2,4096,302.027
4096,512,2,8192,305.015
4096,512,2,16384,311.803
4096,512,2,32768,322.786
4096,512,2,65536,339.244
4096,512,4,16,295.573
4096,512,4,32,293.632
4096,512,4,64,295.228
4096,512,4,128,296.667
4096,512,4,256,296.203
4096,512,4,512,296.417
4096,512,4,1024,299.49
4096,512,4,2048,300.87
4096,512,4,4096,303.12
4096,512,4,8192,310.375
4096,512,4,16384,320.326
4096,512,4,32768,339.045
4096,512,4,65536,370.983
4096,512,8,16,294.529
4096,512,8,32,295.53
4096,512,8,64,297.43
4096,512,8,128,296.448
4096,512,8,256,296.656
4096,512,8,512,297.019
4096,512,8,1024,300.028
4096,512,8,2048,304.065
4096,512,8,4096,308.934
4096,512,8,8192,320.124
4096,512,8,16384,338.066
4096,512,8,32768,373.627
4096,512,8,65536,437.227
4096,512,16,16,294.103
4096,512,16,32,294.918
4096,512,16,64,296.166
4096,512,16,128,296.465
4096,512,16,256,298.833
4096,512,16,512,301.546
4096,512,16,1024,304.241
4096,512,16,2048,309.702
4096,512,16,4096,318.987
4096,512,16,8192,337.207
4096,512,16,16384,373.866
4096,512,16,32768,438.646
4096,512,16,65536,574.274
4096,512,32,16,295.686
4096,512,32,32,296.151
4096,512,32,64,298.065
4096,512,32,128,299.765
4096,512,32,256,302.748
4096,512,32,512,305.008
4096,512,32,1024,310.667
4096,512,32,2048,320.251
4096,512,32,4096,338.592
4096,512,32,8192,373.781
4096,512,32,16384,441.419
4096,512,32,32768,576.438
4096,512,32,65536,853.496
4096,512,64,16,297.441
4096,512,64,32,297.515
4096,512,64,64,300.161
4096,512,64,128,303.27
4096,512,64,256,306.71
4096,512,64,512,312.566
4096,512,64,1024,322.149
4096,512,64,2048,340.844
4096,512,64,4096,375.105
4096,512,64,8192,441.634
4096,512,64,16384,576.848
4096,512,64,32768,856.621
4096,512,64,65536,1396.86
4096,512,128,16,300.705
4096,512,128,32,302.235
4096,512,128,64,303.824
4096,512,128,128,306.694
4096,512,128,256,312.325
4096,512,128,512,324.005
4096,512,128,1024,340.683
4096,512,128,2048,375.803
4096,512,128,4096,443.312
4096,512,128,8192,578.833
4096,512,128,16384,857.549
4096,512,128,32768,1398
4096,512,128,65536,2471.11
4096,1024,0,0,306.347
4096,1024,1,16,326.385
4096,1024,1,32,326.239
4096,1024,1,64,328.295
4096,1024,1,128,327.472
4096,1024,1,256,326.198
4096,1024,1,512,327.254
4096,1024,1,1024,330.257
4096,1024,1,2048,331.33
4096,1024,1,4096,334.156
4096,1024,1,8192,336.397
4096,1024,1,16384,339.584
4096,1024,1,32768,347.397
4096,1024,1,65536,355.392
4096,1024,2,16,325.74
4096,1024,2,32,326.471
4096,1024,2,64,328.011
4096,1024,2,128,327.707
4096,1024,2,256,327.104
4096,1024,2,512,328.716
4096,1024,2,1024,330.07
4096,1024,2,2048,330.469
4096,1024,2,4096,333.457
4096,1024,2,8192,336.758
4096,1024,2,16384,342.954
4096,1024,2,32768,354.733
4096,1024,2,65536,371.538
4096,1024,4,16,327.463
4096,1024,4,32,326.667
4096,1024,4,64,327.645
4096,1024,4,128,327.707
4096,1024,4,256,327.014
4096,1024,4,512,329.19
4096,1024,4,1024,329.009
4096,1024,4,2048,331.841
4096,1024,4,4096,335.505
4096,1024,4,8192,342.924
4096,1024,4,16384,353.099
4096,1024,4,32768,371.003
4096,1024,4,65536,403.168
4096,1024,8,16,325.952
4096,1024,8,32,326.747
4096,1024,8,64,326.176
4096,1024,8,128,326.214
4096,1024,8,256,327.286
4096,1024,8,512,329.713
4096,1024,8,1024,332.576
4096,1024,8,2048,334.625
4096,1024,8,4096,341.19
4096,1024,8,8192,351.621
4096,1024,8,16384,369.941
4096,1024,8,32768,405.068
4096,1024,8,65536,470.283
4096,1024,16,16,326.95
4096,1024,16,32,327.249
4096,1024,16,64,328.118
4096,1024,16,128,328.609
4096,1024,16,256,330.406
4096,1024,16,512,332.331
4096,1024,16,1024,337.04
4096,1024,16,2048,340.934
4096,1024,16,4096,351.104
4096,1024,16,8192,369.835
4096,1024,16,16384,405.792
4096,1024,16,32768,471.607
4096,1024,16,65536,610.172
4096,1024,32,16,327.042
4096,1024,32,32,327.341
4096,1024,32,64,330.716
4096,1024,32,128,330.677
4096,1024,32,256,334.282
4096,1024,32,512,338.203
4096,1024,32,1024,342.715
4096,1024,32,2048,353.165
4096,1024,32,4096,369.921
4096,1024,32,8192,405.834
4096,1024,32,16384,473.635
4096,1024,32,32768,614.662
4096,1024,32,65536,893.576
4096,1024,64,16,329.793
4096,1024,64,32,329.404
4096,1024,64,64,331.837
4096,1024,64,128,336.671
4096,1024,64,256,338.646
4096,1024,64,512,344.069
4096,1024,64,1024,355.387
4096,1024,64,2048,372.63
4096,1024,64,4096,408.544
4096,1024,64,8192,474.664
4096,1024,64,16384,613.788
4096,1024,64,32768,897.089
4096,1024,64,65536,1439
4096,1024,128,16,333.526
4096,1024,128,32,333.409
4096,1024,128,64,335.782
4096,1024,128,128,340.038
4096,1024,128,256,345.493
4096,1024,128,512,355.167
4096,1024,128,1024,373.447
4096,1024,128,2048,408.887
4096,1024,128,4096,475.756
4096,1024,128,8192,615.627
4096,1024,128,16384,894.823
4096,1024,128,32768,1437.51
4096,1024,128,65536,2506.56
4096,2048,0,0,370.411
4096,2048,1,16,391.912
4096,2048,1,32,393.181
4096,2048,1,64,392.63
4096,2048,1,128,394.171
4096,2048,1,256,393.425
4096,2048,1,512,394.534
4096,2048,1,1024,395.67
4096,2048,1,2048,396.294
4096,2048,1,4096,398.566
4096,2048,1,8192,401.985
4096,2048,1,16384,405.431
4096,2048,1,32768,412.514
4096,2048,1,65536,419.783
4096,2048,2,16,390.917
4096,2048,2,32,392.444
4096,2048,2,64,392.284
4096,2048,2,128,393.061
4096,2048,2,256,391.911
4096,2048,2,512,393.047
4096,2048,2,1024,394.55
4096,2048,2,2048,397.329
4096,2048,2,4096,399.649
4096,2048,2,8192,403.127
4096,2048,2,16384,408.477
4096,2048,2,32768,419.292
4096,2048,2,65536,436.135
4096,2048,4,16,391.618
4096,2048,4,32,392.319
4096,2048,4,64,392.22
4096,2048,4,128,393.17
4096,2048,4,256,394.022
4096,2048,4,512,392.753
4096,2048,4,1024,394.684
4096,2048,4,2048,398.177
4096,2048,4,4096,400.994
4096,2048,4,8192,407.777
4096,2048,4,16384,419.527
4096,2048,4,32768,436.636
4096,2048,4,65536,468.013
4096,2048,8,16,391.745
4096,2048,8,32,391.938
4096,2048,8,64,392.897
4096,2048,8,128,392.812
4096,2048,8,256,392.95
4096,2048,8,512,394.208
4096,2048,8,1024,397.585
4096,2048,8,2048,400.401
4096,2048,8,4096,407.468
4096,2048,8,8192,417.056
4096,2048,8,16384,435.355
4096,2048,8,32768,470.604
4096,2048,8,65536,535.543
4096,2048,16,16,391.964
4096,2048,16,32,391.777
4096,2048,16,64,393.483
4096,2048,16,128,394.449
4096,2048,16,256,396.172
4096,2048,16,512,397.365
4096,2048,16,1024,402.551
4096,2048,16,2048,406.572
4096,2048,16,4096,416.97
4096,2048,16,8192,434.806
4096,2048,16,16384,470.446
4096,2048,16,32768,536.289
4096,2048,16,65536,676.086
4096,2048,32,16,392.801
4096,2048,32,32,393.186
4096,2048,32,64,396.241
4096,2048,32,128,397.456
4096,2048,32,256,399.686
4096,2048,32,512,403.74
4096,2048,32,1024,408.704
4096,2048,32,2048,418.792
4096,2048,32,4096,436.049
4096,2048,32,8192,472.049
4096,2048,32,16384,538.017
4096,2048,32,32768,677.916
4096,2048,32,65536,955.021
4096,2048,64,16,394.134
4096,2048,64,32,395.116
4096,2048,64,64,396.935
4096,2048,64,128,401.009
4096,2048,64,256,404.886
4096,2048,64,512,411.334
4096,2048,64,1024,419.847
4096,2048,64,2048,440.193
4096,2048,64,4096,472.765
4096,2048,64,8192,539.468
4096,2048,64,16384,679.814
4096,2048,64,32768,958.743
4096,2048,64,65536,1495.03
4096,2048,128,16,398.518
4096,2048,128,32,400.209
4096,2048,128,64,401.782
4096,2048,128,128,404.54
4096,2048,128,256,411.041
4096,2048,128,512,419.99
4096,2048,128,1024,438.214
4096,2048,128,2048,472.86
4096,2048,128,4096,541.053
4096,2048,128,8192,680.429
4096,2048,128,16384,958.146
4096,2048,128,32768,1495.01
4096,2048,128,65536,2565.91
4096,4096,0,0,495.697
4096,4096,1,16,517.809
4096,4096,1,32,517.298
4096,4096,1,64,520.678
4096,4096,1,128,521.585
4096,4096,1,256,519.01
4096,4096,1,512,518.615
4096,4096,1,1024,523.296
4096,4096,1,2048,522.994
4096,4096,1,4096,525.242
4096,4096,1,8192,528.545
4096,4096,1,16384,532.151
4096,4096,1,32768,539.308
4096,4096,1,65536,548.002
4096,4096,2,16,518.704
4096,4096,2,32,518.103
4096,4096,2,64,520.908
4096,4096,2,128,518.631
4096,4096,2,256,520.839
4096,4096,2,512,521.71
4096,4096,2,1024,520.855
4096,4096,2,2048,522.397
4096,4096,2,4096,528.193
4096,4096,2,8192,530.002
4096,4096,2,16384,536.162
4096,4096,2,32768,545.795
4096,4096,2,65536,561.89
4096,4096,4,16,519.148
4096,4096,4,32,518.908
4096,4096,4,64,521.202
4096,4096,4,128,520.21
4096,4096,4,256,520.138
4096,4096,4,512,521.442
4096,4096,4,1024,521.542
4096,4096,4,2048,524.472
4096,4096,4,4096,528.684
4096,4096,4,8192,535.271
4096,4096,4,16384,544.752
4096,4096,4,32768,563.158
4096,4096,4,65536,594.284
4096,4096,8,16,519.771
4096,4096,8,32,520.119
4096,4096,8,64,521.051
4096,4096,8,128,520.839
4096,4096,8,256,520.424
4096,4096,8,512,521.82
4096,4096,8,1024,523.735
4096,4096,8,2048,530.557
4096,4096,8,4096,533.783
4096,4096,8,8192,544.097
4096,4096,8,16384,562.461
4096,4096,8,32768,596.588
4096,4096,8,65536,663.569
4096,4096,16,16,520.273
4096,4096,16,32,520.866
4096,4096,16,64,521.184
4096,4096,16,128,523.009
4096,4096,16,256,523.772
4096,4096,16,512,526.422
4096,4096,16,1024,529.435
4096,4096,16,2048,534.588
4096,4096,16,4096,544.434
4096,4096,16,8192,561.287
4096,4096,16,16384,596.523
4096,4096,16,32768,663.575
4096,4096,16,65536,797.19
4096,4096,32,16,519.563
4096,4096,32,32,520.64
4096,4096,32,64,523.836
4096,4096,32,128,525.426
4096,4096,32,256,527.078
4096,4096,32,512,530.823
4096,4096,32,1024,535.367
4096,4096,32,2048,545.739
4096,4096,32,4096,563.37
4096,4096,32,8192,597.734
4096,4096,32,16384,663.788
4096,4096,32,32768,800.764
4096,4096,32,65536,1068.79
4096,4096,64,16,522.256
4096,4096,64,32,521.846
4096,4096,64,64,525.126
4096,4096,64,128,529.191
4096,4096,64,256,531.858
4096,4096,64,512,537.319
4096,4096,64,1024,548.171
4096,4096,64,2048,564.113
4096,4096,64,4096,599.164
4096,4096,64,8192,666.79
4096,4096,64,16384,802.471
4096,4096,64,32768,1069.65
4096,4096,64,65536,1607.28
4096,4096,128,16,525.181
4096,4096,128,32,526.524
4096,4096,128,64,530.205
4096,4096,128,128,531.186
4096,4096,128,256,537.596
4096,4096,128,512,547.26
4096,4096,128,1024,566.166
4096,4096,128,2048,599.873
4096,4096,128,4096,669.03
4096,4096,128,8192,803.015
4096,4096,128,16384,1071.29
4096,4096,128,32768,1607.43
4096,4096,128,65536,2677.7
4096,8192,0,0,748.31
4096,8192,1,16,773.442
4096,8192,1,32,772.972
4096,8192,1,64,772.017
4096,8192,1,128,772.103
4096,8192,1,256,773.037
4096,8192,1,512,774.301
4096,8192,1,1024,773.373
4096,8192,1,2048,777.869
4096,8192,1,4096,778.231
4096,8192,1,8192,782.573
4096,8192,1,16384,784.445
4096,8192,1,32768,792.769
4096,8192,1,65536,798.114
4096,8192,2,16,770.348
4096,8192,2,32,770.583
4096,8192,2,64,773.612
4096,8192,2,128,771.789
4096,8192,2,256,772.438
4096,8192,2,512,773.303
4096,8192,2,1024,774.999
4096,8192,2,2048,777.112
4096,8192,2,4096,779.826
4096,8192,2,8192,782.213
4096,8192,2,16384,788.999
4096,8192,2,32768,800.712
4096,8192,2,65536,813.436
4096,8192,4,16,771.852
4096,8192,4,32,771.707
4096,8192,4,64,771.997
4096,8192,4,128,773.249
4096,8192,4,256,772.28
4096,8192,4,512,769.757
4096,8192,4,1024,772.466
4096,8192,4,2048,778.157
4096,8192,4,4096,778.023
4096,8192,4,8192,783.991
4096,8192,4,16384,793.277
4096,8192,4,32768,813.042
4096,8192,4,65536,843.684
4096,8192,8,16,769.197
4096,8192,8,32,769.298
4096,8192,8,64,770.429
4096,8192,8,128,770.604
4096,8192,8,256,771.997
4096,8192,8,512,772.68
4096,8192,8,1024,774.109
4096,8192,8,2048,776.865
4096,8192,8,4096,782.141
4096,8192,8,8192,792.561
4096,8192,8,16384,811.458
4096,8192,8,32768,845.277
4096,8192,8,65536,913.671
4096,8192,16,16,769.649
4096,8192,16,32,769.911
4096,8192,16,64,771.856
4096,8192,16,128,772.204
4096,8192,16,256,772.337
4096,8192,16,512,773.831
4096,8192,16,1024,777.144
4096,8192,16,2048,783.543
4096,8192,16,4096,794.684
4096,8192,16,8192,810.92
4096,8192,16,16384,845.927
4096,8192,16,32768,915.126
4096,8192,16,65536,1051.21
4096,8192,32,16,770.503
4096,8192,32,32,772.722
4096,8192,32,64,773.037
4096,8192,32,128,774.76
4096,8192,32,256,776.327
4096,8192,32,512,780.35
4096,8192,32,1024,785.373
4096,8192,32,2048,794.68
4096,8192,32,4096,814.99
4096,8192,32,8192,844.941
4096,8192,32,16384,913.736
4096,8192,32,32768,1049.37
4096,8192,32,65536,1319.91
4096,8192,64,16,772.913
4096,8192,64,32,771.788
4096,8192,64,64,774.611
4096,8192,64,128,777.494
4096,8192,64,256,781.032
4096,8192,64,512,786.695
4096,8192,64,1024,796.135
4096,8192,64,2048,814.674
4096,8192,64,4096,851.309
4096,8192,64,8192,915.822
4096,8192,64,16384,1052.09
4096,8192,64,32768,1320.61
4096,8192,64,65536,1857.74
4096,8192,128,16,774.801
4096,8192,128,32,775.228
4096,8192,128,64,778.941
4096,8192,128,128,783.745
4096,8192,128,256,787.165
4096,8192,128,512,801.31
4096,8192,128,1024,812.231
4096,8192,128,2048,848.525
4096,8192,128,4096,916.268
4096,8192,128,8192,1053.56
4096,8192,128,16384,1321.12
4096,8192,128,32768,1856.82
4096,8192,128,65536,2926.67
4096,16384,0,0,1238.21
4096,16384,1,16,1262.94
4096,16384,1,32,1266.11
4096,16384,1,64,1262.98
4096,16384,1,128,1261.7
4096,16384,1,256,1265.73
4096,16384,1,512,1261.4
4096,16384,1,1024,1263.13
4096,16384,1,2048,1266.59
4096,16384,1,4096,1266.55
4096,16384,1,8192,1278.54
4096,16384,1,16384,1274.05
4096,16384,1,32768,1280.58
4096,16384,1,65536,1292.64
4096,16384,2,16,1260.71
4096,16384,2,32,1262.84
4096,16384,2,64,1267.64
4096,16384,2,128,1263.66
4096,16384,2,256,1261.66
4096,16384,2,512,1265.14
4096,16384,2,1024,1267.17
4096,16384,2,2048,1266.2
4096,16384,2,4096,1267.84
4096,16384,2,8192,1271.94
4096,16384,2,16384,1283.68
4096,16384,2,32768,1283.68
4096,16384,2,65536,1308.61
4096,16384,4,16,1259.84
4096,16384,4,32,1260.12
4096,16384,4,64,1262.02
4096,16384,4,128,1265.57
4096,16384,4,256,1261.5
4096,16384,4,512,1267.86
4096,16384,4,1024,1264.49
4096,16384,4,2048,1268.82
4096,16384,4,4096,1268.52
4096,16384,4,8192,1279.76
4096,16384,4,16384,1286.79
4096,16384,4,32768,1305.4
4096,16384,4,65536,1340.89
4096,16384,8,16,1260.81
4096,16384,8,32,1262.1
4096,16384,8,64,1260.55
4096,16384,8,128,1262.18
4096,16384,8,256,1260.36
4096,16384,8,512,1267.86
4096,16384,8,1024,1265.89
4096,16384,8,2048,1271.72
4096,16384,8,4096,1280.43
4096,16384,8,8192,1285.8
4096,16384,8,16384,1303.44
4096,16384,8,32768,1338.62
4096,16384,8,65536,1410.87
4096,16384,16,16,1262.2
4096,16384,16,32,1262.84
4096,16384,16,64,1269.32
4096,16384,16,128,1261.81
4096,16384,16,256,1265.36
4096,16384,16,512,1268.11
4096,16384,16,1024,1276.55
4096,16384,16,2048,1276.74
4096,16384,16,4096,1283.88
4096,16384,16,8192,1302.95
4096,16384,16,16384,1340.45
4096,16384,16,32768,1404.82
4096,16384,16,65536,1542.01
4096,16384,32,16,1261.28
4096,16384,32,32,1263.68
4096,16384,32,64,1264.15
4096,16384,32,128,1265.9
4096,16384,32,256,1268.67
4096,16384,32,512,1277.84
4096,16384,32,1024,1278.29
4096,16384,32,2048,1288.49
4096,16384,32,4096,1302.15
4096,16384,32,8192,1339.84
4096,16384,32,16384,1406.77
4096,16384,32,32768,1542.33
4096,16384,32,65536,1815.95
4096,16384,64,16,1264.63
4096,16384,64,32,1267.28
4096,16384,64,64,1264.97
4096,16384,64,128,1273
4096,16384,64,256,1271.98
4096,16384,64,512,1278.41
4096,16384,64,1024,1292.74
4096,16384,64,2048,1307.76
4096,16384,64,4096,1343.35
4096,16384,64,8192,1412.49
4096,16384,64,16384,1541.43
4096,16384,64,32768,1813.57
4096,16384,64,65536,2355.79
4096,16384,128,16,1267.24
4096,16384,128,32,1269.68
4096,16384,128,64,1271.82
4096,16384,128,128,1275.43
4096,16384,128,256,1280.34
4096,16384,128,512,1289.3
4096,16384,128,1024,1308.89
4096,16384,128,2048,1341.89
4096,16384,128,4096,1408.37
4096,16384,128,8192,1546.24
4096,16384,128,16384,1814.76
4096,16384,128,32768,2352.12
4096,16384,128,65536,3429.7
4096,32768,0,0,2220.6
4096,32768,1,16,2243.89
4096,32768,1,32,2243.53
4096,32768,1,64,2243.23
4096,32768,1,128,2248.05
4096,32768,1,256,2244.75
4096,32768,1,512,2242.37
4096,32768,1,1024,2243.15
4096,32768,1,2048,2246.68
4096,32768,1,4096,2251.86
4096,32768,1,8192,2254.44
4096,32768,1,16384,2256.14
4096,32768,1,32768,2264.54
4096,32768,1,65536,2279
4096,32768,2,16,2243.71
4096,32768,2,32,2243.33
4096,32768,2,64,2247.94
4096,32768,2,128,2250.04
4096,32768,2,256,2242.25
4096,32768,2,512,2241.8
4096,32768,2,1024,2244.24
4096,32768,2,2048,2248.64
4096,32768,2,4096,2248.11
4096,32768,2,8192,2254.11
4096,32768,2,16384,2255.92
4096,32768,2,32768,2276.99
4096,32768,2,65536,2291.47
4096,32768,4,16,2241.61
4096,32768,4,32,2243.46
4096,32768,4,64,2242.77
4096,32768,4,128,2243.52
4096,32768,4,256,2249.14
4096,32768,4,512,2248.32
4096,32768,4,1024,2244.8
4096,32768,4,2048,2246.8
4096,32768,4,4096,2262.1
4096,32768,4,8192,2259.22
4096,32768,4,16384,2272.37
4096,32768,4,32768,2288.35
4096,32768,4,65536,2325.91
4096,32768,8,16,2241.82
4096,32768,8,32,2242.35
4096,32768,8,64,2243.64
4096,32768,8,128,2245.58
4096,32768,8,256,2243.4
4096,32768,8,512,2245.18
4096,32768,8,1024,2251.65
4096,32768,8,2048,2253.96
4096,32768,8,4096,2261.22
4096,32768,8,8192,2267.79
4096,32768,8,16384,2295.32
4096,32768,8,32768,2318.91
4096,32768,8,65536,2391.64
4096,32768,16,16,2244.05
4096,32768,16,32,2246.51
4096,32768,16,64,2250.67
4096,32768,16,128,2243.25
4096,32768,16,256,2246.76
4096,32768,16,512,2250.31
4096,32768,16,1024,2251.35
4096,32768,16,2048,2258.36
4096,32768,16,4096,2270.2
4096,32768,16,8192,2290.77
4096,32768,16,16384,2319.73
4096,32768,16,32768,2387.65
4096,32768,16,65536,2532.21
4096,32768,32,16,2244.36
4096,32768,32,32,2244.61
4096,32768,32,64,2248.92
4096,32768,32,128,2249.84
4096,32768,32,256,2252.06
4096,32768,32,512,2260.27
4096,32768,32,1024,2258.4
4096,32768,32,2048,2267.66
4096,32768,32,4096,2285.35
4096,32768,32,8192,2324.56
4096,32768,32,16384,2391.71
4096,32768,32,32768,2527.87
4096,32768,32,65536,2797.02
4096,32768,64,16,2244.22
4096,32768,64,32,2248.52
4096,32768,64,64,2248.14
4096,32768,64,128,2253.25
4096,32768,64,256,2258.48
4096,32768,64,512,2264.68
4096,32768,64,1024,2272.66
4096,32768,64,2048,2290.86
4096,32768,64,4096,2323.44
4096,32768,64,8192,2394.68
4096,32768,64,16384,2525.47
4096,32768,64,32768,2800.31
4096,32768,64,65536,3346.98
4096,32768,128,16,2246.5
4096,32768,128,32,2249.39
4096,32768,128,64,2256.05
4096,32768,128,128,2260.12
4096,32768,128,256,2262.36
4096,32768,128,512,2271.42
4096,32768,128,1024,2289.1
4096,32768,128,2048,2324.01
4096,32768,128,4096,2400.34
4096,32768,128,8192,2529.77
4096,32768,128,16384,2798.11
4096,32768,128,32768,3340.66
4096,32768,128,65536,4409.78
4096,65536,0,0,4209.52
4096,65536,1,16,4239.23
4096,65536,1,32,4240.84
4096,65536,1,64,4232.58
4096,65536,1,128,4227.2
4096,65536,1,256,4227.65
4096,65536,1,512,4230.75
4096,65536,1,1024,4241.59
4096,65536,1,2048,4233.45
4096,65536,1,4096,4234.35
4096,65536,1,8192,4235.58
4096,65536,1,16384,4235.21
4096,65536,1,32768,4244.1
4096,65536,1,65536,4254.81
4096,65536,2,16,4229.5
4096,65536,2,32,4239.44
4096,65536,2,64,4229.75
4096,65536,2,128,4224.73
4096,65536,2,256,4243.99
4096,65536,2,512,4225.36
4096,65536,2,1024,4226.95
4096,65536,2,2048,4252.91
4096,65536,2,4096,4231.72
4096,65536,2,8192,4232.88
4096,65536,2,16384,4259.23
4096,65536,2,32768,4265.21
4096,65536,2,65536,4278.81
4096,65536,4,16,4225.63
4096,65536,4,32,4230.3
4096,65536,4,64,4225
4096,65536,4,128,4228.74
4096,65536,4,256,4226.85
4096,65536,4,512,4235.42
4096,65536,4,1024,4230.98
4096,65536,4,2048,4233.22
4096,65536,4,4096,4238.73
4096,65536,4,8192,4240.44
4096,65536,4,16384,4265.66
4096,65536,4,32768,4277.05
4096,65536,4,65536,4311.34
4096,65536,8,16,4223.69
4096,65536,8,32,4227.92
4096,65536,8,64,4224.28
4096,65536,8,128,4239.91
4096,65536,8,256,4241.73
4096,65536,8,512,4240.9
4096,65536,8,1024,4231.7
4096,65536,8,2048,4230.49
4096,65536,8,4096,4237.93
4096,65536,8,8192,4247.95
4096,65536,8,16384,4265.53
4096,65536,8,32768,4300.61
4096,65536,8,65536,4369.52
4096,65536,16,16,4224.17
4096,65536,16,32,4226.4
4096,65536,16,64,4227.77
4096,65536,16,128,4225.43
4096,65536,16,256,4230.9
4096,65536,16,512,4233.34
4096,65536,16,1024,4246.02
4096,65536,16,2048,4238.8
4096,65536,16,4096,4251.02
4096,65536,16,8192,4270.7
4096,65536,16,16384,4304.93
4096,65536,16,32768,4372.96
4096,65536,16,65536,4508.97
4096,65536,32,16,4228.01
4096,65536,32,32,4233.52
4096,65536,32,64,4228.84
4096,65536,32,128,4241.81
4096,65536,32,256,4245.8
4096,65536,32,512,4238.62
4096,65536,32,1024,4242.86
4096,65536,32,2048,4251.04
4096,65536,32,4096,4269.76
4096,65536,32,8192,4304.45
4096,65536,32,16384,4371.13
4096,65536,32,32768,4527.22
4096,65536,32,65536,4787
4096,65536,64,16,4225.15
4096,65536,64,32,4227.14
4096,65536,64,64,4229.21
4096,65536,64,128,4246.12
4096,65536,64,256,4240.72
4096,65536,64,512,4258.24
4096,65536,64,1024,4271.25
4096,65536,64,2048,4282.81
4096,65536,64,4096,4325.16
4096,65536,64,8192,4386.88
4096,65536,64,16384,4523.47
4096,65536,64,32768,4787.27
4096,65536,64,65536,5317.99
4096,65536,128,16,4234.1
4096,65536,128,32,4245.8
4096,65536,128,64,4239.24
4096,65536,128,128,4250.41
4096,65536,128,256,4244.83
4096,65536,128,512,4268.57
4096,65536,128,1024,4285.8
4096,65536,128,2048,4324.69
4096,65536,128,4096,4385.68
4096,65536,128,8192,4520.94
4096,65536,128,16384,4787.32
4096,65536,128,32768,5320.54
4096,65536,128,65536,6390.76
