regime,n,nb,ratio,skew,pc,kp,kvs,kv_big,kv_mean,t_mean_us,t_max_us,t_skew_us,alpha
pure,2,1,0.5,4.0,0,0,128,512,320,70.545,77.121,76.257,0.8685
pure,2,1,0.5,4.0,0,0,256,1024,640,77.266,76.959,74.897,
pure,2,1,0.5,4.0,0,0,512,2048,1280,77.184,80.112,79.666,0.8477
pure,2,1,0.5,4.0,0,0,1024,4096,2560,79.888,85.441,82.863,0.5359
pure,2,1,0.5,4.0,0,0,2048,8192,5120,88.192,94.08,93.376,0.8804
pure,2,1,0.5,4.0,0,0,4096,16384,10240,100.032,109.536,106.624,0.6936
pure,2,1,0.5,4.0,0,0,8192,32768,20480,119.025,138.384,124.895,0.3033
mixed,2,1,0.5,4.0,16,0,128,512,320,87.953,84.782,85.679,
mixed,2,1,0.5,4.0,16,0,256,1024,640,84.864,85.937,84.273,-0.5503
mixed,2,1,0.5,4.0,16,0,512,2048,1280,85.505,89.185,86.96,0.3954
mixed,2,1,0.5,4.0,16,0,1024,4096,2560,90.976,95.538,93.952,0.6524
mixed,2,1,0.5,4.0,16,0,2048,8192,5120,100.88,107.553,105.345,0.6691
mixed,2,1,0.5,4.0,16,0,4096,16384,10240,112.321,127.425,125.872,0.8972
mixed,2,1,0.5,4.0,16,0,8192,32768,20480,145.137,175.106,170.482,0.8457
mixed,2,1,0.5,4.0,16,512,128,512,320,101.951,102.143,101.168,-4.0755
mixed,2,1,0.5,4.0,16,512,256,1024,640,92.385,92.755,92.543,0.429
mixed,2,1,0.5,4.0,16,512,512,2048,1280,93.585,95.649,94.431,0.4102
mixed,2,1,0.5,4.0,16,512,1024,4096,2560,97.841,100.401,97.921,0.0314
mixed,2,1,0.5,4.0,16,512,2048,8192,5120,101.984,110.911,108.945,0.7797
mixed,2,1,0.5,4.0,16,512,4096,16384,10240,116.96,131.345,129.584,0.8776
mixed,2,1,0.5,4.0,16,512,8192,32768,20480,147.553,174.544,174.079,0.9828
mixed,2,1,0.5,4.0,16,2048,128,512,320,108.513,108.576,108.272,-3.8254
mixed,2,1,0.5,4.0,16,2048,256,1024,640,109.472,109.761,109.009,-1.6049
mixed,2,1,0.5,4.0,16,2048,512,2048,1280,111.362,115.327,111.41,0.0121
mixed,2,1,0.5,4.0,16,2048,1024,4096,2560,115.889,114.543,110.879,
mixed,2,1,0.5,4.0,16,2048,2048,8192,5120,118.864,115.394,110.288,
mixed,2,1,0.5,4.0,16,2048,4096,16384,10240,116.639,131.233,129.809,0.9024
mixed,2,1,0.5,4.0,16,2048,8192,32768,20480,146.866,179.248,175.152,0.8735
mixed,2,1,0.5,4.0,16,8192,128,512,320,142.178,144.113,138.577,-1.8602
mixed,2,1,0.5,4.0,16,8192,256,1024,640,142.097,143.232,142.48,0.3376
mixed,2,1,0.5,4.0,16,8192,512,2048,1280,144.465,142.8,143.744,
mixed,2,1,0.5,4.0,16,8192,1024,4096,2560,141.968,139.616,142.241,
mixed,2,1,0.5,4.0,16,8192,2048,8192,5120,142.273,143.009,142.894,0.8438
mixed,2,1,0.5,4.0,16,8192,4096,16384,10240,144.191,152.512,136.448,-0.9307
mixed,2,1,0.5,4.0,16,8192,8192,32768,20480,151.072,177.408,175.923,0.9436
mixed,2,1,0.5,4.0,16,16384,128,512,320,168.689,168.784,168.306,-4.0476
mixed,2,1,0.5,4.0,16,16384,256,1024,640,166.865,167.808,168.4,1.6275
mixed,2,1,0.5,4.0,16,16384,512,2048,1280,167.858,163.553,167.215,
mixed,2,1,0.5,4.0,16,16384,1024,4096,2560,164.161,165.873,167.872,2.1673
mixed,2,1,0.5,4.0,16,16384,2048,8192,5120,163.279,168.929,166.767,0.6174
mixed,2,1,0.5,4.0,16,16384,4096,16384,10240,171.888,175.505,172.497,0.1685
mixed,2,1,0.5,4.0,16,16384,8192,32768,20480,180.033,197.857,179.681,-0.0198
mixed,2,1,0.5,4.0,64,0,128,512,320,87.697,86.496,87.135,
mixed,2,1,0.5,4.0,64,0,256,1024,640,87.568,93.264,91.409,0.6744
mixed,2,1,0.5,4.0,64,0,512,2048,1280,96.513,101.904,103.102,1.2222
mixed,2,1,0.5,4.0,64,0,1024,4096,2560,106.464,120.463,121.792,1.0949
mixed,2,1,0.5,4.0,64,0,2048,8192,5120,130.993,160.033,160.319,1.0098
mixed,2,1,0.5,4.0,64,0,4096,16384,10240,179.377,238.223,236.273,0.9669
mixed,2,1,0.5,4.0,64,0,8192,32768,20480,276.16,392.096,391.504,0.9949
mixed,2,1,0.5,4.0,64,512,128,512,320,114.914,114.864,115.187,
mixed,2,1,0.5,4.0,64,512,256,1024,640,115.136,110.369,110.769,
mixed,2,1,0.5,4.0,64,512,512,2048,1280,112.064,110.783,110.001,
mixed,2,1,0.5,4.0,64,512,1024,4096,2560,115.983,127.761,129.889,1.1807
mixed,2,1,0.5,4.0,64,512,2048,8192,5120,135.969,165.216,165.633,1.0143
mixed,2,1,0.5,4.0,64,512,4096,16384,10240,184.369,243.089,242.208,0.985
mixed,2,1,0.5,4.0,64,512,8192,32768,20480,282.001,390.817,396.786,1.0548
mixed,2,1,0.5,4.0,64,2048,128,512,320,136.882,138.063,136.864,-0.0148
mixed,2,1,0.5,4.0,64,2048,256,1024,640,136.592,135.889,136.802,
mixed,2,1,0.5,4.0,64,2048,512,2048,1280,136.079,136.928,136.673,0.7002
mixed,2,1,0.5,4.0,64,2048,1024,4096,2560,137.043,130.385,130.687,
mixed,2,1,0.5,4.0,64,2048,2048,8192,5120,140.032,169.087,169.407,1.011
mixed,2,1,0.5,4.0,64,2048,4096,16384,10240,189.602,245.249,245.363,1.0021
mixed,2,1,0.5,4.0,64,2048,8192,32768,20480,283.935,396.0,398.739,1.0244
mixed,2,1,0.5,4.0,64,8192,128,512,320,198.608,198.257,198.274,
mixed,2,1,0.5,4.0,64,8192,256,1024,640,197.648,197.761,197.777,1.1416
mixed,2,1,0.5,4.0,64,8192,512,2048,1280,198.897,199.601,197.857,-1.479
mixed,2,1,0.5,4.0,64,8192,1024,4096,2560,226.194,203.633,238.497,
mixed,2,1,0.5,4.0,64,8192,2048,8192,5120,203.52,205.361,203.616,0.0522
mixed,2,1,0.5,4.0,64,8192,4096,16384,10240,194.192,246.642,246.914,1.0052
mixed,2,1,0.5,4.0,64,8192,8192,32768,20480,286.978,404.562,400.655,0.9668
mixed,2,1,0.5,4.0,64,16384,128,512,320,273.744,274.143,274.705,2.4085
mixed,2,1,0.5,4.0,64,16384,256,1024,640,274.674,274.114,275.024,
mixed,2,1,0.5,4.0,64,16384,512,2048,1280,275.024,274.705,274.337,
mixed,2,1,0.5,4.0,64,16384,1024,4096,2560,275.73,275.36,274.432,
mixed,2,1,0.5,4.0,64,16384,2048,8192,5120,366.175,291.746,393.888,
mixed,2,1,0.5,4.0,64,16384,4096,16384,10240,289.586,290.754,290.53,0.8083
mixed,2,1,0.5,4.0,64,16384,8192,32768,20480,286.13,402.385,402.527,1.0012
mixed,2,1,0.5,4.0,256,0,128,512,320,142.56,141.296,140.031,
mixed,2,1,0.5,4.0,256,0,256,1024,640,146.305,161.201,160.559,0.9569
mixed,2,1,0.5,4.0,256,0,512,2048,1280,170.896,199.633,199.585,0.9983
mixed,2,1,0.5,4.0,256,0,1024,4096,2560,218.801,245.888,277.633,2.172
mixed,2,1,0.5,4.0,256,0,2048,8192,5120,285.281,400.194,399.518,0.9941
mixed,2,1,0.5,4.0,256,0,4096,16384,10240,477.551,708.005,706.977,0.9955
mixed,2,1,0.5,4.0,256,0,8192,32768,20480,861.843,1322.273,1322.659,1.0008
mixed,2,1,0.5,4.0,256,512,128,512,320,166.689,166.334,165.424,
mixed,2,1,0.5,4.0,256,512,256,1024,640,166.674,161.92,161.458,
mixed,2,1,0.5,4.0,256,512,512,2048,1280,171.456,201.552,199.985,0.9479
mixed,2,1,0.5,4.0,256,512,1024,4096,2560,219.665,277.472,276.815,0.9886
mixed,2,1,0.5,4.0,256,512,2048,8192,5120,316.353,432.174,430.833,0.9884
mixed,2,1,0.5,4.0,256,512,4096,16384,10240,508.018,740.066,741.313,1.0054
mixed,2,1,0.5,4.0,256,512,8192,32768,20480,865.105,1325.827,1325.957,1.0003
mixed,2,1,0.5,4.0,256,2048,128,512,320,223.409,222.593,222.642,
mixed,2,1,0.5,4.0,256,2048,256,1024,640,222.784,223.106,223.219,1.3509
mixed,2,1,0.5,4.0,256,2048,512,2048,1280,224.175,225.954,223.841,-0.1871
mixed,2,1,0.5,4.0,256,2048,1024,4096,2560,220.127,278.289,277.33,0.9835
mixed,2,1,0.5,4.0,256,2048,2048,8192,5120,317.377,430.512,432.208,1.015
mixed,2,1,0.5,4.0,256,2048,4096,16384,10240,508.896,739.84,738.096,0.9925
mixed,2,1,0.5,4.0,256,2048,8192,32768,20480,893.492,1353.699,1353.492,0.9995
mixed,2,1,0.5,4.0,256,8192,128,512,320,454.897,454.114,453.586,
mixed,2,1,0.5,4.0,256,8192,256,1024,640,455.121,455.025,453.615,
mixed,2,1,0.5,4.0,256,8192,512,2048,1280,454.481,456.144,454.451,-0.0186
mixed,2,1,0.5,4.0,256,8192,1024,4096,2560,455.394,455.009,454.674,
mixed,2,1,0.5,4.0,256,8192,2048,8192,5120,455.09,458.994,454.193,-0.2296
mixed,2,1,0.5,4.0,256,8192,4096,16384,10240,511.377,743.28,740.899,0.9897
mixed,2,1,0.5,4.0,256,8192,8192,32768,20480,895.762,1355.347,1356.743,1.003
mixed,2,1,0.5,4.0,256,16384,128,512,320,760.818,759.666,760.69,
mixed,2,1,0.5,4.0,256,16384,256,1024,640,760.386,759.745,759.938,
mixed,2,1,0.5,4.0,256,16384,512,2048,1280,760.531,760.465,760.465,
mixed,2,1,0.5,4.0,256,16384,1024,4096,2560,760.706,760.371,759.553,
mixed,2,1,0.5,4.0,256,16384,2048,8192,5120,759.425,761.316,761.408,1.0487
mixed,2,1,0.5,4.0,256,16384,4096,16384,10240,763.04,762.067,761.683,
mixed,2,1,0.5,4.0,256,16384,8192,32768,20480,896.804,1357.508,1355.186,0.995
mixed,2,1,0.5,4.0,1024,0,128,512,320,220.594,222.833,222.32,0.7712
mixed,2,1,0.5,4.0,1024,0,256,1024,640,223.487,227.728,229.169,1.3399
mixed,2,1,0.5,4.0,1024,0,512,2048,1280,228.288,230.864,230.959,1.0367
mixed,2,1,0.5,4.0,1024,0,1024,4096,2560,232.913,236.544,236.385,0.9561
mixed,2,1,0.5,4.0,1024,0,2048,8192,5120,242.499,249.936,248.238,0.7717
mixed,2,1,0.5,4.0,1024,0,4096,16384,10240,255.939,269.633,261.856,0.4321
mixed,2,1,0.5,4.0,1024,0,8192,32768,20480,279.808,304.096,285.618,0.2392
mixed,2,1,0.5,4.0,1024,512,128,512,320,328.769,330.722,329.634,0.4429
mixed,2,1,0.5,4.0,1024,512,256,1024,640,330.463,332.916,331.982,0.6194
mixed,2,1,0.5,4.0,1024,512,512,2048,1280,334.498,336.849,337.728,1.3744
mixed,2,1,0.5,4.0,1024,512,1024,4096,2560,338.865,346.418,343.157,0.5682
mixed,2,1,0.5,4.0,1024,512,2048,8192,5120,349.629,356.996,356.145,0.8846
mixed,2,1,0.5,4.0,1024,512,4096,16384,10240,362.949,375.888,370.5,0.5835
mixed,2,1,0.5,4.0,1024,512,8192,32768,20480,389.489,410.689,390.835,0.0635
mixed,2,1,0.5,4.0,1024,2048,128,512,320,453.554,451.278,451.538,
mixed,2,1,0.5,4.0,1024,2048,256,1024,640,454.611,456.543,455.523,0.4717
mixed,2,1,0.5,4.0,1024,2048,512,2048,1280,456.481,462.208,458.822,0.4086
mixed,2,1,0.5,4.0,1024,2048,1024,4096,2560,465.169,468.018,467.888,0.9542
mixed,2,1,0.5,4.0,1024,2048,2048,8192,5120,473.713,479.667,479.15,0.9132
mixed,2,1,0.5,4.0,1024,2048,4096,16384,10240,485.157,498.0,491.62,0.5033
mixed,2,1,0.5,4.0,1024,2048,8192,32768,20480,508.514,533.583,516.753,0.3287
mixed,2,1,0.5,4.0,1024,8192,128,512,320,941.635,939.502,941.251,
mixed,2,1,0.5,4.0,1024,8192,256,1024,640,942.978,945.345,943.475,0.2099
mixed,2,1,0.5,4.0,1024,8192,512,2048,1280,945.22,949.075,950.723,1.4274
mixed,2,1,0.5,4.0,1024,8192,1024,4096,2560,953.072,955.095,957.649,2.2633
mixed,2,1,0.5,4.0,1024,8192,2048,8192,5120,957.091,964.341,966.084,1.2405
mixed,2,1,0.5,4.0,1024,8192,4096,16384,10240,971.313,983.331,976.849,0.4607
mixed,2,1,0.5,4.0,1024,8192,8192,32768,20480,994.707,1014.036,998.531,0.1978
mixed,2,1,0.5,4.0,1024,16384,128,512,320,1573.076,1573.093,1577.525,261.7353
mixed,2,1,0.5,4.0,1024,16384,256,1024,640,1573.7,1579.766,1577.878,0.6887
mixed,2,1,0.5,4.0,1024,16384,512,2048,1280,1579.685,1582.102,1578.753,-0.3854
mixed,2,1,0.5,4.0,1024,16384,1024,4096,2560,1587.702,1592.194,1589.11,0.3136
mixed,2,1,0.5,4.0,1024,16384,2048,8192,5120,1593.734,1597.507,1598.884,1.3651
mixed,2,1,0.5,4.0,1024,16384,4096,16384,10240,1602.098,1615.523,1611.556,0.7045
mixed,2,1,0.5,4.0,1024,16384,8192,32768,20480,1624.707,1648.071,1632.438,0.3309
mixed,2,1,0.5,4.0,4096,0,128,512,320,671.65,675.254,672.818,0.3241
mixed,2,1,0.5,4.0,4096,0,256,1024,640,676.262,677.236,676.655,0.404
mixed,2,1,0.5,4.0,4096,0,512,2048,1280,679.379,681.618,680.5,0.5007
mixed,2,1,0.5,4.0,4096,0,1024,4096,2560,686.863,691.553,689.538,0.5702
mixed,2,1,0.5,4.0,4096,0,2048,8192,5120,694.643,703.44,700.035,0.613
mixed,2,1,0.5,4.0,4096,0,4096,16384,10240,708.112,723.747,715.443,0.4689
mixed,2,1,0.5,4.0,4096,0,8192,32768,20480,734.402,756.676,736.611,0.0992
mixed,2,1,0.5,4.0,4096,512,128,512,320,886.371,884.89,886.05,
mixed,2,1,0.5,4.0,4096,512,256,1024,640,887.142,891.954,890.434,0.6842
mixed,2,1,0.5,4.0,4096,512,512,2048,1280,892.498,897.346,894.017,0.3132
mixed,2,1,0.5,4.0,4096,512,1024,4096,2560,896.612,899.583,901.013,1.4812
mixed,2,1,0.5,4.0,4096,512,2048,8192,5120,907.252,912.307,910.566,0.6556
mixed,2,1,0.5,4.0,4096,512,4096,16384,10240,921.444,931.762,922.788,0.1303
mixed,2,1,0.5,4.0,4096,512,8192,32768,20480,943.702,963.841,949.46,0.2859
mixed,2,1,0.5,4.0,4096,2048,128,512,320,1180.257,1176.883,1173.282,
mixed,2,1,0.5,4.0,4096,2048,256,1024,640,1178.419,1178.897,1174.068,-9.1036
mixed,2,1,0.5,4.0,4096,2048,512,2048,1280,1180.932,1188.453,1183.634,0.3593
mixed,2,1,0.5,4.0,4096,2048,1024,4096,2560,1184.226,1192.93,1189.414,0.596
mixed,2,1,0.5,4.0,4096,2048,2048,8192,5120,1196.436,1204.916,1201.89,0.6432
mixed,2,1,0.5,4.0,4096,2048,4096,16384,10240,1213.794,1223.922,1219.234,0.537
mixed,2,1,0.5,4.0,4096,2048,8192,32768,20480,1233.764,1256.209,1241.952,0.3648
mixed,2,1,0.5,4.0,4096,8192,128,512,320,2311.914,2305.428,2308.024,
mixed,2,1,0.5,4.0,4096,8192,256,1024,640,2305.862,2321.441,2308.519,0.1706
mixed,2,1,0.5,4.0,4096,8192,512,2048,1280,2308.615,2316.469,2319.85,1.4305
mixed,2,1,0.5,4.0,4096,8192,1024,4096,2560,2315.977,2318.448,2320.713,1.9159
mixed,2,1,0.5,4.0,4096,8192,2048,8192,5120,2326.343,2333.38,2339.194,1.8261
mixed,2,1,0.5,4.0,4096,8192,4096,16384,10240,2337.32,2349.432,2347.479,0.8387
mixed,2,1,0.5,4.0,4096,8192,8192,32768,20480,2360.264,2380.474,2370.199,0.4916
mixed,2,1,0.5,4.0,4096,16384,128,512,320,3779.419,3787.686,3781.803,0.2884
mixed,2,1,0.5,4.0,4096,16384,256,1024,640,3788.38,3782.237,3789.564,
mixed,2,1,0.5,4.0,4096,16384,512,2048,1280,3794.121,3801.643,3795.295,0.156
mixed,2,1,0.5,4.0,4096,16384,1024,4096,2560,3792.955,3803.53,3807.537,1.3789
mixed,2,1,0.5,4.0,4096,16384,2048,8192,5120,3808.251,3812.796,3809.258,0.2216
mixed,2,1,0.5,4.0,4096,16384,4096,16384,10240,3820.936,3838.7,3822.443,0.0849
mixed,2,1,0.5,4.0,4096,16384,8192,32768,20480,3838.376,3864.432,3856.602,0.6995
pure,4,1,0.25,4.0,0,0,128,512,224,67.15,75.153,74.93,0.9721
pure,4,1,0.25,4.0,0,0,256,1024,448,74.159,75.76,75.554,0.8716
pure,4,1,0.25,4.0,0,0,512,2048,896,75.534,81.33,79.858,0.7461
pure,4,1,0.25,4.0,0,0,1024,4096,1792,79.409,88.576,84.641,0.5707
pure,4,1,0.25,4.0,0,0,2048,8192,3584,96.831,106.335,99.01,0.2293
pure,4,1,0.25,4.0,0,0,4096,16384,7168,105.361,132.465,113.249,0.291
pure,4,1,0.25,4.0,0,0,8192,32768,14336,126.689,186.16,135.553,0.1491
mixed,4,1,0.25,4.0,16,0,128,512,224,82.385,86.288,84.144,0.4507
mixed,4,1,0.25,4.0,16,0,256,1024,448,89.408,87.266,85.345,
mixed,4,1,0.25,4.0,16,0,512,2048,896,86.399,93.058,89.136,0.4111
mixed,4,1,0.25,4.0,16,0,1024,4096,1792,88.768,108.031,96.127,0.382
mixed,4,1,0.25,4.0,16,0,2048,8192,3584,106.401,116.273,108.384,0.2009
mixed,4,1,0.25,4.0,16,0,4096,16384,7168,116.751,146.176,128.785,0.4089
mixed,4,1,0.25,4.0,16,0,8192,32768,14336,140.769,200.93,176.225,0.5893
mixed,4,1,0.25,4.0,16,512,128,512,224,103.744,103.105,104.194,
mixed,4,1,0.25,4.0,16,512,256,1024,448,107.106,97.056,95.728,
mixed,4,1,0.25,4.0,16,512,512,2048,896,97.007,114.561,101.024,0.2288
mixed,4,1,0.25,4.0,16,512,1024,4096,1792,111.329,124.671,103.473,-0.5889
mixed,4,1,0.25,4.0,16,512,2048,8192,3584,120.127,131.536,109.663,-0.9171
mixed,4,1,0.25,4.0,16,512,4096,16384,7168,120.897,149.584,132.048,0.3887
mixed,4,1,0.25,4.0,16,512,8192,32768,14336,138.465,202.481,175.106,0.5724
mixed,4,1,0.25,4.0,16,2048,128,512,224,112.338,111.792,114.369,
mixed,4,1,0.25,4.0,16,2048,256,1024,448,115.089,117.823,114.499,-0.2157
mixed,4,1,0.25,4.0,16,2048,512,2048,896,116.914,118.433,117.088,0.1142
mixed,4,1,0.25,4.0,16,2048,1024,4096,1792,114.53,123.729,117.456,0.318
mixed,4,1,0.25,4.0,16,2048,2048,8192,3584,122.915,141.151,110.577,-0.6766
mixed,4,1,0.25,4.0,16,2048,4096,16384,7168,140.048,148.384,131.728,-0.9981
mixed,4,1,0.25,4.0,16,2048,8192,32768,14336,152.128,198.575,177.201,0.5398
mixed,4,1,0.25,4.0,16,8192,128,512,224,144.447,144.831,144.336,-0.2874
mixed,4,1,0.25,4.0,16,8192,256,1024,448,145.137,143.215,144.593,
mixed,4,1,0.25,4.0,16,8192,512,2048,896,145.552,143.777,143.81,
mixed,4,1,0.25,4.0,16,8192,1024,4096,1792,142.177,145.153,141.904,-0.0919
mixed,4,1,0.25,4.0,16,8192,2048,8192,3584,145.12,153.984,144.305,-0.092
mixed,4,1,0.25,4.0,16,8192,4096,16384,7168,152.576,174.177,154.896,0.1074
mixed,4,1,0.25,4.0,16,8192,8192,32768,14336,168.832,215.663,176.769,0.1695
mixed,4,1,0.25,4.0,16,16384,128,512,224,170.56,171.105,170.767,0.3792
mixed,4,1,0.25,4.0,16,16384,256,1024,448,171.216,168.032,171.024,
mixed,4,1,0.25,4.0,16,16384,512,2048,896,167.25,167.616,167.968,1.9617
mixed,4,1,0.25,4.0,16,16384,1024,4096,1792,167.921,170.208,167.409,-0.2236
mixed,4,1,0.25,4.0,16,16384,2048,8192,3584,166.273,175.169,169.951,0.4135
mixed,4,1,0.25,4.0,16,16384,4096,16384,7168,175.569,200.303,176.305,0.0298
mixed,4,1,0.25,4.0,16,16384,8192,32768,14336,193.377,235.218,188.945,-0.1059
mixed,4,1,0.25,4.0,64,0,128,512,224,83.745,86.337,86.801,1.1788
mixed,4,1,0.25,4.0,64,0,256,1024,448,90.85,93.249,92.753,0.7932
mixed,4,1,0.25,4.0,64,0,512,2048,896,94.177,103.168,103.426,1.0286
mixed,4,1,0.25,4.0,64,0,1024,4096,1792,101.809,122.817,121.167,0.9215
mixed,4,1,0.25,4.0,64,0,2048,8192,3584,118.627,162.672,160.577,0.9524
mixed,4,1,0.25,4.0,64,0,4096,16384,7168,153.249,241.171,238.721,0.9721
mixed,4,1,0.25,4.0,64,0,8192,32768,14336,222.737,395.617,394.657,0.9944
mixed,4,1,0.25,4.0,64,512,128,512,224,115.409,116.929,115.04,-0.242
mixed,4,1,0.25,4.0,64,512,256,1024,448,115.807,111.952,112.369,
mixed,4,1,0.25,4.0,64,512,512,2048,896,112.034,111.744,110.817,
mixed,4,1,0.25,4.0,64,512,1024,4096,1792,109.744,131.344,129.409,0.9104
mixed,4,1,0.25,4.0,64,512,2048,8192,3584,126.48,169.95,167.058,0.9335
mixed,4,1,0.25,4.0,64,512,4096,16384,7168,160.464,245.695,244.257,0.9831
mixed,4,1,0.25,4.0,64,512,8192,32768,14336,225.376,397.903,393.393,0.9739
mixed,4,1,0.25,4.0,64,2048,128,512,224,137.137,136.096,137.184,
mixed,4,1,0.25,4.0,64,2048,256,1024,448,135.985,137.071,136.574,0.5421
mixed,4,1,0.25,4.0,64,2048,512,2048,896,137.73,137.663,137.683,
mixed,4,1,0.25,4.0,64,2048,1024,4096,1792,136.081,133.215,131.585,
mixed,4,1,0.25,4.0,64,2048,2048,8192,3584,135.233,172.094,168.401,0.8998
mixed,4,1,0.25,4.0,64,2048,4096,16384,7168,160.945,248.912,245.345,0.9595
mixed,4,1,0.25,4.0,64,2048,8192,32768,14336,229.775,402.577,400.321,0.9869
mixed,4,1,0.25,4.0,64,8192,128,512,224,200.337,200.577,199.938,-1.657
mixed,4,1,0.25,4.0,64,8192,256,1024,448,199.23,200.591,198.993,-0.1741
mixed,4,1,0.25,4.0,64,8192,512,2048,896,199.936,203.825,188.464,-2.9502
mixed,4,1,0.25,4.0,64,8192,1024,4096,1792,205.185,204.08,204.0,
mixed,4,1,0.25,4.0,64,8192,2048,8192,3584,205.52,215.712,205.151,-0.0362
mixed,4,1,0.25,4.0,64,8192,4096,16384,7168,280.865,251.663,251.827,
mixed,4,1,0.25,4.0,64,8192,8192,32768,14336,232.928,410.402,407.506,0.9837
mixed,4,1,0.25,4.0,64,16384,128,512,224,276.8,276.928,277.154,2.7795
mixed,4,1,0.25,4.0,64,16384,256,1024,448,276.256,276.226,276.641,
mixed,4,1,0.25,4.0,64,16384,512,2048,896,278.127,278.207,277.68,-5.6352
mixed,4,1,0.25,4.0,64,16384,1024,4096,1792,276.546,290.32,264.738,-0.8573
mixed,4,1,0.25,4.0,64,16384,2048,8192,3584,291.618,293.264,290.591,-0.6242
mixed,4,1,0.25,4.0,64,16384,4096,16384,7168,289.186,318.963,291.264,0.0698
mixed,4,1,0.25,4.0,64,16384,8192,32768,14336,469.439,412.768,410.224,
mixed,4,1,0.25,4.0,256,0,128,512,224,93.854,141.538,141.424,0.9976
mixed,4,1,0.25,4.0,256,0,256,1024,448,138.977,161.136,161.023,0.9949
mixed,4,1,0.25,4.0,256,0,512,2048,896,156.496,170.641,199.856,3.0654
mixed,4,1,0.25,4.0,256,0,1024,4096,1792,160.159,247.601,247.265,0.9962
mixed,4,1,0.25,4.0,256,0,2048,8192,3584,228.529,401.01,401.2,1.0011
mixed,4,1,0.25,4.0,256,0,4096,16384,7168,363.073,710.627,708.944,0.9952
mixed,4,1,0.25,4.0,256,0,8192,32768,14336,633.346,1328.964,1327.476,0.9979
mixed,4,1,0.25,4.0,256,512,128,512,224,166.049,184.607,158.0,-0.4338
mixed,4,1,0.25,4.0,256,512,256,1024,448,180.384,207.009,184.8,0.1659
mixed,4,1,0.25,4.0,256,512,512,2048,896,201.103,244.609,201.281,0.0041
mixed,4,1,0.25,4.0,256,512,1024,4096,1792,235.315,322.994,278.049,0.4874
mixed,4,1,0.25,4.0,256,512,2048,8192,3584,303.522,476.992,432.288,0.7423
mixed,4,1,0.25,4.0,256,512,4096,16384,7168,438.033,711.809,739.46,1.101
mixed,4,1,0.25,4.0,256,512,8192,32768,14336,636.386,1330.657,1327.781,0.9959
mixed,4,1,0.25,4.0,256,2048,128,512,224,224.96,224.45,225.202,
mixed,4,1,0.25,4.0,256,2048,256,1024,448,224.353,224.401,224.608,5.3684
mixed,4,1,0.25,4.0,256,2048,512,2048,896,224.671,305.664,217.823,-0.0846
mixed,4,1,0.25,4.0,256,2048,1024,4096,1792,279.792,386.049,304.209,0.2298
mixed,4,1,0.25,4.0,256,2048,2048,8192,3584,366.064,541.554,434.417,0.3895
mixed,4,1,0.25,4.0,256,2048,4096,16384,7168,502.322,848.787,745.634,0.7023
mixed,4,1,0.25,4.0,256,2048,8192,32768,14336,773.601,1327.668,1356.389,1.0518
mixed,4,1,0.25,4.0,256,8192,128,512,224,465.504,462.641,463.011,
mixed,4,1,0.25,4.0,256,8192,256,1024,448,461.633,462.289,464.113,3.7818
mixed,4,1,0.25,4.0,256,8192,512,2048,896,462.974,463.185,462.209,-3.628
mixed,4,1,0.25,4.0,256,8192,1024,4096,1792,462.433,463.841,463.153,0.5114
mixed,4,1,0.25,4.0,256,8192,2048,8192,3584,463.521,775.843,458.626,-0.0157
mixed,4,1,0.25,4.0,256,8192,4096,16384,7168,692.433,1085.425,775.698,0.2119
mixed,4,1,0.25,4.0,256,8192,8192,32768,14336,1009.121,1707.956,1367.539,0.5129
mixed,4,1,0.25,4.0,256,16384,128,512,224,769.683,771.344,771.891,1.3285
mixed,4,1,0.25,4.0,256,16384,256,1024,448,770.562,771.234,770.818,0.3795
mixed,4,1,0.25,4.0,256,16384,512,2048,896,771.33,772.691,770.897,-0.3186
mixed,4,1,0.25,4.0,256,16384,1024,4096,1792,771.345,775.873,771.682,0.0743
mixed,4,1,0.25,4.0,256,16384,2048,8192,3584,771.89,772.657,773.394,1.9628
mixed,4,1,0.25,4.0,256,16384,4096,16384,7168,774.529,1391.157,769.633,-0.0079
mixed,4,1,0.25,4.0,256,16384,8192,32768,14336,1235.106,2003.556,1385.667,0.1959
mixed,4,1,0.25,4.0,1024,0,128,512,224,222.495,222.018,221.233,
mixed,4,1,0.25,4.0,1024,0,256,1024,448,222.084,228.269,227.68,0.9048
mixed,4,1,0.25,4.0,1024,0,512,2048,896,227.614,234.915,231.04,0.4693
mixed,4,1,0.25,4.0,1024,0,1024,4096,1792,233.571,243.474,237.81,0.4281
mixed,4,1,0.25,4.0,1024,0,2048,8192,3584,250.015,264.724,254.703,0.3187
mixed,4,1,0.25,4.0,1024,0,4096,16384,7168,260.067,296.849,267.858,0.2118
mixed,4,1,0.25,4.0,1024,0,8192,32768,14336,290.545,356.291,298.158,0.1158
mixed,4,1,0.25,4.0,1024,512,128,512,224,329.748,330.176,329.618,-0.3022
mixed,4,1,0.25,4.0,1024,512,256,1024,448,330.016,335.042,330.961,0.188
mixed,4,1,0.25,4.0,1024,512,512,2048,896,333.169,342.59,337.664,0.4771
mixed,4,1,0.25,4.0,1024,512,1024,4096,1792,341.535,351.392,346.163,0.4696
mixed,4,1,0.25,4.0,1024,512,2048,8192,3584,357.233,371.826,363.041,0.398
mixed,4,1,0.25,4.0,1024,512,4096,16384,7168,368.64,405.683,375.296,0.1797
mixed,4,1,0.25,4.0,1024,512,8192,32768,14336,398.993,462.51,404.96,0.0939
mixed,4,1,0.25,4.0,1024,2048,128,512,224,452.065,454.226,452.798,0.3389
mixed,4,1,0.25,4.0,1024,2048,256,1024,448,452.54,456.449,456.415,0.9914
mixed,4,1,0.25,4.0,1024,2048,512,2048,896,455.284,467.308,459.425,0.3444
mixed,4,1,0.25,4.0,1024,2048,1024,4096,1792,469.503,474.544,469.006,-0.0984
mixed,4,1,0.25,4.0,1024,2048,2048,8192,3584,482.644,494.403,487.889,0.4461
mixed,4,1,0.25,4.0,1024,2048,4096,16384,7168,490.753,528.082,498.357,0.2037
mixed,4,1,0.25,4.0,1024,2048,8192,32768,14336,520.325,582.258,529.924,0.155
mixed,4,1,0.25,4.0,1024,8192,128,512,224,950.547,950.609,951.904,21.8871
mixed,4,1,0.25,4.0,1024,8192,256,1024,448,949.742,953.794,952.403,0.6567
mixed,4,1,0.25,4.0,1024,8192,512,2048,896,954.389,960.244,959.393,0.8547
mixed,4,1,0.25,4.0,1024,8192,1024,4096,1792,965.65,972.257,971.777,0.9273
mixed,4,1,0.25,4.0,1024,8192,2048,8192,3584,977.133,989.17,980.607,0.2886
mixed,4,1,0.25,4.0,1024,8192,4096,16384,7168,985.878,1019.109,993.649,0.2339
mixed,4,1,0.25,4.0,1024,8192,8192,32768,14336,1015.555,1074.019,1024.373,0.1508
mixed,4,1,0.25,4.0,1024,16384,128,512,224,1581.472,1582.118,1579.905,-2.4265
mixed,4,1,0.25,4.0,1024,16384,256,1024,448,1584.467,1587.812,1589.125,1.3925
mixed,4,1,0.25,4.0,1024,16384,512,2048,896,1585.668,1592.629,1591.139,0.786
mixed,4,1,0.25,4.0,1024,16384,1024,4096,1792,1604.164,1601.474,1605.093,
mixed,4,1,0.25,4.0,1024,16384,2048,8192,3584,1610.385,1622.887,1612.372,0.1589
mixed,4,1,0.25,4.0,1024,16384,4096,16384,7168,1619.763,1651.239,1626.532,0.2151
mixed,4,1,0.25,4.0,1024,16384,8192,32768,14336,1646.562,1706.481,1651.954,0.09
mixed,4,1,0.25,4.0,4096,0,128,512,224,671.264,671.779,670.196,-2.0777
mixed,4,1,0.25,4.0,4096,0,256,1024,448,672.286,683.794,675.808,0.306
mixed,4,1,0.25,4.0,4096,0,512,2048,896,676.786,684.022,680.899,0.5683
mixed,4,1,0.25,4.0,4096,0,1024,4096,1792,692.097,701.168,688.37,-0.4108
mixed,4,1,0.25,4.0,4096,0,2048,8192,3584,708.723,719.811,707.604,-0.1009
mixed,4,1,0.25,4.0,4096,0,4096,16384,7168,715.472,749.603,722.692,0.2115
mixed,4,1,0.25,4.0,4096,0,8192,32768,14336,744.946,812.353,752.0,0.1047
mixed,4,1,0.25,4.0,4096,512,128,512,224,884.417,887.299,889.202,1.6604
mixed,4,1,0.25,4.0,4096,512,256,1024,448,887.236,893.461,889.349,0.3395
mixed,4,1,0.25,4.0,4096,512,512,2048,896,891.521,901.251,897.698,0.6349
mixed,4,1,0.25,4.0,4096,512,1024,4096,1792,907.25,903.749,902.257,
mixed,4,1,0.25,4.0,4096,512,2048,8192,3584,917.088,929.78,919.251,0.1705
mixed,4,1,0.25,4.0,4096,512,4096,16384,7168,923.895,960.399,933.024,0.2501
mixed,4,1,0.25,4.0,4096,512,8192,32768,14336,950.994,1016.099,959.841,0.1359
mixed,4,1,0.25,4.0,4096,2048,128,512,224,1178.898,1177.028,1175.568,
mixed,4,1,0.25,4.0,4096,2048,256,1024,448,1175.028,1182.66,1175.856,0.1085
mixed,4,1,0.25,4.0,4096,2048,512,2048,896,1184.016,1189.505,1187.969,0.72
mixed,4,1,0.25,4.0,4096,2048,1024,4096,1792,1194.835,1197.686,1199.32,1.5734
mixed,4,1,0.25,4.0,4096,2048,2048,8192,3584,1204.468,1218.402,1208.003,0.2537
mixed,4,1,0.25,4.0,4096,2048,4096,16384,7168,1218.053,1248.451,1226.36,0.2732
mixed,4,1,0.25,4.0,4096,2048,8192,32768,14336,1244.227,1308.193,1248.641,0.069
mixed,4,1,0.25,4.0,4096,8192,128,512,224,2306.74,2308.646,2304.872,-0.9803
mixed,4,1,0.25,4.0,4096,8192,256,1024,448,2313.383,2305.735,2307.253,
mixed,4,1,0.25,4.0,4096,8192,512,2048,896,2313.368,2326.597,2313.445,0.0059
mixed,4,1,0.25,4.0,4096,8192,1024,4096,1792,2322.953,2325.637,2329.079,2.2822
mixed,4,1,0.25,4.0,4096,8192,2048,8192,3584,2335.014,2355.478,2335.622,0.0297
mixed,4,1,0.25,4.0,4096,8192,4096,16384,7168,2344.532,2383.225,2350.822,0.1626
mixed,4,1,0.25,4.0,4096,8192,8192,32768,14336,2378.328,2434.644,2380.787,0.0437
mixed,4,1,0.25,4.0,4096,16384,128,512,224,3795.641,3787.478,3781.387,
mixed,4,1,0.25,4.0,4096,16384,256,1024,448,3786.681,3791.403,3788.249,0.3321
mixed,4,1,0.25,4.0,4096,16384,512,2048,896,3787.979,3799.928,3789.495,0.1269
mixed,4,1,0.25,4.0,4096,16384,1024,4096,1792,3797.322,3810.891,3808.46,0.8208
mixed,4,1,0.25,4.0,4096,16384,2048,8192,3584,3807.672,3825.208,3828.39,1.1815
mixed,4,1,0.25,4.0,4096,16384,4096,16384,7168,3823.822,3853.578,3833.372,0.3209
mixed,4,1,0.25,4.0,4096,16384,8192,32768,14336,3848.316,3931.082,3855.227,0.0835
pure,4,2,0.5,4.0,0,0,128,512,320,70.418,74.866,74.864,0.9996
pure,4,2,0.5,4.0,0,0,256,1024,640,75.073,75.552,75.825,1.5732
pure,4,2,0.5,4.0,0,0,512,2048,1280,76.992,81.089,81.071,0.9957
pure,4,2,0.5,4.0,0,0,1024,4096,2560,82.272,89.439,85.696,0.4776
pure,4,2,0.5,4.0,0,0,2048,8192,5120,96.288,104.705,101.52,0.6216
pure,4,2,0.5,4.0,0,0,4096,16384,10240,113.041,132.513,116.208,0.1626
pure,4,2,0.5,4.0,0,0,8192,32768,20480,146.942,187.695,149.521,0.0633
mixed,4,2,0.5,4.0,16,0,128,512,320,86.4,85.84,83.953,
mixed,4,2,0.5,4.0,16,0,256,1024,640,87.025,87.857,87.855,0.9988
mixed,4,2,0.5,4.0,16,0,512,2048,1280,88.674,92.881,88.193,-0.1143
mixed,4,2,0.5,4.0,16,0,1024,4096,2560,97.856,108.834,95.151,-0.2464
mixed,4,2,0.5,4.0,16,0,2048,8192,5120,115.856,119.905,109.472,-1.5766
mixed,4,2,0.5,4.0,16,0,4096,16384,10240,128.385,143.695,131.666,0.2143
mixed,4,2,0.5,4.0,16,0,8192,32768,20480,158.322,200.514,179.377,0.4991
mixed,4,2,0.5,4.0,16,512,128,512,320,103.633,103.133,102.673,
mixed,4,2,0.5,4.0,16,512,256,1024,640,96.512,98.257,95.106,-0.8057
mixed,4,2,0.5,4.0,16,512,512,2048,1280,99.216,114.144,103.297,0.2733
mixed,4,2,0.5,4.0,16,512,1024,4096,2560,117.617,120.209,103.808,-5.3261
mixed,4,2,0.5,4.0,16,512,2048,8192,5120,121.584,128.48,112.256,-1.3529
mixed,4,2,0.5,4.0,16,512,4096,16384,10240,133.234,145.921,134.433,0.0945
mixed,4,2,0.5,4.0,16,512,8192,32768,20480,160.769,201.202,179.633,0.4666
mixed,4,2,0.5,4.0,16,2048,128,512,320,113.376,115.279,113.631,0.1342
mixed,4,2,0.5,4.0,16,2048,256,1024,640,115.088,118.514,116.319,0.3593
mixed,4,2,0.5,4.0,16,2048,512,2048,1280,118.832,116.209,118.879,
mixed,4,2,0.5,4.0,16,2048,1024,4096,2560,120.08,123.952,120.481,0.1036
mixed,4,2,0.5,4.0,16,2048,2048,8192,5120,129.2,141.984,119.04,-0.7946
mixed,4,2,0.5,4.0,16,2048,4096,16384,10240,147.616,148.641,134.385,-12.9083
mixed,4,2,0.5,4.0,16,2048,8192,32768,20480,163.168,199.568,180.913,0.4875
mixed,4,2,0.5,4.0,16,8192,128,512,320,144.382,144.562,145.137,4.1972
mixed,4,2,0.5,4.0,16,8192,256,1024,640,143.2,142.433,144.832,
mixed,4,2,0.5,4.0,16,8192,512,2048,1280,143.456,140.481,140.257,
mixed,4,2,0.5,4.0,16,8192,1024,4096,2560,143.232,145.089,143.986,0.4061
mixed,4,2,0.5,4.0,16,8192,2048,8192,5120,145.808,151.888,145.904,0.0159
mixed,4,2,0.5,4.0,16,8192,4096,16384,10240,158.851,176.88,160.72,0.1037
mixed,4,2,0.5,4.0,16,8192,8192,32768,20480,186.289,217.358,181.714,-0.1473
mixed,4,2,0.5,4.0,16,16384,128,512,320,170.688,169.648,171.024,
mixed,4,2,0.5,4.0,16,16384,256,1024,640,170.465,168.257,170.704,
mixed,4,2,0.5,4.0,16,16384,512,2048,1280,166.897,167.857,169.538,2.7505
mixed,4,2,0.5,4.0,16,16384,1024,4096,2560,167.792,169.49,167.984,0.1128
mixed,4,2,0.5,4.0,16,16384,2048,8192,5120,172.239,174.528,172.352,0.0494
mixed,4,2,0.5,4.0,16,16384,4096,16384,10240,182.433,201.024,182.239,-0.0104
mixed,4,2,0.5,4.0,16,16384,8192,32768,20480,202.865,237.889,208.544,0.1621
mixed,4,2,0.5,4.0,64,0,128,512,320,89.024,87.65,86.334,
mixed,4,2,0.5,4.0,64,0,256,1024,640,88.019,91.264,92.529,1.3898
mixed,4,2,0.5,4.0,64,0,512,2048,1280,97.39,103.089,102.766,0.9434
mixed,4,2,0.5,4.0,64,0,1024,4096,2560,108.704,122.609,121.68,0.9332
mixed,4,2,0.5,4.0,64,0,2048,8192,5120,132.625,162.881,160.56,0.9233
mixed,4,2,0.5,4.0,64,0,4096,16384,10240,182.127,241.489,240.495,0.9833
mixed,4,2,0.5,4.0,64,0,8192,32768,20480,279.697,395.424,395.2,0.9981
mixed,4,2,0.5,4.0,64,512,128,512,320,115.456,115.698,115.344,-0.4619
mixed,4,2,0.5,4.0,64,512,256,1024,640,115.617,110.992,111.249,
mixed,4,2,0.5,4.0,64,512,512,2048,1280,113.17,112.194,110.656,
mixed,4,2,0.5,4.0,64,512,1024,4096,2560,115.713,131.041,129.391,0.8924
mixed,4,2,0.5,4.0,64,512,2048,8192,5120,141.427,169.679,167.583,0.9258
mixed,4,2,0.5,4.0,64,512,4096,16384,10240,189.952,245.937,245.041,0.984
mixed,4,2,0.5,4.0,64,512,8192,32768,20480,283.874,398.32,394.625,0.9677
mixed,4,2,0.5,4.0,64,2048,128,512,320,137.33,134.335,136.943,
mixed,4,2,0.5,4.0,64,2048,256,1024,640,136.511,137.008,136.945,0.8741
mixed,4,2,0.5,4.0,64,2048,512,2048,1280,138.095,137.457,136.944,
mixed,4,2,0.5,4.0,64,2048,1024,4096,2560,138.369,133.711,131.281,
mixed,4,2,0.5,4.0,64,2048,2048,8192,5120,143.474,171.121,170.224,0.9675
mixed,4,2,0.5,4.0,64,2048,4096,16384,10240,191.106,249.041,247.041,0.9655
mixed,4,2,0.5,4.0,64,2048,8192,32768,20480,287.058,401.265,402.097,1.0073
mixed,4,2,0.5,4.0,64,8192,128,512,320,199.872,201.379,199.472,-0.2652
mixed,4,2,0.5,4.0,64,8192,256,1024,640,199.441,200.239,199.394,-0.0582
mixed,4,2,0.5,4.0,64,8192,512,2048,1280,212.514,204.69,201.634,
mixed,4,2,0.5,4.0,64,8192,1024,4096,2560,203.809,204.609,204.304,0.6177
mixed,4,2,0.5,4.0,64,8192,2048,8192,5120,206.097,216.192,206.865,0.0761
mixed,4,2,0.5,4.0,64,8192,4096,16384,10240,211.743,253.153,250.206,0.9288
mixed,4,2,0.5,4.0,64,8192,8192,32768,20480,293.649,409.746,405.794,0.966
mixed,4,2,0.5,4.0,64,16384,128,512,320,277.393,276.928,277.441,
mixed,4,2,0.5,4.0,64,16384,256,1024,640,277.137,278.354,277.807,0.5505
mixed,4,2,0.5,4.0,64,16384,512,2048,1280,277.824,276.961,277.808,
mixed,4,2,0.5,4.0,64,16384,1024,4096,2560,308.288,292.831,320.849,
mixed,4,2,0.5,4.0,64,16384,2048,8192,5120,291.362,293.409,291.393,0.0151
mixed,4,2,0.5,4.0,64,16384,4096,16384,10240,294.704,321.058,293.25,-0.0552
mixed,4,2,0.5,4.0,64,16384,8192,32768,20480,322.96,411.953,410.799,0.987
mixed,4,2,0.5,4.0,256,0,128,512,320,141.92,141.713,141.809,
mixed,4,2,0.5,4.0,256,0,256,1024,640,147.632,161.968,161.857,0.9922
mixed,4,2,0.5,4.0,256,0,512,2048,1280,170.817,169.968,199.616,
mixed,4,2,0.5,4.0,256,0,1024,4096,2560,189.712,247.73,247.745,1.0002
mixed,4,2,0.5,4.0,256,0,2048,8192,5120,286.385,400.688,401.97,1.0112
mixed,4,2,0.5,4.0,256,0,4096,16384,10240,479.361,710.34,711.891,1.0067
mixed,4,2,0.5,4.0,256,0,8192,32768,20480,864.0,1325.941,1323.893,0.9956
mixed,4,2,0.5,4.0,256,512,128,512,320,164.16,183.873,172.353,0.4156
mixed,4,2,0.5,4.0,256,512,256,1024,640,192.321,205.983,184.162,-0.5973
mixed,4,2,0.5,4.0,256,512,512,2048,1280,215.344,244.96,201.234,-0.4764
mixed,4,2,0.5,4.0,256,512,1024,4096,2560,264.881,323.154,279.489,0.2507
mixed,4,2,0.5,4.0,256,512,2048,8192,5120,363.026,477.042,431.216,0.5981
mixed,4,2,0.5,4.0,256,512,4096,16384,10240,480.977,712.818,710.832,0.9914
mixed,4,2,0.5,4.0,256,512,8192,32768,20480,866.051,1325.794,1325.396,0.9991
mixed,4,2,0.5,4.0,256,2048,128,512,320,224.05,224.498,225.809,3.9231
mixed,4,2,0.5,4.0,256,2048,256,1024,640,225.264,224.737,223.905,
mixed,4,2,0.5,4.0,256,2048,512,2048,1280,239.521,304.177,261.519,0.3402
mixed,4,2,0.5,4.0,256,2048,1024,4096,2560,327.04,386.672,305.969,-0.3533
mixed,4,2,0.5,4.0,256,2048,2048,8192,5120,422.576,541.232,437.039,0.1219
mixed,4,2,0.5,4.0,256,2048,4096,16384,10240,614.659,849.04,747.106,0.5651
mixed,4,2,0.5,4.0,256,2048,8192,32768,20480,1002.594,1328.533,1360.548,1.0982
mixed,4,2,0.5,4.0,256,8192,128,512,320,462.354,463.921,462.529,0.1117
mixed,4,2,0.5,4.0,256,8192,256,1024,640,462.194,461.697,461.827,
mixed,4,2,0.5,4.0,256,8192,512,2048,1280,462.464,463.219,462.753,0.3837
mixed,4,2,0.5,4.0,256,8192,1024,4096,2560,463.344,463.505,464.818,9.1584
mixed,4,2,0.5,4.0,256,8192,2048,8192,5120,538.833,780.785,618.098,0.3276
mixed,4,2,0.5,4.0,256,8192,4096,16384,10240,854.066,1085.556,776.337,-0.3358
mixed,4,2,0.5,4.0,256,8192,8192,32768,20480,1240.754,1705.506,1371.299,0.2809
mixed,4,2,0.5,4.0,256,16384,128,512,320,771.441,771.043,771.105,
mixed,4,2,0.5,4.0,256,16384,256,1024,640,771.378,770.385,770.338,
mixed,4,2,0.5,4.0,256,16384,512,2048,1280,772.69,772.226,773.122,
mixed,4,2,0.5,4.0,256,16384,1024,4096,2560,772.179,773.427,773.876,1.3595
mixed,4,2,0.5,4.0,256,16384,2048,8192,5120,772.21,772.738,775.49,6.2171
mixed,4,2,0.5,4.0,256,16384,4096,16384,10240,925.489,1389.682,1076.624,0.3256
mixed,4,2,0.5,4.0,256,16384,8192,32768,20480,1543.075,2005.429,1391.716,-0.3274
mixed,4,2,0.5,4.0,1024,0,128,512,320,221.933,221.792,221.28,
mixed,4,2,0.5,4.0,1024,0,256,1024,640,223.167,228.561,227.839,0.8663
mixed,4,2,0.5,4.0,1024,0,512,2048,1280,229.47,233.71,233.278,0.8981
mixed,4,2,0.5,4.0,1024,0,1024,4096,2560,237.795,244.433,240.351,0.3851
mixed,4,2,0.5,4.0,1024,0,2048,8192,5120,253.776,263.886,256.96,0.315
mixed,4,2,0.5,4.0,1024,0,4096,16384,10240,273.488,295.537,277.68,0.1901
mixed,4,2,0.5,4.0,1024,0,8192,32768,20480,312.801,356.145,317.776,0.1148
mixed,4,2,0.5,4.0,1024,512,128,512,320,329.969,329.47,330.175,
mixed,4,2,0.5,4.0,1024,512,256,1024,640,333.124,333.793,333.25,0.1882
mixed,4,2,0.5,4.0,1024,512,512,2048,1280,336.018,342.302,339.921,0.6212
mixed,4,2,0.5,4.0,1024,512,1024,4096,2560,345.44,352.606,348.174,0.3815
mixed,4,2,0.5,4.0,1024,512,2048,8192,5120,359.33,374.594,363.936,0.3018
mixed,4,2,0.5,4.0,1024,512,4096,16384,10240,381.427,405.649,384.995,0.1473
mixed,4,2,0.5,4.0,1024,512,8192,32768,20480,421.569,464.879,425.358,0.0875
mixed,4,2,0.5,4.0,1024,2048,128,512,320,450.875,455.344,452.332,0.326
mixed,4,2,0.5,4.0,1024,2048,256,1024,640,454.465,459.443,455.651,0.2383
mixed,4,2,0.5,4.0,1024,2048,512,2048,1280,461.203,466.45,462.048,0.1612
mixed,4,2,0.5,4.0,1024,2048,1024,4096,2560,468.48,476.948,471.424,0.3477
mixed,4,2,0.5,4.0,1024,2048,2048,8192,5120,481.025,494.259,487.569,0.4945
mixed,4,2,0.5,4.0,1024,2048,4096,16384,10240,502.838,528.98,509.409,0.2514
mixed,4,2,0.5,4.0,1024,2048,8192,32768,20480,542.368,585.362,548.222,0.1362
mixed,4,2,0.5,4.0,1024,8192,128,512,320,948.832,953.829,951.617,0.5574
mixed,4,2,0.5,4.0,1024,8192,256,1024,640,951.654,953.56,957.376,3.0029
mixed,4,2,0.5,4.0,1024,8192,512,2048,1280,957.78,964.791,961.219,0.4905
mixed,4,2,0.5,4.0,1024,8192,1024,4096,2560,964.784,970.885,970.707,0.9707
mixed,4,2,0.5,4.0,1024,8192,2048,8192,5120,979.027,988.77,982.864,0.3938
mixed,4,2,0.5,4.0,1024,8192,4096,16384,10240,995.682,1015.283,1001.763,0.3102
mixed,4,2,0.5,4.0,1024,8192,8192,32768,20480,1033.719,1073.475,1038.016,0.1081
mixed,4,2,0.5,4.0,1024,16384,128,512,320,1589.157,1581.635,1580.931,
mixed,4,2,0.5,4.0,1024,16384,256,1024,640,1583.28,1592.291,1587.766,0.4978
mixed,4,2,0.5,4.0,1024,16384,512,2048,1280,1589.542,1594.898,1597.014,1.3952
mixed,4,2,0.5,4.0,1024,16384,1024,4096,2560,1595.73,1602.05,1599.747,0.6356
mixed,4,2,0.5,4.0,1024,16384,2048,8192,5120,1612.625,1622.005,1613.218,0.0633
mixed,4,2,0.5,4.0,1024,16384,4096,16384,10240,1635.444,1646.71,1632.276,-0.2812
mixed,4,2,0.5,4.0,1024,16384,8192,32768,20480,1661.621,1706.739,1668.196,0.1457
mixed,4,2,0.5,4.0,4096,0,128,512,320,672.547,674.356,670.886,-0.9174
mixed,4,2,0.5,4.0,4096,0,256,1024,640,676.864,679.107,676.786,-0.0346
mixed,4,2,0.5,4.0,4096,0,512,2048,1280,679.924,685.938,683.394,0.5769
mixed,4,2,0.5,4.0,4096,0,1024,4096,2560,692.769,695.503,694.305,0.562
mixed,4,2,0.5,4.0,4096,0,2048,8192,5120,706.065,717.058,707.38,0.1195
mixed,4,2,0.5,4.0,4096,0,4096,16384,10240,729.124,750.277,731.923,0.1323
mixed,4,2,0.5,4.0,4096,0,8192,32768,20480,769.172,811.601,772.29,0.0735
mixed,4,2,0.5,4.0,4096,512,128,512,320,887.841,887.392,887.907,
mixed,4,2,0.5,4.0,4096,512,256,1024,640,891.01,893.97,890.992,-0.0064
mixed,4,2,0.5,4.0,4096,512,512,2048,1280,895.86,899.733,901.252,1.3924
mixed,4,2,0.5,4.0,4096,512,1024,4096,2560,904.271,907.571,901.285,-0.9048
mixed,4,2,0.5,4.0,4096,512,2048,8192,5120,915.603,932.643,919.023,0.2007
mixed,4,2,0.5,4.0,4096,512,4096,16384,10240,936.852,957.378,940.819,0.1932
mixed,4,2,0.5,4.0,4096,512,8192,32768,20480,974.927,1016.898,978.388,0.0825
mixed,4,2,0.5,4.0,4096,2048,128,512,320,1175.538,1180.306,1179.89,0.9127
mixed,4,2,0.5,4.0,4096,2048,256,1024,640,1183.908,1179.856,1177.879,
mixed,4,2,0.5,4.0,4096,2048,512,2048,1280,1184.151,1189.445,1190.535,1.206
mixed,4,2,0.5,4.0,4096,2048,1024,4096,2560,1192.419,1197.443,1194.865,0.4868
mixed,4,2,0.5,4.0,4096,2048,2048,8192,5120,1211.284,1220.79,1212.406,0.1181
mixed,4,2,0.5,4.0,4096,2048,4096,16384,10240,1225.959,1248.487,1232.39,0.2855
mixed,4,2,0.5,4.0,4096,2048,8192,32768,20480,1265.266,1306.71,1268.918,0.0881
mixed,4,2,0.5,4.0,4096,8192,128,512,320,2304.952,2306.356,2308.278,2.3693
mixed,4,2,0.5,4.0,4096,8192,256,1024,640,2308.407,2309.495,2314.629,5.7192
mixed,4,2,0.5,4.0,4096,8192,512,2048,1280,2313.033,2319.32,2315.097,0.3283
mixed,4,2,0.5,4.0,4096,8192,1024,4096,2560,2317.432,2330.308,2327.143,0.7542
mixed,4,2,0.5,4.0,4096,8192,2048,8192,5120,2334.245,2356.411,2339.684,0.2454
mixed,4,2,0.5,4.0,4096,8192,4096,16384,10240,2353.8,2375.653,2358.885,0.2327
mixed,4,2,0.5,4.0,4096,8192,8192,32768,20480,2384.697,2437.35,2395.106,0.1977
mixed,4,2,0.5,4.0,4096,16384,128,512,320,3788.65,3785.959,3785.113,
mixed,4,2,0.5,4.0,4096,16384,256,1024,640,3784.282,3800.742,3789.14,0.2952
mixed,4,2,0.5,4.0,4096,16384,512,2048,1280,3788.138,3794.311,3798.395,1.6615
mixed,4,2,0.5,4.0,4096,16384,1024,4096,2560,3797.478,3809.595,3821.132,1.9523
mixed,4,2,0.5,4.0,4096,16384,2048,8192,5120,3812.745,3824.625,3822.599,0.8295
mixed,4,2,0.5,4.0,4096,16384,4096,16384,10240,3840.247,3848.807,3841.547,0.1519
mixed,4,2,0.5,4.0,4096,16384,8192,32768,20480,3875.023,3925.931,3870.104,-0.0966
pure,4,3,0.75,4.0,0,0,128,512,416,75.184,75.168,74.418,
pure,4,3,0.75,4.0,0,0,256,1024,832,76.144,75.743,75.617,
pure,4,3,0.75,4.0,0,0,512,2048,1664,77.984,81.343,80.047,0.6143
pure,4,3,0.75,4.0,0,0,1024,4096,3328,89.743,89.392,91.968,
pure,4,3,0.75,4.0,0,0,2048,8192,6656,100.593,105.008,103.328,0.6196
pure,4,3,0.75,4.0,0,0,4096,16384,13312,122.221,132.498,122.801,0.0564
pure,4,3,0.75,4.0,0,0,8192,32768,26624,163.68,185.472,167.489,0.1748
mixed,4,3,0.75,4.0,16,0,128,512,416,85.072,85.392,85.522,1.4019
mixed,4,3,0.75,4.0,16,0,256,1024,832,91.967,86.608,87.055,
mixed,4,3,0.75,4.0,16,0,512,2048,1664,89.537,93.488,88.992,-0.1379
mixed,4,3,0.75,4.0,16,0,1024,4096,3328,106.865,108.048,98.081,-7.4323
mixed,4,3,0.75,4.0,16,0,2048,8192,6656,116.159,117.424,114.383,-1.4036
mixed,4,3,0.75,4.0,16,0,4096,16384,13312,135.584,144.849,139.248,0.3955
mixed,4,3,0.75,4.0,16,0,8192,32768,26624,176.976,200.608,185.456,0.3588
mixed,4,3,0.75,4.0,16,512,128,512,416,104.8,103.57,103.104,
mixed,4,3,0.75,4.0,16,512,256,1024,832,97.856,97.376,97.089,
mixed,4,3,0.75,4.0,16,512,512,2048,1664,109.951,113.408,109.904,-0.0136
mixed,4,3,0.75,4.0,16,512,1024,4096,3328,118.559,121.68,118.08,-0.1535
mixed,4,3,0.75,4.0,16,512,2048,8192,6656,125.295,134.209,117.072,-0.9225
mixed,4,3,0.75,4.0,16,512,4096,16384,13312,139.712,150.785,138.144,-0.1416
mixed,4,3,0.75,4.0,16,512,8192,32768,26624,177.826,200.689,185.775,0.3477
mixed,4,3,0.75,4.0,16,2048,128,512,416,116.081,116.351,114.176,-7.0574
mixed,4,3,0.75,4.0,16,2048,256,1024,832,117.919,118.144,117.344,-2.5556
mixed,4,3,0.75,4.0,16,2048,512,2048,1664,118.606,117.442,118.338,
mixed,4,3,0.75,4.0,16,2048,1024,4096,3328,124.417,123.888,122.174,
mixed,4,3,0.75,4.0,16,2048,2048,8192,6656,136.529,139.921,135.972,-0.1641
mixed,4,3,0.75,4.0,16,2048,4096,16384,13312,147.151,149.169,148.192,0.5159
mixed,4,3,0.75,4.0,16,2048,8192,32768,26624,178.785,196.255,186.0,0.413
mixed,4,3,0.75,4.0,16,8192,128,512,416,144.352,145.345,144.288,-0.0645
mixed,4,3,0.75,4.0,16,8192,256,1024,832,144.625,142.673,143.696,
mixed,4,3,0.75,4.0,16,8192,512,2048,1664,142.335,144.16,141.664,-0.368
mixed,4,3,0.75,4.0,16,8192,1024,4096,3328,144.737,145.169,144.833,0.222
mixed,4,3,0.75,4.0,16,8192,2048,8192,6656,149.537,150.802,149.345,-0.1523
mixed,4,3,0.75,4.0,16,8192,4096,16384,13312,166.673,174.848,170.033,0.411
mixed,4,3,0.75,4.0,16,8192,8192,32768,26624,205.281,215.505,205.073,-0.0202
mixed,4,3,0.75,4.0,16,16384,128,512,416,171.361,171.586,170.976,-1.7051
mixed,4,3,0.75,4.0,16,16384,256,1024,832,168.112,168.591,167.938,-0.3615
mixed,4,3,0.75,4.0,16,16384,512,2048,1664,166.847,168.082,167.761,0.74
mixed,4,3,0.75,4.0,16,16384,1024,4096,3328,169.409,170.689,169.825,0.3246
mixed,4,3,0.75,4.0,16,16384,2048,8192,6656,169.872,175.104,175.073,0.9941
mixed,4,3,0.75,4.0,16,16384,4096,16384,13312,185.281,199.682,190.352,0.3521
mixed,4,3,0.75,4.0,16,16384,8192,32768,26624,218.48,239.426,215.2,-0.1566
mixed,4,3,0.75,4.0,64,0,128,512,416,86.048,87.072,86.847,0.7802
mixed,4,3,0.75,4.0,64,0,256,1024,832,92.066,92.112,92.879,17.4839
mixed,4,3,0.75,4.0,64,0,512,2048,1664,98.465,102.992,102.577,0.9083
mixed,4,3,0.75,4.0,64,0,1024,4096,3328,112.897,123.167,124.128,1.0936
mixed,4,3,0.75,4.0,64,0,2048,8192,6656,148.466,163.2,161.874,0.91
mixed,4,3,0.75,4.0,64,0,4096,16384,13312,211.394,241.058,241.905,1.0286
mixed,4,3,0.75,4.0,64,0,8192,32768,26624,337.649,394.321,396.209,1.0333
mixed,4,3,0.75,4.0,64,512,128,512,416,116.417,116.273,117.038,
mixed,4,3,0.75,4.0,64,512,256,1024,832,116.447,111.362,111.504,
mixed,4,3,0.75,4.0,64,512,512,2048,1664,113.553,111.409,110.591,
mixed,4,3,0.75,4.0,64,512,1024,4096,3328,121.264,131.601,128.497,0.6997
mixed,4,3,0.75,4.0,64,512,2048,8192,6656,154.575,169.488,166.656,0.8101
mixed,4,3,0.75,4.0,64,512,4096,16384,13312,216.639,244.337,243.921,0.985
mixed,4,3,0.75,4.0,64,512,8192,32768,26624,340.816,399.679,398.034,0.972
mixed,4,3,0.75,4.0,64,2048,128,512,416,136.29,136.514,135.663,-2.7884
mixed,4,3,0.75,4.0,64,2048,256,1024,832,137.204,137.711,135.475,-3.4069
mixed,4,3,0.75,4.0,64,2048,512,2048,1664,138.962,137.986,138.178,
mixed,4,3,0.75,4.0,64,2048,1024,4096,3328,139.362,132.769,131.632,
mixed,4,3,0.75,4.0,64,2048,2048,8192,6656,157.633,171.104,171.313,1.0155
mixed,4,3,0.75,4.0,64,2048,4096,16384,13312,219.825,248.351,245.36,0.8951
mixed,4,3,0.75,4.0,64,2048,8192,32768,26624,343.968,401.216,399.699,0.9735
mixed,4,3,0.75,4.0,64,8192,128,512,416,199.681,200.657,200.72,1.0651
mixed,4,3,0.75,4.0,64,8192,256,1024,832,200.367,199.585,199.41,
mixed,4,3,0.75,4.0,64,8192,512,2048,1664,204.529,204.304,204.338,
mixed,4,3,0.75,4.0,64,8192,1024,4096,3328,204.195,205.552,205.28,0.7996
mixed,4,3,0.75,4.0,64,8192,2048,8192,6656,196.849,214.897,266.961,3.8849
mixed,4,3,0.75,4.0,64,8192,4096,16384,13312,222.319,251.25,252.495,1.0431
mixed,4,3,0.75,4.0,64,8192,8192,32768,26624,352.241,410.031,407.489,0.956
mixed,4,3,0.75,4.0,64,16384,128,512,416,277.392,277.633,277.601,0.8669
mixed,4,3,0.75,4.0,64,16384,256,1024,832,278.065,277.697,276.673,
mixed,4,3,0.75,4.0,64,16384,512,2048,1664,278.866,277.967,277.695,
mixed,4,3,0.75,4.0,64,16384,1024,4096,3328,290.945,292.433,291.153,0.1394
mixed,4,3,0.75,4.0,64,16384,2048,8192,6656,292.226,292.128,292.259,
mixed,4,3,0.75,4.0,64,16384,4096,16384,13312,297.203,319.249,452.674,7.052
mixed,4,3,0.75,4.0,64,16384,8192,32768,26624,354.608,411.408,411.826,1.0074
mixed,4,3,0.75,4.0,256,0,128,512,416,138.593,141.28,141.522,1.0897
mixed,4,3,0.75,4.0,256,0,256,1024,832,151.423,161.713,161.873,1.0156
mixed,4,3,0.75,4.0,256,0,512,2048,1664,155.904,170.8,170.77,0.998
mixed,4,3,0.75,4.0,256,0,1024,4096,3328,218.785,247.905,247.774,0.9955
mixed,4,3,0.75,4.0,256,0,2048,8192,6656,344.414,402.385,401.679,0.9878
mixed,4,3,0.75,4.0,256,0,4096,16384,13312,596.322,710.368,710.978,1.0053
mixed,4,3,0.75,4.0,256,0,8192,32768,26624,1095.317,1324.468,1324.786,1.0014
mixed,4,3,0.75,4.0,256,512,128,512,416,161.584,184.753,181.855,0.8749
mixed,4,3,0.75,4.0,256,512,256,1024,832,196.945,206.048,203.969,0.7715
mixed,4,3,0.75,4.0,256,512,512,2048,1664,230.017,247.232,244.961,0.8681
mixed,4,3,0.75,4.0,256,512,1024,4096,3328,294.673,323.281,321.44,0.9357
mixed,4,3,0.75,4.0,256,512,2048,8192,6656,421.279,478.53,476.738,0.9687
mixed,4,3,0.75,4.0,256,512,4096,16384,13312,596.817,712.771,711.938,0.9928
mixed,4,3,0.75,4.0,256,512,8192,32768,26624,1098.85,1327.029,1326.356,0.9971
mixed,4,3,0.75,4.0,256,2048,128,512,416,225.459,226.112,223.616,-2.8224
mixed,4,3,0.75,4.0,256,2048,256,1024,832,224.769,224.206,224.063,
mixed,4,3,0.75,4.0,256,2048,512,2048,1664,269.359,305.681,300.72,0.8634
mixed,4,3,0.75,4.0,256,2048,1024,4096,3328,357.024,386.576,383.313,0.8896
mixed,4,3,0.75,4.0,256,2048,2048,8192,6656,482.912,542.001,538.322,0.9377
mixed,4,3,0.75,4.0,256,2048,4096,16384,13312,733.218,847.953,848.946,1.0087
mixed,4,3,0.75,4.0,256,2048,8192,32768,26624,1234.611,1326.628,1462.1,2.4722
mixed,4,3,0.75,4.0,256,8192,128,512,416,463.169,462.078,462.13,
mixed,4,3,0.75,4.0,256,8192,256,1024,832,462.576,464.048,463.168,0.4025
mixed,4,3,0.75,4.0,256,8192,512,2048,1664,463.394,463.331,463.089,
mixed,4,3,0.75,4.0,256,8192,1024,4096,3328,463.553,463.663,462.721,-7.6027
mixed,4,3,0.75,4.0,256,8192,2048,8192,6656,656.931,777.539,773.585,0.9672
mixed,4,3,0.75,4.0,256,8192,4096,16384,13312,970.45,1086.132,1088.452,1.0201
mixed,4,3,0.75,4.0,256,8192,8192,32768,26624,1471.797,1702.884,1700.26,0.9886
mixed,4,3,0.75,4.0,256,16384,128,512,416,771.138,769.874,772.562,
mixed,4,3,0.75,4.0,256,16384,256,1024,832,772.545,771.457,771.441,
mixed,4,3,0.75,4.0,256,16384,512,2048,1664,771.105,772.868,773.363,1.2811
mixed,4,3,0.75,4.0,256,16384,1024,4096,3328,771.298,772.402,772.994,1.5353
mixed,4,3,0.75,4.0,256,16384,2048,8192,6656,772.995,773.056,773.137,2.3171
mixed,4,3,0.75,4.0,256,16384,4096,16384,13312,1156.962,1389.218,1387.986,0.9947
mixed,4,3,0.75,4.0,256,16384,8192,32768,26624,1782.932,2002.868,2004.517,1.0075
mixed,4,3,0.75,4.0,1024,0,128,512,416,223.504,222.994,223.155,
mixed,4,3,0.75,4.0,1024,0,256,1024,832,224.192,229.106,228.351,0.8465
mixed,4,3,0.75,4.0,1024,0,512,2048,1664,231.65,234.977,233.439,0.5378
mixed,4,3,0.75,4.0,1024,0,1024,4096,3328,244.608,244.787,247.393,15.5559
mixed,4,3,0.75,4.0,1024,0,2048,8192,6656,257.155,264.818,258.462,0.1707
mixed,4,3,0.75,4.0,1024,0,4096,16384,13312,285.378,295.587,286.223,0.0827
mixed,4,3,0.75,4.0,1024,0,8192,32768,26624,334.128,355.778,335.7,0.0726
mixed,4,3,0.75,4.0,1024,512,128,512,416,332.306,330.336,329.262,
mixed,4,3,0.75,4.0,1024,512,256,1024,832,332.175,335.185,333.668,0.496
mixed,4,3,0.75,4.0,1024,512,512,2048,1664,339.779,341.713,340.132,0.1825
mixed,4,3,0.75,4.0,1024,512,1024,4096,3328,352.354,352.48,354.0,13.0158
mixed,4,3,0.75,4.0,1024,512,2048,8192,6656,365.68,372.628,367.246,0.2255
mixed,4,3,0.75,4.0,1024,512,4096,16384,13312,392.125,405.937,396.13,0.2899
mixed,4,3,0.75,4.0,1024,512,8192,32768,26624,442.034,461.49,445.602,0.1834
mixed,4,3,0.75,4.0,1024,2048,128,512,416,452.722,452.803,452.61,-1.3889
mixed,4,3,0.75,4.0,1024,2048,256,1024,832,458.264,457.569,456.547,
mixed,4,3,0.75,4.0,1024,2048,512,2048,1664,465.955,466.625,469.127,4.7308
mixed,4,3,0.75,4.0,1024,2048,1024,4096,3328,475.615,475.762,477.81,14.932
mixed,4,3,0.75,4.0,1024,2048,2048,8192,6656,488.516,494.851,489.189,0.1062
mixed,4,3,0.75,4.0,1024,2048,4096,16384,13312,515.44,527.329,517.459,0.1698
mixed,4,3,0.75,4.0,1024,2048,8192,32768,26624,562.227,582.704,564.93,0.132
mixed,4,3,0.75,4.0,1024,8192,128,512,416,953.698,953.681,950.548,
mixed,4,3,0.75,4.0,1024,8192,256,1024,832,952.929,955.602,955.312,0.8917
mixed,4,3,0.75,4.0,1024,8192,512,2048,1664,962.502,962.484,964.468,
mixed,4,3,0.75,4.0,1024,8192,1024,4096,3328,969.986,971.074,973.668,3.3822
mixed,4,3,0.75,4.0,1024,8192,2048,8192,6656,983.46,992.223,986.08,0.299
mixed,4,3,0.75,4.0,1024,8192,4096,16384,13312,1005.028,1017.208,1009.171,0.3401
mixed,4,3,0.75,4.0,1024,8192,8192,32768,26624,1054.305,1074.578,1057.361,0.1507
mixed,4,3,0.75,4.0,1024,16384,128,512,416,1582.532,1583.396,1587.412,5.6481
mixed,4,3,0.75,4.0,1024,16384,256,1024,832,1584.566,1594.296,1589.586,0.5159
mixed,4,3,0.75,4.0,1024,16384,512,2048,1664,1595.459,1592.773,1597.905,
mixed,4,3,0.75,4.0,1024,16384,1024,4096,3328,1603.557,1598.407,1608.213,
mixed,4,3,0.75,4.0,1024,16384,2048,8192,6656,1615.941,1620.504,1615.026,-0.2005
mixed,4,3,0.75,4.0,1024,16384,4096,16384,13312,1639.842,1652.055,1643.911,0.3331
mixed,4,3,0.75,4.0,1024,16384,8192,32768,26624,1682.372,1704.019,1685.442,0.1418
mixed,4,3,0.75,4.0,4096,0,128,512,416,672.335,672.112,671.584,
mixed,4,3,0.75,4.0,4096,0,256,1024,832,678.259,678.339,680.131,23.5535
mixed,4,3,0.75,4.0,4096,0,512,2048,1664,688.946,683.712,695.058,
mixed,4,3,0.75,4.0,4096,0,1024,4096,3328,697.89,699.955,705.647,3.7564
mixed,4,3,0.75,4.0,4096,0,2048,8192,6656,710.144,716.833,712.051,0.2851
mixed,4,3,0.75,4.0,4096,0,4096,16384,13312,737.806,751.537,739.969,0.1575
mixed,4,3,0.75,4.0,4096,0,8192,32768,26624,787.812,812.354,791.092,0.1336
mixed,4,3,0.75,4.0,4096,512,128,512,416,888.19,892.031,891.809,0.9423
mixed,4,3,0.75,4.0,4096,512,256,1024,832,890.771,893.986,888.389,-0.7406
mixed,4,3,0.75,4.0,4096,512,512,2048,1664,902.066,900.832,901.171,
mixed,4,3,0.75,4.0,4096,512,1024,4096,3328,911.779,906.676,910.098,
mixed,4,3,0.75,4.0,4096,512,2048,8192,6656,921.489,930.436,924.37,0.322
mixed,4,3,0.75,4.0,4096,512,4096,16384,13312,946.146,960.611,948.449,0.1592
mixed,4,3,0.75,4.0,4096,512,8192,32768,26624,995.666,1015.234,993.251,-0.1234
mixed,4,3,0.75,4.0,4096,2048,128,512,416,1176.372,1179.238,1177.54,0.4076
mixed,4,3,0.75,4.0,4096,2048,256,1024,832,1178.735,1183.798,1181.952,0.6353
mixed,4,3,0.75,4.0,4096,2048,512,2048,1664,1188.819,1190.386,1201.315,7.9748
mixed,4,3,0.75,4.0,4096,2048,1024,4096,3328,1199.397,1202.402,1200.975,0.5251
mixed,4,3,0.75,4.0,4096,2048,2048,8192,6656,1212.467,1221.574,1212.803,0.0369
mixed,4,3,0.75,4.0,4096,2048,4096,16384,13312,1236.194,1250.081,1237.587,0.1003
mixed,4,3,0.75,4.0,4096,2048,8192,32768,26624,1285.348,1303.923,1288.165,0.1517
mixed,4,3,0.75,4.0,4096,8192,128,512,416,2309.692,2318.023,2310.872,0.1416
mixed,4,3,0.75,4.0,4096,8192,256,1024,832,2305.96,2311.972,2309.719,0.6253
mixed,4,3,0.75,4.0,4096,8192,512,2048,1664,2320.119,2325.988,2321.764,0.2803
mixed,4,3,0.75,4.0,4096,8192,1024,4096,3328,2332.347,2328.548,2335.193,
mixed,4,3,0.75,4.0,4096,8192,2048,8192,6656,2348.983,2344.776,2345.815,
mixed,4,3,0.75,4.0,4096,8192,4096,16384,13312,2365.034,2377.257,2370.933,0.4827
mixed,4,3,0.75,4.0,4096,8192,8192,32768,26624,2411.459,2431.797,2415.994,0.223
mixed,4,3,0.75,4.0,4096,16384,128,512,416,3787.001,3791.285,3786.293,-0.1653
mixed,4,3,0.75,4.0,4096,16384,256,1024,832,3789.528,3785.084,3782.473,
mixed,4,3,0.75,4.0,4096,16384,512,2048,1664,3800.074,3801.338,3795.37,-3.7182
mixed,4,3,0.75,4.0,4096,16384,1024,4096,3328,3819.932,3806.087,3813.98,
mixed,4,3,0.75,4.0,4096,16384,2048,8192,6656,3819.822,3824.588,3829.646,2.0611
mixed,4,3,0.75,4.0,4096,16384,4096,16384,13312,3845.824,3854.681,3844.873,-0.1074
mixed,4,3,0.75,4.0,4096,16384,8192,32768,26624,3904.605,3912.421,3889.353,-1.9513
pure,8,1,0.125,4.0,0,0,128,512,176,63.617,76.289,75.582,0.9442
pure,8,1,0.125,4.0,0,0,256,1024,352,73.744,80.734,76.995,0.465
pure,8,1,0.125,4.0,0,0,512,2048,704,78.112,88.448,81.441,0.322
pure,8,1,0.125,4.0,0,0,1024,4096,1408,83.745,104.192,88.498,0.2325
pure,8,1,0.125,4.0,0,0,2048,8192,2816,101.807,131.855,110.224,0.2801
pure,8,1,0.125,4.0,0,0,4096,16384,5632,113.744,186.111,120.575,0.0944
pure,8,1,0.125,4.0,0,0,8192,32768,11264,149.472,287.168,155.185,0.0415
mixed,8,1,0.125,4.0,16,0,128,512,176,78.225,88.063,84.256,0.613
mixed,8,1,0.125,4.0,16,0,256,1024,352,87.728,93.041,85.889,-0.3462
mixed,8,1,0.125,4.0,16,0,512,2048,704,91.266,100.08,93.984,0.3084
mixed,8,1,0.125,4.0,16,0,1024,4096,1408,96.207,117.168,97.506,0.0619
mixed,8,1,0.125,4.0,16,0,2048,8192,2816,102.978,144.416,110.833,0.1896
mixed,8,1,0.125,4.0,16,0,4096,16384,5632,128.208,197.616,137.504,0.1339
mixed,8,1,0.125,4.0,16,0,8192,32768,11264,164.48,299.186,187.089,0.1678
mixed,8,1,0.125,4.0,16,512,128,512,176,103.839,104.734,103.841,0.0022
mixed,8,1,0.125,4.0,16,512,256,1024,352,105.711,108.623,96.48,-3.1702
mixed,8,1,0.125,4.0,16,512,512,2048,704,105.888,115.04,108.335,0.2674
mixed,8,1,0.125,4.0,16,512,1024,4096,1408,111.825,124.864,104.846,-0.5351
mixed,8,1,0.125,4.0,16,512,2048,8192,2816,110.225,144.033,112.337,0.0625
mixed,8,1,0.125,4.0,16,512,4096,16384,5632,131.216,197.953,133.041,0.0273
mixed,8,1,0.125,4.0,16,512,8192,32768,11264,161.057,301.137,180.608,0.1396
mixed,8,1,0.125,4.0,16,2048,128,512,176,113.474,117.584,113.393,-0.0197
mixed,8,1,0.125,4.0,16,2048,256,1024,352,115.28,112.594,115.778,
mixed,8,1,0.125,4.0,16,2048,512,2048,704,114.689,119.761,117.84,0.6215
mixed,8,1,0.125,4.0,16,2048,1024,4096,1408,116.992,133.137,119.329,0.1447
mixed,8,1,0.125,4.0,16,2048,2048,8192,2816,125.263,146.528,129.344,0.1919
mixed,8,1,0.125,4.0,16,2048,4096,16384,5632,135.392,198.017,135.521,0.0021
mixed,8,1,0.125,4.0,16,2048,8192,32768,11264,164.065,298.322,182.912,0.1404
mixed,8,1,0.125,4.0,16,8192,128,512,176,144.673,144.304,144.353,
mixed,8,1,0.125,4.0,16,8192,256,1024,352,142.928,144.43,144.401,0.98
mixed,8,1,0.125,4.0,16,8192,512,2048,704,144.112,145.921,141.648,-1.3618
mixed,8,1,0.125,4.0,16,8192,1024,4096,1408,145.009,150.991,145.488,0.0801
mixed,8,1,0.125,4.0,16,8192,2048,8192,2816,148.112,170.528,145.489,-0.117
mixed,8,1,0.125,4.0,16,8192,4096,16384,5632,157.441,211.904,158.031,0.0109
mixed,8,1,0.125,4.0,16,8192,8192,32768,11264,190.546,306.546,183.168,-0.0636
mixed,8,1,0.125,4.0,16,16384,128,512,176,169.313,168.321,164.016,
mixed,8,1,0.125,4.0,16,16384,256,1024,352,170.081,167.231,169.937,
mixed,8,1,0.125,4.0,16,16384,512,2048,704,166.881,170.88,167.73,0.2121
mixed,8,1,0.125,4.0,16,16384,1024,4096,1408,168.24,176.353,169.842,0.1974
mixed,8,1,0.125,4.0,16,16384,2048,8192,2816,173.616,190.831,175.12,0.0874
mixed,8,1,0.125,4.0,16,16384,4096,16384,5632,184.48,233.073,183.039,-0.0296
mixed,8,1,0.125,4.0,16,16384,8192,32768,11264,204.625,321.617,201.074,-0.0304
mixed,8,1,0.125,4.0,64,0,128,512,176,79.953,91.136,87.776,0.6996
mixed,8,1,0.125,4.0,64,0,256,1024,352,91.761,98.88,94.081,0.3259
mixed,8,1,0.125,4.0,64,0,512,2048,704,95.76,106.288,102.799,0.6687
mixed,8,1,0.125,4.0,64,0,1024,4096,1408,104.64,129.537,122.702,0.7255
mixed,8,1,0.125,4.0,64,0,2048,8192,2816,115.856,173.887,162.433,0.8026
mixed,8,1,0.125,4.0,64,0,4096,16384,5632,148.512,252.528,243.49,0.9131
mixed,8,1,0.125,4.0,64,0,8192,32768,11264,203.184,409.89,400.336,0.9538
mixed,8,1,0.125,4.0,64,512,128,512,176,116.369,117.072,116.785,0.5917
mixed,8,1,0.125,4.0,64,512,256,1024,352,116.64,118.305,111.969,-2.8065
mixed,8,1,0.125,4.0,64,512,512,2048,704,118.288,111.936,110.256,
mixed,8,1,0.125,4.0,64,512,1024,4096,1408,112.944,134.53,128.799,0.7345
mixed,8,1,0.125,4.0,64,512,2048,8192,2816,120.192,173.698,167.137,0.8774
mixed,8,1,0.125,4.0,64,512,4096,16384,5632,148.4,253.808,248.175,0.9466
mixed,8,1,0.125,4.0,64,512,8192,32768,11264,204.528,413.665,399.346,0.9315
mixed,8,1,0.125,4.0,64,2048,128,512,176,136.672,135.6,136.226,
mixed,8,1,0.125,4.0,64,2048,256,1024,352,136.593,137.583,135.84,-0.7606
mixed,8,1,0.125,4.0,64,2048,512,2048,704,138.465,139.635,137.04,-1.2189
mixed,8,1,0.125,4.0,64,2048,1024,4096,1408,137.423,149.649,131.424,-0.4907
mixed,8,1,0.125,4.0,64,2048,2048,8192,2816,134.225,179.601,169.889,0.786
mixed,8,1,0.125,4.0,64,2048,4096,16384,5632,152.097,259.089,247.04,0.8874
mixed,8,1,0.125,4.0,64,2048,8192,32768,11264,204.673,415.154,406.577,0.9593
mixed,8,1,0.125,4.0,64,8192,128,512,176,200.59,188.289,199.92,
mixed,8,1,0.125,4.0,64,8192,256,1024,352,200.465,204.911,190.225,-2.303
mixed,8,1,0.125,4.0,64,8192,512,2048,704,216.863,204.546,201.552,
mixed,8,1,0.125,4.0,64,8192,1024,4096,1408,204.544,214.656,204.305,-0.0237
mixed,8,1,0.125,4.0,64,8192,2048,8192,2816,259.664,233.842,263.118,
mixed,8,1,0.125,4.0,64,8192,4096,16384,5632,209.233,268.512,248.658,0.6651
mixed,8,1,0.125,4.0,64,8192,8192,32768,11264,343.473,426.914,409.01,0.7854
mixed,8,1,0.125,4.0,64,16384,128,512,176,277.617,277.553,275.569,
mixed,8,1,0.125,4.0,64,16384,256,1024,352,276.162,266.017,277.68,
mixed,8,1,0.125,4.0,64,16384,512,2048,704,278.849,290.816,277.602,-0.1042
mixed,8,1,0.125,4.0,64,16384,1024,4096,1408,325.104,293.808,321.583,
mixed,8,1,0.125,4.0,64,16384,2048,8192,2816,292.352,320.657,291.457,-0.0316
mixed,8,1,0.125,4.0,64,16384,4096,16384,5632,400.24,362.099,423.842,
mixed,8,1,0.125,4.0,64,16384,8192,32768,11264,314.641,430.529,409.344,0.8172
mixed,8,1,0.125,4.0,256,0,128,512,176,94.368,143.058,140.318,0.9437
mixed,8,1,0.125,4.0,256,0,256,1024,352,141.185,133.712,160.801,
mixed,8,1,0.125,4.0,256,0,512,2048,704,147.761,172.304,200.241,2.1382
mixed,8,1,0.125,4.0,256,0,1024,4096,1408,147.777,249.024,248.304,0.9929
mixed,8,1,0.125,4.0,256,0,2048,8192,2816,201.007,405.072,401.92,0.9846
mixed,8,1,0.125,4.0,256,0,4096,16384,5632,308.113,714.051,710.913,0.9923
mixed,8,1,0.125,4.0,256,0,8192,32768,11264,520.08,1326.564,1324.164,0.997
mixed,8,1,0.125,4.0,256,512,128,512,176,158.608,186.049,174.048,0.5627
mixed,8,1,0.125,4.0,256,512,256,1024,352,190.722,207.376,185.088,-0.3383
mixed,8,1,0.125,4.0,256,512,512,2048,704,193.682,248.818,200.847,0.13
mixed,8,1,0.125,4.0,256,512,1024,4096,1408,222.64,324.146,278.209,0.5474
mixed,8,1,0.125,4.0,256,512,2048,8192,2816,276.048,407.007,431.455,1.1867
mixed,8,1,0.125,4.0,256,512,4096,16384,5632,310.161,716.627,714.339,0.9944
mixed,8,1,0.125,4.0,256,512,8192,32768,11264,523.935,1332.466,1329.699,0.9966
mixed,8,1,0.125,4.0,256,2048,128,512,176,226.784,217.999,225.01,
mixed,8,1,0.125,4.0,256,2048,256,1024,352,224.896,304.035,221.345,-0.0449
mixed,8,1,0.125,4.0,256,2048,512,2048,704,245.136,308.095,264.642,0.3098
mixed,8,1,0.125,4.0,256,2048,1024,4096,1408,280.256,389.457,306.016,0.2359
mixed,8,1,0.125,4.0,256,2048,2048,8192,2816,339.552,543.714,436.833,0.4765
mixed,8,1,0.125,4.0,256,2048,4096,16384,5632,446.785,718.017,745.442,1.1011
mixed,8,1,0.125,4.0,256,2048,8192,32768,11264,660.497,1341.027,1359.638,1.0273
mixed,8,1,0.125,4.0,256,8192,128,512,176,462.961,463.072,462.705,-2.3063
mixed,8,1,0.125,4.0,256,8192,256,1024,352,462.817,463.695,463.282,0.5293
mixed,8,1,0.125,4.0,256,8192,512,2048,704,463.569,457.25,464.066,
mixed,8,1,0.125,4.0,256,8192,1024,4096,1408,464.579,776.484,463.154,-0.0046
mixed,8,1,0.125,4.0,256,8192,2048,8192,2816,572.096,780.353,620.111,0.2306
mixed,8,1,0.125,4.0,256,8192,4096,16384,5632,681.874,1088.338,777.072,0.2342
mixed,8,1,0.125,4.0,256,8192,8192,32768,11264,894.992,1710.068,1365.427,0.5772
mixed,8,1,0.125,4.0,256,16384,128,512,176,772.083,773.954,774.434,1.2559
mixed,8,1,0.125,4.0,256,16384,256,1024,352,773.602,773.379,773.762,
mixed,8,1,0.125,4.0,256,16384,512,2048,704,772.291,774.227,772.451,0.0829
mixed,8,1,0.125,4.0,256,16384,1024,4096,1408,774.881,770.484,777.361,
mixed,8,1,0.125,4.0,256,16384,2048,8192,2816,774.434,1390.53,773.361,-0.0017
mixed,8,1,0.125,4.0,256,16384,4096,16384,5632,999.793,1392.691,1080.562,0.2056
mixed,8,1,0.125,4.0,256,16384,8192,32768,11264,1199.907,2008.517,1389.749,0.2348
mixed,8,1,0.125,4.0,1024,0,128,512,176,220.994,225.346,222.351,0.3118
mixed,8,1,0.125,4.0,1024,0,256,1024,352,225.488,233.38,229.232,0.4745
mixed,8,1,0.125,4.0,1024,0,512,2048,704,230.287,242.529,232.431,0.1751
mixed,8,1,0.125,4.0,1024,0,1024,4096,1408,238.416,261.699,242.61,0.1801
mixed,8,1,0.125,4.0,1024,0,2048,8192,2816,256.177,295.921,261.653,0.1378
mixed,8,1,0.125,4.0,1024,0,4096,16384,5632,275.04,354.495,282.477,0.0936
mixed,8,1,0.125,4.0,1024,0,8192,32768,11264,316.877,454.753,321.472,0.0333
mixed,8,1,0.125,4.0,1024,512,128,512,176,328.195,332.961,329.873,0.3521
mixed,8,1,0.125,4.0,1024,512,256,1024,352,331.407,342.318,333.966,0.2345
mixed,8,1,0.125,4.0,1024,512,512,2048,704,336.595,350.098,340.432,0.2841
mixed,8,1,0.125,4.0,1024,512,1024,4096,1408,346.226,370.895,350.965,0.1921
mixed,8,1,0.125,4.0,1024,512,2048,8192,2816,362.929,402.448,367.826,0.1239
mixed,8,1,0.125,4.0,1024,512,4096,16384,5632,385.299,460.466,392.482,0.0956
mixed,8,1,0.125,4.0,1024,512,8192,32768,11264,424.688,569.519,430.976,0.0434
mixed,8,1,0.125,4.0,1024,2048,128,512,176,452.325,456.433,452.049,-0.0672
mixed,8,1,0.125,4.0,1024,2048,256,1024,352,455.361,463.668,456.544,0.1425
mixed,8,1,0.125,4.0,1024,2048,512,2048,704,460.992,474.612,467.711,0.4933
mixed,8,1,0.125,4.0,1024,2048,1024,4096,1408,469.537,493.92,474.338,0.1969
mixed,8,1,0.125,4.0,1024,2048,2048,8192,2816,486.565,524.688,491.888,0.1396
mixed,8,1,0.125,4.0,1024,2048,4096,16384,5632,507.986,581.582,514.803,0.0926
mixed,8,1,0.125,4.0,1024,2048,8192,32768,11264,549.021,686.144,554.884,0.0428
mixed,8,1,0.125,4.0,1024,8192,128,512,176,950.065,953.395,954.421,1.308
mixed,8,1,0.125,4.0,1024,8192,256,1024,352,953.204,960.736,953.191,-0.0019
mixed,8,1,0.125,4.0,1024,8192,512,2048,704,960.882,968.433,965.312,0.5866
mixed,8,1,0.125,4.0,1024,8192,1024,4096,1408,965.6,989.604,966.931,0.0554
mixed,8,1,0.125,4.0,1024,8192,2048,8192,2816,983.347,1017.909,992.962,0.2782
mixed,8,1,0.125,4.0,1024,8192,4096,16384,5632,1000.149,1072.915,1007.587,0.1022
mixed,8,1,0.125,4.0,1024,8192,8192,32768,11264,1036.659,1178.405,1045.489,0.0623
mixed,8,1,0.125,4.0,1024,16384,128,512,176,1583.92,1584.535,1586.999,5.0049
mixed,8,1,0.125,4.0,1024,16384,256,1024,352,1585.045,1593.254,1586.486,0.1756
mixed,8,1,0.125,4.0,1024,16384,512,2048,704,1590.788,1599.506,1597.698,0.7927
mixed,8,1,0.125,4.0,1024,16384,1024,4096,1408,1599.78,1621.461,1598.644,-0.0524
mixed,8,1,0.125,4.0,1024,16384,2048,8192,2816,1615.556,1647.973,1625.251,0.2991
mixed,8,1,0.125,4.0,1024,16384,4096,16384,5632,1637.906,1701.349,1637.171,-0.0116
mixed,8,1,0.125,4.0,1024,16384,8192,32768,11264,1667.218,1805.717,1678.882,0.0842
mixed,8,1,0.125,4.0,4096,0,128,512,176,678.626,677.121,674.145,
mixed,8,1,0.125,4.0,4096,0,256,1024,352,675.043,685.507,677.091,0.1957
mixed,8,1,0.125,4.0,4096,0,512,2048,704,680.899,697.954,686.977,0.3564
mixed,8,1,0.125,4.0,4096,0,1024,4096,1408,693.377,717.186,697.361,0.1673
mixed,8,1,0.125,4.0,4096,0,2048,8192,2816,706.113,749.171,718.307,0.2832
mixed,8,1,0.125,4.0,4096,0,4096,16384,5632,732.079,806.739,737.137,0.0677
mixed,8,1,0.125,4.0,4096,0,8192,32768,11264,769.476,912.37,774.962,0.0384
mixed,8,1,0.125,4.0,4096,512,128,512,176,886.3,890.227,891.703,1.3759
mixed,8,1,0.125,4.0,4096,512,256,1024,352,889.731,901.332,886.24,-0.3009
mixed,8,1,0.125,4.0,4096,512,512,2048,704,893.442,907.732,900.021,0.4604
mixed,8,1,0.125,4.0,4096,512,1024,4096,1408,901.329,925.55,905.652,0.1785
mixed,8,1,0.125,4.0,4096,512,2048,8192,2816,925.696,958.099,927.297,0.0494
mixed,8,1,0.125,4.0,4096,512,4096,16384,5632,939.283,1015.253,945.792,0.0857
mixed,8,1,0.125,4.0,4096,512,8192,32768,11264,974.099,1116.322,984.261,0.0715
mixed,8,1,0.125,4.0,4096,2048,128,512,176,1181.136,1182.804,1175.297,-3.4996
mixed,8,1,0.125,4.0,4096,2048,256,1024,352,1180.691,1189.717,1184.164,0.3848
mixed,8,1,0.125,4.0,4096,2048,512,2048,704,1188.8,1199.509,1193.681,0.4558
mixed,8,1,0.125,4.0,4096,2048,1024,4096,1408,1191.701,1216.789,1198.884,0.2863
mixed,8,1,0.125,4.0,4096,2048,2048,8192,2816,1212.338,1244.742,1217.282,0.1526
mixed,8,1,0.125,4.0,4096,2048,4096,16384,5632,1233.653,1300.534,1236.322,0.0399
mixed,8,1,0.125,4.0,4096,2048,8192,32768,11264,1267.394,1407.491,1276.63,0.0659
mixed,8,1,0.125,4.0,4096,8192,128,512,176,2309.637,2310.44,2305.062,-5.6926
mixed,8,1,0.125,4.0,4096,8192,256,1024,352,2310.904,2320.022,2316.983,0.6667
mixed,8,1,0.125,4.0,4096,8192,512,2048,704,2318.787,2333.523,2323.299,0.3062
mixed,8,1,0.125,4.0,4096,8192,1024,4096,1408,2323.305,2348.756,2335.162,0.4659
mixed,8,1,0.125,4.0,4096,8192,2048,8192,2816,2342.119,2371.381,2346.119,0.1367
mixed,8,1,0.125,4.0,4096,8192,4096,16384,5632,2362.742,2432.964,2362.631,-0.0016
mixed,8,1,0.125,4.0,4096,8192,8192,32768,11264,2407.208,2534.982,2400.053,-0.056
mixed,8,1,0.125,4.0,4096,16384,128,512,176,3780.22,3789.768,3783.386,0.3316
mixed,8,1,0.125,4.0,4096,16384,256,1024,352,3791.658,3795.387,3800.57,2.3902
mixed,8,1,0.125,4.0,4096,16384,512,2048,704,3796.94,3803.373,3797.592,0.1014
mixed,8,1,0.125,4.0,4096,16384,1024,4096,1408,3805.738,3828.795,3804.06,-0.0728
mixed,8,1,0.125,4.0,4096,16384,2048,8192,2816,3824.906,3850.071,3836.251,0.4508
mixed,8,1,0.125,4.0,4096,16384,4096,16384,5632,3835.499,3901.416,3844.775,0.1407
mixed,8,1,0.125,4.0,4096,16384,8192,32768,11264,3871.485,4013.501,3875.561,0.0287
pure,8,2,0.25,4.0,0,0,128,512,224,67.553,76.24,75.391,0.9023
pure,8,2,0.25,4.0,0,0,256,1024,448,75.379,79.983,78.049,0.5799
pure,8,2,0.25,4.0,0,0,512,2048,896,77.648,88.848,82.931,0.4717
pure,8,2,0.25,4.0,0,0,1024,4096,1792,93.886,103.776,94.719,0.0842
pure,8,2,0.25,4.0,0,0,2048,8192,3584,105.408,131.008,108.768,0.1312
pure,8,2,0.25,4.0,0,0,4096,16384,7168,125.745,184.992,131.391,0.0953
pure,8,2,0.25,4.0,0,0,8192,32768,14336,167.151,285.537,175.215,0.0681
mixed,8,2,0.25,4.0,16,0,128,512,224,82.448,87.345,85.249,0.5718
mixed,8,2,0.25,4.0,16,0,256,1024,448,89.168,93.071,86.991,-0.5578
mixed,8,2,0.25,4.0,16,0,512,2048,896,89.392,101.599,91.345,0.16
mixed,8,2,0.25,4.0,16,0,1024,4096,1792,101.68,118.081,100.352,-0.081
mixed,8,2,0.25,4.0,16,0,2048,8192,3584,117.103,143.263,113.792,-0.1266
mixed,8,2,0.25,4.0,16,0,4096,16384,7168,136.881,197.585,138.688,0.0298
mixed,8,2,0.25,4.0,16,0,8192,32768,14336,180.608,299.65,192.383,0.0989
mixed,8,2,0.25,4.0,16,512,128,512,224,104.864,104.449,102.833,
mixed,8,2,0.25,4.0,16,512,256,1024,448,106.112,108.817,97.28,-3.2651
mixed,8,2,0.25,4.0,16,512,512,2048,896,107.937,115.168,107.984,0.0064
mixed,8,2,0.25,4.0,16,512,1024,4096,1792,113.632,126.097,116.256,0.2105
mixed,8,2,0.25,4.0,16,512,2048,8192,3584,124.273,142.816,124.849,0.031
mixed,8,2,0.25,4.0,16,512,4096,16384,7168,137.84,197.232,140.448,0.0439
mixed,8,2,0.25,4.0,16,512,8192,32768,14336,179.312,299.921,191.793,0.1035
mixed,8,2,0.25,4.0,16,2048,128,512,224,114.161,117.584,115.055,0.2612
mixed,8,2,0.25,4.0,16,2048,256,1024,448,113.297,116.208,118.095,1.6484
mixed,8,2,0.25,4.0,16,2048,512,2048,896,114.145,119.889,114.593,0.0779
mixed,8,2,0.25,4.0,16,2048,1024,4096,1792,119.332,133.776,121.216,0.1304
mixed,8,2,0.25,4.0,16,2048,2048,8192,3584,128.96,147.248,134.16,0.2843
mixed,8,2,0.25,4.0,16,2048,4096,16384,7168,142.464,196.946,146.129,0.0673
mixed,8,2,0.25,4.0,16,2048,8192,32768,14336,188.433,299.312,190.721,0.0206
mixed,8,2,0.25,4.0,16,8192,128,512,224,144.625,144.671,144.0,-13.5761
mixed,8,2,0.25,4.0,16,8192,256,1024,448,143.937,144.21,143.569,-1.3505
mixed,8,2,0.25,4.0,16,8192,512,2048,896,141.617,145.185,144.274,0.7448
mixed,8,2,0.25,4.0,16,8192,1024,4096,1792,141.505,152.242,144.098,0.2415
mixed,8,2,0.25,4.0,16,8192,2048,8192,3584,150.159,168.671,148.416,-0.0941
mixed,8,2,0.25,4.0,16,8192,4096,16384,7168,167.153,214.817,166.0,-0.0242
mixed,8,2,0.25,4.0,16,8192,8192,32768,14336,202.85,306.817,196.99,-0.0564
mixed,8,2,0.25,4.0,16,16384,128,512,224,169.549,168.688,169.409,
mixed,8,2,0.25,4.0,16,16384,256,1024,448,167.889,167.073,168.688,
mixed,8,2,0.25,4.0,16,16384,512,2048,896,167.04,170.48,167.696,0.1908
mixed,8,2,0.25,4.0,16,16384,1024,4096,1792,165.57,176.736,169.103,0.3165
mixed,8,2,0.25,4.0,16,16384,2048,8192,3584,172.256,192.209,174.032,0.089
mixed,8,2,0.25,4.0,16,16384,4096,16384,7168,190.8,232.288,191.953,0.0278
mixed,8,2,0.25,4.0,16,16384,8192,32768,14336,220.671,324.402,224.961,0.0414
mixed,8,2,0.25,4.0,64,0,128,512,224,84.223,92.496,88.097,0.4683
mixed,8,2,0.25,4.0,64,0,256,1024,448,92.128,99.089,93.648,0.2184
mixed,8,2,0.25,4.0,64,0,512,2048,896,96.655,110.447,103.52,0.4977
mixed,8,2,0.25,4.0,64,0,1024,4096,1792,108.255,130.431,124.415,0.7287
mixed,8,2,0.25,4.0,64,0,2048,8192,3584,126.352,173.025,163.282,0.7913
mixed,8,2,0.25,4.0,64,0,4096,16384,7168,162.914,252.496,244.418,0.9098
mixed,8,2,0.25,4.0,64,0,8192,32768,14336,231.439,410.146,400.961,0.9486
mixed,8,2,0.25,4.0,64,512,128,512,224,116.977,116.369,115.52,
mixed,8,2,0.25,4.0,64,512,256,1024,448,114.607,117.73,111.552,-0.9787
mixed,8,2,0.25,4.0,64,512,512,2048,896,117.873,113.855,110.239,
mixed,8,2,0.25,4.0,64,512,1024,4096,1792,113.041,134.767,128.529,0.7129
mixed,8,2,0.25,4.0,64,512,2048,8192,3584,130.834,172.784,169.185,0.9142
mixed,8,2,0.25,4.0,64,512,4096,16384,7168,163.247,250.383,247.969,0.9723
mixed,8,2,0.25,4.0,64,512,8192,32768,14336,235.168,412.816,406.496,0.9644
mixed,8,2,0.25,4.0,64,2048,128,512,224,136.481,135.409,136.8,
mixed,8,2,0.25,4.0,64,2048,256,1024,448,134.304,138.192,135.169,0.2226
mixed,8,2,0.25,4.0,64,2048,512,2048,896,137.089,138.833,137.488,0.2293
mixed,8,2,0.25,4.0,64,2048,1024,4096,1792,139.809,148.688,131.185,-0.9713
mixed,8,2,0.25,4.0,64,2048,2048,8192,3584,148.577,178.498,168.336,0.6604
mixed,8,2,0.25,4.0,64,2048,4096,16384,7168,169.392,256.658,249.343,0.9162
mixed,8,2,0.25,4.0,64,2048,8192,32768,14336,236.082,415.025,405.055,0.9443
mixed,8,2,0.25,4.0,64,8192,128,512,224,200.192,187.872,199.952,
mixed,8,2,0.25,4.0,64,8192,256,1024,448,195.2,205.2,191.44,-0.376
mixed,8,2,0.25,4.0,64,8192,512,2048,896,204.193,205.04,204.369,0.2078
mixed,8,2,0.25,4.0,64,8192,1024,4096,1792,204.305,216.352,204.177,-0.0106
mixed,8,2,0.25,4.0,64,8192,2048,8192,3584,280.162,232.178,269.503,
mixed,8,2,0.25,4.0,64,8192,4096,16384,7168,319.122,269.665,251.601,
mixed,8,2,0.25,4.0,64,8192,8192,32768,14336,265.952,426.351,408.448,0.8884
mixed,8,2,0.25,4.0,64,16384,128,512,224,276.882,277.76,278.224,1.5287
mixed,8,2,0.25,4.0,64,16384,256,1024,448,278.434,266.352,278.063,
mixed,8,2,0.25,4.0,64,16384,512,2048,896,277.058,291.183,278.594,0.1087
mixed,8,2,0.25,4.0,64,16384,1024,4096,1792,292.001,294.017,291.887,-0.0563
mixed,8,2,0.25,4.0,64,16384,2048,8192,3584,292.032,321.489,291.249,-0.0266
mixed,8,2,0.25,4.0,64,16384,4096,16384,7168,471.46,363.057,430.065,
mixed,8,2,0.25,4.0,64,16384,8192,32768,14336,540.145,431.969,415.009,
mixed,8,2,0.25,4.0,256,0,128,512,224,93.696,141.52,141.248,0.9943
mixed,8,2,0.25,4.0,256,0,256,1024,448,139.442,132.721,160.753,
mixed,8,2,0.25,4.0,256,0,512,2048,896,128.369,171.522,170.785,0.9829
mixed,8,2,0.25,4.0,256,0,1024,4096,1792,161.648,250.112,247.792,0.9738
mixed,8,2,0.25,4.0,256,0,2048,8192,3584,229.793,407.408,402.834,0.9742
mixed,8,2,0.25,4.0,256,0,4096,16384,7168,367.793,713.297,711.489,0.9948
mixed,8,2,0.25,4.0,256,0,8192,32768,14336,635.346,1325.236,1327.348,1.0031
mixed,8,2,0.25,4.0,256,512,128,512,224,179.522,186.543,174.001,-0.7862
mixed,8,2,0.25,4.0,256,512,256,1024,448,181.49,207.762,185.585,0.1559
mixed,8,2,0.25,4.0,256,512,512,2048,896,202.144,247.041,201.473,-0.015
mixed,8,2,0.25,4.0,256,512,1024,4096,1792,237.407,325.377,277.935,0.4607
mixed,8,2,0.25,4.0,256,512,2048,8192,3584,305.201,407.586,432.449,1.2428
mixed,8,2,0.25,4.0,256,512,4096,16384,7168,367.857,714.946,713.427,0.9956
mixed,8,2,0.25,4.0,256,512,8192,32768,14336,639.2,1329.586,1328.722,0.9987
mixed,8,2,0.25,4.0,256,2048,128,512,224,226.608,217.057,226.338,
mixed,8,2,0.25,4.0,256,2048,256,1024,448,224.401,304.802,220.385,-0.0499
mixed,8,2,0.25,4.0,256,2048,512,2048,896,274.401,306.242,265.601,-0.2764
mixed,8,2,0.25,4.0,256,2048,1024,4096,1792,295.522,388.161,306.304,0.1164
mixed,8,2,0.25,4.0,256,2048,2048,8192,3584,367.314,542.354,437.986,0.4037
mixed,8,2,0.25,4.0,256,2048,4096,16384,7168,502.978,718.644,747.889,1.1356
mixed,8,2,0.25,4.0,256,2048,8192,32768,14336,774.162,1334.403,1364.562,1.0538
mixed,8,2,0.25,4.0,256,8192,128,512,224,465.217,466.336,462.561,-2.3725
mixed,8,2,0.25,4.0,256,8192,256,1024,448,462.896,463.314,462.129,-1.8327
mixed,8,2,0.25,4.0,256,8192,512,2048,896,463.09,458.881,462.802,
mixed,8,2,0.25,4.0,256,8192,1024,4096,1792,463.584,774.802,464.322,0.0024
mixed,8,2,0.25,4.0,256,8192,2048,8192,3584,687.716,783.698,622.627,-0.6781
mixed,8,2,0.25,4.0,256,8192,4096,16384,7168,741.731,1086.915,777.985,0.105
mixed,8,2,0.25,4.0,256,8192,8192,32768,14336,1012.323,1707.635,1369.318,0.5134
mixed,8,2,0.25,4.0,256,16384,128,512,224,773.474,774.498,773.41,-0.0625
mixed,8,2,0.25,4.0,256,16384,256,1024,448,773.794,774.945,772.481,-1.1407
mixed,8,2,0.25,4.0,256,16384,512,2048,896,773.073,775.218,774.242,0.5449
mixed,8,2,0.25,4.0,256,16384,1024,4096,1792,774.146,769.825,773.842,
mixed,8,2,0.25,4.0,256,16384,2048,8192,3584,775.329,1390.787,772.578,-0.0045
mixed,8,2,0.25,4.0,256,16384,4096,16384,7168,1231.043,1393.106,1083.042,-0.9132
mixed,8,2,0.25,4.0,256,16384,8192,32768,14336,1312.98,2004.883,1393.445,0.1163
mixed,8,2,0.25,4.0,1024,0,128,512,224,223.01,224.693,222.017,-0.5895
mixed,8,2,0.25,4.0,1024,0,256,1024,448,224.609,233.539,228.37,0.4212
mixed,8,2,0.25,4.0,1024,0,512,2048,896,233.984,242.926,235.328,0.1503
mixed,8,2,0.25,4.0,1024,0,1024,4096,1792,246.914,262.623,249.888,0.1893
mixed,8,2,0.25,4.0,1024,0,2048,8192,3584,259.618,294.351,266.24,0.1907
mixed,8,2,0.25,4.0,1024,0,4096,16384,7168,287.875,352.943,293.327,0.0838
mixed,8,2,0.25,4.0,1024,0,8192,32768,14336,334.931,454.447,341.535,0.0553
mixed,8,2,0.25,4.0,1024,512,128,512,224,330.272,334.558,330.257,-0.0036
mixed,8,2,0.25,4.0,1024,512,256,1024,448,332.224,342.527,335.268,0.2954
mixed,8,2,0.25,4.0,1024,512,512,2048,896,345.923,350.803,342.287,-0.7448
mixed,8,2,0.25,4.0,1024,512,1024,4096,1792,356.195,370.564,359.298,0.2159
mixed,8,2,0.25,4.0,1024,512,2048,8192,3584,366.768,403.168,369.567,0.0769
mixed,8,2,0.25,4.0,1024,512,4096,16384,7168,395.62,460.735,401.315,0.0875
mixed,8,2,0.25,4.0,1024,512,8192,32768,14336,443.697,564.287,448.914,0.0433
mixed,8,2,0.25,4.0,1024,2048,128,512,224,454.772,456.738,454.221,-0.28
mixed,8,2,0.25,4.0,1024,2048,256,1024,448,455.872,464.165,457.406,0.185
mixed,8,2,0.25,4.0,1024,2048,512,2048,896,471.634,474.771,472.942,0.4171
mixed,8,2,0.25,4.0,1024,2048,1024,4096,1792,477.969,492.812,480.435,0.1661
mixed,8,2,0.25,4.0,1024,2048,2048,8192,3584,489.824,523.951,494.384,0.1336
mixed,8,2,0.25,4.0,1024,2048,4096,16384,7168,519.44,580.067,525.81,0.1051
mixed,8,2,0.25,4.0,1024,2048,8192,32768,14336,564.385,684.979,571.221,0.0567
mixed,8,2,0.25,4.0,1024,8192,128,512,224,951.702,955.299,953.078,0.3825
mixed,8,2,0.25,4.0,1024,8192,256,1024,448,953.584,960.996,958.003,0.5961
mixed,8,2,0.25,4.0,1024,8192,512,2048,896,972.74,970.674,973.603,
mixed,8,2,0.25,4.0,1024,8192,1024,4096,1792,973.892,988.339,977.907,0.2779
mixed,8,2,0.25,4.0,1024,8192,2048,8192,3584,988.531,1016.29,991.394,0.1032
mixed,8,2,0.25,4.0,1024,8192,4096,16384,7168,1009.218,1072.274,1015.155,0.0942
mixed,8,2,0.25,4.0,1024,8192,8192,32768,14336,1053.893,1174.096,1060.485,0.0548
mixed,8,2,0.25,4.0,1024,16384,128,512,224,1581.462,1586.162,1581.124,-0.0721
mixed,8,2,0.25,4.0,1024,16384,256,1024,448,1583.122,1599.96,1588.418,0.3145
mixed,8,2,0.25,4.0,1024,16384,512,2048,896,1600.199,1602.117,1603.475,1.7076
mixed,8,2,0.25,4.0,1024,16384,1024,4096,1792,1603.283,1621.445,1609.539,0.3445
mixed,8,2,0.25,4.0,1024,16384,2048,8192,3584,1620.77,1648.996,1625.029,0.1509
mixed,8,2,0.25,4.0,1024,16384,4096,16384,7168,1646.373,1704.802,1645.075,-0.0222
mixed,8,2,0.25,4.0,1024,16384,8192,32768,14336,1686.726,1803.235,1694.278,0.0648
mixed,8,2,0.25,4.0,4096,0,128,512,224,674.05,676.243,678.821,2.1753
mixed,8,2,0.25,4.0,4096,0,256,1024,448,673.986,689.568,676.675,0.1725
mixed,8,2,0.25,4.0,4096,0,512,2048,896,696.465,698.019,698.564,1.3513
mixed,8,2,0.25,4.0,4096,0,1024,4096,1792,700.114,718.885,704.866,0.2532
mixed,8,2,0.25,4.0,4096,0,2048,8192,3584,716.337,751.52,718.386,0.0583
mixed,8,2,0.25,4.0,4096,0,4096,16384,7168,743.442,806.084,746.385,0.047
mixed,8,2,0.25,4.0,4096,0,8192,32768,14336,792.562,908.304,796.882,0.0373
mixed,8,2,0.25,4.0,4096,512,128,512,224,884.803,888.658,888.576,0.9787
mixed,8,2,0.25,4.0,4096,512,256,1024,448,890.033,897.861,890.292,0.0331
mixed,8,2,0.25,4.0,4096,512,512,2048,896,900.805,907.525,908.147,1.0926
mixed,8,2,0.25,4.0,4096,512,1024,4096,1792,911.78,926.943,914.498,0.1793
mixed,8,2,0.25,4.0,4096,512,2048,8192,3584,923.408,955.89,929.376,0.1837
mixed,8,2,0.25,4.0,4096,512,4096,16384,7168,949.792,1013.393,957.473,0.1208
mixed,8,2,0.25,4.0,4096,512,8192,32768,14336,997.636,1119.427,1001.346,0.0305
mixed,8,2,0.25,4.0,4096,2048,128,512,224,1179.284,1183.027,1176.514,-0.7399
mixed,8,2,0.25,4.0,4096,2048,256,1024,448,1183.329,1189.635,1182.259,-0.1696
mixed,8,2,0.25,4.0,4096,2048,512,2048,896,1197.188,1200.018,1199.909,0.9617
mixed,8,2,0.25,4.0,4096,2048,1024,4096,1792,1201.582,1221.09,1206.818,0.2684
mixed,8,2,0.25,4.0,4096,2048,2048,8192,3584,1217.379,1247.541,1217.844,0.0154
mixed,8,2,0.25,4.0,4096,2048,4096,16384,7168,1239.815,1301.681,1246.991,0.116
mixed,8,2,0.25,4.0,4096,2048,8192,32768,14336,1287.877,1409.46,1294.533,0.0547
mixed,8,2,0.25,4.0,4096,8192,128,512,224,2314.77,2311.879,2303.495,
mixed,8,2,0.25,4.0,4096,8192,256,1024,448,2319.512,2319.989,2313.844,-11.8951
mixed,8,2,0.25,4.0,4096,8192,512,2048,896,2326.293,2334.918,2330.18,0.4506
mixed,8,2,0.25,4.0,4096,8192,1024,4096,1792,2332.695,2349.651,2343.671,0.6473
mixed,8,2,0.25,4.0,4096,8192,2048,8192,3584,2347.175,2374.022,2349.671,0.093
mixed,8,2,0.25,4.0,4096,8192,4096,16384,7168,2369.284,2427.896,2371.591,0.0394
mixed,8,2,0.25,4.0,4096,8192,8192,32768,14336,2414.198,2531.447,2419.445,0.0448
mixed,8,2,0.25,4.0,4096,16384,128,512,224,3788.489,3789.818,3792.633,3.117
mixed,8,2,0.25,4.0,4096,16384,256,1024,448,3788.793,3809.035,3787.4,-0.0688
mixed,8,2,0.25,4.0,4096,16384,512,2048,896,3803.575,3812.874,3803.27,-0.0329
mixed,8,2,0.25,4.0,4096,16384,1024,4096,1792,3809.191,3826.362,3817.515,0.4848
mixed,8,2,0.25,4.0,4096,16384,2048,8192,3584,3828.956,3859.899,3828.252,-0.0228
mixed,8,2,0.25,4.0,4096,16384,4096,16384,7168,3863.573,3907.277,3871.644,0.1847
mixed,8,2,0.25,4.0,4096,16384,8192,32768,14336,3896.586,4012.038,3902.905,0.0547
pure,8,3,0.375,4.0,0,0,128,512,272,71.152,75.808,75.538,0.942
pure,8,3,0.375,4.0,0,0,256,1024,544,76.209,80.192,76.961,0.1888
pure,8,3,0.375,4.0,0,0,512,2048,1088,79.951,88.064,84.049,0.505
pure,8,3,0.375,4.0,0,0,1024,4096,2176,90.273,104.352,93.2,0.2079
pure,8,3,0.375,4.0,0,0,2048,8192,4352,106.513,129.952,111.136,0.1972
pure,8,3,0.375,4.0,0,0,4096,16384,8704,134.449,184.736,138.785,0.0862
pure,8,3,0.375,4.0,0,0,8192,32768,17408,190.368,286.816,189.873,-0.0051
mixed,8,3,0.375,4.0,16,0,128,512,272,87.614,88.272,85.471,-3.2593
mixed,8,3,0.375,4.0,16,0,256,1024,544,86.895,93.473,87.617,0.1096
mixed,8,3,0.375,4.0,16,0,512,2048,1088,98.016,99.97,99.136,0.5737
mixed,8,3,0.375,4.0,16,0,1024,4096,2176,102.719,118.176,99.953,-0.1789
mixed,8,3,0.375,4.0,16,0,2048,8192,4352,119.055,143.472,128.033,0.3677
mixed,8,3,0.375,4.0,16,0,4096,16384,8704,147.983,198.656,151.505,0.0695
mixed,8,3,0.375,4.0,16,0,8192,32768,17408,203.36,298.672,202.258,-0.0116
mixed,8,3,0.375,4.0,16,512,128,512,272,103.472,104.112,103.233,-0.3724
mixed,8,3,0.375,4.0,16,512,256,1024,544,105.778,108.386,98.304,-2.8656
mixed,8,3,0.375,4.0,16,512,512,2048,1088,108.529,114.928,111.074,0.3977
mixed,8,3,0.375,4.0,16,512,1024,4096,2176,115.28,126.767,117.152,0.163
mixed,8,3,0.375,4.0,16,512,2048,8192,4352,128.882,144.417,128.337,-0.0351
mixed,8,3,0.375,4.0,16,512,4096,16384,8704,146.688,198.687,148.992,0.0443
mixed,8,3,0.375,4.0,16,512,8192,32768,17408,202.033,299.825,204.707,0.0273
mixed,8,3,0.375,4.0,16,2048,128,512,272,112.368,117.552,115.424,0.5897
mixed,8,3,0.375,4.0,16,2048,256,1024,544,117.473,115.456,116.929,
mixed,8,3,0.375,4.0,16,2048,512,2048,1088,117.584,119.153,113.953,-2.315
mixed,8,3,0.375,4.0,16,2048,1024,4096,2176,121.52,133.646,121.248,-0.0224
mixed,8,3,0.375,4.0,16,2048,2048,8192,4352,133.968,146.417,139.649,0.4564
mixed,8,3,0.375,4.0,16,2048,4096,16384,8704,157.153,197.217,158.0,0.0212
mixed,8,3,0.375,4.0,16,2048,8192,32768,17408,206.353,299.488,208.385,0.0218
mixed,8,3,0.375,4.0,16,8192,128,512,272,145.76,144.641,144.4,
mixed,8,3,0.375,4.0,16,8192,256,1024,544,144.496,144.334,143.072,
mixed,8,3,0.375,4.0,16,8192,512,2048,1088,144.72,145.25,144.865,0.2745
mixed,8,3,0.375,4.0,16,8192,1024,4096,2176,146.081,151.584,146.639,0.1015
mixed,8,3,0.375,4.0,16,8192,2048,8192,4352,149.441,170.992,151.906,0.1144
mixed,8,3,0.375,4.0,16,8192,4096,16384,8704,164.462,213.377,165.17,0.0145
mixed,8,3,0.375,4.0,16,8192,8192,32768,17408,211.025,304.529,215.342,0.0462
mixed,8,3,0.375,4.0,16,16384,128,512,272,169.634,168.064,168.802,
mixed,8,3,0.375,4.0,16,16384,256,1024,544,169.314,167.331,167.647,
mixed,8,3,0.375,4.0,16,16384,512,2048,1088,167.969,171.154,168.047,0.0243
mixed,8,3,0.375,4.0,16,16384,1024,4096,2176,170.336,176.848,170.416,0.0123
mixed,8,3,0.375,4.0,16,16384,2048,8192,4352,181.489,191.489,176.608,-0.4881
mixed,8,3,0.375,4.0,16,16384,4096,16384,8704,199.264,230.114,198.191,-0.0348
mixed,8,3,0.375,4.0,16,16384,8192,32768,17408,236.146,325.09,230.64,-0.0619
mixed,8,3,0.375,4.0,64,0,128,512,272,92.879,91.648,88.8,
mixed,8,3,0.375,4.0,64,0,256,1024,544,91.312,98.047,93.439,0.3158
mixed,8,3,0.375,4.0,64,0,512,2048,1088,100.721,108.095,103.28,0.347
mixed,8,3,0.375,4.0,64,0,1024,4096,2176,110.239,131.841,122.962,0.589
mixed,8,3,0.375,4.0,64,0,2048,8192,4352,131.136,174.751,163.36,0.7388
mixed,8,3,0.375,4.0,64,0,4096,16384,8704,179.761,252.976,243.233,0.8669
mixed,8,3,0.375,4.0,64,0,8192,32768,17408,261.728,406.753,399.136,0.9475
mixed,8,3,0.375,4.0,64,512,128,512,272,116.016,115.52,116.706,
mixed,8,3,0.375,4.0,64,512,256,1024,544,117.137,117.409,111.312,-21.453
mixed,8,3,0.375,4.0,64,512,512,2048,1088,118.913,112.656,111.458,
mixed,8,3,0.375,4.0,64,512,1024,4096,2176,116.05,135.808,131.28,0.7709
mixed,8,3,0.375,4.0,64,512,2048,8192,4352,134.64,171.807,170.047,0.9527
mixed,8,3,0.375,4.0,64,512,4096,16384,8704,180.127,253.361,247.233,0.9163
mixed,8,3,0.375,4.0,64,512,8192,32768,17408,264.72,412.929,402.882,0.9322
mixed,8,3,0.375,4.0,64,2048,128,512,272,137.041,136.033,136.48,
mixed,8,3,0.375,4.0,64,2048,256,1024,544,136.099,137.537,138.303,1.5328
mixed,8,3,0.375,4.0,64,2048,512,2048,1088,138.784,140.128,138.144,-0.4766
mixed,8,3,0.375,4.0,64,2048,1024,4096,2176,141.681,150.576,132.638,-1.0168
mixed,8,3,0.375,4.0,64,2048,2048,8192,4352,150.401,179.535,173.409,0.7897
mixed,8,3,0.375,4.0,64,2048,4096,16384,8704,185.617,258.144,249.89,0.8862
mixed,8,3,0.375,4.0,64,2048,8192,32768,17408,267.215,413.281,405.586,0.9473
mixed,8,3,0.375,4.0,64,8192,128,512,272,200.303,187.648,199.857,
mixed,8,3,0.375,4.0,64,8192,256,1024,544,188.529,204.593,190.434,0.1186
mixed,8,3,0.375,4.0,64,8192,512,2048,1088,204.287,204.03,204.352,
mixed,8,3,0.375,4.0,64,8192,1024,4096,2176,205.601,215.922,204.99,-0.0592
mixed,8,3,0.375,4.0,64,8192,2048,8192,4352,215.921,232.161,214.433,-0.0917
mixed,8,3,0.375,4.0,64,8192,4096,16384,8704,233.233,270.545,252.834,0.5253
mixed,8,3,0.375,4.0,64,8192,8192,32768,17408,268.833,426.159,412.018,0.9101
mixed,8,3,0.375,4.0,64,16384,128,512,272,277.49,277.105,276.623,
mixed,8,3,0.375,4.0,64,16384,256,1024,544,276.688,266.881,277.073,
mixed,8,3,0.375,4.0,64,16384,512,2048,1088,274.208,291.234,280.416,0.3646
mixed,8,3,0.375,4.0,64,16384,1024,4096,2176,291.345,292.288,292.368,1.0854
mixed,8,3,0.375,4.0,64,16384,2048,8192,4352,293.584,322.592,290.942,-0.0911
mixed,8,3,0.375,4.0,64,16384,4096,16384,8704,320.608,363.01,320.671,0.0015
mixed,8,3,0.375,4.0,64,16384,8192,32768,17408,365.68,434.098,412.832,0.6892
mixed,8,3,0.375,4.0,256,0,128,512,272,140.433,142.353,141.488,0.5492
mixed,8,3,0.375,4.0,256,0,256,1024,544,142.575,133.07,162.624,
mixed,8,3,0.375,4.0,256,0,512,2048,1088,136.561,172.159,171.058,0.9691
mixed,8,3,0.375,4.0,256,0,1024,4096,2176,175.968,249.505,248.945,0.9924
mixed,8,3,0.375,4.0,256,0,2048,8192,4352,260.353,405.426,403.524,0.9869
mixed,8,3,0.375,4.0,256,0,4096,16384,8704,424.562,712.322,713.569,1.0043
mixed,8,3,0.375,4.0,256,0,8192,32768,17408,751.12,1331.938,1327.282,0.992
mixed,8,3,0.375,4.0,256,512,128,512,272,185.218,186.305,181.777,-3.1671
mixed,8,3,0.375,4.0,256,512,256,1024,544,188.739,208.368,207.136,0.9373
mixed,8,3,0.375,4.0,256,512,512,2048,1088,208.608,246.978,247.04,1.0016
mixed,8,3,0.375,4.0,256,512,1024,4096,2176,251.811,325.984,324.353,0.978
mixed,8,3,0.375,4.0,256,512,2048,8192,4352,335.376,407.682,480.241,2.0035
mixed,8,3,0.375,4.0,256,512,4096,16384,8704,425.682,714.896,714.497,0.9986
mixed,8,3,0.375,4.0,256,512,8192,32768,17408,754.159,1329.604,1328.675,0.9984
mixed,8,3,0.375,4.0,256,2048,128,512,272,225.729,217.296,225.202,
mixed,8,3,0.375,4.0,256,2048,256,1024,544,217.714,304.498,244.51,0.3088
mixed,8,3,0.375,4.0,256,2048,512,2048,1088,309.569,307.249,302.368,
mixed,8,3,0.375,4.0,256,2048,1024,4096,2176,314.255,389.138,385.298,0.9487
mixed,8,3,0.375,4.0,256,2048,2048,8192,4352,397.824,544.993,541.057,0.9733
mixed,8,3,0.375,4.0,256,2048,4096,16384,8704,563.395,717.84,849.891,1.855
mixed,8,3,0.375,4.0,256,2048,8192,32768,17408,755.409,1335.842,1329.955,0.9899
mixed,8,3,0.375,4.0,256,8192,128,512,272,464.866,462.897,462.0,
mixed,8,3,0.375,4.0,256,8192,256,1024,544,463.247,464.707,463.488,0.1645
mixed,8,3,0.375,4.0,256,8192,512,2048,1088,463.184,457.952,463.746,
mixed,8,3,0.375,4.0,256,8192,1024,4096,2176,476.178,776.77,543.858,0.2252
mixed,8,3,0.375,4.0,256,8192,2048,8192,4352,793.33,777.81,776.658,
mixed,8,3,0.375,4.0,256,8192,4096,16384,8704,799.121,1088.802,1084.676,0.9858
mixed,8,3,0.375,4.0,256,8192,8192,32768,17408,1126.436,1709.861,1701.253,0.9852
mixed,8,3,0.375,4.0,256,16384,128,512,272,773.457,772.128,772.531,
mixed,8,3,0.375,4.0,256,16384,256,1024,544,775.234,776.146,772.659,-2.8208
mixed,8,3,0.375,4.0,256,16384,512,2048,1088,773.057,773.682,772.77,-0.4588
mixed,8,3,0.375,4.0,256,16384,1024,4096,2176,772.708,769.779,775.12,
mixed,8,3,0.375,4.0,256,16384,2048,8192,4352,803.923,1389.842,931.794,0.2182
mixed,8,3,0.375,4.0,256,16384,4096,16384,8704,1426.964,1391.859,1389.107,
mixed,8,3,0.375,4.0,256,16384,8192,32768,17408,1434.596,2004.885,2008.421,1.0062
mixed,8,3,0.375,4.0,1024,0,128,512,272,222.063,225.12,222.673,0.1995
mixed,8,3,0.375,4.0,1024,0,256,1024,544,226.849,232.896,230.463,0.5976
mixed,8,3,0.375,4.0,1024,0,512,2048,1088,233.6,242.58,236.994,0.378
mixed,8,3,0.375,4.0,1024,0,1024,4096,2176,244.399,261.202,248.591,0.2495
mixed,8,3,0.375,4.0,1024,0,2048,8192,4352,263.426,295.507,267.684,0.1327
mixed,8,3,0.375,4.0,1024,0,4096,16384,8704,298.226,352.817,302.434,0.0771
mixed,8,3,0.375,4.0,1024,0,8192,32768,17408,355.954,455.154,359.294,0.0337
mixed,8,3,0.375,4.0,1024,512,128,512,272,329.266,333.173,331.024,0.4501
mixed,8,3,0.375,4.0,1024,512,256,1024,544,334.191,341.428,336.609,0.3341
mixed,8,3,0.375,4.0,1024,512,512,2048,1088,341.922,351.553,343.247,0.1376
mixed,8,3,0.375,4.0,1024,512,1024,4096,2176,352.368,371.663,356.242,0.2008
mixed,8,3,0.375,4.0,1024,512,2048,8192,4352,372.384,403.185,375.284,0.0942
mixed,8,3,0.375,4.0,1024,512,4096,16384,8704,410.131,462.819,412.865,0.0519
mixed,8,3,0.375,4.0,1024,512,8192,32768,17408,464.239,565.698,468.629,0.0433
mixed,8,3,0.375,4.0,1024,2048,128,512,272,451.87,457.299,454.559,0.4953
mixed,8,3,0.375,4.0,1024,2048,256,1024,544,458.259,464.831,460.242,0.3018
mixed,8,3,0.375,4.0,1024,2048,512,2048,1088,465.908,474.636,467.635,0.1979
mixed,8,3,0.375,4.0,1024,2048,1024,4096,2176,475.408,494.781,478.897,0.1801
mixed,8,3,0.375,4.0,1024,2048,2048,8192,4352,493.838,526.692,501.168,0.2231
mixed,8,3,0.375,4.0,1024,2048,4096,16384,8704,531.794,580.147,535.763,0.0821
mixed,8,3,0.375,4.0,1024,2048,8192,32768,17408,590.192,686.516,589.938,-0.0026
mixed,8,3,0.375,4.0,1024,8192,128,512,272,951.603,953.569,951.268,-0.1706
mixed,8,3,0.375,4.0,1024,8192,256,1024,544,954.755,961.716,958.229,0.499
mixed,8,3,0.375,4.0,1024,8192,512,2048,1088,960.437,968.594,963.362,0.3587
mixed,8,3,0.375,4.0,1024,8192,1024,4096,2176,970.26,986.832,972.517,0.1362
mixed,8,3,0.375,4.0,1024,8192,2048,8192,4352,992.26,1017.586,995.462,0.1264
mixed,8,3,0.375,4.0,1024,8192,4096,16384,8704,1021.042,1071.556,1025.492,0.0881
mixed,8,3,0.375,4.0,1024,8192,8192,32768,17408,1075.634,1174.517,1079.554,0.0396
mixed,8,3,0.375,4.0,1024,16384,128,512,272,1583.766,1582.392,1582.755,
mixed,8,3,0.375,4.0,1024,16384,256,1024,544,1586.998,1594.082,1587.075,0.0108
mixed,8,3,0.375,4.0,1024,16384,512,2048,1088,1592.212,1599.312,1599.075,0.9665
mixed,8,3,0.375,4.0,1024,16384,1024,4096,2176,1602.836,1618.659,1601.872,-0.0609
mixed,8,3,0.375,4.0,1024,16384,2048,8192,4352,1626.392,1647.75,1629.155,0.1294
mixed,8,3,0.375,4.0,1024,16384,4096,16384,8704,1653.767,1707.812,1650.566,-0.0592
mixed,8,3,0.375,4.0,1024,16384,8192,32768,17408,1715.651,1806.356,1717.877,0.0246
mixed,8,3,0.375,4.0,4096,0,128,512,272,672.755,674.997,678.225,2.4396
mixed,8,3,0.375,4.0,4096,0,256,1024,544,679.936,691.427,681.778,0.1603
mixed,8,3,0.375,4.0,4096,0,512,2048,1088,690.065,698.146,693.985,0.4851
mixed,8,3,0.375,4.0,4096,0,1024,4096,2176,697.839,715.617,703.521,0.3196
mixed,8,3,0.375,4.0,4096,0,2048,8192,4352,718.482,751.872,728.098,0.288
mixed,8,3,0.375,4.0,4096,0,4096,16384,8704,755.73,804.706,755.572,-0.0032
mixed,8,3,0.375,4.0,4096,0,8192,32768,17408,813.825,912.946,814.611,0.0079
mixed,8,3,0.375,4.0,4096,512,128,512,272,886.882,891.666,891.325,0.9288
mixed,8,3,0.375,4.0,4096,512,256,1024,544,891.967,899.651,890.914,-0.137
mixed,8,3,0.375,4.0,4096,512,512,2048,1088,899.682,905.091,904.545,0.8991
mixed,8,3,0.375,4.0,4096,512,1024,4096,2176,908.77,926.958,911.428,0.1461
mixed,8,3,0.375,4.0,4096,512,2048,8192,4352,929.154,956.323,934.579,0.1997
mixed,8,3,0.375,4.0,4096,512,4096,16384,8704,964.195,1011.299,964.067,-0.0027
mixed,8,3,0.375,4.0,4096,512,8192,32768,17408,1019.265,1117.637,1021.442,0.0221
mixed,8,3,0.375,4.0,4096,2048,128,512,272,1175.173,1177.86,1178.451,1.2202
mixed,8,3,0.375,4.0,4096,2048,256,1024,544,1183.094,1188.023,1184.099,0.204
mixed,8,3,0.375,4.0,4096,2048,512,2048,1088,1190.967,1199.698,1192.371,0.1608
mixed,8,3,0.375,4.0,4096,2048,1024,4096,2176,1197.716,1219.028,1206.194,0.3978
mixed,8,3,0.375,4.0,4096,2048,2048,8192,4352,1220.453,1248.131,1222.164,0.0618
mixed,8,3,0.375,4.0,4096,2048,4096,16384,8704,1251.317,1301.509,1254.486,0.0632
mixed,8,3,0.375,4.0,4096,2048,8192,32768,17408,1311.478,1410.679,1308.31,-0.0319
mixed,8,3,0.375,4.0,4096,8192,128,512,272,2309.798,2310.757,2308.121,-1.7467
mixed,8,3,0.375,4.0,4096,8192,256,1024,544,2312.997,2320.742,2317.66,0.602
mixed,8,3,0.375,4.0,4096,8192,512,2048,1088,2320.872,2327.443,2322.938,0.3143
mixed,8,3,0.375,4.0,4096,8192,1024,4096,2176,2329.223,2342.024,2335.669,0.5036
mixed,8,3,0.375,4.0,4096,8192,2048,8192,4352,2348.31,2380.967,2353.511,0.1593
mixed,8,3,0.375,4.0,4096,8192,4096,16384,8704,2381.252,2428.773,2383.3,0.0431
mixed,8,3,0.375,4.0,4096,8192,8192,32768,17408,2434.197,2529.575,2437.051,0.0299
mixed,8,3,0.375,4.0,4096,16384,128,512,272,3783.116,3789.61,3783.513,0.0612
mixed,8,3,0.375,4.0,4096,16384,256,1024,544,3782.431,3795.752,3792.014,0.7193
mixed,8,3,0.375,4.0,4096,16384,512,2048,1088,3790.606,3804.506,3802.746,0.8734
mixed,8,3,0.375,4.0,4096,16384,1024,4096,2176,3802.14,3823.741,3813.117,0.5082
mixed,8,3,0.375,4.0,4096,16384,2048,8192,4352,3828.379,3859.386,3841.18,0.4129
mixed,8,3,0.375,4.0,4096,16384,4096,16384,8704,3862.158,3908.237,3858.683,-0.0754
mixed,8,3,0.375,4.0,4096,16384,8192,32768,17408,3932.369,4012.972,3910.313,-0.2736
pure,8,4,0.5,4.0,0,0,128,512,320,72.16,75.712,74.816,0.748
pure,8,4,0.5,4.0,0,0,256,1024,640,76.464,80.383,77.857,0.3554
pure,8,4,0.5,4.0,0,0,512,2048,1280,82.577,88.433,84.687,0.3603
pure,8,4,0.5,4.0,0,0,1024,4096,2560,97.663,103.713,95.81,-0.3064
pure,8,4,0.5,4.0,0,0,2048,8192,5120,111.823,131.167,114.352,0.1307
pure,8,4,0.5,4.0,0,0,4096,16384,10240,143.232,185.233,147.44,0.1002
pure,8,4,0.5,4.0,0,0,8192,32768,20480,211.615,285.824,214.833,0.0434
mixed,8,4,0.5,4.0,16,0,128,512,320,85.809,88.079,84.785,-0.4512
mixed,8,4,0.5,4.0,16,0,256,1024,640,86.769,92.784,87.311,0.0902
mixed,8,4,0.5,4.0,16,0,512,2048,1280,92.37,100.783,92.991,0.0738
mixed,8,4,0.5,4.0,16,0,1024,4096,2560,107.056,116.942,110.976,0.3965
mixed,8,4,0.5,4.0,16,0,2048,8192,5120,124.321,143.487,125.088,0.04
mixed,8,4,0.5,4.0,16,0,4096,16384,10240,155.152,195.377,159.666,0.1122
mixed,8,4,0.5,4.0,16,0,8192,32768,20480,225.873,299.744,227.264,0.0188
mixed,8,4,0.5,4.0,16,512,128,512,320,104.32,106.097,103.649,-0.3774
mixed,8,4,0.5,4.0,16,512,256,1024,640,106.13,108.368,106.224,0.042
mixed,8,4,0.5,4.0,16,512,512,2048,1280,110.962,114.272,114.113,0.9518
mixed,8,4,0.5,4.0,16,512,1024,4096,2560,109.808,126.56,113.055,0.1939
mixed,8,4,0.5,4.0,16,512,2048,8192,5120,126.785,143.104,131.281,0.2755
mixed,8,4,0.5,4.0,16,512,4096,16384,10240,156.065,198.624,158.401,0.0549
mixed,8,4,0.5,4.0,16,512,8192,32768,20480,224.913,298.336,230.033,0.0697
mixed,8,4,0.5,4.0,16,2048,128,512,320,115.648,116.976,116.656,0.7598
mixed,8,4,0.5,4.0,16,2048,256,1024,640,116.815,115.567,118.162,
mixed,8,4,0.5,4.0,16,2048,512,2048,1280,118.689,120.481,119.343,0.3651
mixed,8,4,0.5,4.0,16,2048,1024,4096,2560,122.546,132.846,125.905,0.3261
mixed,8,4,0.5,4.0,16,2048,2048,8192,5120,137.953,145.28,141.28,0.454
mixed,8,4,0.5,4.0,16,2048,4096,16384,10240,159.425,198.208,161.297,0.0482
mixed,8,4,0.5,4.0,16,2048,8192,32768,20480,221.298,300.672,224.128,0.0356
mixed,8,4,0.5,4.0,16,8192,128,512,320,143.842,145.057,143.567,-0.2254
mixed,8,4,0.5,4.0,16,8192,256,1024,640,140.352,143.904,140.304,-0.0134
mixed,8,4,0.5,4.0,16,8192,512,2048,1280,144.447,145.504,145.839,1.3176
mixed,8,4,0.5,4.0,16,8192,1024,4096,2560,141.553,151.439,146.752,0.5259
mixed,8,4,0.5,4.0,16,8192,2048,8192,5120,150.272,169.697,155.728,0.2809
mixed,8,4,0.5,4.0,16,8192,4096,16384,10240,180.0,216.305,175.456,-0.1252
mixed,8,4,0.5,4.0,16,8192,8192,32768,20480,240.912,307.072,238.8,-0.0319
mixed,8,4,0.5,4.0,16,16384,128,512,320,170.097,167.904,168.4,
mixed,8,4,0.5,4.0,16,16384,256,1024,640,167.698,168.193,167.841,0.2889
mixed,8,4,0.5,4.0,16,16384,512,2048,1280,168.385,170.737,168.24,-0.0612
mixed,8,4,0.5,4.0,16,16384,1024,4096,2560,170.464,176.129,169.823,-0.1131
mixed,8,4,0.5,4.0,16,16384,2048,8192,5120,180.481,194.032,177.649,-0.2089
mixed,8,4,0.5,4.0,16,16384,4096,16384,10240,202.416,232.001,201.984,-0.0146
mixed,8,4,0.5,4.0,16,16384,8192,32768,20480,243.312,323.826,250.721,0.092
mixed,8,4,0.5,4.0,64,0,128,512,320,90.831,93.121,88.561,-0.9919
mixed,8,4,0.5,4.0,64,0,256,1024,640,94.833,99.344,95.265,0.0958
mixed,8,4,0.5,4.0,64,0,512,2048,1280,104.143,109.665,104.207,0.0116
mixed,8,4,0.5,4.0,64,0,1024,4096,2560,114.417,130.24,123.153,0.5521
mixed,8,4,0.5,4.0,64,0,2048,8192,5120,143.345,174.417,164.816,0.691
mixed,8,4,0.5,4.0,64,0,4096,16384,10240,192.177,253.248,243.856,0.8462
mixed,8,4,0.5,4.0,64,0,8192,32768,20480,292.736,409.46,398.98,0.9102
mixed,8,4,0.5,4.0,64,512,128,512,320,116.498,116.209,117.535,
mixed,8,4,0.5,4.0,64,512,256,1024,640,115.918,117.953,111.951,-1.9499
mixed,8,4,0.5,4.0,64,512,512,2048,1280,119.009,113.505,111.218,
mixed,8,4,0.5,4.0,64,512,1024,4096,2560,119.36,134.704,132.337,0.8458
mixed,8,4,0.5,4.0,64,512,2048,8192,5120,145.457,173.474,171.393,0.9257
mixed,8,4,0.5,4.0,64,512,4096,16384,10240,194.146,253.233,248.785,0.9247
mixed,8,4,0.5,4.0,64,512,8192,32768,20480,293.216,413.347,405.284,0.9329
mixed,8,4,0.5,4.0,64,2048,128,512,320,136.113,137.28,134.369,-1.4955
mixed,8,4,0.5,4.0,64,2048,256,1024,640,138.321,137.474,137.632,
mixed,8,4,0.5,4.0,64,2048,512,2048,1280,138.608,139.12,138.047,-1.0946
mixed,8,4,0.5,4.0,64,2048,1024,4096,2560,139.264,147.873,134.546,-0.5482
mixed,8,4,0.5,4.0,64,2048,2048,8192,5120,148.114,178.754,176.05,0.9118
mixed,8,4,0.5,4.0,64,2048,4096,16384,10240,199.441,257.01,251.33,0.9014
mixed,8,4,0.5,4.0,64,2048,8192,32768,20480,296.754,413.553,408.61,0.9577
mixed,8,4,0.5,4.0,64,8192,128,512,320,200.735,188.817,201.122,
mixed,8,4,0.5,4.0,64,8192,256,1024,640,211.266,204.048,189.776,
mixed,8,4,0.5,4.0,64,8192,512,2048,1280,204.481,204.592,205.008,4.7309
mixed,8,4,0.5,4.0,64,8192,1024,4096,2560,240.624,214.818,205.313,
mixed,8,4,0.5,4.0,64,8192,2048,8192,5120,216.272,232.865,215.409,-0.052
mixed,8,4,0.5,4.0,64,8192,4096,16384,10240,228.45,267.264,253.25,0.6389
mixed,8,4,0.5,4.0,64,8192,8192,32768,20480,304.227,425.506,415.922,0.921
mixed,8,4,0.5,4.0,64,16384,128,512,320,277.905,277.105,277.474,
mixed,8,4,0.5,4.0,64,16384,256,1024,640,278.209,265.969,277.409,
mixed,8,4,0.5,4.0,64,16384,512,2048,1280,304.322,290.8,282.24,
mixed,8,4,0.5,4.0,64,16384,1024,4096,2560,293.826,292.72,292.111,
mixed,8,4,0.5,4.0,64,16384,2048,8192,5120,373.649,321.792,294.53,
mixed,8,4,0.5,4.0,64,16384,4096,16384,10240,320.946,363.444,320.179,-0.018
mixed,8,4,0.5,4.0,64,16384,8192,32768,20480,365.041,430.4,416.228,0.7832
mixed,8,4,0.5,4.0,256,0,128,512,320,142.048,142.544,142.066,0.0353
mixed,8,4,0.5,4.0,256,0,256,1024,640,147.169,132.61,161.312,
mixed,8,4,0.5,4.0,256,0,512,2048,1280,141.855,171.36,171.073,0.9903
mixed,8,4,0.5,4.0,256,0,1024,4096,2560,191.153,250.512,249.425,0.9817
mixed,8,4,0.5,4.0,256,0,2048,8192,5120,288.128,406.322,403.683,0.9777
mixed,8,4,0.5,4.0,256,0,4096,16384,10240,481.825,713.554,713.107,0.9981
mixed,8,4,0.5,4.0,256,0,8192,32768,20480,865.941,1326.183,1326.278,1.0002
mixed,8,4,0.5,4.0,256,512,128,512,320,189.618,188.161,185.328,
mixed,8,4,0.5,4.0,256,512,256,1024,640,192.226,207.088,204.866,0.8505
mixed,8,4,0.5,4.0,256,512,512,2048,1280,216.993,247.442,245.666,0.9417
mixed,8,4,0.5,4.0,256,512,1024,4096,2560,264.61,325.697,324.066,0.9733
mixed,8,4,0.5,4.0,256,512,2048,8192,5120,290.673,408.241,405.216,0.9743
mixed,8,4,0.5,4.0,256,512,4096,16384,10240,484.178,716.323,714.803,0.9935
mixed,8,4,0.5,4.0,256,512,8192,32768,20480,869.892,1332.438,1329.111,0.9928
mixed,8,4,0.5,4.0,256,2048,128,512,320,224.879,216.963,225.891,
mixed,8,4,0.5,4.0,256,2048,256,1024,640,234.736,305.169,245.264,0.1495
mixed,8,4,0.5,4.0,256,2048,512,2048,1280,324.913,308.001,306.081,
mixed,8,4,0.5,4.0,256,2048,1024,4096,2560,328.018,387.889,385.89,0.9666
mixed,8,4,0.5,4.0,256,2048,2048,8192,5120,428.274,542.659,540.931,0.9849
mixed,8,4,0.5,4.0,256,2048,4096,16384,10240,620.594,719.474,851.81,2.3383
mixed,8,4,0.5,4.0,256,2048,8192,32768,20480,873.139,1334.789,1337.128,1.0051
mixed,8,4,0.5,4.0,256,8192,128,512,320,465.296,461.536,461.843,
mixed,8,4,0.5,4.0,256,8192,256,1024,640,462.545,463.314,464.048,1.9538
mixed,8,4,0.5,4.0,256,8192,512,2048,1280,463.49,458.899,464.338,
mixed,8,4,0.5,4.0,256,8192,1024,4096,2560,534.755,777.621,545.25,0.0432
mixed,8,4,0.5,4.0,256,8192,2048,8192,5120,663.108,783.283,778.597,0.961
mixed,8,4,0.5,4.0,256,8192,4096,16384,10240,859.604,1092.611,1090.533,0.9911
mixed,8,4,0.5,4.0,256,8192,8192,32768,20480,1251.269,1706.184,1702.841,0.9927
mixed,8,4,0.5,4.0,256,16384,128,512,320,773.604,773.205,774.034,
mixed,8,4,0.5,4.0,256,16384,256,1024,640,773.522,775.349,773.812,0.1585
mixed,8,4,0.5,4.0,256,16384,512,2048,1280,774.53,772.804,773.587,
mixed,8,4,0.5,4.0,256,16384,1024,4096,2560,775.157,769.428,773.845,
mixed,8,4,0.5,4.0,256,16384,2048,8192,5120,925.891,1388.294,930.661,0.0103
mixed,8,4,0.5,4.0,256,16384,4096,16384,10240,1160.55,1392.872,1393.27,1.0017
mixed,8,4,0.5,4.0,256,16384,8192,32768,20480,1547.72,2011.129,2008.012,0.9933
mixed,8,4,0.5,4.0,1024,0,128,512,320,222.816,224.96,223.778,0.4485
mixed,8,4,0.5,4.0,1024,0,256,1024,640,227.233,232.802,230.432,0.5745
mixed,8,4,0.5,4.0,1024,0,512,2048,1280,236.899,244.498,238.993,0.2757
mixed,8,4,0.5,4.0,1024,0,1024,4096,2560,252.479,262.512,251.856,-0.0621
mixed,8,4,0.5,4.0,1024,0,2048,8192,5120,271.873,296.565,275.552,0.149
mixed,8,4,0.5,4.0,1024,0,4096,16384,10240,310.272,352.787,312.881,0.0614
mixed,8,4,0.5,4.0,1024,0,8192,32768,20480,382.288,455.28,381.314,-0.0134
mixed,8,4,0.5,4.0,1024,512,128,512,320,330.4,334.032,331.937,0.423
mixed,8,4,0.5,4.0,1024,512,256,1024,640,335.279,340.592,336.96,0.3164
mixed,8,4,0.5,4.0,1024,512,512,2048,1280,343.888,351.393,347.361,0.4628
mixed,8,4,0.5,4.0,1024,512,1024,4096,2560,361.25,371.251,360.817,-0.0432
mixed,8,4,0.5,4.0,1024,512,2048,8192,5120,382.301,402.785,381.508,-0.0387
mixed,8,4,0.5,4.0,1024,512,4096,16384,10240,418.354,462.736,423.365,0.1129
mixed,8,4,0.5,4.0,1024,512,8192,32768,20480,490.048,564.944,490.736,0.0092
mixed,8,4,0.5,4.0,1024,2048,128,512,320,453.476,457.525,456.558,0.761
mixed,8,4,0.5,4.0,1024,2048,256,1024,640,459.763,464.238,461.822,0.4599
mixed,8,4,0.5,4.0,1024,2048,512,2048,1280,468.594,473.615,469.507,0.1819
mixed,8,4,0.5,4.0,1024,2048,1024,4096,2560,484.499,492.192,482.24,-0.2936
mixed,8,4,0.5,4.0,1024,2048,2048,8192,5120,503.134,526.579,507.12,0.17
mixed,8,4,0.5,4.0,1024,2048,4096,16384,10240,540.054,582.547,544.133,0.096
mixed,8,4,0.5,4.0,1024,2048,8192,32768,20480,609.443,685.569,613.984,0.0596
mixed,8,4,0.5,4.0,1024,8192,128,512,320,950.149,954.386,952.673,0.5958
mixed,8,4,0.5,4.0,1024,8192,256,1024,640,955.47,961.649,957.33,0.3009
mixed,8,4,0.5,4.0,1024,8192,512,2048,1280,965.264,970.483,966.404,0.2185
mixed,8,4,0.5,4.0,1024,8192,1024,4096,2560,977.793,989.844,975.54,-0.187
mixed,8,4,0.5,4.0,1024,8192,2048,8192,5120,997.828,1018.112,996.802,-0.0506
mixed,8,4,0.5,4.0,1024,8192,4096,16384,10240,1033.697,1071.895,1035.281,0.0415
mixed,8,4,0.5,4.0,1024,8192,8192,32768,20480,1100.806,1175.156,1103.75,0.0396
mixed,8,4,0.5,4.0,1024,16384,128,512,320,1585.361,1584.932,1585.267,
mixed,8,4,0.5,4.0,1024,16384,256,1024,640,1586.021,1595.347,1589.906,0.4166
mixed,8,4,0.5,4.0,1024,16384,512,2048,1280,1595.49,1604.085,1603.477,0.9293
mixed,8,4,0.5,4.0,1024,16384,1024,4096,2560,1613.539,1619.249,1609.414,-0.7223
mixed,8,4,0.5,4.0,1024,16384,2048,8192,5120,1628.306,1649.668,1635.441,0.334
mixed,8,4,0.5,4.0,1024,16384,4096,16384,10240,1663.94,1701.796,1667.638,0.0977
mixed,8,4,0.5,4.0,1024,16384,8192,32768,20480,1730.818,1806.721,1735.43,0.0608
mixed,8,4,0.5,4.0,4096,0,128,512,320,674.962,679.474,679.396,0.9826
mixed,8,4,0.5,4.0,4096,0,256,1024,640,680.961,692.5,679.266,-0.1469
mixed,8,4,0.5,4.0,4096,0,512,2048,1280,691.507,700.432,694.435,0.328
mixed,8,4,0.5,4.0,4096,0,1024,4096,2560,703.586,719.266,705.031,0.0921
mixed,8,4,0.5,4.0,4096,0,2048,8192,5120,727.187,749.36,727.54,0.0159
mixed,8,4,0.5,4.0,4096,0,4096,16384,10240,760.466,805.408,765.539,0.1129
mixed,8,4,0.5,4.0,4096,0,8192,32768,20480,834.402,909.044,839.523,0.0686
mixed,8,4,0.5,4.0,4096,512,128,512,320,887.763,891.026,888.466,0.2156
mixed,8,4,0.5,4.0,4096,512,256,1024,640,893.427,896.306,894.037,0.2119
mixed,8,4,0.5,4.0,4096,512,512,2048,1280,897.702,905.3,903.249,0.7301
mixed,8,4,0.5,4.0,4096,512,1024,4096,2560,916.837,926.005,916.786,-0.0056
mixed,8,4,0.5,4.0,4096,512,2048,8192,5120,936.483,958.082,938.754,0.1051
mixed,8,4,0.5,4.0,4096,512,4096,16384,10240,972.834,1009.604,972.255,-0.0157
mixed,8,4,0.5,4.0,4096,512,8192,32768,20480,1042.465,1114.227,1043.525,0.0148
mixed,8,4,0.5,4.0,4096,2048,128,512,320,1178.358,1185.716,1177.875,-0.0656
mixed,8,4,0.5,4.0,4096,2048,256,1024,640,1181.109,1188.671,1189.155,1.0639
mixed,8,4,0.5,4.0,4096,2048,512,2048,1280,1192.565,1198.448,1199.543,1.186
mixed,8,4,0.5,4.0,4096,2048,1024,4096,2560,1208.484,1217.794,1208.772,0.0309
mixed,8,4,0.5,4.0,4096,2048,2048,8192,5120,1226.912,1250.817,1226.69,-0.0093
mixed,8,4,0.5,4.0,4096,2048,4096,16384,10240,1262.117,1303.859,1267.816,0.1365
mixed,8,4,0.5,4.0,4096,2048,8192,32768,20480,1331.138,1405.154,1330.918,-0.003
mixed,8,4,0.5,4.0,4096,8192,128,512,320,2308.992,2312.436,2312.005,0.875
mixed,8,4,0.5,4.0,4096,8192,256,1024,640,2314.293,2318.694,2317.093,0.6363
mixed,8,4,0.5,4.0,4096,8192,512,2048,1280,2323.256,2334.982,2323.941,0.0584
mixed,8,4,0.5,4.0,4096,8192,1024,4096,2560,2338.052,2347.544,2337.845,-0.0218
mixed,8,4,0.5,4.0,4096,8192,2048,8192,5120,2361.814,2375.557,2363.689,0.1365
mixed,8,4,0.5,4.0,4096,8192,4096,16384,10240,2390.566,2439.673,2391.066,0.0102
mixed,8,4,0.5,4.0,4096,8192,8192,32768,20480,2459.301,2532.074,2465.925,0.091
mixed,8,4,0.5,4.0,4096,16384,128,512,320,3785.079,3791.4,3802.52,2.7592
mixed,8,4,0.5,4.0,4096,16384,256,1024,640,3788.713,3801.419,3792.285,0.2811
mixed,8,4,0.5,4.0,4096,16384,512,2048,1280,3801.756,3821.12,3794.313,-0.3844
mixed,8,4,0.5,4.0,4096,16384,1024,4096,2560,3815.755,3825.467,3808.142,-0.7838
mixed,8,4,0.5,4.0,4096,16384,2048,8192,5120,3835.13,3861.402,3832.333,-0.1064
mixed,8,4,0.5,4.0,4096,16384,4096,16384,10240,3863.02,3903.757,3870.983,0.1955
mixed,8,4,0.5,4.0,4096,16384,8192,32768,20480,3936.27,4021.133,3926.14,-0.1194
pure,8,6,0.75,4.0,0,0,128,512,416,76.526,74.943,76.048,
pure,8,6,0.75,4.0,0,0,256,1024,832,79.008,80.447,77.392,-1.1227
pure,8,6,0.75,4.0,0,0,512,2048,1664,91.938,87.92,90.864,
pure,8,6,0.75,4.0,0,0,1024,4096,3328,101.168,104.768,100.865,-0.0843
pure,8,6,0.75,4.0,0,0,2048,8192,6656,121.393,131.648,121.905,0.0499
pure,8,6,0.75,4.0,0,0,4096,16384,13312,164.338,185.362,166.337,0.0951
pure,8,6,0.75,4.0,0,0,8192,32768,26624,246.832,285.92,246.082,-0.0192
mixed,8,6,0.75,4.0,16,0,128,512,416,86.305,87.92,85.729,-0.357
mixed,8,6,0.75,4.0,16,0,256,1024,832,90.704,93.073,88.803,-0.8028
mixed,8,6,0.75,4.0,16,0,512,2048,1664,98.399,100.751,100.305,0.8104
mixed,8,6,0.75,4.0,16,0,1024,4096,3328,114.77,116.434,114.224,-0.3278
mixed,8,6,0.75,4.0,16,0,2048,8192,6656,135.025,146.768,135.536,0.0435
mixed,8,6,0.75,4.0,16,0,4096,16384,13312,175.711,197.361,179.552,0.1774
mixed,8,6,0.75,4.0,16,0,8192,32768,26624,263.248,300.625,257.584,-0.1515
mixed,8,6,0.75,4.0,16,512,128,512,416,106.385,104.946,103.423,
mixed,8,6,0.75,4.0,16,512,256,1024,832,106.305,109.008,106.832,0.195
mixed,8,6,0.75,4.0,16,512,512,2048,1664,112.768,115.345,111.873,-0.3476
mixed,8,6,0.75,4.0,16,512,1024,4096,3328,114.4,126.209,116.416,0.1707
mixed,8,6,0.75,4.0,16,512,2048,8192,6656,138.065,143.042,138.033,-0.0065
mixed,8,6,0.75,4.0,16,512,4096,16384,13312,176.562,199.649,177.233,0.0291
mixed,8,6,0.75,4.0,16,512,8192,32768,26624,260.561,300.481,264.354,0.095
mixed,8,6,0.75,4.0,16,2048,128,512,416,116.066,117.871,117.359,0.7165
mixed,8,6,0.75,4.0,16,2048,256,1024,832,114.033,115.121,112.976,-0.9706
mixed,8,6,0.75,4.0,16,2048,512,2048,1664,118.385,120.385,118.928,0.2715
mixed,8,6,0.75,4.0,16,2048,1024,4096,3328,127.649,134.225,129.553,0.2896
mixed,8,6,0.75,4.0,16,2048,2048,8192,6656,145.217,146.304,148.177,2.7236
mixed,8,6,0.75,4.0,16,2048,4096,16384,13312,174.913,199.024,181.713,0.282
mixed,8,6,0.75,4.0,16,2048,8192,32768,26624,264.32,299.522,262.178,-0.0608
mixed,8,6,0.75,4.0,16,8192,128,512,416,143.298,144.176,139.137,-4.7365
mixed,8,6,0.75,4.0,16,8192,256,1024,832,140.944,145.008,143.809,0.705
mixed,8,6,0.75,4.0,16,8192,512,2048,1664,144.929,144.895,145.376,
mixed,8,6,0.75,4.0,16,8192,1024,4096,3328,148.45,152.049,149.537,0.3019
mixed,8,6,0.75,4.0,16,8192,2048,8192,6656,161.951,169.393,165.058,0.4174
mixed,8,6,0.75,4.0,16,8192,4096,16384,13312,198.481,214.335,199.199,0.0453
mixed,8,6,0.75,4.0,16,8192,8192,32768,26624,272.896,307.135,276.578,0.1075
mixed,8,6,0.75,4.0,16,16384,128,512,416,168.415,168.32,168.625,
mixed,8,6,0.75,4.0,16,16384,256,1024,832,167.617,167.522,167.552,
mixed,8,6,0.75,4.0,16,16384,512,2048,1664,168.016,171.248,170.337,0.7182
mixed,8,6,0.75,4.0,16,16384,1024,4096,3328,173.153,175.584,175.216,0.8486
mixed,8,6,0.75,4.0,16,16384,2048,8192,6656,185.121,191.394,184.626,-0.079
mixed,8,6,0.75,4.0,16,16384,4096,16384,13312,213.618,233.217,215.394,0.0906
mixed,8,6,0.75,4.0,16,16384,8192,32768,26624,296.066,326.418,289.344,-0.2215
mixed,8,6,0.75,4.0,64,0,128,512,416,88.608,91.154,90.001,0.5471
mixed,8,6,0.75,4.0,64,0,256,1024,832,98.288,99.471,93.904,-3.7047
mixed,8,6,0.75,4.0,64,0,512,2048,1664,102.895,108.401,104.528,0.2964
mixed,8,6,0.75,4.0,64,0,1024,4096,3328,121.503,131.968,130.88,0.8961
mixed,8,6,0.75,4.0,64,0,2048,8192,6656,157.409,174.655,171.92,0.8414
mixed,8,6,0.75,4.0,64,0,4096,16384,13312,223.439,253.153,251.089,0.9305
mixed,8,6,0.75,4.0,64,0,8192,32768,26624,352.417,407.553,404.369,0.9422
mixed,8,6,0.75,4.0,64,512,128,512,416,117.6,115.585,116.688,
mixed,8,6,0.75,4.0,64,512,256,1024,832,117.087,118.0,116.961,-0.1374
mixed,8,6,0.75,4.0,64,512,512,2048,1664,114.93,112.785,112.465,
mixed,8,6,0.75,4.0,64,512,1024,4096,3328,124.238,134.288,132.241,0.7963
mixed,8,6,0.75,4.0,64,512,2048,8192,6656,159.871,171.649,169.056,0.7799
mixed,8,6,0.75,4.0,64,512,4096,16384,13312,223.156,252.93,251.985,0.9683
mixed,8,6,0.75,4.0,64,512,8192,32768,26624,355.41,414.32,408.978,0.9093
mixed,8,6,0.75,4.0,64,2048,128,512,416,136.816,134.194,135.984,
mixed,8,6,0.75,4.0,64,2048,256,1024,832,138.785,137.409,135.631,
mixed,8,6,0.75,4.0,64,2048,512,2048,1664,140.305,138.434,139.632,
mixed,8,6,0.75,4.0,64,2048,1024,4096,3328,173.25,149.985,147.04,
mixed,8,6,0.75,4.0,64,2048,2048,8192,6656,165.585,180.112,175.392,0.6751
mixed,8,6,0.75,4.0,64,2048,4096,16384,13312,225.505,257.601,253.49,0.8719
mixed,8,6,0.75,4.0,64,2048,8192,32768,26624,354.704,414.641,408.737,0.9015
mixed,8,6,0.75,4.0,64,8192,128,512,416,200.674,187.65,186.754,
mixed,8,6,0.75,4.0,64,8192,256,1024,832,205.889,205.103,203.906,
mixed,8,6,0.75,4.0,64,8192,512,2048,1664,204.095,205.329,205.022,0.7509
mixed,8,6,0.75,4.0,64,8192,1024,4096,3328,274.241,216.433,265.25,
mixed,8,6,0.75,4.0,64,8192,2048,8192,6656,310.001,231.489,289.041,
mixed,8,6,0.75,4.0,64,8192,4096,16384,13312,390.258,268.416,327.041,
mixed,8,6,0.75,4.0,64,8192,8192,32768,26624,366.256,426.064,416.033,0.8323
mixed,8,6,0.75,4.0,64,16384,128,512,416,278.003,277.84,277.265,
mixed,8,6,0.75,4.0,64,16384,256,1024,832,277.36,267.055,266.529,
mixed,8,6,0.75,4.0,64,16384,512,2048,1664,291.761,291.601,290.594,
mixed,8,6,0.75,4.0,64,16384,1024,4096,3328,291.778,293.632,291.971,0.1041
mixed,8,6,0.75,4.0,64,16384,2048,8192,6656,452.368,321.81,427.488,
mixed,8,6,0.75,4.0,64,16384,4096,16384,13312,516.544,364.242,481.905,
mixed,8,6,0.75,4.0,64,16384,8192,32768,26624,654.271,430.657,544.338,
mixed,8,6,0.75,4.0,256,0,128,512,416,138.672,143.009,141.905,0.7453
mixed,8,6,0.75,4.0,256,0,256,1024,832,126.048,132.705,133.008,1.0455
mixed,8,6,0.75,4.0,256,0,512,2048,1664,157.152,170.656,172.112,1.1078
mixed,8,6,0.75,4.0,256,0,1024,4096,3328,220.16,250.145,248.369,0.9408
mixed,8,6,0.75,4.0,256,0,2048,8192,6656,346.849,407.377,404.818,0.9577
mixed,8,6,0.75,4.0,256,0,4096,16384,13312,598.257,713.602,714.562,1.0083
mixed,8,6,0.75,4.0,256,0,8192,32768,26624,1099.412,1326.995,1325.396,0.993
mixed,8,6,0.75,4.0,256,512,128,512,416,195.299,187.264,185.761,
mixed,8,6,0.75,4.0,256,512,256,1024,832,197.73,206.479,206.225,0.9709
mixed,8,6,0.75,4.0,256,512,512,2048,1664,232.754,247.665,245.055,0.825
mixed,8,6,0.75,4.0,256,512,1024,4096,3328,295.858,326.848,325.537,0.9577
mixed,8,6,0.75,4.0,256,512,2048,8192,6656,348.432,407.009,406.562,0.9924
mixed,8,6,0.75,4.0,256,512,4096,16384,13312,599.331,715.01,715.682,1.0058
mixed,8,6,0.75,4.0,256,512,8192,32768,26624,1099.107,1329.267,1329.811,1.0024
mixed,8,6,0.75,4.0,256,2048,128,512,416,226.127,217.041,217.327,
mixed,8,6,0.75,4.0,256,2048,256,1024,832,263.824,303.647,304.16,1.0129
mixed,8,6,0.75,4.0,256,2048,512,2048,1664,290.351,307.136,307.249,1.0068
mixed,8,6,0.75,4.0,256,2048,1024,4096,3328,357.745,387.328,387.234,0.9968
mixed,8,6,0.75,4.0,256,2048,2048,8192,6656,486.659,544.065,543.714,0.9939
mixed,8,6,0.75,4.0,256,2048,4096,16384,13312,738.546,721.715,854.772,
mixed,8,6,0.75,4.0,256,2048,8192,32768,26624,1107.971,1332.246,1332.883,1.0028
mixed,8,6,0.75,4.0,256,8192,128,512,416,463.234,463.217,463.089,
mixed,8,6,0.75,4.0,256,8192,256,1024,832,464.483,463.681,463.168,
mixed,8,6,0.75,4.0,256,8192,512,2048,1664,463.617,458.751,458.529,
mixed,8,6,0.75,4.0,256,8192,1024,4096,3328,650.913,778.739,775.764,0.9767
mixed,8,6,0.75,4.0,256,8192,2048,8192,6656,719.332,781.585,779.106,0.9602
mixed,8,6,0.75,4.0,256,8192,4096,16384,13312,973.891,1089.844,1090.42,1.005
mixed,8,6,0.75,4.0,256,8192,8192,32768,26624,1476.292,1709.268,1705.831,0.9852
mixed,8,6,0.75,4.0,256,16384,128,512,416,772.514,772.962,777.187,10.4319
mixed,8,6,0.75,4.0,256,16384,256,1024,832,774.258,774.722,772.433,-3.9364
mixed,8,6,0.75,4.0,256,16384,512,2048,1664,773.94,776.42,774.642,0.2835
mixed,8,6,0.75,4.0,256,16384,1024,4096,3328,775.06,769.572,768.58,
mixed,8,6,0.75,4.0,256,16384,2048,8192,6656,1154.114,1393.012,1393.445,1.0018
mixed,8,6,0.75,4.0,256,16384,4096,16384,13312,1279.444,1396.069,1392.115,0.9661
mixed,8,6,0.75,4.0,256,16384,8192,32768,26624,1779.157,2006.326,2008.774,1.0108
mixed,8,6,0.75,4.0,1024,0,128,512,416,225.024,225.421,224.77,-0.6411
mixed,8,6,0.75,4.0,1024,0,256,1024,832,236.003,234.659,232.738,
mixed,8,6,0.75,4.0,1024,0,512,2048,1664,245.281,242.866,246.981,
mixed,8,6,0.75,4.0,1024,0,1024,4096,3328,255.904,264.639,257.376,0.1686
mixed,8,6,0.75,4.0,1024,0,2048,8192,6656,284.049,296.384,284.351,0.0244
mixed,8,6,0.75,4.0,1024,0,4096,16384,13312,330.431,353.296,333.136,0.1183
mixed,8,6,0.75,4.0,1024,0,8192,32768,26624,417.716,458.08,415.57,-0.0532
mixed,8,6,0.75,4.0,1024,512,128,512,416,332.339,332.765,332.067,-0.6416
mixed,8,6,0.75,4.0,1024,512,256,1024,832,342.832,341.969,344.436,
mixed,8,6,0.75,4.0,1024,512,512,2048,1664,353.358,351.582,356.244,
mixed,8,6,0.75,4.0,1024,512,1024,4096,3328,363.187,371.007,363.984,0.1019
mixed,8,6,0.75,4.0,1024,512,2048,8192,6656,389.919,403.022,392.56,0.2016
mixed,8,6,0.75,4.0,1024,512,4096,16384,13312,441.682,462.386,443.877,0.106
mixed,8,6,0.75,4.0,1024,512,8192,32768,26624,526.077,564.344,523.361,-0.071
mixed,8,6,0.75,4.0,1024,2048,128,512,416,457.824,456.451,455.459,
mixed,8,6,0.75,4.0,1024,2048,256,1024,832,467.298,466.353,467.185,
mixed,8,6,0.75,4.0,1024,2048,512,2048,1664,476.433,473.891,478.393,
mixed,8,6,0.75,4.0,1024,2048,1024,4096,3328,488.561,493.091,487.904,-0.1451
mixed,8,6,0.75,4.0,1024,2048,2048,8192,6656,515.202,525.204,515.312,0.0109
mixed,8,6,0.75,4.0,1024,2048,4096,16384,13312,560.659,581.474,561.824,0.056
mixed,8,6,0.75,4.0,1024,2048,8192,32768,26624,647.524,689.633,644.528,-0.0711
mixed,8,6,0.75,4.0,1024,8192,128,512,416,954.853,956.656,952.629,-1.2344
mixed,8,6,0.75,4.0,1024,8192,256,1024,832,967.217,962.501,963.509,
mixed,8,6,0.75,4.0,1024,8192,512,2048,1664,974.052,969.924,974.178,
mixed,8,6,0.75,4.0,1024,8192,1024,4096,3328,983.411,988.674,983.106,-0.058
mixed,8,6,0.75,4.0,1024,8192,2048,8192,6656,1005.636,1016.036,1006.676,0.0999
mixed,8,6,0.75,4.0,1024,8192,4096,16384,13312,1049.203,1070.719,1052.754,0.165
mixed,8,6,0.75,4.0,1024,8192,8192,32768,26624,1135.639,1177.047,1133.348,-0.0553
mixed,8,6,0.75,4.0,1024,16384,128,512,416,1589.795,1586.769,1584.432,
mixed,8,6,0.75,4.0,1024,16384,256,1024,832,1596.356,1591.989,1604.276,
mixed,8,6,0.75,4.0,1024,16384,512,2048,1664,1607.319,1601.523,1605.541,
mixed,8,6,0.75,4.0,1024,16384,1024,4096,3328,1621.012,1616.679,1613.732,
mixed,8,6,0.75,4.0,1024,16384,2048,8192,6656,1639.094,1653.523,1642.18,0.2139
mixed,8,6,0.75,4.0,1024,16384,4096,16384,13312,1683.976,1705.64,1684.483,0.0234
mixed,8,6,0.75,4.0,1024,16384,8192,32768,26624,1766.677,1806.625,1763.845,-0.0709
mixed,8,6,0.75,4.0,4096,0,128,512,416,676.224,679.041,678.629,0.8537
mixed,8,6,0.75,4.0,4096,0,256,1024,832,689.026,683.826,694.451,
mixed,8,6,0.75,4.0,4096,0,512,2048,1664,701.218,697.573,696.018,
mixed,8,6,0.75,4.0,4096,0,1024,4096,3328,713.475,716.769,710.467,-0.9129
mixed,8,6,0.75,4.0,4096,0,2048,8192,6656,736.659,750.275,738.977,0.1702
mixed,8,6,0.75,4.0,4096,0,4096,16384,13312,783.313,807.813,787.619,0.1757
mixed,8,6,0.75,4.0,4096,0,8192,32768,26624,868.865,910.305,873.889,0.1212
mixed,8,6,0.75,4.0,4096,512,128,512,416,891.826,892.592,888.16,-4.7859
mixed,8,6,0.75,4.0,4096,512,256,1024,832,896.531,893.89,899.729,
mixed,8,6,0.75,4.0,4096,512,512,2048,1664,914.161,907.077,910.995,
mixed,8,6,0.75,4.0,4096,512,1024,4096,3328,920.532,927.201,920.675,0.0214
mixed,8,6,0.75,4.0,4096,512,2048,8192,6656,944.661,957.622,946.038,0.1062
mixed,8,6,0.75,4.0,4096,512,4096,16384,13312,991.063,1011.438,996.834,0.2832
mixed,8,6,0.75,4.0,4096,512,8192,32768,26624,1078.582,1117.653,1073.891,-0.12
mixed,8,6,0.75,4.0,4096,2048,128,512,416,1180.245,1179.621,1178.499,
mixed,8,6,0.75,4.0,4096,2048,256,1024,832,1192.803,1189.505,1196.227,
mixed,8,6,0.75,4.0,4096,2048,512,2048,1664,1201.715,1200.567,1202.035,
mixed,8,6,0.75,4.0,4096,2048,1024,4096,3328,1214.752,1216.023,1212.963,-1.4087
mixed,8,6,0.75,4.0,4096,2048,2048,8192,6656,1236.354,1249.78,1236.466,0.0083
mixed,8,6,0.75,4.0,4096,2048,4096,16384,13312,1282.47,1300.259,1283.463,0.0558
mixed,8,6,0.75,4.0,4096,2048,8192,32768,26624,1368.264,1406.93,1365.795,-0.0638
mixed,8,6,0.75,4.0,4096,8192,128,512,416,2319.67,2306.903,2308.981,
mixed,8,6,0.75,4.0,4096,8192,256,1024,832,2320.664,2316.186,2320.486,
mixed,8,6,0.75,4.0,4096,8192,512,2048,1664,2333.687,2329.033,2332.803,
mixed,8,6,0.75,4.0,4096,8192,1024,4096,3328,2347.733,2345.302,2341.189,
mixed,8,6,0.75,4.0,4096,8192,2048,8192,6656,2361.671,2376.825,2365.642,0.262
mixed,8,6,0.75,4.0,4096,8192,4096,16384,13312,2409.156,2442.809,2411.626,0.0734
mixed,8,6,0.75,4.0,4096,8192,8192,32768,26624,2495.942,2533.236,2488.679,-0.1947
mixed,8,6,0.75,4.0,4096,16384,128,512,416,3790.651,3788.22,3809.788,
mixed,8,6,0.75,4.0,4096,16384,256,1024,832,3805.515,3797.545,3791.69,
mixed,8,6,0.75,4.0,4096,16384,512,2048,1664,3811.353,3808.409,3809.917,
mixed,8,6,0.75,4.0,4096,16384,1024,4096,3328,3819.707,3827.452,3836.043,2.1092
mixed,8,6,0.75,4.0,4096,16384,2048,8192,6656,3841.92,3856.208,3849.758,0.5486
mixed,8,6,0.75,4.0,4096,16384,4096,16384,13312,3883.18,3908.816,3905.671,0.8773
mixed,8,6,0.75,4.0,4096,16384,8192,32768,26624,3967.8,4019.052,3967.626,-0.0034
pure,8,7,0.875,4.0,0,0,128,512,464,75.088,75.536,75.459,0.8261
pure,8,7,0.875,4.0,0,0,256,1024,928,79.838,80.289,81.681,4.0865
pure,8,7,0.875,4.0,0,0,512,2048,1856,98.063,87.907,97.743,
pure,8,7,0.875,4.0,0,0,1024,4096,3712,104.465,105.232,104.336,-0.1674
pure,8,7,0.875,4.0,0,0,2048,8192,7424,126.546,131.296,127.953,0.2962
pure,8,7,0.875,4.0,0,0,4096,16384,14848,173.602,185.407,176.671,0.26
pure,8,7,0.875,4.0,0,0,8192,32768,29696,264.976,289.232,269.17,0.1729
mixed,8,7,0.875,4.0,16,0,128,512,464,89.553,88.335,85.776,
mixed,8,7,0.875,4.0,16,0,256,1024,928,89.106,92.785,89.487,0.1036
mixed,8,7,0.875,4.0,16,0,512,2048,1856,104.24,100.274,102.464,
mixed,8,7,0.875,4.0,16,0,1024,4096,3712,117.314,117.103,117.664,
mixed,8,7,0.875,4.0,16,0,2048,8192,7424,139.375,142.736,139.936,0.1668
mixed,8,7,0.875,4.0,16,0,4096,16384,14848,187.313,197.281,190.736,0.3434
mixed,8,7,0.875,4.0,16,0,8192,32768,29696,282.065,298.928,281.618,-0.0265
mixed,8,7,0.875,4.0,16,512,128,512,464,108.464,103.361,103.183,
mixed,8,7,0.875,4.0,16,512,256,1024,928,107.36,109.344,107.166,-0.098
mixed,8,7,0.875,4.0,16,512,512,2048,1856,114.623,115.631,113.806,-0.81
mixed,8,7,0.875,4.0,16,512,1024,4096,3712,123.504,125.823,125.296,0.773
mixed,8,7,0.875,4.0,16,512,2048,8192,7424,136.593,144.498,138.896,0.2914
mixed,8,7,0.875,4.0,16,512,4096,16384,14848,187.297,198.609,187.697,0.0354
mixed,8,7,0.875,4.0,16,512,8192,32768,29696,279.553,301.873,278.562,-0.0444
mixed,8,7,0.875,4.0,16,2048,128,512,464,115.345,117.76,117.071,0.7149
mixed,8,7,0.875,4.0,16,2048,256,1024,928,116.24,115.922,115.328,
mixed,8,7,0.875,4.0,16,2048,512,2048,1856,119.249,121.008,117.888,-0.7732
mixed,8,7,0.875,4.0,16,2048,1024,4096,3712,131.457,134.015,132.32,0.3373
mixed,8,7,0.875,4.0,16,2048,2048,8192,7424,148.161,146.801,148.081,
mixed,8,7,0.875,4.0,16,2048,4096,16384,14848,192.018,197.905,192.161,0.0243
mixed,8,7,0.875,4.0,16,2048,8192,32768,29696,283.377,299.841,283.183,-0.0117
mixed,8,7,0.875,4.0,16,8192,128,512,464,140.782,144.32,142.192,0.3985
mixed,8,7,0.875,4.0,16,8192,256,1024,928,140.207,144.577,143.425,0.7365
mixed,8,7,0.875,4.0,16,8192,512,2048,1856,142.129,144.928,146.352,1.5088
mixed,8,7,0.875,4.0,16,8192,1024,4096,3712,149.008,151.729,149.935,0.3404
mixed,8,7,0.875,4.0,16,8192,2048,8192,7424,166.498,170.176,169.344,0.7738
mixed,8,7,0.875,4.0,16,8192,4096,16384,14848,197.166,212.274,197.968,0.053
mixed,8,7,0.875,4.0,16,8192,8192,32768,29696,289.424,305.248,288.097,-0.0838
mixed,8,7,0.875,4.0,16,16384,128,512,464,168.911,169.248,168.256,-1.9378
mixed,8,7,0.875,4.0,16,16384,256,1024,928,168.112,167.266,167.44,
mixed,8,7,0.875,4.0,16,16384,512,2048,1856,167.841,171.215,169.041,0.3555
mixed,8,7,0.875,4.0,16,16384,1024,4096,3712,173.569,176.816,175.663,0.6451
mixed,8,7,0.875,4.0,16,16384,2048,8192,7424,193.617,191.441,192.129,
mixed,8,7,0.875,4.0,16,16384,4096,16384,14848,223.473,231.522,224.481,0.1252
mixed,8,7,0.875,4.0,16,16384,8192,32768,29696,298.338,324.498,303.744,0.2066
mixed,8,7,0.875,4.0,64,0,128,512,464,92.081,91.65,90.912,
mixed,8,7,0.875,4.0,64,0,256,1024,928,96.624,99.519,96.208,-0.1435
mixed,8,7,0.875,4.0,64,0,512,2048,1856,111.136,108.21,109.41,
mixed,8,7,0.875,4.0,64,0,1024,4096,3712,127.377,130.178,130.416,1.085
mixed,8,7,0.875,4.0,64,0,2048,8192,7424,162.446,173.135,172.72,0.9613
mixed,8,7,0.875,4.0,64,0,4096,16384,14848,237.649,251.825,250.434,0.9019
mixed,8,7,0.875,4.0,64,0,8192,32768,29696,380.387,408.033,407.94,0.9967
mixed,8,7,0.875,4.0,64,512,128,512,464,117.378,116.591,115.023,
mixed,8,7,0.875,4.0,64,512,256,1024,928,118.496,118.161,117.295,
mixed,8,7,0.875,4.0,64,512,512,2048,1856,114.928,113.534,112.928,
mixed,8,7,0.875,4.0,64,512,1024,4096,3712,130.498,135.714,133.776,0.6286
mixed,8,7,0.875,4.0,64,512,2048,8192,7424,164.048,174.113,171.824,0.7726
mixed,8,7,0.875,4.0,64,512,4096,16384,14848,237.712,253.058,252.53,0.9656
mixed,8,7,0.875,4.0,64,512,8192,32768,29696,383.633,412.659,410.225,0.9162
mixed,8,7,0.875,4.0,64,2048,128,512,464,135.761,135.856,135.09,-7.0262
mixed,8,7,0.875,4.0,64,2048,256,1024,928,137.551,137.472,137.505,
mixed,8,7,0.875,4.0,64,2048,512,2048,1856,140.193,140.21,139.778,-24.4412
mixed,8,7,0.875,4.0,64,2048,1024,4096,3712,148.751,149.2,148.387,-0.8138
mixed,8,7,0.875,4.0,64,2048,2048,8192,7424,170.192,178.753,178.017,0.914
mixed,8,7,0.875,4.0,64,2048,4096,16384,14848,242.305,256.786,254.017,0.8087
mixed,8,7,0.875,4.0,64,2048,8192,32768,29696,382.527,413.682,412.882,0.9743
mixed,8,7,0.875,4.0,64,8192,128,512,464,195.535,187.6,188.095,
mixed,8,7,0.875,4.0,64,8192,256,1024,928,203.792,204.865,204.881,1.014
mixed,8,7,0.875,4.0,64,8192,512,2048,1856,205.921,205.233,203.825,
mixed,8,7,0.875,4.0,64,8192,1024,4096,3712,214.767,216.466,215.152,0.2269
mixed,8,7,0.875,4.0,64,8192,2048,8192,7424,324.306,232.306,315.312,
mixed,8,7,0.875,4.0,64,8192,4096,16384,14848,271.28,269.936,266.353,
mixed,8,7,0.875,4.0,64,8192,8192,32768,29696,394.911,424.29,421.409,0.9019
mixed,8,7,0.875,4.0,64,16384,128,512,464,277.184,277.153,277.842,
mixed,8,7,0.875,4.0,64,16384,256,1024,928,276.928,266.721,266.208,
mixed,8,7,0.875,4.0,64,16384,512,2048,1856,291.729,292.72,293.009,1.2916
mixed,8,7,0.875,4.0,64,16384,1024,4096,3712,292.767,292.721,291.361,
mixed,8,7,0.875,4.0,64,16384,2048,8192,7424,319.313,321.745,318.69,-0.2564
mixed,8,7,0.875,4.0,64,16384,4096,16384,14848,550.818,362.419,530.657,
mixed,8,7,0.875,4.0,64,16384,8192,32768,29696,434.945,432.434,429.841,
mixed,8,7,0.875,4.0,256,0,128,512,464,138.978,142.163,142.624,1.1446
mixed,8,7,0.875,4.0,256,0,256,1024,928,127.823,133.361,132.672,0.8757
mixed,8,7,0.875,4.0,256,0,512,2048,1856,165.553,171.903,171.648,0.9598
mixed,8,7,0.875,4.0,256,0,1024,4096,3712,234.131,249.603,248.688,0.9409
mixed,8,7,0.875,4.0,256,0,2048,8192,7424,375.552,405.603,406.21,1.0202
mixed,8,7,0.875,4.0,256,0,4096,16384,14848,655.905,714.755,711.684,0.9478
mixed,8,7,0.875,4.0,256,0,8192,32768,29696,1209.779,1329.684,1325.349,0.9639
mixed,8,7,0.875,4.0,256,512,128,512,464,182.273,186.689,186.706,1.0036
mixed,8,7,0.875,4.0,256,512,256,1024,928,202.736,208.017,206.562,0.7246
mixed,8,7,0.875,4.0,256,512,512,2048,1856,237.425,246.671,248.337,1.1802
mixed,8,7,0.875,4.0,256,512,1024,4096,3712,311.202,324.881,325.634,1.055
mixed,8,7,0.875,4.0,256,512,2048,8192,7424,378.767,407.681,407.279,0.9861
mixed,8,7,0.875,4.0,256,512,4096,16384,14848,658.321,715.153,715.443,1.0051
mixed,8,7,0.875,4.0,256,512,8192,32768,29696,1214.5,1331.091,1328.068,0.9741
mixed,8,7,0.875,4.0,256,2048,128,512,464,224.88,217.713,218.113,
mixed,8,7,0.875,4.0,256,2048,256,1024,928,277.535,304.769,306.0,1.0452
mixed,8,7,0.875,4.0,256,2048,512,2048,1856,297.457,309.489,307.488,0.8337
mixed,8,7,0.875,4.0,256,2048,1024,4096,3712,374.065,388.498,387.136,0.9056
mixed,8,7,0.875,4.0,256,2048,2048,8192,7424,516.224,545.68,545.65,0.999
mixed,8,7,0.875,4.0,256,2048,4096,16384,14848,800.322,720.212,858.036,
mixed,8,7,0.875,4.0,256,2048,8192,32768,29696,1224.258,1332.869,1332.387,0.9956
mixed,8,7,0.875,4.0,256,8192,128,512,464,462.37,464.704,464.625,0.9662
mixed,8,7,0.875,4.0,256,8192,256,1024,928,464.354,465.183,462.817,-1.8546
mixed,8,7,0.875,4.0,256,8192,512,2048,1856,463.376,458.048,458.865,
mixed,8,7,0.875,4.0,256,8192,1024,4096,3712,710.466,776.1,777.219,1.017
mixed,8,7,0.875,4.0,256,8192,2048,8192,7424,749.216,780.545,778.403,0.9316
mixed,8,7,0.875,4.0,256,8192,4096,16384,14848,1030.116,1087.251,1089.395,1.0375
mixed,8,7,0.875,4.0,256,8192,8192,32768,29696,1591.284,1705.237,1705.173,0.9994
mixed,8,7,0.875,4.0,256,16384,128,512,464,772.226,772.194,773.186,
mixed,8,7,0.875,4.0,256,16384,256,1024,928,773.841,772.61,775.506,
mixed,8,7,0.875,4.0,256,16384,512,2048,1856,774.996,775.154,774.145,-5.4032
mixed,8,7,0.875,4.0,256,16384,1024,4096,3712,775.761,769.873,770.706,
mixed,8,7,0.875,4.0,256,16384,2048,8192,7424,1271.57,1388.34,1391.189,1.0244
mixed,8,7,0.875,4.0,256,16384,4096,16384,14848,1335.957,1393.428,1390.484,0.9488
mixed,8,7,0.875,4.0,256,16384,8192,32768,29696,1892.47,2012.917,2008.565,0.9639
mixed,8,7,0.875,4.0,1024,0,128,512,464,225.47,224.991,227.07,
mixed,8,7,0.875,4.0,1024,0,256,1024,928,233.184,234.117,233.603,0.4486
mixed,8,7,0.875,4.0,1024,0,512,2048,1856,252.611,243.248,250.383,
mixed,8,7,0.875,4.0,1024,0,1024,4096,3712,260.56,261.807,260.703,0.1144
mixed,8,7,0.875,4.0,1024,0,2048,8192,7424,290.304,295.073,291.745,0.3022
mixed,8,7,0.875,4.0,1024,0,4096,16384,14848,340.993,352.577,341.969,0.0843
mixed,8,7,0.875,4.0,1024,0,8192,32768,29696,437.587,454.433,439.138,0.0921
mixed,8,7,0.875,4.0,1024,512,128,512,464,333.14,332.754,333.986,
mixed,8,7,0.875,4.0,1024,512,256,1024,928,348.864,342.445,341.732,
mixed,8,7,0.875,4.0,1024,512,512,2048,1856,358.704,351.297,358.625,
mixed,8,7,0.875,4.0,1024,512,1024,4096,3712,368.5,369.903,371.183,1.9127
mixed,8,7,0.875,4.0,1024,512,2048,8192,7424,399.919,405.075,400.961,0.2021
mixed,8,7,0.875,4.0,1024,512,4096,16384,14848,449.712,463.857,450.574,0.0609
mixed,8,7,0.875,4.0,1024,512,8192,32768,29696,546.129,562.991,544.26,-0.1108
mixed,8,7,0.875,4.0,1024,2048,128,512,464,457.597,455.234,456.18,
mixed,8,7,0.875,4.0,1024,2048,256,1024,928,474.615,466.053,466.672,
mixed,8,7,0.875,4.0,1024,2048,512,2048,1856,481.778,474.898,483.912,
mixed,8,7,0.875,4.0,1024,2048,1024,4096,3712,492.131,493.779,491.73,-0.2433
mixed,8,7,0.875,4.0,1024,2048,2048,8192,7424,520.365,524.894,521.174,0.1786
mixed,8,7,0.875,4.0,1024,2048,4096,16384,14848,571.715,584.274,573.779,0.1643
mixed,8,7,0.875,4.0,1024,2048,8192,32768,29696,666.387,687.28,667.587,0.0574
mixed,8,7,0.875,4.0,1024,8192,128,512,464,954.035,955.248,953.601,-0.3579
mixed,8,7,0.875,4.0,1024,8192,256,1024,928,975.264,961.06,960.279,
mixed,8,7,0.875,4.0,1024,8192,512,2048,1856,978.93,968.163,980.502,
mixed,8,7,0.875,4.0,1024,8192,1024,4096,3712,988.13,989.009,990.353,2.531
mixed,8,7,0.875,4.0,1024,8192,2048,8192,7424,1011.862,1017.058,1011.793,-0.0133
mixed,8,7,0.875,4.0,1024,8192,4096,16384,14848,1061.841,1073.637,1061.202,-0.0542
mixed,8,7,0.875,4.0,1024,8192,8192,32768,29696,1152.02,1172.946,1157.443,0.2592
mixed,8,7,0.875,4.0,1024,16384,128,512,464,1587.218,1587.7,1588.244,2.1286
mixed,8,7,0.875,4.0,1024,16384,256,1024,928,1600.916,1596.28,1594.774,
mixed,8,7,0.875,4.0,1024,16384,512,2048,1856,1609.046,1598.385,1615.012,
mixed,8,7,0.875,4.0,1024,16384,1024,4096,3712,1621.556,1620.131,1623.491,
mixed,8,7,0.875,4.0,1024,16384,2048,8192,7424,1644.998,1651.023,1643.429,-0.2605
mixed,8,7,0.875,4.0,1024,16384,4096,16384,14848,1693.428,1707.814,1693.731,0.0211
mixed,8,7,0.875,4.0,1024,16384,8192,32768,29696,1784.521,1809.782,1789.01,0.1777
mixed,8,7,0.875,4.0,4096,0,128,512,464,675.043,683.504,682.05,0.8282
mixed,8,7,0.875,4.0,4096,0,256,1024,928,690.387,688.419,684.324,
mixed,8,7,0.875,4.0,4096,0,512,2048,1856,705.716,696.802,702.994,
mixed,8,7,0.875,4.0,4096,0,1024,4096,3712,719.186,716.419,721.582,
mixed,8,7,0.875,4.0,4096,0,2048,8192,7424,744.927,749.042,745.269,0.0831
mixed,8,7,0.875,4.0,4096,0,4096,16384,14848,796.628,808.626,796.275,-0.0295
mixed,8,7,0.875,4.0,4096,0,8192,32768,29696,889.921,910.961,891.106,0.0563
mixed,8,7,0.875,4.0,4096,512,128,512,464,888.658,890.719,888.114,-0.2639
mixed,8,7,0.875,4.0,4096,512,256,1024,928,905.908,897.763,902.69,
mixed,8,7,0.875,4.0,4096,512,512,2048,1856,913.634,906.897,916.034,
mixed,8,7,0.875,4.0,4096,512,1024,4096,3712,926.179,926.933,924.611,-2.0816
mixed,8,7,0.875,4.0,4096,512,2048,8192,7424,950.58,956.196,952.978,0.427
mixed,8,7,0.875,4.0,4096,512,4096,16384,14848,1003.765,1011.428,1003.988,0.0292
mixed,8,7,0.875,4.0,4096,512,8192,32768,29696,1091.749,1114.928,1099.093,0.3168
mixed,8,7,0.875,4.0,4096,2048,128,512,464,1180.722,1180.674,1178.806,
mixed,8,7,0.875,4.0,4096,2048,256,1024,928,1197.202,1189.752,1186.965,
mixed,8,7,0.875,4.0,4096,2048,512,2048,1856,1206.852,1198.244,1207.792,
mixed,8,7,0.875,4.0,4096,2048,1024,4096,3712,1223.75,1216.128,1220.338,
mixed,8,7,0.875,4.0,4096,2048,2048,8192,7424,1240.548,1245.415,1243.283,0.5619
mixed,8,7,0.875,4.0,4096,2048,4096,16384,14848,1293.809,1303.329,1293.813,0.0005
mixed,8,7,0.875,4.0,4096,2048,8192,32768,29696,1385.558,1406.385,1388.435,0.1381
mixed,8,7,0.875,4.0,4096,8192,128,512,464,2311.609,2313.738,2310.93,-0.3184
mixed,8,7,0.875,4.0,4096,8192,256,1024,928,2330.678,2320.486,2319.21,
mixed,8,7,0.875,4.0,4096,8192,512,2048,1856,2341.527,2326.709,2342.134,
mixed,8,7,0.875,4.0,4096,8192,1024,4096,3712,2346.136,2349.803,2347.111,0.266
mixed,8,7,0.875,4.0,4096,8192,2048,8192,7424,2366.743,2376.758,2374.405,0.765
mixed,8,7,0.875,4.0,4096,8192,4096,16384,14848,2420.907,2437.369,2422.457,0.0942
mixed,8,7,0.875,4.0,4096,8192,8192,32768,29696,2511.4,2532.836,2514.252,0.133
mixed,8,7,0.875,4.0,4096,16384,128,512,464,3781.498,3790.041,3783.69,0.2566
mixed,8,7,0.875,4.0,4096,16384,256,1024,928,3799.79,3798.841,3792.265,
mixed,8,7,0.875,4.0,4096,16384,512,2048,1856,3829.416,3799.388,3816.426,
mixed,8,7,0.875,4.0,4096,16384,1024,4096,3712,3821.257,3820.988,3829.589,
mixed,8,7,0.875,4.0,4096,16384,2048,8192,7424,3851.387,3853.773,3847.083,-1.8041
mixed,8,7,0.875,4.0,4096,16384,4096,16384,14848,3896.168,3902.748,3900.109,0.5989
mixed,8,7,0.875,4.0,4096,16384,8192,32768,29696,3986.922,4011.482,3997.502,0.4308
pure,16,1,0.0625,4.0,0,0,128,512,152,64.145,81.04,75.358,0.6637
pure,16,1,0.0625,4.0,0,0,256,1024,304,78.337,90.207,79.395,0.0892
pure,16,1,0.0625,4.0,0,0,512,2048,608,85.505,104.704,84.625,-0.0459
pure,16,1,0.0625,4.0,0,0,1024,4096,1216,93.584,132.032,99.072,0.1427
pure,16,1,0.0625,4.0,0,0,2048,8192,2432,111.44,182.464,114.995,0.0501
pure,16,1,0.0625,4.0,0,0,4096,16384,4864,142.529,287.887,147.216,0.0322
pure,16,1,0.0625,4.0,0,0,8192,32768,9728,206.049,487.666,212.75,0.0238
mixed,16,1,0.0625,4.0,16,0,128,512,152,78.675,94.128,88.144,0.6127
mixed,16,1,0.0625,4.0,16,0,256,1024,304,94.225,101.984,91.519,-0.3487
mixed,16,1,0.0625,4.0,16,0,512,2048,608,97.503,116.64,96.257,-0.0651
mixed,16,1,0.0625,4.0,16,0,1024,4096,1216,105.28,145.249,106.818,0.0385
mixed,16,1,0.0625,4.0,16,0,2048,8192,2432,123.008,196.034,123.2,0.0026
mixed,16,1,0.0625,4.0,16,0,4096,16384,4864,153.651,300.512,158.433,0.0326
mixed,16,1,0.0625,4.0,16,0,8192,32768,9728,216.514,501.924,226.097,0.0336
mixed,16,1,0.0625,4.0,16,512,128,512,152,102.143,104.737,100.656,-0.5735
mixed,16,1,0.0625,4.0,16,512,256,1024,304,105.713,111.474,103.503,-0.3834
mixed,16,1,0.0625,4.0,16,512,512,2048,608,106.112,123.68,108.302,0.1247
mixed,16,1,0.0625,4.0,16,512,1024,4096,1216,114.145,145.425,114.623,0.0153
mixed,16,1,0.0625,4.0,16,512,2048,8192,2432,123.231,193.569,124.368,0.0162
mixed,16,1,0.0625,4.0,16,512,4096,16384,4864,154.352,301.536,156.64,0.0155
mixed,16,1,0.0625,4.0,16,512,8192,32768,9728,216.527,500.642,280.817,0.2263
mixed,16,1,0.0625,4.0,16,2048,128,512,152,114.576,118.191,116.448,0.5177
mixed,16,1,0.0625,4.0,16,2048,256,1024,304,118.017,119.409,117.312,-0.507
mixed,16,1,0.0625,4.0,16,2048,512,2048,608,115.233,129.474,116.162,0.0652
mixed,16,1,0.0625,4.0,16,2048,1024,4096,1216,120.383,147.04,120.912,0.0198
mixed,16,1,0.0625,4.0,16,2048,2048,8192,2432,133.376,197.696,133.424,0.0007
mixed,16,1,0.0625,4.0,16,2048,4096,16384,4864,159.294,299.618,160.128,0.0059
mixed,16,1,0.0625,4.0,16,2048,8192,32768,9728,217.649,502.019,222.081,0.0156
mixed,16,1,0.0625,4.0,16,8192,128,512,152,144.817,139.97,144.722,
mixed,16,1,0.0625,4.0,16,8192,256,1024,304,146.64,140.686,140.847,
mixed,16,1,0.0625,4.0,16,8192,512,2048,608,142.736,150.543,143.474,0.0945
mixed,16,1,0.0625,4.0,16,8192,1024,4096,1216,144.064,167.711,145.44,0.0582
mixed,16,1,0.0625,4.0,16,8192,2048,8192,2432,154.288,211.264,150.384,-0.0685
mixed,16,1,0.0625,4.0,16,8192,4096,16384,4864,181.425,306.465,182.485,0.0085
mixed,16,1,0.0625,4.0,16,8192,8192,32768,9728,336.402,781.155,318.337,-0.0406
mixed,16,1,0.0625,4.0,16,16384,128,512,152,171.027,167.424,167.937,
mixed,16,1,0.0625,4.0,16,16384,256,1024,304,169.57,170.577,168.337,-1.226
mixed,16,1,0.0625,4.0,16,16384,512,2048,608,168.704,173.423,168.32,-0.0811
mixed,16,1,0.0625,4.0,16,16384,1024,4096,1216,170.225,195.024,170.369,0.0058
mixed,16,1,0.0625,4.0,16,16384,2048,8192,2432,174.85,228.896,177.424,0.0476
mixed,16,1,0.0625,4.0,16,16384,4096,16384,4864,247.072,322.736,196.434,-0.6692
mixed,16,1,0.0625,4.0,16,16384,8192,32768,9728,257.536,519.359,256.928,-0.0023
mixed,16,1,0.0625,4.0,64,0,128,512,152,80.689,97.84,91.873,0.6521
mixed,16,1,0.0625,4.0,64,0,256,1024,304,95.665,107.072,97.504,0.1613
mixed,16,1,0.0625,4.0,64,0,512,2048,608,101.057,121.73,106.609,0.2686
mixed,16,1,0.0625,4.0,64,0,1024,4096,1216,108.704,151.663,129.153,0.476
mixed,16,1,0.0625,4.0,64,0,2048,8192,2432,130.208,204.64,172.433,0.5673
mixed,16,1,0.0625,4.0,64,0,4096,16384,4864,161.038,310.976,256.594,0.6373
mixed,16,1,0.0625,4.0,64,0,8192,32768,9728,227.584,510.945,423.952,0.693
mixed,16,1,0.0625,4.0,64,512,128,512,152,118.639,121.905,118.001,-0.1955
mixed,16,1,0.0625,4.0,64,512,256,1024,304,119.472,116.608,115.12,
mixed,16,1,0.0625,4.0,64,512,512,2048,608,121.486,125.104,112.561,-2.466
mixed,16,1,0.0625,4.0,64,512,1024,4096,1216,116.962,152.609,132.817,0.4448
mixed,16,1,0.0625,4.0,64,512,2048,8192,2432,132.369,206.544,174.512,0.5682
mixed,16,1,0.0625,4.0,64,512,4096,16384,4864,162.928,364.817,255.761,0.4598
mixed,16,1,0.0625,4.0,64,512,8192,32768,9728,227.168,555.153,416.528,0.5773
mixed,16,1,0.0625,4.0,64,2048,128,512,152,138.834,138.511,137.936,
mixed,16,1,0.0625,4.0,64,2048,256,1024,304,139.282,143.088,136.159,-0.8205
mixed,16,1,0.0625,4.0,64,2048,512,2048,608,139.359,151.888,138.465,-0.0714
mixed,16,1,0.0625,4.0,64,2048,1024,4096,1216,142.447,160.864,143.841,0.0757
mixed,16,1,0.0625,4.0,64,2048,2048,8192,2432,144.418,214.976,176.047,0.4483
mixed,16,1,0.0625,4.0,64,2048,4096,16384,4864,236.466,310.56,255.904,0.2623
mixed,16,1,0.0625,4.0,64,2048,8192,32768,9728,328.175,659.872,424.56,0.2906
mixed,16,1,0.0625,4.0,64,8192,128,512,152,201.599,206.464,202.545,0.1944
mixed,16,1,0.0625,4.0,64,8192,256,1024,304,191.071,206.88,189.425,-0.1041
mixed,16,1,0.0625,4.0,64,8192,512,2048,608,207.203,217.072,206.639,-0.0572
mixed,16,1,0.0625,4.0,64,8192,1024,4096,1216,203.312,235.873,206.562,0.0998
mixed,16,1,0.0625,4.0,64,8192,2048,8192,2432,218.546,271.888,219.331,0.0147
mixed,16,1,0.0625,4.0,64,8192,4096,16384,4864,238.273,366.864,316.528,0.6086
mixed,16,1,0.0625,4.0,64,8192,8192,32768,9728,417.683,556.098,419.712,0.0147
mixed,16,1,0.0625,4.0,64,16384,128,512,152,279.298,282.671,279.474,0.0522
mixed,16,1,0.0625,4.0,64,16384,256,1024,304,279.618,294.418,269.967,-0.6521
mixed,16,1,0.0625,4.0,64,16384,512,2048,608,288.961,294.686,284.241,-0.8244
mixed,16,1,0.0625,4.0,64,16384,1024,4096,1216,295.393,322.721,295.266,-0.0046
mixed,16,1,0.0625,4.0,64,16384,2048,8192,2432,286.479,370.899,295.92,0.1118
mixed,16,1,0.0625,4.0,64,16384,4096,16384,4864,323.473,437.776,326.064,0.0227
mixed,16,1,0.0625,4.0,64,16384,8192,32768,9728,370.833,634.545,532.576,0.6133
mixed,16,1,0.0625,4.0,256,0,128,512,152,94.129,116.897,141.92,2.099
mixed,16,1,0.0625,4.0,256,0,256,1024,304,166.689,136.704,163.103,
mixed,16,1,0.0625,4.0,256,0,512,2048,608,121.759,176.898,172.575,0.9216
mixed,16,1,0.0625,4.0,256,0,1024,4096,1216,145.346,257.072,249.919,0.936
mixed,16,1,0.0625,4.0,256,0,2048,8192,2432,191.326,412.674,406.32,0.9713
mixed,16,1,0.0625,4.0,256,0,4096,16384,4864,285.44,720.466,715.072,0.9876
mixed,16,1,0.0625,4.0,256,0,8192,32768,9728,467.967,1338.483,1336.067,0.9972
mixed,16,1,0.0625,4.0,256,512,128,512,152,176.53,192.402,174.798,-0.1091
mixed,16,1,0.0625,4.0,256,512,256,1024,304,188.049,213.329,187.872,-0.007
mixed,16,1,0.0625,4.0,256,512,512,2048,608,193.776,252.498,202.464,0.148
mixed,16,1,0.0625,4.0,256,512,1024,4096,1216,219.361,257.248,280.37,1.6103
mixed,16,1,0.0625,4.0,256,512,2048,8192,2432,191.617,413.586,408.24,0.9759
mixed,16,1,0.0625,4.0,256,512,4096,16384,4864,287.457,724.258,718.785,0.9875
mixed,16,1,0.0625,4.0,256,512,8192,32768,9728,473.186,1341.875,1332.628,0.9894
mixed,16,1,0.0625,4.0,256,2048,128,512,152,220.738,265.744,233.873,0.2918
mixed,16,1,0.0625,4.0,256,2048,256,1024,304,246.882,308.497,245.681,-0.0195
mixed,16,1,0.0625,4.0,256,2048,512,2048,608,272.065,315.522,265.2,-0.158
mixed,16,1,0.0625,4.0,256,2048,1024,4096,1216,322.608,395.183,309.762,-0.177
mixed,16,1,0.0625,4.0,256,2048,2048,8192,2432,330.785,419.649,440.367,1.2331
mixed,16,1,0.0625,4.0,256,2048,4096,16384,4864,423.456,729.378,749.378,1.0654
mixed,16,1,0.0625,4.0,256,2048,8192,32768,9728,475.938,1350.818,1340.978,0.9888
mixed,16,1,0.0625,4.0,256,8192,128,512,152,462.753,463.569,462.499,-0.3121
mixed,16,1,0.0625,4.0,256,8192,256,1024,304,461.843,489.202,463.12,0.0467
mixed,16,1,0.0625,4.0,256,8192,512,2048,608,462.193,621.041,462.705,0.0032
mixed,16,1,0.0625,4.0,256,8192,1024,4096,1216,558.994,777.569,543.744,-0.0698
mixed,16,1,0.0625,4.0,256,8192,2048,8192,2432,653.78,783.378,622.85,-0.2387
mixed,16,1,0.0625,4.0,256,8192,4096,16384,4864,839.075,1094.994,778.242,-0.2377
mixed,16,1,0.0625,4.0,256,8192,8192,32768,9728,843.633,1344.771,1369.427,1.0492
mixed,16,1,0.0625,4.0,256,16384,128,512,152,773.697,772.096,773.01,
mixed,16,1,0.0625,4.0,256,16384,256,1024,304,771.396,773.137,774.947,2.0399
mixed,16,1,0.0625,4.0,256,16384,512,2048,608,771.553,796.833,772.929,0.0545
mixed,16,1,0.0625,4.0,256,16384,1024,4096,1216,773.185,1083.204,772.611,-0.0019
mixed,16,1,0.0625,4.0,256,16384,2048,8192,2432,912.419,1392.163,925.923,0.0281
mixed,16,1,0.0625,4.0,256,16384,4096,16384,4864,1140.259,1400.531,1083.811,-0.2169
mixed,16,1,0.0625,4.0,256,16384,8192,32768,9728,1510.212,2016.981,1392.547,-0.2322
mixed,16,1,0.0625,4.0,1024,0,128,512,152,223.984,235.216,224.017,0.0029
mixed,16,1,0.0625,4.0,1024,0,256,1024,304,230.913,244.91,232.035,0.0802
mixed,16,1,0.0625,4.0,1024,0,512,2048,608,239.089,261.952,240.736,0.072
mixed,16,1,0.0625,4.0,1024,0,1024,4096,1216,249.411,296.821,253.075,0.0773
mixed,16,1,0.0625,4.0,1024,0,2048,8192,2432,270.001,350.015,271.964,0.0245
mixed,16,1,0.0625,4.0,1024,0,4096,16384,4864,305.124,457.488,309.391,0.028
mixed,16,1,0.0625,4.0,1024,0,8192,32768,9728,374.962,658.149,378.242,0.0116
mixed,16,1,0.0625,4.0,1024,512,128,512,152,333.52,341.794,332.72,-0.0966
mixed,16,1,0.0625,4.0,1024,512,256,1024,304,337.487,353.57,341.458,0.2469
mixed,16,1,0.0625,4.0,1024,512,512,2048,608,346.815,370.353,345.957,-0.0365
mixed,16,1,0.0625,4.0,1024,512,1024,4096,1216,356.334,405.952,359.409,0.062
mixed,16,1,0.0625,4.0,1024,512,2048,8192,2432,378.752,458.964,381.712,0.0369
mixed,16,1,0.0625,4.0,1024,512,4096,16384,4864,417.104,566.879,419.173,0.0138
mixed,16,1,0.0625,4.0,1024,512,8192,32768,9728,481.249,766.239,486.227,0.0175
mixed,16,1,0.0625,4.0,1024,2048,128,512,152,457.332,467.139,456.433,-0.0917
mixed,16,1,0.0625,4.0,1024,2048,256,1024,304,461.841,476.739,462.786,0.0634
mixed,16,1,0.0625,4.0,1024,2048,512,2048,608,470.913,494.244,470.917,0.0002
mixed,16,1,0.0625,4.0,1024,2048,1024,4096,1216,481.105,525.717,482.624,0.034
mixed,16,1,0.0625,4.0,1024,2048,2048,8192,2432,502.222,579.487,505.761,0.0458
mixed,16,1,0.0625,4.0,1024,2048,4096,16384,4864,536.384,683.026,540.869,0.0306
mixed,16,1,0.0625,4.0,1024,2048,8192,32768,9728,602.56,885.138,606.721,0.0147
mixed,16,1,0.0625,4.0,1024,8192,128,512,152,955.233,962.627,954.911,-0.0435
mixed,16,1,0.0625,4.0,1024,8192,256,1024,304,959.474,973.505,962.755,0.2338
mixed,16,1,0.0625,4.0,1024,8192,512,2048,608,966.145,989.186,964.888,-0.0546
mixed,16,1,0.0625,4.0,1024,8192,1024,4096,1216,975.235,1019.378,980.016,0.1083
mixed,16,1,0.0625,4.0,1024,8192,2048,8192,2432,996.001,1067.682,995.524,-0.0067
mixed,16,1,0.0625,4.0,1024,8192,4096,16384,4864,1027.362,1175.136,1030.789,0.0232
mixed,16,1,0.0625,4.0,1024,8192,8192,32768,9728,1086.338,1374.516,1100.724,0.0499
mixed,16,1,0.0625,4.0,1024,16384,128,512,152,1585.604,1594.181,1592.499,0.804
mixed,16,1,0.0625,4.0,1024,16384,256,1024,304,1589.463,1605.395,1594.722,0.3301
mixed,16,1,0.0625,4.0,1024,16384,512,2048,608,1601.686,1621.458,1600.739,-0.0479
mixed,16,1,0.0625,4.0,1024,16384,1024,4096,1216,1606.675,1646.098,1606.149,-0.0134
mixed,16,1,0.0625,4.0,1024,16384,2048,8192,2432,1624.819,1703.842,1631.46,0.084
mixed,16,1,0.0625,4.0,1024,16384,4096,16384,4864,1657.473,1803.382,1664.454,0.0478
mixed,16,1,0.0625,4.0,1024,16384,8192,32768,9728,1723.126,2007.044,1727.72,0.0162
mixed,16,1,0.0625,4.0,4096,0,128,512,152,680.514,690.562,683.088,0.2562
mixed,16,1,0.0625,4.0,4096,0,256,1024,304,686.515,701.747,685.777,-0.0485
mixed,16,1,0.0625,4.0,4096,0,512,2048,608,693.647,719.36,694.562,0.0356
mixed,16,1,0.0625,4.0,4096,0,1024,4096,1216,702.321,749.584,706.306,0.0843
mixed,16,1,0.0625,4.0,4096,0,2048,8192,2432,722.771,800.626,726.047,0.0421
mixed,16,1,0.0625,4.0,4096,0,4096,16384,4864,756.768,909.984,764.367,0.0496
mixed,16,1,0.0625,4.0,4096,0,8192,32768,9728,828.082,1105.666,830.032,0.007
mixed,16,1,0.0625,4.0,4096,512,128,512,152,890.468,897.621,887.697,-0.3875
mixed,16,1,0.0625,4.0,4096,512,256,1024,304,893.632,909.729,895.967,0.1451
mixed,16,1,0.0625,4.0,4096,512,512,2048,608,902.511,924.323,903.83,0.0604
mixed,16,1,0.0625,4.0,4096,512,1024,4096,1216,914.594,955.634,915.65,0.0257
mixed,16,1,0.0625,4.0,4096,512,2048,8192,2432,934.643,1010.947,936.944,0.0302
mixed,16,1,0.0625,4.0,4096,512,4096,16384,4864,965.986,1117.668,971.218,0.0345
mixed,16,1,0.0625,4.0,4096,512,8192,32768,9728,1032.228,1308.899,1042.208,0.0361
mixed,16,1,0.0625,4.0,4096,2048,128,512,152,1181.718,1189.173,1179.554,-0.2903
mixed,16,1,0.0625,4.0,4096,2048,256,1024,304,1183.197,1201.462,1189.398,0.3395
mixed,16,1,0.0625,4.0,4096,2048,512,2048,608,1201.653,1216.805,1200.898,-0.0498
mixed,16,1,0.0625,4.0,4096,2048,1024,4096,1216,1202.356,1250.871,1207.653,0.1092
mixed,16,1,0.0625,4.0,4096,2048,2048,8192,2432,1224.883,1301.75,1228.033,0.041
mixed,16,1,0.0625,4.0,4096,2048,4096,16384,4864,1256.387,1406.423,1264.006,0.0508
mixed,16,1,0.0625,4.0,4096,2048,8192,32768,9728,1324.421,1604.446,1329.154,0.0169
mixed,16,1,0.0625,4.0,4096,8192,128,512,152,2314.889,2326.289,2312.548,-0.2053
mixed,16,1,0.0625,4.0,4096,8192,256,1024,304,2314.179,2329.299,2318.37,0.2772
mixed,16,1,0.0625,4.0,4096,8192,512,2048,608,2325.14,2349.683,2326.836,0.0691
mixed,16,1,0.0625,4.0,4096,8192,1024,4096,1216,2333.671,2379.99,2337.697,0.0869
mixed,16,1,0.0625,4.0,4096,8192,2048,8192,2432,2352.553,2437.331,2355.743,0.0376
mixed,16,1,0.0625,4.0,4096,8192,4096,16384,4864,2388.452,2530.791,2399.91,0.0805
mixed,16,1,0.0625,4.0,4096,8192,8192,32768,9728,2451.395,2735.014,2460.753,0.033
mixed,16,1,0.0625,4.0,4096,16384,128,512,152,3799.635,3801.095,3786.423,-9.0528
mixed,16,1,0.0625,4.0,4096,16384,256,1024,304,3790.113,3804.392,3788.499,-0.1131
mixed,16,1,0.0625,4.0,4096,16384,512,2048,608,3806.213,3833.765,3811.8,0.2028
mixed,16,1,0.0625,4.0,4096,16384,1024,4096,1216,3820.153,3864.47,3814.712,-0.1228
mixed,16,1,0.0625,4.0,4096,16384,2048,8192,2432,3830.215,3916.199,3833.781,0.0415
mixed,16,1,0.0625,4.0,4096,16384,4096,16384,4864,3861.913,4004.9,3868.647,0.0471
mixed,16,1,0.0625,4.0,4096,16384,8192,32768,9728,3929.221,4229.849,3933.414,0.014
pure,16,2,0.125,4.0,0,0,128,512,176,64.911,80.896,76.543,0.7277
pure,16,2,0.125,4.0,0,0,256,1024,352,78.639,89.232,78.847,0.0196
pure,16,2,0.125,4.0,0,0,512,2048,704,86.097,105.969,88.338,0.1128
pure,16,2,0.125,4.0,0,0,1024,4096,1408,95.666,131.889,98.273,0.072
pure,16,2,0.125,4.0,0,0,2048,8192,2816,115.422,182.736,119.631,0.0625
pure,16,2,0.125,4.0,0,0,4096,16384,5632,152.174,289.409,155.249,0.0224
pure,16,2,0.125,4.0,0,0,8192,32768,11264,221.52,486.754,231.44,0.0374
mixed,16,2,0.125,4.0,16,0,128,512,176,79.137,93.697,89.12,0.6856
mixed,16,2,0.125,4.0,16,0,256,1024,352,95.153,102.719,90.817,-0.573
mixed,16,2,0.125,4.0,16,0,512,2048,704,101.778,116.737,99.92,-0.1242
mixed,16,2,0.125,4.0,16,0,1024,4096,1408,107.311,144.639,112.13,0.1291
mixed,16,2,0.125,4.0,16,0,2048,8192,2816,126.976,197.537,128.928,0.0277
mixed,16,2,0.125,4.0,16,0,4096,16384,5632,163.919,301.649,167.296,0.0245
mixed,16,2,0.125,4.0,16,0,8192,32768,11264,235.343,501.007,243.52,0.0308
mixed,16,2,0.125,4.0,16,512,128,512,176,101.953,105.393,101.393,-0.1629
mixed,16,2,0.125,4.0,16,512,256,1024,352,103.215,111.394,104.112,0.1096
mixed,16,2,0.125,4.0,16,512,512,2048,704,110.16,121.216,109.12,-0.0941
mixed,16,2,0.125,4.0,16,512,1024,4096,1408,110.11,144.671,111.103,0.0287
mixed,16,2,0.125,4.0,16,512,2048,8192,2816,127.874,195.951,131.728,0.0566
mixed,16,2,0.125,4.0,16,512,4096,16384,5632,163.936,304.37,165.665,0.0123
mixed,16,2,0.125,4.0,16,512,8192,32768,11264,234.255,496.832,243.983,0.037
mixed,16,2,0.125,4.0,16,2048,128,512,176,117.344,118.817,115.889,-0.9878
mixed,16,2,0.125,4.0,16,2048,256,1024,352,118.255,118.912,117.345,-1.3866
mixed,16,2,0.125,4.0,16,2048,512,2048,704,116.352,128.59,114.017,-0.1908
mixed,16,2,0.125,4.0,16,2048,1024,4096,1408,121.424,146.704,121.344,-0.0032
mixed,16,2,0.125,4.0,16,2048,2048,8192,2816,132.976,197.505,134.031,0.0163
mixed,16,2,0.125,4.0,16,2048,4096,16384,5632,164.544,300.752,167.216,0.0196
mixed,16,2,0.125,4.0,16,2048,8192,32768,11264,328.784,503.28,326.496,-0.0131
mixed,16,2,0.125,4.0,16,8192,128,512,176,145.473,138.113,145.504,
mixed,16,2,0.125,4.0,16,8192,256,1024,352,143.329,140.351,141.632,
mixed,16,2,0.125,4.0,16,8192,512,2048,704,145.267,150.224,141.872,-0.6848
mixed,16,2,0.125,4.0,16,8192,1024,4096,1408,146.129,167.248,146.321,0.0091
mixed,16,2,0.125,4.0,16,8192,2048,8192,2816,156.865,211.281,158.687,0.0335
mixed,16,2,0.125,4.0,16,8192,4096,16384,5632,191.728,305.569,187.952,-0.0332
mixed,16,2,0.125,4.0,16,8192,8192,32768,11264,244.273,780.64,242.08,-0.0041
mixed,16,2,0.125,4.0,16,16384,128,512,176,172.576,169.551,167.697,
mixed,16,2,0.125,4.0,16,16384,256,1024,352,168.287,170.16,167.92,-0.196
mixed,16,2,0.125,4.0,16,16384,512,2048,704,169.76,172.769,170.191,0.1434
mixed,16,2,0.125,4.0,16,16384,1024,4096,1408,173.09,193.264,171.762,-0.0658
mixed,16,2,0.125,4.0,16,16384,2048,8192,2816,183.983,232.738,184.545,0.0115
mixed,16,2,0.125,4.0,16,16384,4096,16384,5632,206.513,322.945,265.087,0.5031
mixed,16,2,0.125,4.0,16,16384,8192,32768,11264,278.465,522.736,272.306,-0.0252
mixed,16,2,0.125,4.0,64,0,128,512,176,80.945,98.385,90.255,0.5338
mixed,16,2,0.125,4.0,64,0,256,1024,352,98.048,106.0,96.67,-0.1733
mixed,16,2,0.125,4.0,64,0,512,2048,704,102.832,122.129,108.495,0.2935
mixed,16,2,0.125,4.0,64,0,1024,4096,1408,111.263,150.095,126.847,0.4013
mixed,16,2,0.125,4.0,64,0,2048,8192,2816,134.448,204.322,170.177,0.5113
mixed,16,2,0.125,4.0,64,0,4096,16384,5632,174.274,313.103,255.936,0.5882
mixed,16,2,0.125,4.0,64,0,8192,32768,11264,246.032,510.786,418.097,0.6499
mixed,16,2,0.125,4.0,64,512,128,512,176,118.69,122.112,117.856,-0.2436
mixed,16,2,0.125,4.0,64,512,256,1024,352,119.567,115.919,120.351,
mixed,16,2,0.125,4.0,64,512,512,2048,704,122.688,126.003,113.84,-2.6689
mixed,16,2,0.125,4.0,64,512,1024,4096,1408,123.664,151.906,133.6,0.3518
mixed,16,2,0.125,4.0,64,512,2048,8192,2816,136.929,207.857,176.399,0.5565
mixed,16,2,0.125,4.0,64,512,4096,16384,5632,171.04,363.905,252.866,0.4243
mixed,16,2,0.125,4.0,64,512,8192,32768,11264,297.407,558.786,425.106,0.4886
mixed,16,2,0.125,4.0,64,2048,128,512,176,138.8,139.472,137.377,-2.1167
mixed,16,2,0.125,4.0,64,2048,256,1024,352,139.968,141.825,138.543,-0.7673
mixed,16,2,0.125,4.0,64,2048,512,2048,704,139.681,152.401,149.889,0.8025
mixed,16,2,0.125,4.0,64,2048,1024,4096,1408,136.064,162.657,158.881,0.858
mixed,16,2,0.125,4.0,64,2048,2048,8192,2816,163.215,217.521,176.256,0.2401
mixed,16,2,0.125,4.0,64,2048,4096,16384,5632,196.017,308.402,256.209,0.5356
mixed,16,2,0.125,4.0,64,2048,8192,32768,11264,350.351,659.921,419.442,0.2232
mixed,16,2,0.125,4.0,64,8192,128,512,176,200.96,205.984,201.68,0.1432
mixed,16,2,0.125,4.0,64,8192,256,1024,352,190.354,206.032,206.033,1.0001
mixed,16,2,0.125,4.0,64,8192,512,2048,704,207.218,217.873,206.257,-0.0901
mixed,16,2,0.125,4.0,64,8192,1024,4096,1408,225.218,235.791,264.577,3.7229
mixed,16,2,0.125,4.0,64,8192,2048,8192,2816,211.793,269.859,273.04,1.0548
mixed,16,2,0.125,4.0,64,8192,4096,16384,5632,243.617,368.752,323.81,0.6408
mixed,16,2,0.125,4.0,64,8192,8192,32768,11264,459.332,558.161,432.288,-0.2736
mixed,16,2,0.125,4.0,64,16384,128,512,176,279.107,283.058,280.271,0.2948
mixed,16,2,0.125,4.0,64,16384,256,1024,352,279.617,294.736,269.312,-0.6816
mixed,16,2,0.125,4.0,64,16384,512,2048,704,300.673,295.665,284.034,
mixed,16,2,0.125,4.0,64,16384,1024,4096,1408,294.418,324.512,294.097,-0.0106
mixed,16,2,0.125,4.0,64,16384,2048,8192,2816,334.4,370.145,422.128,2.4542
mixed,16,2,0.125,4.0,64,16384,4096,16384,5632,317.554,435.042,430.865,0.9645
mixed,16,2,0.125,4.0,64,16384,8192,32768,11264,545.168,633.329,536.082,-0.1031
mixed,16,2,0.125,4.0,256,0,128,512,176,94.368,116.144,141.778,2.1771
mixed,16,2,0.125,4.0,256,0,256,1024,352,165.153,137.952,162.145,
mixed,16,2,0.125,4.0,256,0,512,2048,704,126.034,178.56,173.936,0.912
mixed,16,2,0.125,4.0,256,0,1024,4096,1408,151.712,255.425,250.864,0.956
mixed,16,2,0.125,4.0,256,0,2048,8192,2816,207.008,413.074,405.713,0.9643
mixed,16,2,0.125,4.0,256,0,4096,16384,5632,317.379,722.673,716.404,0.9845
mixed,16,2,0.125,4.0,256,0,8192,32768,11264,526.754,1338.595,1327.634,0.9865
mixed,16,2,0.125,4.0,256,512,128,512,176,177.603,192.962,176.113,-0.097
mixed,16,2,0.125,4.0,256,512,256,1024,352,191.28,212.529,188.223,-0.1439
mixed,16,2,0.125,4.0,256,512,512,2048,704,198.434,253.057,202.785,0.0797
mixed,16,2,0.125,4.0,256,512,1024,4096,1408,229.328,256.655,280.481,1.8719
mixed,16,2,0.125,4.0,256,512,2048,8192,2816,207.201,414.464,407.024,0.9641
mixed,16,2,0.125,4.0,256,512,4096,16384,5632,317.76,723.09,718.146,0.9878
mixed,16,2,0.125,4.0,256,512,8192,32768,11264,529.744,1345.124,1334.338,0.9868
mixed,16,2,0.125,4.0,256,2048,128,512,176,218.767,265.249,234.946,0.3481
mixed,16,2,0.125,4.0,256,2048,256,1024,352,251.042,307.793,247.12,-0.0691
mixed,16,2,0.125,4.0,256,2048,512,2048,704,281.728,314.448,266.834,-0.4552
mixed,16,2,0.125,4.0,256,2048,1024,4096,1408,338.335,394.69,309.873,-0.5051
mixed,16,2,0.125,4.0,256,2048,2048,8192,2816,346.049,419.489,439.473,1.2721
mixed,16,2,0.125,4.0,256,2048,4096,16384,5632,451.537,727.282,751.617,1.0883
mixed,16,2,0.125,4.0,256,2048,8192,32768,11264,533.568,1351.013,1339.059,0.9854
mixed,16,2,0.125,4.0,256,8192,128,512,176,463.248,462.496,461.729,
mixed,16,2,0.125,4.0,256,8192,256,1024,352,463.648,489.233,463.042,-0.0237
mixed,16,2,0.125,4.0,256,8192,512,2048,704,463.329,624.322,462.385,-0.0059
mixed,16,2,0.125,4.0,256,8192,1024,4096,1408,572.673,777.906,544.113,-0.1392
mixed,16,2,0.125,4.0,256,8192,2048,8192,2816,680.704,785.858,625.17,-0.5281
mixed,16,2,0.125,4.0,256,8192,4096,16384,5632,686.449,1094.803,780.548,0.2304
mixed,16,2,0.125,4.0,256,8192,8192,32768,11264,904.786,1351.107,1376.37,1.0566
mixed,16,2,0.125,4.0,256,16384,128,512,176,774.258,770.594,771.747,
mixed,16,2,0.125,4.0,256,16384,256,1024,352,773.89,773.17,771.233,
mixed,16,2,0.125,4.0,256,16384,512,2048,704,771.89,799.922,773.217,0.0473
mixed,16,2,0.125,4.0,256,16384,1024,4096,1408,773.217,1082.115,772.978,-0.0008
mixed,16,2,0.125,4.0,256,16384,2048,8192,2816,986.291,1393.38,930.771,-0.1364
mixed,16,2,0.125,4.0,256,16384,4096,16384,5632,1199.413,1398.918,1082.434,-0.5863
mixed,16,2,0.125,4.0,256,16384,8192,32768,11264,1203.092,2013.735,1393.62,0.235
mixed,16,2,0.125,4.0,1024,0,128,512,176,225.458,233.264,225.906,0.0573
mixed,16,2,0.125,4.0,1024,0,256,1024,352,231.459,245.649,233.202,0.1228
mixed,16,2,0.125,4.0,1024,0,512,2048,704,240.734,262.833,241.041,0.0139
mixed,16,2,0.125,4.0,1024,0,1024,4096,1408,251.027,294.401,255.425,0.1014
mixed,16,2,0.125,4.0,1024,0,2048,8192,2816,275.471,348.997,281.712,0.0849
mixed,16,2,0.125,4.0,1024,0,4096,16384,5632,317.731,454.339,323.09,0.0392
mixed,16,2,0.125,4.0,1024,0,8192,32768,11264,389.089,654.387,396.737,0.0288
mixed,16,2,0.125,4.0,1024,512,128,512,176,334.031,342.483,333.202,-0.0981
mixed,16,2,0.125,4.0,1024,512,256,1024,352,338.13,352.643,343.075,0.3408
mixed,16,2,0.125,4.0,1024,512,512,2048,704,349.555,369.534,349.827,0.0136
mixed,16,2,0.125,4.0,1024,512,1024,4096,1408,359.134,402.739,362.37,0.0742
mixed,16,2,0.125,4.0,1024,512,2048,8192,2816,383.44,459.616,389.202,0.0756
mixed,16,2,0.125,4.0,1024,512,4096,16384,5632,424.848,567.18,429.124,0.03
mixed,16,2,0.125,4.0,1024,512,8192,32768,11264,497.171,765.139,506.051,0.0331
mixed,16,2,0.125,4.0,1024,2048,128,512,176,457.81,467.088,457.348,-0.0497
mixed,16,2,0.125,4.0,1024,2048,256,1024,352,461.168,476.83,465.539,0.2791
mixed,16,2,0.125,4.0,1024,2048,512,2048,704,472.658,494.259,473.469,0.0376
mixed,16,2,0.125,4.0,1024,2048,1024,4096,1408,481.664,525.391,487.407,0.1313
mixed,16,2,0.125,4.0,1024,2048,2048,8192,2816,508.436,578.373,509.666,0.0176
mixed,16,2,0.125,4.0,1024,2048,4096,16384,5632,545.699,685.585,550.24,0.0325
mixed,16,2,0.125,4.0,1024,2048,8192,32768,11264,617.041,883.872,627.86,0.0405
mixed,16,2,0.125,4.0,1024,8192,128,512,176,955.925,961.391,956.771,0.1548
mixed,16,2,0.125,4.0,1024,8192,256,1024,352,958.61,972.16,966.419,0.5763
mixed,16,2,0.125,4.0,1024,8192,512,2048,704,968.068,991.189,967.668,-0.0173
mixed,16,2,0.125,4.0,1024,8192,1024,4096,1408,978.595,1015.203,982.195,0.0983
mixed,16,2,0.125,4.0,1024,8192,2048,8192,2816,1003.715,1070.531,1002.693,-0.0153
mixed,16,2,0.125,4.0,1024,8192,4096,16384,5632,1039.919,1176.117,1041.972,0.0151
mixed,16,2,0.125,4.0,1024,8192,8192,32768,11264,1106.738,1372.944,1112.948,0.0233
mixed,16,2,0.125,4.0,1024,16384,128,512,176,1588.242,1593.08,1590.643,0.4962
mixed,16,2,0.125,4.0,1024,16384,256,1024,352,1592.529,1610.371,1596.998,0.2505
mixed,16,2,0.125,4.0,1024,16384,512,2048,704,1605.446,1618.565,1605.269,-0.0135
mixed,16,2,0.125,4.0,1024,16384,1024,4096,1408,1618.771,1648.677,1615.156,-0.1209
mixed,16,2,0.125,4.0,1024,16384,2048,8192,2816,1635.27,1700.904,1636.066,0.0121
mixed,16,2,0.125,4.0,1024,16384,4096,16384,5632,1670.069,1804.215,1671.59,0.0113
mixed,16,2,0.125,4.0,1024,16384,8192,32768,11264,1740.534,2005.969,1747.092,0.0247
mixed,16,2,0.125,4.0,4096,0,128,512,176,681.424,685.362,679.007,-0.6136
mixed,16,2,0.125,4.0,4096,0,256,1024,352,686.464,701.174,687.637,0.0797
mixed,16,2,0.125,4.0,4096,0,512,2048,704,693.2,721.458,695.363,0.0765
mixed,16,2,0.125,4.0,4096,0,1024,4096,1408,707.732,749.008,710.321,0.0627
mixed,16,2,0.125,4.0,4096,0,2048,8192,2816,730.5,806.355,735.856,0.0706
mixed,16,2,0.125,4.0,4096,0,4096,16384,5632,769.824,908.692,774.291,0.0322
mixed,16,2,0.125,4.0,4096,0,8192,32768,11264,842.337,1106.85,852.48,0.0383
mixed,16,2,0.125,4.0,4096,512,128,512,176,888.293,898.161,887.428,-0.0877
mixed,16,2,0.125,4.0,4096,512,256,1024,352,894.947,910.883,897.443,0.1566
mixed,16,2,0.125,4.0,4096,512,512,2048,704,906.079,928.658,904.981,-0.0486
mixed,16,2,0.125,4.0,4096,512,1024,4096,1408,915.479,955.075,917.347,0.0472
mixed,16,2,0.125,4.0,4096,512,2048,8192,2816,940.8,1009.281,944.288,0.0509
mixed,16,2,0.125,4.0,4096,512,4096,16384,5632,978.883,1121.763,981.763,0.0202
mixed,16,2,0.125,4.0,4096,512,8192,32768,11264,1046.214,1312.962,1055.923,0.0364
mixed,16,2,0.125,4.0,4096,2048,128,512,176,1185.14,1191.312,1182.678,-0.3989
mixed,16,2,0.125,4.0,4096,2048,256,1024,352,1190.563,1203.023,1197.459,0.5535
mixed,16,2,0.125,4.0,4096,2048,512,2048,704,1193.841,1218.34,1198.292,0.1817
mixed,16,2,0.125,4.0,4096,2048,1024,4096,1408,1206.13,1249.266,1214.02,0.1829
mixed,16,2,0.125,4.0,4096,2048,2048,8192,2816,1231.699,1299.027,1237.955,0.0929
mixed,16,2,0.125,4.0,4096,2048,4096,16384,5632,1270.437,1407.831,1271.412,0.0071
mixed,16,2,0.125,4.0,4096,2048,8192,32768,11264,1340.806,1604.984,1345.729,0.0186
mixed,16,2,0.125,4.0,4096,8192,128,512,176,2321.623,2321.412,2314.438,
mixed,16,2,0.125,4.0,4096,8192,256,1024,352,2314.326,2339.845,2322.645,0.326
mixed,16,2,0.125,4.0,4096,8192,512,2048,704,2328.903,2345.463,2328.039,-0.0521
mixed,16,2,0.125,4.0,4096,8192,1024,4096,1408,2334.263,2377.016,2352.534,0.4274
mixed,16,2,0.125,4.0,4096,8192,2048,8192,2816,2357.269,2426.101,2363.829,0.0953
mixed,16,2,0.125,4.0,4096,8192,4096,16384,5632,2401.411,2532.648,2399.555,-0.0141
mixed,16,2,0.125,4.0,4096,8192,8192,32768,11264,2473.031,2732.038,2478.118,0.0196
mixed,16,2,0.125,4.0,4096,16384,128,512,176,3781.02,3793.721,3806.988,2.0446
mixed,16,2,0.125,4.0,4096,16384,256,1024,352,3795.611,3819.435,3795.419,-0.0081
mixed,16,2,0.125,4.0,4096,16384,512,2048,704,3807.208,3828.533,3808.842,0.0766
mixed,16,2,0.125,4.0,4096,16384,1024,4096,1408,3817.438,3856.41,3816.267,-0.03
mixed,16,2,0.125,4.0,4096,16384,2048,8192,2816,3840.554,3911.945,3836.122,-0.0621
mixed,16,2,0.125,4.0,4096,16384,4096,16384,5632,3883.216,4007.183,3880.03,-0.0257
mixed,16,2,0.125,4.0,4096,16384,8192,32768,11264,3949.51,4201.323,3948.857,-0.0026
pure,16,3,0.1875,4.0,0,0,128,512,200,67.888,80.797,76.687,0.6815
pure,16,3,0.1875,4.0,0,0,256,1024,400,78.191,90.639,79.68,0.1196
pure,16,3,0.1875,4.0,0,0,512,2048,800,88.608,104.321,89.184,0.0367
pure,16,3,0.1875,4.0,0,0,1024,4096,1600,98.496,132.702,103.537,0.1474
pure,16,3,0.1875,4.0,0,0,2048,8192,3200,120.609,183.024,122.304,0.0271
pure,16,3,0.1875,4.0,0,0,4096,16384,6400,157.873,288.24,167.184,0.0714
pure,16,3,0.1875,4.0,0,0,8192,32768,12800,242.529,489.073,244.449,0.0078
mixed,16,3,0.1875,4.0,16,0,128,512,200,82.895,92.946,89.281,0.6354
mixed,16,3,0.1875,4.0,16,0,256,1024,400,88.609,103.057,92.081,0.2403
mixed,16,3,0.1875,4.0,16,0,512,2048,800,99.873,117.969,105.217,0.2953
mixed,16,3,0.1875,4.0,16,0,1024,4096,1600,110.242,144.273,118.241,0.2351
mixed,16,3,0.1875,4.0,16,0,2048,8192,3200,132.706,196.85,134.767,0.0321
mixed,16,3,0.1875,4.0,16,0,4096,16384,6400,174.031,299.568,173.906,-0.001
mixed,16,3,0.1875,4.0,16,0,8192,32768,12800,252.896,498.736,255.921,0.0123
mixed,16,3,0.1875,4.0,16,512,128,512,200,103.216,104.225,102.703,-0.5087
mixed,16,3,0.1875,4.0,16,512,256,1024,400,103.427,111.296,104.27,0.1072
mixed,16,3,0.1875,4.0,16,512,512,2048,800,107.552,122.001,112.208,0.3223
mixed,16,3,0.1875,4.0,16,512,1024,4096,1600,110.416,144.561,114.927,0.1321
mixed,16,3,0.1875,4.0,16,512,2048,8192,3200,134.384,196.738,134.273,-0.0018
mixed,16,3,0.1875,4.0,16,512,4096,16384,6400,172.113,301.762,175.264,0.0243
mixed,16,3,0.1875,4.0,16,512,8192,32768,12800,257.072,501.427,255.953,-0.0046
mixed,16,3,0.1875,4.0,16,2048,128,512,200,115.713,118.976,115.745,0.0098
mixed,16,3,0.1875,4.0,16,2048,256,1024,400,112.72,118.143,114.72,0.3689
mixed,16,3,0.1875,4.0,16,2048,512,2048,800,116.0,127.858,118.529,0.2133
mixed,16,3,0.1875,4.0,16,2048,1024,4096,1600,122.177,147.585,126.639,0.1756
mixed,16,3,0.1875,4.0,16,2048,2048,8192,3200,136.272,197.123,161.409,0.4131
mixed,16,3,0.1875,4.0,16,2048,4096,16384,6400,174.034,300.434,182.415,0.0663
mixed,16,3,0.1875,4.0,16,2048,8192,32768,12800,360.305,504.786,258.529,-0.7044
mixed,16,3,0.1875,4.0,16,8192,128,512,200,144.959,140.625,145.057,
mixed,16,3,0.1875,4.0,16,8192,256,1024,400,140.706,141.09,143.599,7.5339
mixed,16,3,0.1875,4.0,16,8192,512,2048,800,144.385,151.168,144.033,-0.052
mixed,16,3,0.1875,4.0,16,8192,1024,4096,1600,143.663,169.809,145.12,0.0557
mixed,16,3,0.1875,4.0,16,8192,2048,8192,3200,161.52,210.208,160.482,-0.0213
mixed,16,3,0.1875,4.0,16,8192,4096,16384,6400,189.616,306.478,188.976,-0.0055
mixed,16,3,0.1875,4.0,16,8192,8192,32768,12800,259.697,782.496,373.104,0.2169
mixed,16,3,0.1875,4.0,16,16384,128,512,200,167.792,168.88,168.224,0.3964
mixed,16,3,0.1875,4.0,16,16384,256,1024,400,169.121,170.56,168.657,-0.3229
mixed,16,3,0.1875,4.0,16,16384,512,2048,800,170.642,172.659,169.106,-0.7611
mixed,16,3,0.1875,4.0,16,16384,1024,4096,1600,174.802,194.273,175.362,0.0288
mixed,16,3,0.1875,4.0,16,16384,2048,8192,3200,186.24,228.783,183.105,-0.0737
mixed,16,3,0.1875,4.0,16,16384,4096,16384,6400,214.033,324.384,212.561,-0.0133
mixed,16,3,0.1875,4.0,16,16384,8192,32768,12800,275.201,522.482,279.184,0.0161
mixed,16,3,0.1875,4.0,64,0,128,512,200,85.393,98.496,90.945,0.4238
mixed,16,3,0.1875,4.0,64,0,256,1024,400,95.969,106.672,97.538,0.1465
mixed,16,3,0.1875,4.0,64,0,512,2048,800,103.616,123.153,107.105,0.1786
mixed,16,3,0.1875,4.0,64,0,1024,4096,1600,115.217,151.903,131.328,0.4392
mixed,16,3,0.1875,4.0,64,0,2048,8192,3200,141.024,205.25,173.265,0.502
mixed,16,3,0.1875,4.0,64,0,4096,16384,6400,185.299,311.679,253.635,0.5407
mixed,16,3,0.1875,4.0,64,0,8192,32768,12800,265.233,510.594,415.456,0.6123
mixed,16,3,0.1875,4.0,64,512,128,512,200,119.311,122.4,117.344,-0.637
mixed,16,3,0.1875,4.0,64,512,256,1024,400,120.065,115.665,121.536,
mixed,16,3,0.1875,4.0,64,512,512,2048,800,122.286,124.849,113.936,-3.2579
mixed,16,3,0.1875,4.0,64,512,1024,4096,1600,128.351,150.928,133.536,0.2296
mixed,16,3,0.1875,4.0,64,512,2048,8192,3200,179.427,207.695,175.968,-0.1223
mixed,16,3,0.1875,4.0,64,512,4096,16384,6400,183.409,364.575,254.721,0.3936
mixed,16,3,0.1875,4.0,64,512,8192,32768,12800,320.127,557.967,418.752,0.4147
mixed,16,3,0.1875,4.0,64,2048,128,512,200,138.113,139.263,136.928,-1.0287
mixed,16,3,0.1875,4.0,64,2048,256,1024,400,138.816,142.447,138.705,-0.0306
mixed,16,3,0.1875,4.0,64,2048,512,2048,800,142.529,153.407,141.584,-0.0869
mixed,16,3,0.1875,4.0,64,2048,1024,4096,1600,173.04,163.522,162.223,
mixed,16,3,0.1875,4.0,64,2048,2048,8192,3200,162.145,216.562,175.44,0.2443
mixed,16,3,0.1875,4.0,64,2048,4096,16384,6400,195.057,306.64,256.72,0.5526
mixed,16,3,0.1875,4.0,64,2048,8192,32768,12800,374.546,659.011,423.281,0.1713
mixed,16,3,0.1875,4.0,64,8192,128,512,200,195.007,206.593,201.84,0.5897
mixed,16,3,0.1875,4.0,64,8192,256,1024,400,206.032,207.12,206.192,0.1467
mixed,16,3,0.1875,4.0,64,8192,512,2048,800,206.575,216.865,206.383,-0.0186
mixed,16,3,0.1875,4.0,64,8192,1024,4096,1600,240.017,236.465,268.128,
mixed,16,3,0.1875,4.0,64,8192,2048,8192,3200,280.353,271.425,275.952,
mixed,16,3,0.1875,4.0,64,8192,4096,16384,6400,356.048,368.099,326.337,-2.4657
mixed,16,3,0.1875,4.0,64,8192,8192,32768,12800,328.289,558.545,419.871,0.3977
mixed,16,3,0.1875,4.0,64,16384,128,512,200,279.918,282.722,279.92,0.0005
mixed,16,3,0.1875,4.0,64,16384,256,1024,400,271.938,294.913,268.384,-0.1547
mixed,16,3,0.1875,4.0,64,16384,512,2048,800,306.56,296.081,293.282,
mixed,16,3,0.1875,4.0,64,16384,1024,4096,1600,295.712,324.561,295.168,-0.0189
mixed,16,3,0.1875,4.0,64,16384,2048,8192,3200,366.977,370.416,430.081,18.3522
mixed,16,3,0.1875,4.0,64,16384,4096,16384,6400,445.808,437.439,435.617,
mixed,16,3,0.1875,4.0,64,16384,8192,32768,12800,606.994,634.864,542.401,-2.3176
mixed,16,3,0.1875,4.0,256,0,128,512,200,93.776,116.495,141.153,2.0853
mixed,16,3,0.1875,4.0,256,0,256,1024,400,112.977,135.762,135.026,0.9677
mixed,16,3,0.1875,4.0,256,0,512,2048,800,127.536,176.782,172.977,0.9227
mixed,16,3,0.1875,4.0,256,0,1024,4096,1600,160.479,255.744,251.698,0.9575
mixed,16,3,0.1875,4.0,256,0,2048,8192,3200,223.488,411.793,407.025,0.9747
mixed,16,3,0.1875,4.0,256,0,4096,16384,6400,342.479,719.281,716.147,0.9917
mixed,16,3,0.1875,4.0,256,0,8192,32768,12800,585.072,1334.452,1330.402,0.9946
mixed,16,3,0.1875,4.0,256,512,128,512,200,182.016,192.066,182.099,0.0083
mixed,16,3,0.1875,4.0,256,512,256,1024,400,197.843,213.329,207.297,0.6105
mixed,16,3,0.1875,4.0,256,512,512,2048,800,203.36,253.922,247.119,0.8655
mixed,16,3,0.1875,4.0,256,512,1024,4096,1600,233.249,257.921,327.313,3.8126
mixed,16,3,0.1875,4.0,256,512,2048,8192,3200,222.688,415.634,407.634,0.9585
mixed,16,3,0.1875,4.0,256,512,4096,16384,6400,346.05,723.329,717.154,0.9836
mixed,16,3,0.1875,4.0,256,512,8192,32768,12800,588.866,1340.148,1334.42,0.9924
mixed,16,3,0.1875,4.0,256,2048,128,512,200,240.287,266.305,233.52,-0.2601
mixed,16,3,0.1875,4.0,256,2048,256,1024,400,254.961,308.897,245.282,-0.1795
mixed,16,3,0.1875,4.0,256,2048,512,2048,800,287.089,316.176,301.92,0.5099
mixed,16,3,0.1875,4.0,256,2048,1024,4096,1600,294.911,393.073,386.562,0.9337
mixed,16,3,0.1875,4.0,256,2048,2048,8192,3200,358.289,419.136,544.721,3.0639
mixed,16,3,0.1875,4.0,256,2048,4096,16384,6400,480.723,729.524,855.059,1.5046
mixed,16,3,0.1875,4.0,256,2048,8192,32768,12800,594.577,1346.259,1338.803,0.9901
mixed,16,3,0.1875,4.0,256,8192,128,512,200,462.881,463.36,461.76,-2.3438
mixed,16,3,0.1875,4.0,256,8192,256,1024,400,463.681,489.042,461.855,-0.072
mixed,16,3,0.1875,4.0,256,8192,512,2048,800,463.089,623.473,463.152,0.0004
mixed,16,3,0.1875,4.0,256,8192,1024,4096,1600,589.665,781.105,546.591,-0.225
mixed,16,3,0.1875,4.0,256,8192,2048,8192,3200,710.241,784.851,778.258,0.9116
mixed,16,3,0.1875,4.0,256,8192,4096,16384,6400,718.212,1096.483,1089.316,0.9811
mixed,16,3,0.1875,4.0,256,8192,8192,32768,12800,959.395,1346.245,1707.907,1.9349
mixed,16,3,0.1875,4.0,256,16384,128,512,200,772.642,773.104,776.594,8.553
mixed,16,3,0.1875,4.0,256,16384,256,1024,400,771.426,774.146,775.09,1.3469
mixed,16,3,0.1875,4.0,256,16384,512,2048,800,773.107,801.299,771.793,-0.0466
mixed,16,3,0.1875,4.0,256,16384,1024,4096,1600,773.793,1083.826,772.049,-0.0056
mixed,16,3,0.1875,4.0,256,16384,2048,8192,3200,1017.444,1388.946,929.874,-0.2357
mixed,16,3,0.1875,4.0,256,16384,4096,16384,6400,1255.795,1400.787,1393.94,0.9528
mixed,16,3,0.1875,4.0,256,16384,8192,32768,12800,1261.939,2016.883,2007.171,0.9871
mixed,16,3,0.1875,4.0,1024,0,128,512,200,224.499,234.114,224.159,-0.0353
mixed,16,3,0.1875,4.0,1024,0,256,1024,400,234.497,245.745,232.514,-0.1763
mixed,16,3,0.1875,4.0,1024,0,512,2048,800,242.576,262.594,245.267,0.1345
mixed,16,3,0.1875,4.0,1024,0,1024,4096,1600,257.6,296.368,258.784,0.0305
mixed,16,3,0.1875,4.0,1024,0,2048,8192,3200,282.497,347.808,283.524,0.0157
mixed,16,3,0.1875,4.0,1024,0,4096,16384,6400,325.075,455.375,332.976,0.0606
mixed,16,3,0.1875,4.0,1024,0,8192,32768,12800,410.274,656.258,411.842,0.0064
mixed,16,3,0.1875,4.0,1024,512,128,512,200,332.498,341.393,333.251,0.0847
mixed,16,3,0.1875,4.0,1024,512,256,1024,400,341.891,352.352,342.113,0.0212
mixed,16,3,0.1875,4.0,1024,512,512,2048,800,351.154,370.477,352.562,0.0728
mixed,16,3,0.1875,4.0,1024,512,1024,4096,1600,363.567,403.823,366.127,0.0636
mixed,16,3,0.1875,4.0,1024,512,2048,8192,3200,389.09,456.033,389.299,0.0031
mixed,16,3,0.1875,4.0,1024,512,4096,16384,6400,434.004,567.648,438.495,0.0336
mixed,16,3,0.1875,4.0,1024,512,8192,32768,12800,517.886,765.376,519.427,0.0062
mixed,16,3,0.1875,4.0,1024,2048,128,512,200,456.002,467.121,456.671,0.0602
mixed,16,3,0.1875,4.0,1024,2048,256,1024,400,466.063,475.952,467.216,0.1165
mixed,16,3,0.1875,4.0,1024,2048,512,2048,800,473.556,496.065,477.791,0.1881
mixed,16,3,0.1875,4.0,1024,2048,1024,4096,1600,488.722,526.45,490.64,0.0509
mixed,16,3,0.1875,4.0,1024,2048,2048,8192,3200,513.055,578.193,515.059,0.0308
mixed,16,3,0.1875,4.0,1024,2048,4096,16384,6400,555.684,684.64,560.337,0.0361
mixed,16,3,0.1875,4.0,1024,2048,8192,32768,12800,639.566,881.41,645.313,0.0238
mixed,16,3,0.1875,4.0,1024,8192,128,512,200,957.281,964.403,956.209,-0.1506
mixed,16,3,0.1875,4.0,1024,8192,256,1024,400,964.07,972.96,970.292,0.6998
mixed,16,3,0.1875,4.0,1024,8192,512,2048,800,973.219,987.233,973.2,-0.0014
mixed,16,3,0.1875,4.0,1024,8192,1024,4096,1600,982.895,1019.14,985.267,0.0655
mixed,16,3,0.1875,4.0,1024,8192,2048,8192,3200,1005.68,1067.749,1007.54,0.03
mixed,16,3,0.1875,4.0,1024,8192,4096,16384,6400,1047.987,1174.453,1050.179,0.0173
mixed,16,3,0.1875,4.0,1024,8192,8192,32768,12800,1130.659,1372.231,1131.956,0.0054
mixed,16,3,0.1875,4.0,1024,16384,128,512,200,1590.993,1596.852,1585.941,-0.8624
mixed,16,3,0.1875,4.0,1024,16384,256,1024,400,1594.099,1606.772,1599.269,0.4079
mixed,16,3,0.1875,4.0,1024,16384,512,2048,800,1599.554,1621.814,1605.762,0.2789
mixed,16,3,0.1875,4.0,1024,16384,1024,4096,1600,1617.316,1651.828,1617.411,0.0028
mixed,16,3,0.1875,4.0,1024,16384,2048,8192,3200,1638.834,1702.678,1644.482,0.0885
mixed,16,3,0.1875,4.0,1024,16384,4096,16384,6400,1680.707,1811.025,1690.548,0.0755
mixed,16,3,0.1875,4.0,1024,16384,8192,32768,12800,1768.806,2007.655,1767.508,-0.0054
mixed,16,3,0.1875,4.0,4096,0,128,512,200,683.809,688.356,677.392,-1.4114
mixed,16,3,0.1875,4.0,4096,0,256,1024,400,687.919,699.569,690.961,0.2611
mixed,16,3,0.1875,4.0,4096,0,512,2048,800,696.866,715.712,698.581,0.091
mixed,16,3,0.1875,4.0,4096,0,1024,4096,1600,710.21,751.586,712.102,0.0457
mixed,16,3,0.1875,4.0,4096,0,2048,8192,3200,737.185,805.265,738.482,0.019
mixed,16,3,0.1875,4.0,4096,0,4096,16384,6400,778.401,910.257,787.17,0.0665
mixed,16,3,0.1875,4.0,4096,0,8192,32768,12800,863.65,1107.747,865.825,0.0089
mixed,16,3,0.1875,4.0,4096,512,128,512,200,890.21,897.89,889.523,-0.0895
mixed,16,3,0.1875,4.0,4096,512,256,1024,400,896.179,911.25,903.506,0.4862
mixed,16,3,0.1875,4.0,4096,512,512,2048,800,907.701,925.38,907.873,0.0097
mixed,16,3,0.1875,4.0,4096,512,1024,4096,1600,919.411,954.931,920.913,0.0423
mixed,16,3,0.1875,4.0,4096,512,2048,8192,3200,948.899,1010.533,949.665,0.0124
mixed,16,3,0.1875,4.0,4096,512,4096,16384,6400,985.459,1118.21,990.532,0.0382
mixed,16,3,0.1875,4.0,4096,512,8192,32768,12800,1070.93,1314.933,1074.034,0.0127
mixed,16,3,0.1875,4.0,4096,2048,128,512,200,1181.605,1190.786,1183.123,0.1654
mixed,16,3,0.1875,4.0,4096,2048,256,1024,400,1191.827,1202.241,1194.659,0.272
mixed,16,3,0.1875,4.0,4096,2048,512,2048,800,1201.249,1218.305,1200.071,-0.0691
mixed,16,3,0.1875,4.0,4096,2048,1024,4096,1600,1217.184,1249.506,1215.345,-0.0569
mixed,16,3,0.1875,4.0,4096,2048,2048,8192,3200,1235.815,1297.698,1239.652,0.062
mixed,16,3,0.1875,4.0,4096,2048,4096,16384,6400,1274.382,1405.478,1282.726,0.0637
mixed,16,3,0.1875,4.0,4096,2048,8192,32768,12800,1359.523,1609.391,1365.096,0.0223
mixed,16,3,0.1875,4.0,4096,8192,128,512,200,2314.695,2325.445,2312.791,-0.1771
mixed,16,3,0.1875,4.0,4096,8192,256,1024,400,2331.399,2331.621,2330.834,-2.553
mixed,16,3,0.1875,4.0,4096,8192,512,2048,800,2327.859,2348.918,2328.774,0.0434
mixed,16,3,0.1875,4.0,4096,8192,1024,4096,1600,2341.075,2375.8,2341.655,0.0167
mixed,16,3,0.1875,4.0,4096,8192,2048,8192,3200,2374.101,2436.566,2362.695,-0.1826
mixed,16,3,0.1875,4.0,4096,8192,4096,16384,6400,2407.352,2536.699,2412.023,0.0361
mixed,16,3,0.1875,4.0,4096,8192,8192,32768,12800,2489.945,2727.606,2489.544,-0.0017
mixed,16,3,0.1875,4.0,4096,16384,128,512,200,3789.735,3795.884,3786.777,-0.4811
mixed,16,3,0.1875,4.0,4096,16384,256,1024,400,3790.041,3803.21,3799.135,0.6905
mixed,16,3,0.1875,4.0,4096,16384,512,2048,800,3803.93,3821.913,3810.636,0.3729
mixed,16,3,0.1875,4.0,4096,16384,1024,4096,1600,3810.456,3851.274,3823.849,0.3281
mixed,16,3,0.1875,4.0,4096,16384,2048,8192,3200,3846.892,3909.239,3836.727,-0.163
mixed,16,3,0.1875,4.0,4096,16384,4096,16384,6400,3895.512,4006.985,3889.593,-0.0531
mixed,16,3,0.1875,4.0,4096,16384,8192,32768,12800,3962.329,4224.923,3967.083,0.0181
pure,16,4,0.25,4.0,0,0,128,512,224,68.672,81.2,75.184,0.5199
pure,16,4,0.25,4.0,0,0,256,1024,448,82.4,89.344,79.73,-0.3847
pure,16,4,0.25,4.0,0,0,512,2048,896,90.433,105.362,95.616,0.3472
pure,16,4,0.25,4.0,0,0,1024,4096,1792,101.825,131.538,105.984,0.14
pure,16,4,0.25,4.0,0,0,2048,8192,3584,127.744,183.649,129.343,0.0286
pure,16,4,0.25,4.0,0,0,4096,16384,7168,173.6,291.585,179.344,0.0487
pure,16,4,0.25,4.0,0,0,8192,32768,14336,264.225,489.682,266.4,0.0096
mixed,16,4,0.25,4.0,16,0,128,512,224,82.803,93.743,89.294,0.5934
mixed,16,4,0.25,4.0,16,0,256,1024,448,96.21,102.799,92.559,-0.5539
mixed,16,4,0.25,4.0,16,0,512,2048,896,102.432,117.552,103.104,0.0444
mixed,16,4,0.25,4.0,16,0,1024,4096,1792,114.737,145.984,120.496,0.1843
mixed,16,4,0.25,4.0,16,0,2048,8192,3584,140.703,196.864,139.362,-0.0239
mixed,16,4,0.25,4.0,16,0,4096,16384,7168,181.072,299.841,192.8,0.0988
mixed,16,4,0.25,4.0,16,0,8192,32768,14336,273.633,497.731,284.658,0.0492
mixed,16,4,0.25,4.0,16,512,128,512,224,103.504,103.967,103.618,0.246
mixed,16,4,0.25,4.0,16,512,256,1024,448,104.928,110.655,105.39,0.0807
mixed,16,4,0.25,4.0,16,512,512,2048,896,110.191,120.69,113.904,0.3537
mixed,16,4,0.25,4.0,16,512,1024,4096,1792,119.12,145.582,118.161,-0.0362
mixed,16,4,0.25,4.0,16,512,2048,8192,3584,163.329,196.446,166.703,0.1019
mixed,16,4,0.25,4.0,16,512,4096,16384,7168,182.945,301.617,190.288,0.0619
mixed,16,4,0.25,4.0,16,512,8192,32768,14336,274.272,500.192,287.136,0.0569
mixed,16,4,0.25,4.0,16,2048,128,512,224,114.4,116.145,116.752,1.3474
mixed,16,4,0.25,4.0,16,2048,256,1024,448,113.087,119.393,113.631,0.0863
mixed,16,4,0.25,4.0,16,2048,512,2048,896,118.192,130.079,117.185,-0.0848
mixed,16,4,0.25,4.0,16,2048,1024,4096,1792,124.754,147.122,128.929,0.1867
mixed,16,4,0.25,4.0,16,2048,2048,8192,3584,142.8,200.592,143.121,0.0055
mixed,16,4,0.25,4.0,16,2048,4096,16384,7168,185.873,301.217,189.408,0.0306
mixed,16,4,0.25,4.0,16,2048,8192,32768,14336,382.385,501.762,367.056,-0.1284
mixed,16,4,0.25,4.0,16,8192,128,512,224,145.17,140.033,145.009,
mixed,16,4,0.25,4.0,16,8192,256,1024,448,140.096,141.839,144.273,2.3968
mixed,16,4,0.25,4.0,16,8192,512,2048,896,141.424,150.734,143.715,0.246
mixed,16,4,0.25,4.0,16,8192,1024,4096,1792,147.536,168.529,149.105,0.0747
mixed,16,4,0.25,4.0,16,8192,2048,8192,3584,161.12,209.664,159.345,-0.0366
mixed,16,4,0.25,4.0,16,8192,4096,16384,7168,197.905,309.009,197.489,-0.0037
mixed,16,4,0.25,4.0,16,8192,8192,32768,14336,282.8,782.658,287.072,0.0085
mixed,16,4,0.25,4.0,16,16384,128,512,224,167.745,168.368,169.041,2.0794
mixed,16,4,0.25,4.0,16,16384,256,1024,448,169.251,169.263,168.481,-59.1538
mixed,16,4,0.25,4.0,16,16384,512,2048,896,170.305,174.048,170.927,0.166
mixed,16,4,0.25,4.0,16,16384,1024,4096,1792,174.32,196.015,175.377,0.0488
mixed,16,4,0.25,4.0,16,16384,2048,8192,3584,189.905,230.194,190.784,0.0218
mixed,16,4,0.25,4.0,16,16384,4096,16384,7168,222.128,325.089,220.722,-0.0137
mixed,16,4,0.25,4.0,16,16384,8192,32768,14336,297.921,523.328,304.433,0.0289
mixed,16,4,0.25,4.0,64,0,128,512,224,85.585,98.896,92.464,0.5168
mixed,16,4,0.25,4.0,64,0,256,1024,448,99.471,107.313,99.008,-0.059
mixed,16,4,0.25,4.0,64,0,512,2048,896,104.96,122.769,110.015,0.2838
mixed,16,4,0.25,4.0,64,0,1024,4096,1792,118.192,151.136,133.743,0.472
mixed,16,4,0.25,4.0,64,0,2048,8192,3584,146.495,205.647,177.343,0.5215
mixed,16,4,0.25,4.0,64,0,4096,16384,7168,193.235,313.184,255.839,0.5219
mixed,16,4,0.25,4.0,64,0,8192,32768,14336,285.406,513.249,418.577,0.5845
mixed,16,4,0.25,4.0,64,512,128,512,224,119.202,121.552,118.703,-0.2121
mixed,16,4,0.25,4.0,64,512,256,1024,448,120.626,114.929,120.992,
mixed,16,4,0.25,4.0,64,512,512,2048,896,118.176,125.249,114.337,-0.5429
mixed,16,4,0.25,4.0,64,512,1024,4096,1792,123.552,152.047,135.296,0.4121
mixed,16,4,0.25,4.0,64,512,2048,8192,3584,142.911,210.736,174.077,0.4595
mixed,16,4,0.25,4.0,64,512,4096,16384,7168,193.119,364.017,253.985,0.3562
mixed,16,4,0.25,4.0,64,512,8192,32768,14336,341.105,558.225,421.731,0.3713
mixed,16,4,0.25,4.0,64,2048,128,512,224,139.296,138.207,138.703,
mixed,16,4,0.25,4.0,64,2048,256,1024,448,138.385,142.32,138.657,0.0694
mixed,16,4,0.25,4.0,64,2048,512,2048,896,142.594,152.477,141.584,-0.1021
mixed,16,4,0.25,4.0,64,2048,1024,4096,1792,150.884,162.063,151.49,0.0542
mixed,16,4,0.25,4.0,64,2048,2048,8192,3584,157.871,214.946,179.473,0.3785
mixed,16,4,0.25,4.0,64,2048,4096,16384,7168,197.569,307.074,257.808,0.5501
mixed,16,4,0.25,4.0,64,2048,8192,32768,14336,285.791,661.056,415.921,0.3468
mixed,16,4,0.25,4.0,64,8192,128,512,224,195.584,205.826,200.368,0.4672
mixed,16,4,0.25,4.0,64,8192,256,1024,448,207.057,207.169,206.448,-5.442
mixed,16,4,0.25,4.0,64,8192,512,2048,896,206.192,218.0,207.522,0.1126
mixed,16,4,0.25,4.0,64,8192,1024,4096,1792,217.504,237.457,216.367,-0.057
mixed,16,4,0.25,4.0,64,8192,2048,8192,3584,305.105,272.178,276.367,
mixed,16,4,0.25,4.0,64,8192,4096,16384,7168,273.552,372.512,270.079,-0.0351
mixed,16,4,0.25,4.0,64,8192,8192,32768,14336,329.856,559.904,428.321,0.428
mixed,16,4,0.25,4.0,64,16384,128,512,224,280.29,283.649,280.529,0.0712
mixed,16,4,0.25,4.0,64,16384,256,1024,448,278.195,294.016,268.434,-0.617
mixed,16,4,0.25,4.0,64,16384,512,2048,896,294.401,294.724,293.553,-2.6335
mixed,16,4,0.25,4.0,64,16384,1024,4096,1792,295.54,323.346,296.352,0.0292
mixed,16,4,0.25,4.0,64,16384,2048,8192,3584,395.552,370.337,431.632,
mixed,16,4,0.25,4.0,64,16384,4096,16384,7168,485.01,435.76,437.457,
mixed,16,4,0.25,4.0,64,16384,8192,32768,14336,437.106,636.751,433.618,-0.0175
mixed,16,4,0.25,4.0,256,0,128,512,224,93.856,116.832,140.67,2.0376
mixed,16,4,0.25,4.0,256,0,256,1024,448,115.745,136.769,135.007,0.9162
mixed,16,4,0.25,4.0,256,0,512,2048,896,132.559,176.736,173.328,0.9229
mixed,16,4,0.25,4.0,256,0,1024,4096,1792,168.753,256.595,251.441,0.9413
mixed,16,4,0.25,4.0,256,0,2048,8192,3584,235.089,412.895,406.737,0.9654
mixed,16,4,0.25,4.0,256,0,4096,16384,7168,372.194,719.138,719.171,1.0001
mixed,16,4,0.25,4.0,256,0,8192,32768,14336,641.537,1336.851,1333.268,0.9948
mixed,16,4,0.25,4.0,256,512,128,512,224,182.576,192.416,184.112,0.1561
mixed,16,4,0.25,4.0,256,512,256,1024,448,201.361,212.481,207.393,0.5424
mixed,16,4,0.25,4.0,256,512,512,2048,896,207.09,253.312,248.977,0.9062
mixed,16,4,0.25,4.0,256,512,1024,4096,1792,243.665,257.216,328.432,6.2552
mixed,16,4,0.25,4.0,256,512,2048,8192,3584,236.017,414.337,408.928,0.9697
mixed,16,4,0.25,4.0,256,512,4096,16384,7168,374.834,726.446,718.705,0.978
mixed,16,4,0.25,4.0,256,512,8192,32768,14336,643.04,1340.724,1335.33,0.9923
mixed,16,4,0.25,4.0,256,2048,128,512,224,240.321,268.017,234.928,-0.1947
mixed,16,4,0.25,4.0,256,2048,256,1024,448,260.942,308.37,249.249,-0.2465
mixed,16,4,0.25,4.0,256,2048,512,2048,896,296.24,313.809,307.024,0.6138
mixed,16,4,0.25,4.0,256,2048,1024,4096,1792,305.649,392.945,388.049,0.9439
mixed,16,4,0.25,4.0,256,2048,2048,8192,3584,374.063,419.584,543.505,3.7222
mixed,16,4,0.25,4.0,256,2048,4096,16384,7168,510.865,728.017,853.905,1.5797
mixed,16,4,0.25,4.0,256,2048,8192,32768,14336,651.601,1355.057,1341.042,0.9801
mixed,16,4,0.25,4.0,256,8192,128,512,224,463.12,462.865,462.176,
mixed,16,4,0.25,4.0,256,8192,256,1024,448,462.879,488.097,463.408,0.021
mixed,16,4,0.25,4.0,256,8192,512,2048,896,463.072,624.225,459.168,-0.0242
mixed,16,4,0.25,4.0,256,8192,1024,4096,1792,601.2,779.857,548.194,-0.2967
mixed,16,4,0.25,4.0,256,8192,2048,8192,3584,740.291,784.513,779.714,0.8915
mixed,16,4,0.25,4.0,256,8192,4096,16384,7168,746.13,1094.821,1092.53,0.9934
mixed,16,4,0.25,4.0,256,8192,8192,32768,14336,1016.578,1345.523,1703.908,2.0895
mixed,16,4,0.25,4.0,256,16384,128,512,224,772.659,773.091,770.738,-4.4468
mixed,16,4,0.25,4.0,256,16384,256,1024,448,771.987,774.626,772.898,0.3452
mixed,16,4,0.25,4.0,256,16384,512,2048,896,773.7,797.363,772.93,-0.0325
mixed,16,4,0.25,4.0,256,16384,1024,4096,1792,774.593,1086.53,774.449,-0.0005
mixed,16,4,0.25,4.0,256,16384,2048,8192,3584,1046.21,1392.642,931.138,-0.3322
mixed,16,4,0.25,4.0,256,16384,4096,16384,7168,1317.189,1400.484,1393.138,0.9118
mixed,16,4,0.25,4.0,256,16384,8192,32768,14336,1324.099,2020.598,2010.341,0.9853
mixed,16,4,0.25,4.0,1024,0,128,512,224,225.793,234.482,225.409,-0.0443
mixed,16,4,0.25,4.0,1024,0,256,1024,448,233.168,245.234,233.634,0.0386
mixed,16,4,0.25,4.0,1024,0,512,2048,896,245.185,262.735,251.135,0.3391
mixed,16,4,0.25,4.0,1024,0,1024,4096,1792,261.204,296.048,262.161,0.0275
mixed,16,4,0.25,4.0,1024,0,2048,8192,3584,288.865,351.6,289.298,0.0069
mixed,16,4,0.25,4.0,1024,0,4096,16384,7168,335.873,457.329,345.456,0.0789
mixed,16,4,0.25,4.0,1024,0,8192,32768,14336,428.272,652.304,434.146,0.0262
mixed,16,4,0.25,4.0,1024,512,128,512,224,335.315,341.571,332.144,-0.5068
mixed,16,4,0.25,4.0,1024,512,256,1024,448,342.931,351.681,341.956,-0.1115
mixed,16,4,0.25,4.0,1024,512,512,2048,896,352.911,371.057,359.683,0.3732
mixed,16,4,0.25,4.0,1024,512,1024,4096,1792,367.917,403.137,369.603,0.0479
mixed,16,4,0.25,4.0,1024,512,2048,8192,3584,395.584,457.261,398.883,0.0535
mixed,16,4,0.25,4.0,1024,512,4096,16384,7168,444.146,561.603,452.083,0.0676
mixed,16,4,0.25,4.0,1024,512,8192,32768,14336,538.192,763.168,542.687,0.02
mixed,16,4,0.25,4.0,1024,2048,128,512,224,458.274,467.534,457.845,-0.0464
mixed,16,4,0.25,4.0,1024,2048,256,1024,448,464.878,476.05,466.101,0.1095
mixed,16,4,0.25,4.0,1024,2048,512,2048,896,476.819,493.794,480.804,0.2348
mixed,16,4,0.25,4.0,1024,2048,1024,4096,1792,492.479,526.723,489.456,-0.0883
mixed,16,4,0.25,4.0,1024,2048,2048,8192,3584,519.424,578.595,520.772,0.0228
mixed,16,4,0.25,4.0,1024,2048,4096,16384,7168,567.443,686.45,572.529,0.0427
mixed,16,4,0.25,4.0,1024,2048,8192,32768,14336,659.967,882.131,665.362,0.0243
mixed,16,4,0.25,4.0,1024,8192,128,512,224,955.315,963.265,954.994,-0.0404
mixed,16,4,0.25,4.0,1024,8192,256,1024,448,964.561,972.05,961.969,-0.3461
mixed,16,4,0.25,4.0,1024,8192,512,2048,896,974.179,989.923,977.923,0.2378
mixed,16,4,0.25,4.0,1024,8192,1024,4096,1792,989.776,1016.897,991.604,0.0674
mixed,16,4,0.25,4.0,1024,8192,2048,8192,3584,1010.0,1068.05,1009.665,-0.0058
mixed,16,4,0.25,4.0,1024,8192,4096,16384,7168,1058.833,1171.745,1064.083,0.0465
mixed,16,4,0.25,4.0,1024,8192,8192,32768,14336,1148.367,1374.147,1153.413,0.0224
mixed,16,4,0.25,4.0,1024,16384,128,512,224,1588.231,1601.345,1591.539,0.2523
mixed,16,4,0.25,4.0,1024,16384,256,1024,448,1589.187,1606.932,1595.282,0.3435
mixed,16,4,0.25,4.0,1024,16384,512,2048,896,1607.016,1622.675,1612.065,0.3224
mixed,16,4,0.25,4.0,1024,16384,1024,4096,1792,1623.891,1646.854,1622.632,-0.0548
mixed,16,4,0.25,4.0,1024,16384,2048,8192,3584,1640.852,1703.941,1649.139,0.1314
mixed,16,4,0.25,4.0,1024,16384,4096,16384,7168,1694.073,1814.274,1698.79,0.0392
mixed,16,4,0.25,4.0,1024,16384,8192,32768,14336,1783.894,2006.641,1792.454,0.0384
mixed,16,4,0.25,4.0,4096,0,128,512,224,681.906,688.862,679.475,-0.3495
mixed,16,4,0.25,4.0,4096,0,256,1024,448,688.051,700.24,690.833,0.2282
mixed,16,4,0.25,4.0,4096,0,512,2048,896,699.905,716.161,706.419,0.4007
mixed,16,4,0.25,4.0,4096,0,1024,4096,1792,715.443,749.811,719.873,0.1289
mixed,16,4,0.25,4.0,4096,0,2048,8192,3584,743.953,805.887,746.341,0.0385
mixed,16,4,0.25,4.0,4096,0,4096,16384,7168,790.69,909.008,796.869,0.0522
mixed,16,4,0.25,4.0,4096,0,8192,32768,14336,880.372,1109.379,886.839,0.0282
mixed,16,4,0.25,4.0,4096,512,128,512,224,892.804,899.893,889.892,-0.4107
mixed,16,4,0.25,4.0,4096,512,256,1024,448,900.004,908.389,898.305,-0.2026
mixed,16,4,0.25,4.0,4096,512,512,2048,896,910.065,930.145,915.909,0.291
mixed,16,4,0.25,4.0,4096,512,1024,4096,1792,922.802,956.642,927.141,0.1282
mixed,16,4,0.25,4.0,4096,512,2048,8192,3584,949.779,1007.199,952.02,0.039
mixed,16,4,0.25,4.0,4096,512,4096,16384,7168,994.753,1116.305,1004.368,0.0791
mixed,16,4,0.25,4.0,4096,512,8192,32768,14336,1086.449,1315.012,1092.726,0.0275
mixed,16,4,0.25,4.0,4096,2048,128,512,224,1181.06,1191.494,1180.626,-0.0416
mixed,16,4,0.25,4.0,4096,2048,256,1024,448,1192.455,1204.594,1190.243,-0.1823
mixed,16,4,0.25,4.0,4096,2048,512,2048,896,1203.234,1219.541,1208.579,0.3278
mixed,16,4,0.25,4.0,4096,2048,1024,4096,1792,1217.459,1246.979,1223.874,0.2173
mixed,16,4,0.25,4.0,4096,2048,2048,8192,3584,1242.659,1299.714,1242.149,-0.0089
mixed,16,4,0.25,4.0,4096,2048,4096,16384,7168,1286.851,1405.028,1295.446,0.0727
mixed,16,4,0.25,4.0,4096,2048,8192,32768,14336,1373.314,1608.624,1385.443,0.0515
mixed,16,4,0.25,4.0,4096,8192,128,512,224,2325.173,2321.496,2313.721,
mixed,16,4,0.25,4.0,4096,8192,256,1024,448,2322.308,2329.479,2316.807,-0.7672
mixed,16,4,0.25,4.0,4096,8192,512,2048,896,2332.151,2345.765,2330.902,-0.0918
mixed,16,4,0.25,4.0,4096,8192,1024,4096,1792,2354.329,2383.733,2347.305,-0.2389
mixed,16,4,0.25,4.0,4096,8192,2048,8192,3584,2369.766,2424.729,2372.663,0.0527
mixed,16,4,0.25,4.0,4096,8192,4096,16384,7168,2418.695,2540.342,2425.929,0.0595
mixed,16,4,0.25,4.0,4096,8192,8192,32768,14336,2518.039,2730.326,2519.931,0.0089
mixed,16,4,0.25,4.0,4096,16384,128,512,224,3789.927,3790.968,3789.213,-0.6854
mixed,16,4,0.25,4.0,4096,16384,256,1024,448,3789.791,3804.297,3791.276,0.1024
mixed,16,4,0.25,4.0,4096,16384,512,2048,896,3802.825,3828.158,3812.716,0.3904
mixed,16,4,0.25,4.0,4096,16384,1024,4096,1792,3815.054,3853.703,3820.234,0.134
mixed,16,4,0.25,4.0,4096,16384,2048,8192,3584,3841.128,3903.915,3847.771,0.1058
mixed,16,4,0.25,4.0,4096,16384,4096,16384,7168,3885.452,4026.493,3901.854,0.1163
mixed,16,4,0.25,4.0,4096,16384,8192,32768,14336,3992.123,4228.909,3989.434,-0.0114
pure,16,8,0.5,4.0,0,0,128,512,320,78.305,81.265,77.776,-0.1787
pure,16,8,0.5,4.0,0,0,256,1024,640,84.16,90.962,86.624,0.3622
pure,16,8,0.5,4.0,0,0,512,2048,1280,97.743,104.895,100.16,0.3379
pure,16,8,0.5,4.0,0,0,1024,4096,2560,110.321,133.6,111.906,0.0681
pure,16,8,0.5,4.0,0,0,2048,8192,5120,147.311,182.818,146.16,-0.0324
pure,16,8,0.5,4.0,0,0,4096,16384,10240,210.272,290.784,213.057,0.0346
pure,16,8,0.5,4.0,0,0,8192,32768,20480,337.985,488.081,337.905,-0.0005
mixed,16,8,0.5,4.0,16,0,128,512,320,94.432,93.648,88.019,
mixed,16,8,0.5,4.0,16,0,256,1024,640,97.728,102.352,97.314,-0.0897
mixed,16,8,0.5,4.0,16,0,512,2048,1280,106.176,117.055,107.12,0.0868
mixed,16,8,0.5,4.0,16,0,1024,4096,2560,124.413,144.608,126.401,0.0984
mixed,16,8,0.5,4.0,16,0,2048,8192,5120,157.474,195.712,156.975,-0.013
mixed,16,8,0.5,4.0,16,0,4096,16384,10240,222.512,300.656,225.602,0.0395
mixed,16,8,0.5,4.0,16,0,8192,32768,20480,351.503,498.705,346.049,-0.0371
mixed,16,8,0.5,4.0,16,512,128,512,320,103.744,105.295,103.295,-0.2891
mixed,16,8,0.5,4.0,16,512,256,1024,640,107.632,111.857,108.576,0.2233
mixed,16,8,0.5,4.0,16,512,512,2048,1280,108.225,122.05,108.721,0.0358
mixed,16,8,0.5,4.0,16,512,1024,4096,2560,123.134,145.362,127.872,0.2131
mixed,16,8,0.5,4.0,16,512,2048,8192,5120,157.617,195.825,159.186,0.0411
mixed,16,8,0.5,4.0,16,512,4096,16384,10240,221.873,301.28,224.832,0.0373
mixed,16,8,0.5,4.0,16,512,8192,32768,20480,351.506,502.561,348.08,-0.0227
mixed,16,8,0.5,4.0,16,2048,128,512,320,118.239,118.256,117.775,-27.2647
mixed,16,8,0.5,4.0,16,2048,256,1024,640,115.952,118.368,115.52,-0.1788
mixed,16,8,0.5,4.0,16,2048,512,2048,1280,120.111,128.801,120.657,0.0629
mixed,16,8,0.5,4.0,16,2048,1024,4096,2560,133.889,147.201,133.697,-0.0144
mixed,16,8,0.5,4.0,16,2048,2048,8192,5120,159.103,197.938,160.239,0.0293
mixed,16,8,0.5,4.0,16,2048,4096,16384,10240,222.241,302.16,226.591,0.0544
mixed,16,8,0.5,4.0,16,2048,8192,32768,20480,352.306,505.503,350.641,-0.0109
mixed,16,8,0.5,4.0,16,8192,128,512,320,142.514,140.29,140.019,
mixed,16,8,0.5,4.0,16,8192,256,1024,640,143.553,139.856,144.017,
mixed,16,8,0.5,4.0,16,8192,512,2048,1280,142.275,150.478,141.311,-0.1174
mixed,16,8,0.5,4.0,16,8192,1024,4096,2560,154.928,169.711,153.68,-0.0844
mixed,16,8,0.5,4.0,16,8192,2048,8192,5120,181.105,211.07,180.355,-0.025
mixed,16,8,0.5,4.0,16,8192,4096,16384,10240,246.192,306.337,233.713,-0.2075
mixed,16,8,0.5,4.0,16,8192,8192,32768,20480,357.184,780.434,357.986,0.0019
mixed,16,8,0.5,4.0,16,16384,128,512,320,168.015,168.305,167.873,-0.4897
mixed,16,8,0.5,4.0,16,16384,256,1024,640,170.608,170.098,169.441,
mixed,16,8,0.5,4.0,16,16384,512,2048,1280,170.736,173.184,169.791,-0.3857
mixed,16,8,0.5,4.0,16,16384,1024,4096,2560,177.201,195.695,180.192,0.1617
mixed,16,8,0.5,4.0,16,16384,2048,8192,5120,205.216,231.553,201.536,-0.1397
mixed,16,8,0.5,4.0,16,16384,4096,16384,10240,258.88,322.881,254.849,-0.063
mixed,16,8,0.5,4.0,16,16384,8192,32768,20480,397.648,520.977,379.568,-0.1466
mixed,16,8,0.5,4.0,64,0,128,512,320,94.705,99.25,95.711,0.2213
mixed,16,8,0.5,4.0,64,0,256,1024,640,100.752,106.016,101.6,0.1611
mixed,16,8,0.5,4.0,64,0,512,2048,1280,109.217,122.961,113.457,0.3085
mixed,16,8,0.5,4.0,64,0,1024,4096,2560,130.416,151.041,136.481,0.2941
mixed,16,8,0.5,4.0,64,0,2048,8192,5120,166.657,207.359,178.145,0.2822
mixed,16,8,0.5,4.0,64,0,4096,16384,10240,231.904,312.897,259.696,0.3431
mixed,16,8,0.5,4.0,64,0,8192,32768,20480,361.072,512.576,426.784,0.4337
mixed,16,8,0.5,4.0,64,512,128,512,320,119.183,122.112,120.961,0.607
mixed,16,8,0.5,4.0,64,512,256,1024,640,119.311,116.112,121.616,
mixed,16,8,0.5,4.0,64,512,512,2048,1280,136.065,125.601,117.09,
mixed,16,8,0.5,4.0,64,512,1024,4096,2560,132.159,152.721,139.391,0.3517
mixed,16,8,0.5,4.0,64,512,2048,8192,5120,163.826,205.106,178.335,0.3515
mixed,16,8,0.5,4.0,64,512,4096,16384,10240,231.201,364.495,261.346,0.2262
mixed,16,8,0.5,4.0,64,512,8192,32768,20480,414.849,555.137,426.112,0.0803
mixed,16,8,0.5,4.0,64,2048,128,512,320,139.488,138.864,138.561,
mixed,16,8,0.5,4.0,64,2048,256,1024,640,138.752,143.184,139.026,0.0617
mixed,16,8,0.5,4.0,64,2048,512,2048,1280,142.864,152.305,152.304,1.0
mixed,16,8,0.5,4.0,64,2048,1024,4096,2560,185.537,162.303,185.135,
mixed,16,8,0.5,4.0,64,2048,2048,8192,5120,242.032,216.273,225.138,
mixed,16,8,0.5,4.0,64,2048,4096,16384,10240,336.448,307.457,270.849,
mixed,16,8,0.5,4.0,64,2048,8192,32768,20480,364.657,662.274,425.583,0.2047
mixed,16,8,0.5,4.0,64,8192,128,512,320,189.649,205.393,188.958,-0.0439
mixed,16,8,0.5,4.0,64,8192,256,1024,640,207.327,206.591,206.879,
mixed,16,8,0.5,4.0,64,8192,512,2048,1280,216.015,217.024,200.095,-15.7941
mixed,16,8,0.5,4.0,64,8192,1024,4096,2560,217.166,237.455,218.017,0.0419
mixed,16,8,0.5,4.0,64,8192,2048,8192,5120,230.736,271.745,274.065,1.0566
mixed,16,8,0.5,4.0,64,8192,4096,16384,10240,431.009,366.272,440.257,
mixed,16,8,0.5,4.0,64,8192,8192,32768,20480,616.69,564.196,555.456,
mixed,16,8,0.5,4.0,64,16384,128,512,320,278.113,283.81,280.593,0.4353
mixed,16,8,0.5,4.0,64,16384,256,1024,640,294.354,294.434,269.587,-309.5937
mixed,16,8,0.5,4.0,64,16384,512,2048,1280,295.505,294.929,294.559,
mixed,16,8,0.5,4.0,64,16384,1024,4096,2560,315.298,324.707,297.506,-1.8909
mixed,16,8,0.5,4.0,64,16384,2048,8192,5120,324.369,371.825,323.985,-0.0081
mixed,16,8,0.5,4.0,64,16384,4096,16384,10240,365.49,436.964,437.248,1.004
mixed,16,8,0.5,4.0,64,16384,8192,32768,20480,747.362,634.817,758.433,
mixed,16,8,0.5,4.0,256,0,128,512,320,162.448,117.792,163.201,
mixed,16,8,0.5,4.0,256,0,256,1024,640,121.728,137.328,134.769,0.836
mixed,16,8,0.5,4.0,256,0,512,2048,1280,147.025,175.489,174.206,0.9549
mixed,16,8,0.5,4.0,256,0,1024,4096,2560,198.015,256.88,252.704,0.9291
mixed,16,8,0.5,4.0,256,0,2048,8192,5120,295.346,412.436,409.01,0.9707
mixed,16,8,0.5,4.0,256,0,4096,16384,10240,489.04,719.362,716.082,0.9858
mixed,16,8,0.5,4.0,256,0,8192,32768,20480,870.847,1333.795,1331.811,0.9957
mixed,16,8,0.5,4.0,256,512,128,512,320,193.361,191.022,188.96,
mixed,16,8,0.5,4.0,256,512,256,1024,640,197.439,213.296,208.049,0.6691
mixed,16,8,0.5,4.0,256,512,512,2048,1280,222.93,254.048,248.911,0.8349
mixed,16,8,0.5,4.0,256,512,1024,4096,2560,197.505,259.137,253.426,0.9073
mixed,16,8,0.5,4.0,256,512,2048,8192,5120,296.0,415.825,412.497,0.9722
mixed,16,8,0.5,4.0,256,512,4096,16384,10240,490.225,724.18,721.439,0.9883
mixed,16,8,0.5,4.0,256,512,8192,32768,20480,878.851,1344.484,1337.731,0.9855
mixed,16,8,0.5,4.0,256,2048,128,512,320,251.089,265.393,235.393,-1.0972
mixed,16,8,0.5,4.0,256,2048,256,1024,640,276.063,307.248,304.145,0.9005
mixed,16,8,0.5,4.0,256,2048,512,2048,1280,327.649,314.351,309.089,
mixed,16,8,0.5,4.0,256,2048,1024,4096,2560,334.736,391.649,390.353,0.9772
mixed,16,8,0.5,4.0,256,2048,2048,8192,5120,434.223,419.074,545.809,
mixed,16,8,0.5,4.0,256,2048,4096,16384,10240,496.754,730.209,725.761,0.9809
mixed,16,8,0.5,4.0,256,2048,8192,32768,20480,880.195,1351.49,1351.105,0.9992
mixed,16,8,0.5,4.0,256,8192,128,512,320,462.258,462.788,462.514,0.4844
mixed,16,8,0.5,4.0,256,8192,256,1024,640,463.296,490.097,464.113,0.0305
mixed,16,8,0.5,4.0,256,8192,512,2048,1280,561.76,624.08,507.217,-0.8752
mixed,16,8,0.5,4.0,256,8192,1024,4096,2560,662.098,776.657,777.44,1.0068
mixed,16,8,0.5,4.0,256,8192,2048,8192,5120,857.81,787.746,782.596,
mixed,16,8,0.5,4.0,256,8192,4096,16384,10240,862.147,1096.916,1092.418,0.9808
mixed,16,8,0.5,4.0,256,8192,8192,32768,20480,1250.532,1349.539,1708.662,4.6272
mixed,16,8,0.5,4.0,256,16384,128,512,320,772.05,774.964,773.443,0.4781
mixed,16,8,0.5,4.0,256,16384,256,1024,640,771.971,772.466,772.515,1.098
mixed,16,8,0.5,4.0,256,16384,512,2048,1280,772.818,803.908,773.905,0.035
mixed,16,8,0.5,4.0,256,16384,1024,4096,2560,963.699,1091.012,852.835,-0.8708
mixed,16,8,0.5,4.0,256,16384,2048,8192,5120,1161.62,1397.955,1390.69,0.9693
mixed,16,8,0.5,4.0,256,16384,4096,16384,10240,1547.604,1400.292,1392.979,
mixed,16,8,0.5,4.0,256,16384,8192,32768,20480,1549.556,2017.909,2012.867,0.9892
mixed,16,8,0.5,4.0,1024,0,128,512,320,229.172,234.081,230.353,0.2407
mixed,16,8,0.5,4.0,1024,0,256,1024,640,239.376,245.299,240.801,0.2406
mixed,16,8,0.5,4.0,1024,0,512,2048,1280,251.363,263.073,255.488,0.3523
mixed,16,8,0.5,4.0,1024,0,1024,4096,2560,270.88,296.544,271.906,0.04
mixed,16,8,0.5,4.0,1024,0,2048,8192,5120,308.623,349.583,311.519,0.0707
mixed,16,8,0.5,4.0,1024,0,4096,16384,10240,372.816,455.439,380.576,0.0939
mixed,16,8,0.5,4.0,1024,0,8192,32768,20480,505.889,656.194,505.762,-0.0008
mixed,16,8,0.5,4.0,1024,512,128,512,320,334.753,343.266,339.871,0.6013
mixed,16,8,0.5,4.0,1024,512,256,1024,640,346.722,353.429,346.879,0.0235
mixed,16,8,0.5,4.0,1024,512,512,2048,1280,358.755,370.115,360.592,0.1617
mixed,16,8,0.5,4.0,1024,512,1024,4096,2560,378.513,404.608,379.217,0.027
mixed,16,8,0.5,4.0,1024,512,2048,8192,5120,420.304,459.249,418.207,-0.0538
mixed,16,8,0.5,4.0,1024,512,4096,16384,10240,483.597,567.156,488.815,0.0624
mixed,16,8,0.5,4.0,1024,512,8192,32768,20480,614.195,764.403,615.076,0.0059
mixed,16,8,0.5,4.0,1024,2048,128,512,320,461.25,465.792,461.204,-0.0101
mixed,16,8,0.5,4.0,1024,2048,256,1024,640,471.472,476.528,471.569,0.0192
mixed,16,8,0.5,4.0,1024,2048,512,2048,1280,482.611,493.276,484.383,0.1661
mixed,16,8,0.5,4.0,1024,2048,1024,4096,2560,501.423,527.506,503.664,0.0859
mixed,16,8,0.5,4.0,1024,2048,2048,8192,5120,539.345,579.169,541.442,0.0527
mixed,16,8,0.5,4.0,1024,2048,4096,16384,10240,604.356,685.568,613.312,0.1103
mixed,16,8,0.5,4.0,1024,2048,8192,32768,20480,731.732,884.804,738.854,0.0465
mixed,16,8,0.5,4.0,1024,8192,128,512,320,960.37,963.57,962.852,0.7755
mixed,16,8,0.5,4.0,1024,8192,256,1024,640,966.771,974.404,970.885,0.539
mixed,16,8,0.5,4.0,1024,8192,512,2048,1280,980.579,990.147,982.929,0.2457
mixed,16,8,0.5,4.0,1024,8192,1024,4096,2560,994.658,1023.2,997.794,0.1099
mixed,16,8,0.5,4.0,1024,8192,2048,8192,5120,1029.283,1068.018,1033.264,0.1028
mixed,16,8,0.5,4.0,1024,8192,4096,16384,10240,1098.725,1175.32,1101.652,0.0382
mixed,16,8,0.5,4.0,1024,8192,8192,32768,20480,1226.389,1373.331,1223.46,-0.0199
mixed,16,8,0.5,4.0,1024,16384,128,512,320,1591.315,1590.995,1593.924,
mixed,16,8,0.5,4.0,1024,16384,256,1024,640,1596.836,1603.907,1599.987,0.4456
mixed,16,8,0.5,4.0,1024,16384,512,2048,1280,1610.372,1624.964,1613.016,0.1812
mixed,16,8,0.5,4.0,1024,16384,1024,4096,2560,1627.704,1650.551,1630.434,0.1195
mixed,16,8,0.5,4.0,1024,16384,2048,8192,5120,1668.596,1695.731,1661.075,-0.2771
mixed,16,8,0.5,4.0,1024,16384,4096,16384,10240,1728.484,1809.877,1734.838,0.0781
mixed,16,8,0.5,4.0,1024,16384,8192,32768,20480,1853.334,2008.342,1855.318,0.0128
mixed,16,8,0.5,4.0,4096,0,128,512,320,685.123,690.951,683.826,-0.2225
mixed,16,8,0.5,4.0,4096,0,256,1024,640,693.122,697.568,693.919,0.1794
mixed,16,8,0.5,4.0,4096,0,512,2048,1280,705.728,717.701,706.577,0.071
mixed,16,8,0.5,4.0,4096,0,1024,4096,2560,725.085,752.87,725.504,0.015
mixed,16,8,0.5,4.0,4096,0,2048,8192,5120,765.778,802.93,765.475,-0.0082
mixed,16,8,0.5,4.0,4096,0,4096,16384,10240,829.695,911.922,838.785,0.1105
mixed,16,8,0.5,4.0,4096,0,8192,32768,20480,956.449,1110.018,961.874,0.0353
mixed,16,8,0.5,4.0,4096,512,128,512,320,893.221,900.718,893.909,0.0918
mixed,16,8,0.5,4.0,4096,512,256,1024,640,905.636,907.41,906.641,0.5664
mixed,16,8,0.5,4.0,4096,512,512,2048,1280,916.499,927.399,918.404,0.1747
mixed,16,8,0.5,4.0,4096,512,1024,4096,2560,934.002,956.132,935.953,0.0882
mixed,16,8,0.5,4.0,4096,512,2048,8192,5120,970.23,1009.043,974.193,0.1021
mixed,16,8,0.5,4.0,4096,512,4096,16384,10240,1036.979,1116.838,1043.955,0.0873
mixed,16,8,0.5,4.0,4096,512,8192,32768,20480,1164.516,1317.464,1167.428,0.019
mixed,16,8,0.5,4.0,4096,2048,128,512,320,1192.307,1190.163,1184.964,
mixed,16,8,0.5,4.0,4096,2048,256,1024,640,1195.283,1203.843,1195.362,0.0092
mixed,16,8,0.5,4.0,4096,2048,512,2048,1280,1214.211,1218.784,1213.909,-0.0659
mixed,16,8,0.5,4.0,4096,2048,1024,4096,2560,1223.682,1248.515,1225.735,0.0827
mixed,16,8,0.5,4.0,4096,2048,2048,8192,5120,1265.428,1297.728,1260.936,-0.1391
mixed,16,8,0.5,4.0,4096,2048,4096,16384,10240,1327.81,1407.298,1333.461,0.0711
mixed,16,8,0.5,4.0,4096,2048,8192,32768,20480,1454.293,1602.518,1456.55,0.0152
mixed,16,8,0.5,4.0,4096,8192,128,512,320,2319.098,2322.791,2317.526,-0.4255
mixed,16,8,0.5,4.0,4096,8192,256,1024,640,2327.702,2331.48,2330.23,0.6692
mixed,16,8,0.5,4.0,4096,8192,512,2048,1280,2339.86,2347.447,2339.155,-0.0928
mixed,16,8,0.5,4.0,4096,8192,1024,4096,2560,2353.736,2376.007,2357.186,0.1549
mixed,16,8,0.5,4.0,4096,8192,2048,8192,5120,2390.389,2426.71,2387.385,-0.0827
mixed,16,8,0.5,4.0,4096,8192,4096,16384,10240,2452.949,2531.975,2469.013,0.2033
mixed,16,8,0.5,4.0,4096,8192,8192,32768,20480,2581.859,2730.359,2583.352,0.0101
mixed,16,8,0.5,4.0,4096,16384,128,512,320,3789.962,3796.855,3814.908,3.6186
mixed,16,8,0.5,4.0,4096,16384,256,1024,640,3799.817,3825.64,3803.194,0.1308
mixed,16,8,0.5,4.0,4096,16384,512,2048,1280,3812.399,3828.008,3825.021,0.8086
mixed,16,8,0.5,4.0,4096,16384,1024,4096,2560,3847.885,3860.779,3838.104,-0.7585
mixed,16,8,0.5,4.0,4096,16384,2048,8192,5120,3867.497,3908.637,3867.578,0.002
mixed,16,8,0.5,4.0,4096,16384,4096,16384,10240,3930.747,4007.216,3945.56,0.1937
mixed,16,8,0.5,4.0,4096,16384,8192,32768,20480,4061.017,4221.932,4064.569,0.0221
pure,16,12,0.75,4.0,0,0,128,512,416,78.752,80.703,77.745,-0.5164
pure,16,12,0.75,4.0,0,0,256,1024,832,90.737,89.824,89.184,
pure,16,12,0.75,4.0,0,0,512,2048,1664,99.392,105.76,99.999,0.0953
pure,16,12,0.75,4.0,0,0,1024,4096,3328,121.713,132.863,124.209,0.2239
pure,16,12,0.75,4.0,0,0,2048,8192,6656,166.865,183.12,162.673,-0.2579
pure,16,12,0.75,4.0,0,0,4096,16384,13312,247.695,288.192,247.473,-0.0055
pure,16,12,0.75,4.0,0,0,8192,32768,26624,410.403,487.587,412.96,0.0331
mixed,16,12,0.75,4.0,16,0,128,512,416,89.071,93.441,90.657,0.363
mixed,16,12,0.75,4.0,16,0,256,1024,832,102.863,102.462,99.214,
mixed,16,12,0.75,4.0,16,0,512,2048,1664,110.257,116.976,111.954,0.2525
mixed,16,12,0.75,4.0,16,0,1024,4096,3328,134.288,145.392,134.85,0.0505
mixed,16,12,0.75,4.0,16,0,2048,8192,6656,178.143,196.272,179.681,0.0848
mixed,16,12,0.75,4.0,16,0,4096,16384,13312,261.393,297.825,258.738,-0.0729
mixed,16,12,0.75,4.0,16,0,8192,32768,26624,427.472,501.073,424.016,-0.0469
mixed,16,12,0.75,4.0,16,512,128,512,416,104.177,104.577,103.826,-0.8763
mixed,16,12,0.75,4.0,16,512,256,1024,832,109.152,112.015,108.945,-0.0721
mixed,16,12,0.75,4.0,16,512,512,2048,1664,111.232,122.287,112.703,0.1331
mixed,16,12,0.75,4.0,16,512,1024,4096,3328,133.071,145.488,134.513,0.1161
mixed,16,12,0.75,4.0,16,512,2048,8192,6656,174.722,196.031,175.535,0.0382
mixed,16,12,0.75,4.0,16,512,4096,16384,13312,262.864,302.69,260.4,-0.0619
mixed,16,12,0.75,4.0,16,512,8192,32768,26624,425.889,502.003,446.098,0.2655
mixed,16,12,0.75,4.0,16,2048,128,512,416,113.999,117.935,113.266,-0.1861
mixed,16,12,0.75,4.0,16,2048,256,1024,832,117.215,120.096,117.632,0.1446
mixed,16,12,0.75,4.0,16,2048,512,2048,1664,123.858,127.616,122.207,-0.439
mixed,16,12,0.75,4.0,16,2048,1024,4096,3328,140.481,146.882,144.386,0.61
mixed,16,12,0.75,4.0,16,2048,2048,8192,6656,175.569,197.84,179.536,0.1781
mixed,16,12,0.75,4.0,16,2048,4096,16384,13312,368.45,302.626,265.137,
mixed,16,12,0.75,4.0,16,2048,8192,32768,26624,426.386,505.202,433.619,0.0918
mixed,16,12,0.75,4.0,16,8192,128,512,416,140.418,140.114,139.377,
mixed,16,12,0.75,4.0,16,8192,256,1024,832,143.648,140.767,138.752,
mixed,16,12,0.75,4.0,16,8192,512,2048,1664,143.327,150.144,148.32,0.7324
mixed,16,12,0.75,4.0,16,8192,1024,4096,3328,161.119,170.001,161.441,0.0362
mixed,16,12,0.75,4.0,16,8192,2048,8192,6656,198.208,210.737,196.288,-0.1532
mixed,16,12,0.75,4.0,16,8192,4096,16384,13312,281.985,303.666,269.841,-0.5601
mixed,16,12,0.75,4.0,16,8192,8192,32768,26624,439.506,781.216,440.592,0.0032
mixed,16,12,0.75,4.0,16,16384,128,512,416,168.833,168.674,169.153,
mixed,16,12,0.75,4.0,16,16384,256,1024,832,170.465,170.337,169.663,
mixed,16,12,0.75,4.0,16,16384,512,2048,1664,172.705,174.017,170.385,-1.7693
mixed,16,12,0.75,4.0,16,16384,1024,4096,3328,185.888,195.043,184.96,-0.1014
mixed,16,12,0.75,4.0,16,16384,2048,8192,6656,215.263,232.176,213.04,-0.1315
mixed,16,12,0.75,4.0,16,16384,4096,16384,13312,296.065,324.335,290.56,-0.1947
mixed,16,12,0.75,4.0,16,16384,8192,32768,26624,461.553,522.447,447.489,-0.231
mixed,16,12,0.75,4.0,64,0,128,512,416,97.294,98.625,97.663,0.2773
mixed,16,12,0.75,4.0,64,0,256,1024,832,102.976,106.255,104.144,0.3564
mixed,16,12,0.75,4.0,64,0,512,2048,1664,115.186,123.296,118.256,0.3787
mixed,16,12,0.75,4.0,64,0,1024,4096,3328,140.241,150.336,143.681,0.3407
mixed,16,12,0.75,4.0,64,0,2048,8192,6656,185.694,205.52,187.823,0.1074
mixed,16,12,0.75,4.0,64,0,4096,16384,13312,269.425,312.688,280.865,0.2644
mixed,16,12,0.75,4.0,64,0,8192,32768,26624,437.217,511.905,455.921,0.2504
mixed,16,12,0.75,4.0,64,512,128,512,416,121.506,122.881,121.727,0.1614
mixed,16,12,0.75,4.0,64,512,256,1024,832,114.946,116.064,115.633,0.6152
mixed,16,12,0.75,4.0,64,512,512,2048,1664,128.078,126.081,129.471,
mixed,16,12,0.75,4.0,64,512,1024,4096,3328,144.24,152.544,141.664,-0.3102
mixed,16,12,0.75,4.0,64,512,2048,8192,6656,183.807,208.897,190.69,0.2743
mixed,16,12,0.75,4.0,64,512,4096,16384,13312,270.064,364.24,284.209,0.1502
mixed,16,12,0.75,4.0,64,512,8192,32768,26624,481.187,555.457,453.408,-0.374
mixed,16,12,0.75,4.0,64,2048,128,512,416,138.624,139.023,138.639,0.0401
mixed,16,12,0.75,4.0,64,2048,256,1024,832,142.447,140.482,142.4,
mixed,16,12,0.75,4.0,64,2048,512,2048,1664,176.049,153.121,172.256,
mixed,16,12,0.75,4.0,64,2048,1024,4096,3328,165.376,161.886,161.552,
mixed,16,12,0.75,4.0,64,2048,2048,8192,6656,193.041,215.872,197.889,0.2123
mixed,16,12,0.75,4.0,64,2048,4096,16384,13312,276.867,308.256,278.976,0.0672
mixed,16,12,0.75,4.0,64,2048,8192,32768,26624,437.183,660.098,458.993,0.0978
mixed,16,12,0.75,4.0,64,8192,128,512,416,206.465,206.223,206.607,
mixed,16,12,0.75,4.0,64,8192,256,1024,832,207.392,206.194,205.409,
mixed,16,12,0.75,4.0,64,8192,512,2048,1664,244.193,217.105,273.792,
mixed,16,12,0.75,4.0,64,8192,1024,4096,3328,286.593,235.967,291.329,
mixed,16,12,0.75,4.0,64,8192,2048,8192,6656,366.098,271.267,370.191,
mixed,16,12,0.75,4.0,64,8192,4096,16384,13312,329.091,371.456,322.481,-0.156
mixed,16,12,0.75,4.0,64,8192,8192,32768,26624,476.994,558.241,743.41,3.2791
mixed,16,12,0.75,4.0,64,16384,128,512,416,273.793,283.184,278.945,0.5486
mixed,16,12,0.75,4.0,64,16384,256,1024,832,294.193,294.913,294.545,0.4885
mixed,16,12,0.75,4.0,64,16384,512,2048,1664,294.625,294.384,295.41,
mixed,16,12,0.75,4.0,64,16384,1024,4096,3328,376.017,325.44,432.032,
mixed,16,12,0.75,4.0,64,16384,2048,8192,6656,462.193,369.249,483.984,
mixed,16,12,0.75,4.0,64,16384,4096,16384,13312,626.484,437.988,618.626,
mixed,16,12,0.75,4.0,64,16384,8192,32768,26624,543.793,638.816,546.017,0.0234
mixed,16,12,0.75,4.0,256,0,128,512,416,114.894,117.519,114.478,-0.1587
mixed,16,12,0.75,4.0,256,0,256,1024,832,129.856,136.255,136.575,1.0499
mixed,16,12,0.75,4.0,256,0,512,2048,1664,160.609,177.106,175.33,0.8924
mixed,16,12,0.75,4.0,256,0,1024,4096,3328,226.928,255.681,254.291,0.9517
mixed,16,12,0.75,4.0,256,0,2048,8192,6656,352.401,411.681,412.816,1.0192
mixed,16,12,0.75,4.0,256,0,4096,16384,13312,602.978,721.986,722.786,1.0067
mixed,16,12,0.75,4.0,256,0,8192,32768,26624,1106.562,1338.74,1338.066,0.9971
mixed,16,12,0.75,4.0,256,512,128,512,416,197.696,192.37,190.847,
mixed,16,12,0.75,4.0,256,512,256,1024,832,201.696,213.056,210.497,0.7747
mixed,16,12,0.75,4.0,256,512,512,2048,1664,237.776,254.337,252.114,0.8658
mixed,16,12,0.75,4.0,256,512,1024,4096,3328,226.545,257.345,256.433,0.9704
mixed,16,12,0.75,4.0,256,512,2048,8192,6656,353.424,414.481,413.585,0.9853
mixed,16,12,0.75,4.0,256,512,4096,16384,13312,605.154,724.035,723.585,0.9962
mixed,16,12,0.75,4.0,256,512,8192,32768,26624,1106.659,1339.795,1338.612,0.9949
mixed,16,12,0.75,4.0,256,2048,128,512,416,256.69,265.921,266.001,1.0086
mixed,16,12,0.75,4.0,256,2048,256,1024,832,292.593,308.434,307.65,0.9505
mixed,16,12,0.75,4.0,256,2048,512,2048,1664,299.217,313.52,310.8,0.8099
mixed,16,12,0.75,4.0,256,2048,1024,4096,3328,365.665,394.609,392.689,0.9337
mixed,16,12,0.75,4.0,256,2048,2048,8192,6656,491.457,419.346,547.777,
mixed,16,12,0.75,4.0,256,2048,4096,16384,13312,611.651,729.843,728.85,0.9916
mixed,16,12,0.75,4.0,256,2048,8192,32768,26624,1114.004,1344.629,1349.058,1.0192
mixed,16,12,0.75,4.0,256,8192,128,512,416,461.906,463.201,462.801,0.6912
mixed,16,12,0.75,4.0,256,8192,256,1024,832,463.872,488.768,463.73,-0.0057
mixed,16,12,0.75,4.0,256,8192,512,2048,1664,592.082,622.673,619.873,0.9085
mixed,16,12,0.75,4.0,256,8192,1024,4096,3328,719.028,779.905,779.329,0.9905
mixed,16,12,0.75,4.0,256,8192,2048,8192,6656,725.538,785.09,783.971,0.9812
mixed,16,12,0.75,4.0,256,8192,4096,16384,13312,977.455,1099.155,1092.562,0.9458
mixed,16,12,0.75,4.0,256,8192,8192,32768,26624,1482.003,1348.179,1718.996,
mixed,16,12,0.75,4.0,256,16384,128,512,416,771.875,772.435,771.57,-0.546
mixed,16,12,0.75,4.0,256,16384,256,1024,832,772.338,772.912,772.787,0.7815
mixed,16,12,0.75,4.0,256,16384,512,2048,1664,771.908,803.218,774.082,0.0694
mixed,16,12,0.75,4.0,256,16384,1024,4096,3328,1027.842,1086.162,1086.722,1.0096
mixed,16,12,0.75,4.0,256,16384,2048,8192,6656,1276.817,1391.442,1393.827,1.0208
mixed,16,12,0.75,4.0,256,16384,4096,16384,13312,1287.716,1398.37,1398.101,0.9976
mixed,16,12,0.75,4.0,256,16384,8192,32768,26624,1785.75,2016.292,2018.212,1.0083
mixed,16,12,0.75,4.0,1024,0,128,512,416,233.984,234.322,233.666,-0.9437
mixed,16,12,0.75,4.0,1024,0,256,1024,832,245.827,245.329,245.731,
mixed,16,12,0.75,4.0,1024,0,512,2048,1664,257.281,262.082,258.481,0.2499
mixed,16,12,0.75,4.0,1024,0,1024,4096,3328,283.345,296.69,285.728,0.1786
mixed,16,12,0.75,4.0,1024,0,2048,8192,6656,328.992,349.118,328.144,-0.0421
mixed,16,12,0.75,4.0,1024,0,4096,16384,13312,415.718,456.499,413.955,-0.0432
mixed,16,12,0.75,4.0,1024,0,8192,32768,26624,578.869,654.817,580.641,0.0233
mixed,16,12,0.75,4.0,1024,512,128,512,416,342.931,341.906,343.745,
mixed,16,12,0.75,4.0,1024,512,256,1024,832,353.534,353.699,353.904,2.2424
mixed,16,12,0.75,4.0,1024,512,512,2048,1664,364.764,370.835,363.983,-0.1287
mixed,16,12,0.75,4.0,1024,512,1024,4096,3328,390.768,404.849,392.0,0.0875
mixed,16,12,0.75,4.0,1024,512,2048,8192,6656,440.212,459.478,439.779,-0.0224
mixed,16,12,0.75,4.0,1024,512,4096,16384,13312,522.732,565.155,523.567,0.0197
mixed,16,12,0.75,4.0,1024,512,8192,32768,26624,687.475,762.483,692.066,0.0612
mixed,16,12,0.75,4.0,1024,2048,128,512,416,466.212,465.842,465.489,
mixed,16,12,0.75,4.0,1024,2048,256,1024,832,477.266,477.617,475.408,-5.2949
mixed,16,12,0.75,4.0,1024,2048,512,2048,1664,487.715,495.734,489.426,0.2134
mixed,16,12,0.75,4.0,1024,2048,1024,4096,3328,514.159,527.392,515.679,0.1149
mixed,16,12,0.75,4.0,1024,2048,2048,8192,6656,559.508,577.154,560.722,0.0688
mixed,16,12,0.75,4.0,1024,2048,4096,16384,13312,643.778,684.323,645.73,0.0482
mixed,16,12,0.75,4.0,1024,2048,8192,32768,26624,809.667,881.091,809.542,-0.0018
mixed,16,12,0.75,4.0,1024,8192,128,512,416,964.661,962.679,967.601,
mixed,16,12,0.75,4.0,1024,8192,256,1024,832,972.981,974.366,974.293,0.9473
mixed,16,12,0.75,4.0,1024,8192,512,2048,1664,983.092,990.611,985.36,0.3017
mixed,16,12,0.75,4.0,1024,8192,1024,4096,3328,1006.64,1018.864,1006.277,-0.0297
mixed,16,12,0.75,4.0,1024,8192,2048,8192,6656,1049.777,1067.248,1049.62,-0.009
mixed,16,12,0.75,4.0,1024,8192,4096,16384,13312,1133.476,1171.922,1134.211,0.0191
mixed,16,12,0.75,4.0,1024,8192,8192,32768,26624,1296.983,1372.049,1299.693,0.0361
mixed,16,12,0.75,4.0,1024,16384,128,512,416,1596.865,1595.76,1598.771,
mixed,16,12,0.75,4.0,1024,16384,256,1024,832,1605.382,1600.486,1604.023,
mixed,16,12,0.75,4.0,1024,16384,512,2048,1664,1614.532,1620.629,1615.284,0.1233
mixed,16,12,0.75,4.0,1024,16384,1024,4096,3328,1637.912,1650.147,1639.716,0.1474
mixed,16,12,0.75,4.0,1024,16384,2048,8192,6656,1681.199,1703.749,1682.324,0.0499
mixed,16,12,0.75,4.0,1024,16384,4096,16384,13312,1767.637,1800.276,1767.252,-0.0118
mixed,16,12,0.75,4.0,1024,16384,8192,32768,26624,1930.52,2010.774,1936.005,0.0683
mixed,16,12,0.75,4.0,4096,0,128,512,416,691.379,686.546,688.164,
mixed,16,12,0.75,4.0,4096,0,256,1024,832,700.178,696.818,702.07,
mixed,16,12,0.75,4.0,4096,0,512,2048,1664,710.642,718.836,712.353,0.2089
mixed,16,12,0.75,4.0,4096,0,1024,4096,3328,736.002,748.916,736.947,0.0732
mixed,16,12,0.75,4.0,4096,0,2048,8192,6656,784.052,804.034,782.645,-0.0704
mixed,16,12,0.75,4.0,4096,0,4096,16384,13312,867.878,911.537,872.963,0.1165
mixed,16,12,0.75,4.0,4096,0,8192,32768,26624,1031.365,1110.703,1034.593,0.0407
mixed,16,12,0.75,4.0,4096,512,128,512,416,901.219,896.679,899.616,
mixed,16,12,0.75,4.0,4096,512,256,1024,832,911.491,908.388,911.331,
mixed,16,12,0.75,4.0,4096,512,512,2048,1664,920.086,926.435,918.898,-0.187
mixed,16,12,0.75,4.0,4096,512,1024,4096,3328,943.713,956.82,946.402,0.2052
mixed,16,12,0.75,4.0,4096,512,2048,8192,6656,994.627,1007.283,990.61,-0.3174
mixed,16,12,0.75,4.0,4096,512,4096,16384,13312,1073.511,1120.591,1074.884,0.0292
mixed,16,12,0.75,4.0,4096,512,8192,32768,26624,1241.01,1310.019,1240.005,-0.0146
mixed,16,12,0.75,4.0,4096,2048,128,512,416,1193.443,1192.08,1193.712,
mixed,16,12,0.75,4.0,4096,2048,256,1024,832,1202.675,1201.6,1207.921,
mixed,16,12,0.75,4.0,4096,2048,512,2048,1664,1214.306,1218.1,1213.064,-0.3272
mixed,16,12,0.75,4.0,4096,2048,1024,4096,3328,1235.716,1249.173,1238.128,0.1793
mixed,16,12,0.75,4.0,4096,2048,2048,8192,6656,1278.8,1300.9,1282.436,0.1645
mixed,16,12,0.75,4.0,4096,2048,4096,16384,13312,1367.314,1407.939,1364.757,-0.0629
mixed,16,12,0.75,4.0,4096,2048,8192,32768,26624,1530.833,1604.467,1530.005,-0.0112
mixed,16,12,0.75,4.0,4096,8192,128,512,416,2331.11,2321.862,2327.206,
mixed,16,12,0.75,4.0,4096,8192,256,1024,832,2331.207,2329.415,2329.731,
mixed,16,12,0.75,4.0,4096,8192,512,2048,1664,2341.731,2345.719,2342.822,0.2736
mixed,16,12,0.75,4.0,4096,8192,1024,4096,3328,2364.249,2375.32,2368.262,0.3625
mixed,16,12,0.75,4.0,4096,8192,2048,8192,6656,2408.177,2437.239,2408.633,0.0157
mixed,16,12,0.75,4.0,4096,8192,4096,16384,13312,2489.126,2531.611,2490.39,0.0298
mixed,16,12,0.75,4.0,4096,8192,8192,32768,26624,2657.301,2727.111,2657.303,0.0
mixed,16,12,0.75,4.0,4096,16384,128,512,416,3796.49,3799.418,3795.274,-0.4151
mixed,16,12,0.75,4.0,4096,16384,256,1024,832,3806.186,3811.686,3803.659,-0.4595
mixed,16,12,0.75,4.0,4096,16384,512,2048,1664,3822.12,3828.296,3821.258,-0.1395
mixed,16,12,0.75,4.0,4096,16384,1024,4096,3328,3845.575,3852.715,3852.217,0.9302
mixed,16,12,0.75,4.0,4096,16384,2048,8192,6656,3891.146,3905.866,3887.305,-0.2609
mixed,16,12,0.75,4.0,4096,16384,4096,16384,13312,3986.171,4016.425,3972.058,-0.4665
mixed,16,12,0.75,4.0,4096,16384,8192,32768,26624,4129.583,4211.531,4137.835,0.1007
pure,16,14,0.875,4.0,0,0,128,512,464,83.569,80.591,80.464,
pure,16,14,0.875,4.0,0,0,256,1024,928,90.353,90.882,88.239,-3.9962
pure,16,14,0.875,4.0,0,0,512,2048,1856,101.921,104.258,104.817,1.2392
pure,16,14,0.875,4.0,0,0,1024,4096,3712,126.993,131.615,128.625,0.3531
pure,16,14,0.875,4.0,0,0,2048,8192,7424,172.083,181.424,173.569,0.1591
pure,16,14,0.875,4.0,0,0,4096,16384,14848,269.456,289.712,265.743,-0.1833
pure,16,14,0.875,4.0,0,0,8192,32768,29696,446.945,486.944,449.537,0.0648
mixed,16,14,0.875,4.0,16,0,128,512,464,95.823,93.65,91.68,
mixed,16,14,0.875,4.0,16,0,256,1024,928,102.591,103.311,101.407,-1.6444
mixed,16,14,0.875,4.0,16,0,512,2048,1856,115.903,118.322,114.531,-0.5675
mixed,16,14,0.875,4.0,16,0,1024,4096,3712,138.913,146.241,139.473,0.0764
mixed,16,14,0.875,4.0,16,0,2048,8192,7424,185.232,195.247,185.568,0.0336
mixed,16,14,0.875,4.0,16,0,4096,16384,14848,280.048,300.864,277.776,-0.1091
mixed,16,14,0.875,4.0,16,0,8192,32768,29696,462.53,497.777,460.05,-0.0704
mixed,16,14,0.875,4.0,16,512,128,512,464,105.12,104.175,105.054,
mixed,16,14,0.875,4.0,16,512,256,1024,928,111.696,110.674,109.151,
mixed,16,14,0.875,4.0,16,512,512,2048,1856,119.537,122.801,120.881,0.4117
mixed,16,14,0.875,4.0,16,512,1024,4096,3712,139.406,146.001,138.337,-0.1621
mixed,16,14,0.875,4.0,16,512,2048,8192,7424,184.609,196.721,224.704,3.3101
mixed,16,14,0.875,4.0,16,512,4096,16384,14848,281.682,303.232,310.961,1.3586
mixed,16,14,0.875,4.0,16,512,8192,32768,29696,465.665,499.232,462.145,-0.1049
mixed,16,14,0.875,4.0,16,2048,128,512,464,114.224,115.6,113.649,-0.4184
mixed,16,14,0.875,4.0,16,2048,256,1024,928,118.802,117.375,119.233,
mixed,16,14,0.875,4.0,16,2048,512,2048,1856,128.8,129.01,128.591,-0.9952
mixed,16,14,0.875,4.0,16,2048,1024,4096,3712,144.145,146.784,143.711,-0.1645
mixed,16,14,0.875,4.0,16,2048,2048,8192,7424,189.792,196.753,188.386,-0.2022
mixed,16,14,0.875,4.0,16,2048,4096,16384,14848,287.825,301.375,284.512,-0.2445
mixed,16,14,0.875,4.0,16,2048,8192,32768,29696,464.993,503.361,564.129,2.5838
mixed,16,14,0.875,4.0,16,8192,128,512,464,140.079,139.471,140.706,
mixed,16,14,0.875,4.0,16,8192,256,1024,928,140.771,139.808,138.671,
mixed,16,14,0.875,4.0,16,8192,512,2048,1856,148.512,150.528,149.408,0.4444
mixed,16,14,0.875,4.0,16,8192,1024,4096,3712,165.761,169.745,165.52,-0.0605
mixed,16,14,0.875,4.0,16,8192,2048,8192,7424,197.264,209.152,201.17,0.3285
mixed,16,14,0.875,4.0,16,8192,4096,16384,14848,289.009,305.538,292.784,0.2284
mixed,16,14,0.875,4.0,16,8192,8192,32768,29696,476.85,778.915,469.234,-0.0252
mixed,16,14,0.875,4.0,16,16384,128,512,464,169.743,169.536,169.425,
mixed,16,14,0.875,4.0,16,16384,256,1024,928,171.745,170.864,170.896,
mixed,16,14,0.875,4.0,16,16384,512,2048,1856,173.089,173.28,172.912,-0.9243
mixed,16,14,0.875,4.0,16,16384,1024,4096,3712,190.927,193.406,191.282,0.1434
mixed,16,14,0.875,4.0,16,16384,2048,8192,7424,220.894,227.793,226.864,0.8654
mixed,16,14,0.875,4.0,16,16384,4096,16384,14848,298.529,325.729,299.904,0.0506
mixed,16,14,0.875,4.0,16,16384,8192,32768,29696,480.433,521.025,478.147,-0.0563
mixed,16,14,0.875,4.0,64,0,128,512,464,100.286,98.21,96.88,
mixed,16,14,0.875,4.0,64,0,256,1024,928,104.657,106.08,104.738,0.0566
mixed,16,14,0.875,4.0,64,0,512,2048,1856,118.849,121.776,119.487,0.218
mixed,16,14,0.875,4.0,64,0,1024,4096,3712,147.984,152.464,147.008,-0.2177
mixed,16,14,0.875,4.0,64,0,2048,8192,7424,198.209,203.952,197.232,-0.17
mixed,16,14,0.875,4.0,64,0,4096,16384,14848,292.688,314.687,298.415,0.2603
mixed,16,14,0.875,4.0,64,0,8192,32768,29696,474.063,509.809,479.586,0.1545
mixed,16,14,0.875,4.0,64,512,128,512,464,121.759,122.176,122.113,0.8489
mixed,16,14,0.875,4.0,64,512,256,1024,928,117.089,115.472,114.754,
mixed,16,14,0.875,4.0,64,512,512,2048,1856,126.288,125.313,124.384,
mixed,16,14,0.875,4.0,64,512,1024,4096,3712,149.008,152.72,148.751,-0.0691
mixed,16,14,0.875,4.0,64,512,2048,8192,7424,195.442,205.073,196.001,0.058
mixed,16,14,0.875,4.0,64,512,4096,16384,14848,344.881,364.706,294.24,-2.5544
mixed,16,14,0.875,4.0,64,512,8192,32768,29696,521.842,557.617,478.562,-1.2098
mixed,16,14,0.875,4.0,64,2048,128,512,464,138.803,138.175,138.112,
mixed,16,14,0.875,4.0,64,2048,256,1024,928,143.041,142.433,141.279,
mixed,16,14,0.875,4.0,64,2048,512,2048,1856,153.376,153.697,151.663,-5.3547
mixed,16,14,0.875,4.0,64,2048,1024,4096,3712,157.456,161.504,163.711,1.5454
mixed,16,14,0.875,4.0,64,2048,2048,8192,7424,205.281,215.455,278.097,7.1571
mixed,16,14,0.875,4.0,64,2048,4096,16384,14848,289.264,307.395,295.921,0.3672
mixed,16,14,0.875,4.0,64,2048,8192,32768,29696,481.233,660.899,479.282,-0.0109
mixed,16,14,0.875,4.0,64,8192,128,512,464,205.219,206.416,207.393,1.8166
mixed,16,14,0.875,4.0,64,8192,256,1024,928,206.67,206.16,206.226,
mixed,16,14,0.875,4.0,64,8192,512,2048,1856,217.312,217.281,217.537,
mixed,16,14,0.875,4.0,64,8192,1024,4096,3712,235.984,236.69,235.2,-1.1128
mixed,16,14,0.875,4.0,64,8192,2048,8192,7424,273.329,272.592,270.385,
mixed,16,14,0.875,4.0,64,8192,4096,16384,14848,341.904,369.009,487.505,5.3717
mixed,16,14,0.875,4.0,64,8192,8192,32768,29696,516.835,560.049,778.256,6.0495
mixed,16,14,0.875,4.0,64,16384,128,512,464,279.889,284.271,282.753,0.6536
mixed,16,14,0.875,4.0,64,16384,256,1024,928,293.536,293.795,293.6,0.2471
mixed,16,14,0.875,4.0,64,16384,512,2048,1856,295.152,295.711,295.906,1.3488
mixed,16,14,0.875,4.0,64,16384,1024,4096,3712,323.265,323.825,323.073,-0.3438
mixed,16,14,0.875,4.0,64,16384,2048,8192,7424,499.985,369.809,536.674,
mixed,16,14,0.875,4.0,64,16384,4096,16384,14848,438.801,437.841,433.634,
mixed,16,14,0.875,4.0,64,16384,8192,32768,29696,583.457,635.793,857.842,5.2427
mixed,16,14,0.875,4.0,256,0,128,512,464,117.282,116.576,116.704,
mixed,16,14,0.875,4.0,256,0,256,1024,928,132.496,137.008,136.385,0.8618
mixed,16,14,0.875,4.0,256,0,512,2048,1856,169.953,177.297,176.832,0.9368
mixed,16,14,0.875,4.0,256,0,1024,4096,3712,241.024,256.32,255.503,0.9466
mixed,16,14,0.875,4.0,256,0,2048,8192,7424,381.185,411.89,414.511,1.0854
mixed,16,14,0.875,4.0,256,0,4096,16384,14848,659.267,721.138,719.488,0.9733
mixed,16,14,0.875,4.0,256,0,8192,32768,29696,1223.124,1340.465,1340.421,0.9996
mixed,16,14,0.875,4.0,256,512,128,512,464,202.336,192.625,192.865,
mixed,16,14,0.875,4.0,256,512,256,1024,928,209.44,213.983,211.907,0.5431
mixed,16,14,0.875,4.0,256,512,512,2048,1856,243.922,253.777,251.761,0.7954
mixed,16,14,0.875,4.0,256,512,1024,4096,3712,241.041,256.75,257.217,1.0297
mixed,16,14,0.875,4.0,256,512,2048,8192,7424,384.079,414.753,415.649,1.0292
mixed,16,14,0.875,4.0,256,512,4096,16384,14848,662.61,725.283,721.441,0.9387
mixed,16,14,0.875,4.0,256,512,8192,32768,29696,1223.123,1342.836,1338.819,0.9664
mixed,16,14,0.875,4.0,256,2048,128,512,464,260.85,267.12,265.231,0.6987
mixed,16,14,0.875,4.0,256,2048,256,1024,928,296.498,307.123,306.352,0.9274
mixed,16,14,0.875,4.0,256,2048,512,2048,1856,305.057,314.689,314.465,0.9767
mixed,16,14,0.875,4.0,256,2048,1024,4096,3712,378.817,394.77,393.538,0.9228
mixed,16,14,0.875,4.0,256,2048,2048,8192,7424,520.592,419.026,548.289,
mixed,16,14,0.875,4.0,256,2048,4096,16384,14848,667.745,730.033,730.961,1.0149
mixed,16,14,0.875,4.0,256,2048,8192,32768,29696,1229.36,1349.171,1347.461,0.9857
mixed,16,14,0.875,4.0,256,8192,128,512,464,462.4,463.425,462.416,0.0146
mixed,16,14,0.875,4.0,256,8192,256,1024,928,458.72,492.529,491.073,0.9569
mixed,16,14,0.875,4.0,256,8192,512,2048,1856,609.602,621.635,622.258,1.0518
mixed,16,14,0.875,4.0,256,8192,1024,4096,3712,748.45,779.074,778.577,0.9838
mixed,16,14,0.875,4.0,256,8192,2048,8192,7424,756.562,789.634,785.121,0.8635
mixed,16,14,0.875,4.0,256,8192,4096,16384,14848,1035.523,1093.508,1093.732,1.0039
mixed,16,14,0.875,4.0,256,8192,8192,32768,29696,1231.907,1353.171,1347.364,0.9521
mixed,16,14,0.875,4.0,256,16384,128,512,464,772.975,770.947,773.186,
mixed,16,14,0.875,4.0,256,16384,256,1024,928,771.235,772.353,773.458,1.9884
mixed,16,14,0.875,4.0,256,16384,512,2048,1856,773.423,800.418,800.899,1.0178
mixed,16,14,0.875,4.0,256,16384,1024,4096,3712,1057.235,1080.995,1083.795,1.1179
mixed,16,14,0.875,4.0,256,16384,2048,8192,7424,1331.412,1392.258,1392.548,1.0047
mixed,16,14,0.875,4.0,256,16384,4096,16384,14848,1338.5,1402.659,1403.636,1.0152
mixed,16,14,0.875,4.0,256,16384,8192,32768,29696,1904.82,2027.812,2013.606,0.8845
mixed,16,14,0.875,4.0,1024,0,128,512,464,235.344,234.879,233.807,
mixed,16,14,0.875,4.0,1024,0,256,1024,928,246.017,244.546,241.919,
mixed,16,14,0.875,4.0,1024,0,512,2048,1856,261.213,265.126,260.913,-0.0769
mixed,16,14,0.875,4.0,1024,0,1024,4096,3712,290.592,295.219,292.736,0.4635
mixed,16,14,0.875,4.0,1024,0,2048,8192,7424,337.984,350.207,340.449,0.2017
mixed,16,14,0.875,4.0,1024,0,4096,16384,14848,436.271,455.603,435.41,-0.0446
mixed,16,14,0.875,4.0,1024,0,8192,32768,29696,617.061,657.539,615.311,-0.0432
mixed,16,14,0.875,4.0,1024,512,128,512,464,344.817,343.68,341.619,
mixed,16,14,0.875,4.0,1024,512,256,1024,928,355.956,353.391,351.344,
mixed,16,14,0.875,4.0,1024,512,512,2048,1856,367.937,369.826,368.931,0.5266
mixed,16,14,0.875,4.0,1024,512,1024,4096,3712,397.616,403.568,398.928,0.2203
mixed,16,14,0.875,4.0,1024,512,2048,8192,7424,447.728,460.193,448.561,0.0668
mixed,16,14,0.875,4.0,1024,512,4096,16384,14848,547.793,562.851,543.57,-0.2804
mixed,16,14,0.875,4.0,1024,512,8192,32768,29696,725.599,765.634,723.986,-0.0403
mixed,16,14,0.875,4.0,1024,2048,128,512,464,468.093,467.167,466.994,
mixed,16,14,0.875,4.0,1024,2048,256,1024,928,478.739,475.299,474.079,
mixed,16,14,0.875,4.0,1024,2048,512,2048,1856,492.273,496.625,491.04,-0.2833
mixed,16,14,0.875,4.0,1024,2048,1024,4096,3712,521.588,525.95,520.418,-0.2683
mixed,16,14,0.875,4.0,1024,2048,2048,8192,7424,568.386,578.512,570.082,0.1675
mixed,16,14,0.875,4.0,1024,2048,4096,16384,14848,667.396,683.201,662.901,-0.2844
mixed,16,14,0.875,4.0,1024,2048,8192,32768,29696,849.062,886.929,844.854,-0.1111
mixed,16,14,0.875,4.0,1024,8192,128,512,464,962.371,960.868,962.993,
mixed,16,14,0.875,4.0,1024,8192,256,1024,928,977.139,974.051,973.347,
mixed,16,14,0.875,4.0,1024,8192,512,2048,1856,988.56,991.778,991.236,0.8314
mixed,16,14,0.875,4.0,1024,8192,1024,4096,3712,1012.414,1021.665,1015.315,0.3136
mixed,16,14,0.875,4.0,1024,8192,2048,8192,7424,1059.638,1069.778,1060.884,0.1229
mixed,16,14,0.875,4.0,1024,8192,4096,16384,14848,1157.495,1176.307,1152.868,-0.246
mixed,16,14,0.875,4.0,1024,8192,8192,32768,29696,1339.012,1377.988,1336.005,-0.0771
mixed,16,14,0.875,4.0,1024,16384,128,512,464,1601.19,1591.863,1595.141,
mixed,16,14,0.875,4.0,1024,16384,256,1024,928,1604.325,1608.42,1599.728,-1.1226
mixed,16,14,0.875,4.0,1024,16384,512,2048,1856,1623.012,1621.365,1620.629,
mixed,16,14,0.875,4.0,1024,16384,1024,4096,3712,1640.886,1651.83,1645.845,0.4532
mixed,16,14,0.875,4.0,1024,16384,2048,8192,7424,1690.773,1703.01,1693.396,0.2144
mixed,16,14,0.875,4.0,1024,16384,4096,16384,14848,1785.718,1804.147,1778.948,-0.3673
mixed,16,14,0.875,4.0,1024,16384,8192,32768,29696,1966.166,2007.749,1969.445,0.0789
mixed,16,14,0.875,4.0,4096,0,128,512,464,690.181,691.264,689.188,-0.9161
mixed,16,14,0.875,4.0,4096,0,256,1024,928,698.851,699.554,695.49,-4.7809
mixed,16,14,0.875,4.0,4096,0,512,2048,1856,714.226,714.435,716.962,13.0333
mixed,16,14,0.875,4.0,4096,0,1024,4096,3712,745.056,750.244,746.707,0.3182
mixed,16,14,0.875,4.0,4096,0,2048,8192,7424,793.152,800.802,796.018,0.3746
mixed,16,14,0.875,4.0,4096,0,4096,16384,14848,889.379,907.843,886.882,-0.1352
mixed,16,14,0.875,4.0,4096,0,8192,32768,29696,1071.942,1108.961,1069.188,-0.0744
mixed,16,14,0.875,4.0,4096,512,128,512,464,899.793,898.0,897.009,
mixed,16,14,0.875,4.0,4096,512,256,1024,928,910.785,909.558,910.672,
mixed,16,14,0.875,4.0,4096,512,512,2048,1856,922.4,924.895,923.105,0.2824
mixed,16,14,0.875,4.0,4096,512,1024,4096,3712,949.442,960.132,953.572,0.3863
mixed,16,14,0.875,4.0,4096,512,2048,8192,7424,998.784,1006.818,1002.435,0.4545
mixed,16,14,0.875,4.0,4096,512,4096,16384,14848,1096.695,1116.082,1096.582,-0.0058
mixed,16,14,0.875,4.0,4096,512,8192,32768,29696,1280.534,1314.58,1274.884,-0.166
mixed,16,14,0.875,4.0,4096,2048,128,512,464,1193.186,1191.137,1191.171,
mixed,16,14,0.875,4.0,4096,2048,256,1024,928,1204.673,1201.25,1200.659,
mixed,16,14,0.875,4.0,4096,2048,512,2048,1856,1219.682,1220.271,1219.41,-0.4622
mixed,16,14,0.875,4.0,4096,2048,1024,4096,3712,1241.939,1247.751,1244.834,0.4982
mixed,16,14,0.875,4.0,4096,2048,2048,8192,7424,1287.425,1302.817,1291.487,0.264
mixed,16,14,0.875,4.0,4096,2048,4096,16384,14848,1386.692,1407.047,1384.671,-0.0993
mixed,16,14,0.875,4.0,4096,2048,8192,32768,29696,1571.858,1600.821,1570.113,-0.0602
mixed,16,14,0.875,4.0,4096,8192,128,512,464,2322.178,2320.805,2321.204,
mixed,16,14,0.875,4.0,4096,8192,256,1024,928,2331.272,2333.077,2329.126,-1.1886
mixed,16,14,0.875,4.0,4096,8192,512,2048,1856,2343.445,2346.037,2347.623,1.6119
mixed,16,14,0.875,4.0,4096,8192,1024,4096,3712,2373.128,2373.462,2370.135,-8.9492
mixed,16,14,0.875,4.0,4096,8192,2048,8192,7424,2417.733,2433.316,2417.049,-0.0439
mixed,16,14,0.875,4.0,4096,8192,4096,16384,14848,2513.75,2535.111,2509.305,-0.2081
mixed,16,14,0.875,4.0,4096,8192,8192,32768,29696,2696.008,2732.506,2698.153,0.0588
mixed,16,14,0.875,4.0,4096,16384,128,512,464,3806.73,3790.873,3790.142,
mixed,16,14,0.875,4.0,4096,16384,256,1024,928,3808.861,3809.627,3807.864,-1.2992
mixed,16,14,0.875,4.0,4096,16384,512,2048,1856,3823.644,3823.276,3824.425,
mixed,16,14,0.875,4.0,4096,16384,1024,4096,3712,3845.753,3856.81,3847.722,0.178
mixed,16,14,0.875,4.0,4096,16384,2048,8192,7424,3893.659,3900.38,3897.481,0.5687
mixed,16,14,0.875,4.0,4096,16384,4096,16384,14848,3997.114,4003.661,3987.068,-1.5346
mixed,16,14,0.875,4.0,4096,16384,8192,32768,29696,4183.277,4211.614,4184.891,0.0569
pure,32,1,0.0312,4.0,0,0,128,512,140,66.496,93.329,80.72,0.5301
pure,32,1,0.0312,4.0,0,0,256,1024,280,84.865,108.529,86.017,0.0487
pure,32,1,0.0312,4.0,0,0,512,2048,560,96.192,133.969,95.344,-0.0224
pure,32,1,0.0312,4.0,0,0,1024,4096,1120,109.023,185.344,135.536,0.3474
pure,32,1,0.0312,4.0,0,0,2048,8192,2240,139.44,290.546,178.8,0.2605
pure,32,1,0.0312,4.0,0,0,4096,16384,4480,195.039,491.072,270.079,0.2535
pure,32,1,0.0312,4.0,0,0,8192,32768,8960,312.993,896.384,450.208,0.2352
mixed,32,1,0.0312,4.0,16,0,128,512,140,81.121,105.055,93.456,0.5154
mixed,32,1,0.0312,4.0,16,0,256,1024,280,97.074,117.184,96.72,-0.0176
mixed,32,1,0.0312,4.0,16,0,512,2048,560,107.775,145.442,106.32,-0.0386
mixed,32,1,0.0312,4.0,16,0,1024,4096,1120,118.993,198.257,150.336,0.3954
mixed,32,1,0.0312,4.0,16,0,2048,8192,2240,151.23,303.392,196.56,0.2979
mixed,32,1,0.0312,4.0,16,0,4096,16384,4480,211.712,502.304,283.137,0.2458
mixed,32,1,0.0312,4.0,16,0,8192,32768,8960,322.659,909.587,466.962,0.2459
mixed,32,1,0.0312,4.0,16,512,128,512,140,107.68,116.785,106.735,-0.1038
mixed,32,1,0.0312,4.0,16,512,256,1024,280,107.584,145.44,108.081,0.0131
mixed,32,1,0.0312,4.0,16,512,512,2048,560,118.671,146.818,116.944,-0.0613
mixed,32,1,0.0312,4.0,16,512,1024,4096,1120,123.328,198.049,123.936,0.0081
mixed,32,1,0.0312,4.0,16,512,2048,8192,2240,149.296,306.575,193.519,0.2812
mixed,32,1,0.0312,4.0,16,512,4096,16384,4480,206.225,507.425,286.112,0.2652
mixed,32,1,0.0312,4.0,16,512,8192,32768,8960,322.255,907.138,464.657,0.2435
mixed,32,1,0.0312,4.0,16,2048,128,512,140,120.752,121.039,122.29,5.3589
mixed,32,1,0.0312,4.0,16,2048,256,1024,280,118.72,128.835,118.113,-0.0601
mixed,32,1,0.0312,4.0,16,2048,512,2048,560,124.162,193.584,133.68,0.1371
mixed,32,1,0.0312,4.0,16,2048,1024,4096,1120,131.824,279.202,138.656,0.0464
mixed,32,1,0.0312,4.0,16,2048,2048,8192,2240,202.784,304.241,160.447,-0.4173
mixed,32,1,0.0312,4.0,16,2048,4096,16384,4480,301.57,505.841,283.984,-0.0861
mixed,32,1,0.0312,4.0,16,2048,8192,32768,8960,327.985,910.994,463.617,0.2326
mixed,32,1,0.0312,4.0,16,8192,128,512,140,145.183,155.747,144.943,-0.0227
mixed,32,1,0.0312,4.0,16,8192,256,1024,280,144.483,152.401,145.361,0.1108
mixed,32,1,0.0312,4.0,16,8192,512,2048,560,156.064,221.231,155.504,-0.0086
mixed,32,1,0.0312,4.0,16,8192,1024,4096,1120,157.503,215.135,156.528,-0.0169
mixed,32,1,0.0312,4.0,16,8192,2048,8192,2240,231.329,451.986,220.558,-0.0488
mixed,32,1,0.0312,4.0,16,8192,4096,16384,4480,220.207,793.889,221.792,0.0028
mixed,32,1,0.0312,4.0,16,8192,8192,32768,8960,483.968,912.401,460.064,-0.0558
mixed,32,1,0.0312,4.0,16,16384,128,512,140,174.031,174.146,172.657,-12.0044
mixed,32,1,0.0312,4.0,16,16384,256,1024,280,162.738,195.473,165.361,0.0801
mixed,32,1,0.0312,4.0,16,16384,512,2048,560,174.464,199.521,175.904,0.0575
mixed,32,1,0.0312,4.0,16,16384,1024,4096,1120,202.434,331.616,197.329,-0.0395
mixed,32,1,0.0312,4.0,16,16384,2048,8192,2240,203.424,333.778,202.322,-0.0085
mixed,32,1,0.0312,4.0,16,16384,4096,16384,4480,355.345,789.09,336.288,-0.0439
mixed,32,1,0.0312,4.0,16,16384,8192,32768,8960,350.033,1491.524,349.474,-0.0005
mixed,32,1,0.0312,4.0,64,0,128,512,140,82.032,107.888,96.639,0.5649
mixed,32,1,0.0312,4.0,64,0,256,1024,280,97.553,133.376,102.993,0.1518
mixed,32,1,0.0312,4.0,64,0,512,2048,560,108.224,159.583,115.939,0.1502
mixed,32,1,0.0312,4.0,64,0,1024,4096,1120,136.527,208.0,138.239,0.024
mixed,32,1,0.0312,4.0,64,0,2048,8192,2240,173.778,315.008,190.832,0.1208
mixed,32,1,0.0312,4.0,64,0,4096,16384,4480,216.802,514.962,285.649,0.2309
mixed,32,1,0.0312,4.0,64,0,8192,32768,8960,334.865,918.0,466.608,0.2259
mixed,32,1,0.0312,4.0,64,512,128,512,140,130.016,145.025,120.336,-0.6449
mixed,32,1,0.0312,4.0,64,512,256,1024,280,123.761,129.904,124.751,0.1612
mixed,32,1,0.0312,4.0,64,512,512,2048,560,147.008,193.71,144.686,-0.0497
mixed,32,1,0.0312,4.0,64,512,1024,4096,1120,132.224,261.585,160.403,0.2178
mixed,32,1,0.0312,4.0,64,512,2048,8192,2240,204.671,364.48,181.215,-0.1468
mixed,32,1,0.0312,4.0,64,512,4096,16384,4480,268.288,564.384,275.105,0.023
mixed,32,1,0.0312,4.0,64,512,8192,32768,8960,385.28,945.698,462.529,0.1378
mixed,32,1,0.0312,4.0,64,2048,128,512,140,141.632,156.847,142.398,0.0504
mixed,32,1,0.0312,4.0,64,2048,256,1024,280,141.04,151.327,141.856,0.0794
mixed,32,1,0.0312,4.0,64,2048,512,2048,560,159.249,230.017,158.72,-0.0075
mixed,32,1,0.0312,4.0,64,2048,1024,4096,1120,155.07,219.921,187.775,0.5043
mixed,32,1,0.0312,4.0,64,2048,2048,8192,2240,238.159,451.186,228.273,-0.0464
mixed,32,1,0.0312,4.0,64,2048,4096,16384,4480,231.135,659.025,327.713,0.2257
mixed,32,1,0.0312,4.0,64,2048,8192,32768,8960,483.583,1049.813,454.001,-0.0522
mixed,32,1,0.0312,4.0,64,8192,128,512,140,195.727,204.61,209.568,1.5582
mixed,32,1,0.0312,4.0,64,8192,256,1024,280,210.033,221.827,210.243,0.0178
mixed,32,1,0.0312,4.0,64,8192,512,2048,560,203.266,280.064,205.041,0.0231
mixed,32,1,0.0312,4.0,64,8192,1024,4096,1120,221.681,270.594,221.216,-0.0095
mixed,32,1,0.0312,4.0,64,8192,2048,8192,2240,296.035,555.281,282.305,-0.053
mixed,32,1,0.0312,4.0,64,8192,4096,16384,4480,286.401,564.672,432.594,0.5254
mixed,32,1,0.0312,4.0,64,8192,8192,32768,8960,587.359,1458.355,560.851,-0.0304
mixed,32,1,0.0312,4.0,64,16384,128,512,140,281.312,298.08,281.841,0.0315
mixed,32,1,0.0312,4.0,64,16384,256,1024,280,272.656,299.617,272.066,-0.0219
mixed,32,1,0.0312,4.0,64,16384,512,2048,560,298.161,326.243,297.618,-0.0193
mixed,32,1,0.0312,4.0,64,16384,1024,4096,1120,291.522,441.618,298.337,0.0454
mixed,32,1,0.0312,4.0,64,16384,2048,8192,2240,327.377,433.827,326.64,-0.0069
mixed,32,1,0.0312,4.0,64,16384,4096,16384,4480,470.514,980.865,441.697,-0.0565
mixed,32,1,0.0312,4.0,64,16384,8192,32768,8960,464.736,1018.978,746.163,0.5078
mixed,32,1,0.0312,4.0,256,0,128,512,140,94.752,124.801,164.367,2.3167
mixed,32,1,0.0312,4.0,256,0,256,1024,280,118.448,148.481,141.409,0.7645
mixed,32,1,0.0312,4.0,256,0,512,2048,560,125.696,191.312,181.968,0.8576
mixed,32,1,0.0312,4.0,256,0,1024,4096,1120,148.975,272.93,261.503,0.9078
mixed,32,1,0.0312,4.0,256,0,2048,8192,2240,196.93,427.058,422.21,0.9789
mixed,32,1,0.0312,4.0,256,0,4096,16384,4480,284.048,741.52,730.611,0.9762
mixed,32,1,0.0312,4.0,256,0,8192,32768,8960,458.992,1375.412,1346.419,0.9684
mixed,32,1,0.0312,4.0,256,512,128,512,140,182.018,211.231,181.887,-0.0045
mixed,32,1,0.0312,4.0,256,512,256,1024,280,194.175,220.127,190.369,-0.1467
mixed,32,1,0.0312,4.0,256,512,512,2048,560,212.721,189.811,212.369,
mixed,32,1,0.0312,4.0,256,512,1024,4096,1120,158.241,274.144,260.624,0.8834
mixed,32,1,0.0312,4.0,256,512,2048,8192,2240,197.793,433.265,419.859,0.9431
mixed,32,1,0.0312,4.0,256,512,4096,16384,4480,287.311,749.684,733.763,0.9656
mixed,32,1,0.0312,4.0,256,512,8192,32768,8960,464.529,1376.258,1351.412,0.9727
mixed,32,1,0.0312,4.0,256,2048,128,512,140,236.449,271.889,238.226,0.0501
mixed,32,1,0.0312,4.0,256,2048,256,1024,280,253.475,311.826,251.616,-0.0319
mixed,32,1,0.0312,4.0,256,2048,512,2048,560,273.522,325.377,271.33,-0.0423
mixed,32,1,0.0312,4.0,256,2048,1024,4096,1120,319.074,277.392,312.929,
mixed,32,1,0.0312,4.0,256,2048,2048,8192,2240,331.666,438.625,447.153,1.0797
mixed,32,1,0.0312,4.0,256,2048,4096,16384,4480,284.976,751.905,735.473,0.9648
mixed,32,1,0.0312,4.0,256,2048,8192,32768,8960,468.946,1380.949,1352.948,0.9693
mixed,32,1,0.0312,4.0,256,8192,128,512,140,464.496,505.344,464.497,0.0
mixed,32,1,0.0312,4.0,256,8192,256,1024,280,464.673,548.801,463.279,-0.0166
mixed,32,1,0.0312,4.0,256,8192,512,2048,560,509.377,627.763,507.472,-0.0161
mixed,32,1,0.0312,4.0,256,8192,1024,4096,1120,552.562,785.506,549.619,-0.0126
mixed,32,1,0.0312,4.0,256,8192,2048,8192,2240,642.673,798.273,629.28,-0.0861
mixed,32,1,0.0312,4.0,256,8192,4096,16384,4480,812.4,759.841,783.633,
mixed,32,1,0.0312,4.0,256,8192,8192,32768,8960,826.977,1393.636,1378.453,0.9732
mixed,32,1,0.0312,4.0,256,16384,128,512,140,770.627,773.153,772.976,0.9299
mixed,32,1,0.0312,4.0,256,16384,256,1024,280,773.938,852.548,772.034,-0.0242
mixed,32,1,0.0312,4.0,256,16384,512,2048,560,773.521,933.091,774.434,0.0057
mixed,32,1,0.0312,4.0,256,16384,1024,4096,1120,855.86,1095.907,851.106,-0.0198
mixed,32,1,0.0312,4.0,256,16384,2048,8192,2240,945.843,1402.259,934.579,-0.0247
mixed,32,1,0.0312,4.0,256,16384,4096,16384,4480,1121.365,1423.474,1088.433,-0.109
mixed,32,1,0.0312,4.0,256,16384,8192,32768,8960,1456.581,1377.764,1397.185,
mixed,32,1,0.0312,4.0,1024,0,128,512,140,231.376,247.023,232.158,0.05
mixed,32,1,0.0312,4.0,1024,0,256,1024,280,239.072,266.0,240.353,0.0476
mixed,32,1,0.0312,4.0,1024,0,512,2048,560,248.914,295.361,249.808,0.0192
mixed,32,1,0.0312,4.0,1024,0,1024,4096,1120,267.856,350.8,289.525,0.2612
mixed,32,1,0.0312,4.0,1024,0,2048,8192,2240,302.72,458.577,339.297,0.2347
mixed,32,1,0.0312,4.0,1024,0,4096,16384,4480,361.123,661.33,430.994,0.2327
mixed,32,1,0.0312,4.0,1024,0,8192,32768,8960,474.738,1080.195,613.716,0.2295
mixed,32,1,0.0312,4.0,1024,512,128,512,140,339.457,356.432,339.343,-0.0068
mixed,32,1,0.0312,4.0,1024,512,256,1024,280,347.824,373.76,347.616,-0.008
mixed,32,1,0.0312,4.0,1024,512,512,2048,560,357.681,404.241,358.385,0.0151
mixed,32,1,0.0312,4.0,1024,512,1024,4096,1120,375.554,461.554,396.613,0.2449
mixed,32,1,0.0312,4.0,1024,512,2048,8192,2240,410.157,566.115,446.998,0.2362
mixed,32,1,0.0312,4.0,1024,512,4096,16384,4480,470.816,766.207,540.913,0.2373
mixed,32,1,0.0312,4.0,1024,512,8192,32768,8960,584.067,1193.205,722.082,0.2266
mixed,32,1,0.0312,4.0,1024,2048,128,512,140,463.104,481.361,465.184,0.1139
mixed,32,1,0.0312,4.0,1024,2048,256,1024,280,471.379,496.802,471.889,0.0201
mixed,32,1,0.0312,4.0,1024,2048,512,2048,560,481.969,526.356,483.009,0.0234
mixed,32,1,0.0312,4.0,1024,2048,1024,4096,1120,498.545,584.382,521.715,0.2699
mixed,32,1,0.0312,4.0,1024,2048,2048,8192,2240,530.8,685.302,570.304,0.2557
mixed,32,1,0.0312,4.0,1024,2048,4096,16384,4480,588.948,887.492,661.107,0.2417
mixed,32,1,0.0312,4.0,1024,2048,8192,32768,8960,702.623,1308.617,845.276,0.2354
mixed,32,1,0.0312,4.0,1024,8192,128,512,140,961.092,974.418,958.979,-0.1585
mixed,32,1,0.0312,4.0,1024,8192,256,1024,280,967.439,994.002,966.661,-0.0293
mixed,32,1,0.0312,4.0,1024,8192,512,2048,560,979.51,1022.119,978.162,-0.0316
mixed,32,1,0.0312,4.0,1024,8192,1024,4096,1120,993.846,1072.995,1014.0,0.2546
mixed,32,1,0.0312,4.0,1024,8192,2048,8192,2240,1023.86,1179.268,1065.652,0.2689
mixed,32,1,0.0312,4.0,1024,8192,4096,16384,4480,1080.05,1377.555,1153.924,0.2483
mixed,32,1,0.0312,4.0,1024,8192,8192,32768,8960,1194.069,1777.989,1332.691,0.2374
mixed,32,1,0.0312,4.0,1024,16384,128,512,140,1595.812,1607.0,1598.116,0.206
mixed,32,1,0.0312,4.0,1024,16384,256,1024,280,1599.222,1622.213,1601.574,0.1023
mixed,32,1,0.0312,4.0,1024,16384,512,2048,560,1614.516,1656.113,1610.324,-0.1008
mixed,32,1,0.0312,4.0,1024,16384,1024,4096,1120,1624.688,1700.995,1647.205,0.2951
mixed,32,1,0.0312,4.0,1024,16384,2048,8192,2240,1663.204,1808.39,1697.187,0.2341
mixed,32,1,0.0312,4.0,1024,16384,4096,16384,4480,1713.873,2011.575,1776.469,0.2103
mixed,32,1,0.0312,4.0,1024,16384,8192,32768,8960,1825.622,2418.793,1963.971,0.2332
mixed,32,1,0.0312,4.0,4096,0,128,512,140,686.722,703.508,688.931,0.1316
mixed,32,1,0.0312,4.0,4096,0,256,1024,280,693.955,723.636,696.05,0.0706
mixed,32,1,0.0312,4.0,4096,0,512,2048,560,704.017,750.674,705.025,0.0216
mixed,32,1,0.0312,4.0,4096,0,1024,4096,1120,721.759,805.203,744.563,0.2733
mixed,32,1,0.0312,4.0,4096,0,2048,8192,2240,756.131,912.336,796.641,0.2593
mixed,32,1,0.0312,4.0,4096,0,4096,16384,4480,815.568,1109.189,888.098,0.247
mixed,32,1,0.0312,4.0,4096,0,8192,32768,8960,930.56,1520.579,1066.13,0.2298
mixed,32,1,0.0312,4.0,4096,512,128,512,140,896.001,914.435,895.702,-0.0162
mixed,32,1,0.0312,4.0,4096,512,256,1024,280,903.521,927.743,905.25,0.0714
mixed,32,1,0.0312,4.0,4096,512,512,2048,560,916.93,958.962,914.562,-0.0564
mixed,32,1,0.0312,4.0,4096,512,1024,4096,1120,931.043,1012.704,954.483,0.287
mixed,32,1,0.0312,4.0,4096,512,2048,8192,2240,963.008,1118.932,999.925,0.2368
mixed,32,1,0.0312,4.0,4096,512,4096,16384,4480,1026.467,1315.857,1089.729,0.2186
mixed,32,1,0.0312,4.0,4096,512,8192,32768,8960,1137.522,1728.611,1272.835,0.2289
mixed,32,1,0.0312,4.0,4096,2048,128,512,140,1190.071,1205.737,1190.196,0.0079
mixed,32,1,0.0312,4.0,4096,2048,256,1024,280,1197.631,1225.921,1197.588,-0.0015
mixed,32,1,0.0312,4.0,4096,2048,512,2048,560,1208.083,1249.905,1208.612,0.0126
mixed,32,1,0.0312,4.0,4096,2048,1024,4096,1120,1224.066,1302.947,1244.433,0.2582
mixed,32,1,0.0312,4.0,4096,2048,2048,8192,2240,1254.514,1406.563,1292.337,0.2488
mixed,32,1,0.0312,4.0,4096,2048,4096,16384,4480,1312.932,1606.307,1382.039,0.2356
mixed,32,1,0.0312,4.0,4096,2048,8192,32768,8960,1428.148,2024.773,1569.204,0.2364
mixed,32,1,0.0312,4.0,4096,8192,128,512,140,2317.354,2334.698,2320.918,0.2055
mixed,32,1,0.0312,4.0,4096,8192,256,1024,280,2324.405,2353.703,2326.2,0.0613
mixed,32,1,0.0312,4.0,4096,8192,512,2048,560,2337.159,2375.252,2333.971,-0.0837
mixed,32,1,0.0312,4.0,4096,8192,1024,4096,1120,2360.004,2432.407,2383.191,0.3202
mixed,32,1,0.0312,4.0,4096,8192,2048,8192,2240,2383.56,2532.49,2419.126,0.2388
mixed,32,1,0.0312,4.0,4096,8192,4096,16384,4480,2440.504,2737.532,2516.282,0.2551
mixed,32,1,0.0312,4.0,4096,8192,8192,32768,8960,2551.413,3148.904,2689.061,0.2304
mixed,32,1,0.0312,4.0,4096,16384,128,512,140,3802.65,3809.342,3791.257,-1.7026
mixed,32,1,0.0312,4.0,4096,16384,256,1024,280,3803.961,3831.053,3803.895,-0.0025
mixed,32,1,0.0312,4.0,4096,16384,512,2048,560,3814.33,3861.768,3826.862,0.2642
mixed,32,1,0.0312,4.0,4096,16384,1024,4096,1120,3829.831,3914.989,3850.237,0.2396
mixed,32,1,0.0312,4.0,4096,16384,2048,8192,2240,3856.872,4011.947,3894.539,0.2429
mixed,32,1,0.0312,4.0,4096,16384,4096,16384,4480,3925.002,4211.93,3981.755,0.1978
mixed,32,1,0.0312,4.0,4096,16384,8192,32768,8960,4033.494,4631.691,4162.284,0.2153
pure,32,2,0.0625,4.0,0,0,128,512,152,66.559,93.246,81.649,0.5654
pure,32,2,0.0625,4.0,0,0,256,1024,304,86.963,108.833,86.688,-0.0126
pure,32,2,0.0625,4.0,0,0,512,2048,608,94.305,133.986,97.024,0.0685
pure,32,2,0.0625,4.0,0,0,1024,4096,1216,111.712,184.291,114.898,0.0439
pure,32,2,0.0625,4.0,0,0,2048,8192,2432,144.561,290.978,147.344,0.019
pure,32,2,0.0625,4.0,0,0,4096,16384,4864,207.072,491.44,271.84,0.2278
pure,32,2,0.0625,4.0,0,0,8192,32768,9728,328.142,896.627,454.417,0.2221
mixed,32,2,0.0625,4.0,16,0,128,512,152,81.471,103.6,94.081,0.5698
mixed,32,2,0.0625,4.0,16,0,256,1024,304,97.409,119.072,96.273,-0.0524
mixed,32,2,0.0625,4.0,16,0,512,2048,608,104.482,146.114,107.68,0.0768
mixed,32,2,0.0625,4.0,16,0,1024,4096,1216,122.993,200.383,125.359,0.0306
mixed,32,2,0.0625,4.0,16,0,2048,8192,2432,155.983,305.024,156.656,0.0045
mixed,32,2,0.0625,4.0,16,0,4096,16384,4864,220.177,502.066,289.298,0.2452
mixed,32,2,0.0625,4.0,16,0,8192,32768,9728,340.785,909.107,472.723,0.2322
mixed,32,2,0.0625,4.0,16,512,128,512,152,107.281,115.952,106.433,-0.0978
mixed,32,2,0.0625,4.0,16,512,256,1024,304,109.073,146.289,108.976,-0.0026
mixed,32,2,0.0625,4.0,16,512,512,2048,608,124.481,146.463,108.319,-0.7352
mixed,32,2,0.0625,4.0,16,512,1024,4096,1216,163.762,198.882,127.567,-1.0306
mixed,32,2,0.0625,4.0,16,512,2048,8192,2432,156.08,308.672,157.456,0.009
mixed,32,2,0.0625,4.0,16,512,4096,16384,4864,217.92,509.12,287.12,0.2376
mixed,32,2,0.0625,4.0,16,512,8192,32768,9728,343.874,910.018,471.953,0.2262
mixed,32,2,0.0625,4.0,16,2048,128,512,152,120.192,122.385,125.968,2.6348
mixed,32,2,0.0625,4.0,16,2048,256,1024,304,118.833,128.337,118.144,-0.0725
mixed,32,2,0.0625,4.0,16,2048,512,2048,608,123.17,194.911,133.458,0.1434
mixed,32,2,0.0625,4.0,16,2048,1024,4096,1216,134.897,275.938,135.231,0.0024
mixed,32,2,0.0625,4.0,16,2048,2048,8192,2432,210.946,307.775,159.44,-0.5319
mixed,32,2,0.0625,4.0,16,2048,4096,16384,4864,314.801,510.931,223.904,-0.4634
mixed,32,2,0.0625,4.0,16,2048,8192,32768,9728,343.904,912.082,467.521,0.2176
mixed,32,2,0.0625,4.0,16,8192,128,512,152,143.744,155.234,145.312,0.1365
mixed,32,2,0.0625,4.0,16,8192,256,1024,304,145.471,154.033,145.903,0.0503
mixed,32,2,0.0625,4.0,16,8192,512,2048,608,158.961,221.728,151.056,-0.1259
mixed,32,2,0.0625,4.0,16,8192,1024,4096,1216,159.232,214.769,158.37,-0.0155
mixed,32,2,0.0625,4.0,16,8192,2048,8192,2432,184.064,450.688,221.072,0.1388
mixed,32,2,0.0625,4.0,16,8192,4096,16384,4864,309.249,794.483,331.123,0.0451
mixed,32,2,0.0625,4.0,16,8192,8192,32768,9728,514.69,913.49,347.169,-0.4201
mixed,32,2,0.0625,4.0,16,16384,128,512,152,173.233,174.544,172.928,-0.2321
mixed,32,2,0.0625,4.0,16,16384,256,1024,304,166.017,195.615,173.745,0.2611
mixed,32,2,0.0625,4.0,16,16384,512,2048,608,174.962,198.257,173.792,-0.0502
mixed,32,2,0.0625,4.0,16,16384,1024,4096,1216,211.569,332.257,198.464,-0.1086
mixed,32,2,0.0625,4.0,16,16384,2048,8192,2432,242.673,335.329,202.224,-0.4365
mixed,32,2,0.0625,4.0,16,16384,4096,16384,4864,258.463,788.512,337.586,0.1493
mixed,32,2,0.0625,4.0,16,16384,8192,32768,9728,514.672,1490.018,560.88,0.0474
mixed,32,2,0.0625,4.0,64,0,128,512,152,82.385,107.648,95.056,0.5016
mixed,32,2,0.0625,4.0,64,0,256,1024,304,99.695,131.615,101.855,0.0677
mixed,32,2,0.0625,4.0,64,0,512,2048,608,120.048,160.383,116.001,-0.1003
mixed,32,2,0.0625,4.0,64,0,1024,4096,1216,145.202,207.76,140.24,-0.0793
mixed,32,2,0.0625,4.0,64,0,2048,8192,2432,174.802,315.489,186.623,0.084
mixed,32,2,0.0625,4.0,64,0,4096,16384,4864,228.975,514.096,291.312,0.2186
mixed,32,2,0.0625,4.0,64,0,8192,32768,9728,354.481,920.578,473.888,0.2109
mixed,32,2,0.0625,4.0,64,512,128,512,152,132.319,145.105,119.694,-0.9874
mixed,32,2,0.0625,4.0,64,512,256,1024,304,125.744,129.905,124.399,-0.3232
mixed,32,2,0.0625,4.0,64,512,512,2048,608,145.488,193.936,146.976,0.0307
mixed,32,2,0.0625,4.0,64,512,1024,4096,1216,135.615,260.368,168.977,0.2674
mixed,32,2,0.0625,4.0,64,512,2048,8192,2432,209.791,365.168,184.753,-0.1611
mixed,32,2,0.0625,4.0,64,512,4096,16384,4864,278.912,563.667,272.625,-0.0221
mixed,32,2,0.0625,4.0,64,512,8192,32768,9728,401.808,948.355,464.355,0.1144
mixed,32,2,0.0625,4.0,64,2048,128,512,152,141.391,157.585,141.617,0.014
mixed,32,2,0.0625,4.0,64,2048,256,1024,304,142.096,152.48,142.432,0.0323
mixed,32,2,0.0625,4.0,64,2048,512,2048,608,167.183,229.536,158.912,-0.1326
mixed,32,2,0.0625,4.0,64,2048,1024,4096,1216,148.929,220.161,195.058,0.6476
mixed,32,2,0.0625,4.0,64,2048,2048,8192,2432,245.778,453.346,231.552,-0.0685
mixed,32,2,0.0625,4.0,64,2048,4096,16384,4864,318.241,664.306,334.639,0.0474
mixed,32,2,0.0625,4.0,64,2048,8192,32768,9728,498.658,1057.298,444.593,-0.0968
mixed,32,2,0.0625,4.0,64,8192,128,512,152,194.962,203.952,209.345,1.5997
mixed,32,2,0.0625,4.0,64,8192,256,1024,304,210.721,220.286,209.651,-0.1118
mixed,32,2,0.0625,4.0,64,8192,512,2048,608,204.594,280.273,204.033,-0.0074
mixed,32,2,0.0625,4.0,64,8192,1024,4096,1216,221.248,272.162,222.703,0.0286
mixed,32,2,0.0625,4.0,64,8192,2048,8192,2432,311.392,552.401,281.825,-0.1227
mixed,32,2,0.0625,4.0,64,8192,4096,16384,4864,379.728,570.579,443.792,0.3357
mixed,32,2,0.0625,4.0,64,8192,8192,32768,9728,610.514,1456.068,561.075,-0.0585
mixed,32,2,0.0625,4.0,64,16384,128,512,152,282.32,297.056,282.786,0.0316
mixed,32,2,0.0625,4.0,64,16384,256,1024,304,271.665,299.231,274.065,0.087
mixed,32,2,0.0625,4.0,64,16384,512,2048,608,298.464,327.889,298.383,-0.0028
mixed,32,2,0.0625,4.0,64,16384,1024,4096,1216,303.311,444.882,299.394,-0.0277
mixed,32,2,0.0625,4.0,64,16384,2048,8192,2432,326.368,435.857,329.649,0.03
mixed,32,2,0.0625,4.0,64,16384,4096,16384,4864,504.082,982.786,446.625,-0.12
mixed,32,2,0.0625,4.0,64,16384,8192,32768,9728,631.906,1016.051,757.137,0.326
mixed,32,2,0.0625,4.0,256,0,128,512,152,94.448,125.411,115.918,0.6934
mixed,32,2,0.0625,4.0,256,0,256,1024,304,118.562,148.912,140.672,0.7285
mixed,32,2,0.0625,4.0,256,0,512,2048,608,127.935,190.016,180.623,0.8487
mixed,32,2,0.0625,4.0,256,0,1024,4096,1216,153.696,269.825,261.952,0.9322
mixed,32,2,0.0625,4.0,256,0,2048,8192,2432,203.519,428.497,420.447,0.9642
mixed,32,2,0.0625,4.0,256,0,4096,16384,4864,300.035,750.723,731.761,0.9579
mixed,32,2,0.0625,4.0,256,0,8192,32768,9728,489.712,1383.123,1344.26,0.9565
mixed,32,2,0.0625,4.0,256,512,128,512,152,182.144,212.961,181.967,-0.0057
mixed,32,2,0.0625,4.0,256,512,256,1024,304,192.8,221.409,191.776,-0.0358
mixed,32,2,0.0625,4.0,256,512,512,2048,608,218.16,190.64,212.32,
mixed,32,2,0.0625,4.0,256,512,1024,4096,1216,157.36,273.442,261.393,0.8962
mixed,32,2,0.0625,4.0,256,512,2048,8192,2432,205.024,433.232,419.808,0.9412
mixed,32,2,0.0625,4.0,256,512,4096,16384,4864,303.265,747.875,736.93,0.9754
mixed,32,2,0.0625,4.0,256,512,8192,32768,9728,494.499,1378.995,1353.076,0.9707
mixed,32,2,0.0625,4.0,256,2048,128,512,152,237.824,271.632,239.987,0.064
mixed,32,2,0.0625,4.0,256,2048,256,1024,304,253.391,312.897,251.585,-0.0303
mixed,32,2,0.0625,4.0,256,2048,512,2048,608,278.497,325.234,270.849,-0.1636
mixed,32,2,0.0625,4.0,256,2048,1024,4096,1216,328.338,278.242,315.713,
mixed,32,2,0.0625,4.0,256,2048,2048,8192,2432,341.216,438.066,449.889,1.1221
mixed,32,2,0.0625,4.0,256,2048,4096,16384,4864,302.239,756.546,735.665,0.954
mixed,32,2,0.0625,4.0,256,2048,8192,32768,9728,497.041,1386.803,1359.092,0.9689
mixed,32,2,0.0625,4.0,256,8192,128,512,152,465.346,509.072,463.458,-0.0432
mixed,32,2,0.0625,4.0,256,8192,256,1024,304,463.587,546.817,463.681,0.0011
mixed,32,2,0.0625,4.0,256,8192,512,2048,608,515.251,627.938,507.856,-0.0656
mixed,32,2,0.0625,4.0,256,8192,1024,4096,1216,560.401,782.178,549.795,-0.0478
mixed,32,2,0.0625,4.0,256,8192,2048,8192,2432,654.753,796.995,630.225,-0.1724
mixed,32,2,0.0625,4.0,256,8192,4096,16384,4864,840.37,758.033,785.282,
mixed,32,2,0.0625,4.0,256,8192,8192,32768,9728,855.619,1388.163,1376.627,0.9783
mixed,32,2,0.0625,4.0,256,16384,128,512,152,772.88,773.313,777.41,10.4728
mixed,32,2,0.0625,4.0,256,16384,256,1024,304,772.193,852.913,772.786,0.0073
mixed,32,2,0.0625,4.0,256,16384,512,2048,608,776.447,933.235,773.442,-0.0192
mixed,32,2,0.0625,4.0,256,16384,1024,4096,1216,871.395,1089.922,856.276,-0.0692
mixed,32,2,0.0625,4.0,256,16384,2048,8192,2432,962.467,1398.261,937.65,-0.0569
mixed,32,2,0.0625,4.0,256,16384,4096,16384,4864,1146.291,1422.26,1089.956,-0.2041
mixed,32,2,0.0625,4.0,256,16384,8192,32768,9728,1520.227,1384.019,1400.372,
mixed,32,2,0.0625,4.0,1024,0,128,512,152,232.048,248.212,233.472,0.0881
mixed,32,2,0.0625,4.0,1024,0,256,1024,304,241.473,266.964,243.502,0.0796
mixed,32,2,0.0625,4.0,1024,0,512,2048,608,252.16,295.568,252.596,0.01
mixed,32,2,0.0625,4.0,1024,0,1024,4096,1216,269.072,350.736,273.971,0.06
mixed,32,2,0.0625,4.0,1024,0,2048,8192,2432,306.864,456.497,309.491,0.0176
mixed,32,2,0.0625,4.0,1024,0,4096,16384,4864,375.07,660.288,434.323,0.2077
mixed,32,2,0.0625,4.0,1024,0,8192,32768,9728,496.094,1084.595,616.545,0.2047
mixed,32,2,0.0625,4.0,1024,512,128,512,152,340.031,355.889,340.735,0.0444
mixed,32,2,0.0625,4.0,1024,512,256,1024,304,347.456,372.77,351.219,0.1487
mixed,32,2,0.0625,4.0,1024,512,512,2048,608,360.164,402.895,360.755,0.0138
mixed,32,2,0.0625,4.0,1024,512,1024,4096,1216,377.439,462.146,382.612,0.0611
mixed,32,2,0.0625,4.0,1024,512,2048,8192,2432,418.974,566.611,420.341,0.0093
mixed,32,2,0.0625,4.0,1024,512,4096,16384,4864,482.398,766.082,542.528,0.212
mixed,32,2,0.0625,4.0,1024,512,8192,32768,9728,605.087,1192.293,727.023,0.2077
mixed,32,2,0.0625,4.0,1024,2048,128,512,152,464.108,479.844,466.482,0.1509
mixed,32,2,0.0625,4.0,1024,2048,256,1024,304,471.62,497.619,473.965,0.0902
mixed,32,2,0.0625,4.0,1024,2048,512,2048,608,483.235,527.476,482.612,-0.0141
mixed,32,2,0.0625,4.0,1024,2048,1024,4096,1216,499.328,582.019,504.645,0.0643
mixed,32,2,0.0625,4.0,1024,2048,2048,8192,2432,538.706,687.648,540.417,0.0115
mixed,32,2,0.0625,4.0,1024,2048,4096,16384,4864,603.839,889.042,664.079,0.2112
mixed,32,2,0.0625,4.0,1024,2048,8192,32768,9728,726.384,1312.979,844.975,0.2022
mixed,32,2,0.0625,4.0,1024,8192,128,512,152,963.458,975.423,964.371,0.0763
mixed,32,2,0.0625,4.0,1024,8192,256,1024,304,970.019,996.098,969.761,-0.0099
mixed,32,2,0.0625,4.0,1024,8192,512,2048,608,977.41,1021.215,982.261,0.1107
mixed,32,2,0.0625,4.0,1024,8192,1024,4096,1216,995.156,1072.991,999.268,0.0528
mixed,32,2,0.0625,4.0,1024,8192,2048,8192,2432,1030.032,1178.049,1033.186,0.0213
mixed,32,2,0.0625,4.0,1024,8192,4096,16384,4864,1092.497,1376.948,1152.127,0.2096
mixed,32,2,0.0625,4.0,1024,8192,8192,32768,9728,1215.443,1778.273,1334.948,0.2123
mixed,32,2,0.0625,4.0,1024,16384,128,512,152,1593.107,1608.492,1592.9,-0.0134
mixed,32,2,0.0625,4.0,1024,16384,256,1024,304,1602.39,1626.227,1605.668,0.1375
mixed,32,2,0.0625,4.0,1024,16384,512,2048,608,1612.133,1657.59,1614.133,0.044
mixed,32,2,0.0625,4.0,1024,16384,1024,4096,1216,1628.61,1705.956,1637.013,0.1086
mixed,32,2,0.0625,4.0,1024,16384,2048,8192,2432,1665.734,1804.769,1672.259,0.0469
mixed,32,2,0.0625,4.0,1024,16384,4096,16384,4864,1727.397,2013.877,1783.49,0.1958
mixed,32,2,0.0625,4.0,1024,16384,8192,32768,9728,1845.557,2415.113,1963.557,0.2072
mixed,32,2,0.0625,4.0,4096,0,128,512,152,685.633,701.798,688.594,0.1832
mixed,32,2,0.0625,4.0,4096,0,256,1024,304,694.851,720.13,697.938,0.1221
mixed,32,2,0.0625,4.0,4096,0,512,2048,608,705.938,754.192,705.812,-0.0026
mixed,32,2,0.0625,4.0,4096,0,1024,4096,1216,723.908,806.465,727.763,0.0467
mixed,32,2,0.0625,4.0,4096,0,2048,8192,2432,763.17,913.138,764.385,0.0081
mixed,32,2,0.0625,4.0,4096,0,4096,16384,4864,830.196,1110.883,886.675,0.2012
mixed,32,2,0.0625,4.0,4096,0,8192,32768,9728,948.783,1520.229,1070.579,0.2131
mixed,32,2,0.0625,4.0,4096,512,128,512,152,897.859,911.331,897.059,-0.0593
mixed,32,2,0.0625,4.0,4096,512,256,1024,304,904.101,928.918,906.291,0.0883
mixed,32,2,0.0625,4.0,4096,512,512,2048,608,913.025,958.164,915.3,0.0504
mixed,32,2,0.0625,4.0,4096,512,1024,4096,1216,935.316,1013.94,936.962,0.0209
mixed,32,2,0.0625,4.0,4096,512,2048,8192,2432,970.309,1118.961,969.922,-0.0026
mixed,32,2,0.0625,4.0,4096,512,4096,16384,4864,1033.792,1320.39,1092.755,0.2057
mixed,32,2,0.0625,4.0,4096,512,8192,32768,9728,1158.465,1723.202,1272.416,0.2018
mixed,32,2,0.0625,4.0,4096,2048,128,512,152,1189.76,1204.871,1190.706,0.0626
mixed,32,2,0.0625,4.0,4096,2048,256,1024,304,1197.218,1223.641,1199.858,0.0999
mixed,32,2,0.0625,4.0,4096,2048,512,2048,608,1208.838,1250.272,1211.281,0.059
mixed,32,2,0.0625,4.0,4096,2048,1024,4096,1216,1224.134,1302.242,1228.901,0.061
mixed,32,2,0.0625,4.0,4096,2048,2048,8192,2432,1261.155,1407.638,1265.348,0.0286
mixed,32,2,0.0625,4.0,4096,2048,4096,16384,4864,1324.981,1605.617,1385.169,0.2145
mixed,32,2,0.0625,4.0,4096,2048,8192,32768,9728,1447.877,2030.535,1568.306,0.2067
mixed,32,2,0.0625,4.0,4096,8192,128,512,152,2319.992,2332.437,2321.958,0.158
mixed,32,2,0.0625,4.0,4096,8192,256,1024,304,2329.622,2351.973,2328.392,-0.055
mixed,32,2,0.0625,4.0,4096,8192,512,2048,608,2337.914,2379.478,2341.254,0.0804
mixed,32,2,0.0625,4.0,4096,8192,1024,4096,1216,2354.025,2429.944,2356.741,0.0358
mixed,32,2,0.0625,4.0,4096,8192,2048,8192,2432,2388.693,2535.381,2390.293,0.0109
mixed,32,2,0.0625,4.0,4096,8192,4096,16384,4864,2453.923,2742.661,2508.645,0.1895
mixed,32,2,0.0625,4.0,4096,8192,8192,32768,9728,2578.964,3140.299,2698.379,0.2127
mixed,32,2,0.0625,4.0,4096,16384,128,512,152,3792.808,3816.539,3795.734,0.1233
mixed,32,2,0.0625,4.0,4096,16384,256,1024,304,3819.484,3834.892,3807.819,-0.7571
mixed,32,2,0.0625,4.0,4096,16384,512,2048,608,3817.719,3854.761,3816.765,-0.0258
mixed,32,2,0.0625,4.0,4096,16384,1024,4096,1216,3832.745,3905.659,3835.078,0.032
mixed,32,2,0.0625,4.0,4096,16384,2048,8192,2432,3868.33,4009.526,3864.841,-0.0247
mixed,32,2,0.0625,4.0,4096,16384,4096,16384,4864,3926.393,4213.311,3982.506,0.1956
mixed,32,2,0.0625,4.0,4096,16384,8192,32768,9728,4047.196,4622.671,4163.289,0.2017
pure,32,3,0.0938,4.0,0,0,128,512,164,67.407,94.034,81.454,0.5275
pure,32,3,0.0938,4.0,0,0,256,1024,328,89.936,108.465,88.48,-0.0786
pure,32,3,0.0938,4.0,0,0,512,2048,656,95.951,134.769,100.018,0.1048
pure,32,3,0.0938,4.0,0,0,1024,4096,1312,116.034,185.248,118.64,0.0377
pure,32,3,0.0938,4.0,0,0,2048,8192,2624,149.105,290.351,154.338,0.0371
pure,32,3,0.0938,4.0,0,0,4096,16384,5248,215.31,492.866,219.393,0.0147
pure,32,3,0.0938,4.0,0,0,8192,32768,10496,349.072,897.491,346.05,-0.0055
mixed,32,3,0.0938,4.0,16,0,128,512,164,81.249,104.912,92.865,0.4909
mixed,32,3,0.0938,4.0,16,0,256,1024,328,102.016,118.192,99.311,-0.1672
mixed,32,3,0.0938,4.0,16,0,512,2048,656,106.782,146.576,107.104,0.0081
mixed,32,3,0.0938,4.0,16,0,1024,4096,1312,128.225,198.849,128.575,0.005
mixed,32,3,0.0938,4.0,16,0,2048,8192,2624,162.992,304.77,163.778,0.0055
mixed,32,3,0.0938,4.0,16,0,4096,16384,5248,227.697,502.192,232.69,0.0182
mixed,32,3,0.0938,4.0,16,0,8192,32768,10496,360.529,909.941,360.0,-0.001
mixed,32,3,0.0938,4.0,16,512,128,512,164,107.184,115.216,106.113,-0.1333
mixed,32,3,0.0938,4.0,16,512,256,1024,328,110.481,146.704,116.178,0.1573
mixed,32,3,0.0938,4.0,16,512,512,2048,656,110.85,146.385,110.048,-0.0226
mixed,32,3,0.0938,4.0,16,512,1024,4096,1312,158.483,198.754,128.8,-0.737
mixed,32,3,0.0938,4.0,16,512,2048,8192,2624,161.393,305.217,164.655,0.0227
mixed,32,3,0.0938,4.0,16,512,4096,16384,5248,228.224,504.944,233.422,0.0188
mixed,32,3,0.0938,4.0,16,512,8192,32768,10496,364.002,910.37,359.009,-0.0091
mixed,32,3,0.0938,4.0,16,2048,128,512,164,121.552,122.448,118.096,-3.8571
mixed,32,3,0.0938,4.0,16,2048,256,1024,328,121.153,130.147,118.816,-0.2599
mixed,32,3,0.0938,4.0,16,2048,512,2048,656,124.751,193.678,125.504,0.0109
mixed,32,3,0.0938,4.0,16,2048,1024,4096,1312,138.991,276.928,161.65,0.1643
mixed,32,3,0.0938,4.0,16,2048,2048,8192,2624,217.312,305.986,167.041,-0.5669
mixed,32,3,0.0938,4.0,16,2048,4096,16384,5248,326.959,505.394,233.569,-0.5234
mixed,32,3,0.0938,4.0,16,2048,8192,32768,10496,363.584,908.338,358.88,-0.0086
mixed,32,3,0.0938,4.0,16,8192,128,512,164,145.15,156.21,144.85,-0.0271
mixed,32,3,0.0938,4.0,16,8192,256,1024,328,146.385,154.224,145.665,-0.0919
mixed,32,3,0.0938,4.0,16,8192,512,2048,656,150.752,221.104,154.351,0.0512
mixed,32,3,0.0938,4.0,16,8192,1024,4096,1312,181.072,213.696,158.112,-0.7038
mixed,32,3,0.0938,4.0,16,8192,2048,8192,2624,184.801,453.12,224.992,0.1498
mixed,32,3,0.0938,4.0,16,8192,4096,16384,5248,329.904,794.58,339.952,0.0216
mixed,32,3,0.0938,4.0,16,8192,8192,32768,10496,547.17,911.202,370.977,-0.484
mixed,32,3,0.0938,4.0,16,16384,128,512,164,173.039,174.258,172.896,-0.1173
mixed,32,3,0.0938,4.0,16,16384,256,1024,328,173.457,195.728,173.905,0.0201
mixed,32,3,0.0938,4.0,16,16384,512,2048,656,176.016,199.026,175.232,-0.0341
mixed,32,3,0.0938,4.0,16,16384,1024,4096,1312,197.409,330.883,197.713,0.0023
mixed,32,3,0.0938,4.0,16,16384,2048,8192,2624,253.505,330.849,207.041,-0.6008
mixed,32,3,0.0938,4.0,16,16384,4096,16384,5248,257.92,790.195,339.666,0.1536
mixed,32,3,0.0938,4.0,16,16384,8192,32768,10496,543.584,1495.477,563.538,0.021
mixed,32,3,0.0938,4.0,64,0,128,512,164,83.921,108.481,96.272,0.5029
mixed,32,3,0.0938,4.0,64,0,256,1024,328,104.0,132.256,101.888,-0.0748
mixed,32,3,0.0938,4.0,64,0,512,2048,656,111.647,160.066,116.913,0.1088
mixed,32,3,0.0938,4.0,64,0,1024,4096,1312,141.599,206.594,140.978,-0.0096
mixed,32,3,0.0938,4.0,64,0,2048,8192,2624,177.921,314.178,189.6,0.0857
mixed,32,3,0.0938,4.0,64,0,4096,16384,5248,236.831,516.05,276.721,0.1429
mixed,32,3,0.0938,4.0,64,0,8192,32768,10496,372.353,919.698,454.082,0.1493
mixed,32,3,0.0938,4.0,64,512,128,512,164,131.617,145.025,121.184,-0.7782
mixed,32,3,0.0938,4.0,64,512,256,1024,328,125.135,130.737,124.513,-0.1111
mixed,32,3,0.0938,4.0,64,512,512,2048,656,134.129,193.553,130.928,-0.0538
mixed,32,3,0.0938,4.0,64,512,1024,4096,1312,137.937,259.329,170.592,0.269
mixed,32,3,0.0938,4.0,64,512,2048,8192,2624,218.238,363.761,186.447,-0.2185
mixed,32,3,0.0938,4.0,64,512,4096,16384,5248,288.883,565.712,277.3,-0.0418
mixed,32,3,0.0938,4.0,64,512,8192,32768,10496,419.202,954.372,455.712,0.0682
mixed,32,3,0.0938,4.0,64,2048,128,512,164,141.489,157.281,141.522,0.0021
mixed,32,3,0.0938,4.0,64,2048,256,1024,328,140.401,152.609,142.178,0.1455
mixed,32,3,0.0938,4.0,64,2048,512,2048,656,169.92,230.514,166.031,-0.0642
mixed,32,3,0.0938,4.0,64,2048,1024,4096,1312,186.594,223.665,164.368,-0.5995
mixed,32,3,0.0938,4.0,64,2048,2048,8192,2624,251.92,450.913,231.154,-0.1044
mixed,32,3,0.0938,4.0,64,2048,4096,16384,5248,330.37,662.577,335.697,0.016
mixed,32,3,0.0938,4.0,64,2048,8192,32768,10496,522.591,1057.106,450.61,-0.1347
mixed,32,3,0.0938,4.0,64,8192,128,512,164,194.082,204.097,208.705,1.4601
mixed,32,3,0.0938,4.0,64,8192,256,1024,328,209.327,221.377,208.913,-0.0344
mixed,32,3,0.0938,4.0,64,8192,512,2048,656,211.761,279.922,231.424,0.2885
mixed,32,3,0.0938,4.0,64,8192,1024,4096,1312,220.913,269.264,273.264,1.0827
mixed,32,3,0.0938,4.0,64,8192,2048,8192,2624,325.985,553.792,282.368,-0.1915
mixed,32,3,0.0938,4.0,64,8192,4096,16384,5248,397.231,574.673,440.817,0.2456
mixed,32,3,0.0938,4.0,64,8192,8192,32768,10496,631.073,1453.749,559.042,-0.0876
mixed,32,3,0.0938,4.0,64,16384,128,512,164,282.497,297.105,281.328,-0.08
mixed,32,3,0.0938,4.0,64,16384,256,1024,328,272.784,298.303,280.72,0.311
mixed,32,3,0.0938,4.0,64,16384,512,2048,656,298.817,327.424,298.306,-0.0179
mixed,32,3,0.0938,4.0,64,16384,1024,4096,1312,315.728,443.042,354.928,0.3079
mixed,32,3,0.0938,4.0,64,16384,2048,8192,2624,327.952,434.625,431.904,0.9745
mixed,32,3,0.0938,4.0,64,16384,4096,16384,5248,534.385,980.29,448.69,-0.1922
mixed,32,3,0.0938,4.0,64,16384,8192,32768,10496,676.433,1017.858,755.137,0.2305
mixed,32,3,0.0938,4.0,256,0,128,512,164,94.127,123.727,117.089,0.7757
mixed,32,3,0.0938,4.0,256,0,256,1024,328,118.097,146.882,142.176,0.8365
mixed,32,3,0.0938,4.0,256,0,512,2048,656,131.328,190.83,181.441,0.8422
mixed,32,3,0.0938,4.0,256,0,1024,4096,1312,159.216,272.382,263.711,0.9234
mixed,32,3,0.0938,4.0,256,0,2048,8192,2624,210.224,427.361,420.193,0.967
mixed,32,3,0.0938,4.0,256,0,4096,16384,5248,313.824,746.145,732.001,0.9673
mixed,32,3,0.0938,4.0,256,0,8192,32768,10496,518.832,1369.859,1347.38,0.9736
mixed,32,3,0.0938,4.0,256,512,128,512,164,181.536,211.615,184.016,0.0824
mixed,32,3,0.0938,4.0,256,512,256,1024,328,195.505,220.465,205.522,0.4013
mixed,32,3,0.0938,4.0,256,512,512,2048,656,205.601,189.633,248.144,
mixed,32,3,0.0938,4.0,256,512,1024,4096,1312,159.777,272.192,261.904,0.9085
mixed,32,3,0.0938,4.0,256,512,2048,8192,2624,210.353,433.393,422.016,0.949
mixed,32,3,0.0938,4.0,256,512,4096,16384,5248,317.264,748.13,734.241,0.9678
mixed,32,3,0.0938,4.0,256,512,8192,32768,10496,520.112,1374.499,1354.883,0.977
mixed,32,3,0.0938,4.0,256,2048,128,512,164,237.282,271.01,239.664,0.0706
mixed,32,3,0.0938,4.0,256,2048,256,1024,328,256.721,312.335,250.88,-0.105
mixed,32,3,0.0938,4.0,256,2048,512,2048,656,283.056,325.697,306.225,0.5433
mixed,32,3,0.0938,4.0,256,2048,1024,4096,1312,335.106,277.456,388.226,
mixed,32,3,0.0938,4.0,256,2048,2048,8192,2624,345.57,439.137,551.602,2.202
mixed,32,3,0.0938,4.0,256,2048,4096,16384,5248,318.162,753.026,739.539,0.969
mixed,32,3,0.0938,4.0,256,2048,8192,32768,10496,526.722,1380.612,1360.995,0.977
mixed,32,3,0.0938,4.0,256,8192,128,512,164,463.378,507.234,463.508,0.003
mixed,32,3,0.0938,4.0,256,8192,256,1024,328,463.664,545.953,460.449,-0.0391
mixed,32,3,0.0938,4.0,256,8192,512,2048,656,516.53,628.353,509.298,-0.0647
mixed,32,3,0.0938,4.0,256,8192,1024,4096,1312,569.666,784.48,551.713,-0.0836
mixed,32,3,0.0938,4.0,256,8192,2048,8192,2624,675.074,799.858,783.073,0.8655
mixed,32,3,0.0938,4.0,256,8192,4096,16384,5248,869.506,764.482,1097.442,
mixed,32,3,0.0938,4.0,256,8192,8192,32768,10496,886.755,1389.075,1715.028,1.6489
mixed,32,3,0.0938,4.0,256,16384,128,512,164,772.018,773.522,774.371,1.5641
mixed,32,3,0.0938,4.0,256,16384,256,1024,328,777.106,855.459,775.332,-0.0226
mixed,32,3,0.0938,4.0,256,16384,512,2048,656,775.441,933.523,775.091,-0.0022
mixed,32,3,0.0938,4.0,256,16384,1024,4096,1312,872.627,1092.722,854.306,-0.0832
mixed,32,3,0.0938,4.0,256,16384,2048,8192,2624,979.363,1404.003,941.346,-0.0895
mixed,32,3,0.0938,4.0,256,16384,4096,16384,5248,1180.785,1418.484,1398.307,0.9151
mixed,32,3,0.0938,4.0,256,16384,8192,32768,10496,1572.883,1381.795,2012.323,
mixed,32,3,0.0938,4.0,1024,0,128,512,164,231.424,248.225,232.707,0.0763
mixed,32,3,0.0938,4.0,1024,0,256,1024,328,242.338,267.281,243.805,0.0588
mixed,32,3,0.0938,4.0,1024,0,512,2048,656,252.337,295.826,255.905,0.082
mixed,32,3,0.0938,4.0,1024,0,1024,4096,1312,276.562,352.769,277.617,0.0138
mixed,32,3,0.0938,4.0,1024,0,2048,8192,2624,315.57,456.723,315.873,0.0021
mixed,32,3,0.0938,4.0,1024,0,4096,16384,5248,379.202,658.529,385.236,0.0216
mixed,32,3,0.0938,4.0,1024,0,8192,32768,10496,515.73,1088.335,513.602,-0.0037
mixed,32,3,0.0938,4.0,1024,512,128,512,164,342.081,355.806,341.707,-0.0272
mixed,32,3,0.0938,4.0,1024,512,256,1024,328,351.999,374.656,350.817,-0.0521
mixed,32,3,0.0938,4.0,1024,512,512,2048,656,360.738,405.426,362.815,0.0465
mixed,32,3,0.0938,4.0,1024,512,1024,4096,1312,384.576,461.937,385.395,0.0106
mixed,32,3,0.0938,4.0,1024,512,2048,8192,2624,422.61,566.977,424.658,0.0142
mixed,32,3,0.0938,4.0,1024,512,4096,16384,5248,488.435,767.043,494.352,0.0212
mixed,32,3,0.0938,4.0,1024,512,8192,32768,10496,620.98,1192.568,622.174,0.0021
mixed,32,3,0.0938,4.0,1024,2048,128,512,164,464.722,479.071,467.344,0.1827
mixed,32,3,0.0938,4.0,1024,2048,256,1024,328,474.244,497.094,475.074,0.0363
mixed,32,3,0.0938,4.0,1024,2048,512,2048,656,484.721,527.268,485.711,0.0233
mixed,32,3,0.0938,4.0,1024,2048,1024,4096,1312,509.875,580.863,509.344,-0.0075
mixed,32,3,0.0938,4.0,1024,2048,2048,8192,2624,542.478,684.605,548.675,0.0436
mixed,32,3,0.0938,4.0,1024,2048,4096,16384,5248,609.555,886.494,615.428,0.0212
mixed,32,3,0.0938,4.0,1024,2048,8192,32768,10496,744.274,1309.986,740.946,-0.0059
mixed,32,3,0.0938,4.0,1024,8192,128,512,164,967.618,974.448,966.626,-0.1452
mixed,32,3,0.0938,4.0,1024,8192,256,1024,328,969.65,992.067,972.031,0.1062
mixed,32,3,0.0938,4.0,1024,8192,512,2048,656,980.545,1019.621,984.293,0.0959
mixed,32,3,0.0938,4.0,1024,8192,1024,4096,1312,1001.429,1073.461,1001.779,0.0048
mixed,32,3,0.0938,4.0,1024,8192,2048,8192,2624,1038.653,1178.005,1039.684,0.0074
mixed,32,3,0.0938,4.0,1024,8192,4096,16384,5248,1099.65,1376.996,1107.412,0.028
mixed,32,3,0.0938,4.0,1024,8192,8192,32768,10496,1231.585,1778.039,1235.347,0.0069
mixed,32,3,0.0938,4.0,1024,16384,128,512,164,1597.908,1610.868,1599.173,0.0976
mixed,32,3,0.0938,4.0,1024,16384,256,1024,328,1603.463,1625.329,1604.55,0.0497
mixed,32,3,0.0938,4.0,1024,16384,512,2048,656,1609.331,1651.348,1616.502,0.1707
mixed,32,3,0.0938,4.0,1024,16384,1024,4096,1312,1634.263,1706.577,1639.59,0.0737
mixed,32,3,0.0938,4.0,1024,16384,2048,8192,2624,1670.213,1809.956,1667.301,-0.0208
mixed,32,3,0.0938,4.0,1024,16384,4096,16384,5248,1736.022,2009.334,1736.768,0.0027
mixed,32,3,0.0938,4.0,1024,16384,8192,32768,10496,1863.442,2413.525,1867.491,0.0074
mixed,32,3,0.0938,4.0,4096,0,128,512,164,689.762,703.25,689.474,-0.0214
mixed,32,3,0.0938,4.0,4096,0,256,1024,328,697.444,721.153,696.803,-0.027
mixed,32,3,0.0938,4.0,4096,0,512,2048,656,707.423,752.304,708.56,0.0253
mixed,32,3,0.0938,4.0,4096,0,1024,4096,1312,729.103,805.969,731.201,0.0273
mixed,32,3,0.0938,4.0,4096,0,2048,8192,2624,770.451,910.562,772.48,0.0145
mixed,32,3,0.0938,4.0,4096,0,4096,16384,5248,835.681,1114.706,842.387,0.024
mixed,32,3,0.0938,4.0,4096,0,8192,32768,10496,968.402,1518.051,965.986,-0.0044
mixed,32,3,0.0938,4.0,4096,512,128,512,164,895.523,912.36,899.716,0.249
mixed,32,3,0.0938,4.0,4096,512,256,1024,328,908.323,929.505,911.22,0.1367
mixed,32,3,0.0938,4.0,4096,512,512,2048,656,916.259,959.363,920.13,0.0898
mixed,32,3,0.0938,4.0,4096,512,1024,4096,1312,938.897,1013.522,940.244,0.018
mixed,32,3,0.0938,4.0,4096,512,2048,8192,2624,976.083,1117.123,977.699,0.0115
mixed,32,3,0.0938,4.0,4096,512,4096,16384,5248,1039.669,1321.123,1047.072,0.0263
mixed,32,3,0.0938,4.0,4096,512,8192,32768,10496,1175.093,1723.956,1173.396,-0.0031
mixed,32,3,0.0938,4.0,4096,2048,128,512,164,1190.959,1204.437,1191.332,0.0276
mixed,32,3,0.0938,4.0,4096,2048,256,1024,328,1197.428,1222.914,1202.449,0.197
mixed,32,3,0.0938,4.0,4096,2048,512,2048,656,1208.912,1249.955,1209.401,0.0119
mixed,32,3,0.0938,4.0,4096,2048,1024,4096,1312,1229.014,1304.163,1234.228,0.0694
mixed,32,3,0.0938,4.0,4096,2048,2048,8192,2624,1265.603,1406.676,1273.459,0.0557
mixed,32,3,0.0938,4.0,4096,2048,4096,16384,5248,1331.332,1611.012,1335.778,0.0159
mixed,32,3,0.0938,4.0,4096,2048,8192,32768,10496,1467.492,2025.796,1461.125,-0.0114
mixed,32,3,0.0938,4.0,4096,8192,128,512,164,2322.644,2337.172,2319.302,-0.2301
mixed,32,3,0.0938,4.0,4096,8192,256,1024,328,2332.472,2354.117,2330.374,-0.0969
mixed,32,3,0.0938,4.0,4096,8192,512,2048,656,2338.598,2377.957,2344.454,0.1488
mixed,32,3,0.0938,4.0,4096,8192,1024,4096,1312,2357.177,2433.529,2361.193,0.0526
mixed,32,3,0.0938,4.0,4096,8192,2048,8192,2624,2397.175,2537.032,2398.888,0.0122
mixed,32,3,0.0938,4.0,4096,8192,4096,16384,5248,2457.253,2733.462,2464.804,0.0273
mixed,32,3,0.0938,4.0,4096,8192,8192,32768,10496,2589.863,3156.601,2591.428,0.0028
mixed,32,3,0.0938,4.0,4096,16384,128,512,164,3819.803,3810.011,3800.599,
mixed,32,3,0.0938,4.0,4096,16384,256,1024,328,3813.85,3829.275,3808.443,-0.3505
mixed,32,3,0.0938,4.0,4096,16384,512,2048,656,3817.167,3851.517,3821.879,0.1372
mixed,32,3,0.0938,4.0,4096,16384,1024,4096,1312,3838.267,3907.963,3836.535,-0.0248
mixed,32,3,0.0938,4.0,4096,16384,2048,8192,2624,3882.074,4006.78,3877.26,-0.0386
mixed,32,3,0.0938,4.0,4096,16384,4096,16384,5248,3934.413,4240.396,3937.401,0.0098
mixed,32,3,0.0938,4.0,4096,16384,8192,32768,10496,4071.626,4617.628,4066.262,-0.0098
pure,32,4,0.125,4.0,0,0,128,512,176,67.713,93.505,82.159,0.5601
pure,32,4,0.125,4.0,0,0,256,1024,352,89.903,108.192,88.497,-0.0769
pure,32,4,0.125,4.0,0,0,512,2048,704,100.799,135.168,100.688,-0.0032
pure,32,4,0.125,4.0,0,0,1024,4096,1408,119.905,185.969,121.088,0.0179
pure,32,4,0.125,4.0,0,0,2048,8192,2816,156.512,291.857,157.169,0.0049
pure,32,4,0.125,4.0,0,0,4096,16384,5632,226.353,491.265,234.912,0.0323
pure,32,4,0.125,4.0,0,0,8192,32768,11264,368.304,899.682,378.688,0.0195
mixed,32,4,0.125,4.0,16,0,128,512,176,82.897,105.857,93.07,0.4431
mixed,32,4,0.125,4.0,16,0,256,1024,352,102.928,118.673,98.703,-0.2683
mixed,32,4,0.125,4.0,16,0,512,2048,704,112.194,144.96,107.392,-0.1466
mixed,32,4,0.125,4.0,16,0,1024,4096,1408,129.76,199.231,131.679,0.0276
mixed,32,4,0.125,4.0,16,0,2048,8192,2816,169.486,302.623,171.857,0.0178
mixed,32,4,0.125,4.0,16,0,4096,16384,5632,238.931,503.168,243.985,0.0191
mixed,32,4,0.125,4.0,16,0,8192,32768,11264,382.209,908.417,391.167,0.017
mixed,32,4,0.125,4.0,16,512,128,512,176,105.615,116.114,107.424,0.1723
mixed,32,4,0.125,4.0,16,512,256,1024,352,111.905,144.899,113.296,0.0422
mixed,32,4,0.125,4.0,16,512,512,2048,704,113.6,145.632,111.393,-0.0689
mixed,32,4,0.125,4.0,16,512,1024,4096,1408,170.304,196.498,131.807,-1.4697
mixed,32,4,0.125,4.0,16,512,2048,8192,2816,168.417,306.625,171.441,0.0219
mixed,32,4,0.125,4.0,16,512,4096,16384,5632,240.558,506.306,247.073,0.0245
mixed,32,4,0.125,4.0,16,512,8192,32768,11264,383.537,908.051,383.249,-0.0006
mixed,32,4,0.125,4.0,16,2048,128,512,176,121.312,121.2,119.102,
mixed,32,4,0.125,4.0,16,2048,256,1024,352,122.273,130.145,118.047,-0.5367
mixed,32,4,0.125,4.0,16,2048,512,2048,704,126.737,193.649,124.528,-0.033
mixed,32,4,0.125,4.0,16,2048,1024,4096,1408,135.025,275.84,167.984,0.2341
mixed,32,4,0.125,4.0,16,2048,2048,8192,2816,225.871,306.448,230.785,0.061
mixed,32,4,0.125,4.0,16,2048,4096,16384,5632,341.602,505.984,340.417,-0.0072
mixed,32,4,0.125,4.0,16,2048,8192,32768,11264,385.313,908.305,384.896,-0.0008
mixed,32,4,0.125,4.0,16,8192,128,512,176,145.697,155.824,144.846,-0.084
mixed,32,4,0.125,4.0,16,8192,256,1024,352,147.343,153.072,145.824,-0.2651
mixed,32,4,0.125,4.0,16,8192,512,2048,704,150.287,220.673,155.359,0.0721
mixed,32,4,0.125,4.0,16,8192,1024,4096,1408,187.057,215.715,160.416,-0.9296
mixed,32,4,0.125,4.0,16,8192,2048,8192,2816,194.049,452.706,187.442,-0.0255
mixed,32,4,0.125,4.0,16,8192,4096,16384,5632,343.699,796.0,341.858,-0.0041
mixed,32,4,0.125,4.0,16,8192,8192,32768,11264,579.841,911.635,578.593,-0.0038
mixed,32,4,0.125,4.0,16,16384,128,512,176,173.345,174.176,173.392,0.0566
mixed,32,4,0.125,4.0,16,16384,256,1024,352,173.985,195.62,176.256,0.105
mixed,32,4,0.125,4.0,16,16384,512,2048,704,178.415,196.881,175.375,-0.1646
mixed,32,4,0.125,4.0,16,16384,1024,4096,1408,200.08,332.257,197.873,-0.0167
mixed,32,4,0.125,4.0,16,16384,2048,8192,2816,267.089,334.435,277.12,0.149
mixed,32,4,0.125,4.0,16,16384,4096,16384,5632,277.232,788.258,273.696,-0.0069
mixed,32,4,0.125,4.0,16,16384,8192,32768,11264,577.505,1488.786,573.297,-0.0046
mixed,32,4,0.125,4.0,64,0,128,512,176,82.112,106.145,96.449,0.5966
mixed,32,4,0.125,4.0,64,0,256,1024,352,103.361,131.936,103.521,0.0056
mixed,32,4,0.125,4.0,64,0,512,2048,704,111.569,161.68,117.425,0.1169
mixed,32,4,0.125,4.0,64,0,1024,4096,1408,147.631,209.315,143.057,-0.0742
mixed,32,4,0.125,4.0,64,0,2048,8192,2816,178.702,317.44,193.344,0.1055
mixed,32,4,0.125,4.0,64,0,4096,16384,5632,250.481,514.896,286.432,0.136
mixed,32,4,0.125,4.0,64,0,8192,32768,11264,396.402,919.186,463.49,0.1283
mixed,32,4,0.125,4.0,64,512,128,512,176,129.823,143.696,121.264,-0.617
mixed,32,4,0.125,4.0,64,512,256,1024,352,126.175,129.936,124.672,-0.3996
mixed,32,4,0.125,4.0,64,512,512,2048,704,135.314,191.088,129.872,-0.0976
mixed,32,4,0.125,4.0,64,512,1024,4096,1408,141.618,260.943,171.263,0.2484
mixed,32,4,0.125,4.0,64,512,2048,8192,2816,223.952,368.032,193.232,-0.2132
mixed,32,4,0.125,4.0,64,512,4096,16384,5632,299.105,560.466,287.504,-0.0444
mixed,32,4,0.125,4.0,64,512,8192,32768,11264,440.016,945.873,463.041,0.0455
mixed,32,4,0.125,4.0,64,2048,128,512,176,141.264,157.827,142.321,0.0638
mixed,32,4,0.125,4.0,64,2048,256,1024,352,141.921,152.288,142.433,0.0493
mixed,32,4,0.125,4.0,64,2048,512,2048,704,174.048,229.04,164.049,-0.1818
mixed,32,4,0.125,4.0,64,2048,1024,4096,1408,191.024,221.856,164.576,-0.8578
mixed,32,4,0.125,4.0,64,2048,2048,8192,2816,196.546,451.778,189.665,-0.027
mixed,32,4,0.125,4.0,64,2048,4096,16384,5632,343.378,663.86,341.121,-0.007
mixed,32,4,0.125,4.0,64,2048,8192,32768,11264,536.513,1049.81,461.664,-0.1458
mixed,32,4,0.125,4.0,64,8192,128,512,176,192.93,204.144,209.247,1.455
mixed,32,4,0.125,4.0,64,8192,256,1024,352,210.112,221.377,209.584,-0.0469
mixed,32,4,0.125,4.0,64,8192,512,2048,704,222.653,280.625,231.486,0.1524
mixed,32,4,0.125,4.0,64,8192,1024,4096,1408,214.752,272.019,273.776,1.0307
mixed,32,4,0.125,4.0,64,8192,2048,8192,2816,340.897,555.361,287.457,-0.2492
mixed,32,4,0.125,4.0,64,8192,4096,16384,5632,423.939,569.956,443.934,0.1369
mixed,32,4,0.125,4.0,64,8192,8192,32768,11264,444.914,1455.684,441.12,-0.0038
mixed,32,4,0.125,4.0,64,16384,128,512,176,282.129,298.065,283.105,0.0612
mixed,32,4,0.125,4.0,64,16384,256,1024,352,272.24,298.945,280.865,0.323
mixed,32,4,0.125,4.0,64,16384,512,2048,704,298.289,325.97,299.026,0.0266
mixed,32,4,0.125,4.0,64,16384,1024,4096,1408,334.864,444.081,358.081,0.2126
mixed,32,4,0.125,4.0,64,16384,2048,8192,2816,319.441,435.442,435.25,0.9983
mixed,32,4,0.125,4.0,64,16384,4096,16384,5632,561.652,980.419,454.081,-0.2569
mixed,32,4,0.125,4.0,64,16384,8192,32768,11264,714.226,1037.185,766.194,0.1609
mixed,32,4,0.125,4.0,256,0,128,512,176,96.257,123.439,116.193,0.7334
mixed,32,4,0.125,4.0,256,0,256,1024,352,120.289,148.353,140.851,0.7327
mixed,32,4,0.125,4.0,256,0,512,2048,704,134.961,191.168,180.848,0.8164
mixed,32,4,0.125,4.0,256,0,1024,4096,1408,164.016,273.97,263.087,0.901
mixed,32,4,0.125,4.0,256,0,2048,8192,2816,220.785,428.417,421.329,0.9659
mixed,32,4,0.125,4.0,256,0,4096,16384,5632,331.296,746.194,732.162,0.9662
mixed,32,4,0.125,4.0,256,0,8192,32768,11264,548.642,1373.011,1346.387,0.9677
mixed,32,4,0.125,4.0,256,512,128,512,176,181.554,211.889,186.656,0.1682
mixed,32,4,0.125,4.0,256,512,256,1024,352,197.617,219.791,208.737,0.5015
mixed,32,4,0.125,4.0,256,512,512,2048,704,205.297,191.151,249.185,
mixed,32,4,0.125,4.0,256,512,1024,4096,1408,163.584,273.232,261.632,0.8942
mixed,32,4,0.125,4.0,256,512,2048,8192,2816,223.071,433.232,422.832,0.9505
mixed,32,4,0.125,4.0,256,512,4096,16384,5632,334.05,747.889,736.737,0.9731
mixed,32,4,0.125,4.0,256,512,8192,32768,11264,553.216,1380.148,1350.821,0.9645
mixed,32,4,0.125,4.0,256,2048,128,512,176,238.737,271.84,240.768,0.0614
mixed,32,4,0.125,4.0,256,2048,256,1024,352,257.793,312.737,253.119,-0.0851
mixed,32,4,0.125,4.0,256,2048,512,2048,704,286.127,325.584,306.305,0.5114
mixed,32,4,0.125,4.0,256,2048,1024,4096,1408,345.393,277.744,388.417,
mixed,32,4,0.125,4.0,256,2048,2048,8192,2816,358.113,440.385,553.089,2.3699
mixed,32,4,0.125,4.0,256,2048,4096,16384,5632,337.554,756.866,739.791,0.9593
mixed,32,4,0.125,4.0,256,2048,8192,32768,11264,556.307,1382.787,1363.811,0.977
mixed,32,4,0.125,4.0,256,8192,128,512,176,465.777,505.858,464.832,-0.0236
mixed,32,4,0.125,4.0,256,8192,256,1024,352,464.146,549.986,457.952,-0.0721
mixed,32,4,0.125,4.0,256,8192,512,2048,704,524.146,625.97,510.77,-0.1314
mixed,32,4,0.125,4.0,256,8192,1024,4096,1408,580.852,786.163,550.337,-0.1486
mixed,32,4,0.125,4.0,256,8192,2048,8192,2816,685.764,796.337,782.834,0.8779
mixed,32,4,0.125,4.0,256,8192,4096,16384,5632,905.346,761.553,1091.283,
mixed,32,4,0.125,4.0,256,8192,8192,32768,11264,915.426,1390.627,1717.284,1.6874
mixed,32,4,0.125,4.0,256,16384,128,512,176,776.594,775.713,773.921,
mixed,32,4,0.125,4.0,256,16384,256,1024,352,775.745,857.232,774.21,-0.0188
mixed,32,4,0.125,4.0,256,16384,512,2048,704,777.314,934.483,778.34,0.0065
mixed,32,4,0.125,4.0,256,16384,1024,4096,1408,883.938,1092.804,854.354,-0.1416
mixed,32,4,0.125,4.0,256,16384,2048,8192,2816,995.106,1397.651,937.554,-0.143
mixed,32,4,0.125,4.0,256,16384,4096,16384,5632,1209.09,1417.602,1397.702,0.9046
mixed,32,4,0.125,4.0,256,16384,8192,32768,11264,1634.258,1391.236,2014.486,
mixed,32,4,0.125,4.0,1024,0,128,512,176,233.903,249.119,234.191,0.0189
mixed,32,4,0.125,4.0,1024,0,256,1024,352,244.541,266.577,245.12,0.0263
mixed,32,4,0.125,4.0,1024,0,512,2048,704,254.642,296.018,257.651,0.0727
mixed,32,4,0.125,4.0,1024,0,1024,4096,1408,278.77,351.104,282.641,0.0535
mixed,32,4,0.125,4.0,1024,0,2048,8192,2816,322.129,458.851,318.433,-0.027
mixed,32,4,0.125,4.0,1024,0,4096,16384,5632,393.055,660.642,398.639,0.0209
mixed,32,4,0.125,4.0,1024,0,8192,32768,11264,537.505,1084.659,544.113,0.0121
mixed,32,4,0.125,4.0,1024,512,128,512,176,339.84,354.703,340.914,0.0723
mixed,32,4,0.125,4.0,1024,512,256,1024,352,352.879,371.981,353.793,0.0478
mixed,32,4,0.125,4.0,1024,512,512,2048,704,362.61,405.074,365.01,0.0565
mixed,32,4,0.125,4.0,1024,512,1024,4096,1408,386.53,462.415,391.154,0.0609
mixed,32,4,0.125,4.0,1024,512,2048,8192,2816,428.88,567.734,428.85,-0.0002
mixed,32,4,0.125,4.0,1024,512,4096,16384,5632,504.113,766.804,506.32,0.0084
mixed,32,4,0.125,4.0,1024,512,8192,32768,11264,645.107,1195.15,652.338,0.0131
mixed,32,4,0.125,4.0,1024,2048,128,512,176,465.565,479.394,465.427,-0.01
mixed,32,4,0.125,4.0,1024,2048,256,1024,352,477.489,497.937,475.873,-0.079
mixed,32,4,0.125,4.0,1024,2048,512,2048,704,485.991,524.752,487.057,0.0275
mixed,32,4,0.125,4.0,1024,2048,1024,4096,1408,510.721,583.859,512.448,0.0236
mixed,32,4,0.125,4.0,1024,2048,2048,8192,2816,551.329,686.961,552.001,0.005
mixed,32,4,0.125,4.0,1024,2048,4096,16384,5632,624.338,888.753,629.345,0.0189
mixed,32,4,0.125,4.0,1024,2048,8192,32768,11264,767.286,1310.085,772.115,0.0089
mixed,32,4,0.125,4.0,1024,8192,128,512,176,962.166,977.54,965.444,0.2132
mixed,32,4,0.125,4.0,1024,8192,256,1024,352,974.499,994.72,972.934,-0.0774
mixed,32,4,0.125,4.0,1024,8192,512,2048,704,983.362,1023.007,981.812,-0.0391
mixed,32,4,0.125,4.0,1024,8192,1024,4096,1408,1006.141,1072.345,1004.532,-0.0243
mixed,32,4,0.125,4.0,1024,8192,2048,8192,2816,1046.34,1179.855,1045.698,-0.0048
mixed,32,4,0.125,4.0,1024,8192,4096,16384,5632,1112.642,1380.964,1113.681,0.0039
mixed,32,4,0.125,4.0,1024,8192,8192,32768,11264,1257.873,1779.124,1262.787,0.0094
mixed,32,4,0.125,4.0,1024,16384,128,512,176,1597.238,1614.727,1599.028,0.1024
mixed,32,4,0.125,4.0,1024,16384,256,1024,352,1604.679,1630.164,1606.802,0.0833
mixed,32,4,0.125,4.0,1024,16384,512,2048,704,1612.275,1651.345,1615.78,0.0897
mixed,32,4,0.125,4.0,1024,16384,1024,4096,1408,1638.401,1704.103,1636.388,-0.0306
mixed,32,4,0.125,4.0,1024,16384,2048,8192,2816,1673.621,1814.852,1675.686,0.0146
mixed,32,4,0.125,4.0,1024,16384,4096,16384,5632,1746.406,2008.323,1746.468,0.0002
mixed,32,4,0.125,4.0,1024,16384,8192,32768,11264,1885.559,2412.022,1892.533,0.0132
mixed,32,4,0.125,4.0,4096,0,128,512,176,688.688,703.812,688.448,-0.0159
mixed,32,4,0.125,4.0,4096,0,256,1024,352,698.896,720.643,698.831,-0.003
mixed,32,4,0.125,4.0,4096,0,512,2048,704,707.746,749.953,710.946,0.0758
mixed,32,4,0.125,4.0,4096,0,1024,4096,1408,733.761,804.595,734.226,0.0066
mixed,32,4,0.125,4.0,4096,0,2048,8192,2816,772.9,911.857,773.391,0.0035
mixed,32,4,0.125,4.0,4096,0,4096,16384,5632,847.17,1110.689,851.474,0.0163
mixed,32,4,0.125,4.0,4096,0,8192,32768,11264,990.929,1521.33,997.505,0.0124
mixed,32,4,0.125,4.0,4096,512,128,512,176,899.649,911.555,899.566,-0.007
mixed,32,4,0.125,4.0,4096,512,256,1024,352,906.031,928.098,907.535,0.0682
mixed,32,4,0.125,4.0,4096,512,512,2048,704,917.828,957.361,921.251,0.0866
mixed,32,4,0.125,4.0,4096,512,1024,4096,1408,939.168,1011.538,946.963,0.1077
mixed,32,4,0.125,4.0,4096,512,2048,8192,2816,984.305,1121.954,981.648,-0.0193
mixed,32,4,0.125,4.0,4096,512,4096,16384,5632,1054.033,1319.028,1058.034,0.0151
mixed,32,4,0.125,4.0,4096,512,8192,32768,11264,1199.379,1726.082,1201.023,0.0031
mixed,32,4,0.125,4.0,4096,2048,128,512,176,1192.272,1202.39,1197.333,0.5002
mixed,32,4,0.125,4.0,4096,2048,256,1024,352,1202.597,1226.35,1199.49,-0.1308
mixed,32,4,0.125,4.0,4096,2048,512,2048,704,1212.308,1252.148,1211.795,-0.0129
mixed,32,4,0.125,4.0,4096,2048,1024,4096,1408,1235.042,1303.236,1238.833,0.0556
mixed,32,4,0.125,4.0,4096,2048,2048,8192,2816,1277.525,1407.652,1270.023,-0.0577
mixed,32,4,0.125,4.0,4096,2048,4096,16384,5632,1345.681,1610.323,1348.563,0.0109
mixed,32,4,0.125,4.0,4096,2048,8192,32768,11264,1486.55,2028.789,1492.275,0.0106
mixed,32,4,0.125,4.0,4096,8192,128,512,176,2322.312,2333.715,2323.559,0.1093
mixed,32,4,0.125,4.0,4096,8192,256,1024,352,2332.681,2352.438,2333.188,0.0256
mixed,32,4,0.125,4.0,4096,8192,512,2048,704,2342.215,2378.74,2343.832,0.0443
mixed,32,4,0.125,4.0,4096,8192,1024,4096,1408,2361.961,2442.95,2367.269,0.0655
mixed,32,4,0.125,4.0,4096,8192,2048,8192,2816,2404.485,2534.949,2403.336,-0.0088
mixed,32,4,0.125,4.0,4096,8192,4096,16384,5632,2473.284,2739.444,2477.415,0.0155
mixed,32,4,0.125,4.0,4096,8192,8192,32768,11264,2611.626,3150.916,2623.624,0.0222
mixed,32,4,0.125,4.0,4096,16384,128,512,176,3800.331,3810.477,3800.331,-0.0001
mixed,32,4,0.125,4.0,4096,16384,256,1024,352,3806.615,3841.454,3806.135,-0.0138
mixed,32,4,0.125,4.0,4096,16384,512,2048,704,3813.126,3855.482,3815.128,0.0473
mixed,32,4,0.125,4.0,4096,16384,1024,4096,1408,3839.675,3917.691,3842.699,0.0388
mixed,32,4,0.125,4.0,4096,16384,2048,8192,2816,3878.427,4011.578,3874.537,-0.0292
mixed,32,4,0.125,4.0,4096,16384,4096,16384,5632,3945.706,4220.395,3950.764,0.0184
mixed,32,4,0.125,4.0,4096,16384,8192,32768,11264,4092.327,4624.424,4088.046,-0.008
pure,32,8,0.25,4.0,0,0,128,512,224,71.759,94.879,82.273,0.4548
pure,32,8,0.25,4.0,0,0,256,1024,448,91.328,107.153,91.118,-0.0133
pure,32,8,0.25,4.0,0,0,512,2048,896,102.032,134.463,123.088,0.6492
pure,32,8,0.25,4.0,0,0,1024,4096,1792,129.617,185.072,154.622,0.4509
pure,32,8,0.25,4.0,0,0,2048,8192,3584,174.271,289.073,215.04,0.3551
pure,32,8,0.25,4.0,0,0,4096,16384,7168,263.635,490.579,340.673,0.3395
pure,32,8,0.25,4.0,0,0,8192,32768,14336,440.738,897.012,580.288,0.3058
mixed,32,8,0.25,4.0,16,0,128,512,224,86.222,105.52,95.393,0.4752
mixed,32,8,0.25,4.0,16,0,256,1024,448,101.038,117.52,102.304,0.0768
mixed,32,8,0.25,4.0,16,0,512,2048,896,114.626,144.496,116.8,0.0728
mixed,32,8,0.25,4.0,16,0,1024,4096,1792,140.431,199.266,170.639,0.5134
mixed,32,8,0.25,4.0,16,0,2048,8192,3584,186.655,302.53,232.688,0.3973
mixed,32,8,0.25,4.0,16,0,4096,16384,7168,275.936,505.248,363.985,0.384
mixed,32,8,0.25,4.0,16,0,8192,32768,14336,453.778,908.787,601.905,0.3255
mixed,32,8,0.25,4.0,16,512,128,512,224,107.823,116.127,105.888,-0.233
mixed,32,8,0.25,4.0,16,512,256,1024,448,111.218,145.84,113.026,0.0522
mixed,32,8,0.25,4.0,16,512,512,2048,896,122.657,145.681,125.921,0.1417
mixed,32,8,0.25,4.0,16,512,1024,4096,1792,141.761,197.283,142.754,0.0179
mixed,32,8,0.25,4.0,16,512,2048,8192,3584,185.344,306.864,236.305,0.4194
mixed,32,8,0.25,4.0,16,512,4096,16384,7168,277.183,507.072,361.92,0.3686
mixed,32,8,0.25,4.0,16,512,8192,32768,14336,456.883,911.316,600.321,0.3156
mixed,32,8,0.25,4.0,16,2048,128,512,224,115.121,121.202,119.41,0.7053
mixed,32,8,0.25,4.0,16,2048,256,1024,448,122.416,127.392,121.233,-0.2378
mixed,32,8,0.25,4.0,16,2048,512,2048,896,131.614,193.394,128.049,-0.0577
mixed,32,8,0.25,4.0,16,2048,1024,4096,1792,180.018,277.44,148.032,-0.3283
mixed,32,8,0.25,4.0,16,2048,2048,8192,3584,254.752,303.728,191.567,-1.2901
mixed,32,8,0.25,4.0,16,2048,4096,16384,7168,388.129,504.723,358.049,-0.258
mixed,32,8,0.25,4.0,16,2048,8192,32768,14336,455.264,912.354,599.505,0.3156
mixed,32,8,0.25,4.0,16,8192,128,512,224,143.377,155.456,145.407,0.1681
mixed,32,8,0.25,4.0,16,8192,256,1024,448,149.984,153.168,146.177,-1.196
mixed,32,8,0.25,4.0,16,8192,512,2048,896,150.976,221.953,153.393,0.034
mixed,32,8,0.25,4.0,16,8192,1024,4096,1792,205.791,215.599,170.05,-3.6439
mixed,32,8,0.25,4.0,16,8192,2048,8192,3584,201.234,452.416,200.655,-0.0023
mixed,32,8,0.25,4.0,16,8192,4096,16384,7168,406.305,793.874,291.282,-0.2968
mixed,32,8,0.25,4.0,16,8192,8192,32768,14336,709.795,913.793,465.617,-1.197
mixed,32,8,0.25,4.0,16,16384,128,512,224,173.536,174.528,172.225,-1.3216
mixed,32,8,0.25,4.0,16,16384,256,1024,448,174.77,196.401,164.081,-0.4942
mixed,32,8,0.25,4.0,16,16384,512,2048,896,189.649,197.825,174.963,-1.7964
mixed,32,8,0.25,4.0,16,16384,1024,4096,1792,192.368,332.29,194.848,0.0177
mixed,32,8,0.25,4.0,16,16384,2048,8192,3584,305.282,333.601,288.979,-0.5757
mixed,32,8,0.25,4.0,16,16384,4096,16384,7168,301.696,789.345,307.728,0.0124
mixed,32,8,0.25,4.0,16,16384,8192,32768,14336,702.562,1492.371,473.793,-0.2897
mixed,32,8,0.25,4.0,64,0,128,512,224,87.088,107.825,99.2,0.5841
mixed,32,8,0.25,4.0,64,0,256,1024,448,104.096,132.64,105.599,0.0526
mixed,32,8,0.25,4.0,64,0,512,2048,896,118.272,160.258,118.001,-0.0065
mixed,32,8,0.25,4.0,64,0,1024,4096,1792,154.064,208.175,168.881,0.2738
mixed,32,8,0.25,4.0,64,0,2048,8192,3584,193.374,314.802,240.833,0.3908
mixed,32,8,0.25,4.0,64,0,4096,16384,7168,288.209,513.906,361.457,0.3245
mixed,32,8,0.25,4.0,64,0,8192,32768,14336,466.721,919.955,604.094,0.3031
mixed,32,8,0.25,4.0,64,512,128,512,224,124.287,144.528,121.841,-0.1209
mixed,32,8,0.25,4.0,64,512,256,1024,448,122.624,131.809,131.344,0.9494
mixed,32,8,0.25,4.0,64,512,512,2048,896,130.464,195.36,126.48,-0.0614
mixed,32,8,0.25,4.0,64,512,1024,4096,1792,183.344,258.097,146.77,-0.4893
mixed,32,8,0.25,4.0,64,512,2048,8192,3584,244.24,366.194,194.289,-0.4096
mixed,32,8,0.25,4.0,64,512,4096,16384,7168,339.505,560.834,358.433,0.0855
mixed,32,8,0.25,4.0,64,512,8192,32768,14336,509.97,957.362,597.505,0.1957
mixed,32,8,0.25,4.0,64,2048,128,512,224,140.848,157.459,138.48,-0.1426
mixed,32,8,0.25,4.0,64,2048,256,1024,448,151.808,151.584,142.96,
mixed,32,8,0.25,4.0,64,2048,512,2048,896,152.688,231.105,150.321,-0.0302
mixed,32,8,0.25,4.0,64,2048,1024,4096,1792,212.624,220.607,203.152,-1.1866
mixed,32,8,0.25,4.0,64,2048,2048,8192,3584,203.362,452.111,283.952,0.324
mixed,32,8,0.25,4.0,64,2048,4096,16384,7168,410.128,660.706,289.345,-0.482
mixed,32,8,0.25,4.0,64,2048,8192,32768,14336,614.305,1048.371,471.424,-0.3292
mixed,32,8,0.25,4.0,64,8192,128,512,224,209.921,204.495,210.21,
mixed,32,8,0.25,4.0,64,8192,256,1024,448,210.065,221.186,210.625,0.0503
mixed,32,8,0.25,4.0,64,8192,512,2048,896,221.135,280.706,221.087,-0.0008
mixed,32,8,0.25,4.0,64,8192,1024,4096,1792,266.544,271.682,276.257,1.8907
mixed,32,8,0.25,4.0,64,8192,2048,8192,3584,275.695,554.818,268.448,-0.026
mixed,32,8,0.25,4.0,64,8192,4096,16384,7168,499.651,569.345,455.664,-0.6311
mixed,32,8,0.25,4.0,64,8192,8192,32768,14336,508.577,1453.348,780.803,0.2881
mixed,32,8,0.25,4.0,64,16384,128,512,224,276.193,297.871,281.01,0.2222
mixed,32,8,0.25,4.0,64,16384,256,1024,448,298.96,300.065,297.665,-1.1735
mixed,32,8,0.25,4.0,64,16384,512,2048,896,298.784,327.825,298.433,-0.0121
mixed,32,8,0.25,4.0,64,16384,1024,4096,1792,397.185,442.688,360.097,-0.815
mixed,32,8,0.25,4.0,64,16384,2048,8192,3584,409.153,435.729,436.479,1.0282
mixed,32,8,0.25,4.0,64,16384,4096,16384,7168,439.394,978.978,430.368,-0.0167
mixed,32,8,0.25,4.0,64,16384,8192,32768,14336,875.508,1014.371,780.016,-0.6877
mixed,32,8,0.25,4.0,256,0,128,512,224,95.522,125.409,117.822,0.7462
mixed,32,8,0.25,4.0,256,0,256,1024,448,123.745,146.512,137.569,0.6072
mixed,32,8,0.25,4.0,256,0,512,2048,896,141.552,190.272,183.267,0.8562
mixed,32,8,0.25,4.0,256,0,1024,4096,1792,180.174,272.032,264.354,0.9164
mixed,32,8,0.25,4.0,256,0,2048,8192,3584,248.706,429.394,420.831,0.9526
mixed,32,8,0.25,4.0,256,0,4096,16384,7168,388.834,743.634,735.027,0.9757
mixed,32,8,0.25,4.0,256,0,8192,32768,14336,664.145,1382.624,1350.213,0.9549
mixed,32,8,0.25,4.0,256,512,128,512,224,187.808,211.76,189.392,0.0661
mixed,32,8,0.25,4.0,256,512,256,1024,448,206.499,221.697,209.379,0.1895
mixed,32,8,0.25,4.0,256,512,512,2048,896,216.161,190.144,250.543,
mixed,32,8,0.25,4.0,256,512,1024,4096,1792,180.689,273.105,264.208,0.9037
mixed,32,8,0.25,4.0,256,512,2048,8192,3584,252.194,433.793,427.376,0.9647
mixed,32,8,0.25,4.0,256,512,4096,16384,7168,393.362,748.946,737.458,0.9677
mixed,32,8,0.25,4.0,256,512,8192,32768,14336,670.691,1379.65,1359.284,0.9713
mixed,32,8,0.25,4.0,256,2048,128,512,224,243.969,271.201,240.577,-0.1246
mixed,32,8,0.25,4.0,256,2048,256,1024,448,266.577,311.426,306.208,0.8837
mixed,32,8,0.25,4.0,256,2048,512,2048,896,303.073,326.212,310.129,0.3049
mixed,32,8,0.25,4.0,256,2048,1024,4096,1792,317.474,278.913,392.416,
mixed,32,8,0.25,4.0,256,2048,2048,8192,3584,385.586,439.57,547.137,2.9926
mixed,32,8,0.25,4.0,256,2048,4096,16384,7168,398.321,755.395,742.21,0.9631
mixed,32,8,0.25,4.0,256,2048,8192,32768,14336,671.697,1390.198,1370.901,0.9731
mixed,32,8,0.25,4.0,256,8192,128,512,224,464.163,506.961,463.522,-0.015
mixed,32,8,0.25,4.0,256,8192,256,1024,448,501.376,548.034,487.216,-0.3035
mixed,32,8,0.25,4.0,256,8192,512,2048,896,539.186,625.265,512.736,-0.3073
mixed,32,8,0.25,4.0,256,8192,1024,4096,1792,608.161,783.457,780.769,0.9847
mixed,32,8,0.25,4.0,256,8192,2048,8192,3584,746.705,797.315,782.626,0.7098
mixed,32,8,0.25,4.0,256,8192,4096,16384,7168,758.897,758.995,1097.476,3490.5052
mixed,32,8,0.25,4.0,256,8192,8192,32768,14336,1032.086,1390.452,1714.836,1.9052
mixed,32,8,0.25,4.0,256,16384,128,512,224,777.7,775.024,775.346,
mixed,32,8,0.25,4.0,256,16384,256,1024,448,774.61,853.507,773.827,-0.0099
mixed,32,8,0.25,4.0,256,16384,512,2048,896,792.498,935.345,789.458,-0.0213
mixed,32,8,0.25,4.0,256,16384,1024,4096,1792,912.434,1088.915,858.85,-0.3036
mixed,32,8,0.25,4.0,256,16384,2048,8192,3584,1052.035,1404.418,1394.196,0.971
mixed,32,8,0.25,4.0,256,16384,4096,16384,7168,1330.677,1421.426,1404.594,0.8145
mixed,32,8,0.25,4.0,256,16384,8192,32768,14336,1341.939,1382.532,2020.212,16.7091
mixed,32,8,0.25,4.0,1024,0,128,512,224,237.054,248.275,234.865,-0.195
mixed,32,8,0.25,4.0,1024,0,256,1024,448,244.112,267.153,245.408,0.0563
mixed,32,8,0.25,4.0,1024,0,512,2048,896,260.673,294.928,275.844,0.4429
mixed,32,8,0.25,4.0,1024,0,1024,4096,1792,291.696,349.328,313.442,0.3773
mixed,32,8,0.25,4.0,1024,0,2048,8192,3584,339.395,457.264,377.232,0.321
mixed,32,8,0.25,4.0,1024,0,4096,16384,7168,433.458,659.011,506.641,0.3245
mixed,32,8,0.25,4.0,1024,0,8192,32768,14336,609.986,1085.971,747.11,0.2881
mixed,32,8,0.25,4.0,1024,512,128,512,224,346.385,355.952,343.749,-0.2754
mixed,32,8,0.25,4.0,1024,512,256,1024,448,353.188,373.971,354.496,0.0629
mixed,32,8,0.25,4.0,1024,512,512,2048,896,369.394,403.938,383.795,0.4169
mixed,32,8,0.25,4.0,1024,512,1024,4096,1792,398.064,460.865,423.28,0.4015
mixed,32,8,0.25,4.0,1024,512,2048,8192,3584,446.434,565.49,484.869,0.3228
mixed,32,8,0.25,4.0,1024,512,4096,16384,7168,539.062,768.533,614.754,0.3299
mixed,32,8,0.25,4.0,1024,512,8192,32768,14336,718.673,1195.221,857.01,0.2903
mixed,32,8,0.25,4.0,1024,2048,128,512,224,470.624,478.785,469.073,-0.19
mixed,32,8,0.25,4.0,1024,2048,256,1024,448,476.034,495.921,476.291,0.0129
mixed,32,8,0.25,4.0,1024,2048,512,2048,896,493.314,526.511,508.898,0.4694
mixed,32,8,0.25,4.0,1024,2048,1024,4096,1792,519.712,583.218,546.052,0.4148
mixed,32,8,0.25,4.0,1024,2048,2048,8192,3584,567.629,687.457,607.586,0.3335
mixed,32,8,0.25,4.0,1024,2048,4096,16384,7168,660.804,889.315,736.385,0.3308
mixed,32,8,0.25,4.0,1024,2048,8192,32768,14336,837.108,1311.12,973.886,0.2886
mixed,32,8,0.25,4.0,1024,8192,128,512,224,966.788,975.347,966.481,-0.0358
mixed,32,8,0.25,4.0,1024,8192,256,1024,448,972.899,994.001,972.465,-0.0205
mixed,32,8,0.25,4.0,1024,8192,512,2048,896,987.202,1023.489,1005.619,0.5075
mixed,32,8,0.25,4.0,1024,8192,1024,4096,1792,1016.898,1071.189,1039.376,0.414
mixed,32,8,0.25,4.0,1024,8192,2048,8192,3584,1060.083,1179.297,1098.705,0.324
mixed,32,8,0.25,4.0,1024,8192,4096,16384,7168,1150.501,1376.406,1224.868,0.3292
mixed,32,8,0.25,4.0,1024,8192,8192,32768,14336,1331.361,1779.856,1464.945,0.2978
mixed,32,8,0.25,4.0,1024,16384,128,512,224,1603.765,1610.658,1597.99,-0.8377
mixed,32,8,0.25,4.0,1024,16384,256,1024,448,1607.392,1626.241,1606.641,-0.0398
mixed,32,8,0.25,4.0,1024,16384,512,2048,896,1622.372,1654.117,1634.354,0.3775
mixed,32,8,0.25,4.0,1024,16384,1024,4096,1792,1647.864,1706.358,1675.892,0.4792
mixed,32,8,0.25,4.0,1024,16384,2048,8192,3584,1693.43,1807.362,1736.852,0.3811
mixed,32,8,0.25,4.0,1024,16384,4096,16384,7168,1779.477,2010.853,1851.508,0.3113
mixed,32,8,0.25,4.0,1024,16384,8192,32768,14336,1961.063,2417.701,2096.196,0.2959
mixed,32,8,0.25,4.0,4096,0,128,512,224,692.643,704.269,691.172,-0.1265
mixed,32,8,0.25,4.0,4096,0,256,1024,448,702.067,720.658,700.433,-0.0879
mixed,32,8,0.25,4.0,4096,0,512,2048,896,714.869,751.061,732.32,0.4822
mixed,32,8,0.25,4.0,4096,0,1024,4096,1792,744.658,806.498,769.234,0.3974
mixed,32,8,0.25,4.0,4096,0,2048,8192,3584,792.098,910.946,832.912,0.3434
mixed,32,8,0.25,4.0,4096,0,4096,16384,7168,884.066,1110.819,960.37,0.3365
mixed,32,8,0.25,4.0,4096,0,8192,32768,14336,1059.682,1515.639,1198.564,0.3046
mixed,32,8,0.25,4.0,4096,512,128,512,224,903.602,914.194,901.67,-0.1824
mixed,32,8,0.25,4.0,4096,512,256,1024,448,908.277,928.018,910.784,0.127
mixed,32,8,0.25,4.0,4096,512,512,2048,896,924.006,957.654,942.307,0.5439
mixed,32,8,0.25,4.0,4096,512,1024,4096,1792,950.099,1014.404,978.603,0.4433
mixed,32,8,0.25,4.0,4096,512,2048,8192,3584,1003.958,1119.365,1040.886,0.32
mixed,32,8,0.25,4.0,4096,512,4096,16384,7168,1091.651,1318.568,1167.104,0.3325
mixed,32,8,0.25,4.0,4096,512,8192,32768,14336,1269.264,1722.167,1405.522,0.3009
mixed,32,8,0.25,4.0,4096,2048,128,512,224,1196.869,1206.167,1193.602,-0.3513
mixed,32,8,0.25,4.0,4096,2048,256,1024,448,1202.67,1221.014,1204.289,0.0883
mixed,32,8,0.25,4.0,4096,2048,512,2048,896,1216.629,1251.683,1233.792,0.4896
mixed,32,8,0.25,4.0,4096,2048,1024,4096,1792,1248.597,1300.625,1267.925,0.3715
mixed,32,8,0.25,4.0,4096,2048,2048,8192,3584,1290.564,1406.5,1333.953,0.3742
mixed,32,8,0.25,4.0,4096,2048,4096,16384,7168,1382.211,1607.241,1456.375,0.3296
mixed,32,8,0.25,4.0,4096,2048,8192,32768,14336,1558.258,2028.93,1702.566,0.3066
mixed,32,8,0.25,4.0,4096,8192,128,512,224,2326.562,2336.566,2324.789,-0.1772
mixed,32,8,0.25,4.0,4096,8192,256,1024,448,2333.302,2356.31,2333.174,-0.0056
mixed,32,8,0.25,4.0,4096,8192,512,2048,896,2349.672,2390.373,2364.438,0.3628
mixed,32,8,0.25,4.0,4096,8192,1024,4096,1792,2374.567,2433.766,2397.959,0.3951
mixed,32,8,0.25,4.0,4096,8192,2048,8192,3584,2417.062,2533.621,2458.808,0.3582
mixed,32,8,0.25,4.0,4096,8192,4096,16384,7168,2518.952,2731.223,2582.426,0.299
mixed,32,8,0.25,4.0,4096,8192,8192,32768,14336,2700.087,3145.575,2824.234,0.2787
mixed,32,8,0.25,4.0,4096,16384,128,512,224,3806.296,3805.993,3796.249,
mixed,32,8,0.25,4.0,4096,16384,256,1024,448,3806.457,3827.67,3801.772,-0.2209
mixed,32,8,0.25,4.0,4096,16384,512,2048,896,3838.635,3852.22,3841.638,0.221
mixed,32,8,0.25,4.0,4096,16384,1024,4096,1792,3854.523,3913.197,3890.826,0.6187
mixed,32,8,0.25,4.0,4096,16384,2048,8192,3584,3893.48,4019.677,3934.825,0.3276
mixed,32,8,0.25,4.0,4096,16384,4096,16384,7168,3995.997,4236.845,4076.091,0.3325
mixed,32,8,0.25,4.0,4096,16384,8192,32768,14336,4158.906,4622.922,4310.189,0.326
pure,32,16,0.5,4.0,0,0,128,512,320,89.391,94.431,87.489,-0.3772
pure,32,16,0.5,4.0,0,0,256,1024,640,96.208,108.095,97.439,0.1036
pure,32,16,0.5,4.0,0,0,512,2048,1280,114.383,134.528,117.361,0.1478
pure,32,16,0.5,4.0,0,0,1024,4096,2560,147.713,184.45,150.61,0.0789
pure,32,16,0.5,4.0,0,0,2048,8192,5120,212.401,290.56,215.905,0.0448
pure,32,16,0.5,4.0,0,0,4096,16384,10240,341.472,490.785,347.555,0.0407
pure,32,16,0.5,4.0,0,0,8192,32768,20480,589.97,893.794,604.194,0.0468
mixed,32,16,0.5,4.0,16,0,128,512,320,101.873,105.009,97.342,-1.4444
mixed,32,16,0.5,4.0,16,0,256,1024,640,106.881,118.258,107.567,0.0604
mixed,32,16,0.5,4.0,16,0,512,2048,1280,126.672,145.648,127.727,0.0556
mixed,32,16,0.5,4.0,16,0,1024,4096,2560,159.855,199.601,161.281,0.0359
mixed,32,16,0.5,4.0,16,0,2048,8192,5120,227.056,303.327,231.378,0.0567
mixed,32,16,0.5,4.0,16,0,4096,16384,10240,353.522,502.514,362.192,0.0582
mixed,32,16,0.5,4.0,16,0,8192,32768,20480,601.09,906.275,626.753,0.0841
mixed,32,16,0.5,4.0,16,512,128,512,320,110.544,115.744,107.584,-0.5695
mixed,32,16,0.5,4.0,16,512,256,1024,640,112.336,146.288,110.112,-0.0655
mixed,32,16,0.5,4.0,16,512,512,2048,1280,157.09,147.152,154.001,
mixed,32,16,0.5,4.0,16,512,1024,4096,2560,160.223,197.649,161.76,0.0411
mixed,32,16,0.5,4.0,16,512,2048,8192,5120,228.16,308.001,227.873,-0.0036
mixed,32,16,0.5,4.0,16,512,4096,16384,10240,355.232,506.577,363.953,0.0576
mixed,32,16,0.5,4.0,16,512,8192,32768,20480,601.889,909.06,617.152,0.0497
mixed,32,16,0.5,4.0,16,2048,128,512,320,120.431,122.063,120.304,-0.0781
mixed,32,16,0.5,4.0,16,2048,256,1024,640,125.262,128.802,123.999,-0.357
mixed,32,16,0.5,4.0,16,2048,512,2048,1280,139.027,194.159,134.96,-0.0738
mixed,32,16,0.5,4.0,16,2048,1024,4096,2560,211.394,277.712,165.327,-0.6946
mixed,32,16,0.5,4.0,16,2048,2048,8192,5120,321.25,304.577,299.823,
mixed,32,16,0.5,4.0,16,2048,4096,16384,10240,353.939,505.809,362.943,0.0593
mixed,32,16,0.5,4.0,16,2048,8192,32768,20480,605.875,910.594,621.953,0.0528
mixed,32,16,0.5,4.0,16,8192,128,512,320,146.784,154.177,140.576,-0.8398
mixed,32,16,0.5,4.0,16,8192,256,1024,640,148.608,153.569,150.545,0.3903
mixed,32,16,0.5,4.0,16,8192,512,2048,1280,179.379,221.425,159.953,-0.462
mixed,32,16,0.5,4.0,16,8192,1024,4096,2560,184.881,218.351,206.641,0.6501
mixed,32,16,0.5,4.0,16,8192,2048,8192,5120,322.337,452.081,245.537,-0.5919
mixed,32,16,0.5,4.0,16,8192,4096,16384,10240,535.521,795.828,481.106,-0.209
mixed,32,16,0.5,4.0,16,8192,8192,32768,20480,925.171,910.676,833.011,
mixed,32,16,0.5,4.0,16,16384,128,512,320,172.542,173.439,172.977,0.4847
mixed,32,16,0.5,4.0,16,16384,256,1024,640,175.039,194.8,174.72,-0.0161
mixed,32,16,0.5,4.0,16,16384,512,2048,1280,197.136,198.003,182.913,-16.4054
mixed,32,16,0.5,4.0,16,16384,1024,4096,2560,249.951,331.985,208.142,-0.5097
mixed,32,16,0.5,4.0,16,16384,2048,8192,5120,258.209,335.363,298.496,0.5222
mixed,32,16,0.5,4.0,16,16384,4096,16384,10240,534.067,788.434,393.474,-0.5527
mixed,32,16,0.5,4.0,16,16384,8192,32768,20480,961.539,1487.428,827.826,-0.2543
mixed,32,16,0.5,4.0,64,0,128,512,320,102.72,108.913,100.992,-0.279
mixed,32,16,0.5,4.0,64,0,256,1024,640,110.88,131.487,110.894,0.0007
mixed,32,16,0.5,4.0,64,0,512,2048,1280,140.081,160.481,141.761,0.0823
mixed,32,16,0.5,4.0,64,0,1024,4096,2560,171.426,208.88,171.248,-0.0048
mixed,32,16,0.5,4.0,64,0,2048,8192,5120,234.29,314.033,237.985,0.0463
mixed,32,16,0.5,4.0,64,0,4096,16384,10240,364.45,513.731,368.978,0.0303
mixed,32,16,0.5,4.0,64,0,8192,32768,20480,613.153,919.475,630.177,0.0556
mixed,32,16,0.5,4.0,64,512,128,512,320,125.921,145.184,125.186,-0.0382
mixed,32,16,0.5,4.0,64,512,256,1024,640,133.056,129.632,126.433,
mixed,32,16,0.5,4.0,64,512,512,2048,1280,137.584,193.169,166.577,0.5216
mixed,32,16,0.5,4.0,64,512,1024,4096,2560,215.344,261.602,169.696,-0.9868
mixed,32,16,0.5,4.0,64,512,2048,8192,5120,288.208,362.625,265.231,-0.3088
mixed,32,16,0.5,4.0,64,512,4096,16384,10240,413.761,560.883,371.65,-0.2862
mixed,32,16,0.5,4.0,64,512,8192,32768,20480,654.851,949.7,621.441,-0.1133
mixed,32,16,0.5,4.0,64,2048,128,512,320,141.873,157.008,142.672,0.0528
mixed,32,16,0.5,4.0,64,2048,256,1024,640,170.48,152.528,161.617,
mixed,32,16,0.5,4.0,64,2048,512,2048,1280,186.161,230.001,191.553,0.123
mixed,32,16,0.5,4.0,64,2048,1024,4096,2560,250.001,224.689,223.283,
mixed,32,16,0.5,4.0,64,2048,2048,8192,5120,323.522,451.169,306.242,-0.1354
mixed,32,16,0.5,4.0,64,2048,4096,16384,10240,514.192,662.417,476.849,-0.2519
mixed,32,16,0.5,4.0,64,2048,8192,32768,20480,759.17,1061.923,676.419,-0.2733
mixed,32,16,0.5,4.0,64,8192,128,512,320,210.082,204.159,209.68,
mixed,32,16,0.5,4.0,64,8192,256,1024,640,211.569,221.312,211.103,-0.0479
mixed,32,16,0.5,4.0,64,8192,512,2048,1280,221.217,280.242,238.112,0.2862
mixed,32,16,0.5,4.0,64,8192,1024,4096,2560,324.209,272.513,302.898,
mixed,32,16,0.5,4.0,64,8192,2048,8192,5120,392.353,555.921,433.923,0.2541
mixed,32,16,0.5,4.0,64,8192,4096,16384,10240,626.771,571.618,525.713,
mixed,32,16,0.5,4.0,64,8192,8192,32768,20480,889.507,1456.355,797.826,-0.1617
mixed,32,16,0.5,4.0,64,16384,128,512,320,271.247,299.008,284.898,0.4917
mixed,32,16,0.5,4.0,64,16384,256,1024,640,298.241,298.305,299.136,13.8915
mixed,32,16,0.5,4.0,64,16384,512,2048,1280,315.855,327.024,306.625,-0.8265
mixed,32,16,0.5,4.0,64,16384,1024,4096,2560,326.322,441.795,358.24,0.2764
mixed,32,16,0.5,4.0,64,16384,2048,8192,5120,522.337,435.105,493.025,
mixed,32,16,0.5,4.0,64,16384,4096,16384,10240,663.729,986.818,754.737,0.2817
mixed,32,16,0.5,4.0,64,16384,8192,32768,20480,1102.644,1018.308,903.711,
mixed,32,16,0.5,4.0,256,0,128,512,320,117.615,124.656,121.041,0.4866
mixed,32,16,0.5,4.0,256,0,256,1024,640,131.201,148.945,141.791,0.5968
mixed,32,16,0.5,4.0,256,0,512,2048,1280,158.351,191.935,184.464,0.7775
mixed,32,16,0.5,4.0,256,0,1024,4096,2560,211.264,272.544,264.977,0.8765
mixed,32,16,0.5,4.0,256,0,2048,8192,5120,309.938,430.976,424.21,0.9441
mixed,32,16,0.5,4.0,256,0,4096,16384,10240,508.852,745.411,733.889,0.9513
mixed,32,16,0.5,4.0,256,0,8192,32768,20480,900.899,1376.1,1352.724,0.9508
mixed,32,16,0.5,4.0,256,512,128,512,320,196.592,210.271,194.976,-0.1181
mixed,32,16,0.5,4.0,256,512,256,1024,640,202.69,222.368,215.984,0.6756
mixed,32,16,0.5,4.0,256,512,512,2048,1280,157.904,189.776,180.689,0.7149
mixed,32,16,0.5,4.0,256,512,1024,4096,2560,212.192,272.833,263.554,0.847
mixed,32,16,0.5,4.0,256,512,2048,8192,5120,313.761,432.609,427.394,0.9561
mixed,32,16,0.5,4.0,256,512,4096,16384,10240,513.379,747.921,743.729,0.9821
mixed,32,16,0.5,4.0,256,512,8192,32768,20480,904.723,1372.773,1360.741,0.9743
mixed,32,16,0.5,4.0,256,2048,128,512,320,256.145,271.25,266.849,0.7086
mixed,32,16,0.5,4.0,256,2048,256,1024,640,281.248,312.096,308.112,0.8709
mixed,32,16,0.5,4.0,256,2048,512,2048,1280,332.992,325.536,317.567,
mixed,32,16,0.5,4.0,256,2048,1024,4096,2560,346.592,279.154,398.705,
mixed,32,16,0.5,4.0,256,2048,2048,8192,5120,314.561,439.264,427.953,0.9093
mixed,32,16,0.5,4.0,256,2048,4096,16384,10240,517.937,753.666,744.194,0.9598
mixed,32,16,0.5,4.0,256,2048,8192,32768,20480,910.546,1390.291,1372.39,0.9627
mixed,32,16,0.5,4.0,256,8192,128,512,320,465.09,506.657,463.699,-0.0335
mixed,32,16,0.5,4.0,256,8192,256,1024,640,516.561,546.704,492.739,-0.7903
mixed,32,16,0.5,4.0,256,8192,512,2048,1280,569.426,629.074,624.322,0.9203
mixed,32,16,0.5,4.0,256,8192,1024,4096,2560,668.195,783.299,782.051,0.9892
mixed,32,16,0.5,4.0,256,8192,2048,8192,5120,861.666,797.489,788.832,
mixed,32,16,0.5,4.0,256,8192,4096,16384,10240,876.659,759.683,1102.866,
mixed,32,16,0.5,4.0,256,8192,8192,32768,20480,919.985,1391.445,1363.236,0.9402
mixed,32,16,0.5,4.0,256,16384,128,512,320,774.53,774.658,775.187,5.1529
mixed,32,16,0.5,4.0,256,16384,256,1024,640,778.354,857.987,776.403,-0.0245
mixed,32,16,0.5,4.0,256,16384,512,2048,1280,875.649,935.78,819.794,-0.9289
mixed,32,16,0.5,4.0,256,16384,1024,4096,2560,976.996,1091.634,1084.276,0.9358
mixed,32,16,0.5,4.0,256,16384,2048,8192,5120,1167.379,1402.148,1401.332,0.9965
mixed,32,16,0.5,4.0,256,16384,4096,16384,10240,1558.037,1418.773,1404.084,
mixed,32,16,0.5,4.0,256,16384,8192,32768,20480,1575.873,1385.763,2031.222,
mixed,32,16,0.5,4.0,1024,0,128,512,320,241.567,247.296,241.906,0.0591
mixed,32,16,0.5,4.0,1024,0,256,1024,640,251.76,266.209,253.102,0.0929
mixed,32,16,0.5,4.0,1024,0,512,2048,1280,273.856,297.059,276.963,0.1339
mixed,32,16,0.5,4.0,1024,0,1024,4096,2560,311.615,353.969,312.847,0.0291
mixed,32,16,0.5,4.0,1024,0,2048,8192,5120,379.054,458.16,383.219,0.0527
mixed,32,16,0.5,4.0,1024,0,4096,16384,10240,509.891,660.691,514.162,0.0283
mixed,32,16,0.5,4.0,1024,0,8192,32768,20480,766.545,1085.059,775.538,0.0282
mixed,32,16,0.5,4.0,1024,512,128,512,320,350.144,356.354,349.682,-0.0744
mixed,32,16,0.5,4.0,1024,512,256,1024,640,359.887,375.058,359.249,-0.0421
mixed,32,16,0.5,4.0,1024,512,512,2048,1280,382.288,403.17,382.432,0.0069
mixed,32,16,0.5,4.0,1024,512,1024,4096,2560,418.832,459.328,421.585,0.068
mixed,32,16,0.5,4.0,1024,512,2048,8192,5120,488.144,564.755,492.02,0.0506
mixed,32,16,0.5,4.0,1024,512,4096,16384,10240,616.018,767.715,624.338,0.0548
mixed,32,16,0.5,4.0,1024,512,8192,32768,20480,872.82,1191.555,884.433,0.0364
mixed,32,16,0.5,4.0,1024,2048,128,512,320,474.256,478.082,474.274,0.0047
mixed,32,16,0.5,4.0,1024,2048,256,1024,640,482.577,498.113,483.846,0.0817
mixed,32,16,0.5,4.0,1024,2048,512,2048,1280,504.785,526.608,508.108,0.1523
mixed,32,16,0.5,4.0,1024,2048,1024,4096,2560,541.986,584.131,542.459,0.0112
mixed,32,16,0.5,4.0,1024,2048,2048,8192,5120,609.202,689.075,611.921,0.034
mixed,32,16,0.5,4.0,1024,2048,4096,16384,10240,734.992,887.735,744.708,0.0636
mixed,32,16,0.5,4.0,1024,2048,8192,32768,20480,989.49,1307.698,1003.028,0.0425
mixed,32,16,0.5,4.0,1024,8192,128,512,320,972.071,974.548,971.775,-0.119
mixed,32,16,0.5,4.0,1024,8192,256,1024,640,980.513,994.352,981.509,0.0719
mixed,32,16,0.5,4.0,1024,8192,512,2048,1280,998.742,1020.611,1002.915,0.1908
mixed,32,16,0.5,4.0,1024,8192,1024,4096,2560,1037.203,1074.468,1034.503,-0.0725
mixed,32,16,0.5,4.0,1024,8192,2048,8192,5120,1098.738,1180.098,1105.651,0.085
mixed,32,16,0.5,4.0,1024,8192,4096,16384,10240,1226.724,1375.57,1235.314,0.0577
mixed,32,16,0.5,4.0,1024,8192,8192,32768,20480,1480.607,1778.455,1493.824,0.0444
mixed,32,16,0.5,4.0,1024,16384,128,512,320,1603.088,1604.665,1604.1,0.6413
mixed,32,16,0.5,4.0,1024,16384,256,1024,640,1613.608,1627.446,1614.07,0.0334
mixed,32,16,0.5,4.0,1024,16384,512,2048,1280,1635.351,1652.34,1629.792,-0.3273
mixed,32,16,0.5,4.0,1024,16384,1024,4096,2560,1670.934,1709.581,1671.698,0.0198
mixed,32,16,0.5,4.0,1024,16384,2048,8192,5120,1730.805,1805.329,1735.601,0.0643
mixed,32,16,0.5,4.0,1024,16384,4096,16384,10240,1856.374,2008.276,1865.99,0.0633
mixed,32,16,0.5,4.0,1024,16384,8192,32768,20480,2109.253,2420.583,2126.898,0.0567
mixed,32,16,0.5,4.0,4096,0,128,512,320,700.419,703.203,696.688,-1.3399
mixed,32,16,0.5,4.0,4096,0,256,1024,640,707.313,721.314,708.45,0.0812
mixed,32,16,0.5,4.0,4096,0,512,2048,1280,728.338,753.392,730.882,0.1015
mixed,32,16,0.5,4.0,4096,0,1024,4096,2560,766.546,808.463,768.64,0.05
mixed,32,16,0.5,4.0,4096,0,2048,8192,5120,831.923,911.44,837.73,0.073
mixed,32,16,0.5,4.0,4096,0,4096,16384,10240,963.09,1109.168,966.642,0.0243
mixed,32,16,0.5,4.0,4096,0,8192,32768,20480,1212.597,1520.628,1229.139,0.0537
mixed,32,16,0.5,4.0,4096,512,128,512,320,906.871,913.909,908.627,0.2496
mixed,32,16,0.5,4.0,4096,512,256,1024,640,912.375,927.204,916.528,0.28
mixed,32,16,0.5,4.0,4096,512,512,2048,1280,936.995,955.842,940.036,0.1614
mixed,32,16,0.5,4.0,4096,512,1024,4096,2560,974.178,1013.189,975.668,0.0382
mixed,32,16,0.5,4.0,4096,512,2048,8192,5120,1041.443,1117.886,1044.468,0.0396
mixed,32,16,0.5,4.0,4096,512,4096,16384,10240,1169.507,1320.036,1172.74,0.0215
mixed,32,16,0.5,4.0,4096,512,8192,32768,20480,1415.367,1725.553,1434.759,0.0625
mixed,32,16,0.5,4.0,4096,2048,128,512,320,1200.528,1204.306,1198.16,-0.6269
mixed,32,16,0.5,4.0,4096,2048,256,1024,640,1208.131,1223.552,1210.101,0.1277
mixed,32,16,0.5,4.0,4096,2048,512,2048,1280,1230.371,1248.882,1229.715,-0.0355
mixed,32,16,0.5,4.0,4096,2048,1024,4096,2560,1266.786,1302.95,1266.531,-0.0071
mixed,32,16,0.5,4.0,4096,2048,2048,8192,5120,1328.292,1411.109,1331.332,0.0367
mixed,32,16,0.5,4.0,4096,2048,4096,16384,10240,1458.132,1607.49,1464.307,0.0413
mixed,32,16,0.5,4.0,4096,2048,8192,32768,20480,1713.139,2028.546,1724.516,0.0361
mixed,32,16,0.5,4.0,4096,8192,128,512,320,2330.598,2334.502,2328.517,-0.533
mixed,32,16,0.5,4.0,4096,8192,256,1024,640,2341.267,2350.498,2337.575,-0.3999
mixed,32,16,0.5,4.0,4096,8192,512,2048,1280,2361.124,2380.854,2356.246,-0.2472
mixed,32,16,0.5,4.0,4096,8192,1024,4096,2560,2392.967,2439.925,2393.938,0.0207
mixed,32,16,0.5,4.0,4096,8192,2048,8192,5120,2457.4,2538.516,2471.764,0.1771
mixed,32,16,0.5,4.0,4096,8192,4096,16384,10240,2583.162,2746.166,2592.212,0.0555
mixed,32,16,0.5,4.0,4096,8192,8192,32768,20480,2835.863,3144.696,2849.291,0.0435
mixed,32,16,0.5,4.0,4096,16384,128,512,320,3817.079,3837.161,3807.677,-0.4682
mixed,32,16,0.5,4.0,4096,16384,256,1024,640,3813.918,3827.943,3810.358,-0.2538
mixed,32,16,0.5,4.0,4096,16384,512,2048,1280,3840.023,3857.741,3834.136,-0.3322
mixed,32,16,0.5,4.0,4096,16384,1024,4096,2560,3866.617,3911.386,3866.538,-0.0018
mixed,32,16,0.5,4.0,4096,16384,2048,8192,5120,3935.465,4017.137,3936.811,0.0165
mixed,32,16,0.5,4.0,4096,16384,4096,16384,10240,4062.582,4222.074,4087.702,0.1575
mixed,32,16,0.5,4.0,4096,16384,8192,32768,20480,4318.106,4629.112,4331.98,0.0446
pure,32,24,0.75,4.0,0,0,128,512,416,89.265,92.45,102.479,4.149
pure,32,24,0.75,4.0,0,0,256,1024,832,101.457,107.266,110.417,1.5424
pure,32,24,0.75,4.0,0,0,512,2048,1664,123.855,135.505,149.666,2.2155
pure,32,24,0.75,4.0,0,0,1024,4096,3328,168.607,185.727,197.921,1.7122
pure,32,24,0.75,4.0,0,0,2048,8192,6656,251.328,291.235,299.456,1.206
pure,32,24,0.75,4.0,0,0,4096,16384,13312,414.272,490.722,483.809,0.9096
pure,32,24,0.75,4.0,0,0,8192,32768,26624,742.162,895.731,861.858,0.7794
mixed,32,24,0.75,4.0,16,0,128,512,416,99.056,105.968,103.056,0.5788
mixed,32,24,0.75,4.0,16,0,256,1024,832,112.818,118.96,127.841,2.4461
mixed,32,24,0.75,4.0,16,0,512,2048,1664,134.896,145.649,163.954,2.7023
mixed,32,24,0.75,4.0,16,0,1024,4096,3328,181.983,199.647,220.721,2.193
mixed,32,24,0.75,4.0,16,0,2048,8192,6656,262.321,302.897,322.24,1.4767
mixed,32,24,0.75,4.0,16,0,4096,16384,13312,429.634,502.738,511.087,1.1142
mixed,32,24,0.75,4.0,16,0,8192,32768,26624,751.331,907.651,890.851,0.8925
mixed,32,24,0.75,4.0,16,512,128,512,416,110.096,116.769,114.529,0.6643
mixed,32,24,0.75,4.0,16,512,256,1024,832,120.544,145.679,120.928,0.0153
mixed,32,24,0.75,4.0,16,512,512,2048,1664,178.737,145.168,169.872,
mixed,32,24,0.75,4.0,16,512,1024,4096,3328,180.959,197.313,218.995,2.3258
mixed,32,24,0.75,4.0,16,512,2048,8192,6656,264.672,308.079,324.112,1.3694
mixed,32,24,0.75,4.0,16,512,4096,16384,13312,430.946,508.288,512.929,1.06
mixed,32,24,0.75,4.0,16,512,8192,32768,26624,754.641,909.506,891.731,0.8852
mixed,32,24,0.75,4.0,16,2048,128,512,416,128.224,121.617,119.457,
mixed,32,24,0.75,4.0,16,2048,256,1024,832,127.471,130.4,127.553,0.0277
mixed,32,24,0.75,4.0,16,2048,512,2048,1664,143.36,193.539,144.737,0.0274
mixed,32,24,0.75,4.0,16,2048,1024,4096,3328,248.272,276.034,228.242,-0.7215
mixed,32,24,0.75,4.0,16,2048,2048,8192,6656,372.815,306.047,321.951,
mixed,32,24,0.75,4.0,16,2048,4096,16384,13312,427.889,509.042,514.241,1.0641
mixed,32,24,0.75,4.0,16,2048,8192,32768,26624,755.666,910.482,887.139,0.8492
mixed,32,24,0.75,4.0,16,8192,128,512,416,148.255,156.528,144.962,-0.3981
mixed,32,24,0.75,4.0,16,8192,256,1024,832,149.6,151.695,153.058,1.6504
mixed,32,24,0.75,4.0,16,8192,512,2048,1664,205.039,221.14,165.76,-2.4397
mixed,32,24,0.75,4.0,16,8192,1024,4096,3328,197.906,213.248,204.24,0.4129
mixed,32,24,0.75,4.0,16,8192,2048,8192,6656,385.12,451.01,277.057,-1.6401
mixed,32,24,0.75,4.0,16,8192,4096,16384,13312,647.186,795.008,566.945,-0.5428
mixed,32,24,0.75,4.0,16,8192,8192,32768,26624,1077.764,911.507,888.194,
mixed,32,24,0.75,4.0,16,16384,128,512,416,174.447,173.232,173.922,
mixed,32,24,0.75,4.0,16,16384,256,1024,832,186.031,195.408,181.602,-0.4723
mixed,32,24,0.75,4.0,16,16384,512,2048,1664,193.521,198.802,220.864,5.1772
mixed,32,24,0.75,4.0,16,16384,1024,4096,3328,290.226,332.734,213.056,-1.8154
mixed,32,24,0.75,4.0,16,16384,2048,8192,6656,298.688,335.265,305.68,0.1912
mixed,32,24,0.75,4.0,16,16384,4096,16384,13312,659.968,790.305,459.711,-1.5364
mixed,32,24,0.75,4.0,16,16384,8192,32768,26624,1158.065,1489.891,1025.538,-0.3994
mixed,32,24,0.75,4.0,64,0,128,512,416,118.416,108.291,106.833,
mixed,32,24,0.75,4.0,64,0,256,1024,832,128.255,132.032,131.442,0.8437
mixed,32,24,0.75,4.0,64,0,512,2048,1664,156.543,159.585,169.456,4.2461
mixed,32,24,0.75,4.0,64,0,1024,4096,3328,188.64,208.865,221.984,1.6487
mixed,32,24,0.75,4.0,64,0,2048,8192,6656,276.881,315.327,326.705,1.2959
mixed,32,24,0.75,4.0,64,0,4096,16384,13312,440.514,516.656,516.577,0.999
mixed,32,24,0.75,4.0,64,0,8192,32768,26624,767.538,918.434,892.882,0.8307
mixed,32,24,0.75,4.0,64,512,128,512,416,121.871,144.992,124.977,0.1343
mixed,32,24,0.75,4.0,64,512,256,1024,832,132.609,132.194,150.639,
mixed,32,24,0.75,4.0,64,512,512,2048,1664,143.728,193.12,141.489,-0.0453
mixed,32,24,0.75,4.0,64,512,1024,4096,3328,235.075,259.377,233.474,-0.0659
mixed,32,24,0.75,4.0,64,512,2048,8192,6656,326.047,364.771,349.409,0.6033
mixed,32,24,0.75,4.0,64,512,4096,16384,13312,486.592,563.713,566.787,1.0399
mixed,32,24,0.75,4.0,64,512,8192,32768,26624,798.993,948.402,949.714,1.0088
mixed,32,24,0.75,4.0,64,2048,128,512,416,142.961,156.225,141.999,-0.0725
mixed,32,24,0.75,4.0,64,2048,256,1024,832,153.711,151.281,152.594,
mixed,32,24,0.75,4.0,64,2048,512,2048,1664,205.906,229.809,162.225,-1.8274
mixed,32,24,0.75,4.0,64,2048,1024,4096,3328,196.464,220.575,276.256,3.3094
mixed,32,24,0.75,4.0,64,2048,2048,8192,6656,387.121,452.801,281.024,-1.6154
mixed,32,24,0.75,4.0,64,2048,4096,16384,13312,584.418,663.602,585.331,0.0115
mixed,32,24,0.75,4.0,64,2048,8192,32768,26624,904.673,1058.371,1042.178,0.8946
mixed,32,24,0.75,4.0,64,8192,128,512,416,209.553,204.656,204.576,
mixed,32,24,0.75,4.0,64,8192,256,1024,832,241.471,221.632,272.274,
mixed,32,24,0.75,4.0,64,8192,512,2048,1664,255.233,279.216,282.415,1.1334
mixed,32,24,0.75,4.0,64,8192,1024,4096,3328,380.545,270.848,336.72,
mixed,32,24,0.75,4.0,64,8192,2048,8192,6656,468.738,557.457,325.662,-1.6127
mixed,32,24,0.75,4.0,64,8192,4096,16384,13312,479.666,568.113,765.679,3.2337
mixed,32,24,0.75,4.0,64,8192,8192,32768,26624,1202.309,1454.132,807.17,-1.5691
mixed,32,24,0.75,4.0,64,16384,128,512,416,297.617,297.856,298.017,1.6715
mixed,32,24,0.75,4.0,64,16384,256,1024,832,299.441,298.447,298.896,
mixed,32,24,0.75,4.0,64,16384,512,2048,1664,377.184,327.202,431.823,
mixed,32,24,0.75,4.0,64,16384,1024,4096,3328,389.683,442.675,445.842,1.0598
mixed,32,24,0.75,4.0,64,16384,2048,8192,6656,632.273,439.008,550.097,
mixed,32,24,0.75,4.0,64,16384,4096,16384,13312,826.96,980.275,543.346,-1.8499
mixed,32,24,0.75,4.0,64,16384,8192,32768,26624,850.544,1019.252,1407.922,3.3038
mixed,32,24,0.75,4.0,256,0,128,512,416,118.576,125.745,122.721,0.5782
mixed,32,24,0.75,4.0,256,0,256,1024,832,138.288,148.272,144.145,0.5867
mixed,32,24,0.75,4.0,256,0,512,2048,1664,173.873,190.129,188.162,0.8791
mixed,32,24,0.75,4.0,256,0,1024,4096,3328,239.793,271.008,266.192,0.8457
mixed,32,24,0.75,4.0,256,0,2048,8192,6656,372.048,430.529,423.887,0.8864
mixed,32,24,0.75,4.0,256,0,4096,16384,13312,627.89,740.097,736.24,0.9656
mixed,32,24,0.75,4.0,256,0,8192,32768,26624,1138.131,1373.092,1355.105,0.9234
mixed,32,24,0.75,4.0,256,512,128,512,416,203.569,210.272,209.586,0.8977
mixed,32,24,0.75,4.0,256,512,256,1024,832,210.912,220.656,217.009,0.6257
mixed,32,24,0.75,4.0,256,512,512,2048,1664,173.522,190.594,185.921,0.7262
mixed,32,24,0.75,4.0,256,512,1024,4096,3328,242.689,273.744,267.312,0.7929
mixed,32,24,0.75,4.0,256,512,2048,8192,6656,371.503,433.456,429.104,0.9297
mixed,32,24,0.75,4.0,256,512,4096,16384,13312,631.409,745.553,742.05,0.9693
mixed,32,24,0.75,4.0,256,512,8192,32768,26624,1143.906,1379.524,1364.963,0.9382
mixed,32,24,0.75,4.0,256,2048,128,512,416,264.0,271.106,268.993,0.7027
mixed,32,24,0.75,4.0,256,2048,256,1024,832,298.112,312.114,310.593,0.8914
mixed,32,24,0.75,4.0,256,2048,512,2048,1664,362.642,326.497,321.295,
mixed,32,24,0.75,4.0,256,2048,1024,4096,3328,378.209,277.923,403.088,
mixed,32,24,0.75,4.0,256,2048,2048,8192,6656,378.69,440.02,432.177,0.8721
mixed,32,24,0.75,4.0,256,2048,4096,16384,13312,636.016,752.45,745.186,0.9376
mixed,32,24,0.75,4.0,256,2048,8192,32768,26624,1153.156,1385.765,1372.916,0.9448
mixed,32,24,0.75,4.0,256,8192,128,512,416,491.089,505.393,477.841,-0.9262
mixed,32,24,0.75,4.0,256,8192,256,1024,832,534.13,547.327,547.84,1.0388
mixed,32,24,0.75,4.0,256,8192,512,2048,1664,596.832,627.058,625.042,0.9333
mixed,32,24,0.75,4.0,256,8192,1024,4096,3328,723.953,783.666,781.859,0.9697
mixed,32,24,0.75,4.0,256,8192,2048,8192,6656,736.8,796.562,796.45,0.9981
mixed,32,24,0.75,4.0,256,8192,4096,16384,13312,992.051,760.401,1108.932,
mixed,32,24,0.75,4.0,256,8192,8192,32768,26624,1159.586,1394.548,1378.389,0.9312
mixed,32,24,0.75,4.0,256,16384,128,512,416,774.803,774.9,774.24,-5.8394
mixed,32,24,0.75,4.0,256,16384,256,1024,832,775.809,851.745,774.979,-0.0109
mixed,32,24,0.75,4.0,256,16384,512,2048,1664,904.434,933.411,932.883,0.9818
mixed,32,24,0.75,4.0,256,16384,1024,4096,3328,1032.944,1091.475,1088.995,0.9576
mixed,32,24,0.75,4.0,256,16384,2048,8192,6656,1291.188,1398.05,1404.324,1.0587
mixed,32,24,0.75,4.0,256,16384,4096,16384,13312,1303.282,1420.757,1418.755,0.983
mixed,32,24,0.75,4.0,256,16384,8192,32768,26624,1811.637,1389.953,2040.323,
mixed,32,24,0.75,4.0,1024,0,128,512,416,244.577,247.363,255.313,3.8529
mixed,32,24,0.75,4.0,1024,0,256,1024,832,259.135,266.881,267.81,1.1199
mixed,32,24,0.75,4.0,1024,0,512,2048,1664,286.015,296.882,305.012,1.748
mixed,32,24,0.75,4.0,1024,0,1024,4096,3328,333.105,351.135,362.706,1.6417
mixed,32,24,0.75,4.0,1024,0,2048,8192,6656,417.586,457.136,460.034,1.0733
mixed,32,24,0.75,4.0,1024,0,4096,16384,13312,583.823,658.562,647.618,0.8536
mixed,32,24,0.75,4.0,1024,0,8192,32768,26624,920.486,1081.65,1040.5,0.7447
mixed,32,24,0.75,4.0,1024,512,128,512,416,353.553,355.312,366.722,7.4869
mixed,32,24,0.75,4.0,1024,512,256,1024,832,369.453,373.921,378.097,1.9348
mixed,32,24,0.75,4.0,1024,512,512,2048,1664,390.991,406.99,412.98,1.3744
mixed,32,24,0.75,4.0,1024,512,1024,4096,3328,440.609,462.224,472.287,1.4655
mixed,32,24,0.75,4.0,1024,512,2048,8192,6656,526.369,565.028,568.161,1.0811
mixed,32,24,0.75,4.0,1024,512,4096,16384,13312,693.154,768.976,755.107,0.8171
mixed,32,24,0.75,4.0,1024,512,8192,32768,26624,1028.193,1191.764,1146.197,0.7214
mixed,32,24,0.75,4.0,1024,2048,128,512,416,476.878,480.179,490.835,4.2271
mixed,32,24,0.75,4.0,1024,2048,256,1024,832,491.392,499.087,500.192,1.1436
mixed,32,24,0.75,4.0,1024,2048,512,2048,1664,516.561,525.505,536.879,2.2716
mixed,32,24,0.75,4.0,1024,2048,1024,4096,3328,562.274,583.281,592.256,1.4272
mixed,32,24,0.75,4.0,1024,2048,2048,8192,6656,650.241,685.228,688.096,1.082
mixed,32,24,0.75,4.0,1024,2048,4096,16384,13312,811.119,887.953,875.454,0.8373
mixed,32,24,0.75,4.0,1024,2048,8192,32768,26624,1150.466,1308.484,1262.373,0.7082
mixed,32,24,0.75,4.0,1024,8192,128,512,416,972.373,974.707,984.023,4.9912
mixed,32,24,0.75,4.0,1024,8192,256,1024,832,987.48,992.335,1000.37,2.6553
mixed,32,24,0.75,4.0,1024,8192,512,2048,1664,1008.866,1020.516,1028.596,1.6935
mixed,32,24,0.75,4.0,1024,8192,1024,4096,3328,1054.142,1072.997,1079.538,1.3469
mixed,32,24,0.75,4.0,1024,8192,2048,8192,6656,1135.204,1181.089,1178.689,0.9477
mixed,32,24,0.75,4.0,1024,8192,4096,16384,13312,1302.932,1376.486,1367.283,0.8749
mixed,32,24,0.75,4.0,1024,8192,8192,32768,26624,1627.317,1781.638,1744.611,0.7601
mixed,32,24,0.75,4.0,1024,16384,128,512,416,1605.074,1609.426,1618.118,2.9971
mixed,32,24,0.75,4.0,1024,16384,256,1024,832,1619.007,1624.548,1630.757,2.1207
mixed,32,24,0.75,4.0,1024,16384,512,2048,1664,1639.876,1656.291,1663.284,1.4261
mixed,32,24,0.75,4.0,1024,16384,1024,4096,3328,1686.708,1704.548,1719.745,1.8519
mixed,32,24,0.75,4.0,1024,16384,2048,8192,6656,1775.33,1810.057,1809.399,0.9811
mixed,32,24,0.75,4.0,1024,16384,4096,16384,13312,1931.477,2012.278,1998.261,0.8265
mixed,32,24,0.75,4.0,1024,16384,8192,32768,26624,2259.363,2420.405,2377.974,0.7365
mixed,32,24,0.75,4.0,4096,0,128,512,416,698.866,702.322,711.073,3.5321
mixed,32,24,0.75,4.0,4096,0,256,1024,832,714.306,722.1,722.806,1.0906
mixed,32,24,0.75,4.0,4096,0,512,2048,1664,739.217,750.355,761.184,1.9724
mixed,32,24,0.75,4.0,4096,0,1024,4096,3328,786.882,807.072,815.953,1.4399
mixed,32,24,0.75,4.0,4096,0,2048,8192,6656,871.346,910.13,913.138,1.0775
mixed,32,24,0.75,4.0,4096,0,4096,16384,13312,1035.009,1112.194,1099.505,0.8356
mixed,32,24,0.75,4.0,4096,0,8192,32768,26624,1362.961,1518.064,1477.442,0.7381
mixed,32,24,0.75,4.0,4096,512,128,512,416,909.025,912.368,919.617,3.1679
mixed,32,24,0.75,4.0,4096,512,256,1024,832,925.781,931.042,931.302,1.0494
mixed,32,24,0.75,4.0,4096,512,512,2048,1664,946.607,956.383,970.612,2.4555
mixed,32,24,0.75,4.0,4096,512,1024,4096,3328,991.424,1010.832,1025.713,1.7667
mixed,32,24,0.75,4.0,4096,512,2048,8192,6656,1077.026,1119.381,1123.715,1.1023
mixed,32,24,0.75,4.0,4096,512,4096,16384,13312,1240.259,1317.907,1311.154,0.913
mixed,32,24,0.75,4.0,4096,512,8192,32768,26624,1572.421,1725.859,1683.016,0.7208
mixed,32,24,0.75,4.0,4096,2048,128,512,416,1204.405,1204.389,1214.305,
mixed,32,24,0.75,4.0,4096,2048,256,1024,832,1216.053,1221.669,1226.564,1.8715
mixed,32,24,0.75,4.0,4096,2048,512,2048,1664,1238.29,1251.364,1260.516,1.7
mixed,32,24,0.75,4.0,4096,2048,1024,4096,3328,1286.067,1303.009,1314.518,1.6793
mixed,32,24,0.75,4.0,4096,2048,2048,8192,6656,1366.24,1407.429,1407.827,1.0097
mixed,32,24,0.75,4.0,4096,2048,4096,16384,13312,1533.781,1608.241,1600.128,0.891
mixed,32,24,0.75,4.0,4096,2048,8192,32768,26624,1869.142,2031.559,1988.915,0.7374
mixed,32,24,0.75,4.0,4096,8192,128,512,416,2332.964,2341.492,2345.57,1.4782
mixed,32,24,0.75,4.0,4096,8192,256,1024,832,2345.047,2358.601,2359.299,1.0515
mixed,32,24,0.75,4.0,4096,8192,512,2048,1664,2373.108,2377.35,2387.737,3.4484
mixed,32,24,0.75,4.0,4096,8192,1024,4096,3328,2417.877,2431.03,2450.631,2.4901
mixed,32,24,0.75,4.0,4096,8192,2048,8192,6656,2493.686,2535.619,2532.646,0.9291
mixed,32,24,0.75,4.0,4096,8192,4096,16384,13312,2669.412,2739.673,2728.343,0.8387
mixed,32,24,0.75,4.0,4096,8192,8192,32768,26624,2990.233,3144.265,3105.75,0.75
mixed,32,24,0.75,4.0,4096,16384,128,512,416,3808.742,3812.969,3813.733,1.1809
mixed,32,24,0.75,4.0,4096,16384,256,1024,832,3828.658,3831.736,3829.512,0.2774
mixed,32,24,0.75,4.0,4096,16384,512,2048,1664,3845.803,3860.522,3873.743,1.8982
mixed,32,24,0.75,4.0,4096,16384,1024,4096,3328,3889.308,3907.78,3917.581,1.5305
mixed,32,24,0.75,4.0,4096,16384,2048,8192,6656,3987.082,4016.261,4019.07,1.0963
mixed,32,24,0.75,4.0,4096,16384,4096,16384,13312,4148.919,4218.954,4198.777,0.7119
mixed,32,24,0.75,4.0,4096,16384,8192,32768,26624,4486.682,4613.117,4579.915,0.7374
pure,32,29,0.9062,4.0,0,0,128,512,476,92.271,93.618,91.968,-0.2249
pure,32,29,0.9062,4.0,0,0,256,1024,952,104.081,109.12,106.352,0.4508
pure,32,29,0.9062,4.0,0,0,512,2048,1904,131.999,134.721,131.793,-0.0759
pure,32,29,0.9062,4.0,0,0,1024,4096,3808,178.129,185.681,179.633,0.1992
pure,32,29,0.9062,4.0,0,0,2048,8192,7616,276.945,291.904,386.318,7.3111
pure,32,29,0.9062,4.0,0,0,4096,16384,15232,462.241,493.601,663.554,6.4195
pure,32,29,0.9062,4.0,0,0,8192,32768,30464,836.545,895.043,1233.363,6.7834
mixed,32,29,0.9062,4.0,16,0,128,512,476,102.415,105.921,104.927,0.7164
mixed,32,29,0.9062,4.0,16,0,256,1024,952,117.072,119.265,115.775,-0.591
mixed,32,29,0.9062,4.0,16,0,512,2048,1904,143.664,146.945,142.625,-0.3167
mixed,32,29,0.9062,4.0,16,0,1024,4096,3808,188.544,200.368,193.474,0.4169
mixed,32,29,0.9062,4.0,16,0,2048,8192,7616,289.921,305.936,289.088,-0.052
mixed,32,29,0.9062,4.0,16,0,4096,16384,15232,474.067,502.98,677.423,7.0334
mixed,32,29,0.9062,4.0,16,0,8192,32768,30464,848.353,905.346,1246.947,6.9938
mixed,32,29,0.9062,4.0,16,512,128,512,476,111.712,116.577,114.978,0.6712
mixed,32,29,0.9062,4.0,16,512,256,1024,952,124.577,145.841,121.359,-0.1513
mixed,32,29,0.9062,4.0,16,512,512,2048,1904,142.32,146.369,141.905,-0.1022
mixed,32,29,0.9062,4.0,16,512,1024,4096,3808,190.002,198.322,190.51,0.0611
mixed,32,29,0.9062,4.0,16,512,2048,8192,7616,293.617,306.752,290.082,-0.2692
mixed,32,29,0.9062,4.0,16,512,4096,16384,15232,475.2,507.552,477.889,0.0831
mixed,32,29,0.9062,4.0,16,512,8192,32768,30464,852.545,911.919,1241.667,6.5537
mixed,32,29,0.9062,4.0,16,2048,128,512,476,122.513,122.16,120.816,
mixed,32,29,0.9062,4.0,16,2048,256,1024,952,132.865,128.193,129.345,
mixed,32,29,0.9062,4.0,16,2048,512,2048,1904,147.135,193.106,191.058,0.9554
mixed,32,29,0.9062,4.0,16,2048,1024,4096,3808,271.264,277.009,194.833,-13.3051
mixed,32,29,0.9062,4.0,16,2048,2048,8192,7616,293.263,306.975,288.641,-0.3371
mixed,32,29,0.9062,4.0,16,2048,4096,16384,15232,476.752,504.576,479.971,0.1157
mixed,32,29,0.9062,4.0,16,2048,8192,32768,30464,853.523,909.124,847.664,-0.1054
mixed,32,29,0.9062,4.0,16,8192,128,512,476,151.408,156.322,157.071,1.1523
mixed,32,29,0.9062,4.0,16,8192,256,1024,952,150.641,154.097,152.16,0.4395
mixed,32,29,0.9062,4.0,16,8192,512,2048,1904,211.761,219.986,170.161,-5.0577
mixed,32,29,0.9062,4.0,16,8192,1024,4096,3808,202.912,213.264,275.408,7.0034
mixed,32,29,0.9062,4.0,16,8192,2048,8192,7616,430.337,452.304,447.089,0.7626
mixed,32,29,0.9062,4.0,16,8192,4096,16384,15232,751.409,797.026,482.577,-5.8932
mixed,32,29,0.9062,4.0,16,8192,8192,32768,30464,860.258,909.362,850.912,-0.1903
mixed,32,29,0.9062,4.0,16,16384,128,512,476,174.769,174.801,173.855,-28.1077
mixed,32,29,0.9062,4.0,16,16384,256,1024,952,190.624,196.13,198.369,1.4068
mixed,32,29,0.9062,4.0,16,16384,512,2048,1904,195.283,197.44,195.904,0.2881
mixed,32,29,0.9062,4.0,16,16384,1024,4096,3808,315.249,332.353,302.816,-0.7269
mixed,32,29,0.9062,4.0,16,16384,2048,8192,7616,317.731,332.096,446.946,8.9945
mixed,32,29,0.9062,4.0,16,16384,4096,16384,15232,741.427,788.338,783.457,0.896
mixed,32,29,0.9062,4.0,16,16384,8192,32768,30464,1399.653,1495.684,857.138,-5.6494
mixed,32,29,0.9062,4.0,64,0,128,512,476,104.767,107.728,106.416,0.5567
mixed,32,29,0.9062,4.0,64,0,256,1024,952,119.506,131.553,122.048,0.211
mixed,32,29,0.9062,4.0,64,0,512,2048,1904,159.617,159.522,148.799,
mixed,32,29,0.9062,4.0,64,0,1024,4096,3808,199.823,205.296,201.361,0.2808
mixed,32,29,0.9062,4.0,64,0,2048,8192,7616,301.888,318.32,298.001,-0.2365
mixed,32,29,0.9062,4.0,64,0,4096,16384,15232,486.018,515.457,686.353,6.8053
mixed,32,29,0.9062,4.0,64,0,8192,32768,30464,862.353,917.184,1253.219,7.1285
mixed,32,29,0.9062,4.0,64,512,128,512,476,121.681,144.945,142.065,0.8762
mixed,32,29,0.9062,4.0,64,512,256,1024,952,134.881,130.526,128.305,
mixed,32,29,0.9062,4.0,64,512,512,2048,1904,149.73,194.368,192.018,0.9474
mixed,32,29,0.9062,4.0,64,512,1024,4096,3808,250.274,261.007,254.16,0.3621
mixed,32,29,0.9062,4.0,64,512,2048,8192,7616,351.055,364.353,351.087,0.0024
mixed,32,29,0.9062,4.0,64,512,4096,16384,15232,528.609,563.809,531.746,0.0891
mixed,32,29,0.9062,4.0,64,512,8192,32768,30464,892.274,951.554,900.066,0.1314
mixed,32,29,0.9062,4.0,64,2048,128,512,476,151.775,158.543,155.76,0.5887
mixed,32,29,0.9062,4.0,64,2048,256,1024,952,155.217,153.904,152.307,
mixed,32,29,0.9062,4.0,64,2048,512,2048,1904,217.264,230.178,226.45,0.7113
mixed,32,29,0.9062,4.0,64,2048,1024,4096,3808,212.096,225.023,280.865,5.3202
mixed,32,29,0.9062,4.0,64,2048,2048,8192,7616,429.601,450.512,446.272,0.7972
mixed,32,29,0.9062,4.0,64,2048,4096,16384,15232,627.265,660.194,648.577,0.6472
mixed,32,29,0.9062,4.0,64,2048,8192,32768,30464,998.036,1050.531,1011.889,0.2639
mixed,32,29,0.9062,4.0,64,8192,128,512,476,210.289,204.849,205.151,
mixed,32,29,0.9062,4.0,64,8192,256,1024,952,221.186,220.672,221.537,
mixed,32,29,0.9062,4.0,64,8192,512,2048,1904,266.433,280.463,280.24,0.9841
mixed,32,29,0.9062,4.0,64,8192,1024,4096,3808,275.215,273.343,269.424,
mixed,32,29,0.9062,4.0,64,8192,2048,8192,7616,526.049,555.058,557.136,1.0717
mixed,32,29,0.9062,4.0,64,8192,4096,16384,15232,543.376,569.394,777.17,8.9862
mixed,32,29,0.9062,4.0,64,8192,8192,32768,30464,1360.82,1451.572,1448.002,0.9607
mixed,32,29,0.9062,4.0,64,16384,128,512,476,297.648,297.489,297.809,
mixed,32,29,0.9062,4.0,64,16384,256,1024,952,300.369,299.649,300.528,
mixed,32,29,0.9062,4.0,64,16384,512,2048,1904,326.128,326.257,326.127,-0.0078
mixed,32,29,0.9062,4.0,64,16384,1024,4096,3808,423.296,442.289,447.363,1.2671
mixed,32,29,0.9062,4.0,64,16384,2048,8192,7616,439.535,439.01,435.76,
mixed,32,29,0.9062,4.0,64,16384,4096,16384,15232,921.459,973.427,973.762,1.0064
mixed,32,29,0.9062,4.0,64,16384,8192,32768,30464,958.61,1023.01,1417.715,7.129
mixed,32,29,0.9062,4.0,256,0,128,512,476,124.304,124.721,122.881,-3.4207
mixed,32,29,0.9062,4.0,256,0,256,1024,952,144.351,147.951,147.714,0.934
mixed,32,29,0.9062,4.0,256,0,512,2048,1904,180.734,191.537,189.748,0.8343
mixed,32,29,0.9062,4.0,256,0,1024,4096,3808,256.93,271.281,268.719,0.8215
mixed,32,29,0.9062,4.0,256,0,2048,8192,7616,404.305,429.201,425.841,0.865
mixed,32,29,0.9062,4.0,256,0,4096,16384,15232,695.57,745.412,736.673,0.8247
mixed,32,29,0.9062,4.0,256,0,8192,32768,30464,1286.258,1381.57,1375.06,0.9317
mixed,32,29,0.9062,4.0,256,512,128,512,476,208.144,212.576,211.187,0.6866
mixed,32,29,0.9062,4.0,256,512,256,1024,952,214.866,221.521,219.649,0.7187
mixed,32,29,0.9062,4.0,256,512,512,2048,1904,179.952,187.6,187.423,0.9768
mixed,32,29,0.9062,4.0,256,512,1024,4096,3808,260.145,274.704,272.353,0.8385
mixed,32,29,0.9062,4.0,256,512,2048,8192,7616,410.69,431.652,429.393,0.8922
mixed,32,29,0.9062,4.0,256,512,4096,16384,15232,705.874,750.577,745.587,0.8884
mixed,32,29,0.9062,4.0,256,512,8192,32768,30464,1290.562,1374.101,1373.779,0.9961
mixed,32,29,0.9062,4.0,256,2048,128,512,476,266.962,272.017,270.514,0.7028
mixed,32,29,0.9062,4.0,256,2048,256,1024,952,303.553,311.25,311.538,1.0375
mixed,32,29,0.9062,4.0,256,2048,512,2048,1904,317.891,327.584,323.697,0.5989
mixed,32,29,0.9062,4.0,256,2048,1024,4096,3808,279.248,278.384,277.424,
mixed,32,29,0.9062,4.0,256,2048,2048,8192,7616,413.554,439.01,436.433,0.8988
mixed,32,29,0.9062,4.0,256,2048,4096,16384,15232,709.312,749.633,751.651,1.05
mixed,32,29,0.9062,4.0,256,2048,8192,32768,30464,1295.202,1381.843,1374.643,0.9169
mixed,32,29,0.9062,4.0,256,8192,128,512,476,504.576,504.913,504.72,0.429
mixed,32,29,0.9062,4.0,256,8192,256,1024,952,538.05,548.866,550.097,1.1137
mixed,32,29,0.9062,4.0,256,8192,512,2048,1904,613.329,628.513,628.658,1.0095
mixed,32,29,0.9062,4.0,256,8192,1024,4096,3808,761.249,781.457,783.235,1.088
mixed,32,29,0.9062,4.0,256,8192,2048,8192,7616,771.954,798.161,794.019,0.8419
mixed,32,29,0.9062,4.0,256,8192,4096,16384,15232,759.378,759.233,757.599,
mixed,32,29,0.9062,4.0,256,8192,8192,32768,30464,1302.706,1397.156,1380.932,0.8282
mixed,32,29,0.9062,4.0,256,16384,128,512,476,776.114,776.003,775.089,
mixed,32,29,0.9062,4.0,256,16384,256,1024,952,805.203,854.611,852.308,0.9534
mixed,32,29,0.9062,4.0,256,16384,512,2048,1904,922.691,937.187,936.099,0.925
mixed,32,29,0.9062,4.0,256,16384,1024,4096,3808,1065.457,1091.684,1090.658,0.9609
mixed,32,29,0.9062,4.0,256,16384,2048,8192,7616,1359.268,1401.507,1395.716,0.8629
mixed,32,29,0.9062,4.0,256,16384,4096,16384,15232,1377.314,1418.709,1417.046,0.9598
mixed,32,29,0.9062,4.0,256,16384,8192,32768,30464,1373.795,1383.942,1375.829,0.2004
mixed,32,29,0.9062,4.0,1024,0,128,512,476,246.413,248.458,247.635,0.5971
mixed,32,29,0.9062,4.0,1024,0,256,1024,952,263.392,266.784,266.543,0.9291
mixed,32,29,0.9062,4.0,1024,0,512,2048,1904,294.945,295.97,295.041,0.0936
mixed,32,29,0.9062,4.0,1024,0,1024,4096,3808,343.952,350.799,347.249,0.4815
mixed,32,29,0.9062,4.0,1024,0,2048,8192,7616,444.24,457.491,548.193,7.8452
mixed,32,29,0.9062,4.0,1024,0,4096,16384,15232,627.857,659.237,823.874,6.2465
mixed,32,29,0.9062,4.0,1024,0,8192,32768,30464,1019.382,1081.186,1407.41,6.2783
mixed,32,29,0.9062,4.0,1024,512,128,512,476,354.354,355.327,355.135,0.8023
mixed,32,29,0.9062,4.0,1024,512,256,1024,952,369.423,373.345,373.71,1.0932
mixed,32,29,0.9062,4.0,1024,512,512,2048,1904,402.927,404.081,401.998,-0.8062
mixed,32,29,0.9062,4.0,1024,512,1024,4096,3808,452.769,461.646,454.82,0.231
mixed,32,29,0.9062,4.0,1024,512,2048,8192,7616,552.965,567.183,658.387,7.4145
mixed,32,29,0.9062,4.0,1024,512,4096,16384,15232,738.017,766.931,936.129,6.8517
mixed,32,29,0.9062,4.0,1024,512,8192,32768,30464,1127.376,1192.628,1519.976,6.0167
mixed,32,29,0.9062,4.0,1024,2048,128,512,476,479.089,479.617,476.419,-5.0626
mixed,32,29,0.9062,4.0,1024,2048,256,1024,952,493.686,496.996,494.944,0.3802
mixed,32,29,0.9062,4.0,1024,2048,512,2048,1904,526.785,526.435,522.624,
mixed,32,29,0.9062,4.0,1024,2048,1024,4096,3808,574.303,582.177,578.368,0.5162
mixed,32,29,0.9062,4.0,1024,2048,2048,8192,7616,674.816,684.546,777.233,10.5253
mixed,32,29,0.9062,4.0,1024,2048,4096,16384,15232,858.132,887.635,1056.534,6.7248
mixed,32,29,0.9062,4.0,1024,2048,8192,32768,30464,1249.109,1307.045,1636.24,6.6821
mixed,32,29,0.9062,4.0,1024,8192,128,512,476,975.202,976.071,977.619,2.7824
mixed,32,29,0.9062,4.0,1024,8192,256,1024,952,990.931,994.606,991.492,0.1524
mixed,32,29,0.9062,4.0,1024,8192,512,2048,1904,1018.69,1020.178,1022.963,2.87
mixed,32,29,0.9062,4.0,1024,8192,1024,4096,3808,1067.859,1069.935,1067.748,-0.0532
mixed,32,29,0.9062,4.0,1024,8192,2048,8192,7616,1162.1,1179.172,1273.749,6.5399
mixed,32,29,0.9062,4.0,1024,8192,4096,16384,15232,1349.876,1381.714,1549.891,6.2822
mixed,32,29,0.9062,4.0,1024,8192,8192,32768,30464,1721.748,1782.788,2113.575,6.4192
mixed,32,29,0.9062,4.0,1024,16384,128,512,476,1610.231,1614.227,1610.883,0.1632
mixed,32,29,0.9062,4.0,1024,16384,256,1024,952,1622.356,1627.412,1624.663,0.4563
mixed,32,29,0.9062,4.0,1024,16384,512,2048,1904,1653.978,1652.807,1654.692,
mixed,32,29,0.9062,4.0,1024,16384,1024,4096,3808,1693.106,1703.368,1698.263,0.5025
mixed,32,29,0.9062,4.0,1024,16384,2048,8192,7616,1794.324,1807.38,1899.363,8.0453
mixed,32,29,0.9062,4.0,1024,16384,4096,16384,15232,1980.403,2012.838,2176.278,6.0392
mixed,32,29,0.9062,4.0,1024,16384,8192,32768,30464,2357.752,2414.874,2746.557,6.8066
mixed,32,29,0.9062,4.0,4096,0,128,512,476,701.491,701.65,699.587,-11.9404
mixed,32,29,0.9062,4.0,4096,0,256,1024,952,718.386,719.412,718.404,0.0171
mixed,32,29,0.9062,4.0,4096,0,512,2048,1904,748.338,752.866,748.98,0.1418
mixed,32,29,0.9062,4.0,4096,0,1024,4096,3808,797.97,804.676,799.841,0.2791
mixed,32,29,0.9062,4.0,4096,0,2048,8192,7616,899.202,912.018,1005.908,8.326
mixed,32,29,0.9062,4.0,4096,0,4096,16384,15232,1084.533,1112.561,1279.235,6.9467
mixed,32,29,0.9062,4.0,4096,0,8192,32768,30464,1461.954,1518.036,1849.747,6.9147
mixed,32,29,0.9062,4.0,4096,512,128,512,476,911.312,913.299,911.81,0.2504
mixed,32,29,0.9062,4.0,4096,512,256,1024,952,927.412,930.402,927.871,0.1532
mixed,32,29,0.9062,4.0,4096,512,512,2048,1904,958.083,960.438,953.904,-1.7747
mixed,32,29,0.9062,4.0,4096,512,1024,4096,3808,1003.615,1011.907,1007.634,0.4846
mixed,32,29,0.9062,4.0,4096,512,2048,8192,7616,1102.211,1118.736,1206.369,6.3028
mixed,32,29,0.9062,4.0,4096,512,4096,16384,15232,1291.204,1318.899,1486.709,7.0591
mixed,32,29,0.9062,4.0,4096,512,8192,32768,30464,1669.123,1730.983,2060.357,6.3245
mixed,32,29,0.9062,4.0,4096,2048,128,512,476,1204.382,1205.026,1205.572,1.8478
mixed,32,29,0.9062,4.0,4096,2048,256,1024,952,1216.356,1223.091,1219.49,0.4653
mixed,32,29,0.9062,4.0,4096,2048,512,2048,1904,1246.799,1253.477,1247.718,0.1375
mixed,32,29,0.9062,4.0,4096,2048,1024,4096,3808,1295.795,1302.625,1298.87,0.4501
mixed,32,29,0.9062,4.0,4096,2048,2048,8192,7616,1394.418,1412.421,1500.726,5.9049
mixed,32,29,0.9062,4.0,4096,2048,4096,16384,15232,1578.098,1605.814,1774.149,7.0734
mixed,32,29,0.9062,4.0,4096,2048,8192,32768,30464,1966.998,2026.998,2357.192,6.5032
mixed,32,29,0.9062,4.0,4096,8192,128,512,476,2341.433,2337.512,2333.896,
mixed,32,29,0.9062,4.0,4096,8192,256,1024,952,2360.378,2356.372,2352.889,
mixed,32,29,0.9062,4.0,4096,8192,512,2048,1904,2381.048,2381.417,2378.488,-6.9283
mixed,32,29,0.9062,4.0,4096,8192,1024,4096,3808,2431.178,2432.552,2427.717,-2.5186
mixed,32,29,0.9062,4.0,4096,8192,2048,8192,7616,2519.88,2538.469,2630.632,5.9579
mixed,32,29,0.9062,4.0,4096,8192,4096,16384,15232,2708.394,2746.97,2900.216,4.9726
mixed,32,29,0.9062,4.0,4096,8192,8192,32768,30464,3091.242,3142.166,3477.739,7.5897
mixed,32,29,0.9062,4.0,4096,16384,128,512,476,3820.028,3809.256,3825.611,
mixed,32,29,0.9062,4.0,4096,16384,256,1024,952,3818.456,3831.176,3830.603,0.955
mixed,32,29,0.9062,4.0,4096,16384,512,2048,1904,3856.124,3852.268,3872.933,
mixed,32,29,0.9062,4.0,4096,16384,1024,4096,3808,3897.95,3908.281,3904.202,0.6051
mixed,32,29,0.9062,4.0,4096,16384,2048,8192,7616,3999.499,4020.368,4106.554,5.1299
mixed,32,29,0.9062,4.0,4096,16384,4096,16384,15232,4189.291,4227.371,4379.996,5.008
mixed,32,29,0.9062,4.0,4096,16384,8192,32768,30464,4563.44,4627.885,4953.949,6.0596
pure,64,1,0.0156,4.0,0,0,128,512,134,71.343,113.264,90.976,0.4683
pure,64,1,0.0156,4.0,0,0,256,1024,268,98.513,142.24,99.232,0.0164
pure,64,1,0.0156,4.0,0,0,512,2048,536,115.999,194.576,134.288,0.2328
pure,64,1,0.0156,4.0,0,0,1024,4096,1072,146.433,302.353,176.368,0.192
pure,64,1,0.0156,4.0,0,0,2048,8192,2144,195.936,502.178,275.809,0.2608
pure,64,1,0.0156,4.0,0,0,4096,16384,4288,311.375,902.769,458.977,0.2496
pure,64,1,0.0156,4.0,0,0,8192,32768,8576,531.873,1711.685,808.803,0.2347
mixed,64,1,0.0156,4.0,16,0,128,512,134,82.353,125.457,114.417,0.7439
mixed,64,1,0.0156,4.0,16,0,256,1024,268,109.856,153.935,125.729,0.3601
mixed,64,1,0.0156,4.0,16,0,512,2048,536,126.224,209.343,137.936,0.1409
mixed,64,1,0.0156,4.0,16,0,1024,4096,1072,155.697,313.857,197.023,0.2613
mixed,64,1,0.0156,4.0,16,0,2048,8192,2144,208.015,512.498,292.385,0.2771
mixed,64,1,0.0156,4.0,16,0,4096,16384,4288,322.497,913.538,472.259,0.2534
mixed,64,1,0.0156,4.0,16,0,8192,32768,8576,543.394,1719.717,820.483,0.2356
mixed,64,1,0.0156,4.0,16,512,128,512,134,124.338,158.737,123.391,-0.0275
mixed,64,1,0.0156,4.0,16,512,256,1024,268,135.217,153.168,136.161,0.0526
mixed,64,1,0.0156,4.0,16,512,512,2048,536,159.728,207.36,159.376,-0.0074
mixed,64,1,0.0156,4.0,16,512,1024,4096,1072,154.32,315.187,199.297,0.2796
mixed,64,1,0.0156,4.0,16,512,2048,8192,2144,210.464,512.288,285.649,0.2491
mixed,64,1,0.0156,4.0,16,512,4096,16384,4288,324.863,917.363,469.074,0.2434
mixed,64,1,0.0156,4.0,16,512,8192,32768,8576,542.803,1726.101,819.331,0.2337
mixed,64,1,0.0156,4.0,16,2048,128,512,134,124.463,161.089,127.075,0.0713
mixed,64,1,0.0156,4.0,16,2048,256,1024,268,138.561,205.329,138.147,-0.0062
mixed,64,1,0.0156,4.0,16,2048,512,2048,536,162.913,293.027,161.49,-0.0109
mixed,64,1,0.0156,4.0,16,2048,1024,4096,1072,207.411,314.228,205.426,-0.0186
mixed,64,1,0.0156,4.0,16,2048,2048,8192,2144,308.612,513.351,294.947,-0.0667
mixed,64,1,0.0156,4.0,16,2048,4096,16384,4288,323.842,917.674,471.22,0.2482
mixed,64,1,0.0156,4.0,16,2048,8192,32768,8576,550.438,1724.753,817.801,0.2277
mixed,64,1,0.0156,4.0,16,8192,128,512,134,143.633,160.849,146.658,0.1757
mixed,64,1,0.0156,4.0,16,8192,256,1024,268,155.666,204.482,148.4,-0.1488
mixed,64,1,0.0156,4.0,16,8192,512,2048,536,160.881,290.37,160.258,-0.0048
mixed,64,1,0.0156,4.0,16,8192,1024,4096,1072,205.762,468.805,205.423,-0.0013
mixed,64,1,0.0156,4.0,16,8192,2048,8192,2144,296.965,814.152,292.339,-0.0089
mixed,64,1,0.0156,4.0,16,8192,4096,16384,4288,477.205,916.857,466.771,-0.0237
mixed,64,1,0.0156,4.0,16,8192,8192,32768,8576,847.159,1726.496,817.191,-0.0341
mixed,64,1,0.0156,4.0,16,16384,128,512,134,177.392,193.394,177.538,0.0091
mixed,64,1,0.0156,4.0,16,16384,256,1024,268,173.362,202.98,171.748,-0.0545
mixed,64,1,0.0156,4.0,16,16384,512,2048,536,196.69,288.531,193.905,-0.0303
mixed,64,1,0.0156,4.0,16,16384,1024,4096,1072,204.242,462.996,207.987,0.0145
mixed,64,1,0.0156,4.0,16,16384,2048,8192,2144,295.698,802.954,290.37,-0.0105
mixed,64,1,0.0156,4.0,16,16384,4096,16384,4288,477.364,1503.071,463.267,-0.0137
mixed,64,1,0.0156,4.0,16,16384,8192,32768,8576,832.137,1732.465,805.43,-0.0297
mixed,64,1,0.0156,4.0,64,0,128,512,134,84.785,144.113,121.393,0.617
mixed,64,1,0.0156,4.0,64,0,256,1024,268,130.386,170.64,130.93,0.0135
mixed,64,1,0.0156,4.0,64,0,512,2048,536,142.514,213.475,146.946,0.0625
mixed,64,1,0.0156,4.0,64,0,1024,4096,1072,173.41,319.876,203.026,0.2022
mixed,64,1,0.0156,4.0,64,0,2048,8192,2144,214.147,522.13,297.49,0.2706
mixed,64,1,0.0156,4.0,64,0,4096,16384,4288,331.953,925.922,476.93,0.2441
mixed,64,1,0.0156,4.0,64,0,8192,32768,8576,548.226,1732.103,825.122,0.2339
mixed,64,1,0.0156,4.0,64,512,128,512,134,125.248,165.198,125.325,0.0019
mixed,64,1,0.0156,4.0,64,512,256,1024,268,148.833,206.61,148.928,0.0017
mixed,64,1,0.0156,4.0,64,512,512,2048,536,167.233,267.666,165.584,-0.0164
mixed,64,1,0.0156,4.0,64,512,1024,4096,1072,207.491,375.202,206.915,-0.0034
mixed,64,1,0.0156,4.0,64,512,2048,8192,2144,272.129,566.547,286.578,0.0491
mixed,64,1,0.0156,4.0,64,512,4096,16384,4288,377.298,955.238,471.298,0.1626
mixed,64,1,0.0156,4.0,64,512,8192,32768,8576,592.722,1745.111,821.188,0.1983
mixed,64,1,0.0156,4.0,64,2048,128,512,134,144.401,153.217,140.066,-0.4918
mixed,64,1,0.0156,4.0,64,2048,256,1024,268,164.559,209.522,162.594,-0.0437
mixed,64,1,0.0156,4.0,64,2048,512,2048,536,153.537,293.218,154.672,0.0081
mixed,64,1,0.0156,4.0,64,2048,1024,4096,1072,210.528,465.411,209.89,-0.0025
mixed,64,1,0.0156,4.0,64,2048,2048,8192,2144,297.361,669.715,295.955,-0.0038
mixed,64,1,0.0156,4.0,64,2048,4096,16384,4288,478.755,1064.789,466.498,-0.0209
mixed,64,1,0.0156,4.0,64,2048,8192,32768,8576,689.585,1850.534,808.675,0.1026
mixed,64,1,0.0156,4.0,64,8192,128,512,134,212.977,224.08,213.311,0.0302
mixed,64,1,0.0156,4.0,64,8192,256,1024,268,215.358,282.098,216.111,0.0113
mixed,64,1,0.0156,4.0,64,8192,512,2048,536,224.37,274.596,223.937,-0.0086
mixed,64,1,0.0156,4.0,64,8192,1024,4096,1072,287.106,463.138,284.13,-0.0169
mixed,64,1,0.0156,4.0,64,8192,2048,8192,2144,276.161,789.65,279.857,0.0072
mixed,64,1,0.0156,4.0,64,8192,4096,16384,4288,476.034,1467.219,465.553,-0.0106
mixed,64,1,0.0156,4.0,64,8192,8192,32768,8576,817.313,2254.791,787.41,-0.0208
mixed,64,1,0.0156,4.0,64,16384,128,512,134,302.928,310.769,302.003,-0.118
mixed,64,1,0.0156,4.0,64,16384,256,1024,268,300.865,331.777,300.128,-0.0239
mixed,64,1,0.0156,4.0,64,16384,512,2048,536,313.519,444.4,312.288,-0.0094
mixed,64,1,0.0156,4.0,64,16384,1024,4096,1072,332.451,439.889,331.793,-0.0061
mixed,64,1,0.0156,4.0,64,16384,2048,8192,2144,455.728,785.651,445.602,-0.0307
mixed,64,1,0.0156,4.0,64,16384,4096,16384,4288,456.512,1429.3,448.449,-0.0083
mixed,64,1,0.0156,4.0,64,16384,8192,32768,8576,821.475,2793.176,791.956,-0.015
mixed,64,1,0.0156,4.0,256,0,128,512,134,97.487,176.688,125.425,0.3527
mixed,64,1,0.0156,4.0,256,0,256,1024,268,126.944,205.056,147.216,0.2595
mixed,64,1,0.0156,4.0,256,0,512,2048,536,178.256,258.032,201.169,0.2872
mixed,64,1,0.0156,4.0,256,0,1024,4096,1072,207.265,355.954,291.856,0.5689
mixed,64,1,0.0156,4.0,256,0,2048,8192,2144,265.775,553.123,465.266,0.6942
mixed,64,1,0.0156,4.0,256,0,4096,16384,4288,366.355,968.066,803.235,0.7261
mixed,64,1,0.0156,4.0,256,0,8192,32768,8576,581.602,1773.686,1463.508,0.7398
mixed,64,1,0.0156,4.0,256,512,128,512,134,188.417,158.959,187.424,
mixed,64,1,0.0156,4.0,256,512,256,1024,268,199.921,221.344,199.601,-0.0149
mixed,64,1,0.0156,4.0,256,512,512,2048,536,160.032,278.994,186.543,0.2229
mixed,64,1,0.0156,4.0,256,512,1024,4096,1072,222.274,387.201,274.688,0.3178
mixed,64,1,0.0156,4.0,256,512,2048,8192,2144,284.178,581.905,439.585,0.522
mixed,64,1,0.0156,4.0,256,512,4096,16384,4288,393.218,982.114,773.538,0.6458
mixed,64,1,0.0156,4.0,256,512,8192,32768,8576,604.355,1788.037,1428.162,0.696
mixed,64,1,0.0156,4.0,256,2048,128,512,134,249.553,283.248,249.618,0.0019
mixed,64,1,0.0156,4.0,256,2048,256,1024,268,262.448,329.168,260.034,-0.0362
mixed,64,1,0.0156,4.0,256,2048,512,2048,536,284.769,278.832,285.169,
mixed,64,1,0.0156,4.0,256,2048,1024,4096,1072,332.929,467.664,328.049,-0.0362
mixed,64,1,0.0156,4.0,256,2048,2048,8192,2144,280.881,666.867,427.681,0.3803
mixed,64,1,0.0156,4.0,256,2048,4096,16384,4288,476.481,1069.621,749.38,0.4601
mixed,64,1,0.0156,4.0,256,2048,8192,32768,8576,687.907,1876.153,1399.801,0.5991
mixed,64,1,0.0156,4.0,256,8192,128,512,134,481.906,523.091,485.668,0.0913
mixed,64,1,0.0156,4.0,256,8192,256,1024,268,500.737,566.164,497.412,-0.0508
mixed,64,1,0.0156,4.0,256,8192,512,2048,536,521.827,645.716,521.522,-0.0025
mixed,64,1,0.0156,4.0,256,8192,1024,4096,1072,563.586,801.733,567.395,0.016
mixed,64,1,0.0156,4.0,256,8192,2048,8192,2144,651.108,761.396,643.442,-0.0695
mixed,64,1,0.0156,4.0,256,8192,4096,16384,4288,814.214,1420.904,799.97,-0.0235
mixed,64,1,0.0156,4.0,256,8192,8192,32768,8576,793.268,2231.82,1364.663,0.3972
mixed,64,1,0.0156,4.0,256,16384,128,512,134,787.363,826.258,784.358,-0.0773
mixed,64,1,0.0156,4.0,256,16384,256,1024,268,786.099,870.103,787.062,0.0115
mixed,64,1,0.0156,4.0,256,16384,512,2048,536,827.716,951.669,827.861,0.0012
mixed,64,1,0.0156,4.0,256,16384,1024,4096,1072,873.172,1108.532,873.108,-0.0003
mixed,64,1,0.0156,4.0,256,16384,2048,8192,2144,959.044,1423.735,956.997,-0.0044
mixed,64,1,0.0156,4.0,256,16384,4096,16384,4288,1125.285,1392.376,1112.63,-0.0474
mixed,64,1,0.0156,4.0,256,16384,8192,32768,8576,1456.599,2675.848,1427.812,-0.0236
mixed,64,1,0.0156,4.0,1024,0,128,512,134,245.405,271.507,245.346,-0.0023
mixed,64,1,0.0156,4.0,1024,0,256,1024,268,256.403,303.616,254.144,-0.0478
mixed,64,1,0.0156,4.0,1024,0,512,2048,536,274.353,359.775,292.19,0.2088
mixed,64,1,0.0156,4.0,1024,0,1024,4096,1072,306.188,464.211,339.376,0.21
mixed,64,1,0.0156,4.0,1024,0,2048,8192,2144,360.033,667.52,437.361,0.2515
mixed,64,1,0.0156,4.0,1024,0,4096,16384,4288,475.314,1091.922,617.375,0.2304
mixed,64,1,0.0156,4.0,1024,0,8192,32768,8576,695.776,1942.359,967.298,0.2178
mixed,64,1,0.0156,4.0,1024,512,128,512,134,350.175,378.321,352.917,0.0974
mixed,64,1,0.0156,4.0,1024,512,256,1024,268,364.132,413.059,362.658,-0.0301
mixed,64,1,0.0156,4.0,1024,512,512,2048,536,381.796,470.589,400.323,0.2087
mixed,64,1,0.0156,4.0,1024,512,1024,4096,1072,417.424,572.786,446.947,0.19
mixed,64,1,0.0156,4.0,1024,512,2048,8192,2144,469.476,775.109,546.85,0.2532
mixed,64,1,0.0156,4.0,1024,512,4096,16384,4288,584.754,1198.611,728.273,0.2338
mixed,64,1,0.0156,4.0,1024,512,8192,32768,8576,804.111,2041.238,1079.889,0.2229
mixed,64,1,0.0156,4.0,1024,2048,128,512,134,476.692,502.462,476.945,0.0098
mixed,64,1,0.0156,4.0,1024,2048,256,1024,268,485.97,534.007,484.578,-0.029
mixed,64,1,0.0156,4.0,1024,2048,512,2048,536,506.595,589.025,527.058,0.2482
mixed,64,1,0.0156,4.0,1024,2048,1024,4096,1072,536.484,693.538,570.288,0.2152
mixed,64,1,0.0156,4.0,1024,2048,2048,8192,2144,591.01,895.649,668.099,0.2531
mixed,64,1,0.0156,4.0,1024,2048,4096,16384,4288,705.586,1316.019,849.108,0.2351
mixed,64,1,0.0156,4.0,1024,2048,8192,32768,8576,924.133,2163.671,1197.734,0.2207
mixed,64,1,0.0156,4.0,1024,8192,128,512,134,978.563,1000.993,978.895,0.0148
mixed,64,1,0.0156,4.0,1024,8192,256,1024,268,985.6,1030.159,985.203,-0.0089
mixed,64,1,0.0156,4.0,1024,8192,512,2048,536,1001.078,1083.381,1023.253,0.2694
mixed,64,1,0.0156,4.0,1024,8192,1024,4096,1072,1031.444,1188.338,1065.349,0.2161
mixed,64,1,0.0156,4.0,1024,8192,2048,8192,2144,1087.33,1386.895,1158.758,0.2384
mixed,64,1,0.0156,4.0,1024,8192,4096,16384,4288,1201.558,1792.23,1341.86,0.2375
mixed,64,1,0.0156,4.0,1024,8192,8192,32768,8576,1417.828,2596.135,1690.837,0.2317
mixed,64,1,0.0156,4.0,1024,16384,128,512,134,1610.226,1636.965,1610.773,0.0205
mixed,64,1,0.0156,4.0,1024,16384,256,1024,268,1619.954,1661.936,1616.595,-0.08
mixed,64,1,0.0156,4.0,1024,16384,512,2048,536,1636.482,1715.568,1660.432,0.3028
mixed,64,1,0.0156,4.0,1024,16384,1024,4096,1072,1664.47,1817.43,1695.122,0.2004
mixed,64,1,0.0156,4.0,1024,16384,2048,8192,2144,1717.334,2019.001,1791.78,0.2468
mixed,64,1,0.0156,4.0,1024,16384,4096,16384,4288,1828.066,2425.03,1968.676,0.2355
mixed,64,1,0.0156,4.0,1024,16384,8192,32768,8576,2048.454,3230.47,2319.943,0.2297
mixed,64,1,0.0156,4.0,4096,0,128,512,134,697.713,722.868,699.312,0.0636
mixed,64,1,0.0156,4.0,4096,0,256,1024,268,711.012,756.88,710.784,-0.005
mixed,64,1,0.0156,4.0,4096,0,512,2048,536,727.971,810.499,747.376,0.2351
mixed,64,1,0.0156,4.0,4096,0,1024,4096,1072,760.449,916.515,789.469,0.1859
mixed,64,1,0.0156,4.0,4096,0,2048,8192,2144,812.707,1116.227,888.899,0.251
mixed,64,1,0.0156,4.0,4096,0,4096,16384,4288,927.312,1523.361,1076.133,0.2497
mixed,64,1,0.0156,4.0,4096,0,8192,32768,8576,1144.577,2337.107,1421.635,0.2323
mixed,64,1,0.0156,4.0,4096,512,128,512,134,908.527,932.113,906.611,-0.0812
mixed,64,1,0.0156,4.0,4096,512,256,1024,268,915.297,965.601,917.909,0.0519
mixed,64,1,0.0156,4.0,4096,512,512,2048,536,936.339,1018.401,955.215,0.23
mixed,64,1,0.0156,4.0,4096,512,1024,4096,1072,967.173,1124.533,1000.944,0.2146
mixed,64,1,0.0156,4.0,4096,512,2048,8192,2144,1021.349,1320.803,1096.158,0.2498
mixed,64,1,0.0156,4.0,4096,512,4096,16384,4288,1136.491,1724.852,1276.449,0.2379
mixed,64,1,0.0156,4.0,4096,512,8192,32768,8576,1354.305,2568.696,1629.253,0.2264
mixed,64,1,0.0156,4.0,4096,2048,128,512,134,1198.836,1225.824,1198.902,0.0024
mixed,64,1,0.0156,4.0,4096,2048,256,1024,268,1210.772,1261.794,1207.987,-0.0546
mixed,64,1,0.0156,4.0,4096,2048,512,2048,536,1229.588,1309.621,1248.036,0.2305
mixed,64,1,0.0156,4.0,4096,2048,1024,4096,1072,1256.404,1415.075,1290.311,0.2137
mixed,64,1,0.0156,4.0,4096,2048,2048,8192,2144,1314.707,1617.587,1388.241,0.2428
mixed,64,1,0.0156,4.0,4096,2048,4096,16384,4288,1423.188,2041.858,1572.772,0.2418
mixed,64,1,0.0156,4.0,4096,2048,8192,32768,8576,1644.774,2870.692,1917.719,0.2226
mixed,64,1,0.0156,4.0,4096,8192,128,512,134,2334.155,2369.789,2331.991,-0.0607
mixed,64,1,0.0156,4.0,4096,8192,256,1024,268,2350.134,2384.295,2345.88,-0.1245
mixed,64,1,0.0156,4.0,4096,8192,512,2048,536,2359.078,2440.459,2379.489,0.2508
mixed,64,1,0.0156,4.0,4096,8192,1024,4096,1072,2390.425,2544.086,2422.84,0.211
mixed,64,1,0.0156,4.0,4096,8192,2048,8192,2144,2439.721,2747.156,2518.408,0.2559
mixed,64,1,0.0156,4.0,4096,8192,4096,16384,4288,2553.126,3151.912,2702.486,0.2494
mixed,64,1,0.0156,4.0,4096,8192,8192,32768,8576,2773.591,3959.983,3051.642,0.2344
mixed,64,1,0.0156,4.0,4096,16384,128,512,134,3814.94,3827.533,3811.728,-0.2551
mixed,64,1,0.0156,4.0,4096,16384,256,1024,268,3832.522,3864.649,3820.733,-0.367
mixed,64,1,0.0156,4.0,4096,16384,512,2048,536,3840.667,3920.332,3857.214,0.2077
mixed,64,1,0.0156,4.0,4096,16384,1024,4096,1072,3863.242,4018.604,3898.09,0.2243
mixed,64,1,0.0156,4.0,4096,16384,2048,8192,2144,3921.515,4218.639,3998.138,0.2579
mixed,64,1,0.0156,4.0,4096,16384,4096,16384,4288,4030.649,4624.481,4168.94,0.2329
mixed,64,1,0.0156,4.0,4096,16384,8192,32768,8576,4266.766,5451.04,4539.436,0.2302
pure,64,2,0.0312,4.0,0,0,128,512,140,71.424,112.816,106.513,0.8477
pure,64,2,0.0312,4.0,0,0,256,1024,280,99.329,142.447,122.289,0.5325
pure,64,2,0.0312,4.0,0,0,512,2048,560,117.472,194.721,144.928,0.3554
pure,64,2,0.0312,4.0,0,0,1024,4096,1120,144.899,300.001,191.809,0.3024
pure,64,2,0.0312,4.0,0,0,2048,8192,2240,204.88,502.209,284.082,0.2664
pure,64,2,0.0312,4.0,0,0,4096,16384,4480,318.288,905.843,466.098,0.2516
pure,64,2,0.0312,4.0,0,0,8192,32768,8960,540.544,1709.383,816.387,0.236
mixed,64,2,0.0312,4.0,16,0,128,512,140,82.208,123.295,118.577,0.8852
mixed,64,2,0.0312,4.0,16,0,256,1024,280,112.0,153.969,132.48,0.488
mixed,64,2,0.0312,4.0,16,0,512,2048,560,127.681,208.129,156.607,0.3596
mixed,64,2,0.0312,4.0,16,0,1024,4096,1120,157.393,313.52,202.912,0.2916
mixed,64,2,0.0312,4.0,16,0,2048,8192,2240,217.329,513.04,295.889,0.2657
mixed,64,2,0.0312,4.0,16,0,4096,16384,4480,328.465,915.264,477.105,0.2533
mixed,64,2,0.0312,4.0,16,0,8192,32768,8960,547.396,1720.405,826.514,0.238
mixed,64,2,0.0312,4.0,16,512,128,512,140,123.906,160.24,125.569,0.0458
mixed,64,2,0.0312,4.0,16,512,256,1024,280,136.689,151.298,135.201,-0.1018
mixed,64,2,0.0312,4.0,16,512,512,2048,560,161.713,208.497,159.76,-0.0417
mixed,64,2,0.0312,4.0,16,512,1024,4096,1120,155.57,315.089,203.491,0.3004
mixed,64,2,0.0312,4.0,16,512,2048,8192,2240,217.504,514.052,293.953,0.2578
mixed,64,2,0.0312,4.0,16,512,4096,16384,4480,328.863,917.956,473.363,0.2453
mixed,64,2,0.0312,4.0,16,512,8192,32768,8960,553.937,1726.678,828.036,0.2337
mixed,64,2,0.0312,4.0,16,2048,128,512,140,125.633,163.759,124.719,-0.024
mixed,64,2,0.0312,4.0,16,2048,256,1024,280,138.24,204.449,137.138,-0.0167
mixed,64,2,0.0312,4.0,16,2048,512,2048,560,163.791,294.323,161.585,-0.0169
mixed,64,2,0.0312,4.0,16,2048,1024,4096,1120,212.609,315.121,206.559,-0.059
mixed,64,2,0.0312,4.0,16,2048,2048,8192,2240,314.544,515.873,295.698,-0.0936
mixed,64,2,0.0312,4.0,16,2048,4096,16384,4480,329.232,916.306,471.474,0.2423
mixed,64,2,0.0312,4.0,16,2048,8192,32768,8960,550.352,1725.636,822.786,0.2318
mixed,64,2,0.0312,4.0,16,8192,128,512,140,144.482,157.809,144.337,-0.0109
mixed,64,2,0.0312,4.0,16,8192,256,1024,280,156.224,205.458,148.258,-0.1618
mixed,64,2,0.0312,4.0,16,8192,512,2048,560,161.12,291.009,159.12,-0.0154
mixed,64,2,0.0312,4.0,16,8192,1024,4096,1120,209.456,464.385,208.545,-0.0036
mixed,64,2,0.0312,4.0,16,8192,2048,8192,2240,306.611,815.361,293.856,-0.0251
mixed,64,2,0.0312,4.0,16,8192,4096,16384,4480,498.977,919.987,469.585,-0.0698
mixed,64,2,0.0312,4.0,16,8192,8192,32768,8960,872.019,1734.485,817.601,-0.0631
mixed,64,2,0.0312,4.0,16,16384,128,512,140,178.224,194.592,177.25,-0.0595
mixed,64,2,0.0312,4.0,16,16384,256,1024,280,175.427,203.57,176.098,0.0239
mixed,64,2,0.0312,4.0,16,16384,512,2048,560,197.024,290.543,199.121,0.0224
mixed,64,2,0.0312,4.0,16,16384,1024,4096,1120,206.207,461.778,207.216,0.0039
mixed,64,2,0.0312,4.0,16,16384,2048,8192,2240,304.962,801.986,292.784,-0.0245
mixed,64,2,0.0312,4.0,16,16384,4096,16384,4480,494.242,1502.068,465.988,-0.028
mixed,64,2,0.0312,4.0,16,16384,8192,32768,8960,850.065,1731.973,810.579,-0.0448
mixed,64,2,0.0312,4.0,64,0,128,512,140,84.719,145.185,123.553,0.6422
mixed,64,2,0.0312,4.0,64,0,256,1024,280,130.383,170.573,138.751,0.2082
mixed,64,2,0.0312,4.0,64,0,512,2048,560,148.113,214.56,161.153,0.1963
mixed,64,2,0.0312,4.0,64,0,1024,4096,1120,179.953,321.618,207.953,0.1977
mixed,64,2,0.0312,4.0,64,0,2048,8192,2240,223.904,520.817,301.185,0.2603
mixed,64,2,0.0312,4.0,64,0,4096,16384,4480,337.441,923.587,486.994,0.2551
mixed,64,2,0.0312,4.0,64,0,8192,32768,8960,555.603,1729.67,835.794,0.2387
mixed,64,2,0.0312,4.0,64,512,128,512,140,122.688,165.41,125.008,0.0543
mixed,64,2,0.0312,4.0,64,512,256,1024,280,148.88,205.247,128.431,-0.3628
mixed,64,2,0.0312,4.0,64,512,512,2048,560,166.404,268.385,165.379,-0.0101
mixed,64,2,0.0312,4.0,64,512,1024,4096,1120,210.849,373.056,207.81,-0.0187
mixed,64,2,0.0312,4.0,64,512,2048,8192,2240,277.521,563.682,293.184,0.0547
mixed,64,2,0.0312,4.0,64,512,4096,16384,4480,390.753,961.907,475.744,0.1488
mixed,64,2,0.0312,4.0,64,512,8192,32768,8960,607.409,1737.749,830.001,0.1969
mixed,64,2,0.0312,4.0,64,2048,128,512,140,145.634,154.417,139.872,-0.656
mixed,64,2,0.0312,4.0,64,2048,256,1024,280,164.882,207.888,164.353,-0.0123
mixed,64,2,0.0312,4.0,64,2048,512,2048,560,155.233,295.649,193.728,0.2742
mixed,64,2,0.0312,4.0,64,2048,1024,4096,1120,213.776,465.091,212.415,-0.0054
mixed,64,2,0.0312,4.0,64,2048,2048,8192,2240,309.055,668.065,298.095,-0.0305
mixed,64,2,0.0312,4.0,64,2048,4096,16384,4480,492.674,1063.458,468.848,-0.0417
mixed,64,2,0.0312,4.0,64,2048,8192,32768,8960,707.202,1835.718,814.004,0.0946
mixed,64,2,0.0312,4.0,64,8192,128,512,140,212.464,224.736,213.985,0.1239
mixed,64,2,0.0312,4.0,64,8192,256,1024,280,215.827,282.209,217.216,0.0209
mixed,64,2,0.0312,4.0,64,8192,512,2048,560,225.344,275.456,224.529,-0.0163
mixed,64,2,0.0312,4.0,64,8192,1024,4096,1120,296.305,464.033,283.874,-0.0741
mixed,64,2,0.0312,4.0,64,8192,2048,8192,2240,290.816,790.29,439.569,0.2978
mixed,64,2,0.0312,4.0,64,8192,4096,16384,4480,492.384,1467.027,471.184,-0.0218
mixed,64,2,0.0312,4.0,64,8192,8192,32768,8960,835.252,2250.421,790.387,-0.0317
mixed,64,2,0.0312,4.0,64,16384,128,512,140,304.241,312.433,302.403,-0.2244
mixed,64,2,0.0312,4.0,64,16384,256,1024,280,302.161,331.985,301.955,-0.0069
mixed,64,2,0.0312,4.0,64,16384,512,2048,560,315.97,445.04,315.023,-0.0073
mixed,64,2,0.0312,4.0,64,16384,1024,4096,1120,332.304,438.817,331.666,-0.006
mixed,64,2,0.0312,4.0,64,16384,2048,8192,2240,473.664,788.097,446.063,-0.0878
mixed,64,2,0.0312,4.0,64,16384,4096,16384,4480,472.178,1432.132,756.995,0.2967
mixed,64,2,0.0312,4.0,64,16384,8192,32768,8960,844.497,2788.984,791.666,-0.0272
mixed,64,2,0.0312,4.0,256,0,128,512,140,98.271,177.505,125.889,0.3486
mixed,64,2,0.0312,4.0,256,0,256,1024,280,128.286,204.305,148.192,0.2619
mixed,64,2,0.0312,4.0,256,0,512,2048,560,179.168,256.512,200.512,0.276
mixed,64,2,0.0312,4.0,256,0,1024,4096,1120,212.527,357.201,290.752,0.5407
mixed,64,2,0.0312,4.0,256,0,2048,8192,2240,268.225,552.049,463.728,0.6888
mixed,64,2,0.0312,4.0,256,0,4096,16384,4480,375.026,964.131,805.78,0.7312
mixed,64,2,0.0312,4.0,256,0,8192,32768,8960,592.276,1775.878,1465.602,0.7379
mixed,64,2,0.0312,4.0,256,512,128,512,140,189.632,159.218,187.281,
mixed,64,2,0.0312,4.0,256,512,256,1024,280,201.25,220.767,199.763,-0.0762
mixed,64,2,0.0312,4.0,256,512,512,2048,560,159.793,282.192,188.593,0.2353
mixed,64,2,0.0312,4.0,256,512,1024,4096,1120,223.137,389.026,270.031,0.2827
mixed,64,2,0.0312,4.0,256,512,2048,8192,2240,290.577,580.273,438.834,0.5118
mixed,64,2,0.0312,4.0,256,512,4096,16384,4480,403.922,982.596,782.913,0.6549
mixed,64,2,0.0312,4.0,256,512,8192,32768,8960,618.386,1789.606,1429.926,0.6929
mixed,64,2,0.0312,4.0,256,2048,128,512,140,250.066,284.13,249.104,-0.0282
mixed,64,2,0.0312,4.0,256,2048,256,1024,280,261.345,328.69,260.032,-0.0195
mixed,64,2,0.0312,4.0,256,2048,512,2048,560,286.977,278.56,285.522,
mixed,64,2,0.0312,4.0,256,2048,1024,4096,1120,334.113,467.361,328.931,-0.0389
mixed,64,2,0.0312,4.0,256,2048,2048,8192,2240,288.659,668.033,431.969,0.3778
mixed,64,2,0.0312,4.0,256,2048,4096,16384,4480,489.489,1068.515,753.075,0.4552
mixed,64,2,0.0312,4.0,256,2048,8192,32768,8960,705.602,1871.108,1401.875,0.5974
mixed,64,2,0.0312,4.0,256,8192,128,512,140,483.248,520.531,484.545,0.0348
mixed,64,2,0.0312,4.0,256,8192,256,1024,280,500.051,564.545,498.914,-0.0176
mixed,64,2,0.0312,4.0,256,8192,512,2048,560,520.96,643.313,521.603,0.0053
mixed,64,2,0.0312,4.0,256,8192,1024,4096,1120,568.963,802.322,567.539,-0.0061
mixed,64,2,0.0312,4.0,256,8192,2048,8192,2240,657.827,763.124,646.081,-0.1115
mixed,64,2,0.0312,4.0,256,8192,4096,16384,4480,828.611,1409.955,803.842,-0.0426
mixed,64,2,0.0312,4.0,256,8192,8192,32768,8960,818.196,2232.326,1369.699,0.39
mixed,64,2,0.0312,4.0,256,16384,128,512,140,786.61,828.003,784.93,-0.0406
mixed,64,2,0.0312,4.0,256,16384,256,1024,280,784.611,872.755,786.754,0.0243
mixed,64,2,0.0312,4.0,256,16384,512,2048,560,827.554,954.544,831.122,0.0281
mixed,64,2,0.0312,4.0,256,16384,1024,4096,1120,876.162,1112.163,873.876,-0.0097
mixed,64,2,0.0312,4.0,256,16384,2048,8192,2240,966.594,1424.771,953.426,-0.0287
mixed,64,2,0.0312,4.0,256,16384,4096,16384,4480,1141.922,1394.851,1115.189,-0.1057
mixed,64,2,0.0312,4.0,256,16384,8192,32768,8960,1488.149,2662.118,1425.94,-0.053
mixed,64,2,0.0312,4.0,1024,0,128,512,140,245.684,270.962,257.826,0.4803
mixed,64,2,0.0312,4.0,1024,0,256,1024,280,256.77,305.216,275.891,0.3947
mixed,64,2,0.0312,4.0,1024,0,512,2048,560,273.955,360.049,298.464,0.2847
mixed,64,2,0.0312,4.0,1024,0,1024,4096,1120,307.06,463.87,347.967,0.2609
mixed,64,2,0.0312,4.0,1024,0,2048,8192,2240,367.838,665.169,443.025,0.2529
mixed,64,2,0.0312,4.0,1024,0,4096,16384,4480,478.706,1092.292,627.332,0.2422
mixed,64,2,0.0312,4.0,1024,0,8192,32768,8960,705.807,1939.379,978.244,0.2209
mixed,64,2,0.0312,4.0,1024,512,128,512,140,352.851,378.544,367.2,0.5585
mixed,64,2,0.0312,4.0,1024,512,256,1024,280,363.81,411.056,382.831,0.4026
mixed,64,2,0.0312,4.0,1024,512,512,2048,560,382.385,467.888,406.434,0.2813
mixed,64,2,0.0312,4.0,1024,512,1024,4096,1120,413.539,572.751,456.881,0.2722
mixed,64,2,0.0312,4.0,1024,512,2048,8192,2240,476.141,774.707,551.123,0.2511
mixed,64,2,0.0312,4.0,1024,512,4096,16384,4480,588.449,1195.042,735.188,0.2419
mixed,64,2,0.0312,4.0,1024,512,8192,32768,8960,813.841,2044.625,1088.211,0.2229
mixed,64,2,0.0312,4.0,1024,2048,128,512,140,477.713,503.235,488.816,0.435
mixed,64,2,0.0312,4.0,1024,2048,256,1024,280,486.867,535.076,507.843,0.4351
mixed,64,2,0.0312,4.0,1024,2048,512,2048,560,507.423,590.084,532.609,0.3047
mixed,64,2,0.0312,4.0,1024,2048,1024,4096,1120,538.644,692.788,582.193,0.2825
mixed,64,2,0.0312,4.0,1024,2048,2048,8192,2240,600.401,896.867,671.966,0.2414
mixed,64,2,0.0312,4.0,1024,2048,4096,16384,4480,709.59,1315.777,853.938,0.2381
mixed,64,2,0.0312,4.0,1024,2048,8192,32768,8960,931.963,2159.689,1204.934,0.2223
mixed,64,2,0.0312,4.0,1024,8192,128,512,140,976.064,999.731,990.019,0.5896
mixed,64,2,0.0312,4.0,1024,8192,256,1024,280,986.959,1031.428,1006.738,0.4448
mixed,64,2,0.0312,4.0,1024,8192,512,2048,560,1002.164,1083.721,1029.074,0.3299
mixed,64,2,0.0312,4.0,1024,8192,1024,4096,1120,1034.275,1187.299,1075.106,0.2668
mixed,64,2,0.0312,4.0,1024,8192,2048,8192,2240,1090.486,1385.174,1166.355,0.2575
mixed,64,2,0.0312,4.0,1024,8192,4096,16384,4480,1202.274,1790.088,1348.93,0.2495
mixed,64,2,0.0312,4.0,1024,8192,8192,32768,8960,1427.761,2598.006,1701.043,0.2335
mixed,64,2,0.0312,4.0,1024,16384,128,512,140,1604.853,1628.578,1623.576,0.7891
mixed,64,2,0.0312,4.0,1024,16384,256,1024,280,1619.062,1664.947,1638.756,0.4292
mixed,64,2,0.0312,4.0,1024,16384,512,2048,560,1637.028,1716.18,1658.677,0.2735
mixed,64,2,0.0312,4.0,1024,16384,1024,4096,1120,1667.074,1820.44,1710.809,0.2852
mixed,64,2,0.0312,4.0,1024,16384,2048,8192,2240,1724.918,2021.732,1796.519,0.2412
mixed,64,2,0.0312,4.0,1024,16384,4096,16384,4480,1831.972,2423.56,1977.386,0.2458
mixed,64,2,0.0312,4.0,1024,16384,8192,32768,8960,2059.303,3229.242,2334.569,0.2353
mixed,64,2,0.0312,4.0,4096,0,128,512,140,700.161,727.414,711.266,0.4075
mixed,64,2,0.0312,4.0,4096,0,256,1024,280,709.973,759.905,732.02,0.4416
mixed,64,2,0.0312,4.0,4096,0,512,2048,560,728.803,814.194,751.955,0.2711
mixed,64,2,0.0312,4.0,4096,0,1024,4096,1120,759.94,918.645,801.104,0.2594
mixed,64,2,0.0312,4.0,4096,0,2048,8192,2240,821.171,1116.803,896.289,0.2541
mixed,64,2,0.0312,4.0,4096,0,4096,16384,4480,935.638,1521.192,1079.731,0.2461
mixed,64,2,0.0312,4.0,4096,0,8192,32768,8960,1154.817,2333.961,1428.691,0.2323
mixed,64,2,0.0312,4.0,4096,512,128,512,140,908.182,932.977,921.362,0.5316
mixed,64,2,0.0312,4.0,4096,512,256,1024,280,921.651,966.289,938.882,0.386
mixed,64,2,0.0312,4.0,4096,512,512,2048,560,938.656,1020.115,963.351,0.3032
mixed,64,2,0.0312,4.0,4096,512,1024,4096,1120,968.177,1125.3,1010.034,0.2664
mixed,64,2,0.0312,4.0,4096,512,2048,8192,2240,1025.538,1319.013,1102.23,0.2613
mixed,64,2,0.0312,4.0,4096,512,4096,16384,4480,1138.245,1725.749,1282.948,0.2463
mixed,64,2,0.0312,4.0,4096,512,8192,32768,8960,1359.586,2566.811,1633.874,0.2272
mixed,64,2,0.0312,4.0,4096,2048,128,512,140,1203.173,1232.097,1212.39,0.3187
mixed,64,2,0.0312,4.0,4096,2048,256,1024,280,1213.429,1254.8,1233.01,0.4733
mixed,64,2,0.0312,4.0,4096,2048,512,2048,560,1230.447,1308.933,1259.764,0.3735
mixed,64,2,0.0312,4.0,4096,2048,1024,4096,1120,1257.701,1418.18,1302.918,0.2818
mixed,64,2,0.0312,4.0,4096,2048,2048,8192,2240,1317.063,1616.963,1390.869,0.2461
mixed,64,2,0.0312,4.0,4096,2048,4096,16384,4480,1429.347,2036.293,1573.7,0.2378
mixed,64,2,0.0312,4.0,4096,2048,8192,32768,8960,1653.11,2868.251,1925.446,0.2241
mixed,64,2,0.0312,4.0,4096,8192,128,512,140,2329.142,2365.669,2349.143,0.5476
mixed,64,2,0.0312,4.0,4096,8192,256,1024,280,2339.304,2386.002,2362.312,0.4927
mixed,64,2,0.0312,4.0,4096,8192,512,2048,560,2361.587,2437.206,2387.43,0.3417
mixed,64,2,0.0312,4.0,4096,8192,1024,4096,1120,2386.117,2542.888,2440.406,0.3463
mixed,64,2,0.0312,4.0,4096,8192,2048,8192,2240,2446.314,2747.082,2522.825,0.2544
mixed,64,2,0.0312,4.0,4096,8192,4096,16384,4480,2568.122,3145.499,2699.492,0.2275
mixed,64,2,0.0312,4.0,4096,8192,8192,32768,8960,2783.612,3952.81,3054.87,0.232
mixed,64,2,0.0312,4.0,4096,16384,128,512,140,3810.202,3831.24,3830.11,0.9463
mixed,64,2,0.0312,4.0,4096,16384,256,1024,280,3820.06,3865.357,3838.424,0.4054
mixed,64,2,0.0312,4.0,4096,16384,512,2048,560,3834.506,3912.551,3868.989,0.4418
mixed,64,2,0.0312,4.0,4096,16384,1024,4096,1120,3863.211,4028.507,3920.505,0.3466
mixed,64,2,0.0312,4.0,4096,16384,2048,8192,2240,3927.784,4218.734,4000.98,0.2516
mixed,64,2,0.0312,4.0,4096,16384,4096,16384,4480,4031.594,4636.191,4187.914,0.2586
mixed,64,2,0.0312,4.0,4096,16384,8192,32768,8960,4260.668,5449.023,4528.382,0.2253
pure,64,3,0.0469,4.0,0,0,128,512,146,71.425,113.009,106.048,0.8326
pure,64,3,0.0469,4.0,0,0,256,1024,292,100.001,141.345,121.422,0.5181
pure,64,3,0.0469,4.0,0,0,512,2048,584,115.857,193.647,145.151,0.3766
pure,64,3,0.0469,4.0,0,0,1024,4096,1168,150.847,301.377,192.175,0.2746
pure,64,3,0.0469,4.0,0,0,2048,8192,2336,210.256,502.691,286.577,0.261
pure,64,3,0.0469,4.0,0,0,4096,16384,4672,328.034,902.993,468.466,0.2442
pure,64,3,0.0469,4.0,0,0,8192,32768,9344,555.058,1709.846,818.403,0.228
mixed,64,3,0.0469,4.0,16,0,128,512,146,82.287,124.433,119.407,0.8807
mixed,64,3,0.0469,4.0,16,0,256,1024,292,110.738,153.232,133.329,0.5316
mixed,64,3,0.0469,4.0,16,0,512,2048,584,129.024,209.039,158.561,0.3691
mixed,64,3,0.0469,4.0,16,0,1024,4096,1168,161.665,312.769,205.698,0.2914
mixed,64,3,0.0469,4.0,16,0,2048,8192,2336,222.416,513.426,296.834,0.2557
mixed,64,3,0.0469,4.0,16,0,4096,16384,4672,335.617,911.748,478.705,0.2484
mixed,64,3,0.0469,4.0,16,0,8192,32768,9344,563.586,1719.044,833.731,0.2338
mixed,64,3,0.0469,4.0,16,512,128,512,146,125.137,160.623,116.384,-0.2467
mixed,64,3,0.0469,4.0,16,512,256,1024,292,137.153,153.008,136.382,-0.0486
mixed,64,3,0.0469,4.0,16,512,512,2048,584,170.495,207.743,162.915,-0.2035
mixed,64,3,0.0469,4.0,16,512,1024,4096,1168,160.896,313.169,204.481,0.2862
mixed,64,3,0.0469,4.0,16,512,2048,8192,2336,223.026,513.283,293.248,0.2419
mixed,64,3,0.0469,4.0,16,512,4096,16384,4672,336.607,918.849,476.914,0.241
mixed,64,3,0.0469,4.0,16,512,8192,32768,9344,568.722,1722.788,830.883,0.2272
mixed,64,3,0.0469,4.0,16,2048,128,512,146,126.257,161.376,125.6,-0.0187
mixed,64,3,0.0469,4.0,16,2048,256,1024,292,139.777,203.985,128.303,-0.1787
mixed,64,3,0.0469,4.0,16,2048,512,2048,584,167.729,295.409,163.84,-0.0305
mixed,64,3,0.0469,4.0,16,2048,1024,4096,1168,215.858,315.232,207.01,-0.089
mixed,64,3,0.0469,4.0,16,2048,2048,8192,2336,321.394,516.625,296.994,-0.125
mixed,64,3,0.0469,4.0,16,2048,4096,16384,4672,336.592,915.889,475.361,0.2395
mixed,64,3,0.0469,4.0,16,2048,8192,32768,9344,570.993,1733.27,825.2,0.2187
mixed,64,3,0.0469,4.0,16,8192,128,512,146,144.561,158.88,143.906,-0.0457
mixed,64,3,0.0469,4.0,16,8192,256,1024,292,156.656,203.971,154.817,-0.0389
mixed,64,3,0.0469,4.0,16,8192,512,2048,584,161.489,291.058,160.576,-0.0071
mixed,64,3,0.0469,4.0,16,8192,1024,4096,1168,215.632,463.823,209.522,-0.0246
mixed,64,3,0.0469,4.0,16,8192,2048,8192,2336,315.825,811.314,295.058,-0.0419
mixed,64,3,0.0469,4.0,16,8192,4096,16384,4672,516.336,918.851,471.585,-0.1112
mixed,64,3,0.0469,4.0,16,8192,8192,32768,9344,888.991,1734.036,820.77,-0.0807
mixed,64,3,0.0469,4.0,16,16384,128,512,146,177.841,194.623,178.158,0.0189
mixed,64,3,0.0469,4.0,16,16384,256,1024,292,172.881,203.106,174.515,0.0541
mixed,64,3,0.0469,4.0,16,16384,512,2048,584,205.776,290.224,198.849,-0.082
mixed,64,3,0.0469,4.0,16,16384,1024,4096,1168,208.129,461.553,208.337,0.0008
mixed,64,3,0.0469,4.0,16,16384,2048,8192,2336,311.871,800.4,295.232,-0.0341
mixed,64,3,0.0469,4.0,16,16384,4096,16384,4672,508.034,1507.957,468.976,-0.0391
mixed,64,3,0.0469,4.0,16,16384,8192,32768,9344,903.027,1733.43,813.362,-0.108
mixed,64,3,0.0469,4.0,64,0,128,512,146,85.024,143.856,122.8,0.6421
mixed,64,3,0.0469,4.0,64,0,256,1024,292,130.608,172.192,135.808,0.125
mixed,64,3,0.0469,4.0,64,0,512,2048,584,151.727,213.616,162.032,0.1665
mixed,64,3,0.0469,4.0,64,0,1024,4096,1168,180.209,322.129,211.232,0.2186
mixed,64,3,0.0469,4.0,64,0,2048,8192,2336,227.329,523.746,303.057,0.2555
mixed,64,3,0.0469,4.0,64,0,4096,16384,4672,344.209,926.226,486.945,0.2452
mixed,64,3,0.0469,4.0,64,0,8192,32768,9344,572.864,1730.324,837.155,0.2283
mixed,64,3,0.0469,4.0,64,512,128,512,146,125.984,165.186,125.344,-0.0164
mixed,64,3,0.0469,4.0,64,512,256,1024,292,148.688,206.609,128.673,-0.3456
mixed,64,3,0.0469,4.0,64,512,512,2048,584,171.472,269.168,167.84,-0.0372
mixed,64,3,0.0469,4.0,64,512,1024,4096,1168,218.225,376.786,208.528,-0.0612
mixed,64,3,0.0469,4.0,64,512,2048,8192,2336,282.975,568.719,295.567,0.0441
mixed,64,3,0.0469,4.0,64,512,4096,16384,4672,396.625,964.244,479.635,0.1462
mixed,64,3,0.0469,4.0,64,512,8192,32768,9344,620.578,1752.358,831.875,0.1867
mixed,64,3,0.0469,4.0,64,2048,128,512,146,145.297,153.489,140.719,-0.5588
mixed,64,3,0.0469,4.0,64,2048,256,1024,292,164.463,208.991,163.823,-0.0144
mixed,64,3,0.0469,4.0,64,2048,512,2048,584,150.24,293.728,195.071,0.3124
mixed,64,3,0.0469,4.0,64,2048,1024,4096,1168,219.438,465.872,216.736,-0.011
mixed,64,3,0.0469,4.0,64,2048,2048,8192,2336,315.458,674.148,299.633,-0.0441
mixed,64,3,0.0469,4.0,64,2048,4096,16384,4672,499.746,1062.099,470.417,-0.0522
mixed,64,3,0.0469,4.0,64,2048,8192,32768,9344,722.61,1847.621,816.882,0.0838
mixed,64,3,0.0469,4.0,64,8192,128,512,146,212.257,223.81,212.514,0.0222
mixed,64,3,0.0469,4.0,64,8192,256,1024,292,214.8,283.745,217.073,0.033
mixed,64,3,0.0469,4.0,64,8192,512,2048,584,221.072,275.76,242.688,0.3953
mixed,64,3,0.0469,4.0,64,8192,1024,4096,1168,303.712,466.547,284.223,-0.1197
mixed,64,3,0.0469,4.0,64,8192,2048,8192,2336,297.409,789.027,438.113,0.2862
mixed,64,3,0.0469,4.0,64,8192,4096,16384,4672,504.226,1465.718,471.969,-0.0335
mixed,64,3,0.0469,4.0,64,8192,8192,32768,9344,852.498,2257.51,796.416,-0.0399
mixed,64,3,0.0469,4.0,64,16384,128,512,146,303.554,312.193,301.76,-0.2077
mixed,64,3,0.0469,4.0,64,16384,256,1024,292,301.647,332.736,302.226,0.0186
mixed,64,3,0.0469,4.0,64,16384,512,2048,584,338.624,446.8,314.657,-0.2216
mixed,64,3,0.0469,4.0,64,16384,1024,4096,1168,331.01,440.193,365.042,0.3117
mixed,64,3,0.0469,4.0,64,16384,2048,8192,2336,486.274,780.451,447.137,-0.133
mixed,64,3,0.0469,4.0,64,16384,4096,16384,4672,488.625,1429.813,759.06,0.2873
mixed,64,3,0.0469,4.0,64,16384,8192,32768,9344,879.619,2788.296,805.874,-0.0386
mixed,64,3,0.0469,4.0,256,0,128,512,146,98.782,178.113,125.857,0.3413
mixed,64,3,0.0469,4.0,256,0,256,1024,292,129.169,204.481,147.487,0.2432
mixed,64,3,0.0469,4.0,256,0,512,2048,584,182.671,258.272,201.904,0.2544
mixed,64,3,0.0469,4.0,256,0,1024,4096,1168,213.041,356.099,290.848,0.5439
mixed,64,3,0.0469,4.0,256,0,2048,8192,2336,269.779,552.147,468.705,0.7045
mixed,64,3,0.0469,4.0,256,0,4096,16384,4672,386.819,967.988,804.995,0.7195
mixed,64,3,0.0469,4.0,256,0,8192,32768,9344,609.827,1770.726,1469.716,0.7407
mixed,64,3,0.0469,4.0,256,512,128,512,146,189.793,158.494,188.45,
mixed,64,3,0.0469,4.0,256,512,256,1024,292,202.785,219.377,215.057,0.7396
mixed,64,3,0.0469,4.0,256,512,512,2048,584,159.472,279.777,187.855,0.2359
mixed,64,3,0.0469,4.0,256,512,1024,4096,1168,228.8,387.889,269.089,0.2532
mixed,64,3,0.0469,4.0,256,512,2048,8192,2336,297.697,586.704,440.754,0.495
mixed,64,3,0.0469,4.0,256,512,4096,16384,4672,412.721,985.907,778.192,0.6376
mixed,64,3,0.0469,4.0,256,512,8192,32768,9344,635.968,1790.773,1434.613,0.6916
mixed,64,3,0.0469,4.0,256,2048,128,512,146,248.226,283.235,247.857,-0.0105
mixed,64,3,0.0469,4.0,256,2048,256,1024,292,263.425,327.682,260.994,-0.0378
mixed,64,3,0.0469,4.0,256,2048,512,2048,584,290.897,278.112,312.753,
mixed,64,3,0.0469,4.0,256,2048,1024,4096,1168,337.952,468.961,400.21,0.4752
mixed,64,3,0.0469,4.0,256,2048,2048,8192,2336,292.673,669.058,431.298,0.3683
mixed,64,3,0.0469,4.0,256,2048,4096,16384,4672,496.144,1069.892,760.466,0.4607
mixed,64,3,0.0469,4.0,256,2048,8192,32768,9344,720.609,1874.164,1409.09,0.5968
mixed,64,3,0.0469,4.0,256,8192,128,512,146,484.112,520.963,485.409,0.0352
mixed,64,3,0.0469,4.0,256,8192,256,1024,292,501.01,564.88,500.498,-0.008
mixed,64,3,0.0469,4.0,256,8192,512,2048,584,529.713,646.259,525.393,-0.0371
mixed,64,3,0.0469,4.0,256,8192,1024,4096,1168,574.93,802.068,567.154,-0.0342
mixed,64,3,0.0469,4.0,256,8192,2048,8192,2336,664.946,763.202,788.851,1.261
mixed,64,3,0.0469,4.0,256,8192,4096,16384,4672,842.242,1416.211,1104.595,0.4571
mixed,64,3,0.0469,4.0,256,8192,8192,32768,9344,854.626,2221.448,1390.739,0.3922
mixed,64,3,0.0469,4.0,256,16384,128,512,146,789.667,830.162,787.52,-0.053
mixed,64,3,0.0469,4.0,256,16384,256,1024,292,787.827,871.969,787.939,0.0013
mixed,64,3,0.0469,4.0,256,16384,512,2048,584,833.154,954.562,831.777,-0.0113
mixed,64,3,0.0469,4.0,256,16384,1024,4096,1168,881.874,1111.509,874.114,-0.0338
mixed,64,3,0.0469,4.0,256,16384,2048,8192,2336,973.954,1423.555,956.546,-0.0387
mixed,64,3,0.0469,4.0,256,16384,4096,16384,4672,1152.803,1389.716,1412.386,1.0957
mixed,64,3,0.0469,4.0,256,16384,8192,32768,9344,1513.284,2687.544,2038.773,0.4475
mixed,64,3,0.0469,4.0,1024,0,128,512,146,247.969,270.401,258.674,0.4772
mixed,64,3,0.0469,4.0,1024,0,256,1024,292,256.418,302.928,276.911,0.4406
mixed,64,3,0.0469,4.0,1024,0,512,2048,584,271.935,360.769,300.161,0.3177
mixed,64,3,0.0469,4.0,1024,0,1024,4096,1168,312.784,465.509,350.579,0.2475
mixed,64,3,0.0469,4.0,1024,0,2048,8192,2336,374.162,669.331,444.321,0.2377
mixed,64,3,0.0469,4.0,1024,0,4096,16384,4672,487.859,1090.417,628.897,0.2341
mixed,64,3,0.0469,4.0,1024,0,8192,32768,9344,719.859,1931.939,981.108,0.2155
mixed,64,3,0.0469,4.0,1024,512,128,512,146,353.231,378.289,369.219,0.638
mixed,64,3,0.0469,4.0,1024,512,256,1024,292,363.115,411.472,385.76,0.4683
mixed,64,3,0.0469,4.0,1024,512,512,2048,584,380.975,467.535,409.84,0.3335
mixed,64,3,0.0469,4.0,1024,512,1024,4096,1168,419.793,572.724,460.145,0.2639
mixed,64,3,0.0469,4.0,1024,512,2048,8192,2336,482.833,776.468,555.664,0.248
mixed,64,3,0.0469,4.0,1024,512,4096,16384,4672,595.184,1197.475,739.106,0.239
mixed,64,3,0.0469,4.0,1024,512,8192,32768,9344,829.957,2044.041,1087.269,0.2119
mixed,64,3,0.0469,4.0,1024,2048,128,512,146,477.922,502.466,489.167,0.4581
mixed,64,3,0.0469,4.0,1024,2048,256,1024,292,487.619,534.672,507.73,0.4274
mixed,64,3,0.0469,4.0,1024,2048,512,2048,584,506.257,588.37,533.138,0.3274
mixed,64,3,0.0469,4.0,1024,2048,1024,4096,1168,541.649,694.0,579.457,0.2482
mixed,64,3,0.0469,4.0,1024,2048,2048,8192,2336,603.029,895.334,674.354,0.244
mixed,64,3,0.0469,4.0,1024,2048,4096,16384,4672,718.414,1313.813,858.068,0.2346
mixed,64,3,0.0469,4.0,1024,2048,8192,32768,9344,949.569,2158.169,1209.104,0.2147
mixed,64,3,0.0469,4.0,1024,8192,128,512,146,980.291,1000.837,991.76,0.5582
mixed,64,3,0.0469,4.0,1024,8192,256,1024,292,986.898,1030.721,1005.783,0.4309
mixed,64,3,0.0469,4.0,1024,8192,512,2048,584,1002.34,1085.589,1033.428,0.3734
mixed,64,3,0.0469,4.0,1024,8192,1024,4096,1168,1041.138,1189.81,1078.719,0.2528
mixed,64,3,0.0469,4.0,1024,8192,2048,8192,2336,1099.042,1390.02,1170.674,0.2462
mixed,64,3,0.0469,4.0,1024,8192,4096,16384,4672,1212.422,1791.222,1351.812,0.2408
mixed,64,3,0.0469,4.0,1024,8192,8192,32768,9344,1442.87,2598.518,1707.924,0.2294
mixed,64,3,0.0469,4.0,1024,16384,128,512,146,1611.636,1634.233,1625.924,0.6323
mixed,64,3,0.0469,4.0,1024,16384,256,1024,292,1617.652,1666.212,1638.185,0.4228
mixed,64,3,0.0469,4.0,1024,16384,512,2048,584,1634.737,1717.507,1664.101,0.3548
mixed,64,3,0.0469,4.0,1024,16384,1024,4096,1168,1672.594,1822.678,1710.225,0.2507
mixed,64,3,0.0469,4.0,1024,16384,2048,8192,2336,1729.202,2030.758,1803.525,0.2465
mixed,64,3,0.0469,4.0,1024,16384,4096,16384,4672,1842.166,2431.942,1979.731,0.2333
mixed,64,3,0.0469,4.0,1024,16384,8192,32768,9344,2073.095,3233.754,2333.158,0.2241
mixed,64,3,0.0469,4.0,4096,0,128,512,146,699.424,723.392,712.435,0.5429
mixed,64,3,0.0469,4.0,4096,0,256,1024,292,710.545,756.96,732.272,0.4681
mixed,64,3,0.0469,4.0,4096,0,512,2048,584,727.121,813.265,756.864,0.3453
mixed,64,3,0.0469,4.0,4096,0,1024,4096,1168,765.746,920.178,804.13,0.2486
mixed,64,3,0.0469,4.0,4096,0,2048,8192,2336,827.955,1118.881,897.331,0.2385
mixed,64,3,0.0469,4.0,4096,0,4096,16384,4672,940.228,1522.068,1083.508,0.2463
mixed,64,3,0.0469,4.0,4096,0,8192,32768,9344,1171.715,2335.668,1432.517,0.2241
mixed,64,3,0.0469,4.0,4096,512,128,512,146,908.385,934.787,923.173,0.5601
mixed,64,3,0.0469,4.0,4096,512,256,1024,292,918.276,962.961,937.729,0.4353
mixed,64,3,0.0469,4.0,4096,512,512,2048,584,934.879,1021.957,962.325,0.3152
mixed,64,3,0.0469,4.0,4096,512,1024,4096,1168,972.482,1122.455,1014.116,0.2776
mixed,64,3,0.0469,4.0,4096,512,2048,8192,2336,1032.353,1319.331,1102.93,0.2459
mixed,64,3,0.0469,4.0,4096,512,4096,16384,4672,1148.195,1732.467,1286.754,0.2371
mixed,64,3,0.0469,4.0,4096,512,8192,32768,9344,1374.548,2572.006,1637.462,0.2196
mixed,64,3,0.0469,4.0,4096,2048,128,512,146,1204.678,1227.431,1216.354,0.5132
mixed,64,3,0.0469,4.0,4096,2048,256,1024,292,1210.677,1256.307,1231.3,0.452
mixed,64,3,0.0469,4.0,4096,2048,512,2048,584,1228.766,1308.035,1261.685,0.4153
mixed,64,3,0.0469,4.0,4096,2048,1024,4096,1168,1263.731,1418.118,1302.915,0.2538
mixed,64,3,0.0469,4.0,4096,2048,2048,8192,2336,1327.536,1615.96,1396.293,0.2384
mixed,64,3,0.0469,4.0,4096,2048,4096,16384,4672,1437.384,2033.06,1582.006,0.2428
mixed,64,3,0.0469,4.0,4096,2048,8192,32768,9344,1668.153,2869.481,1930.374,0.2183
mixed,64,3,0.0469,4.0,4096,8192,128,512,146,2342.421,2358.068,2349.559,0.4562
mixed,64,3,0.0469,4.0,4096,8192,256,1024,292,2345.464,2387.417,2363.783,0.4367
mixed,64,3,0.0469,4.0,4096,8192,512,2048,584,2361.335,2449.429,2391.061,0.3374
mixed,64,3,0.0469,4.0,4096,8192,1024,4096,1168,2394.856,2544.549,2436.63,0.2791
mixed,64,3,0.0469,4.0,4096,8192,2048,8192,2336,2455.108,2747.943,2523.365,0.2331
mixed,64,3,0.0469,4.0,4096,8192,4096,16384,4672,2576.407,3148.31,2708.235,0.2305
mixed,64,3,0.0469,4.0,4096,8192,8192,32768,9344,2801.59,3959.902,3065.531,0.2279
mixed,64,3,0.0469,4.0,4096,16384,128,512,146,3827.72,3843.099,3828.142,0.0275
mixed,64,3,0.0469,4.0,4096,16384,256,1024,292,3824.747,3867.595,3846.457,0.5067
mixed,64,3,0.0469,4.0,4096,16384,512,2048,584,3838.511,3913.341,3878.811,0.5386
mixed,64,3,0.0469,4.0,4096,16384,1024,4096,1168,3875.069,4034.171,3920.591,0.2861
mixed,64,3,0.0469,4.0,4096,16384,2048,8192,2336,3938.396,4222.79,4004.062,0.2309
mixed,64,3,0.0469,4.0,4096,16384,4096,16384,4672,4047.216,4641.98,4177.42,0.2189
mixed,64,3,0.0469,4.0,4096,16384,8192,32768,9344,4275.913,5444.896,4542.812,0.2283
pure,64,4,0.0625,4.0,0,0,128,512,152,71.343,112.944,106.944,0.8558
pure,64,4,0.0625,4.0,0,0,256,1024,304,101.361,142.065,120.801,0.4776
pure,64,4,0.0625,4.0,0,0,512,2048,608,116.975,195.553,146.945,0.3814
pure,64,4,0.0625,4.0,0,0,1024,4096,1216,153.937,300.562,195.056,0.2804
pure,64,4,0.0625,4.0,0,0,2048,8192,2432,212.882,500.496,286.02,0.2543
pure,64,4,0.0625,4.0,0,0,4096,16384,4864,339.76,903.602,470.769,0.2323
pure,64,4,0.0625,4.0,0,0,8192,32768,9728,576.978,1707.478,822.097,0.2168
mixed,64,4,0.0625,4.0,16,0,128,512,152,83.152,125.121,118.927,0.8524
mixed,64,4,0.0625,4.0,16,0,256,1024,304,112.994,154.001,132.144,0.467
mixed,64,4,0.0625,4.0,16,0,512,2048,608,129.891,207.503,157.873,0.3605
mixed,64,4,0.0625,4.0,16,0,1024,4096,1216,167.793,310.385,205.187,0.2622
mixed,64,4,0.0625,4.0,16,0,2048,8192,2432,228.24,511.026,296.546,0.2415
mixed,64,4,0.0625,4.0,16,0,4096,16384,4864,349.137,914.947,481.841,0.2345
mixed,64,4,0.0625,4.0,16,0,8192,32768,9728,586.898,1719.03,833.411,0.2177
mixed,64,4,0.0625,4.0,16,512,128,512,152,126.641,157.952,116.561,-0.3219
mixed,64,4,0.0625,4.0,16,512,256,1024,304,138.194,152.624,136.335,-0.1288
mixed,64,4,0.0625,4.0,16,512,512,2048,608,173.328,206.99,161.969,-0.3374
mixed,64,4,0.0625,4.0,16,512,1024,4096,1216,164.561,314.418,204.608,0.2672
mixed,64,4,0.0625,4.0,16,512,2048,8192,2432,226.866,513.074,295.362,0.2393
mixed,64,4,0.0625,4.0,16,512,4096,16384,4864,352.896,915.105,478.242,0.223
mixed,64,4,0.0625,4.0,16,512,8192,32768,9728,585.89,1725.124,832.593,0.2166
mixed,64,4,0.0625,4.0,16,2048,128,512,152,126.32,162.014,126.29,-0.0008
mixed,64,4,0.0625,4.0,16,2048,256,1024,304,138.752,205.312,128.242,-0.1579
mixed,64,4,0.0625,4.0,16,2048,512,2048,608,169.281,296.674,163.393,-0.0462
mixed,64,4,0.0625,4.0,16,2048,1024,4096,1216,221.506,314.097,206.642,-0.1605
mixed,64,4,0.0625,4.0,16,2048,2048,8192,2432,327.202,512.001,299.585,-0.1494
mixed,64,4,0.0625,4.0,16,2048,4096,16384,4864,352.72,913.395,477.488,0.2225
mixed,64,4,0.0625,4.0,16,2048,8192,32768,9728,586.913,1728.693,829.394,0.2124
mixed,64,4,0.0625,4.0,16,8192,128,512,152,146.211,158.574,142.528,-0.2979
mixed,64,4,0.0625,4.0,16,8192,256,1024,304,156.544,204.334,154.721,-0.0381
mixed,64,4,0.0625,4.0,16,8192,512,2048,608,161.216,291.17,161.745,0.0041
mixed,64,4,0.0625,4.0,16,8192,1024,4096,1216,220.851,467.81,212.065,-0.0356
mixed,64,4,0.0625,4.0,16,8192,2048,8192,2432,325.185,811.875,297.055,-0.0578
mixed,64,4,0.0625,4.0,16,8192,4096,16384,4864,531.043,921.346,474.946,-0.1437
mixed,64,4,0.0625,4.0,16,8192,8192,32768,9728,908.339,1732.215,822.771,-0.1039
mixed,64,4,0.0625,4.0,16,16384,128,512,152,178.466,193.583,177.679,-0.0521
mixed,64,4,0.0625,4.0,16,16384,256,1024,304,175.809,201.584,171.76,-0.1571
mixed,64,4,0.0625,4.0,16,16384,512,2048,608,208.016,290.065,196.641,-0.1386
mixed,64,4,0.0625,4.0,16,16384,1024,4096,1216,211.024,464.354,209.952,-0.0042
mixed,64,4,0.0625,4.0,16,16384,2048,8192,2432,322.368,802.771,296.257,-0.0544
mixed,64,4,0.0625,4.0,16,16384,4096,16384,4864,522.77,1503.333,474.546,-0.0492
mixed,64,4,0.0625,4.0,16,16384,8192,32768,9728,934.499,1730.597,816.706,-0.148
mixed,64,4,0.0625,4.0,64,0,128,512,152,86.304,142.88,126.047,0.7025
mixed,64,4,0.0625,4.0,64,0,256,1024,304,132.303,169.617,135.598,0.0883
mixed,64,4,0.0625,4.0,64,0,512,2048,608,151.664,214.994,164.081,0.1961
mixed,64,4,0.0625,4.0,64,0,1024,4096,1216,183.298,322.272,212.72,0.2117
mixed,64,4,0.0625,4.0,64,0,2048,8192,2432,233.922,521.041,304.097,0.2444
mixed,64,4,0.0625,4.0,64,0,4096,16384,4864,356.642,924.274,487.922,0.2313
mixed,64,4,0.0625,4.0,64,0,8192,32768,9728,593.778,1733.716,842.035,0.2178
mixed,64,4,0.0625,4.0,64,512,128,512,152,125.521,164.688,126.017,0.0127
mixed,64,4,0.0625,4.0,64,512,256,1024,304,150.8,205.041,129.343,-0.3956
mixed,64,4,0.0625,4.0,64,512,512,2048,608,172.528,268.898,168.144,-0.0455
mixed,64,4,0.0625,4.0,64,512,1024,4096,1216,219.983,376.993,207.007,-0.0826
mixed,64,4,0.0625,4.0,64,512,2048,8192,2432,287.282,567.233,299.008,0.0419
mixed,64,4,0.0625,4.0,64,512,4096,16384,4864,412.017,959.892,480.93,0.1258
mixed,64,4,0.0625,4.0,64,512,8192,32768,9728,638.146,1748.419,832.85,0.1754
mixed,64,4,0.0625,4.0,64,2048,128,512,152,146.384,153.168,141.024,-0.79
mixed,64,4,0.0625,4.0,64,2048,256,1024,304,164.816,208.784,163.585,-0.028
mixed,64,4,0.0625,4.0,64,2048,512,2048,608,150.784,295.649,193.105,0.2921
mixed,64,4,0.0625,4.0,64,2048,1024,4096,1216,224.803,465.619,217.631,-0.0298
mixed,64,4,0.0625,4.0,64,2048,2048,8192,2432,321.952,669.121,298.449,-0.0677
mixed,64,4,0.0625,4.0,64,2048,4096,16384,4864,512.434,1065.283,471.697,-0.0737
mixed,64,4,0.0625,4.0,64,2048,8192,32768,9728,741.971,1840.086,819.268,0.0704
mixed,64,4,0.0625,4.0,64,8192,128,512,152,212.079,224.512,213.392,0.1056
mixed,64,4,0.0625,4.0,64,8192,256,1024,304,217.327,282.96,218.048,0.011
mixed,64,4,0.0625,4.0,64,8192,512,2048,608,218.321,274.609,240.784,0.3991
mixed,64,4,0.0625,4.0,64,8192,1024,4096,1216,312.434,464.77,284.032,-0.1864
mixed,64,4,0.0625,4.0,64,8192,2048,8192,2432,335.76,787.664,439.568,0.2297
mixed,64,4,0.0625,4.0,64,8192,4096,16384,4864,524.69,1468.085,480.595,-0.0467
mixed,64,4,0.0625,4.0,64,8192,8192,32768,9728,874.13,2253.622,799.745,-0.0539
mixed,64,4,0.0625,4.0,64,16384,128,512,152,305.809,311.31,302.127,-0.6693
mixed,64,4,0.0625,4.0,64,16384,256,1024,304,302.577,331.697,302.864,0.0099
mixed,64,4,0.0625,4.0,64,16384,512,2048,608,343.601,445.313,315.825,-0.2731
mixed,64,4,0.0625,4.0,64,16384,1024,4096,1216,331.874,441.649,363.953,0.2922
mixed,64,4,0.0625,4.0,64,16384,2048,8192,2432,504.482,788.627,449.583,-0.1932
mixed,64,4,0.0625,4.0,64,16384,4096,16384,4864,530.385,1427.507,754.162,0.2494
mixed,64,4,0.0625,4.0,64,16384,8192,32768,9728,910.627,2793.704,804.13,-0.0566
mixed,64,4,0.0625,4.0,256,0,128,512,152,98.465,176.24,127.52,0.3736
mixed,64,4,0.0625,4.0,256,0,256,1024,304,130.865,204.176,148.016,0.2339
mixed,64,4,0.0625,4.0,256,0,512,2048,608,183.714,258.321,201.136,0.2335
mixed,64,4,0.0625,4.0,256,0,1024,4096,1216,214.307,356.878,290.753,0.5362
mixed,64,4,0.0625,4.0,256,0,2048,8192,2432,275.841,551.475,471.25,0.7089
mixed,64,4,0.0625,4.0,256,0,4096,16384,4864,394.945,966.467,803.315,0.7145
mixed,64,4,0.0625,4.0,256,0,8192,32768,9728,629.537,1768.854,1472.339,0.7397
mixed,64,4,0.0625,4.0,256,512,128,512,152,190.465,159.553,189.376,
mixed,64,4,0.0625,4.0,256,512,256,1024,304,202.096,220.079,213.04,0.6086
mixed,64,4,0.0625,4.0,256,512,512,2048,608,159.601,280.431,189.026,0.2435
mixed,64,4,0.0625,4.0,256,512,1024,4096,1216,233.393,385.953,272.623,0.2571
mixed,64,4,0.0625,4.0,256,512,2048,8192,2432,301.808,581.73,443.84,0.5074
mixed,64,4,0.0625,4.0,256,512,4096,16384,4864,422.64,983.538,777.345,0.6324
mixed,64,4,0.0625,4.0,256,512,8192,32768,9728,656.849,1790.309,1432.596,0.6844
mixed,64,4,0.0625,4.0,256,2048,128,512,152,249.601,283.01,249.216,-0.0115
mixed,64,4,0.0625,4.0,256,2048,256,1024,304,262.961,328.466,261.343,-0.0247
mixed,64,4,0.0625,4.0,256,2048,512,2048,608,290.673,277.76,317.921,
mixed,64,4,0.0625,4.0,256,2048,1024,4096,1216,343.426,468.337,401.282,0.4632
mixed,64,4,0.0625,4.0,256,2048,2048,8192,2432,305.664,669.185,436.546,0.36
mixed,64,4,0.0625,4.0,256,2048,4096,16384,4864,508.657,1069.476,759.505,0.4473
mixed,64,4,0.0625,4.0,256,2048,8192,32768,9728,743.794,1875.43,1407.218,0.5863
mixed,64,4,0.0625,4.0,256,8192,128,512,152,486.739,521.393,484.914,-0.0526
mixed,64,4,0.0625,4.0,256,8192,256,1024,304,500.513,565.602,503.458,0.0453
mixed,64,4,0.0625,4.0,256,8192,512,2048,608,529.987,644.562,521.875,-0.0708
mixed,64,4,0.0625,4.0,256,8192,1024,4096,1216,580.834,800.003,568.962,-0.0542
mixed,64,4,0.0625,4.0,256,8192,2048,8192,2432,676.435,761.971,795.378,1.3906
mixed,64,4,0.0625,4.0,256,8192,4096,16384,4864,861.792,1417.108,1105.105,0.4382
mixed,64,4,0.0625,4.0,256,8192,8192,32768,9728,909.108,2232.615,1380.339,0.356
mixed,64,4,0.0625,4.0,256,16384,128,512,152,786.515,827.492,787.378,0.0211
mixed,64,4,0.0625,4.0,256,16384,256,1024,304,787.329,872.498,787.907,0.0068
mixed,64,4,0.0625,4.0,256,16384,512,2048,608,835.748,954.74,832.257,-0.0293
mixed,64,4,0.0625,4.0,256,16384,1024,4096,1216,889.986,1109.667,877.011,-0.0591
mixed,64,4,0.0625,4.0,256,16384,2048,8192,2432,983.234,1425.443,954.676,-0.0646
mixed,64,4,0.0625,4.0,256,16384,4096,16384,4864,1174.082,1391.635,1419.748,1.1292
mixed,64,4,0.0625,4.0,256,16384,8192,32768,9728,1545.891,2685.88,2037.733,0.4314
mixed,64,4,0.0625,4.0,1024,0,128,512,152,246.208,272.75,259.057,0.4841
mixed,64,4,0.0625,4.0,1024,0,256,1024,304,257.106,304.258,273.887,0.3559
mixed,64,4,0.0625,4.0,1024,0,512,2048,608,273.278,359.135,303.025,0.3465
mixed,64,4,0.0625,4.0,1024,0,1024,4096,1216,313.457,463.552,352.305,0.2588
mixed,64,4,0.0625,4.0,1024,0,2048,8192,2432,377.152,665.872,448.094,0.2457
mixed,64,4,0.0625,4.0,1024,0,4096,16384,4864,505.44,1089.313,629.062,0.2117
mixed,64,4,0.0625,4.0,1024,0,8192,32768,9728,746.496,1934.965,985.139,0.2008
mixed,64,4,0.0625,4.0,1024,512,128,512,152,354.901,378.752,365.874,0.4601
mixed,64,4,0.0625,4.0,1024,512,256,1024,304,365.853,411.648,383.196,0.3787
mixed,64,4,0.0625,4.0,1024,512,512,2048,608,382.719,469.537,410.881,0.3244
mixed,64,4,0.0625,4.0,1024,512,1024,4096,1216,422.722,572.925,460.32,0.2503
mixed,64,4,0.0625,4.0,1024,512,2048,8192,2432,486.672,776.2,554.672,0.2349
mixed,64,4,0.0625,4.0,1024,512,4096,16384,4864,610.497,1196.884,737.94,0.2173
mixed,64,4,0.0625,4.0,1024,512,8192,32768,9728,852.548,2045.159,1090.388,0.1994
mixed,64,4,0.0625,4.0,1024,2048,128,512,152,478.0,500.707,492.912,0.6567
mixed,64,4,0.0625,4.0,1024,2048,256,1024,304,488.799,535.745,506.179,0.3702
mixed,64,4,0.0625,4.0,1024,2048,512,2048,608,505.84,586.657,534.177,0.3506
mixed,64,4,0.0625,4.0,1024,2048,1024,4096,1216,544.495,695.17,582.159,0.25
mixed,64,4,0.0625,4.0,1024,2048,2048,8192,2432,608.323,898.354,678.067,0.2405
mixed,64,4,0.0625,4.0,1024,2048,4096,16384,4864,733.97,1310.676,863.012,0.2238
mixed,64,4,0.0625,4.0,1024,2048,8192,32768,9728,970.781,2159.558,1211.175,0.2022
mixed,64,4,0.0625,4.0,1024,8192,128,512,152,979.937,1001.972,993.235,0.6035
mixed,64,4,0.0625,4.0,1024,8192,256,1024,304,987.972,1030.163,1008.278,0.4813
mixed,64,4,0.0625,4.0,1024,8192,512,2048,608,1005.94,1087.092,1034.31,0.3496
mixed,64,4,0.0625,4.0,1024,8192,1024,4096,1216,1041.956,1191.138,1079.922,0.2545
mixed,64,4,0.0625,4.0,1024,8192,2048,8192,2432,1103.544,1385.474,1173.169,0.247
mixed,64,4,0.0625,4.0,1024,8192,4096,16384,4864,1228.084,1791.602,1354.408,0.2242
mixed,64,4,0.0625,4.0,1024,8192,8192,32768,9728,1468.354,2598.838,1705.016,0.2093
mixed,64,4,0.0625,4.0,1024,16384,128,512,152,1611.653,1633.412,1625.398,0.6317
mixed,64,4,0.0625,4.0,1024,16384,256,1024,304,1621.303,1663.183,1642.019,0.4947
mixed,64,4,0.0625,4.0,1024,16384,512,2048,608,1634.328,1719.06,1666.248,0.3767
mixed,64,4,0.0625,4.0,1024,16384,1024,4096,1216,1676.798,1825.046,1715.699,0.2624
mixed,64,4,0.0625,4.0,1024,16384,2048,8192,2432,1739.282,2027.272,1803.156,0.2218
mixed,64,4,0.0625,4.0,1024,16384,4096,16384,4864,1860.822,2428.198,1987.927,0.224
mixed,64,4,0.0625,4.0,1024,16384,8192,32768,9728,2103.897,3229.065,2337.217,0.2074
mixed,64,4,0.0625,4.0,4096,0,128,512,152,699.183,725.969,713.793,0.5454
mixed,64,4,0.0625,4.0,4096,0,256,1024,304,713.089,757.602,728.323,0.3422
mixed,64,4,0.0625,4.0,4096,0,512,2048,608,727.393,815.619,755.251,0.3158
mixed,64,4,0.0625,4.0,4096,0,1024,4096,1216,769.747,916.96,806.229,0.2478
mixed,64,4,0.0625,4.0,4096,0,2048,8192,2432,830.144,1119.251,901.536,0.2469
mixed,64,4,0.0625,4.0,4096,0,4096,16384,4864,955.172,1522.649,1082.754,0.2248
mixed,64,4,0.0625,4.0,4096,0,8192,32768,9728,1192.146,2332.485,1436.454,0.2142
mixed,64,4,0.0625,4.0,4096,512,128,512,152,909.027,932.005,924.848,0.6885
mixed,64,4,0.0625,4.0,4096,512,256,1024,304,920.754,963.83,941.319,0.4774
mixed,64,4,0.0625,4.0,4096,512,512,2048,608,937.747,1019.669,966.834,0.3551
mixed,64,4,0.0625,4.0,4096,512,1024,4096,1216,974.593,1119.715,1013.922,0.271
mixed,64,4,0.0625,4.0,4096,512,2048,8192,2432,1039.314,1325.942,1105.633,0.2314
mixed,64,4,0.0625,4.0,4096,512,4096,16384,4864,1161.989,1727.921,1289.316,0.225
mixed,64,4,0.0625,4.0,4096,512,8192,32768,9728,1397.577,2567.832,1643.126,0.2098
mixed,64,4,0.0625,4.0,4096,2048,128,512,152,1202.517,1224.097,1217.218,0.6812
mixed,64,4,0.0625,4.0,4096,2048,256,1024,304,1211.92,1256.322,1230.452,0.4174
mixed,64,4,0.0625,4.0,4096,2048,512,2048,608,1228.209,1310.338,1256.148,0.3402
mixed,64,4,0.0625,4.0,4096,2048,1024,4096,1216,1265.879,1414.408,1303.028,0.2501
mixed,64,4,0.0625,4.0,4096,2048,2048,8192,2432,1329.798,1615.188,1393.956,0.2248
mixed,64,4,0.0625,4.0,4096,2048,4096,16384,4864,1451.269,2034.357,1579.636,0.2202
mixed,64,4,0.0625,4.0,4096,2048,8192,32768,9728,1695.126,2866.472,1930.707,0.2011
mixed,64,4,0.0625,4.0,4096,8192,128,512,152,2335.048,2359.207,2346.692,0.482
mixed,64,4,0.0625,4.0,4096,8192,256,1024,304,2343.767,2385.224,2366.68,0.5527
mixed,64,4,0.0625,4.0,4096,8192,512,2048,608,2362.441,2439.863,2388.985,0.3429
mixed,64,4,0.0625,4.0,4096,8192,1024,4096,1216,2403.909,2547.722,2433.974,0.2091
mixed,64,4,0.0625,4.0,4096,8192,2048,8192,2432,2463.785,2753.883,2527.544,0.2198
mixed,64,4,0.0625,4.0,4096,8192,4096,16384,4864,2581.512,3154.17,2714.38,0.232
mixed,64,4,0.0625,4.0,4096,8192,8192,32768,9728,2821.59,3960.347,3061.303,0.2105
mixed,64,4,0.0625,4.0,4096,16384,128,512,152,3811.916,3842.778,3826.811,0.4826
mixed,64,4,0.0625,4.0,4096,16384,256,1024,304,3820.809,3869.851,3857.52,0.7486
mixed,64,4,0.0625,4.0,4096,16384,512,2048,608,3840.542,3937.738,3869.918,0.3022
mixed,64,4,0.0625,4.0,4096,16384,1024,4096,1216,3885.095,4024.574,3918.842,0.242
mixed,64,4,0.0625,4.0,4096,16384,2048,8192,2432,3940.221,4227.07,4000.539,0.2103
mixed,64,4,0.0625,4.0,4096,16384,4096,16384,4864,4054.924,4635.118,4203.054,0.2553
mixed,64,4,0.0625,4.0,4096,16384,8192,32768,9728,4300.123,5443.086,4554.479,0.2225
pure,64,8,0.125,4.0,0,0,128,512,176,72.146,113.552,109.648,0.9057
pure,64,8,0.125,4.0,0,0,256,1024,352,103.568,143.007,122.031,0.4682
pure,64,8,0.125,4.0,0,0,512,2048,704,124.224,196.177,149.762,0.3549
pure,64,8,0.125,4.0,0,0,1024,4096,1408,164.288,300.305,195.855,0.2321
pure,64,8,0.125,4.0,0,0,2048,8192,2816,238.544,499.25,295.552,0.2187
pure,64,8,0.125,4.0,0,0,4096,16384,5632,379.683,902.532,476.465,0.1851
pure,64,8,0.125,4.0,0,0,8192,32768,11264,658.928,1709.411,830.658,0.1635
mixed,64,8,0.125,4.0,16,0,128,512,176,83.68,124.609,105.136,0.5242
mixed,64,8,0.125,4.0,16,0,256,1024,352,115.167,155.04,133.986,0.472
mixed,64,8,0.125,4.0,16,0,512,2048,704,136.175,208.161,162.818,0.3701
mixed,64,8,0.125,4.0,16,0,1024,4096,1408,175.442,312.179,208.976,0.2452
mixed,64,8,0.125,4.0,16,0,2048,8192,2816,249.25,512.673,304.321,0.2091
mixed,64,8,0.125,4.0,16,0,4096,16384,5632,388.85,915.459,492.385,0.1966
mixed,64,8,0.125,4.0,16,0,8192,32768,11264,663.635,1721.669,840.642,0.1673
mixed,64,8,0.125,4.0,16,512,128,512,176,126.657,158.209,117.761,-0.282
mixed,64,8,0.125,4.0,16,512,256,1024,352,145.985,153.262,141.137,-0.6662
mixed,64,8,0.125,4.0,16,512,512,2048,704,180.928,208.48,166.065,-0.5394
mixed,64,8,0.125,4.0,16,512,1024,4096,1408,175.776,312.897,209.057,0.2427
mixed,64,8,0.125,4.0,16,512,2048,8192,2816,252.224,512.225,303.25,0.1963
mixed,64,8,0.125,4.0,16,512,4096,16384,5632,389.104,916.785,491.553,0.1941
mixed,64,8,0.125,4.0,16,512,8192,32768,11264,669.042,1723.283,843.522,0.1655
mixed,64,8,0.125,4.0,16,2048,128,512,176,127.633,163.01,121.457,-0.1746
mixed,64,8,0.125,4.0,16,2048,256,1024,352,147.583,202.753,128.513,-0.3457
mixed,64,8,0.125,4.0,16,2048,512,2048,704,179.137,295.634,165.426,-0.1177
mixed,64,8,0.125,4.0,16,2048,1024,4096,1408,238.608,311.392,210.752,-0.3827
mixed,64,8,0.125,4.0,16,2048,2048,8192,2816,349.552,513.01,304.368,-0.2764
mixed,64,8,0.125,4.0,16,2048,4096,16384,5632,392.786,915.619,487.651,0.1814
mixed,64,8,0.125,4.0,16,2048,8192,32768,11264,671.457,1724.612,838.756,0.1589
mixed,64,8,0.125,4.0,16,8192,128,512,176,148.593,160.432,144.353,-0.358
mixed,64,8,0.125,4.0,16,8192,256,1024,352,156.495,206.32,157.778,0.0257
mixed,64,8,0.125,4.0,16,8192,512,2048,704,179.168,289.425,164.416,-0.1338
mixed,64,8,0.125,4.0,16,8192,1024,4096,1408,236.56,463.999,193.152,-0.1909
mixed,64,8,0.125,4.0,16,8192,2048,8192,2816,355.426,813.427,303.584,-0.1132
mixed,64,8,0.125,4.0,16,8192,4096,16384,5632,598.42,920.531,481.332,-0.3635
mixed,64,8,0.125,4.0,16,8192,8192,32768,11264,980.354,1731.7,835.747,-0.1925
mixed,64,8,0.125,4.0,16,16384,128,512,176,177.776,194.322,177.793,0.001
mixed,64,8,0.125,4.0,16,16384,256,1024,352,173.28,203.169,184.0,0.3587
mixed,64,8,0.125,4.0,16,16384,512,2048,704,195.68,289.76,201.075,0.0573
mixed,64,8,0.125,4.0,16,16384,1024,4096,1408,239.01,464.962,271.841,0.1453
mixed,64,8,0.125,4.0,16,16384,2048,8192,2816,356.639,804.706,281.505,-0.1677
mixed,64,8,0.125,4.0,16,16384,4096,16384,5632,586.706,1502.454,478.833,-0.1178
mixed,64,8,0.125,4.0,16,16384,8192,32768,11264,1059.428,1729.59,822.915,-0.3529
mixed,64,8,0.125,4.0,64,0,128,512,176,86.688,143.472,107.487,0.3663
mixed,64,8,0.125,4.0,64,0,256,1024,352,136.784,171.603,139.425,0.0759
mixed,64,8,0.125,4.0,64,0,512,2048,704,159.679,215.456,168.097,0.1509
mixed,64,8,0.125,4.0,64,0,1024,4096,1408,190.001,321.041,214.879,0.1899
mixed,64,8,0.125,4.0,64,0,2048,8192,2816,258.08,521.362,311.105,0.2014
mixed,64,8,0.125,4.0,64,0,4096,16384,5632,398.496,923.666,496.337,0.1863
mixed,64,8,0.125,4.0,64,0,8192,32768,11264,673.842,1728.823,849.091,0.1661
mixed,64,8,0.125,4.0,64,512,128,512,176,126.625,166.08,126.753,0.0032
mixed,64,8,0.125,4.0,64,512,256,1024,352,147.728,204.913,129.473,-0.3192
mixed,64,8,0.125,4.0,64,512,512,2048,704,179.264,267.937,170.306,-0.101
mixed,64,8,0.125,4.0,64,512,1024,4096,1408,232.512,373.139,213.952,-0.132
mixed,64,8,0.125,4.0,64,512,2048,8192,2816,314.385,567.795,307.155,-0.0285
mixed,64,8,0.125,4.0,64,512,4096,16384,5632,448.992,965.108,493.552,0.0863
mixed,64,8,0.125,4.0,64,512,8192,32768,11264,715.697,1739.044,845.92,0.1273
mixed,64,8,0.125,4.0,64,2048,128,512,176,148.082,152.832,140.673,-1.5596
mixed,64,8,0.125,4.0,64,2048,256,1024,352,172.561,208.354,166.256,-0.1762
mixed,64,8,0.125,4.0,64,2048,512,2048,704,181.728,295.088,164.897,-0.1485
mixed,64,8,0.125,4.0,64,2048,1024,4096,1408,239.618,466.545,194.706,-0.1979
mixed,64,8,0.125,4.0,64,2048,2048,8192,2816,348.977,671.587,309.204,-0.1233
mixed,64,8,0.125,4.0,64,2048,4096,16384,5632,550.691,1061.174,480.417,-0.1377
mixed,64,8,0.125,4.0,64,2048,8192,32768,11264,819.987,1843.959,831.123,0.0109
mixed,64,8,0.125,4.0,64,8192,128,512,176,208.017,224.098,213.139,0.3185
mixed,64,8,0.125,4.0,64,8192,256,1024,352,221.762,282.403,220.88,-0.0145
mixed,64,8,0.125,4.0,64,8192,512,2048,704,233.072,275.921,247.123,0.3279
mixed,64,8,0.125,4.0,64,8192,1024,4096,1408,344.898,465.297,289.137,-0.4631
mixed,64,8,0.125,4.0,64,8192,2048,8192,2816,367.057,788.403,445.952,0.1872
mixed,64,8,0.125,4.0,64,8192,4096,16384,5632,585.637,1470.02,445.679,-0.1583
mixed,64,8,0.125,4.0,64,8192,8192,32768,11264,945.427,2256.87,808.659,-0.1043
mixed,64,8,0.125,4.0,64,16384,128,512,176,304.286,313.008,300.546,-0.4289
mixed,64,8,0.125,4.0,64,16384,256,1024,352,303.425,332.609,302.322,-0.0378
mixed,64,8,0.125,4.0,64,16384,512,2048,704,355.794,443.665,321.936,-0.3853
mixed,64,8,0.125,4.0,64,16384,1024,4096,1408,349.618,441.314,369.265,0.2143
mixed,64,8,0.125,4.0,64,16384,2048,8192,2816,563.874,788.434,451.634,-0.4998
mixed,64,8,0.125,4.0,64,16384,4096,16384,5632,597.073,1435.972,765.906,0.2013
mixed,64,8,0.125,4.0,64,16384,8192,32768,11264,1028.994,2788.153,773.059,-0.1455
mixed,64,8,0.125,4.0,256,0,128,512,176,99.968,177.617,129.153,0.3759
mixed,64,8,0.125,4.0,256,0,256,1024,352,133.871,202.624,149.601,0.2288
mixed,64,8,0.125,4.0,256,0,512,2048,704,189.681,257.488,192.897,0.0474
mixed,64,8,0.125,4.0,256,0,1024,4096,1408,224.434,355.857,292.962,0.5214
mixed,64,8,0.125,4.0,256,0,2048,8192,2816,292.434,552.579,470.068,0.6828
mixed,64,8,0.125,4.0,256,0,4096,16384,5632,431.345,963.458,804.114,0.7005
mixed,64,8,0.125,4.0,256,0,8192,32768,11264,713.14,1771.206,1479.396,0.7242
mixed,64,8,0.125,4.0,256,512,128,512,176,191.089,160.304,210.656,
mixed,64,8,0.125,4.0,256,512,256,1024,352,207.024,220.432,216.111,0.6778
mixed,64,8,0.125,4.0,256,512,512,2048,704,163.938,279.651,207.583,0.3772
mixed,64,8,0.125,4.0,256,512,1024,4096,1408,246.577,390.048,273.841,0.19
mixed,64,8,0.125,4.0,256,512,2048,8192,2816,326.017,583.506,446.721,0.4688
mixed,64,8,0.125,4.0,256,512,4096,16384,5632,462.322,983.17,781.475,0.6128
mixed,64,8,0.125,4.0,256,512,8192,32768,11264,733.41,1785.955,1439.189,0.6705
mixed,64,8,0.125,4.0,256,2048,128,512,176,251.619,283.281,248.8,-0.089
mixed,64,8,0.125,4.0,256,2048,256,1024,352,267.728,327.793,313.538,0.7627
mixed,64,8,0.125,4.0,256,2048,512,2048,704,301.473,277.649,319.985,
mixed,64,8,0.125,4.0,256,2048,1024,4096,1408,357.569,466.24,404.496,0.4318
mixed,64,8,0.125,4.0,256,2048,2048,8192,2816,371.219,668.257,449.906,0.2649
mixed,64,8,0.125,4.0,256,2048,4096,16384,5632,549.234,1068.467,754.466,0.3953
mixed,64,8,0.125,4.0,256,2048,8192,32768,11264,821.093,1873.895,1417.236,0.5662
mixed,64,8,0.125,4.0,256,8192,128,512,176,484.592,523.538,487.793,0.0822
mixed,64,8,0.125,4.0,256,8192,256,1024,352,507.248,566.035,501.841,-0.092
mixed,64,8,0.125,4.0,256,8192,512,2048,704,539.156,642.721,526.64,-0.1209
mixed,64,8,0.125,4.0,256,8192,1024,4096,1408,597.154,800.689,792.61,0.9603
mixed,64,8,0.125,4.0,256,8192,2048,8192,2816,707.971,764.418,796.754,1.5729
mixed,64,8,0.125,4.0,256,8192,4096,16384,5632,920.116,1410.918,1107.716,0.3822
mixed,64,8,0.125,4.0,256,8192,8192,32768,11264,1027.57,2228.341,1391.38,0.303
mixed,64,8,0.125,4.0,256,16384,128,512,176,786.05,828.627,788.082,0.0477
mixed,64,8,0.125,4.0,256,16384,256,1024,352,787.554,871.331,806.817,0.2299
mixed,64,8,0.125,4.0,256,16384,512,2048,704,846.979,953.252,830.978,-0.1506
mixed,64,8,0.125,4.0,256,16384,1024,4096,1408,903.955,1115.525,878.307,-0.1212
mixed,64,8,0.125,4.0,256,16384,2048,8192,2816,1014.417,1425.43,1409.974,0.9624
mixed,64,8,0.125,4.0,256,16384,4096,16384,5632,1230.086,1387.859,1421.427,1.2128
mixed,64,8,0.125,4.0,256,16384,8192,32768,11264,1663.635,2673.816,2045.078,0.3776
mixed,64,8,0.125,4.0,1024,0,128,512,176,247.538,271.106,260.978,0.5703
mixed,64,8,0.125,4.0,1024,0,256,1024,352,258.354,304.561,275.022,0.3607
mixed,64,8,0.125,4.0,1024,0,512,2048,704,283.439,358.976,303.616,0.2671
mixed,64,8,0.125,4.0,1024,0,1024,4096,1408,324.737,465.761,354.513,0.2111
mixed,64,8,0.125,4.0,1024,0,2048,8192,2816,401.441,666.963,454.241,0.1989
mixed,64,8,0.125,4.0,1024,0,4096,16384,5632,542.227,1088.835,636.306,0.1721
mixed,64,8,0.125,4.0,1024,0,8192,32768,11264,825.315,1931.975,992.468,0.151
mixed,64,8,0.125,4.0,1024,512,128,512,176,356.162,378.595,368.625,0.5556
mixed,64,8,0.125,4.0,1024,512,256,1024,352,364.386,413.596,385.297,0.4249
mixed,64,8,0.125,4.0,1024,512,512,2048,704,390.994,468.229,412.4,0.2771
mixed,64,8,0.125,4.0,1024,512,1024,4096,1408,435.077,573.217,461.665,0.1925
mixed,64,8,0.125,4.0,1024,512,2048,8192,2816,508.804,775.781,562.337,0.2005
mixed,64,8,0.125,4.0,1024,512,4096,16384,5632,647.859,1195.52,747.587,0.1821
mixed,64,8,0.125,4.0,1024,512,8192,32768,11264,937.009,2041.46,1100.385,0.1479
mixed,64,8,0.125,4.0,1024,2048,128,512,176,479.347,502.289,493.12,0.6003
mixed,64,8,0.125,4.0,1024,2048,256,1024,352,488.481,531.936,507.469,0.437
mixed,64,8,0.125,4.0,1024,2048,512,2048,704,514.066,589.313,537.268,0.3083
mixed,64,8,0.125,4.0,1024,2048,1024,4096,1408,555.058,691.987,584.178,0.2127
mixed,64,8,0.125,4.0,1024,2048,2048,8192,2816,630.018,891.877,682.294,0.1996
mixed,64,8,0.125,4.0,1024,2048,4096,16384,5632,768.883,1312.116,867.847,0.1822
mixed,64,8,0.125,4.0,1024,2048,8192,32768,11264,1057.414,2160.423,1221.492,0.1488
mixed,64,8,0.125,4.0,1024,8192,128,512,176,980.387,1001.361,994.626,0.6789
mixed,64,8,0.125,4.0,1024,8192,256,1024,352,991.235,1031.877,1010.208,0.4668
mixed,64,8,0.125,4.0,1024,8192,512,2048,704,1011.985,1085.189,1038.147,0.3574
mixed,64,8,0.125,4.0,1024,8192,1024,4096,1408,1055.125,1191.314,1082.852,0.2036
mixed,64,8,0.125,4.0,1024,8192,2048,8192,2816,1125.944,1390.468,1178.359,0.1981
mixed,64,8,0.125,4.0,1024,8192,4096,16384,5632,1265.764,1792.132,1360.79,0.1805
mixed,64,8,0.125,4.0,1024,8192,8192,32768,11264,1547.729,2595.882,1715.034,0.1596
mixed,64,8,0.125,4.0,1024,16384,128,512,176,1612.264,1639.622,1632.497,0.7396
mixed,64,8,0.125,4.0,1024,16384,256,1024,352,1628.292,1663.637,1641.011,0.3598
mixed,64,8,0.125,4.0,1024,16384,512,2048,704,1645.303,1716.069,1664.389,0.2697
mixed,64,8,0.125,4.0,1024,16384,1024,4096,1408,1684.785,1822.42,1710.181,0.1845
mixed,64,8,0.125,4.0,1024,16384,2048,8192,2816,1758.152,2022.25,1804.18,0.1743
mixed,64,8,0.125,4.0,1024,16384,4096,16384,5632,1896.02,2426.07,1987.782,0.1731
mixed,64,8,0.125,4.0,1024,16384,8192,32768,11264,2180.071,3232.088,2343.526,0.1554
mixed,64,8,0.125,4.0,4096,0,128,512,176,702.594,725.264,715.029,0.5485
mixed,64,8,0.125,4.0,4096,0,256,1024,352,712.352,757.955,731.492,0.4197
mixed,64,8,0.125,4.0,4096,0,512,2048,704,737.699,813.028,757.696,0.2655
mixed,64,8,0.125,4.0,4096,0,1024,4096,1408,778.804,914.274,806.868,0.2072
mixed,64,8,0.125,4.0,4096,0,2048,8192,2816,852.786,1117.297,906.018,0.2012
mixed,64,8,0.125,4.0,4096,0,4096,16384,5632,993.367,1524.341,1090.512,0.183
mixed,64,8,0.125,4.0,4096,0,8192,32768,11264,1276.66,2333.301,1444.562,0.1589
mixed,64,8,0.125,4.0,4096,512,128,512,176,909.314,934.531,923.607,0.5668
mixed,64,8,0.125,4.0,4096,512,256,1024,352,922.884,964.737,938.707,0.378
mixed,64,8,0.125,4.0,4096,512,512,2048,704,947.251,1018.449,965.873,0.2616
mixed,64,8,0.125,4.0,4096,512,1024,4096,1408,984.294,1122.547,1015.601,0.2264
mixed,64,8,0.125,4.0,4096,512,2048,8192,2816,1060.288,1324.903,1114.596,0.2052
mixed,64,8,0.125,4.0,4096,512,4096,16384,5632,1199.427,1733.191,1298.833,0.1862
mixed,64,8,0.125,4.0,4096,512,8192,32768,11264,1482.197,2569.961,1651.86,0.156
mixed,64,8,0.125,4.0,4096,2048,128,512,176,1206.82,1228.756,1216.64,0.4477
mixed,64,8,0.125,4.0,4096,2048,256,1024,352,1214.594,1255.128,1233.216,0.4594
mixed,64,8,0.125,4.0,4096,2048,512,2048,704,1237.014,1308.883,1261.027,0.3341
mixed,64,8,0.125,4.0,4096,2048,1024,4096,1408,1278.392,1411.601,1305.635,0.2045
mixed,64,8,0.125,4.0,4096,2048,2048,8192,2816,1352.648,1614.293,1402.002,0.1886
mixed,64,8,0.125,4.0,4096,2048,4096,16384,5632,1492.274,2035.476,1586.151,0.1728
mixed,64,8,0.125,4.0,4096,2048,8192,32768,11264,1775.349,2866.744,1939.782,0.1507
mixed,64,8,0.125,4.0,4096,8192,128,512,176,2335.836,2360.729,2353.081,0.6927
mixed,64,8,0.125,4.0,4096,8192,256,1024,352,2344.262,2390.484,2365.591,0.4614
mixed,64,8,0.125,4.0,4096,8192,512,2048,704,2371.015,2442.248,2391.671,0.29
mixed,64,8,0.125,4.0,4096,8192,1024,4096,1408,2414.841,2543.202,2440.264,0.1981
mixed,64,8,0.125,4.0,4096,8192,2048,8192,2816,2486.196,2745.59,2534.727,0.1871
mixed,64,8,0.125,4.0,4096,8192,4096,16384,5632,2621.989,3151.335,2713.448,0.1728
mixed,64,8,0.125,4.0,4096,8192,8192,32768,11264,2904.215,3959.264,3079.843,0.1665
mixed,64,8,0.125,4.0,4096,16384,128,512,176,3809.581,3834.651,3831.628,0.8794
mixed,64,8,0.125,4.0,4096,16384,256,1024,352,3824.604,3866.413,3840.668,0.3842
mixed,64,8,0.125,4.0,4096,16384,512,2048,704,3848.476,3937.084,3877.47,0.3272
mixed,64,8,0.125,4.0,4096,16384,1024,4096,1408,3886.155,4015.259,3927.227,0.3181
mixed,64,8,0.125,4.0,4096,16384,2048,8192,2816,3964.603,4231.421,4013.178,0.1821
mixed,64,8,0.125,4.0,4096,16384,4096,16384,5632,4107.434,4626.447,4196.187,0.171
mixed,64,8,0.125,4.0,4096,16384,8192,32768,11264,4400.957,5440.818,4549.531,0.1429
pure,64,16,0.25,4.0,0,0,128,512,224,75.906,112.785,97.376,0.5822
pure,64,16,0.25,4.0,0,0,256,1024,448,109.584,142.691,109.938,0.0107
pure,64,16,0.25,4.0,0,0,512,2048,896,134.816,195.97,156.224,0.3501
pure,64,16,0.25,4.0,0,0,1024,4096,1792,182.464,302.672,210.32,0.2317
pure,64,16,0.25,4.0,0,0,2048,8192,3584,270.69,498.673,313.536,0.1879
pure,64,16,0.25,4.0,0,0,4096,16384,7168,451.937,903.602,505.504,0.1186
pure,64,16,0.25,4.0,0,0,8192,32768,14336,802.322,1713.621,881.524,0.0869
mixed,64,16,0.25,4.0,16,0,128,512,224,89.073,124.593,107.024,0.5054
mixed,64,16,0.25,4.0,16,0,256,1024,448,119.808,154.545,117.537,-0.0654
mixed,64,16,0.25,4.0,16,0,512,2048,896,145.857,207.921,144.4,-0.0235
mixed,64,16,0.25,4.0,16,0,1024,4096,1792,196.272,313.729,219.185,0.1951
mixed,64,16,0.25,4.0,16,0,2048,8192,3584,284.673,512.1,325.281,0.1786
mixed,64,16,0.25,4.0,16,0,4096,16384,7168,462.896,915.636,517.408,0.1204
mixed,64,16,0.25,4.0,16,0,8192,32768,14336,813.363,1719.572,894.546,0.0896
mixed,64,16,0.25,4.0,16,512,128,512,224,132.784,160.049,118.304,-0.5311
mixed,64,16,0.25,4.0,16,512,256,1024,448,153.104,153.233,124.847,-218.1931
mixed,64,16,0.25,4.0,16,512,512,2048,896,146.799,209.296,144.689,-0.0338
mixed,64,16,0.25,4.0,16,512,1024,4096,1792,194.37,313.81,219.361,0.2092
mixed,64,16,0.25,4.0,16,512,2048,8192,3584,286.209,510.579,324.547,0.1709
mixed,64,16,0.25,4.0,16,512,4096,16384,7168,463.907,918.69,519.971,0.1233
mixed,64,16,0.25,4.0,16,512,8192,32768,14336,816.052,1725.156,898.162,0.0903
mixed,64,16,0.25,4.0,16,2048,128,512,224,126.194,161.905,124.767,-0.0399
mixed,64,16,0.25,4.0,16,2048,256,1024,448,156.239,205.392,134.928,-0.4336
mixed,64,16,0.25,4.0,16,2048,512,2048,896,196.481,298.064,150.513,-0.4525
mixed,64,16,0.25,4.0,16,2048,1024,4096,1792,272.258,313.186,197.987,-1.8146
mixed,64,16,0.25,4.0,16,2048,2048,8192,3584,397.328,514.913,329.473,-0.5771
mixed,64,16,0.25,4.0,16,2048,4096,16384,7168,464.304,916.29,516.754,0.116
mixed,64,16,0.25,4.0,16,2048,8192,32768,14336,816.067,1727.636,900.722,0.0929
mixed,64,16,0.25,4.0,16,8192,128,512,224,149.729,160.832,144.241,-0.4943
mixed,64,16,0.25,4.0,16,8192,256,1024,448,158.081,203.312,157.152,-0.0205
mixed,64,16,0.25,4.0,16,8192,512,2048,896,192.641,291.425,198.832,0.0627
mixed,64,16,0.25,4.0,16,8192,1024,4096,1792,268.577,465.33,279.952,0.0578
mixed,64,16,0.25,4.0,16,8192,2048,8192,3584,424.624,814.035,293.155,-0.3376
mixed,64,16,0.25,4.0,16,8192,4096,16384,7168,725.044,919.795,474.004,-1.289
mixed,64,16,0.25,4.0,16,8192,8192,32768,14336,1133.251,1732.805,902.115,-0.3855
mixed,64,16,0.25,4.0,16,16384,128,512,224,172.897,195.726,167.442,-0.2389
mixed,64,16,0.25,4.0,16,16384,256,1024,448,186.161,203.281,178.929,-0.4224
mixed,64,16,0.25,4.0,16,16384,512,2048,896,200.144,289.344,198.848,-0.0145
mixed,64,16,0.25,4.0,16,16384,1024,4096,1792,270.273,464.082,285.072,0.0764
mixed,64,16,0.25,4.0,16,16384,2048,8192,3584,418.035,806.339,450.769,0.0843
mixed,64,16,0.25,4.0,16,16384,4096,16384,7168,716.802,1504.26,479.937,-0.3008
mixed,64,16,0.25,4.0,16,16384,8192,32768,14336,1330.228,1731.284,840.371,-1.2214
mixed,64,16,0.25,4.0,64,0,128,512,224,91.903,143.921,111.873,0.3839
mixed,64,16,0.25,4.0,64,0,256,1024,448,143.007,171.089,123.582,-0.6917
mixed,64,16,0.25,4.0,64,0,512,2048,896,165.873,212.431,149.841,-0.3444
mixed,64,16,0.25,4.0,64,0,1024,4096,1792,202.287,323.089,227.874,0.2118
mixed,64,16,0.25,4.0,64,0,2048,8192,3584,293.745,521.25,333.792,0.176
mixed,64,16,0.25,4.0,64,0,4096,16384,7168,472.257,923.651,528.85,0.1254
mixed,64,16,0.25,4.0,64,0,8192,32768,14336,822.146,1730.819,904.611,0.0908
mixed,64,16,0.25,4.0,64,512,128,512,224,121.424,166.545,144.156,0.5038
mixed,64,16,0.25,4.0,64,512,256,1024,448,158.785,205.872,132.305,-0.5624
mixed,64,16,0.25,4.0,64,512,512,2048,896,195.249,268.8,148.319,-0.638
mixed,64,16,0.25,4.0,64,512,1024,4096,1792,253.586,371.219,196.753,-0.4831
mixed,64,16,0.25,4.0,64,512,2048,8192,3584,348.417,565.682,361.122,0.0585
mixed,64,16,0.25,4.0,64,512,4096,16384,7168,522.033,957.235,576.226,0.1245
mixed,64,16,0.25,4.0,64,512,8192,32768,14336,860.116,1737.044,956.292,0.1097
mixed,64,16,0.25,4.0,64,2048,128,512,224,149.28,153.522,147.904,-0.3244
mixed,64,16,0.25,4.0,64,2048,256,1024,448,153.472,209.887,160.195,0.1192
mixed,64,16,0.25,4.0,64,2048,512,2048,896,196.899,294.913,203.968,0.0721
mixed,64,16,0.25,4.0,64,2048,1024,4096,1792,271.538,464.803,285.488,0.0722
mixed,64,16,0.25,4.0,64,2048,2048,8192,3584,422.64,669.97,291.072,-0.532
mixed,64,16,0.25,4.0,64,2048,4096,16384,7168,620.995,1062.437,477.345,-0.3254
mixed,64,16,0.25,4.0,64,2048,8192,32768,14336,964.371,1852.503,1052.707,0.0995
mixed,64,16,0.25,4.0,64,8192,128,512,224,211.041,224.513,206.563,-0.3323
mixed,64,16,0.25,4.0,64,8192,256,1024,448,223.905,282.737,224.351,0.0076
mixed,64,16,0.25,4.0,64,8192,512,2048,896,261.873,273.617,241.552,-1.7304
mixed,64,16,0.25,4.0,64,8192,1024,4096,1792,276.658,460.736,284.659,0.0435
mixed,64,16,0.25,4.0,64,8192,2048,8192,3584,423.124,790.145,455.441,0.0881
mixed,64,16,0.25,4.0,64,8192,4096,16384,7168,703.571,1470.931,778.531,0.0977
mixed,64,16,0.25,4.0,64,8192,8192,32768,14336,1302.132,2262.136,830.148,-0.4916
mixed,64,16,0.25,4.0,64,16384,128,512,224,303.697,311.823,301.409,-0.2816
mixed,64,16,0.25,4.0,64,16384,256,1024,448,295.39,332.13,302.769,0.2008
mixed,64,16,0.25,4.0,64,16384,512,2048,896,331.106,443.344,331.714,0.0054
mixed,64,16,0.25,4.0,64,16384,1024,4096,1792,408.849,441.057,421.936,0.4063
mixed,64,16,0.25,4.0,64,16384,2048,8192,3584,444.384,790.146,450.306,0.0171
mixed,64,16,0.25,4.0,64,16384,4096,16384,7168,705.875,1427.813,779.554,0.1021
mixed,64,16,0.25,4.0,64,16384,8192,32768,14336,1268.467,2790.294,1421.492,0.1006
mixed,64,16,0.25,4.0,256,0,128,512,224,98.335,176.449,134.209,0.4592
mixed,64,16,0.25,4.0,256,0,256,1024,448,174.945,204.625,152.288,-0.7634
mixed,64,16,0.25,4.0,256,0,512,2048,896,197.775,256.274,196.879,-0.0153
mixed,64,16,0.25,4.0,256,0,1024,4096,1792,243.791,358.288,282.594,0.3389
mixed,64,16,0.25,4.0,256,0,2048,8192,3584,331.616,552.817,445.346,0.5141
mixed,64,16,0.25,4.0,256,0,4096,16384,7168,502.147,964.851,811.12,0.6678
mixed,64,16,0.25,4.0,256,0,8192,32768,14336,860.977,1774.726,1475.669,0.6727
mixed,64,16,0.25,4.0,256,512,128,512,224,196.608,158.177,211.536,
mixed,64,16,0.25,4.0,256,512,256,1024,448,218.192,220.192,224.304,3.057
mixed,64,16,0.25,4.0,256,512,512,2048,896,179.792,278.143,206.753,0.2741
mixed,64,16,0.25,4.0,256,512,1024,4096,1792,264.88,388.368,277.793,0.1046
mixed,64,16,0.25,4.0,256,512,2048,8192,3584,360.69,581.554,442.353,0.3697
mixed,64,16,0.25,4.0,256,512,4096,16384,7168,534.962,981.46,763.474,0.5118
mixed,64,16,0.25,4.0,256,512,8192,32768,14336,884.114,1789.991,1452.517,0.6275
mixed,64,16,0.25,4.0,256,2048,128,512,224,257.265,285.055,272.767,0.5578
mixed,64,16,0.25,4.0,256,2048,256,1024,448,276.836,326.37,314.32,0.7567
mixed,64,16,0.25,4.0,256,2048,512,2048,896,316.91,279.265,327.568,
mixed,64,16,0.25,4.0,256,2048,1024,4096,1792,387.442,467.793,412.705,0.3144
mixed,64,16,0.25,4.0,256,2048,2048,8192,3584,430.545,668.832,454.754,0.1016
mixed,64,16,0.25,4.0,256,2048,4096,16384,7168,621.601,1065.508,762.883,0.3183
mixed,64,16,0.25,4.0,256,2048,8192,32768,14336,969.348,1867.11,1388.291,0.4667
mixed,64,16,0.25,4.0,256,8192,128,512,224,498.434,521.858,490.899,-0.3217
mixed,64,16,0.25,4.0,256,8192,256,1024,448,516.24,564.549,504.066,-0.252
mixed,64,16,0.25,4.0,256,8192,512,2048,896,554.369,643.89,636.178,0.9139
mixed,64,16,0.25,4.0,256,8192,1024,4096,1792,625.375,800.563,794.675,0.9664
mixed,64,16,0.25,4.0,256,8192,2048,8192,3584,764.386,765.332,805.252,43.2444
mixed,64,16,0.25,4.0,256,8192,4096,16384,7168,1036.642,1420.021,1118.307,0.213
mixed,64,16,0.25,4.0,256,8192,8192,32768,14336,1272.82,2230.695,1401.172,0.134
mixed,64,16,0.25,4.0,256,16384,128,512,224,790.002,829.81,787.601,-0.0603
mixed,64,16,0.25,4.0,256,16384,256,1024,448,820.05,871.202,809.138,-0.2133
mixed,64,16,0.25,4.0,256,16384,512,2048,896,861.619,952.468,836.004,-0.2819
mixed,64,16,0.25,4.0,256,16384,1024,4096,1792,933.394,1113.346,1106.531,0.9621
mixed,64,16,0.25,4.0,256,16384,2048,8192,3584,1071.875,1426.389,1414.675,0.967
mixed,64,16,0.25,4.0,256,16384,4096,16384,7168,1344.45,1390.436,1428.357,1.8246
mixed,64,16,0.25,4.0,256,16384,8192,32768,14336,1900.053,2673.448,2053.045,0.1978
mixed,64,16,0.25,4.0,1024,0,128,512,224,251.553,270.721,249.921,-0.0851
mixed,64,16,0.25,4.0,1024,0,256,1024,448,265.328,302.163,267.696,0.0643
mixed,64,16,0.25,4.0,1024,0,512,2048,896,297.072,359.326,311.537,0.2323
mixed,64,16,0.25,4.0,1024,0,1024,4096,1792,345.874,466.626,368.464,0.1871
mixed,64,16,0.25,4.0,1024,0,2048,8192,3584,438.917,666.147,474.274,0.1556
mixed,64,16,0.25,4.0,1024,0,4096,16384,7168,618.752,1089.91,666.848,0.1021
mixed,64,16,0.25,4.0,1024,0,8192,32768,14336,981.716,1933.272,1058.341,0.0805
mixed,64,16,0.25,4.0,1024,512,128,512,224,360.291,378.27,356.002,-0.2385
mixed,64,16,0.25,4.0,1024,512,256,1024,448,371.442,413.216,374.049,0.0624
mixed,64,16,0.25,4.0,1024,512,512,2048,896,403.663,466.579,421.858,0.2892
mixed,64,16,0.25,4.0,1024,512,1024,4096,1792,455.197,571.697,475.789,0.1768
mixed,64,16,0.25,4.0,1024,512,2048,8192,3584,545.471,775.875,584.691,0.1702
mixed,64,16,0.25,4.0,1024,512,4096,16384,7168,726.482,1197.059,771.841,0.0964
mixed,64,16,0.25,4.0,1024,512,8192,32768,14336,1090.502,2046.634,1163.942,0.0768
mixed,64,16,0.25,4.0,1024,2048,128,512,224,483.535,501.3,481.46,-0.1169
mixed,64,16,0.25,4.0,1024,2048,256,1024,448,495.427,533.157,496.543,0.0296
mixed,64,16,0.25,4.0,1024,2048,512,2048,896,527.488,588.356,542.58,0.2479
mixed,64,16,0.25,4.0,1024,2048,1024,4096,1792,577.231,694.756,597.631,0.1736
mixed,64,16,0.25,4.0,1024,2048,2048,8192,3584,668.259,896.323,707.366,0.1715
mixed,64,16,0.25,4.0,1024,2048,4096,16384,7168,845.154,1314.644,896.754,0.1099
mixed,64,16,0.25,4.0,1024,2048,8192,32768,14336,1210.163,2157.384,1284.389,0.0784
mixed,64,16,0.25,4.0,1024,8192,128,512,224,983.634,1003.668,984.097,0.0231
mixed,64,16,0.25,4.0,1024,8192,256,1024,448,999.489,1033.426,998.291,-0.0353
mixed,64,16,0.25,4.0,1024,8192,512,2048,896,1023.877,1086.371,1041.457,0.2813
mixed,64,16,0.25,4.0,1024,8192,1024,4096,1792,1072.694,1186.209,1095.941,0.2048
mixed,64,16,0.25,4.0,1024,8192,2048,8192,3584,1160.983,1387.847,1199.477,0.1697
mixed,64,16,0.25,4.0,1024,8192,4096,16384,7168,1337.411,1792.182,1389.829,0.1153
mixed,64,16,0.25,4.0,1024,8192,8192,32768,14336,1686.949,2596.742,1770.008,0.0913
mixed,64,16,0.25,4.0,1024,16384,128,512,224,1615.237,1634.211,1617.813,0.1358
mixed,64,16,0.25,4.0,1024,16384,256,1024,448,1628.916,1661.142,1633.88,0.154
mixed,64,16,0.25,4.0,1024,16384,512,2048,896,1655.496,1716.083,1671.144,0.2583
mixed,64,16,0.25,4.0,1024,16384,1024,4096,1792,1702.578,1822.568,1726.675,0.2008
mixed,64,16,0.25,4.0,1024,16384,2048,8192,3584,1793.817,2023.412,1825.588,0.1384
mixed,64,16,0.25,4.0,1024,16384,4096,16384,7168,1972.708,2427.717,2018.995,0.1017
mixed,64,16,0.25,4.0,1024,16384,8192,32768,14336,2324.505,3233.628,2402.455,0.0857
mixed,64,16,0.25,4.0,4096,0,128,512,224,706.592,727.988,707.248,0.0307
mixed,64,16,0.25,4.0,4096,0,256,1024,448,719.425,756.466,719.697,0.0073
mixed,64,16,0.25,4.0,4096,0,512,2048,896,748.916,813.183,765.151,0.2526
mixed,64,16,0.25,4.0,4096,0,1024,4096,1792,798.242,917.491,819.475,0.1781
mixed,64,16,0.25,4.0,4096,0,2048,8192,3584,890.064,1120.241,927.506,0.1627
mixed,64,16,0.25,4.0,4096,0,4096,16384,7168,1068.961,1524.054,1121.412,0.1153
mixed,64,16,0.25,4.0,4096,0,8192,32768,14336,1420.34,2331.992,1499.798,0.0872
mixed,64,16,0.25,4.0,4096,512,128,512,224,916.193,934.403,913.253,-0.1615
mixed,64,16,0.25,4.0,4096,512,256,1024,448,927.861,965.326,932.528,0.1246
mixed,64,16,0.25,4.0,4096,512,512,2048,896,957.665,1020.292,976.772,0.3051
mixed,64,16,0.25,4.0,4096,512,1024,4096,1792,1004.693,1121.859,1025.362,0.1764
mixed,64,16,0.25,4.0,4096,512,2048,8192,3584,1096.916,1330.404,1134.947,0.1629
mixed,64,16,0.25,4.0,4096,512,4096,16384,7168,1276.241,1728.775,1328.805,0.1162
mixed,64,16,0.25,4.0,4096,512,8192,32768,14336,1625.733,2565.513,1704.614,0.0839
mixed,64,16,0.25,4.0,4096,2048,128,512,224,1208.051,1229.589,1205.077,-0.1381
mixed,64,16,0.25,4.0,4096,2048,256,1024,448,1222.165,1255.235,1221.315,-0.0257
mixed,64,16,0.25,4.0,4096,2048,512,2048,896,1247.447,1310.149,1265.957,0.2952
mixed,64,16,0.25,4.0,4096,2048,1024,4096,1792,1299.444,1419.061,1320.02,0.172
mixed,64,16,0.25,4.0,4096,2048,2048,8192,3584,1389.943,1615.702,1428.501,0.1708
mixed,64,16,0.25,4.0,4096,2048,4096,16384,7168,1568.247,2031.321,1614.102,0.099
mixed,64,16,0.25,4.0,4096,2048,8192,32768,14336,1924.869,2871.8,2007.207,0.087
mixed,64,16,0.25,4.0,4096,8192,128,512,224,2342.917,2357.815,2342.918,0.0
mixed,64,16,0.25,4.0,4096,8192,256,1024,448,2358.548,2399.067,2355.994,-0.063
mixed,64,16,0.25,4.0,4096,8192,512,2048,896,2392.246,2443.147,2398.615,0.1251
mixed,64,16,0.25,4.0,4096,8192,1024,4096,1792,2434.15,2551.592,2453.815,0.1674
mixed,64,16,0.25,4.0,4096,8192,2048,8192,3584,2527.608,2748.201,2555.911,0.1283
mixed,64,16,0.25,4.0,4096,8192,4096,16384,7168,2699.897,3150.473,2745.11,0.1003
mixed,64,16,0.25,4.0,4096,8192,8192,32768,14336,3049.976,3963.808,3132.266,0.09
mixed,64,16,0.25,4.0,4096,16384,128,512,224,3819.74,3845.4,3817.498,-0.0874
mixed,64,16,0.25,4.0,4096,16384,256,1024,448,3831.084,3870.077,3831.801,0.0184
mixed,64,16,0.25,4.0,4096,16384,512,2048,896,3858.445,3926.285,3888.188,0.4384
mixed,64,16,0.25,4.0,4096,16384,1024,4096,1792,3907.488,4027.131,3928.27,0.1737
mixed,64,16,0.25,4.0,4096,16384,2048,8192,3584,3994.893,4229.296,4029.797,0.1489
mixed,64,16,0.25,4.0,4096,16384,4096,16384,7168,4169.167,4628.62,4217.148,0.1044
mixed,64,16,0.25,4.0,4096,16384,8192,32768,14336,4531.134,5446.448,4610.029,0.0862
pure,64,32,0.5,4.0,0,0,128,512,320,101.073,113.746,99.777,-0.1023
pure,64,32,0.5,4.0,0,0,256,1024,640,121.682,142.4,121.377,-0.0147
pure,64,32,0.5,4.0,0,0,512,2048,1280,158.465,195.424,154.96,-0.0948
pure,64,32,0.5,4.0,0,0,1024,4096,2560,222.816,300.593,220.225,-0.0333
pure,64,32,0.5,4.0,0,0,2048,8192,5120,348.512,499.794,355.106,0.0436
pure,64,32,0.5,4.0,0,0,4096,16384,10240,603.89,905.923,612.147,0.0273
pure,64,32,0.5,4.0,0,0,8192,32768,20480,1101.316,1707.7,1134.003,0.0539
mixed,64,32,0.5,4.0,16,0,128,512,320,112.032,125.041,112.192,0.0123
mixed,64,32,0.5,4.0,16,0,256,1024,640,134.352,153.425,133.472,-0.0461
mixed,64,32,0.5,4.0,16,0,512,2048,1280,169.617,208.609,167.632,-0.0509
mixed,64,32,0.5,4.0,16,0,1024,4096,2560,234.88,312.129,233.441,-0.0186
mixed,64,32,0.5,4.0,16,0,2048,8192,5120,364.194,513.185,367.986,0.0255
mixed,64,32,0.5,4.0,16,0,4096,16384,10240,611.715,914.436,622.451,0.0355
mixed,64,32,0.5,4.0,16,0,8192,32768,20480,1115.219,1717.717,1139.38,0.0401
mixed,64,32,0.5,4.0,16,512,128,512,320,144.399,159.217,137.265,-0.4815
mixed,64,32,0.5,4.0,16,512,256,1024,640,175.744,153.297,167.362,
mixed,64,32,0.5,4.0,16,512,512,2048,1280,169.584,209.088,166.45,-0.0793
mixed,64,32,0.5,4.0,16,512,1024,4096,2560,236.784,314.402,233.506,-0.0422
mixed,64,32,0.5,4.0,16,512,2048,8192,5120,361.999,511.983,368.129,0.0409
mixed,64,32,0.5,4.0,16,512,4096,16384,10240,612.995,915.874,621.681,0.0287
mixed,64,32,0.5,4.0,16,512,8192,32768,20480,1118.419,1722.486,1132.756,0.0237
mixed,64,32,0.5,4.0,16,2048,128,512,320,147.072,162.065,128.546,-1.2356
mixed,64,32,0.5,4.0,16,2048,256,1024,640,172.96,205.617,166.273,-0.2048
mixed,64,32,0.5,4.0,16,2048,512,2048,1280,225.554,298.449,206.401,-0.2628
mixed,64,32,0.5,4.0,16,2048,1024,4096,2560,335.921,315.441,303.728,
mixed,64,32,0.5,4.0,16,2048,2048,8192,5120,365.345,514.546,369.938,0.0308
mixed,64,32,0.5,4.0,16,2048,4096,16384,10240,613.09,915.171,626.867,0.0456
mixed,64,32,0.5,4.0,16,2048,8192,32768,20480,1119.044,1728.918,1141.524,0.0369
mixed,64,32,0.5,4.0,16,8192,128,512,320,153.408,160.865,150.24,-0.4248
mixed,64,32,0.5,4.0,16,8192,256,1024,640,164.721,204.24,163.312,-0.0356
mixed,64,32,0.5,4.0,16,8192,512,2048,1280,223.778,290.131,217.313,-0.0974
mixed,64,32,0.5,4.0,16,8192,1024,4096,2560,335.552,466.368,298.625,-0.2823
mixed,64,32,0.5,4.0,16,8192,2048,8192,5120,551.666,810.708,476.112,-0.2917
mixed,64,32,0.5,4.0,16,8192,4096,16384,10240,937.636,918.114,835.794,
mixed,64,32,0.5,4.0,16,8192,8192,32768,20480,1119.924,1730.981,1142.325,0.0367
mixed,64,32,0.5,4.0,16,16384,128,512,320,172.37,194.688,172.129,-0.0108
mixed,64,32,0.5,4.0,16,16384,256,1024,640,192.24,203.265,186.353,-0.534
mixed,64,32,0.5,4.0,16,16384,512,2048,1280,230.37,291.616,214.563,-0.2581
mixed,64,32,0.5,4.0,16,16384,1024,4096,2560,332.608,464.083,317.634,-0.1139
mixed,64,32,0.5,4.0,16,16384,2048,8192,5120,548.802,804.387,480.098,-0.2688
mixed,64,32,0.5,4.0,16,16384,4096,16384,10240,975.124,1506.02,825.427,-0.282
mixed,64,32,0.5,4.0,16,16384,8192,32768,20480,1727.414,1732.227,1538.117,-39.3263
mixed,64,32,0.5,4.0,64,0,128,512,320,133.666,143.135,132.335,-0.1405
mixed,64,32,0.5,4.0,64,0,256,1024,640,150.931,172.144,150.849,-0.0039
mixed,64,32,0.5,4.0,64,0,512,2048,1280,183.665,213.49,177.488,-0.2071
mixed,64,32,0.5,4.0,64,0,1024,4096,2560,241.201,317.938,239.093,-0.0275
mixed,64,32,0.5,4.0,64,0,2048,8192,5120,370.849,523.746,375.648,0.0314
mixed,64,32,0.5,4.0,64,0,4096,16384,10240,620.707,923.349,633.475,0.0422
mixed,64,32,0.5,4.0,64,0,8192,32768,20480,1125.749,1732.966,1157.508,0.0523
mixed,64,32,0.5,4.0,64,512,128,512,320,146.721,164.192,130.528,-0.9268
mixed,64,32,0.5,4.0,64,512,256,1024,640,175.09,205.712,169.585,-0.1798
mixed,64,32,0.5,4.0,64,512,512,2048,1280,224.002,267.2,207.456,-0.383
mixed,64,32,0.5,4.0,64,512,1024,4096,2560,296.865,372.128,271.649,-0.335
mixed,64,32,0.5,4.0,64,512,2048,8192,5120,420.354,567.17,374.914,-0.3095
mixed,64,32,0.5,4.0,64,512,4096,16384,10240,668.53,963.251,619.025,-0.168
mixed,64,32,0.5,4.0,64,512,8192,32768,20480,1161.94,1736.548,1133.555,-0.0494
mixed,64,32,0.5,4.0,64,2048,128,512,320,171.808,152.064,161.696,
mixed,64,32,0.5,4.0,64,2048,256,1024,640,165.043,210.754,165.506,0.0101
mixed,64,32,0.5,4.0,64,2048,512,2048,1280,232.882,294.496,231.265,-0.0262
mixed,64,32,0.5,4.0,64,2048,1024,4096,2560,331.778,466.481,314.018,-0.1318
mixed,64,32,0.5,4.0,64,2048,2048,8192,5120,522.451,668.579,476.193,-0.3166
mixed,64,32,0.5,4.0,64,2048,4096,16384,10240,765.138,1062.291,680.162,-0.286
mixed,64,32,0.5,4.0,64,2048,8192,32768,20480,1251.139,1837.686,1130.707,-0.2053
mixed,64,32,0.5,4.0,64,8192,128,512,320,221.87,223.665,209.409,-6.9459
mixed,64,32,0.5,4.0,64,8192,256,1024,640,221.839,281.537,221.968,0.0022
mixed,64,32,0.5,4.0,64,8192,512,2048,1280,325.184,273.778,287.89,
mixed,64,32,0.5,4.0,64,8192,1024,4096,2560,347.312,464.367,370.655,0.1994
mixed,64,32,0.5,4.0,64,8192,2048,8192,5120,542.372,787.62,565.025,0.0924
mixed,64,32,0.5,4.0,64,8192,4096,16384,10240,900.404,1472.229,821.889,-0.1373
mixed,64,32,0.5,4.0,64,8192,8192,32768,20480,1667.877,2264.678,1498.757,-0.2834
mixed,64,32,0.5,4.0,64,16384,128,512,320,302.435,313.266,302.466,0.0028
mixed,64,32,0.5,4.0,64,16384,256,1024,640,348.032,333.634,319.969,
mixed,64,32,0.5,4.0,64,16384,512,2048,1280,326.431,444.065,327.36,0.0079
mixed,64,32,0.5,4.0,64,16384,1024,4096,2560,523.187,439.602,451.425,
mixed,64,32,0.5,4.0,64,16384,2048,8192,5120,554.514,787.78,610.48,0.2399
mixed,64,32,0.5,4.0,64,16384,4096,16384,10240,943.955,1427.142,997.652,0.1111
mixed,64,32,0.5,4.0,64,16384,8192,32768,20480,1634.678,2788.361,1494.74,-0.1213
mixed,64,32,0.5,4.0,256,0,128,512,320,132.608,176.719,145.889,0.3011
mixed,64,32,0.5,4.0,256,0,256,1024,640,183.089,205.09,159.393,-1.0771
mixed,64,32,0.5,4.0,256,0,512,2048,1280,216.448,257.457,205.406,-0.2692
mixed,64,32,0.5,4.0,256,0,1024,4096,2560,281.776,357.458,293.983,0.1613
mixed,64,32,0.5,4.0,256,0,2048,8192,5120,407.011,553.28,457.808,0.3473
mixed,64,32,0.5,4.0,256,0,4096,16384,10240,655.394,967.7,801.488,0.4678
mixed,64,32,0.5,4.0,256,0,8192,32768,20480,1167.077,1774.086,1433.924,0.4396
mixed,64,32,0.5,4.0,256,512,128,512,320,206.289,157.953,217.682,
mixed,64,32,0.5,4.0,256,512,256,1024,640,158.208,219.872,189.344,0.5049
mixed,64,32,0.5,4.0,256,512,512,2048,1280,237.457,279.633,220.56,-0.4006
mixed,64,32,0.5,4.0,256,512,1024,4096,2560,311.201,386.657,288.976,-0.2946
mixed,64,32,0.5,4.0,256,512,2048,8192,5120,434.753,582.114,458.625,0.162
mixed,64,32,0.5,4.0,256,512,4096,16384,10240,679.697,982.851,786.963,0.3538
mixed,64,32,0.5,4.0,256,512,8192,32768,20480,1186.211,1791.094,1419.938,0.3864
mixed,64,32,0.5,4.0,256,2048,128,512,320,264.368,283.105,278.704,0.7651
mixed,64,32,0.5,4.0,256,2048,256,1024,640,296.289,328.272,319.409,0.7229
mixed,64,32,0.5,4.0,256,2048,512,2048,1280,348.24,278.161,339.935,
mixed,64,32,0.5,4.0,256,2048,1024,4096,2560,313.106,466.913,378.258,0.4236
mixed,64,32,0.5,4.0,256,2048,2048,8192,5120,521.841,670.803,471.505,-0.3379
mixed,64,32,0.5,4.0,256,2048,4096,16384,10240,769.571,1072.915,783.347,0.0454
mixed,64,32,0.5,4.0,256,2048,8192,32768,20480,1268.004,1876.552,1426.58,0.2606
mixed,64,32,0.5,4.0,256,8192,128,512,320,503.793,520.977,518.818,0.8744
mixed,64,32,0.5,4.0,256,8192,256,1024,640,535.298,565.283,556.77,0.7161
mixed,64,32,0.5,4.0,256,8192,512,2048,1280,586.178,646.449,639.363,0.8824
mixed,64,32,0.5,4.0,256,8192,1024,4096,2560,683.649,806.193,796.145,0.918
mixed,64,32,0.5,4.0,256,8192,2048,8192,5120,882.355,761.569,817.008,
mixed,64,32,0.5,4.0,256,8192,4096,16384,10240,948.034,1412.964,1092.979,0.3118
mixed,64,32,0.5,4.0,256,8192,8192,32768,20480,1625.157,2229.541,1438.771,-0.3084
mixed,64,32,0.5,4.0,256,16384,128,512,320,786.466,830.29,785.057,-0.0322
mixed,64,32,0.5,4.0,256,16384,256,1024,640,839.026,873.956,867.042,0.8021
mixed,64,32,0.5,4.0,256,16384,512,2048,1280,895.108,955.763,947.252,0.8597
mixed,64,32,0.5,4.0,256,16384,1024,4096,2560,992.036,1110.291,1106.869,0.9711
mixed,64,32,0.5,4.0,256,16384,2048,8192,5120,1188.643,1427.013,1414.486,0.9474
mixed,64,32,0.5,4.0,256,16384,4096,16384,10240,1581.252,1389.412,1448.851,
mixed,64,32,0.5,4.0,256,16384,8192,32768,20480,1740.773,2672.102,2024.902,0.3051
mixed,64,32,0.5,4.0,1024,0,128,512,320,255.762,271.121,254.883,-0.0573
mixed,64,32,0.5,4.0,1024,0,256,1024,640,279.648,303.78,280.115,0.0193
mixed,64,32,0.5,4.0,1024,0,512,2048,1280,321.01,359.408,315.536,-0.1425
mixed,64,32,0.5,4.0,1024,0,1024,4096,2560,384.994,462.803,384.75,-0.0031
mixed,64,32,0.5,4.0,1024,0,2048,8192,5120,518.435,666.229,520.943,0.017
mixed,64,32,0.5,4.0,1024,0,4096,16384,10240,769.075,1089.72,778.564,0.0296
mixed,64,32,0.5,4.0,1024,0,8192,32768,20480,1302.994,1932.792,1315.349,0.0196
mixed,64,32,0.5,4.0,1024,512,128,512,320,363.358,377.155,361.391,-0.1426
mixed,64,32,0.5,4.0,1024,512,256,1024,640,388.947,412.306,386.672,-0.0974
mixed,64,32,0.5,4.0,1024,512,512,2048,1280,426.019,468.402,425.28,-0.0174
mixed,64,32,0.5,4.0,1024,512,1024,4096,2560,494.706,572.243,496.691,0.0256
mixed,64,32,0.5,4.0,1024,512,2048,8192,5120,622.785,775.443,626.164,0.0221
mixed,64,32,0.5,4.0,1024,512,4096,16384,10240,875.842,1195.446,883.825,0.025
mixed,64,32,0.5,4.0,1024,512,8192,32768,20480,1412.312,2043.682,1426.739,0.0229
mixed,64,32,0.5,4.0,1024,2048,128,512,320,487.763,502.747,486.159,-0.107
mixed,64,32,0.5,4.0,1024,2048,256,1024,640,513.685,534.165,510.82,-0.1399
mixed,64,32,0.5,4.0,1024,2048,512,2048,1280,548.726,589.234,547.47,-0.031
mixed,64,32,0.5,4.0,1024,2048,1024,4096,2560,615.966,693.154,614.977,-0.0128
mixed,64,32,0.5,4.0,1024,2048,2048,8192,5120,745.345,896.61,751.906,0.0434
mixed,64,32,0.5,4.0,1024,2048,4096,16384,10240,999.824,1315.188,1005.043,0.0165
mixed,64,32,0.5,4.0,1024,2048,8192,32768,20480,1525.382,2161.288,1539.158,0.0217
mixed,64,32,0.5,4.0,1024,8192,128,512,320,985.136,1003.925,985.987,0.0453
mixed,64,32,0.5,4.0,1024,8192,256,1024,640,1010.08,1031.552,1011.251,0.0545
mixed,64,32,0.5,4.0,1024,8192,512,2048,1280,1044.175,1085.266,1044.63,0.0111
mixed,64,32,0.5,4.0,1024,8192,1024,4096,2560,1114.196,1191.974,1116.114,0.0247
mixed,64,32,0.5,4.0,1024,8192,2048,8192,5120,1240.356,1390.565,1243.31,0.0197
mixed,64,32,0.5,4.0,1024,8192,4096,16384,10240,1487.686,1793.894,1496.402,0.0285
mixed,64,32,0.5,4.0,1024,8192,8192,32768,20480,1991.557,2597.945,2017.206,0.0423
mixed,64,32,0.5,4.0,1024,16384,128,512,320,1621.768,1637.415,1619.861,-0.1219
mixed,64,32,0.5,4.0,1024,16384,256,1024,640,1651.012,1663.624,1643.187,-0.6205
mixed,64,32,0.5,4.0,1024,16384,512,2048,1280,1677.56,1718.115,1674.577,-0.0735
mixed,64,32,0.5,4.0,1024,16384,1024,4096,2560,1742.278,1826.631,1744.63,0.0279
mixed,64,32,0.5,4.0,1024,16384,2048,8192,5120,1872.802,2030.884,1876.647,0.0243
mixed,64,32,0.5,4.0,1024,16384,4096,16384,10240,2119.064,2423.411,2133.162,0.0463
mixed,64,32,0.5,4.0,1024,16384,8192,32768,20480,2629.879,3238.473,2654.121,0.0398
mixed,64,32,0.5,4.0,4096,0,128,512,320,712.562,725.299,711.154,-0.1106
mixed,64,32,0.5,4.0,4096,0,256,1024,640,735.824,757.782,734.721,-0.0503
mixed,64,32,0.5,4.0,4096,0,512,2048,1280,775.938,811.698,769.317,-0.1851
mixed,64,32,0.5,4.0,4096,0,1024,4096,2560,837.573,916.385,842.16,0.0582
mixed,64,32,0.5,4.0,4096,0,2048,8192,5120,966.706,1120.785,971.842,0.0333
mixed,64,32,0.5,4.0,4096,0,4096,16384,10240,1218.052,1520.98,1233.555,0.0512
mixed,64,32,0.5,4.0,4096,0,8192,32768,20480,1727.83,2336.454,1747.445,0.0322
mixed,64,32,0.5,4.0,4096,512,128,512,320,917.633,933.744,917.584,-0.0031
mixed,64,32,0.5,4.0,4096,512,256,1024,640,944.049,964.42,945.19,0.056
mixed,64,32,0.5,4.0,4096,512,512,2048,1280,977.97,1020.009,978.05,0.0019
mixed,64,32,0.5,4.0,4096,512,1024,4096,2560,1042.961,1122.018,1047.141,0.0529
mixed,64,32,0.5,4.0,4096,512,2048,8192,5120,1175.012,1321.011,1177.728,0.0186
mixed,64,32,0.5,4.0,4096,512,4096,16384,10240,1423.012,1725.078,1438.246,0.0504
mixed,64,32,0.5,4.0,4096,512,8192,32768,20480,1932.808,2566.762,1956.581,0.0375
mixed,64,32,0.5,4.0,4096,2048,128,512,320,1216.261,1224.148,1211.558,-0.5963
mixed,64,32,0.5,4.0,4096,2048,256,1024,640,1238.052,1255.188,1230.726,-0.4276
mixed,64,32,0.5,4.0,4096,2048,512,2048,1280,1271.11,1307.575,1265.637,-0.1501
mixed,64,32,0.5,4.0,4096,2048,1024,4096,2560,1335.971,1412.178,1333.265,-0.0355
mixed,64,32,0.5,4.0,4096,2048,2048,8192,5120,1463.272,1618.358,1466.833,0.023
mixed,64,32,0.5,4.0,4096,2048,4096,16384,10240,1717.14,2032.934,1725.14,0.0253
mixed,64,32,0.5,4.0,4096,2048,8192,32768,20480,2246.133,2867.661,2267.511,0.0344
mixed,64,32,0.5,4.0,4096,8192,128,512,320,2345.034,2361.382,2348.293,0.1994
mixed,64,32,0.5,4.0,4096,8192,256,1024,640,2378.505,2387.461,2382.458,0.4414
mixed,64,32,0.5,4.0,4096,8192,512,2048,1280,2401.578,2442.916,2393.593,-0.1932
mixed,64,32,0.5,4.0,4096,8192,1024,4096,2560,2476.455,2544.937,2466.486,-0.1456
mixed,64,32,0.5,4.0,4096,8192,2048,8192,5120,2598.583,2744.921,2607.867,0.0634
mixed,64,32,0.5,4.0,4096,8192,4096,16384,10240,2845.897,3158.218,2854.663,0.0281
mixed,64,32,0.5,4.0,4096,8192,8192,32768,20480,3359.628,3963.759,3382.649,0.0381
mixed,64,32,0.5,4.0,4096,16384,128,512,320,3830.778,3829.995,3821.612,
mixed,64,32,0.5,4.0,4096,16384,256,1024,640,3842.012,3867.038,3845.792,0.1511
mixed,64,32,0.5,4.0,4096,16384,512,2048,1280,3880.095,3916.446,3893.644,0.3727
mixed,64,32,0.5,4.0,4096,16384,1024,4096,2560,3942.604,4023.986,3942.255,-0.0043
mixed,64,32,0.5,4.0,4096,16384,2048,8192,5120,4065.134,4224.159,4070.734,0.0352
mixed,64,32,0.5,4.0,4096,16384,4096,16384,10240,4323.883,4636.365,4342.958,0.061
mixed,64,32,0.5,4.0,4096,16384,8192,32768,20480,4839.968,5441.294,4869.264,0.0487
pure,64,48,0.75,4.0,0,0,128,512,416,107.201,113.569,130.192,3.6104
pure,64,48,0.75,4.0,0,0,256,1024,832,128.562,140.543,160.992,2.7067
pure,64,48,0.75,4.0,0,0,512,2048,1664,174.785,195.344,223.376,2.3635
pure,64,48,0.75,4.0,0,0,1024,4096,3328,259.938,301.488,346.96,2.0944
pure,64,48,0.75,4.0,0,0,2048,8192,6656,425.2,500.577,585.007,2.1201
pure,64,48,0.75,4.0,0,0,4096,16384,13312,753.089,900.786,1053.796,2.036
pure,64,48,0.75,4.0,0,0,8192,32768,26624,1409.396,1712.884,2006.503,1.9675
mixed,64,48,0.75,4.0,16,0,128,512,416,118.37,124.016,118.593,0.0395
mixed,64,48,0.75,4.0,16,0,256,1024,832,143.28,154.255,175.904,2.9727
mixed,64,48,0.75,4.0,16,0,512,2048,1664,186.224,208.928,236.304,2.2057
mixed,64,48,0.75,4.0,16,0,1024,4096,3328,272.449,312.56,356.625,2.0986
mixed,64,48,0.75,4.0,16,0,2048,8192,6656,437.058,511.729,596.562,2.1361
mixed,64,48,0.75,4.0,16,0,4096,16384,13312,765.523,914.626,1068.515,2.0321
mixed,64,48,0.75,4.0,16,0,8192,32768,26624,1422.308,1723.015,2014.31,1.9687
mixed,64,48,0.75,4.0,16,512,128,512,416,148.143,157.616,124.786,-2.4657
mixed,64,48,0.75,4.0,16,512,256,1024,832,188.881,153.167,177.232,
mixed,64,48,0.75,4.0,16,512,512,2048,1664,188.625,206.785,232.849,2.4352
mixed,64,48,0.75,4.0,16,512,1024,4096,3328,272.562,314.72,357.392,2.0122
mixed,64,48,0.75,4.0,16,512,2048,8192,6656,436.947,513.155,594.484,2.0672
mixed,64,48,0.75,4.0,16,512,4096,16384,13312,763.459,918.211,1065.026,1.9487
mixed,64,48,0.75,4.0,16,512,8192,32768,26624,1421.668,1723.861,2011.079,1.9504
mixed,64,48,0.75,4.0,16,2048,128,512,416,152.209,162.496,146.225,-0.5817
mixed,64,48,0.75,4.0,16,2048,256,1024,832,190.561,205.617,151.666,-2.5834
mixed,64,48,0.75,4.0,16,2048,512,2048,1664,262.768,296.272,238.177,-0.734
mixed,64,48,0.75,4.0,16,2048,1024,4096,3328,384.211,315.17,351.761,
mixed,64,48,0.75,4.0,16,2048,2048,8192,6656,438.466,515.427,592.115,1.9965
mixed,64,48,0.75,4.0,16,2048,4096,16384,13312,764.368,917.427,1060.724,1.9362
mixed,64,48,0.75,4.0,16,2048,8192,32768,26624,1422.371,1726.197,2008.774,1.9301
mixed,64,48,0.75,4.0,16,8192,128,512,416,157.376,159.136,157.839,0.2631
mixed,64,48,0.75,4.0,16,8192,256,1024,832,189.344,205.216,201.537,0.7682
mixed,64,48,0.75,4.0,16,8192,512,2048,1664,257.985,290.385,211.777,-1.4261
mixed,64,48,0.75,4.0,16,8192,1024,4096,3328,401.378,467.058,290.192,-1.6929
mixed,64,48,0.75,4.0,16,8192,2048,8192,6656,655.267,812.819,585.618,-0.4421
mixed,64,48,0.75,4.0,16,8192,4096,16384,13312,1090.29,920.962,1050.819,
mixed,64,48,0.75,4.0,16,8192,8192,32768,26624,1425.814,1730.711,1998.695,1.8789
mixed,64,48,0.75,4.0,16,16384,128,512,416,181.473,196.624,176.576,-0.3232
mixed,64,48,0.75,4.0,16,16384,256,1024,832,198.992,204.48,199.024,0.0059
mixed,64,48,0.75,4.0,16,16384,512,2048,1664,260.706,291.28,284.273,0.7708
mixed,64,48,0.75,4.0,16,16384,1024,4096,3328,397.235,463.023,315.648,-1.2402
mixed,64,48,0.75,4.0,16,16384,2048,8192,6656,676.562,800.145,474.307,-1.6366
mixed,64,48,0.75,4.0,16,16384,4096,16384,13312,1171.972,1506.022,1039.522,-0.3965
mixed,64,48,0.75,4.0,16,16384,8192,32768,26624,2010.982,1727.159,1980.936,
mixed,64,48,0.75,4.0,64,0,128,512,416,134.287,143.698,124.128,-1.0796
mixed,64,48,0.75,4.0,64,0,256,1024,832,165.33,169.072,179.136,3.689
mixed,64,48,0.75,4.0,64,0,512,2048,1664,199.698,212.992,239.584,3.0005
mixed,64,48,0.75,4.0,64,0,1024,4096,3328,282.209,323.281,362.337,1.9509
mixed,64,48,0.75,4.0,64,0,2048,8192,6656,445.841,520.786,601.986,2.0835
mixed,64,48,0.75,4.0,64,0,4096,16384,13312,772.34,923.317,1071.058,1.9786
mixed,64,48,0.75,4.0,64,0,8192,32768,26624,1427.811,1730.708,2020.456,1.9566
mixed,64,48,0.75,4.0,64,512,128,512,416,153.535,164.465,150.512,-0.2766
mixed,64,48,0.75,4.0,64,512,256,1024,832,190.466,204.992,149.618,-2.8122
mixed,64,48,0.75,4.0,64,512,512,2048,1664,245.777,269.026,232.354,-0.5774
mixed,64,48,0.75,4.0,64,512,1024,4096,3328,335.872,373.745,357.329,0.5665
mixed,64,48,0.75,4.0,64,512,2048,8192,6656,491.584,569.201,596.033,1.3457
mixed,64,48,0.75,4.0,64,512,4096,16384,13312,821.251,956.386,1063.715,1.7942
mixed,64,48,0.75,4.0,64,512,8192,32768,26624,1449.077,1739.91,2012.952,1.9388
mixed,64,48,0.75,4.0,64,2048,128,512,416,154.079,152.194,153.602,
mixed,64,48,0.75,4.0,64,2048,256,1024,832,191.666,210.399,204.049,0.661
mixed,64,48,0.75,4.0,64,2048,512,2048,1664,261.376,295.488,248.464,-0.3785
mixed,64,48,0.75,4.0,64,2048,1024,4096,3328,402.081,468.129,291.489,-1.6744
mixed,64,48,0.75,4.0,64,2048,2048,8192,6656,593.168,670.001,582.017,-0.1451
mixed,64,48,0.75,4.0,64,2048,4096,16384,13312,914.275,1059.077,1052.467,0.9544
mixed,64,48,0.75,4.0,64,2048,8192,32768,26624,1546.982,1846.422,2000.951,1.5161
mixed,64,48,0.75,4.0,64,8192,128,512,416,231.68,225.44,223.409,
mixed,64,48,0.75,4.0,64,8192,256,1024,832,254.034,282.704,283.392,1.024
mixed,64,48,0.75,4.0,64,8192,512,2048,1664,383.872,274.896,306.738,
mixed,64,48,0.75,4.0,64,8192,1024,4096,3328,399.296,463.026,452.448,0.834
mixed,64,48,0.75,4.0,64,8192,2048,8192,6656,665.235,788.593,625.874,-0.3191
mixed,64,48,0.75,4.0,64,8192,4096,16384,13312,1215.909,1468.245,813.205,-1.5959
mixed,64,48,0.75,4.0,64,8192,8192,32768,26624,1963.91,2258.711,1942.15,-0.0738
mixed,64,48,0.75,4.0,64,16384,128,512,416,302.706,313.202,303.346,0.0611
mixed,64,48,0.75,4.0,64,16384,256,1024,832,364.753,334.753,380.785,
mixed,64,48,0.75,4.0,64,16384,512,2048,1664,389.522,444.96,444.337,0.9888
mixed,64,48,0.75,4.0,64,16384,1024,4096,3328,631.907,441.33,470.833,
mixed,64,48,0.75,4.0,64,16384,2048,8192,6656,663.539,789.026,776.306,0.8986
mixed,64,48,0.75,4.0,64,16384,4096,16384,13312,1189.283,1434.405,1112.995,-0.3112
mixed,64,48,0.75,4.0,64,16384,8192,32768,26624,2298.407,2792.744,1491.158,-1.633
mixed,64,48,0.75,4.0,256,0,128,512,416,169.522,178.05,155.746,-1.6152
mixed,64,48,0.75,4.0,256,0,256,1024,832,196.69,203.312,180.591,-2.431
mixed,64,48,0.75,4.0,256,0,512,2048,1664,240.209,257.36,219.568,-1.2035
mixed,64,48,0.75,4.0,256,0,1024,4096,3328,318.625,356.496,319.04,0.011
mixed,64,48,0.75,4.0,256,0,2048,8192,6656,475.586,555.73,498.114,0.2811
mixed,64,48,0.75,4.0,256,0,4096,16384,13312,813.154,966.753,859.299,0.3004
mixed,64,48,0.75,4.0,256,0,8192,32768,26624,1468.547,1775.892,1555.125,0.2817
mixed,64,48,0.75,4.0,256,512,128,512,416,214.45,157.329,220.625,
mixed,64,48,0.75,4.0,256,512,256,1024,832,173.68,221.918,213.202,0.8193
mixed,64,48,0.75,4.0,256,512,512,2048,1664,258.098,279.855,269.409,0.5199
mixed,64,48,0.75,4.0,256,512,1024,4096,3328,346.481,391.475,367.202,0.4605
mixed,64,48,0.75,4.0,256,512,2048,8192,6656,508.369,582.723,543.729,0.4756
mixed,64,48,0.75,4.0,256,512,4096,16384,13312,830.818,978.227,886.132,0.3752
mixed,64,48,0.75,4.0,256,512,8192,32768,26624,1486.514,1787.573,1602.327,0.3847
mixed,64,48,0.75,4.0,256,2048,128,512,416,273.266,283.265,280.032,0.6767
mixed,64,48,0.75,4.0,256,2048,256,1024,832,312.176,328.258,324.177,0.7462
mixed,64,48,0.75,4.0,256,2048,512,2048,1664,379.183,278.147,404.081,
mixed,64,48,0.75,4.0,256,2048,1024,4096,3328,413.776,466.896,460.257,0.875
mixed,64,48,0.75,4.0,256,2048,2048,8192,6656,596.356,667.6,644.659,0.678
mixed,64,48,0.75,4.0,256,2048,4096,16384,13312,915.314,1066.434,990.994,0.5008
mixed,64,48,0.75,4.0,256,2048,8192,32768,26624,1577.061,1869.509,1688.453,0.3809
mixed,64,48,0.75,4.0,256,8192,128,512,416,513.106,521.617,517.442,0.5095
mixed,64,48,0.75,4.0,256,8192,256,1024,832,549.635,567.027,560.178,0.6062
mixed,64,48,0.75,4.0,256,8192,512,2048,1664,615.73,643.216,641.57,0.9401
mixed,64,48,0.75,4.0,256,8192,1024,4096,3328,742.562,802.931,797.986,0.9181
mixed,64,48,0.75,4.0,256,8192,2048,8192,6656,996.115,765.379,844.706,
mixed,64,48,0.75,4.0,256,8192,4096,16384,13312,1189.653,1415.27,1402.101,0.9416
mixed,64,48,0.75,4.0,256,8192,8192,32768,26624,1930.662,2227.783,2115.59,0.6224
mixed,64,48,0.75,4.0,256,16384,128,512,416,817.409,827.395,797.747,-1.969
mixed,64,48,0.75,4.0,256,16384,256,1024,832,855.666,873.84,868.226,0.6911
mixed,64,48,0.75,4.0,256,16384,512,2048,1664,924.13,953.46,949.09,0.851
mixed,64,48,0.75,4.0,256,16384,1024,4096,3328,1054.948,1112.164,1109.827,0.9592
mixed,64,48,0.75,4.0,256,16384,2048,8192,6656,1304.66,1425.54,1420.005,0.9542
mixed,64,48,0.75,4.0,256,16384,4096,16384,13312,1811.189,1385.058,1499.107,
mixed,64,48,0.75,4.0,256,16384,8192,32768,26624,2201.366,2685.593,2647.945,0.9223
mixed,64,48,0.75,4.0,1024,0,128,512,416,264.275,270.208,283.763,3.2847
mixed,64,48,0.75,4.0,1024,0,256,1024,832,288.528,302.721,316.658,1.9819
mixed,64,48,0.75,4.0,1024,0,512,2048,1664,338.302,358.865,383.251,2.1859
mixed,64,48,0.75,4.0,1024,0,1024,4096,3328,424.896,464.721,505.152,2.0152
mixed,64,48,0.75,4.0,1024,0,2048,8192,6656,590.337,666.145,747.329,2.0709
mixed,64,48,0.75,4.0,1024,0,4096,16384,13312,927.411,1087.252,1225.508,1.865
mixed,64,48,0.75,4.0,1024,0,8192,32768,26624,1622.117,1930.996,2200.983,1.8741
mixed,64,48,0.75,4.0,1024,512,128,512,416,371.331,379.007,393.297,2.8616
mixed,64,48,0.75,4.0,1024,512,256,1024,832,397.846,410.261,425.329,2.2138
mixed,64,48,0.75,4.0,1024,512,512,2048,1664,448.083,467.332,490.739,2.216
mixed,64,48,0.75,4.0,1024,512,1024,4096,3328,532.687,571.684,614.752,2.1044
mixed,64,48,0.75,4.0,1024,512,2048,8192,6656,697.747,774.994,854.976,2.0354
mixed,64,48,0.75,4.0,1024,512,4096,16384,13312,1037.331,1196.768,1330.772,1.8405
mixed,64,48,0.75,4.0,1024,512,8192,32768,26624,1721.045,2043.704,2309.381,1.8234
mixed,64,48,0.75,4.0,1024,2048,128,512,416,498.385,504.798,516.463,2.8186
mixed,64,48,0.75,4.0,1024,2048,256,1024,832,521.887,535.043,550.947,2.2089
mixed,64,48,0.75,4.0,1024,2048,512,2048,1664,568.359,589.059,612.228,2.1193
mixed,64,48,0.75,4.0,1024,2048,1024,4096,3328,655.394,689.824,735.62,2.3301
mixed,64,48,0.75,4.0,1024,2048,2048,8192,6656,820.068,893.297,974.66,2.1111
mixed,64,48,0.75,4.0,1024,2048,4096,16384,13312,1153.956,1313.461,1451.075,1.8628
mixed,64,48,0.75,4.0,1024,2048,8192,32768,26624,1839.284,2158.967,2425.911,1.835
mixed,64,48,0.75,4.0,1024,8192,128,512,416,997.152,1003.844,1016.663,2.9156
mixed,64,48,0.75,4.0,1024,8192,256,1024,832,1017.235,1035.233,1047.493,1.6811
mixed,64,48,0.75,4.0,1024,8192,512,2048,1664,1065.65,1087.345,1113.8,2.2194
mixed,64,48,0.75,4.0,1024,8192,1024,4096,3328,1151.218,1193.972,1232.276,1.8959
mixed,64,48,0.75,4.0,1024,8192,2048,8192,6656,1313.426,1387.254,1469.779,2.1178
mixed,64,48,0.75,4.0,1024,8192,4096,16384,13312,1640.18,1791.668,1941.733,1.9906
mixed,64,48,0.75,4.0,1024,8192,8192,32768,26624,2295.93,2600.855,2887.37,1.9396
mixed,64,48,0.75,4.0,1024,16384,128,512,416,1626.454,1637.892,1646.232,1.7292
mixed,64,48,0.75,4.0,1024,16384,256,1024,832,1649.169,1668.18,1681.475,1.6993
mixed,64,48,0.75,4.0,1024,16384,512,2048,1664,1693.525,1716.072,1745.893,2.3227
mixed,64,48,0.75,4.0,1024,16384,1024,4096,3328,1780.76,1822.982,1862.578,1.9378
mixed,64,48,0.75,4.0,1024,16384,2048,8192,6656,1948.085,2020.615,2103.367,2.1409
mixed,64,48,0.75,4.0,1024,16384,4096,16384,13312,2277.862,2425.828,2572.472,1.9911
mixed,64,48,0.75,4.0,1024,16384,8192,32768,26624,2929.849,3235.85,3522.139,1.9356
mixed,64,48,0.75,4.0,4096,0,128,512,416,719.654,725.764,738.213,3.0376
mixed,64,48,0.75,4.0,4096,0,256,1024,832,742.191,758.29,771.237,1.8042
mixed,64,48,0.75,4.0,4096,0,512,2048,1664,790.434,810.401,835.556,2.2598
mixed,64,48,0.75,4.0,4096,0,1024,4096,3328,877.298,915.139,955.955,2.0786
mixed,64,48,0.75,4.0,4096,0,2048,8192,6656,1042.067,1117.586,1197.697,2.0608
mixed,64,48,0.75,4.0,4096,0,4096,16384,13312,1371.798,1522.071,1667.811,1.9698
mixed,64,48,0.75,4.0,4096,0,8192,32768,26624,2030.034,2331.383,2627.368,1.9822
mixed,64,48,0.75,4.0,4096,512,128,512,416,927.459,932.437,944.851,3.494
mixed,64,48,0.75,4.0,4096,512,256,1024,832,949.812,962.306,978.853,2.3244
mixed,64,48,0.75,4.0,4096,512,512,2048,1664,997.885,1019.623,1039.958,1.9354
mixed,64,48,0.75,4.0,4096,512,1024,4096,3328,1081.617,1124.309,1168.176,2.0275
mixed,64,48,0.75,4.0,4096,512,2048,8192,6656,1249.107,1326.197,1403.48,2.0025
mixed,64,48,0.75,4.0,4096,512,4096,16384,13312,1576.07,1732.071,1876.678,1.927
mixed,64,48,0.75,4.0,4096,512,8192,32768,26624,2239.545,2565.303,2833.547,1.8234
mixed,64,48,0.75,4.0,4096,2048,128,512,416,1218.212,1230.184,1239.783,1.8019
mixed,64,48,0.75,4.0,4096,2048,256,1024,832,1243.058,1254.613,1270.883,2.408
mixed,64,48,0.75,4.0,4096,2048,512,2048,1664,1292.422,1309.943,1336.629,2.523
mixed,64,48,0.75,4.0,4096,2048,1024,4096,3328,1371.858,1412.768,1455.924,2.0549
mixed,64,48,0.75,4.0,4096,2048,2048,8192,6656,1538.502,1616.806,1694.307,1.9897
mixed,64,48,0.75,4.0,4096,2048,4096,16384,13312,1873.652,2035.126,2168.855,1.8282
mixed,64,48,0.75,4.0,4096,2048,8192,32768,26624,2552.661,2866.949,3143.383,1.8796
mixed,64,48,0.75,4.0,4096,8192,128,512,416,2361.559,2362.84,2372.999,8.9278
mixed,64,48,0.75,4.0,4096,8192,256,1024,832,2377.333,2393.069,2405.959,1.8192
mixed,64,48,0.75,4.0,4096,8192,512,2048,1664,2420.586,2446.473,2465.974,1.7533
mixed,64,48,0.75,4.0,4096,8192,1024,4096,3328,2505.256,2555.736,2585.289,1.5854
mixed,64,48,0.75,4.0,4096,8192,2048,8192,6656,2673.067,2746.907,2827.878,2.0966
mixed,64,48,0.75,4.0,4096,8192,4096,16384,13312,3011.35,3156.266,3297.948,1.9777
mixed,64,48,0.75,4.0,4096,8192,8192,32768,26624,3653.227,3960.99,4251.038,1.9424
mixed,64,48,0.75,4.0,4096,16384,128,512,416,3827.611,3835.501,3852.64,3.1722
mixed,64,48,0.75,4.0,4096,16384,256,1024,832,3854.894,3864.73,3893.617,3.9367
mixed,64,48,0.75,4.0,4096,16384,512,2048,1664,3897.708,3913.447,3940.794,2.7376
mixed,64,48,0.75,4.0,4096,16384,1024,4096,3328,3984.029,4020.379,4069.306,2.346
mixed,64,48,0.75,4.0,4096,16384,2048,8192,6656,4153.515,4239.771,4296.864,1.6619
mixed,64,48,0.75,4.0,4096,16384,4096,16384,13312,4475.851,4631.376,4805.584,2.1201
mixed,64,48,0.75,4.0,4096,16384,8192,32768,26624,5148.365,5434.702,5733.043,2.0419
pure,64,58,0.9062,4.0,0,0,128,512,476,109.746,112.624,110.305,0.1944
pure,64,58,0.9062,4.0,0,0,256,1024,952,137.055,142.143,139.665,0.5128
pure,64,58,0.9062,4.0,0,0,512,2048,1904,184.384,196.032,188.769,0.3764
pure,64,58,0.9062,4.0,0,0,1024,4096,3808,284.769,301.585,291.042,0.373
pure,64,58,0.9062,4.0,0,0,2048,8192,7616,474.096,499.185,590.883,4.655
pure,64,58,0.9062,4.0,0,0,4096,16384,15232,846.067,903.524,1062.947,3.7746
pure,64,58,0.9062,4.0,0,0,8192,32768,30464,1596.852,1706.325,2013.512,3.8061
mixed,64,58,0.9062,4.0,16,0,128,512,476,122.481,124.256,122.385,-0.0544
mixed,64,58,0.9062,4.0,16,0,256,1024,952,149.823,154.993,149.792,-0.0061
mixed,64,58,0.9062,4.0,16,0,512,2048,1904,200.258,209.344,202.225,0.2165
mixed,64,58,0.9062,4.0,16,0,1024,4096,3808,297.889,312.289,302.545,0.3233
mixed,64,58,0.9062,4.0,16,0,2048,8192,7616,485.825,511.57,488.819,0.1163
mixed,64,58,0.9062,4.0,16,0,4096,16384,15232,859.94,912.978,1073.106,4.0191
mixed,64,58,0.9062,4.0,16,0,8192,32768,30464,1608.438,1719.559,2024.901,3.7478
mixed,64,58,0.9062,4.0,16,512,128,512,476,154.305,159.489,128.095,-5.0571
mixed,64,58,0.9062,4.0,16,512,256,1024,952,148.225,153.663,149.727,0.2762
mixed,64,58,0.9062,4.0,16,512,512,2048,1904,197.967,207.537,201.298,0.348
mixed,64,58,0.9062,4.0,16,512,1024,4096,3808,296.865,313.217,304.146,0.4453
mixed,64,58,0.9062,4.0,16,512,2048,8192,7616,486.099,510.832,490.448,0.1759
mixed,64,58,0.9062,4.0,16,512,4096,16384,15232,857.779,916.163,1073.922,3.7021
mixed,64,58,0.9062,4.0,16,512,8192,32768,30464,1606.325,1723.861,2020.887,3.5271
mixed,64,58,0.9062,4.0,16,2048,128,512,476,157.872,161.311,162.128,1.2375
mixed,64,58,0.9062,4.0,16,2048,256,1024,952,198.4,203.136,182.161,-3.4289
mixed,64,58,0.9062,4.0,16,2048,512,2048,1904,281.012,297.184,204.688,-4.7194
mixed,64,58,0.9062,4.0,16,2048,1024,4096,3808,296.88,315.986,302.753,0.3074
mixed,64,58,0.9062,4.0,16,2048,2048,8192,7616,486.8,512.0,486.576,-0.0089
mixed,64,58,0.9062,4.0,16,2048,4096,16384,15232,854.785,915.299,861.298,0.1076
mixed,64,58,0.9062,4.0,16,2048,8192,32768,30464,1609.284,1731.253,2021.064,3.3761
mixed,64,58,0.9062,4.0,16,8192,128,512,476,157.805,159.697,158.913,0.5855
mixed,64,58,0.9062,4.0,16,8192,256,1024,952,195.361,203.92,203.136,0.9084
mixed,64,58,0.9062,4.0,16,8192,512,2048,1904,277.279,290.146,292.992,1.2212
mixed,64,58,0.9062,4.0,16,8192,1024,4096,3808,440.864,465.217,383.89,-2.3395
mixed,64,58,0.9062,4.0,16,8192,2048,8192,7616,761.857,812.658,493.601,-5.2806
mixed,64,58,0.9062,4.0,16,8192,4096,16384,15232,869.282,915.091,863.954,-0.1163
mixed,64,58,0.9062,4.0,16,8192,8192,32768,30464,1611.316,1727.606,1615.7,0.0377
mixed,64,58,0.9062,4.0,16,16384,128,512,476,188.928,197.184,191.361,0.2946
mixed,64,58,0.9062,4.0,16,16384,256,1024,952,201.426,202.546,201.266,-0.1424
mixed,64,58,0.9062,4.0,16,16384,512,2048,1904,274.658,290.93,290.703,0.9861
mixed,64,58,0.9062,4.0,16,16384,1024,4096,3808,434.848,463.921,459.041,0.8322
mixed,64,58,0.9062,4.0,16,16384,2048,8192,7616,753.17,800.722,645.634,-2.2614
mixed,64,58,0.9062,4.0,16,16384,4096,16384,15232,1407.459,1506.036,869.506,-5.4572
mixed,64,58,0.9062,4.0,16,16384,8192,32768,30464,1633.365,1731.543,1617.476,-0.1618
mixed,64,58,0.9062,4.0,64,0,128,512,476,144.607,142.961,128.225,
mixed,64,58,0.9062,4.0,64,0,256,1024,952,167.281,171.456,155.169,-2.9011
mixed,64,58,0.9062,4.0,64,0,512,2048,1904,206.401,212.704,208.817,0.3833
mixed,64,58,0.9062,4.0,64,0,1024,4096,3808,305.743,320.835,308.93,0.2112
mixed,64,58,0.9062,4.0,64,0,2048,8192,7616,493.264,521.892,494.563,0.0454
mixed,64,58,0.9062,4.0,64,0,4096,16384,15232,867.619,921.186,1079.332,3.9523
mixed,64,58,0.9062,4.0,64,0,8192,32768,30464,1614.788,1726.948,2031.494,3.7153
mixed,64,58,0.9062,4.0,64,512,128,512,476,159.151,165.601,163.631,0.6945
mixed,64,58,0.9062,4.0,64,512,256,1024,952,196.911,206.031,183.856,-1.4315
mixed,64,58,0.9062,4.0,64,512,512,2048,1904,257.232,267.568,223.858,-3.229
mixed,64,58,0.9062,4.0,64,512,1024,4096,3808,356.147,372.913,309.601,-2.7763
mixed,64,58,0.9062,4.0,64,512,2048,8192,7616,537.025,572.289,498.994,-1.0785
mixed,64,58,0.9062,4.0,64,512,4096,16384,15232,900.035,959.394,875.619,-0.4113
mixed,64,58,0.9062,4.0,64,512,8192,32768,30464,1627.3,1738.164,2026.66,3.6023
mixed,64,58,0.9062,4.0,64,2048,128,512,476,155.762,152.625,153.153,
mixed,64,58,0.9062,4.0,64,2048,256,1024,952,199.906,208.737,206.721,0.7717
mixed,64,58,0.9062,4.0,64,2048,512,2048,1904,277.857,291.776,292.288,1.0368
mixed,64,58,0.9062,4.0,64,2048,1024,4096,3808,439.409,466.961,384.129,-2.0065
mixed,64,58,0.9062,4.0,64,2048,2048,8192,7616,639.011,667.938,506.257,-4.5893
mixed,64,58,0.9062,4.0,64,2048,4096,16384,15232,1004.929,1061.474,871.667,-2.3568
mixed,64,58,0.9062,4.0,64,2048,8192,32768,30464,1721.332,1846.132,1628.886,-0.7408
mixed,64,58,0.9062,4.0,64,8192,128,512,476,224.705,224.624,224.608,
mixed,64,58,0.9062,4.0,64,8192,256,1024,952,264.56,282.53,281.2,0.926
mixed,64,58,0.9062,4.0,64,8192,512,2048,1904,278.465,275.009,273.649,
mixed,64,58,0.9062,4.0,64,8192,1024,4096,3808,435.795,463.635,458.018,0.7982
mixed,64,58,0.9062,4.0,64,8192,2048,8192,7616,740.002,787.344,781.746,0.8817
mixed,64,58,0.9062,4.0,64,8192,4096,16384,15232,1372.354,1465.586,1157.314,-2.3065
mixed,64,58,0.9062,4.0,64,8192,8192,32768,30464,2152.294,2260.487,1627.188,-4.8534
mixed,64,58,0.9062,4.0,64,16384,128,512,476,295.905,312.992,302.77,0.4018
mixed,64,58,0.9062,4.0,64,16384,256,1024,952,331.986,331.682,332.226,
mixed,64,58,0.9062,4.0,64,16384,512,2048,1904,421.712,444.434,446.257,1.0802
mixed,64,58,0.9062,4.0,64,16384,1024,4096,3808,443.408,442.048,439.633,
mixed,64,58,0.9062,4.0,64,16384,2048,8192,7616,732.675,788.673,780.66,0.8569
mixed,64,58,0.9062,4.0,64,16384,4096,16384,15232,1336.74,1429.236,1427.746,0.9839
mixed,64,58,0.9062,4.0,64,16384,8192,32768,30464,2611.591,2792.616,2174.037,-2.4171
mixed,64,58,0.9062,4.0,256,0,128,512,476,177.392,177.087,166.897,
mixed,64,58,0.9062,4.0,256,0,256,1024,952,201.856,205.071,194.929,-2.1554
mixed,64,58,0.9062,4.0,256,0,512,2048,1904,250.864,257.759,240.546,-1.4963
mixed,64,58,0.9062,4.0,256,0,1024,4096,3808,341.216,357.569,338.354,-0.175
mixed,64,58,0.9062,4.0,256,0,2048,8192,7616,523.248,554.052,530.643,0.2401
mixed,64,58,0.9062,4.0,256,0,4096,16384,15232,908.466,967.411,907.827,-0.0108
mixed,64,58,0.9062,4.0,256,0,8192,32768,30464,1661.155,1778.052,1662.705,0.0133
mixed,64,58,0.9062,4.0,256,512,128,512,476,219.392,158.145,222.288,
mixed,64,58,0.9062,4.0,256,512,256,1024,952,180.561,220.271,216.737,0.911
mixed,64,58,0.9062,4.0,256,512,512,2048,1904,270.688,279.521,276.688,0.6793
mixed,64,58,0.9062,4.0,256,512,1024,4096,3808,368.592,390.304,379.363,0.4961
mixed,64,58,0.9062,4.0,256,512,2048,8192,7616,552.273,580.657,561.344,0.3196
mixed,64,58,0.9062,4.0,256,512,4096,16384,15232,922.052,983.586,938.547,0.2681
mixed,64,58,0.9062,4.0,256,512,8192,32768,30464,1667.859,1784.838,1695.508,0.2364
mixed,64,58,0.9062,4.0,256,2048,128,512,476,277.952,284.288,281.714,0.5936
mixed,64,58,0.9062,4.0,256,2048,256,1024,952,322.273,328.143,325.107,0.4827
mixed,64,58,0.9062,4.0,256,2048,512,2048,1904,279.697,278.832,277.362,
mixed,64,58,0.9062,4.0,256,2048,1024,4096,3808,440.064,467.266,463.058,0.8453
mixed,64,58,0.9062,4.0,256,2048,2048,8192,7616,640.226,670.082,656.704,0.5519
mixed,64,58,0.9062,4.0,256,2048,4096,16384,15232,1011.106,1069.667,1036.387,0.4317
mixed,64,58,0.9062,4.0,256,2048,8192,32768,30464,1753.427,1871.876,1780.244,0.2264
mixed,64,58,0.9062,4.0,256,8192,128,512,476,518.671,522.705,523.62,1.2269
mixed,64,58,0.9062,4.0,256,8192,256,1024,952,558.433,564.53,563.216,0.7845
mixed,64,58,0.9062,4.0,256,8192,512,2048,1904,633.555,643.761,644.387,1.0613
mixed,64,58,0.9062,4.0,256,8192,1024,4096,3808,776.768,800.834,802.641,1.0751
mixed,64,58,0.9062,4.0,256,8192,2048,8192,7616,762.738,763.073,760.976,-5.2597
mixed,64,58,0.9062,4.0,256,8192,4096,16384,15232,1336.179,1419.027,1410.629,0.8986
mixed,64,58,0.9062,4.0,256,8192,8192,32768,30464,2119.508,2227.204,2184.744,0.6057
mixed,64,58,0.9062,4.0,256,16384,128,512,476,824.963,828.659,826.595,0.4415
mixed,64,58,0.9062,4.0,256,16384,256,1024,952,862.034,871.136,874.243,1.3413
mixed,64,58,0.9062,4.0,256,16384,512,2048,1904,942.289,952.995,951.154,0.828
mixed,64,58,0.9062,4.0,256,16384,1024,4096,3808,1086.37,1112.196,1110.114,0.9194
mixed,64,58,0.9062,4.0,256,16384,2048,8192,7616,1380.196,1426.387,1421.859,0.902
mixed,64,58,0.9062,4.0,256,16384,4096,16384,15232,1376.852,1389.011,1378.356,0.1237
mixed,64,58,0.9062,4.0,256,16384,8192,32768,30464,2500.102,2700.006,2661.895,0.8094
mixed,64,58,0.9062,4.0,1024,0,128,512,476,267.827,271.025,270.273,0.7649
mixed,64,58,0.9062,4.0,1024,0,256,1024,952,299.937,303.555,300.832,0.2473
mixed,64,58,0.9062,4.0,1024,0,512,2048,1904,347.506,360.067,353.46,0.474
mixed,64,58,0.9062,4.0,1024,0,1024,4096,3808,448.035,465.089,456.114,0.4737
mixed,64,58,0.9062,4.0,1024,0,2048,8192,7616,637.824,669.026,752.693,3.6814
mixed,64,58,0.9062,4.0,1024,0,4096,16384,15232,1026.42,1086.147,1231.526,3.4341
mixed,64,58,0.9062,4.0,1024,0,8192,32768,30464,1813.842,1930.195,2212.102,3.4229
mixed,64,58,0.9062,4.0,1024,512,128,512,476,375.837,379.345,375.873,0.01
mixed,64,58,0.9062,4.0,1024,512,256,1024,952,408.671,413.217,407.825,-0.1861
mixed,64,58,0.9062,4.0,1024,512,512,2048,1904,456.34,465.969,462.758,0.6665
mixed,64,58,0.9062,4.0,1024,512,1024,4096,3808,558.42,573.222,565.394,0.4711
mixed,64,58,0.9062,4.0,1024,512,2048,8192,7616,742.051,774.226,858.88,3.6311
mixed,64,58,0.9062,4.0,1024,512,4096,16384,15232,1136.214,1195.731,1340.351,3.4299
mixed,64,58,0.9062,4.0,1024,512,8192,32768,30464,1924.515,2045.969,2321.205,3.2662
mixed,64,58,0.9062,4.0,1024,2048,128,512,476,498.415,502.288,500.081,0.4299
mixed,64,58,0.9062,4.0,1024,2048,256,1024,952,530.386,532.672,530.932,0.2388
mixed,64,58,0.9062,4.0,1024,2048,512,2048,1904,578.4,589.248,584.349,0.5484
mixed,64,58,0.9062,4.0,1024,2048,1024,4096,3808,674.558,694.533,685.074,0.5265
mixed,64,58,0.9062,4.0,1024,2048,2048,8192,7616,865.536,892.596,979.585,4.2147
mixed,64,58,0.9062,4.0,1024,2048,4096,16384,15232,1251.734,1318.228,1458.693,3.1124
mixed,64,58,0.9062,4.0,1024,2048,8192,32768,30464,2040.053,2157.318,2438.228,3.3955
mixed,64,58,0.9062,4.0,1024,8192,128,512,476,1002.223,1002.676,999.81,-5.3256
mixed,64,58,0.9062,4.0,1024,8192,256,1024,952,1026.914,1031.872,1030.707,0.765
mixed,64,58,0.9062,4.0,1024,8192,512,2048,1904,1073.492,1084.884,1080.225,0.591
mixed,64,58,0.9062,4.0,1024,8192,1024,4096,3808,1178.034,1190.69,1179.974,0.1533
mixed,64,58,0.9062,4.0,1024,8192,2048,8192,7616,1360.835,1388.374,1475.911,4.1788
mixed,64,58,0.9062,4.0,1024,8192,4096,16384,15232,1729.221,1790.39,1946.691,3.5552
mixed,64,58,0.9062,4.0,1024,8192,8192,32768,30464,2480.691,2596.198,2903.126,3.6572
mixed,64,58,0.9062,4.0,1024,16384,128,512,476,1633.299,1637.84,1637.839,0.9998
mixed,64,58,0.9062,4.0,1024,16384,256,1024,952,1664.306,1667.855,1663.253,-0.2967
mixed,64,58,0.9062,4.0,1024,16384,512,2048,1904,1707.079,1721.861,1711.156,0.2758
mixed,64,58,0.9062,4.0,1024,16384,1024,4096,3808,1803.289,1823.109,1811.128,0.3955
mixed,64,58,0.9062,4.0,1024,16384,2048,8192,7616,1997.114,2022.085,2107.814,4.4331
mixed,64,58,0.9062,4.0,1024,16384,4096,16384,15232,2371.063,2425.531,2578.523,3.8089
mixed,64,58,0.9062,4.0,1024,16384,8192,32768,30464,3114.345,3237.945,3536.028,3.4117
mixed,64,58,0.9062,4.0,4096,0,128,512,476,722.8,724.466,721.952,-0.5086
mixed,64,58,0.9062,4.0,4096,0,256,1024,952,754.578,756.099,753.86,-0.4725
mixed,64,58,0.9062,4.0,4096,0,512,2048,1904,802.372,812.786,808.659,0.6037
mixed,64,58,0.9062,4.0,4096,0,1024,4096,3808,899.748,918.118,906.659,0.3762
mixed,64,58,0.9062,4.0,4096,0,2048,8192,7616,1093.09,1121.44,1205.857,3.9776
mixed,64,58,0.9062,4.0,4096,0,4096,16384,15232,1466.883,1519.862,1674.23,3.9138
mixed,64,58,0.9062,4.0,4096,0,8192,32768,30464,2215.975,2340.457,2632.855,3.3489
mixed,64,58,0.9062,4.0,4096,512,128,512,476,931.65,934.278,933.488,0.6994
mixed,64,58,0.9062,4.0,4096,512,256,1024,952,957.476,966.4,958.419,0.1056
mixed,64,58,0.9062,4.0,4096,512,512,2048,1904,1008.32,1019.954,1013.872,0.4772
mixed,64,58,0.9062,4.0,4096,512,1024,4096,3808,1108.627,1123.124,1113.424,0.3309
mixed,64,58,0.9062,4.0,4096,512,2048,8192,7616,1294.789,1321.825,1410.626,4.2845
mixed,64,58,0.9062,4.0,4096,512,4096,16384,15232,1675.476,1726.469,1882.307,4.0561
mixed,64,58,0.9062,4.0,4096,512,8192,32768,30464,2441.2,2568.169,2851.609,3.2324
mixed,64,58,0.9062,4.0,4096,2048,128,512,476,1225.919,1226.374,1227.055,2.4994
mixed,64,58,0.9062,4.0,4096,2048,256,1024,952,1251.33,1257.864,1257.093,0.882
mixed,64,58,0.9062,4.0,4096,2048,512,2048,1904,1295.894,1309.006,1302.465,0.5011
mixed,64,58,0.9062,4.0,4096,2048,1024,4096,3808,1398.706,1414.085,1402.693,0.2592
mixed,64,58,0.9062,4.0,4096,2048,2048,8192,7616,1585.459,1613.013,1699.762,4.1484
mixed,64,58,0.9062,4.0,4096,2048,4096,16384,15232,1974.148,2033.669,2184.083,3.5271
mixed,64,58,0.9062,4.0,4096,2048,8192,32768,30464,2746.918,2868.166,3154.166,3.3588
mixed,64,58,0.9062,4.0,4096,8192,128,512,476,2353.718,2358.837,2368.07,2.8032
mixed,64,58,0.9062,4.0,4096,8192,256,1024,952,2389.827,2388.903,2387.749,
mixed,64,58,0.9062,4.0,4096,8192,512,2048,1904,2432.936,2442.294,2438.054,0.547
mixed,64,58,0.9062,4.0,4096,8192,1024,4096,3808,2531.829,2554.356,2532.852,0.0454
mixed,64,58,0.9062,4.0,4096,8192,2048,8192,7616,2720.116,2746.583,2837.003,4.4163
mixed,64,58,0.9062,4.0,4096,8192,4096,16384,15232,3095.769,3154.023,3309.897,3.6758
mixed,64,58,0.9062,4.0,4096,8192,8192,32768,30464,3850.506,3961.498,4261.464,3.7026
mixed,64,58,0.9062,4.0,4096,16384,128,512,476,3838.938,3828.653,3832.327,
mixed,64,58,0.9062,4.0,4096,16384,256,1024,952,3859.786,3857.067,3863.512,
mixed,64,58,0.9062,4.0,4096,16384,512,2048,1904,3912.395,3924.204,3912.856,0.039
mixed,64,58,0.9062,4.0,4096,16384,1024,4096,3808,4004.141,4015.453,4032.058,2.468
mixed,64,58,0.9062,4.0,4096,16384,2048,8192,7616,4194.472,4235.884,4303.654,2.6365
mixed,64,58,0.9062,4.0,4096,16384,4096,16384,15232,4584.772,4631.563,4776.666,4.1011
mixed,64,58,0.9062,4.0,4096,16384,8192,32768,30464,5330.044,5444.345,5743.633,3.6184
pure,128,1,0.0078,4.0,0,0,128,512,131,83.601,151.298,104.242,0.3049
pure,128,1,0.0078,4.0,0,0,256,1024,262,119.887,202.463,123.105,0.039
pure,128,1,0.0078,4.0,0,0,512,2048,524,151.138,309.121,151.662,0.0033
pure,128,1,0.0078,4.0,0,0,1024,4096,1048,203.714,508.352,205.503,0.0059
pure,128,1,0.0078,4.0,0,0,2048,8192,2096,312.209,911.313,310.224,-0.0033
pure,128,1,0.0078,4.0,0,0,4096,16384,4192,513.649,1713.94,513.904,0.0002
pure,128,1,0.0078,4.0,0,0,8192,32768,8384,926.371,3328.55,926.963,0.0002
mixed,128,1,0.0078,4.0,16,0,128,512,131,93.422,160.767,122.916,0.4379
mixed,128,1,0.0078,4.0,16,0,256,1024,262,130.576,214.273,134.238,0.0438
mixed,128,1,0.0078,4.0,16,0,512,2048,524,162.049,319.36,177.36,0.0973
mixed,128,1,0.0078,4.0,16,0,1024,4096,1048,213.214,519.522,214.112,0.0029
mixed,128,1,0.0078,4.0,16,0,2048,8192,2096,323.857,922.322,322.945,-0.0015
mixed,128,1,0.0078,4.0,16,0,4096,16384,4192,524.322,1728.101,525.889,0.0013
mixed,128,1,0.0078,4.0,16,0,8192,32768,8384,940.356,3342.215,934.004,-0.0026
mixed,128,1,0.0078,4.0,16,512,128,512,131,139.71,160.528,143.712,0.1923
mixed,128,1,0.0078,4.0,16,512,256,1024,262,170.721,213.793,172.514,0.0416
mixed,128,1,0.0078,4.0,16,512,512,2048,524,161.012,320.339,210.945,0.3134
mixed,128,1,0.0078,4.0,16,512,1024,4096,1048,214.255,521.681,280.496,0.2155
mixed,128,1,0.0078,4.0,16,512,2048,8192,2096,324.063,925.553,390.289,0.1101
mixed,128,1,0.0078,4.0,16,512,4096,16384,4192,526.592,1730.135,587.009,0.0502
mixed,128,1,0.0078,4.0,16,512,8192,32768,8384,936.77,3339.195,986.067,0.0205
mixed,128,1,0.0078,4.0,16,2048,128,512,131,149.392,210.847,148.209,-0.0193
mixed,128,1,0.0078,4.0,16,2048,256,1024,262,167.391,306.161,168.897,0.0108
mixed,128,1,0.0078,4.0,16,2048,512,2048,524,214.673,319.553,210.001,-0.0445
mixed,128,1,0.0078,4.0,16,2048,1024,4096,1048,308.753,522.93,305.904,-0.0133
mixed,128,1,0.0078,4.0,16,2048,2048,8192,2096,323.825,924.499,483.697,0.2662
mixed,128,1,0.0078,4.0,16,2048,4096,16384,4192,523.011,1727.287,702.451,0.149
mixed,128,1,0.0078,4.0,16,2048,8192,32768,8384,938.388,3339.707,1096.421,0.0658
mixed,128,1,0.0078,4.0,16,8192,128,512,131,157.233,213.891,155.601,-0.0288
mixed,128,1,0.0078,4.0,16,8192,256,1024,262,171.153,300.577,171.938,0.0061
mixed,128,1,0.0078,4.0,16,8192,512,2048,524,212.895,474.226,219.376,0.0248
mixed,128,1,0.0078,4.0,16,8192,1024,4096,1048,303.921,821.89,301.265,-0.0051
mixed,128,1,0.0078,4.0,16,8192,2048,8192,2096,478.882,931.028,477.473,-0.0031
mixed,128,1,0.0078,4.0,16,8192,4096,16384,4192,839.57,1739.091,826.848,-0.0141
mixed,128,1,0.0078,4.0,16,8192,8192,32768,8384,940.194,3345.69,1516.819,0.2397
mixed,128,1,0.0078,4.0,16,16384,128,512,131,184.017,221.008,183.696,-0.0087
mixed,128,1,0.0078,4.0,16,16384,256,1024,262,208.544,298.481,208.432,-0.0012
mixed,128,1,0.0078,4.0,16,16384,512,2048,524,220.159,469.072,223.104,0.0118
mixed,128,1,0.0078,4.0,16,16384,1024,4096,1048,302.017,818.899,301.059,-0.0019
mixed,128,1,0.0078,4.0,16,16384,2048,8192,2096,473.264,1503.988,468.914,-0.0042
mixed,128,1,0.0078,4.0,16,16384,4096,16384,4192,823.763,1736.165,817.155,-0.0072
mixed,128,1,0.0078,4.0,16,16384,8192,32768,8384,1554.579,3348.651,1510.533,-0.0246
mixed,128,1,0.0078,4.0,64,0,128,512,131,113.137,176.098,135.169,0.3499
mixed,128,1,0.0078,4.0,64,0,256,1024,262,150.608,217.856,152.29,0.025
mixed,128,1,0.0078,4.0,64,0,512,2048,524,176.435,326.159,180.993,0.0304
mixed,128,1,0.0078,4.0,64,0,1024,4096,1048,218.639,526.241,231.232,0.0409
mixed,128,1,0.0078,4.0,64,0,2048,8192,2096,331.12,934.21,335.377,0.0071
mixed,128,1,0.0078,4.0,64,0,4096,16384,4192,531.89,1731.749,538.447,0.0055
mixed,128,1,0.0078,4.0,64,0,8192,32768,8384,947.186,3344.931,949.392,0.0009
mixed,128,1,0.0078,4.0,64,512,128,512,131,143.984,208.576,143.263,-0.0112
mixed,128,1,0.0078,4.0,64,512,256,1024,262,173.279,272.032,176.463,0.0322
mixed,128,1,0.0078,4.0,64,512,512,2048,524,210.738,378.929,208.112,-0.0156
mixed,128,1,0.0078,4.0,64,512,1024,4096,1048,276.928,572.417,273.425,-0.0119
mixed,128,1,0.0078,4.0,64,512,2048,8192,2096,382.771,967.983,382.177,-0.001
mixed,128,1,0.0078,4.0,64,512,4096,16384,4192,579.488,1749.89,582.64,0.0027
mixed,128,1,0.0078,4.0,64,512,8192,32768,8384,982.418,3353.366,983.714,0.0005
mixed,128,1,0.0078,4.0,64,2048,128,512,131,176.193,212.911,176.4,0.0057
mixed,128,1,0.0078,4.0,64,2048,256,1024,262,174.463,305.679,175.41,0.0072
mixed,128,1,0.0078,4.0,64,2048,512,2048,524,212.738,469.537,213.889,0.0045
mixed,128,1,0.0078,4.0,64,2048,1024,4096,1048,306.512,683.025,308.03,0.004
mixed,128,1,0.0078,4.0,64,2048,2048,8192,2096,470.418,1070.802,473.97,0.0059
mixed,128,1,0.0078,4.0,64,2048,4096,16384,4192,687.217,1847.825,682.929,-0.0037
mixed,128,1,0.0078,4.0,64,2048,8192,32768,8384,1085.394,3402.18,1079.215,-0.0027
mixed,128,1,0.0078,4.0,64,8192,128,512,131,243.377,268.129,240.785,-0.1047
mixed,128,1,0.0078,4.0,64,8192,256,1024,262,246.531,302.641,251.072,0.0809
mixed,128,1,0.0078,4.0,64,8192,512,2048,524,268.256,473.233,267.744,-0.0025
mixed,128,1,0.0078,4.0,64,8192,1024,4096,1048,303.215,803.889,301.568,-0.0033
mixed,128,1,0.0078,4.0,64,8192,2048,8192,2096,473.408,1468.786,468.238,-0.0052
mixed,128,1,0.0078,4.0,64,8192,4096,16384,4192,808.611,2255.426,800.321,-0.0057
mixed,128,1,0.0078,4.0,64,8192,8192,32768,8384,1494.513,3823.931,1472.086,-0.0096
mixed,128,1,0.0078,4.0,64,16384,128,512,131,313.105,341.776,314.017,0.0318
mixed,128,1,0.0078,4.0,64,16384,256,1024,262,331.616,395.827,330.45,-0.0182
mixed,128,1,0.0078,4.0,64,16384,512,2048,524,338.017,472.736,339.714,0.0126
mixed,128,1,0.0078,4.0,64,16384,1024,4096,1048,397.86,792.227,395.488,-0.006
mixed,128,1,0.0078,4.0,64,16384,2048,8192,2096,475.376,1441.621,471.619,-0.0039
mixed,128,1,0.0078,4.0,64,16384,4096,16384,4192,816.787,2798.217,800.849,-0.008
mixed,128,1,0.0078,4.0,64,16384,8192,32768,8384,1463.061,4364.028,1448.341,-0.0051
mixed,128,1,0.0078,4.0,256,0,128,512,131,132.707,214.145,167.728,0.43
mixed,128,1,0.0078,4.0,256,0,256,1024,262,185.008,265.378,184.096,-0.0113
mixed,128,1,0.0078,4.0,256,0,512,2048,524,214.786,367.874,225.489,0.0699
mixed,128,1,0.0078,4.0,256,0,1024,4096,1048,265.857,562.355,319.921,0.1823
mixed,128,1,0.0078,4.0,256,0,2048,8192,2096,367.313,976.498,505.345,0.2266
mixed,128,1,0.0078,4.0,256,0,4096,16384,4192,569.202,1781.332,861.058,0.2408
mixed,128,1,0.0078,4.0,256,0,8192,32768,8384,992.113,3389.435,1587.108,0.2482
mixed,128,1,0.0078,4.0,256,512,128,512,131,205.792,220.48,206.127,0.0228
mixed,128,1,0.0078,4.0,256,512,256,1024,262,177.091,283.52,176.385,-0.0066
mixed,128,1,0.0078,4.0,256,512,512,2048,524,221.665,387.569,220.48,-0.0071
mixed,128,1,0.0078,4.0,256,512,1024,4096,1048,284.625,586.242,287.058,0.0081
mixed,128,1,0.0078,4.0,256,512,2048,8192,2096,392.819,989.327,473.776,0.1357
mixed,128,1,0.0078,4.0,256,512,4096,16384,4192,592.93,1792.885,821.476,0.1905
mixed,128,1,0.0078,4.0,256,512,8192,32768,8384,998.065,3399.737,1531.764,0.2222
mixed,128,1,0.0078,4.0,256,2048,128,512,131,265.312,317.666,265.329,0.0003
mixed,128,1,0.0078,4.0,256,2048,256,1024,262,285.264,308.114,285.106,-0.007
mixed,128,1,0.0078,4.0,256,2048,512,2048,524,320.706,469.793,319.232,-0.0099
mixed,128,1,0.0078,4.0,256,2048,1024,4096,1048,309.522,672.13,309.138,-0.0011
mixed,128,1,0.0078,4.0,256,2048,2048,8192,2096,473.664,1070.163,471.075,-0.0043
mixed,128,1,0.0078,4.0,256,2048,4096,16384,4192,682.352,1885.493,793.89,0.0927
mixed,128,1,0.0078,4.0,256,2048,8192,32768,8384,1084.724,3492.154,1504.549,0.1744
mixed,128,1,0.0078,4.0,256,8192,128,512,131,504.29,547.698,503.41,-0.0203
mixed,128,1,0.0078,4.0,256,8192,256,1024,262,518.16,599.443,516.351,-0.0223
mixed,128,1,0.0078,4.0,256,8192,512,2048,524,548.434,700.082,547.282,-0.0076
mixed,128,1,0.0078,4.0,256,8192,1024,4096,1048,603.236,796.771,603.344,0.0006
mixed,128,1,0.0078,4.0,256,8192,2048,8192,2096,706.068,1432.516,705.839,-0.0003
mixed,128,1,0.0078,4.0,256,8192,4096,16384,4192,811.555,2228.726,796.355,-0.0107
mixed,128,1,0.0078,4.0,256,8192,8192,32768,8384,1436.293,3835.418,1423.075,-0.0055
mixed,128,1,0.0078,4.0,256,16384,128,512,131,810.66,851.059,811.808,0.0284
mixed,128,1,0.0078,4.0,256,16384,256,1024,262,826.61,906.404,824.609,-0.0251
mixed,128,1,0.0078,4.0,256,16384,512,2048,524,850.674,1002.898,852.643,0.0129
mixed,128,1,0.0078,4.0,256,16384,1024,4096,1048,906.69,1208.915,905.842,-0.0028
mixed,128,1,0.0078,4.0,256,16384,2048,8192,2096,1012.259,1431.012,1008.018,-0.0101
mixed,128,1,0.0078,4.0,256,16384,4096,16384,4192,1206.772,2725.016,1218.406,0.0077
mixed,128,1,0.0078,4.0,256,16384,8192,32768,8384,1462.022,4308.556,1438.692,-0.0082
mixed,128,1,0.0078,4.0,1024,0,128,512,131,256.736,308.734,256.93,0.0037
mixed,128,1,0.0078,4.0,1024,0,256,1024,262,275.697,362.864,279.043,0.0384
mixed,128,1,0.0078,4.0,1024,0,512,2048,524,308.29,468.112,310.736,0.0153
mixed,128,1,0.0078,4.0,1024,0,1024,4096,1048,363.294,669.056,361.583,-0.0056
mixed,128,1,0.0078,4.0,1024,0,2048,8192,2096,475.536,1094.562,468.224,-0.0118
mixed,128,1,0.0078,4.0,1024,0,4096,16384,4192,674.597,1930.531,677.491,0.0023
mixed,128,1,0.0078,4.0,1024,0,8192,32768,8384,1111.474,3551.513,1107.123,-0.0018
mixed,128,1,0.0078,4.0,1024,512,128,512,131,365.889,417.102,365.999,0.0021
mixed,128,1,0.0078,4.0,1024,512,256,1024,262,383.76,471.636,387.057,0.0375
mixed,128,1,0.0078,4.0,1024,512,512,2048,524,417.253,574.371,418.128,0.0056
mixed,128,1,0.0078,4.0,1024,512,1024,4096,1048,471.795,777.202,473.393,0.0052
mixed,128,1,0.0078,4.0,1024,512,2048,8192,2096,581.188,1204.052,579.299,-0.003
mixed,128,1,0.0078,4.0,1024,512,4096,16384,4192,783.504,2042.487,784.946,0.0011
mixed,128,1,0.0078,4.0,1024,512,8192,32768,8384,1221.663,3668.507,1217.682,-0.0016
mixed,128,1,0.0078,4.0,1024,2048,128,512,131,487.394,538.725,487.99,0.0116
mixed,128,1,0.0078,4.0,1024,2048,256,1024,262,505.17,591.62,508.834,0.0424
mixed,128,1,0.0078,4.0,1024,2048,512,2048,524,537.586,695.917,540.754,0.02
mixed,128,1,0.0078,4.0,1024,2048,1024,4096,1048,594.13,898.018,593.57,-0.0018
mixed,128,1,0.0078,4.0,1024,2048,2048,8192,2096,702.722,1319.01,698.867,-0.0063
mixed,128,1,0.0078,4.0,1024,2048,4096,16384,4192,904.578,2165.606,905.314,0.0006
mixed,128,1,0.0078,4.0,1024,2048,8192,32768,8384,1337.107,3779.802,1334.357,-0.0011
mixed,128,1,0.0078,4.0,1024,8192,128,512,131,988.689,1037.493,985.554,-0.0642
mixed,128,1,0.0078,4.0,1024,8192,256,1024,262,1004.724,1088.196,1009.222,0.0539
mixed,128,1,0.0078,4.0,1024,8192,512,2048,524,1034.644,1191.861,1036.576,0.0123
mixed,128,1,0.0078,4.0,1024,8192,1024,4096,1048,1089.843,1392.693,1089.494,-0.0012
mixed,128,1,0.0078,4.0,1024,8192,2048,8192,2096,1197.986,1798.166,1195.492,-0.0042
mixed,128,1,0.0078,4.0,1024,8192,4096,16384,4192,1399.429,2599.782,1399.015,-0.0003
mixed,128,1,0.0078,4.0,1024,8192,8192,32768,8384,1814.005,4210.231,1813.013,-0.0004
mixed,128,1,0.0078,4.0,1024,16384,128,512,131,1621.827,1674.481,1619.476,-0.0447
mixed,128,1,0.0078,4.0,1024,16384,256,1024,262,1637.399,1719.202,1643.573,0.0755
mixed,128,1,0.0078,4.0,1024,16384,512,2048,524,1669.139,1828.597,1676.004,0.0431
mixed,128,1,0.0078,4.0,1024,16384,1024,4096,1048,1726.005,2032.419,1723.95,-0.0067
mixed,128,1,0.0078,4.0,1024,16384,2048,8192,2096,1831.638,2435.572,1831.379,-0.0004
mixed,128,1,0.0078,4.0,1024,16384,4096,16384,4192,2039.894,3241.816,2033.668,-0.0052
mixed,128,1,0.0078,4.0,1024,16384,8192,32768,8384,2451.499,4855.086,2442.151,-0.0039
mixed,128,1,0.0078,4.0,4096,0,128,512,131,707.505,761.589,708.256,0.0139
mixed,128,1,0.0078,4.0,4096,0,256,1024,262,727.44,815.33,730.722,0.0373
mixed,128,1,0.0078,4.0,4096,0,512,2048,524,759.954,924.084,761.139,0.0072
mixed,128,1,0.0078,4.0,4096,0,1024,4096,1048,818.387,1122.726,816.612,-0.0058
mixed,128,1,0.0078,4.0,4096,0,2048,8192,2096,924.867,1530.851,921.745,-0.0052
mixed,128,1,0.0078,4.0,4096,0,4096,16384,4192,1128.033,2334.695,1128.243,0.0002
mixed,128,1,0.0078,4.0,4096,0,8192,32768,8384,1541.941,3944.139,1541.94,-0.0
mixed,128,1,0.0078,4.0,4096,512,128,512,131,917.186,967.7,919.874,0.0532
mixed,128,1,0.0078,4.0,4096,512,256,1024,262,936.467,1017.236,938.721,0.0279
mixed,128,1,0.0078,4.0,4096,512,512,2048,524,968.368,1124.482,967.54,-0.0053
mixed,128,1,0.0078,4.0,4096,512,1024,4096,1048,1022.408,1329.428,1021.554,-0.0028
mixed,128,1,0.0078,4.0,4096,512,2048,8192,2096,1130.389,1737.894,1129.169,-0.002
mixed,128,1,0.0078,4.0,4096,512,4096,16384,4192,1330.963,2568.438,1332.964,0.0016
mixed,128,1,0.0078,4.0,4096,512,8192,32768,8384,1749.463,4186.221,1746.052,-0.0014
mixed,128,1,0.0078,4.0,4096,2048,128,512,131,1210.001,1260.064,1211.173,0.0234
mixed,128,1,0.0078,4.0,4096,2048,256,1024,262,1228.228,1310.678,1230.438,0.0268
mixed,128,1,0.0078,4.0,4096,2048,512,2048,524,1258.577,1413.938,1258.976,0.0026
mixed,128,1,0.0078,4.0,4096,2048,1024,4096,1048,1314.723,1617.748,1314.133,-0.0019
mixed,128,1,0.0078,4.0,4096,2048,2048,8192,2096,1422.342,2037.702,1418.807,-0.0057
mixed,128,1,0.0078,4.0,4096,2048,4096,16384,4192,1621.685,2867.112,1626.23,0.0037
mixed,128,1,0.0078,4.0,4096,2048,8192,32768,8384,2050.95,4481.775,2047.363,-0.0015
mixed,128,1,0.0078,4.0,4096,8192,128,512,131,2341.446,2394.742,2344.072,0.0493
mixed,128,1,0.0078,4.0,4096,8192,256,1024,262,2359.449,2443.093,2366.535,0.0847
mixed,128,1,0.0078,4.0,4096,8192,512,2048,524,2400.006,2545.753,2400.243,0.0016
mixed,128,1,0.0078,4.0,4096,8192,1024,4096,1048,2447.434,2757.799,2445.959,-0.0048
mixed,128,1,0.0078,4.0,4096,8192,2048,8192,2096,2552.805,3157.899,2556.101,0.0054
mixed,128,1,0.0078,4.0,4096,8192,4096,16384,4192,2755.801,3965.146,2764.023,0.0068
mixed,128,1,0.0078,4.0,4096,8192,8192,32768,8384,3171.13,5567.425,3172.747,0.0007
mixed,128,1,0.0078,4.0,4096,16384,128,512,131,3818.701,3868.271,3820.523,0.0368
mixed,128,1,0.0078,4.0,4096,16384,256,1024,262,3843.128,3916.139,3842.986,-0.002
mixed,128,1,0.0078,4.0,4096,16384,512,2048,524,3883.403,4021.821,3870.41,-0.0939
mixed,128,1,0.0078,4.0,4096,16384,1024,4096,1048,3930.428,4237.179,3925.996,-0.0144
mixed,128,1,0.0078,4.0,4096,16384,2048,8192,2096,4036.969,4635.791,4032.958,-0.0067
mixed,128,1,0.0078,4.0,4096,16384,4096,16384,4192,4240.715,5452.751,4248.538,0.0065
mixed,128,1,0.0078,4.0,4096,16384,8192,32768,8384,4659.722,7054.61,4659.901,0.0001
pure,128,2,0.0156,4.0,0,0,128,512,134,84.16,149.392,104.703,0.3149
pure,128,2,0.0156,4.0,0,0,256,1024,268,120.77,204.224,124.641,0.0464
pure,128,2,0.0156,4.0,0,0,512,2048,536,150.689,308.223,197.264,0.2956
pure,128,2,0.0156,4.0,0,0,1024,4096,1072,204.656,509.634,289.488,0.2782
pure,128,2,0.0156,4.0,0,0,2048,8192,2144,314.995,912.226,469.825,0.2592
pure,128,2,0.0156,4.0,0,0,4096,16384,4288,529.153,1719.411,821.348,0.2455
pure,128,2,0.0156,4.0,0,0,8192,32768,8576,964.627,3324.378,1529.267,0.2393
mixed,128,2,0.0156,4.0,16,0,128,512,134,92.32,160.946,130.224,0.5523
mixed,128,2,0.0156,4.0,16,0,256,1024,268,131.041,214.687,147.938,0.202
mixed,128,2,0.0156,4.0,16,0,512,2048,536,160.001,320.416,176.833,0.1049
mixed,128,2,0.0156,4.0,16,0,1024,4096,1072,215.472,516.371,307.217,0.3049
mixed,128,2,0.0156,4.0,16,0,2048,8192,2144,325.985,920.513,485.426,0.2682
mixed,128,2,0.0156,4.0,16,0,4096,16384,4288,538.193,1724.036,838.004,0.2528
mixed,128,2,0.0156,4.0,16,0,8192,32768,8576,974.978,3340.347,1542.067,0.2397
mixed,128,2,0.0156,4.0,16,512,128,512,134,141.84,159.218,142.77,0.0535
mixed,128,2,0.0156,4.0,16,512,256,1024,268,170.447,212.881,172.56,0.0498
mixed,128,2,0.0156,4.0,16,512,512,2048,536,162.816,319.968,209.843,0.2992
mixed,128,2,0.0156,4.0,16,512,1024,4096,1072,215.087,522.386,301.76,0.282
mixed,128,2,0.0156,4.0,16,512,2048,8192,2144,326.274,927.329,485.779,0.2654
mixed,128,2,0.0156,4.0,16,512,4096,16384,4288,537.712,1724.613,838.291,0.2532
mixed,128,2,0.0156,4.0,16,512,8192,32768,8576,973.171,3337.433,1539.781,0.2397
mixed,128,2,0.0156,4.0,16,2048,128,512,134,148.48,211.536,149.633,0.0183
mixed,128,2,0.0156,4.0,16,2048,256,1024,268,169.316,309.106,173.425,0.0294
mixed,128,2,0.0156,4.0,16,2048,512,2048,536,211.938,318.353,211.905,-0.0003
mixed,128,2,0.0156,4.0,16,2048,1024,4096,1072,309.44,522.048,302.769,-0.0314
mixed,128,2,0.0156,4.0,16,2048,2048,8192,2144,327.314,929.204,480.865,0.2551
mixed,128,2,0.0156,4.0,16,2048,4096,16384,4288,536.145,1730.486,833.458,0.2489
mixed,128,2,0.0156,4.0,16,2048,8192,32768,8576,968.963,3339.53,1537.668,0.2399
mixed,128,2,0.0156,4.0,16,8192,128,512,134,156.065,212.256,158.641,0.0458
mixed,128,2,0.0156,4.0,16,8192,256,1024,268,173.488,299.153,173.649,0.0013
mixed,128,2,0.0156,4.0,16,8192,512,2048,536,215.346,475.842,220.031,0.018
mixed,128,2,0.0156,4.0,16,8192,1024,4096,1072,300.767,826.066,301.505,0.0014
mixed,128,2,0.0156,4.0,16,8192,2048,8192,2144,488.737,930.226,479.106,-0.0218
mixed,128,2,0.0156,4.0,16,8192,4096,16384,4288,855.489,1734.947,827.232,-0.0321
mixed,128,2,0.0156,4.0,16,8192,8192,32768,8576,975.924,3340.345,1524.131,0.2319
mixed,128,2,0.0156,4.0,16,16384,128,512,134,182.559,217.296,182.018,-0.0156
mixed,128,2,0.0156,4.0,16,16384,256,1024,268,211.071,302.097,205.904,-0.0568
mixed,128,2,0.0156,4.0,16,16384,512,2048,536,221.776,467.795,220.688,-0.0044
mixed,128,2,0.0156,4.0,16,16384,1024,4096,1072,304.768,817.746,302.304,-0.0048
mixed,128,2,0.0156,4.0,16,16384,2048,8192,2144,483.776,1496.914,471.522,-0.0121
mixed,128,2,0.0156,4.0,16,16384,4096,16384,4288,844.624,1735.397,818.275,-0.0296
mixed,128,2,0.0156,4.0,16,16384,8192,32768,8576,1574.181,3347.77,1511.154,-0.0355
mixed,128,2,0.0156,4.0,64,0,128,512,134,112.112,177.953,138.174,0.3958
mixed,128,2,0.0156,4.0,64,0,256,1024,268,152.001,217.344,154.929,0.0448
mixed,128,2,0.0156,4.0,64,0,512,2048,536,177.569,325.667,180.016,0.0165
mixed,128,2,0.0156,4.0,64,0,1024,4096,1072,221.233,527.586,311.024,0.2931
mixed,128,2,0.0156,4.0,64,0,2048,8192,2144,332.881,933.426,490.609,0.2626
mixed,128,2,0.0156,4.0,64,0,4096,16384,4288,549.392,1741.814,845.123,0.248
mixed,128,2,0.0156,4.0,64,0,8192,32768,8576,982.004,3341.576,1547.603,0.2397
mixed,128,2,0.0156,4.0,64,512,128,512,134,144.304,209.952,144.849,0.0083
mixed,128,2,0.0156,4.0,64,512,256,1024,268,176.784,273.92,175.201,-0.0163
mixed,128,2,0.0156,4.0,64,512,512,2048,536,209.921,380.674,208.514,-0.0082
mixed,128,2,0.0156,4.0,64,512,1024,4096,1072,279.505,571.058,300.288,0.0713
mixed,128,2,0.0156,4.0,64,512,2048,8192,2144,388.177,962.484,477.889,0.1562
mixed,128,2,0.0156,4.0,64,512,4096,16384,4288,586.768,1743.414,833.12,0.213
mixed,128,2,0.0156,4.0,64,512,8192,32768,8576,1009.811,3347.496,1537.17,0.2256
mixed,128,2,0.0156,4.0,64,2048,128,512,134,177.296,213.73,176.671,-0.0172
mixed,128,2,0.0156,4.0,64,2048,256,1024,268,176.687,305.873,174.177,-0.0194
mixed,128,2,0.0156,4.0,64,2048,512,2048,536,215.569,467.489,214.416,-0.0046
mixed,128,2,0.0156,4.0,64,2048,1024,4096,1072,307.727,679.091,305.136,-0.007
mixed,128,2,0.0156,4.0,64,2048,2048,8192,2144,481.138,1066.946,472.401,-0.0149
mixed,128,2,0.0156,4.0,64,2048,4096,16384,4288,692.992,1850.18,817.316,0.1074
mixed,128,2,0.0156,4.0,64,2048,8192,32768,8576,1110.419,3403.161,1521.958,0.1795
mixed,128,2,0.0156,4.0,64,8192,128,512,134,240.737,270.497,242.785,0.0688
mixed,128,2,0.0156,4.0,64,8192,256,1024,268,250.049,305.442,248.464,-0.0286
mixed,128,2,0.0156,4.0,64,8192,512,2048,536,270.641,469.634,268.447,-0.011
mixed,128,2,0.0156,4.0,64,8192,1024,4096,1072,308.24,804.545,309.279,0.0021
mixed,128,2,0.0156,4.0,64,8192,2048,8192,2144,479.249,1464.131,476.161,-0.0031
mixed,128,2,0.0156,4.0,64,8192,4096,16384,4288,826.673,2261.792,801.391,-0.0176
mixed,128,2,0.0156,4.0,64,8192,8192,32768,8576,1521.313,3823.537,1475.778,-0.0198
mixed,128,2,0.0156,4.0,64,16384,128,512,134,316.081,339.536,315.185,-0.0382
mixed,128,2,0.0156,4.0,64,16384,256,1024,268,333.296,394.721,330.768,-0.0412
mixed,128,2,0.0156,4.0,64,16384,512,2048,536,338.32,474.976,338.863,0.004
mixed,128,2,0.0156,4.0,64,16384,1024,4096,1072,397.202,802.399,394.399,-0.0069
mixed,128,2,0.0156,4.0,64,16384,2048,8192,2144,483.313,1444.417,477.616,-0.0059
mixed,128,2,0.0156,4.0,64,16384,4096,16384,4288,821.087,2787.394,803.809,-0.0088
mixed,128,2,0.0156,4.0,64,16384,8192,32768,8576,1495.842,4361.779,1452.16,-0.0152
mixed,128,2,0.0156,4.0,256,0,128,512,134,133.391,213.744,167.969,0.4303
mixed,128,2,0.0156,4.0,256,0,256,1024,268,185.584,266.497,185.105,-0.0059
mixed,128,2,0.0156,4.0,256,0,512,2048,536,215.586,368.736,223.518,0.0518
mixed,128,2,0.0156,4.0,256,0,1024,4096,1072,267.761,562.577,321.665,0.1828
mixed,128,2,0.0156,4.0,256,0,2048,8192,2144,375.119,979.68,506.544,0.2174
mixed,128,2,0.0156,4.0,256,0,4096,16384,4288,580.976,1773.905,862.545,0.236
mixed,128,2,0.0156,4.0,256,0,8192,32768,8576,1028.399,3393.632,1588.656,0.2369
mixed,128,2,0.0156,4.0,256,512,128,512,134,206.945,221.488,205.121,-0.1254
mixed,128,2,0.0156,4.0,256,512,256,1024,268,178.945,283.346,176.719,-0.0213
mixed,128,2,0.0156,4.0,256,512,512,2048,536,222.577,390.912,220.976,-0.0095
mixed,128,2,0.0156,4.0,256,512,1024,4096,1072,284.897,585.377,291.488,0.0219
mixed,128,2,0.0156,4.0,256,512,2048,8192,2144,396.274,983.795,473.843,0.132
mixed,128,2,0.0156,4.0,256,512,4096,16384,4288,599.97,1792.646,825.698,0.1893
mixed,128,2,0.0156,4.0,256,512,8192,32768,8576,1037.124,3406.026,1532.995,0.2093
mixed,128,2,0.0156,4.0,256,2048,128,512,134,265.552,318.143,266.08,0.01
mixed,128,2,0.0156,4.0,256,2048,256,1024,268,286.401,307.167,284.257,-0.1033
mixed,128,2,0.0156,4.0,256,2048,512,2048,536,319.166,471.408,319.363,0.0013
mixed,128,2,0.0156,4.0,256,2048,1024,4096,1072,310.672,674.003,311.695,0.0028
mixed,128,2,0.0156,4.0,256,2048,2048,8192,2144,481.057,1071.971,472.016,-0.0153
mixed,128,2,0.0156,4.0,256,2048,4096,16384,4288,691.455,1878.26,808.898,0.099
mixed,128,2,0.0156,4.0,256,2048,8192,32768,8576,1126.37,3479.416,1505.813,0.1613
mixed,128,2,0.0156,4.0,256,8192,128,512,134,503.471,549.057,502.784,-0.0151
mixed,128,2,0.0156,4.0,256,8192,256,1024,268,516.961,602.626,516.209,-0.0088
mixed,128,2,0.0156,4.0,256,8192,512,2048,536,549.747,699.89,549.939,0.0013
mixed,128,2,0.0156,4.0,256,8192,1024,4096,1072,604.386,800.737,604.13,-0.0013
mixed,128,2,0.0156,4.0,256,8192,2048,8192,2144,708.611,1426.724,709.22,0.0008
mixed,128,2,0.0156,4.0,256,8192,4096,16384,4288,829.426,2228.566,814.882,-0.0104
mixed,128,2,0.0156,4.0,256,8192,8192,32768,8576,1468.005,3834.538,1431.061,-0.0156
mixed,128,2,0.0156,4.0,256,16384,128,512,134,809.875,852.338,814.37,0.1059
mixed,128,2,0.0156,4.0,256,16384,256,1024,268,824.289,904.755,824.483,0.0024
mixed,128,2,0.0156,4.0,256,16384,512,2048,536,854.497,1003.14,851.795,-0.0182
mixed,128,2,0.0156,4.0,256,16384,1024,4096,1072,906.884,1211.906,910.659,0.0124
mixed,128,2,0.0156,4.0,256,16384,2048,8192,2144,1015.716,1444.803,1015.522,-0.0005
mixed,128,2,0.0156,4.0,256,16384,4096,16384,4288,1221.077,2735.142,1227.41,0.0042
mixed,128,2,0.0156,4.0,256,16384,8192,32768,8576,1504.228,4316.988,1456.614,-0.0169
mixed,128,2,0.0156,4.0,1024,0,128,512,134,257.7,310.145,258.272,0.0109
mixed,128,2,0.0156,4.0,1024,0,256,1024,268,275.152,362.032,278.401,0.0374
mixed,128,2,0.0156,4.0,1024,0,512,2048,536,309.584,465.377,352.388,0.2748
mixed,128,2,0.0156,4.0,1024,0,1024,4096,1072,365.168,672.738,447.459,0.2676
mixed,128,2,0.0156,4.0,1024,0,2048,8192,2144,477.264,1093.619,626.831,0.2427
mixed,128,2,0.0156,4.0,1024,0,4096,16384,4288,688.512,1931.688,979.747,0.2343
mixed,128,2,0.0156,4.0,1024,0,8192,32768,8576,1147.699,3548.251,1705.49,0.2324
mixed,128,2,0.0156,4.0,1024,512,128,512,134,365.522,417.203,366.355,0.0161
mixed,128,2,0.0156,4.0,1024,512,256,1024,268,384.483,471.795,387.425,0.0337
mixed,128,2,0.0156,4.0,1024,512,512,2048,536,417.969,575.652,462.53,0.2826
mixed,128,2,0.0156,4.0,1024,512,1024,4096,1072,474.799,775.911,558.048,0.2765
mixed,128,2,0.0156,4.0,1024,512,2048,8192,2144,585.216,1202.192,736.275,0.2448
mixed,128,2,0.0156,4.0,1024,512,4096,16384,4288,798.579,2043.141,1087.632,0.2323
mixed,128,2,0.0156,4.0,1024,512,8192,32768,8576,1253.186,3667.518,1812.293,0.2316
mixed,128,2,0.0156,4.0,1024,2048,128,512,134,488.692,540.484,487.936,-0.0146
mixed,128,2,0.0156,4.0,1024,2048,256,1024,268,506.433,589.699,511.122,0.0563
mixed,128,2,0.0156,4.0,1024,2048,512,2048,536,541.459,695.585,585.039,0.2828
mixed,128,2,0.0156,4.0,1024,2048,1024,4096,1072,593.343,897.75,676.531,0.2733
mixed,128,2,0.0156,4.0,1024,2048,2048,8192,2144,705.504,1319.926,859.984,0.2514
mixed,128,2,0.0156,4.0,1024,2048,4096,16384,4288,917.841,2156.934,1207.86,0.2341
mixed,128,2,0.0156,4.0,1024,2048,8192,32768,8576,1368.193,3785.211,1926.71,0.2311
mixed,128,2,0.0156,4.0,1024,8192,128,512,134,987.7,1035.63,987.811,0.0023
mixed,128,2,0.0156,4.0,1024,8192,256,1024,268,1006.357,1088.421,1009.473,0.038
mixed,128,2,0.0156,4.0,1024,8192,512,2048,536,1037.285,1193.936,1080.723,0.2773
mixed,128,2,0.0156,4.0,1024,8192,1024,4096,1072,1090.498,1396.372,1174.098,0.2733
mixed,128,2,0.0156,4.0,1024,8192,2048,8192,2144,1203.696,1796.149,1355.907,0.2569
mixed,128,2,0.0156,4.0,1024,8192,4096,16384,4288,1412.71,2601.144,1708.805,0.2491
mixed,128,2,0.0156,4.0,1024,8192,8192,32768,8576,1854.072,4209.995,2408.708,0.2354
mixed,128,2,0.0156,4.0,1024,16384,128,512,134,1624.853,1672.084,1630.676,0.1233
mixed,128,2,0.0156,4.0,1024,16384,256,1024,268,1643.027,1723.572,1641.125,-0.0236
mixed,128,2,0.0156,4.0,1024,16384,512,2048,536,1671.026,1827.19,1714.086,0.2757
mixed,128,2,0.0156,4.0,1024,16384,1024,4096,1072,1723.656,2024.678,1803.619,0.2656
mixed,128,2,0.0156,4.0,1024,16384,2048,8192,2144,1831.716,2439.509,1988.104,0.2573
mixed,128,2,0.0156,4.0,1024,16384,4096,16384,4288,2046.818,3237.976,2333.588,0.2407
mixed,128,2,0.0156,4.0,1024,16384,8192,32768,8576,2483.413,4847.328,3049.86,0.2396
mixed,128,2,0.0156,4.0,4096,0,128,512,134,709.312,761.939,712.659,0.0636
mixed,128,2,0.0156,4.0,4096,0,256,1024,268,729.189,814.514,733.137,0.0463
mixed,128,2,0.0156,4.0,4096,0,512,2048,536,763.635,918.245,806.306,0.276
mixed,128,2,0.0156,4.0,4096,0,1024,4096,1072,821.937,1119.825,898.961,0.2586
mixed,128,2,0.0156,4.0,4096,0,2048,8192,2144,928.208,1527.923,1080.435,0.2538
mixed,128,2,0.0156,4.0,4096,0,4096,16384,4288,1139.523,2340.085,1431.521,0.2432
mixed,128,2,0.0156,4.0,4096,0,8192,32768,8576,1577.714,3948.906,2144.219,0.2389
mixed,128,2,0.0156,4.0,4096,512,128,512,134,917.508,966.197,917.666,0.0033
mixed,128,2,0.0156,4.0,4096,512,256,1024,268,938.719,1019.83,936.87,-0.0228
mixed,128,2,0.0156,4.0,4096,512,512,2048,536,968.019,1127.603,1010.98,0.2692
mixed,128,2,0.0156,4.0,4096,512,1024,4096,1072,1022.097,1324.275,1104.627,0.2731
mixed,128,2,0.0156,4.0,4096,512,2048,8192,2144,1130.21,1737.079,1284.578,0.2544
mixed,128,2,0.0156,4.0,4096,512,4096,16384,4288,1344.663,2563.255,1636.0,0.2391
mixed,128,2,0.0156,4.0,4096,512,8192,32768,8576,1781.01,4198.409,2346.628,0.234
mixed,128,2,0.0156,4.0,4096,2048,128,512,134,1209.905,1260.546,1211.012,0.0218
mixed,128,2,0.0156,4.0,4096,2048,256,1024,268,1232.083,1310.403,1231.811,-0.0035
mixed,128,2,0.0156,4.0,4096,2048,512,2048,536,1264.63,1416.131,1308.913,0.2923
mixed,128,2,0.0156,4.0,4096,2048,1024,4096,1072,1315.298,1620.37,1394.101,0.2583
mixed,128,2,0.0156,4.0,4096,2048,2048,8192,2144,1424.884,2038.052,1578.101,0.2499
mixed,128,2,0.0156,4.0,4096,2048,4096,16384,4288,1636.599,2871.066,1929.381,0.2372
mixed,128,2,0.0156,4.0,4096,2048,8192,32768,8576,2090.39,4486.288,2651.557,0.2342
mixed,128,2,0.0156,4.0,4096,8192,128,512,134,2350.62,2392.392,2342.551,-0.1932
mixed,128,2,0.0156,4.0,4096,8192,256,1024,268,2362.693,2443.383,2362.71,0.0002
mixed,128,2,0.0156,4.0,4096,8192,512,2048,536,2395.433,2547.625,2437.671,0.2775
mixed,128,2,0.0156,4.0,4096,8192,1024,4096,1072,2455.322,2749.323,2522.857,0.2297
mixed,128,2,0.0156,4.0,4096,8192,2048,8192,2144,2555.419,3163.418,2703.802,0.2441
mixed,128,2,0.0156,4.0,4096,8192,4096,16384,4288,2767.466,3962.814,3055.484,0.2409
mixed,128,2,0.0156,4.0,4096,8192,8192,32768,8576,3203.235,5567.841,3773.803,0.2413
mixed,128,2,0.0156,4.0,4096,16384,128,512,134,3819.27,3869.802,3823.1,0.0758
mixed,128,2,0.0156,4.0,4096,16384,256,1024,268,3853.583,3925.785,3859.303,0.0792
mixed,128,2,0.0156,4.0,4096,16384,512,2048,536,3869.757,4048.063,3906.734,0.2074
mixed,128,2,0.0156,4.0,4096,16384,1024,4096,1072,3925.548,4246.221,4010.713,0.2656
mixed,128,2,0.0156,4.0,4096,16384,2048,8192,2144,4030.157,4646.865,4199.103,0.2739
mixed,128,2,0.0156,4.0,4096,16384,4096,16384,4288,4239.309,5444.975,4571.727,0.2757
mixed,128,2,0.0156,4.0,4096,16384,8192,32768,8576,4679.167,7062.275,5256.847,0.2424
pure,128,3,0.0234,4.0,0,0,128,512,137,82.864,150.226,127.443,0.6618
pure,128,3,0.0234,4.0,0,0,256,1024,274,120.721,202.223,151.329,0.3756
pure,128,3,0.0234,4.0,0,0,512,2048,548,153.52,308.481,200.817,0.3052
pure,128,3,0.0234,4.0,0,0,1024,4096,1096,207.377,507.09,289.489,0.274
pure,128,3,0.0234,4.0,0,0,2048,8192,2192,321.2,912.306,470.913,0.2533
pure,128,3,0.0234,4.0,0,0,4096,16384,4384,534.481,1715.462,821.541,0.2431
pure,128,3,0.0234,4.0,0,0,8192,32768,8768,967.556,3327.74,1533.173,0.2396
mixed,128,3,0.0234,4.0,16,0,128,512,137,93.395,162.403,138.016,0.6466
mixed,128,3,0.0234,4.0,16,0,256,1024,274,131.422,215.953,165.633,0.4047
mixed,128,3,0.0234,4.0,16,0,512,2048,548,162.527,319.441,210.655,0.3067
mixed,128,3,0.0234,4.0,16,0,1024,4096,1096,220.0,521.939,305.827,0.2842
mixed,128,3,0.0234,4.0,16,0,2048,8192,2192,333.28,924.05,486.465,0.2593
mixed,128,3,0.0234,4.0,16,0,4096,16384,4384,543.409,1724.311,842.05,0.2529
mixed,128,3,0.0234,4.0,16,0,8192,32768,8768,978.148,3339.385,1548.246,0.2414
mixed,128,3,0.0234,4.0,16,512,128,512,137,141.489,160.274,146.865,0.2862
mixed,128,3,0.0234,4.0,16,512,256,1024,274,172.287,212.385,171.519,-0.0191
mixed,128,3,0.0234,4.0,16,512,512,2048,548,162.143,320.401,209.44,0.2989
mixed,128,3,0.0234,4.0,16,512,1024,4096,1096,222.351,519.361,301.519,0.2666
mixed,128,3,0.0234,4.0,16,512,2048,8192,2192,332.882,925.347,484.896,0.2566
mixed,128,3,0.0234,4.0,16,512,4096,16384,4384,546.978,1723.347,835.266,0.2451
mixed,128,3,0.0234,4.0,16,512,8192,32768,8768,976.883,3333.177,1543.251,0.2404
mixed,128,3,0.0234,4.0,16,2048,128,512,137,151.808,211.392,148.305,-0.0588
mixed,128,3,0.0234,4.0,16,2048,256,1024,274,170.498,308.671,172.096,0.0116
mixed,128,3,0.0234,4.0,16,2048,512,2048,548,213.377,319.442,211.17,-0.0208
mixed,128,3,0.0234,4.0,16,2048,1024,4096,1096,321.729,523.73,307.424,-0.0708
mixed,128,3,0.0234,4.0,16,2048,2048,8192,2192,332.05,927.506,479.057,0.2469
mixed,128,3,0.0234,4.0,16,2048,4096,16384,4384,546.721,1729.192,832.419,0.2416
mixed,128,3,0.0234,4.0,16,2048,8192,32768,8768,977.139,3338.154,1543.668,0.24
mixed,128,3,0.0234,4.0,16,8192,128,512,137,157.536,213.52,158.291,0.0135
mixed,128,3,0.0234,4.0,16,8192,256,1024,274,174.065,301.601,171.264,-0.022
mixed,128,3,0.0234,4.0,16,8192,512,2048,548,213.906,477.121,219.486,0.0212
mixed,128,3,0.0234,4.0,16,8192,1024,4096,1096,313.075,825.411,300.785,-0.024
mixed,128,3,0.0234,4.0,16,8192,2048,8192,2192,497.856,931.122,480.577,-0.0399
mixed,128,3,0.0234,4.0,16,8192,4096,16384,4384,866.003,1731.733,829.059,-0.0427
mixed,128,3,0.0234,4.0,16,8192,8192,32768,8768,977.954,3344.186,1527.747,0.2323
mixed,128,3,0.0234,4.0,16,16384,128,512,137,184.208,221.505,183.664,-0.0146
mixed,128,3,0.0234,4.0,16,16384,256,1024,274,210.801,301.201,206.978,-0.0423
mixed,128,3,0.0234,4.0,16,16384,512,2048,548,221.825,468.897,218.993,-0.0115
mixed,128,3,0.0234,4.0,16,16384,1024,4096,1096,312.352,819.971,304.737,-0.015
mixed,128,3,0.0234,4.0,16,16384,2048,8192,2192,494.017,1501.603,474.402,-0.0195
mixed,128,3,0.0234,4.0,16,16384,4096,16384,4384,853.635,1736.533,815.731,-0.0429
mixed,128,3,0.0234,4.0,16,16384,8192,32768,8768,1589.493,3346.908,1515.926,-0.0419
mixed,128,3,0.0234,4.0,64,0,128,512,137,111.616,178.85,138.702,0.4029
mixed,128,3,0.0234,4.0,64,0,256,1024,274,151.569,218.977,169.218,0.2618
mixed,128,3,0.0234,4.0,64,0,512,2048,548,178.496,325.665,213.887,0.2405
mixed,128,3,0.0234,4.0,64,0,1024,4096,1096,227.041,526.642,309.697,0.2759
mixed,128,3,0.0234,4.0,64,0,2048,8192,2192,338.929,931.909,488.511,0.2523
mixed,128,3,0.0234,4.0,64,0,4096,16384,4384,547.7,1736.149,842.259,0.2479
mixed,128,3,0.0234,4.0,64,0,8192,32768,8768,985.777,3347.034,1553.636,0.2405
mixed,128,3,0.0234,4.0,64,512,128,512,137,144.48,208.577,144.13,-0.0055
mixed,128,3,0.0234,4.0,64,512,256,1024,274,177.713,273.09,175.024,-0.0282
mixed,128,3,0.0234,4.0,64,512,512,2048,548,212.657,378.464,210.849,-0.0109
mixed,128,3,0.0234,4.0,64,512,1024,4096,1096,283.68,577.905,298.85,0.0516
mixed,128,3,0.0234,4.0,64,512,2048,8192,2192,392.786,965.299,480.976,0.154
mixed,128,3,0.0234,4.0,64,512,4096,16384,4384,599.426,1758.851,834.017,0.2023
mixed,128,3,0.0234,4.0,64,512,8192,32768,8768,1021.201,3346.648,1542.165,0.224
mixed,128,3,0.0234,4.0,64,2048,128,512,137,177.314,213.68,177.41,0.0026
mixed,128,3,0.0234,4.0,64,2048,256,1024,274,178.512,308.144,170.831,-0.0593
mixed,128,3,0.0234,4.0,64,2048,512,2048,548,216.034,467.985,218.337,0.0091
mixed,128,3,0.0234,4.0,64,2048,1024,4096,1096,317.233,675.409,308.734,-0.0237
mixed,128,3,0.0234,4.0,64,2048,2048,8192,2192,490.611,1065.154,472.643,-0.0313
mixed,128,3,0.0234,4.0,64,2048,4096,16384,4384,704.402,1841.715,820.194,0.1018
mixed,128,3,0.0234,4.0,64,2048,8192,32768,8768,1115.222,3431.289,1524.803,0.1768
mixed,128,3,0.0234,4.0,64,8192,128,512,137,241.937,266.928,242.802,0.0346
mixed,128,3,0.0234,4.0,64,8192,256,1024,274,252.945,304.479,252.56,-0.0075
mixed,128,3,0.0234,4.0,64,8192,512,2048,548,271.057,468.079,270.159,-0.0046
mixed,128,3,0.0234,4.0,64,8192,1024,4096,1096,318.737,807.121,384.08,0.1338
mixed,128,3,0.0234,4.0,64,8192,2048,8192,2192,494.084,1467.684,465.298,-0.0296
mixed,128,3,0.0234,4.0,64,8192,4096,16384,4384,836.674,2264.183,803.347,-0.0233
mixed,128,3,0.0234,4.0,64,8192,8192,32768,8768,1529.828,3811.832,1472.661,-0.0251
mixed,128,3,0.0234,4.0,64,16384,128,512,137,314.673,339.696,313.233,-0.0575
mixed,128,3,0.0234,4.0,64,16384,256,1024,274,331.296,396.481,331.392,0.0015
mixed,128,3,0.0234,4.0,64,16384,512,2048,548,339.664,476.305,340.129,0.0034
mixed,128,3,0.0234,4.0,64,16384,1024,4096,1096,414.1,791.026,394.529,-0.0519
mixed,128,3,0.0234,4.0,64,16384,2048,8192,2192,495.122,1440.966,621.618,0.1337
mixed,128,3,0.0234,4.0,64,16384,4096,16384,4384,833.651,2792.358,811.474,-0.0113
mixed,128,3,0.0234,4.0,64,16384,8192,32768,8768,1505.189,4344.427,1448.067,-0.0201
mixed,128,3,0.0234,4.0,256,0,128,512,137,133.6,215.04,168.144,0.4242
mixed,128,3,0.0234,4.0,256,0,256,1024,274,185.793,267.375,185.792,-0.0
mixed,128,3,0.0234,4.0,256,0,512,2048,548,213.791,367.57,225.362,0.0752
mixed,128,3,0.0234,4.0,256,0,1024,4096,1096,272.318,562.257,322.114,0.1717
mixed,128,3,0.0234,4.0,256,0,2048,8192,2192,379.746,976.227,510.226,0.2187
mixed,128,3,0.0234,4.0,256,0,4096,16384,4384,587.857,1784.356,862.452,0.2295
mixed,128,3,0.0234,4.0,256,0,8192,32768,8768,1032.275,3393.447,1583.108,0.2333
mixed,128,3,0.0234,4.0,256,512,128,512,137,207.296,221.281,205.441,-0.1326
mixed,128,3,0.0234,4.0,256,512,256,1024,274,176.8,282.788,199.585,0.215
mixed,128,3,0.0234,4.0,256,512,512,2048,548,223.889,391.216,222.735,-0.0069
mixed,128,3,0.0234,4.0,256,512,1024,4096,1096,291.122,588.001,293.489,0.008
mixed,128,3,0.0234,4.0,256,512,2048,8192,2192,405.039,984.163,481.424,0.1319
mixed,128,3,0.0234,4.0,256,512,4096,16384,4384,614.515,1793.764,834.163,0.1863
mixed,128,3,0.0234,4.0,256,512,8192,32768,8768,1042.211,3413.993,1553.669,0.2156
mixed,128,3,0.0234,4.0,256,2048,128,512,137,265.714,317.311,266.897,0.0229
mixed,128,3,0.0234,4.0,256,2048,256,1024,274,284.96,307.6,284.384,-0.0254
mixed,128,3,0.0234,4.0,256,2048,512,2048,548,322.176,472.37,340.193,0.12
mixed,128,3,0.0234,4.0,256,2048,1024,4096,1096,322.193,672.497,386.225,0.1828
mixed,128,3,0.0234,4.0,256,2048,2048,8192,2192,490.561,1069.221,472.192,-0.0317
mixed,128,3,0.0234,4.0,256,2048,4096,16384,4384,707.013,1880.452,806.817,0.0851
mixed,128,3,0.0234,4.0,256,2048,8192,32768,8768,1127.634,3488.154,1526.179,0.1688
mixed,128,3,0.0234,4.0,256,8192,128,512,137,503.763,548.466,502.707,-0.0236
mixed,128,3,0.0234,4.0,256,8192,256,1024,274,516.851,602.832,519.135,0.0266
mixed,128,3,0.0234,4.0,256,8192,512,2048,548,550.448,702.081,549.233,-0.008
mixed,128,3,0.0234,4.0,256,8192,1024,4096,1096,607.202,795.62,610.129,0.0155
mixed,128,3,0.0234,4.0,256,8192,2048,8192,2192,713.747,1432.341,851.858,0.1922
mixed,128,3,0.0234,4.0,256,8192,4096,16384,4384,844.226,2235.383,1099.266,0.1833
mixed,128,3,0.0234,4.0,256,8192,8192,32768,8768,1486.42,3847.385,1433.044,-0.0226
mixed,128,3,0.0234,4.0,256,16384,128,512,137,815.313,853.425,811.716,-0.0944
mixed,128,3,0.0234,4.0,256,16384,256,1024,274,826.065,904.355,825.619,-0.0057
mixed,128,3,0.0234,4.0,256,16384,512,2048,548,856.56,1006.1,854.547,-0.0135
mixed,128,3,0.0234,4.0,256,16384,1024,4096,1096,911.397,1210.066,914.145,0.0092
mixed,128,3,0.0234,4.0,256,16384,2048,8192,2192,1020.307,1429.076,1020.833,0.0013
mixed,128,3,0.0234,4.0,256,16384,4096,16384,4384,1232.195,2706.84,1515.268,0.192
mixed,128,3,0.0234,4.0,256,16384,8192,32768,8768,1536.391,4318.604,2046.724,0.1834
mixed,128,3,0.0234,4.0,1024,0,128,512,137,258.433,308.498,279.986,0.4305
mixed,128,3,0.0234,4.0,1024,0,256,1024,274,278.482,361.617,304.96,0.3185
mixed,128,3,0.0234,4.0,1024,0,512,2048,548,309.074,466.001,355.522,0.296
mixed,128,3,0.0234,4.0,1024,0,1024,4096,1096,368.687,668.801,448.406,0.2656
mixed,128,3,0.0234,4.0,1024,0,2048,8192,2192,478.993,1095.315,628.02,0.2418
mixed,128,3,0.0234,4.0,1024,0,4096,16384,4384,694.72,1930.228,981.985,0.2325
mixed,128,3,0.0234,4.0,1024,0,8192,32768,8768,1152.104,3553.178,1710.437,0.2325
mixed,128,3,0.0234,4.0,1024,512,128,512,137,367.796,417.377,389.682,0.4414
mixed,128,3,0.0234,4.0,1024,512,256,1024,274,386.34,473.424,414.615,0.3247
mixed,128,3,0.0234,4.0,1024,512,512,2048,548,418.275,575.091,465.279,0.2997
mixed,128,3,0.0234,4.0,1024,512,1024,4096,1096,479.296,778.371,558.048,0.2633
mixed,128,3,0.0234,4.0,1024,512,2048,8192,2192,588.753,1203.494,740.257,0.2465
mixed,128,3,0.0234,4.0,1024,512,4096,16384,4384,804.179,2045.444,1092.755,0.2325
mixed,128,3,0.0234,4.0,1024,512,8192,32768,8768,1260.623,3669.817,1816.539,0.2307
mixed,128,3,0.0234,4.0,1024,2048,128,512,137,487.6,538.481,509.202,0.4246
mixed,128,3,0.0234,4.0,1024,2048,256,1024,274,507.89,591.572,535.525,0.3302
mixed,128,3,0.0234,4.0,1024,2048,512,2048,548,542.865,696.562,583.697,0.2657
mixed,128,3,0.0234,4.0,1024,2048,1024,4096,1096,598.881,897.327,678.054,0.2653
mixed,128,3,0.0234,4.0,1024,2048,2048,8192,2192,709.814,1322.072,858.961,0.2436
mixed,128,3,0.0234,4.0,1024,2048,4096,16384,4384,923.541,2164.247,1215.395,0.2352
mixed,128,3,0.0234,4.0,1024,2048,8192,32768,8768,1374.181,3785.547,1935.863,0.2329
mixed,128,3,0.0234,4.0,1024,8192,128,512,137,988.304,1036.115,1009.75,0.4486
mixed,128,3,0.0234,4.0,1024,8192,256,1024,274,1007.992,1088.771,1037.871,0.3699
mixed,128,3,0.0234,4.0,1024,8192,512,2048,548,1038.356,1191.702,1082.545,0.2882
mixed,128,3,0.0234,4.0,1024,8192,1024,4096,1096,1094.246,1391.14,1171.924,0.2616
mixed,128,3,0.0234,4.0,1024,8192,2048,8192,2192,1207.379,1801.656,1354.199,0.2471
mixed,128,3,0.0234,4.0,1024,8192,4096,16384,4384,1416.26,2603.524,1710.564,0.2479
mixed,128,3,0.0234,4.0,1024,8192,8192,32768,8768,1853.909,4209.42,2415.332,0.2383
mixed,128,3,0.0234,4.0,1024,16384,128,512,137,1623.412,1675.139,1648.822,0.4912
mixed,128,3,0.0234,4.0,1024,16384,256,1024,274,1642.646,1723.842,1671.287,0.3527
mixed,128,3,0.0234,4.0,1024,16384,512,2048,548,1672.916,1824.722,1721.239,0.3183
mixed,128,3,0.0234,4.0,1024,16384,1024,4096,1096,1732.627,2031.415,1805.606,0.2443
mixed,128,3,0.0234,4.0,1024,16384,2048,8192,2192,1840.881,2434.104,1987.331,0.2469
mixed,128,3,0.0234,4.0,1024,16384,4096,16384,4384,2054.229,3244.025,2342.614,0.2424
mixed,128,3,0.0234,4.0,1024,16384,8192,32768,8768,2492.056,4851.725,3052.268,0.2374
mixed,128,3,0.0234,4.0,4096,0,128,512,137,709.457,761.297,733.265,0.4593
mixed,128,3,0.0234,4.0,4096,0,256,1024,274,730.531,818.099,756.18,0.2929
mixed,128,3,0.0234,4.0,4096,0,512,2048,548,764.721,918.226,806.674,0.2733
mixed,128,3,0.0234,4.0,4096,0,1024,4096,1096,823.429,1122.035,900.881,0.2594
mixed,128,3,0.0234,4.0,4096,0,2048,8192,2192,931.984,1527.027,1082.482,0.2529
mixed,128,3,0.0234,4.0,4096,0,4096,16384,4384,1145.459,2337.032,1432.518,0.2409
mixed,128,3,0.0234,4.0,4096,0,8192,32768,8768,1586.068,3946.732,2144.738,0.2367
mixed,128,3,0.0234,4.0,4096,512,128,512,137,917.494,967.857,939.955,0.446
mixed,128,3,0.0234,4.0,4096,512,256,1024,274,935.428,1022.324,967.843,0.373
mixed,128,3,0.0234,4.0,4096,512,512,2048,548,968.643,1124.1,1014.642,0.2959
mixed,128,3,0.0234,4.0,4096,512,1024,4096,1096,1027.684,1325.331,1108.178,0.2704
mixed,128,3,0.0234,4.0,4096,512,2048,8192,2192,1136.838,1737.235,1285.253,0.2472
mixed,128,3,0.0234,4.0,4096,512,4096,16384,4384,1354.53,2566.615,1639.367,0.235
mixed,128,3,0.0234,4.0,4096,512,8192,32768,8768,1792.996,4190.206,2358.023,0.2357
mixed,128,3,0.0234,4.0,4096,2048,128,512,137,1210.372,1259.315,1232.019,0.4423
mixed,128,3,0.0234,4.0,4096,2048,256,1024,274,1231.605,1310.741,1257.617,0.3287
mixed,128,3,0.0234,4.0,4096,2048,512,2048,548,1263.044,1419.762,1306.976,0.2803
mixed,128,3,0.0234,4.0,4096,2048,1024,4096,1096,1314.997,1616.372,1396.981,0.272
mixed,128,3,0.0234,4.0,4096,2048,2048,8192,2192,1432.646,2037.906,1578.244,0.2406
mixed,128,3,0.0234,4.0,4096,2048,4096,16384,4384,1644.34,2869.785,1929.176,0.2324
mixed,128,3,0.0234,4.0,4096,2048,8192,32768,8768,2097.031,4489.69,2654.581,0.233
mixed,128,3,0.0234,4.0,4096,8192,128,512,137,2346.601,2402.378,2367.945,0.3827
mixed,128,3,0.0234,4.0,4096,8192,256,1024,274,2363.863,2446.532,2395.044,0.3772
mixed,128,3,0.0234,4.0,4096,8192,512,2048,548,2392.489,2546.968,2447.173,0.354
mixed,128,3,0.0234,4.0,4096,8192,1024,4096,1096,2450.117,2757.45,2527.129,0.2506
mixed,128,3,0.0234,4.0,4096,8192,2048,8192,2192,2562.435,3157.738,2705.625,0.2405
mixed,128,3,0.0234,4.0,4096,8192,4096,16384,4384,2774.773,3965.241,3064.087,0.243
mixed,128,3,0.0234,4.0,4096,8192,8192,32768,8768,3219.997,5571.756,3777.333,0.237
mixed,128,3,0.0234,4.0,4096,16384,128,512,137,3819.595,3865.787,3843.867,0.5255
mixed,128,3,0.0234,4.0,4096,16384,256,1024,274,3846.298,3935.772,3871.95,0.2867
mixed,128,3,0.0234,4.0,4096,16384,512,2048,548,3869.896,4021.082,3917.803,0.3169
mixed,128,3,0.0234,4.0,4096,16384,1024,4096,1096,3947.498,4226.909,4002.22,0.1958
mixed,128,3,0.0234,4.0,4096,16384,2048,8192,2192,4056.984,4631.838,4186.097,0.2246
mixed,128,3,0.0234,4.0,4096,16384,4096,16384,4384,4272.302,5453.804,4538.561,0.2254
mixed,128,3,0.0234,4.0,4096,16384,8192,32768,8768,4686.99,7067.719,5268.079,0.2441
pure,128,4,0.0312,4.0,0,0,128,512,140,83.906,150.529,127.809,0.659
pure,128,4,0.0312,4.0,0,0,256,1024,280,121.443,201.856,152.768,0.3895
pure,128,4,0.0312,4.0,0,0,512,2048,560,152.368,307.072,200.065,0.3083
pure,128,4,0.0312,4.0,0,0,1024,4096,1120,211.44,508.001,291.713,0.2707
pure,128,4,0.0312,4.0,0,0,2048,8192,2240,326.274,909.747,470.754,0.2476
pure,128,4,0.0312,4.0,0,0,4096,16384,4480,544.225,1715.555,825.33,0.24
pure,128,4,0.0312,4.0,0,0,8192,32768,8960,984.579,3326.666,1533.3,0.2343
mixed,128,4,0.0312,4.0,16,0,128,512,140,93.873,160.255,141.089,0.7113
mixed,128,4,0.0312,4.0,16,0,256,1024,280,131.441,213.49,164.672,0.405
mixed,128,4,0.0312,4.0,16,0,512,2048,560,164.576,318.447,211.553,0.3053
mixed,128,4,0.0312,4.0,16,0,1024,4096,1120,220.624,518.127,304.27,0.2812
mixed,128,4,0.0312,4.0,16,0,2048,8192,2240,338.865,923.362,485.647,0.2511
mixed,128,4,0.0312,4.0,16,0,4096,16384,4480,552.561,1726.742,841.922,0.2464
mixed,128,4,0.0312,4.0,16,0,8192,32768,8960,996.435,3349.24,1547.347,0.2342
mixed,128,4,0.0312,4.0,16,512,128,512,140,145.472,160.48,145.281,-0.0127
mixed,128,4,0.0312,4.0,16,512,256,1024,280,172.16,214.064,173.794,0.039
mixed,128,4,0.0312,4.0,16,512,512,2048,560,163.65,319.392,211.81,0.3092
mixed,128,4,0.0312,4.0,16,512,1024,4096,1120,223.026,521.507,302.4,0.2659
mixed,128,4,0.0312,4.0,16,512,2048,8192,2240,337.057,927.104,486.947,0.254
mixed,128,4,0.0312,4.0,16,512,4096,16384,4480,555.284,1727.38,834.451,0.2382
mixed,128,4,0.0312,4.0,16,512,8192,32768,8960,995.267,3337.273,1542.5,0.2337
mixed,128,4,0.0312,4.0,16,2048,128,512,140,150.339,214.386,148.369,-0.0308
mixed,128,4,0.0312,4.0,16,2048,256,1024,280,174.113,308.943,175.537,0.0106
mixed,128,4,0.0312,4.0,16,2048,512,2048,560,213.696,317.792,212.882,-0.0078
mixed,128,4,0.0312,4.0,16,2048,1024,4096,1120,325.602,524.447,306.864,-0.0942
mixed,128,4,0.0312,4.0,16,2048,2048,8192,2240,339.186,926.931,480.258,0.24
mixed,128,4,0.0312,4.0,16,2048,4096,16384,4480,555.104,1730.803,834.899,0.238
mixed,128,4,0.0312,4.0,16,2048,8192,32768,8960,997.348,3337.48,1542.006,0.2327
mixed,128,4,0.0312,4.0,16,8192,128,512,140,157.921,212.672,162.399,0.0818
mixed,128,4,0.0312,4.0,16,8192,256,1024,280,172.847,302.259,169.935,-0.0225
mixed,128,4,0.0312,4.0,16,8192,512,2048,560,217.968,475.571,217.089,-0.0034
mixed,128,4,0.0312,4.0,16,8192,1024,4096,1120,313.408,823.539,301.665,-0.023
mixed,128,4,0.0312,4.0,16,8192,2048,8192,2240,505.745,928.916,478.785,-0.0637
mixed,128,4,0.0312,4.0,16,8192,4096,16384,4480,877.634,1731.3,831.937,-0.0535
mixed,128,4,0.0312,4.0,16,8192,8192,32768,8960,1000.179,3345.879,1528.852,0.2254
mixed,128,4,0.0312,4.0,16,16384,128,512,140,182.498,224.368,182.159,-0.0081
mixed,128,4,0.0312,4.0,16,16384,256,1024,280,209.748,297.953,203.553,-0.0702
mixed,128,4,0.0312,4.0,16,16384,512,2048,560,223.729,468.064,219.41,-0.0177
mixed,128,4,0.0312,4.0,16,16384,1024,4096,1120,315.154,817.891,303.632,-0.0229
mixed,128,4,0.0312,4.0,16,16384,2048,8192,2240,500.945,1503.333,476.305,-0.0246
mixed,128,4,0.0312,4.0,16,16384,4096,16384,4480,862.065,1737.815,820.947,-0.047
mixed,128,4,0.0312,4.0,16,16384,8192,32768,8960,1607.637,3347.433,1523.173,-0.0485
mixed,128,4,0.0312,4.0,64,0,128,512,140,113.2,179.041,144.416,0.4741
mixed,128,4,0.0312,4.0,64,0,256,1024,280,150.96,219.712,168.769,0.259
mixed,128,4,0.0312,4.0,64,0,512,2048,560,180.097,326.817,215.569,0.2418
mixed,128,4,0.0312,4.0,64,0,1024,4096,1120,228.561,526.337,309.841,0.273
mixed,128,4,0.0312,4.0,64,0,2048,8192,2240,345.569,930.995,490.401,0.2474
mixed,128,4,0.0312,4.0,64,0,4096,16384,4480,563.136,1740.454,845.92,0.2402
mixed,128,4,0.0312,4.0,64,0,8192,32768,8960,1007.395,3339.706,1553.812,0.2343
mixed,128,4,0.0312,4.0,64,512,128,512,140,145.969,207.105,145.377,-0.0097
mixed,128,4,0.0312,4.0,64,512,256,1024,280,179.312,273.151,175.504,-0.0406
mixed,128,4,0.0312,4.0,64,512,512,2048,560,212.368,379.088,208.607,-0.0226
mixed,128,4,0.0312,4.0,64,512,1024,4096,1120,285.235,574.576,299.633,0.0498
mixed,128,4,0.0312,4.0,64,512,2048,8192,2240,398.16,971.426,482.689,0.1475
mixed,128,4,0.0312,4.0,64,512,4096,16384,4480,609.075,1745.35,833.507,0.1975
mixed,128,4,0.0312,4.0,64,512,8192,32768,8960,1032.628,3337.272,1545.235,0.2224
mixed,128,4,0.0312,4.0,64,2048,128,512,140,177.697,211.507,179.346,0.0488
mixed,128,4,0.0312,4.0,64,2048,256,1024,280,175.314,308.177,170.832,-0.0337
mixed,128,4,0.0312,4.0,64,2048,512,2048,560,217.601,468.705,217.779,0.0007
mixed,128,4,0.0312,4.0,64,2048,1024,4096,1120,316.702,679.49,308.738,-0.022
mixed,128,4,0.0312,4.0,64,2048,2048,8192,2240,498.115,1065.972,471.808,-0.0463
mixed,128,4,0.0312,4.0,64,2048,4096,16384,4480,708.308,1850.26,819.058,0.097
mixed,128,4,0.0312,4.0,64,2048,8192,32768,8960,1138.034,3436.267,1529.267,0.1702
mixed,128,4,0.0312,4.0,64,8192,128,512,140,242.882,268.608,242.546,-0.0131
mixed,128,4,0.0312,4.0,64,8192,256,1024,280,248.0,305.649,250.385,0.0414
mixed,128,4,0.0312,4.0,64,8192,512,2048,560,275.585,471.008,270.562,-0.0257
mixed,128,4,0.0312,4.0,64,8192,1024,4096,1120,318.865,802.562,384.895,0.1365
mixed,128,4,0.0312,4.0,64,8192,2048,8192,2240,502.625,1466.292,474.48,-0.0292
mixed,128,4,0.0312,4.0,64,8192,4096,16384,4480,845.008,2266.454,802.339,-0.03
mixed,128,4,0.0312,4.0,64,8192,8192,32768,8960,1552.037,3813.5,1473.602,-0.0347
mixed,128,4,0.0312,4.0,64,16384,128,512,140,314.064,339.649,314.144,0.0031
mixed,128,4,0.0312,4.0,64,16384,256,1024,280,333.378,394.93,333.57,0.0031
mixed,128,4,0.0312,4.0,64,16384,512,2048,560,338.16,473.971,339.391,0.0091
mixed,128,4,0.0312,4.0,64,16384,1024,4096,1120,414.705,793.457,396.782,-0.0473
mixed,128,4,0.0312,4.0,64,16384,2048,8192,2240,506.865,1450.34,619.664,0.1196
mixed,128,4,0.0312,4.0,64,16384,4096,16384,4480,861.492,2793.735,808.785,-0.0273
mixed,128,4,0.0312,4.0,64,16384,8192,32768,8960,1526.118,4349.354,1455.093,-0.0252
mixed,128,4,0.0312,4.0,256,0,128,512,140,134.431,215.188,168.593,0.423
mixed,128,4,0.0312,4.0,256,0,256,1024,280,186.432,265.504,185.679,-0.0095
mixed,128,4,0.0312,4.0,256,0,512,2048,560,215.938,367.361,225.839,0.0654
mixed,128,4,0.0312,4.0,256,0,1024,4096,1120,275.36,561.729,322.223,0.1636
mixed,128,4,0.0312,4.0,256,0,2048,8192,2240,384.751,977.94,504.433,0.2018
mixed,128,4,0.0312,4.0,256,0,4096,16384,4480,597.377,1779.175,863.472,0.2252
mixed,128,4,0.0312,4.0,256,0,8192,32768,8960,1048.338,3391.928,1577.347,0.2257
mixed,128,4,0.0312,4.0,256,512,128,512,140,207.471,221.169,208.209,0.0539
mixed,128,4,0.0312,4.0,256,512,256,1024,280,179.889,282.575,201.822,0.2136
mixed,128,4,0.0312,4.0,256,512,512,2048,560,223.84,388.113,222.767,-0.0065
mixed,128,4,0.0312,4.0,256,512,1024,4096,1120,293.712,588.113,294.209,0.0017
mixed,128,4,0.0312,4.0,256,512,2048,8192,2240,407.505,986.291,482.352,0.1293
mixed,128,4,0.0312,4.0,256,512,4096,16384,4480,621.746,1790.469,832.547,0.1804
mixed,128,4,0.0312,4.0,256,512,8192,32768,8960,1060.978,3402.152,1549.861,0.2088
mixed,128,4,0.0312,4.0,256,2048,128,512,140,268.608,316.994,264.48,-0.0853
mixed,128,4,0.0312,4.0,256,2048,256,1024,280,286.576,307.041,285.135,-0.0704
mixed,128,4,0.0312,4.0,256,2048,512,2048,560,323.472,471.427,342.608,0.1293
mixed,128,4,0.0312,4.0,256,2048,1024,4096,1120,319.44,674.324,392.865,0.2069
mixed,128,4,0.0312,4.0,256,2048,2048,8192,2240,493.394,1074.115,474.608,-0.0323
mixed,128,4,0.0312,4.0,256,2048,4096,16384,4480,707.474,1874.979,810.739,0.0884
mixed,128,4,0.0312,4.0,256,2048,8192,32768,8960,1144.756,3484.075,1530.34,0.1648
mixed,128,4,0.0312,4.0,256,8192,128,512,140,503.746,546.497,503.201,-0.0127
mixed,128,4,0.0312,4.0,256,8192,256,1024,280,520.32,603.187,520.402,0.001
mixed,128,4,0.0312,4.0,256,8192,512,2048,560,555.058,699.859,552.659,-0.0166
mixed,128,4,0.0312,4.0,256,8192,1024,4096,1120,610.178,794.275,608.96,-0.0066
mixed,128,4,0.0312,4.0,256,8192,2048,8192,2240,718.051,1429.252,856.53,0.1947
mixed,128,4,0.0312,4.0,256,8192,4096,16384,4480,859.299,2234.519,1111.843,0.1836
mixed,128,4,0.0312,4.0,256,8192,8192,32768,8960,1505.924,3848.778,1441.333,-0.0276
mixed,128,4,0.0312,4.0,256,16384,128,512,140,815.858,851.94,815.891,0.0009
mixed,128,4,0.0312,4.0,256,16384,256,1024,280,827.25,906.516,824.562,-0.0339
mixed,128,4,0.0312,4.0,256,16384,512,2048,560,856.498,1006.179,855.299,-0.008
mixed,128,4,0.0312,4.0,256,16384,1024,4096,1120,914.257,1207.748,914.116,-0.0005
mixed,128,4,0.0312,4.0,256,16384,2048,8192,2240,1023.923,1436.13,1025.075,0.0028
mixed,128,4,0.0312,4.0,256,16384,4096,16384,4480,1241.971,2715.11,1524.133,0.1915
mixed,128,4,0.0312,4.0,256,16384,8192,32768,8960,1553.012,4313.453,2035.845,0.1749
mixed,128,4,0.0312,4.0,1024,0,128,512,140,257.567,308.081,280.98,0.4635
mixed,128,4,0.0312,4.0,1024,0,256,1024,280,279.008,361.757,306.51,0.3324
mixed,128,4,0.0312,4.0,1024,0,512,2048,560,311.132,468.517,356.08,0.2856
mixed,128,4,0.0312,4.0,1024,0,1024,4096,1120,373.057,669.329,450.224,0.2605
mixed,128,4,0.0312,4.0,1024,0,2048,8192,2240,484.562,1093.843,630.239,0.2391
mixed,128,4,0.0312,4.0,1024,0,4096,16384,4480,706.355,1933.159,983.267,0.2257
mixed,128,4,0.0312,4.0,1024,0,8192,32768,8960,1172.449,3548.941,1708.738,0.2257
mixed,128,4,0.0312,4.0,1024,512,128,512,140,366.435,418.001,388.754,0.4328
mixed,128,4,0.0312,4.0,1024,512,256,1024,280,387.394,471.857,416.174,0.3407
mixed,128,4,0.0312,4.0,1024,512,512,2048,560,420.099,577.282,463.636,0.277
mixed,128,4,0.0312,4.0,1024,512,1024,4096,1120,480.482,777.486,558.657,0.2632
mixed,128,4,0.0312,4.0,1024,512,2048,8192,2240,594.355,1203.746,739.169,0.2376
mixed,128,4,0.0312,4.0,1024,512,4096,16384,4480,814.436,2045.124,1092.034,0.2256
mixed,128,4,0.0312,4.0,1024,512,8192,32768,8960,1283.795,3667.306,1825.94,0.2275
mixed,128,4,0.0312,4.0,1024,2048,128,512,140,488.669,540.077,513.858,0.49
mixed,128,4,0.0312,4.0,1024,2048,256,1024,280,510.997,591.871,537.781,0.3312
mixed,128,4,0.0312,4.0,1024,2048,512,2048,560,541.55,697.377,586.101,0.2859
mixed,128,4,0.0312,4.0,1024,2048,1024,4096,1120,601.217,900.178,678.837,0.2596
mixed,128,4,0.0312,4.0,1024,2048,2048,8192,2240,714.966,1320.512,858.45,0.2369
mixed,128,4,0.0312,4.0,1024,2048,4096,16384,4480,931.554,2163.128,1211.826,0.2276
mixed,128,4,0.0312,4.0,1024,2048,8192,32768,8960,1397.474,3790.007,1937.415,0.2257
mixed,128,4,0.0312,4.0,1024,8192,128,512,140,989.677,1034.933,1012.547,0.5053
mixed,128,4,0.0312,4.0,1024,8192,256,1024,280,1011.731,1090.066,1039.747,0.3576
mixed,128,4,0.0312,4.0,1024,8192,512,2048,560,1041.172,1194.722,1083.892,0.2782
mixed,128,4,0.0312,4.0,1024,8192,1024,4096,1120,1096.311,1396.052,1177.555,0.271
mixed,128,4,0.0312,4.0,1024,8192,2048,8192,2240,1207.523,1801.684,1355.669,0.2493
mixed,128,4,0.0312,4.0,1024,8192,4096,16384,4480,1429.238,2604.084,1710.568,0.2395
mixed,128,4,0.0312,4.0,1024,8192,8192,32768,8960,1869.861,4208.123,2417.992,0.2344
mixed,128,4,0.0312,4.0,1024,16384,128,512,140,1620.743,1669.071,1649.09,0.5865
mixed,128,4,0.0312,4.0,1024,16384,256,1024,280,1645.007,1724.692,1670.149,0.3155
mixed,128,4,0.0312,4.0,1024,16384,512,2048,560,1675.015,1827.427,1719.539,0.2921
mixed,128,4,0.0312,4.0,1024,16384,1024,4096,1120,1731.505,2032.278,1814.231,0.275
mixed,128,4,0.0312,4.0,1024,16384,2048,8192,2240,1850.917,2438.166,1988.678,0.2346
mixed,128,4,0.0312,4.0,1024,16384,4096,16384,4480,2067.478,3245.876,2345.796,0.2362
mixed,128,4,0.0312,4.0,1024,16384,8192,32768,8960,2508.699,4851.785,3054.858,0.2331
mixed,128,4,0.0312,4.0,4096,0,128,512,140,713.219,761.393,735.188,0.456
mixed,128,4,0.0312,4.0,4096,0,256,1024,280,730.402,816.032,758.673,0.3301
mixed,128,4,0.0312,4.0,4096,0,512,2048,560,761.729,917.089,807.139,0.2923
mixed,128,4,0.0312,4.0,4096,0,1024,4096,1120,825.488,1118.451,903.428,0.266
mixed,128,4,0.0312,4.0,4096,0,2048,8192,2240,940.659,1533.51,1081.571,0.2377
mixed,128,4,0.0312,4.0,4096,0,4096,16384,4480,1157.013,2330.95,1434.821,0.2366
mixed,128,4,0.0312,4.0,4096,0,8192,32768,8960,1603.253,3949.77,2146.07,0.2313
mixed,128,4,0.0312,4.0,4096,512,128,512,140,919.045,968.308,945.814,0.5434
mixed,128,4,0.0312,4.0,4096,512,256,1024,280,937.601,1018.514,967.49,0.3694
mixed,128,4,0.0312,4.0,4096,512,512,2048,560,969.998,1126.142,1018.051,0.3077
mixed,128,4,0.0312,4.0,4096,512,1024,4096,1120,1028.017,1329.331,1106.867,0.2617
mixed,128,4,0.0312,4.0,4096,512,2048,8192,2240,1144.565,1735.639,1287.254,0.2414
mixed,128,4,0.0312,4.0,4096,512,4096,16384,4480,1360.213,2570.871,1641.796,0.2326
mixed,128,4,0.0312,4.0,4096,512,8192,32768,8960,1811.14,4186.375,2350.787,0.2272
mixed,128,4,0.0312,4.0,4096,2048,128,512,140,1210.417,1263.41,1234.82,0.4605
mixed,128,4,0.0312,4.0,4096,2048,256,1024,280,1229.781,1308.993,1258.613,0.364
mixed,128,4,0.0312,4.0,4096,2048,512,2048,560,1264.177,1416.227,1303.456,0.2583
mixed,128,4,0.0312,4.0,4096,2048,1024,4096,1120,1318.117,1619.816,1398.816,0.2675
mixed,128,4,0.0312,4.0,4096,2048,2048,8192,2240,1439.17,2043.956,1577.858,0.2293
mixed,128,4,0.0312,4.0,4096,2048,4096,16384,4480,1651.764,2867.276,1932.386,0.2309
mixed,128,4,0.0312,4.0,4096,2048,8192,32768,8960,2110.678,4478.601,2656.486,0.2305
mixed,128,4,0.0312,4.0,4096,8192,128,512,140,2345.272,2395.88,2366.168,0.4129
mixed,128,4,0.0312,4.0,4096,8192,256,1024,280,2364.825,2447.61,2393.189,0.3426
mixed,128,4,0.0312,4.0,4096,8192,512,2048,560,2394.438,2558.294,2438.168,0.2669
mixed,128,4,0.0312,4.0,4096,8192,1024,4096,1120,2460.867,2751.611,2529.145,0.2348
mixed,128,4,0.0312,4.0,4096,8192,2048,8192,2240,2579.125,3157.93,2706.663,0.2203
mixed,128,4,0.0312,4.0,4096,8192,4096,16384,4480,2793.461,3970.477,3075.289,0.2394
mixed,128,4,0.0312,4.0,4096,8192,8192,32768,8960,3229.37,5566.797,3779.817,0.2355
mixed,128,4,0.0312,4.0,4096,16384,128,512,140,3820.475,3873.113,3848.493,0.5323
mixed,128,4,0.0312,4.0,4096,16384,256,1024,280,3846.298,3922.379,3874.268,0.3676
mixed,128,4,0.0312,4.0,4096,16384,512,2048,560,3873.915,4032.12,3915.42,0.2623
mixed,128,4,0.0312,4.0,4096,16384,1024,4096,1120,3931.981,4242.955,4006.6,0.24
mixed,128,4,0.0312,4.0,4096,16384,2048,8192,2240,4063.514,4630.863,4184.829,0.2138
mixed,128,4,0.0312,4.0,4096,16384,4096,16384,4480,4275.661,5451.153,4543.373,0.2277
mixed,128,4,0.0312,4.0,4096,16384,8192,32768,8960,4715.245,7053.078,5266.078,0.2356
pure,128,8,0.0625,4.0,0,0,128,512,152,83.985,150.785,130.575,0.6975
pure,128,8,0.0625,4.0,0,0,256,1024,304,123.953,201.697,156.912,0.424
pure,128,8,0.0625,4.0,0,0,512,2048,608,159.614,308.848,202.817,0.2895
pure,128,8,0.0625,4.0,0,0,1024,4096,1216,224.624,509.235,296.063,0.251
pure,128,8,0.0625,4.0,0,0,2048,8192,2432,347.045,911.603,477.602,0.2313
pure,128,8,0.0625,4.0,0,0,4096,16384,4864,579.49,1714.003,827.73,0.2188
pure,128,8,0.0625,4.0,0,0,8192,32768,9728,1060.372,3323.0,1542.82,0.2132
mixed,128,8,0.0625,4.0,16,0,128,512,152,94.082,163.312,142.642,0.7014
mixed,128,8,0.0625,4.0,16,0,256,1024,304,134.496,213.362,172.433,0.481
mixed,128,8,0.0625,4.0,16,0,512,2048,608,169.63,320.096,214.947,0.3012
mixed,128,8,0.0625,4.0,16,0,1024,4096,1216,232.755,517.857,309.777,0.2702
mixed,128,8,0.0625,4.0,16,0,2048,8192,2432,358.192,926.931,487.874,0.228
mixed,128,8,0.0625,4.0,16,0,4096,16384,4864,588.336,1727.731,840.836,0.2216
mixed,128,8,0.0625,4.0,16,0,8192,32768,9728,1069.748,3333.464,1548.773,0.2116
mixed,128,8,0.0625,4.0,16,512,128,512,152,145.327,161.554,147.44,0.1302
mixed,128,8,0.0625,4.0,16,512,256,1024,304,174.914,212.08,174.431,-0.013
mixed,128,8,0.0625,4.0,16,512,512,2048,608,170.91,320.498,213.505,0.2847
mixed,128,8,0.0625,4.0,16,512,1024,4096,1216,233.249,519.618,306.274,0.255
mixed,128,8,0.0625,4.0,16,512,2048,8192,2432,357.904,924.449,486.529,0.227
mixed,128,8,0.0625,4.0,16,512,4096,16384,4864,593.843,1728.422,841.218,0.218
mixed,128,8,0.0625,4.0,16,512,8192,32768,9728,1072.581,3339.929,1548.195,0.2098
mixed,128,8,0.0625,4.0,16,2048,128,512,152,153.344,211.12,149.248,-0.0709
mixed,128,8,0.0625,4.0,16,2048,256,1024,304,175.391,311.234,177.058,0.0123
mixed,128,8,0.0625,4.0,16,2048,512,2048,608,226.096,316.512,214.64,-0.1267
mixed,128,8,0.0625,4.0,16,2048,1024,4096,1216,340.257,523.425,311.665,-0.1561
mixed,128,8,0.0625,4.0,16,2048,2048,8192,2432,357.713,929.125,485.664,0.2239
mixed,128,8,0.0625,4.0,16,2048,4096,16384,4864,597.714,1727.349,835.202,0.2102
mixed,128,8,0.0625,4.0,16,2048,8192,32768,9728,1074.099,3334.455,1544.134,0.2079
mixed,128,8,0.0625,4.0,16,8192,128,512,152,155.983,212.322,180.431,0.4339
mixed,128,8,0.0625,4.0,16,8192,256,1024,304,178.319,302.096,172.736,-0.0451
mixed,128,8,0.0625,4.0,16,8192,512,2048,608,229.856,475.376,219.616,-0.0417
mixed,128,8,0.0625,4.0,16,8192,1024,4096,1216,334.705,826.866,305.697,-0.0589
mixed,128,8,0.0625,4.0,16,8192,2048,8192,2432,538.322,930.385,484.096,-0.1383
mixed,128,8,0.0625,4.0,16,8192,4096,16384,4864,921.524,1735.269,835.231,-0.106
mixed,128,8,0.0625,4.0,16,8192,8192,32768,9728,1079.075,3345.61,1533.253,0.2004
mixed,128,8,0.0625,4.0,16,16384,128,512,152,185.056,220.21,187.424,0.0673
mixed,128,8,0.0625,4.0,16,16384,256,1024,304,213.472,299.779,208.752,-0.0547
mixed,128,8,0.0625,4.0,16,16384,512,2048,608,228.848,471.874,217.568,-0.0464
mixed,128,8,0.0625,4.0,16,16384,1024,4096,1216,334.498,819.043,307.442,-0.0558
mixed,128,8,0.0625,4.0,16,16384,2048,8192,2432,531.761,1504.95,481.408,-0.0517
mixed,128,8,0.0625,4.0,16,16384,4096,16384,4864,938.211,1737.731,823.747,-0.1432
mixed,128,8,0.0625,4.0,16,16384,8192,32768,9728,1677.892,3344.313,1526.214,-0.091
mixed,128,8,0.0625,4.0,64,0,128,512,152,113.473,176.929,146.305,0.5174
mixed,128,8,0.0625,4.0,64,0,256,1024,304,156.433,219.535,176.705,0.3213
mixed,128,8,0.0625,4.0,64,0,512,2048,608,188.032,327.296,217.6,0.2123
mixed,128,8,0.0625,4.0,64,0,1024,4096,1216,241.363,525.763,310.034,0.2415
mixed,128,8,0.0625,4.0,64,0,2048,8192,2432,364.786,930.723,494.816,0.2298
mixed,128,8,0.0625,4.0,64,0,4096,16384,4864,599.024,1735.909,845.444,0.2167
mixed,128,8,0.0625,4.0,64,0,8192,32768,9728,1077.427,3344.087,1553.606,0.2101
mixed,128,8,0.0625,4.0,64,512,128,512,152,146.495,207.937,144.881,-0.0263
mixed,128,8,0.0625,4.0,64,512,256,1024,304,180.08,271.857,176.033,-0.0441
mixed,128,8,0.0625,4.0,64,512,512,2048,608,224.863,380.224,213.665,-0.0721
mixed,128,8,0.0625,4.0,64,512,1024,4096,1216,296.769,572.561,303.056,0.0228
mixed,128,8,0.0625,4.0,64,512,2048,8192,2432,414.434,969.219,485.922,0.1289
mixed,128,8,0.0625,4.0,64,512,4096,16384,4864,645.441,1745.973,836.324,0.1734
mixed,128,8,0.0625,4.0,64,512,8192,32768,9728,1107.987,3353.001,1548.404,0.1962
mixed,128,8,0.0625,4.0,64,2048,128,512,152,178.305,212.479,178.192,-0.0033
mixed,128,8,0.0625,4.0,64,2048,256,1024,304,181.665,306.016,170.879,-0.0867
mixed,128,8,0.0625,4.0,64,2048,512,2048,608,233.011,468.367,219.952,-0.0555
mixed,128,8,0.0625,4.0,64,2048,1024,4096,1216,334.145,678.897,311.76,-0.0649
mixed,128,8,0.0625,4.0,64,2048,2048,8192,2432,516.544,1070.179,478.88,-0.068
mixed,128,8,0.0625,4.0,64,2048,4096,16384,4864,750.674,1845.705,822.832,0.0659
mixed,128,8,0.0625,4.0,64,2048,8192,32768,9728,1211.01,3396.569,1531.364,0.1466
mixed,128,8,0.0625,4.0,64,8192,128,512,152,243.665,268.385,243.41,-0.0103
mixed,128,8,0.0625,4.0,64,8192,256,1024,304,250.032,305.106,248.401,-0.0296
mixed,128,8,0.0625,4.0,64,8192,512,2048,608,288.832,470.817,273.169,-0.0861
mixed,128,8,0.0625,4.0,64,8192,1024,4096,1216,339.281,802.147,377.6,0.0828
mixed,128,8,0.0625,4.0,64,8192,2048,8192,2432,534.13,1467.186,485.236,-0.0524
mixed,128,8,0.0625,4.0,64,8192,4096,16384,4864,880.323,2264.726,812.979,-0.0486
mixed,128,8,0.0625,4.0,64,8192,8192,32768,9728,1625.204,3816.425,1477.314,-0.0675
mixed,128,8,0.0625,4.0,64,16384,128,512,152,316.064,339.937,315.809,-0.0107
mixed,128,8,0.0625,4.0,64,16384,256,1024,304,333.135,397.394,344.193,0.1721
mixed,128,8,0.0625,4.0,64,16384,512,2048,608,350.851,473.154,336.128,-0.1204
mixed,128,8,0.0625,4.0,64,16384,1024,4096,1216,442.915,800.611,399.171,-0.1223
mixed,128,8,0.0625,4.0,64,16384,2048,8192,2432,541.456,1443.957,624.096,0.0916
mixed,128,8,0.0625,4.0,64,16384,4096,16384,4864,921.344,2795.174,823.746,-0.0521
mixed,128,8,0.0625,4.0,64,16384,8192,32768,9728,1596.499,4365.77,1471.747,-0.045
mixed,128,8,0.0625,4.0,256,0,128,512,152,136.416,213.183,169.089,0.4256
mixed,128,8,0.0625,4.0,256,0,256,1024,304,188.673,266.24,189.808,0.0146
mixed,128,8,0.0625,4.0,256,0,512,2048,608,222.466,366.943,238.178,0.1087
mixed,128,8,0.0625,4.0,256,0,1024,4096,1216,288.207,561.377,333.362,0.1653
mixed,128,8,0.0625,4.0,256,0,2048,8192,2432,404.049,974.8,514.946,0.1943
mixed,128,8,0.0625,4.0,256,0,4096,16384,4864,638.769,1783.701,869.955,0.2019
mixed,128,8,0.0625,4.0,256,0,8192,32768,9728,1125.731,3395.88,1583.348,0.2016
mixed,128,8,0.0625,4.0,256,512,128,512,152,208.512,221.073,222.977,1.1515
mixed,128,8,0.0625,4.0,256,512,256,1024,304,181.935,284.833,201.136,0.1866
mixed,128,8,0.0625,4.0,256,512,512,2048,608,234.017,389.394,225.25,-0.0564
mixed,128,8,0.0625,4.0,256,512,1024,4096,1216,304.034,587.043,322.642,0.0657
mixed,128,8,0.0625,4.0,256,512,2048,8192,2432,426.05,988.082,492.865,0.1189
mixed,128,8,0.0625,4.0,256,512,4096,16384,4864,658.676,1789.396,848.866,0.1682
mixed,128,8,0.0625,4.0,256,512,8192,32768,9728,1129.444,3404.12,1559.155,0.1889
mixed,128,8,0.0625,4.0,256,2048,128,512,152,268.578,319.153,265.264,-0.0655
mixed,128,8,0.0625,4.0,256,2048,256,1024,304,290.305,308.978,329.074,2.0763
mixed,128,8,0.0625,4.0,256,2048,512,2048,608,332.017,474.049,350.833,0.1325
mixed,128,8,0.0625,4.0,256,2048,1024,4096,1216,342.144,674.898,391.905,0.1495
mixed,128,8,0.0625,4.0,256,2048,2048,8192,2432,510.066,1070.354,476.208,-0.0604
mixed,128,8,0.0625,4.0,256,2048,4096,16384,4864,745.186,1879.044,843.363,0.0866
mixed,128,8,0.0625,4.0,256,2048,8192,32768,9728,1218.259,3482.745,1548.258,0.1457
mixed,128,8,0.0625,4.0,256,8192,128,512,152,505.539,546.738,506.321,0.019
mixed,128,8,0.0625,4.0,256,8192,256,1024,304,521.553,602.769,521.519,-0.0004
mixed,128,8,0.0625,4.0,256,8192,512,2048,608,558.399,702.049,556.786,-0.0112
mixed,128,8,0.0625,4.0,256,8192,1024,4096,1216,621.987,797.474,825.986,1.1625
mixed,128,8,0.0625,4.0,256,8192,2048,8192,2432,739.248,1432.789,862.515,0.1777
mixed,128,8,0.0625,4.0,256,8192,4096,16384,4864,920.98,2235.413,1106.051,0.1408
mixed,128,8,0.0625,4.0,256,8192,8192,32768,9728,1578.869,3834.427,1521.252,-0.0255
mixed,128,8,0.0625,4.0,256,16384,128,512,152,812.146,852.707,812.531,0.0095
mixed,128,8,0.0625,4.0,256,16384,256,1024,304,827.794,906.178,825.539,-0.0288
mixed,128,8,0.0625,4.0,256,16384,512,2048,608,863.074,1007.3,859.554,-0.0244
mixed,128,8,0.0625,4.0,256,16384,1024,4096,1216,927.732,1211.107,924.514,-0.0114
mixed,128,8,0.0625,4.0,256,16384,2048,8192,2432,1045.553,1443.86,1469.123,1.0634
mixed,128,8,0.0625,4.0,256,16384,4096,16384,4864,1281.683,2704.518,1538.644,0.1806
mixed,128,8,0.0625,4.0,256,16384,8192,32768,9728,1672.948,4319.852,2049.188,0.1421
mixed,128,8,0.0625,4.0,1024,0,128,512,152,260.59,309.457,283.983,0.4787
mixed,128,8,0.0625,4.0,1024,0,256,1024,304,279.679,363.039,310.561,0.3705
mixed,128,8,0.0625,4.0,1024,0,512,2048,608,320.273,466.353,357.348,0.2538
mixed,128,8,0.0625,4.0,1024,0,1024,4096,1216,382.048,667.057,452.322,0.2466
mixed,128,8,0.0625,4.0,1024,0,2048,8192,2432,506.097,1093.937,633.889,0.2174
mixed,128,8,0.0625,4.0,1024,0,4096,16384,4864,744.645,1935.273,986.578,0.2032
mixed,128,8,0.0625,4.0,1024,0,8192,32768,9728,1247.636,3556.843,1718.293,0.2038
mixed,128,8,0.0625,4.0,1024,512,128,512,152,366.755,417.393,392.909,0.5165
mixed,128,8,0.0625,4.0,1024,512,256,1024,304,390.854,471.871,418.325,0.3391
mixed,128,8,0.0625,4.0,1024,512,512,2048,608,428.16,575.445,466.147,0.2579
mixed,128,8,0.0625,4.0,1024,512,1024,4096,1216,492.914,778.145,563.267,0.2467
mixed,128,8,0.0625,4.0,1024,512,2048,8192,2432,617.058,1206.29,745.073,0.2173
mixed,128,8,0.0625,4.0,1024,512,4096,16384,4864,854.297,2045.847,1095.828,0.2027
mixed,128,8,0.0625,4.0,1024,512,8192,32768,9728,1357.512,3669.293,1822.13,0.201
mixed,128,8,0.0625,4.0,1024,2048,128,512,152,489.359,538.977,513.267,0.4818
mixed,128,8,0.0625,4.0,1024,2048,256,1024,304,513.379,592.688,540.693,0.3444
mixed,128,8,0.0625,4.0,1024,2048,512,2048,608,549.409,697.727,586.704,0.2515
mixed,128,8,0.0625,4.0,1024,2048,1024,4096,1216,615.653,899.297,681.472,0.232
mixed,128,8,0.0625,4.0,1024,2048,2048,8192,2432,734.77,1320.821,862.787,0.2184
mixed,128,8,0.0625,4.0,1024,2048,4096,16384,4864,972.066,2163.412,1219.012,0.2073
mixed,128,8,0.0625,4.0,1024,2048,8192,32768,9728,1477.653,3779.627,1945.427,0.2032
mixed,128,8,0.0625,4.0,1024,8192,128,512,152,989.777,1038.035,1016.226,0.5481
mixed,128,8,0.0625,4.0,1024,8192,256,1024,304,1012.065,1085.031,1042.648,0.4191
mixed,128,8,0.0625,4.0,1024,8192,512,2048,608,1048.624,1195.249,1086.178,0.2561
mixed,128,8,0.0625,4.0,1024,8192,1024,4096,1216,1108.739,1393.878,1177.522,0.2412
mixed,128,8,0.0625,4.0,1024,8192,2048,8192,2432,1231.266,1802.023,1362.755,0.2304
mixed,128,8,0.0625,4.0,1024,8192,4096,16384,4864,1467.061,2605.064,1712.374,0.2156
mixed,128,8,0.0625,4.0,1024,8192,8192,32768,9728,1951.941,4208.238,2422.248,0.2084
mixed,128,8,0.0625,4.0,1024,16384,128,512,152,1623.813,1670.055,1653.012,0.6314
mixed,128,8,0.0625,4.0,1024,16384,256,1024,304,1643.764,1721.222,1671.558,0.3588
mixed,128,8,0.0625,4.0,1024,16384,512,2048,608,1678.372,1826.66,1721.707,0.2922
mixed,128,8,0.0625,4.0,1024,16384,1024,4096,1216,1745.494,2031.079,1809.907,0.2255
mixed,128,8,0.0625,4.0,1024,16384,2048,8192,2432,1866.867,2434.423,1988.981,0.2152
mixed,128,8,0.0625,4.0,1024,16384,4096,16384,4864,2106.823,3237.74,2344.583,0.2102
mixed,128,8,0.0625,4.0,1024,16384,8192,32768,9728,2584.327,4846.635,3057.978,0.2094
mixed,128,8,0.0625,4.0,4096,0,128,512,152,712.196,760.912,737.107,0.5114
mixed,128,8,0.0625,4.0,4096,0,256,1024,304,733.936,816.945,764.562,0.369
mixed,128,8,0.0625,4.0,4096,0,512,2048,608,771.282,921.747,810.368,0.2598
mixed,128,8,0.0625,4.0,4096,0,1024,4096,1216,835.522,1123.841,904.64,0.2397
mixed,128,8,0.0625,4.0,4096,0,2048,8192,2432,956.931,1532.101,1089.699,0.2308
mixed,128,8,0.0625,4.0,4096,0,4096,16384,4864,1193.682,2342.807,1437.11,0.2118
mixed,128,8,0.0625,4.0,4096,0,8192,32768,9728,1672.822,3943.019,2154.213,0.212
mixed,128,8,0.0625,4.0,4096,512,128,512,152,921.589,969.205,944.675,0.4848
mixed,128,8,0.0625,4.0,4096,512,256,1024,304,941.251,1021.202,970.05,0.3602
mixed,128,8,0.0625,4.0,4096,512,512,2048,608,976.466,1125.925,1018.609,0.282
mixed,128,8,0.0625,4.0,4096,512,1024,4096,1216,1039.536,1327.57,1110.965,0.248
mixed,128,8,0.0625,4.0,4096,512,2048,8192,2432,1163.797,1736.406,1293.378,0.2263
mixed,128,8,0.0625,4.0,4096,512,4096,16384,4864,1402.611,2562.936,1646.935,0.2106
mixed,128,8,0.0625,4.0,4096,512,8192,32768,9728,1890.1,4192.794,2358.612,0.2035
mixed,128,8,0.0625,4.0,4096,2048,128,512,152,1212.276,1258.706,1236.485,0.5214
mixed,128,8,0.0625,4.0,4096,2048,256,1024,304,1231.362,1308.067,1261.395,0.3915
mixed,128,8,0.0625,4.0,4096,2048,512,2048,608,1267.718,1418.979,1307.765,0.2648
mixed,128,8,0.0625,4.0,4096,2048,1024,4096,1216,1338.005,1620.01,1402.067,0.2272
mixed,128,8,0.0625,4.0,4096,2048,2048,8192,2432,1455.476,2037.08,1586.243,0.2248
mixed,128,8,0.0625,4.0,4096,2048,4096,16384,4864,1689.749,2871.526,1934.95,0.2075
mixed,128,8,0.0625,4.0,4096,2048,8192,32768,9728,2193.719,4481.551,2663.081,0.2052
mixed,128,8,0.0625,4.0,4096,8192,128,512,152,2354.791,2388.299,2372.343,0.5238
mixed,128,8,0.0625,4.0,4096,8192,256,1024,304,2366.987,2446.633,2408.89,0.5261
mixed,128,8,0.0625,4.0,4096,8192,512,2048,608,2403.287,2553.065,2441.881,0.2577
mixed,128,8,0.0625,4.0,4096,8192,1024,4096,1216,2463.847,2753.164,2532.583,0.2376
mixed,128,8,0.0625,4.0,4096,8192,2048,8192,2432,2584.854,3163.082,2725.176,0.2427
mixed,128,8,0.0625,4.0,4096,8192,4096,16384,4864,2830.809,3971.744,3064.253,0.2046
mixed,128,8,0.0625,4.0,4096,8192,8192,32768,9728,3310.478,5568.853,3783.517,0.2095
mixed,128,8,0.0625,4.0,4096,16384,128,512,152,3833.31,3873.868,3849.203,0.3919
mixed,128,8,0.0625,4.0,4096,16384,256,1024,304,3842.09,3926.751,3903.036,0.7199
mixed,128,8,0.0625,4.0,4096,16384,512,2048,608,3880.911,4025.201,3933.551,0.3648
mixed,128,8,0.0625,4.0,4096,16384,1024,4096,1216,3940.539,4241.869,4005.019,0.214
mixed,128,8,0.0625,4.0,4096,16384,2048,8192,2432,4063.741,4638.672,4185.312,0.2115
mixed,128,8,0.0625,4.0,4096,16384,4096,16384,4864,4322.686,5448.565,4545.37,0.1978
mixed,128,8,0.0625,4.0,4096,16384,8192,32768,9728,4784.417,7056.123,5251.841,0.2058
pure,128,16,0.125,4.0,0,0,128,512,176,85.616,150.704,131.744,0.7087
pure,128,16,0.125,4.0,0,0,256,1024,352,130.0,201.985,159.088,0.4041
pure,128,16,0.125,4.0,0,0,512,2048,704,171.186,308.548,205.409,0.2491
pure,128,16,0.125,4.0,0,0,1024,4096,1408,244.399,506.978,299.89,0.2113
pure,128,16,0.125,4.0,0,0,2048,8192,2816,385.794,910.177,485.233,0.1896
pure,128,16,0.125,4.0,0,0,4096,16384,5632,663.233,1715.622,839.955,0.1679
pure,128,16,0.125,4.0,0,0,8192,32768,11264,1212.66,3322.46,1552.644,0.1611
mixed,128,16,0.125,4.0,16,0,128,512,176,95.888,160.353,139.888,0.6825
mixed,128,16,0.125,4.0,16,0,256,1024,352,141.408,213.455,175.376,0.4715
mixed,128,16,0.125,4.0,16,0,512,2048,704,180.321,318.705,219.409,0.2825
mixed,128,16,0.125,4.0,16,0,1024,4096,1408,254.785,519.026,313.33,0.2216
mixed,128,16,0.125,4.0,16,0,2048,8192,2816,396.178,920.61,496.192,0.1907
mixed,128,16,0.125,4.0,16,0,4096,16384,5632,671.952,1734.005,854.673,0.172
mixed,128,16,0.125,4.0,16,0,8192,32768,11264,1229.731,3338.088,1565.38,0.1592
mixed,128,16,0.125,4.0,16,512,128,512,176,147.935,159.76,142.657,-0.4463
mixed,128,16,0.125,4.0,16,512,256,1024,352,183.808,212.911,178.081,-0.1968
mixed,128,16,0.125,4.0,16,512,512,2048,704,181.536,320.244,217.361,0.2583
mixed,128,16,0.125,4.0,16,512,1024,4096,1408,253.712,521.986,313.442,0.2226
mixed,128,16,0.125,4.0,16,512,2048,8192,2816,401.632,930.433,498.867,0.1839
mixed,128,16,0.125,4.0,16,512,4096,16384,5632,670.242,1727.044,855.282,0.1751
mixed,128,16,0.125,4.0,16,512,8192,32768,11264,1227.107,3339.354,1566.851,0.1608
mixed,128,16,0.125,4.0,16,2048,128,512,176,154.993,211.377,154.384,-0.0108
mixed,128,16,0.125,4.0,16,2048,256,1024,352,187.184,307.281,171.52,-0.1304
mixed,128,16,0.125,4.0,16,2048,512,2048,704,253.344,319.202,220.098,-0.5048
mixed,128,16,0.125,4.0,16,2048,1024,4096,1408,360.927,520.913,320.608,-0.252
mixed,128,16,0.125,4.0,16,2048,2048,8192,2816,403.007,925.042,497.409,0.1808
mixed,128,16,0.125,4.0,16,2048,4096,16384,5632,675.907,1724.774,852.354,0.1682
mixed,128,16,0.125,4.0,16,2048,8192,32768,11264,1226.517,3337.097,1577.11,0.1661
mixed,128,16,0.125,4.0,16,8192,128,512,176,161.425,215.264,162.402,0.0181
mixed,128,16,0.125,4.0,16,8192,256,1024,352,184.292,301.457,174.48,-0.0837
mixed,128,16,0.125,4.0,16,8192,512,2048,704,249.328,475.312,219.585,-0.1316
mixed,128,16,0.125,4.0,16,8192,1024,4096,1408,364.833,820.29,311.745,-0.1166
mixed,128,16,0.125,4.0,16,8192,2048,8192,2816,610.865,930.914,490.977,-0.3746
mixed,128,16,0.125,4.0,16,8192,4096,16384,5632,992.867,1737.013,853.362,-0.1875
mixed,128,16,0.125,4.0,16,8192,8192,32768,11264,1230.866,3340.042,1573.124,0.1623
mixed,128,16,0.125,4.0,16,16384,128,512,176,188.209,219.311,184.642,-0.1147
mixed,128,16,0.125,4.0,16,16384,256,1024,352,225.056,300.225,208.101,-0.2256
mixed,128,16,0.125,4.0,16,16384,512,2048,704,246.386,473.298,257.599,0.0494
mixed,128,16,0.125,4.0,16,16384,1024,4096,1408,365.297,821.476,313.664,-0.1132
mixed,128,16,0.125,4.0,16,16384,2048,8192,2816,598.896,1502.661,491.09,-0.1193
mixed,128,16,0.125,4.0,16,16384,4096,16384,5632,1075.668,1736.277,840.274,-0.3563
mixed,128,16,0.125,4.0,16,16384,8192,32768,11264,1835.701,3341.803,1562.707,-0.1813
mixed,128,16,0.125,4.0,64,0,128,512,176,116.16,177.055,142.512,0.4327
mixed,128,16,0.125,4.0,64,0,256,1024,352,162.575,218.402,180.112,0.3141
mixed,128,16,0.125,4.0,64,0,512,2048,704,197.744,326.226,219.873,0.1722
mixed,128,16,0.125,4.0,64,0,1024,4096,1408,261.57,528.72,318.623,0.2136
mixed,128,16,0.125,4.0,64,0,2048,8192,2816,405.648,933.601,501.522,0.1816
mixed,128,16,0.125,4.0,64,0,4096,16384,5632,679.778,1732.644,859.33,0.1705
mixed,128,16,0.125,4.0,64,0,8192,32768,11264,1236.261,3352.185,1569.554,0.1575
mixed,128,16,0.125,4.0,64,512,128,512,176,147.503,207.809,147.826,0.0053
mixed,128,16,0.125,4.0,64,512,256,1024,352,187.779,275.488,168.24,-0.2228
mixed,128,16,0.125,4.0,64,512,512,2048,704,237.249,381.793,217.553,-0.1363
mixed,128,16,0.125,4.0,64,512,1024,4096,1408,317.393,576.433,309.729,-0.0296
mixed,128,16,0.125,4.0,64,512,2048,8192,2816,456.178,964.131,497.727,0.0818
mixed,128,16,0.125,4.0,64,512,4096,16384,5632,723.858,1738.134,850.881,0.1252
mixed,128,16,0.125,4.0,64,512,8192,32768,11264,1260.692,3347.592,1564.309,0.1455
mixed,128,16,0.125,4.0,64,2048,128,512,176,179.874,212.032,170.43,-0.2936
mixed,128,16,0.125,4.0,64,2048,256,1024,352,183.665,307.712,192.577,0.0718
mixed,128,16,0.125,4.0,64,2048,512,2048,704,244.337,467.985,218.833,-0.114
mixed,128,16,0.125,4.0,64,2048,1024,4096,1408,359.265,684.226,315.505,-0.1347
mixed,128,16,0.125,4.0,64,2048,2048,8192,2816,552.659,1073.139,483.826,-0.1322
mixed,128,16,0.125,4.0,64,2048,4096,16384,5632,821.202,1844.629,843.907,0.0222
mixed,128,16,0.125,4.0,64,2048,8192,32768,11264,1355.572,3380.521,1571.524,0.1066
mixed,128,16,0.125,4.0,64,8192,128,512,176,244.016,267.185,233.362,-0.4598
mixed,128,16,0.125,4.0,64,8192,256,1024,352,271.296,303.25,252.034,-0.6028
mixed,128,16,0.125,4.0,64,8192,512,2048,704,321.858,467.233,311.12,-0.0739
mixed,128,16,0.125,4.0,64,8192,1024,4096,1408,373.922,804.93,391.472,0.0407
mixed,128,16,0.125,4.0,64,8192,2048,8192,2816,593.041,1465.333,482.305,-0.1269
mixed,128,16,0.125,4.0,64,8192,4096,16384,5632,957.315,2267.718,823.009,-0.1025
mixed,128,16,0.125,4.0,64,8192,8192,32768,11264,1774.053,3815.98,1514.933,-0.1269
mixed,128,16,0.125,4.0,64,16384,128,512,176,315.841,340.256,319.2,0.1376
mixed,128,16,0.125,4.0,64,16384,256,1024,352,350.69,395.232,346.274,-0.0991
mixed,128,16,0.125,4.0,64,16384,512,2048,704,390.848,476.479,391.57,0.0084
mixed,128,16,0.125,4.0,64,16384,1024,4096,1408,496.881,795.49,484.098,-0.0428
mixed,128,16,0.125,4.0,64,16384,2048,8192,2816,602.817,1440.853,634.498,0.0378
mixed,128,16,0.125,4.0,64,16384,4096,16384,5632,1033.108,2790.376,813.747,-0.1248
mixed,128,16,0.125,4.0,64,16384,8192,32768,11264,1749.524,4369.691,1502.34,-0.0943
mixed,128,16,0.125,4.0,256,0,128,512,176,137.888,214.258,171.233,0.4366
mixed,128,16,0.125,4.0,256,0,256,1024,352,196.162,265.616,192.048,-0.0592
mixed,128,16,0.125,4.0,256,0,512,2048,704,234.096,366.532,242.272,0.0617
mixed,128,16,0.125,4.0,256,0,1024,4096,1408,302.624,562.479,336.962,0.1321
mixed,128,16,0.125,4.0,256,0,2048,8192,2816,441.041,976.866,520.114,0.1476
mixed,128,16,0.125,4.0,256,0,4096,16384,5632,720.466,1784.58,871.858,0.1423
mixed,128,16,0.125,4.0,256,0,8192,32768,11264,1283.267,3391.032,1587.892,0.1445
mixed,128,16,0.125,4.0,256,512,128,512,176,211.616,220.704,223.648,1.3239
mixed,128,16,0.125,4.0,256,512,256,1024,352,191.423,283.152,199.28,0.0856
mixed,128,16,0.125,4.0,256,512,512,2048,704,248.963,389.824,231.12,-0.1267
mixed,128,16,0.125,4.0,256,512,1024,4096,1408,326.672,588.801,323.394,-0.0125
mixed,128,16,0.125,4.0,256,512,2048,8192,2816,465.745,983.843,504.384,0.0746
mixed,128,16,0.125,4.0,256,512,4096,16384,5632,730.786,1794.983,857.7,0.1193
mixed,128,16,0.125,4.0,256,512,8192,32768,11264,1289.476,3396.265,1571.524,0.1339
mixed,128,16,0.125,4.0,256,2048,128,512,176,270.096,317.682,283.312,0.2777
mixed,128,16,0.125,4.0,256,2048,256,1024,352,298.096,307.489,331.762,3.5841
mixed,128,16,0.125,4.0,256,2048,512,2048,704,340.88,471.889,372.257,0.2395
mixed,128,16,0.125,4.0,256,2048,1024,4096,1408,373.49,672.849,392.447,0.0633
mixed,128,16,0.125,4.0,256,2048,2048,8192,2816,554.736,1076.258,492.544,-0.1193
mixed,128,16,0.125,4.0,256,2048,4096,16384,5632,821.875,1880.468,844.115,0.021
mixed,128,16,0.125,4.0,256,2048,8192,32768,11264,1371.428,3491.369,1553.619,0.0859
mixed,128,16,0.125,4.0,256,8192,128,512,176,506.595,548.625,504.64,-0.0465
mixed,128,16,0.125,4.0,256,8192,256,1024,352,527.25,600.594,522.673,-0.0624
mixed,128,16,0.125,4.0,256,8192,512,2048,704,569.266,704.115,656.945,0.6502
mixed,128,16,0.125,4.0,256,8192,1024,4096,1408,640.561,798.755,830.882,1.2031
mixed,128,16,0.125,4.0,256,8192,2048,8192,2816,781.824,1431.971,880.099,0.1512
mixed,128,16,0.125,4.0,256,8192,4096,16384,5632,1042.885,2237.207,1107.557,0.0541
mixed,128,16,0.125,4.0,256,8192,8192,32768,11264,1728.308,3850.139,1522.58,-0.097
mixed,128,16,0.125,4.0,256,16384,128,512,176,812.85,851.603,814.418,0.0405
mixed,128,16,0.125,4.0,256,16384,256,1024,352,833.682,906.549,829.521,-0.0571
mixed,128,16,0.125,4.0,256,16384,512,2048,704,871.698,1005.699,867.634,-0.0303
mixed,128,16,0.125,4.0,256,16384,1024,4096,1408,948.338,1215.827,1135.938,0.7013
mixed,128,16,0.125,4.0,256,16384,2048,8192,2816,1083.043,1438.308,1478.709,1.1137
mixed,128,16,0.125,4.0,256,16384,4096,16384,5632,1359.492,2716.791,1548.357,0.1391
mixed,128,16,0.125,4.0,256,16384,8192,32768,11264,1920.805,4299.898,2065.573,0.0609
mixed,128,16,0.125,4.0,1024,0,128,512,176,261.154,308.205,289.362,0.5995
mixed,128,16,0.125,4.0,1024,0,256,1024,352,287.184,363.424,313.858,0.3499
mixed,128,16,0.125,4.0,1024,0,512,2048,704,330.067,466.594,361.809,0.2325
mixed,128,16,0.125,4.0,1024,0,1024,4096,1408,403.905,670.962,459.444,0.208
mixed,128,16,0.125,4.0,1024,0,2048,8192,2816,548.723,1097.894,642.755,0.1712
mixed,128,16,0.125,4.0,1024,0,4096,16384,5632,828.819,1932.391,996.528,0.152
mixed,128,16,0.125,4.0,1024,0,8192,32768,11264,1411.655,3551.608,1739.782,0.1533
mixed,128,16,0.125,4.0,1024,512,128,512,176,370.675,418.272,396.451,0.5415
mixed,128,16,0.125,4.0,1024,512,256,1024,352,395.634,473.38,421.952,0.3385
mixed,128,16,0.125,4.0,1024,512,512,2048,704,438.498,574.85,470.562,0.2352
mixed,128,16,0.125,4.0,1024,512,1024,4096,1408,513.202,779.3,567.588,0.2044
mixed,128,16,0.125,4.0,1024,512,2048,8192,2816,657.518,1205.971,751.505,0.1714
mixed,128,16,0.125,4.0,1024,512,4096,16384,5632,937.141,2045.611,1106.676,0.1529
mixed,128,16,0.125,4.0,1024,512,8192,32768,11264,1525.909,3668.121,1843.556,0.1483
mixed,128,16,0.125,4.0,1024,2048,128,512,176,491.489,538.371,520.354,0.6157
mixed,128,16,0.125,4.0,1024,2048,256,1024,352,520.565,591.3,544.515,0.3386
mixed,128,16,0.125,4.0,1024,2048,512,2048,704,560.595,695.665,590.24,0.2195
mixed,128,16,0.125,4.0,1024,2048,1024,4096,1408,630.838,900.437,689.581,0.2179
mixed,128,16,0.125,4.0,1024,2048,2048,8192,2816,773.617,1319.873,871.38,0.179
mixed,128,16,0.125,4.0,1024,2048,4096,16384,5632,1053.939,2160.466,1227.33,0.1567
mixed,128,16,0.125,4.0,1024,2048,8192,32768,11264,1637.302,3786.633,1962.215,0.1512
mixed,128,16,0.125,4.0,1024,8192,128,512,176,994.035,1038.291,1023.265,0.6605
mixed,128,16,0.125,4.0,1024,8192,256,1024,352,1017.635,1088.256,1046.087,0.4029
mixed,128,16,0.125,4.0,1024,8192,512,2048,704,1054.801,1193.09,1093.687,0.2812
mixed,128,16,0.125,4.0,1024,8192,1024,4096,1408,1126.949,1393.095,1185.441,0.2198
mixed,128,16,0.125,4.0,1024,8192,2048,8192,2816,1271.619,1793.539,1368.674,0.186
mixed,128,16,0.125,4.0,1024,8192,4096,16384,5632,1545.46,2604.519,1723.3,0.1679
mixed,128,16,0.125,4.0,1024,8192,8192,32768,11264,2100.296,4207.915,2440.346,0.1613
mixed,128,16,0.125,4.0,1024,16384,128,512,176,1627.54,1671.765,1653.22,0.5807
mixed,128,16,0.125,4.0,1024,16384,256,1024,352,1650.678,1723.588,1681.892,0.4281
mixed,128,16,0.125,4.0,1024,16384,512,2048,704,1693.732,1825.876,1726.035,0.2445
mixed,128,16,0.125,4.0,1024,16384,1024,4096,1408,1764.646,2027.813,1818.887,0.2061
mixed,128,16,0.125,4.0,1024,16384,2048,8192,2816,1907.719,2436.745,2004.067,0.1821
mixed,128,16,0.125,4.0,1024,16384,4096,16384,5632,2184.547,3244.648,2356.856,0.1625
mixed,128,16,0.125,4.0,1024,16384,8192,32768,11264,2741.492,4857.774,3072.455,0.1564
mixed,128,16,0.125,4.0,4096,0,128,512,176,714.001,760.961,742.401,0.6048
mixed,128,16,0.125,4.0,4096,0,256,1024,352,741.107,818.966,766.754,0.3294
mixed,128,16,0.125,4.0,4096,0,512,2048,704,781.571,917.859,816.244,0.2544
mixed,128,16,0.125,4.0,4096,0,1024,4096,1408,858.819,1121.87,914.692,0.2124
mixed,128,16,0.125,4.0,4096,0,2048,8192,2816,1002.564,1528.038,1095.44,0.1767
mixed,128,16,0.125,4.0,4096,0,4096,16384,5632,1273.861,2337.093,1449.139,0.1649
mixed,128,16,0.125,4.0,4096,0,8192,32768,11264,1836.356,3947.626,2168.791,0.1575
mixed,128,16,0.125,4.0,4096,512,128,512,176,928.668,967.826,949.201,0.5244
mixed,128,16,0.125,4.0,4096,512,256,1024,352,948.688,1018.385,978.63,0.4296
mixed,128,16,0.125,4.0,4096,512,512,2048,704,989.763,1124.355,1022.742,0.245
mixed,128,16,0.125,4.0,4096,512,1024,4096,1408,1059.666,1327.969,1118.035,0.2176
mixed,128,16,0.125,4.0,4096,512,2048,8192,2816,1205.012,1741.943,1299.906,0.1767
mixed,128,16,0.125,4.0,4096,512,4096,16384,5632,1481.738,2571.802,1648.87,0.1533
mixed,128,16,0.125,4.0,4096,512,8192,32768,11264,2047.878,4195.006,2375.351,0.1525
mixed,128,16,0.125,4.0,4096,2048,128,512,176,1215.94,1258.706,1242.337,0.6173
mixed,128,16,0.125,4.0,4096,2048,256,1024,352,1237.775,1310.9,1266.484,0.3926
mixed,128,16,0.125,4.0,4096,2048,512,2048,704,1281.03,1420.562,1311.685,0.2197
mixed,128,16,0.125,4.0,4096,2048,1024,4096,1408,1353.608,1617.958,1407.155,0.2026
mixed,128,16,0.125,4.0,4096,2048,2048,8192,2816,1495.763,2037.669,1592.999,0.1794
mixed,128,16,0.125,4.0,4096,2048,4096,16384,5632,1775.429,2870.326,1950.167,0.1596
mixed,128,16,0.125,4.0,4096,2048,8192,32768,11264,2351.907,4486.239,2681.766,0.1545
mixed,128,16,0.125,4.0,4096,8192,128,512,176,2358.149,2393.414,2384.683,0.7524
mixed,128,16,0.125,4.0,4096,8192,256,1024,352,2375.378,2448.921,2400.152,0.3369
mixed,128,16,0.125,4.0,4096,8192,512,2048,704,2417.386,2548.566,2450.008,0.2487
mixed,128,16,0.125,4.0,4096,8192,1024,4096,1408,2485.991,2751.965,2542.072,0.2109
mixed,128,16,0.125,4.0,4096,8192,2048,8192,2816,2637.979,3162.472,2719.804,0.156
mixed,128,16,0.125,4.0,4096,8192,4096,16384,5632,2906.617,3969.882,3073.209,0.1567
mixed,128,16,0.125,4.0,4096,8192,8192,32768,11264,3472.715,5567.234,3794.859,0.1538
mixed,128,16,0.125,4.0,4096,16384,128,512,176,3827.115,3879.064,3857.115,0.5775
mixed,128,16,0.125,4.0,4096,16384,256,1024,352,3850.106,3935.537,3876.448,0.3083
mixed,128,16,0.125,4.0,4096,16384,512,2048,704,3894.124,4039.725,3927.069,0.2263
mixed,128,16,0.125,4.0,4096,16384,1024,4096,1408,3956.953,4229.03,4011.049,0.1988
mixed,128,16,0.125,4.0,4096,16384,2048,8192,2816,4113.548,4629.724,4194.091,0.156
mixed,128,16,0.125,4.0,4096,16384,4096,16384,5632,4384.204,5449.084,4559.934,0.165
mixed,128,16,0.125,4.0,4096,16384,8192,32768,11264,4945.677,7051.094,5278.336,0.158
pure,128,32,0.25,4.0,0,0,128,512,224,91.953,150.001,129.665,0.6497
pure,128,32,0.25,4.0,0,0,256,1024,448,144.351,201.776,160.048,0.2733
pure,128,32,0.25,4.0,0,0,512,2048,896,190.735,307.01,223.984,0.286
pure,128,32,0.25,4.0,0,0,1024,4096,1792,281.377,507.49,335.52,0.2395
pure,128,32,0.25,4.0,0,0,2048,8192,3584,454.897,911.379,551.155,0.2109
pure,128,32,0.25,4.0,0,0,4096,16384,7168,807.683,1712.805,969.331,0.1786
pure,128,32,0.25,4.0,0,0,8192,32768,14336,1510.707,3326.426,1825.637,0.1734
mixed,128,32,0.25,4.0,16,0,128,512,224,104.687,160.545,142.833,0.6829
mixed,128,32,0.25,4.0,16,0,256,1024,448,154.544,213.778,171.662,0.289
mixed,128,32,0.25,4.0,16,0,512,2048,896,199.888,318.8,228.514,0.2407
mixed,128,32,0.25,4.0,16,0,1024,4096,1792,291.265,518.339,345.905,0.2406
mixed,128,32,0.25,4.0,16,0,2048,8192,3584,471.154,921.78,561.332,0.2001
mixed,128,32,0.25,4.0,16,0,4096,16384,7168,818.115,1727.286,981.395,0.1796
mixed,128,32,0.25,4.0,16,0,8192,32768,14336,1526.035,3341.784,1830.837,0.1679
mixed,128,32,0.25,4.0,16,512,128,512,224,153.97,160.272,143.902,-1.5974
mixed,128,32,0.25,4.0,16,512,256,1024,448,155.503,212.432,172.595,0.3002
mixed,128,32,0.25,4.0,16,512,512,2048,896,200.625,320.065,225.953,0.2121
mixed,128,32,0.25,4.0,16,512,1024,4096,1792,292.592,522.576,346.097,0.2326
mixed,128,32,0.25,4.0,16,512,2048,8192,3584,468.465,926.673,562.226,0.2046
mixed,128,32,0.25,4.0,16,512,4096,16384,7168,818.609,1727.378,978.978,0.1765
mixed,128,32,0.25,4.0,16,512,8192,32768,14336,1523.859,3334.474,1828.997,0.1685
mixed,128,32,0.25,4.0,16,2048,128,512,224,161.473,210.415,154.912,-0.1341
mixed,128,32,0.25,4.0,16,2048,256,1024,448,207.281,309.954,179.666,-0.269
mixed,128,32,0.25,4.0,16,2048,512,2048,896,277.056,318.85,225.81,-1.2262
mixed,128,32,0.25,4.0,16,2048,1024,4096,1792,300.768,522.882,322.88,0.0996
mixed,128,32,0.25,4.0,16,2048,2048,8192,3584,470.977,927.873,555.872,0.1858
mixed,128,32,0.25,4.0,16,2048,4096,16384,7168,820.338,1731.078,975.745,0.1706
mixed,128,32,0.25,4.0,16,2048,8192,32768,14336,1527.924,3339.195,1820.774,0.1617
mixed,128,32,0.25,4.0,16,8192,128,512,224,166.93,211.489,165.664,-0.0284
mixed,128,32,0.25,4.0,16,8192,256,1024,448,200.354,299.585,197.505,-0.0287
mixed,128,32,0.25,4.0,16,8192,512,2048,896,283.025,478.817,261.136,-0.1118
mixed,128,32,0.25,4.0,16,8192,1024,4096,1792,429.425,819.249,328.065,-0.26
mixed,128,32,0.25,4.0,16,8192,2048,8192,3584,733.617,930.642,504.561,-1.1626
mixed,128,32,0.25,4.0,16,8192,4096,16384,7168,1147.522,1734.822,966.658,-0.308
mixed,128,32,0.25,4.0,16,8192,8192,32768,14336,1527.476,3341.546,1807.445,0.1543
mixed,128,32,0.25,4.0,16,16384,128,512,224,199.632,220.641,189.967,-0.4601
mixed,128,32,0.25,4.0,16,16384,256,1024,448,207.439,301.84,213.423,0.0634
mixed,128,32,0.25,4.0,16,16384,512,2048,896,281.089,470.163,265.968,-0.08
mixed,128,32,0.25,4.0,16,16384,1024,4096,1792,427.826,818.306,398.307,-0.0756
mixed,128,32,0.25,4.0,16,16384,2048,8192,3584,723.92,1509.349,514.579,-0.2665
mixed,128,32,0.25,4.0,16,16384,4096,16384,7168,1337.588,1740.052,868.881,-1.1646
mixed,128,32,0.25,4.0,16,16384,8192,32768,14336,2118.327,3347.418,1796.006,-0.2622
mixed,128,32,0.25,4.0,64,0,128,512,224,123.471,178.097,146.754,0.4262
mixed,128,32,0.25,4.0,64,0,256,1024,448,172.53,218.752,177.2,0.101
mixed,128,32,0.25,4.0,64,0,512,2048,896,205.538,326.914,231.888,0.2171
mixed,128,32,0.25,4.0,64,0,1024,4096,1792,299.409,526.115,352.194,0.2328
mixed,128,32,0.25,4.0,64,0,2048,8192,3584,473.441,931.603,566.497,0.2031
mixed,128,32,0.25,4.0,64,0,4096,16384,7168,826.082,1736.599,983.139,0.1725
mixed,128,32,0.25,4.0,64,0,8192,32768,14336,1533.284,3346.377,1835.445,0.1667
mixed,128,32,0.25,4.0,64,512,128,512,224,165.792,205.761,164.257,-0.0384
mixed,128,32,0.25,4.0,64,512,256,1024,448,197.616,272.913,173.023,-0.3266
mixed,128,32,0.25,4.0,64,512,512,2048,896,263.647,379.923,223.087,-0.3488
mixed,128,32,0.25,4.0,64,512,1024,4096,1792,353.265,575.825,322.751,-0.1371
mixed,128,32,0.25,4.0,64,512,2048,8192,3584,525.234,966.707,559.649,0.078
mixed,128,32,0.25,4.0,64,512,4096,16384,7168,861.522,1748.739,970.834,0.1232
mixed,128,32,0.25,4.0,64,512,8192,32768,14336,1551.155,3348.807,1822.422,0.1509
mixed,128,32,0.25,4.0,64,2048,128,512,224,162.08,214.386,175.68,0.26
mixed,128,32,0.25,4.0,64,2048,256,1024,448,202.609,306.064,198.433,-0.0404
mixed,128,32,0.25,4.0,64,2048,512,2048,896,278.833,467.986,263.936,-0.0788
mixed,128,32,0.25,4.0,64,2048,1024,4096,1792,425.713,681.856,324.352,-0.3957
mixed,128,32,0.25,4.0,64,2048,2048,8192,3584,628.674,1062.626,497.137,-0.3031
mixed,128,32,0.25,4.0,64,2048,4096,16384,7168,970.707,1846.468,964.563,-0.007
mixed,128,32,0.25,4.0,64,2048,8192,32768,14336,1656.659,3398.265,1808.454,0.0872
mixed,128,32,0.25,4.0,64,8192,128,512,224,224.226,267.375,237.057,0.2974
mixed,128,32,0.25,4.0,64,8192,256,1024,448,251.551,305.297,245.857,-0.106
mixed,128,32,0.25,4.0,64,8192,512,2048,896,283.584,471.587,282.994,-0.0031
mixed,128,32,0.25,4.0,64,8192,1024,4096,1792,432.129,803.523,395.682,-0.0981
mixed,128,32,0.25,4.0,64,8192,2048,8192,3584,709.121,1467.286,645.443,-0.084
mixed,128,32,0.25,4.0,64,8192,4096,16384,7168,1299.861,2259.59,863.187,-0.455
mixed,128,32,0.25,4.0,64,8192,8192,32768,14336,2059.461,3811.579,1584.275,-0.2712
mixed,128,32,0.25,4.0,64,16384,128,512,224,326.736,341.65,321.026,-0.3829
mixed,128,32,0.25,4.0,64,16384,256,1024,448,343.842,395.633,344.274,0.0083
mixed,128,32,0.25,4.0,64,16384,512,2048,896,430.803,475.297,399.057,-0.7135
mixed,128,32,0.25,4.0,64,16384,1024,4096,1792,454.801,807.409,451.663,-0.0089
mixed,128,32,0.25,4.0,64,16384,2048,8192,3584,719.601,1447.284,645.635,-0.1016
mixed,128,32,0.25,4.0,64,16384,4096,16384,7168,1275.316,2796.457,1140.691,-0.0885
mixed,128,32,0.25,4.0,64,16384,8192,32768,14336,2455.526,4357.725,1575.971,-0.4624
mixed,128,32,0.25,4.0,256,0,128,512,224,145.522,214.579,173.888,0.4108
mixed,128,32,0.25,4.0,256,0,256,1024,448,209.103,266.546,200.88,-0.1432
mixed,128,32,0.25,4.0,256,0,512,2048,896,252.978,366.674,249.92,-0.0269
mixed,128,32,0.25,4.0,256,0,1024,4096,1792,340.596,562.243,354.145,0.0611
mixed,128,32,0.25,4.0,256,0,2048,8192,3584,513.492,977.891,540.705,0.0586
mixed,128,32,0.25,4.0,256,0,4096,16384,7168,872.962,1784.18,907.425,0.0378
mixed,128,32,0.25,4.0,256,0,8192,32768,14336,1580.228,3389.497,1630.326,0.0277
mixed,128,32,0.25,4.0,256,512,128,512,224,219.25,220.975,178.8,-23.4351
mixed,128,32,0.25,4.0,256,512,256,1024,448,211.92,283.073,208.064,-0.0542
mixed,128,32,0.25,4.0,256,512,512,2048,896,268.559,388.914,276.115,0.0628
mixed,128,32,0.25,4.0,256,512,1024,4096,1792,365.087,587.17,396.944,0.1434
mixed,128,32,0.25,4.0,256,512,2048,8192,3584,537.042,984.324,582.113,0.1008
mixed,128,32,0.25,4.0,256,512,4096,16384,7168,885.379,1782.725,948.243,0.0701
mixed,128,32,0.25,4.0,256,512,8192,32768,14336,1587.605,3406.09,1692.803,0.0578
mixed,128,32,0.25,4.0,256,2048,128,512,224,280.05,316.88,289.329,0.2519
mixed,128,32,0.25,4.0,256,2048,256,1024,448,309.952,304.465,338.353,
mixed,128,32,0.25,4.0,256,2048,512,2048,896,289.923,467.955,289.503,-0.0024
mixed,128,32,0.25,4.0,256,2048,1024,4096,1792,435.184,674.562,399.872,-0.1475
mixed,128,32,0.25,4.0,256,2048,2048,8192,3584,623.284,1070.531,667.199,0.0982
mixed,128,32,0.25,4.0,256,2048,4096,16384,7168,973.091,1878.164,1061.746,0.098
mixed,128,32,0.25,4.0,256,2048,8192,32768,14336,1673.637,3491.737,1813.111,0.0767
mixed,128,32,0.25,4.0,256,8192,128,512,224,512.241,547.618,526.723,0.4094
mixed,128,32,0.25,4.0,256,8192,256,1024,448,540.945,603.057,571.889,0.4982
mixed,128,32,0.25,4.0,256,8192,512,2048,896,588.082,699.954,665.073,0.6882
mixed,128,32,0.25,4.0,256,8192,1024,4096,1792,675.651,801.907,836.547,1.2744
mixed,128,32,0.25,4.0,256,8192,2048,8192,3584,774.018,1439.428,775.329,0.002
mixed,128,32,0.25,4.0,256,8192,4096,16384,7168,1283.939,2229.495,1161.523,-0.1295
mixed,128,32,0.25,4.0,256,8192,8192,32768,14336,2029.622,3840.954,2228.137,0.1096
mixed,128,32,0.25,4.0,256,16384,128,512,224,818.673,852.786,817.042,-0.0478
mixed,128,32,0.25,4.0,256,16384,256,1024,448,847.266,905.299,883.265,0.6203
mixed,128,32,0.25,4.0,256,16384,512,2048,896,894.417,1008.851,970.611,0.6658
mixed,128,32,0.25,4.0,256,16384,1024,4096,1792,982.017,1211.027,1144.131,0.7079
mixed,128,32,0.25,4.0,256,16384,2048,8192,3584,1162.291,1433.012,1477.14,1.163
mixed,128,32,0.25,4.0,256,16384,4096,16384,7168,1394.083,2717.303,1412.388,0.0138
mixed,128,32,0.25,4.0,256,16384,8192,32768,14336,2431.751,4326.458,2181.414,-0.1321
mixed,128,32,0.25,4.0,1024,0,128,512,224,270.368,309.552,286.228,0.4047
mixed,128,32,0.25,4.0,1024,0,256,1024,448,301.262,362.639,317.199,0.2597
mixed,128,32,0.25,4.0,1024,0,512,2048,896,348.097,467.039,380.721,0.2743
mixed,128,32,0.25,4.0,1024,0,1024,4096,1792,440.786,666.93,492.005,0.2265
mixed,128,32,0.25,4.0,1024,0,2048,8192,3584,615.508,1095.218,709.009,0.1949
mixed,128,32,0.25,4.0,1024,0,4096,16384,7168,982.82,1935.813,1135.715,0.1604
mixed,128,32,0.25,4.0,1024,0,8192,32768,14336,1721.735,3548.827,2015.206,0.1606
mixed,128,32,0.25,4.0,1024,512,128,512,224,379.312,416.64,394.339,0.4026
mixed,128,32,0.25,4.0,1024,512,256,1024,448,411.003,471.269,422.786,0.1955
mixed,128,32,0.25,4.0,1024,512,512,2048,896,457.043,577.237,491.831,0.2894
mixed,128,32,0.25,4.0,1024,512,1024,4096,1792,549.89,778.564,602.208,0.2288
mixed,128,32,0.25,4.0,1024,512,2048,8192,3584,726.385,1206.965,817.232,0.189
mixed,128,32,0.25,4.0,1024,512,4096,16384,7168,1092.406,2045.67,1246.868,0.162
mixed,128,32,0.25,4.0,1024,512,8192,32768,14336,1835.205,3672.379,2124.036,0.1572
mixed,128,32,0.25,4.0,1024,2048,128,512,224,501.041,538.495,517.89,0.4499
mixed,128,32,0.25,4.0,1024,2048,256,1024,448,530.929,591.793,546.8,0.2608
mixed,128,32,0.25,4.0,1024,2048,512,2048,896,583.01,696.693,611.215,0.2481
mixed,128,32,0.25,4.0,1024,2048,1024,4096,1792,667.346,900.935,722.116,0.2345
mixed,128,32,0.25,4.0,1024,2048,2048,8192,3584,845.236,1320.243,941.472,0.2026
mixed,128,32,0.25,4.0,1024,2048,4096,16384,7168,1210.272,2168.021,1363.367,0.1598
mixed,128,32,0.25,4.0,1024,2048,8192,32768,14336,1952.787,3779.643,2236.711,0.1554
mixed,128,32,0.25,4.0,1024,8192,128,512,224,1001.283,1034.929,1016.53,0.4532
mixed,128,32,0.25,4.0,1024,8192,256,1024,448,1030.752,1087.058,1049.203,0.3277
mixed,128,32,0.25,4.0,1024,8192,512,2048,896,1075.685,1193.665,1110.163,0.2922
mixed,128,32,0.25,4.0,1024,8192,1024,4096,1792,1164.162,1395.079,1219.33,0.2389
mixed,128,32,0.25,4.0,1024,8192,2048,8192,3584,1343.602,1796.195,1434.322,0.2004
mixed,128,32,0.25,4.0,1024,8192,4096,16384,7168,1694.31,2605.017,1858.337,0.1801
mixed,128,32,0.25,4.0,1024,8192,8192,32768,14336,2395.028,4215.213,2704.472,0.17
mixed,128,32,0.25,4.0,1024,16384,128,512,224,1633.106,1671.365,1654.037,0.5471
mixed,128,32,0.25,4.0,1024,16384,256,1024,448,1667.762,1726.967,1684.82,0.2881
mixed,128,32,0.25,4.0,1024,16384,512,2048,896,1709.812,1830.041,1746.037,0.3013
mixed,128,32,0.25,4.0,1024,16384,1024,4096,1792,1800.931,2029.907,1849.698,0.213
mixed,128,32,0.25,4.0,1024,16384,2048,8192,3584,1979.352,2437.735,2067.142,0.1915
mixed,128,32,0.25,4.0,1024,16384,4096,16384,7168,2327.045,3239.355,2490.839,0.1795
mixed,128,32,0.25,4.0,1024,16384,8192,32768,14336,3038.776,4852.177,3340.664,0.1665
mixed,128,32,0.25,4.0,4096,0,128,512,224,722.69,759.253,737.792,0.413
mixed,128,32,0.25,4.0,4096,0,256,1024,448,758.227,817.071,771.587,0.227
mixed,128,32,0.25,4.0,4096,0,512,2048,896,801.267,919.922,832.531,0.2635
mixed,128,32,0.25,4.0,4096,0,1024,4096,1792,893.989,1121.042,949.139,0.2429
mixed,128,32,0.25,4.0,4096,0,2048,8192,3584,1067.889,1528.564,1164.515,0.2097
mixed,128,32,0.25,4.0,4096,0,4096,16384,7168,1421.094,2335.195,1578.738,0.1725
mixed,128,32,0.25,4.0,4096,0,8192,32768,14336,2129.238,3941.038,2436.519,0.1696
mixed,128,32,0.25,4.0,4096,512,128,512,224,930.37,965.188,947.122,0.4811
mixed,128,32,0.25,4.0,4096,512,256,1024,448,962.021,1018.946,978.389,0.2875
mixed,128,32,0.25,4.0,4096,512,512,2048,896,1008.995,1122.593,1038.567,0.2603
mixed,128,32,0.25,4.0,4096,512,1024,4096,1792,1098.26,1326.74,1153.269,0.2408
mixed,128,32,0.25,4.0,4096,512,2048,8192,3584,1270.563,1736.789,1368.247,0.2095
mixed,128,32,0.25,4.0,4096,512,4096,16384,7168,1633.28,2568.2,1785.83,0.1632
mixed,128,32,0.25,4.0,4096,512,8192,32768,14336,2354.242,4186.493,2653.333,0.1632
mixed,128,32,0.25,4.0,4096,2048,128,512,224,1225.252,1258.693,1239.701,0.4321
mixed,128,32,0.25,4.0,4096,2048,256,1024,448,1254.543,1310.164,1269.189,0.2633
mixed,128,32,0.25,4.0,4096,2048,512,2048,896,1299.172,1415.523,1335.072,0.3086
mixed,128,32,0.25,4.0,4096,2048,1024,4096,1792,1388.004,1616.791,1443.332,0.2418
mixed,128,32,0.25,4.0,4096,2048,2048,8192,3584,1564.55,2038.84,1659.412,0.2
mixed,128,32,0.25,4.0,4096,2048,4096,16384,7168,1932.645,2872.135,2084.598,0.1617
mixed,128,32,0.25,4.0,4096,2048,8192,32768,14336,2658.874,4486.556,2958.729,0.1641
mixed,128,32,0.25,4.0,4096,8192,128,512,224,2358.934,2392.233,2375.878,0.5088
mixed,128,32,0.25,4.0,4096,8192,256,1024,448,2388.103,2441.994,2402.151,0.2607
mixed,128,32,0.25,4.0,4096,8192,512,2048,896,2432.086,2546.421,2466.227,0.2986
mixed,128,32,0.25,4.0,4096,8192,1024,4096,1792,2521.959,2753.495,2572.967,0.2203
mixed,128,32,0.25,4.0,4096,8192,2048,8192,3584,2698.502,3159.945,2785.702,0.189
mixed,128,32,0.25,4.0,4096,8192,4096,16384,7168,3049.946,3962.186,3211.595,0.1772
mixed,128,32,0.25,4.0,4096,8192,8192,32768,14336,3763.05,5577.233,4065.368,0.1666
mixed,128,32,0.25,4.0,4096,16384,128,512,224,3836.123,3869.484,3877.288,1.2339
mixed,128,32,0.25,4.0,4096,16384,256,1024,448,3873.37,3931.051,3879.997,0.1149
mixed,128,32,0.25,4.0,4096,16384,512,2048,896,3929.916,4022.858,3945.227,0.1647
mixed,128,32,0.25,4.0,4096,16384,1024,4096,1792,3999.005,4227.404,4048.908,0.2185
mixed,128,32,0.25,4.0,4096,16384,2048,8192,3584,4191.562,4641.649,4274.78,0.1849
mixed,128,32,0.25,4.0,4096,16384,4096,16384,7168,4535.901,5431.772,4677.935,0.1585
mixed,128,32,0.25,4.0,4096,16384,8192,32768,14336,5237.108,7055.509,5548.05,0.171
pure,128,64,0.5,4.0,0,0,128,512,320,127.985,150.273,147.279,0.8657
pure,128,64,0.5,4.0,0,0,256,1024,640,164.689,201.313,185.68,0.5731
pure,128,64,0.5,4.0,0,0,512,2048,1280,227.39,309.105,262.336,0.4277
pure,128,64,0.5,4.0,0,0,1024,4096,2560,358.143,508.464,409.65,0.3426
pure,128,64,0.5,4.0,0,0,2048,8192,5120,606.785,913.346,684.53,0.2536
pure,128,64,0.5,4.0,0,0,4096,16384,10240,1112.083,1716.711,1244.004,0.2182
pure,128,64,0.5,4.0,0,0,8192,32768,20480,2120.966,3325.466,2365.095,0.2027
mixed,128,64,0.5,4.0,16,0,128,512,320,139.808,160.592,161.792,1.0577
mixed,128,64,0.5,4.0,16,0,256,1024,640,176.017,214.945,202.112,0.6703
mixed,128,64,0.5,4.0,16,0,512,2048,1280,241.073,319.072,276.0,0.4478
mixed,128,64,0.5,4.0,16,0,1024,4096,2560,369.889,521.601,423.345,0.3523
mixed,128,64,0.5,4.0,16,0,2048,8192,5120,622.065,922.98,698.002,0.2524
mixed,128,64,0.5,4.0,16,0,4096,16384,10240,1120.116,1731.252,1255.508,0.2215
mixed,128,64,0.5,4.0,16,0,8192,32768,20480,2133.11,3342.635,2373.816,0.199
mixed,128,64,0.5,4.0,16,512,128,512,320,183.393,160.561,171.04,
mixed,128,64,0.5,4.0,16,512,256,1024,640,174.786,213.041,200.705,0.6775
mixed,128,64,0.5,4.0,16,512,512,2048,1280,239.217,318.816,275.632,0.4575
mixed,128,64,0.5,4.0,16,512,1024,4096,2560,371.2,523.425,422.449,0.3367
mixed,128,64,0.5,4.0,16,512,2048,8192,5120,617.521,926.384,698.754,0.263
mixed,128,64,0.5,4.0,16,512,4096,16384,10240,1121.171,1730.455,1253.65,0.2174
mixed,128,64,0.5,4.0,16,512,8192,32768,20480,2129.878,3337.56,2378.999,0.2063
mixed,128,64,0.5,4.0,16,2048,128,512,320,184.657,211.185,170.255,-0.5429
mixed,128,64,0.5,4.0,16,2048,256,1024,640,233.633,308.385,215.519,-0.2423
mixed,128,64,0.5,4.0,16,2048,512,2048,1280,343.843,320.193,309.281,
mixed,128,64,0.5,4.0,16,2048,1024,4096,2560,373.602,522.336,421.154,0.3197
mixed,128,64,0.5,4.0,16,2048,2048,8192,5120,620.482,927.363,693.826,0.239
mixed,128,64,0.5,4.0,16,2048,4096,16384,10240,1124.37,1730.804,1250.533,0.208
mixed,128,64,0.5,4.0,16,2048,8192,32768,20480,2132.069,3337.546,2372.967,0.1998
mixed,128,64,0.5,4.0,16,8192,128,512,320,180.722,212.641,181.858,0.0356
mixed,128,64,0.5,4.0,16,8192,256,1024,640,237.568,300.641,200.337,-0.5903
mixed,128,64,0.5,4.0,16,8192,512,2048,1280,340.991,476.753,308.943,-0.2361
mixed,128,64,0.5,4.0,16,8192,1024,4096,2560,561.107,820.37,485.249,-0.2926
mixed,128,64,0.5,4.0,16,8192,2048,8192,5120,946.786,929.65,834.274,
mixed,128,64,0.5,4.0,16,8192,4096,16384,10240,1127.827,1735.14,1252.452,0.2052
mixed,128,64,0.5,4.0,16,8192,8192,32768,20480,2132.135,3344.155,2363.801,0.1911
mixed,128,64,0.5,4.0,16,16384,128,512,320,223.441,221.296,211.695,
mixed,128,64,0.5,4.0,16,16384,256,1024,640,235.615,300.977,238.993,0.0517
mixed,128,64,0.5,4.0,16,16384,512,2048,1280,344.128,471.986,311.2,-0.2575
mixed,128,64,0.5,4.0,16,16384,1024,4096,2560,555.088,820.325,484.704,-0.2654
mixed,128,64,0.5,4.0,16,16384,2048,8192,5120,983.858,1504.084,827.668,-0.3002
mixed,128,64,0.5,4.0,16,16384,4096,16384,10240,1735.988,1735.956,1547.715,
mixed,128,64,0.5,4.0,16,16384,8192,32768,20480,2134.231,3342.473,2420.662,0.2371
mixed,128,64,0.5,4.0,64,0,128,512,320,159.681,176.512,165.138,0.3242
mixed,128,64,0.5,4.0,64,0,256,1024,640,190.993,219.57,202.403,0.3993
mixed,128,64,0.5,4.0,64,0,512,2048,1280,245.695,329.234,277.97,0.3863
mixed,128,64,0.5,4.0,64,0,1024,4096,2560,376.257,526.867,425.265,0.3254
mixed,128,64,0.5,4.0,64,0,2048,8192,5120,625.331,930.865,700.481,0.246
mixed,128,64,0.5,4.0,64,0,4096,16384,10240,1128.915,1735.974,1259.49,0.2151
mixed,128,64,0.5,4.0,64,0,8192,32768,20480,2137.928,3348.266,2377.958,0.1983
mixed,128,64,0.5,4.0,64,512,128,512,320,186.319,208.368,177.665,-0.3925
mixed,128,64,0.5,4.0,64,512,256,1024,640,230.996,276.321,215.519,-0.3415
mixed,128,64,0.5,4.0,64,512,512,2048,1280,302.353,381.184,281.185,-0.2685
mixed,128,64,0.5,4.0,64,512,1024,4096,2560,429.809,573.858,420.561,-0.0642
mixed,128,64,0.5,4.0,64,512,2048,8192,5120,678.417,970.517,696.897,0.0633
mixed,128,64,0.5,4.0,64,512,4096,16384,10240,1158.933,1743.621,1256.13,0.1662
mixed,128,64,0.5,4.0,64,512,8192,32768,20480,2129.014,3333.274,2376.357,0.2054
mixed,128,64,0.5,4.0,64,2048,128,512,320,180.177,212.034,179.088,-0.0342
mixed,128,64,0.5,4.0,64,2048,256,1024,640,234.896,307.377,204.787,-0.4154
mixed,128,64,0.5,4.0,64,2048,512,2048,1280,343.841,465.761,315.28,-0.2343
mixed,128,64,0.5,4.0,64,2048,1024,4096,2560,528.24,679.761,482.322,-0.303
mixed,128,64,0.5,4.0,64,2048,2048,8192,5120,774.386,1066.019,692.546,-0.2806
mixed,128,64,0.5,4.0,64,2048,4096,16384,10240,1262.358,1844.548,1243.123,-0.033
mixed,128,64,0.5,4.0,64,2048,8192,32768,20480,2259.655,3381.642,2362.535,0.0917
mixed,128,64,0.5,4.0,64,8192,128,512,320,270.579,268.866,241.137,
mixed,128,64,0.5,4.0,64,8192,256,1024,640,306.737,304.082,294.512,
mixed,128,64,0.5,4.0,64,8192,512,2048,1280,349.762,469.616,348.929,-0.0069
mixed,128,64,0.5,4.0,64,8192,1024,4096,2560,545.264,801.667,499.347,-0.1791
mixed,128,64,0.5,4.0,64,8192,2048,8192,5120,905.555,1465.7,821.587,-0.1499
mixed,128,64,0.5,4.0,64,8192,4096,16384,10240,1670.837,2260.245,1516.566,-0.2617
mixed,128,64,0.5,4.0,64,8192,8192,32768,20480,2653.671,3811.115,2340.471,-0.2706
mixed,128,64,0.5,4.0,64,16384,128,512,320,347.617,340.704,335.44,
mixed,128,64,0.5,4.0,64,16384,256,1024,640,368.754,395.696,371.651,0.1075
mixed,128,64,0.5,4.0,64,16384,512,2048,1280,458.097,476.29,457.139,-0.0527
mixed,128,64,0.5,4.0,64,16384,1024,4096,2560,552.226,788.274,553.328,0.0047
mixed,128,64,0.5,4.0,64,16384,2048,8192,5120,968.226,1445.636,827.859,-0.294
mixed,128,64,0.5,4.0,64,16384,4096,16384,10240,1649.78,2792.392,1482.148,-0.1467
mixed,128,64,0.5,4.0,64,16384,8192,32768,20480,3203.002,4354.748,2902.713,-0.2607
mixed,128,64,0.5,4.0,256,0,128,512,320,193.231,213.441,171.297,-1.0853
mixed,128,64,0.5,4.0,256,0,256,1024,640,225.441,265.395,225.234,-0.0052
mixed,128,64,0.5,4.0,256,0,512,2048,1280,290.815,364.385,303.684,0.1749
mixed,128,64,0.5,4.0,256,0,1024,4096,2560,416.353,562.817,451.554,0.2403
mixed,128,64,0.5,4.0,256,0,2048,8192,5120,665.649,981.168,725.57,0.1899
mixed,128,64,0.5,4.0,256,0,4096,16384,10240,1175.187,1780.66,1281.523,0.1756
mixed,128,64,0.5,4.0,256,0,8192,32768,20480,2188.549,3397.271,2405.032,0.1791
mixed,128,64,0.5,4.0,256,512,128,512,320,186.606,220.673,185.936,-0.0197
mixed,128,64,0.5,4.0,256,512,256,1024,640,239.216,283.663,217.233,-0.4946
mixed,128,64,0.5,4.0,256,512,512,2048,1280,310.768,389.216,298.081,-0.1617
mixed,128,64,0.5,4.0,256,512,1024,4096,2560,438.498,587.986,441.714,0.0215
mixed,128,64,0.5,4.0,256,512,2048,8192,5120,679.957,981.204,717.342,0.1241
mixed,128,64,0.5,4.0,256,512,4096,16384,10240,1180.676,1789.22,1280.372,0.1638
mixed,128,64,0.5,4.0,256,512,8192,32768,20480,2193.891,3401.16,2407.124,0.1766
mixed,128,64,0.5,4.0,256,2048,128,512,320,291.936,319.456,297.377,0.1977
mixed,128,64,0.5,4.0,256,2048,256,1024,640,334.513,311.296,347.105,
mixed,128,64,0.5,4.0,256,2048,512,2048,1280,352.017,470.242,350.784,-0.0104
mixed,128,64,0.5,4.0,256,2048,1024,4096,2560,524.37,673.953,500.016,-0.1628
mixed,128,64,0.5,4.0,256,2048,2048,8192,5120,770.05,1070.595,716.898,-0.1769
mixed,128,64,0.5,4.0,256,2048,4096,16384,10240,1270.563,1877.588,1285.956,0.0254
mixed,128,64,0.5,4.0,256,2048,8192,32768,20480,2271.91,3479.435,2405.014,0.1102
mixed,128,64,0.5,4.0,256,8192,128,512,320,523.505,547.601,530.85,0.3048
mixed,128,64,0.5,4.0,256,8192,256,1024,640,562.498,600.849,578.145,0.408
mixed,128,64,0.5,4.0,256,8192,512,2048,1280,627.635,702.208,669.282,0.5585
mixed,128,64,0.5,4.0,256,8192,1024,4096,2560,752.449,802.482,841.972,1.7893
mixed,128,64,0.5,4.0,256,8192,2048,8192,5120,961.059,1434.485,956.211,-0.0102
mixed,128,64,0.5,4.0,256,8192,4096,16384,10240,1632.036,2234.134,1512.179,-0.1991
mixed,128,64,0.5,4.0,256,8192,8192,32768,20480,2637.207,3836.954,2378.806,-0.2154
mixed,128,64,0.5,4.0,256,16384,128,512,320,832.496,850.179,837.218,0.267
mixed,128,64,0.5,4.0,256,16384,256,1024,640,866.515,904.96,884.659,0.4719
mixed,128,64,0.5,4.0,256,16384,512,2048,1280,930.034,1005.873,977.156,0.6213
mixed,128,64,0.5,4.0,256,16384,1024,4096,2560,1057.955,1209.795,1150.803,0.6115
mixed,128,64,0.5,4.0,256,16384,2048,8192,5120,1309.108,1436.834,1489.012,1.4085
mixed,128,64,0.5,4.0,256,16384,4096,16384,10240,1775.43,2739.943,1740.357,-0.0364
mixed,128,64,0.5,4.0,256,16384,8192,32768,20480,3113.305,4303.002,2858.437,-0.2142
mixed,128,64,0.5,4.0,1024,0,128,512,320,284.689,307.902,303.311,0.8022
mixed,128,64,0.5,4.0,1024,0,256,1024,640,322.754,362.626,341.422,0.4682
mixed,128,64,0.5,4.0,1024,0,512,2048,1280,387.89,465.889,419.744,0.4084
mixed,128,64,0.5,4.0,1024,0,1024,4096,2560,516.369,665.841,566.85,0.3377
mixed,128,64,0.5,4.0,1024,0,2048,8192,5120,774.005,1095.413,847.455,0.2285
mixed,128,64,0.5,4.0,1024,0,4096,16384,10240,1305.859,1933.747,1427.46,0.1937
mixed,128,64,0.5,4.0,1024,0,8192,32768,20480,2343.734,3556.127,2583.542,0.1978
mixed,128,64,0.5,4.0,1024,512,128,512,320,394.4,418.289,413.185,0.7863
mixed,128,64,0.5,4.0,1024,512,256,1024,640,431.779,472.594,454.354,0.5531
mixed,128,64,0.5,4.0,1024,512,512,2048,1280,497.856,576.642,529.055,0.396
mixed,128,64,0.5,4.0,1024,512,1024,4096,2560,626.059,778.209,676.261,0.3299
mixed,128,64,0.5,4.0,1024,512,2048,8192,5120,883.52,1203.555,953.635,0.2191
mixed,128,64,0.5,4.0,1024,512,4096,16384,10240,1409.106,2047.847,1537.285,0.2007
mixed,128,64,0.5,4.0,1024,512,8192,32768,20480,2457.497,3669.083,2697.13,0.1978
mixed,128,64,0.5,4.0,1024,2048,128,512,320,514.43,539.535,535.361,0.8337
mixed,128,64,0.5,4.0,1024,2048,256,1024,640,551.234,591.926,574.96,0.5831
mixed,128,64,0.5,4.0,1024,2048,512,2048,1280,620.082,696.803,649.971,0.3896
mixed,128,64,0.5,4.0,1024,2048,1024,4096,2560,744.437,900.353,796.757,0.3356
mixed,128,64,0.5,4.0,1024,2048,2048,8192,5120,1001.923,1321.362,1074.594,0.2275
mixed,128,64,0.5,4.0,1024,2048,4096,16384,10240,1526.5,2161.86,1652.821,0.1988
mixed,128,64,0.5,4.0,1024,2048,8192,32768,20480,2574.184,3780.119,2811.91,0.1971
mixed,128,64,0.5,4.0,1024,8192,128,512,320,1014.324,1039.649,1040.453,1.0318
mixed,128,64,0.5,4.0,1024,8192,256,1024,640,1050.72,1087.38,1073.189,0.6129
mixed,128,64,0.5,4.0,1024,8192,512,2048,1280,1116.692,1192.611,1150.146,0.4407
mixed,128,64,0.5,4.0,1024,8192,1024,4096,2560,1242.355,1394.611,1292.548,0.3297
mixed,128,64,0.5,4.0,1024,8192,2048,8192,5120,1490.774,1798.837,1568.114,0.2511
mixed,128,64,0.5,4.0,1024,8192,4096,16384,10240,1993.51,2606.487,2129.059,0.2211
mixed,128,64,0.5,4.0,1024,8192,8192,32768,20480,3002.599,4212.574,3249.675,0.2042
mixed,128,64,0.5,4.0,1024,16384,128,512,320,1648.834,1678.038,1676.369,0.9428
mixed,128,64,0.5,4.0,1024,16384,256,1024,640,1679.524,1724.451,1707.668,0.6264
mixed,128,64,0.5,4.0,1024,16384,512,2048,1280,1750.774,1823.607,1785.604,0.4782
mixed,128,64,0.5,4.0,1024,16384,1024,4096,2560,1877.657,2033.604,1929.111,0.3299
mixed,128,64,0.5,4.0,1024,16384,2048,8192,5120,2128.981,2438.729,2204.037,0.2423
mixed,128,64,0.5,4.0,1024,16384,4096,16384,10240,2632.488,3243.926,2763.619,0.2145
mixed,128,64,0.5,4.0,1024,16384,8192,32768,20480,3643.64,4848.011,3885.613,0.2009
mixed,128,64,0.5,4.0,4096,0,128,512,320,736.436,764.624,755.538,0.6777
mixed,128,64,0.5,4.0,4096,0,256,1024,640,776.533,814.034,799.216,0.6049
mixed,128,64,0.5,4.0,4096,0,512,2048,1280,843.891,920.929,874.389,0.3959
mixed,128,64,0.5,4.0,4096,0,1024,4096,2560,970.113,1125.188,1019.78,0.3203
mixed,128,64,0.5,4.0,4096,0,2048,8192,5120,1220.372,1530.308,1297.668,0.2494
mixed,128,64,0.5,4.0,4096,0,4096,16384,10240,1730.999,2334.954,1859.202,0.2123
mixed,128,64,0.5,4.0,4096,0,8192,32768,20480,2735.64,3946.796,2980.408,0.2021
mixed,128,64,0.5,4.0,4096,512,128,512,320,943.92,970.515,964.353,0.7683
mixed,128,64,0.5,4.0,4096,512,256,1024,640,981.444,1019.871,1006.186,0.6439
mixed,128,64,0.5,4.0,4096,512,512,2048,1280,1046.37,1125.409,1078.601,0.4078
mixed,128,64,0.5,4.0,4096,512,1024,4096,2560,1174.084,1331.573,1225.444,0.3261
mixed,128,64,0.5,4.0,4096,512,2048,8192,5120,1425.763,1735.286,1501.601,0.245
mixed,128,64,0.5,4.0,4096,512,4096,16384,10240,1937.493,2573.206,2067.127,0.2039
mixed,128,64,0.5,4.0,4096,512,8192,32768,20480,2989.976,4185.837,3222.75,0.1947
mixed,128,64,0.5,4.0,4096,2048,128,512,320,1238.035,1264.627,1256.448,0.6924
mixed,128,64,0.5,4.0,4096,2048,256,1024,640,1270.725,1310.72,1295.058,0.6084
mixed,128,64,0.5,4.0,4096,2048,512,2048,1280,1338.675,1418.402,1372.467,0.4238
mixed,128,64,0.5,4.0,4096,2048,1024,4096,2560,1466.659,1620.867,1518.263,0.3346
mixed,128,64,0.5,4.0,4096,2048,2048,8192,5120,1723.62,2036.322,1795.138,0.2287
mixed,128,64,0.5,4.0,4096,2048,4096,16384,10240,2240.584,2873.417,2371.334,0.2066
mixed,128,64,0.5,4.0,4096,2048,8192,32768,20480,3278.327,4478.287,3522.252,0.2033
mixed,128,64,0.5,4.0,4096,8192,128,512,320,2374.435,2405.209,2396.839,0.728
mixed,128,64,0.5,4.0,4096,8192,256,1024,640,2404.888,2453.253,2431.782,0.5561
mixed,128,64,0.5,4.0,4096,8192,512,2048,1280,2471.881,2554.681,2509.315,0.4521
mixed,128,64,0.5,4.0,4096,8192,1024,4096,2560,2592.825,2759.275,2644.615,0.3111
mixed,128,64,0.5,4.0,4096,8192,2048,8192,5120,2850.552,3159.685,2933.284,0.2676
mixed,128,64,0.5,4.0,4096,8192,4096,16384,10240,3353.368,3968.41,3496.312,0.2324
mixed,128,64,0.5,4.0,4096,8192,8192,32768,20480,4367.917,5566.42,4602.242,0.1955
mixed,128,64,0.5,4.0,4096,16384,128,512,320,3851.052,3885.836,3874.779,0.6821
mixed,128,64,0.5,4.0,4096,16384,256,1024,640,3886.651,3915.45,3906.633,0.6938
mixed,128,64,0.5,4.0,4096,16384,512,2048,1280,3946.941,4020.56,3980.265,0.4527
mixed,128,64,0.5,4.0,4096,16384,1024,4096,2560,4088.093,4235.274,4119.579,0.2139
mixed,128,64,0.5,4.0,4096,16384,2048,8192,5120,4337.645,4638.044,4416.315,0.2619
mixed,128,64,0.5,4.0,4096,16384,4096,16384,10240,4845.31,5446.463,4979.12,0.2226
mixed,128,64,0.5,4.0,4096,16384,8192,32768,20480,5848.435,7056.516,6091.215,0.201
pure,128,96,0.75,4.0,0,0,128,512,416,138.368,151.458,164.176,1.9717
pure,128,96,0.75,4.0,0,0,256,1024,832,183.297,203.459,212.85,1.4658
pure,128,96,0.75,4.0,0,0,512,2048,1664,265.826,307.152,312.16,1.1212
pure,128,96,0.75,4.0,0,0,1024,4096,3328,431.506,506.387,496.514,0.8682
pure,128,96,0.75,4.0,0,0,2048,8192,6656,756.113,913.22,856.338,0.6379
pure,128,96,0.75,4.0,0,0,4096,16384,13312,1410.022,1713.188,1577.605,0.5528
pure,128,96,0.75,4.0,0,0,8192,32768,26624,2718.905,3325.337,3023.976,0.5031
mixed,128,96,0.75,4.0,16,0,128,512,416,147.056,161.232,151.744,0.3307
mixed,128,96,0.75,4.0,16,0,256,1024,832,192.753,214.545,226.529,1.5499
mixed,128,96,0.75,4.0,16,0,512,2048,1664,280.032,320.704,324.416,1.0912
mixed,128,96,0.75,4.0,16,0,1024,4096,3328,445.186,518.096,510.163,0.8912
mixed,128,96,0.75,4.0,16,0,2048,8192,6656,767.298,926.323,865.539,0.6178
mixed,128,96,0.75,4.0,16,0,4096,16384,13312,1427.748,1728.26,1587.397,0.5313
mixed,128,96,0.75,4.0,16,0,8192,32768,26624,2733.288,3341.129,3033.577,0.494
mixed,128,96,0.75,4.0,16,512,128,512,416,194.769,160.082,151.058,
mixed,128,96,0.75,4.0,16,512,256,1024,832,195.058,212.592,227.153,1.8304
mixed,128,96,0.75,4.0,16,512,512,2048,1664,277.762,319.36,321.921,1.0616
mixed,128,96,0.75,4.0,16,512,1024,4096,3328,443.569,519.216,512.274,0.9082
mixed,128,96,0.75,4.0,16,512,2048,8192,6656,767.587,925.731,868.466,0.6379
mixed,128,96,0.75,4.0,16,512,4096,16384,13312,1421.698,1726.101,1587.476,0.5446
mixed,128,96,0.75,4.0,16,512,8192,32768,26624,2732.296,3333.962,3035.272,0.5036
mixed,128,96,0.75,4.0,16,2048,128,512,416,197.457,212.048,161.632,-2.4553
mixed,128,96,0.75,4.0,16,2048,256,1024,832,267.999,308.082,204.336,-1.5883
mixed,128,96,0.75,4.0,16,2048,512,2048,1664,392.115,319.346,327.248,
mixed,128,96,0.75,4.0,16,2048,1024,4096,3328,443.667,522.914,510.946,0.849
mixed,128,96,0.75,4.0,16,2048,2048,8192,6656,768.787,927.954,869.588,0.6333
mixed,128,96,0.75,4.0,16,2048,4096,16384,13312,1424.483,1728.086,1584.979,0.5286
mixed,128,96,0.75,4.0,16,2048,8192,32768,26624,2732.582,3336.844,3035.961,0.5021
mixed,128,96,0.75,4.0,16,8192,128,512,416,195.874,214.063,208.659,0.7029
mixed,128,96,0.75,4.0,16,8192,256,1024,832,268.32,300.771,238.961,-0.9047
mixed,128,96,0.75,4.0,16,8192,512,2048,1664,408.067,475.218,297.618,-1.6448
mixed,128,96,0.75,4.0,16,8192,1024,4096,3328,667.123,825.042,510.48,-0.9919
mixed,128,96,0.75,4.0,16,8192,2048,8192,6656,1101.667,929.589,867.265,
mixed,128,96,0.75,4.0,16,8192,4096,16384,13312,1428.068,1731.06,1610.47,0.602
mixed,128,96,0.75,4.0,16,8192,8192,32768,26624,2742.023,3338.971,3089.785,0.5826
mixed,128,96,0.75,4.0,16,16384,128,512,416,204.274,223.953,211.618,0.3732
mixed,128,96,0.75,4.0,16,16384,256,1024,832,272.528,301.649,296.224,0.8137
mixed,128,96,0.75,4.0,16,16384,512,2048,1664,406.323,470.37,346.274,-0.9376
mixed,128,96,0.75,4.0,16,16384,1024,4096,3328,683.122,817.841,484.578,-1.4738
mixed,128,96,0.75,4.0,16,16384,2048,8192,6656,1183.923,1504.567,863.01,-1.0008
mixed,128,96,0.75,4.0,16,16384,4096,16384,13312,2025.157,1734.757,1636.836,
mixed,128,96,0.75,4.0,16,16384,8192,32768,26624,2744.04,3351.352,3154.616,0.6761
mixed,128,96,0.75,4.0,64,0,128,512,416,167.648,178.209,153.841,-1.3074
mixed,128,96,0.75,4.0,64,0,256,1024,832,199.266,218.882,229.535,1.5431
mixed,128,96,0.75,4.0,64,0,512,2048,1664,286.032,327.151,331.248,1.0996
mixed,128,96,0.75,4.0,64,0,1024,4096,3328,453.904,527.424,515.811,0.842
mixed,128,96,0.75,4.0,64,0,2048,8192,6656,777.7,932.884,873.091,0.6147
mixed,128,96,0.75,4.0,64,0,4096,16384,13312,1431.012,1730.949,1591.3,0.5344
mixed,128,96,0.75,4.0,64,0,8192,32768,26624,2741.128,3343.435,3037.528,0.4921
mixed,128,96,0.75,4.0,64,512,128,512,416,187.633,210.402,152.638,-1.5369
mixed,128,96,0.75,4.0,64,512,256,1024,832,252.832,274.239,198.431,-2.5413
mixed,128,96,0.75,4.0,64,512,512,2048,1664,341.922,380.416,327.632,-0.3713
mixed,128,96,0.75,4.0,64,512,1024,4096,3328,499.632,574.61,512.273,0.1686
mixed,128,96,0.75,4.0,64,512,2048,8192,6656,818.034,969.875,868.995,0.3356
mixed,128,96,0.75,4.0,64,512,4096,16384,13312,1448.916,1745.812,1590.899,0.4782
mixed,128,96,0.75,4.0,64,512,8192,32768,26624,2752.343,3350.617,3034.297,0.4713
mixed,128,96,0.75,4.0,64,2048,128,512,416,193.041,212.385,208.688,0.8089
mixed,128,96,0.75,4.0,64,2048,256,1024,832,267.809,306.194,240.8,-0.7036
mixed,128,96,0.75,4.0,64,2048,512,2048,1664,403.599,468.802,294.32,-1.676
mixed,128,96,0.75,4.0,64,2048,1024,4096,3328,602.274,680.128,505.361,-1.2448
mixed,128,96,0.75,4.0,64,2048,2048,8192,6656,921.745,1064.53,868.37,-0.3738
mixed,128,96,0.75,4.0,64,2048,4096,16384,13312,1553.219,1851.207,1588.308,0.1178
mixed,128,96,0.75,4.0,64,2048,8192,32768,26624,2808.28,3422.41,3033.546,0.3668
mixed,128,96,0.75,4.0,64,8192,128,512,416,278.931,267.553,252.225,
mixed,128,96,0.75,4.0,64,8192,256,1024,832,286.162,305.954,296.689,0.5319
mixed,128,96,0.75,4.0,64,8192,512,2048,1664,407.377,473.136,460.017,0.8005
mixed,128,96,0.75,4.0,64,8192,1024,4096,3328,668.289,802.434,567.219,-0.7534
mixed,128,96,0.75,4.0,64,8192,2048,8192,6656,1217.939,1467.238,823.522,-1.5821
mixed,128,96,0.75,4.0,64,8192,4096,16384,13312,1966.756,2263.925,1600.068,-1.2339
mixed,128,96,0.75,4.0,64,8192,8192,32768,26624,3221.162,3803.689,3039.03,-0.3127
mixed,128,96,0.75,4.0,64,16384,128,512,416,359.313,340.769,342.322,
mixed,128,96,0.75,4.0,64,16384,256,1024,832,424.162,395.585,394.769,
mixed,128,96,0.75,4.0,64,16384,512,2048,1664,538.081,465.792,470.307,
mixed,128,96,0.75,4.0,64,16384,1024,4096,3328,674.594,800.0,781.186,0.85
mixed,128,96,0.75,4.0,64,16384,2048,8192,6656,1194.05,1451.363,975.41,-0.8497
mixed,128,96,0.75,4.0,64,16384,4096,16384,13312,2292.532,2802.76,1497.443,-1.5583
mixed,128,96,0.75,4.0,64,16384,8192,32768,26624,3772.666,4341.995,3061.96,-1.2483
mixed,128,96,0.75,4.0,256,0,128,512,416,202.337,213.776,193.506,-0.7719
mixed,128,96,0.75,4.0,256,0,256,1024,832,248.002,266.529,228.737,-1.0398
mixed,128,96,0.75,4.0,256,0,512,2048,1664,328.753,366.56,356.788,0.7415
mixed,128,96,0.75,4.0,256,0,1024,4096,3328,488.113,562.881,542.484,0.7272
mixed,128,96,0.75,4.0,256,0,2048,8192,6656,820.578,980.629,897.073,0.4779
mixed,128,96,0.75,4.0,256,0,4096,16384,13312,1477.842,1786.804,1621.396,0.4646
mixed,128,96,0.75,4.0,256,0,8192,32768,26624,2788.454,3391.435,3060.617,0.4514
mixed,128,96,0.75,4.0,256,512,128,512,416,201.168,220.272,216.544,0.8049
mixed,128,96,0.75,4.0,256,512,256,1024,832,261.728,283.647,275.489,0.6278
mixed,128,96,0.75,4.0,256,512,512,2048,1664,351.407,391.184,377.811,0.6638
mixed,128,96,0.75,4.0,256,512,1024,4096,3328,512.065,587.026,534.482,0.299
mixed,128,96,0.75,4.0,256,512,2048,8192,6656,837.634,986.656,895.586,0.3889
mixed,128,96,0.75,4.0,256,512,4096,16384,13312,1485.731,1790.646,1629.429,0.4713
mixed,128,96,0.75,4.0,256,512,8192,32768,26624,2794.072,3403.657,3085.178,0.4775
mixed,128,96,0.75,4.0,256,2048,128,512,416,306.848,317.026,306.88,0.0031
mixed,128,96,0.75,4.0,256,2048,256,1024,832,354.863,308.432,358.433,
mixed,128,96,0.75,4.0,256,2048,512,2048,1664,415.298,474.16,467.505,0.8869
mixed,128,96,0.75,4.0,256,2048,1024,4096,3328,600.562,671.956,656.69,0.7862
mixed,128,96,0.75,4.0,256,2048,2048,8192,6656,919.842,1068.739,1000.115,0.5391
mixed,128,96,0.75,4.0,256,2048,4096,16384,13312,1575.99,1878.227,1628.851,0.1749
mixed,128,96,0.75,4.0,256,2048,8192,32768,26624,2882.454,3492.313,3085.882,0.3336
mixed,128,96,0.75,4.0,256,8192,128,512,416,534.834,547.172,538.29,0.2802
mixed,128,96,0.75,4.0,256,8192,256,1024,832,579.858,600.465,586.579,0.3262
mixed,128,96,0.75,4.0,256,8192,512,2048,1664,664.257,699.97,676.64,0.3467
mixed,128,96,0.75,4.0,256,8192,1024,4096,3328,828.69,796.45,857.28,
mixed,128,96,0.75,4.0,256,8192,2048,8192,6656,1203.106,1425.892,1418.498,0.9668
mixed,128,96,0.75,4.0,256,8192,4096,16384,13312,1926.341,2234.933,2137.444,0.6841
mixed,128,96,0.75,4.0,256,8192,8192,32768,26624,3231.513,3841.913,3498.056,0.4367
mixed,128,96,0.75,4.0,256,16384,128,512,416,843.618,855.907,843.955,0.0274
mixed,128,96,0.75,4.0,256,16384,256,1024,832,886.465,905.764,895.457,0.466
mixed,128,96,0.75,4.0,256,16384,512,2048,1664,971.427,1006.003,987.269,0.4582
mixed,128,96,0.75,4.0,256,16384,1024,4096,3328,1131.86,1210.034,1164.323,0.4153
mixed,128,96,0.75,4.0,256,16384,2048,8192,6656,1464.307,1428.739,1513.956,
mixed,128,96,0.75,4.0,256,16384,4096,16384,13312,2250.934,2704.487,2688.088,0.9638
mixed,128,96,0.75,4.0,256,16384,8192,32768,26624,3698.65,4313.036,4114.667,0.6771
mixed,128,96,0.75,4.0,1024,0,128,512,416,295.983,310.641,318.207,1.5162
mixed,128,96,0.75,4.0,1024,0,256,1024,832,341.665,362.801,369.553,1.3194
mixed,128,96,0.75,4.0,1024,0,512,2048,1664,427.855,465.009,467.677,1.0718
mixed,128,96,0.75,4.0,1024,0,1024,4096,3328,591.729,666.452,656.851,0.8715
mixed,128,96,0.75,4.0,1024,0,2048,8192,6656,930.018,1097.794,1018.484,0.5273
mixed,128,96,0.75,4.0,1024,0,4096,16384,13312,1617.589,1932.856,1772.104,0.4901
mixed,128,96,0.75,4.0,1024,0,8192,32768,26624,2943.992,3550.663,3244.617,0.4955
mixed,128,96,0.75,4.0,1024,512,128,512,416,403.649,417.966,427.521,1.6674
mixed,128,96,0.75,4.0,1024,512,256,1024,832,452.879,472.575,478.915,1.3219
mixed,128,96,0.75,4.0,1024,512,512,2048,1664,537.246,577.172,577.552,1.0095
mixed,128,96,0.75,4.0,1024,512,1024,4096,3328,699.632,776.386,762.607,0.8205
mixed,128,96,0.75,4.0,1024,512,2048,8192,6656,1038.387,1207.493,1127.234,0.5254
mixed,128,96,0.75,4.0,1024,512,4096,16384,13312,1726.259,2046.006,1876.354,0.4694
mixed,128,96,0.75,4.0,1024,512,8192,32768,26624,3066.169,3672.06,3358.316,0.4822
mixed,128,96,0.75,4.0,1024,2048,128,512,416,526.529,539.088,551.712,2.0051
mixed,128,96,0.75,4.0,1024,2048,256,1024,832,571.57,590.593,599.969,1.4929
mixed,128,96,0.75,4.0,1024,2048,512,2048,1664,656.687,696.275,699.022,1.0694
mixed,128,96,0.75,4.0,1024,2048,1024,4096,3328,824.595,900.003,886.211,0.8171
mixed,128,96,0.75,4.0,1024,2048,2048,8192,6656,1161.045,1320.165,1243.86,0.5205
mixed,128,96,0.75,4.0,1024,2048,4096,16384,13312,1842.137,2159.204,1995.427,0.4835
mixed,128,96,0.75,4.0,1024,2048,8192,32768,26624,3176.203,3777.53,3476.967,0.5002
mixed,128,96,0.75,4.0,1024,8192,128,512,416,1026.452,1036.226,1053.701,2.7881
mixed,128,96,0.75,4.0,1024,8192,256,1024,832,1068.994,1089.318,1100.387,1.5446
mixed,128,96,0.75,4.0,1024,8192,512,2048,1664,1152.224,1193.266,1199.604,1.1544
mixed,128,96,0.75,4.0,1024,8192,1024,4096,3328,1319.14,1396.578,1381.845,0.8097
mixed,128,96,0.75,4.0,1024,8192,2048,8192,6656,1640.852,1801.75,1737.686,0.6018
mixed,128,96,0.75,4.0,1024,8192,4096,16384,13312,2294.954,2601.03,2458.213,0.5334
mixed,128,96,0.75,4.0,1024,8192,8192,32768,26624,3603.206,4212.939,3910.428,0.5039
mixed,128,96,0.75,4.0,1024,16384,128,512,416,1662.87,1675.508,1686.773,1.8914
mixed,128,96,0.75,4.0,1024,16384,256,1024,832,1703.778,1721.685,1734.582,1.7203
mixed,128,96,0.75,4.0,1024,16384,512,2048,1664,1790.806,1824.883,1831.955,1.2075
mixed,128,96,0.75,4.0,1024,16384,1024,4096,3328,1952.761,2029.427,2009.781,0.7438
mixed,128,96,0.75,4.0,1024,16384,2048,8192,6656,2288.568,2440.903,2376.519,0.5774
mixed,128,96,0.75,4.0,1024,16384,4096,16384,13312,2942.008,3241.701,3097.129,0.5176
mixed,128,96,0.75,4.0,1024,16384,8192,32768,26624,4245.053,4842.859,4552.157,0.5137
mixed,128,96,0.75,4.0,4096,0,128,512,416,749.892,762.497,771.97,1.7515
mixed,128,96,0.75,4.0,4096,0,256,1024,832,795.043,814.036,825.936,1.6265
mixed,128,96,0.75,4.0,4096,0,512,2048,1664,882.149,919.204,923.027,1.1032
mixed,128,96,0.75,4.0,4096,0,1024,4096,3328,1048.548,1124.771,1106.036,0.7542
mixed,128,96,0.75,4.0,4096,0,2048,8192,6656,1371.734,1530.995,1465.558,0.5891
mixed,128,96,0.75,4.0,4096,0,4096,16384,13312,2032.116,2337.845,2194.579,0.5314
mixed,128,96,0.75,4.0,4096,0,8192,32768,26624,3340.874,3950.157,3635.225,0.4831
mixed,128,96,0.75,4.0,4096,512,128,512,416,955.345,966.773,979.395,2.1046
mixed,128,96,0.75,4.0,4096,512,256,1024,832,1002.638,1021.742,1030.43,1.4548
mixed,128,96,0.75,4.0,4096,512,512,2048,1664,1089.039,1125.025,1129.089,1.1129
mixed,128,96,0.75,4.0,4096,512,1024,4096,3328,1254.144,1326.257,1313.266,0.8198
mixed,128,96,0.75,4.0,4096,512,2048,8192,6656,1577.717,1737.586,1673.78,0.6009
mixed,128,96,0.75,4.0,4096,512,4096,16384,13312,2249.682,2566.66,2401.905,0.4802
mixed,128,96,0.75,4.0,4096,512,8192,32768,26624,3584.038,4188.035,3882.117,0.4935
mixed,128,96,0.75,4.0,4096,2048,128,512,416,1249.696,1258.466,1279.153,3.3588
mixed,128,96,0.75,4.0,4096,2048,256,1024,832,1292.131,1311.651,1321.7,1.5149
mixed,128,96,0.75,4.0,4096,2048,512,2048,1664,1376.609,1416.37,1427.22,1.2729
mixed,128,96,0.75,4.0,4096,2048,1024,4096,3328,1542.659,1623.459,1602.818,0.7445
mixed,128,96,0.75,4.0,4096,2048,2048,8192,6656,1877.825,2040.098,1966.437,0.5461
mixed,128,96,0.75,4.0,4096,2048,4096,16384,13312,2556.611,2869.349,2711.634,0.4957
mixed,128,96,0.75,4.0,4096,2048,8192,32768,26624,3884.868,4487.032,4184.296,0.4973
mixed,128,96,0.75,4.0,4096,8192,128,512,416,2381.093,2392.707,2409.506,2.4464
mixed,128,96,0.75,4.0,4096,8192,256,1024,832,2428.227,2444.356,2467.971,2.4643
mixed,128,96,0.75,4.0,4096,8192,512,2048,1664,2508.627,2547.443,2551.652,1.1084
mixed,128,96,0.75,4.0,4096,8192,1024,4096,3328,2684.26,2750.771,2728.708,0.6683
mixed,128,96,0.75,4.0,4096,8192,2048,8192,6656,3010.79,3154.612,3103.023,0.6413
mixed,128,96,0.75,4.0,4096,8192,4096,16384,13312,3664.245,3962.77,3830.649,0.5574
mixed,128,96,0.75,4.0,4096,8192,8192,32768,26624,4966.698,5569.557,5267.03,0.4982
mixed,128,96,0.75,4.0,4096,16384,128,512,416,3853.812,3873.816,3890.266,1.8223
mixed,128,96,0.75,4.0,4096,16384,256,1024,832,3910.215,3930.48,3928.803,0.9172
mixed,128,96,0.75,4.0,4096,16384,512,2048,1664,3984.836,4032.408,4039.028,1.1392
mixed,128,96,0.75,4.0,4096,16384,1024,4096,3328,4146.833,4246.216,4205.461,0.5899
mixed,128,96,0.75,4.0,4096,16384,2048,8192,6656,4494.374,4639.895,4583.188,0.6103
mixed,128,96,0.75,4.0,4096,16384,4096,16384,13312,5136.982,5446.872,5297.385,0.5176
mixed,128,96,0.75,4.0,4096,16384,8192,32768,26624,6456.133,7051.477,6740.863,0.4783
pure,128,115,0.8984,4.0,0,0,128,512,473,145.008,151.232,146.848,0.2956
pure,128,115,0.8984,4.0,0,0,256,1024,946,193.618,202.078,196.257,0.312
pure,128,115,0.8984,4.0,0,0,512,2048,1892,288.449,307.024,296.177,0.416
pure,128,115,0.8984,4.0,0,0,1024,4096,3784,475.631,506.162,486.433,0.3538
pure,128,115,0.8984,4.0,0,0,2048,8192,7568,843.393,908.548,889.169,0.7026
pure,128,115,0.8984,4.0,0,0,4096,16384,15136,1607.892,1715.269,1636.645,0.2678
pure,128,115,0.8984,4.0,0,0,8192,32768,30272,3086.823,3330.088,3130.283,0.1787
mixed,128,115,0.8984,4.0,16,0,128,512,473,153.392,160.85,157.121,0.5001
mixed,128,115,0.8984,4.0,16,0,256,1024,946,203.169,213.681,208.659,0.5223
mixed,128,115,0.8984,4.0,16,0,512,2048,1892,300.708,319.457,305.184,0.2387
mixed,128,115,0.8984,4.0,16,0,1024,4096,3784,487.969,520.721,496.339,0.2556
mixed,128,115,0.8984,4.0,16,0,2048,8192,7568,857.618,925.059,902.212,0.6612
mixed,128,115,0.8984,4.0,16,0,4096,16384,15136,1618.229,1723.351,1648.582,0.2887
mixed,128,115,0.8984,4.0,16,0,8192,32768,30272,3095.416,3346.088,3140.953,0.1817
mixed,128,115,0.8984,4.0,16,512,128,512,473,155.937,160.225,156.032,0.0223
mixed,128,115,0.8984,4.0,16,512,256,1024,946,202.304,213.043,206.224,0.365
mixed,128,115,0.8984,4.0,16,512,512,2048,1892,300.769,321.042,306.272,0.2714
mixed,128,115,0.8984,4.0,16,512,1024,4096,3784,488.321,521.313,497.329,0.273
mixed,128,115,0.8984,4.0,16,512,2048,8192,7568,855.618,926.003,901.923,0.6579
mixed,128,115,0.8984,4.0,16,512,4096,16384,15136,1616.131,1729.906,1653.108,0.325
mixed,128,115,0.8984,4.0,16,512,8192,32768,30272,3099.641,3334.025,3146.167,0.1985
mixed,128,115,0.8984,4.0,16,2048,128,512,473,207.454,211.921,182.113,-5.6737
mixed,128,115,0.8984,4.0,16,2048,256,1024,946,282.433,307.168,211.825,-2.8545
mixed,128,115,0.8984,4.0,16,2048,512,2048,1892,306.609,318.352,304.705,-0.1621
mixed,128,115,0.8984,4.0,16,2048,1024,4096,3784,485.873,524.048,498.531,0.3316
mixed,128,115,0.8984,4.0,16,2048,2048,8192,7568,858.643,925.153,872.5,0.2083
mixed,128,115,0.8984,4.0,16,2048,4096,16384,15136,1609.347,1729.619,1649.765,0.3361
mixed,128,115,0.8984,4.0,16,2048,8192,32768,30272,3100.776,3339.959,3149.048,0.2018
mixed,128,115,0.8984,4.0,16,8192,128,512,473,201.185,215.024,212.833,0.8417
mixed,128,115,0.8984,4.0,16,8192,256,1024,946,287.442,301.923,299.443,0.8288
mixed,128,115,0.8984,4.0,16,8192,512,2048,1892,443.825,475.106,357.92,-2.7463
mixed,128,115,0.8984,4.0,16,8192,1024,4096,3784,763.795,828.001,504.755,-4.0345
mixed,128,115,0.8984,4.0,16,8192,2048,8192,7568,871.796,928.29,871.059,-0.013
mixed,128,115,0.8984,4.0,16,8192,4096,16384,15136,1614.196,1731.844,1610.087,-0.0349
mixed,128,115,0.8984,4.0,16,8192,8192,32768,30272,3106.328,3346.505,3179.368,0.3041
mixed,128,115,0.8984,4.0,16,16384,128,512,473,210.13,220.977,214.718,0.4229
mixed,128,115,0.8984,4.0,16,16384,256,1024,946,283.681,301.904,299.392,0.8621
mixed,128,115,0.8984,4.0,16,16384,512,2048,1892,442.366,470.226,465.906,0.845
mixed,128,115,0.8984,4.0,16,16384,1024,4096,3784,756.736,819.49,584.417,-2.746
mixed,128,115,0.8984,4.0,16,16384,2048,8192,7568,1402.852,1504.436,883.73,-5.1103
mixed,128,115,0.8984,4.0,16,16384,4096,16384,15136,1644.516,1736.084,1612.771,-0.3467
mixed,128,115,0.8984,4.0,16,16384,8192,32768,30272,3109.287,3339.385,3086.63,-0.0985
mixed,128,115,0.8984,4.0,64,0,128,512,473,174.207,178.466,162.241,-2.8096
mixed,128,115,0.8984,4.0,64,0,256,1024,946,207.856,217.28,211.969,0.4365
mixed,128,115,0.8984,4.0,64,0,512,2048,1892,307.362,326.56,311.28,0.2041
mixed,128,115,0.8984,4.0,64,0,1024,4096,3784,493.873,527.635,504.833,0.3246
mixed,128,115,0.8984,4.0,64,0,2048,8192,7568,862.864,934.129,907.541,0.6269
mixed,128,115,0.8984,4.0,64,0,4096,16384,15136,1629.778,1734.402,1656.067,0.2513
mixed,128,115,0.8984,4.0,64,0,8192,32768,30272,3107.303,3346.263,3153.225,0.1922
mixed,128,115,0.8984,4.0,64,512,128,512,473,198.53,208.113,180.081,-1.9252
mixed,128,115,0.8984,4.0,64,512,256,1024,946,263.44,275.44,214.705,-4.0614
mixed,128,115,0.8984,4.0,64,512,512,2048,1892,362.417,381.601,308.05,-2.8339
mixed,128,115,0.8984,4.0,64,512,1024,4096,3784,543.811,578.451,504.529,-1.134
mixed,128,115,0.8984,4.0,64,512,2048,8192,7568,901.936,965.904,879.024,-0.3582
mixed,128,115,0.8984,4.0,64,512,4096,16384,15136,1626.18,1737.908,1659.443,0.2977
mixed,128,115,0.8984,4.0,64,512,8192,32768,30272,3095.881,3346.278,3148.28,0.2093
mixed,128,115,0.8984,4.0,64,2048,128,512,473,204.799,212.144,209.648,0.66
mixed,128,115,0.8984,4.0,64,2048,256,1024,946,282.865,309.377,305.665,0.86
mixed,128,115,0.8984,4.0,64,2048,512,2048,1892,437.265,468.465,351.568,-2.7468
mixed,128,115,0.8984,4.0,64,2048,1024,4096,3784,646.114,680.995,504.53,-4.059
mixed,128,115,0.8984,4.0,64,2048,2048,8192,7568,1011.539,1069.042,881.251,-2.2657
mixed,128,115,0.8984,4.0,64,2048,4096,16384,15136,1722.452,1842.534,1626.213,-0.8015
mixed,128,115,0.8984,4.0,64,2048,8192,32768,30272,3158.47,3421.767,3153.016,-0.0207
mixed,128,115,0.8984,4.0,64,8192,128,512,473,254.335,269.328,265.743,0.7608
mixed,128,115,0.8984,4.0,64,8192,256,1024,946,286.625,305.264,300.481,0.7434
mixed,128,115,0.8984,4.0,64,8192,512,2048,1892,443.457,464.883,469.729,1.2262
mixed,128,115,0.8984,4.0,64,8192,1024,4096,3784,743.249,805.62,802.243,0.9459
mixed,128,115,0.8984,4.0,64,8192,2048,8192,7568,1362.258,1464.756,1006.095,-3.4748
mixed,128,115,0.8984,4.0,64,8192,4096,16384,15136,2144.548,2259.974,1631.941,-4.441
mixed,128,115,0.8984,4.0,64,8192,8192,32768,30272,3607.673,3830.265,3114.567,-2.2153
mixed,128,115,0.8984,4.0,64,16384,128,512,473,344.928,340.512,343.474,
mixed,128,115,0.8984,4.0,64,16384,256,1024,946,435.219,396.114,393.457,
mixed,128,115,0.8984,4.0,64,16384,512,2048,1892,454.992,478.85,469.375,0.6028
mixed,128,115,0.8984,4.0,64,16384,1024,4096,3784,747.649,797.363,789.394,0.8397
mixed,128,115,0.8984,4.0,64,16384,2048,8192,7568,1334.691,1441.078,1440.629,0.9958
mixed,128,115,0.8984,4.0,64,16384,4096,16384,15136,2588.726,2788.696,1869.093,-3.5987
mixed,128,115,0.8984,4.0,64,16384,8192,32768,30272,4132.938,4353.418,3136.312,-4.5202
mixed,128,115,0.8984,4.0,256,0,128,512,473,207.921,214.976,206.287,-0.2316
mixed,128,115,0.8984,4.0,256,0,256,1024,946,254.224,266.769,253.328,-0.0715
mixed,128,115,0.8984,4.0,256,0,512,2048,1892,348.625,366.13,344.511,-0.235
mixed,128,115,0.8984,4.0,256,0,1024,4096,3784,530.401,562.577,537.555,0.2223
mixed,128,115,0.8984,4.0,256,0,2048,8192,7568,910.018,977.731,913.058,0.0449
mixed,128,115,0.8984,4.0,256,0,4096,16384,15136,1676.612,1783.828,1684.004,0.0689
mixed,128,115,0.8984,4.0,256,0,8192,32768,30272,3155.432,3392.921,3175.385,0.084
mixed,128,115,0.8984,4.0,256,512,128,512,473,213.536,219.553,219.984,1.0716
mixed,128,115,0.8984,4.0,256,512,256,1024,946,274.401,285.455,279.137,0.4285
mixed,128,115,0.8984,4.0,256,512,512,2048,1892,370.034,390.274,381.377,0.5604
mixed,128,115,0.8984,4.0,256,512,1024,4096,3784,554.656,582.384,570.464,0.5701
mixed,128,115,0.8984,4.0,256,512,2048,8192,7568,925.075,984.177,938.384,0.2252
mixed,128,115,0.8984,4.0,256,512,4096,16384,15136,1670.005,1793.172,1682.612,0.1024
mixed,128,115,0.8984,4.0,256,512,8192,32768,30272,3154.471,3397.657,3200.935,0.1911
mixed,128,115,0.8984,4.0,256,2048,128,512,473,313.44,317.121,312.995,-0.1212
mixed,128,115,0.8984,4.0,256,2048,256,1024,946,292.224,307.154,306.801,0.9764
mixed,128,115,0.8984,4.0,256,2048,512,2048,1892,447.522,472.403,469.506,0.8836
mixed,128,115,0.8984,4.0,256,2048,1024,4096,3784,643.473,671.618,665.059,0.767
mixed,128,115,0.8984,4.0,256,2048,2048,8192,7568,1010.833,1070.34,1037.732,0.452
mixed,128,115,0.8984,4.0,256,2048,4096,16384,15136,1757.367,1884.981,1777.092,0.1546
mixed,128,115,0.8984,4.0,256,2048,8192,32768,30272,3239.91,3478.024,3293.256,0.224
mixed,128,115,0.8984,4.0,256,8192,128,512,473,541.761,546.241,541.057,-0.1571
mixed,128,115,0.8984,4.0,256,8192,256,1024,946,591.955,601.922,596.176,0.4235
mixed,128,115,0.8984,4.0,256,8192,512,2048,1892,685.745,702.29,691.026,0.3192
mixed,128,115,0.8984,4.0,256,8192,1024,4096,3784,771.153,799.011,794.929,0.8535
mixed,128,115,0.8984,4.0,256,8192,2048,8192,7568,1333.955,1423.651,1415.925,0.9139
mixed,128,115,0.8984,4.0,256,8192,4096,16384,15136,2117.637,2242.484,2198.502,0.6477
mixed,128,115,0.8984,4.0,256,8192,8192,32768,30272,3598.361,3843.051,3687.146,0.3628
mixed,128,115,0.8984,4.0,256,16384,128,512,473,846.976,851.409,849.971,0.6755
mixed,128,115,0.8984,4.0,256,16384,256,1024,946,898.659,905.187,898.435,-0.0344
mixed,128,115,0.8984,4.0,256,16384,512,2048,1892,990.178,1004.387,995.842,0.3986
mixed,128,115,0.8984,4.0,256,16384,1024,4096,3784,1172.514,1210.484,1189.542,0.4485
mixed,128,115,0.8984,4.0,256,16384,2048,8192,7568,1391.06,1442.771,1429.012,0.7339
mixed,128,115,0.8984,4.0,256,16384,4096,16384,15136,2518.948,2678.231,2677.896,0.9979
mixed,128,115,0.8984,4.0,256,16384,8192,32768,30272,4093.354,4271.93,4196.344,0.5767
mixed,128,115,0.8984,4.0,1024,0,128,512,473,302.43,309.505,303.969,0.2175
mixed,128,115,0.8984,4.0,1024,0,256,1024,946,352.465,361.506,356.673,0.4654
mixed,128,115,0.8984,4.0,1024,0,512,2048,1892,450.015,466.322,453.487,0.2129
mixed,128,115,0.8984,4.0,1024,0,1024,4096,3784,640.21,667.844,647.891,0.2779
mixed,128,115,0.8984,4.0,1024,0,2048,8192,7568,1027.793,1097.332,1065.284,0.5391
mixed,128,115,0.8984,4.0,1024,0,4096,16384,15136,1814.916,1937.606,1842.74,0.2268
mixed,128,115,0.8984,4.0,1024,0,8192,32768,30272,3316.953,3550.682,3348.712,0.1359
mixed,128,115,0.8984,4.0,1024,512,128,512,473,411.775,417.904,414.129,0.384
mixed,128,115,0.8984,4.0,1024,512,256,1024,946,462.764,472.817,465.633,0.2854
mixed,128,115,0.8984,4.0,1024,512,512,2048,1892,559.743,576.467,565.523,0.3456
mixed,128,115,0.8984,4.0,1024,512,1024,4096,3784,746.226,778.674,758.947,0.3921
mixed,128,115,0.8984,4.0,1024,512,2048,8192,7568,1135.528,1202.147,1172.434,0.554
mixed,128,115,0.8984,4.0,1024,512,4096,16384,15136,1924.007,2052.327,1954.581,0.2383
mixed,128,115,0.8984,4.0,1024,512,8192,32768,30272,3426.135,3668.668,3476.235,0.2066
mixed,128,115,0.8984,4.0,1024,2048,128,512,473,535.762,539.06,535.154,-0.1845
mixed,128,115,0.8984,4.0,1024,2048,256,1024,946,585.025,592.388,584.244,-0.1061
mixed,128,115,0.8984,4.0,1024,2048,512,2048,1892,681.586,697.441,684.722,0.1978
mixed,128,115,0.8984,4.0,1024,2048,1024,4096,3784,865.311,898.145,875.843,0.3207
mixed,128,115,0.8984,4.0,1024,2048,2048,8192,7568,1252.449,1321.78,1288.402,0.5186
mixed,128,115,0.8984,4.0,1024,2048,4096,16384,15136,2041.38,2159.539,2070.756,0.2486
mixed,128,115,0.8984,4.0,1024,2048,8192,32768,30272,3546.81,3778.551,3585.481,0.1669
mixed,128,115,0.8984,4.0,1024,8192,128,512,473,1031.972,1034.9,1031.327,-0.2201
mixed,128,115,0.8984,4.0,1024,8192,256,1024,946,1078.228,1088.083,1082.234,0.4064
mixed,128,115,0.8984,4.0,1024,8192,512,2048,1892,1175.251,1190.436,1178.532,0.216
mixed,128,115,0.8984,4.0,1024,8192,1024,4096,3784,1363.999,1394.753,1374.465,0.3403
mixed,128,115,0.8984,4.0,1024,8192,2048,8192,7568,1728.083,1799.38,1773.797,0.6412
mixed,128,115,0.8984,4.0,1024,8192,4096,16384,15136,2490.781,2601.668,2521.273,0.275
mixed,128,115,0.8984,4.0,1024,8192,8192,32768,30272,3971.24,4213.773,4010.84,0.1633
mixed,128,115,0.8984,4.0,1024,16384,128,512,473,1666.725,1669.697,1666.975,0.084
mixed,128,115,0.8984,4.0,1024,16384,256,1024,946,1710.068,1725.028,1718.649,0.5736
mixed,128,115,0.8984,4.0,1024,16384,512,2048,1892,1807.83,1827.3,1813.797,0.3065
mixed,128,115,0.8984,4.0,1024,16384,1024,4096,3784,1997.205,2034.787,2007.428,0.272
mixed,128,115,0.8984,4.0,1024,16384,2048,8192,7568,2372.23,2438.183,2413.636,0.6278
mixed,128,115,0.8984,4.0,1024,16384,4096,16384,15136,3119.671,3241.067,3157.96,0.3154
mixed,128,115,0.8984,4.0,1024,16384,8192,32768,30272,4610.318,4851.998,4646.241,0.1486
mixed,128,115,0.8984,4.0,4096,0,128,512,473,758.64,759.875,756.979,-1.3463
mixed,128,115,0.8984,4.0,4096,0,256,1024,946,805.298,814.564,809.699,0.475
mixed,128,115,0.8984,4.0,4096,0,512,2048,1892,902.624,919.38,909.393,0.404
mixed,128,115,0.8984,4.0,4096,0,1024,4096,3784,1089.2,1121.475,1103.315,0.4373
mixed,128,115,0.8984,4.0,4096,0,2048,8192,7568,1462.708,1530.323,1504.337,0.6157
mixed,128,115,0.8984,4.0,4096,0,4096,16384,15136,2224.63,2331.11,2255.207,0.2872
mixed,128,115,0.8984,4.0,4096,0,8192,32768,30272,3711.724,3951.676,3746.33,0.1442
mixed,128,115,0.8984,4.0,4096,512,128,512,473,960.918,969.475,963.891,0.3475
mixed,128,115,0.8984,4.0,4096,512,256,1024,946,1007.966,1021.586,1013.649,0.4173
mixed,128,115,0.8984,4.0,4096,512,512,2048,1892,1108.085,1125.6,1113.562,0.3128
mixed,128,115,0.8984,4.0,4096,512,1024,4096,3784,1292.391,1331.185,1304.371,0.3088
mixed,128,115,0.8984,4.0,4096,512,2048,8192,7568,1667.939,1738.216,1709.157,0.5865
mixed,128,115,0.8984,4.0,4096,512,4096,16384,15136,2452.024,2567.91,2476.312,0.2096
mixed,128,115,0.8984,4.0,4096,512,8192,32768,30272,3952.189,4197.191,3987.753,0.1452
mixed,128,115,0.8984,4.0,4096,2048,128,512,473,1254.561,1258.07,1252.822,-0.4954
mixed,128,115,0.8984,4.0,4096,2048,256,1024,946,1300.899,1311.747,1304.547,0.3363
mixed,128,115,0.8984,4.0,4096,2048,512,2048,1892,1399.366,1413.716,1402.913,0.2472
mixed,128,115,0.8984,4.0,4096,2048,1024,4096,3784,1582.56,1618.228,1596.582,0.3931
mixed,128,115,0.8984,4.0,4096,2048,2048,8192,7568,1965.45,2042.182,2009.078,0.5686
mixed,128,115,0.8984,4.0,4096,2048,4096,16384,15136,2750.248,2868.681,2782.984,0.2764
mixed,128,115,0.8984,4.0,4096,2048,8192,32768,30272,4248.27,4483.087,4293.106,0.1909
mixed,128,115,0.8984,4.0,4096,8192,128,512,473,2394.938,2401.336,2390.581,-0.681
mixed,128,115,0.8984,4.0,4096,8192,256,1024,946,2433.048,2455.497,2439.387,0.2824
mixed,128,115,0.8984,4.0,4096,8192,512,2048,1892,2531.43,2554.855,2536.507,0.2167
mixed,128,115,0.8984,4.0,4096,8192,1024,4096,3784,2715.384,2752.068,2728.742,0.3641
mixed,128,115,0.8984,4.0,4096,8192,2048,8192,7568,3097.575,3164.266,3143.497,0.6886
mixed,128,115,0.8984,4.0,4096,8192,4096,16384,15136,3852.667,3968.234,3884.954,0.2794
mixed,128,115,0.8984,4.0,4096,8192,8192,32768,30272,5328.175,5576.255,5365.597,0.1508
mixed,128,115,0.8984,4.0,4096,16384,128,512,473,3874.955,3874.588,3861.352,
mixed,128,115,0.8984,4.0,4096,16384,256,1024,946,3920.095,3924.887,3914.427,-1.1827
mixed,128,115,0.8984,4.0,4096,16384,512,2048,1892,4007.755,4024.2,4026.542,1.1424
mixed,128,115,0.8984,4.0,4096,16384,1024,4096,3784,4194.095,4253.657,4203.278,0.1542
mixed,128,115,0.8984,4.0,4096,16384,2048,8192,7568,4575.806,4657.391,4624.318,0.5946
mixed,128,115,0.8984,4.0,4096,16384,4096,16384,15136,5336.625,5445.985,5360.46,0.218
mixed,128,115,0.8984,4.0,4096,16384,8192,32768,30272,6820.42,7052.295,6853.06,0.1408
pure,256,1,0.0039,4.0,0,0,128,512,129,120.129,251.489,162.159,0.32
pure,256,1,0.0039,4.0,0,0,256,1024,259,194.368,357.937,194.785,0.0026
pure,256,1,0.0039,4.0,0,0,512,2048,518,250.53,551.73,252.897,0.0079
pure,256,1,0.0039,4.0,0,0,1024,4096,1036,358.417,954.082,357.33,-0.0018
pure,256,1,0.0039,4.0,0,0,2048,8192,2072,557.042,1756.165,556.319,-0.0006
pure,256,1,0.0039,4.0,0,0,4096,16384,4144,953.779,3329.146,959.699,0.0025
pure,256,1,0.0039,4.0,0,0,8192,32768,8288,1752.854,6480.625,1769.797,0.0036
pure,256,2,0.0078,4.0,0,0,128,512,131,119.377,251.729,160.64,0.3118
pure,256,2,0.0078,4.0,0,0,256,1024,262,192.815,356.129,195.074,0.0138
pure,256,2,0.0078,4.0,0,0,512,2048,524,253.682,556.657,253.79,0.0004
pure,256,2,0.0078,4.0,0,0,1024,4096,1048,356.401,960.45,359.714,0.0055
pure,256,2,0.0078,4.0,0,0,2048,8192,2096,566.482,1751.798,561.345,-0.0043
pure,256,2,0.0078,4.0,0,0,4096,16384,4192,962.243,3332.617,968.322,0.0026
pure,256,2,0.0078,4.0,0,0,8192,32768,8384,1776.372,6487.347,1782.613,0.0013
pure,256,3,0.0117,4.0,0,0,128,512,132,119.776,249.841,166.961,0.3628
pure,256,3,0.0117,4.0,0,0,256,1024,265,195.234,356.913,208.466,0.0818
pure,256,3,0.0117,4.0,0,0,512,2048,530,252.24,554.242,292.257,0.1325
pure,256,3,0.0117,4.0,0,0,1024,4096,1060,359.682,955.845,435.107,0.1265
pure,256,3,0.0117,4.0,0,0,2048,8192,2120,580.226,1751.253,711.201,0.1118
pure,256,3,0.0117,4.0,0,0,4096,16384,4240,984.465,3325.8,1271.03,0.1224
pure,256,3,0.0117,4.0,0,0,8192,32768,8480,1795.798,6490.052,2378.422,0.1241
pure,256,4,0.0156,4.0,0,0,128,512,134,119.278,251.12,168.56,0.3738
pure,256,4,0.0156,4.0,0,0,256,1024,268,195.202,355.522,208.531,0.0831
pure,256,4,0.0156,4.0,0,0,512,2048,536,254.144,552.722,290.817,0.1228
pure,256,4,0.0156,4.0,0,0,1024,4096,1072,360.144,956.146,432.849,0.122
pure,256,4,0.0156,4.0,0,0,2048,8192,2144,567.697,1747.844,711.873,0.1222
pure,256,4,0.0156,4.0,0,0,4096,16384,4288,986.963,3331.401,1271.362,0.1213
pure,256,4,0.0156,4.0,0,0,8192,32768,8576,1839.635,6508.387,2382.165,0.1162
pure,256,16,0.0625,4.0,0,0,128,512,152,120.913,253.232,180.513,0.4504
pure,256,16,0.0625,4.0,0,0,256,1024,304,200.495,356.593,218.434,0.1149
pure,256,16,0.0625,4.0,0,0,512,2048,608,270.703,555.298,296.416,0.0903
pure,256,16,0.0625,4.0,0,0,1024,4096,1216,395.28,958.114,441.97,0.083
pure,256,16,0.0625,4.0,0,0,2048,8192,2432,627.377,1753.719,719.984,0.0822
pure,256,16,0.0625,4.0,0,0,4096,16384,4864,1096.163,3335.016,1277.682,0.0811
pure,256,16,0.0625,4.0,0,0,8192,32768,9728,2035.765,6486.498,2397.701,0.0813
pure,256,32,0.125,4.0,0,0,128,512,176,124.191,252.192,182.369,0.4545
pure,256,32,0.125,4.0,0,0,256,1024,352,212.801,357.026,224.147,0.0787
pure,256,32,0.125,4.0,0,0,512,2048,704,292.355,554.498,303.2,0.0414
pure,256,32,0.125,4.0,0,0,1024,4096,1408,429.938,956.995,450.211,0.0385
pure,256,32,0.125,4.0,0,0,2048,8192,2816,708.336,1753.029,731.282,0.022
pure,256,32,0.125,4.0,0,0,4096,16384,5632,1252.613,3334.887,1297.731,0.0217
pure,256,32,0.125,4.0,0,0,8192,32768,11264,2342.983,6484.559,2430.999,0.0213
pure,256,64,0.25,4.0,0,0,128,512,224,138.895,251.774,192.512,0.475
pure,256,64,0.25,4.0,0,0,256,1024,448,238.386,359.825,231.873,-0.0536
pure,256,64,0.25,4.0,0,0,512,2048,896,329.376,553.906,358.514,0.1298
pure,256,64,0.25,4.0,0,0,1024,4096,1792,499.939,957.392,554.308,0.1189
pure,256,64,0.25,4.0,0,0,2048,8192,3584,853.299,1749.895,932.178,0.088
pure,256,64,0.25,4.0,0,0,4096,16384,7168,1543.413,3325.849,1690.868,0.0827
pure,256,64,0.25,4.0,0,0,8192,32768,14336,2923.178,6484.13,3217.029,0.0825
pure,256,128,0.5,4.0,0,0,128,512,320,210.734,251.985,207.071,-0.0888
pure,256,128,0.5,4.0,0,0,256,1024,640,279.185,355.168,273.377,-0.0764
pure,256,128,0.5,4.0,0,0,512,2048,1280,404.37,554.882,404.674,0.002
pure,256,128,0.5,4.0,0,0,1024,4096,2560,652.625,957.636,654.465,0.006
pure,256,128,0.5,4.0,0,0,2048,8192,5120,1145.859,1754.341,1152.835,0.0115
pure,256,128,0.5,4.0,0,0,4096,16384,10240,2135.062,3328.361,2139.798,0.004
pure,256,128,0.5,4.0,0,0,8192,32768,20480,4118.299,6500.719,4116.267,-0.0009
pure,256,192,0.75,4.0,0,0,128,512,416,230.304,251.12,235.343,0.242
pure,256,192,0.75,4.0,0,0,256,1024,832,316.609,355.553,335.137,0.4758
pure,256,192,0.75,4.0,0,0,512,2048,1664,478.817,553.106,522.562,0.5889
pure,256,192,0.75,4.0,0,0,1024,4096,3328,799.412,954.227,886.513,0.5626
pure,256,192,0.75,4.0,0,0,2048,8192,6656,1450.467,1749.862,1622.547,0.5748
pure,256,192,0.75,4.0,0,0,4096,16384,13312,2731.047,3321.751,3094.47,0.6152
pure,256,192,0.75,4.0,0,0,8192,32768,26624,5295.903,6486.736,6032.861,0.6189
pure,256,230,0.8984,4.0,0,0,128,512,473,240.674,251.41,248.08,0.6898
pure,256,230,0.8984,4.0,0,0,256,1024,946,334.863,357.601,345.328,0.4602
pure,256,230,0.8984,4.0,0,0,512,2048,1892,518.673,553.394,532.226,0.3903
pure,256,230,0.8984,4.0,0,0,1024,4096,3784,887.06,957.442,914.402,0.3885
pure,256,230,0.8984,4.0,0,0,2048,8192,7568,1620.003,1754.533,1664.213,0.3286
pure,256,230,0.8984,4.0,0,0,4096,16384,15136,3100.552,3324.374,3157.208,0.2531
pure,256,230,0.8984,4.0,0,0,8192,32768,30272,6025.854,6502.64,6157.599,0.2763
mixed,4,1,0.25,1.5,16,0,128,192,144,77.119,81.649,81.008,0.8586
mixed,4,1,0.25,2.0,16,0,128,256,160,76.847,85.68,88.385,1.3063
mixed,4,1,0.25,8.0,16,0,128,1024,352,87.249,87.518,84.418,-10.4815
mixed,4,1,0.25,16.0,16,0,128,2048,608,89.871,91.778,88.608,-0.6629
mixed,8,1,0.125,1.5,16,0,128,192,136,77.585,82.674,81.265,0.7232
mixed,8,1,0.125,2.0,16,0,128,256,144,77.648,86.272,86.352,1.0093
mixed,8,1,0.125,8.0,16,0,128,1024,240,83.375,93.343,85.984,0.2617
mixed,8,1,0.125,16.0,16,0,128,2048,368,88.625,100.864,87.616,-0.0825
mixed,4,2,0.5,1.5,16,0,128,192,160,77.025,82.303,80.961,0.7458
mixed,4,2,0.5,2.0,16,0,128,256,192,81.505,85.423,87.728,1.5883
pure,4,1,0.25,2.0,0,0,128,256,160,62.766,69.793,70.56,1.1092
pure,4,1,0.25,8.0,0,0,128,1024,352,71.344,75.248,75.888,1.1642
pure,4,1,0.25,16.0,0,0,128,2048,608,75.873,80.831,79.47,0.7255
pure,2,1,0.5,4.0,0,0,16384,65536,40960,155.551,195.217,160.144,0.1158
mixed,2,1,0.5,4.0,16,0,16384,65536,40960,198.802,264.593,260.817,0.9426
mixed,2,1,0.5,4.0,16,512,16384,65536,40960,198.079,267.153,263.423,0.946
mixed,2,1,0.5,4.0,16,2048,16384,65536,40960,201.041,269.521,268.401,0.9837
mixed,2,1,0.5,4.0,16,8192,16384,65536,40960,202.496,270.048,265.632,0.9346
mixed,2,1,0.5,4.0,16,32768,128,512,320,212.608,212.464,211.857,
mixed,2,1,0.5,4.0,16,32768,256,1024,640,212.767,213.135,211.44,-3.6136
mixed,2,1,0.5,4.0,16,32768,512,2048,1280,213.311,213.041,212.786,
mixed,2,1,0.5,4.0,16,32768,1024,4096,2560,213.202,212.401,213.346,
mixed,2,1,0.5,4.0,16,32768,2048,8192,5120,212.848,212.177,213.52,
mixed,2,1,0.5,4.0,16,32768,4096,16384,10240,212.512,223.375,215.523,0.2772
mixed,2,1,0.5,4.0,16,32768,8192,32768,20480,229.152,238.464,228.416,-0.079
mixed,2,1,0.5,4.0,16,32768,16384,65536,40960,236.931,275.442,270.385,0.8687
mixed,2,1,0.5,4.0,64,0,16384,65536,40960,467.97,698.611,698.066,0.9976
mixed,2,1,0.5,4.0,64,512,16384,65536,40960,467.729,699.008,698.484,0.9977
mixed,2,1,0.5,4.0,64,2048,16384,65536,40960,474.722,703.409,705.893,1.0109
mixed,2,1,0.5,4.0,64,8192,16384,65536,40960,478.69,707.763,708.705,1.0041
mixed,2,1,0.5,4.0,64,32768,128,512,320,426.897,426.483,426.769,
mixed,2,1,0.5,4.0,64,32768,256,1024,640,428.13,426.37,427.154,
mixed,2,1,0.5,4.0,64,32768,512,2048,1280,427.794,427.952,427.233,-3.5363
mixed,2,1,0.5,4.0,64,32768,1024,4096,2560,426.432,427.825,428.049,1.1612
mixed,2,1,0.5,4.0,64,32768,2048,8192,5120,428.869,428.561,426.979,
mixed,2,1,0.5,4.0,64,32768,4096,16384,10240,621.538,706.195,703.65,0.9699
mixed,2,1,0.5,4.0,64,32768,8192,32768,20480,467.553,467.568,468.961,93.8667
mixed,2,1,0.5,4.0,64,32768,16384,65536,40960,481.33,713.905,711.81,0.991
mixed,2,1,0.5,4.0,256,0,16384,65536,40960,1627.491,2548.582,2549.59,1.0011
mixed,2,1,0.5,4.0,256,512,16384,65536,40960,1632.789,2551.03,2550.55,0.9995
mixed,2,1,0.5,4.0,256,2048,16384,65536,40960,1659.812,2556.212,2578.742,1.0251
mixed,2,1,0.5,4.0,256,8192,16384,65536,40960,1661.668,2583.014,2581.828,0.9987
mixed,2,1,0.5,4.0,256,32768,128,512,320,1369.987,1372.577,1370.082,0.0363
mixed,2,1,0.5,4.0,256,32768,256,1024,640,1370.356,1369.907,1374.194,
mixed,2,1,0.5,4.0,256,32768,512,2048,1280,1369.714,1369.652,1373.508,
mixed,2,1,0.5,4.0,256,32768,1024,4096,2560,1371.108,1370.065,1370.148,
mixed,2,1,0.5,4.0,256,32768,2048,8192,5120,1377.477,1371.412,1369.827,
mixed,2,1,0.5,4.0,256,32768,4096,16384,10240,1372.674,1370.786,1369.619,
mixed,2,1,0.5,4.0,256,32768,8192,32768,20480,1374.1,1371.539,1371.924,
mixed,2,1,0.5,4.0,256,32768,16384,65536,40960,1662.003,2587.525,2578.312,0.99
mixed,2,1,0.5,4.0,1024,0,16384,65536,40960,321.568,364.689,327.6,0.1399
mixed,2,1,0.5,4.0,1024,512,16384,65536,40960,428.946,469.312,433.666,0.117
mixed,2,1,0.5,4.0,1024,2048,16384,65536,40960,551.154,589.233,558.913,0.2038
mixed,2,1,0.5,4.0,1024,8192,16384,65536,40960,1028.004,1067.492,1037.778,0.2475
mixed,2,1,0.5,4.0,1024,32768,128,512,320,2817.125,2820.726,2823.335,1.7243
mixed,2,1,0.5,4.0,1024,32768,256,1024,640,2826.791,2830.043,2825.279,-0.4649
mixed,2,1,0.5,4.0,1024,32768,512,2048,1280,2834.058,2838.212,2830.393,-0.8823
mixed,2,1,0.5,4.0,1024,32768,1024,4096,2560,2847.913,2841.401,2833.64,
mixed,2,1,0.5,4.0,1024,32768,2048,8192,5120,2849.539,2846.325,2844.822,
mixed,2,1,0.5,4.0,1024,32768,4096,16384,10240,2850.293,2866.954,2864.823,0.8721
mixed,2,1,0.5,4.0,1024,32768,8192,32768,20480,2874.727,2897.527,2886.503,0.5165
mixed,2,1,0.5,4.0,1024,32768,16384,65536,40960,2901.764,2959.971,2932.422,0.5267
mixed,2,1,0.5,4.0,4096,0,16384,65536,40960,777.894,816.418,782.852,0.1287
mixed,2,1,0.5,4.0,4096,512,16384,65536,40960,980.035,1020.386,987.952,0.1962
mixed,2,1,0.5,4.0,4096,2048,16384,65536,40960,1270.084,1310.133,1280.578,0.262
mixed,2,1,0.5,4.0,4096,8192,16384,65536,40960,2397.813,2436.309,2406.549,0.2269
mixed,2,1,0.5,4.0,4096,32768,128,512,320,6732.124,6742.18,6737.808,0.5652
mixed,2,1,0.5,4.0,4096,32768,256,1024,640,6747.299,6767.15,6738.539,-0.4413
mixed,2,1,0.5,4.0,4096,32768,512,2048,1280,6734.368,6753.237,6741.23,0.3636
mixed,2,1,0.5,4.0,4096,32768,1024,4096,2560,6737.992,6751.775,6763.729,1.8672
mixed,2,1,0.5,4.0,4096,32768,2048,8192,5120,6752.594,6766.957,6758.817,0.4333
mixed,2,1,0.5,4.0,4096,32768,4096,16384,10240,6766.241,6775.345,6769.952,0.4076
mixed,2,1,0.5,4.0,4096,32768,8192,32768,20480,6782.96,6834.272,6802.625,0.3832
mixed,2,1,0.5,4.0,4096,32768,16384,65536,40960,6837.572,6887.825,6861.026,0.4667
pure,4,1,0.25,4.0,0,0,16384,65536,28672,168.496,288.29,181.122,0.1054
mixed,4,1,0.25,4.0,16,0,16384,65536,28672,189.664,308.0,267.184,0.6551
mixed,4,1,0.25,4.0,16,512,16384,65536,28672,188.033,309.168,265.906,0.6429
mixed,4,1,0.25,4.0,16,2048,16384,65536,28672,194.769,307.216,267.327,0.6453
mixed,4,1,0.25,4.0,16,8192,16384,65536,28672,200.514,311.362,269.217,0.6198
mixed,4,1,0.25,4.0,16,32768,128,512,224,213.409,214.768,214.08,0.4936
mixed,4,1,0.25,4.0,16,32768,256,1024,448,213.715,216.0,214.88,0.5101
mixed,4,1,0.25,4.0,16,32768,512,2048,896,214.079,214.225,213.795,-1.9519
mixed,4,1,0.25,4.0,16,32768,1024,4096,1792,213.68,216.658,213.889,0.0702
mixed,4,1,0.25,4.0,16,32768,2048,8192,3584,216.195,225.073,216.129,-0.0074
mixed,4,1,0.25,4.0,16,32768,4096,16384,7168,218.099,240.288,220.034,0.0872
mixed,4,1,0.25,4.0,16,32768,8192,32768,14336,237.632,286.159,237.25,-0.0079
mixed,4,1,0.25,4.0,16,32768,16384,65536,28672,274.321,370.545,271.68,-0.0274
mixed,4,1,0.25,4.0,64,0,16384,65536,28672,356.193,702.834,703.249,1.0012
mixed,4,1,0.25,4.0,64,512,16384,65536,28672,361.233,707.89,703.232,0.9866
mixed,4,1,0.25,4.0,64,2048,16384,65536,28672,364.001,707.234,705.891,0.9961
mixed,4,1,0.25,4.0,64,8192,16384,65536,28672,368.498,711.922,711.617,0.9991
mixed,4,1,0.25,4.0,64,32768,128,512,224,429.648,429.889,430.226,2.3963
mixed,4,1,0.25,4.0,64,32768,256,1024,448,430.962,430.514,429.522,
mixed,4,1,0.25,4.0,64,32768,512,2048,896,429.616,429.711,429.973,3.7526
mixed,4,1,0.25,4.0,64,32768,1024,4096,1792,431.488,430.976,430.641,
mixed,4,1,0.25,4.0,64,32768,2048,8192,3584,431.41,712.626,422.624,-0.0312
mixed,4,1,0.25,4.0,64,32768,4096,16384,7168,659.075,471.393,707.6,
mixed,4,1,0.25,4.0,64,32768,8192,32768,14336,468.321,525.951,470.69,0.0411
mixed,4,1,0.25,4.0,64,32768,16384,65536,28672,815.678,719.267,720.962,
mixed,4,1,0.25,4.0,256,0,16384,65536,28672,1170.178,2551.494,2554.948,1.0025
mixed,4,1,0.25,4.0,256,512,16384,65536,28672,1172.772,2553.782,2551.0,0.998
mixed,4,1,0.25,4.0,256,2048,16384,65536,28672,1307.478,2559.046,2583.477,1.0195
mixed,4,1,0.25,4.0,256,8192,16384,65536,28672,1547.157,2936.519,2604.565,0.7611
mixed,4,1,0.25,4.0,256,32768,128,512,224,1373.365,1372.612,1373.523,
mixed,4,1,0.25,4.0,256,32768,256,1024,448,1373.427,1374.483,1374.609,1.1193
mixed,4,1,0.25,4.0,256,32768,512,2048,896,1372.755,1374.788,1374.803,1.0074
mixed,4,1,0.25,4.0,256,32768,1024,4096,1792,1377.078,1378.995,1374.641,-1.2703
mixed,4,1,0.25,4.0,256,32768,2048,8192,3584,1374.069,1375.844,1374.498,0.2412
mixed,4,1,0.25,4.0,256,32768,4096,16384,7168,1381.54,1379.378,1375.282,
mixed,4,1,0.25,4.0,256,32768,8192,32768,14336,1377.635,2608.981,1371.107,-0.0053
mixed,4,1,0.25,4.0,256,32768,16384,65536,28672,2295.895,3831.578,2607.287,0.2028
mixed,4,1,0.25,4.0,1024,0,16384,65536,28672,338.29,455.699,348.834,0.0898
mixed,4,1,0.25,4.0,1024,512,16384,65536,28672,447.393,566.307,456.352,0.0753
mixed,4,1,0.25,4.0,1024,2048,16384,65536,28672,568.258,691.279,576.931,0.0705
mixed,4,1,0.25,4.0,1024,8192,16384,65536,28672,1057.887,1174.049,1064.115,0.0536
mixed,4,1,0.25,4.0,1024,32768,128,512,224,2830.645,2828.716,2839.461,
mixed,4,1,0.25,4.0,1024,32768,256,1024,448,2829.64,2826.666,2824.179,
mixed,4,1,0.25,4.0,1024,32768,512,2048,896,2832.057,2843.333,2839.8,0.6867
mixed,4,1,0.25,4.0,1024,32768,1024,4096,1792,2842.662,2852.551,2852.134,0.9578
mixed,4,1,0.25,4.0,1024,32768,2048,8192,3584,2852.917,2867.847,2861.956,0.6055
mixed,4,1,0.25,4.0,1024,32768,4096,16384,7168,2872.165,2900.541,2873.795,0.0575
mixed,4,1,0.25,4.0,1024,32768,8192,32768,14336,2892.44,2949.816,2901.815,0.1634
mixed,4,1,0.25,4.0,1024,32768,16384,65536,28672,2936.265,3052.135,2944.791,0.0736
mixed,4,1,0.25,4.0,4096,0,16384,65536,28672,790.945,908.498,802.978,0.1024
mixed,4,1,0.25,4.0,4096,512,16384,65536,28672,998.099,1117.074,1004.995,0.058
mixed,4,1,0.25,4.0,4096,2048,16384,65536,28672,1290.614,1408.16,1297.314,0.057
mixed,4,1,0.25,4.0,4096,8192,16384,65536,28672,2424.165,2531.492,2434.056,0.0922
mixed,4,1,0.25,4.0,4096,32768,128,512,224,6728.867,6733.568,6731.63,0.5879
mixed,4,1,0.25,4.0,4096,32768,256,1024,448,6725.459,6748.787,6759.77,1.4708
mixed,4,1,0.25,4.0,4096,32768,512,2048,896,6746.191,6746.818,6739.15,-11.2386
mixed,4,1,0.25,4.0,4096,32768,1024,4096,1792,6743.79,6752.711,6742.463,-0.1488
mixed,4,1,0.25,4.0,4096,32768,2048,8192,3584,6755.18,6766.135,6788.868,3.0752
mixed,4,1,0.25,4.0,4096,32768,4096,16384,7168,6766.273,6797.153,6773.139,0.2223
mixed,4,1,0.25,4.0,4096,32768,8192,32768,14336,6823.172,6865.89,6808.24,-0.3495
mixed,4,1,0.25,4.0,4096,32768,16384,65536,28672,6848.622,6979.093,6881.827,0.2545
pure,4,2,0.5,4.0,0,0,16384,65536,40960,211.488,289.728,218.622,0.0912
mixed,4,2,0.5,4.0,16,0,16384,65536,40960,224.016,310.449,271.505,0.5494
mixed,4,2,0.5,4.0,16,512,16384,65536,40960,227.023,308.466,270.049,0.5283
mixed,4,2,0.5,4.0,16,2048,16384,65536,40960,225.44,306.465,272.226,0.5774
mixed,4,2,0.5,4.0,16,8192,16384,65536,40960,240.401,313.25,272.51,0.4408
mixed,4,2,0.5,4.0,16,32768,128,512,320,213.761,214.033,213.715,-0.1673
mixed,4,2,0.5,4.0,16,32768,256,1024,640,213.471,215.457,214.834,0.6861
mixed,4,2,0.5,4.0,16,32768,512,2048,1280,214.706,213.842,213.217,
mixed,4,2,0.5,4.0,16,32768,1024,4096,2560,214.338,217.665,214.144,-0.058
mixed,4,2,0.5,4.0,16,32768,2048,8192,5120,217.952,225.713,216.448,-0.1937
mixed,4,2,0.5,4.0,16,32768,4096,16384,10240,230.8,241.232,227.346,-0.331
mixed,4,2,0.5,4.0,16,32768,8192,32768,20480,245.587,285.937,246.864,0.0316
mixed,4,2,0.5,4.0,16,32768,16384,65536,40960,284.625,368.832,287.89,0.0388
mixed,4,2,0.5,4.0,64,0,16384,65536,40960,473.122,703.762,701.569,0.9905
mixed,4,2,0.5,4.0,64,512,16384,65536,40960,474.032,707.41,703.456,0.9831
mixed,4,2,0.5,4.0,64,2048,16384,65536,40960,478.386,706.258,706.85,1.0026
mixed,4,2,0.5,4.0,64,8192,16384,65536,40960,486.579,712.93,713.442,1.0023
mixed,4,2,0.5,4.0,64,32768,128,512,320,430.034,430.161,429.906,-1.0
mixed,4,2,0.5,4.0,64,32768,256,1024,640,430.705,430.497,429.632,
mixed,4,2,0.5,4.0,64,32768,512,2048,1280,430.115,431.231,429.696,-0.3742
mixed,4,2,0.5,4.0,64,32768,1024,4096,2560,430.544,431.106,431.809,2.2529
mixed,4,2,0.5,4.0,64,32768,2048,8192,5120,502.546,709.424,554.178,0.2496
mixed,4,2,0.5,4.0,64,32768,4096,16384,10240,469.154,471.522,470.26,0.4671
mixed,4,2,0.5,4.0,64,32768,8192,32768,20480,473.923,528.848,471.473,-0.0446
mixed,4,2,0.5,4.0,64,32768,16384,65536,40960,530.481,721.457,718.786,0.986
mixed,4,2,0.5,4.0,256,0,16384,65536,40960,1631.603,2550.134,2548.695,0.9984
mixed,4,2,0.5,4.0,256,512,16384,65536,40960,1632.228,2552.502,2558.582,1.0066
mixed,4,2,0.5,4.0,256,2048,16384,65536,40960,1634.933,2552.966,2552.293,0.9993
mixed,4,2,0.5,4.0,256,8192,16384,65536,40960,2006.822,2929.783,2599.194,0.6418
mixed,4,2,0.5,4.0,256,32768,128,512,320,1373.363,1372.45,1378.915,
mixed,4,2,0.5,4.0,256,32768,256,1024,640,1375.268,1374.468,1373.826,
mixed,4,2,0.5,4.0,256,32768,512,2048,1280,1372.996,1374.708,1373.652,0.3834
mixed,4,2,0.5,4.0,256,32768,1024,4096,2560,1374.212,1374.69,1373.459,-1.571
mixed,4,2,0.5,4.0,256,32768,2048,8192,5120,1381.54,1377.411,1374.182,
mixed,4,2,0.5,4.0,256,32768,4096,16384,10240,1378.626,1374.595,1377.555,
mixed,4,2,0.5,4.0,256,32768,8192,32768,20480,1691.843,2610.422,1989.942,0.3245
mixed,4,2,0.5,4.0,256,32768,16384,65536,40960,2912.47,3833.495,2603.064,-0.3359
mixed,4,2,0.5,4.0,1024,0,16384,65536,40960,380.849,455.745,388.769,0.1057
mixed,4,2,0.5,4.0,1024,512,16384,65536,40960,491.62,565.569,495.087,0.0469
mixed,4,2,0.5,4.0,1024,2048,16384,65536,40960,613.393,689.215,617.393,0.0528
mixed,4,2,0.5,4.0,1024,8192,16384,65536,40960,1099.908,1174.517,1104.0,0.0549
mixed,4,2,0.5,4.0,1024,32768,128,512,320,2827.016,2827.769,2827.081,0.0864
mixed,4,2,0.5,4.0,1024,32768,256,1024,640,2829.547,2832.885,2831.927,0.7129
mixed,4,2,0.5,4.0,1024,32768,512,2048,1280,2835.749,2839.927,2853.282,4.1971
mixed,4,2,0.5,4.0,1024,32768,1024,4096,2560,2850.921,2850.341,2846.919,
mixed,4,2,0.5,4.0,1024,32768,2048,8192,5120,2853.016,2870.118,2863.894,0.636
mixed,4,2,0.5,4.0,1024,32768,4096,16384,10240,2875.242,2895.303,2880.739,0.274
mixed,4,2,0.5,4.0,1024,32768,8192,32768,20480,2916.425,2951.7,2921.85,0.1538
mixed,4,2,0.5,4.0,1024,32768,16384,65536,40960,2977.529,3054.746,2990.23,0.1645
mixed,4,2,0.5,4.0,4096,0,16384,65536,40960,835.492,911.221,842.484,0.0923
mixed,4,2,0.5,4.0,4096,512,16384,65536,40960,1039.108,1115.426,1047.601,0.1113
mixed,4,2,0.5,4.0,4096,2048,16384,65536,40960,1332.851,1404.259,1336.882,0.0564
mixed,4,2,0.5,4.0,4096,8192,16384,65536,40960,2458.2,2527.683,2461.222,0.0435
mixed,4,2,0.5,4.0,4096,32768,128,512,320,6730.913,6741.49,6724.582,-0.5985
mixed,4,2,0.5,4.0,4096,32768,256,1024,640,6730.365,6732.448,6740.127,4.6883
mixed,4,2,0.5,4.0,4096,32768,512,2048,1280,6735.727,6748.19,6749.86,1.134
mixed,4,2,0.5,4.0,4096,32768,1024,4096,2560,6745.137,6749.264,6744.765,-0.0901
mixed,4,2,0.5,4.0,4096,32768,2048,8192,5120,6768.621,6773.428,6764.24,-0.9116
mixed,4,2,0.5,4.0,4096,32768,4096,16384,10240,6780.945,6796.016,6783.187,0.1488
mixed,4,2,0.5,4.0,4096,32768,8192,32768,20480,6820.306,6851.284,6825.872,0.1797
mixed,4,2,0.5,4.0,4096,32768,16384,65536,40960,6887.534,6957.151,6900.209,0.1821
pure,4,3,0.75,4.0,0,0,16384,65536,53248,250.704,288.849,253.202,0.0655
mixed,4,3,0.75,4.0,16,0,16384,65536,53248,266.546,308.767,284.368,0.4221
mixed,4,3,0.75,4.0,16,512,16384,65536,53248,264.514,307.602,280.432,0.3694
mixed,4,3,0.75,4.0,16,2048,16384,65536,53248,266.16,307.281,288.112,0.5338
mixed,4,3,0.75,4.0,16,8192,16384,65536,53248,274.208,313.552,285.04,0.2753
mixed,4,3,0.75,4.0,16,32768,128,512,416,213.634,213.808,214.594,5.4857
mixed,4,3,0.75,4.0,16,32768,256,1024,832,215.154,215.826,214.849,-0.4528
mixed,4,3,0.75,4.0,16,32768,512,2048,1664,213.536,213.728,214.369,4.3385
mixed,4,3,0.75,4.0,16,32768,1024,4096,3328,215.041,216.737,214.831,-0.1242
mixed,4,3,0.75,4.0,16,32768,2048,8192,6656,222.56,225.968,219.68,-0.8448
mixed,4,3,0.75,4.0,16,32768,4096,16384,13312,234.786,239.857,232.642,-0.4229
mixed,4,3,0.75,4.0,16,32768,8192,32768,26624,259.264,285.168,268.016,0.3379
mixed,4,3,0.75,4.0,16,32768,16384,65536,53248,321.618,373.474,323.458,0.0355
mixed,4,3,0.75,4.0,64,0,16384,65536,53248,589.186,703.826,704.755,1.0081
mixed,4,3,0.75,4.0,64,512,16384,65536,53248,591.269,707.042,706.099,0.9919
mixed,4,3,0.75,4.0,64,2048,16384,65536,53248,589.729,707.362,705.072,0.9805
mixed,4,3,0.75,4.0,64,8192,16384,65536,53248,600.225,717.202,711.57,0.9519
mixed,4,3,0.75,4.0,64,32768,128,512,416,429.154,429.872,430.194,1.4468
mixed,4,3,0.75,4.0,64,32768,256,1024,832,431.394,430.032,429.01,
mixed,4,3,0.75,4.0,64,32768,512,2048,1664,430.848,430.304,431.359,
mixed,4,3,0.75,4.0,64,32768,1024,4096,3328,430.847,432.289,430.803,-0.0302
mixed,4,3,0.75,4.0,64,32768,2048,8192,6656,617.618,708.08,708.371,1.0032
mixed,4,3,0.75,4.0,64,32768,4096,16384,13312,471.153,469.731,470.897,
mixed,4,3,0.75,4.0,64,32768,8192,32768,26624,777.281,529.183,785.971,
mixed,4,3,0.75,4.0,64,32768,16384,65536,53248,610.625,721.795,721.218,0.9948
mixed,4,3,0.75,4.0,256,0,16384,65536,53248,2090.211,2550.423,2555.638,1.0113
mixed,4,3,0.75,4.0,256,512,16384,65536,53248,2094.47,2558.918,2555.526,0.9927
mixed,4,3,0.75,4.0,256,2048,16384,65536,53248,2092.726,2556.551,2553.542,0.9935
mixed,4,3,0.75,4.0,256,8192,16384,65536,53248,2467.318,2929.273,2928.87,0.9991
mixed,4,3,0.75,4.0,256,32768,128,512,416,1375.427,1372.773,1375.315,
mixed,4,3,0.75,4.0,256,32768,256,1024,832,1374.067,1373.86,1373.556,
mixed,4,3,0.75,4.0,256,32768,512,2048,1664,1374.613,1374.146,1381.447,
mixed,4,3,0.75,4.0,256,32768,1024,4096,3328,1376.035,1376.74,1374.915,-1.5887
mixed,4,3,0.75,4.0,256,32768,2048,8192,6656,1381.524,1376.227,1374.451,
mixed,4,3,0.75,4.0,256,32768,4096,16384,13312,1377.666,1376.131,1375.124,
mixed,4,3,0.75,4.0,256,32768,8192,32768,26624,2148.485,2606.438,2608.276,1.004
mixed,4,3,0.75,4.0,256,32768,16384,65536,53248,3374.534,3832.618,3831.72,0.998
mixed,4,3,0.75,4.0,1024,0,16384,65536,53248,419.168,454.162,423.376,0.1202
mixed,4,3,0.75,4.0,1024,512,16384,65536,53248,528.466,566.309,531.522,0.0808
mixed,4,3,0.75,4.0,1024,2048,16384,65536,53248,649.057,688.432,655.106,0.1536
mixed,4,3,0.75,4.0,1024,8192,16384,65536,53248,1136.596,1174.98,1141.669,0.1322
mixed,4,3,0.75,4.0,1024,32768,128,512,416,2829.013,2828.854,2835.657,
mixed,4,3,0.75,4.0,1024,32768,256,1024,832,2828.566,2831.159,2828.029,-0.2071
mixed,4,3,0.75,4.0,1024,32768,512,2048,1664,2851.429,2836.521,2841.638,
mixed,4,3,0.75,4.0,1024,32768,1024,4096,3328,2850.618,2851.4,2855.157,5.805
mixed,4,3,0.75,4.0,1024,32768,2048,8192,6656,2861.556,2871.767,2859.175,-0.2332
mixed,4,3,0.75,4.0,1024,32768,4096,16384,13312,2886.691,2897.733,2885.094,-0.1446
mixed,4,3,0.75,4.0,1024,32768,8192,32768,26624,2926.36,2961.191,2927.497,0.0326
mixed,4,3,0.75,4.0,1024,32768,16384,65536,53248,3020.856,3049.686,3020.039,-0.0283
mixed,4,3,0.75,4.0,4096,0,16384,65536,53248,872.614,910.769,875.459,0.0746
mixed,4,3,0.75,4.0,4096,512,16384,65536,53248,1078.949,1115.797,1080.738,0.0486
mixed,4,3,0.75,4.0,4096,2048,16384,65536,53248,1371.366,1413.782,1372.581,0.0286
mixed,4,3,0.75,4.0,4096,8192,16384,65536,53248,2493.829,2531.557,2496.053,0.0589
mixed,4,3,0.75,4.0,4096,32768,128,512,416,6734.301,6752.532,6735.394,0.0599
mixed,4,3,0.75,4.0,4096,32768,256,1024,832,6745.251,6737.598,6739.746,
mixed,4,3,0.75,4.0,4096,32768,512,2048,1664,6748.228,6757.166,6746.243,-0.2221
mixed,4,3,0.75,4.0,4096,32768,1024,4096,3328,6755.411,6770.082,6766.449,0.7524
mixed,4,3,0.75,4.0,4096,32768,2048,8192,6656,6755.375,6776.479,6765.265,0.4686
mixed,4,3,0.75,4.0,4096,32768,4096,16384,13312,6796.402,6810.288,6828.305,2.2974
mixed,4,3,0.75,4.0,4096,32768,8192,32768,26624,6840.215,6862.849,6838.053,-0.0955
mixed,4,3,0.75,4.0,4096,32768,16384,65536,53248,6915.266,6952.882,6923.055,0.2071
pure,8,1,0.125,4.0,0,0,16384,65536,22528,223.378,489.042,228.48,0.0192
mixed,8,1,0.125,4.0,16,0,16384,65536,22528,236.719,503.744,284.257,0.178
mixed,8,1,0.125,4.0,16,512,16384,65536,22528,234.865,502.207,285.856,0.1907
mixed,8,1,0.125,4.0,16,2048,16384,65536,22528,237.761,502.836,283.839,0.1738
mixed,8,1,0.125,4.0,16,8192,16384,65536,22528,247.184,503.697,283.968,0.1434
mixed,8,1,0.125,4.0,16,32768,128,512,176,213.123,213.552,213.409,0.6667
mixed,8,1,0.125,4.0,16,32768,256,1024,352,212.928,213.889,213.489,0.5838
mixed,8,1,0.125,4.0,16,32768,512,2048,704,213.985,215.856,214.144,0.0855
mixed,8,1,0.125,4.0,16,32768,1024,4096,1408,214.866,226.546,213.136,-0.1481
mixed,8,1,0.125,4.0,16,32768,2048,8192,2816,219.409,238.945,217.809,-0.082
mixed,8,1,0.125,4.0,16,32768,4096,16384,5632,229.09,277.792,233.52,0.091
mixed,8,1,0.125,4.0,16,32768,8192,32768,11264,250.271,364.289,251.22,0.0083
mixed,8,1,0.125,4.0,16,32768,16384,65536,22528,306.032,553.953,302.384,-0.0147
mixed,8,1,0.125,4.0,64,0,16384,65536,22528,310.448,724.755,707.458,0.9583
mixed,8,1,0.125,4.0,64,512,16384,65536,22528,311.873,728.706,710.434,0.9562
mixed,8,1,0.125,4.0,64,2048,16384,65536,22528,316.29,729.569,718.436,0.9731
mixed,8,1,0.125,4.0,64,8192,16384,65536,22528,323.936,731.523,727.889,0.9911
mixed,8,1,0.125,4.0,64,32768,128,512,176,431.154,429.937,429.216,
mixed,8,1,0.125,4.0,64,32768,256,1024,352,429.056,429.697,431.171,3.2988
mixed,8,1,0.125,4.0,64,32768,512,2048,704,429.374,422.466,430.207,
mixed,8,1,0.125,4.0,64,32768,1024,4096,1408,430.209,707.25,429.585,-0.0023
mixed,8,1,0.125,4.0,64,32768,2048,8192,2816,540.255,472.816,551.843,
mixed,8,1,0.125,4.0,64,32768,4096,16384,5632,470.064,525.921,469.378,-0.0123
mixed,8,1,0.125,4.0,64,32768,8192,32768,11264,682.802,612.129,734.418,
mixed,8,1,0.125,4.0,64,32768,16384,65536,22528,530.644,738.178,719.441,0.9097
mixed,8,1,0.125,4.0,256,0,16384,65536,22528,942.546,2554.422,2554.327,0.9999
mixed,8,1,0.125,4.0,256,512,16384,65536,22528,946.37,2561.752,2558.023,0.9977
mixed,8,1,0.125,4.0,256,2048,16384,65536,22528,949.571,2563.496,2560.885,0.9984
mixed,8,1,0.125,4.0,256,8192,16384,65536,22528,1320.931,2560.631,2597.046,1.0294
mixed,8,1,0.125,4.0,256,32768,128,512,176,1374.481,1374.388,1377.059,
mixed,8,1,0.125,4.0,256,32768,256,1024,352,1376.883,1378.372,1374.945,-1.3012
mixed,8,1,0.125,4.0,256,32768,512,2048,704,1375.54,1380.533,1375.188,-0.0706
mixed,8,1,0.125,4.0,256,32768,1024,4096,1408,1375.634,1375.173,1375.219,
mixed,8,1,0.125,4.0,256,32768,2048,8192,2816,1383.269,1373.939,1376.515,
mixed,8,1,0.125,4.0,256,32768,4096,16384,5632,1376.836,2603.287,1376.964,0.0001
mixed,8,1,0.125,4.0,256,32768,8192,32768,11264,1835.475,2608.997,1990.022,0.1998
mixed,8,1,0.125,4.0,256,32768,16384,65536,22528,2228.02,3843.833,2609.862,0.2363
mixed,8,1,0.125,4.0,1024,0,16384,65536,22528,389.664,659.665,398.623,0.0332
mixed,8,1,0.125,4.0,1024,512,16384,65536,22528,499.6,768.144,509.57,0.0371
mixed,8,1,0.125,4.0,1024,2048,16384,65536,22528,622.786,886.003,629.264,0.0246
mixed,8,1,0.125,4.0,1024,8192,16384,65536,22528,1107.088,1378.756,1113.606,0.024
mixed,8,1,0.125,4.0,1024,32768,128,512,176,2830.423,2830.713,2827.752,-9.2263
mixed,8,1,0.125,4.0,1024,32768,256,1024,352,2836.135,2845.414,2827.497,-0.9309
mixed,8,1,0.125,4.0,1024,32768,512,2048,704,2835.624,2850.919,2847.995,0.8088
mixed,8,1,0.125,4.0,1024,32768,1024,4096,1408,2843.685,2867.575,2847.463,0.1582
mixed,8,1,0.125,4.0,1024,32768,2048,8192,2816,2858.599,2903.193,2864.629,0.1352
mixed,8,1,0.125,4.0,1024,32768,4096,16384,5632,2880.92,2946.327,2883.686,0.0423
mixed,8,1,0.125,4.0,1024,32768,8192,32768,11264,2913.142,3048.988,2920.742,0.0559
mixed,8,1,0.125,4.0,1024,32768,16384,65536,22528,2986.103,3251.769,2996.394,0.0387
mixed,8,1,0.125,4.0,4096,0,16384,65536,22528,847.313,1114.805,854.261,0.026
mixed,8,1,0.125,4.0,4096,512,16384,65536,22528,1051.268,1318.053,1056.736,0.0205
mixed,8,1,0.125,4.0,4096,2048,16384,65536,22528,1342.356,1604.784,1348.178,0.0222
mixed,8,1,0.125,4.0,4096,8192,16384,65536,22528,2466.41,2735.974,2472.245,0.0216
mixed,8,1,0.125,4.0,4096,32768,128,512,176,6755.872,6743.598,6730.0,
mixed,8,1,0.125,4.0,4096,32768,256,1024,352,6733.646,6751.709,6741.781,0.4504
mixed,8,1,0.125,4.0,4096,32768,512,2048,704,6750.534,6759.119,6742.707,-0.9117
mixed,8,1,0.125,4.0,4096,32768,1024,4096,1408,6762.431,6811.374,6754.46,-0.1629
mixed,8,1,0.125,4.0,4096,32768,2048,8192,2816,6772.623,6808.849,6786.319,0.3781
mixed,8,1,0.125,4.0,4096,32768,4096,16384,5632,6790.111,6861.685,6802.306,0.1704
mixed,8,1,0.125,4.0,4096,32768,8192,32768,11264,6824.511,6969.872,6829.393,0.0336
mixed,8,1,0.125,4.0,4096,32768,16384,65536,22528,6899.601,7155.09,6906.257,0.0261
pure,8,2,0.25,4.0,0,0,16384,65536,28672,258.927,487.794,265.105,0.027
mixed,8,2,0.25,4.0,16,0,16384,65536,28672,274.226,503.105,297.68,0.1025
mixed,8,2,0.25,4.0,16,512,16384,65536,28672,272.704,504.577,297.761,0.1081
mixed,8,2,0.25,4.0,16,2048,16384,65536,28672,276.321,504.88,298.337,0.0963
mixed,8,2,0.25,4.0,16,8192,16384,65536,28672,281.489,503.713,294.177,0.0571
mixed,8,2,0.25,4.0,16,32768,128,512,224,212.722,214.322,212.286,-0.2722
mixed,8,2,0.25,4.0,16,32768,256,1024,448,213.599,215.139,214.224,0.4061
mixed,8,2,0.25,4.0,16,32768,512,2048,896,213.568,216.69,213.073,-0.1586
mixed,8,2,0.25,4.0,16,32768,1024,4096,1792,218.033,226.289,216.416,-0.1958
mixed,8,2,0.25,4.0,16,32768,2048,8192,3584,218.705,238.898,218.864,0.0079
mixed,8,2,0.25,4.0,16,32768,4096,16384,7168,234.592,277.666,233.264,-0.0308
mixed,8,2,0.25,4.0,16,32768,8192,32768,14336,272.64,367.871,272.0,-0.0067
mixed,8,2,0.25,4.0,16,32768,16384,65536,28672,342.163,556.337,344.514,0.011
mixed,8,2,0.25,4.0,64,0,16384,65536,28672,371.263,719.362,710.098,0.9734
mixed,8,2,0.25,4.0,64,512,16384,65536,28672,372.802,731.442,714.035,0.9515
mixed,8,2,0.25,4.0,64,2048,16384,65536,28672,374.866,729.442,715.186,0.9598
mixed,8,2,0.25,4.0,64,8192,16384,65536,28672,384.209,732.018,717.312,0.9577
mixed,8,2,0.25,4.0,64,32768,128,512,224,429.505,430.144,431.25,2.73
mixed,8,2,0.25,4.0,64,32768,256,1024,448,431.359,431.553,431.153,-1.0619
mixed,8,2,0.25,4.0,64,32768,512,2048,896,430.771,422.273,430.546,
mixed,8,2,0.25,4.0,64,32768,1024,4096,1792,429.969,707.728,430.24,0.001
mixed,8,2,0.25,4.0,64,32768,2048,8192,3584,654.866,472.063,554.913,
mixed,8,2,0.25,4.0,64,32768,4096,16384,7168,471.921,526.355,470.481,-0.0264
mixed,8,2,0.25,4.0,64,32768,8192,32768,14336,812.546,608.082,743.01,
mixed,8,2,0.25,4.0,64,32768,16384,65536,28672,955.203,741.088,722.93,
mixed,8,2,0.25,4.0,256,0,16384,65536,28672,1173.747,2557.35,2551.109,0.9955
mixed,8,2,0.25,4.0,256,512,16384,65536,28672,1175.955,2561.336,2555.527,0.9958
mixed,8,2,0.25,4.0,256,2048,16384,65536,28672,1177.812,2568.949,2560.038,0.9936
mixed,8,2,0.25,4.0,256,8192,16384,65536,28672,1552.965,2561.653,2604.04,1.042
mixed,8,2,0.25,4.0,256,32768,128,512,224,1372.211,1380.1,1373.123,0.1156
mixed,8,2,0.25,4.0,256,32768,256,1024,448,1376.051,1374.389,1374.356,
mixed,8,2,0.25,4.0,256,32768,512,2048,896,1379.891,1375.985,1372.899,
mixed,8,2,0.25,4.0,256,32768,1024,4096,1792,1377.14,1377.204,1373.38,-59.2126
mixed,8,2,0.25,4.0,256,32768,2048,8192,3584,1376.515,1371.651,1377.298,
mixed,8,2,0.25,4.0,256,32768,4096,16384,7168,1377.394,2605.029,1377.764,0.0003
mixed,8,2,0.25,4.0,256,32768,8192,32768,14336,2296.294,2606.165,1991.732,-0.9829
mixed,8,2,0.25,4.0,256,32768,16384,65536,28672,2453.959,3838.859,2607.112,0.1106
mixed,8,2,0.25,4.0,1024,0,16384,65536,28672,429.134,664.755,435.873,0.0286
mixed,8,2,0.25,4.0,1024,512,16384,65536,28672,540.465,769.183,544.753,0.0188
mixed,8,2,0.25,4.0,1024,2048,16384,65536,28672,661.731,885.441,670.052,0.0372
mixed,8,2,0.25,4.0,1024,8192,16384,65536,28672,1147.09,1376.164,1151.598,0.0197
mixed,8,2,0.25,4.0,1024,32768,128,512,224,2831.655,2824.726,2820.868,
mixed,8,2,0.25,4.0,1024,32768,256,1024,448,2832.118,2843.334,2827.814,-0.3837
mixed,8,2,0.25,4.0,1024,32768,512,2048,896,2845.24,2843.593,2853.365,
mixed,8,2,0.25,4.0,1024,32768,1024,4096,1792,2852.168,2860.214,2851.477,-0.0859
mixed,8,2,0.25,4.0,1024,32768,2048,8192,3584,2856.695,2890.008,2866.162,0.2842
mixed,8,2,0.25,4.0,1024,32768,4096,16384,7168,2897.737,2946.213,2890.52,-0.1489
mixed,8,2,0.25,4.0,1024,32768,8192,32768,14336,2929.834,3043.894,2941.111,0.0989
mixed,8,2,0.25,4.0,1024,32768,16384,65536,28672,3025.88,3260.727,3026.55,0.0029
mixed,8,2,0.25,4.0,4096,0,16384,65536,28672,884.37,1115.76,890.354,0.0259
mixed,8,2,0.25,4.0,4096,512,16384,65536,28672,1087.843,1318.405,1091.541,0.016
mixed,8,2,0.25,4.0,4096,2048,16384,65536,28672,1383.54,1609.446,1389.188,0.025
mixed,8,2,0.25,4.0,4096,8192,16384,65536,28672,2505.986,2732.034,2514.101,0.0359
mixed,8,2,0.25,4.0,4096,32768,128,512,224,6755.653,6734.096,6730.244,
mixed,8,2,0.25,4.0,4096,32768,256,1024,448,6732.463,6747.892,6746.703,0.9229
mixed,8,2,0.25,4.0,4096,32768,512,2048,896,6748.847,6779.235,6752.416,0.1174
mixed,8,2,0.25,4.0,4096,32768,1024,4096,1792,6763.8,6771.748,6774.548,1.3523
mixed,8,2,0.25,4.0,4096,32768,2048,8192,3584,6777.758,6818.5,6779.539,0.0437
mixed,8,2,0.25,4.0,4096,32768,4096,16384,7168,6801.475,6871.555,6806.575,0.0728
mixed,8,2,0.25,4.0,4096,32768,8192,32768,14336,6837.188,6964.548,6852.422,0.1196
mixed,8,2,0.25,4.0,4096,32768,16384,65536,28672,6944.255,7165.031,6932.981,-0.0511
pure,8,3,0.375,4.0,0,0,16384,65536,34816,300.576,490.736,304.516,0.0207
mixed,8,3,0.375,4.0,16,0,16384,65536,34816,314.225,502.05,318.241,0.0214
mixed,8,3,0.375,4.0,16,512,16384,65536,34816,314.976,502.56,319.265,0.0229
mixed,8,3,0.375,4.0,16,2048,16384,65536,34816,313.121,502.688,316.721,0.019
mixed,8,3,0.375,4.0,16,8192,16384,65536,34816,319.425,505.136,330.386,0.059
mixed,8,3,0.375,4.0,16,32768,128,512,272,212.928,214.398,212.962,0.0231
mixed,8,3,0.375,4.0,16,32768,256,1024,544,214.207,214.434,213.968,-1.0574
mixed,8,3,0.375,4.0,16,32768,512,2048,1088,214.705,216.53,212.418,-1.254
mixed,8,3,0.375,4.0,16,32768,1024,4096,2176,216.657,226.624,217.185,0.053
mixed,8,3,0.375,4.0,16,32768,2048,8192,4352,223.616,238.639,226.113,0.1663
mixed,8,3,0.375,4.0,16,32768,4096,16384,8704,242.034,279.247,241.523,-0.0137
mixed,8,3,0.375,4.0,16,32768,8192,32768,17408,286.88,367.12,283.266,-0.045
mixed,8,3,0.375,4.0,16,32768,16384,65536,34816,377.76,554.24,371.716,-0.0343
mixed,8,3,0.375,4.0,64,0,16384,65536,34816,427.889,722.082,711.361,0.9636
mixed,8,3,0.375,4.0,64,512,16384,65536,34816,437.058,727.779,715.442,0.9576
mixed,8,3,0.375,4.0,64,2048,16384,65536,34816,436.048,727.89,717.442,0.9642
mixed,8,3,0.375,4.0,64,8192,16384,65536,34816,446.016,733.041,720.321,0.9557
mixed,8,3,0.375,4.0,64,32768,128,512,272,429.09,430.352,429.521,0.3418
mixed,8,3,0.375,4.0,64,32768,256,1024,544,430.401,428.672,428.673,
mixed,8,3,0.375,4.0,64,32768,512,2048,1088,430.145,421.937,429.411,
mixed,8,3,0.375,4.0,64,32768,1024,4096,2176,440.209,707.458,475.187,0.1309
mixed,8,3,0.375,4.0,64,32768,2048,8192,4352,726.529,471.649,708.753,
mixed,8,3,0.375,4.0,64,32768,4096,16384,8704,471.647,527.889,471.967,0.0057
mixed,8,3,0.375,4.0,64,32768,8192,32768,17408,530.754,613.409,526.305,-0.0538
mixed,8,3,0.375,4.0,64,32768,16384,65536,34816,617.633,741.264,723.428,0.8557
mixed,8,3,0.375,4.0,256,0,16384,65536,34816,1401.17,2554.773,2559.511,1.0041
mixed,8,3,0.375,4.0,256,512,16384,65536,34816,1407.059,2559.095,2560.771,1.0015
mixed,8,3,0.375,4.0,256,2048,16384,65536,34816,1412.691,2579.748,2566.918,0.989
mixed,8,3,0.375,4.0,256,8192,16384,65536,34816,1793.988,2563.606,2933.177,1.4802
mixed,8,3,0.375,4.0,256,32768,128,512,272,1373.075,1373.444,1377.459,11.8982
mixed,8,3,0.375,4.0,256,32768,256,1024,544,1378.836,1374.42,1373.428,
mixed,8,3,0.375,4.0,256,32768,512,2048,1088,1375.443,1380.612,1376.515,0.2075
mixed,8,3,0.375,4.0,256,32768,1024,4096,2176,1377.027,1377.075,1376.453,-11.8454
mixed,8,3,0.375,4.0,256,32768,2048,8192,4352,1374.948,1372.868,1382.95,
mixed,8,3,0.375,4.0,256,32768,4096,16384,8704,1450.034,2604.167,1682.486,0.2014
mixed,8,3,0.375,4.0,256,32768,8192,32768,17408,2682.697,2607.909,2609.061,
mixed,8,3,0.375,4.0,256,32768,16384,65536,34816,2685.382,3839.56,3835.849,0.9968
mixed,8,3,0.375,4.0,1024,0,16384,65536,34816,469.2,660.595,472.37,0.0166
mixed,8,3,0.375,4.0,1024,512,16384,65536,34816,579.183,771.345,581.65,0.0128
mixed,8,3,0.375,4.0,1024,2048,16384,65536,34816,698.913,889.074,699.489,0.003
mixed,8,3,0.375,4.0,1024,8192,16384,65536,34816,1183.904,1376.007,1186.774,0.0149
mixed,8,3,0.375,4.0,1024,32768,128,512,272,2827.897,2835.845,2839.495,1.4594
mixed,8,3,0.375,4.0,1024,32768,256,1024,544,2834.936,2836.901,2842.503,3.8509
mixed,8,3,0.375,4.0,1024,32768,512,2048,1088,2848.521,2846.471,2844.121,
mixed,8,3,0.375,4.0,1024,32768,1024,4096,2176,2850.195,2863.624,2847.8,-0.1783
mixed,8,3,0.375,4.0,1024,32768,2048,8192,4352,2868.307,2891.481,2881.637,0.5752
mixed,8,3,0.375,4.0,1024,32768,4096,16384,8704,2896.296,2947.947,2897.385,0.0211
mixed,8,3,0.375,4.0,1024,32768,8192,32768,17408,2954.311,3048.965,2958.794,0.0474
mixed,8,3,0.375,4.0,1024,32768,16384,65536,34816,3061.161,3246.968,3061.978,0.0044
mixed,8,3,0.375,4.0,4096,0,16384,65536,34816,924.914,1111.893,926.898,0.0106
mixed,8,3,0.375,4.0,4096,512,16384,65536,34816,1127.81,1317.044,1128.53,0.0038
mixed,8,3,0.375,4.0,4096,2048,16384,65536,34816,1417.636,1611.009,1424.645,0.0362
mixed,8,3,0.375,4.0,4096,8192,16384,65536,34816,2546.474,2733.72,2546.807,0.0018
mixed,8,3,0.375,4.0,4096,32768,128,512,272,6742.336,6742.708,6728.13,-38.2396
mixed,8,3,0.375,4.0,4096,32768,256,1024,544,6739.312,6745.092,6769.195,5.1701
mixed,8,3,0.375,4.0,4096,32768,512,2048,1088,6752.369,6748.752,6751.92,
mixed,8,3,0.375,4.0,4096,32768,1024,4096,2176,6760.998,6785.908,6760.49,-0.0204
mixed,8,3,0.375,4.0,4096,32768,2048,8192,4352,6770.846,6827.09,6773.603,0.049
mixed,8,3,0.375,4.0,4096,32768,4096,16384,8704,6808.838,6862.543,6807.633,-0.0224
mixed,8,3,0.375,4.0,4096,32768,8192,32768,17408,6876.785,6987.25,6866.832,-0.0901
mixed,8,3,0.375,4.0,4096,32768,16384,65536,34816,6983.106,7160.977,6994.05,0.0615
pure,8,4,0.5,4.0,0,0,16384,65536,40960,333.985,490.019,338.034,0.0259
mixed,8,4,0.5,4.0,16,0,16384,65536,40960,347.266,501.859,351.937,0.0302
mixed,8,4,0.5,4.0,16,512,16384,65536,40960,348.207,503.889,354.848,0.0427
mixed,8,4,0.5,4.0,16,2048,16384,65536,40960,347.392,499.97,354.817,0.0487
mixed,8,4,0.5,4.0,16,8192,16384,65536,40960,357.986,505.252,361.151,0.0215
mixed,8,4,0.5,4.0,16,32768,128,512,320,212.257,213.632,212.769,0.3727
mixed,8,4,0.5,4.0,16,32768,256,1024,640,213.44,214.113,212.961,-0.7117
mixed,8,4,0.5,4.0,16,32768,512,2048,1280,213.905,216.384,213.2,-0.2843
mixed,8,4,0.5,4.0,16,32768,1024,4096,2560,217.95,226.288,217.394,-0.0667
mixed,8,4,0.5,4.0,16,32768,2048,8192,5120,226.96,238.672,226.399,-0.0479
mixed,8,4,0.5,4.0,16,32768,4096,16384,10240,244.399,277.298,243.553,-0.0257
mixed,8,4,0.5,4.0,16,32768,8192,32768,20480,289.44,367.393,292.608,0.0406
mixed,8,4,0.5,4.0,16,32768,16384,65536,40960,401.346,551.377,401.793,0.003
mixed,8,4,0.5,4.0,64,0,16384,65536,40960,488.113,719.089,709.491,0.9584
mixed,8,4,0.5,4.0,64,512,16384,65536,40960,491.376,728.514,716.178,0.948
mixed,8,4,0.5,4.0,64,2048,16384,65536,40960,493.937,729.25,715.555,0.9418
mixed,8,4,0.5,4.0,64,8192,16384,65536,40960,504.88,732.293,723.409,0.9609
mixed,8,4,0.5,4.0,64,32768,128,512,320,430.098,431.616,428.914,-0.7791
mixed,8,4,0.5,4.0,64,32768,256,1024,640,430.369,430.016,429.838,
mixed,8,4,0.5,4.0,64,32768,512,2048,1280,429.983,422.242,430.401,
mixed,8,4,0.5,4.0,64,32768,1024,4096,2560,499.281,708.161,477.025,-0.1065
mixed,8,4,0.5,4.0,64,32768,2048,8192,5120,469.776,470.224,469.024,-1.6786
mixed,8,4,0.5,4.0,64,32768,4096,16384,10240,631.841,526.513,473.92,
mixed,8,4,0.5,4.0,64,32768,8192,32768,20480,529.04,610.913,527.89,-0.014
mixed,8,4,0.5,4.0,64,32768,16384,65536,40960,622.144,742.067,726.692,0.8718
mixed,8,4,0.5,4.0,256,0,16384,65536,40960,1633.19,2552.264,2560.439,1.0089
mixed,8,4,0.5,4.0,256,512,16384,65536,40960,1637.923,2559.177,2555.75,0.9963
mixed,8,4,0.5,4.0,256,2048,16384,65536,40960,1647.586,2579.718,2576.487,0.9965
mixed,8,4,0.5,4.0,256,8192,16384,65536,40960,2021.367,2558.374,2931.479,1.6948
mixed,8,4,0.5,4.0,256,32768,128,512,320,1373.779,1374.578,1376.978,4.0038
mixed,8,4,0.5,4.0,256,32768,256,1024,640,1377.668,1376.066,1372.917,
mixed,8,4,0.5,4.0,256,32768,512,2048,1280,1374.035,1381.283,1375.908,0.2584
mixed,8,4,0.5,4.0,256,32768,1024,4096,2560,1377.236,1377.844,1377.027,-0.3438
mixed,8,4,0.5,4.0,256,32768,2048,8192,5120,1375.172,1371.764,1376.13,
mixed,8,4,0.5,4.0,256,32768,4096,16384,10240,1680.341,2602.935,1684.836,0.0049
mixed,8,4,0.5,4.0,256,32768,8192,32768,20480,2146.852,2609.046,2606.791,0.9951
mixed,8,4,0.5,4.0,256,32768,16384,65536,40960,2919.557,3837.177,3836.025,0.9987
mixed,8,4,0.5,4.0,1024,0,16384,65536,40960,507.089,661.329,510.065,0.0193
mixed,8,4,0.5,4.0,1024,512,16384,65536,40960,613.49,771.412,619.233,0.0364
mixed,8,4,0.5,4.0,1024,2048,16384,65536,40960,734.946,889.233,741.888,0.045
mixed,8,4,0.5,4.0,1024,8192,16384,65536,40960,1221.509,1374.449,1224.61,0.0203
mixed,8,4,0.5,4.0,1024,32768,128,512,320,2823.798,2831.689,2818.521,-0.6687
mixed,8,4,0.5,4.0,1024,32768,256,1024,640,2834.87,2848.263,2836.039,0.0872
mixed,8,4,0.5,4.0,1024,32768,512,2048,1280,2843.092,2843.591,2845.012,3.8526
mixed,8,4,0.5,4.0,1024,32768,1024,4096,2560,2854.838,2860.568,2866.467,2.0295
mixed,8,4,0.5,4.0,1024,32768,2048,8192,5120,2873.051,2899.945,2872.486,-0.021
mixed,8,4,0.5,4.0,1024,32768,4096,16384,10240,2914.007,2950.537,2909.417,-0.1257
mixed,8,4,0.5,4.0,1024,32768,8192,32768,20480,2967.961,3046.376,2990.791,0.2911
mixed,8,4,0.5,4.0,1024,32768,16384,65536,40960,3107.816,3257.834,3103.593,-0.0281
mixed,8,4,0.5,4.0,4096,0,16384,65536,40960,956.055,1114.26,962.562,0.0411
mixed,8,4,0.5,4.0,4096,512,16384,65536,40960,1163.941,1319.46,1165.744,0.0116
mixed,8,4,0.5,4.0,4096,2048,16384,65536,40960,1456.05,1611.751,1459.284,0.0208
mixed,8,4,0.5,4.0,4096,8192,16384,65536,40960,2583.097,2738.056,2589.506,0.0414
mixed,8,4,0.5,4.0,4096,32768,128,512,320,6734.133,6756.784,6746.11,0.5288
mixed,8,4,0.5,4.0,4096,32768,256,1024,640,6727.167,6749.426,6737.232,0.4522
mixed,8,4,0.5,4.0,4096,32768,512,2048,1280,6793.919,6753.03,6754.719,
mixed,8,4,0.5,4.0,4096,32768,1024,4096,2560,6757.47,6802.865,6775.039,0.387
mixed,8,4,0.5,4.0,4096,32768,2048,8192,5120,6778.407,6808.134,6784.563,0.2071
mixed,8,4,0.5,4.0,4096,32768,4096,16384,10240,6816.438,6851.73,6820.448,0.1136
mixed,8,4,0.5,4.0,4096,32768,8192,32768,20480,6890.577,6958.703,6896.132,0.0815
mixed,8,4,0.5,4.0,4096,32768,16384,65536,40960,7049.218,7182.98,7022.944,-0.1964
pure,8,6,0.75,4.0,0,0,16384,65536,53248,417.186,488.978,413.377,-0.0531
mixed,8,6,0.75,4.0,16,0,16384,65536,53248,430.546,500.48,429.076,-0.021
mixed,8,6,0.75,4.0,16,512,16384,65536,53248,431.888,503.425,426.418,-0.0765
mixed,8,6,0.75,4.0,16,2048,16384,65536,53248,435.939,503.681,431.088,-0.0716
mixed,8,6,0.75,4.0,16,8192,16384,65536,53248,437.297,505.33,442.209,0.0722
mixed,8,6,0.75,4.0,16,32768,128,512,416,214.194,214.287,213.632,-6.0
mixed,8,6,0.75,4.0,16,32768,256,1024,832,214.148,215.281,214.658,0.4497
mixed,8,6,0.75,4.0,16,32768,512,2048,1664,214.752,216.274,214.191,-0.3679
mixed,8,6,0.75,4.0,16,32768,1024,4096,3328,219.488,225.952,219.792,0.0471
mixed,8,6,0.75,4.0,16,32768,2048,8192,6656,236.24,239.488,235.25,-0.305
mixed,8,6,0.75,4.0,16,32768,4096,16384,13312,258.399,280.322,262.031,0.1657
mixed,8,6,0.75,4.0,16,32768,8192,32768,26624,326.306,365.505,319.826,-0.1653
mixed,8,6,0.75,4.0,16,32768,16384,65536,53248,472.066,555.424,469.362,-0.0324
mixed,8,6,0.75,4.0,64,0,16384,65536,53248,606.497,720.193,714.625,0.951
mixed,8,6,0.75,4.0,64,512,16384,65536,53248,611.44,725.728,721.889,0.9664
mixed,8,6,0.75,4.0,64,2048,16384,65536,53248,613.49,728.225,724.643,0.9688
mixed,8,6,0.75,4.0,64,8192,16384,65536,53248,616.483,733.618,724.452,0.9217
mixed,8,6,0.75,4.0,64,32768,128,512,416,430.018,430.548,430.867,1.6019
mixed,8,6,0.75,4.0,64,32768,256,1024,832,429.233,428.898,430.609,
mixed,8,6,0.75,4.0,64,32768,512,2048,1664,429.698,422.751,423.058,
mixed,8,6,0.75,4.0,64,32768,1024,4096,3328,614.21,707.586,705.425,0.9769
mixed,8,6,0.75,4.0,64,32768,2048,8192,6656,471.201,471.827,470.386,-1.3009
mixed,8,6,0.75,4.0,64,32768,4096,16384,13312,785.378,526.594,736.37,
mixed,8,6,0.75,4.0,64,32768,8192,32768,26624,916.002,609.889,832.802,
mixed,8,6,0.75,4.0,64,32768,16384,65536,53248,1199.987,741.471,960.962,
mixed,8,6,0.75,4.0,256,0,16384,65536,53248,2093.731,2553.19,2554.293,1.0024
mixed,8,6,0.75,4.0,256,512,16384,65536,53248,2099.365,2559.958,2559.575,0.9992
mixed,8,6,0.75,4.0,256,2048,16384,65536,53248,2106.117,2583.252,2573.704,0.98
mixed,8,6,0.75,4.0,256,8192,16384,65536,53248,2477.174,2558.855,2931.56,5.5629
mixed,8,6,0.75,4.0,256,32768,128,512,416,1372.451,1374.947,1374.084,0.6541
mixed,8,6,0.75,4.0,256,32768,256,1024,832,1376.691,1373.361,1373.86,
mixed,8,6,0.75,4.0,256,32768,512,2048,1664,1373.859,1375.22,1375.509,1.2123
mixed,8,6,0.75,4.0,256,32768,1024,4096,3328,1376.18,1377.285,1378.371,1.9833
mixed,8,6,0.75,4.0,256,32768,2048,8192,6656,1377.733,1373.026,1382.403,
mixed,8,6,0.75,4.0,256,32768,4096,16384,13312,2141.174,2604.774,2605.622,1.0018
mixed,8,6,0.75,4.0,256,32768,8192,32768,26624,2377.094,2612.28,2609.157,0.9867
mixed,8,6,0.75,4.0,256,32768,16384,65536,53248,3375.499,3838.52,3835.626,0.9937
mixed,8,6,0.75,4.0,1024,0,16384,65536,53248,584.306,656.642,579.151,-0.0713
mixed,8,6,0.75,4.0,1024,512,16384,65536,53248,692.322,765.78,688.352,-0.0541
mixed,8,6,0.75,4.0,1024,2048,16384,65536,53248,812.423,886.467,809.039,-0.0457
mixed,8,6,0.75,4.0,1024,8192,16384,65536,53248,1302.979,1371.061,1300.242,-0.0402
mixed,8,6,0.75,4.0,1024,32768,128,512,416,2835.014,2835.942,2833.655,-1.4639
mixed,8,6,0.75,4.0,1024,32768,256,1024,832,2843.877,2842.535,2850.727,
mixed,8,6,0.75,4.0,1024,32768,512,2048,1664,2851.962,2843.238,2846.006,
mixed,8,6,0.75,4.0,1024,32768,1024,4096,3328,2868.443,2866.758,2866.2,
mixed,8,6,0.75,4.0,1024,32768,2048,8192,6656,2888.867,2890.663,2883.974,-2.7251
mixed,8,6,0.75,4.0,1024,32768,4096,16384,13312,2926.291,2945.353,2929.015,0.143
mixed,8,6,0.75,4.0,1024,32768,8192,32768,26624,3010.469,3042.019,3007.769,-0.0856
mixed,8,6,0.75,4.0,1024,32768,16384,65536,53248,3178.583,3248.68,3182.122,0.0505
mixed,8,6,0.75,4.0,4096,0,16384,65536,53248,1044.898,1113.33,1037.792,-0.1038
mixed,8,6,0.75,4.0,4096,512,16384,65536,53248,1241.971,1316.128,1242.787,0.011
mixed,8,6,0.75,4.0,4096,2048,16384,65536,53248,1536.977,1607.877,1531.619,-0.0756
mixed,8,6,0.75,4.0,4096,8192,16384,65536,53248,2668.535,2739.572,2659.892,-0.1217
mixed,8,6,0.75,4.0,4096,32768,128,512,416,6762.259,6744.176,6736.59,
mixed,8,6,0.75,4.0,4096,32768,256,1024,832,6755.517,6745.152,6751.657,
mixed,8,6,0.75,4.0,4096,32768,512,2048,1664,6753.967,6755.33,6785.565,23.1905
mixed,8,6,0.75,4.0,4096,32768,1024,4096,3328,6770.927,6783.648,6773.474,0.2002
mixed,8,6,0.75,4.0,4096,32768,2048,8192,6656,6792.864,6806.59,6795.549,0.1956
mixed,8,6,0.75,4.0,4096,32768,4096,16384,13312,6869.343,6865.261,6855.684,
mixed,8,6,0.75,4.0,4096,32768,8192,32768,26624,6956.316,6983.168,6927.773,-1.0629
mixed,8,6,0.75,4.0,4096,32768,16384,65536,53248,7106.271,7178.959,7085.217,-0.2896
pure,8,7,0.875,4.0,0,0,16384,65536,59392,449.409,488.961,453.152,0.0946
mixed,8,7,0.875,4.0,16,0,16384,65536,59392,464.418,501.921,467.027,0.0696
mixed,8,7,0.875,4.0,16,512,16384,65536,59392,461.538,503.202,465.185,0.0875
mixed,8,7,0.875,4.0,16,2048,16384,65536,59392,466.432,505.234,468.098,0.0429
mixed,8,7,0.875,4.0,16,8192,16384,65536,59392,489.441,504.64,468.161,-1.4
mixed,8,7,0.875,4.0,16,32768,128,512,464,213.904,213.472,214.017,
mixed,8,7,0.875,4.0,16,32768,256,1024,928,215.185,213.569,214.401,
mixed,8,7,0.875,4.0,16,32768,512,2048,1856,217.088,217.442,216.558,-1.4979
mixed,8,7,0.875,4.0,16,32768,1024,4096,3712,223.471,227.008,225.457,0.5615
mixed,8,7,0.875,4.0,16,32768,2048,8192,7424,234.032,238.448,232.577,-0.3296
mixed,8,7,0.875,4.0,16,32768,4096,16384,14848,271.68,278.495,272.592,0.1337
mixed,8,7,0.875,4.0,16,32768,8192,32768,29696,346.272,363.315,344.69,-0.0928
mixed,8,7,0.875,4.0,16,32768,16384,65536,59392,518.545,552.322,512.977,-0.1648
mixed,8,7,0.875,4.0,64,0,16384,65536,59392,661.906,723.937,716.804,0.885
mixed,8,7,0.875,4.0,64,512,16384,65536,59392,672.93,727.587,726.13,0.9734
mixed,8,7,0.875,4.0,64,2048,16384,65536,59392,670.403,727.346,723.777,0.9373
mixed,8,7,0.875,4.0,64,8192,16384,65536,59392,673.713,735.889,727.921,0.8718
mixed,8,7,0.875,4.0,64,32768,128,512,464,430.753,430.177,431.279,
mixed,8,7,0.875,4.0,64,32768,256,1024,928,430.257,429.666,429.904,
mixed,8,7,0.875,4.0,64,32768,512,2048,1856,430.465,422.178,421.425,
mixed,8,7,0.875,4.0,64,32768,1024,4096,3712,678.337,707.584,707.763,1.0061
mixed,8,7,0.875,4.0,64,32768,2048,8192,7424,470.547,469.633,471.872,
mixed,8,7,0.875,4.0,64,32768,4096,16384,14848,829.523,529.185,739.25,
mixed,8,7,0.875,4.0,64,32768,8192,32768,29696,969.874,610.32,935.569,
mixed,8,7,0.875,4.0,64,32768,16384,65536,59392,745.841,741.234,737.395,
mixed,8,7,0.875,4.0,256,0,16384,65536,59392,2328.484,2560.662,2559.719,0.9959
mixed,8,7,0.875,4.0,256,512,16384,65536,59392,2331.909,2565.062,2557.638,0.9682
mixed,8,7,0.875,4.0,256,2048,16384,65536,59392,2339.159,2569.972,2575.735,1.025
mixed,8,7,0.875,4.0,256,8192,16384,65536,59392,2330.213,2561.784,2558.198,0.9845
mixed,8,7,0.875,4.0,256,32768,128,512,464,1372.947,1374.227,1374.163,0.9496
mixed,8,7,0.875,4.0,256,32768,256,1024,928,1375.121,1375.874,1374.291,-1.103
mixed,8,7,0.875,4.0,256,32768,512,2048,1856,1375.155,1376.1,1376.435,1.3549
mixed,8,7,0.875,4.0,256,32768,1024,4096,3712,1376.996,1380.418,1379.522,0.7381
mixed,8,7,0.875,4.0,256,32768,2048,8192,7424,1376.229,1373.475,1372.724,
mixed,8,7,0.875,4.0,256,32768,4096,16384,14848,2368.516,2605.781,2604.454,0.9944
mixed,8,7,0.875,4.0,256,32768,8192,32768,29696,2493.366,2607.446,2610.423,1.0261
mixed,8,7,0.875,4.0,256,32768,16384,65536,59392,3608.792,3838.552,3839.257,1.0031
mixed,8,7,0.875,4.0,1024,0,16384,65536,59392,619.936,659.986,621.491,0.0388
mixed,8,7,0.875,4.0,1024,512,16384,65536,59392,727.746,770.739,728.47,0.0168
mixed,8,7,0.875,4.0,1024,2048,16384,65536,59392,847.524,886.836,850.468,0.0749
mixed,8,7,0.875,4.0,1024,8192,16384,65536,59392,1333.826,1374.002,1336.29,0.0613
mixed,8,7,0.875,4.0,1024,32768,128,512,464,2825.988,2836.011,2829.865,0.3869
mixed,8,7,0.875,4.0,1024,32768,256,1024,928,2840.438,2842.262,2840.171,-0.146
mixed,8,7,0.875,4.0,1024,32768,512,2048,1856,2853.532,2842.742,2859.54,
mixed,8,7,0.875,4.0,1024,32768,1024,4096,3712,2865.88,2868.136,2864.105,-0.7866
mixed,8,7,0.875,4.0,1024,32768,2048,8192,7424,2888.68,2887.015,2892.515,
mixed,8,7,0.875,4.0,1024,32768,4096,16384,14848,2938.613,2947.716,2935.192,-0.376
mixed,8,7,0.875,4.0,1024,32768,8192,32768,29696,3040.744,3045.003,3036.47,-1.0038
mixed,8,7,0.875,4.0,1024,32768,16384,65536,59392,3213.977,3254.538,3228.677,0.3624
mixed,8,7,0.875,4.0,4096,0,16384,65536,59392,1075.777,1112.227,1077.923,0.0589
mixed,8,7,0.875,4.0,4096,512,16384,65536,59392,1277.366,1315.348,1280.676,0.0871
mixed,8,7,0.875,4.0,4096,2048,16384,65536,59392,1570.37,1612.838,1576.338,0.1405
mixed,8,7,0.875,4.0,4096,8192,16384,65536,59392,2706.3,2744.834,2701.676,-0.12
mixed,8,7,0.875,4.0,4096,32768,128,512,464,6756.977,6730.688,6737.233,
mixed,8,7,0.875,4.0,4096,32768,256,1024,928,6758.284,6778.967,6750.594,-0.3719
mixed,8,7,0.875,4.0,4096,32768,512,2048,1856,6769.746,6749.345,6779.743,
mixed,8,7,0.875,4.0,4096,32768,1024,4096,3712,6779.315,6770.829,6776.257,
mixed,8,7,0.875,4.0,4096,32768,2048,8192,7424,6806.608,6799.271,6795.558,
mixed,8,7,0.875,4.0,4096,32768,4096,16384,14848,6840.274,6885.104,6858.675,0.4105
mixed,8,7,0.875,4.0,4096,32768,8192,32768,29696,6947.795,6962.006,6951.764,0.2793
mixed,8,7,0.875,4.0,4096,32768,16384,65536,59392,7159.792,7164.191,7128.45,-7.1257
pure,16,1,0.0625,4.0,0,0,16384,65536,19456,326.21,889.172,339.858,0.0242
mixed,16,1,0.0625,4.0,16,0,16384,65536,19456,336.433,906.93,353.057,0.0291
mixed,16,1,0.0625,4.0,16,512,16384,65536,19456,337.968,901.073,393.698,0.099
mixed,16,1,0.0625,4.0,16,2048,16384,65536,19456,339.168,905.761,501.154,0.2859
mixed,16,1,0.0625,4.0,16,8192,16384,65536,19456,344.801,906.29,350.897,0.0109
mixed,16,1,0.0625,4.0,16,32768,128,512,152,214.065,216.32,214.864,0.3545
mixed,16,1,0.0625,4.0,16,32768,256,1024,304,216.368,220.16,215.456,-0.2405
mixed,16,1,0.0625,4.0,16,32768,512,2048,608,216.863,227.952,216.112,-0.0677
mixed,16,1,0.0625,4.0,16,32768,1024,4096,1216,220.881,238.017,220.353,-0.0308
mixed,16,1,0.0625,4.0,16,32768,2048,8192,2432,230.047,278.673,231.362,0.027
mixed,16,1,0.0625,4.0,16,32768,4096,16384,4864,242.511,365.666,244.338,0.0148
mixed,16,1,0.0625,4.0,16,32768,8192,32768,9728,409.697,550.498,292.674,-0.8311
mixed,16,1,0.0625,4.0,16,32768,16384,65536,19456,407.97,950.804,406.562,-0.0026
mixed,16,1,0.0625,4.0,64,0,16384,65536,19456,345.81,915.603,752.562,0.7139
mixed,16,1,0.0625,4.0,64,512,16384,65536,19456,402.355,939.827,754.866,0.6559
mixed,16,1,0.0625,4.0,64,2048,16384,65536,19456,349.425,1054.418,733.568,0.5449
mixed,16,1,0.0625,4.0,64,8192,16384,65536,19456,598.001,933.602,738.626,0.419
mixed,16,1,0.0625,4.0,64,32768,128,512,152,432.341,434.0,432.258,-0.0494
mixed,16,1,0.0625,4.0,64,32768,256,1024,304,432.239,454.898,433.809,0.0693
mixed,16,1,0.0625,4.0,64,32768,512,2048,608,432.545,558.623,433.346,0.0063
mixed,16,1,0.0625,4.0,64,32768,1024,4096,1216,493.774,475.873,479.026,
mixed,16,1,0.0625,4.0,64,32768,2048,8192,2432,472.656,534.993,473.472,0.0131
mixed,16,1,0.0625,4.0,64,32768,4096,16384,4864,468.002,619.683,475.488,0.0494
mixed,16,1,0.0625,4.0,64,32768,8192,32768,9728,533.746,741.923,534.418,0.0032
mixed,16,1,0.0625,4.0,64,32768,16384,65536,19456,621.409,1163.923,939.394,0.5861
mixed,16,1,0.0625,4.0,256,0,16384,65536,19456,835.745,2565.653,2557.192,0.9951
mixed,16,1,0.0625,4.0,256,512,16384,65536,19456,839.585,2579.589,2567.958,0.9933
mixed,16,1,0.0625,4.0,256,2048,16384,65536,19456,846.406,2584.117,2567.943,0.9907
mixed,16,1,0.0625,4.0,256,8192,16384,65536,19456,1208.547,2590.165,2602.231,1.0087
mixed,16,1,0.0625,4.0,256,32768,128,512,152,1373.716,1371.729,1373.235,
mixed,16,1,0.0625,4.0,256,32768,256,1024,304,1371.57,1374.643,1372.564,0.3238
mixed,16,1,0.0625,4.0,256,32768,512,2048,608,1374.661,1379.638,1374.357,-0.0612
mixed,16,1,0.0625,4.0,256,32768,1024,4096,1216,1374.114,1404.437,1375.476,0.0449
mixed,16,1,0.0625,4.0,256,32768,2048,8192,2432,1375.668,1994.548,1375.202,-0.0008
mixed,16,1,0.0625,4.0,256,32768,4096,16384,4864,1638.58,2608.614,1682.084,0.0448
mixed,16,1,0.0625,4.0,256,32768,8192,32768,9728,2108.934,2616.791,1994.868,-0.2246
mixed,16,1,0.0625,4.0,256,32768,16384,65536,19456,2838.454,3848.984,2612.071,-0.224
mixed,16,1,0.0625,4.0,1024,0,16384,65536,19456,493.474,1082.469,506.322,0.0218
mixed,16,1,0.0625,4.0,1024,512,16384,65536,19456,600.334,1189.619,614.193,0.0235
mixed,16,1,0.0625,4.0,1024,2048,16384,65536,19456,725.171,1305.814,733.894,0.015
mixed,16,1,0.0625,4.0,1024,8192,16384,65536,19456,1210.802,1769.171,1223.845,0.0234
mixed,16,1,0.0625,4.0,1024,32768,128,512,152,2842.855,2841.209,2834.28,
mixed,16,1,0.0625,4.0,1024,32768,256,1024,304,2837.27,2853.829,2854.2,1.0225
mixed,16,1,0.0625,4.0,1024,32768,512,2048,608,2848.983,2866.63,2840.628,-0.4735
mixed,16,1,0.0625,4.0,1024,32768,1024,4096,1216,2848.233,2906.566,2868.374,0.3453
mixed,16,1,0.0625,4.0,1024,32768,2048,8192,2432,2878.952,2953.494,2874.618,-0.0581
mixed,16,1,0.0625,4.0,1024,32768,4096,16384,4864,2899.399,3055.527,2911.915,0.0802
mixed,16,1,0.0625,4.0,1024,32768,8192,32768,9728,2975.334,3255.078,2978.581,0.0116
mixed,16,1,0.0625,4.0,1024,32768,16384,65536,19456,3083.975,3663.11,3109.336,0.0438
mixed,16,1,0.0625,4.0,4096,0,16384,65536,19456,948.609,1518.342,959.605,0.0193
mixed,16,1,0.0625,4.0,4096,512,16384,65536,19456,1151.844,1721.007,1161.09,0.0162
mixed,16,1,0.0625,4.0,4096,2048,16384,65536,19456,1440.288,2022.95,1453.636,0.0229
mixed,16,1,0.0625,4.0,4096,8192,16384,65536,19456,2565.557,3143.82,2577.799,0.0212
mixed,16,1,0.0625,4.0,4096,32768,128,512,152,6753.26,6742.977,6740.676,
mixed,16,1,0.0625,4.0,4096,32768,256,1024,304,6739.184,6757.265,6736.782,-0.1329
mixed,16,1,0.0625,4.0,4096,32768,512,2048,608,6759.761,6772.031,6745.695,-1.1463
mixed,16,1,0.0625,4.0,4096,32768,1024,4096,1216,6759.62,6792.976,6761.486,0.0559
mixed,16,1,0.0625,4.0,4096,32768,2048,8192,2432,6780.644,6857.763,6777.223,-0.0444
mixed,16,1,0.0625,4.0,4096,32768,4096,16384,4864,6815.004,6951.296,6813.46,-0.0113
mixed,16,1,0.0625,4.0,4096,32768,8192,32768,9728,6875.669,7153.107,6885.187,0.0343
mixed,16,1,0.0625,4.0,4096,32768,16384,65536,19456,7005.779,7574.801,7003.956,-0.0032
pure,16,2,0.125,4.0,0,0,16384,65536,22528,365.49,890.768,373.697,0.0156
mixed,16,2,0.125,4.0,16,0,16384,65536,22528,377.554,906.53,387.025,0.0179
mixed,16,2,0.125,4.0,16,512,16384,65536,22528,383.025,905.602,387.615,0.0088
mixed,16,2,0.125,4.0,16,2048,16384,65536,22528,381.6,904.003,397.008,0.0295
mixed,16,2,0.125,4.0,16,8192,16384,65536,22528,382.449,907.665,392.019,0.0182
mixed,16,2,0.125,4.0,16,32768,128,512,176,215.871,217.234,213.744,-1.562
mixed,16,2,0.125,4.0,16,32768,256,1024,352,216.576,219.665,216.546,-0.0099
mixed,16,2,0.125,4.0,16,32768,512,2048,704,215.922,228.207,217.391,0.1196
mixed,16,2,0.125,4.0,16,32768,1024,4096,1408,224.784,237.088,223.873,-0.0741
mixed,16,2,0.125,4.0,16,32768,2048,8192,2816,232.688,281.346,231.697,-0.0204
mixed,16,2,0.125,4.0,16,32768,4096,16384,5632,324.131,367.617,254.495,-1.6013
mixed,16,2,0.125,4.0,16,32768,8192,32768,11264,309.921,555.585,425.187,0.4692
mixed,16,2,0.125,4.0,16,32768,16384,65536,22528,448.865,946.705,437.297,-0.0232
mixed,16,2,0.125,4.0,64,0,16384,65536,22528,389.745,916.755,740.355,0.6653
mixed,16,2,0.125,4.0,64,512,16384,65536,22528,434.88,942.976,744.449,0.6093
mixed,16,2,0.125,4.0,64,2048,16384,65536,22528,388.272,1052.338,737.12,0.5253
mixed,16,2,0.125,4.0,64,8192,16384,65536,22528,443.105,937.459,733.745,0.5879
mixed,16,2,0.125,4.0,64,32768,128,512,176,432.61,431.504,432.353,
mixed,16,2,0.125,4.0,64,32768,256,1024,352,432.258,454.449,433.12,0.0388
mixed,16,2,0.125,4.0,64,32768,512,2048,704,433.761,557.778,432.976,-0.0063
mixed,16,2,0.125,4.0,64,32768,1024,4096,1408,509.746,472.976,481.058,
mixed,16,2,0.125,4.0,64,32768,2048,8192,2816,476.29,534.097,473.073,-0.0556
mixed,16,2,0.125,4.0,64,32768,4096,16384,5632,554.082,621.489,731.537,2.6326
mixed,16,2,0.125,4.0,64,32768,8192,32768,11264,533.074,745.135,741.732,0.984
mixed,16,2,0.125,4.0,64,32768,16384,65536,22528,971.7,1162.465,953.488,-0.0955
mixed,16,2,0.125,4.0,256,0,16384,65536,22528,949.955,2567.302,2561.414,0.9964
mixed,16,2,0.125,4.0,256,512,16384,65536,22528,953.378,2575.43,2561.367,0.9913
mixed,16,2,0.125,4.0,256,2048,16384,65536,22528,960.114,2581.879,2570.454,0.993
mixed,16,2,0.125,4.0,256,8192,16384,65536,22528,1327.153,2590.774,2603.831,1.0103
mixed,16,2,0.125,4.0,256,32768,128,512,176,1373.812,1372.116,1372.066,
mixed,16,2,0.125,4.0,256,32768,256,1024,352,1373.107,1375.46,1372.531,-0.2446
mixed,16,2,0.125,4.0,256,32768,512,2048,704,1373.716,1374.387,1373.026,-1.0291
mixed,16,2,0.125,4.0,256,32768,1024,4096,1408,1376.195,1408.037,1375.013,-0.0371
mixed,16,2,0.125,4.0,256,32768,2048,8192,2816,1373.825,1990.899,1374.276,0.0007
mixed,16,2,0.125,4.0,256,32768,4096,16384,5632,1799.813,2607.879,1684.386,-0.1428
mixed,16,2,0.125,4.0,256,32768,8192,32768,11264,2222.838,2618.919,1994.917,-0.5754
mixed,16,2,0.125,4.0,256,32768,16384,65536,22528,2228.774,3848.249,2613.448,0.2375
mixed,16,2,0.125,4.0,1024,0,16384,65536,22528,534.062,1080.497,540.737,0.0122
mixed,16,2,0.125,4.0,1024,512,16384,65536,22528,642.241,1186.545,651.65,0.0173
mixed,16,2,0.125,4.0,1024,2048,16384,65536,22528,765.251,1305.971,769.941,0.0087
mixed,16,2,0.125,4.0,1024,8192,16384,65536,22528,1252.225,1776.29,1258.673,0.0123
mixed,16,2,0.125,4.0,1024,32768,128,512,176,2832.455,2836.071,2840.503,2.2255
mixed,16,2,0.125,4.0,1024,32768,256,1024,352,2835.625,2848.633,2843.272,0.5879
mixed,16,2,0.125,4.0,1024,32768,512,2048,704,2853.079,2865.001,2842.646,-0.8751
mixed,16,2,0.125,4.0,1024,32768,1024,4096,1408,2854.999,2893.044,2861.002,0.1578
mixed,16,2,0.125,4.0,1024,32768,2048,8192,2816,2877.479,2948.248,2882.985,0.0778
mixed,16,2,0.125,4.0,1024,32768,4096,16384,5632,2912.47,3047.477,2922.486,0.0742
mixed,16,2,0.125,4.0,1024,32768,8192,32768,11264,2987.435,3254.215,2993.286,0.0219
mixed,16,2,0.125,4.0,1024,32768,16384,65536,22528,3136.707,3663.158,3143.876,0.0136
mixed,16,2,0.125,4.0,4096,0,16384,65536,22528,989.218,1513.829,994.818,0.0107
mixed,16,2,0.125,4.0,4096,512,16384,65536,22528,1189.698,1720.486,1196.421,0.0127
mixed,16,2,0.125,4.0,4096,2048,16384,65536,22528,1484.563,2024.519,1487.458,0.0054
mixed,16,2,0.125,4.0,4096,8192,16384,65536,22528,2609.462,3137.0,2623.862,0.0273
mixed,16,2,0.125,4.0,4096,32768,128,512,176,6736.405,6740.897,6734.084,-0.5168
mixed,16,2,0.125,4.0,4096,32768,256,1024,352,6738.72,6756.45,6744.469,0.3242
mixed,16,2,0.125,4.0,4096,32768,512,2048,704,6762.775,6762.384,6759.054,
mixed,16,2,0.125,4.0,4096,32768,1024,4096,1408,6752.938,6802.912,6767.649,0.2944
mixed,16,2,0.125,4.0,4096,32768,2048,8192,2816,6798.382,6847.821,6792.816,-0.1126
mixed,16,2,0.125,4.0,4096,32768,4096,16384,5632,6824.173,6964.117,6831.363,0.0514
mixed,16,2,0.125,4.0,4096,32768,8192,32768,11264,6897.534,7164.353,6908.226,0.0401
mixed,16,2,0.125,4.0,4096,32768,16384,65536,22528,7035.298,7571.336,7034.16,-0.0021
pure,16,3,0.1875,4.0,0,0,16384,65536,25600,403.104,890.402,408.465,0.011
mixed,16,3,0.1875,4.0,16,0,16384,65536,25600,416.834,901.25,420.305,0.0072
mixed,16,3,0.1875,4.0,16,512,16384,65536,25600,417.473,903.251,418.691,0.0025
mixed,16,3,0.1875,4.0,16,2048,16384,65536,25600,417.168,904.849,418.545,0.0028
mixed,16,3,0.1875,4.0,16,8192,16384,65536,25600,426.4,906.451,436.994,0.0221
mixed,16,3,0.1875,4.0,16,32768,128,512,200,214.53,217.311,215.121,0.2124
mixed,16,3,0.1875,4.0,16,32768,256,1024,400,216.929,219.57,215.103,-0.6915
mixed,16,3,0.1875,4.0,16,32768,512,2048,800,217.488,227.953,216.303,-0.1132
mixed,16,3,0.1875,4.0,16,32768,1024,4096,1600,225.265,237.65,224.88,-0.0311
mixed,16,3,0.1875,4.0,16,32768,2048,8192,3200,246.895,280.719,234.002,-0.3812
mixed,16,3,0.1875,4.0,16,32768,4096,16384,6400,261.009,363.169,312.289,0.502
mixed,16,3,0.1875,4.0,16,32768,8192,32768,12800,323.505,552.064,318.544,-0.0217
mixed,16,3,0.1875,4.0,16,32768,16384,65536,25600,454.721,946.85,468.513,0.028
mixed,16,3,0.1875,4.0,64,0,16384,65536,25600,424.32,914.083,731.249,0.6267
mixed,16,3,0.1875,4.0,64,512,16384,65536,25600,471.41,939.507,734.289,0.5616
mixed,16,3,0.1875,4.0,64,2048,16384,65536,25600,427.408,1050.068,736.257,0.496
mixed,16,3,0.1875,4.0,64,8192,16384,65536,25600,459.538,938.625,736.433,0.578
mixed,16,3,0.1875,4.0,64,32768,128,512,200,432.321,434.05,432.001,-0.185
mixed,16,3,0.1875,4.0,64,32768,256,1024,400,433.664,457.746,434.37,0.0293
mixed,16,3,0.1875,4.0,64,32768,512,2048,800,433.86,558.385,429.65,-0.0338
mixed,16,3,0.1875,4.0,64,32768,1024,4096,1600,522.898,473.92,481.377,
mixed,16,3,0.1875,4.0,64,32768,2048,8192,3200,472.114,532.803,474.721,0.043
mixed,16,3,0.1875,4.0,64,32768,4096,16384,6400,609.457,618.929,738.754,13.6511
mixed,16,3,0.1875,4.0,64,32768,8192,32768,12800,772.386,745.265,748.161,
mixed,16,3,0.1875,4.0,64,32768,16384,65536,25600,1088.163,1155.027,956.788,-1.9648
mixed,16,3,0.1875,4.0,256,0,16384,65536,25600,1068.274,2572.536,2558.004,0.9903
mixed,16,3,0.1875,4.0,256,512,16384,65536,25600,1068.498,2575.094,2559.862,0.9899
mixed,16,3,0.1875,4.0,256,2048,16384,65536,25600,1076.147,2576.902,2579.238,1.0016
mixed,16,3,0.1875,4.0,256,8192,16384,65536,25600,1440.5,2575.559,2943.207,1.3239
mixed,16,3,0.1875,4.0,256,32768,128,512,200,1374.02,1373.731,1372.308,
mixed,16,3,0.1875,4.0,256,32768,256,1024,400,1373.044,1379.636,1375.906,0.4342
mixed,16,3,0.1875,4.0,256,32768,512,2048,800,1377.267,1377.796,1377.348,0.1531
mixed,16,3,0.1875,4.0,256,32768,1024,4096,1600,1374.261,1404.709,1376.371,0.0693
mixed,16,3,0.1875,4.0,256,32768,2048,8192,3200,1375.747,1995.685,1375.045,-0.0011
mixed,16,3,0.1875,4.0,256,32768,4096,16384,6400,1854.403,2607.799,1686.26,-0.2232
mixed,16,3,0.1875,4.0,256,32768,8192,32768,12800,2336.821,2614.518,2606.101,0.9697
mixed,16,3,0.1875,4.0,256,32768,16384,65536,25600,2346.854,3851.77,3844.745,0.9953
mixed,16,3,0.1875,4.0,1024,0,16384,65536,25600,566.611,1079.711,574.403,0.0152
mixed,16,3,0.1875,4.0,1024,512,16384,65536,25600,675.407,1188.144,685.763,0.0202
mixed,16,3,0.1875,4.0,1024,2048,16384,65536,25600,801.235,1304.118,805.283,0.008
mixed,16,3,0.1875,4.0,1024,8192,16384,65536,25600,1286.882,1773.01,1291.218,0.0089
mixed,16,3,0.1875,4.0,1024,32768,128,512,200,2836.235,2840.772,2824.916,-2.4941
mixed,16,3,0.1875,4.0,1024,32768,256,1024,400,2844.375,2849.432,2844.648,0.054
mixed,16,3,0.1875,4.0,1024,32768,512,2048,800,2845.383,2864.695,2860.216,0.7681
mixed,16,3,0.1875,4.0,1024,32768,1024,4096,1600,2864.25,2887.545,2865.207,0.0411
mixed,16,3,0.1875,4.0,1024,32768,2048,8192,3200,2883.206,2946.983,2897.16,0.2188
mixed,16,3,0.1875,4.0,1024,32768,4096,16384,6400,2913.816,3047.048,2930.199,0.123
mixed,16,3,0.1875,4.0,1024,32768,8192,32768,12800,3010.838,3253.622,3012.105,0.0052
mixed,16,3,0.1875,4.0,1024,32768,16384,65536,25600,3162.424,3671.004,3171.081,0.017
mixed,16,3,0.1875,4.0,4096,0,16384,65536,25600,1021.524,1516.884,1031.363,0.0199
mixed,16,3,0.1875,4.0,4096,512,16384,65536,25600,1223.391,1722.391,1230.688,0.0146
mixed,16,3,0.1875,4.0,4096,2048,16384,65536,25600,1517.413,2023.716,1525.746,0.0165
mixed,16,3,0.1875,4.0,4096,8192,16384,65536,25600,2638.035,3133.641,2650.311,0.0248
mixed,16,3,0.1875,4.0,4096,32768,128,512,200,6732.142,6740.687,6739.49,0.8599
mixed,16,3,0.1875,4.0,4096,32768,256,1024,400,6743.33,6759.583,6751.346,0.4932
mixed,16,3,0.1875,4.0,4096,32768,512,2048,800,6751.826,6779.732,6784.21,1.1605
mixed,16,3,0.1875,4.0,4096,32768,1024,4096,1600,6788.547,6824.195,6763.041,-0.7155
mixed,16,3,0.1875,4.0,4096,32768,2048,8192,3200,6791.776,6858.895,6780.386,-0.1697
mixed,16,3,0.1875,4.0,4096,32768,4096,16384,6400,6827.412,6955.558,6839.503,0.0944
mixed,16,3,0.1875,4.0,4096,32768,8192,32768,12800,6923.749,7178.871,6915.487,-0.0324
mixed,16,3,0.1875,4.0,4096,32768,16384,65536,25600,7066.583,7569.154,7080.945,0.0286
pure,16,4,0.25,4.0,0,0,16384,65536,28672,436.785,892.931,445.471,0.019
mixed,16,4,0.25,4.0,16,0,16384,65536,28672,453.152,905.746,460.849,0.017
mixed,16,4,0.25,4.0,16,512,16384,65536,28672,453.745,904.658,470.161,0.0364
mixed,16,4,0.25,4.0,16,2048,16384,65536,28672,452.848,908.369,470.576,0.0389
mixed,16,4,0.25,4.0,16,8192,16384,65536,28672,460.386,905.233,467.154,0.0152
mixed,16,4,0.25,4.0,16,32768,128,512,224,215.743,217.295,214.466,-0.8234
mixed,16,4,0.25,4.0,16,32768,256,1024,448,217.28,219.777,216.401,-0.3523
mixed,16,4,0.25,4.0,16,32768,512,2048,896,220.159,228.018,218.688,-0.1872
mixed,16,4,0.25,4.0,16,32768,1024,4096,1792,225.953,239.359,225.555,-0.0296
mixed,16,4,0.25,4.0,16,32768,2048,8192,3584,238.161,281.377,236.738,-0.0329
mixed,16,4,0.25,4.0,16,32768,4096,16384,7168,270.912,368.849,268.272,-0.027
mixed,16,4,0.25,4.0,16,32768,8192,32768,14336,341.681,548.657,340.257,-0.0069
mixed,16,4,0.25,4.0,16,32768,16384,65536,28672,493.425,947.475,504.224,0.0238
mixed,16,4,0.25,4.0,64,0,16384,65536,28672,462.384,914.74,734.691,0.602
mixed,16,4,0.25,4.0,64,512,16384,65536,28672,508.32,939.074,741.858,0.5422
mixed,16,4,0.25,4.0,64,2048,16384,65536,28672,464.192,1054.082,734.595,0.4584
mixed,16,4,0.25,4.0,64,8192,16384,65536,28672,501.89,932.147,737.584,0.5478
mixed,16,4,0.25,4.0,64,32768,128,512,224,434.561,434.145,433.538,
mixed,16,4,0.25,4.0,64,32768,256,1024,448,432.433,454.834,432.817,0.0171
mixed,16,4,0.25,4.0,64,32768,512,2048,896,426.866,560.466,427.681,0.0061
mixed,16,4,0.25,4.0,64,32768,1024,4096,1792,538.658,475.107,482.434,
mixed,16,4,0.25,4.0,64,32768,2048,8192,3584,473.057,533.745,474.658,0.0264
mixed,16,4,0.25,4.0,64,32768,4096,16384,7168,667.202,619.106,742.227,
mixed,16,4,0.25,4.0,64,32768,8192,32768,14336,848.403,746.658,753.327,
mixed,16,4,0.25,4.0,64,32768,16384,65536,28672,752.162,1155.845,737.346,-0.0367
mixed,16,4,0.25,4.0,256,0,16384,65536,28672,1180.962,2573.013,2558.677,0.9897
mixed,16,4,0.25,4.0,256,512,16384,65536,28672,1186.435,2577.319,2563.494,0.9901
mixed,16,4,0.25,4.0,256,2048,16384,65536,28672,1194.418,2584.551,2572.07,0.991
mixed,16,4,0.25,4.0,256,8192,16384,65536,28672,1555.844,2581.303,2932.296,1.3423
mixed,16,4,0.25,4.0,256,32768,128,512,224,1372.723,1373.555,1373.251,0.6345
mixed,16,4,0.25,4.0,256,32768,256,1024,448,1372.258,1372.995,1372.339,0.1099
mixed,16,4,0.25,4.0,256,32768,512,2048,896,1373.859,1374.453,1374.067,0.3513
mixed,16,4,0.25,4.0,256,32768,1024,4096,1792,1378.164,1407.025,1375.62,-0.0881
mixed,16,4,0.25,4.0,256,32768,2048,8192,3584,1375.06,1994.325,1375.828,0.0012
mixed,16,4,0.25,4.0,256,32768,4096,16384,7168,1914.532,2610.041,1684.468,-0.3308
mixed,16,4,0.25,4.0,256,32768,8192,32768,14336,2450.645,2618.072,2606.294,0.9297
mixed,16,4,0.25,4.0,256,32768,16384,65536,28672,2462.357,3848.171,3835.224,0.9907
mixed,16,4,0.25,4.0,1024,0,16384,65536,28672,602.577,1082.498,610.404,0.0163
mixed,16,4,0.25,4.0,1024,512,16384,65536,28672,711.361,1188.512,719.552,0.0172
mixed,16,4,0.25,4.0,1024,2048,16384,65536,28672,833.223,1306.966,840.244,0.0148
mixed,16,4,0.25,4.0,1024,8192,16384,65536,28672,1319.108,1774.133,1326.45,0.0161
mixed,16,4,0.25,4.0,1024,32768,128,512,224,2829.878,2840.215,2834.869,0.4829
mixed,16,4,0.25,4.0,1024,32768,256,1024,448,2856.922,2850.198,2840.345,
mixed,16,4,0.25,4.0,1024,32768,512,2048,896,2856.518,2866.214,2857.433,0.0943
mixed,16,4,0.25,4.0,1024,32768,1024,4096,1792,2863.178,2890.228,2864.713,0.0567
mixed,16,4,0.25,4.0,1024,32768,2048,8192,3584,2885.681,2948.517,2893.445,0.1236
mixed,16,4,0.25,4.0,1024,32768,4096,16384,7168,2940.572,3050.313,2951.687,0.1013
mixed,16,4,0.25,4.0,1024,32768,8192,32768,14336,3031.159,3258.491,3034.006,0.0125
mixed,16,4,0.25,4.0,1024,32768,16384,65536,28672,3201.034,3663.177,3225.863,0.0537
mixed,16,4,0.25,4.0,4096,0,16384,65536,28672,1058.981,1514.532,1067.587,0.0189
mixed,16,4,0.25,4.0,4096,512,16384,65536,28672,1264.036,1719.474,1268.228,0.0092
mixed,16,4,0.25,4.0,4096,2048,16384,65536,28672,1555.767,2026.965,1557.483,0.0036
mixed,16,4,0.25,4.0,4096,8192,16384,65536,28672,2681.432,3140.392,2693.366,0.026
mixed,16,4,0.25,4.0,4096,32768,128,512,224,6738.446,6745.574,6742.847,0.6174
mixed,16,4,0.25,4.0,4096,32768,256,1024,448,6747.203,6764.611,6742.525,-0.2687
mixed,16,4,0.25,4.0,4096,32768,512,2048,896,6750.642,6774.399,6759.01,0.3522
mixed,16,4,0.25,4.0,4096,32768,1024,4096,1792,6771.97,6795.695,6774.479,0.1057
mixed,16,4,0.25,4.0,4096,32768,2048,8192,3584,6794.288,6848.592,6800.703,0.1181
mixed,16,4,0.25,4.0,4096,32768,4096,16384,7168,6843.472,6962.347,6850.158,0.0562
mixed,16,4,0.25,4.0,4096,32768,8192,32768,14336,6927.132,7177.793,6961.055,0.1353
mixed,16,4,0.25,4.0,4096,32768,16384,65536,28672,7150.418,7587.03,7148.544,-0.0043
pure,16,8,0.5,4.0,0,0,16384,65536,40960,587.809,890.77,592.195,0.0145
mixed,16,8,0.5,4.0,16,0,16384,65536,40960,599.17,907.236,604.321,0.0167
mixed,16,8,0.5,4.0,16,512,16384,65536,40960,599.024,906.899,602.866,0.0125
mixed,16,8,0.5,4.0,16,2048,16384,65536,40960,600.641,905.874,602.962,0.0076
mixed,16,8,0.5,4.0,16,8192,16384,65536,40960,923.266,907.362,608.736,
mixed,16,8,0.5,4.0,16,32768,128,512,320,215.968,216.402,216.385,0.9597
mixed,16,8,0.5,4.0,16,32768,256,1024,640,216.238,220.704,216.591,0.0789
mixed,16,8,0.5,4.0,16,32768,512,2048,1280,213.968,228.146,220.4,0.4537
mixed,16,8,0.5,4.0,16,32768,1024,4096,2560,229.857,238.162,229.536,-0.0387
mixed,16,8,0.5,4.0,16,32768,2048,8192,5120,247.505,279.984,244.56,-0.0906
mixed,16,8,0.5,4.0,16,32768,4096,16384,10240,419.456,363.618,292.144,
mixed,16,8,0.5,4.0,16,32768,8192,32768,20480,407.649,551.184,406.674,-0.0068
mixed,16,8,0.5,4.0,16,32768,16384,65536,40960,674.786,945.073,655.2,-0.0725
mixed,16,8,0.5,4.0,64,0,16384,65536,40960,609.026,914.883,741.856,0.4343
mixed,16,8,0.5,4.0,64,512,16384,65536,40960,655.89,940.4,745.952,0.3165
mixed,16,8,0.5,4.0,64,2048,16384,65536,40960,752.243,1051.411,755.538,0.011
mixed,16,8,0.5,4.0,64,8192,16384,65536,40960,937.781,936.69,756.914,
mixed,16,8,0.5,4.0,64,32768,128,512,320,433.956,432.29,432.098,
mixed,16,8,0.5,4.0,64,32768,256,1024,640,432.658,455.536,432.224,-0.0189
mixed,16,8,0.5,4.0,64,32768,512,2048,1280,498.881,558.034,442.961,-0.9454
mixed,16,8,0.5,4.0,64,32768,1024,4096,2560,474.48,473.969,472.609,
mixed,16,8,0.5,4.0,64,32768,2048,8192,5120,510.353,532.706,476.945,-1.4946
mixed,16,8,0.5,4.0,64,32768,4096,16384,10240,533.313,619.473,533.665,0.0041
mixed,16,8,0.5,4.0,64,32768,8192,32768,20480,627.36,745.905,751.54,1.0475
mixed,16,8,0.5,4.0,64,32768,16384,65536,40960,1382.836,1141.476,1381.781,
mixed,16,8,0.5,4.0,256,0,16384,65536,40960,1640.742,2567.141,2566.725,0.9996
mixed,16,8,0.5,4.0,256,512,16384,65536,40960,1649.586,2582.774,2577.976,0.9949
mixed,16,8,0.5,4.0,256,2048,16384,65536,40960,1661.396,2589.702,2585.736,0.9957
mixed,16,8,0.5,4.0,256,8192,16384,65536,40960,1661.557,2587.814,2586.791,0.9989
mixed,16,8,0.5,4.0,256,32768,128,512,320,1373.045,1372.15,1373.203,
mixed,16,8,0.5,4.0,256,32768,256,1024,640,1371.956,1372.803,1377.219,6.2137
mixed,16,8,0.5,4.0,256,32768,512,2048,1280,1377.889,1378.662,1375.316,-3.3314
mixed,16,8,0.5,4.0,256,32768,1024,4096,2560,1376.627,1407.668,1376.434,-0.0062
mixed,16,8,0.5,4.0,256,32768,2048,8192,5120,1712.533,1994.277,1532.885,-0.6376
mixed,16,8,0.5,4.0,256,32768,4096,16384,10240,2143.766,2607.832,2607.383,0.999
mixed,16,8,0.5,4.0,256,32768,8192,32768,20480,2154.868,2619.302,2611.143,0.9824
mixed,16,8,0.5,4.0,256,32768,16384,65536,40960,2925.72,3859.61,3848.442,0.988
mixed,16,8,0.5,4.0,1024,0,16384,65536,40960,758.003,1079.828,763.508,0.0171
mixed,16,8,0.5,4.0,1024,512,16384,65536,40960,869.775,1188.247,873.505,0.0117
mixed,16,8,0.5,4.0,1024,2048,16384,65536,40960,985.605,1305.078,991.102,0.0172
mixed,16,8,0.5,4.0,1024,8192,16384,65536,40960,1469.84,1775.493,1479.604,0.0319
mixed,16,8,0.5,4.0,1024,32768,128,512,320,2844.632,2845.946,2850.28,4.3008
mixed,16,8,0.5,4.0,1024,32768,256,1024,640,2850.457,2846.613,2847.269,
mixed,16,8,0.5,4.0,1024,32768,512,2048,1280,2855.316,2868.327,2858.614,0.2534
mixed,16,8,0.5,4.0,1024,32768,1024,4096,2560,2871.88,2894.043,2871.528,-0.0159
mixed,16,8,0.5,4.0,1024,32768,2048,8192,5120,2905.081,2948.874,2909.491,0.1007
mixed,16,8,0.5,4.0,1024,32768,4096,16384,10240,2980.746,3053.526,2986.069,0.0731
mixed,16,8,0.5,4.0,1024,32768,8192,32768,20480,3108.89,3253.947,3101.898,-0.0482
mixed,16,8,0.5,4.0,1024,32768,16384,65536,40960,3357.336,3666.697,3371.884,0.047
mixed,16,8,0.5,4.0,4096,0,16384,65536,40960,1212.917,1516.244,1214.995,0.0069
mixed,16,8,0.5,4.0,4096,512,16384,65536,40960,1414.722,1723.99,1417.394,0.0086
mixed,16,8,0.5,4.0,4096,2048,16384,65536,40960,1709.879,2028.308,1711.666,0.0056
mixed,16,8,0.5,4.0,4096,8192,16384,65536,40960,2836.072,3146.97,2844.522,0.0272
mixed,16,8,0.5,4.0,4096,32768,128,512,320,6749.47,6752.655,6736.562,-4.054
mixed,16,8,0.5,4.0,4096,32768,256,1024,640,6781.103,6774.291,6763.698,
mixed,16,8,0.5,4.0,4096,32768,512,2048,1280,6764.804,6773.796,6761.844,-0.3292
mixed,16,8,0.5,4.0,4096,32768,1024,4096,2560,6779.504,6819.683,6797.186,0.4401
mixed,16,8,0.5,4.0,4096,32768,2048,8192,5120,6821.153,6876.672,6805.428,-0.2832
mixed,16,8,0.5,4.0,4096,32768,4096,16384,10240,6879.331,6957.157,6890.836,0.1478
mixed,16,8,0.5,4.0,4096,32768,8192,32768,20480,7011.952,7176.259,7009.165,-0.017
mixed,16,8,0.5,4.0,4096,32768,16384,65536,40960,7258.135,7569.187,7273.075,0.048
pure,16,12,0.75,4.0,0,0,16384,65536,53248,738.929,893.666,738.851,-0.0005
mixed,16,12,0.75,4.0,16,0,16384,65536,53248,753.796,907.059,753.297,-0.0033
mixed,16,12,0.75,4.0,16,512,16384,65536,53248,748.867,904.867,749.153,0.0018
mixed,16,12,0.75,4.0,16,2048,16384,65536,53248,755.663,905.953,841.505,0.5712
mixed,16,12,0.75,4.0,16,8192,16384,65536,53248,1077.492,905.634,768.448,
mixed,16,12,0.75,4.0,16,32768,128,512,416,216.768,217.184,216.37,-0.9532
mixed,16,12,0.75,4.0,16,32768,256,1024,832,217.488,219.264,217.729,0.1354
mixed,16,12,0.75,4.0,16,32768,512,2048,1664,226.142,228.367,224.977,-0.5235
mixed,16,12,0.75,4.0,16,32768,1024,4096,3328,236.227,238.384,237.105,0.4072
mixed,16,12,0.75,4.0,16,32768,2048,8192,6656,259.984,281.202,281.28,1.0037
mixed,16,12,0.75,4.0,16,32768,4096,16384,13312,322.56,362.384,320.209,-0.059
mixed,16,12,0.75,4.0,16,32768,8192,32768,26624,469.268,550.289,740.066,3.3423
mixed,16,12,0.75,4.0,16,32768,16384,65536,53248,814.899,947.251,799.363,-0.1174
mixed,16,12,0.75,4.0,64,0,16384,65536,53248,759.49,915.699,812.26,0.3378
mixed,16,12,0.75,4.0,64,512,16384,65536,53248,799.153,936.995,803.859,0.0341
mixed,16,12,0.75,4.0,64,2048,16384,65536,53248,912.851,1053.617,815.762,-0.6897
mixed,16,12,0.75,4.0,64,8192,16384,65536,53248,792.611,939.649,806.145,0.092
mixed,16,12,0.75,4.0,64,32768,128,512,416,431.312,433.714,433.886,1.0718
mixed,16,12,0.75,4.0,64,32768,256,1024,832,434.993,454.435,434.178,-0.0419
mixed,16,12,0.75,4.0,64,32768,512,2048,1664,528.577,557.891,557.428,0.9842
mixed,16,12,0.75,4.0,64,32768,1024,4096,3328,475.12,471.68,472.115,
mixed,16,12,0.75,4.0,64,32768,2048,8192,6656,627.36,533.202,744.514,
mixed,16,12,0.75,4.0,64,32768,4096,16384,13312,794.131,618.544,835.665,
mixed,16,12,0.75,4.0,64,32768,8192,32768,26624,1133.587,744.977,1121.921,
mixed,16,12,0.75,4.0,64,32768,16384,65536,53248,967.601,1155.379,979.682,0.0643
mixed,16,12,0.75,4.0,256,0,16384,65536,53248,2112.037,2572.407,2571.319,0.9976
mixed,16,12,0.75,4.0,256,512,16384,65536,53248,2112.358,2573.543,2570.119,0.9926
mixed,16,12,0.75,4.0,256,2048,16384,65536,53248,2118.39,2582.407,2577.702,0.9899
mixed,16,12,0.75,4.0,256,8192,16384,65536,53248,2121.54,2582.695,2577.62,0.989
mixed,16,12,0.75,4.0,256,32768,128,512,416,1372.675,1373.285,1374.436,2.8884
mixed,16,12,0.75,4.0,256,32768,256,1024,832,1374.117,1373.491,1374.002,
mixed,16,12,0.75,4.0,256,32768,512,2048,1664,1377.538,1374.466,1375.365,
mixed,16,12,0.75,4.0,256,32768,1024,4096,3328,1374.851,1405.668,1374.741,-0.0036
mixed,16,12,0.75,4.0,256,32768,2048,8192,6656,1879.67,1992.47,1991.878,0.9948
mixed,16,12,0.75,4.0,256,32768,4096,16384,13312,2373.541,2606.181,2605.927,0.9989
mixed,16,12,0.75,4.0,256,32768,8192,32768,26624,2387.238,2619.256,2615.846,0.9853
mixed,16,12,0.75,4.0,256,32768,16384,65536,53248,3394.521,3847.513,3853.833,1.014
mixed,16,12,0.75,4.0,1024,0,16384,65536,53248,915.587,1081.345,919.52,0.0237
mixed,16,12,0.75,4.0,1024,512,16384,65536,53248,1026.532,1189.553,1024.947,-0.0097
mixed,16,12,0.75,4.0,1024,2048,16384,65536,53248,1144.083,1303.895,1145.584,0.0094
mixed,16,12,0.75,4.0,1024,8192,16384,65536,53248,1622.275,1772.47,1620.835,-0.0096
mixed,16,12,0.75,4.0,1024,32768,128,512,416,2843.177,2835.815,2853.986,
mixed,16,12,0.75,4.0,1024,32768,256,1024,832,2858.807,2852.745,2847.656,
mixed,16,12,0.75,4.0,1024,32768,512,2048,1664,2860.617,2863.863,2861.511,0.2753
mixed,16,12,0.75,4.0,1024,32768,1024,4096,3328,2880.484,2892.903,2889.463,0.723
mixed,16,12,0.75,4.0,1024,32768,2048,8192,6656,2927.094,2941.669,2924.441,-0.182
mixed,16,12,0.75,4.0,1024,32768,4096,16384,13312,3010.151,3043.719,3010.088,-0.0019
mixed,16,12,0.75,4.0,1024,32768,8192,32768,26624,3173.848,3257.339,3177.449,0.0431
mixed,16,12,0.75,4.0,1024,32768,16384,65536,53248,3516.073,3664.567,3501.977,-0.0949
mixed,16,12,0.75,4.0,4096,0,16384,65536,53248,1360.034,1515.028,1355.795,-0.0274
mixed,16,12,0.75,4.0,4096,512,16384,65536,53248,1566.836,1722.176,1562.079,-0.0306
mixed,16,12,0.75,4.0,4096,2048,16384,65536,53248,1862.025,2023.299,1863.892,0.0116
mixed,16,12,0.75,4.0,4096,8192,16384,65536,53248,2981.192,3130.762,2978.773,-0.0162
mixed,16,12,0.75,4.0,4096,32768,128,512,416,6749.123,6759.408,6745.094,-0.3917
mixed,16,12,0.75,4.0,4096,32768,256,1024,832,6752.881,6763.443,6757.456,0.4331
mixed,16,12,0.75,4.0,4096,32768,512,2048,1664,6772.308,6798.017,6788.176,0.6172
mixed,16,12,0.75,4.0,4096,32768,1024,4096,3328,6801.796,6818.416,6810.162,0.5034
mixed,16,12,0.75,4.0,4096,32768,2048,8192,6656,6843.443,6883.925,6825.203,-0.4505
mixed,16,12,0.75,4.0,4096,32768,4096,16384,13312,6908.544,6961.265,6918.851,0.1955
mixed,16,12,0.75,4.0,4096,32768,8192,32768,26624,7071.827,7154.673,7091.319,0.2353
mixed,16,12,0.75,4.0,4096,32768,16384,65536,53248,7410.789,7593.218,7412.98,0.012
pure,16,14,0.875,4.0,0,0,16384,65536,59392,816.212,892.13,812.755,-0.0455
mixed,16,14,0.875,4.0,16,0,16384,65536,59392,828.21,907.955,824.612,-0.0451
mixed,16,14,0.875,4.0,16,512,16384,65536,59392,826.802,906.211,826.816,0.0002
mixed,16,14,0.875,4.0,16,2048,16384,65536,59392,828.803,902.834,862.115,0.45
mixed,16,14,0.875,4.0,16,8192,16384,65536,59392,859.009,906.178,837.074,-0.465
mixed,16,14,0.875,4.0,16,32768,128,512,464,216.128,217.248,217.457,1.1866
mixed,16,14,0.875,4.0,16,32768,256,1024,928,218.368,219.233,221.04,3.0908
mixed,16,14,0.875,4.0,16,32768,512,2048,1856,226.463,229.76,227.84,0.4179
mixed,16,14,0.875,4.0,16,32768,1024,4096,3712,236.945,238.624,235.984,-0.5725
mixed,16,14,0.875,4.0,16,32768,2048,8192,7424,273.219,280.913,272.608,-0.0794
mixed,16,14,0.875,4.0,16,32768,4096,16384,14848,336.256,362.93,348.641,0.4643
mixed,16,14,0.875,4.0,16,32768,8192,32768,29696,510.402,547.586,503.314,-0.1906
mixed,16,14,0.875,4.0,16,32768,16384,65536,59392,857.249,947.987,864.402,0.0788
mixed,16,14,0.875,4.0,64,0,16384,65536,59392,837.953,912.626,849.202,0.1507
mixed,16,14,0.875,4.0,64,512,16384,65536,59392,868.115,943.281,847.219,-0.278
mixed,16,14,0.875,4.0,64,2048,16384,65536,59392,977.217,1050.499,848.388,-1.758
mixed,16,14,0.875,4.0,64,8192,16384,65536,59392,851.444,934.083,848.755,-0.0325
mixed,16,14,0.875,4.0,64,32768,128,512,464,433.458,432.256,432.495,
mixed,16,14,0.875,4.0,64,32768,256,1024,928,425.553,456.0,452.962,0.9002
mixed,16,14,0.875,4.0,64,32768,512,2048,1856,542.417,559.343,558.051,0.9236
mixed,16,14,0.875,4.0,64,32768,1024,4096,3712,473.586,474.545,473.394,-0.1996
mixed,16,14,0.875,4.0,64,32768,2048,8192,7424,685.889,534.64,747.01,
mixed,16,14,0.875,4.0,64,32768,4096,16384,14848,871.907,619.425,938.45,
mixed,16,14,0.875,4.0,64,32768,8192,32768,29696,748.721,742.963,740.082,
mixed,16,14,0.875,4.0,64,32768,16384,65536,59392,1053.939,1145.395,1588.226,5.842
mixed,16,14,0.875,4.0,256,0,16384,65536,59392,2337.702,2567.463,2567.718,1.0011
mixed,16,14,0.875,4.0,256,512,16384,65536,59392,2344.548,2580.086,2579.189,0.9962
mixed,16,14,0.875,4.0,256,2048,16384,65536,59392,2360.406,2604.389,2587.894,0.9324
mixed,16,14,0.875,4.0,256,8192,16384,65536,59392,2361.541,2585.91,2590.903,1.0223
mixed,16,14,0.875,4.0,256,32768,128,512,464,1374.307,1373.539,1373.186,
mixed,16,14,0.875,4.0,256,32768,256,1024,928,1373.413,1374.13,1373.588,0.2449
mixed,16,14,0.875,4.0,256,32768,512,2048,1856,1376.116,1378.9,1375.955,-0.058
mixed,16,14,0.875,4.0,256,32768,1024,4096,3712,1376.179,1405.364,1404.821,0.9814
mixed,16,14,0.875,4.0,256,32768,2048,8192,7424,1934.179,1990.71,1994.038,1.0589
mixed,16,14,0.875,4.0,256,32768,4096,16384,14848,2489.03,2606.759,2608.662,1.0162
mixed,16,14,0.875,4.0,256,32768,8192,32768,29696,2499.526,2611.718,2615.222,1.0312
mixed,16,14,0.875,4.0,256,32768,16384,65536,59392,3615.497,3848.266,3848.231,0.9998
mixed,16,14,0.875,4.0,1024,0,16384,65536,59392,998.563,1077.555,996.723,-0.0233
mixed,16,14,0.875,4.0,1024,512,16384,65536,59392,1107.921,1188.992,1103.249,-0.0576
mixed,16,14,0.875,4.0,1024,2048,16384,65536,59392,1227.941,1304.675,1223.219,-0.0615
mixed,16,14,0.875,4.0,1024,8192,16384,65536,59392,1695.282,1773.108,1694.531,-0.0097
mixed,16,14,0.875,4.0,1024,32768,128,512,464,2835.289,2840.518,2841.51,1.1897
mixed,16,14,0.875,4.0,1024,32768,256,1024,928,2858.838,2850.888,2844.262,
mixed,16,14,0.875,4.0,1024,32768,512,2048,1856,2866.917,2866.775,2867.399,
mixed,16,14,0.875,4.0,1024,32768,1024,4096,3712,2886.184,2889.976,2889.973,0.9991
mixed,16,14,0.875,4.0,1024,32768,2048,8192,7424,2943.256,2952.443,2945.127,0.2036
mixed,16,14,0.875,4.0,1024,32768,4096,16384,14848,3036.967,3060.517,3038.889,0.0816
mixed,16,14,0.875,4.0,1024,32768,8192,32768,29696,3226.84,3257.865,3210.773,-0.5179
mixed,16,14,0.875,4.0,1024,32768,16384,65536,59392,3584.631,3655.529,3577.179,-0.1051
mixed,16,14,0.875,4.0,4096,0,16384,65536,59392,1437.441,1516.897,1434.244,-0.0402
mixed,16,14,0.875,4.0,4096,512,16384,65536,59392,1641.763,1720.865,1640.322,-0.0182
mixed,16,14,0.875,4.0,4096,2048,16384,65536,59392,1945.219,2023.287,1939.018,-0.0794
mixed,16,14,0.875,4.0,4096,8192,16384,65536,59392,3056.072,3137.893,3053.767,-0.0282
mixed,16,14,0.875,4.0,4096,32768,128,512,464,6744.116,6749.103,6739.249,-0.9759
mixed,16,14,0.875,4.0,4096,32768,256,1024,928,6750.288,6753.942,6748.461,-0.5001
mixed,16,14,0.875,4.0,4096,32768,512,2048,1856,6779.572,6773.09,6806.051,
mixed,16,14,0.875,4.0,4096,32768,1024,4096,3712,6827.363,6823.793,6823.749,
mixed,16,14,0.875,4.0,4096,32768,2048,8192,7424,6856.253,6874.274,6870.546,0.7931
mixed,16,14,0.875,4.0,4096,32768,4096,16384,14848,6975.347,6983.666,6967.989,-0.8846
mixed,16,14,0.875,4.0,4096,32768,8192,32768,29696,7130.149,7166.163,7153.522,0.649
mixed,16,14,0.875,4.0,4096,32768,16384,65536,59392,7496.836,7585.282,7487.985,-0.1001
pure,32,1,0.0312,4.0,0,0,16384,65536,17920,529.716,1705.253,802.834,0.2323
mixed,32,1,0.0312,4.0,16,0,16384,65536,17920,540.913,1713.061,819.778,0.2379
mixed,32,1,0.0312,4.0,16,512,16384,65536,17920,541.955,1718.245,818.868,0.2354
mixed,32,1,0.0312,4.0,16,2048,16384,65536,17920,544.483,1715.942,814.081,0.2301
mixed,32,1,0.0312,4.0,16,8192,16384,65536,17920,857.024,1716.484,809.234,-0.0556
mixed,32,1,0.0312,4.0,16,32768,128,512,140,217.825,219.888,217.921,0.0463
mixed,32,1,0.0312,4.0,16,32768,256,1024,280,220.368,228.227,220.192,-0.0223
mixed,32,1,0.0312,4.0,16,32768,512,2048,560,218.69,279.104,220.194,0.0249
mixed,32,1,0.0312,4.0,16,32768,1024,4096,1120,228.511,282.048,232.031,0.0657
mixed,32,1,0.0312,4.0,16,32768,2048,8192,2240,293.537,552.354,278.833,-0.0568
mixed,32,1,0.0312,4.0,16,32768,4096,16384,4480,292.417,557.746,289.106,-0.0125
mixed,32,1,0.0312,4.0,16,32768,8192,32768,8960,588.274,1463.315,556.034,-0.0368
mixed,32,1,0.0312,4.0,16,32768,16384,65536,17920,840.098,2859.591,577.809,-0.1299
mixed,32,1,0.0312,4.0,64,0,16384,65536,17920,550.85,1726.309,817.409,0.2268
mixed,32,1,0.0312,4.0,64,512,16384,65536,17920,591.137,1741.141,816.29,0.1958
mixed,32,1,0.0312,4.0,64,2048,16384,65536,17920,692.419,1835.348,797.09,0.0916
mixed,32,1,0.0312,4.0,64,8192,16384,65536,17920,825.762,2245.847,893.011,0.0474
mixed,32,1,0.0312,4.0,64,32768,128,512,140,434.657,444.05,437.441,0.2964
mixed,32,1,0.0312,4.0,64,32768,256,1024,280,437.137,483.263,436.644,-0.0107
mixed,32,1,0.0312,4.0,64,32768,512,2048,560,444.706,480.225,442.353,-0.0662
mixed,32,1,0.0312,4.0,64,32768,1024,4096,1120,477.169,534.852,476.898,-0.0047
mixed,32,1,0.0312,4.0,64,32768,2048,8192,2240,477.826,755.763,480.404,0.0093
mixed,32,1,0.0312,4.0,64,32768,4096,16384,4480,534.482,750.003,532.179,-0.0107
mixed,32,1,0.0312,4.0,64,32768,8192,32768,8960,814.786,1813.254,757.025,-0.0578
mixed,32,1,0.0312,4.0,64,32768,16384,65536,17920,812.706,1934.102,1369.859,0.4968
mixed,32,1,0.0312,4.0,256,0,16384,65536,17920,807.728,2631.51,2576.15,0.9696
mixed,32,1,0.0312,4.0,256,512,16384,65536,17920,807.106,2650.998,2591.574,0.9678
mixed,32,1,0.0312,4.0,256,2048,16384,65536,17920,817.458,2654.199,2588.536,0.9643
mixed,32,1,0.0312,4.0,256,8192,16384,65536,17920,819.091,2651.478,2600.293,0.9721
mixed,32,1,0.0312,4.0,256,32768,128,512,140,1376.291,1375.492,1374.532,
mixed,32,1,0.0312,4.0,256,32768,256,1024,280,1372.373,1377.22,1374.274,0.3921
mixed,32,1,0.0312,4.0,256,32768,512,2048,560,1374.514,1469.795,1375.301,0.0083
mixed,32,1,0.0312,4.0,256,32768,1024,4096,1120,1375.748,1685.542,1376.339,0.0019
mixed,32,1,0.0312,4.0,256,32768,2048,8192,2240,1547.383,2001.366,1530.645,-0.0369
mixed,32,1,0.0312,4.0,256,32768,4096,16384,4480,1717.556,2617.621,1690.565,-0.03
mixed,32,1,0.0312,4.0,256,32768,8192,32768,8960,2057.686,2642.247,1998.918,-0.1005
mixed,32,1,0.0312,4.0,256,32768,16384,65536,17920,2727.287,2635.19,2613.798,
mixed,32,1,0.0312,4.0,1024,0,16384,65536,17920,696.641,1929.012,970.372,0.2221
mixed,32,1,0.0312,4.0,1024,512,16384,65536,17920,808.786,2042.036,1075.602,0.2164
mixed,32,1,0.0312,4.0,1024,2048,16384,65536,17920,923.969,2151.655,1198.807,0.2239
mixed,32,1,0.0312,4.0,1024,8192,16384,65536,17920,1411.763,2583.637,1685.892,0.2339
mixed,32,1,0.0312,4.0,1024,32768,128,512,140,2842.372,2853.784,2835.846,-0.5719
mixed,32,1,0.0312,4.0,1024,32768,256,1024,280,2855.383,2867.908,2845.637,-0.7781
mixed,32,1,0.0312,4.0,1024,32768,512,2048,560,2852.36,2903.194,2853.141,0.0154
mixed,32,1,0.0312,4.0,1024,32768,1024,4096,1120,2878.169,2942.468,2893.543,0.2391
mixed,32,1,0.0312,4.0,1024,32768,2048,8192,2240,2908.423,3051.671,2940.374,0.2231
mixed,32,1,0.0312,4.0,1024,32768,4096,16384,4480,2960.68,3247.881,3024.12,0.2209
mixed,32,1,0.0312,4.0,1024,32768,8192,32768,8960,3064.934,3668.155,3204.68,0.2317
mixed,32,1,0.0312,4.0,1024,32768,16384,65536,17920,3292.093,4465.64,3561.896,0.2299
mixed,32,1,0.0312,4.0,4096,0,16384,65536,17920,1147.106,2330.533,1420.371,0.2309
mixed,32,1,0.0312,4.0,4096,512,16384,65536,17920,1354.4,2559.125,1627.011,0.2263
mixed,32,1,0.0312,4.0,4096,2048,16384,65536,17920,1644.947,2864.664,1917.601,0.2235
mixed,32,1,0.0312,4.0,4096,8192,16384,65536,17920,2770.533,3946.473,3042.617,0.2314
mixed,32,1,0.0312,4.0,4096,32768,128,512,140,6744.913,6758.511,6756.662,0.8641
mixed,32,1,0.0312,4.0,4096,32768,256,1024,280,6759.6,6806.738,6757.472,-0.0451
mixed,32,1,0.0312,4.0,4096,32768,512,2048,560,6788.004,6793.84,6763.119,-4.2641
mixed,32,1,0.0312,4.0,4096,32768,1024,4096,1120,6784.576,6890.992,6804.482,0.1871
mixed,32,1,0.0312,4.0,4096,32768,2048,8192,2240,6806.288,6964.196,6867.476,0.3875
mixed,32,1,0.0312,4.0,4096,32768,4096,16384,4480,6880.783,7174.706,6927.008,0.1573
mixed,32,1,0.0312,4.0,4096,32768,8192,32768,8960,6977.792,7573.539,7125.128,0.2473
mixed,32,1,0.0312,4.0,4096,32768,16384,65536,17920,7204.259,8385.507,7488.741,0.2408
pure,32,2,0.0625,4.0,0,0,16384,65536,19456,568.625,1700.452,806.833,0.2105
mixed,32,2,0.0625,4.0,16,0,16384,65536,19456,579.793,1712.611,823.235,0.2149
mixed,32,2,0.0625,4.0,16,512,16384,65536,19456,579.984,1718.82,823.587,0.2139
mixed,32,2,0.0625,4.0,16,2048,16384,65536,19456,579.375,1714.499,821.154,0.213
mixed,32,2,0.0625,4.0,16,8192,16384,65536,19456,897.359,1717.046,593.231,-0.371
mixed,32,2,0.0625,4.0,16,32768,128,512,152,216.74,220.816,216.978,0.0585
mixed,32,2,0.0625,4.0,16,32768,256,1024,304,220.464,227.807,219.906,-0.0761
mixed,32,2,0.0625,4.0,16,32768,512,2048,608,208.545,279.425,220.528,0.1691
mixed,32,2,0.0625,4.0,16,32768,1024,4096,1216,232.05,283.346,232.56,0.01
mixed,32,2,0.0625,4.0,16,32768,2048,8192,2432,308.864,548.706,281.024,-0.1161
mixed,32,2,0.0625,4.0,16,32768,4096,16384,4864,382.769,552.544,298.177,-0.4983
mixed,32,2,0.0625,4.0,16,32768,8192,32768,9728,406.626,1474.885,557.442,0.1412
mixed,32,2,0.0625,4.0,16,32768,16384,65536,19456,909.652,2855.702,1000.754,0.0468
mixed,32,2,0.0625,4.0,64,0,16384,65536,19456,588.944,1725.893,827.456,0.2098
mixed,32,2,0.0625,4.0,64,512,16384,65536,19456,626.289,1745.764,817.491,0.1708
mixed,32,2,0.0625,4.0,64,2048,16384,65536,19456,731.298,1829.748,771.94,0.037
mixed,32,2,0.0625,4.0,64,8192,16384,65536,19456,862.562,2240.546,901.489,0.0282
mixed,32,2,0.0625,4.0,64,32768,128,512,152,435.618,443.138,435.235,-0.051
mixed,32,2,0.0625,4.0,64,32768,256,1024,304,437.457,483.394,437.215,-0.0053
mixed,32,2,0.0625,4.0,64,32768,512,2048,608,447.842,479.329,443.183,-0.148
mixed,32,2,0.0625,4.0,64,32768,1024,4096,1216,477.168,533.714,477.618,0.0079
mixed,32,2,0.0625,4.0,64,32768,2048,8192,2432,488.562,754.609,479.808,-0.0329
mixed,32,2,0.0625,4.0,64,32768,4096,16384,4864,532.866,753.49,534.865,0.0091
mixed,32,2,0.0625,4.0,64,32768,8192,32768,9728,872.738,1814.293,758.995,-0.1208
mixed,32,2,0.0625,4.0,64,32768,16384,65536,19456,1128.947,1916.757,1377.875,0.316
mixed,32,2,0.0625,4.0,256,0,16384,65536,19456,858.211,2636.486,2582.311,0.9695
mixed,32,2,0.0625,4.0,256,512,16384,65536,19456,868.034,2634.022,2585.302,0.9724
mixed,32,2,0.0625,4.0,256,2048,16384,65536,19456,871.408,2646.166,2594.886,0.9711
mixed,32,2,0.0625,4.0,256,8192,16384,65536,19456,877.425,2658.184,2599.142,0.9668
mixed,32,2,0.0625,4.0,256,32768,128,512,152,1373.78,1374.724,1372.98,-0.8484
mixed,32,2,0.0625,4.0,256,32768,256,1024,304,1374.036,1376.131,1374.068,0.015
mixed,32,2,0.0625,4.0,256,32768,512,2048,608,1375.524,1471.892,1375.795,0.0028
mixed,32,2,0.0625,4.0,256,32768,1024,4096,1216,1375.124,1685.702,1375.285,0.0005
mixed,32,2,0.0625,4.0,256,32768,2048,8192,2432,1560.275,1994.853,1534.564,-0.0592
mixed,32,2,0.0625,4.0,256,32768,4096,16384,4864,1745.015,2613.046,1690.068,-0.0633
mixed,32,2,0.0625,4.0,256,32768,8192,32768,9728,2112.053,2644.886,1999.924,-0.2104
mixed,32,2,0.0625,4.0,256,32768,16384,65536,19456,2852.12,2641.877,2618.039,
mixed,32,2,0.0625,4.0,1024,0,16384,65536,19456,736.736,1925.539,975.621,0.2009
mixed,32,2,0.0625,4.0,1024,512,16384,65536,19456,844.003,2039.638,1081.282,0.1985
mixed,32,2,0.0625,4.0,1024,2048,16384,65536,19456,964.771,2149.352,1204.915,0.2027
mixed,32,2,0.0625,4.0,1024,8192,16384,65536,19456,1449.749,2585.749,1695.572,0.2164
mixed,32,2,0.0625,4.0,1024,32768,128,512,152,2842.696,2854.581,2835.913,-0.5708
mixed,32,2,0.0625,4.0,1024,32768,256,1024,304,2842.664,2867.08,2848.376,0.2339
mixed,32,2,0.0625,4.0,1024,32768,512,2048,608,2860.232,2899.447,2854.569,-0.1444
mixed,32,2,0.0625,4.0,1024,32768,1024,4096,1216,2872.39,2949.271,2870.101,-0.0298
mixed,32,2,0.0625,4.0,1024,32768,2048,8192,2432,2903.56,3050.243,2911.238,0.0523
mixed,32,2,0.0625,4.0,1024,32768,4096,16384,4864,2974.037,3245.944,3039.24,0.2398
mixed,32,2,0.0625,4.0,1024,32768,8192,32768,9728,3084.214,3667.707,3212.282,0.2195
mixed,32,2,0.0625,4.0,1024,32768,16384,65536,19456,3328.107,4467.26,3575.528,0.2172
mixed,32,2,0.0625,4.0,4096,0,16384,65536,19456,1195.236,2329.207,1428.05,0.2053
mixed,32,2,0.0625,4.0,4096,512,16384,65536,19456,1394.149,2560.07,1633.601,0.2054
mixed,32,2,0.0625,4.0,4096,2048,16384,65536,19456,1690.884,2867.388,1925.336,0.1993
mixed,32,2,0.0625,4.0,4096,8192,16384,65536,19456,2812.2,3951.003,3046.119,0.2054
mixed,32,2,0.0625,4.0,4096,32768,128,512,152,6747.442,6760.046,6749.186,0.1383
mixed,32,2,0.0625,4.0,4096,32768,256,1024,304,6755.85,6785.248,6772.337,0.5608
mixed,32,2,0.0625,4.0,4096,32768,512,2048,608,6768.707,6812.293,6767.314,-0.032
mixed,32,2,0.0625,4.0,4096,32768,1024,4096,1216,6788.043,6876.098,6795.378,0.0833
mixed,32,2,0.0625,4.0,4096,32768,2048,8192,2432,6822.614,6961.553,6829.375,0.0487
mixed,32,2,0.0625,4.0,4096,32768,4096,16384,4864,6904.176,7173.844,6963.471,0.2199
mixed,32,2,0.0625,4.0,4096,32768,8192,32768,9728,7020.162,7592.277,7126.676,0.1862
mixed,32,2,0.0625,4.0,4096,32768,16384,65536,19456,7285.793,8389.204,7477.664,0.1739
pure,32,3,0.0938,4.0,0,0,16384,65536,20992,601.666,1703.509,607.712,0.0055
mixed,32,3,0.0938,4.0,16,0,16384,65536,20992,611.648,1715.204,619.632,0.0072
mixed,32,3,0.0938,4.0,16,512,16384,65536,20992,616.803,1720.755,614.77,-0.0018
mixed,32,3,0.0938,4.0,16,2048,16384,65536,20992,616.114,1718.324,620.275,0.0038
mixed,32,3,0.0938,4.0,16,8192,16384,65536,20992,939.954,1723.652,625.936,-0.4007
mixed,32,3,0.0938,4.0,16,32768,128,512,164,217.504,219.568,219.327,0.8833
mixed,32,3,0.0938,4.0,16,32768,256,1024,328,219.169,228.353,220.128,0.1045
mixed,32,3,0.0938,4.0,16,32768,512,2048,656,226.063,279.297,223.522,-0.0477
mixed,32,3,0.0938,4.0,16,32768,1024,4096,1312,231.521,283.617,232.127,0.0116
mixed,32,3,0.0938,4.0,16,32768,2048,8192,2624,326.799,549.569,281.283,-0.2043
mixed,32,3,0.0938,4.0,16,32768,4096,16384,5248,397.137,554.721,313.183,-0.5328
mixed,32,3,0.0938,4.0,16,32768,8192,32768,10496,416.449,1470.115,565.969,0.1419
mixed,32,3,0.0938,4.0,16,32768,16384,65536,20992,975.65,2854.518,1010.451,0.0185
mixed,32,3,0.0938,4.0,64,0,16384,65536,20992,623.138,1725.796,783.504,0.1454
mixed,32,3,0.0938,4.0,64,512,16384,65536,20992,666.05,1745.237,781.729,0.1072
mixed,32,3,0.0938,4.0,64,2048,16384,65536,20992,767.873,1842.499,785.793,0.0167
mixed,32,3,0.0938,4.0,64,8192,16384,65536,20992,906.307,2246.614,903.139,-0.0024
mixed,32,3,0.0938,4.0,64,32768,128,512,164,437.84,442.737,435.888,-0.3987
mixed,32,3,0.0938,4.0,64,32768,256,1024,328,436.545,483.697,426.834,-0.206
mixed,32,3,0.0938,4.0,64,32768,512,2048,656,453.682,481.938,444.338,-0.3307
mixed,32,3,0.0938,4.0,64,32768,1024,4096,1312,479.426,535.84,478.097,-0.0235
mixed,32,3,0.0938,4.0,64,32768,2048,8192,2624,520.77,754.24,587.283,0.2849
mixed,32,3,0.0938,4.0,64,32768,4096,16384,5248,533.39,749.171,741.233,0.9632
mixed,32,3,0.0938,4.0,64,32768,8192,32768,10496,931.844,1817.972,759.922,-0.194
mixed,32,3,0.0938,4.0,64,32768,16384,65536,20992,1210.629,1930.259,1399.459,0.2624
mixed,32,3,0.0938,4.0,256,0,16384,65536,20992,915.81,2619.574,2579.606,0.9765
mixed,32,3,0.0938,4.0,256,512,16384,65536,20992,927.313,2647.797,2587.974,0.9652
mixed,32,3,0.0938,4.0,256,2048,16384,65536,20992,930.019,2643.158,2594.037,0.9713
mixed,32,3,0.0938,4.0,256,8192,16384,65536,20992,934.961,2656.231,2595.894,0.9649
mixed,32,3,0.0938,4.0,256,32768,128,512,164,1372.754,1374.226,1373.236,0.3272
mixed,32,3,0.0938,4.0,256,32768,256,1024,328,1374.34,1374.482,1374.34,0.0
mixed,32,3,0.0938,4.0,256,32768,512,2048,656,1379.938,1469.122,1373.794,-0.0689
mixed,32,3,0.0938,4.0,256,32768,1024,4096,1312,1380.323,1688.677,1377.569,-0.0089
mixed,32,3,0.0938,4.0,256,32768,2048,8192,2624,1575.074,2000.55,1533.123,-0.0986
mixed,32,3,0.0938,4.0,256,32768,4096,16384,5248,1773.572,2611.127,1692.02,-0.0974
mixed,32,3,0.0938,4.0,256,32768,8192,32768,10496,2172.117,2640.566,2614.695,0.9448
mixed,32,3,0.0938,4.0,256,32768,16384,65536,20992,2960.984,2633.158,3845.64,
mixed,32,3,0.0938,4.0,1024,0,16384,65536,20992,772.704,1926.213,777.125,0.0038
mixed,32,3,0.0938,4.0,1024,512,16384,65536,20992,884.819,2038.02,885.699,0.0008
mixed,32,3,0.0938,4.0,1024,2048,16384,65536,20992,999.491,2154.389,1005.157,0.0049
mixed,32,3,0.0938,4.0,1024,8192,16384,65536,20992,1484.547,2586.234,1486.486,0.0018
mixed,32,3,0.0938,4.0,1024,32768,128,512,164,2842.921,2854.389,2847.29,0.381
mixed,32,3,0.0938,4.0,1024,32768,256,1024,328,2847.189,2868.663,2848.471,0.0597
mixed,32,3,0.0938,4.0,1024,32768,512,2048,656,2866.887,2894.533,2860.329,-0.2372
mixed,32,3,0.0938,4.0,1024,32768,1024,4096,1312,2877.591,2955.304,2879.814,0.0286
mixed,32,3,0.0938,4.0,1024,32768,2048,8192,2624,2909.689,3055.112,2918.341,0.0595
mixed,32,3,0.0938,4.0,1024,32768,4096,16384,5248,2977.942,3250.137,2980.807,0.0105
mixed,32,3,0.0938,4.0,1024,32768,8192,32768,10496,3103.336,3659.976,3106.392,0.0055
mixed,32,3,0.0938,4.0,1024,32768,16384,65536,20992,3365.575,4469.289,3369.606,0.0037
mixed,32,3,0.0938,4.0,4096,0,16384,65536,20992,1224.659,2326.999,1231.349,0.0061
mixed,32,3,0.0938,4.0,4096,512,16384,65536,20992,1426.081,2560.277,1432.03,0.0052
mixed,32,3,0.0938,4.0,4096,2048,16384,65536,20992,1724.663,2862.281,1728.659,0.0035
mixed,32,3,0.0938,4.0,4096,8192,16384,65536,20992,2850.152,3950.599,2849.334,-0.0007
mixed,32,3,0.0938,4.0,4096,32768,128,512,164,6748.447,6764.662,6769.076,1.2723
mixed,32,3,0.0938,4.0,4096,32768,256,1024,328,6764.498,6783.262,6761.3,-0.1704
mixed,32,3,0.0938,4.0,4096,32768,512,2048,656,6778.386,6818.512,6767.793,-0.264
mixed,32,3,0.0938,4.0,4096,32768,1024,4096,1312,6783.842,6856.416,6803.693,0.2735
mixed,32,3,0.0938,4.0,4096,32768,2048,8192,2624,6839.329,6976.64,6827.201,-0.0883
mixed,32,3,0.0938,4.0,4096,32768,4096,16384,5248,6889.958,7165.026,6897.681,0.0281
mixed,32,3,0.0938,4.0,4096,32768,8192,32768,10496,7020.704,7574.14,7022.594,0.0034
mixed,32,3,0.0938,4.0,4096,32768,16384,65536,20992,7281.396,8386.324,7286.002,0.0042
pure,32,4,0.125,4.0,0,0,16384,65536,22528,649.778,1700.914,660.978,0.0107
mixed,32,4,0.125,4.0,16,0,16384,65536,22528,659.233,1713.269,681.074,0.0207
mixed,32,4,0.125,4.0,16,512,16384,65536,22528,661.889,1715.604,670.992,0.0086
mixed,32,4,0.125,4.0,16,2048,16384,65536,22528,663.905,1718.578,671.792,0.0075
mixed,32,4,0.125,4.0,16,8192,16384,65536,22528,968.194,1720.468,967.107,-0.0014
mixed,32,4,0.125,4.0,16,32768,128,512,176,217.807,220.641,220.175,0.8355
mixed,32,4,0.125,4.0,16,32768,256,1024,352,220.623,227.89,219.392,-0.1693
mixed,32,4,0.125,4.0,16,32768,512,2048,704,225.457,280.128,221.824,-0.0665
mixed,32,4,0.125,4.0,16,32768,1024,4096,1408,231.409,284.945,235.041,0.0678
mixed,32,4,0.125,4.0,16,32768,2048,8192,2816,333.568,553.313,280.193,-0.2429
mixed,32,4,0.125,4.0,16,32768,4096,16384,5632,421.424,555.634,449.361,0.2082
mixed,32,4,0.125,4.0,16,32768,8192,32768,11264,449.392,1468.437,437.777,-0.0114
mixed,32,4,0.125,4.0,16,32768,16384,65536,22528,1038.611,2857.303,1017.57,-0.0116
mixed,32,4,0.125,4.0,64,0,16384,65536,22528,670.081,1726.548,804.915,0.1276
mixed,32,4,0.125,4.0,64,512,16384,65536,22528,702.274,1728.692,804.211,0.0993
mixed,32,4,0.125,4.0,64,2048,16384,65536,22528,807.49,1837.317,801.379,-0.0059
mixed,32,4,0.125,4.0,64,8192,16384,65536,22528,937.649,2247.942,912.403,-0.0193
mixed,32,4,0.125,4.0,64,32768,128,512,176,435.539,442.626,435.889,0.0495
mixed,32,4,0.125,4.0,64,32768,256,1024,352,436.26,485.488,427.472,-0.1785
mixed,32,4,0.125,4.0,64,32768,512,2048,704,457.089,478.142,443.234,-0.6581
mixed,32,4,0.125,4.0,64,32768,1024,4096,1408,477.633,534.033,478.32,0.0122
mixed,32,4,0.125,4.0,64,32768,2048,8192,2816,551.617,755.458,588.722,0.182
mixed,32,4,0.125,4.0,64,32768,4096,16384,5632,534.772,749.892,744.817,0.9764
mixed,32,4,0.125,4.0,64,32768,8192,32768,11264,988.738,1818.305,764.836,-0.2699
mixed,32,4,0.125,4.0,64,32768,16384,65536,22528,1284.611,1910.229,1387.428,0.1643
mixed,32,4,0.125,4.0,256,0,16384,65536,22528,977.395,2625.301,2577.575,0.971
mixed,32,4,0.125,4.0,256,512,16384,65536,22528,983.987,2638.869,2590.614,0.9708
mixed,32,4,0.125,4.0,256,2048,16384,65536,22528,994.996,2647.285,2595.223,0.9685
mixed,32,4,0.125,4.0,256,8192,16384,65536,22528,993.491,2644.293,2616.279,0.983
mixed,32,4,0.125,4.0,256,32768,128,512,176,1372.628,1376.132,1374.164,0.4384
mixed,32,4,0.125,4.0,256,32768,256,1024,352,1374.132,1375.7,1373.748,-0.2447
mixed,32,4,0.125,4.0,256,32768,512,2048,704,1374.579,1473.938,1377.794,0.0324
mixed,32,4,0.125,4.0,256,32768,1024,4096,1408,1375.665,1686.147,1375.637,-0.0001
mixed,32,4,0.125,4.0,256,32768,2048,8192,2816,1593.459,1994.325,1532.467,-0.1522
mixed,32,4,0.125,4.0,256,32768,4096,16384,5632,1803.86,2615.62,1691.878,-0.1379
mixed,32,4,0.125,4.0,256,32768,8192,32768,11264,2227.302,2646.342,2613.286,0.9211
mixed,32,4,0.125,4.0,256,32768,16384,65536,22528,3074.758,2648.518,3843.32,
mixed,32,4,0.125,4.0,1024,0,16384,65536,22528,823.252,1923.493,836.226,0.0118
mixed,32,4,0.125,4.0,1024,512,16384,65536,22528,928.629,2041.058,944.962,0.0147
mixed,32,4,0.125,4.0,1024,2048,16384,65536,22528,1048.273,2153.911,1065.429,0.0155
mixed,32,4,0.125,4.0,1024,8192,16384,65536,22528,1534.184,2583.926,1547.86,0.013
mixed,32,4,0.125,4.0,1024,32768,128,512,176,2843.143,2850.003,2835.371,-1.1329
mixed,32,4,0.125,4.0,1024,32768,256,1024,352,2848.819,2868.242,2844.12,-0.2419
mixed,32,4,0.125,4.0,1024,32768,512,2048,704,2868.262,2894.726,2857.157,-0.4196
mixed,32,4,0.125,4.0,1024,32768,1024,4096,1408,2882.215,2950.82,2878.21,-0.0584
mixed,32,4,0.125,4.0,1024,32768,2048,8192,2816,2928.715,3057.355,2926.74,-0.0154
mixed,32,4,0.125,4.0,1024,32768,4096,16384,5632,2991.37,3254.742,2986.92,-0.0169
mixed,32,4,0.125,4.0,1024,32768,8192,32768,11264,3127.48,3659.882,3139.876,0.0233
mixed,32,4,0.125,4.0,1024,32768,16384,65536,22528,3425.238,4474.156,3429.653,0.0042
mixed,32,4,0.125,4.0,4096,0,16384,65536,22528,1272.821,2323.205,1283.077,0.0098
mixed,32,4,0.125,4.0,4096,512,16384,65536,22528,1478.466,2559.207,1484.051,0.0052
mixed,32,4,0.125,4.0,4096,2048,16384,65536,22528,1768.145,2868.854,1786.976,0.0171
mixed,32,4,0.125,4.0,4096,8192,16384,65536,22528,2896.196,3946.679,2912.761,0.0158
mixed,32,4,0.125,4.0,4096,32768,128,512,176,6759.071,6796.124,6763.74,0.126
mixed,32,4,0.125,4.0,4096,32768,256,1024,352,6748.764,6769.856,6750.331,0.0742
mixed,32,4,0.125,4.0,4096,32768,512,2048,704,6782.047,6817.313,6785.281,0.0917
mixed,32,4,0.125,4.0,4096,32768,1024,4096,1408,6799.949,6859.762,6796.644,-0.0553
mixed,32,4,0.125,4.0,4096,32768,2048,8192,2816,6844.275,6964.771,6822.146,-0.1837
mixed,32,4,0.125,4.0,4096,32768,4096,16384,5632,6920.181,7179.456,6902.719,-0.0673
mixed,32,4,0.125,4.0,4096,32768,8192,32768,11264,7050.483,7598.066,7081.682,0.057
mixed,32,4,0.125,4.0,4096,32768,16384,65536,22528,7339.251,8388.74,7338.643,-0.0006
pure,32,8,0.25,4.0,0,0,16384,65536,28672,791.682,1700.883,1062.659,0.298
mixed,32,8,0.25,4.0,16,0,16384,65536,28672,803.345,1713.077,1081.778,0.3061
mixed,32,8,0.25,4.0,16,512,16384,65536,28672,805.89,1715.412,1079.25,0.3006
mixed,32,8,0.25,4.0,16,2048,16384,65536,28672,808.162,1718.661,1082.18,0.301
mixed,32,8,0.25,4.0,16,8192,16384,65536,28672,1123.971,1722.469,1075.059,-0.0817
mixed,32,8,0.25,4.0,16,32768,128,512,224,220.591,218.977,220.113,
mixed,32,8,0.25,4.0,16,32768,256,1024,448,221.616,228.642,222.69,0.1528
mixed,32,8,0.25,4.0,16,32768,512,2048,896,227.904,279.264,229.505,0.0312
mixed,32,8,0.25,4.0,16,32768,1024,4096,1792,260.529,283.953,238.528,-0.9392
mixed,32,8,0.25,4.0,16,32768,2048,8192,3584,272.545,550.641,272.817,0.001
mixed,32,8,0.25,4.0,16,32768,4096,16384,7168,498.624,561.203,456.465,-0.6737
mixed,32,8,0.25,4.0,16,32768,8192,32768,14336,504.481,1466.483,511.393,0.0072
mixed,32,8,0.25,4.0,16,32768,16384,65536,28672,1297.956,2860.038,839.745,-0.2933
mixed,32,8,0.25,4.0,64,0,16384,65536,28672,814.146,1723.638,1073.139,0.2848
mixed,32,8,0.25,4.0,64,512,16384,65536,28672,850.355,1734.677,1070.02,0.2484
mixed,32,8,0.25,4.0,64,2048,16384,65536,28672,956.898,1846.035,1066.978,0.1238
mixed,32,8,0.25,4.0,64,8192,16384,65536,28672,1289.332,2235.893,830.065,-0.4852
mixed,32,8,0.25,4.0,64,32768,128,512,224,435.394,443.059,435.137,-0.0335
mixed,32,8,0.25,4.0,64,32768,256,1024,448,437.138,485.168,427.443,-0.2019
mixed,32,8,0.25,4.0,64,32768,512,2048,896,472.448,479.044,482.318,1.4966
mixed,32,8,0.25,4.0,64,32768,1024,4096,1792,478.995,533.123,479.25,0.0047
mixed,32,8,0.25,4.0,64,32768,2048,8192,3584,666.482,754.001,592.851,-0.8413
mixed,32,8,0.25,4.0,64,32768,4096,16384,7168,683.649,751.827,747.634,0.9385
mixed,32,8,0.25,4.0,64,32768,8192,32768,14336,749.603,1827.541,739.17,-0.0097
mixed,32,8,0.25,4.0,64,32768,16384,65536,28672,1609.302,1940.628,1434.436,-0.5278
mixed,32,8,0.25,4.0,256,0,16384,65536,28672,1212.675,2624.278,2587.939,0.9743
mixed,32,8,0.25,4.0,256,512,16384,65536,28672,1225.188,2648.47,2588.102,0.9576
mixed,32,8,0.25,4.0,256,2048,16384,65536,28672,1223.395,2641.974,2598.373,0.9693
mixed,32,8,0.25,4.0,256,8192,16384,65536,28672,1229.059,2653.464,2601.509,0.9635
mixed,32,8,0.25,4.0,256,32768,128,512,224,1373.442,1374.85,1373.571,0.0913
mixed,32,8,0.25,4.0,256,32768,256,1024,448,1379.891,1374.707,1375.14,
mixed,32,8,0.25,4.0,256,32768,512,2048,896,1377.17,1471.955,1375.78,-0.0147
mixed,32,8,0.25,4.0,256,32768,1024,4096,1792,1375.285,1691.236,1376.82,0.0049
mixed,32,8,0.25,4.0,256,32768,2048,8192,3584,1650.53,1997.605,1537.731,-0.325
mixed,32,8,0.25,4.0,256,32768,4096,16384,7168,1919.156,2612.534,2605.764,0.9902
mixed,32,8,0.25,4.0,256,32768,8192,32768,14336,2455.749,2638.903,2614.582,0.8672
mixed,32,8,0.25,4.0,256,32768,16384,65536,28672,2489.493,2645.559,3846.378,8.6943
mixed,32,8,0.25,4.0,1024,0,16384,65536,28672,972.768,1927.398,1229.841,0.2693
mixed,32,8,0.25,4.0,1024,512,16384,65536,28672,1082.288,2038.776,1339.557,0.269
mixed,32,8,0.25,4.0,1024,2048,16384,65536,28672,1201.122,2147.104,1457.253,0.2708
mixed,32,8,0.25,4.0,1024,8192,16384,65536,28672,1673.075,2580.825,1941.844,0.2961
mixed,32,8,0.25,4.0,1024,32768,128,512,224,2841.475,2854.198,2838.131,-0.2628
mixed,32,8,0.25,4.0,1024,32768,256,1024,448,2854.723,2864.983,2849.927,-0.4674
mixed,32,8,0.25,4.0,1024,32768,512,2048,896,2865.767,2898.227,2885.447,0.6063
mixed,32,8,0.25,4.0,1024,32768,1024,4096,1792,2894.52,2949.128,2918.869,0.4459
mixed,32,8,0.25,4.0,1024,32768,2048,8192,3584,2938.902,3052.742,2976.953,0.3342
mixed,32,8,0.25,4.0,1024,32768,4096,16384,7168,3021.139,3254.6,3097.175,0.3257
mixed,32,8,0.25,4.0,1024,32768,8192,32768,14336,3197.624,3661.26,3338.714,0.3043
mixed,32,8,0.25,4.0,1024,32768,16384,65536,28672,3559.966,4471.483,3814.249,0.279
mixed,32,8,0.25,4.0,4096,0,16384,65536,28672,1413.444,2330.678,1680.101,0.2907
mixed,32,8,0.25,4.0,4096,512,16384,65536,28672,1620.068,2559.099,1883.049,0.2801
mixed,32,8,0.25,4.0,4096,2048,16384,65536,28672,1922.727,2869.078,2182.982,0.275
mixed,32,8,0.25,4.0,4096,8192,16384,65536,28672,3038.873,3950.717,3304.458,0.2913
mixed,32,8,0.25,4.0,4096,32768,128,512,224,6756.097,6769.793,6752.227,-0.2826
mixed,32,8,0.25,4.0,4096,32768,256,1024,448,6754.703,6782.431,6764.914,0.3682
mixed,32,8,0.25,4.0,4096,32768,512,2048,896,6773.36,6809.283,6788.421,0.4193
mixed,32,8,0.25,4.0,4096,32768,1024,4096,1792,6811.136,6880.707,6821.037,0.1423
mixed,32,8,0.25,4.0,4096,32768,2048,8192,3584,6836.398,6952.013,6888.452,0.4502
mixed,32,8,0.25,4.0,4096,32768,4096,16384,7168,6962.594,7170.226,7024.882,0.3
mixed,32,8,0.25,4.0,4096,32768,8192,32768,14336,7116.097,7583.122,7264.323,0.3174
mixed,32,8,0.25,4.0,4096,32768,16384,65536,28672,7470.323,8383.874,7750.703,0.3069
pure,32,16,0.5,4.0,0,0,16384,65536,40960,1095.794,1706.373,1122.066,0.043
mixed,32,16,0.5,4.0,16,0,16384,65536,40960,1106.642,1712.388,1144.517,0.0625
mixed,32,16,0.5,4.0,16,512,16384,65536,40960,1112.626,1717.075,1134.819,0.0367
mixed,32,16,0.5,4.0,16,2048,16384,65536,40960,1111.122,1713.492,1131.907,0.0345
mixed,32,16,0.5,4.0,16,8192,16384,65536,40960,1115.268,1721.779,1138.755,0.0387
mixed,32,16,0.5,4.0,16,32768,128,512,320,220.272,218.767,220.127,
mixed,32,16,0.5,4.0,16,32768,256,1024,640,225.392,228.065,225.618,0.0844
mixed,32,16,0.5,4.0,16,32768,512,2048,1280,232.897,279.121,234.083,0.0256
mixed,32,16,0.5,4.0,16,32768,1024,4096,2560,318.705,283.409,279.808,
mixed,32,16,0.5,4.0,16,32768,2048,8192,5120,397.056,552.545,438.129,0.2642
mixed,32,16,0.5,4.0,16,32768,4096,16384,10240,407.089,552.099,472.019,0.4478
mixed,32,16,0.5,4.0,16,32768,8192,32768,20480,951.794,1468.436,670.739,-0.544
mixed,32,16,0.5,4.0,16,32768,16384,65536,40960,1814.914,2859.894,1531.253,-0.2715
mixed,32,16,0.5,4.0,64,0,16384,65536,40960,1116.61,1726.052,1150.196,0.0551
mixed,32,16,0.5,4.0,64,512,16384,65536,40960,1152.837,1744.692,1141.073,-0.0199
mixed,32,16,0.5,4.0,64,2048,16384,65536,40960,1247.634,1847.3,1131.875,-0.193
mixed,32,16,0.5,4.0,64,8192,16384,65536,40960,1660.292,2249.892,1490.66,-0.2877
mixed,32,16,0.5,4.0,64,32768,128,512,320,436.145,442.674,436.337,0.0293
mixed,32,16,0.5,4.0,64,32768,256,1024,640,452.561,484.113,456.147,0.1137
mixed,32,16,0.5,4.0,64,32768,512,2048,1280,476.785,479.681,476.21,-0.1989
mixed,32,16,0.5,4.0,64,32768,1024,4096,2560,508.847,533.201,473.01,-1.4716
mixed,32,16,0.5,4.0,64,32768,2048,8192,5120,533.505,754.048,591.585,0.2633
mixed,32,16,0.5,4.0,64,32768,4096,16384,10240,913.168,748.625,853.89,
mixed,32,16,0.5,4.0,64,32768,8192,32768,20480,1187.14,1810.708,1391.476,0.3277
mixed,32,16,0.5,4.0,64,32768,16384,65536,40960,2051.381,1901.156,1653.459,
mixed,32,16,0.5,4.0,256,0,16384,65536,40960,1683.51,2622.789,2594.568,0.97
mixed,32,16,0.5,4.0,256,512,16384,65536,40960,1699.956,2640.294,2605.589,0.9631
mixed,32,16,0.5,4.0,256,2048,16384,65536,40960,1702.34,2657.766,2625.416,0.9661
mixed,32,16,0.5,4.0,256,8192,16384,65536,40960,1709.285,2665.447,2615.542,0.9478
mixed,32,16,0.5,4.0,256,32768,128,512,320,1374.245,1375.444,1373.074,-0.9775
mixed,32,16,0.5,4.0,256,32768,256,1024,640,1384.227,1375.971,1375.316,
mixed,32,16,0.5,4.0,256,32768,512,2048,1280,1379.811,1475.251,1383.428,0.0379
mixed,32,16,0.5,4.0,256,32768,1024,4096,2560,1571.444,1687.909,1457.059,-0.9821
mixed,32,16,0.5,4.0,256,32768,2048,8192,5120,1764.531,1995.206,1995.075,0.9994
mixed,32,16,0.5,4.0,256,32768,4096,16384,10240,2150.791,2611.751,2611.156,0.9987
mixed,32,16,0.5,4.0,256,32768,8192,32768,20480,2918.454,2649.126,2621.175,
mixed,32,16,0.5,4.0,256,32768,16384,65536,40960,2957.639,2636.47,3857.351,
mixed,32,16,0.5,4.0,1024,0,16384,65536,40960,1292.581,1931.188,1310.595,0.0282
mixed,32,16,0.5,4.0,1024,512,16384,65536,40960,1402.948,2046.663,1428.98,0.0404
mixed,32,16,0.5,4.0,1024,2048,16384,65536,40960,1518.209,2152.727,1534.068,0.025
mixed,32,16,0.5,4.0,1024,8192,16384,65536,40960,1979.618,2587.221,2008.728,0.0479
mixed,32,16,0.5,4.0,1024,32768,128,512,320,2852.775,2849.543,2850.599,
mixed,32,16,0.5,4.0,1024,32768,256,1024,640,2858.92,2871.866,2857.53,-0.1074
mixed,32,16,0.5,4.0,1024,32768,512,2048,1280,2877.573,2903.109,2876.003,-0.0615
mixed,32,16,0.5,4.0,1024,32768,1024,4096,2560,2905.91,2946.806,2916.76,0.2653
mixed,32,16,0.5,4.0,1024,32768,2048,8192,5120,2976.746,3049.588,2977.225,0.0066
mixed,32,16,0.5,4.0,1024,32768,4096,16384,10240,3102.823,3258.983,3105.146,0.0149
mixed,32,16,0.5,4.0,1024,32768,8192,32768,20480,3357.576,3658.906,3368.12,0.035
mixed,32,16,0.5,4.0,1024,32768,16384,65536,40960,3858.072,4469.415,3908.009,0.0817
mixed,32,16,0.5,4.0,4096,0,16384,65536,40960,1719.99,2328.021,1750.132,0.0496
mixed,32,16,0.5,4.0,4096,512,16384,65536,40960,1926.361,2558.582,1954.116,0.0439
mixed,32,16,0.5,4.0,4096,2048,16384,65536,40960,2236.182,2867.35,2262.836,0.0422
mixed,32,16,0.5,4.0,4096,8192,16384,65536,40960,3340.278,3951.349,3373.43,0.0543
mixed,32,16,0.5,4.0,4096,32768,128,512,320,6776.32,6762.16,6759.441,
mixed,32,16,0.5,4.0,4096,32768,256,1024,640,6792.206,6779.553,6757.725,
mixed,32,16,0.5,4.0,4096,32768,512,2048,1280,6785.549,6807.695,6788.575,0.1367
mixed,32,16,0.5,4.0,4096,32768,1024,4096,2560,6824.37,6861.302,6844.593,0.5476
mixed,32,16,0.5,4.0,4096,32768,2048,8192,5120,6913.439,6983.058,6894.547,-0.2714
mixed,32,16,0.5,4.0,4096,32768,4096,16384,10240,7053.918,7181.777,7040.628,-0.1039
mixed,32,16,0.5,4.0,4096,32768,8192,32768,20480,7299.522,7595.871,7308.899,0.0316
mixed,32,16,0.5,4.0,4096,32768,16384,65536,40960,7799.122,8392.836,7812.707,0.0229
pure,32,24,0.75,4.0,0,0,16384,65536,53248,1401.986,1701.827,1614.005,0.7071
mixed,32,24,0.75,4.0,16,0,16384,65536,53248,1409.476,1715.941,1642.755,0.7612
mixed,32,24,0.75,4.0,16,512,16384,65536,53248,1415.668,1715.54,1647.747,0.7739
mixed,32,24,0.75,4.0,16,2048,16384,65536,53248,1410.965,1715.652,1652.722,0.7935
mixed,32,24,0.75,4.0,16,8192,16384,65536,53248,1415.54,1727.749,1645.558,0.7367
mixed,32,24,0.75,4.0,16,32768,128,512,416,220.659,220.35,221.475,
mixed,32,24,0.75,4.0,16,32768,256,1024,832,226.96,228.688,226.11,-0.4919
mixed,32,24,0.75,4.0,16,32768,512,2048,1664,253.088,278.29,234.8,-0.7257
mixed,32,24,0.75,4.0,16,32768,1024,4096,3328,267.09,284.975,327.359,3.3698
mixed,32,24,0.75,4.0,16,32768,2048,8192,6656,473.426,554.785,323.105,-1.8476
mixed,32,24,0.75,4.0,16,32768,4096,16384,13312,482.305,555.969,762.675,3.8061
mixed,32,24,0.75,4.0,16,32768,8192,32768,26624,1209.172,1469.763,798.896,-1.5744
mixed,32,24,0.75,4.0,16,32768,16384,65536,53248,2181.398,2858.102,1943.141,-0.3521
mixed,32,24,0.75,4.0,64,0,16384,65536,53248,1424.228,1721.14,1645.651,0.7458
mixed,32,24,0.75,4.0,64,512,16384,65536,53248,1432.596,1737.975,1699.686,0.8746
mixed,32,24,0.75,4.0,64,2048,16384,65536,53248,1540.226,1847.732,1813.765,0.8895
mixed,32,24,0.75,4.0,64,8192,16384,65536,53248,1948.084,2242.613,1949.588,0.0051
mixed,32,24,0.75,4.0,64,32768,128,512,416,431.729,446.528,437.28,0.3751
mixed,32,24,0.75,4.0,64,32768,256,1024,832,470.993,485.15,483.68,0.8961
mixed,32,24,0.75,4.0,64,32768,512,2048,1664,477.039,478.995,479.68,1.3506
mixed,32,24,0.75,4.0,64,32768,1024,4096,3328,627.058,532.961,739.572,
mixed,32,24,0.75,4.0,64,32768,2048,8192,6656,641.058,759.715,756.579,0.9736
mixed,32,24,0.75,4.0,64,32768,4096,16384,13312,1136.035,749.363,964.978,
mixed,32,24,0.75,4.0,64,32768,8192,32768,26624,1506.965,1813.3,981.812,-1.7143
mixed,32,24,0.75,4.0,64,32768,16384,65536,53248,1594.406,1931.202,2676.055,3.2116
mixed,32,24,0.75,4.0,256,0,16384,65536,53248,2158.357,2637.208,2614.599,0.9528
mixed,32,24,0.75,4.0,256,512,16384,65536,53248,2161.765,2640.421,2624.884,0.9675
mixed,32,24,0.75,4.0,256,2048,16384,65536,53248,2177.412,2637.175,2633.976,0.993
mixed,32,24,0.75,4.0,256,8192,16384,65536,53248,2183.557,2655.432,2628.902,0.9438
mixed,32,24,0.75,4.0,256,32768,128,512,416,1373.891,1374.068,1376.26,13.3814
mixed,32,24,0.75,4.0,256,32768,256,1024,832,1375.874,1375.073,1375.506,
mixed,32,24,0.75,4.0,256,32768,512,2048,1664,1380.498,1473.875,1377.729,-0.0297
mixed,32,24,0.75,4.0,256,32768,1024,4096,3328,1632.647,1689.03,1685.284,0.9336
mixed,32,24,0.75,4.0,256,32768,2048,8192,6656,1881.38,1998.102,1997.414,0.9941
mixed,32,24,0.75,4.0,256,32768,4096,16384,13312,2387.461,2615.06,2619.829,1.021
mixed,32,24,0.75,4.0,256,32768,8192,32768,26624,2408.328,2643.238,2632.086,0.9525
mixed,32,24,0.75,4.0,256,32768,16384,65536,53248,3432.504,2645.094,3876.811,
mixed,32,24,0.75,4.0,1024,0,16384,65536,53248,1610.387,1926.117,1825.476,0.6812
mixed,32,24,0.75,4.0,1024,512,16384,65536,53248,1716.451,2036.323,1928.289,0.6623
mixed,32,24,0.75,4.0,1024,2048,16384,65536,53248,1831.716,2148.803,2050.581,0.6902
mixed,32,24,0.75,4.0,1024,8192,16384,65536,53248,2287.381,2584.73,2499.109,0.7121
mixed,32,24,0.75,4.0,1024,32768,128,512,416,2849.718,2855.72,2863.72,2.3332
mixed,32,24,0.75,4.0,1024,32768,256,1024,832,2869.081,2866.855,2877.844,
mixed,32,24,0.75,4.0,1024,32768,512,2048,1664,2903.703,2891.784,2907.208,
mixed,32,24,0.75,4.0,1024,32768,1024,4096,3328,2931.174,2948.504,2955.494,1.4033
mixed,32,24,0.75,4.0,1024,32768,2048,8192,6656,3027.383,3052.517,3061.625,1.3624
mixed,32,24,0.75,4.0,1024,32768,4096,16384,13312,3180.521,3252.872,3244.248,0.8808
mixed,32,24,0.75,4.0,1024,32768,8192,32768,26624,3505.419,3656.503,3614.506,0.722
mixed,32,24,0.75,4.0,1024,32768,16384,65536,53248,4168.919,4472.538,4378.279,0.6895
mixed,32,24,0.75,4.0,4096,0,16384,65536,53248,2025.317,2325.927,2238.628,0.7096
mixed,32,24,0.75,4.0,4096,512,16384,65536,53248,2242.244,2556.358,2456.052,0.6807
mixed,32,24,0.75,4.0,4096,2048,16384,65536,53248,2550.803,2864.139,2762.005,0.674
mixed,32,24,0.75,4.0,4096,8192,16384,65536,53248,3649.686,3956.344,3860.634,0.6879
mixed,32,24,0.75,4.0,4096,32768,128,512,416,6763.104,6770.24,6775.072,1.6771
mixed,32,24,0.75,4.0,4096,32768,256,1024,832,6799.841,6785.648,6791.156,
mixed,32,24,0.75,4.0,4096,32768,512,2048,1664,6794.05,6818.062,6831.055,1.5411
mixed,32,24,0.75,4.0,4096,32768,1024,4096,3328,6841.267,6855.376,6872.553,2.2176
mixed,32,24,0.75,4.0,4096,32768,2048,8192,6656,6933.278,6959.714,6974.885,1.5739
mixed,32,24,0.75,4.0,4096,32768,4096,16384,13312,7108.148,7192.068,7162.992,0.6535
mixed,32,24,0.75,4.0,4096,32768,8192,32768,26624,7436.962,7597.234,7529.494,0.5773
mixed,32,24,0.75,4.0,4096,32768,16384,65536,53248,8087.829,8385.72,8287.576,0.6705
pure,32,29,0.9062,4.0,0,0,16384,65536,60928,1587.878,1701.733,2374.71,6.9108
mixed,32,29,0.9062,4.0,16,0,16384,65536,60928,1600.581,1716.006,2388.518,6.8264
mixed,32,29,0.9062,4.0,16,512,16384,65536,60928,1601.267,1718.418,2388.006,6.7156
mixed,32,29,0.9062,4.0,16,2048,16384,65536,60928,1597.97,1714.324,2383.35,6.7499
mixed,32,29,0.9062,4.0,16,8192,16384,65536,60928,1603.012,1721.7,1598.498,-0.038
mixed,32,29,0.9062,4.0,16,32768,128,512,476,222.483,219.634,221.938,
mixed,32,29,0.9062,4.0,16,32768,256,1024,952,228.897,227.424,227.392,
mixed,32,29,0.9062,4.0,16,32768,512,2048,1904,264.962,278.32,278.112,0.9844
mixed,32,29,0.9062,4.0,16,32768,1024,4096,3808,275.841,283.458,274.015,-0.2397
mixed,32,29,0.9062,4.0,16,32768,2048,8192,7616,521.761,554.77,500.945,-0.6306
mixed,32,29,0.9062,4.0,16,32768,4096,16384,15232,530.545,553.443,771.122,10.5065
mixed,32,29,0.9062,4.0,16,32768,8192,32768,30464,1368.131,1470.626,1462.74,0.9231
mixed,32,29,0.9062,4.0,16,32768,16384,65536,60928,2667.352,2864.374,1608.037,-5.3766
mixed,32,29,0.9062,4.0,64,0,16384,65536,60928,1611.619,1726.165,2390.294,6.7979
mixed,32,29,0.9062,4.0,64,512,16384,65536,60928,1622.996,1732.58,2385.814,6.9611
mixed,32,29,0.9062,4.0,64,2048,16384,65536,60928,1718.29,1847.893,1738.229,0.1539
mixed,32,29,0.9062,4.0,64,8192,16384,65536,60928,2137.877,2251.734,2191.812,0.4737
mixed,32,29,0.9062,4.0,64,32768,128,512,476,437.344,442.786,443.728,1.1731
mixed,32,29,0.9062,4.0,64,32768,256,1024,952,473.25,483.263,483.89,1.0626
mixed,32,29,0.9062,4.0,64,32768,512,2048,1904,478.832,478.529,480.114,
mixed,32,29,0.9062,4.0,64,32768,1024,4096,3808,694.001,533.823,743.571,
mixed,32,29,0.9062,4.0,64,32768,2048,8192,7616,712.914,757.009,756.339,0.9848
mixed,32,29,0.9062,4.0,64,32768,4096,16384,15232,751.843,749.73,747.443,
mixed,32,29,0.9062,4.0,64,32768,8192,32768,30464,1684.052,1812.935,1823.173,1.0794
mixed,32,29,0.9062,4.0,64,32768,16384,65536,60928,1779.092,1914.293,2682.245,6.6801
mixed,32,29,0.9062,4.0,256,0,16384,65536,60928,2460.182,2628.086,2611.463,0.901
mixed,32,29,0.9062,4.0,256,512,16384,65536,60928,2464.167,2646.712,2637.494,0.9495
mixed,32,29,0.9062,4.0,256,2048,16384,65536,60928,2482.76,2655.43,2634.889,0.881
mixed,32,29,0.9062,4.0,256,8192,16384,65536,60928,2485.304,2654.775,2645.896,0.9476
mixed,32,29,0.9062,4.0,256,32768,128,512,476,1374.691,1375.397,1374.149,-0.7682
mixed,32,29,0.9062,4.0,256,32768,256,1024,952,1375.747,1380.947,1373.414,-0.4486
mixed,32,29,0.9062,4.0,256,32768,512,2048,1904,1375.715,1469.763,1463.861,0.9372
mixed,32,29,0.9062,4.0,256,32768,1024,4096,3808,1662.772,1686.933,1689.766,1.1173
mixed,32,29,0.9062,4.0,256,32768,2048,8192,7616,1952.101,1999.781,1997.175,0.9453
mixed,32,29,0.9062,4.0,256,32768,4096,16384,15232,2525.559,2612.505,2612.582,1.0009
mixed,32,29,0.9062,4.0,256,32768,8192,32768,30464,2552.967,2644.135,2633.817,0.8868
mixed,32,29,0.9062,4.0,256,32768,16384,65536,60928,2605.991,2642.166,2639.558,0.9279
mixed,32,29,0.9062,4.0,1024,0,16384,65536,60928,1802.674,1931.671,2582.148,6.0426
mixed,32,29,0.9062,4.0,1024,512,16384,65536,60928,1916.503,2037.11,2692.726,6.436
mixed,32,29,0.9062,4.0,1024,2048,16384,65536,60928,2028.566,2149.258,2810.934,6.4824
mixed,32,29,0.9062,4.0,1024,8192,16384,65536,60928,2469.03,2583.667,3257.64,6.8792
mixed,32,29,0.9062,4.0,1024,32768,128,512,476,2849.289,2856.453,2851.351,0.2879
mixed,32,29,0.9062,4.0,1024,32768,256,1024,952,2870.761,2871.337,2868.42,-4.0563
mixed,32,29,0.9062,4.0,1024,32768,512,2048,1904,2890.47,2892.555,2889.657,-0.39
mixed,32,29,0.9062,4.0,1024,32768,1024,4096,3808,2946.103,2950.422,2939.911,-1.4333
mixed,32,29,0.9062,4.0,1024,32768,2048,8192,7616,3036.215,3044.841,3137.575,11.7499
mixed,32,29,0.9062,4.0,1024,32768,4096,16384,15232,3223.98,3260.681,3428.23,5.5653
mixed,32,29,0.9062,4.0,1024,32768,8192,32768,30464,3604.956,3662.278,3996.856,6.8368
mixed,32,29,0.9062,4.0,1024,32768,16384,65536,60928,4357.565,4463.564,5146.651,7.4443
mixed,32,29,0.9062,4.0,4096,0,16384,65536,60928,2209.365,2329.288,2994.375,6.546
mixed,32,29,0.9062,4.0,4096,512,16384,65536,60928,2437.126,2558.406,3216.23,6.424
mixed,32,29,0.9062,4.0,4096,2048,16384,65536,60928,2750.101,2862.47,3525.794,6.9031
mixed,32,29,0.9062,4.0,4096,8192,16384,65536,60928,3836.137,3948.123,4622.141,7.0187
mixed,32,29,0.9062,4.0,4096,32768,128,512,476,6756.562,6763.556,6767.874,1.6174
mixed,32,29,0.9062,4.0,4096,32768,256,1024,952,6783.245,6785.511,6783.376,0.058
mixed,32,29,0.9062,4.0,4096,32768,512,2048,1904,6829.713,6829.204,6800.561,
mixed,32,29,0.9062,4.0,4096,32768,1024,4096,3808,6850.531,6858.937,6858.524,0.9509
mixed,32,29,0.9062,4.0,4096,32768,2048,8192,7616,6957.49,6969.492,7046.658,7.4297
mixed,32,29,0.9062,4.0,4096,32768,4096,16384,15232,7136.276,7161.48,7323.198,7.4164
mixed,32,29,0.9062,4.0,4096,32768,8192,32768,30464,7505.602,7562.293,7898.39,6.9285
mixed,32,29,0.9062,4.0,4096,32768,16384,65536,60928,8278.165,8379.397,9062.708,7.75
pure,64,1,0.0156,4.0,0,0,16384,65536,17152,943.091,3328.728,1518.371,0.2411
mixed,64,1,0.0156,4.0,16,0,16384,65536,17152,953.185,3339.016,1531.06,0.2422
mixed,64,1,0.0156,4.0,16,512,16384,65536,17152,954.979,3337.927,1530.58,0.2415
mixed,64,1,0.0156,4.0,16,2048,16384,65536,17152,956.484,3346.202,1524.707,0.2378
mixed,64,1,0.0156,4.0,16,8192,16384,65536,17152,957.586,3342.873,1522.035,0.2366
mixed,64,1,0.0156,4.0,16,32768,128,512,134,221.65,230.849,223.072,0.1546
mixed,64,1,0.0156,4.0,16,32768,256,1024,268,224.479,277.073,224.369,-0.0021
mixed,64,1,0.0156,4.0,16,32768,512,2048,536,232.464,285.491,236.785,0.0815
mixed,64,1,0.0156,4.0,16,32768,1024,4096,1072,277.697,456.896,277.215,-0.0027
mixed,64,1,0.0156,4.0,16,32768,2048,8192,2144,291.184,791.314,289.394,-0.0036
mixed,64,1,0.0156,4.0,16,32768,4096,16384,4288,470.944,1477.987,463.875,-0.007
mixed,64,1,0.0156,4.0,16,32768,8192,32768,8576,824.976,2873.959,795.808,-0.0142
mixed,64,1,0.0156,4.0,16,32768,16384,65536,17152,1535.043,3356.439,1481.156,-0.0296
mixed,64,1,0.0156,4.0,64,0,16384,65536,17152,965.474,3346.438,1535.715,0.2395
mixed,64,1,0.0156,4.0,64,512,16384,65536,17152,992.337,3341.398,1528.467,0.2282
mixed,64,1,0.0156,4.0,64,2048,16384,65536,17152,1099.697,3416.07,1514.851,0.1792
mixed,64,1,0.0156,4.0,64,8192,16384,65536,17152,1506.659,3836.119,1465.475,-0.0177
mixed,64,1,0.0156,4.0,64,32768,128,512,134,438.224,480.577,434.529,-0.0872
mixed,64,1,0.0156,4.0,64,32768,256,1024,268,467.183,478.578,467.761,0.0507
mixed,64,1,0.0156,4.0,64,32768,512,2048,536,479.648,537.489,481.313,0.0288
mixed,64,1,0.0156,4.0,64,32768,1024,4096,1072,476.386,755.217,475.681,-0.0025
mixed,64,1,0.0156,4.0,64,32768,2048,8192,2144,537.456,755.601,537.09,-0.0017
mixed,64,1,0.0156,4.0,64,32768,4096,16384,4288,785.299,1446.531,756.786,-0.0431
mixed,64,1,0.0156,4.0,64,32768,8192,32768,8576,785.827,2697.013,767.363,-0.0097
mixed,64,1,0.0156,4.0,64,32768,16384,65536,17152,1489.442,5429.915,1451.795,-0.0096
mixed,64,1,0.0156,4.0,256,0,16384,65536,17152,1005.633,3393.669,2803.574,0.7529
mixed,64,1,0.0156,4.0,256,512,16384,65536,17152,1025.987,3382.824,2742.166,0.7282
mixed,64,1,0.0156,4.0,256,2048,16384,65536,17152,1108.274,3481.302,2718.453,0.6785
mixed,64,1,0.0156,4.0,256,8192,16384,65536,17152,1455.779,3835.223,2622.038,0.4901
mixed,64,1,0.0156,4.0,256,32768,128,512,134,1379.507,1380.545,1379.7,0.1851
mixed,64,1,0.0156,4.0,256,32768,256,1024,268,1379.841,1460.707,1382.531,0.0333
mixed,64,1,0.0156,4.0,256,32768,512,2048,536,1381.315,1546.53,1381.284,-0.0002
mixed,64,1,0.0156,4.0,256,32768,1024,4096,1072,1462.978,1704.45,1464.499,0.0063
mixed,64,1,0.0156,4.0,256,32768,2048,8192,2144,1550.595,2014.787,1545.155,-0.0117
mixed,64,1,0.0156,4.0,256,32768,4096,16384,4288,1717.059,2645.365,1705.619,-0.0123
mixed,64,1,0.0156,4.0,256,32768,8192,32768,8576,2048.084,2653.878,2017.668,-0.0502
mixed,64,1,0.0156,4.0,256,32768,16384,65536,17152,2695.781,5130.506,2648.659,-0.0194
mixed,64,1,0.0156,4.0,1024,0,16384,65536,17152,1129.395,3556.389,1700.307,0.2352
mixed,64,1,0.0156,4.0,1024,512,16384,65536,17152,1238.591,3671.335,1807.076,0.2337
mixed,64,1,0.0156,4.0,1024,2048,16384,65536,17152,1357.411,3782.918,1930.615,0.2363
mixed,64,1,0.0156,4.0,1024,8192,16384,65536,17152,1821.332,4201.353,2396.66,0.2417
mixed,64,1,0.0156,4.0,1024,32768,128,512,134,2847.288,2875.416,2845.509,-0.0632
mixed,64,1,0.0156,4.0,1024,32768,256,1024,268,2860.469,2907.286,2856.771,-0.079
mixed,64,1,0.0156,4.0,1024,32768,512,2048,536,2874.468,2953.747,2900.372,0.3267
mixed,64,1,0.0156,4.0,1024,32768,1024,4096,1072,2910.052,3061.734,2937.991,0.1842
mixed,64,1,0.0156,4.0,1024,32768,2048,8192,2144,2967.011,3267.014,3042.816,0.2527
mixed,64,1,0.0156,4.0,1024,32768,4096,16384,4288,3084.835,3670.68,3214.55,0.2214
mixed,64,1,0.0156,4.0,1024,32768,8192,32768,8576,3294.984,4479.48,3566.775,0.2295
mixed,64,1,0.0156,4.0,1024,32768,16384,65536,17152,3701.574,6096.364,4283.302,0.2429
mixed,64,1,0.0156,4.0,4096,0,16384,65536,17152,1565.091,3945.126,2135.54,0.2397
mixed,64,1,0.0156,4.0,4096,512,16384,65536,17152,1765.876,4182.457,2340.932,0.238
mixed,64,1,0.0156,4.0,4096,2048,16384,65536,17152,2076.595,4489.13,2642.934,0.2347
mixed,64,1,0.0156,4.0,4096,8192,16384,65536,17152,3182.117,5572.567,3760.294,0.2419
mixed,64,1,0.0156,4.0,4096,32768,128,512,134,6767.77,6786.957,6754.238,-0.7052
mixed,64,1,0.0156,4.0,4096,32768,256,1024,268,6761.549,6816.109,6780.818,0.3532
mixed,64,1,0.0156,4.0,4096,32768,512,2048,536,6789.746,6861.728,6794.561,0.0669
mixed,64,1,0.0156,4.0,4096,32768,1024,4096,1072,6819.615,6975.502,6835.73,0.1034
mixed,64,1,0.0156,4.0,4096,32768,2048,8192,2144,6870.178,7180.131,6946.132,0.245
mixed,64,1,0.0156,4.0,4096,32768,4096,16384,4288,7008.578,7592.24,7130.755,0.2093
mixed,64,1,0.0156,4.0,4096,32768,8192,32768,8576,7230.595,8404.051,7473.251,0.2068
mixed,64,1,0.0156,4.0,4096,32768,16384,65536,17152,7619.572,10008.937,8210.851,0.2475
pure,64,2,0.0312,4.0,0,0,16384,65536,17920,977.315,3328.568,1529.077,0.2347
mixed,64,2,0.0312,4.0,16,0,16384,65536,17920,989.57,3340.874,1540.197,0.2342
mixed,64,2,0.0312,4.0,16,512,16384,65536,17920,993.763,3342.441,1535.86,0.2308
mixed,64,2,0.0312,4.0,16,2048,16384,65536,17920,994.163,3342.153,1531.555,0.2289
mixed,64,2,0.0312,4.0,16,8192,16384,65536,17920,994.996,3340.138,1517.394,0.2228
mixed,64,2,0.0312,4.0,16,32768,128,512,140,222.174,232.656,224.081,0.1819
mixed,64,2,0.0312,4.0,16,32768,256,1024,280,225.968,275.218,223.041,-0.0594
mixed,64,2,0.0312,4.0,16,32768,512,2048,560,233.969,288.304,236.195,0.041
mixed,64,2,0.0312,4.0,16,32768,1024,4096,1120,286.752,461.522,277.81,-0.0512
mixed,64,2,0.0312,4.0,16,32768,2048,8192,2240,297.521,791.761,298.177,0.0013
mixed,64,2,0.0312,4.0,16,32768,4096,16384,4480,485.186,1478.389,460.64,-0.0247
mixed,64,2,0.0312,4.0,16,32768,8192,32768,8960,855.345,2873.4,795.217,-0.0298
mixed,64,2,0.0312,4.0,16,32768,16384,65536,17920,1566.02,3352.28,1484.34,-0.0457
mixed,64,2,0.0312,4.0,64,0,16384,65536,17920,1000.61,3349.466,1545.97,0.2322
mixed,64,2,0.0312,4.0,64,512,16384,65536,17920,1031.731,3362.024,1543.364,0.2196
mixed,64,2,0.0312,4.0,64,2048,16384,65536,17920,1131.491,3415.324,1527.365,0.1733
mixed,64,2,0.0312,4.0,64,8192,16384,65536,17920,1543.955,3865.241,1467.491,-0.0329
mixed,64,2,0.0312,4.0,64,32768,128,512,140,437.794,479.314,432.849,-0.1191
mixed,64,2,0.0312,4.0,64,32768,256,1024,280,467.169,477.923,468.273,0.1026
mixed,64,2,0.0312,4.0,64,32768,512,2048,560,480.305,536.529,480.241,-0.0011
mixed,64,2,0.0312,4.0,64,32768,1024,4096,1120,489.167,760.129,476.625,-0.0463
mixed,64,2,0.0312,4.0,64,32768,2048,8192,2240,535.888,753.394,537.344,0.0067
mixed,64,2,0.0312,4.0,64,32768,4096,16384,4480,817.123,1439.652,758.177,-0.0947
mixed,64,2,0.0312,4.0,64,32768,8192,32768,8960,817.361,2695.753,1376.196,0.2975
mixed,64,2,0.0312,4.0,64,32768,16384,65536,17920,1560.515,5423.405,1436.899,-0.032
mixed,64,2,0.0312,4.0,256,0,16384,65536,17920,1045.185,3392.441,2802.678,0.7487
mixed,64,2,0.0312,4.0,256,512,16384,65536,17920,1057.331,3405.609,2743.351,0.718
mixed,64,2,0.0312,4.0,256,2048,16384,65536,17920,1144.931,3490.552,2720.117,0.6715
mixed,64,2,0.0312,4.0,256,8192,16384,65536,17920,1497.907,3839.641,2637.015,0.4864
mixed,64,2,0.0312,4.0,256,32768,128,512,140,1380.019,1381.074,1379.38,-0.6064
mixed,64,2,0.0312,4.0,256,32768,256,1024,280,1381.412,1464.214,1380.213,-0.0145
mixed,64,2,0.0312,4.0,256,32768,512,2048,560,1383.155,1545.204,1381.38,-0.011
mixed,64,2,0.0312,4.0,256,32768,1024,4096,1120,1467.075,1702.405,1461.043,-0.0256
mixed,64,2,0.0312,4.0,256,32768,2048,8192,2240,1560.324,2017.302,1544.756,-0.0341
mixed,64,2,0.0312,4.0,256,32768,4096,16384,4480,1732.997,2644.87,1705.347,-0.0303
mixed,64,2,0.0312,4.0,256,32768,8192,32768,8960,2075.891,2646.439,2019.446,-0.0989
mixed,64,2,0.0312,4.0,256,32768,16384,65536,17920,2771.528,5174.331,2655.333,-0.0484
mixed,64,2,0.0312,4.0,1024,0,16384,65536,17920,1162.818,3551.208,1710.564,0.2293
mixed,64,2,0.0312,4.0,1024,512,16384,65536,17920,1278.817,3681.389,1818.486,0.2246
mixed,64,2,0.0312,4.0,1024,2048,16384,65536,17920,1396.932,3787.159,1933.587,0.2245
mixed,64,2,0.0312,4.0,1024,8192,16384,65536,17920,1860.484,4203.659,2409.444,0.2343
mixed,64,2,0.0312,4.0,1024,32768,128,512,140,2851.624,2876.026,2867.943,0.6688
mixed,64,2,0.0312,4.0,1024,32768,256,1024,280,2863.959,2907.335,2884.612,0.4761
mixed,64,2,0.0312,4.0,1024,32768,512,2048,560,2874.278,2953.721,2912.486,0.4809
mixed,64,2,0.0312,4.0,1024,32768,1024,4096,1120,2907.606,3061.802,2951.799,0.2866
mixed,64,2,0.0312,4.0,1024,32768,2048,8192,2240,2973.352,3263.735,3038.653,0.2249
mixed,64,2,0.0312,4.0,1024,32768,4096,16384,4480,3075.462,3664.296,3219.399,0.2444
mixed,64,2,0.0312,4.0,1024,32768,8192,32768,8960,3301.895,4472.075,3577.034,0.2351
mixed,64,2,0.0312,4.0,1024,32768,16384,65536,17920,3754.616,6092.75,4279.595,0.2245
mixed,64,2,0.0312,4.0,4096,0,16384,65536,17920,1599.094,3947.497,2147.461,0.2335
mixed,64,2,0.0312,4.0,4096,512,16384,65536,17920,1803.176,4188.797,2351.94,0.23
mixed,64,2,0.0312,4.0,4096,2048,16384,65536,17920,2109.638,4496.392,2663.287,0.232
mixed,64,2,0.0312,4.0,4096,8192,16384,65536,17920,3230.264,5580.258,3770.505,0.2299
mixed,64,2,0.0312,4.0,4096,32768,128,512,140,6759.396,6784.037,6775.072,0.6362
mixed,64,2,0.0312,4.0,4096,32768,256,1024,280,6771.344,6798.174,6800.627,1.0914
mixed,64,2,0.0312,4.0,4096,32768,512,2048,560,6781.698,6862.646,6810.001,0.3497
mixed,64,2,0.0312,4.0,4096,32768,1024,4096,1120,6812.725,6968.015,6862.767,0.3222
mixed,64,2,0.0312,4.0,4096,32768,2048,8192,2240,6876.049,7176.083,6948.126,0.2402
mixed,64,2,0.0312,4.0,4096,32768,4096,16384,4480,6988.559,7594.101,7158.515,0.2807
mixed,64,2,0.0312,4.0,4096,32768,8192,32768,8960,7221.335,8402.521,7472.016,0.2122
mixed,64,2,0.0312,4.0,4096,32768,16384,65536,17920,7654.401,10016.537,8221.766,0.2402
pure,64,3,0.0469,4.0,0,0,16384,65536,18688,1017.857,3324.713,1530.499,0.2222
mixed,64,3,0.0469,4.0,16,0,16384,65536,18688,1024.226,3337.751,1543.924,0.2246
mixed,64,3,0.0469,4.0,16,512,16384,65536,18688,1030.564,3340.28,1544.693,0.2226
mixed,64,3,0.0469,4.0,16,2048,16384,65536,18688,1030.05,3337.4,1539.554,0.2208
mixed,64,3,0.0469,4.0,16,8192,16384,65536,18688,1031.604,3343.32,1522.593,0.2124
mixed,64,3,0.0469,4.0,16,32768,128,512,146,224.274,232.624,224.176,-0.0118
mixed,64,3,0.0469,4.0,16,32768,256,1024,292,220.189,279.488,226.991,0.1147
mixed,64,3,0.0469,4.0,16,32768,512,2048,584,236.049,287.441,234.994,-0.0205
mixed,64,3,0.0469,4.0,16,32768,1024,4096,1168,295.954,460.882,280.978,-0.0908
mixed,64,3,0.0469,4.0,16,32768,2048,8192,2336,297.425,792.882,302.847,0.0109
mixed,64,3,0.0469,4.0,16,32768,4096,16384,4672,498.051,1478.003,464.897,-0.0338
mixed,64,3,0.0469,4.0,16,32768,8192,32768,9344,885.858,2868.807,799.121,-0.0437
mixed,64,3,0.0469,4.0,16,32768,16384,65536,18688,1684.836,3358.087,1495.331,-0.1133
mixed,64,3,0.0469,4.0,64,0,16384,65536,18688,1036.036,3346.838,1546.837,0.221
mixed,64,3,0.0469,4.0,64,512,16384,65536,18688,1081.49,3354.728,1543.508,0.2032
mixed,64,3,0.0469,4.0,64,2048,16384,65536,18688,1167.682,3444.906,1526.805,0.1577
mixed,64,3,0.0469,4.0,64,8192,16384,65536,18688,1585.396,3798.778,1470.131,-0.0521
mixed,64,3,0.0469,4.0,64,32768,128,512,146,438.56,479.905,433.25,-0.1284
mixed,64,3,0.0469,4.0,64,32768,256,1024,292,467.777,476.88,466.624,-0.1266
mixed,64,3,0.0469,4.0,64,32768,512,2048,584,480.4,536.067,479.317,-0.0195
mixed,64,3,0.0469,4.0,64,32768,1024,4096,1168,507.794,758.114,475.887,-0.1275
mixed,64,3,0.0469,4.0,64,32768,2048,8192,2336,538.113,755.97,595.747,0.2646
mixed,64,3,0.0469,4.0,64,32768,4096,16384,4672,842.835,1454.614,757.715,-0.1391
mixed,64,3,0.0469,4.0,64,32768,8192,32768,9344,850.817,2699.511,1380.019,0.2863
mixed,64,3,0.0469,4.0,64,32768,16384,65536,18688,1641.667,5417.739,1425.667,-0.0572
mixed,64,3,0.0469,4.0,256,0,16384,65536,18688,1086.771,3393.433,2806.727,0.7456
mixed,64,3,0.0469,4.0,256,512,16384,65536,18688,1093.538,3401.61,2756.215,0.7204
mixed,64,3,0.0469,4.0,256,2048,16384,65536,18688,1181.938,3473.417,2733.317,0.677
mixed,64,3,0.0469,4.0,256,8192,16384,65536,18688,1532.517,3821.513,2630.55,0.4797
mixed,64,3,0.0469,4.0,256,32768,128,512,146,1380.018,1383.03,1382.402,0.7915
mixed,64,3,0.0469,4.0,256,32768,256,1024,292,1384.564,1461.171,1385.25,0.009
mixed,64,3,0.0469,4.0,256,32768,512,2048,584,1381.236,1542.374,1379.7,-0.0095
mixed,64,3,0.0469,4.0,256,32768,1024,4096,1168,1470.613,1703.332,1464.467,-0.0264
mixed,64,3,0.0469,4.0,256,32768,2048,8192,2336,1563.445,2015.253,1546.531,-0.0374
mixed,64,3,0.0469,4.0,256,32768,4096,16384,4672,1747.267,2645.414,1705.508,-0.0465
mixed,64,3,0.0469,4.0,256,32768,8192,32768,9344,2105.972,2645.912,2629.06,0.9688
mixed,64,3,0.0469,4.0,256,32768,16384,65536,18688,2817.591,5167.215,3868.152,0.4471
mixed,64,3,0.0469,4.0,1024,0,16384,65536,18688,1208.135,3553.463,1715.444,0.2163
mixed,64,3,0.0469,4.0,1024,512,16384,65536,18688,1317.429,3671.115,1821.605,0.2142
mixed,64,3,0.0469,4.0,1024,2048,16384,65536,18688,1432.657,3780.585,1936.484,0.2146
mixed,64,3,0.0469,4.0,1024,8192,16384,65536,18688,1895.649,4205.307,2414.454,0.2246
mixed,64,3,0.0469,4.0,1024,32768,128,512,146,2855.735,2872.664,2885.497,1.758
mixed,64,3,0.0469,4.0,1024,32768,256,1024,292,2861.064,2902.697,2886.408,0.6088
mixed,64,3,0.0469,4.0,1024,32768,512,2048,584,2891.001,2964.502,2903.302,0.1674
mixed,64,3,0.0469,4.0,1024,32768,1024,4096,1168,2909.573,3064.616,2950.038,0.261
mixed,64,3,0.0469,4.0,1024,32768,2048,8192,2336,2969.381,3264.47,3036.981,0.2291
mixed,64,3,0.0469,4.0,1024,32768,4096,16384,4672,3085.623,3665.946,3217.257,0.2268
mixed,64,3,0.0469,4.0,1024,32768,8192,32768,9344,3313.193,4474.01,3591.95,0.2401
mixed,64,3,0.0469,4.0,1024,32768,16384,65536,18688,3786.503,6094.288,4298.442,0.2218
mixed,64,3,0.0469,4.0,4096,0,16384,65536,18688,1635.526,3947.592,2150.375,0.2227
mixed,64,3,0.0469,4.0,4096,512,16384,65536,18688,1841.703,4193.753,2355.525,0.2185
mixed,64,3,0.0469,4.0,4096,2048,16384,65536,18688,2152.581,4493.932,2660.468,0.2169
mixed,64,3,0.0469,4.0,4096,8192,16384,65536,18688,3263.033,5573.756,3777.049,0.2224
mixed,64,3,0.0469,4.0,4096,32768,128,512,146,6775.919,6776.64,6774.558,-1.8883
mixed,64,3,0.0469,4.0,4096,32768,256,1024,292,6764.754,6822.929,6798.198,0.5749
mixed,64,3,0.0469,4.0,4096,32768,512,2048,584,6785.202,6851.821,6808.001,0.3422
mixed,64,3,0.0469,4.0,4096,32768,1024,4096,1168,6819.381,6983.392,6861.6,0.2574
mixed,64,3,0.0469,4.0,4096,32768,2048,8192,2336,6880.097,7182.595,6970.479,0.2988
mixed,64,3,0.0469,4.0,4096,32768,4096,16384,4672,6987.361,7587.7,7129.824,0.2373
mixed,64,3,0.0469,4.0,4096,32768,8192,32768,9344,7230.514,8391.856,7511.172,0.2417
mixed,64,3,0.0469,4.0,4096,32768,16384,65536,18688,7706.177,10013.162,8209.075,0.218
pure,64,4,0.0625,4.0,0,0,16384,65536,19456,1056.578,3327.912,1532.723,0.2096
mixed,64,4,0.0625,4.0,16,0,16384,65536,19456,1065.459,3337.286,1541.939,0.2097
mixed,64,4,0.0625,4.0,16,512,16384,65536,19456,1067.842,3339.238,1543.41,0.2094
mixed,64,4,0.0625,4.0,16,2048,16384,65536,19456,1068.562,3334.998,1538.419,0.2073
mixed,64,4,0.0625,4.0,16,8192,16384,65536,19456,1070.915,3341.674,1524.484,0.1997
mixed,64,4,0.0625,4.0,16,32768,128,512,152,221.923,232.77,223.281,0.1252
mixed,64,4,0.0625,4.0,16,32768,256,1024,304,217.312,274.849,226.803,0.1649
mixed,64,4,0.0625,4.0,16,32768,512,2048,608,234.575,287.17,234.992,0.0079
mixed,64,4,0.0625,4.0,16,32768,1024,4096,1216,304.784,458.625,275.489,-0.1904
mixed,64,4,0.0625,4.0,16,32768,2048,8192,2432,323.072,791.474,303.009,-0.0428
mixed,64,4,0.0625,4.0,16,32768,4096,16384,4864,518.112,1475.701,465.168,-0.0553
mixed,64,4,0.0625,4.0,16,32768,8192,32768,9728,913.731,2871.062,802.769,-0.0567
mixed,64,4,0.0625,4.0,16,32768,16384,65536,19456,1748.803,3353.047,1502.356,-0.1536
mixed,64,4,0.0625,4.0,64,0,16384,65536,19456,1076.274,3349.784,1548.562,0.2077
mixed,64,4,0.0625,4.0,64,512,16384,65536,19456,1102.547,3346.712,1545.269,0.1973
mixed,64,4,0.0625,4.0,64,2048,16384,65536,19456,1202.788,3398.233,1530.339,0.1492
mixed,64,4,0.0625,4.0,64,8192,16384,65536,19456,1612.772,3786.921,1471.73,-0.0649
mixed,64,4,0.0625,4.0,64,32768,128,512,152,438.114,478.513,431.153,-0.1723
mixed,64,4,0.0625,4.0,64,32768,256,1024,304,465.234,478.53,466.607,0.1033
mixed,64,4,0.0625,4.0,64,32768,512,2048,608,479.536,536.703,480.673,0.0199
mixed,64,4,0.0625,4.0,64,32768,1024,4096,1216,528.5,756.722,477.553,-0.2232
mixed,64,4,0.0625,4.0,64,32768,2048,8192,2432,537.475,755.668,596.481,0.2704
mixed,64,4,0.0625,4.0,64,32768,4096,16384,4864,872.131,1448.066,759.744,-0.1951
mixed,64,4,0.0625,4.0,64,32768,8192,32768,9728,899.25,2697.19,1381.843,0.2684
mixed,64,4,0.0625,4.0,64,32768,16384,65536,19456,1679.844,5426.604,1454.099,-0.0603
mixed,64,4,0.0625,4.0,256,0,16384,65536,19456,1120.707,3387.062,2804.115,0.7428
mixed,64,4,0.0625,4.0,256,512,16384,65536,19456,1131.764,3388.648,2752.581,0.7182
mixed,64,4,0.0625,4.0,256,2048,16384,65536,19456,1216.882,3469.943,2735.19,0.6739
mixed,64,4,0.0625,4.0,256,8192,16384,65536,19456,1568.484,3831.562,2651.126,0.4784
mixed,64,4,0.0625,4.0,256,32768,128,512,152,1378.982,1378.58,1378.691,
mixed,64,4,0.0625,4.0,256,32768,256,1024,304,1379.541,1462.806,1382.036,0.03
mixed,64,4,0.0625,4.0,256,32768,512,2048,608,1380.401,1547.315,1380.725,0.0019
mixed,64,4,0.0625,4.0,256,32768,1024,4096,1216,1479.345,1703.269,1460.821,-0.0827
mixed,64,4,0.0625,4.0,256,32768,2048,8192,2432,1573.974,2019.285,1546.916,-0.0608
mixed,64,4,0.0625,4.0,256,32768,4096,16384,4864,1761.046,2641.4,1706.756,-0.0617
mixed,64,4,0.0625,4.0,256,32768,8192,32768,9728,2133.206,2642.679,2627.89,0.971
mixed,64,4,0.0625,4.0,256,32768,16384,65536,19456,2881.462,5195.021,3874.682,0.4293
mixed,64,4,0.0625,4.0,1024,0,16384,65536,19456,1248.757,3551.595,1719.762,0.2045
mixed,64,4,0.0625,4.0,1024,512,16384,65536,19456,1355.427,3666.7,1825.173,0.2032
mixed,64,4,0.0625,4.0,1024,2048,16384,65536,19456,1470.515,3785.477,1946.309,0.2055
mixed,64,4,0.0625,4.0,1024,8192,16384,65536,19456,1938.276,4207.338,2412.869,0.2092
mixed,64,4,0.0625,4.0,1024,32768,128,512,152,2852.503,2877.881,2868.682,0.6375
mixed,64,4,0.0625,4.0,1024,32768,256,1024,304,2861.417,2917.048,2889.765,0.5096
mixed,64,4,0.0625,4.0,1024,32768,512,2048,608,2878.609,2955.734,2909.177,0.3964
mixed,64,4,0.0625,4.0,1024,32768,1024,4096,1216,2910.245,3062.81,2955.545,0.2969
mixed,64,4,0.0625,4.0,1024,32768,2048,8192,2432,2982.089,3271.349,3043.815,0.2134
mixed,64,4,0.0625,4.0,1024,32768,4096,16384,4864,3094.311,3673.676,3227.571,0.23
mixed,64,4,0.0625,4.0,1024,32768,8192,32768,9728,3346.696,4479.499,3588.249,0.2132
mixed,64,4,0.0625,4.0,1024,32768,16384,65536,19456,3833.338,6087.054,4296.999,0.2057
mixed,64,4,0.0625,4.0,4096,0,16384,65536,19456,1676.691,3956.773,2149.429,0.2073
mixed,64,4,0.0625,4.0,4096,512,16384,65536,19456,1882.776,4200.986,2353.976,0.2033
mixed,64,4,0.0625,4.0,4096,2048,16384,65536,19456,2193.96,4488.474,2661.956,0.204
mixed,64,4,0.0625,4.0,4096,8192,16384,65536,19456,3298.043,5565.058,3766.524,0.2067
mixed,64,4,0.0625,4.0,4096,32768,128,512,152,6760.737,6778.978,6776.605,0.87
mixed,64,4,0.0625,4.0,4096,32768,256,1024,304,6769.136,6813.697,6814.466,1.0173
mixed,64,4,0.0625,4.0,4096,32768,512,2048,608,6798.527,6872.108,6852.431,0.7326
mixed,64,4,0.0625,4.0,4096,32768,1024,4096,1216,6830.141,6965.345,6863.955,0.2501
mixed,64,4,0.0625,4.0,4096,32768,2048,8192,2432,6886.445,7184.45,6957.313,0.2378
mixed,64,4,0.0625,4.0,4096,32768,4096,16384,4864,7003.712,7577.764,7125.173,0.2116
mixed,64,4,0.0625,4.0,4096,32768,8192,32768,9728,7247.555,8403.044,7492.531,0.212
mixed,64,4,0.0625,4.0,4096,32768,16384,65536,19456,7745.044,10014.602,8222.081,0.2102
pure,64,8,0.125,4.0,0,0,16384,65536,22528,1210.659,3324.535,1543.06,0.1572
mixed,64,8,0.125,4.0,16,0,16384,65536,22528,1222.178,3344.119,1554.854,0.1568
mixed,64,8,0.125,4.0,16,512,16384,65536,22528,1225.027,3333.097,1557.443,0.1577
mixed,64,8,0.125,4.0,16,2048,16384,65536,22528,1221.315,3336.088,1551.173,0.156
mixed,64,8,0.125,4.0,16,8192,16384,65536,22528,1225.7,3340.52,1557.492,0.1569
mixed,64,8,0.125,4.0,16,32768,128,512,176,223.441,231.855,225.743,0.2737
mixed,64,8,0.125,4.0,16,32768,256,1024,352,228.576,276.72,229.328,0.0156
mixed,64,8,0.125,4.0,16,32768,512,2048,704,227.392,286.398,238.912,0.1952
mixed,64,8,0.125,4.0,16,32768,1024,4096,1408,333.889,459.65,278.946,-0.4369
mixed,64,8,0.125,4.0,16,32768,2048,8192,2816,357.456,788.351,438.097,0.1871
mixed,64,8,0.125,4.0,16,32768,4096,16384,5632,581.282,1479.474,453.953,-0.1418
mixed,64,8,0.125,4.0,16,32768,8192,32768,11264,1041.714,2873.0,811.523,-0.1257
mixed,64,8,0.125,4.0,16,32768,16384,65536,22528,1989.843,3357.417,1515.718,-0.3467
mixed,64,8,0.125,4.0,64,0,16384,65536,22528,1230.8,3348.886,1561.285,0.156
mixed,64,8,0.125,4.0,64,512,16384,65536,22528,1240.977,3363.689,1564.628,0.1525
mixed,64,8,0.125,4.0,64,2048,16384,65536,22528,1355.732,3422.632,1564.293,0.1009
mixed,64,8,0.125,4.0,64,8192,16384,65536,22528,1763.043,3820.761,1514.356,-0.1209
mixed,64,8,0.125,4.0,64,32768,128,512,176,437.859,481.794,454.337,0.375
mixed,64,8,0.125,4.0,64,32768,256,1024,352,471.601,478.561,468.114,-0.501
mixed,64,8,0.125,4.0,64,32768,512,2048,704,481.153,535.634,481.808,0.012
mixed,64,8,0.125,4.0,64,32768,1024,4096,1408,570.707,755.442,515.297,-0.2999
mixed,64,8,0.125,4.0,64,32768,2048,8192,2816,564.338,757.282,605.17,0.2116
mixed,64,8,0.125,4.0,64,32768,4096,16384,5632,990.196,1449.908,766.881,-0.4858
mixed,64,8,0.125,4.0,64,32768,8192,32768,11264,1027.521,2700.359,1383.702,0.2129
mixed,64,8,0.125,4.0,64,32768,16384,65536,22528,1907.029,5424.845,1420.933,-0.1382
mixed,64,8,0.125,4.0,256,0,16384,65536,22528,1270.178,3389.91,2813.493,0.7281
mixed,64,8,0.125,4.0,256,512,16384,65536,22528,1287.682,3408.632,2755.541,0.6921
mixed,64,8,0.125,4.0,256,2048,16384,65536,22528,1371.153,3488.505,2742.04,0.6475
mixed,64,8,0.125,4.0,256,8192,16384,65536,22528,1716.886,3836.361,2642.229,0.4366
mixed,64,8,0.125,4.0,256,32768,128,512,176,1379.698,1379.875,1379.601,-0.5524
mixed,64,8,0.125,4.0,256,32768,256,1024,352,1379.62,1462.29,1379.972,0.0043
mixed,64,8,0.125,4.0,256,32768,512,2048,704,1380.467,1542.9,1379.267,-0.0074
mixed,64,8,0.125,4.0,256,32768,1024,4096,1408,1493.987,1702.868,1467.203,-0.1282
mixed,64,8,0.125,4.0,256,32768,2048,8192,2816,1605.22,2018.389,1552.596,-0.1274
mixed,64,8,0.125,4.0,256,32768,4096,16384,5632,1823.124,2647.844,2624.599,0.9718
mixed,64,8,0.125,4.0,256,32768,8192,32768,11264,2253.858,2648.293,2630.998,0.9562
mixed,64,8,0.125,4.0,256,32768,16384,65536,22528,3110.552,5138.541,3880.088,0.3795
mixed,64,8,0.125,4.0,1024,0,16384,65536,22528,1407.664,3553.927,1736.95,0.1534
mixed,64,8,0.125,4.0,1024,512,16384,65536,22528,1520.258,3669.8,1838.916,0.1482
mixed,64,8,0.125,4.0,1024,2048,16384,65536,22528,1632.467,3782.759,1955.363,0.1502
mixed,64,8,0.125,4.0,1024,8192,16384,65536,22528,2092.55,4209.928,2424.646,0.1568
mixed,64,8,0.125,4.0,1024,32768,128,512,176,2857.814,2885.304,2879.026,0.7716
mixed,64,8,0.125,4.0,1024,32768,256,1024,352,2869.909,2911.699,2883.829,0.3331
mixed,64,8,0.125,4.0,1024,32768,512,2048,704,2886.247,2952.084,2915.939,0.451
mixed,64,8,0.125,4.0,1024,32768,1024,4096,1408,2925.462,3063.064,2955.834,0.2207
mixed,64,8,0.125,4.0,1024,32768,2048,8192,2816,3003.464,3263.099,3046.841,0.1671
mixed,64,8,0.125,4.0,1024,32768,4096,16384,5632,3138.806,3674.839,3233.704,0.177
mixed,64,8,0.125,4.0,1024,32768,8192,32768,11264,3437.975,4473.486,3598.873,0.1554
mixed,64,8,0.125,4.0,1024,32768,16384,65536,22528,3977.749,6106.385,4303.71,0.1531
mixed,64,8,0.125,4.0,4096,0,16384,65536,22528,1832.085,3951.625,2162.835,0.156
mixed,64,8,0.125,4.0,4096,512,16384,65536,22528,2041.928,4185.868,2371.874,0.1539
mixed,64,8,0.125,4.0,4096,2048,16384,65536,22528,2351.476,4489.019,2674.904,0.1513
mixed,64,8,0.125,4.0,4096,8192,16384,65536,22528,3459.654,5559.694,3786.457,0.1556
mixed,64,8,0.125,4.0,4096,32768,128,512,176,6756.305,6809.245,6795.103,0.7329
mixed,64,8,0.125,4.0,4096,32768,256,1024,352,6799.474,6835.696,6789.125,-0.2857
mixed,64,8,0.125,4.0,4096,32768,512,2048,704,6799.538,6891.298,6832.818,0.3627
mixed,64,8,0.125,4.0,4096,32768,1024,4096,1408,6840.623,6982.527,6863.988,0.1647
mixed,64,8,0.125,4.0,4096,32768,2048,8192,2816,6914.673,7183.821,6965.744,0.1897
mixed,64,8,0.125,4.0,4096,32768,4096,16384,5632,7059.697,7597.795,7133.136,0.1365
mixed,64,8,0.125,4.0,4096,32768,8192,32768,11264,7324.31,8399.633,7505.2,0.1682
mixed,64,8,0.125,4.0,4096,32768,16384,65536,22528,7897.505,10020.373,8211.091,0.1477
pure,64,16,0.25,4.0,0,0,16384,65536,28672,1509.813,3327.323,1645.027,0.0744
mixed,64,16,0.25,4.0,16,0,16384,65536,28672,1517.027,3339.578,1656.453,0.0765
mixed,64,16,0.25,4.0,16,512,16384,65536,28672,1519.733,3339.433,1653.028,0.0733
mixed,64,16,0.25,4.0,16,2048,16384,65536,28672,1523.332,3340.184,1660.661,0.0756
mixed,64,16,0.25,4.0,16,8192,16384,65536,28672,1521.812,3345.353,1656.435,0.0738
mixed,64,16,0.25,4.0,16,32768,128,512,224,225.12,230.96,224.208,-0.1563
mixed,64,16,0.25,4.0,16,32768,256,1024,448,232.834,275.026,232.577,-0.0061
mixed,64,16,0.25,4.0,16,32768,512,2048,896,255.536,287.922,237.168,-0.5671
mixed,64,16,0.25,4.0,16,32768,1024,4096,1792,280.882,463.17,280.161,-0.004
mixed,64,16,0.25,4.0,16,32768,2048,8192,3584,413.088,791.62,449.634,0.0965
mixed,64,16,0.25,4.0,16,32768,4096,16384,7168,704.497,1476.195,781.601,0.0999
mixed,64,16,0.25,4.0,16,32768,8192,32768,14336,1309.395,2871.989,844.833,-0.2973
mixed,64,16,0.25,4.0,16,32768,16384,65536,28672,2528.998,3357.289,1568.18,-1.16
mixed,64,16,0.25,4.0,64,0,16384,65536,28672,1526.356,3349.576,1666.626,0.0769
mixed,64,16,0.25,4.0,64,512,16384,65536,28672,1537.268,3368.486,1705.907,0.0921
mixed,64,16,0.25,4.0,64,2048,16384,65536,28672,1637.444,3435.399,1818.259,0.1006
mixed,64,16,0.25,4.0,64,8192,16384,65536,28672,2057.586,3822.743,1553.636,-0.2855
mixed,64,16,0.25,4.0,64,32768,128,512,224,461.186,479.522,455.056,-0.3343
mixed,64,16,0.25,4.0,64,32768,256,1024,448,484.178,478.096,469.808,
mixed,64,16,0.25,4.0,64,32768,512,2048,896,480.319,536.736,483.712,0.0601
mixed,64,16,0.25,4.0,64,32768,1024,4096,1792,600.803,754.256,548.142,-0.3432
mixed,64,16,0.25,4.0,64,32768,2048,8192,3584,679.377,754.929,694.53,0.2006
mixed,64,16,0.25,4.0,64,32768,4096,16384,7168,749.091,1440.883,763.923,0.0214
mixed,64,16,0.25,4.0,64,32768,8192,32768,14336,1257.443,2708.98,1418.501,0.111
mixed,64,16,0.25,4.0,64,32768,16384,65536,28672,2382.117,5432.025,2689.013,0.1006
mixed,64,16,0.25,4.0,256,0,16384,65536,28672,1573.844,3390.822,2815.091,0.6831
mixed,64,16,0.25,4.0,256,512,16384,65536,28672,1583.202,3412.47,2788.197,0.6587
mixed,64,16,0.25,4.0,256,2048,16384,65536,28672,1667.445,3490.503,2659.157,0.544
mixed,64,16,0.25,4.0,256,8192,16384,65536,28672,2027.797,3824.646,2653.861,0.3484
mixed,64,16,0.25,4.0,256,32768,128,512,224,1377.938,1378.755,1379.329,1.7042
mixed,64,16,0.25,4.0,256,32768,256,1024,448,1386.13,1466.115,1385.075,-0.0132
mixed,64,16,0.25,4.0,256,32768,512,2048,896,1453.569,1543.762,1423.843,-0.3296
mixed,64,16,0.25,4.0,256,32768,1024,4096,1792,1525.444,1703.843,1470.978,-0.3053
mixed,64,16,0.25,4.0,256,32768,2048,8192,3584,1662.611,2017.859,2005.796,0.966
mixed,64,16,0.25,4.0,256,32768,4096,16384,7168,1939.956,2650.485,2623.155,0.9615
mixed,64,16,0.25,4.0,256,32768,8192,32768,14336,2485.091,2649.54,2640.836,0.9471
mixed,64,16,0.25,4.0,256,32768,16384,65536,28672,3587.174,5153.978,3902.038,0.201
mixed,64,16,0.25,4.0,1024,0,16384,65536,28672,1723.908,3550.488,1849.825,0.0689
mixed,64,16,0.25,4.0,1024,512,16384,65536,28672,1827.682,3673.593,1960.898,0.0722
mixed,64,16,0.25,4.0,1024,2048,16384,65536,28672,1943.669,3782.057,2079.744,0.074
mixed,64,16,0.25,4.0,1024,8192,16384,65536,28672,2389.172,4205.365,2528.581,0.0768
mixed,64,16,0.25,4.0,1024,32768,128,512,224,2862.901,2873.894,2860.503,-0.2181
mixed,64,16,0.25,4.0,1024,32768,256,1024,448,2879.075,2910.646,2880.966,0.0599
mixed,64,16,0.25,4.0,1024,32768,512,2048,896,2897.928,2954.563,2912.664,0.2602
mixed,64,16,0.25,4.0,1024,32768,1024,4096,1792,2938.532,3063.271,2972.1,0.2691
mixed,64,16,0.25,4.0,1024,32768,2048,8192,3584,3037.444,3269.863,3076.697,0.1689
mixed,64,16,0.25,4.0,1024,32768,4096,16384,7168,3209.378,3666.905,3256.407,0.1028
mixed,64,16,0.25,4.0,1024,32768,8192,32768,14336,3567.494,4476.876,3649.719,0.0904
mixed,64,16,0.25,4.0,1024,32768,16384,65536,28672,4273.21,6097.514,4409.832,0.0749
mixed,64,16,0.25,4.0,4096,0,16384,65536,28672,2125.524,3945.241,2270.214,0.0795
mixed,64,16,0.25,4.0,4096,512,16384,65536,28672,2348.065,4185.926,2487.796,0.076
mixed,64,16,0.25,4.0,4096,2048,16384,65536,28672,2662.26,4490.12,2799.091,0.0749
mixed,64,16,0.25,4.0,4096,8192,16384,65536,28672,3751.591,5579.322,3885.447,0.0732
mixed,64,16,0.25,4.0,4096,32768,128,512,224,6763.368,6782.624,6759.229,-0.2149
mixed,64,16,0.25,4.0,4096,32768,256,1024,448,6783.777,6814.35,6803.626,0.6492
mixed,64,16,0.25,4.0,4096,32768,512,2048,896,6801.964,6868.321,6828.111,0.394
mixed,64,16,0.25,4.0,4096,32768,1024,4096,1792,6856.028,6972.606,6888.604,0.2794
mixed,64,16,0.25,4.0,4096,32768,2048,8192,3584,6944.894,7190.849,6995.818,0.207
mixed,64,16,0.25,4.0,4096,32768,4096,16384,7168,7147.472,7597.473,7188.752,0.0917
mixed,64,16,0.25,4.0,4096,32768,8192,32768,14336,7485.803,8392.929,7585.997,0.1105
mixed,64,16,0.25,4.0,4096,32768,16384,65536,28672,8191.663,10000.404,8331.917,0.0775
pure,64,32,0.5,4.0,0,0,16384,65536,40960,2109.972,3327.686,2147.426,0.0308
mixed,64,32,0.5,4.0,16,0,16384,65536,40960,2122.068,3337.766,2183.812,0.0508
mixed,64,32,0.5,4.0,16,512,16384,65536,40960,2125.318,3334.63,2168.789,0.0359
mixed,64,32,0.5,4.0,16,2048,16384,65536,40960,2126.422,3339.992,2177.651,0.0422
mixed,64,32,0.5,4.0,16,8192,16384,65536,40960,2127.701,3340.743,2180.645,0.0436
mixed,64,32,0.5,4.0,16,32768,128,512,320,227.297,232.383,228.913,0.3178
mixed,64,32,0.5,4.0,16,32768,256,1024,640,226.8,275.44,227.969,0.024
mixed,64,32,0.5,4.0,16,32768,512,2048,1280,322.113,287.538,280.656,
mixed,64,32,0.5,4.0,16,32768,1024,4096,2560,333.684,460.13,364.896,0.2468
mixed,64,32,0.5,4.0,16,32768,2048,8192,5120,540.45,793.409,512.609,-0.1101
mixed,64,32,0.5,4.0,16,32768,4096,16384,10240,961.554,1476.13,820.415,-0.2743
mixed,64,32,0.5,4.0,16,32768,8192,32768,20480,1828.004,2872.788,1525.906,-0.2891
mixed,64,32,0.5,4.0,16,32768,16384,65536,40960,3290.71,3361.222,2923.11,-5.2133
mixed,64,32,0.5,4.0,64,0,16384,65536,40960,2136.692,3349.669,2191.829,0.0455
mixed,64,32,0.5,4.0,64,512,16384,65536,40960,2147.349,3367.461,2164.579,0.0141
mixed,64,32,0.5,4.0,64,2048,16384,65536,40960,2248.164,3429.51,2161.556,-0.0733
mixed,64,32,0.5,4.0,64,8192,16384,65536,40960,2639.11,3846.648,2315.093,-0.2683
mixed,64,32,0.5,4.0,64,32768,128,512,320,471.173,481.12,459.809,-1.1422
mixed,64,32,0.5,4.0,64,32768,256,1024,640,479.538,476.975,480.815,
mixed,64,32,0.5,4.0,64,32768,512,2048,1280,544.737,535.281,488.769,
mixed,64,32,0.5,4.0,64,32768,1024,4096,2560,535.743,758.082,539.362,0.0163
mixed,64,32,0.5,4.0,64,32768,2048,8192,5120,911.907,753.891,760.29,
mixed,64,32,0.5,4.0,64,32768,4096,16384,10240,946.658,1435.539,1080.467,0.2737
mixed,64,32,0.5,4.0,64,32768,8192,32768,20480,1748.436,2707.731,1827.139,0.082
mixed,64,32,0.5,4.0,64,32768,16384,65536,40960,3107.814,5432.427,2807.286,-0.1293
mixed,64,32,0.5,4.0,256,0,16384,65536,40960,2177.012,3391.958,2750.467,0.472
mixed,64,32,0.5,4.0,256,512,16384,65536,40960,2181.843,3389.654,2719.157,0.4449
mixed,64,32,0.5,4.0,256,2048,16384,65536,40960,2266.757,3468.614,2727.171,0.3831
mixed,64,32,0.5,4.0,256,8192,16384,65536,40960,2624.838,3830.438,2717.974,0.0773
mixed,64,32,0.5,4.0,256,32768,128,512,320,1379.49,1378.868,1378.789,
mixed,64,32,0.5,4.0,256,32768,256,1024,640,1379.346,1463.01,1379.57,0.0027
mixed,64,32,0.5,4.0,256,32768,512,2048,1280,1482.483,1543.572,1476.117,-0.1042
mixed,64,32,0.5,4.0,256,32768,1024,4096,2560,1584.868,1704.787,1699.14,0.9529
mixed,64,32,0.5,4.0,256,32768,2048,8192,5120,1784.404,2018.356,2010.468,0.9663
mixed,64,32,0.5,4.0,256,32768,4096,16384,10240,2176.898,2645.926,2623.461,0.9521
mixed,64,32,0.5,4.0,256,32768,8192,32768,20480,2962.037,2647.027,2677.766,
mixed,64,32,0.5,4.0,256,32768,16384,65536,40960,3316.567,5191.865,3873.963,0.2972
mixed,64,32,0.5,4.0,1024,0,16384,65536,40960,2341.988,3554.23,2395.318,0.044
mixed,64,32,0.5,4.0,1024,512,16384,65536,40960,2458.052,3669.289,2517.059,0.0487
mixed,64,32,0.5,4.0,1024,2048,16384,65536,40960,2575.029,3783.624,2611.255,0.03
mixed,64,32,0.5,4.0,1024,8192,16384,65536,40960,2994.216,4203.451,3034.503,0.0333
mixed,64,32,0.5,4.0,1024,32768,128,512,320,2856.807,2877.064,2861.029,0.2084
mixed,64,32,0.5,4.0,1024,32768,256,1024,640,2884.389,2906.76,2890.743,0.284
mixed,64,32,0.5,4.0,1024,32768,512,2048,1280,2926.905,2953.047,2915.703,-0.4285
mixed,64,32,0.5,4.0,1024,32768,1024,4096,2560,2984.074,3063.941,2983.367,-0.0088
mixed,64,32,0.5,4.0,1024,32768,2048,8192,5120,3111.704,3261.493,3104.396,-0.0488
mixed,64,32,0.5,4.0,1024,32768,4096,16384,10240,3369.016,3673.624,3367.864,-0.0038
mixed,64,32,0.5,4.0,1024,32768,8192,32768,20480,3870.586,4472.631,3901.097,0.0507
mixed,64,32,0.5,4.0,1024,32768,16384,65536,40960,4877.869,6089.453,4927.98,0.0414
mixed,64,32,0.5,4.0,4096,0,16384,65536,40960,2738.055,3946.345,2779.83,0.0346
mixed,64,32,0.5,4.0,4096,512,16384,65536,40960,2972.838,4196.38,3020.212,0.0387
mixed,64,32,0.5,4.0,4096,2048,16384,65536,40960,3284.983,4494.059,3318.44,0.0277
mixed,64,32,0.5,4.0,4096,8192,16384,65536,40960,4351.004,5566.43,4394.394,0.0357
mixed,64,32,0.5,4.0,4096,32768,128,512,320,6774.002,6784.913,6766.957,-0.6456
mixed,64,32,0.5,4.0,4096,32768,256,1024,640,6817.807,6830.462,6798.661,-1.5129
mixed,64,32,0.5,4.0,4096,32768,512,2048,1280,6830.367,6855.649,6830.48,0.0045
mixed,64,32,0.5,4.0,4096,32768,1024,4096,2560,6901.057,6962.479,6891.71,-0.1522
mixed,64,32,0.5,4.0,4096,32768,2048,8192,5120,7028.561,7191.89,7036.596,0.0492
mixed,64,32,0.5,4.0,4096,32768,4096,16384,10240,7294.193,7575.542,7318.915,0.0879
mixed,64,32,0.5,4.0,4096,32768,8192,32768,20480,7806.785,8403.974,7805.459,-0.0022
mixed,64,32,0.5,4.0,4096,32768,16384,65536,40960,8806.963,9997.685,8857.017,0.042
pure,64,48,0.75,4.0,0,0,16384,65536,53248,2709.366,3326.872,3909.001,1.9427
mixed,64,48,0.75,4.0,16,0,16384,65536,53248,2726.95,3340.057,3912.169,1.9331
mixed,64,48,0.75,4.0,16,512,16384,65536,53248,2727.095,3336.104,3914.106,1.9491
mixed,64,48,0.75,4.0,16,2048,16384,65536,53248,2730.136,3337.45,3907.112,1.938
mixed,64,48,0.75,4.0,16,8192,16384,65536,53248,2731.829,3343.306,3891.849,1.8971
mixed,64,48,0.75,4.0,16,32768,128,512,416,227.988,233.472,230.545,0.4662
mixed,64,48,0.75,4.0,16,32768,256,1024,832,250.079,274.288,241.344,-0.3608
mixed,64,48,0.75,4.0,16,32768,512,2048,1664,268.993,286.786,286.209,0.9676
mixed,64,48,0.75,4.0,16,32768,1024,4096,3328,393.887,459.76,447.587,0.8152
mixed,64,48,0.75,4.0,16,32768,2048,8192,6656,664.259,792.13,513.392,-1.1798
mixed,64,48,0.75,4.0,16,32768,4096,16384,13312,1223.954,1477.538,830.259,-1.5525
mixed,64,48,0.75,4.0,16,32768,8192,32768,26624,2207.126,2876.119,1953.636,-0.3789
mixed,64,48,0.75,4.0,16,32768,16384,65536,53248,3864.265,3348.441,3819.193,
mixed,64,48,0.75,4.0,64,0,16384,65536,53248,2731.063,3348.661,3917.418,1.9209
mixed,64,48,0.75,4.0,64,512,16384,65536,53248,2738.087,3359.369,3918.2,1.8995
mixed,64,48,0.75,4.0,64,2048,16384,65536,53248,2834.791,3378.265,3896.103,1.9528
mixed,64,48,0.75,4.0,64,8192,16384,65536,53248,3227.511,3820.345,3839.018,1.0315
mixed,64,48,0.75,4.0,64,32768,128,512,416,480.002,480.273,487.009,25.9039
mixed,64,48,0.75,4.0,64,32768,256,1024,832,483.184,478.112,480.977,
mixed,64,48,0.75,4.0,64,32768,512,2048,1664,588.961,537.185,615.073,
mixed,64,48,0.75,4.0,64,32768,1024,4096,3328,639.425,755.424,752.579,0.9755
mixed,64,48,0.75,4.0,64,32768,2048,8192,6656,1136.644,752.737,794.865,
mixed,64,48,0.75,4.0,64,32768,4096,16384,13312,1192.227,1434.065,1412.755,0.9119
mixed,64,48,0.75,4.0,64,32768,8192,32768,26624,2223.475,2704.661,2074.36,-0.3099
mixed,64,48,0.75,4.0,64,32768,16384,65536,53248,4451.819,5429.052,2874.904,-1.6137
mixed,64,48,0.75,4.0,256,0,16384,65536,53248,2780.136,3389.257,2959.254,0.2941
mixed,64,48,0.75,4.0,256,512,16384,65536,53248,2789.352,3407.368,3004.759,0.3485
mixed,64,48,0.75,4.0,256,2048,16384,65536,53248,2867.575,3488.04,3089.879,0.3583
mixed,64,48,0.75,4.0,256,8192,16384,65536,53248,3231.033,3831.658,3479.833,0.4142
mixed,64,48,0.75,4.0,256,32768,128,512,416,1384.722,1379.137,1379.586,
mixed,64,48,0.75,4.0,256,32768,256,1024,832,1379.156,1459.444,1378.354,-0.01
mixed,64,48,0.75,4.0,256,32768,512,2048,1664,1517.714,1544.228,1542.308,0.9276
mixed,64,48,0.75,4.0,256,32768,1024,4096,3328,1644.996,1703.22,1700.468,0.9528
mixed,64,48,0.75,4.0,256,32768,2048,8192,6656,1897.139,2014.454,2010.902,0.9697
mixed,64,48,0.75,4.0,256,32768,4096,16384,13312,2409.991,2643.079,2633.748,0.96
mixed,64,48,0.75,4.0,256,32768,8192,32768,26624,3430.952,2639.415,2755.061,
mixed,64,48,0.75,4.0,256,32768,16384,65536,53248,4262.025,5154.06,5129.209,0.9721
mixed,64,48,0.75,4.0,1024,0,16384,65536,53248,2945.673,3555.945,4129.928,1.9405
mixed,64,48,0.75,4.0,1024,512,16384,65536,53248,3062.485,3667.59,4246.204,1.9562
mixed,64,48,0.75,4.0,1024,2048,16384,65536,53248,3170.744,3790.765,4361.101,1.9199
mixed,64,48,0.75,4.0,1024,8192,16384,65536,53248,3593.992,4205.082,4794.537,1.9646
mixed,64,48,0.75,4.0,1024,32768,128,512,416,2871.399,2870.615,2888.149,
mixed,64,48,0.75,4.0,1024,32768,256,1024,832,2892.663,2908.215,2930.307,2.4206
mixed,64,48,0.75,4.0,1024,32768,512,2048,1664,2938.709,2962.052,2987.012,2.0694
mixed,64,48,0.75,4.0,1024,32768,1024,4096,3328,3022.732,3061.126,3107.655,2.2119
mixed,64,48,0.75,4.0,1024,32768,2048,8192,6656,3194.698,3261.718,3345.995,2.2575
mixed,64,48,0.75,4.0,1024,32768,4096,16384,13312,3516.374,3677.233,3821.193,1.8949
mixed,64,48,0.75,4.0,1024,32768,8192,32768,26624,4174.345,4474.861,4767.693,1.9744
mixed,64,48,0.75,4.0,1024,32768,16384,65536,53248,5490.06,6100.236,6682.258,1.9539
mixed,64,48,0.75,4.0,4096,0,16384,65536,53248,3341.609,3952.46,4520.889,1.9306
mixed,64,48,0.75,4.0,4096,512,16384,65536,53248,3582.198,4190.075,4765.208,1.9461
mixed,64,48,0.75,4.0,4096,2048,16384,65536,53248,3887.943,4488.155,5070.716,1.9706
mixed,64,48,0.75,4.0,4096,8192,16384,65536,53248,4960.587,5573.87,6136.074,1.9167
mixed,64,48,0.75,4.0,4096,32768,128,512,416,6802.129,6776.481,6806.669,
mixed,64,48,0.75,4.0,4096,32768,256,1024,832,6803.134,6814.896,6837.299,2.9047
mixed,64,48,0.75,4.0,4096,32768,512,2048,1664,6847.105,6865.604,6890.799,2.3619
mixed,64,48,0.75,4.0,4096,32768,1024,4096,3328,6929.039,6977.613,7011.252,1.6925
mixed,64,48,0.75,4.0,4096,32768,2048,8192,6656,7099.056,7172.85,7256.626,2.1353
mixed,64,48,0.75,4.0,4096,32768,4096,16384,13312,7446.068,7573.378,7736.513,2.2814
mixed,64,48,0.75,4.0,4096,32768,8192,32768,26624,8089.506,8395.073,8686.963,1.9552
mixed,64,48,0.75,4.0,4096,32768,16384,65536,53248,9399.749,10013.445,10584.967,1.9313
pure,64,58,0.9062,4.0,0,0,16384,65536,60928,3093.111,3326.151,3925.575,3.5722
mixed,64,58,0.9062,4.0,16,0,16384,65536,60928,3103.336,3338.872,3926.649,3.4955
mixed,64,58,0.9062,4.0,16,512,16384,65536,60928,3106.904,3336.584,3927.497,3.5728
mixed,64,58,0.9062,4.0,16,2048,16384,65536,60928,3107.191,3333.816,3922.33,3.5969
mixed,64,58,0.9062,4.0,16,8192,16384,65536,60928,3110.727,3342.377,3125.639,0.0644
mixed,64,58,0.9062,4.0,16,32768,128,512,476,230.386,232.015,231.247,0.5285
mixed,64,58,0.9062,4.0,16,32768,256,1024,952,257.553,277.103,274.529,0.8683
mixed,64,58,0.9062,4.0,16,32768,512,2048,1904,280.785,287.601,279.216,-0.2302
mixed,64,58,0.9062,4.0,16,32768,1024,4096,3808,428.353,458.896,455.971,0.9042
mixed,64,58,0.9062,4.0,16,32768,2048,8192,7616,739.632,788.404,783.505,0.8996
mixed,64,58,0.9062,4.0,16,32768,4096,16384,15232,1379.013,1480.115,1163.378,-2.1328
mixed,64,58,0.9062,4.0,16,32768,8192,32768,30464,2681.191,2871.704,1632.037,-5.507
mixed,64,58,0.9062,4.0,16,32768,16384,65536,60928,3159.64,3360.407,3141.815,-0.0888
mixed,64,58,0.9062,4.0,64,0,16384,65536,60928,3113.943,3344.103,3926.809,3.5317
mixed,64,58,0.9062,4.0,64,512,16384,65536,60928,3138.136,3358.793,3932.073,3.5981
mixed,64,58,0.9062,4.0,64,2048,16384,65536,60928,3192.952,3391.448,3140.793,-0.2628
mixed,64,58,0.9062,4.0,64,8192,16384,65536,60928,3603.049,3789.895,3143.591,-2.459
mixed,64,58,0.9062,4.0,64,32768,128,512,476,483.826,478.577,487.617,
mixed,64,58,0.9062,4.0,64,32768,256,1024,952,482.897,478.592,479.136,
mixed,64,58,0.9062,4.0,64,32768,512,2048,1904,604.337,536.207,618.418,
mixed,64,58,0.9062,4.0,64,32768,1024,4096,3808,707.794,753.968,754.353,1.0083
mixed,64,58,0.9062,4.0,64,32768,2048,8192,7616,746.243,751.923,746.291,0.0085
mixed,64,58,0.9062,4.0,64,32768,4096,16384,15232,1353.49,1430.019,1432.466,1.032
mixed,64,58,0.9062,4.0,64,32768,8192,32768,30464,2528.533,2694.502,2699.128,1.0279
mixed,64,58,0.9062,4.0,64,32768,16384,65536,60928,5070.381,5417.725,4194.185,-2.5226
mixed,64,58,0.9062,4.0,256,0,16384,65536,60928,3165.767,3384.535,3177.783,0.0549
mixed,64,58,0.9062,4.0,256,512,16384,65536,60928,3150.154,3396.391,3190.887,0.1654
mixed,64,58,0.9062,4.0,256,2048,16384,65536,60928,3256.152,3485.529,3297.541,0.1804
mixed,64,58,0.9062,4.0,256,8192,16384,65536,60928,3607.447,3835.337,3674.811,0.2956
mixed,64,58,0.9062,4.0,256,32768,128,512,476,1378.945,1378.646,1380.322,
mixed,64,58,0.9062,4.0,256,32768,256,1024,952,1451.281,1459.346,1461.139,1.2223
mixed,64,58,0.9062,4.0,256,32768,512,2048,1904,1532.677,1541.204,1543.938,1.3207
mixed,64,58,0.9062,4.0,256,32768,1024,4096,3808,1682.292,1705.459,1703.811,0.9288
mixed,64,58,0.9062,4.0,256,32768,2048,8192,7616,1972.453,2014.773,2013.157,0.9618
mixed,64,58,0.9062,4.0,256,32768,4096,16384,15232,2552.149,2640.198,2637.99,0.9749
mixed,64,58,0.9062,4.0,256,32768,8192,32768,30464,2597.924,2643.175,2636.388,0.85
mixed,64,58,0.9062,4.0,256,32768,16384,65536,60928,4858.956,5214.637,5146.381,0.8081
mixed,64,58,0.9062,4.0,1024,0,16384,65536,60928,3319.449,3553.446,4148.826,3.5444
mixed,64,58,0.9062,4.0,1024,512,16384,65536,60928,3433.096,3674.458,4263.036,3.4386
mixed,64,58,0.9062,4.0,1024,2048,16384,65536,60928,3557.543,3779.305,4377.384,3.6969
mixed,64,58,0.9062,4.0,1024,8192,16384,65536,60928,3975.37,4207.175,4807.852,3.5913
mixed,64,58,0.9062,4.0,1024,32768,128,512,476,2883.061,2877.592,2871.463,
mixed,64,58,0.9062,4.0,1024,32768,256,1024,952,2899.51,2897.332,2905.99,
mixed,64,58,0.9062,4.0,1024,32768,512,2048,1904,2958.151,2959.221,2950.71,-6.9584
mixed,64,58,0.9062,4.0,1024,32768,1024,4096,3808,3050.425,3061.368,3050.903,0.0436
mixed,64,58,0.9062,4.0,1024,32768,2048,8192,7616,3237.719,3262.184,3343.273,4.3145
mixed,64,58,0.9062,4.0,1024,32768,4096,16384,15232,3613.48,3672.186,3824.569,3.5957
mixed,64,58,0.9062,4.0,1024,32768,8192,32768,30464,4361.212,4475.274,4782.49,3.6934
mixed,64,58,0.9062,4.0,1024,32768,16384,65536,60928,5872.348,6097.71,6686.636,3.6132
mixed,64,58,0.9062,4.0,4096,0,16384,65536,60928,3720.316,3946.442,4540.685,3.6279
mixed,64,58,0.9062,4.0,4096,512,16384,65536,60928,3964.456,4189.494,4793.113,3.6823
mixed,64,58,0.9062,4.0,4096,2048,16384,65536,60928,4261.9,4494.986,5090.457,3.5547
mixed,64,58,0.9062,4.0,4096,8192,16384,65536,60928,5339.306,5568.733,6166.175,3.6041
mixed,64,58,0.9062,4.0,4096,32768,128,512,476,6771.186,6783.073,6780.788,0.8078
mixed,64,58,0.9062,4.0,4096,32768,256,1024,952,6814.642,6811.408,6822.015,
mixed,64,58,0.9062,4.0,4096,32768,512,2048,1904,6845.042,6878.257,6866.784,0.6546
mixed,64,58,0.9062,4.0,4096,32768,1024,4096,3808,6956.348,6980.435,6976.221,0.825
mixed,64,58,0.9062,4.0,4096,32768,2048,8192,7616,7162.051,7187.425,7282.528,4.7481
mixed,64,58,0.9062,4.0,4096,32768,4096,16384,15232,7538.401,7571.186,7727.236,5.7597
mixed,64,58,0.9062,4.0,4096,32768,8192,32768,30464,8273.54,8406.805,8701.064,3.2081
mixed,64,58,0.9062,4.0,4096,32768,16384,65536,60928,9782.229,10015.076,10617.847,3.5887
pure,128,1,0.0078,4.0,0,0,16384,65536,16768,1748.437,6545.742,1732.996,-0.0032
mixed,128,1,0.0078,4.0,16,0,16384,65536,16768,1764.87,6566.128,1746.116,-0.0039
mixed,128,1,0.0078,4.0,16,512,16384,65536,16768,1766.005,6564.845,1783.412,0.0036
mixed,128,1,0.0078,4.0,16,2048,16384,65536,16768,1764.964,6560.784,1898.356,0.0278
mixed,128,1,0.0078,4.0,16,8192,16384,65536,16768,1772.003,6564.639,2343.158,0.1192
mixed,128,1,0.0078,4.0,16,32768,128,512,131,236.257,271.938,236.88,0.0174
mixed,128,1,0.0078,4.0,16,32768,256,1024,262,239.231,305.474,244.832,0.0846
mixed,128,1,0.0078,4.0,16,32768,512,2048,524,269.25,474.274,269.312,0.0003
mixed,128,1,0.0078,4.0,16,32768,1024,4096,1048,303.696,801.427,304.45,0.0015
mixed,128,1,0.0078,4.0,16,32768,2048,8192,2096,469.378,1490.051,469.856,0.0005
mixed,128,1,0.0078,4.0,16,32768,4096,16384,4192,808.833,2886.215,801.168,-0.0037
mixed,128,1,0.0078,4.0,16,32768,8192,32768,8384,1519.427,3358.76,1490.471,-0.0157
mixed,128,1,0.0078,4.0,16,32768,16384,65536,16768,2935.141,6577.215,2884.517,-0.0139
mixed,128,1,0.0078,4.0,64,0,16384,65536,16768,1767.286,6578.623,1756.819,-0.0022
mixed,128,1,0.0078,4.0,64,512,16384,65536,16768,1764.884,6557.549,1789.188,0.0051
mixed,128,1,0.0078,4.0,64,2048,16384,65536,16768,1875.044,6546.751,1889.732,0.0031
mixed,128,1,0.0078,4.0,64,8192,16384,65536,16768,2287.43,6884.046,2282.807,-0.001
mixed,128,1,0.0078,4.0,64,32768,128,512,131,468.721,488.081,467.025,-0.0876
mixed,128,1,0.0078,4.0,64,32768,256,1024,262,490.913,549.376,494.257,0.0572
mixed,128,1,0.0078,4.0,64,32768,512,2048,524,488.371,630.977,487.376,-0.007
mixed,128,1,0.0078,4.0,64,32768,1024,4096,1048,548.465,784.193,549.585,0.0048
mixed,128,1,0.0078,4.0,64,32768,2048,8192,2096,631.951,1453.185,632.048,0.0001
mixed,128,1,0.0078,4.0,64,32768,4096,16384,4192,794.977,2708.599,786.112,-0.0046
mixed,128,1,0.0078,4.0,64,32768,8192,32768,8384,1473.843,5421.485,1466.515,-0.0019
mixed,128,1,0.0078,4.0,64,32768,16384,65536,16768,2753.191,8545.396,2716.117,-0.0064
mixed,128,1,0.0078,4.0,256,0,16384,65536,16768,1818.196,6626.111,3016.153,0.2492
mixed,128,1,0.0078,4.0,256,512,16384,65536,16768,1825.764,6622.208,2949.016,0.2342
mixed,128,1,0.0078,4.0,256,2048,16384,65536,16768,1916.564,6709.597,2911.271,0.2075
mixed,128,1,0.0078,4.0,256,8192,16384,65536,16768,2268.759,7013.073,2838.04,0.12
mixed,128,1,0.0078,4.0,256,32768,128,512,131,1387.732,1439.205,1387.506,-0.0044
mixed,128,1,0.0078,4.0,256,32768,256,1024,262,1387.443,1486.868,1388.931,0.015
mixed,128,1,0.0078,4.0,256,32768,512,2048,524,1436.515,1583.332,1438.002,0.0101
mixed,128,1,0.0078,4.0,256,32768,1024,4096,1048,1489.843,1787.091,1488.755,-0.0037
mixed,128,1,0.0078,4.0,256,32768,2048,8192,2096,1591.843,2179.028,1589.204,-0.0045
mixed,128,1,0.0078,4.0,256,32768,4096,16384,4192,1788.725,2723.254,1792.548,0.0041
mixed,128,1,0.0078,4.0,256,32768,8192,32768,8384,2187.205,5250.747,2201.492,0.0047
mixed,128,1,0.0078,4.0,256,32768,16384,65536,16768,2782.053,8464.722,2725.048,-0.01
mixed,128,1,0.0078,4.0,1024,0,16384,65536,16768,1965.637,6778.798,1950.66,-0.0031
mixed,128,1,0.0078,4.0,1024,512,16384,65536,16768,2080.148,6892.54,2072.742,-0.0015
mixed,128,1,0.0078,4.0,1024,2048,16384,65536,16768,2194.887,7002.208,2180.914,-0.0029
mixed,128,1,0.0078,4.0,1024,8192,16384,65536,16768,2626.677,7430.736,2611.385,-0.0032
mixed,128,1,0.0078,4.0,1024,32768,128,512,131,2865.923,2907.978,2861.561,-0.1037
mixed,128,1,0.0078,4.0,1024,32768,256,1024,262,2885.144,2965.133,2876.98,-0.1021
mixed,128,1,0.0078,4.0,1024,32768,512,2048,524,2909.465,3063.51,2904.343,-0.0333
mixed,128,1,0.0078,4.0,1024,32768,1024,4096,1048,2962.998,3256.566,2952.376,-0.0362
mixed,128,1,0.0078,4.0,1024,32768,2048,8192,2096,3066.524,3664.998,3067.241,0.0012
mixed,128,1,0.0078,4.0,1024,32768,4096,16384,4192,3275.258,4478.7,3270.374,-0.0041
mixed,128,1,0.0078,4.0,1024,32768,8192,32768,8384,3683.573,6092.287,3685.192,0.0007
mixed,128,1,0.0078,4.0,1024,32768,16384,65536,16768,4508.843,9311.124,4499.094,-0.002
mixed,128,1,0.0078,4.0,4096,0,16384,65536,16768,2366.82,7164.755,2352.872,-0.0029
mixed,128,1,0.0078,4.0,4096,512,16384,65536,16768,2599.973,7407.231,2584.356,-0.0032
mixed,128,1,0.0078,4.0,4096,2048,16384,65536,16768,2905.991,7704.66,2888.983,-0.0035
mixed,128,1,0.0078,4.0,4096,8192,16384,65536,16768,3987.962,8779.396,3973.481,-0.003
mixed,128,1,0.0078,4.0,4096,32768,128,512,131,6766.366,6824.529,6777.487,0.1912
mixed,128,1,0.0078,4.0,4096,32768,256,1024,262,6787.741,6877.618,6790.026,0.0254
mixed,128,1,0.0078,4.0,4096,32768,512,2048,524,6849.582,6996.688,6846.127,-0.0235
mixed,128,1,0.0078,4.0,4096,32768,1024,4096,1048,6864.192,7169.361,6873.042,0.029
mixed,128,1,0.0078,4.0,4096,32768,2048,8192,2096,7026.353,7602.754,6987.869,-0.0668
mixed,128,1,0.0078,4.0,4096,32768,4096,16384,4192,7203.41,8406.962,7186.017,-0.0145
mixed,128,1,0.0078,4.0,4096,32768,8192,32768,8384,7599.903,10001.547,7610.416,0.0044
mixed,128,1,0.0078,4.0,4096,32768,16384,65536,16768,8430.724,13223.857,8410.755,-0.0042
pure,128,2,0.0156,4.0,0,0,16384,65536,17152,1788.419,6546.814,2958.342,0.2459
mixed,128,2,0.0156,4.0,16,0,16384,65536,17152,1805.428,6573.854,2965.975,0.2434
mixed,128,2,0.0156,4.0,16,512,16384,65536,17152,1801.14,6565.567,2968.103,0.2449
mixed,128,2,0.0156,4.0,16,2048,16384,65536,17152,1804.772,6565.12,2961.047,0.2429
mixed,128,2,0.0156,4.0,16,8192,16384,65536,17152,1808.452,6569.822,2942.775,0.2382
mixed,128,2,0.0156,4.0,16,32768,128,512,134,235.215,271.826,235.89,0.0184
mixed,128,2,0.0156,4.0,16,32768,256,1024,268,240.064,308.448,245.345,0.0772
mixed,128,2,0.0156,4.0,16,32768,512,2048,536,274.113,467.635,267.249,-0.0355
mixed,128,2,0.0156,4.0,16,32768,1024,4096,1072,309.471,801.57,302.577,-0.014
mixed,128,2,0.0156,4.0,16,32768,2048,8192,2144,483.377,1488.194,470.036,-0.0133
mixed,128,2,0.0156,4.0,16,32768,4096,16384,4288,830.4,2890.743,804.946,-0.0124
mixed,128,2,0.0156,4.0,16,32768,8192,32768,8576,1536.499,3354.167,1491.925,-0.0245
mixed,128,2,0.0156,4.0,16,32768,16384,65536,17152,2972.375,6572.477,2892.166,-0.0223
mixed,128,2,0.0156,4.0,64,0,16384,65536,17152,1813.158,6575.468,2969.591,0.2428
mixed,128,2,0.0156,4.0,64,512,16384,65536,17152,1814.611,6564.078,2956.134,0.2403
mixed,128,2,0.0156,4.0,64,2048,16384,65536,17152,1921.829,6571.344,2951.766,0.2215
mixed,128,2,0.0156,4.0,64,8192,16384,65536,17152,2332.868,6881.311,2879.496,0.1202
mixed,128,2,0.0156,4.0,64,32768,128,512,134,469.313,488.384,466.512,-0.1468
mixed,128,2,0.0156,4.0,64,32768,256,1024,268,491.954,548.544,492.306,0.0062
mixed,128,2,0.0156,4.0,64,32768,512,2048,536,492.529,629.761,487.809,-0.0344
mixed,128,2,0.0156,4.0,64,32768,1024,4096,1072,549.314,791.477,549.714,0.0016
mixed,128,2,0.0156,4.0,64,32768,2048,8192,2144,646.88,1465.588,629.375,-0.0214
mixed,128,2,0.0156,4.0,64,32768,4096,16384,4288,823.507,2710.741,802.754,-0.011
mixed,128,2,0.0156,4.0,64,32768,8192,32768,8576,1489.476,5432.3,1468.706,-0.0053
mixed,128,2,0.0156,4.0,64,32768,16384,65536,17152,2786.228,8523.586,2716.503,-0.0122
mixed,128,2,0.0156,4.0,256,0,16384,65536,17152,1858.723,6616.64,3025.321,0.2452
mixed,128,2,0.0156,4.0,256,512,16384,65536,17152,1872.291,6601.165,2972.101,0.2326
mixed,128,2,0.0156,4.0,256,2048,16384,65536,17152,1949.62,6692.208,2947.687,0.2104
mixed,128,2,0.0156,4.0,256,8192,16384,65536,17152,2309.733,7050.016,2844.599,0.1128
mixed,128,2,0.0156,4.0,256,32768,128,512,134,1388.323,1439.155,1387.827,-0.0098
mixed,128,2,0.0156,4.0,256,32768,256,1024,268,1388.482,1488.58,1388.035,-0.0045
mixed,128,2,0.0156,4.0,256,32768,512,2048,536,1441.093,1582.899,1438.371,-0.0192
mixed,128,2,0.0156,4.0,256,32768,1024,4096,1072,1489.812,1788.438,1490.801,0.0033
mixed,128,2,0.0156,4.0,256,32768,2048,8192,2144,1595.202,2182.47,1589.507,-0.0097
mixed,128,2,0.0156,4.0,256,32768,4096,16384,4288,1798.34,2741.016,1798.021,-0.0003
mixed,128,2,0.0156,4.0,256,32768,8192,32768,8576,2226.759,5222.73,2220.148,-0.0022
mixed,128,2,0.0156,4.0,256,32768,16384,65536,17152,2828.758,8469.94,2765.366,-0.0112
mixed,128,2,0.0156,4.0,1024,0,16384,65536,17152,2011.479,6774.673,3171.637,0.2436
mixed,128,2,0.0156,4.0,1024,512,16384,65536,17152,2117.796,6891.6,3281.063,0.2437
mixed,128,2,0.0156,4.0,1024,2048,16384,65536,17152,2237.06,7000.914,3399.492,0.244
mixed,128,2,0.0156,4.0,1024,8192,16384,65536,17152,2668.184,7435.41,3833.708,0.2445
mixed,128,2,0.0156,4.0,1024,32768,128,512,134,2864.47,2910.532,2856.294,-0.1775
mixed,128,2,0.0156,4.0,1024,32768,256,1024,268,2880.438,2963.846,2885.56,0.0614
mixed,128,2,0.0156,4.0,1024,32768,512,2048,536,2913.783,3060.343,2966.291,0.3583
mixed,128,2,0.0156,4.0,1024,32768,1024,4096,1072,2973.032,3261.641,3050.583,0.2687
mixed,128,2,0.0156,4.0,1024,32768,2048,8192,2144,3080.324,3670.39,3229.607,0.253
mixed,128,2,0.0156,4.0,1024,32768,4096,16384,4288,3296.262,4480.252,3577.213,0.2373
mixed,128,2,0.0156,4.0,1024,32768,8192,32768,8576,3718.057,6095.707,4291.833,0.2413
mixed,128,2,0.0156,4.0,1024,32768,16384,65536,17152,4549.35,9310.903,5713.468,0.2445
mixed,128,2,0.0156,4.0,4096,0,16384,65536,17152,2409.173,7159.566,3577.901,0.246
mixed,128,2,0.0156,4.0,4096,512,16384,65536,17152,2641.318,7413.119,3806.853,0.2443
mixed,128,2,0.0156,4.0,4096,2048,16384,65536,17152,2951.878,7708.404,4113.21,0.2442
mixed,128,2,0.0156,4.0,4096,8192,16384,65536,17152,4030.343,8779.459,5195.994,0.2454
mixed,128,2,0.0156,4.0,4096,32768,128,512,134,6782.274,6817.981,6761.643,-0.5778
mixed,128,2,0.0156,4.0,4096,32768,256,1024,268,6781.276,6879.264,6797.965,0.1703
mixed,128,2,0.0156,4.0,4096,32768,512,2048,536,6823.073,6980.178,6858.751,0.2271
mixed,128,2,0.0156,4.0,4096,32768,1024,4096,1072,6872.004,7178.645,6952.479,0.2624
mixed,128,2,0.0156,4.0,4096,32768,2048,8192,2144,6986.943,7619.164,7141.168,0.2439
mixed,128,2,0.0156,4.0,4096,32768,4096,16384,4288,7232.8,8401.714,7508.138,0.2356
mixed,128,2,0.0156,4.0,4096,32768,8192,32768,8576,7650.851,10000.564,8230.066,0.2465
mixed,128,2,0.0156,4.0,4096,32768,16384,65536,17152,8469.876,13208.125,9639.525,0.2469
pure,128,3,0.0234,4.0,0,0,16384,65536,17536,1826.837,6549.807,2955.734,0.239
mixed,128,3,0.0234,4.0,16,0,16384,65536,17536,1837.747,6567.793,2973.0,0.24
mixed,128,3,0.0234,4.0,16,512,16384,65536,17536,1838.773,6559.902,2971.736,0.24
mixed,128,3,0.0234,4.0,16,2048,16384,65536,17536,1843.767,6558.126,2963.048,0.2374
mixed,128,3,0.0234,4.0,16,8192,16384,65536,17536,1841.988,6571.439,2952.805,0.2349
mixed,128,3,0.0234,4.0,16,32768,128,512,137,239.263,270.385,236.546,-0.0873
mixed,128,3,0.0234,4.0,16,32768,256,1024,274,236.786,306.705,244.848,0.1153
mixed,128,3,0.0234,4.0,16,32768,512,2048,548,277.073,469.346,269.823,-0.0377
mixed,128,3,0.0234,4.0,16,32768,1024,4096,1096,313.059,799.249,304.033,-0.0186
mixed,128,3,0.0234,4.0,16,32768,2048,8192,2192,490.081,1492.504,474.483,-0.0156
mixed,128,3,0.0234,4.0,16,32768,4096,16384,4384,842.13,2877.607,803.168,-0.0191
mixed,128,3,0.0234,4.0,16,32768,8192,32768,8768,1554.676,3359.657,1490.307,-0.0357
mixed,128,3,0.0234,4.0,16,32768,16384,65536,17536,3030.151,6581.599,2896.966,-0.0375
mixed,128,3,0.0234,4.0,64,0,16384,65536,17536,1848.531,6574.366,2975.702,0.2385
mixed,128,3,0.0234,4.0,64,512,16384,65536,17536,1841.91,6568.624,2963.335,0.2373
mixed,128,3,0.0234,4.0,64,2048,16384,65536,17536,1953.093,6548.877,2950.503,0.217
mixed,128,3,0.0234,4.0,64,8192,16384,65536,17536,2367.029,6886.815,2880.455,0.1136
mixed,128,3,0.0234,4.0,64,32768,128,512,137,469.072,487.313,468.593,-0.0263
mixed,128,3,0.0234,4.0,64,32768,256,1024,274,492.593,548.69,491.442,-0.0205
mixed,128,3,0.0234,4.0,64,32768,512,2048,548,490.913,631.376,490.434,-0.0034
mixed,128,3,0.0234,4.0,64,32768,1024,4096,1096,547.587,795.761,547.426,-0.0006
mixed,128,3,0.0234,4.0,64,32768,2048,8192,2192,659.089,1431.635,629.121,-0.0388
mixed,128,3,0.0234,4.0,64,32768,4096,16384,4384,832.308,2716.406,1086.834,0.1351
mixed,128,3,0.0234,4.0,64,32768,8192,32768,8768,1555.971,5435.484,1462.644,-0.0241
mixed,128,3,0.0234,4.0,64,32768,16384,65536,17536,2835.303,8518.961,2719.093,-0.0204
mixed,128,3,0.0234,4.0,256,0,16384,65536,17536,1891.3,6612.833,3028.375,0.2408
mixed,128,3,0.0234,4.0,256,512,16384,65536,17536,1907.14,6595.407,2967.109,0.2261
mixed,128,3,0.0234,4.0,256,2048,16384,65536,17536,1988.084,6706.671,2951.718,0.2042
mixed,128,3,0.0234,4.0,256,8192,16384,65536,17536,2341.493,7045.408,2856.854,0.1096
mixed,128,3,0.0234,4.0,256,32768,128,512,137,1388.644,1440.756,1392.66,0.0771
mixed,128,3,0.0234,4.0,256,32768,256,1024,274,1392.209,1489.283,1388.213,-0.0412
mixed,128,3,0.0234,4.0,256,32768,512,2048,548,1440.994,1583.394,1438.882,-0.0148
mixed,128,3,0.0234,4.0,256,32768,1024,4096,1096,1493.634,1789.204,1492.882,-0.0025
mixed,128,3,0.0234,4.0,256,32768,2048,8192,2192,1600.867,2185.365,1596.804,-0.007
mixed,128,3,0.0234,4.0,256,32768,4096,16384,4384,1817.588,2738.23,1808.898,-0.0094
mixed,128,3,0.0234,4.0,256,32768,8192,32768,8768,2231.718,5220.044,2822.727,0.1978
mixed,128,3,0.0234,4.0,256,32768,16384,65536,17536,2907.574,8441.378,3898.907,0.1791
mixed,128,3,0.0234,4.0,1024,0,16384,65536,17536,2045.524,6774.095,3175.014,0.2389
mixed,128,3,0.0234,4.0,1024,512,16384,65536,17536,2166.838,6892.316,3287.447,0.2371
mixed,128,3,0.0234,4.0,1024,2048,16384,65536,17536,2272.949,7005.068,3402.599,0.2387
mixed,128,3,0.0234,4.0,1024,8192,16384,65536,17536,2709.811,7425.118,3838.821,0.2394
mixed,128,3,0.0234,4.0,1024,32768,128,512,137,2857.287,2913.412,2886.711,0.5243
mixed,128,3,0.0234,4.0,1024,32768,256,1024,274,2881.881,2955.288,2906.662,0.3376
mixed,128,3,0.0234,4.0,1024,32768,512,2048,548,2902.251,3074.919,2958.293,0.3246
mixed,128,3,0.0234,4.0,1024,32768,1024,4096,1096,2969.159,3271.959,3053.718,0.2793
mixed,128,3,0.0234,4.0,1024,32768,2048,8192,2192,3077.572,3677.128,3227.809,0.2506
mixed,128,3,0.0234,4.0,1024,32768,4096,16384,4384,3294.262,4479.306,3581.88,0.2427
mixed,128,3,0.0234,4.0,1024,32768,8192,32768,8768,3729.495,6090.638,4299.494,0.2414
mixed,128,3,0.0234,4.0,1024,32768,16384,65536,17536,4589.803,9311.412,5726.348,0.2407
mixed,128,3,0.0234,4.0,4096,0,16384,65536,17536,2442.853,7165.489,3573.56,0.2394
mixed,128,3,0.0234,4.0,4096,512,16384,65536,17536,2676.776,7405.729,3803.478,0.2383
mixed,128,3,0.0234,4.0,4096,2048,16384,65536,17536,2985.267,7706.513,4114.891,0.2393
mixed,128,3,0.0234,4.0,4096,8192,16384,65536,17536,4071.896,8786.037,5202.654,0.2399
mixed,128,3,0.0234,4.0,4096,32768,128,512,137,6773.875,6814.111,6793.966,0.4993
mixed,128,3,0.0234,4.0,4096,32768,256,1024,274,6786.109,6898.734,6824.432,0.3403
mixed,128,3,0.0234,4.0,4096,32768,512,2048,548,6822.144,6967.636,6862.273,0.2758
mixed,128,3,0.0234,4.0,4096,32768,1024,4096,1096,6879.202,7195.28,6962.254,0.2628
mixed,128,3,0.0234,4.0,4096,32768,2048,8192,2192,7004.371,7603.118,7159.837,0.2597
mixed,128,3,0.0234,4.0,4096,32768,4096,16384,4384,7204.208,8409.486,7510.483,0.2541
mixed,128,3,0.0234,4.0,4096,32768,8192,32768,8768,7658.976,10015.296,8199.172,0.2293
mixed,128,3,0.0234,4.0,4096,32768,16384,65536,17536,8515.423,13211.068,9636.306,0.2387
pure,128,4,0.0312,4.0,0,0,16384,65536,17920,1864.821,6547.023,2959.607,0.2338
mixed,128,4,0.0312,4.0,16,0,16384,65536,17920,1876.229,6564.749,2976.07,0.2346
mixed,128,4,0.0312,4.0,16,512,16384,65536,17920,1877.3,6562.749,2971.716,0.2336
mixed,128,4,0.0312,4.0,16,2048,16384,65536,17920,1878.148,6554.608,2964.854,0.2324
mixed,128,4,0.0312,4.0,16,8192,16384,65536,17920,1884.404,6564.718,2947.173,0.2271
mixed,128,4,0.0312,4.0,16,32768,128,512,140,235.313,270.944,236.704,0.039
mixed,128,4,0.0312,4.0,16,32768,256,1024,280,238.56,304.864,243.248,0.0707
mixed,128,4,0.0312,4.0,16,32768,512,2048,560,276.672,469.552,270.096,-0.0341
mixed,128,4,0.0312,4.0,16,32768,1024,4096,1120,317.105,799.426,304.465,-0.0262
mixed,128,4,0.0312,4.0,16,32768,2048,8192,2240,501.889,1491.86,478.031,-0.0241
mixed,128,4,0.0312,4.0,16,32768,4096,16384,4480,859.765,2885.942,805.362,-0.0269
mixed,128,4,0.0312,4.0,16,32768,8192,32768,8960,1572.386,3353.208,1491.843,-0.0452
mixed,128,4,0.0312,4.0,16,32768,16384,65536,17920,3051.591,6581.039,2895.814,-0.0441
mixed,128,4,0.0312,4.0,64,0,16384,65536,17920,1884.629,6577.087,2977.718,0.2329
mixed,128,4,0.0312,4.0,64,512,16384,65536,17920,1879.427,6561.855,2964.359,0.2317
mixed,128,4,0.0312,4.0,64,2048,16384,65536,17920,1981.94,6560.669,2957.096,0.213
mixed,128,4,0.0312,4.0,64,8192,16384,65536,17920,2400.535,6891.053,2880.823,0.107
mixed,128,4,0.0312,4.0,64,32768,128,512,140,466.753,483.745,466.466,-0.0169
mixed,128,4,0.0312,4.0,64,32768,256,1024,280,493.33,549.185,491.583,-0.0313
mixed,128,4,0.0312,4.0,64,32768,512,2048,560,494.481,629.282,492.208,-0.0169
mixed,128,4,0.0312,4.0,64,32768,1024,4096,1120,550.0,782.21,549.73,-0.0012
mixed,128,4,0.0312,4.0,64,32768,2048,8192,2240,674.481,1444.739,631.106,-0.0563
mixed,128,4,0.0312,4.0,64,32768,4096,16384,4480,847.329,2709.927,1086.818,0.1286
mixed,128,4,0.0312,4.0,64,32768,8192,32768,8960,1576.93,5433.66,1452.884,-0.0322
mixed,128,4,0.0312,4.0,64,32768,16384,65536,17920,2866.038,8537.154,2733.318,-0.0234
mixed,128,4,0.0312,4.0,256,0,16384,65536,17920,1932.196,6610.302,3015.014,0.2315
mixed,128,4,0.0312,4.0,256,512,16384,65536,17920,1943.108,6613.933,2977.782,0.2215
mixed,128,4,0.0312,4.0,256,2048,16384,65536,17920,2033.7,6677.983,2958.726,0.1992
mixed,128,4,0.0312,4.0,256,8192,16384,65536,17920,2381.733,7071.342,2854.756,0.1009
mixed,128,4,0.0312,4.0,256,32768,128,512,140,1392.452,1440.324,1387.843,-0.0963
mixed,128,4,0.0312,4.0,256,32768,256,1024,280,1387.393,1489.043,1388.547,0.0114
mixed,128,4,0.0312,4.0,256,32768,512,2048,560,1443.22,1582.531,1439.715,-0.0252
mixed,128,4,0.0312,4.0,256,32768,1024,4096,1120,1495.251,1790.182,1491.41,-0.013
mixed,128,4,0.0312,4.0,256,32768,2048,8192,2240,1603.922,2183.796,1599.107,-0.0083
mixed,128,4,0.0312,4.0,256,32768,4096,16384,4480,1821.909,2711.332,1813.65,-0.0093
mixed,128,4,0.0312,4.0,256,32768,8192,32768,8960,2249.763,5245.87,2827.543,0.1928
mixed,128,4,0.0312,4.0,256,32768,16384,65536,17920,2956.886,8422.976,3897.113,0.172
mixed,128,4,0.0312,4.0,1024,0,16384,65536,17920,2084.084,6771.088,3179.463,0.2337
mixed,128,4,0.0312,4.0,1024,512,16384,65536,17920,2197.38,6890.59,3289.304,0.2327
mixed,128,4,0.0312,4.0,1024,2048,16384,65536,17920,2313.73,7001.039,3408.649,0.2336
mixed,128,4,0.0312,4.0,1024,8192,16384,65536,17920,2743.285,7436.546,3836.344,0.2329
mixed,128,4,0.0312,4.0,1024,32768,128,512,140,2864.34,2916.664,2890.342,0.497
mixed,128,4,0.0312,4.0,1024,32768,256,1024,280,2880.82,2970.277,2912.166,0.3504
mixed,128,4,0.0312,4.0,1024,32768,512,2048,560,2922.218,3061.063,2960.054,0.2725
mixed,128,4,0.0312,4.0,1024,32768,1024,4096,1120,2964.052,3266.55,3050.263,0.285
mixed,128,4,0.0312,4.0,1024,32768,2048,8192,2240,3083.657,3670.631,3232.023,0.2528
mixed,128,4,0.0312,4.0,1024,32768,4096,16384,4480,3304.819,4480.727,3580.18,0.2342
mixed,128,4,0.0312,4.0,1024,32768,8192,32768,8960,3747.897,6091.467,4302.423,0.2366
mixed,128,4,0.0312,4.0,1024,32768,16384,65536,17920,4630.891,9306.981,5725.642,0.2341
mixed,128,4,0.0312,4.0,4096,0,16384,65536,17920,2482.805,7151.856,3580.473,0.2351
mixed,128,4,0.0312,4.0,4096,512,16384,65536,17920,2715.494,7417.487,3809.074,0.2326
mixed,128,4,0.0312,4.0,4096,2048,16384,65536,17920,3023.157,7699.584,4121.382,0.2348
mixed,128,4,0.0312,4.0,4096,8192,16384,65536,17920,4110.31,8788.149,5201.13,0.2332
mixed,128,4,0.0312,4.0,4096,32768,128,512,140,6770.558,6816.491,6797.414,0.5847
mixed,128,4,0.0312,4.0,4096,32768,256,1024,280,6815.644,6864.722,6841.659,0.5301
mixed,128,4,0.0312,4.0,4096,32768,512,2048,560,6814.881,6974.4,6871.775,0.3567
mixed,128,4,0.0312,4.0,4096,32768,1024,4096,1120,6867.997,7189.489,6971.053,0.3206
mixed,128,4,0.0312,4.0,4096,32768,2048,8192,2240,6999.341,7596.547,7125.056,0.2105
mixed,128,4,0.0312,4.0,4096,32768,4096,16384,4480,7214.508,8396.499,7492.16,0.2349
mixed,128,4,0.0312,4.0,4096,32768,8192,32768,8960,7656.208,10001.927,8206.784,0.2347
mixed,128,4,0.0312,4.0,4096,32768,16384,65536,17920,8561.122,13215.006,9631.86,0.2301
pure,128,8,0.0625,4.0,0,0,16384,65536,19456,2019.204,6541.233,2965.832,0.2093
mixed,128,8,0.0625,4.0,16,0,16384,65536,19456,2031.909,6567.136,2971.111,0.2071
mixed,128,8,0.0625,4.0,16,512,16384,65536,19456,2033.077,6559.135,2976.039,0.2083
mixed,128,8,0.0625,4.0,16,2048,16384,65536,19456,2031.475,6560.415,2971.128,0.2075
mixed,128,8,0.0625,4.0,16,8192,16384,65536,19456,2039.573,6568.496,2950.374,0.2011
mixed,128,8,0.0625,4.0,16,32768,128,512,152,235.298,272.848,232.577,-0.0725
mixed,128,8,0.0625,4.0,16,32768,256,1024,304,240.049,303.472,242.625,0.0406
mixed,128,8,0.0625,4.0,16,32768,512,2048,608,292.079,472.529,274.56,-0.0971
mixed,128,8,0.0625,4.0,16,32768,1024,4096,1216,341.712,801.713,309.042,-0.071
mixed,128,8,0.0625,4.0,16,32768,2048,8192,2432,530.113,1493.411,481.137,-0.0508
mixed,128,8,0.0625,4.0,16,32768,4096,16384,4864,924.002,2883.334,813.074,-0.0566
mixed,128,8,0.0625,4.0,16,32768,8192,32768,9728,1745.94,3352.327,1501.956,-0.1519
mixed,128,8,0.0625,4.0,16,32768,16384,65536,19456,3195.831,6586.097,2905.318,-0.0857
mixed,128,8,0.0625,4.0,64,0,16384,65536,19456,2036.358,6577.646,2980.374,0.2079
mixed,128,8,0.0625,4.0,64,512,16384,65536,19456,2034.068,6553.63,2971.001,0.2073
mixed,128,8,0.0625,4.0,64,2048,16384,65536,19456,2126.326,6568.686,2956.024,0.1868
mixed,128,8,0.0625,4.0,64,8192,16384,65536,19456,2545.798,6894.529,2895.624,0.0804
mixed,128,8,0.0625,4.0,64,32768,128,512,152,467.794,486.0,468.048,0.014
mixed,128,8,0.0625,4.0,64,32768,256,1024,304,492.479,546.929,492.419,-0.0011
mixed,128,8,0.0625,4.0,64,32768,512,2048,608,516.481,629.167,511.632,-0.043
mixed,128,8,0.0625,4.0,64,32768,1024,4096,1216,543.025,786.913,549.905,0.0282
mixed,128,8,0.0625,4.0,64,32768,2048,8192,2432,716.26,1475.653,634.019,-0.1083
mixed,128,8,0.0625,4.0,64,32768,4096,16384,4864,910.498,2713.591,1106.852,0.1089
mixed,128,8,0.0625,4.0,64,32768,8192,32768,9728,1705.412,5432.879,1498.005,-0.0556
mixed,128,8,0.0625,4.0,64,32768,16384,65536,19456,3013.19,8529.347,2836.822,-0.032
mixed,128,8,0.0625,4.0,256,0,16384,65536,19456,2085.526,6615.535,3005.094,0.203
mixed,128,8,0.0625,4.0,256,512,16384,65536,19456,2096.419,6620.928,2987.975,0.1971
mixed,128,8,0.0625,4.0,256,2048,16384,65536,19456,2182.325,6679.023,2962.072,0.1734
mixed,128,8,0.0625,4.0,256,8192,16384,65536,19456,2533.861,7010.911,2896.805,0.0811
mixed,128,8,0.0625,4.0,256,32768,128,512,152,1387.842,1438.26,1388.785,0.0187
mixed,128,8,0.0625,4.0,256,32768,256,1024,304,1388.26,1486.946,1387.557,-0.0071
mixed,128,8,0.0625,4.0,256,32768,512,2048,608,1449.219,1583.124,1442.211,-0.0523
mixed,128,8,0.0625,4.0,256,32768,1024,4096,1216,1506.245,1786.275,1498.163,-0.0289
mixed,128,8,0.0625,4.0,256,32768,2048,8192,2432,1620.339,2182.948,1611.282,-0.0161
mixed,128,8,0.0625,4.0,256,32768,4096,16384,4864,1854.339,2697.831,2716.79,1.0225
mixed,128,8,0.0625,4.0,256,32768,8192,32768,9728,2327.012,5217.354,2845.094,0.1792
mixed,128,8,0.0625,4.0,256,32768,16384,65536,19456,3180.246,8459.297,3921.128,0.1403
mixed,128,8,0.0625,4.0,1024,0,16384,65536,19456,2242.323,6775.615,3183.733,0.2077
mixed,128,8,0.0625,4.0,1024,512,16384,65536,19456,2357.509,6896.172,3297.095,0.207
mixed,128,8,0.0625,4.0,1024,2048,16384,65536,19456,2476.007,7003.582,3418.666,0.2082
mixed,128,8,0.0625,4.0,1024,8192,16384,65536,19456,2901.095,7424.226,3844.169,0.2085
mixed,128,8,0.0625,4.0,1024,32768,128,512,152,2871.111,2902.245,2888.438,0.5565
mixed,128,8,0.0625,4.0,1024,32768,256,1024,304,2882.714,2961.607,2912.118,0.3727
mixed,128,8,0.0625,4.0,1024,32768,512,2048,608,2919.43,3062.085,2955.032,0.2496
mixed,128,8,0.0625,4.0,1024,32768,1024,4096,1216,2978.261,3267.062,3047.703,0.2404
mixed,128,8,0.0625,4.0,1024,32768,2048,8192,2432,3097.028,3678.105,3228.473,0.2262
mixed,128,8,0.0625,4.0,1024,32768,4096,16384,4864,3345.926,4474.588,3578.538,0.2061
mixed,128,8,0.0625,4.0,1024,32768,8192,32768,9728,3815.159,6087.034,4289.161,0.2086
mixed,128,8,0.0625,4.0,1024,32768,16384,65536,19456,4780.217,9309.97,5726.154,0.2088
mixed,128,8,0.0625,4.0,4096,0,16384,65536,19456,2634.98,7160.64,3584.841,0.2099
mixed,128,8,0.0625,4.0,4096,512,16384,65536,19456,2875.506,7408.354,3815.593,0.2074
mixed,128,8,0.0625,4.0,4096,2048,16384,65536,19456,3185.235,7702.802,4121.337,0.2072
mixed,128,8,0.0625,4.0,4096,8192,16384,65536,19456,4256.125,8787.872,5208.059,0.2101
mixed,128,8,0.0625,4.0,4096,32768,128,512,152,6793.057,6835.98,6802.756,0.226
mixed,128,8,0.0625,4.0,4096,32768,256,1024,304,6794.015,6880.416,6823.531,0.3416
mixed,128,8,0.0625,4.0,4096,32768,512,2048,608,6821.019,6971.967,6865.324,0.2935
mixed,128,8,0.0625,4.0,4096,32768,1024,4096,1216,6876.908,7169.564,6956.461,0.2718
mixed,128,8,0.0625,4.0,4096,32768,2048,8192,2432,7008.895,7581.854,7130.079,0.2115
mixed,128,8,0.0625,4.0,4096,32768,4096,16384,4864,7251.327,8401.873,7518.995,0.2326
mixed,128,8,0.0625,4.0,4096,32768,8192,32768,9728,7755.12,10010.262,8220.881,0.2065
mixed,128,8,0.0625,4.0,4096,32768,16384,65536,19456,8700.24,13219.376,9660.373,0.2125
pure,128,16,0.125,4.0,0,0,16384,65536,22528,2323.397,6547.037,2990.742,0.158
mixed,128,16,0.125,4.0,16,0,16384,65536,22528,2329.764,6562.558,3003.639,0.1592
mixed,128,16,0.125,4.0,16,512,16384,65536,22528,2336.726,6563.839,3000.694,0.1571
mixed,128,16,0.125,4.0,16,2048,16384,65536,22528,2332.691,6556.445,3014.518,0.1614
mixed,128,16,0.125,4.0,16,8192,16384,65536,22528,2339.812,6564.527,3039.238,0.1656
mixed,128,16,0.125,4.0,16,32768,128,512,176,235.84,274.255,239.554,0.0967
mixed,128,16,0.125,4.0,16,32768,256,1024,352,249.744,303.04,249.585,-0.003
mixed,128,16,0.125,4.0,16,32768,512,2048,704,318.401,469.537,274.801,-0.2885
mixed,128,16,0.125,4.0,16,32768,1024,4096,1408,368.273,800.322,386.497,0.0422
mixed,128,16,0.125,4.0,16,32768,2048,8192,2816,590.928,1490.994,482.913,-0.12
mixed,128,16,0.125,4.0,16,32768,4096,16384,5632,1053.17,2892.421,830.562,-0.121
mixed,128,16,0.125,4.0,16,32768,8192,32768,11264,2002.693,3360.28,1534.341,-0.345
mixed,128,16,0.125,4.0,16,32768,16384,65536,22528,3492.425,6579.647,2987.831,-0.1634
mixed,128,16,0.125,4.0,64,0,16384,65536,22528,2339.847,6569.31,3009.159,0.1582
mixed,128,16,0.125,4.0,64,512,16384,65536,22528,2333.015,6568.975,2996.791,0.1567
mixed,128,16,0.125,4.0,64,2048,16384,65536,22528,2421.509,6545.567,2992.68,0.1385
mixed,128,16,0.125,4.0,64,8192,16384,65536,22528,2837.014,6892.832,2950.551,0.028
mixed,128,16,0.125,4.0,64,32768,128,512,176,469.744,487.904,468.738,-0.0554
mixed,128,16,0.125,4.0,64,32768,256,1024,352,492.481,546.913,492.881,0.0074
mixed,128,16,0.125,4.0,64,32768,512,2048,704,531.33,630.56,545.09,0.1387
mixed,128,16,0.125,4.0,64,32768,1024,4096,1408,602.481,788.448,579.106,-0.1257
mixed,128,16,0.125,4.0,64,32768,2048,8192,2816,808.451,1478.305,797.043,-0.017
mixed,128,16,0.125,4.0,64,32768,4096,16384,5632,1027.696,2711.335,1105.763,0.0464
mixed,128,16,0.125,4.0,64,32768,8192,32768,11264,1913.203,5427.517,1474.612,-0.1248
mixed,128,16,0.125,4.0,64,32768,16384,65536,22528,3317.129,8548.211,2868.468,-0.0858
mixed,128,16,0.125,4.0,256,0,16384,65536,22528,2383.51,6606.016,3021.767,0.1512
mixed,128,16,0.125,4.0,256,512,16384,65536,22528,2393.765,6624.415,2999.464,0.1432
mixed,128,16,0.125,4.0,256,2048,16384,65536,22528,2480.262,6696.767,2987.702,0.1203
mixed,128,16,0.125,4.0,256,8192,16384,65536,22528,2844.6,7049.438,2941.798,0.0231
mixed,128,16,0.125,4.0,256,32768,128,512,176,1386.835,1440.931,1396.07,0.1707
mixed,128,16,0.125,4.0,256,32768,256,1024,352,1418.036,1490.053,1417.348,-0.0095
mixed,128,16,0.125,4.0,256,32768,512,2048,704,1458.723,1584.838,1448.227,-0.0832
mixed,128,16,0.125,4.0,256,32768,1024,4096,1408,1523.091,1788.468,1515.986,-0.0268
mixed,128,16,0.125,4.0,256,32768,2048,8192,2816,1661.957,2185.252,2061.683,0.7639
mixed,128,16,0.125,4.0,256,32768,4096,16384,5632,1927.46,2737.799,2722.005,0.9805
mixed,128,16,0.125,4.0,256,32768,8192,32768,11264,2477.124,5241.134,2854.533,0.1365
mixed,128,16,0.125,4.0,256,32768,16384,65536,22528,3659.592,8434.133,3931.946,0.057
mixed,128,16,0.125,4.0,1024,0,16384,65536,22528,2544.518,6775.072,3201.275,0.1552
mixed,128,16,0.125,4.0,1024,512,16384,65536,22528,2666.553,6894.079,3315.912,0.1536
mixed,128,16,0.125,4.0,1024,2048,16384,65536,22528,2779.32,6999.374,3430.484,0.1543
mixed,128,16,0.125,4.0,1024,8192,16384,65536,22528,3196.887,7425.024,3862.617,0.1575
mixed,128,16,0.125,4.0,1024,32768,128,512,176,2870.116,2911.35,2899.43,0.7109
mixed,128,16,0.125,4.0,1024,32768,256,1024,352,2884.632,2959.001,2919.159,0.4643
mixed,128,16,0.125,4.0,1024,32768,512,2048,704,2925.447,3061.718,2966.247,0.2994
mixed,128,16,0.125,4.0,1024,32768,1024,4096,1408,3001.126,3258.904,3056.933,0.2165
mixed,128,16,0.125,4.0,1024,32768,2048,8192,2816,3148.789,3679.767,3234.582,0.1616
mixed,128,16,0.125,4.0,1024,32768,4096,16384,5632,3417.832,4476.523,3595.096,0.1674
mixed,128,16,0.125,4.0,1024,32768,8192,32768,11264,3982.62,6083.393,4313.195,0.1574
mixed,128,16,0.125,4.0,1024,32768,16384,65536,22528,5086.73,9306.76,5745.981,0.1562
mixed,128,16,0.125,4.0,4096,0,16384,65536,22528,2940.296,7163.135,3604.218,0.1572
mixed,128,16,0.125,4.0,4096,512,16384,65536,22528,3177.0,7399.422,3837.303,0.1564
mixed,128,16,0.125,4.0,4096,2048,16384,65536,22528,3479.803,7698.081,4152.974,0.1596
mixed,128,16,0.125,4.0,4096,8192,16384,65536,22528,4564.077,8786.804,5225.979,0.1567
mixed,128,16,0.125,4.0,4096,32768,128,512,176,6808.274,6832.649,6805.388,-0.1184
mixed,128,16,0.125,4.0,4096,32768,256,1024,352,6792.959,6866.671,6829.14,0.4908
mixed,128,16,0.125,4.0,4096,32768,512,2048,704,6842.638,6961.12,6859.468,0.1421
mixed,128,16,0.125,4.0,4096,32768,1024,4096,1408,6910.382,7185.942,6966.034,0.202
mixed,128,16,0.125,4.0,4096,32768,2048,8192,2816,7041.202,7586.31,7147.35,0.1947
mixed,128,16,0.125,4.0,4096,32768,4096,16384,5632,7329.711,8400.868,7512.452,0.1706
mixed,128,16,0.125,4.0,4096,32768,8192,32768,11264,7911.302,9999.399,8226.563,0.151
mixed,128,16,0.125,4.0,4096,32768,16384,65536,22528,9020.853,13205.106,9667.382,0.1545
pure,128,32,0.25,4.0,0,0,16384,65536,28672,2919.255,6544.045,3518.89,0.1654
mixed,128,32,0.25,4.0,16,0,16384,65536,28672,2936.789,6569.294,3525.047,0.1619
mixed,128,32,0.25,4.0,16,512,16384,65536,28672,2933.671,6566.624,3524.359,0.1626
mixed,128,32,0.25,4.0,16,2048,16384,65536,28672,2936.455,6566.382,3518.76,0.1604
mixed,128,32,0.25,4.0,16,8192,16384,65536,28672,2939.253,6565.695,3501.992,0.1552
mixed,128,32,0.25,4.0,16,32768,128,512,224,237.122,271.408,234.079,-0.0887
mixed,128,32,0.25,4.0,16,32768,256,1024,448,261.505,304.657,251.312,-0.2362
mixed,128,32,0.25,4.0,16,32768,512,2048,896,289.263,471.17,284.96,-0.0237
mixed,128,32,0.25,4.0,16,32768,1024,4096,1792,429.857,803.523,400.448,-0.0787
mixed,128,32,0.25,4.0,16,32768,2048,8192,3584,714.946,1490.308,647.841,-0.0865
mixed,128,32,0.25,4.0,16,32768,4096,16384,7168,1310.275,2882.646,878.035,-0.2749
mixed,128,32,0.25,4.0,16,32768,8192,32768,14336,2529.094,3358.871,1597.155,-1.1231
mixed,128,32,0.25,4.0,16,32768,16384,65536,28672,4069.241,6582.303,3442.391,-0.2494
mixed,128,32,0.25,4.0,64,0,16384,65536,28672,2942.599,6577.229,3529.383,0.1614
mixed,128,32,0.25,4.0,64,512,16384,65536,28672,2947.352,6560.559,3520.6,0.1587
mixed,128,32,0.25,4.0,64,2048,16384,65536,28672,3018.487,6569.439,3506.6,0.1375
mixed,128,32,0.25,4.0,64,8192,16384,65536,28672,3422.282,6883.055,3459.962,0.0109
mixed,128,32,0.25,4.0,64,32768,128,512,224,475.328,485.874,491.266,1.5114
mixed,128,32,0.25,4.0,64,32768,256,1024,448,494.977,548.403,493.011,-0.0368
mixed,128,32,0.25,4.0,64,32768,512,2048,896,577.457,628.609,550.193,-0.533
mixed,128,32,0.25,4.0,64,32768,1024,4096,1792,706.467,792.067,642.129,-0.7516
mixed,128,32,0.25,4.0,64,32768,2048,8192,3584,759.106,1457.506,767.861,0.0125
mixed,128,32,0.25,4.0,64,32768,4096,16384,7168,1296.627,2714.341,1142.084,-0.109
mixed,128,32,0.25,4.0,64,32768,8192,32768,14336,2394.438,5427.516,2090.647,-0.1002
mixed,128,32,0.25,4.0,64,32768,16384,65536,28672,4771.979,8546.403,3010.92,-0.4666
mixed,128,32,0.25,4.0,256,0,16384,65536,28672,2989.799,6620.862,3114.886,0.0344
mixed,128,32,0.25,4.0,256,512,16384,65536,28672,2989.016,6614.897,3190.471,0.0556
mixed,128,32,0.25,4.0,256,2048,16384,65536,28672,3086.759,6699.199,3267.208,0.05
mixed,128,32,0.25,4.0,256,8192,16384,65536,28672,3443.687,7040.544,3717.899,0.0762
mixed,128,32,0.25,4.0,256,32768,128,512,224,1387.716,1438.372,1388.691,0.0192
mixed,128,32,0.25,4.0,256,32768,256,1024,448,1434.34,1489.908,1421.971,-0.2226
mixed,128,32,0.25,4.0,256,32768,512,2048,896,1476.162,1582.291,1492.595,0.1548
mixed,128,32,0.25,4.0,256,32768,1024,4096,1792,1558.1,1786.323,1732.644,0.7648
mixed,128,32,0.25,4.0,256,32768,2048,8192,3584,1733.059,2179.463,2065.3,0.7443
mixed,128,32,0.25,4.0,256,32768,4096,16384,7168,2074.82,2728.18,2733.286,1.0078
mixed,128,32,0.25,4.0,256,32768,8192,32768,14336,2632.039,5224.3,2692.774,0.0234
mixed,128,32,0.25,4.0,256,32768,16384,65536,28672,4688.633,8497.49,4180.475,-0.1334
mixed,128,32,0.25,4.0,1024,0,16384,65536,28672,3150.775,6777.981,3743.194,0.1633
mixed,128,32,0.25,4.0,1024,512,16384,65536,28672,3261.801,6887.425,3855.302,0.1637
mixed,128,32,0.25,4.0,1024,2048,16384,65536,28672,3374.424,7006.959,3971.56,0.1644
mixed,128,32,0.25,4.0,1024,8192,16384,65536,28672,3803.608,7428.479,4400.73,0.1647
mixed,128,32,0.25,4.0,1024,32768,128,512,224,2869.365,2905.016,2887.219,0.5008
mixed,128,32,0.25,4.0,1024,32768,256,1024,448,2897.291,2961.957,2921.542,0.375
mixed,128,32,0.25,4.0,1024,32768,512,2048,896,2943.125,3061.559,2986.361,0.3651
mixed,128,32,0.25,4.0,1024,32768,1024,4096,1792,3039.22,3275.733,3087.898,0.2058
mixed,128,32,0.25,4.0,1024,32768,2048,8192,3584,3212.713,3680.696,3305.189,0.1976
mixed,128,32,0.25,4.0,1024,32768,4096,16384,7168,3578.073,4478.667,3727.258,0.1657
mixed,128,32,0.25,4.0,1024,32768,8192,32768,14336,4272.024,6096.907,4584.571,0.1713
mixed,128,32,0.25,4.0,1024,32768,16384,65536,28672,5689.596,9318.55,6277.82,0.1621
mixed,128,32,0.25,4.0,4096,0,16384,65536,28672,3542.251,7164.704,4137.099,0.1642
mixed,128,32,0.25,4.0,4096,512,16384,65536,28672,3778.923,7399.537,4375.29,0.1647
mixed,128,32,0.25,4.0,4096,2048,16384,65536,28672,4088.955,7708.258,4681.561,0.1637
mixed,128,32,0.25,4.0,4096,8192,16384,65536,28672,5164.445,8786.743,5758.557,0.164
mixed,128,32,0.25,4.0,4096,32768,128,512,224,6771.679,6813.693,6826.659,1.3086
mixed,128,32,0.25,4.0,4096,32768,256,1024,448,6824.19,6874.561,6832.816,0.1712
mixed,128,32,0.25,4.0,4096,32768,512,2048,896,6855.391,6995.586,6914.353,0.4206
mixed,128,32,0.25,4.0,4096,32768,1024,4096,1792,6953.6,7188.817,7012.691,0.2512
mixed,128,32,0.25,4.0,4096,32768,2048,8192,3584,7152.015,7596.385,7259.602,0.2421
mixed,128,32,0.25,4.0,4096,32768,4096,16384,7168,7493.378,8397.331,7643.121,0.1657
mixed,128,32,0.25,4.0,4096,32768,8192,32768,14336,8188.628,10008.471,8516.469,0.1801
mixed,128,32,0.25,4.0,4096,32768,16384,65536,28672,9619.16,13210.464,10197.766,0.1611
pure,128,64,0.5,4.0,0,0,16384,65536,40960,4134.601,6549.12,4608.716,0.1964
mixed,128,64,0.5,4.0,16,0,16384,65536,40960,4142.123,6561.954,4613.882,0.195
mixed,128,64,0.5,4.0,16,512,16384,65536,40960,4143.435,6553.168,4614.443,0.1955
mixed,128,64,0.5,4.0,16,2048,16384,65536,40960,4144.984,6555.183,4610.762,0.1933
mixed,128,64,0.5,4.0,16,8192,16384,65536,40960,4152.65,6564.19,4604.712,0.1875
mixed,128,64,0.5,4.0,16,32768,128,512,320,249.216,273.601,241.746,-0.3064
mixed,128,64,0.5,4.0,16,32768,256,1024,640,299.423,303.391,292.543,-1.7335
mixed,128,64,0.5,4.0,16,32768,512,2048,1280,348.227,471.425,349.921,0.0138
mixed,128,64,0.5,4.0,16,32768,1024,4096,2560,551.922,802.723,483.618,-0.2723
mixed,128,64,0.5,4.0,16,32768,2048,8192,5120,969.94,1497.347,815.17,-0.2935
mixed,128,64,0.5,4.0,16,32768,4096,16384,10240,1831.011,2884.421,1515.859,-0.2992
mixed,128,64,0.5,4.0,16,32768,8192,32768,20480,3301.703,3358.742,3000.008,-5.2893
mixed,128,64,0.5,4.0,16,32768,16384,65536,40960,4164.475,6577.168,4696.313,0.2204
mixed,128,64,0.5,4.0,64,0,16384,65536,40960,4153.69,6566.734,4621.082,0.1937
mixed,128,64,0.5,4.0,64,512,16384,65536,40960,4144.025,6560.192,4613.084,0.1941
mixed,128,64,0.5,4.0,64,2048,16384,65536,40960,4180.57,6573.423,4608.635,0.1789
mixed,128,64,0.5,4.0,64,8192,16384,65536,40960,4563.306,6892.548,4594.747,0.0135
mixed,128,64,0.5,4.0,64,32768,128,512,320,492.993,486.034,491.954,
mixed,128,64,0.5,4.0,64,32768,256,1024,640,522.705,548.034,496.579,-1.0315
mixed,128,64,0.5,4.0,64,32768,512,2048,1280,561.44,628.721,556.784,-0.0692
mixed,128,64,0.5,4.0,64,32768,1024,4096,2560,748.785,794.033,767.473,0.413
mixed,128,64,0.5,4.0,64,32768,2048,8192,5120,940.867,1467.525,941.604,0.0014
mixed,128,64,0.5,4.0,64,32768,4096,16384,10240,1779.686,2713.255,1477.508,-0.3237
mixed,128,64,0.5,4.0,64,32768,8192,32768,20480,3113.334,5434.397,2829.624,-0.1222
mixed,128,64,0.5,4.0,64,32768,16384,65536,40960,6206.734,8525.252,5675.006,-0.2293
mixed,128,64,0.5,4.0,256,0,16384,65536,40960,4202.84,6619.39,4647.673,0.1841
mixed,128,64,0.5,4.0,256,512,16384,65536,40960,4211.464,6612.448,4658.345,0.1861
mixed,128,64,0.5,4.0,256,2048,16384,65536,40960,4290.427,6697.423,4653.292,0.1508
mixed,128,64,0.5,4.0,256,8192,16384,65536,40960,4628.698,7022.656,4621.291,-0.0031
mixed,128,64,0.5,4.0,256,32768,128,512,320,1421.314,1441.331,1402.274,-0.9512
mixed,128,64,0.5,4.0,256,32768,256,1024,640,1456.341,1489.572,1471.733,0.4632
mixed,128,64,0.5,4.0,256,32768,512,2048,1280,1509.59,1583.124,1565.3,0.7576
mixed,128,64,0.5,4.0,256,32768,1024,4096,2560,1632.306,1784.883,1736.337,0.6818
mixed,128,64,0.5,4.0,256,32768,2048,8192,5120,1887.731,2180.133,2069.155,0.6205
mixed,128,64,0.5,4.0,256,32768,4096,16384,10240,2378.903,2736.487,2744.054,1.0212
mixed,128,64,0.5,4.0,256,32768,8192,32768,20480,3365.51,5181.324,3302.121,-0.0349
mixed,128,64,0.5,4.0,256,32768,16384,65536,40960,6053.119,8413.14,5531.868,-0.2209
mixed,128,64,0.5,4.0,1024,0,16384,65536,40960,4356.092,6774.864,4831.147,0.1964
mixed,128,64,0.5,4.0,1024,512,16384,65536,40960,4470.597,6882.446,4953.791,0.2003
mixed,128,64,0.5,4.0,1024,2048,16384,65536,40960,4590.75,7012.481,5068.298,0.1972
mixed,128,64,0.5,4.0,1024,8192,16384,65536,40960,5004.986,7425.245,5489.391,0.2001
mixed,128,64,0.5,4.0,1024,32768,128,512,320,2898.549,2911.173,2906.425,0.6239
mixed,128,64,0.5,4.0,1024,32768,256,1024,640,2918.154,2966.679,2957.138,0.8034
mixed,128,64,0.5,4.0,1024,32768,512,2048,1280,2984.373,3062.71,3019.081,0.4431
mixed,128,64,0.5,4.0,1024,32768,1024,4096,2560,3113.91,3274.276,3158.343,0.2771
mixed,128,64,0.5,4.0,1024,32768,2048,8192,5120,3367.32,3669.657,3434.265,0.2214
mixed,128,64,0.5,4.0,1024,32768,4096,16384,10240,3872.617,4478.793,4000.633,0.2112
mixed,128,64,0.5,4.0,1024,32768,8192,32768,20480,4877.02,6089.934,5131.741,0.21
mixed,128,64,0.5,4.0,1024,32768,16384,65536,40960,6891.089,9298.119,7381.574,0.2038
mixed,128,64,0.5,4.0,4096,0,16384,65536,40960,4748.62,7158.308,5222.22,0.1965
mixed,128,64,0.5,4.0,4096,512,16384,65536,40960,4988.954,7402.945,5469.244,0.199
mixed,128,64,0.5,4.0,4096,2048,16384,65536,40960,5289.086,7703.234,5766.494,0.1978
mixed,128,64,0.5,4.0,4096,8192,16384,65536,40960,6363.884,8771.189,6846.258,0.2004
mixed,128,64,0.5,4.0,4096,32768,128,512,320,6804.972,6843.603,6834.191,0.7564
mixed,128,64,0.5,4.0,4096,32768,256,1024,640,6833.444,6862.227,6859.933,0.9203
mixed,128,64,0.5,4.0,4096,32768,512,2048,1280,6903.563,6977.603,6924.082,0.2771
mixed,128,64,0.5,4.0,4096,32768,1024,4096,2560,7022.785,7193.569,7088.015,0.3819
mixed,128,64,0.5,4.0,4096,32768,2048,8192,5120,7292.322,7591.38,7360.317,0.2274
mixed,128,64,0.5,4.0,4096,32768,4096,16384,10240,7803.987,8410.151,7926.418,0.202
mixed,128,64,0.5,4.0,4096,32768,8192,32768,20480,8806.343,9997.026,9038.61,0.1951
mixed,128,64,0.5,4.0,4096,32768,16384,65536,40960,10814.496,13220.369,11303.204,0.2031
pure,128,96,0.75,4.0,0,0,16384,65536,53248,5339.699,6547.281,5906.259,0.4692
mixed,128,96,0.75,4.0,16,0,16384,65536,53248,5352.818,6567.234,5915.265,0.4631
mixed,128,96,0.75,4.0,16,512,16384,65536,53248,5349.632,6556.354,5920.707,0.4732
mixed,128,96,0.75,4.0,16,2048,16384,65536,53248,5359.329,6557.746,5914.45,0.4632
mixed,128,96,0.75,4.0,16,8192,16384,65536,53248,5355.635,6557.791,5988.753,0.5267
mixed,128,96,0.75,4.0,16,32768,128,512,416,244.942,271.827,251.312,0.2369
mixed,128,96,0.75,4.0,16,32768,256,1024,832,286.799,302.817,298.065,0.7033
mixed,128,96,0.75,4.0,16,32768,512,2048,1664,407.569,469.935,463.937,0.9038
mixed,128,96,0.75,4.0,16,32768,1024,4096,3328,669.821,799.842,542.993,-0.9754
mixed,128,96,0.75,4.0,16,32768,2048,8192,6656,1229.874,1491.84,832.545,-1.5167
mixed,128,96,0.75,4.0,16,32768,4096,16384,13312,2203.569,2893.856,1567.952,-0.9208
mixed,128,96,0.75,4.0,16,32768,8192,32768,26624,3875.697,3353.249,3146.193,
mixed,128,96,0.75,4.0,16,32768,16384,65536,53248,5370.048,6573.905,6158.466,0.6549
mixed,128,96,0.75,4.0,64,0,16384,65536,53248,5357.826,6566.209,5924.994,0.4694
mixed,128,96,0.75,4.0,64,512,16384,65536,53248,5367.633,6568.098,5926.097,0.4652
mixed,128,96,0.75,4.0,64,2048,16384,65536,53248,5347.632,6552.753,5920.047,0.475
mixed,128,96,0.75,4.0,64,8192,16384,65536,53248,5748.796,6922.768,5935.518,0.1591
mixed,128,96,0.75,4.0,64,32768,128,512,416,491.603,485.442,492.239,
mixed,128,96,0.75,4.0,64,32768,256,1024,832,569.217,547.809,551.875,
mixed,128,96,0.75,4.0,64,32768,512,2048,1664,688.802,628.754,631.522,
mixed,128,96,0.75,4.0,64,32768,1024,4096,3328,911.346,798.642,787.2,
mixed,128,96,0.75,4.0,64,32768,2048,8192,6656,1206.291,1432.084,1409.043,0.898
mixed,128,96,0.75,4.0,64,32768,4096,16384,13312,2229.891,2713.798,1782.436,-0.9247
mixed,128,96,0.75,4.0,64,32768,8192,32768,26624,4441.242,5437.612,2880.775,-1.5662
mixed,128,96,0.75,4.0,64,32768,16384,65536,53248,7393.57,8578.245,5956.238,-1.2133
mixed,128,96,0.75,4.0,256,0,16384,65536,53248,5405.215,6603.695,5954.974,0.4587
mixed,128,96,0.75,4.0,256,512,16384,65536,53248,5412.988,6616.704,6000.862,0.4884
mixed,128,96,0.75,4.0,256,2048,16384,65536,53248,5500.668,6703.232,5990.078,0.407
mixed,128,96,0.75,4.0,256,8192,16384,65536,53248,5861.917,7034.207,5989.629,0.1089
mixed,128,96,0.75,4.0,256,32768,128,512,416,1427.65,1440.228,1433.268,0.4466
mixed,128,96,0.75,4.0,256,32768,256,1024,832,1470.211,1488.212,1479.636,0.5236
mixed,128,96,0.75,4.0,256,32768,512,2048,1664,1547.811,1586.436,1573.171,0.6566
mixed,128,96,0.75,4.0,256,32768,1024,4096,3328,1705.028,1785.075,1747.43,0.5297
mixed,128,96,0.75,4.0,256,32768,2048,8192,6656,2030.292,2175.974,2094.215,0.4388
mixed,128,96,0.75,4.0,256,32768,4096,16384,13312,2689.286,2724.341,2793.879,2.9836
mixed,128,96,0.75,4.0,256,32768,8192,32768,26624,4315.483,5264.347,5176.891,0.9078
mixed,128,96,0.75,4.0,256,32768,16384,65536,53248,7204.162,8480.963,8039.346,0.6541
mixed,128,96,0.75,4.0,1024,0,16384,65536,53248,5570.11,6772.366,6148.222,0.4809
mixed,128,96,0.75,4.0,1024,512,16384,65536,53248,5682.796,6884.881,6257.488,0.4781
mixed,128,96,0.75,4.0,1024,2048,16384,65536,53248,5807.148,7009.18,6371.31,0.4693
mixed,128,96,0.75,4.0,1024,8192,16384,65536,53248,6220.927,7427.855,6789.265,0.4709
mixed,128,96,0.75,4.0,1024,32768,128,512,416,2897.813,2915.093,2929.13,1.8123
mixed,128,96,0.75,4.0,1024,32768,256,1024,832,2941.591,2960.146,2986.995,2.4469
mixed,128,96,0.75,4.0,1024,32768,512,2048,1664,3030.486,3072.395,3081.032,1.2061
mixed,128,96,0.75,4.0,1024,32768,1024,4096,3328,3190.858,3282.103,3250.617,0.6549
mixed,128,96,0.75,4.0,1024,32768,2048,8192,6656,3538.168,3681.067,3617.814,0.5574
mixed,128,96,0.75,4.0,1024,32768,4096,16384,13312,4170.666,4476.025,4330.668,0.524
mixed,128,96,0.75,4.0,1024,32768,8192,32768,26624,5478.909,6085.008,5780.03,0.4968
mixed,128,96,0.75,4.0,1024,32768,16384,65536,53248,8097.525,9302.962,8673.523,0.4778
mixed,128,96,0.75,4.0,4096,0,16384,65536,53248,5957.708,7156.877,6519.004,0.4681
mixed,128,96,0.75,4.0,4096,512,16384,65536,53248,6208.799,7406.147,6775.666,0.4734
mixed,128,96,0.75,4.0,4096,2048,16384,65536,53248,6495.756,7699.343,7072.465,0.4792
mixed,128,96,0.75,4.0,4096,8192,16384,65536,53248,7572.365,8779.65,8142.849,0.4725
mixed,128,96,0.75,4.0,4096,32768,128,512,416,6810.463,6826.888,6835.057,1.4973
mixed,128,96,0.75,4.0,4096,32768,256,1024,832,6847.745,6885.807,6912.701,1.7066
mixed,128,96,0.75,4.0,4096,32768,512,2048,1664,6954.734,6994.242,7000.241,1.1518
mixed,128,96,0.75,4.0,4096,32768,1024,4096,3328,7125.858,7203.481,7186.366,0.7795
mixed,128,96,0.75,4.0,4096,32768,2048,8192,6656,7441.743,7594.69,7530.478,0.5802
mixed,128,96,0.75,4.0,4096,32768,4096,16384,13312,8089.486,8397.248,8241.871,0.4951
mixed,128,96,0.75,4.0,4096,32768,8192,32768,26624,9410.676,10007.253,9711.032,0.5035
mixed,128,96,0.75,4.0,4096,32768,16384,65536,53248,11999.338,13205.195,12563.882,0.4682
pure,128,115,0.8984,4.0,0,0,16384,65536,60544,6054.175,6549.741,6110.733,0.1141
mixed,128,115,0.8984,4.0,16,0,16384,65536,60544,6074.012,6567.326,6123.74,0.1008
mixed,128,115,0.8984,4.0,16,512,16384,65536,60544,6072.22,6561.71,6123.756,0.1053
mixed,128,115,0.8984,4.0,16,2048,16384,65536,60544,6064.894,6560.512,6119.837,0.1109
mixed,128,115,0.8984,4.0,16,8192,16384,65536,60544,6063.31,6564.718,6173.917,0.2206
mixed,128,115,0.8984,4.0,16,32768,128,512,473,266.305,270.321,269.026,0.6775
mixed,128,115,0.8984,4.0,16,32768,256,1024,946,286.945,305.346,303.392,0.8939
mixed,128,115,0.8984,4.0,16,32768,512,2048,1892,437.795,470.354,465.232,0.8427
mixed,128,115,0.8984,4.0,16,32768,1024,4096,3784,743.168,800.321,796.48,0.9328
mixed,128,115,0.8984,4.0,16,32768,2048,8192,7568,1378.979,1494.37,1031.521,-3.0111
mixed,128,115,0.8984,4.0,16,32768,4096,16384,15136,2657.204,2880.438,1622.341,-4.6358
mixed,128,115,0.8984,4.0,16,32768,8192,32768,30272,3179.51,3356.855,3096.132,-0.4701
mixed,128,115,0.8984,4.0,16,32768,16384,65536,60544,6088.333,6576.686,6044.846,-0.0891
mixed,128,115,0.8984,4.0,64,0,16384,65536,60544,6067.595,6576.652,6130.556,0.1237
mixed,128,115,0.8984,4.0,64,512,16384,65536,60544,6077.677,6564.285,6136.716,0.1213
mixed,128,115,0.8984,4.0,64,2048,16384,65536,60544,6081.741,6543.454,6137.245,0.1202
mixed,128,115,0.8984,4.0,64,8192,16384,65536,60544,6443.307,6883.197,6117.151,-0.7415
mixed,128,115,0.8984,4.0,64,32768,128,512,473,492.976,487.314,493.218,
mixed,128,115,0.8984,4.0,64,32768,256,1024,946,576.848,548.528,549.168,
mixed,128,115,0.8984,4.0,64,32768,512,2048,1892,711.828,629.331,709.444,
mixed,128,115,0.8984,4.0,64,32768,1024,4096,3784,759.602,791.024,788.929,0.9333
mixed,128,115,0.8984,4.0,64,32768,2048,8192,7568,1349.651,1466.338,1473.395,1.0605
mixed,128,115,0.8984,4.0,64,32768,4096,16384,15136,2519.784,2712.037,2707.782,0.9779
mixed,128,115,0.8984,4.0,64,32768,8192,32768,30272,5037.065,5430.396,3587.975,-3.6842
mixed,128,115,0.8984,4.0,64,32768,16384,65536,60544,8068.464,8533.266,6146.364,-4.1353
mixed,128,115,0.8984,4.0,256,0,16384,65536,60544,6122.238,6610.891,6166.012,0.0896
mixed,128,115,0.8984,4.0,256,512,16384,65536,60544,6135.148,6622.22,6239.964,0.2152
mixed,128,115,0.8984,4.0,256,2048,16384,65536,60544,6233.885,6719.135,6290.655,0.117
mixed,128,115,0.8984,4.0,256,8192,16384,65536,60544,6557.536,7068.257,6643.775,0.1689
mixed,128,115,0.8984,4.0,256,32768,128,512,473,1433.074,1439.891,1434.402,0.1947
mixed,128,115,0.8984,4.0,256,32768,256,1024,946,1480.803,1487.394,1484.5,0.5609
mixed,128,115,0.8984,4.0,256,32768,512,2048,1892,1568.851,1584.787,1577.123,0.5191
mixed,128,115,0.8984,4.0,256,32768,1024,4096,3784,1745.445,1785.398,1767.73,0.5578
mixed,128,115,0.8984,4.0,256,32768,2048,8192,7568,2118.421,2178.325,2137.781,0.3232
mixed,128,115,0.8984,4.0,256,32768,4096,16384,15136,2625.478,2723.622,2710.836,0.8697
mixed,128,115,0.8984,4.0,256,32768,8192,32768,30272,4947.066,5272.89,5196.956,0.7669
mixed,128,115,0.8984,4.0,256,32768,16384,65536,60544,7942.352,8467.408,8228.543,0.5451
mixed,128,115,0.8984,4.0,1024,0,16384,65536,60544,6287.213,6773.26,6339.532,0.1076
mixed,128,115,0.8984,4.0,1024,512,16384,65536,60544,6397.356,6894.556,6457.005,0.12
mixed,128,115,0.8984,4.0,1024,2048,16384,65536,60544,6516.666,7010.62,6580.914,0.1301
mixed,128,115,0.8984,4.0,1024,8192,16384,65536,60544,6938.415,7433.026,6993.97,0.1123
mixed,128,115,0.8984,4.0,1024,32768,128,512,473,2901.256,2905.3,2901.044,-0.0522
mixed,128,115,0.8984,4.0,1024,32768,256,1024,946,2958.226,2957.622,2948.698,
mixed,128,115,0.8984,4.0,1024,32768,512,2048,1892,3041.652,3053.923,3044.503,0.2323
mixed,128,115,0.8984,4.0,1024,32768,1024,4096,3784,3236.342,3259.159,3247.481,0.4882
mixed,128,115,0.8984,4.0,1024,32768,2048,8192,7568,3604.521,3666.15,3656.664,0.8461
mixed,128,115,0.8984,4.0,1024,32768,4096,16384,15136,4362.729,4479.771,4393.752,0.2651
mixed,128,115,0.8984,4.0,1024,32768,8192,32768,30272,5850.812,6077.198,5888.489,0.1664
mixed,128,115,0.8984,4.0,1024,32768,16384,65536,60544,8821.158,9311.316,8878.067,0.1161
mixed,128,115,0.8984,4.0,4096,0,16384,65536,60544,6672.238,7166.27,6730.318,0.1176
mixed,128,115,0.8984,4.0,4096,512,16384,65536,60544,6910.877,7395.711,6988.253,0.1596
mixed,128,115,0.8984,4.0,4096,2048,16384,65536,60544,7210.368,7693.261,7286.882,0.1584
mixed,128,115,0.8984,4.0,4096,8192,16384,65536,60544,8291.981,8777.519,8340.516,0.1
mixed,128,115,0.8984,4.0,4096,32768,128,512,473,6822.731,6837.503,6814.124,-0.5827
mixed,128,115,0.8984,4.0,4096,32768,256,1024,946,6859.068,6878.11,6866.252,0.3773
mixed,128,115,0.8984,4.0,4096,32768,512,2048,1892,6955.838,6967.904,6962.293,0.535
mixed,128,115,0.8984,4.0,4096,32768,1024,4096,3784,7135.293,7177.917,7160.092,0.5818
mixed,128,115,0.8984,4.0,4096,32768,2048,8192,7568,7537.345,7597.278,7573.727,0.607
mixed,128,115,0.8984,4.0,4096,32768,4096,16384,15136,8290.287,8401.568,8322.014,0.2851
mixed,128,115,0.8984,4.0,4096,32768,8192,32768,30272,9774.32,9995.284,9800.819,0.1199
mixed,128,115,0.8984,4.0,4096,32768,16384,65536,60544,12721.88,13232.799,12786.152,0.1258
pure,256,1,0.0039,4.0,0,0,16384,65536,16576,3363.959,12842.938,3365.623,0.0002
pure,256,2,0.0078,4.0,0,0,16384,65536,16768,3396.646,12847.066,3402.646,0.0006
pure,256,3,0.0117,4.0,0,0,16384,65536,16960,3431.14,12840.97,4605.562,0.1248
pure,256,4,0.0156,4.0,0,0,16384,65536,17152,3479.574,12834.282,4613.738,0.1212
pure,256,16,0.0625,4.0,0,0,16384,65536,19456,3913.879,12839.099,4632.923,0.0806
pure,256,32,0.125,4.0,0,0,16384,65536,22528,4511.274,12827.242,4689.977,0.0215
pure,256,64,0.25,4.0,0,0,16384,65536,28672,5696.411,12844.346,6267.789,0.0799
pure,256,128,0.5,4.0,0,0,16384,65536,40960,8072.306,12848.316,8084.93,0.0026
pure,256,192,0.75,4.0,0,0,16384,65536,53248,10446.84,12822.044,11925.608,0.6226
pure,256,230,0.8984,4.0,0,0,16384,65536,60544,11867.419,12826.267,12150.684,0.2954
