prefill_chunk,kv_prefill,n_decode,kv_decode,time_us
0,0,1,16,21.3915
0,0,1,32,21.323
0,0,1,64,22.8262
0,0,1,128,24.4592
0,0,1,256,29.9945
0,0,1,512,31.7552
0,0,1,1024,32.2723
0,0,1,2048,34.0323
0,0,1,4096,35.051
0,0,1,8192,38.7737
0,0,1,16384,43.5907
0,0,1,32768,53.0242
0,0,1,65536,60.4965
0,0,2,16,21.3498
0,0,2,32,21.6582
0,0,2,64,23.2107
0,0,2,128,24.6075
0,0,2,256,30.6513
0,0,2,512,32.7248
0,0,2,1024,32.3787
0,0,2,2048,34.2668
0,0,2,4096,37.0932
0,0,2,8192,42.7253
0,0,2,16384,51.392
0,0,2,32768,63.6588
0,0,2,65536,73.0718
0,0,4,16,21.4877
0,0,4,32,21.642
0,0,4,64,23.1682
0,0,4,128,24.7575
0,0,4,256,30.859
0,0,4,512,32.0798
0,0,4,1024,32.6823
0,0,4,2048,37.147
0,0,4,4096,42.2882
0,0,4,8192,49.8888
0,0,4,16384,60.2773
0,0,4,32768,72.5337
0,0,4,65536,105.803
0,0,8,16,22.1068
0,0,8,32,22.1067
0,0,8,64,23.5307
0,0,8,128,25.2048
0,0,8,256,31.9577
0,0,8,512,33.446
0,0,8,1024,37.2215
0,0,8,2048,41.0503
0,0,8,4096,46.9867
0,0,8,8192,56.4588
0,0,8,16384,73.5365
0,0,8,32768,106.518
0,0,8,65536,172.582
0,0,16,16,23.115
0,0,16,32,23.4133
0,0,16,64,24.8317
0,0,16,128,26.3363
0,0,16,256,35.2532
0,0,16,512,36.9875
0,0,16,1024,41.2107
0,0,16,2048,46.1813
0,0,16,4096,55.8185
0,0,16,8192,72.4957
0,0,16,16384,106.011
0,0,16,32768,172.726
0,0,16,65536,309.691
0,0,32,16,23.9523
0,0,32,32,24.1762
0,0,32,64,25.5683
0,0,32,128,27.088
0,0,32,256,40.6348
0,0,32,512,44.8582
0,0,32,1024,47.9523
0,0,32,2048,56.6508
0,0,32,4096,73.2803
0,0,32,8192,107.632
0,0,32,16384,175.265
0,0,32,32768,312.469
0,0,32,65536,579.617
0,0,64,16,24.9767
0,0,64,32,25.2912
0,0,64,64,26.6238
0,0,64,128,28.5327
0,0,64,256,49.301
0,0,64,512,53.0832
0,0,64,1024,62.6133
0,0,64,2048,80.09
0,0,64,4096,115.659
0,0,64,8192,183.121
0,0,64,16384,319.75
0,0,64,32768,589.975
0,0,64,65536,1126.57
0,0,128,16,28.3408
0,0,128,32,28.6395
0,0,128,64,30.5382
0,0,128,128,33.9948
0,0,128,256,52.331
0,0,128,512,62.5598
0,0,128,1024,80.6348
0,0,128,2048,115.067
0,0,128,4096,182.39
0,0,128,8192,317.803
0,0,128,16384,586.022
0,0,128,32768,1122.22
0,0,128,65536,2194.6
0,0,256,16,40.7042
0,0,256,32,41.2373
0,0,256,64,45.1093
0,0,256,128,51.9363
0,0,256,256,93.771
0,0,256,512,113.792
0,0,256,1024,149.414
0,0,256,2048,215.051
0,0,256,4096,348.16
0,0,256,8192,613.633
0,0,256,16384,1138.59
0,0,256,32768,2196.51
0,0,256,65536,4303.56
16,0,0,0,27.915
16,0,1,16,26.576
16,0,1,32,26.582
16,0,1,64,27.8028
16,0,1,128,29.0825
16,0,1,256,35.8138
16,0,1,512,37.744
16,0,1,1024,39.3228
16,0,1,2048,42.6618
16,0,1,4096,49.0353
16,0,1,8192,62.171
16,0,1,16384,87.3922
16,0,1,32768,139.232
16,0,1,65536,242.715
16,0,2,16,26.8437
16,0,2,32,26.6028
16,0,2,64,27.7328
16,0,2,128,29.424
16,0,2,256,35.2533
16,0,2,512,36.0208
16,0,2,1024,38.0277
16,0,2,2048,41.6642
16,0,2,4096,48.1333
16,0,2,8192,61.12
16,0,2,16384,86.9863
16,0,2,32768,138.432
16,0,2,65536,242.172
16,0,4,16,26.827
16,0,4,32,26.8005
16,0,4,64,28.4215
16,0,4,128,29.568
16,0,4,256,37.179
16,0,4,512,37.6
16,0,4,1024,39.1148
16,0,4,2048,44.2025
16,0,4,4096,49.7228
16,0,4,8192,62.4803
16,0,4,16384,88.5118
16,0,4,32768,140.203
16,0,4,65536,244.085
16,0,8,16,27.104
16,0,8,32,27.0187
16,0,8,64,28.512
16,0,8,128,29.963
16,0,8,256,37.5092
16,0,8,512,38.629
16,0,8,1024,40.7253
16,0,8,2048,44.9972
16,0,8,4096,52.5232
16,0,8,8192,65.8505
16,0,8,16384,92.6665
16,0,8,32768,146.032
16,0,8,65536,251.942
16,0,16,16,27.3338
16,0,16,32,27.7817
16,0,16,64,29.1473
16,0,16,128,31.024
16,0,16,256,40.6615
16,0,16,512,41.8028
16,0,16,1024,45.35
16,0,16,2048,49.781
16,0,16,4096,59.3917
16,0,16,8192,76.7255
16,0,16,16384,112.224
16,0,16,32768,178.571
16,0,16,65536,314.012
16,0,32,16,29.146
16,0,32,32,28.8265
16,0,32,64,30.1385
16,0,32,128,32.2457
16,0,32,256,45.355
16,0,32,512,49.0295
16,0,32,1024,53.2853
16,0,32,2048,61.376
16,0,32,4096,79.4022
16,0,32,8192,115.307
16,0,32,16384,182.256
16,0,32,32768,317.98
16,0,32,65536,589.888
16,0,64,16,29.824
16,0,64,32,30.1227
16,0,64,64,31.7865
16,0,64,128,33.5203
16,0,64,256,57.4618
16,0,64,512,61.696
16,0,64,1024,70.336
16,0,64,2048,87.312
16,0,64,4096,122.646
16,0,64,8192,190.597
16,0,64,16384,328.176
16,0,64,32768,595.329
16,0,64,65536,1132.06
16,0,128,16,38.5973
16,0,128,32,39.0402
16,0,128,64,41.8183
16,0,128,128,44.0213
16,0,128,256,62.7248
16,0,128,512,72.3682
16,0,128,1024,86.352
16,0,128,2048,122.053
16,0,128,4096,188.656
16,0,128,8192,325.43
16,0,128,16384,593.59
16,0,128,32768,1129.86
16,0,128,65536,2198.9
16,16,0,0,28.0375
16,16,1,16,26.8267
16,16,1,32,26.6613
16,16,1,64,27.696
16,16,1,128,29.557
16,16,1,256,36.7573
16,16,1,512,37.3762
16,16,1,1024,39.131
16,16,1,2048,42.635
16,16,1,4096,48.672
16,16,1,8192,61.579
16,16,1,16384,87.6963
16,16,1,32768,139.414
16,16,1,65536,242.635
16,16,2,16,26.7732
16,16,2,32,26.7523
16,16,2,64,27.7975
16,16,2,128,29.4458
16,16,2,256,35.2483
16,16,2,512,35.8985
16,16,2,1024,37.8937
16,16,2,2048,40.9543
16,16,2,4096,47.9632
16,16,2,8192,61.2218
16,16,2,16384,86.741
16,16,2,32768,138.598
16,16,2,65536,242.192
16,16,4,16,26.9008
16,16,4,32,26.7143
16,16,4,64,27.8978
16,16,4,128,29.6318
16,16,4,256,37.5942
16,16,4,512,37.7863
16,16,4,1024,40.2453
16,16,4,2048,43.7815
16,16,4,4096,50.379
16,16,4,8192,63.3283
16,16,4,16384,89.5628
16,16,4,32768,141.6
16,16,4,65536,244.811
16,16,8,16,27.0352
16,16,8,32,26.8795
16,16,8,64,28.309
16,16,8,128,29.904
16,16,8,256,37.3922
16,16,8,512,37.8608
16,16,8,1024,40.4267
16,16,8,2048,44.1767
16,16,8,4096,51.6167
16,16,8,8192,65.6745
16,16,8,16384,92.1382
16,16,8,32768,145.797
16,16,8,65536,251.579
16,16,16,16,27.6058
16,16,16,32,27.7548
16,16,16,64,28.9007
16,16,16,128,30.1972
16,16,16,256,40.5228
16,16,16,512,40.2722
16,16,16,1024,44.8953
16,16,16,2048,49.8028
16,16,16,4096,65.0935
16,16,16,8192,83.3705
16,16,16,16384,116.987
16,16,16,32768,181.984
16,16,16,65536,314.234
16,16,32,16,29.0617
16,16,32,32,29.0983
16,16,32,64,30.4377
16,16,32,128,32.1223
16,16,32,256,44.3198
16,16,32,512,48.7627
16,16,32,1024,59.787
16,16,32,2048,70.6457
16,16,32,4096,87.5897
16,16,32,8192,120.838
16,16,32,16384,187.1
16,16,32,32768,318.027
16,16,32,65536,586.652
16,16,64,16,29.7283
16,16,64,32,29.7927
16,16,64,64,31.8295
16,16,64,128,33.3705
16,16,64,256,60.2297
16,16,64,512,64.907
16,16,64,1024,76.0322
16,16,64,2048,95.2432
16,16,64,4096,129.355
16,16,64,8192,194.912
16,16,64,16384,326.72
16,16,64,32768,595.959
16,16,64,65536,1131.59
16,16,128,16,39.1305
16,16,128,32,39.8347
16,16,128,64,41.2322
16,16,128,128,44.208
16,16,128,256,63.0347
16,16,128,512,74.0323
16,16,128,1024,91.8937
16,16,128,2048,125.723
16,16,128,4096,191.995
16,16,128,8192,322.891
16,16,128,16384,589.991
16,16,128,32768,1129.15
16,16,128,65536,2198.12
16,32,0,0,27.824
16,32,1,16,26.7202
16,32,1,32,27.0238
16,32,1,64,27.9408
16,32,1,128,29.3602
16,32,1,256,36.7735
16,32,1,512,37.4878
16,32,1,1024,38.9862
16,32,1,2048,42.5338
16,32,1,4096,48.485
16,32,1,8192,61.808
16,32,1,16384,87.5043
16,32,1,32768,139.334
16,32,1,65536,242.283
16,32,2,16,26.9015
16,32,2,32,26.8538
16,32,2,64,27.8455
16,32,2,128,29.4077
16,32,2,256,35.125
16,32,2,512,36.2562
16,32,2,1024,38.154
16,32,2,2048,41.4345
16,32,2,4096,48.0002
16,32,2,8192,60.7885
16,32,2,16384,87.3005
16,32,2,32768,138.613
16,32,2,65536,241.542
16,32,4,16,26.96
16,32,4,32,26.768
16,32,4,64,28.0638
16,32,4,128,29.7922
16,32,4,256,36.8322
16,32,4,512,38.6348
16,32,4,1024,39.9253
16,32,4,2048,44.1063
16,32,4,4096,50.7893
16,32,4,8192,63.6855
16,32,4,16384,89.921
16,32,4,32768,141.894
16,32,4,65536,245.75
16,32,8,16,26.939
16,32,8,32,27.0457
16,32,8,64,28.3577
16,32,8,128,29.8777
16,32,8,256,37.3492
16,32,8,512,38.3467
16,32,8,1024,40.1605
16,32,8,2048,44.2987
16,32,8,4096,51.371
16,32,8,8192,65.051
16,32,8,16384,92.1973
16,32,8,32768,145.061
16,32,8,65536,251.451
16,32,16,16,27.8773
16,32,16,32,28.1653
16,32,16,64,28.8803
16,32,16,128,30.5232
16,32,16,256,40.4168
16,32,16,512,41.3388
16,32,16,1024,44.6078
16,32,16,2048,50.0112
16,32,16,4096,65.1575
16,32,16,8192,83.8825
16,32,16,16384,116.748
16,32,16,32768,182.789
16,32,16,65536,316.022
16,32,32,16,29.0718
16,32,32,32,29.019
16,32,32,64,30.832
16,32,32,128,32.1822
16,32,32,256,44.3947
16,32,32,512,48.496
16,32,32,1024,59.5148
16,32,32,2048,69.6535
16,32,32,4096,87.4717
16,32,32,8192,122.118
16,32,32,16384,187.083
16,32,32,32768,316.987
16,32,32,65536,587.227
16,32,64,16,29.9413
16,32,64,32,29.9572
16,32,64,64,31.7223
16,32,64,128,33.2157
16,32,64,256,60.1173
16,32,64,512,65.4452
16,32,64,1024,76.1922
16,32,64,2048,95.1043
16,32,64,4096,128.72
16,32,64,8192,195.51
16,32,64,16384,326.347
16,32,64,32768,594.518
16,32,64,65536,1133.92
16,32,128,16,39.28
16,32,128,32,39.9145
16,32,128,64,41.13
16,32,128,128,44.2512
16,32,128,256,63.088
16,32,128,512,74.5875
16,32,128,1024,93.0563
16,32,128,2048,125.915
16,32,128,4096,190.774
16,32,128,8192,322.512
16,32,128,16384,590.576
16,32,128,32768,1126.55
16,32,128,65536,2197.23
16,64,0,0,29.717
16,64,1,16,28.4325
16,64,1,32,28.4533
16,64,1,64,28.5008
16,64,1,128,29.3813
16,64,1,256,38.3735
16,64,1,512,39.424
16,64,1,1024,40.8062
16,64,1,2048,43.4617
16,64,1,4096,49.6803
16,64,1,8192,61.4192
16,64,1,16384,87.3012
16,64,1,32768,139.578
16,64,1,65536,243.221
16,64,2,16,28.4048
16,64,2,32,28.5552
16,64,2,64,28.603
16,64,2,128,29.3598
16,64,2,256,37.9307
16,64,2,512,38.5062
16,64,2,1024,40.3628
16,64,2,2048,42.9648
16,64,2,4096,47.8295
16,64,2,8192,60.576
16,64,2,16384,87.1097
16,64,2,32768,138.816
16,64,2,65536,242.736
16,64,4,16,28.5068
16,64,4,32,28.4215
16,64,4,64,28.5652
16,64,4,128,29.44
16,64,4,256,39.0775
16,64,4,512,39.4132
16,64,4,1024,41.3497
16,64,4,2048,43.919
16,64,4,4096,50.4802
16,64,4,8192,63.8137
16,64,4,16384,89.7767
16,64,4,32768,141.867
16,64,4,65536,244.907
16,64,8,16,28.6455
16,64,8,32,28.635
16,64,8,64,28.6453
16,64,8,128,29.6902
16,64,8,256,39.558
16,64,8,512,39.9305
16,64,8,1024,40.3043
16,64,8,2048,44.2138
16,64,8,4096,51.856
16,64,8,8192,65.7553
16,64,8,16384,92.1763
16,64,8,32768,145.243
16,64,8,65536,251.44
16,64,16,16,29.2587
16,64,16,32,29.1625
16,64,16,64,29.2793
16,64,16,128,30.5008
16,64,16,256,44.7733
16,64,16,512,41.312
16,64,16,1024,45.0078
16,64,16,2048,50.0272
16,64,16,4096,70.187
16,64,16,8192,85.6377
16,64,16,16384,118.245
16,64,16,32768,184.939
16,64,16,65536,315.355
16,64,32,16,30.6293
16,64,32,32,30.4315
16,64,32,64,30.9012
16,64,32,128,32.3357
16,64,32,256,45.1253
16,64,32,512,48.8055
16,64,32,1024,64.3468
16,64,32,2048,71.5573
16,64,32,4096,88.4107
16,64,32,8192,123.082
16,64,32,16384,188.374
16,64,32,32768,320.177
16,64,32,65536,591.659
16,64,64,16,30.7733
16,64,64,32,30.9493
16,64,64,64,31.8137
16,64,64,128,33.5043
16,64,64,256,64.3413
16,64,64,512,66.6987
16,64,64,1024,78.4372
16,64,64,2048,96.4262
16,64,64,4096,129.963
16,64,64,8192,198.187
16,64,64,16384,327.883
16,64,64,32768,595.302
16,64,64,65536,1128.79
16,64,128,16,38.7257
16,64,128,32,39.4087
16,64,128,64,43.4242
16,64,128,128,46.2667
16,64,128,256,65.8237
16,64,128,512,76.2402
16,64,128,1024,95.1312
16,64,128,2048,128.038
16,64,128,4096,194.23
16,64,128,8192,326.992
16,64,128,16384,590.161
16,64,128,32768,1127.69
16,64,128,65536,2199.75
16,128,0,0,31.3175
16,128,1,16,29.8882
16,128,1,32,30.1655
16,128,1,64,30.0378
16,128,1,128,29.936
16,128,1,256,39.0618
16,128,1,512,38.6078
16,128,1,1024,40.6032
16,128,1,2048,43.9145
16,128,1,4096,49.5042
16,128,1,8192,62.512
16,128,1,16384,87.7767
16,128,1,32768,139.483
16,128,1,65536,242.571
16,128,2,16,30.0163
16,128,2,32,30.3037
16,128,2,64,30.027
16,128,2,128,30.112
16,128,2,256,37.6535
16,128,2,512,38.8953
16,128,2,1024,40.3947
16,128,2,2048,43.5837
16,128,2,4096,49.8775
16,128,2,8192,60.9172
16,128,2,16384,87.0078
16,128,2,32768,139.088
16,128,2,65536,243.142
16,128,4,16,30.2027
16,128,4,32,30.0847
16,128,4,64,30.2938
16,128,4,128,30.0423
16,128,4,256,39.4773
16,128,4,512,39.6105
16,128,4,1024,41.5098
16,128,4,2048,45.0403
16,128,4,4096,50.56
16,128,4,8192,63.6053
16,128,4,16384,89.6903
16,128,4,32768,141.648
16,128,4,65536,245.531
16,128,8,16,30.4428
16,128,8,32,30.3147
16,128,8,64,30.144
16,128,8,128,30.1438
16,128,8,256,40.7093
16,128,8,512,40.4953
16,128,8,1024,41.9895
16,128,8,2048,44.4425
16,128,8,4096,51.7862
16,128,8,8192,65.2432
16,128,8,16384,91.8985
16,128,8,32768,145.718
16,128,8,65536,252.385
16,128,16,16,30.9123
16,128,16,32,31.0505
16,128,16,64,30.6403
16,128,16,128,31.0027
16,128,16,256,42.9017
16,128,16,512,45.9683
16,128,16,1024,45.525
16,128,16,2048,50.021
16,128,16,4096,59.2693
16,128,16,8192,85.7967
16,128,16,16384,119.878
16,128,16,32768,184.961
16,128,16,65536,317.35
16,128,32,16,31.5678
16,128,32,32,31.739
16,128,32,64,31.9465
16,128,32,128,32.1865
16,128,32,256,48.2507
16,128,32,512,49.1682
16,128,32,1024,63.7607
16,128,32,2048,71.7177
16,128,32,4096,89.7758
16,128,32,8192,124.683
16,128,32,16384,188.102
16,128,32,32768,322.257
16,128,32,65536,586.444
16,128,64,16,32.7953
16,128,64,32,32.2563
16,128,64,64,32.144
16,128,64,128,33.542
16,128,64,256,64.4373
16,128,64,512,67.7177
16,128,64,1024,78.224
16,128,64,2048,98.4112
16,128,64,4096,130.864
16,128,64,8192,198.896
16,128,64,16384,328.39
16,128,64,32768,596.774
16,128,64,65536,1130.59
16,128,128,16,38.8433
16,128,128,32,39.5357
16,128,128,64,43.1465
16,128,128,128,47.3917
16,128,128,256,66.5283
16,128,128,512,77.44
16,128,128,1024,95.5843
16,128,128,2048,129.664
16,128,128,4096,195.152
16,128,128,8192,328.257
16,128,128,16384,590.278
16,128,128,32768,1127.47
16,128,128,65536,2200.92
16,256,0,0,39.9843
16,256,1,16,38.9978
16,256,1,32,40.0427
16,256,1,64,40.0267
16,256,1,128,40.2607
16,256,1,256,39.92
16,256,1,512,39.6213
16,256,1,1024,40.4165
16,256,1,2048,43.5468
16,256,1,4096,49.9467
16,256,1,8192,63.0188
16,256,1,16384,88.282
16,256,1,32768,139.136
16,256,1,65536,242.181
16,256,2,16,40.0265
16,256,2,32,39.6108
16,256,2,64,40.1495
16,256,2,128,40.2665
16,256,2,256,40.8638
16,256,2,512,39.5998
16,256,2,1024,40.5438
16,256,2,2048,43.4345
16,256,2,4096,49.8562
16,256,2,8192,62.8377
16,256,2,16384,87.0128
16,256,2,32768,138.849
16,256,2,65536,242.117
16,256,4,16,40.2455
16,256,4,32,39.9042
16,256,4,64,40.752
16,256,4,128,40.976
16,256,4,256,41.3333
16,256,4,512,40.8213
16,256,4,1024,41.7493
16,256,4,2048,45.4243
16,256,4,4096,52.1388
16,256,4,8192,63.5093
16,256,4,16384,89.8885
16,256,4,32768,141.398
16,256,4,65536,245.51
16,256,8,16,40.8268
16,256,8,32,40.7303
16,256,8,64,42.4427
16,256,8,128,42.9168
16,256,8,256,44.3095
16,256,8,512,41.7923
16,256,8,1024,43.0453
16,256,8,2048,45.803
16,256,8,4096,51.7763
16,256,8,8192,65.5205
16,256,8,16384,92.2187
16,256,8,32768,146.576
16,256,8,65536,252.192
16,256,16,16,41.931
16,256,16,32,41.9465
16,256,16,64,44.8958
16,256,16,128,42.2077
16,256,16,256,43.3602
16,256,16,512,46.4108
16,256,16,1024,48.9602
16,256,16,2048,49.2688
16,256,16,4096,58.3943
16,256,16,8192,89.5417
16,256,16,16384,123.723
16,256,16,32768,188.641
16,256,16,65536,318.79
16,256,32,16,43.0672
16,256,32,32,44.1978
16,256,32,64,43.232
16,256,32,128,47.0398
16,256,32,256,57.8345
16,256,32,512,52.3468
16,256,32,1024,52.2347
16,256,32,2048,74.3733
16,256,32,4096,93.4985
16,256,32,8192,127.451
16,256,32,16384,193.493
16,256,32,32768,323.947
16,256,32,65536,586.155
16,256,64,16,46.0263
16,256,64,32,46.1658
16,256,64,64,47.1737
16,256,64,128,47.4558
16,256,64,256,67.5197
16,256,64,512,72.4478
16,256,64,1024,80.7628
16,256,64,2048,100.747
16,256,64,4096,135.365
16,256,64,8192,200.48
16,256,64,16384,332.15
16,256,64,32768,598.156
16,256,64,65536,1137.06
16,256,128,16,55.9732
16,256,128,32,56.3577
16,256,128,64,59.4133
16,256,128,128,62.997
16,256,128,256,68.7308
16,256,128,512,80.4215
16,256,128,1024,99.9625
16,256,128,2048,133.462
16,256,128,4096,199.131
16,256,128,8192,330.182
16,256,128,16384,589.878
16,256,128,32768,1125.94
16,256,128,65536,2199.74
16,512,0,0,40.3575
16,512,1,16,40.9918
16,512,1,32,40.6503
16,512,1,64,41.429
16,512,1,128,41.4505
16,512,1,256,40.9545
16,512,1,512,40.9388
16,512,1,1024,40.8697
16,512,1,2048,43.8828
16,512,1,4096,50.2448
16,512,1,8192,63.0187
16,512,1,16384,88.5282
16,512,1,32768,140.235
16,512,1,65536,242.56
16,512,2,16,40.6722
16,512,2,32,40.955
16,512,2,64,40.741
16,512,2,128,40.8162
16,512,2,256,41.1568
16,512,2,512,41.3437
16,512,2,1024,41.0932
16,512,2,2048,43.8665
16,512,2,4096,50.4002
16,512,2,8192,62.8857
16,512,2,16384,89.03
16,512,2,32768,139.152
16,512,2,65536,243.537
16,512,4,16,40.9545
16,512,4,32,41.2647
16,512,4,64,41.664
16,512,4,128,41.723
16,512,4,256,41.9148
16,512,4,512,42.1607
16,512,4,1024,42.4317
16,512,4,2048,45.3062
16,512,4,4096,51.8672
16,512,4,8192,64.922
16,512,4,16384,89.7175
16,512,4,32768,142.038
16,512,4,65536,245.925
16,512,8,16,41.8183
16,512,8,32,42.1337
16,512,8,64,41.728
16,512,8,128,43.3125
16,512,8,256,43.2692
16,512,8,512,43.8137
16,512,8,1024,44.32
16,512,8,2048,46.1067
16,512,8,4096,52.549
16,512,8,8192,65.2647
16,512,8,16384,92.0372
16,512,8,32768,145.621
16,512,8,65536,251.462
16,512,16,16,42.9973
16,512,16,32,43.0457
16,512,16,64,43.3713
16,512,16,128,45.136
16,512,16,256,46.5013
16,512,16,512,47.5522
16,512,16,1024,48.2295
16,512,16,2048,52.0427
16,512,16,4096,58.3943
16,512,16,8192,76.539
16,512,16,16384,130.091
16,512,16,32768,193.632
16,512,16,65536,325.084
16,512,32,16,44.4647
16,512,32,32,44.8263
16,512,32,64,45.1358
16,512,32,128,56.704
16,512,32,256,50.3518
16,512,32,512,63.4718
16,512,32,1024,54.8377
16,512,32,2048,79.1092
16,512,32,4096,98.9177
16,512,32,8192,132.874
16,512,32,16384,197.254
16,512,32,32768,329.355
16,512,32,65536,590.753
16,512,64,16,48.9013
16,512,64,32,50.1713
16,512,64,64,47.8027
16,512,64,128,49.2327
16,512,64,256,68.827
16,512,64,512,74.8215
16,512,64,1024,86.8535
16,512,64,2048,105.872
16,512,64,4096,141.345
16,512,64,8192,206.08
16,512,64,16384,338.528
16,512,64,32768,604.166
16,512,64,65536,1136.93
16,512,128,16,55.1627
16,512,128,32,55.8885
16,512,128,64,59.1252
16,512,128,128,61.9735
16,512,128,256,71.2375
16,512,128,512,84.134
16,512,128,1024,105.515
16,512,128,2048,139.525
16,512,128,4096,204.581
16,512,128,8192,333.643
16,512,128,16384,594.561
16,512,128,32768,1122.9
16,512,128,65536,2196.92
16,1024,0,0,43.8348
16,1024,1,16,44.0372
16,1024,1,32,43.7602
16,1024,1,64,43.04
16,1024,1,128,43.8343
16,1024,1,256,43.6218
16,1024,1,512,43.8128
16,1024,1,1024,43.8503
16,1024,1,2048,44.2507
16,1024,1,4096,50.6503
16,1024,1,8192,63.1732
16,1024,1,16384,88.8215
16,1024,1,32768,141.067
16,1024,1,65536,243.675
16,1024,2,16,43.5312
16,1024,2,32,43.643
16,1024,2,64,43.8512
16,1024,2,128,43.7063
16,1024,2,256,43.7703
16,1024,2,512,44.0218
16,1024,2,1024,44.8378
16,1024,2,2048,44.3738
16,1024,2,4096,50.4798
16,1024,2,8192,63.179
16,1024,2,16384,89.418
16,1024,2,32768,140.635
16,1024,2,65536,242.47
16,1024,4,16,44.2775
16,1024,4,32,44.384
16,1024,4,64,44.2827
16,1024,4,128,44.5332
16,1024,4,256,44.8427
16,1024,4,512,45.301
16,1024,4,1024,45.6857
16,1024,4,2048,45.6957
16,1024,4,4096,52.6345
16,1024,4,8192,64.7678
16,1024,4,16384,90.657
16,1024,4,32768,141.75
16,1024,4,65536,245.269
16,1024,8,16,44.6825
16,1024,8,32,44.5863
16,1024,8,64,44.7735
16,1024,8,128,44.645
16,1024,8,256,45.5847
16,1024,8,512,47.4452
16,1024,8,1024,46.9117
16,1024,8,2048,49.2852
16,1024,8,4096,54.0587
16,1024,8,8192,66.5013
16,1024,8,16384,92.0268
16,1024,8,32768,145.664
16,1024,8,65536,251.008
16,1024,16,16,45.8455
16,1024,16,32,45.8082
16,1024,16,64,45.8028
16,1024,16,128,46.6615
16,1024,16,256,48.3625
16,1024,16,512,48.0857
16,1024,16,1024,50.0853
16,1024,16,2048,52.5175
16,1024,16,4096,61.3765
16,1024,16,8192,76.0213
16,1024,16,16384,110.331
16,1024,16,32768,206.598
16,1024,16,65536,338.006
16,1024,32,16,47.8133
16,1024,32,32,47.76
16,1024,32,64,47.8237
16,1024,32,128,47.7548
16,1024,32,256,56.8857
16,1024,32,512,53.1517
16,1024,32,1024,72.08
16,1024,32,2048,65.2478
16,1024,32,4096,107.339
16,1024,32,8192,145.27
16,1024,32,16384,211.376
16,1024,32,32768,343.664
16,1024,32,65536,607.03
16,1024,64,16,48.96
16,1024,64,32,49.2052
16,1024,64,64,51.5732
16,1024,64,128,53.8453
16,1024,64,256,52.8427
16,1024,64,512,75.6745
16,1024,64,1024,89.2957
16,1024,64,2048,116.757
16,1024,64,4096,152.939
16,1024,64,8192,219.483
16,1024,64,16384,348.251
16,1024,64,32768,614.593
16,1024,64,65536,1142.95
16,1024,128,16,62.8263
16,1024,128,32,63.8402
16,1024,128,64,60.7412
16,1024,128,128,62.416
16,1024,128,256,71.9315
16,1024,128,512,86.6558
16,1024,128,1024,113.515
16,1024,128,2048,150.517
16,1024,128,4096,217.179
16,1024,128,8192,345.783
16,1024,128,16384,603.879
16,1024,128,32768,1126.82
16,1024,128,65536,2198.6
16,2048,0,0,47.7605
16,2048,1,16,47.6107
16,2048,1,32,47.6905
16,2048,1,64,47.84
16,2048,1,128,47.5097
16,2048,1,256,47.8455
16,2048,1,512,47.8563
16,2048,1,1024,47.3815
16,2048,1,2048,47.6852
16,2048,1,4096,51.5632
16,2048,1,8192,63.5998
16,2048,1,16384,89.0192
16,2048,1,32768,140.875
16,2048,1,65536,244.192
16,2048,2,16,47.6162
16,2048,2,32,47.6052
16,2048,2,64,47.6857
16,2048,2,128,47.8133
16,2048,2,256,47.7915
16,2048,2,512,48.0425
16,2048,2,1024,48.0267
16,2048,2,2048,49.205
16,2048,2,4096,51.1257
16,2048,2,8192,63.6955
16,2048,2,16384,89.3227
16,2048,2,32768,141.211
16,2048,2,65536,244.352
16,2048,4,16,47.6907
16,2048,4,32,48.1173
16,2048,4,64,48.2882
16,2048,4,128,48.0272
16,2048,4,256,48.4637
16,2048,4,512,48.757
16,2048,4,1024,48.4582
16,2048,4,2048,49.9362
16,2048,4,4096,52.6667
16,2048,4,8192,65.6427
16,2048,4,16384,91.8085
16,2048,4,32768,143.233
16,2048,4,65536,245.28
16,2048,8,16,48.4212
16,2048,8,32,48.6772
16,2048,8,64,48.4422
16,2048,8,128,48.5115
16,2048,8,256,48.7945
16,2048,8,512,49.8988
16,2048,8,1024,50.998
16,2048,8,2048,52.0213
16,2048,8,4096,56.6985
16,2048,8,8192,67.9357
16,2048,8,16384,93.6963
16,2048,8,32768,146.166
16,2048,8,65536,251.573
16,2048,16,16,50.1225
16,2048,16,32,50.1495
16,2048,16,64,50.2188
16,2048,16,128,50.2718
16,2048,16,256,50.064
16,2048,16,512,51.3285
16,2048,16,1024,52.3097
16,2048,16,2048,56.4157
16,2048,16,4096,63.2643
16,2048,16,8192,80.5805
16,2048,16,16384,110.203
16,2048,16,32768,228.011
16,2048,16,65536,363.947
16,2048,32,16,52.5343
16,2048,32,32,52.4478
16,2048,32,64,49.5252
16,2048,32,128,52.1227
16,2048,32,256,52.0063
16,2048,32,512,65.7387
16,2048,32,1024,58.9167
16,2048,32,2048,90.9018
16,2048,32,4096,84.3525
16,2048,32,8192,164.417
16,2048,32,16384,232.459
16,2048,32,32768,364.476
16,2048,32,65536,631.036
16,2048,64,16,58.5228
16,2048,64,32,58.6505
16,2048,64,64,53.8825
16,2048,64,128,57.2532
16,2048,64,256,63.6102
16,2048,64,512,59.4718
16,2048,64,1024,88.667
16,2048,64,2048,117.92
16,2048,64,4096,173.883
16,2048,64,8192,239.238
16,2048,64,16384,372.171
16,2048,64,32768,633.292
16,2048,64,65536,1165.83
16,2048,128,16,66.7415
16,2048,128,32,68.267
16,2048,128,64,69.4295
16,2048,128,128,72.4373
16,2048,128,256,73.4933
16,2048,128,512,86.1065
16,2048,128,1024,115.238
16,2048,128,2048,171.072
16,2048,128,4096,238.768
16,2048,128,8192,370.502
16,2048,128,16384,628.262
16,2048,128,32768,1143.72
16,2048,128,65536,2194.68
16,4096,0,0,55.1575
16,4096,1,16,55.9518
16,4096,1,32,55.7547
16,4096,1,64,55.6587
16,4096,1,128,55.9037
16,4096,1,256,56.075
16,4096,1,512,55.6803
16,4096,1,1024,55.7172
16,4096,1,2048,55.8078
16,4096,1,4096,56.128
16,4096,1,8192,64.2408
16,4096,1,16384,89.8775
16,4096,1,32768,141.264
16,4096,1,65536,244.432
16,4096,2,16,55.824
16,4096,2,32,55.8298
16,4096,2,64,55.835
16,4096,2,128,56.0372
16,4096,2,256,56.0158
16,4096,2,512,55.7118
16,4096,2,1024,56.421
16,4096,2,2048,55.851
16,4096,2,4096,57.5363
16,4096,2,8192,64.2613
16,4096,2,16384,89.7497
16,4096,2,32768,141.189
16,4096,2,65536,244.363
16,4096,4,16,56.944
16,4096,4,32,56.8268
16,4096,4,64,57.173
16,4096,4,128,57.0823
16,4096,4,256,56.8638
16,4096,4,512,57.2802
16,4096,4,1024,56.688
16,4096,4,2048,57.1897
16,4096,4,4096,59.1743
16,4096,4,8192,65.9463
16,4096,4,16384,91.8515
16,4096,4,32768,143.878
16,4096,4,65536,247.419
16,4096,8,16,57.3283
16,4096,8,32,57.4715
16,4096,8,64,57.5252
16,4096,8,128,57.0883
16,4096,8,256,53.8085
16,4096,8,512,56.795
16,4096,8,1024,57.7498
16,4096,8,2048,59.9145
16,4096,8,4096,63.6485
16,4096,8,8192,70.9068
16,4096,8,16384,95.8618
16,4096,8,32768,147.712
16,4096,8,65536,253.03
16,4096,16,16,58.1072
16,4096,16,32,58.7627
16,4096,16,64,58.8267
16,4096,16,128,58.3955
16,4096,16,256,58.5443
16,4096,16,512,58.8803
16,4096,16,1024,59.5837
16,4096,16,2048,63.1418
16,4096,16,4096,68.773
16,4096,16,8192,89.0613
16,4096,16,16384,120.88
16,4096,16,32768,179.761
16,4096,16,65536,407.287
16,4096,32,16,57.2057
16,4096,32,32,57.1413
16,4096,32,64,60.6452
16,4096,32,128,60.864
16,4096,32,256,61.4353
16,4096,32,512,60.9117
16,4096,32,1024,79.3817
16,4096,32,2048,72.3258
16,4096,32,4096,126.912
16,4096,32,8192,126.064
16,4096,32,16384,276.694
16,4096,32,32768,410.839
16,4096,32,65536,671.377
16,4096,64,16,63.921
16,4096,64,32,64.0215
16,4096,64,64,61.3125
16,4096,64,128,64.3093
16,4096,64,256,62.4907
16,4096,64,512,76.0693
16,4096,64,1024,71.7017
16,4096,64,2048,116.981
16,4096,64,4096,173.6
16,4096,64,8192,282.965
16,4096,64,16384,417.361
16,4096,64,32768,679.185
16,4096,64,65536,1208.72
16,4096,128,16,75.7017
16,4096,128,32,76.3578
16,4096,128,64,77.8133
16,4096,128,128,81.2158
16,4096,128,256,86.187
16,4096,128,512,88.4055
16,4096,128,1024,114.827
16,4096,128,2048,172.027
16,4096,128,4096,284.267
16,4096,128,8192,418.086
16,4096,128,16384,676.561
16,4096,128,32768,1193.16
16,4096,128,65536,2221.06
16,8192,0,0,68.1707
16,8192,1,16,68.3042
16,8192,1,32,68.5277
16,8192,1,64,68.6827
16,8192,1,128,68.3415
16,8192,1,256,68.5125
16,8192,1,512,68.6615
16,8192,1,1024,68.4215
16,8192,1,2048,68.5545
16,8192,1,4096,69.1198
16,8192,1,8192,70.6615
16,8192,1,16384,90.9917
16,8192,1,32768,141.451
16,8192,1,65536,243.952
16,8192,2,16,68.5438
16,8192,2,32,68.5707
16,8192,2,64,68.4207
16,8192,2,128,68.6343
16,8192,2,256,68.3362
16,8192,2,512,68.7788
16,8192,2,1024,68.5648
16,8192,2,2048,69.227
16,8192,2,4096,70.6133
16,8192,2,8192,71.68
16,8192,2,16384,90.0002
16,8192,2,32768,141.12
16,8192,2,65536,244.528
16,8192,4,16,70.0587
16,8192,4,32,69.8028
16,8192,4,64,69.99
16,8192,4,128,70.2195
16,8192,4,256,69.819
16,8192,4,512,69.7965
16,8192,4,1024,70.0638
16,8192,4,2048,70.9332
16,8192,4,4096,70.8373
16,8192,4,8192,76.0967
16,8192,4,16384,91.8887
16,8192,4,32768,144.693
16,8192,4,65536,247.525
16,8192,8,16,70.1013
16,8192,8,32,70.2513
16,8192,8,64,70.2188
16,8192,8,128,70.2403
16,8192,8,256,70.5118
16,8192,8,512,68.6717
16,8192,8,1024,71.1142
16,8192,8,2048,72.3628
16,8192,8,4096,77.03
16,8192,8,8192,84.288
16,8192,8,16384,96.587
16,8192,8,32768,150.037
16,8192,8,65536,251.883
16,8192,16,16,71.84
16,8192,16,32,71.744
16,8192,16,64,71.5842
16,8192,16,128,71.6155
16,8192,16,256,68.6293
16,8192,16,512,72.9708
16,8192,16,1024,72.8002
16,8192,16,2048,77.5842
16,8192,16,4096,82.789
16,8192,16,8192,95.168
16,8192,16,16384,132.688
16,8192,16,32768,198.971
16,8192,16,65536,317.995
16,8192,32,16,73.6267
16,8192,32,32,73.5253
16,8192,32,64,73.4883
16,8192,32,128,70.965
16,8192,32,256,75.7222
16,8192,32,512,72.8108
16,8192,32,1024,78.5822
16,8192,32,2048,106.421
16,8192,32,4096,99.7813
16,8192,32,8192,199.494
16,8192,32,16384,199.142
16,8192,32,32768,500.199
16,8192,32,65536,767.954
16,8192,64,16,78.5608
16,8192,64,32,79.4077
16,8192,64,64,78.778
16,8192,64,128,76.9278
16,8192,64,256,80.9175
16,8192,64,512,81.8507
16,8192,64,1024,103.691
16,8192,64,2048,99.6593
16,8192,64,4096,172.32
16,8192,64,8192,280.448
16,8192,64,16384,508.129
16,8192,64,32768,773.767
16,8192,64,65536,1288.22
16,8192,128,16,83.861
16,8192,128,32,84.1178
16,8192,128,64,92.3522
16,8192,128,128,95.0452
16,8192,128,256,97.1513
16,8192,128,512,106.08
16,8192,128,1024,117.036
16,8192,128,2048,171.382
16,8192,128,4096,280.491
16,8192,128,8192,505.804
16,8192,128,16384,768.129
16,8192,128,32768,1284.06
16,8192,128,65536,2314.15
16,16384,0,0,93.84
16,16384,1,16,94.2403
16,16384,1,32,94.1605
16,16384,1,64,94.2292
16,16384,1,128,93.696
16,16384,1,256,94.3892
16,16384,1,512,94.5227
16,16384,1,1024,94.1763
16,16384,1,2048,94.1547
16,16384,1,4096,94.2242
16,16384,1,8192,94.2985
16,16384,1,16384,99.2323
16,16384,1,32768,142.677
16,16384,1,65536,245.766
16,16384,2,16,93.8298
16,16384,2,32,94.1387
16,16384,2,64,94.0475
16,16384,2,128,94.2285
16,16384,2,256,93.947
16,16384,2,512,94.1227
16,16384,2,1024,94.0482
16,16384,2,2048,93.7172
16,16384,2,4096,94.5765
16,16384,2,8192,98.9708
16,16384,2,16384,100.416
16,16384,2,32768,142.821
16,16384,2,65536,244.956
16,16384,4,16,95.4295
16,16384,4,32,95.7173
16,16384,4,64,95.5415
16,16384,4,128,95.6912
16,16384,4,256,95.5733
16,16384,4,512,95.6748
16,16384,4,1024,95.5038
16,16384,4,2048,95.7287
16,16384,4,4096,99.6158
16,16384,4,8192,100.534
16,16384,4,16384,110.449
16,16384,4,32768,145.248
16,16384,4,65536,248.379
16,16384,8,16,95.8888
16,16384,8,32,95.845
16,16384,8,64,96.0697
16,16384,8,128,95.9895
16,16384,8,256,96.3045
16,16384,8,512,96.1383
16,16384,8,1024,94.3788
16,16384,8,2048,100.006
16,16384,8,4096,101.664
16,16384,8,8192,111.59
16,16384,8,16384,126.129
16,16384,8,32768,151.483
16,16384,8,65536,255.729
16,16384,16,16,97.6108
16,16384,16,32,97.611
16,16384,16,64,97.2958
16,16384,16,128,97.2963
16,16384,16,256,97.2962
16,16384,16,512,98.9012
16,16384,16,1024,101.819
16,16384,16,2048,102.091
16,16384,16,4096,111.84
16,16384,16,8192,126.39
16,16384,16,16384,150.176
16,16384,16,32768,223.174
16,16384,16,65536,345.627
16,16384,32,16,99.3333
16,16384,32,32,99.6268
16,16384,32,64,99.445
16,16384,32,128,99.3017
16,16384,32,256,96.0957
16,16384,32,512,104.485
16,16384,32,1024,104.549
16,16384,32,2048,113.531
16,16384,32,4096,160.384
16,16384,32,8192,154.422
16,16384,32,16384,342.486
16,16384,32,32768,360.214
16,16384,32,65536,943.485
16,16384,64,16,99.2538
16,16384,64,32,100.16
16,16384,64,64,103.733
16,16384,64,128,109.696
16,16384,64,256,107.935
16,16384,64,512,115.84
16,16384,64,1024,116.965
16,16384,64,2048,156.96
16,16384,64,4096,154.064
16,16384,64,8192,279.014
16,16384,64,16384,494.47
16,16384,64,32768,951.02
16,16384,64,65536,1480.26
16,16384,128,16,115.371
16,16384,128,32,116.091
16,16384,128,64,116.768
16,16384,128,128,113.808
16,16384,128,256,127.766
16,16384,128,512,125.686
16,16384,128,1024,146.741
16,16384,128,2048,172.032
16,16384,128,4096,284.005
16,16384,128,8192,495.697
16,16384,128,16384,950.151
16,16384,128,32768,1466.88
16,16384,128,65536,2496.87
16,32768,0,0,145.265
16,32768,1,16,145.52
16,32768,1,32,145.798
16,32768,1,64,145.52
16,32768,1,128,145.702
16,32768,1,256,146.304
16,32768,1,512,145.793
16,32768,1,1024,146.325
16,32768,1,2048,145.915
16,32768,1,4096,145.6
16,32768,1,8192,146.32
16,32768,1,16384,146.72
16,32768,1,32768,245.905
16,32768,1,65536,246.294
16,32768,2,16,145.584
16,32768,2,32,145.957
16,32768,2,64,145.365
16,32768,2,128,145.692
16,32768,2,256,145.611
16,32768,2,512,145.834
16,32768,2,1024,145.739
16,32768,2,2048,145.451
16,32768,2,4096,145.546
16,32768,2,8192,146.688
16,32768,2,16384,244.283
16,32768,2,32768,161.435
16,32768,2,65536,245.723
16,32768,4,16,147.467
16,32768,4,32,147.366
16,32768,4,64,147.499
16,32768,4,128,146.795
16,32768,4,256,147.776
16,32768,4,512,147.2
16,32768,4,1024,147.675
16,32768,4,2048,147.392
16,32768,4,4096,148.033
16,32768,4,8192,246.65
16,32768,4,16384,162.123
16,32768,4,32768,181.489
16,32768,4,65536,249.509
16,32768,8,16,148.144
16,32768,8,32,147.947
16,32768,8,64,148.096
16,32768,8,128,147.669
16,32768,8,256,147.899
16,32768,8,512,148.112
16,32768,8,1024,148.305
16,32768,8,2048,147.6
16,32768,8,4096,242.267
16,32768,8,8192,162.571
16,32768,8,16384,182.848
16,32768,8,32768,210.518
16,32768,8,65536,256.72
16,32768,16,16,148.587
16,32768,16,32,148.998
16,32768,16,64,148.689
16,32768,16,128,148.864
16,32768,16,256,148.784
16,32768,16,512,149.249
16,32768,16,1024,160.912
16,32768,16,2048,191.28
16,32768,16,4096,162.422
16,32768,16,8192,182.107
16,32768,16,16384,209.019
16,32768,16,32768,256.054
16,32768,16,65536,402.454
16,32768,32,16,151.003
16,32768,32,32,151.008
16,32768,32,64,151.52
16,32768,32,128,151.253
16,32768,32,256,151.387
16,32768,32,512,155.505
16,32768,32,1024,169.542
16,32768,32,2048,165.797
16,32768,32,4096,183.685
16,32768,32,8192,265.008
16,32768,32,16384,260.033
16,32768,32,32768,623.254
16,32768,32,65536,660.326
16,32768,64,16,154.938
16,32768,64,32,155.824
16,32768,64,64,154.891
16,32768,64,128,154.907
16,32768,64,256,164.533
16,32768,64,512,169.088
16,32768,64,1024,169.12
16,32768,64,2048,187.259
16,32768,64,4096,261.616
16,32768,64,8192,259.904
16,32768,64,16384,494.534
16,32768,64,32768,924.577
16,32768,64,65536,1838.46
16,32768,128,16,167.158
16,32768,128,32,167.104
16,32768,128,64,168.982
16,32768,128,128,170.982
16,32768,128,256,177.253
16,32768,128,512,184.427
16,32768,128,1024,195.713
16,32768,128,2048,226.523
16,32768,128,4096,281.056
16,32768,128,8192,508.444
16,32768,128,16384,921.51
16,32768,128,32768,1832.1
16,32768,128,65536,2866.24
16,65536,0,0,247.686
16,65536,1,16,248.379
16,65536,1,32,248.293
16,65536,1,64,248.475
16,65536,1,128,248.597
16,65536,1,256,248.235
16,65536,1,512,248.795
16,65536,1,1024,248.496
16,65536,1,2048,248.763
16,65536,1,4096,248.454
16,65536,1,8192,248.8
16,65536,1,16384,249.505
16,65536,1,32768,249.563
16,65536,1,65536,452.528
16,65536,2,16,248.118
16,65536,2,32,248.117
16,65536,2,64,248.086
16,65536,2,128,247.723
16,65536,2,256,247.989
16,65536,2,512,247.974
16,65536,2,1024,248.725
16,65536,2,2048,247.99
16,65536,2,4096,248.401
16,65536,2,8192,248.262
16,65536,2,16384,249.296
16,65536,2,32768,451.569
16,65536,2,65536,278.486
16,65536,4,16,249.654
16,65536,4,32,249.824
16,65536,4,64,249.878
16,65536,4,128,249.505
16,65536,4,256,249.969
16,65536,4,512,250.054
16,65536,4,1024,249.792
16,65536,4,2048,250.416
16,65536,4,4096,250.459
16,65536,4,8192,250.198
16,65536,4,16384,453.355
16,65536,4,32768,279.099
16,65536,4,65536,318.593
16,65536,8,16,250.607
16,65536,8,32,250.56
16,65536,8,64,250.437
16,65536,8,128,250.373
16,65536,8,256,250.555
16,65536,8,512,250.336
16,65536,8,1024,251.018
16,65536,8,2048,251.099
16,65536,8,4096,251.467
16,65536,8,8192,448.827
16,65536,8,16384,280.321
16,65536,8,32768,318.576
16,65536,8,65536,374.822
16,65536,16,16,251.323
16,65536,16,32,251.269
16,65536,16,64,251.515
16,65536,16,128,251.067
16,65536,16,256,251.574
16,65536,16,512,251.397
16,65536,16,1024,251.627
16,65536,16,2048,265.274
16,65536,16,4096,345.803
16,65536,16,8192,279.744
16,65536,16,16384,318.81
16,65536,16,32768,374.731
16,65536,16,65536,468.939
16,65536,32,16,253.969
16,65536,32,32,253.723
16,65536,32,64,253.931
16,65536,32,128,253.974
16,65536,32,256,254.454
16,65536,32,512,254.422
16,65536,32,1024,271.185
16,65536,32,2048,298.112
16,65536,32,4096,283.312
16,65536,32,8192,321.483
16,65536,32,16384,473.925
16,65536,32,32768,473.281
16,65536,32,65536,1184.27
16,65536,64,16,258.027
16,65536,64,32,258.869
16,65536,64,64,257.766
16,65536,64,128,257.728
16,65536,64,256,258.422
16,65536,64,512,274.294
16,65536,64,1024,288.417
16,65536,64,2048,286.613
16,65536,64,4096,325.388
16,65536,64,8192,470.416
16,65536,64,16384,471.798
16,65536,64,32768,924.705
16,65536,64,65536,1777.44
16,65536,128,16,265.867
16,65536,128,32,266.074
16,65536,128,64,266.053
16,65536,128,128,272.912
16,65536,128,256,277.232
16,65536,128,512,294.661
16,65536,128,1024,294.636
16,65536,128,2048,334.102
16,65536,128,4096,390.309
16,65536,128,8192,499.084
16,65536,128,16384,958.124
16,65536,128,32768,1766.49
16,65536,128,65536,3595.33
24,0,0,0,26.8593
24,0,1,16,27.0828
24,0,1,32,26.7892
24,0,1,64,28.0748
24,0,1,128,29.5893
24,0,1,256,35.4988
24,0,1,512,36.603
24,0,1,1024,40.0158
24,0,1,2048,44.55
24,0,1,4096,54.1285
24,0,1,8192,74.6557
24,0,1,16384,116.827
24,0,1,32768,199.632
24,0,1,65536,364.902
24,0,2,16,27.04
24,0,2,32,27.0613
24,0,2,64,28.101
24,0,2,128,29.7387
24,0,2,256,35.333
24,0,2,512,36.7038
24,0,2,1024,39.9575
24,0,2,2048,44.5867
24,0,2,4096,54.6193
24,0,2,8192,75.1198
24,0,2,16384,117.131
24,0,2,32768,198.875
24,0,2,65536,364.283
24,0,4,16,27.4723
24,0,4,32,27.3657
24,0,4,64,28.7257
24,0,4,128,30.1337
24,0,4,256,36.3517
24,0,4,512,37.3925
24,0,4,1024,40.4115
24,0,4,2048,45.5252
24,0,4,4096,55.3232
24,0,4,8192,76.3787
24,0,4,16384,118.427
24,0,4,32768,201.306
24,0,4,65536,366.507
24,0,8,16,27.7812
24,0,8,32,27.792
24,0,8,64,29.1098
24,0,8,128,30.486
24,0,8,256,36.7527
24,0,8,512,37.6427
24,0,8,1024,41.435
24,0,8,2048,46.5167
24,0,8,4096,56.315
24,0,8,8192,77.334
24,0,8,16384,119.643
24,0,8,32768,202.656
24,0,8,65536,368.315
24,0,16,16,28.1445
24,0,16,32,28.0687
24,0,16,64,29.3657
24,0,16,128,31.056
24,0,16,256,42.0533
24,0,16,512,42.3518
24,0,16,1024,45.4455
24,0,16,2048,50.8325
24,0,16,4096,62.6293
24,0,16,8192,83.7277
24,0,16,16384,129.877
24,0,16,32768,213.669
24,0,16,65536,390.917
24,0,32,16,28.5172
24,0,32,32,28.666
24,0,32,64,30.3468
24,0,32,128,31.9577
24,0,32,256,45.2055
24,0,32,512,49.6423
24,0,32,1024,55.328
24,0,32,2048,62.4535
24,0,32,4096,79.0455
24,0,32,8192,117.2
24,0,32,16384,183.573
24,0,32,32768,321.953
24,0,32,65536,591.388
24,0,64,16,29.5095
24,0,64,32,29.9898
24,0,64,64,31.8243
24,0,64,128,33.4722
24,0,64,256,57.8083
24,0,64,512,62.3042
24,0,64,1024,71.7863
24,0,64,2048,88.1547
24,0,64,4096,124.742
24,0,64,8192,191.435
24,0,64,16384,327.377
24,0,64,32768,596.23
24,0,64,65536,1133.41
24,0,128,16,39.1365
24,0,128,32,39.6537
24,0,128,64,41.7918
24,0,128,128,44.2608
24,0,128,256,64.5383
24,0,128,512,73.7602
24,0,128,1024,90.8752
24,0,128,2048,124.24
24,0,128,4096,192.086
24,0,128,8192,326.859
24,0,128,16384,595.457
24,0,128,32768,1131.16
24,0,128,65536,2202.39
24,16,0,0,26.9227
24,16,1,16,26.9547
24,16,1,32,26.9492
24,16,1,64,27.9897
24,16,1,128,29.4713
24,16,1,256,35.6638
24,16,1,512,36.2977
24,16,1,1024,39.6
24,16,1,2048,44.3682
24,16,1,4096,54.0428
24,16,1,8192,74.928
24,16,1,16384,116.971
24,16,1,32768,199.499
24,16,1,65536,363.968
24,16,2,16,26.9817
24,16,2,32,26.9488
24,16,2,64,28.0855
24,16,2,128,29.4505
24,16,2,256,35.904
24,16,2,512,36.6673
24,16,2,1024,39.4243
24,16,2,2048,45.6965
24,16,2,4096,54.4317
24,16,2,8192,75.3812
24,16,2,16384,117.643
24,16,2,32768,201.03
24,16,2,65536,365.174
24,16,4,16,27.4613
24,16,4,32,27.2633
24,16,4,64,28.5223
24,16,4,128,29.7655
24,16,4,256,36.8585
24,16,4,512,36.8957
24,16,4,1024,40.6723
24,16,4,2048,45.2857
24,16,4,4096,55.1575
24,16,4,8192,76.3802
24,16,4,16384,118.128
24,16,4,32768,201.211
24,16,4,65536,366.464
24,16,8,16,27.888
24,16,8,32,27.8768
24,16,8,64,29.1097
24,16,8,128,30.5765
24,16,8,256,37.125
24,16,8,512,38.2452
24,16,8,1024,41.2213
24,16,8,2048,46.1495
24,16,8,4096,57.4302
24,16,8,8192,78.144
24,16,8,16384,120.331
24,16,8,32768,203.563
24,16,8,65536,369.068
24,16,16,16,28.3735
24,16,16,32,27.9363
24,16,16,64,29.6528
24,16,16,128,31.6432
24,16,16,256,41.2433
24,16,16,512,42.2927
24,16,16,1024,45.3602
24,16,16,2048,51.1995
24,16,16,4096,62.0962
24,16,16,8192,85.4885
24,16,16,16384,128.992
24,16,16,32768,213.515
24,16,16,65536,383.84
24,16,32,16,28.5493
24,16,32,32,28.634
24,16,32,64,29.9522
24,16,32,128,31.5463
24,16,32,256,45.04
24,16,32,512,49.019
24,16,32,1024,58.7413
24,16,32,2048,69.6212
24,16,32,4096,87.7707
24,16,32,8192,122.177
24,16,32,16384,188.768
24,16,32,32768,321.728
24,16,32,65536,591.745
24,16,64,16,30.2933
24,16,64,32,30.1972
24,16,64,64,31.6268
24,16,64,128,33.3118
24,16,64,256,58.96
24,16,64,512,64.3098
24,16,64,1024,75.493
24,16,64,2048,95.0025
24,16,64,4096,128.246
24,16,64,8192,195.025
24,16,64,16384,327.841
24,16,64,32768,595.633
24,16,64,65536,1131.9
24,16,128,16,38.917
24,16,128,32,39.9367
24,16,128,64,41.7388
24,16,128,128,44.6663
24,16,128,256,63.6693
24,16,128,512,75.2637
24,16,128,1024,94.7523
24,16,128,2048,129.216
24,16,128,4096,194.251
24,16,128,8192,330.337
24,16,128,16384,594.759
24,16,128,32768,1130.24
24,16,128,65536,2199.35
24,32,0,0,27.2535
24,32,1,16,27.3063
24,32,1,32,27.195
24,32,1,64,27.6533
24,32,1,128,29.1943
24,32,1,256,35.1198
24,32,1,512,36.5227
24,32,1,1024,39.6855
24,32,1,2048,44.027
24,32,1,4096,54.0855
24,32,1,8192,74.9067
24,32,1,16384,117.29
24,32,1,32768,199.606
24,32,1,65536,364.321
24,32,2,16,27.1787
24,32,2,32,27.2372
24,32,2,64,28.1337
24,32,2,128,29.5198
24,32,2,256,35.5252
24,32,2,512,36.3263
24,32,2,1024,39.5895
24,32,2,2048,45.4083
24,32,2,4096,54.2082
24,32,2,8192,75.0935
24,32,2,16384,117.311
24,32,2,32768,201.088
24,32,2,65536,366.219
24,32,4,16,27.4722
24,32,4,32,27.381
24,32,4,64,28.3618
24,32,4,128,30.0757
24,32,4,256,36.6085
24,32,4,512,36.8638
24,32,4,1024,40.6932
24,32,4,2048,45.2532
24,32,4,4096,54.9918
24,32,4,8192,76.1975
24,32,4,16384,118.352
24,32,4,32768,200.464
24,32,4,65536,365.92
24,32,8,16,27.7865
24,32,8,32,27.7443
24,32,8,64,28.6562
24,32,8,128,30.5015
24,32,8,256,37.6428
24,32,8,512,38.122
24,32,8,1024,40.6668
24,32,8,2048,45.9945
24,32,8,4096,57.1253
24,32,8,8192,77.9092
24,32,8,16384,120.139
24,32,8,32768,203.696
24,32,8,65536,370.315
24,32,16,16,28.16
24,32,16,32,27.8778
24,32,16,64,29.819
24,32,16,128,30.8318
24,32,16,256,41.2803
24,32,16,512,42.1012
24,32,16,1024,45.0878
24,32,16,2048,50.923
24,32,16,4096,62.1602
24,32,16,8192,84.7947
24,32,16,16384,129.398
24,32,16,32768,219.712
24,32,16,65536,392.219
24,32,32,16,28.614
24,32,32,32,28.6557
24,32,32,64,30.0525
24,32,32,128,31.5623
24,32,32,256,45.355
24,32,32,512,48.5758
24,32,32,1024,58.8212
24,32,32,2048,69.7118
24,32,32,4096,87.2747
24,32,32,8192,122.305
24,32,32,16384,187.659
24,32,32,32768,321.611
24,32,32,65536,591.148
24,32,64,16,30.2297
24,32,64,32,30.1813
24,32,64,64,31.5787
24,32,64,128,33.1678
24,32,64,256,59.5898
24,32,64,512,64.2188
24,32,64,1024,75.275
24,32,64,2048,95.0668
24,32,64,4096,129.212
24,32,64,8192,195.147
24,32,64,16384,327.942
24,32,64,32768,599.094
24,32,64,65536,1132.78
24,32,128,16,39.2535
24,32,128,32,39.6105
24,32,128,64,41.6427
24,32,128,128,44.6617
24,32,128,256,63.8297
24,32,128,512,76.1278
24,32,128,1024,94.5867
24,32,128,2048,128.203
24,32,128,4096,195.606
24,32,128,8192,331.403
24,32,128,16384,599.814
24,32,128,32768,1133.43
24,32,128,65536,2204.96
24,64,0,0,28.667
24,64,1,16,28.7843
24,64,1,32,28.8692
24,64,1,64,28.7147
24,64,1,128,29.7175
24,64,1,256,38.8
24,64,1,512,40.2615
24,64,1,1024,42.4852
24,64,1,2048,47.0455
24,64,1,4096,56.7362
24,64,1,8192,74.8533
24,64,1,16384,117.013
24,64,1,32768,199.27
24,64,1,65536,363.707
24,64,2,16,28.6832
24,64,2,32,28.8212
24,64,2,64,28.688
24,64,2,128,29.8237
24,64,2,256,38.8802
24,64,2,512,39.5147
24,64,2,1024,42.6775
24,64,2,2048,47.5627
24,64,2,4096,54.7898
24,64,2,8192,75.4287
24,64,2,16384,117.249
24,64,2,32768,200.672
24,64,2,65536,364.667
24,64,4,16,29.0937
24,64,4,32,29.1513
24,64,4,64,29.1358
24,64,4,128,29.8985
24,64,4,256,40.2823
24,64,4,512,40.064
24,64,4,1024,43.0292
24,64,4,2048,45.5143
24,64,4,4096,55.5735
24,64,4,8192,76.6878
24,64,4,16384,119.003
24,64,4,32768,201.243
24,64,4,65536,367.073
24,64,8,16,29.7178
24,64,8,32,29.4825
24,64,8,64,29.5737
24,64,8,128,30.8113
24,64,8,256,42.8158
24,64,8,512,41.7012
24,64,8,1024,41.3333
24,64,8,2048,46.4963
24,64,8,4096,57.243
24,64,8,8192,78.4695
24,64,8,16384,120.726
24,64,8,32768,203.308
24,64,8,65536,370.257
24,64,16,16,30.101
24,64,16,32,30.1282
24,64,16,64,29.8077
24,64,16,128,31.3073
24,64,16,256,40.2983
24,64,16,512,42.923
24,64,16,1024,45.4243
24,64,16,2048,50.9652
24,64,16,4096,63.0612
24,64,16,8192,83.285
24,64,16,16384,129.574
24,64,16,32768,216.811
24,64,16,65536,390.469
24,64,32,16,30.0965
24,64,32,32,29.9572
24,64,32,64,30.432
24,64,32,128,31.6267
24,64,32,256,45.7177
24,64,32,512,48.6825
24,64,32,1024,64.0907
24,64,32,2048,70.9655
24,64,32,4096,89.531
24,64,32,8192,123.856
24,64,32,16384,190.513
24,64,32,32768,323.382
24,64,32,65536,595.265
24,64,64,16,31.4822
24,64,64,32,31.776
24,64,64,64,31.9898
24,64,64,128,33.4403
24,64,64,256,63.083
24,64,64,512,66.0643
24,64,64,1024,76.6452
24,64,64,2048,95.2855
24,64,64,4096,129.564
24,64,64,8192,196.912
24,64,64,16384,328.47
24,64,64,32768,599.009
24,64,64,65536,1129.85
24,64,128,16,38.5865
24,64,128,32,39.392
24,64,128,64,43.3547
24,64,128,128,46.4165
24,64,128,256,66.1168
24,64,128,512,77.84
24,64,128,1024,96.3837
24,64,128,2048,131.269
24,64,128,4096,196.976
24,64,128,8192,334.24
24,64,128,16384,601.563
24,64,128,32768,1135.69
24,64,128,65536,2201.03
24,128,0,0,30.3732
24,128,1,16,30.4213
24,128,1,32,30.4007
24,128,1,64,30.2613
24,128,1,128,30.0798
24,128,1,256,40.3305
24,128,1,512,39.7923
24,128,1,1024,43.147
24,128,1,2048,47.8187
24,128,1,4096,57.104
24,128,1,8192,78.08
24,128,1,16384,116.843
24,128,1,32768,199.302
24,128,1,65536,364.652
24,128,2,16,30.5175
24,128,2,32,30.2295
24,128,2,64,30.3198
24,128,2,128,30.5385
24,128,2,256,40.8808
24,128,2,512,39.9677
24,128,2,1024,43.1678
24,128,2,2048,47.1037
24,128,2,4096,57.4187
24,128,2,8192,75.3335
24,128,2,16384,117.168
24,128,2,32768,200.641
24,128,2,65536,364.891
24,128,4,16,30.5493
24,128,4,32,30.661
24,128,4,64,30.7517
24,128,4,128,30.7367
24,128,4,256,42.4428
24,128,4,512,41.0087
24,128,4,1024,42.9018
24,128,4,2048,47.6905
24,128,4,4096,55.3175
24,128,4,8192,76.363
24,128,4,16384,118.181
24,128,4,32768,200.577
24,128,4,65536,366.081
24,128,8,16,31.1947
24,128,8,32,31.2057
24,128,8,64,31.104
24,128,8,128,31.3492
24,128,8,256,44.7468
24,128,8,512,42.7463
24,128,8,1024,44.5072
24,128,8,2048,46.4212
24,128,8,4096,56.96
24,128,8,8192,78.4322
24,128,8,16384,120.646
24,128,8,32768,203.243
24,128,8,65536,368.95
24,128,16,16,31.147
24,128,16,32,31.2053
24,128,16,64,31.168
24,128,16,128,31.2108
24,128,16,256,44.811
24,128,16,512,46.869
24,128,16,1024,45.3492
24,128,16,2048,50.5223
24,128,16,4096,63.056
24,128,16,8192,83.8245
24,128,16,16384,129.83
24,128,16,32768,216.854
24,128,16,65536,405.862
24,128,32,16,31.6965
24,128,32,32,31.525
24,128,32,64,31.8615
24,128,32,128,31.5575
24,128,32,256,57.1838
24,128,32,512,49.0985
24,128,32,1024,52.5653
24,128,32,2048,71.2163
24,128,32,4096,89.3755
24,128,32,8192,124.939
24,128,32,16384,189.622
24,128,32,32768,324.603
24,128,32,65536,592.118
24,128,64,16,33.1948
24,128,64,32,33.1362
24,128,64,64,33.1517
24,128,64,128,33.2002
24,128,64,256,63.6107
24,128,64,512,67.0617
24,128,64,1024,77.5518
24,128,64,2048,96.5863
24,128,64,4096,131.462
24,128,64,8192,196.715
24,128,64,16384,329.264
24,128,64,32768,597.047
24,128,64,65536,1133.5
24,128,128,16,38.7415
24,128,128,32,39.4662
24,128,128,64,42.7043
24,128,128,128,47.184
24,128,128,256,67.083
24,128,128,512,77.7443
24,128,128,1024,97.0185
24,128,128,2048,132.021
24,128,128,4096,198.187
24,128,128,8192,332.827
24,128,128,16384,601.1
24,128,128,32768,1136.96
24,128,128,65536,2198.85
24,256,0,0,44.0428
24,256,1,16,40.1868
24,256,1,32,40.3992
24,256,1,64,39.8877
24,256,1,128,40.8855
24,256,1,256,41.0723
24,256,1,512,40.896
24,256,1,1024,43.3443
24,256,1,2048,47.6535
24,256,1,4096,57.5682
24,256,1,8192,77.7225
24,256,1,16384,119.985
24,256,1,32768,199.205
24,256,1,65536,364.576
24,256,2,16,40.6827
24,256,2,32,41.3283
24,256,2,64,40.912
24,256,2,128,41.0937
24,256,2,256,40.7203
24,256,2,512,40.981
24,256,2,1024,43.0078
24,256,2,2048,47.744
24,256,2,4096,57.3595
24,256,2,8192,78.1545
24,256,2,16384,117.136
24,256,2,32768,200.752
24,256,2,65536,365.105
24,256,4,16,41.4243
24,256,4,32,41.5465
24,256,4,64,41.8828
24,256,4,128,42.096
24,256,4,256,41.4078
24,256,4,512,42.1758
24,256,4,1024,43.4615
24,256,4,2048,47.8135
24,256,4,4096,57.7337
24,256,4,8192,76.1065
24,256,4,16384,118.459
24,256,4,32768,201.499
24,256,4,65536,366.31
24,256,8,16,42.2562
24,256,8,32,42.4537
24,256,8,64,42.7313
24,256,8,128,43.408
24,256,8,256,43.2055
24,256,8,512,45.2207
24,256,8,1024,43.9787
24,256,8,2048,49.1628
24,256,8,4096,57.0982
24,256,8,8192,78.5178
24,256,8,16384,120.091
24,256,8,32768,203.771
24,256,8,65536,369.345
24,256,16,16,43.9047
24,256,16,32,44.1922
24,256,16,64,44.3258
24,256,16,128,45.744
24,256,16,256,46.6243
24,256,16,512,47.6215
24,256,16,1024,48.9657
24,256,16,2048,50.7518
24,256,16,4096,62.2937
24,256,16,8192,83.5417
24,256,16,16384,129.456
24,256,16,32768,217.467
24,256,16,65536,390.838
24,256,32,16,44.331
24,256,32,32,44.3892
24,256,32,64,45.0667
24,256,32,128,56.7413
24,256,32,256,50.5873
24,256,32,512,62.3477
24,256,32,1024,52.9717
24,256,32,2048,73.4078
24,256,32,4096,93.2528
24,256,32,8192,127.173
24,256,32,16384,193.109
24,256,32,32768,326.443
24,256,32,65536,594.822
24,256,64,16,49.3067
24,256,64,32,49.3765
24,256,64,64,48.3092
24,256,64,128,48.6345
24,256,64,256,68.571
24,256,64,512,70.6983
24,256,64,1024,79.4027
24,256,64,2048,99.6327
24,256,64,4096,134.72
24,256,64,8192,199.216
24,256,64,16384,334.63
24,256,64,32768,596.07
24,256,64,65536,1140.59
24,256,128,16,56.2507
24,256,128,32,56.7903
24,256,128,64,61.5408
24,256,128,128,60.6343
24,256,128,256,69.4028
24,256,128,512,80.6882
24,256,128,1024,100.699
24,256,128,2048,134.453
24,256,128,4096,201.925
24,256,128,8192,336.784
24,256,128,16384,602.454
24,256,128,32768,1139.59
24,256,128,65536,2211.52
24,512,0,0,44.1812
24,512,1,16,44.0967
24,512,1,32,43.8722
24,512,1,64,44.091
24,512,1,128,45.1042
24,512,1,256,44.3842
24,512,1,512,44.9333
24,512,1,1024,43.5147
24,512,1,2048,47.5993
24,512,1,4096,57.601
24,512,1,8192,78.4428
24,512,1,16384,120.406
24,512,1,32768,202.587
24,512,1,65536,364.208
24,512,2,16,44.373
24,512,2,32,44.6992
24,512,2,64,45.158
24,512,2,128,46.1223
24,512,2,256,45.6962
24,512,2,512,45.8778
24,512,2,1024,42.8533
24,512,2,2048,47.9518
24,512,2,4096,57.4352
24,512,2,8192,78.4482
24,512,2,16384,120.379
24,512,2,32768,200.566
24,512,2,65536,364.811
24,512,4,16,45.1197
24,512,4,32,45.4453
24,512,4,64,46.1758
24,512,4,128,46.341
24,512,4,256,44.576
24,512,4,512,45.1307
24,512,4,1024,44.1017
24,512,4,2048,48.779
24,512,4,4096,57.936
24,512,4,8192,78.3785
24,512,4,16384,118.357
24,512,4,32768,201.093
24,512,4,65536,365.632
24,512,8,16,46.0045
24,512,8,32,46.0268
24,512,8,64,46.4053
24,512,8,128,51.7283
24,512,8,256,46.2078
24,512,8,512,47.254
24,512,8,1024,46.4638
24,512,8,2048,49.5787
24,512,8,4096,59.6915
24,512,8,8192,77.9735
24,512,8,16384,120.422
24,512,8,32768,203.728
24,512,8,65536,369.697
24,512,16,16,46.6613
24,512,16,32,47.2375
24,512,16,64,45.8933
24,512,16,128,46.518
24,512,16,256,48.165
24,512,16,512,50.8213
24,512,16,1024,50.4757
24,512,16,2048,54.1813
24,512,16,4096,61.9358
24,512,16,8192,84.8373
24,512,16,16384,132.491
24,512,16,32768,221.03
24,512,16,65536,399.328
24,512,32,16,46.7093
24,512,32,32,46.8957
24,512,32,64,46.7737
24,512,32,128,47.451
24,512,32,256,60.9022
24,512,32,512,53.696
24,512,32,1024,69.7178
24,512,32,2048,63.3275
24,512,32,4096,96.9498
24,512,32,8192,132.965
24,512,32,16384,198.629
24,512,32,32768,333.739
24,512,32,65536,598.267
24,512,64,16,49.0613
24,512,64,32,49.1903
24,512,64,64,52.0583
24,512,64,128,57.4082
24,512,64,256,52.731
24,512,64,512,75.4395
24,512,64,1024,86.5388
24,512,64,2048,104.512
24,512,64,4096,140.683
24,512,64,8192,203.611
24,512,64,16384,338.213
24,512,64,32768,602.065
24,512,64,65536,1142.74
24,512,128,16,61.7012
24,512,128,32,62.4215
24,512,128,64,64.3305
24,512,128,128,63.3972
24,512,128,256,72.4638
24,512,128,512,84.7897
24,512,128,1024,105.893
24,512,128,2048,140.833
24,512,128,4096,208.203
24,512,128,8192,341.259
24,512,128,16384,610.827
24,512,128,32768,1147.25
24,512,128,65536,2214.81
24,1024,0,0,46.4747
24,1024,1,16,47.0933
24,1024,1,32,46.5225
24,1024,1,64,46.5657
24,1024,1,128,46.4267
24,1024,1,256,46.8795
24,1024,1,512,46.9497
24,1024,1,1024,47.0773
24,1024,1,2048,48.5648
24,1024,1,4096,58.4482
24,1024,1,8192,78.7573
24,1024,1,16384,121.04
24,1024,1,32768,203.013
24,1024,1,65536,367.302
24,1024,2,16,46.7948
24,1024,2,32,47.1363
24,1024,2,64,47.0772
24,1024,2,128,47.4618
24,1024,2,256,48.0583
24,1024,2,512,47.8728
24,1024,2,1024,47.4028
24,1024,2,2048,49.2958
24,1024,2,4096,58.411
24,1024,2,8192,79.0028
24,1024,2,16384,120.757
24,1024,2,32768,202.609
24,1024,2,65536,365.638
24,1024,4,16,47.8292
24,1024,4,32,48.0645
24,1024,4,64,47.6052
24,1024,4,128,47.4562
24,1024,4,256,48.453
24,1024,4,512,48.5492
24,1024,4,1024,54.4478
24,1024,4,2048,49.366
24,1024,4,4096,57.808
24,1024,4,8192,79.3555
24,1024,4,16384,121.216
24,1024,4,32768,201.179
24,1024,4,65536,365.883
24,1024,8,16,48.7688
24,1024,8,32,48.8645
24,1024,8,64,48.8752
24,1024,8,128,48.832
24,1024,8,256,51.413
24,1024,8,512,51.7117
24,1024,8,1024,49.941
24,1024,8,2048,51.1355
24,1024,8,4096,61.1627
24,1024,8,8192,81.6325
24,1024,8,16384,121.019
24,1024,8,32768,203.238
24,1024,8,65536,369.147
24,1024,16,16,47.574
24,1024,16,32,47.2963
24,1024,16,64,48.3043
24,1024,16,128,50.1018
24,1024,16,256,49.456
24,1024,16,512,51.4932
24,1024,16,1024,53.632
24,1024,16,2048,72.1712
24,1024,16,4096,65.941
24,1024,16,8192,84.496
24,1024,16,16384,130.267
24,1024,16,32768,217.467
24,1024,16,65536,384.144
24,1024,32,16,49.0293
24,1024,32,32,48.7195
24,1024,32,64,49.5735
24,1024,32,128,50.3252
24,1024,32,256,50.753
24,1024,32,512,67.0245
24,1024,32,1024,73.4453
24,1024,32,2048,85.5843
24,1024,32,4096,106.672
24,1024,32,8192,144.33
24,1024,32,16384,210.705
24,1024,32,32768,344.614
24,1024,32,65536,611.009
24,1024,64,16,57.8988
24,1024,64,32,57.7657
24,1024,64,64,54.4163
24,1024,64,128,56.8802
24,1024,64,256,63.2373
24,1024,64,512,59.2798
24,1024,64,1024,89.2053
24,1024,64,2048,114.298
24,1024,64,4096,151.216
24,1024,64,8192,215.98
24,1024,64,16384,349.788
24,1024,64,32768,617.025
24,1024,64,65536,1140.89
24,1024,128,16,67.061
24,1024,128,32,67.0828
24,1024,128,64,67.8297
24,1024,128,128,70.0052
24,1024,128,256,71.344
24,1024,128,512,88.096
24,1024,128,1024,114.758
24,1024,128,2048,151.734
24,1024,128,4096,217.835
24,1024,128,8192,351.547
24,1024,128,16384,618.923
24,1024,128,32768,1152.76
24,1024,128,65536,2229.25
24,2048,0,0,50.6515
24,2048,1,16,51.44
24,2048,1,32,51.6162
24,2048,1,64,50.7415
24,2048,1,128,51.8188
24,2048,1,256,50.6295
24,2048,1,512,51.701
24,2048,1,1024,51.8343
24,2048,1,2048,52.1493
24,2048,1,4096,58.3993
24,2048,1,8192,79.611
24,2048,1,16384,121.579
24,2048,1,32768,203.755
24,2048,1,65536,367.851
24,2048,2,16,52.1813
24,2048,2,32,51.957
24,2048,2,64,52.1492
24,2048,2,128,52.1067
24,2048,2,256,52.1337
24,2048,2,512,52.7523
24,2048,2,1024,52.64
24,2048,2,2048,53.3972
24,2048,2,4096,58.8053
24,2048,2,8192,79.8292
24,2048,2,16384,120.844
24,2048,2,32768,203.248
24,2048,2,65536,367.787
24,2048,4,16,52.981
24,2048,4,32,52.8425
24,2048,4,64,52.8585
24,2048,4,128,52.8962
24,2048,4,256,52.9543
24,2048,4,512,53.403
24,2048,4,1024,53.2533
24,2048,4,2048,66.8805
24,2048,4,4096,59.0773
24,2048,4,8192,79.094
24,2048,4,16384,122.069
24,2048,4,32768,203.328
24,2048,4,65536,365.664
24,2048,8,16,53.8667
24,2048,8,32,53.7232
24,2048,8,64,53.1945
24,2048,8,128,53.7605
24,2048,8,256,53.7813
24,2048,8,512,59.7388
24,2048,8,1024,63.7543
24,2048,8,2048,56.3255
24,2048,8,4096,60.32
24,2048,8,8192,81.846
24,2048,8,16384,123.59
24,2048,8,32768,204.268
24,2048,8,65536,372.401
24,2048,16,16,55.1738
24,2048,16,32,55.275
24,2048,16,64,55.4828
24,2048,16,128,52.5437
24,2048,16,256,60.1278
24,2048,16,512,66.2567
24,2048,16,1024,57.7445
24,2048,16,2048,63.7707
24,2048,16,4096,91.6153
24,2048,16,8192,88.6933
24,2048,16,16384,128.443
24,2048,16,32768,214.816
24,2048,16,65536,385.702
24,2048,32,16,54.2825
24,2048,32,32,54.3037
24,2048,32,64,55.8027
24,2048,32,128,58.032
24,2048,32,256,61.8615
24,2048,32,512,57.798
24,2048,32,1024,79.6643
24,2048,32,2048,92.0262
24,2048,32,4096,121.163
24,2048,32,8192,163.659
24,2048,32,16384,229.883
24,2048,32,32768,365.179
24,2048,32,65536,627.862
24,2048,64,16,62.0857
24,2048,64,32,63.114
24,2048,64,64,64.731
24,2048,64,128,61.0402
24,2048,64,256,63.1893
24,2048,64,512,76.6725
24,2048,64,1024,95.232
24,2048,64,2048,118.421
24,2048,64,4096,170.95
24,2048,64,8192,237.078
24,2048,64,16384,368.502
24,2048,64,32768,631.265
24,2048,64,65536,1168.31
24,2048,128,16,71.6642
24,2048,128,32,72.4425
24,2048,128,64,69.7918
24,2048,128,128,78.1123
24,2048,128,256,83.3387
24,2048,128,512,86.6512
24,2048,128,1024,116.421
24,2048,128,2048,169.979
24,2048,128,4096,239.052
24,2048,128,8192,373.238
24,2048,128,16384,640.38
24,2048,128,32768,1174.24
24,2048,128,65536,2244.38
24,4096,0,0,63.6373
24,4096,1,16,63.4023
24,4096,1,32,63.7173
24,4096,1,64,63.318
24,4096,1,128,63.4767
24,4096,1,256,63.3602
24,4096,1,512,63.2047
24,4096,1,1024,63.8133
24,4096,1,2048,63.5148
24,4096,1,4096,64.7303
24,4096,1,8192,79.9897
24,4096,1,16384,122.613
24,4096,1,32768,204.491
24,4096,1,65536,367.952
24,4096,2,16,64.1283
24,4096,2,32,64.1867
24,4096,2,64,64.475
24,4096,2,128,64.0265
24,4096,2,256,64.0907
24,4096,2,512,64.4378
24,4096,2,1024,64.9067
24,4096,2,2048,64.6343
24,4096,2,4096,65.6368
24,4096,2,8192,80.7945
24,4096,2,16384,122.427
24,4096,2,32768,204.315
24,4096,2,65536,368.587
24,4096,4,16,64.8482
24,4096,4,32,64.8848
24,4096,4,64,64.8585
24,4096,4,128,64.8212
24,4096,4,256,65.0088
24,4096,4,512,64.816
24,4096,4,1024,65.3067
24,4096,4,2048,65.1947
24,4096,4,4096,91.5572
24,4096,4,8192,80.9015
24,4096,4,16384,122.208
24,4096,4,32768,205.062
24,4096,4,65536,368.56
24,4096,8,16,65.4082
24,4096,8,32,65.28
24,4096,8,64,65.1903
24,4096,8,128,65.3335
24,4096,8,256,65.2533
24,4096,8,512,65.5682
24,4096,8,1024,73.0297
24,4096,8,2048,83.0292
24,4096,8,4096,70.3303
24,4096,8,8192,82.0798
24,4096,8,16384,126.64
24,4096,8,32768,207.472
24,4096,8,65536,370.881
24,4096,16,16,67.0343
24,4096,16,32,66.6242
24,4096,16,64,66.5865
24,4096,16,128,66.9068
24,4096,16,256,67.1627
24,4096,16,512,70.2617
24,4096,16,1024,87.5362
24,4096,16,2048,71.1785
24,4096,16,4096,80.1977
24,4096,16,8192,132.992
24,4096,16,16384,135.968
24,4096,16,32768,214.341
24,4096,16,65536,393.409
24,4096,32,16,68.2665
24,4096,32,32,68.1705
24,4096,32,64,68.0582
24,4096,32,128,65.5573
24,4096,32,256,76.2452
24,4096,32,512,82.651
24,4096,32,1024,70.8907
24,4096,32,2048,107.105
24,4096,32,4096,128.219
24,4096,32,8192,183.984
24,4096,32,16384,272.107
24,4096,32,32768,408.001
24,4096,32,65536,678.897
24,4096,64,16,73.8347
24,4096,64,32,73.5418
24,4096,64,64,75.4077
24,4096,64,128,77.4612
24,4096,64,256,80.7685
24,4096,64,512,78.0435
24,4096,64,1024,104.059
24,4096,64,2048,126.704
24,4096,64,4096,172.687
24,4096,64,8192,280.006
24,4096,64,16384,412.934
24,4096,64,32768,673.814
24,4096,64,65536,1195.42
24,4096,128,16,82.6348
24,4096,128,32,83.136
24,4096,128,64,84.6347
24,4096,128,128,84.1817
24,4096,128,256,88.896
24,4096,128,512,107.526
24,4096,128,1024,125.019
24,4096,128,2048,170.944
24,4096,128,4096,279.553
24,4096,128,8192,417.27
24,4096,128,16384,682.95
24,4096,128,32768,1215.4
24,4096,128,65536,2286.43
24,8192,0,0,83.4562
24,8192,1,16,82.4693
24,8192,1,32,82.758
24,8192,1,64,82.6138
24,8192,1,128,82.4533
24,8192,1,256,82.4637
24,8192,1,512,82.72
24,8192,1,1024,82.7843
24,8192,1,2048,82.5708
24,8192,1,4096,82.704
24,8192,1,8192,83.2963
24,8192,1,16384,122.949
24,8192,1,32768,205.403
24,8192,1,65536,369.552
24,8192,2,16,83.52
24,8192,2,32,83.2855
24,8192,2,64,83.5043
24,8192,2,128,83.0243
24,8192,2,256,83.7375
24,8192,2,512,83.4507
24,8192,2,1024,83.4772
24,8192,2,2048,83.9685
24,8192,2,4096,83.4832
24,8192,2,8192,84.6507
24,8192,2,16384,123.504
24,8192,2,32768,205.536
24,8192,2,65536,368.374
24,8192,4,16,83.8352
24,8192,4,32,84.5117
24,8192,4,64,84.0162
24,8192,4,128,84.2505
24,8192,4,256,83.9838
24,8192,4,512,84.2402
24,8192,4,1024,83.638
24,8192,4,2048,84.448
24,8192,4,4096,84.6617
24,8192,4,8192,133.349
24,8192,4,16384,124.859
24,8192,4,32768,205.445
24,8192,4,65536,370.769
24,8192,8,16,84.7837
24,8192,8,32,85.0085
24,8192,8,64,85.2213
24,8192,8,128,85.0082
24,8192,8,256,84.7093
24,8192,8,512,84.7687
24,8192,8,1024,84.7678
24,8192,8,2048,99.76
24,8192,8,4096,118.224
24,8192,8,8192,96.3947
24,8192,8,16384,125.867
24,8192,8,32768,210.518
24,8192,8,65536,374.694
24,8192,16,16,86.7103
24,8192,16,32,86.7838
24,8192,16,64,87.0727
24,8192,16,128,86.7407
24,8192,16,256,86.8592
24,8192,16,512,86.6082
24,8192,16,1024,96.5603
24,8192,16,2048,121.504
24,8192,16,4096,97.0767
24,8192,16,8192,116.347
24,8192,16,16384,212.267
24,8192,16,32768,222.225
24,8192,16,65536,385.915
24,8192,32,16,88.416
24,8192,32,32,88.3043
24,8192,32,64,88.1437
24,8192,32,128,88.464
24,8192,32,256,88.3837
24,8192,32,512,91.8242
24,8192,32,1024,115.979
24,8192,32,2048,96.8797
24,8192,32,4096,160.048
24,8192,32,8192,198.129
24,8192,32,16384,308.412
24,8192,32,32768,490.566
24,8192,32,65536,762.492
24,8192,64,16,91.6798
24,8192,64,32,92.0108
24,8192,64,64,91.376
24,8192,64,128,96.5598
24,8192,64,256,100.202
24,8192,64,512,109.75
24,8192,64,1024,105.163
24,8192,64,2048,156.283
24,8192,64,4096,188.827
24,8192,64,8192,278.966
24,8192,64,16384,496.049
24,8192,64,32768,764.406
24,8192,64,65536,1301.89
24,8192,128,16,102.927
24,8192,128,32,103.451
24,8192,128,64,105.734
24,8192,128,128,107.974
24,8192,128,256,112.117
24,8192,128,512,122.426
24,8192,128,1024,146.032
24,8192,128,2048,188.614
24,8192,128,4096,276.48
24,8192,128,8192,497.057
24,8192,128,16384,767.58
24,8192,128,32768,1293.55
24,8192,128,65536,2369.53
24,16384,0,0,124.24
24,16384,1,16,124.171
24,16384,1,32,124.123
24,16384,1,64,124.171
24,16384,1,128,124.128
24,16384,1,256,124.325
24,16384,1,512,124.139
24,16384,1,1024,123.611
24,16384,1,2048,123.84
24,16384,1,4096,125.083
24,16384,1,8192,123.957
24,16384,1,16384,125.146
24,16384,1,32768,205.771
24,16384,1,65536,371.009
24,16384,2,16,124.48
24,16384,2,32,124.752
24,16384,2,64,124.47
24,16384,2,128,124.235
24,16384,2,256,124.661
24,16384,2,512,124.294
24,16384,2,1024,124.443
24,16384,2,2048,124.981
24,16384,2,4096,124.944
24,16384,2,8192,125.227
24,16384,2,16384,125.434
24,16384,2,32768,206.843
24,16384,2,65536,370.534
24,16384,4,16,124.917
24,16384,4,32,124.816
24,16384,4,64,124.923
24,16384,4,128,124.635
24,16384,4,256,124.96
24,16384,4,512,124.683
24,16384,4,1024,124.896
24,16384,4,2048,125.579
24,16384,4,4096,126.426
24,16384,4,8192,126.8
24,16384,4,16384,212.432
24,16384,4,32768,209.302
24,16384,4,65536,368.342
24,16384,8,16,126.859
24,16384,8,32,126.389
24,16384,8,64,126.491
24,16384,8,128,126.8
24,16384,8,256,126.319
24,16384,8,512,126.453
24,16384,8,1024,126.795
24,16384,8,2048,126.885
24,16384,8,4096,153.12
24,16384,8,8192,189.157
24,16384,8,16384,148.348
24,16384,8,32768,210.203
24,16384,8,65536,375.564
24,16384,16,16,128.267
24,16384,16,32,127.829
24,16384,16,64,128.267
24,16384,16,128,127.99
24,16384,16,256,128.529
24,16384,16,512,128.368
24,16384,16,1024,128.592
24,16384,16,2048,150.128
24,16384,16,4096,185.883
24,16384,16,8192,150.528
24,16384,16,16384,185.195
24,16384,16,32768,365.057
24,16384,16,65536,394.919
24,16384,32,16,129.931
24,16384,32,32,129.936
24,16384,32,64,129.931
24,16384,32,128,130.032
24,16384,32,256,130.272
24,16384,32,512,130.405
24,16384,32,1024,132.021
24,16384,32,2048,180.213
24,16384,32,4096,150.315
24,16384,32,8192,264.715
24,16384,32,16384,337.755
24,16384,32,32768,554.673
24,16384,32,65536,923.153
24,16384,64,16,133.835
24,16384,64,32,133.702
24,16384,64,64,133.909
24,16384,64,128,134.304
24,16384,64,256,133.803
24,16384,64,512,144.229
24,16384,64,1024,164.773
24,16384,64,2048,158.107
24,16384,64,4096,261.595
24,16384,64,8192,312.022
24,16384,64,16384,488.928
24,16384,64,32768,926.673
24,16384,64,65536,1461.19
24,16384,128,16,140.918
24,16384,128,32,140.949
24,16384,128,64,141.489
24,16384,128,128,144.443
24,16384,128,256,153.051
24,16384,128,512,162.069
24,16384,128,1024,180.614
24,16384,128,2048,225.9
24,16384,128,4096,309.568
24,16384,128,8192,485.317
24,16384,128,16384,929.735
24,16384,128,32768,1470.8
24,16384,128,65536,2526.44
24,32768,0,0,206.358
24,32768,1,16,206.352
24,32768,1,32,206.353
24,32768,1,64,206.006
24,32768,1,128,205.995
24,32768,1,256,206.422
24,32768,1,512,206.08
24,32768,1,1024,206.63
24,32768,1,2048,205.84
24,32768,1,4096,206.224
24,32768,1,8192,206.379
24,32768,1,16384,206.422
24,32768,1,32768,208.054
24,32768,1,65536,370.252
24,32768,2,16,206.453
24,32768,2,32,206.726
24,32768,2,64,206.603
24,32768,2,128,206.917
24,32768,2,256,207.35
24,32768,2,512,206.464
24,32768,2,1024,206.752
24,32768,2,2048,206.278
24,32768,2,4096,207.061
24,32768,2,8192,207.152
24,32768,2,16384,207.227
24,32768,2,32768,208.581
24,32768,2,65536,372.982
24,32768,4,16,206.965
24,32768,4,32,206.906
24,32768,4,64,206.811
24,32768,4,128,207.221
24,32768,4,256,207.019
24,32768,4,512,207.808
24,32768,4,1024,207.11
24,32768,4,2048,206.774
24,32768,4,4096,207.142
24,32768,4,8192,208.726
24,32768,4,16384,209.877
24,32768,4,32768,379.75
24,32768,4,65536,374.379
24,32768,8,16,208.299
24,32768,8,32,207.904
24,32768,8,64,207.835
24,32768,8,128,208.021
24,32768,8,256,208.059
24,32768,8,512,207.968
24,32768,8,1024,207.942
24,32768,8,2048,208.518
24,32768,8,4096,209.019
24,32768,8,8192,257.126
24,32768,8,16384,328.747
24,32768,8,32768,251.974
24,32768,8,65536,377.131
24,32768,16,16,210.353
24,32768,16,32,209.851
24,32768,16,64,210.005
24,32768,16,128,210.112
24,32768,16,256,210.278
24,32768,16,512,210.331
24,32768,16,1024,211.296
24,32768,16,2048,210.805
24,32768,16,4096,254.976
24,32768,16,8192,323.488
24,32768,16,16384,254.208
24,32768,16,32768,324.753
24,32768,16,65536,669.132
24,32768,32,16,211.979
24,32768,32,32,211.035
24,32768,32,64,211.451
24,32768,32,128,211.952
24,32768,32,256,212.165
24,32768,32,512,213.141
24,32768,32,1024,212.934
24,32768,32,2048,211.777
24,32768,32,4096,317.2
24,32768,32,8192,253.728
24,32768,32,16384,472.171
24,32768,32,32768,615.35
24,32768,32,65536,1048.64
24,32768,64,16,215.899
24,32768,64,32,215.269
24,32768,64,64,215.205
24,32768,64,128,215.573
24,32768,64,256,215.92
24,32768,64,512,216.107
24,32768,64,1024,233.749
24,32768,64,2048,272.476
24,32768,64,4096,262.459
24,32768,64,8192,470.187
24,32768,64,16384,554.279
24,32768,64,32768,907.878
24,32768,64,65536,1791.35
24,32768,128,16,222.859
24,32768,128,32,223.126
24,32768,128,64,223.414
24,32768,128,128,223.659
24,32768,128,256,224.384
24,32768,128,512,238.597
24,32768,128,1024,258.203
24,32768,128,2048,284.955
24,32768,128,4096,381.312
24,32768,128,8192,553.451
24,32768,128,16384,908.86
24,32768,128,32768,1795.88
24,32768,128,65536,2868.25
24,65536,0,0,372.107
24,65536,1,16,371.861
24,65536,1,32,371.868
24,65536,1,64,371.59
24,65536,1,128,371.313
24,65536,1,256,371.58
24,65536,1,512,371.307
24,65536,1,1024,371.883
24,65536,1,2048,371.536
24,65536,1,4096,371.664
24,65536,1,8192,371.563
24,65536,1,16384,372.033
24,65536,1,32768,371.83
24,65536,1,65536,373.046
24,65536,2,16,372.497
24,65536,2,32,372.283
24,65536,2,64,372.752
24,65536,2,128,371.984
24,65536,2,256,372.401
24,65536,2,512,372.416
24,65536,2,1024,372.08
24,65536,2,2048,372.715
24,65536,2,4096,372.524
24,65536,2,8192,372.384
24,65536,2,16384,372.545
24,65536,2,32768,372.55
24,65536,2,65536,374.406
24,65536,4,16,372.939
24,65536,4,32,373.099
24,65536,4,64,373.024
24,65536,4,128,372.966
24,65536,4,256,372.906
24,65536,4,512,372.721
24,65536,4,1024,372.646
24,65536,4,2048,373.13
24,65536,4,4096,372.934
24,65536,4,8192,373.638
24,65536,4,16384,374.134
24,65536,4,32768,374.619
24,65536,4,65536,713.115
24,65536,8,16,372.918
24,65536,8,32,373.291
24,65536,8,64,373.067
24,65536,8,128,373.44
24,65536,8,256,373.499
24,65536,8,512,373.371
24,65536,8,1024,373.34
24,65536,8,2048,373.777
24,65536,8,4096,374.15
24,65536,8,8192,374.006
24,65536,8,16384,464.976
24,65536,8,32768,602.641
24,65536,8,65536,458.027
24,65536,16,16,375.761
24,65536,16,32,375.974
24,65536,16,64,376.16
24,65536,16,128,376.006
24,65536,16,256,375.622
24,65536,16,512,375.434
24,65536,16,1024,377.04
24,65536,16,2048,376.4
24,65536,16,4096,376.668
24,65536,16,8192,461.702
24,65536,16,16384,592.47
24,65536,16,32768,460.55
24,65536,16,65536,602.582
24,65536,32,16,376.912
24,65536,32,32,376.986
24,65536,32,64,376.502
24,65536,32,128,376.816
24,65536,32,256,377.019
24,65536,32,512,377.089
24,65536,32,1024,378.193
24,65536,32,2048,378.342
24,65536,32,4096,379.056
24,65536,32,8192,588.16
24,65536,32,16384,459.793
24,65536,32,32768,887.926
24,65536,32,65536,1170.45
24,65536,64,16,380.608
24,65536,64,32,381.051
24,65536,64,64,380.662
24,65536,64,128,381.051
24,65536,64,256,381.425
24,65536,64,512,381.552
24,65536,64,1024,381.83
24,65536,64,2048,390.224
24,65536,64,4096,489.451
24,65536,64,8192,470.614
24,65536,64,16384,886.481
24,65536,64,32768,1038.1
24,65536,64,65536,1761.11
24,65536,128,16,389.259
24,65536,128,32,389.403
24,65536,128,64,389.291
24,65536,128,128,390.022
24,65536,128,256,390.171
24,65536,128,512,390.081
24,65536,128,1024,405.03
24,65536,128,2048,449.494
24,65536,128,4096,494.368
24,65536,128,8192,693.724
24,65536,128,16384,1040.73
24,65536,128,32768,1741.1
24,65536,128,65536,3524.18
36,0,0,0,28.5388
36,0,1,16,27.3662
36,0,1,32,27.4295
36,0,1,64,28.5438
36,0,1,128,30.2878
36,0,1,256,37.088
36,0,1,512,39.264
36,0,1,1024,38.9122
36,0,1,2048,42.4965
36,0,1,4096,50.561
36,0,1,8192,65.2053
36,0,1,16384,93.8508
36,0,1,32768,154.161
36,0,1,65536,271.702
36,0,2,16,27.6907
36,0,2,32,27.573
36,0,2,64,28.5062
36,0,2,128,30.0697
36,0,2,256,37.296
36,0,2,512,38.7577
36,0,2,1024,38.4318
36,0,2,2048,42.1915
36,0,2,4096,50.5225
36,0,2,8192,64.6558
36,0,2,16384,94.1707
36,0,2,32768,153.995
36,0,2,65536,271.414
36,0,4,16,27.621
36,0,4,32,27.5307
36,0,4,64,29.179
36,0,4,128,30.6292
36,0,4,256,38.0797
36,0,4,512,39.6963
36,0,4,1024,41.093
36,0,4,2048,44.8482
36,0,4,4096,53.2372
36,0,4,8192,68.2347
36,0,4,16384,97.0238
36,0,4,32768,157.761
36,0,4,65536,274.678
36,0,8,16,27.8512
36,0,8,32,27.7972
36,0,8,64,29.5198
36,0,8,128,30.9228
36,0,8,256,38.2298
36,0,8,512,39.9995
36,0,8,1024,41.6425
36,0,8,2048,46.048
36,0,8,4096,54.602
36,0,8,8192,70.4057
36,0,8,16384,99.2218
36,0,8,32768,160.72
36,0,8,65536,279.467
36,0,16,16,28.2298
36,0,16,32,28.1658
36,0,16,64,29.9148
36,0,16,128,31.4502
36,0,16,256,40.4695
36,0,16,512,42.6085
36,0,16,1024,46.8527
36,0,16,2048,51.6648
36,0,16,4096,61.5253
36,0,16,8192,78.7463
36,0,16,16384,113.829
36,0,16,32768,185.228
36,0,16,65536,325.051
36,0,32,16,29.4077
36,0,32,32,29.4507
36,0,32,64,30.7042
36,0,32,128,32.7737
36,0,32,256,47.563
36,0,32,512,50.9227
36,0,32,1024,56.6133
36,0,32,2048,64.8482
36,0,32,4096,81.3547
36,0,32,8192,118.086
36,0,32,16384,186.806
36,0,32,32768,324.32
36,0,32,65536,593.238
36,0,64,16,30.5222
36,0,64,32,30.3948
36,0,64,64,31.9418
36,0,64,128,33.4452
36,0,64,256,60.0642
36,0,64,512,64.0907
36,0,64,1024,73.0935
36,0,64,2048,90.5443
36,0,64,4096,124.731
36,0,64,8192,194.288
36,0,64,16384,331.766
36,0,64,32768,598.267
36,0,64,65536,1134.86
36,0,128,16,39.3233
36,0,128,32,40.1175
36,0,128,64,42.0163
36,0,128,128,44.6302
36,0,128,256,66.1225
36,0,128,512,75.4402
36,0,128,1024,92.5227
36,0,128,2048,126.64
36,0,128,4096,194.006
36,0,128,8192,328.624
36,0,128,16384,598.076
36,0,128,32768,1135.27
36,0,128,65536,2207.93
36,16,0,0,28.48
36,16,1,16,27.4348
36,16,1,32,27.6432
36,16,1,64,28.6082
36,16,1,128,30.251
36,16,1,256,37.1358
36,16,1,512,38.8962
36,16,1,1024,39.046
36,16,1,2048,42.3202
36,16,1,4096,50.3625
36,16,1,8192,65.035
36,16,1,16384,94.7947
36,16,1,32768,153.856
36,16,1,65536,272.518
36,16,2,16,27.6262
36,16,2,32,27.675
36,16,2,64,28.7207
36,16,2,128,30.1228
36,16,2,256,37.3757
36,16,2,512,38.0797
36,16,2,1024,39.045
36,16,2,2048,43.2433
36,16,2,4096,50.0057
36,16,2,8192,65.296
36,16,2,16384,95.7387
36,16,2,32768,155.643
36,16,2,65536,272.283
36,16,4,16,27.7063
36,16,4,32,27.6372
36,16,4,64,28.6928
36,16,4,128,30.3845
36,16,4,256,38.374
36,16,4,512,40.1972
36,16,4,1024,40.5652
36,16,4,2048,44.3575
36,16,4,4096,52.5867
36,16,4,8192,67.7173
36,16,4,16384,96.7893
36,16,4,32768,157.734
36,16,4,65536,275.276
36,16,8,16,27.8503
36,16,8,32,27.835
36,16,8,64,29.0558
36,16,8,128,30.7892
36,16,8,256,37.9255
36,16,8,512,40.0323
36,16,8,1024,41.7275
36,16,8,2048,45.6053
36,16,8,4096,55.0245
36,16,8,8192,69.8352
36,16,8,16384,99.4347
36,16,8,32768,160.374
36,16,8,65536,278.785
36,16,16,16,27.9473
36,16,16,32,28.6928
36,16,16,64,30.0637
36,16,16,128,31.0937
36,16,16,256,40.7202
36,16,16,512,42.72
36,16,16,1024,46.5067
36,16,16,2048,56.832
36,16,16,4096,67.3602
36,16,16,8192,84.9437
36,16,16,16384,120.773
36,16,16,32768,187.931
36,16,16,65536,325.382
36,16,32,16,29.1625
36,16,32,32,29.3922
36,16,32,64,30.9063
36,16,32,128,32.6247
36,16,32,256,46.3788
36,16,32,512,50.3305
36,16,32,1024,60.4162
36,16,32,2048,71.0615
36,16,32,4096,89.2747
36,16,32,8192,124.07
36,16,32,16384,191.611
36,16,32,32768,323.051
36,16,32,65536,595.052
36,16,64,16,30.944
36,16,64,32,30.9762
36,16,64,64,32.1285
36,16,64,128,33.9035
36,16,64,256,59.9253
36,16,64,512,64.88
36,16,64,1024,75.4563
36,16,64,2048,95.1625
36,16,64,4096,128.721
36,16,64,8192,194.379
36,16,64,16384,327.312
36,16,64,32768,600.646
36,16,64,65536,1130.84
36,16,128,16,39.3653
36,16,128,32,39.6648
36,16,128,64,41.659
36,16,128,128,44.5923
36,16,128,256,63.9045
36,16,128,512,75.2958
36,16,128,1024,94.3257
36,16,128,2048,129.424
36,16,128,4096,196.075
36,16,128,8192,329.787
36,16,128,16384,601.014
36,16,128,32768,1134.02
36,16,128,65536,2182.2
36,32,0,0,28.955
36,32,1,16,28.7253
36,32,1,32,28.6188
36,32,1,64,28.4962
36,32,1,128,29.9778
36,32,1,256,42.4157
36,32,1,512,43.8663
36,32,1,1024,44.0852
36,32,1,2048,47.4565
36,32,1,4096,50.3997
36,32,1,8192,64.9925
36,32,1,16384,94.1177
36,32,1,32768,153.824
36,32,1,65536,272.118
36,32,2,16,28.672
36,32,2,32,28.7522
36,32,2,64,28.6242
36,32,2,128,30.0583
36,32,2,256,41.5997
36,32,2,512,43.3282
36,32,2,1024,43.3977
36,32,2,2048,43.6587
36,32,2,4096,50.6613
36,32,2,8192,66.1283
36,32,2,16384,96.0697
36,32,2,32768,155.141
36,32,2,65536,273.148
36,32,4,16,28.9175
36,32,4,32,28.8113
36,32,4,64,28.7895
36,32,4,128,30.1553
36,32,4,256,42.7623
36,32,4,512,44.6403
36,32,4,1024,40.645
36,32,4,2048,44.1602
36,32,4,4096,52.5708
36,32,4,8192,67.2477
36,32,4,16384,96.9757
36,32,4,32768,157.248
36,32,4,65536,274.726
36,32,8,16,28.72
36,32,8,32,29.1633
36,32,8,64,29.0612
36,32,8,128,30.437
36,32,8,256,44.096
36,32,8,512,40.352
36,32,8,1024,41.4085
36,32,8,2048,45.2587
36,32,8,4096,54.2562
36,32,8,8192,69.7813
36,32,8,16384,99.5735
36,32,8,32768,160.929
36,32,8,65536,280.608
36,32,16,16,28.8962
36,32,16,32,29.0613
36,32,16,64,29.3333
36,32,16,128,31.1573
36,32,16,256,40.6138
36,32,16,512,42.5285
36,32,16,1024,46.8962
36,32,16,2048,56.9495
36,32,16,4096,67.7495
36,32,16,8192,85.392
36,32,16,16384,120.102
36,32,16,32768,190.16
36,32,16,65536,329.259
36,32,32,16,29.9305
36,32,32,32,29.8615
36,32,32,64,30.7678
36,32,32,128,32.4908
36,32,32,256,46.1442
36,32,32,512,50.229
36,32,32,1024,54.4853
36,32,32,2048,70.9228
36,32,32,4096,89.8668
36,32,32,8192,125.072
36,32,32,16384,189.12
36,32,32,32768,324.785
36,32,32,65536,594.885
36,32,64,16,31.0027
36,32,64,32,31.3272
36,32,64,64,31.7227
36,32,64,128,34.0007
36,32,64,256,60.715
36,32,64,512,65.0458
36,32,64,1024,76.3578
36,32,64,2048,94.6827
36,32,64,4096,128.891
36,32,64,8192,194.966
36,32,64,16384,330.086
36,32,64,32768,599.521
36,32,64,65536,1133.8
36,32,128,16,39.4185
36,32,128,32,40.037
36,32,128,64,41.7657
36,32,128,128,44.5125
36,32,128,256,63.5788
36,32,128,512,75.024
36,32,128,1024,94.4957
36,32,128,2048,128.869
36,32,128,4096,195.888
36,32,128,8192,331.595
36,32,128,16384,598.176
36,32,128,32768,1134.4
36,32,128,65536,2207.1
36,64,0,0,30.2027
36,64,1,16,29.3545
36,64,1,32,29.2218
36,64,1,64,29.3707
36,64,1,128,30.224
36,64,1,256,42.8215
36,64,1,512,44.2768
36,64,1,1024,44.7147
36,64,1,2048,47.6483
36,64,1,4096,50.251
36,64,1,8192,64.842
36,64,1,16384,94.1068
36,64,1,32768,154.127
36,64,1,65536,273.301
36,64,2,16,29.4663
36,64,2,32,29.1733
36,64,2,64,29.424
36,64,2,128,30.0855
36,64,2,256,42.3193
36,64,2,512,43.4027
36,64,2,1024,43.1735
36,64,2,2048,43.5842
36,64,2,4096,50.5438
36,64,2,8192,65.4885
36,64,2,16384,95.7328
36,64,2,32768,155.355
36,64,2,65536,273.478
36,64,4,16,29.4717
36,64,4,32,29.4777
36,64,4,64,29.1677
36,64,4,128,30.3142
36,64,4,256,43.765
36,64,4,512,44.8413
36,64,4,1024,40.917
36,64,4,2048,44.1382
36,64,4,4096,52.4428
36,64,4,8192,67.8187
36,64,4,16384,97.0187
36,64,4,32768,157.099
36,64,4,65536,274.842
36,64,8,16,29.4777
36,64,8,32,29.717
36,64,8,64,29.515
36,64,8,128,30.7037
36,64,8,256,44.9865
36,64,8,512,40.048
36,64,8,1024,41.6162
36,64,8,2048,45.2692
36,64,8,4096,54.2878
36,64,8,8192,69.9412
36,64,8,16384,99.0128
36,64,8,32768,160.96
36,64,8,65536,280.768
36,64,16,16,29.8237
36,64,16,32,29.5257
36,64,16,64,30.1117
36,64,16,128,30.6505
36,64,16,256,41.4667
36,64,16,512,42.8428
36,64,16,1024,46.4638
36,64,16,2048,57.9735
36,64,16,4096,69.392
36,64,16,8192,86.6352
36,64,16,16384,120.88
36,64,16,32768,189.797
36,64,16,65536,328.96
36,64,32,16,30.8808
36,64,32,32,30.7788
36,64,32,64,31.0197
36,64,32,128,32.272
36,64,32,256,45.3013
36,64,32,512,50.0588
36,64,32,1024,54.3207
36,64,32,2048,72.2085
36,64,32,4096,90.6988
36,64,32,8192,125.723
36,64,32,16384,191.03
36,64,32,32768,325.942
36,64,32,65536,592.47
36,64,64,16,32.0902
36,64,64,32,31.771
36,64,64,64,32.267
36,64,64,128,33.5517
36,64,64,256,64.3785
36,64,64,512,67.0077
36,64,64,1024,77.4403
36,64,64,2048,96.8745
36,64,64,4096,131.179
36,64,64,8192,196.757
36,64,64,16384,333.35
36,64,64,32768,597.65
36,64,64,65536,1135.5
36,64,128,16,38.8325
36,64,128,32,39.8403
36,64,128,64,43.5307
36,64,128,128,46.2073
36,64,128,256,66.3418
36,64,128,512,76.3253
36,64,128,1024,97.4933
36,64,128,2048,131.867
36,64,128,4096,196.854
36,64,128,8192,333.351
36,64,128,16384,601.056
36,64,128,32768,1138.83
36,64,128,65536,2204.38
36,128,0,0,31.781
36,128,1,16,30.8432
36,128,1,32,30.8538
36,128,1,64,30.816
36,128,1,128,30.5598
36,128,1,256,45.9897
36,128,1,512,46.117
36,128,1,1024,44.3312
36,128,1,2048,47.8132
36,128,1,4096,56.3363
36,128,1,8192,70.309
36,128,1,16384,94.352
36,128,1,32768,154.262
36,128,1,65536,272.443
36,128,2,16,30.9602
36,128,2,32,30.8533
36,128,2,64,30.9655
36,128,2,128,31.0347
36,128,2,256,46.0962
36,128,2,512,43.2632
36,128,2,1024,43.4928
36,128,2,2048,46.9175
36,128,2,4096,54.9283
36,128,2,8192,64.9555
36,128,2,16384,95.8073
36,128,2,32768,155.349
36,128,2,65536,273.355
36,128,4,16,31.0775
36,128,4,32,30.848
36,128,4,64,30.9063
36,128,4,128,31.162
36,128,4,256,44.3682
36,128,4,512,44.6352
36,128,4,1024,45.787
36,128,4,2048,48.9173
36,128,4,4096,53.1358
36,128,4,8192,67.3072
36,128,4,16384,97.461
36,128,4,32768,157.701
36,128,4,65536,275.419
36,128,8,16,31.0825
36,128,8,32,30.954
36,128,8,64,31.0027
36,128,8,128,31.2747
36,128,8,256,45.312
36,128,8,512,46.0378
36,128,8,1024,42.0112
36,128,8,2048,45.488
36,128,8,4096,54.0907
36,128,8,8192,69.7233
36,128,8,16384,99.5202
36,128,8,32768,160.96
36,128,8,65536,279.435
36,128,16,16,31.6272
36,128,16,32,31.4618
36,128,16,64,31.0883
36,128,16,128,31.4728
36,128,16,256,48.2025
36,128,16,512,43.5573
36,128,16,1024,46.5068
36,128,16,2048,52.4478
36,128,16,4096,70.3518
36,128,16,8192,87.4775
36,128,16,16384,122.795
36,128,16,32768,191.296
36,128,16,65536,326.544
36,128,32,16,32.6988
36,128,32,32,32.7412
36,128,32,64,32.4052
36,128,32,128,32.8218
36,128,32,256,46.0428
36,128,32,512,49.4135
36,128,32,1024,54.224
36,128,32,2048,72.5657
36,128,32,4096,90.9495
36,128,32,8192,125.739
36,128,32,16384,192.891
36,128,32,32768,329.163
36,128,32,65536,595.281
36,128,64,16,33.4772
36,128,64,32,33.632
36,128,64,64,33.232
36,128,64,128,33.7067
36,128,64,256,64.821
36,128,64,512,68.0428
36,128,64,1024,78.4427
36,128,64,2048,97.2263
36,128,64,4096,131.403
36,128,64,8192,196.715
36,128,64,16384,329.531
36,128,64,32768,596.113
36,128,64,65536,1134.57
36,128,128,16,38.901
36,128,128,32,39.477
36,128,128,64,42.8853
36,128,128,128,47.3175
36,128,128,256,66.8588
36,128,128,512,77.2158
36,128,128,1024,96.9065
36,128,128,2048,132.133
36,128,128,4096,199.259
36,128,128,8192,334.102
36,128,128,16384,600.379
36,128,128,32768,1133.64
36,128,128,65536,2207.78
36,256,0,0,45.4238
36,256,1,16,44.9332
36,256,1,32,45.3387
36,256,1,64,45.2902
36,256,1,128,45.4882
36,256,1,256,45.4503
36,256,1,512,45.8928
36,256,1,1024,46.4218
36,256,1,2048,48.7678
36,256,1,4096,56.2932
36,256,1,8192,70.5123
36,256,1,16384,99.6962
36,256,1,32768,154.192
36,256,1,65536,271.941
36,256,2,16,45.3437
36,256,2,32,45.5252
36,256,2,64,45.2265
36,256,2,128,45.9687
36,256,2,256,46.3095
36,256,2,512,45.4667
36,256,2,1024,45.1787
36,256,2,2048,46.56
36,256,2,4096,54.9813
36,256,2,8192,69.7865
36,256,2,16384,95.8715
36,256,2,32768,155.371
36,256,2,65536,275.11
36,256,4,16,46.336
36,256,4,32,45.7225
36,256,4,64,46.5432
36,256,4,128,47.4668
36,256,4,256,47.1998
36,256,4,512,47.2108
36,256,4,1024,47.0668
36,256,4,2048,49.0077
36,256,4,4096,57.2212
36,256,4,8192,67.755
36,256,4,16384,96.6608
36,256,4,32768,158.187
36,256,4,65536,274.79
36,256,8,16,46.5177
36,256,8,32,46.3305
36,256,8,64,46.2505
36,256,8,128,47.2155
36,256,8,256,46.3737
36,256,8,512,47.1418
36,256,8,1024,49.9677
36,256,8,2048,50.9012
36,256,8,4096,53.8453
36,256,8,8192,70.0587
36,256,8,16384,99.5898
36,256,8,32768,161.232
36,256,8,65536,280.043
36,256,16,16,47.2807
36,256,16,32,47.2263
36,256,16,64,47.6587
36,256,16,128,56.4103
36,256,16,256,48.5128
36,256,16,512,50.9173
36,256,16,1024,60.7467
36,256,16,2048,51.9525
36,256,16,4096,61.584
36,256,16,8192,92.0585
36,256,16,16384,124.997
36,256,16,32768,193.68
36,256,16,65536,331.888
36,256,32,16,50.1065
36,256,32,32,50.3842
36,256,32,64,48.8328
36,256,32,128,49.0352
36,256,32,256,62.8375
36,256,32,512,65.563
36,256,32,1024,53.7442
36,256,32,2048,64.5392
36,256,32,4096,94.0322
36,256,32,8192,128.256
36,256,32,16384,194.897
36,256,32,32768,330.075
36,256,32,65536,597.211
36,256,64,16,50.1172
36,256,64,32,50.4375
36,256,64,64,54.6772
36,256,64,128,57.6752
36,256,64,256,47.6322
36,256,64,512,71.8402
36,256,64,1024,79.8025
36,256,64,2048,99.5997
36,256,64,4096,134.379
36,256,64,8192,199.969
36,256,64,16384,336.245
36,256,64,32768,596.833
36,256,64,65536,1139.76
36,256,128,16,61.3707
36,256,128,32,62.0587
36,256,128,64,64.4753
36,256,128,128,60.8052
36,256,128,256,68.917
36,256,128,512,79.808
36,256,128,1024,100.026
36,256,128,2048,135.36
36,256,128,4096,201.147
36,256,128,8192,335.205
36,256,128,16384,602.22
36,256,128,32768,1143.78
36,256,128,65536,2200.05
36,512,0,0,49.0562
36,512,1,16,49.0667
36,512,1,32,49.126
36,512,1,64,48.9498
36,512,1,128,49.1682
36,512,1,256,48.2402
36,512,1,512,50.1178
36,512,1,1024,50.3733
36,512,1,2048,49.3918
36,512,1,4096,57.6957
36,512,1,8192,72.4318
36,512,1,16384,99.7653
36,512,1,32768,159.456
36,512,1,65536,272.192
36,512,2,16,48.8697
36,512,2,32,49.0665
36,512,2,64,48.4373
36,512,2,128,49.1943
36,512,2,256,49.5627
36,512,2,512,50.4697
36,512,2,1024,49.2633
36,512,2,2048,49.563
36,512,2,4096,56.9558
36,512,2,8192,69.7492
36,512,2,16384,98.5977
36,512,2,32768,155.323
36,512,2,65536,273.324
36,512,4,16,49.654
36,512,4,32,49.4348
36,512,4,64,49.4727
36,512,4,128,49.8997
36,512,4,256,50.5175
36,512,4,512,50.997
36,512,4,1024,49.3233
36,512,4,2048,63.3707
36,512,4,4096,57.6642
36,512,4,8192,72.2562
36,512,4,16384,96.9175
36,512,4,32768,158.32
36,512,4,65536,274.433
36,512,8,16,49.755
36,512,8,32,49.9788
36,512,8,64,49.904
36,512,8,128,49.435
36,512,8,256,50.9172
36,512,8,512,47.8027
36,512,8,1024,62.5865
36,512,8,2048,54.0482
36,512,8,4096,60.2772
36,512,8,8192,69.5253
36,512,8,16384,99.7977
36,512,8,32768,161.067
36,512,8,65536,279.5
36,512,16,16,50.7897
36,512,16,32,50.7892
36,512,16,64,50.4907
36,512,16,128,50.9867
36,512,16,256,60.3358
36,512,16,512,62.4907
36,512,16,1024,63.0613
36,512,16,2048,71.6055
36,512,16,4096,60.7787
36,512,16,8192,97.915
36,512,16,16384,133.211
36,512,16,32768,201.995
36,512,16,65536,336.267
36,512,32,16,49.3762
36,512,32,32,49.589
36,512,32,64,51.8128
36,512,32,128,57.7333
36,512,32,256,52.2718
36,512,32,512,69.4185
36,512,32,1024,73.888
36,512,32,2048,64.7145
36,512,32,4096,98.5657
36,512,32,8192,134.235
36,512,32,16384,200.471
36,512,32,32768,334.987
36,512,32,65536,599.59
36,512,64,16,58.0855
36,512,64,32,58.0533
36,512,64,64,59.6693
36,512,64,128,56.5972
36,512,64,256,64.5868
36,512,64,512,78.9445
36,512,64,1024,86.6507
36,512,64,2048,103.483
36,512,64,4096,140.224
36,512,64,8192,205.962
36,512,64,16384,340.742
36,512,64,32768,606.278
36,512,64,65536,1145.67
36,512,128,16,66.5385
36,512,128,32,66.944
36,512,128,64,67.0298
36,512,128,128,70.411
36,512,128,256,68.7523
36,512,128,512,84.0692
36,512,128,1024,103.893
36,512,128,2048,139.83
36,512,128,4096,207.531
36,512,128,8192,341.451
36,512,128,16384,606.497
36,512,128,32768,1144.95
36,512,128,65536,2216.56
36,1024,0,0,52.4962
36,1024,1,16,52.0753
36,1024,1,32,52.171
36,1024,1,64,51.819
36,1024,1,128,51.6692
36,1024,1,256,52.048
36,1024,1,512,52.1922
36,1024,1,1024,52.747
36,1024,1,2048,52.2457
36,1024,1,4096,57.8503
36,1024,1,8192,72.4108
36,1024,1,16384,101.216
36,1024,1,32768,158.992
36,1024,1,65536,277.238
36,1024,2,16,51.9293
36,1024,2,32,52.1225
36,1024,2,64,51.9367
36,1024,2,128,52.2193
36,1024,2,256,52.3152
36,1024,2,512,52.5335
36,1024,2,1024,52.8855
36,1024,2,2048,52.5818
36,1024,2,4096,56.5815
36,1024,2,8192,71.9258
36,1024,2,16384,99.152
36,1024,2,32768,158.342
36,1024,2,65536,273.371
36,1024,4,16,51.8827
36,1024,4,32,52.885
36,1024,4,64,52.7892
36,1024,4,128,52.8585
36,1024,4,256,53.0992
36,1024,4,512,53.878
36,1024,4,1024,54.6025
36,1024,4,2048,54.0855
36,1024,4,4096,74.923
36,1024,4,8192,72.2403
36,1024,4,16384,101.413
36,1024,4,32768,157.322
36,1024,4,65536,275.243
36,1024,8,16,52.9122
36,1024,8,32,52.7675
36,1024,8,64,52.9435
36,1024,8,128,52.9705
36,1024,8,256,53.0878
36,1024,8,512,53.7973
36,1024,8,1024,53.4343
36,1024,8,2048,71.1312
36,1024,8,4096,59.6268
36,1024,8,8192,75.3757
36,1024,8,16384,100.24
36,1024,8,32768,161.707
36,1024,8,65536,280.128
36,1024,16,16,53.8938
36,1024,16,32,53.765
36,1024,16,64,54.1388
36,1024,16,128,53.563
36,1024,16,256,54.0488
36,1024,16,512,65.9677
36,1024,16,1024,70.7147
36,1024,16,2048,77.8243
36,1024,16,4096,89.632
36,1024,16,8192,80.7365
36,1024,16,16384,144.582
36,1024,16,32768,213.141
36,1024,16,65536,350.902
36,1024,32,16,55.8618
36,1024,32,32,56.544
36,1024,32,64,55.2847
36,1024,32,128,54.4372
36,1024,32,256,63.9575
36,1024,32,512,72.0962
36,1024,32,1024,83.936
36,1024,32,2048,90.6083
36,1024,32,4096,83.7977
36,1024,32,8192,144.587
36,1024,32,16384,210.24
36,1024,32,32768,343.643
36,1024,32,65536,611.361
36,1024,64,16,61.3333
36,1024,64,32,61.1737
36,1024,64,64,62.6878
36,1024,64,128,64.5548
36,1024,64,256,68.6878
36,1024,64,512,78.7682
36,1024,64,1024,93.2808
36,1024,64,2048,114.641
36,1024,64,4096,150.027
36,1024,64,8192,214.673
36,1024,64,16384,350.534
36,1024,64,32768,617.398
36,1024,64,65536,1149.3
36,1024,128,16,70.4478
36,1024,128,32,70.7255
36,1024,128,64,73.4408
36,1024,128,128,75.9683
36,1024,128,256,81.6425
36,1024,128,512,90.3252
36,1024,128,1024,113.494
36,1024,128,2048,149.979
36,1024,128,4096,216.833
36,1024,128,8192,348.156
36,1024,128,16384,616.998
36,1024,128,32768,1154.58
36,1024,128,65536,2222.4
36,2048,0,0,66.8903
36,2048,1,16,67.264
36,2048,1,32,67.8723
36,2048,1,64,67.3922
36,2048,1,128,67.6643
36,2048,1,256,67.6695
36,2048,1,512,68.3202
36,2048,1,1024,61.8935
36,2048,1,2048,63.1412
36,2048,1,4096,63.3178
36,2048,1,8192,72.3635
36,2048,1,16384,102.208
36,2048,1,32768,161.366
36,2048,1,65536,277.344
36,2048,2,16,67.2807
36,2048,2,32,67.2052
36,2048,2,64,67.6052
36,2048,2,128,67.5992
36,2048,2,256,67.4672
36,2048,2,512,62.1383
36,2048,2,1024,62.011
36,2048,2,2048,63.5572
36,2048,2,4096,63.0188
36,2048,2,8192,71.6427
36,2048,2,16384,101.035
36,2048,2,32768,158.411
36,2048,2,65536,276.47
36,2048,4,16,68.6778
36,2048,4,32,68.218
36,2048,4,64,68.475
36,2048,4,128,68.6992
36,2048,4,256,63.046
36,2048,4,512,62.7413
36,2048,4,1024,62.9493
36,2048,4,2048,64.069
36,2048,4,4096,63.2857
36,2048,4,8192,101.254
36,2048,4,16384,101.68
36,2048,4,32768,163.409
36,2048,4,65536,275.824
36,2048,8,16,67.8562
36,2048,8,32,67.8982
36,2048,8,64,63.499
36,2048,8,128,63.2908
36,2048,8,256,63.5687
36,2048,8,512,63.4825
36,2048,8,1024,62.6133
36,2048,8,2048,61.2597
36,2048,8,4096,91.6533
36,2048,8,8192,74.5702
36,2048,8,16384,107.413
36,2048,8,32768,161.984
36,2048,8,65536,281.873
36,2048,16,16,64.0423
36,2048,16,32,63.6587
36,2048,16,64,63.5362
36,2048,16,128,63.7923
36,2048,16,256,64.0637
36,2048,16,512,63.8242
36,2048,16,1024,78.1227
36,2048,16,2048,89.584
36,2048,16,4096,103.782
36,2048,16,8192,126.33
36,2048,16,16384,119.547
36,2048,16,32768,235.659
36,2048,16,65536,370.822
36,2048,32,16,66.0422
36,2048,32,32,66.2877
36,2048,32,64,66.1387
36,2048,32,128,66.4427
36,2048,32,256,62.9545
36,2048,32,512,74.6128
36,2048,32,1024,89.0777
36,2048,32,2048,110.677
36,2048,32,4096,123.477
36,2048,32,8192,123.755
36,2048,32,16384,230.65
36,2048,32,32768,362.278
36,2048,32,65536,631.014
36,2048,64,16,69.3657
36,2048,64,32,69.9788
36,2048,64,64,67.0882
36,2048,64,128,68.0535
36,2048,64,256,78.507
36,2048,64,512,86.4585
36,2048,64,1024,106.166
36,2048,64,2048,122.72
36,2048,64,4096,169.397
36,2048,64,8192,235.169
36,2048,64,16384,367.734
36,2048,64,32768,631.03
36,2048,64,65536,1168.07
36,2048,128,16,79.3015
36,2048,128,32,79.5632
36,2048,128,64,81.8988
36,2048,128,128,84.4902
36,2048,128,256,88.5123
36,2048,128,512,103.162
36,2048,128,1024,119.025
36,2048,128,2048,167.59
36,2048,128,4096,235.206
36,2048,128,8192,371.068
36,2048,128,16384,635.446
36,2048,128,32768,1174.05
36,2048,128,65536,2241.45
36,4096,0,0,92.955
36,4096,1,16,93.6908
36,4096,1,32,93.9043
36,4096,1,64,93.7607
36,4096,1,128,93.8765
36,4096,1,256,93.7008
36,4096,1,512,94.0163
36,4096,1,1024,95.169
36,4096,1,2048,99.1093
36,4096,1,4096,100.16
36,4096,1,8192,104.304
36,4096,1,16384,102.016
36,4096,1,32768,161.376
36,4096,1,65536,279.259
36,4096,2,16,93.5575
36,4096,2,32,93.5947
36,4096,2,64,93.776
36,4096,2,128,93.617
36,4096,2,256,93.9793
36,4096,2,512,93.6105
36,4096,2,1024,94.4592
36,4096,2,2048,98.8483
36,4096,2,4096,99.7655
36,4096,2,8192,78.4267
36,4096,2,16384,101.37
36,4096,2,32768,161.611
36,4096,2,65536,277.317
36,4096,4,16,95.0615
36,4096,4,32,94.6392
36,4096,4,64,94.9543
36,4096,4,128,95.2272
36,4096,4,256,95.3173
36,4096,4,512,95.1365
36,4096,4,1024,95.5952
36,4096,4,2048,100.896
36,4096,4,4096,80.7415
36,4096,4,8192,81.1042
36,4096,4,16384,146.821
36,4096,4,32768,163.552
36,4096,4,65536,281.68
36,4096,8,16,94.2567
36,4096,8,32,94.4857
36,4096,8,64,94.7788
36,4096,8,128,94.405
36,4096,8,256,94.6827
36,4096,8,512,94.8052
36,4096,8,1024,97.0292
36,4096,8,2048,79.579
36,4096,8,4096,79.3333
36,4096,8,8192,129.477
36,4096,8,16384,106.336
36,4096,8,32768,170.331
36,4096,8,65536,281.483
36,4096,16,16,94.4963
36,4096,16,32,94.549
36,4096,16,64,95.125
36,4096,16,128,94.5333
36,4096,16,256,94.9015
36,4096,16,512,95.0235
36,4096,16,1024,80.2557
36,4096,16,2048,105.744
36,4096,16,4096,124.753
36,4096,16,8192,156.576
36,4096,16,16384,196.496
36,4096,16,32768,198.88
36,4096,16,65536,421.6
36,4096,32,16,96.6773
36,4096,32,32,97.0398
36,4096,32,64,96.8747
36,4096,32,128,97.0295
36,4096,32,256,97.0612
36,4096,32,512,82.6875
36,4096,32,1024,102.261
36,4096,32,2048,121.558
36,4096,32,4096,163.254
36,4096,32,8192,187.2
36,4096,32,16384,202.854
36,4096,32,32768,404.694
36,4096,32,65536,670.849
36,4096,64,16,99.8613
36,4096,64,32,100.011
36,4096,64,64,100.384
36,4096,64,128,86.0803
36,4096,64,256,86.5648
36,4096,64,512,102.053
36,4096,64,1024,117.259
36,4096,64,2048,158.71
36,4096,64,4096,174.918
36,4096,64,8192,278.027
36,4096,64,16384,411.701
36,4096,64,32768,674.551
36,4096,64,65536,1211.73
36,4096,128,16,106.949
36,4096,128,32,107.045
36,4096,128,64,97.2803
36,4096,128,128,99.824
36,4096,128,256,103.462
36,4096,128,512,114.581
36,4096,128,1024,143.654
36,4096,128,2048,171.36
36,4096,128,4096,275.12
36,4096,128,8192,412.454
36,4096,128,16384,678.385
36,4096,128,32768,1210.12
36,4096,128,65536,2268.33
36,8192,0,0,145.205
36,8192,1,16,146.011
36,8192,1,32,145.941
36,8192,1,64,145.813
36,8192,1,128,145.905
36,8192,1,256,146.123
36,8192,1,512,145.883
36,8192,1,1024,145.93
36,8192,1,2048,146.72
36,8192,1,4096,151.371
36,8192,1,8192,151.909
36,8192,1,16384,159.765
36,8192,1,32768,161.51
36,8192,1,65536,279.968
36,8192,2,16,145.589
36,8192,2,32,145.605
36,8192,2,64,145.974
36,8192,2,128,146.017
36,8192,2,256,146.101
36,8192,2,512,145.781
36,8192,2,1024,146.272
36,8192,2,2048,146.864
36,8192,2,4096,151.19
36,8192,2,8192,151.946
36,8192,2,16384,114.267
36,8192,2,32768,161.707
36,8192,2,65536,279.899
36,8192,4,16,146.769
36,8192,4,32,146.816
36,8192,4,64,146.939
36,8192,4,128,146.582
36,8192,4,256,146.789
36,8192,4,512,147.056
36,8192,4,1024,147.136
36,8192,4,2048,148.922
36,8192,4,4096,152.822
36,8192,4,8192,115.542
36,8192,4,16384,114.112
36,8192,4,32768,243.073
36,8192,4,65536,282.197
36,8192,8,16,146.763
36,8192,8,32,146.667
36,8192,8,64,146.277
36,8192,8,128,146.539
36,8192,8,256,146.864
36,8192,8,512,146.784
36,8192,8,1024,147.104
36,8192,8,2048,148.992
36,8192,8,4096,115.616
36,8192,8,8192,114.763
36,8192,8,16384,208.72
36,8192,8,32768,169.311
36,8192,8,65536,289.808
36,8192,16,16,146.886
36,8192,16,32,146.774
36,8192,16,64,147.174
36,8192,16,128,147.568
36,8192,16,256,147.104
36,8192,16,512,147.563
36,8192,16,1024,147.584
36,8192,16,2048,116.272
36,8192,16,4096,158.576
36,8192,16,8192,195.877
36,8192,16,16384,263.051
36,8192,16,32768,332.246
36,8192,16,65536,345.926
36,8192,32,16,148.949
36,8192,32,32,148.56
36,8192,32,64,148.806
36,8192,32,128,148.779
36,8192,32,256,148.78
36,8192,32,512,149.382
36,8192,32,1024,118.619
36,8192,32,2048,155.536
36,8192,32,4096,182.113
36,8192,32,8192,266.955
36,8192,32,16384,312.118
36,8192,32,32768,349.381
36,8192,32,65536,753.841
36,8192,64,16,152.064
36,8192,64,32,151.84
36,8192,64,64,152
36,8192,64,128,152.326
36,8192,64,256,152.827
36,8192,64,512,122.39
36,8192,64,1024,139.744
36,8192,64,2048,179.621
36,8192,64,4096,264.811
36,8192,64,8192,280.896
36,8192,64,16384,491.515
36,8192,64,32768,755.532
36,8192,64,65536,1289.58
36,8192,128,16,158.752
36,8192,128,32,159.296
36,8192,128,64,159.371
36,8192,128,128,159.899
36,8192,128,256,126.517
36,8192,128,512,145.894
36,8192,128,1024,163.227
36,8192,128,2048,223.254
36,8192,128,4096,277.723
36,8192,128,8192,487.099
36,8192,128,16384,757.191
36,8192,128,32768,1292.38
36,8192,128,65536,2359.97
36,16384,0,0,249.014
36,16384,1,16,249.457
36,16384,1,32,249.429
36,16384,1,64,249.553
36,16384,1,128,250.16
36,16384,1,256,249.915
36,16384,1,512,249.557
36,16384,1,1024,249.568
36,16384,1,2048,250.282
36,16384,1,4096,251.307
36,16384,1,8192,255.366
36,16384,1,16384,255.605
36,16384,1,32768,271.611
36,16384,1,65536,279.168
36,16384,2,16,249.435
36,16384,2,32,250.017
36,16384,2,64,249.968
36,16384,2,128,249.361
36,16384,2,256,249.904
36,16384,2,512,249.526
36,16384,2,1024,249.344
36,16384,2,2048,250.054
36,16384,2,4096,251.291
36,16384,2,8192,255.43
36,16384,2,16384,256.092
36,16384,2,32768,182.715
36,16384,2,65536,279.798
36,16384,4,16,250.827
36,16384,4,32,251.137
36,16384,4,64,251.189
36,16384,4,128,251.104
36,16384,4,256,251.365
36,16384,4,512,251.408
36,16384,4,1024,251.083
36,16384,4,2048,251.584
36,16384,4,4096,251.984
36,16384,4,8192,256.928
36,16384,4,16384,183.904
36,16384,4,32768,186.992
36,16384,4,65536,430.128
36,16384,8,16,249.76
36,16384,8,32,250.438
36,16384,8,64,250.667
36,16384,8,128,250.257
36,16384,8,256,250.262
36,16384,8,512,251.697
36,16384,8,1024,251.318
36,16384,8,2048,250.502
36,16384,8,4096,252.406
36,16384,8,8192,183.92
36,16384,8,16384,186.155
36,16384,8,32768,359.537
36,16384,8,65536,290.342
36,16384,16,16,250.796
36,16384,16,32,250.187
36,16384,16,64,251.094
36,16384,16,128,250.421
36,16384,16,256,251.03
36,16384,16,512,251.675
36,16384,16,1024,252.785
36,16384,16,2048,251.478
36,16384,16,4096,184.107
36,16384,16,8192,264.72
36,16384,16,16384,332.992
36,16384,16,32768,471.425
36,16384,16,65536,602.289
36,16384,32,16,252.416
36,16384,32,32,253.286
36,16384,32,64,252.384
36,16384,32,128,252.528
36,16384,32,256,253.141
36,16384,32,512,253.861
36,16384,32,1024,253.579
36,16384,32,2048,187.6
36,16384,32,4096,260.555
36,16384,32,8192,302.198
36,16384,32,16384,475.553
36,16384,32,32768,555.894
36,16384,32,65536,639.579
36,16384,64,16,255.622
36,16384,64,32,255.228
36,16384,64,64,255.734
36,16384,64,128,257.344
36,16384,64,256,256.155
36,16384,64,512,257.296
36,16384,64,1024,191.296
36,16384,64,2048,218.8
36,16384,64,4096,298.715
36,16384,64,8192,473.35
36,16384,64,16384,491.969
36,16384,64,32768,912.572
36,16384,64,65536,1441.63
36,16384,128,16,262.55
36,16384,128,32,262.741
36,16384,128,64,262.651
36,16384,128,128,262.928
36,16384,128,256,264.859
36,16384,128,512,197.302
36,16384,128,1024,226.037
36,16384,128,2048,258.753
36,16384,128,4096,379.254
36,16384,128,8192,486.214
36,16384,128,16384,910.252
36,16384,128,32768,1444.26
36,16384,128,65536,2512.12
36,32768,0,0,455.888
36,32768,1,16,456.47
36,32768,1,32,456.556
36,32768,1,64,456.112
36,32768,1,128,456.289
36,32768,1,256,456.614
36,32768,1,512,456.235
36,32768,1,1024,456.417
36,32768,1,2048,456.438
36,32768,1,4096,456.853
36,32768,1,8192,457.809
36,32768,1,16384,462.71
36,32768,1,32768,463.265
36,32768,1,65536,492.961
36,32768,2,16,456.23
36,32768,2,32,456.166
36,32768,2,64,456.251
36,32768,2,128,456.166
36,32768,2,256,456.385
36,32768,2,512,455.932
36,32768,2,1024,456.225
36,32768,2,2048,456.156
36,32768,2,4096,456.673
36,32768,2,8192,459.611
36,32768,2,16384,464.465
36,32768,2,32768,463.094
36,32768,2,65536,320.278
36,32768,4,16,457.297
36,32768,4,32,458.107
36,32768,4,64,458.3
36,32768,4,128,457.851
36,32768,4,256,457.37
36,32768,4,512,457.371
36,32768,4,1024,457.931
36,32768,4,2048,458.555
36,32768,4,4096,458.71
36,32768,4,8192,459.771
36,32768,4,16384,463.159
36,32768,4,32768,321.564
36,32768,4,65536,322.805
36,32768,8,16,457.989
36,32768,8,32,455.841
36,32768,8,64,457.376
36,32768,8,128,457.377
36,32768,8,256,456.384
36,32768,8,512,457.413
36,32768,8,1024,457.59
36,32768,8,2048,458.219
36,32768,8,4096,456.683
36,32768,8,8192,459.473
36,32768,8,16384,321.36
36,32768,8,32768,322.837
36,32768,8,65536,662.086
36,32768,16,16,457.206
36,32768,16,32,458.87
36,32768,16,64,457.499
36,32768,16,128,457.798
36,32768,16,256,457.339
36,32768,16,512,457.11
36,32768,16,1024,457.873
36,32768,16,2048,457.361
36,32768,16,4096,458
36,32768,16,8192,321.766
36,32768,16,16384,471.051
36,32768,16,32768,608.161
36,32768,16,65536,885.761
36,32768,32,16,459.157
36,32768,32,32,459.772
36,32768,32,64,458.555
36,32768,32,128,460.033
36,32768,32,256,459.035
36,32768,32,512,460.48
36,32768,32,1024,460.609
36,32768,32,2048,460.032
36,32768,32,4096,325.728
36,32768,32,8192,466.79
36,32768,32,16384,544.118
36,32768,32,32768,889.457
36,32768,32,65536,1049.38
36,32768,64,16,463.068
36,32768,64,32,462.747
36,32768,64,64,461.803
36,32768,64,128,463.654
36,32768,64,256,463.27
36,32768,64,512,464.882
36,32768,64,1024,466.732
36,32768,64,2048,328.778
36,32768,64,4096,375.786
36,32768,64,8192,541.75
36,32768,64,16384,887.82
36,32768,64,32768,914.428
36,32768,64,65536,1759.4
36,32768,128,16,468.603
36,32768,128,32,469.285
36,32768,128,64,468.955
36,32768,128,128,469.238
36,32768,128,256,472.251
36,32768,128,512,474.715
36,32768,128,1024,335.863
36,32768,128,2048,392.027
36,32768,128,4096,448.359
36,32768,128,8192,689.148
36,32768,128,16384,911.244
36,32768,128,32768,1754.86
36,32768,128,65536,2821.34
36,65536,0,0,867.334
36,65536,1,16,868.231
36,65536,1,32,871.383
36,65536,1,64,867.906
36,65536,1,128,867.655
36,65536,1,256,867.664
36,65536,1,512,868.081
36,65536,1,1024,868.166
36,65536,1,2048,868.892
36,65536,1,4096,867.969
36,65536,1,8192,867.889
36,65536,1,16384,870.044
36,65536,1,32768,874.22
36,65536,1,65536,874.828
36,65536,2,16,867.452
36,65536,2,32,870.561
36,65536,2,64,868.882
36,65536,2,128,867.18
36,65536,2,256,867.227
36,65536,2,512,866.902
36,65536,2,1024,867.846
36,65536,2,2048,867.926
36,65536,2,4096,868.961
36,65536,2,8192,867.846
36,65536,2,16384,870.545
36,65536,2,32768,874.306
36,65536,2,65536,874.47
36,65536,4,16,871.628
36,65536,4,32,869.681
36,65536,4,64,871.26
36,65536,4,128,870.204
36,65536,4,256,868.955
36,65536,4,512,869.67
36,65536,4,1024,868.316
36,65536,4,2048,873.564
36,65536,4,4096,870.79
36,65536,4,8192,870.166
36,65536,4,16384,870.774
36,65536,4,32768,875.111
36,65536,4,65536,595.654
36,65536,8,16,867.665
36,65536,8,32,868.49
36,65536,8,64,868.059
36,65536,8,128,869.425
36,65536,8,256,867.612
36,65536,8,512,868.487
36,65536,8,1024,868.828
36,65536,8,2048,868.78
36,65536,8,4096,868.416
36,65536,8,8192,871.12
36,65536,8,16384,871.623
36,65536,8,32768,595.238
36,65536,8,65536,598.507
36,65536,16,16,868.635
36,65536,16,32,869.228
36,65536,16,64,868.571
36,65536,16,128,869.446
36,65536,16,256,868.726
36,65536,16,512,870.961
36,65536,16,1024,869.852
36,65536,16,2048,870.683
36,65536,16,4096,870.443
36,65536,16,8192,869.676
36,65536,16,16384,595.425
36,65536,16,32768,881.548
36,65536,16,65536,1159.5
36,65536,32,16,872.075
36,65536,32,32,871.681
36,65536,32,64,870.667
36,65536,32,128,873.42
36,65536,32,256,872.028
36,65536,32,512,872.593
36,65536,32,1024,873.073
36,65536,32,2048,870.865
36,65536,32,4096,873.303
36,65536,32,8192,601.617
36,65536,32,16384,883.478
36,65536,32,32768,1026.67
36,65536,32,65536,1716.19
36,65536,64,16,876.06
36,65536,64,32,875.639
36,65536,64,64,875.548
36,65536,64,128,877.67
36,65536,64,256,877.212
36,65536,64,512,875.735
36,65536,64,1024,875.414
36,65536,64,2048,880.85
36,65536,64,4096,603.217
36,65536,64,8192,684.177
36,65536,64,16384,1025.76
36,65536,64,32768,1712.14
36,65536,64,65536,1753.02
36,65536,128,16,880.78
36,65536,128,32,881.153
36,65536,128,64,881.723
36,65536,128,128,880.705
36,65536,128,256,882.587
36,65536,128,512,885.591
36,65536,128,1024,891.82
36,65536,128,2048,612.379
36,65536,128,4096,716.15
36,65536,128,8192,830.705
36,65536,128,16384,1313.95
36,65536,128,32768,1749.21
36,65536,128,65536,3438.55
54,0,0,0,28.8647
54,0,1,16,28.0853
54,0,1,32,28.1918
54,0,1,64,28.6403
54,0,1,128,29.984
54,0,1,256,38.2985
54,0,1,512,41.2958
54,0,1,1024,38.912
54,0,1,2048,42.6937
54,0,1,4096,50.512
54,0,1,8192,65.3493
54,0,1,16384,94.422
54,0,1,32768,154.459
54,0,1,65536,273.11
54,0,2,16,28.725
54,0,2,32,28.9808
54,0,2,64,29.6
54,0,2,128,30.9493
54,0,2,256,38.086
54,0,2,512,41.5145
54,0,2,1024,38.907
54,0,2,2048,42.4218
54,0,2,4096,50.9015
54,0,2,8192,65.9415
54,0,2,16384,94.8112
54,0,2,32768,154.336
54,0,2,65536,271.899
54,0,4,16,27.5788
54,0,4,32,27.5202
54,0,4,64,28.432
54,0,4,128,30.0693
54,0,4,256,38.742
54,0,4,512,41.9575
54,0,4,1024,40.7197
54,0,4,2048,44.8375
54,0,4,4096,52.9333
54,0,4,8192,67.5788
54,0,4,16384,96.3467
54,0,4,32768,156.502
54,0,4,65536,274.358
54,0,8,16,28.411
54,0,8,32,28.3897
54,0,8,64,29.4823
54,0,8,128,30.9283
54,0,8,256,40.3147
54,0,8,512,43.6587
54,0,8,1024,42.5762
54,0,8,2048,45.9783
54,0,8,4096,56.5065
54,0,8,8192,70.4213
54,0,8,16384,100.299
54,0,8,32768,161.36
54,0,8,65536,279.883
54,0,16,16,28.9335
54,0,16,32,29.1253
54,0,16,64,30.0325
54,0,16,128,31.7915
54,0,16,256,42.651
54,0,16,512,45.8773
54,0,16,1024,46.9065
54,0,16,2048,55.627
54,0,16,4096,63.483
54,0,16,8192,81.4992
54,0,16,16384,117.398
54,0,16,32768,187.537
54,0,16,65536,328.576
54,0,32,16,30.0112
54,0,32,32,30.1807
54,0,32,64,31.4935
54,0,32,128,33.1582
54,0,32,256,46.747
54,0,32,512,50.805
54,0,32,1024,59.6647
54,0,32,2048,69.2642
54,0,32,4096,86.411
54,0,32,8192,118.88
54,0,32,16384,190.928
54,0,32,32768,327.899
54,0,32,65536,596.705
54,0,64,16,30.9012
54,0,64,32,31.2742
54,0,64,64,32.5547
54,0,64,128,34.1548
54,0,64,256,62.0115
54,0,64,512,66.1763
54,0,64,1024,75.6747
54,0,64,2048,93.8987
54,0,64,4096,127.584
54,0,64,8192,198.545
54,0,64,16384,336.262
54,0,64,32768,604.256
54,0,64,65536,1140.73
54,0,128,16,40.2512
54,0,128,32,41.019
54,0,128,64,43.5097
54,0,128,128,45.6857
54,0,128,256,68.9382
54,0,128,512,78.432
54,0,128,1024,96.3947
54,0,128,2048,130.698
54,0,128,4096,198.811
54,0,128,8192,335.467
54,0,128,16384,603.873
54,0,128,32768,1137.45
54,0,128,65536,2213.23
54,16,0,0,29.4672
54,16,1,16,28.8377
54,16,1,32,28.7998
54,16,1,64,28.5548
54,16,1,128,30.3997
54,16,1,256,46.5868
54,16,1,512,49.7492
54,16,1,1024,39.28
54,16,1,2048,42.9597
54,16,1,4096,50.7252
54,16,1,8192,65.6098
54,16,1,16384,94.299
54,16,1,32768,154.496
54,16,1,65536,272.715
54,16,2,16,30.1008
54,16,2,32,29.7495
54,16,2,64,29.7442
54,16,2,128,31.2802
54,16,2,256,45.6213
54,16,2,512,41.6697
54,16,2,1024,39.7808
54,16,2,2048,43.7815
54,16,2,4096,51.3657
54,16,2,8192,66.16
54,16,2,16384,96.0323
54,16,2,32768,156.049
54,16,2,65536,274.794
54,16,4,16,28.7355
54,16,4,32,28.7677
54,16,4,64,28.72
54,16,4,128,30.1278
54,16,4,256,39.797
54,16,4,512,42.6288
54,16,4,1024,40.7468
54,16,4,2048,43.8665
54,16,4,4096,52.752
54,16,4,8192,68.0805
54,16,4,16384,97.093
54,16,4,32768,156.95
54,16,4,65536,274.966
54,16,8,16,29.5738
54,16,8,32,29.3385
54,16,8,64,29.3117
54,16,8,128,30.5918
54,16,8,256,40.2397
54,16,8,512,42.853
54,16,8,1024,42.587
54,16,8,2048,47.2158
54,16,8,4096,56.368
54,16,8,8192,71.44
54,16,8,16384,100.875
54,16,8,32768,162.369
54,16,8,65536,281.168
54,16,16,16,29.4565
54,16,16,32,29.329
54,16,16,64,29.9045
54,16,16,128,31.664
54,16,16,256,42.4107
54,16,16,512,45.7598
54,16,16,1024,55.2162
54,16,16,2048,59.8133
54,16,16,4096,70.4213
54,16,16,8192,89.0238
54,16,16,16384,123.328
54,16,16,32768,192.731
54,16,16,65536,329.435
54,16,32,16,30.2397
54,16,32,32,30.5978
54,16,32,64,31.0827
54,16,32,128,33.0825
54,16,32,256,46.2033
54,16,32,512,50.2035
54,16,32,1024,62.5285
54,16,32,2048,72.2563
54,16,32,4096,90.6502
54,16,32,8192,126.026
54,16,32,16384,193.365
54,16,32,32768,327.238
54,16,32,65536,595.291
54,16,64,16,31.7705
54,16,64,32,31.856
54,16,64,64,32.5542
54,16,64,128,34.3093
54,16,64,256,64.3043
54,16,64,512,66.71
54,16,64,1024,78.0428
54,16,64,2048,98.1227
54,16,64,4096,131.473
54,16,64,8192,199.755
54,16,64,16384,333.206
54,16,64,32768,599.59
54,16,64,65536,1138.15
54,16,128,16,40.5067
54,16,128,32,40.9593
54,16,128,64,43.3013
54,16,128,128,45.3495
54,16,128,256,66.0208
54,16,128,512,77.9678
54,16,128,1024,97.3817
54,16,128,2048,130.609
54,16,128,4096,197.03
54,16,128,8192,332.608
54,16,128,16384,601.041
54,16,128,32768,1134.51
54,16,128,65536,2206.68
54,32,0,0,30.0958
54,32,1,16,29.4135
54,32,1,32,29.2962
54,32,1,64,29.5417
54,32,1,128,30.096
54,32,1,256,47.2585
54,32,1,512,50.1548
54,32,1,1024,39.9467
54,32,1,2048,43.2583
54,32,1,4096,51.051
54,32,1,8192,66.0052
54,32,1,16384,94.992
54,32,1,32768,154.955
54,32,1,65536,272.448
54,32,2,16,30.2288
54,32,2,32,30.1545
54,32,2,64,30.4002
54,32,2,128,31.0988
54,32,2,256,46.5553
54,32,2,512,41.36
54,32,2,1024,40.0315
54,32,2,2048,43.5732
54,32,2,4096,52.1713
54,32,2,8192,66.9385
54,32,2,16384,95.776
54,32,2,32768,155.867
54,32,2,65536,273.675
54,32,4,16,29.1142
54,32,4,32,29.1575
54,32,4,64,29.2533
54,32,4,128,30.2082
54,32,4,256,38.8427
54,32,4,512,42.1652
54,32,4,1024,40.283
54,32,4,2048,44.1763
54,32,4,4096,52.8267
54,32,4,8192,67.3015
54,32,4,16384,96.4317
54,32,4,32768,157.099
54,32,4,65536,275.814
54,32,8,16,29.6428
54,32,8,32,29.8077
54,32,8,64,29.5945
54,32,8,128,30.8103
54,32,8,256,40.0587
54,32,8,512,42.9228
54,32,8,1024,42.774
54,32,8,2048,46.9763
54,32,8,4096,56.3042
54,32,8,8192,71.4513
54,32,8,16384,101.382
54,32,8,32768,162.134
54,32,8,65536,281.227
54,32,16,16,30.2295
54,32,16,32,30.5653
54,32,16,64,30.3365
54,32,16,128,31.6105
54,32,16,256,42.0687
54,32,16,512,45.9202
54,32,16,1024,54.592
54,32,16,2048,59.8302
54,32,16,4096,70.5602
54,32,16,8192,88.9017
54,32,16,16384,123.585
54,32,16,32768,192.992
54,32,16,65536,331.094
54,32,32,16,31.1252
54,32,32,32,31.0718
54,32,32,64,31.1093
54,32,32,128,32.5388
54,32,32,256,46.8748
54,32,32,512,50.1758
54,32,32,1024,61.8027
54,32,32,2048,72.528
54,32,32,4096,90.8747
54,32,32,8192,125.339
54,32,32,16384,192.731
54,32,32,32768,326.054
54,32,32,65536,596.961
54,32,64,16,32.309
54,32,64,32,32.3308
54,32,64,64,33.0132
54,32,64,128,34.4537
54,32,64,256,64.006
54,32,64,512,67.355
54,32,64,1024,78.0377
54,32,64,2048,98.101
54,32,64,4096,132.085
54,32,64,8192,197.132
54,32,64,16384,333.574
54,32,64,32768,601.628
54,32,64,65536,1136.9
54,32,128,16,40.2083
54,32,128,32,40.7837
54,32,128,64,43.7763
54,32,128,128,45.3867
54,32,128,256,66.1605
54,32,128,512,77.9412
54,32,128,1024,95.9305
54,32,128,2048,130.288
54,32,128,4096,197.163
54,32,128,8192,332.747
54,32,128,16384,601.798
54,32,128,32768,1135.82
54,32,128,65536,2211.84
54,64,0,0,30.4695
54,64,1,16,30.0113
54,64,1,32,29.9203
54,64,1,64,29.808
54,64,1,128,30.4263
54,64,1,256,48.3363
54,64,1,512,50.6985
54,64,1,1024,39.701
54,64,1,2048,43.376
54,64,1,4096,51.259
54,64,1,8192,65.6208
54,64,1,16384,94.5437
54,64,1,32768,155.345
54,64,1,65536,272.688
54,64,2,16,30.7143
54,64,2,32,30.635
54,64,2,64,30.7253
54,64,2,128,31.5632
54,64,2,256,47.5953
54,64,2,512,41.2695
54,64,2,1024,40.6985
54,64,2,2048,44.1873
54,64,2,4096,52.128
54,64,2,8192,66.7098
54,64,2,16384,95.8187
54,64,2,32768,155.718
54,64,2,65536,273.227
54,64,4,16,29.4187
54,64,4,32,29.5837
54,64,4,64,29.5148
54,64,4,128,30.336
54,64,4,256,39.115
54,64,4,512,42.4965
54,64,4,1024,41.0348
54,64,4,2048,43.5678
54,64,4,4096,53.0775
54,64,4,8192,67.4932
54,64,4,16384,96.8002
54,64,4,32768,156.906
54,64,4,65536,274.416
54,64,8,16,30.1438
54,64,8,32,30.4102
54,64,8,64,29.9735
54,64,8,128,30.5435
54,64,8,256,39.8563
54,64,8,512,42.8478
54,64,8,1024,42.6127
54,64,8,2048,47.2063
54,64,8,4096,56.3518
54,64,8,8192,71.947
54,64,8,16384,101.12
54,64,8,32768,162.629
54,64,8,65536,282.043
54,64,16,16,30.4583
54,64,16,32,30.9492
54,64,16,64,31.056
54,64,16,128,31.664
54,64,16,256,42.2723
54,64,16,512,45.851
54,64,16,1024,54.8048
54,64,16,2048,61.7983
54,64,16,4096,71.9948
54,64,16,8192,89.899
54,64,16,16384,124.998
54,64,16,32768,193.067
54,64,16,65536,331.829
54,64,32,16,31.6103
54,64,32,32,31.3918
54,64,32,64,31.7175
54,64,32,128,32.5442
54,64,32,256,46.634
54,64,32,512,50.1117
54,64,32,1024,63.4773
54,64,32,2048,72.6988
54,64,32,4096,91.9092
54,64,32,8192,126.87
54,64,32,16384,193.158
54,64,32,32768,328.497
54,64,32,65536,593.564
54,64,64,16,32.8212
54,64,64,32,32.6245
54,64,64,64,32.912
54,64,64,128,34.3253
54,64,64,256,65.2107
54,64,64,512,68.438
54,64,64,1024,79.1092
54,64,64,2048,98.0537
54,64,64,4096,133.232
54,64,64,8192,200.027
54,64,64,16384,332.341
54,64,64,32768,602.299
54,64,64,65536,1138.62
54,64,128,16,40.0423
54,64,128,32,40.9008
54,64,128,64,43.9573
54,64,128,128,46.2667
54,64,128,256,66.2242
54,64,128,512,77.1462
54,64,128,1024,97.1945
54,64,128,2048,131.333
54,64,128,4096,197.574
54,64,128,8192,333.292
54,64,128,16384,600.646
54,64,128,32768,1139.97
54,64,128,65536,2210.15
54,128,0,0,32.0478
54,128,1,16,31.3963
54,128,1,32,31.5193
54,128,1,64,31.4348
54,128,1,128,31.4027
54,128,1,256,49.0032
54,128,1,512,50.6185
54,128,1,1024,49.7493
54,128,1,2048,52.7307
54,128,1,4096,60.5867
54,128,1,8192,66.0805
54,128,1,16384,94.9763
54,128,1,32768,154.768
54,128,1,65536,273.467
54,128,2,16,32.1598
54,128,2,32,32.3195
54,128,2,64,32.2558
54,128,2,128,32.2083
54,128,2,256,48.6877
54,128,2,512,49.5943
54,128,2,1024,48.0318
54,128,2,2048,50.7252
54,128,2,4096,51.6745
54,128,2,8192,66.544
54,128,2,16384,95.8403
54,128,2,32768,156.464
54,128,2,65536,274.059
54,128,4,16,31.0933
54,128,4,32,31.2533
54,128,4,64,31.2642
54,128,4,128,31.3867
54,128,4,256,49.5945
54,128,4,512,50.725
54,128,4,1024,47.6423
54,128,4,2048,44.363
54,128,4,4096,52.976
54,128,4,8192,68.1177
54,128,4,16384,97.0345
54,128,4,32768,156.992
54,128,4,65536,274.747
54,128,8,16,31.5098
54,128,8,32,31.6698
54,128,8,64,31.8298
54,128,8,128,31.6807
54,128,8,256,50.0958
54,128,8,512,51.093
54,128,8,1024,43.4983
54,128,8,2048,47.0403
54,128,8,4096,56.2452
54,128,8,8192,72.1077
54,128,8,16384,101.237
54,128,8,32768,162.8
54,128,8,65536,281.857
54,128,16,16,32.5225
54,128,16,32,32.3578
54,128,16,64,32.4052
54,128,16,128,32.4475
54,128,16,256,42.6455
54,128,16,512,45.8245
54,128,16,1024,55.1365
54,128,16,2048,66.1807
54,128,16,4096,73.216
54,128,16,8192,91.3867
54,128,16,16384,125.174
54,128,16,32768,193.27
54,128,16,65536,328.667
54,128,32,16,33.0982
54,128,32,32,33.2378
54,128,32,64,33.0928
54,128,32,128,33.0887
54,128,32,256,47.3492
54,128,32,512,49.9408
54,128,32,1024,64.1227
54,128,32,2048,75.3815
54,128,32,4096,92.7038
54,128,32,8192,126.907
54,128,32,16384,193.83
54,128,32,32768,328.816
54,128,32,65536,594.769
54,128,64,16,34.0378
54,128,64,32,34.2882
54,128,64,64,34.1443
54,128,64,128,34.7302
54,128,64,256,47.5632
54,128,64,512,70.037
54,128,64,1024,80.1495
54,128,64,2048,99.0885
54,128,64,4096,134.619
54,128,64,8192,198.939
54,128,64,16384,333.515
54,128,64,32768,601.004
54,128,64,65536,1132.36
54,128,128,16,39.9152
54,128,128,32,40.5975
54,128,128,64,43.9415
54,128,128,128,47.3118
54,128,128,256,67.6693
54,128,128,512,78.8857
54,128,128,1024,98.5122
54,128,128,2048,132.934
54,128,128,4096,200.208
54,128,128,8192,333.504
54,128,128,16384,602.455
54,128,128,32768,1139.15
54,128,128,65536,2209.27
54,256,0,0,49.3068
54,256,1,16,49.8348
54,256,1,32,49.648
54,256,1,64,50.1278
54,256,1,128,50.2988
54,256,1,256,50.4805
54,256,1,512,50.5437
54,256,1,1024,50.5978
54,256,1,2048,52.1228
54,256,1,4096,60.7673
54,256,1,8192,75.018
54,256,1,16384,94.8907
54,256,1,32768,154.736
54,256,1,65536,273.398
54,256,2,16,49.7765
54,256,2,32,49.9468
54,256,2,64,50.2243
54,256,2,128,50.1655
54,256,2,256,50.4372
54,256,2,512,49.8185
54,256,2,1024,51.1998
54,256,2,2048,50.4587
54,256,2,4096,59.3652
54,256,2,8192,65.9897
54,256,2,16384,96.1758
54,256,2,32768,156.362
54,256,2,65536,273.435
54,256,4,16,50.2613
54,256,4,32,50.4325
54,256,4,64,50.1442
54,256,4,128,50.3952
54,256,4,256,51.0517
54,256,4,512,51.7977
54,256,4,1024,50.1337
54,256,4,2048,63.7707
54,256,4,4096,52.464
54,256,4,8192,67.5888
54,256,4,16384,96.8908
54,256,4,32768,157.446
54,256,4,65536,275.163
54,256,8,16,50.64
54,256,8,32,50.507
54,256,8,64,51.0457
54,256,8,128,51.7655
54,256,8,256,51.8077
54,256,8,512,51.0562
54,256,8,1024,63.5147
54,256,8,2048,48.0053
54,256,8,4096,56.3202
54,256,8,8192,71.75
54,256,8,16384,102.027
54,256,8,32768,163.568
54,256,8,65536,282.299
54,256,16,16,51.6432
54,256,16,32,51.4878
54,256,16,64,51.0662
54,256,16,128,51.7495
54,256,16,256,62.5597
54,256,16,512,65.2533
54,256,16,1024,48.4055
54,256,16,2048,67.9257
54,256,16,4096,75.8672
54,256,16,8192,94.5548
54,256,16,16384,129.345
54,256,16,32768,196.822
54,256,16,65536,331.28
54,256,32,16,51.3973
54,256,32,32,51.205
54,256,32,64,56.688
54,256,32,128,58.6135
54,256,32,256,66.8048
54,256,32,512,50.6883
54,256,32,1024,69.6215
54,256,32,2048,78.3843
54,256,32,4096,95.1575
54,256,32,8192,129.648
54,256,32,16384,196.945
54,256,32,32768,330.736
54,256,32,65536,597.232
54,256,64,16,58.7365
54,256,64,32,58.8428
54,256,64,64,61.1095
54,256,64,128,63.3065
54,256,64,256,48.9813
54,256,64,512,73.4458
54,256,64,1024,80.9547
54,256,64,2048,101.915
54,256,64,4096,136.518
54,256,64,8192,201.034
54,256,64,16384,337.393
54,256,64,32768,602.855
54,256,64,65536,1143.28
54,256,128,16,68.6988
54,256,128,32,69.4778
54,256,128,64,58.6982
54,256,128,128,62.192
54,256,128,256,70.944
54,256,128,512,80.4802
54,256,128,1024,100.507
54,256,128,2048,135.718
54,256,128,4096,201.691
54,256,128,8192,337.099
54,256,128,16384,603.553
54,256,128,32768,1141.1
54,256,128,65536,2212.46
54,512,0,0,53.265
54,512,1,16,52.8162
54,512,1,32,52.9702
54,512,1,64,52.2773
54,512,1,128,53.0832
54,512,1,256,53.1945
54,512,1,512,54.1872
54,512,1,1024,53.8082
54,512,1,2048,54.4318
54,512,1,4096,60.3678
54,512,1,8192,74.9438
54,512,1,16384,104.8
54,512,1,32768,154.629
54,512,1,65536,273.115
54,512,2,16,53.1683
54,512,2,32,53.2855
54,512,2,64,52.9442
54,512,2,128,53.1042
54,512,2,256,53.6585
54,512,2,512,53.9573
54,512,2,1024,53.7117
54,512,2,2048,54.5337
54,512,2,4096,58.8695
54,512,2,8192,74.0262
54,512,2,16384,95.141
54,512,2,32768,155.899
54,512,2,65536,273.707
54,512,4,16,53.1843
54,512,4,32,53.5093
54,512,4,64,52.9272
54,512,4,128,53.3703
54,512,4,256,53.5147
54,512,4,512,54.7408
54,512,4,1024,53.9465
54,512,4,2048,54.027
54,512,4,4096,76.0905
54,512,4,8192,67.29
54,512,4,16384,97.0883
54,512,4,32768,157.162
54,512,4,65536,275.477
54,512,8,16,53.3125
54,512,8,32,53.4935
54,512,8,64,53.6905
54,512,8,128,53.9147
54,512,8,256,54.4805
54,512,8,512,55.456
54,512,8,1024,54.3143
54,512,8,2048,72.747
54,512,8,4096,55.5953
54,512,8,8192,71.6103
54,512,8,16384,102.165
54,512,8,32768,163.424
54,512,8,65536,282.011
54,512,16,16,54.3145
54,512,16,32,54.8163
54,512,16,64,54.5175
54,512,16,128,54.7677
54,512,16,256,55.2433
54,512,16,512,69.7332
54,512,16,1024,72.2993
54,512,16,2048,55.6958
54,512,16,4096,83.9947
54,512,16,8192,104.379
54,512,16,16384,134.918
54,512,16,32768,202.966
54,512,16,65536,339.084
54,512,32,16,56.4483
54,512,32,32,56.5597
54,512,32,64,54.288
54,512,32,128,57.2052
54,512,32,256,65.6848
54,512,32,512,73.5413
54,512,32,1024,57.9893
54,512,32,2048,83.5305
54,512,32,4096,105.44
54,512,32,8192,134.805
54,512,32,16384,200.699
54,512,32,32768,335.457
54,512,32,65536,600.182
54,512,64,16,61.9952
54,512,64,32,62.5227
54,512,64,64,64.2132
54,512,64,128,66.0855
54,512,64,256,69.856
54,512,64,512,55.168
54,512,64,1024,87.5043
54,512,64,2048,105.205
54,512,64,4096,141.254
54,512,64,8192,205.979
54,512,64,16384,342.705
54,512,64,32768,608.262
54,512,64,65536,1144.58
54,512,128,16,72.1822
54,512,128,32,72.5765
54,512,128,64,74.341
54,512,128,128,76.869
54,512,128,256,70.6888
54,512,128,512,86.107
54,512,128,1024,105.276
54,512,128,2048,140.496
54,512,128,4096,206.95
54,512,128,8192,340.709
54,512,128,16384,607.249
54,512,128,32768,1144.13
54,512,128,65536,2218.86
54,1024,0,0,70.203
54,1024,1,16,70.8583
54,1024,1,32,70.9917
54,1024,1,64,71.1203
54,1024,1,128,70.9065
54,1024,1,256,70.9762
54,1024,1,512,72.2033
54,1024,1,1024,73.0773
54,1024,1,2048,75.5363
54,1024,1,4096,61.3173
54,1024,1,8192,74.9763
54,1024,1,16384,104.539
54,1024,1,32768,164.144
54,1024,1,65536,273.163
54,1024,2,16,70.5015
54,1024,2,32,70.7202
54,1024,2,64,70.5232
54,1024,2,128,70.9232
54,1024,2,256,70.8373
54,1024,2,512,70.9968
54,1024,2,1024,72.4742
54,1024,2,2048,60.9497
54,1024,2,4096,59.6857
54,1024,2,8192,74.1067
54,1024,2,16384,102.72
54,1024,2,32768,156.357
54,1024,2,65536,273.632
54,1024,4,16,71.3712
54,1024,4,32,71.286
54,1024,4,64,71.0455
54,1024,4,128,71.0508
54,1024,4,256,71.2377
54,1024,4,512,71.3127
54,1024,4,1024,61.1467
54,1024,4,2048,60.7893
54,1024,4,4096,77.4447
54,1024,4,8192,98.4587
54,1024,4,16384,97.52
54,1024,4,32768,157.446
54,1024,4,65536,275.504
54,1024,8,16,71.4613
54,1024,8,32,72.0638
54,1024,8,64,71.7073
54,1024,8,128,71.7815
54,1024,8,256,71.9467
54,1024,8,512,60.907
54,1024,8,1024,62.1762
54,1024,8,2048,80.6292
54,1024,8,4096,86.448
54,1024,8,8192,71.659
54,1024,8,16384,102.32
54,1024,8,32768,164.523
54,1024,8,65536,283.542
54,1024,16,16,72.3202
54,1024,16,32,72.1283
54,1024,16,64,71.9733
54,1024,16,128,61.4192
54,1024,16,256,61.4337
54,1024,16,512,61.8245
54,1024,16,1024,83.5842
54,1024,16,2048,87.8243
54,1024,16,4096,69.2483
54,1024,16,8192,114.805
54,1024,16,16384,147.056
54,1024,16,32768,213.856
54,1024,16,65536,350.277
54,1024,32,16,73.3063
54,1024,32,32,73.7867
54,1024,32,64,62.8108
54,1024,32,128,63.1787
54,1024,32,256,63.9155
54,1024,32,512,79.0073
54,1024,32,1024,88.0745
54,1024,32,2048,71.5633
54,1024,32,4096,117.569
54,1024,32,8192,156.011
54,1024,32,16384,210.485
54,1024,32,32768,343.382
54,1024,32,65536,608.416
54,1024,64,16,66.6243
54,1024,64,32,66.139
54,1024,64,64,66.2878
54,1024,64,128,72.5122
54,1024,64,256,76.7787
54,1024,64,512,83.979
54,1024,64,1024,68.608
54,1024,64,2048,115.649
54,1024,64,4096,150.747
54,1024,64,8192,215.531
54,1024,64,16384,350.939
54,1024,64,32768,614.662
54,1024,64,65536,1144.1
54,1024,128,16,78.2023
54,1024,128,32,78.6557
54,1024,128,64,80.5065
54,1024,128,128,83.1895
54,1024,128,256,88.3522
54,1024,128,512,85.312
54,1024,128,1024,113.728
54,1024,128,2048,150.171
54,1024,128,4096,215.691
54,1024,128,8192,348.641
54,1024,128,16384,616.726
54,1024,128,32768,1152.5
54,1024,128,65536,2221.69
54,2048,0,0,89.3072
54,2048,1,16,89.9363
54,2048,1,32,90.0318
54,2048,1,64,89.9685
54,2048,1,128,89.8987
54,2048,1,256,90.011
54,2048,1,512,90.1763
54,2048,1,1024,90.678
54,2048,1,2048,91.3333
54,2048,1,4096,94.0915
54,2048,1,8192,104.757
54,2048,1,16384,104.784
54,2048,1,32768,165.046
54,2048,1,65536,283.28
54,2048,2,16,89.6213
54,2048,2,32,89.7172
54,2048,2,64,89.9413
54,2048,2,128,89.7972
54,2048,2,256,90.096
54,2048,2,512,89.7283
54,2048,2,1024,89.8395
54,2048,2,2048,90.3795
54,2048,2,4096,93.5627
54,2048,2,8192,73.9257
54,2048,2,16384,103.792
54,2048,2,32768,163.904
54,2048,2,65536,282.048
54,2048,4,16,89.9945
54,2048,4,32,90.2613
54,2048,4,64,90.176
54,2048,4,128,89.7815
54,2048,4,256,90.3527
54,2048,4,512,90.2355
54,2048,4,1024,90.4748
54,2048,4,2048,90.6667
54,2048,4,4096,73.4397
54,2048,4,8192,110.395
54,2048,4,16384,140.869
54,2048,4,32768,201.195
54,2048,4,65536,276.801
54,2048,8,16,90.2405
54,2048,8,32,90.4853
54,2048,8,64,89.9738
54,2048,8,128,90.6827
54,2048,8,256,90.4638
54,2048,8,512,90.4213
54,2048,8,1024,91.4885
54,2048,8,2048,74.6612
54,2048,8,4096,107.099
54,2048,8,8192,119.114
54,2048,8,16384,145.2
54,2048,8,32768,165.152
54,2048,8,65536,284.315
54,2048,16,16,90.864
54,2048,16,32,91.195
54,2048,16,64,91.28
54,2048,16,128,91.2597
54,2048,16,256,91.3387
54,2048,16,512,74.4805
54,2048,16,1024,74.7252
54,2048,16,2048,110.597
54,2048,16,4096,120.278
54,2048,16,8192,96.6773
54,2048,16,16384,177.803
54,2048,16,32768,237.285
54,2048,16,65536,376.139
54,2048,32,16,92.8958
54,2048,32,32,92.501
54,2048,32,64,93.3177
54,2048,32,128,92.416
54,2048,32,256,76.4432
54,2048,32,512,77.1468
54,2048,32,1024,106.075
54,2048,32,2048,116.09
54,2048,32,4096,98.539
54,2048,32,8192,180.245
54,2048,32,16384,229.968
54,2048,32,32768,362.225
54,2048,32,65536,628.24
54,2048,64,16,96.6568
54,2048,64,32,96.4378
54,2048,64,64,96.2175
54,2048,64,128,79.3713
54,2048,64,256,81.5905
54,2048,64,512,97.4348
54,2048,64,1024,111.979
54,2048,64,2048,95.3117
54,2048,64,4096,170.124
54,2048,64,8192,235.334
54,2048,64,16384,368.736
54,2048,64,32768,633.494
54,2048,64,65536,1168.37
54,2048,128,16,105.024
54,2048,128,32,105.2
54,2048,128,64,92.7145
54,2048,128,128,95.2742
54,2048,128,256,100.118
54,2048,128,512,109.808
54,2048,128,1024,113.11
54,2048,128,2048,168.245
54,2048,128,4096,234.598
54,2048,128,8192,367.889
54,2048,128,16384,633.857
54,2048,128,32768,1162.89
54,2048,128,65536,2229.15
54,4096,0,0,123.526
54,4096,1,16,124.294
54,4096,1,32,124.117
54,4096,1,64,124.016
54,4096,1,128,124.432
54,4096,1,256,124.416
54,4096,1,512,124.667
54,4096,1,1024,124.101
54,4096,1,2048,125.116
54,4096,1,4096,126.949
54,4096,1,8192,133.819
54,4096,1,16384,152.704
54,4096,1,32768,166.107
54,4096,1,65536,283.659
54,4096,2,16,123.926
54,4096,2,32,124.331
54,4096,2,64,124.091
54,4096,2,128,124.278
54,4096,2,256,124.357
54,4096,2,512,124.64
54,4096,2,1024,124.261
54,4096,2,2048,124.449
54,4096,2,4096,126.224
54,4096,2,8192,132.966
54,4096,2,16384,103.818
54,4096,2,32768,164.081
54,4096,2,65536,282.933
54,4096,4,16,124.245
54,4096,4,32,124.293
54,4096,4,64,124.608
54,4096,4,128,123.963
54,4096,4,256,124.293
54,4096,4,512,124.166
54,4096,4,1024,124.309
54,4096,4,2048,125.179
54,4096,4,4096,126.736
54,4096,4,8192,99.9682
54,4096,4,16384,167.391
54,4096,4,32768,227.461
54,4096,4,65536,345.531
54,4096,8,16,124.715
54,4096,8,32,124.885
54,4096,8,64,124.763
54,4096,8,128,124.886
54,4096,8,256,124.976
54,4096,8,512,125.217
54,4096,8,1024,125.477
54,4096,8,2048,125.942
54,4096,8,4096,101.323
54,4096,8,8192,160.998
54,4096,8,16384,180.027
54,4096,8,32768,232.07
54,4096,8,65536,285.045
54,4096,16,16,125.371
54,4096,16,32,125.221
54,4096,16,64,125.211
54,4096,16,128,125.434
54,4096,16,256,125.675
54,4096,16,512,126.245
54,4096,16,1024,126.283
54,4096,16,2048,101.445
54,4096,16,4096,162.453
54,4096,16,8192,182.891
54,4096,16,16384,201.344
54,4096,16,32768,303.27
54,4096,16,65536,420.582
54,4096,32,16,126.773
54,4096,32,32,126.971
54,4096,32,64,126.955
54,4096,32,128,126.939
54,4096,32,256,127.04
54,4096,32,512,127.638
54,4096,32,1024,105.099
54,4096,32,2048,159.675
54,4096,32,4096,168.539
54,4096,32,8192,191.382
54,4096,32,16384,304.592
54,4096,32,32768,406.364
54,4096,32,65536,673.969
54,4096,64,16,130.272
54,4096,64,32,130.715
54,4096,64,64,130.192
54,4096,64,128,131.227
54,4096,64,256,130.747
54,4096,64,512,105.68
54,4096,64,1024,137.67
54,4096,64,2048,164.827
54,4096,64,4096,186.033
54,4096,64,8192,278.775
54,4096,64,16384,412.577
54,4096,64,32768,677.329
54,4096,64,65536,1202.95
54,4096,128,16,139.745
54,4096,128,32,139.792
54,4096,128,64,139.403
54,4096,128,128,112.986
54,4096,128,256,124.981
54,4096,128,512,133.824
54,4096,128,1024,150.624
54,4096,128,2048,168.582
54,4096,128,4096,275.787
54,4096,128,8192,410.961
54,4096,128,16384,676.321
54,4096,128,32768,1215.46
54,4096,128,65536,2283.5
54,8192,0,0,193.979
54,8192,1,16,194.667
54,8192,1,32,194.73
54,8192,1,64,194.678
54,8192,1,128,194.357
54,8192,1,256,195.227
54,8192,1,512,194.95
54,8192,1,1024,194.976
54,8192,1,2048,194.859
54,8192,1,4096,195.781
54,8192,1,8192,195.536
54,8192,1,16384,210.677
54,8192,1,32768,246.715
54,8192,1,65536,283.056
54,8192,2,16,194.694
54,8192,2,32,195.297
54,8192,2,64,195.03
54,8192,2,128,194.992
54,8192,2,256,194.747
54,8192,2,512,195.04
54,8192,2,1024,195.088
54,8192,2,2048,195.168
54,8192,2,4096,195.606
54,8192,2,8192,195.153
54,8192,2,16384,210.261
54,8192,2,32768,164.56
54,8192,2,65536,282.651
54,8192,4,16,194.869
54,8192,4,32,194.843
54,8192,4,64,195.066
54,8192,4,128,195.146
54,8192,4,256,195.237
54,8192,4,512,195.467
54,8192,4,1024,195.249
54,8192,4,2048,194.918
54,8192,4,4096,195.92
54,8192,4,8192,196.128
54,8192,4,16384,152.902
54,8192,4,32768,279.568
54,8192,4,65536,397.36
54,8192,8,16,195.707
54,8192,8,32,195.734
54,8192,8,64,195.265
54,8192,8,128,195.595
54,8192,8,256,195.468
54,8192,8,512,195.376
54,8192,8,1024,195.6
54,8192,8,2048,195.174
54,8192,8,4096,196.87
54,8192,8,8192,153.541
54,8192,8,16384,264.597
54,8192,8,32768,301.408
54,8192,8,65536,402.582
54,8192,16,16,196.427
54,8192,16,32,196.357
54,8192,16,64,195.691
54,8192,16,128,196.198
54,8192,16,256,195.899
54,8192,16,512,196.534
54,8192,16,1024,196.459
54,8192,16,2048,196.982
54,8192,16,4096,153.792
54,8192,16,8192,266.55
54,8192,16,16384,303.574
54,8192,16,32768,340.059
54,8192,16,65536,549.062
54,8192,32,16,197.569
54,8192,32,32,198.139
54,8192,32,64,197.419
54,8192,32,128,197.926
54,8192,32,256,197.686
54,8192,32,512,197.867
54,8192,32,1024,198.902
54,8192,32,2048,157.536
54,8192,32,4096,262.645
54,8192,32,8192,272.768
54,8192,32,16384,316.454
54,8192,32,32768,553.105
54,8192,32,65536,752.657
54,8192,64,16,201.563
54,8192,64,32,201.925
54,8192,64,64,201.814
54,8192,64,128,201.947
54,8192,64,256,202.486
54,8192,64,512,203.146
54,8192,64,1024,159.989
54,8192,64,2048,216.572
54,8192,64,4096,268.993
54,8192,64,8192,295.003
54,8192,64,16384,487.899
54,8192,64,32768,755.803
54,8192,64,65536,1283.95
54,8192,128,16,209.93
54,8192,128,32,209.958
54,8192,128,64,210.208
54,8192,128,128,210.705
54,8192,128,256,211.739
54,8192,128,512,171.094
54,8192,128,1024,198.784
54,8192,128,2048,229.659
54,8192,128,4096,295.136
54,8192,128,8192,484.966
54,8192,128,16384,755.867
54,8192,128,32768,1291.75
54,8192,128,65536,2361.82
54,16384,0,0,332.357
54,16384,1,16,331.515
54,16384,1,32,331.259
54,16384,1,64,331.616
54,16384,1,128,331.985
54,16384,1,256,331.488
54,16384,1,512,331.467
54,16384,1,1024,331.418
54,16384,1,2048,332.188
54,16384,1,4096,331.739
54,16384,1,8192,332.619
54,16384,1,16384,333.526
54,16384,1,32768,361.916
54,16384,1,65536,432.795
54,16384,2,16,331.67
54,16384,2,32,331.313
54,16384,2,64,331.493
54,16384,2,128,331.867
54,16384,2,256,331.713
54,16384,2,512,330.849
54,16384,2,1024,331.532
54,16384,2,2048,331.664
54,16384,2,4096,331.377
54,16384,2,8192,332.006
54,16384,2,16384,333.526
54,16384,2,32768,361.147
54,16384,2,65536,282.027
54,16384,4,16,331.483
54,16384,4,32,331.734
54,16384,4,64,332.256
54,16384,4,128,331.702
54,16384,4,256,332.262
54,16384,4,512,331.695
54,16384,4,1024,331.905
54,16384,4,2048,331.478
54,16384,4,4096,331.851
54,16384,4,8192,332.731
54,16384,4,16384,333.781
54,16384,4,32768,255.888
54,16384,4,65536,499.318
54,16384,8,16,332.016
54,16384,8,32,333.707
54,16384,8,64,331.499
54,16384,8,128,331.696
54,16384,8,256,332.24
54,16384,8,512,332.608
54,16384,8,1024,331.819
54,16384,8,2048,331.58
54,16384,8,4096,332.572
54,16384,8,8192,333.115
54,16384,8,16384,256.304
54,16384,8,32768,471.599
54,16384,8,65536,542.416
54,16384,16,16,332.886
54,16384,16,32,332.395
54,16384,16,64,332.645
54,16384,16,128,332.683
54,16384,16,256,332.885
54,16384,16,512,333.146
54,16384,16,1024,333.984
54,16384,16,2048,332.737
54,16384,16,4096,332.913
54,16384,16,8192,257.024
54,16384,16,16384,472.929
54,16384,16,32768,543.505
54,16384,16,65536,611.163
54,16384,32,16,333.104
54,16384,32,32,332.987
54,16384,32,64,333.504
54,16384,32,128,333.297
54,16384,32,256,333.483
54,16384,32,512,332.405
54,16384,32,1024,333.665
54,16384,32,2048,333.648
54,16384,32,4096,262.497
54,16384,32,8192,468.832
54,16384,32,16384,477.745
54,16384,32,32768,563.276
54,16384,32,65536,1043.34
54,16384,64,16,338.551
54,16384,64,32,338.118
54,16384,64,64,338.283
54,16384,64,128,338.4
54,16384,64,256,337.179
54,16384,64,512,338.971
54,16384,64,1024,338.992
54,16384,64,2048,262.454
54,16384,64,4096,371.062
54,16384,64,8192,476.06
54,16384,64,16384,513.211
54,16384,64,32768,903.745
54,16384,64,65536,1442.84
54,16384,128,16,345.756
54,16384,128,32,346.47
54,16384,128,64,346.859
54,16384,128,128,347.329
54,16384,128,256,347.894
54,16384,128,512,349.883
54,16384,128,1024,270.459
54,16384,128,2048,327.003
54,16384,128,4096,386.497
54,16384,128,8192,514.593
54,16384,128,16384,902.732
54,16384,128,32768,1440.52
54,16384,128,65536,2510.94
54,32768,0,0,605.1
54,32768,1,16,606.534
54,32768,1,32,606.598
54,32768,1,64,605.825
54,32768,1,128,605.829
54,32768,1,256,606.652
54,32768,1,512,606.028
54,32768,1,1024,606.113
54,32768,1,2048,607.025
54,32768,1,4096,606.565
54,32768,1,8192,607.078
54,32768,1,16384,607.569
54,32768,1,32768,607.217
54,32768,1,65536,662.966
54,32768,2,16,606.47
54,32768,2,32,606.193
54,32768,2,64,605.691
54,32768,2,128,606.976
54,32768,2,256,605.974
54,32768,2,512,606.117
54,32768,2,1024,606.528
54,32768,2,2048,606.331
54,32768,2,4096,606.022
54,32768,2,8192,606.689
54,32768,2,16384,606.817
54,32768,2,32768,606.87
54,32768,2,65536,662.475
54,32768,4,16,606.139
54,32768,4,32,606.966
54,32768,4,64,607.612
54,32768,4,128,607.393
54,32768,4,256,606.043
54,32768,4,512,607.015
54,32768,4,1024,608.428
54,32768,4,2048,605.937
54,32768,4,4096,606.667
54,32768,4,8192,606.438
54,32768,4,16384,607.068
54,32768,4,32768,607.04
54,32768,4,65536,460.956
54,32768,8,16,606.535
54,32768,8,32,606.47
54,32768,8,64,606.752
54,32768,8,128,607.196
54,32768,8,256,606.523
54,32768,8,512,605.782
54,32768,8,1024,608.166
54,32768,8,2048,606.401
54,32768,8,4096,606.583
54,32768,8,8192,606.566
54,32768,8,16384,607.003
54,32768,8,32768,461.964
54,32768,8,65536,883.292
54,32768,16,16,607.766
54,32768,16,32,608.779
54,32768,16,64,608.023
54,32768,16,128,607.815
54,32768,16,256,607.985
54,32768,16,512,607.686
54,32768,16,1024,607.462
54,32768,16,2048,609.446
54,32768,16,4096,608.096
54,32768,16,8192,607.856
54,32768,16,16384,461.526
54,32768,16,32768,886.247
54,32768,16,65536,1028.18
54,32768,32,16,609.142
54,32768,32,32,609.313
54,32768,32,64,609.073
54,32768,32,128,609.174
54,32768,32,256,608.635
54,32768,32,512,609.34
54,32768,32,1024,609.243
54,32768,32,2048,609.627
54,32768,32,4096,610.555
54,32768,32,8192,467.318
54,32768,32,16384,881.1
54,32768,32,32768,892.412
54,32768,32,65536,1053.72
54,32768,64,16,612.592
54,32768,64,32,613.884
54,32768,64,64,612.971
54,32768,64,128,614.405
54,32768,64,256,614.028
54,32768,64,512,615.03
54,32768,64,1024,615.51
54,32768,64,2048,614.364
54,32768,64,4096,468.992
54,32768,64,8192,680.864
54,32768,64,16384,893.218
54,32768,64,32768,946.982
54,32768,64,65536,1738.66
54,32768,128,16,621.281
54,32768,128,32,621.52
54,32768,128,64,621.067
54,32768,128,128,621.606
54,32768,128,256,622.492
54,32768,128,512,624.988
54,32768,128,1024,627.622
54,32768,128,2048,476.822
54,32768,128,4096,587.084
54,32768,128,8192,700.39
54,32768,128,16384,962.679
54,32768,128,32768,1734.08
54,32768,128,65536,2803.18
54,65536,0,0,1156.02
54,65536,1,16,1153.91
54,65536,1,32,1153.6
54,65536,1,64,1153.19
54,65536,1,128,1153.23
54,65536,1,256,1154.14
54,65536,1,512,1153.75
54,65536,1,1024,1153.59
54,65536,1,2048,1153.95
54,65536,1,4096,1153.8
54,65536,1,8192,1153.9
54,65536,1,16384,1153.59
54,65536,1,32768,1154.54
54,65536,1,65536,1156.64
54,65536,2,16,1153.39
54,65536,2,32,1154.11
54,65536,2,64,1153.63
54,65536,2,128,1153.15
54,65536,2,256,1154.24
54,65536,2,512,1153.93
54,65536,2,1024,1153.77
54,65536,2,2048,1153.98
54,65536,2,4096,1154.81
54,65536,2,8192,1156.59
54,65536,2,16384,1155.93
54,65536,2,32768,1155.99
54,65536,2,65536,1155.79
54,65536,4,16,1153.93
54,65536,4,32,1153.79
54,65536,4,64,1154.68
54,65536,4,128,1154.52
54,65536,4,256,1155.48
54,65536,4,512,1156.19
54,65536,4,1024,1153.92
54,65536,4,2048,1154.02
54,65536,4,4096,1154.98
54,65536,4,8192,1154.64
54,65536,4,16384,1153.83
54,65536,4,32768,1154.39
54,65536,4,65536,1157.03
54,65536,8,16,1153.04
54,65536,8,32,1154.81
54,65536,8,64,1154.07
54,65536,8,128,1153.91
54,65536,8,256,1153.4
54,65536,8,512,1154.46
54,65536,8,1024,1154.66
54,65536,8,2048,1153.68
54,65536,8,4096,1153.34
54,65536,8,8192,1153.77
54,65536,8,16384,1155.3
54,65536,8,32768,1154.28
54,65536,8,65536,874.838
54,65536,16,16,1155.12
54,65536,16,32,1155.53
54,65536,16,64,1155.72
54,65536,16,128,1155.17
54,65536,16,256,1154.97
54,65536,16,512,1158.34
54,65536,16,1024,1155.44
54,65536,16,2048,1154.96
54,65536,16,4096,1155.19
54,65536,16,8192,1154.13
54,65536,16,16384,1155.64
54,65536,16,32768,874.102
54,65536,16,65536,1710.66
54,65536,32,16,1156.2
54,65536,32,32,1157.18
54,65536,32,64,1156.53
54,65536,32,128,1157.46
54,65536,32,256,1155.77
54,65536,32,512,1155.83
54,65536,32,1024,1157.33
54,65536,32,2048,1156.5
54,65536,32,4096,1157.4
54,65536,32,8192,1157.81
54,65536,32,16384,884.396
54,65536,32,32768,1705.99
54,65536,32,65536,1718.65
54,65536,64,16,1161.57
54,65536,64,32,1160.9
54,65536,64,64,1160.75
54,65536,64,128,1161.03
54,65536,64,256,1162.45
54,65536,64,512,1160.48
54,65536,64,1024,1162.27
54,65536,64,2048,1161.02
54,65536,64,4096,1162.1
54,65536,64,8192,885.462
54,65536,64,16384,1300.96
54,65536,64,32768,1719.96
54,65536,64,65536,1822.78
54,65536,128,16,1168.36
54,65536,128,32,1169.08
54,65536,128,64,1168.74
54,65536,128,128,1168.5
54,65536,128,256,1171.16
54,65536,128,512,1173.44
54,65536,128,1024,1173.92
54,65536,128,2048,1176.51
54,65536,128,4096,891.302
54,65536,128,8192,1100.49
54,65536,128,16384,1330.63
54,65536,128,32768,1839.61
54,65536,128,65536,3406.26
81,0,0,0,30.6462
81,0,1,16,30.3252
81,0,1,32,30.448
81,0,1,64,30.3738
81,0,1,128,31.1305
81,0,1,256,38.2292
81,0,1,512,40.1173
81,0,1,1024,44.1442
81,0,1,2048,53.4985
81,0,1,4096,70.187
81,0,1,8192,104.625
81,0,1,16384,173.665
81,0,1,32768,312.31
81,0,1,65536,587.5
81,0,2,16,30.4327
81,0,2,32,30.7147
81,0,2,64,30.6343
81,0,2,128,31.8408
81,0,2,256,38.2128
81,0,2,512,40.4585
81,0,2,1024,45.024
81,0,2,2048,53.3707
81,0,2,4096,69.9733
81,0,2,8192,105.008
81,0,2,16384,174.187
81,0,2,32768,312.897
81,0,2,65536,587.478
81,0,4,16,30.2617
81,0,4,32,30.4535
81,0,4,64,30.6078
81,0,4,128,31.579
81,0,4,256,40.1543
81,0,4,512,41.3707
81,0,4,1024,45.8878
81,0,4,2048,54.8637
81,0,4,4096,72.454
81,0,4,8192,106.939
81,0,4,16384,175.877
81,0,4,32768,313.99
81,0,4,65536,588.961
81,0,8,16,30.272
81,0,8,32,30.32
81,0,8,64,30.6827
81,0,8,128,31.7602
81,0,8,256,40.5172
81,0,8,512,42.3575
81,0,8,1024,47.259
81,0,8,2048,55.648
81,0,8,4096,73.8667
81,0,8,8192,108.304
81,0,8,16384,177.846
81,0,8,32768,315.174
81,0,8,65536,591.004
81,0,16,16,30.8862
81,0,16,32,31.0935
81,0,16,64,31.2053
81,0,16,128,32.432
81,0,16,256,44.4962
81,0,16,512,45.8403
81,0,16,1024,51.072
81,0,16,2048,59.9627
81,0,16,4096,78.6087
81,0,16,8192,113.424
81,0,16,16384,182.427
81,0,16,32768,321.238
81,0,16,65536,598.736
81,0,32,16,32.2133
81,0,32,32,31.8828
81,0,32,64,32.0853
81,0,32,128,33.594
81,0,32,256,49.1682
81,0,32,512,56.7992
81,0,32,1024,61.2472
81,0,32,2048,69.9895
81,0,32,4096,89.6482
81,0,32,8192,127.802
81,0,32,16384,201.398
81,0,32,32768,362.325
81,0,32,65536,649.393
81,0,64,16,38.7098
81,0,64,32,38.9333
81,0,64,64,38.586
81,0,64,128,38.7253
81,0,64,256,51.4722
81,0,64,512,70.4912
81,0,64,1024,79.8782
81,0,64,2048,97.531
81,0,64,4096,132.459
81,0,64,8192,198.784
81,0,64,16384,341.418
81,0,64,32768,610.497
81,0,64,65536,1147.17
81,0,128,16,42.933
81,0,128,32,43.664
81,0,128,64,45.9518
81,0,128,128,48.5868
81,0,128,256,73.6158
81,0,128,512,83.7007
81,0,128,1024,101.344
81,0,128,2048,135.989
81,0,128,4096,203.365
81,0,128,8192,342.129
81,0,128,16384,611.558
81,0,128,32768,1147.64
81,0,128,65536,2217.45
81,16,0,0,31.056
81,16,1,16,30.6877
81,16,1,32,30.4162
81,16,1,64,30.7577
81,16,1,128,31.285
81,16,1,256,38.6463
81,16,1,512,40.1653
81,16,1,1024,44.9762
81,16,1,2048,53.1945
81,16,1,4096,70.747
81,16,1,8192,105.195
81,16,1,16384,174.806
81,16,1,32768,311.552
81,16,1,65536,586.924
81,16,2,16,30.8432
81,16,2,32,30.9065
81,16,2,64,30.9017
81,16,2,128,32.0267
81,16,2,256,38.9445
81,16,2,512,40.6615
81,16,2,1024,45.7333
81,16,2,2048,53.354
81,16,2,4096,71.2587
81,16,2,8192,105.174
81,16,2,16384,175.035
81,16,2,32768,313.318
81,16,2,65536,587.414
81,16,4,16,30.6517
81,16,4,32,30.8162
81,16,4,64,30.677
81,16,4,128,31.4668
81,16,4,256,41.0237
81,16,4,512,41.5412
81,16,4,1024,46.6558
81,16,4,2048,55.4237
81,16,4,4096,72.7997
81,16,4,8192,106.939
81,16,4,16384,176.523
81,16,4,32768,313.435
81,16,4,65536,589.148
81,16,8,16,30.6077
81,16,8,32,30.6133
81,16,8,64,30.507
81,16,8,128,31.1943
81,16,8,256,41.216
81,16,8,512,42.7093
81,16,8,1024,47.797
81,16,8,2048,56.0328
81,16,8,4096,73.883
81,16,8,8192,109.152
81,16,8,16384,177.766
81,16,8,32768,315.142
81,16,8,65536,591.25
81,16,16,16,31.1527
81,16,16,32,31.488
81,16,16,64,31.0878
81,16,16,128,32.32
81,16,16,256,44.6133
81,16,16,512,46.3198
81,16,16,1024,50.827
81,16,16,2048,60.534
81,16,16,4096,78.3465
81,16,16,8192,113.179
81,16,16,16384,182.944
81,16,16,32768,321.915
81,16,16,65536,601.339
81,16,32,16,32.1223
81,16,32,32,32.2987
81,16,32,64,32.336
81,16,32,128,33.5892
81,16,32,256,54.96
81,16,32,512,58.0475
81,16,32,1024,65.3388
81,16,32,2048,76.357
81,16,32,4096,95.7015
81,16,32,8192,132.624
81,16,32,16384,207.707
81,16,32,32768,358.769
81,16,32,65536,656.832
81,16,64,16,38.512
81,16,64,32,38.8057
81,16,64,64,40.3043
81,16,64,128,42.1923
81,16,64,256,57.0995
81,16,64,512,69.333
81,16,64,1024,80.1063
81,16,64,2048,100.128
81,16,64,4096,135.723
81,16,64,8192,201.562
81,16,64,16384,337.281
81,16,64,32768,605.062
81,16,64,65536,1142.75
81,16,128,16,41.5678
81,16,128,32,41.8402
81,16,128,64,45.2585
81,16,128,128,47.7067
81,16,128,256,69.2162
81,16,128,512,79.0403
81,16,128,1024,99.6005
81,16,128,2048,133.131
81,16,128,4096,200.993
81,16,128,8192,335.542
81,16,128,16384,604.262
81,16,128,32768,1138.45
81,16,128,65536,2205.71
81,32,0,0,31.3338
81,32,1,16,31.0455
81,32,1,32,30.4752
81,32,1,64,30.8592
81,32,1,128,31.1303
81,32,1,256,38.5815
81,32,1,512,40.6775
81,32,1,1024,44.9173
81,32,1,2048,53.2212
81,32,1,4096,70.5868
81,32,1,8192,104.715
81,32,1,16384,174.085
81,32,1,32768,312.891
81,32,1,65536,586.705
81,32,2,16,30.9123
81,32,2,32,31.1997
81,32,2,64,31.2427
81,32,2,128,32.2185
81,32,2,256,38.9175
81,32,2,512,40.8048
81,32,2,1024,44.9813
81,32,2,2048,53.5733
81,32,2,4096,71.0993
81,32,2,8192,105.046
81,32,2,16384,175.398
81,32,2,32768,312.182
81,32,2,65536,587.383
81,32,4,16,30.7248
81,32,4,32,30.6668
81,32,4,64,30.8
81,32,4,128,31.4512
81,32,4,256,40.805
81,32,4,512,42.0587
81,32,4,1024,46.4695
81,32,4,2048,54.7843
81,32,4,4096,72.5122
81,32,4,8192,107.323
81,32,4,16384,176.506
81,32,4,32768,313.595
81,32,4,65536,590.219
81,32,8,16,30.512
81,32,8,32,30.6665
81,32,8,64,30.6775
81,32,8,128,31.1095
81,32,8,256,41.2108
81,32,8,512,43.0562
81,32,8,1024,47.4237
81,32,8,2048,56.4115
81,32,8,4096,74.4318
81,32,8,8192,108.646
81,32,8,16384,178.085
81,32,8,32768,315.99
81,32,8,65536,590.956
81,32,16,16,31.6427
81,32,16,32,31.6537
81,32,16,64,31.584
81,32,16,128,32.2348
81,32,16,256,44.5757
81,32,16,512,45.8615
81,32,16,1024,51.1738
81,32,16,2048,60.3042
81,32,16,4096,78.3413
81,32,16,8192,112.736
81,32,16,16384,182.816
81,32,16,32768,322.396
81,32,16,65536,599.558
81,32,32,16,32.4857
81,32,32,32,32.3788
81,32,32,64,32.4103
81,32,32,128,33.6485
81,32,32,256,54.8533
81,32,32,512,59.2965
81,32,32,1024,65.035
81,32,32,2048,77.525
81,32,32,4096,96.9223
81,32,32,8192,135.024
81,32,32,16384,210.176
81,32,32,32768,359.899
81,32,32,65536,660.603
81,32,64,16,38.6617
81,32,64,32,39.003
81,32,64,64,40.6292
81,32,64,128,42.3362
81,32,64,256,56.8645
81,32,64,512,70.112
81,32,64,1024,80.587
81,32,64,2048,100.886
81,32,64,4096,134.475
81,32,64,8192,200.571
81,32,64,16384,335.968
81,32,64,32768,606.406
81,32,64,65536,1144.9
81,32,128,16,41.8032
81,32,128,32,42.1705
81,32,128,64,45.3345
81,32,128,128,47.509
81,32,128,256,68.9763
81,32,128,512,78.9282
81,32,128,1024,99.445
81,32,128,2048,134.528
81,32,128,4096,200.742
81,32,128,8192,336.273
81,32,128,16384,604.651
81,32,128,32768,1141.87
81,32,128,65536,2217.28
81,64,0,0,32.2565
81,64,1,16,31.9307
81,64,1,32,32
81,64,1,64,32.0693
81,64,1,128,32.0163
81,64,1,256,39.8828
81,64,1,512,40.9232
81,64,1,1024,45.158
81,64,1,2048,53.1787
81,64,1,4096,70.5865
81,64,1,8192,105.36
81,64,1,16384,174.352
81,64,1,32768,312.459
81,64,1,65536,587.553
81,64,2,16,32.1012
81,64,2,32,32.3627
81,64,2,64,32.2293
81,64,2,128,32.2137
81,64,2,256,40.272
81,64,2,512,40.7195
81,64,2,1024,45.2908
81,64,2,2048,53.445
81,64,2,4096,70.7305
81,64,2,8192,105.531
81,64,2,16384,174.779
81,64,2,32768,313.057
81,64,2,65536,587.371
81,64,4,16,31.947
81,64,4,32,31.9893
81,64,4,64,32.0698
81,64,4,128,31.8885
81,64,4,256,41.7117
81,64,4,512,42.7573
81,64,4,1024,46.7897
81,64,4,2048,54.72
81,64,4,4096,72.8738
81,64,4,8192,107.141
81,64,4,16384,176.955
81,64,4,32768,314.358
81,64,4,65536,589.334
81,64,8,16,32
81,64,8,32,32.011
81,64,8,64,32.1337
81,64,8,128,32.1543
81,64,8,256,41.6805
81,64,8,512,42.725
81,64,8,1024,47.7597
81,64,8,2048,56.0697
81,64,8,4096,74.3095
81,64,8,8192,109.339
81,64,8,16384,178.299
81,64,8,32768,315.68
81,64,8,65536,590.897
81,64,16,16,32.3893
81,64,16,32,32.107
81,64,16,64,32.4535
81,64,16,128,32.379
81,64,16,256,44.7042
81,64,16,512,46.0857
81,64,16,1024,51.317
81,64,16,2048,60.2073
81,64,16,4096,78.235
81,64,16,8192,112.768
81,64,16,16384,182.827
81,64,16,32768,321.803
81,64,16,65536,597.958
81,64,32,16,33.5042
81,64,32,32,33.467
81,64,32,64,33.3705
81,64,32,128,33.674
81,64,32,256,57.0082
81,64,32,512,61.1575
81,64,32,1024,66.5335
81,64,32,2048,77.7172
81,64,32,4096,98.7515
81,64,32,8192,135.819
81,64,32,16384,211.888
81,64,32,32768,358.598
81,64,32,65536,658.353
81,64,64,16,38.5332
81,64,64,32,38.7412
81,64,64,64,41.9737
81,64,64,128,43.8403
81,64,64,256,57.6692
81,64,64,512,70.715
81,64,64,1024,80.4212
81,64,64,2048,100.875
81,64,64,4096,135.723
81,64,64,8192,201.713
81,64,64,16384,336.454
81,64,64,32768,606.135
81,64,64,65536,1143.84
81,64,128,16,43.046
81,64,128,32,43.5628
81,64,128,64,45.5628
81,64,128,128,48.9285
81,64,128,256,71.0883
81,64,128,512,80.8587
81,64,128,1024,99.6153
81,64,128,2048,135.062
81,64,128,4096,202.043
81,64,128,8192,334.657
81,64,128,16384,603.873
81,64,128,32768,1141.8
81,64,128,65536,2211.09
81,128,0,0,33.8773
81,128,1,16,33.6745
81,128,1,32,33.4987
81,128,1,64,33.424
81,128,1,128,33.6803
81,128,1,256,64.9657
81,128,1,512,65.9687
81,128,1,1024,70.4322
81,128,1,2048,79.387
81,128,1,4096,70.7145
81,128,1,8192,105.019
81,128,1,16384,174.667
81,128,1,32768,311.532
81,128,1,65536,586.875
81,128,2,16,34.0748
81,128,2,32,33.9358
81,128,2,64,33.9305
81,128,2,128,33.9147
81,128,2,256,64.0538
81,128,2,512,65.3707
81,128,2,1024,70.3787
81,128,2,2048,53.7868
81,128,2,4096,71.2855
81,128,2,8192,105.322
81,128,2,16384,174.997
81,128,2,32768,312.688
81,128,2,65536,587.846
81,128,4,16,33.5678
81,128,4,32,33.6212
81,128,4,64,33.4828
81,128,4,128,33.7227
81,128,4,256,67.152
81,128,4,512,66.9177
81,128,4,1024,46.875
81,128,4,2048,54.6778
81,128,4,4096,72.8745
81,128,4,8192,107.035
81,128,4,16384,176.816
81,128,4,32768,314.065
81,128,4,65536,589.334
81,128,8,16,33.6962
81,128,8,32,33.696
81,128,8,64,33.7812
81,128,8,128,33.5622
81,128,8,256,41.2798
81,128,8,512,42.2935
81,128,8,1024,47.7383
81,128,8,2048,56.4583
81,128,8,4096,73.877
81,128,8,8192,109.301
81,128,8,16384,178.251
81,128,8,32768,315.611
81,128,8,65536,591.537
81,128,16,16,33.9517
81,128,16,32,34.0268
81,128,16,64,33.8825
81,128,16,128,33.8832
81,128,16,256,43.6323
81,128,16,512,45.5788
81,128,16,1024,50.7622
81,128,16,2048,60.1867
81,128,16,4096,78.8425
81,128,16,8192,113.526
81,128,16,16384,183.344
81,128,16,32768,321.681
81,128,16,65536,601.163
81,128,32,16,35.2912
81,128,32,32,35.1148
81,128,32,64,35.1897
81,128,32,128,35.3595
81,128,32,256,44.8747
81,128,32,512,62.3943
81,128,32,1024,66.6772
81,128,32,2048,77.915
81,128,32,4096,99.0455
81,128,32,8192,136.592
81,128,32,16384,210.054
81,128,32,32768,357.344
81,128,32,65536,653.425
81,128,64,16,38.1817
81,128,64,32,38.4215
81,128,64,64,41.3972
81,128,64,128,45.3977
81,128,64,256,59.0617
81,128,64,512,73.1893
81,128,64,1024,81.6955
81,128,64,2048,101.558
81,128,64,4096,137.339
81,128,64,8192,202.646
81,128,64,16384,337.286
81,128,64,32768,605.964
81,128,64,65536,1145.7
81,128,128,16,44.785
81,128,128,32,45.3383
81,128,128,64,46.6347
81,128,128,128,49.3765
81,128,128,256,71.9522
81,128,128,512,81.1683
81,128,128,1024,101.228
81,128,128,2048,135.968
81,128,128,4096,203.856
81,128,128,8192,337.846
81,128,128,16384,606.262
81,128,128,32768,1143.59
81,128,128,65536,2215.06
81,256,0,0,63.9363
81,256,1,16,65.6905
81,256,1,32,65.9202
81,256,1,64,66.0535
81,256,1,128,64.4315
81,256,1,256,66.7577
81,256,1,512,69.9677
81,256,1,1024,72.5762
81,256,1,2048,80.4427
81,256,1,4096,98.3523
81,256,1,8192,105.488
81,256,1,16384,174.763
81,256,1,32768,312.342
81,256,1,65536,587.377
81,256,2,16,65.6482
81,256,2,32,65.7015
81,256,2,64,65.8397
81,256,2,128,64.1707
81,256,2,256,65.7867
81,256,2,512,69.062
81,256,2,1024,71.5523
81,256,2,2048,80.3848
81,256,2,4096,71.344
81,256,2,8192,105.296
81,256,2,16384,174.832
81,256,2,32768,312.677
81,256,2,65536,587.409
81,256,4,16,66.5118
81,256,4,32,66.8323
81,256,4,64,66.6775
81,256,4,128,64.9658
81,256,4,256,66.555
81,256,4,512,71.6642
81,256,4,1024,73.2903
81,256,4,2048,55.5465
81,256,4,4096,73.1998
81,256,4,8192,107.275
81,256,4,16384,176.773
81,256,4,32768,314.667
81,256,4,65536,589.302
81,256,8,16,66.1283
81,256,8,32,66.0157
81,256,8,64,66.6505
81,256,8,128,64.2987
81,256,8,256,67.4243
81,256,8,512,72.16
81,256,8,1024,47.5573
81,256,8,2048,56.2775
81,256,8,4096,74.2615
81,256,8,8192,108.72
81,256,8,16384,178.416
81,256,8,32768,316.043
81,256,8,65536,592.064
81,256,16,16,67.238
81,256,16,32,66.971
81,256,16,64,66.4108
81,256,16,128,65.1418
81,256,16,256,68.5495
81,256,16,512,47.7607
81,256,16,1024,50.6562
81,256,16,2048,60.5065
81,256,16,4096,78.656
81,256,16,8192,113.28
81,256,16,16384,183.061
81,256,16,32768,322.629
81,256,16,65536,603.291
81,256,32,16,68.0793
81,256,32,32,68.043
81,256,32,64,67.5043
81,256,32,128,67.4668
81,256,32,256,46.3255
81,256,32,512,65.888
81,256,32,1024,73.2003
81,256,32,2048,81.605
81,256,32,4096,101.174
81,256,32,8192,139.27
81,256,32,16384,212.576
81,256,32,32768,357.451
81,256,32,65536,654.63
81,256,64,16,70.336
81,256,64,32,71.7925
81,256,64,64,51.7445
81,256,64,128,55.1523
81,256,64,256,63.051
81,256,64,512,70.8697
81,256,64,1024,83.174
81,256,64,2048,103.808
81,256,64,4096,139.237
81,256,64,8192,204.444
81,256,64,16384,339.158
81,256,64,32768,606.401
81,256,64,65536,1147.47
81,256,128,16,64.779
81,256,128,32,65.1253
81,256,128,64,66.331
81,256,128,128,69.2483
81,256,128,256,75.4767
81,256,128,512,83.6807
81,256,128,1024,103.365
81,256,128,2048,138.337
81,256,128,4096,206.246
81,256,128,8192,338.885
81,256,128,16384,607.473
81,256,128,32768,1143.72
81,256,128,65536,2219.98
81,512,0,0,69.9945
81,512,1,16,72.203
81,512,1,32,72.2613
81,512,1,64,71.9785
81,512,1,128,72.1818
81,512,1,256,71.115
81,512,1,512,72.9972
81,512,1,1024,75.429
81,512,1,2048,83.8405
81,512,1,4096,101.36
81,512,1,8192,135.829
81,512,1,16384,204.747
81,512,1,32768,312.358
81,512,1,65536,587.366
81,512,2,16,71.6532
81,512,2,32,72.1282
81,512,2,64,72.176
81,512,2,128,72.1702
81,512,2,256,70.6238
81,512,2,512,72.4057
81,512,2,1024,75.3337
81,512,2,2048,83.6157
81,512,2,4096,101.339
81,512,2,8192,135.243
81,512,2,16384,175.68
81,512,2,32768,312.928
81,512,2,65536,587.515
81,512,4,16,72.8645
81,512,4,32,72.8903
81,512,4,64,72.965
81,512,4,128,73.3073
81,512,4,256,71.2697
81,512,4,512,74.6667
81,512,4,1024,76.2192
81,512,4,2048,85.2163
81,512,4,4096,102.715
81,512,4,8192,106.954
81,512,4,16384,177.184
81,512,4,32768,314.572
81,512,4,65536,589.425
81,512,8,16,72.4535
81,512,8,32,72.5925
81,512,8,64,72.4053
81,512,8,128,72.3783
81,512,8,256,70.9553
81,512,8,512,74.624
81,512,8,1024,77.6693
81,512,8,2048,86.1337
81,512,8,4096,74.571
81,512,8,8192,108.773
81,512,8,16384,178.293
81,512,8,32768,316.006
81,512,8,65536,591.809
81,512,16,16,73.4137
81,512,16,32,73.301
81,512,16,64,73.3177
81,512,16,128,74.0373
81,512,16,256,71.8825
81,512,16,512,77.4293
81,512,16,1024,54.2188
81,512,16,2048,60.2988
81,512,16,4096,78.8268
81,512,16,8192,114.288
81,512,16,16384,184.497
81,512,16,32768,323.537
81,512,16,65536,603.478
81,512,32,16,74.5445
81,512,32,32,74.2665
81,512,32,64,74.3948
81,512,32,128,74.7892
81,512,32,256,74.0112
81,512,32,512,53.0825
81,512,32,1024,79.6373
81,512,32,2048,87.0878
81,512,32,4096,108.219
81,512,32,8192,145.766
81,512,32,16384,219.584
81,512,32,32768,365.659
81,512,32,65536,659.292
81,512,64,16,77.9308
81,512,64,32,77.8775
81,512,64,64,78.1282
81,512,64,128,79.0023
81,512,64,256,62.3042
81,512,64,512,76.843
81,512,64,1024,90.0215
81,512,64,2048,107.931
81,512,64,4096,143.76
81,512,64,8192,208.453
81,512,64,16384,344.401
81,512,64,32768,610.588
81,512,64,65536,1149.21
81,512,128,16,85.9517
81,512,128,32,86.7095
81,512,128,64,90.454
81,512,128,128,75.2535
81,512,128,256,80.4957
81,512,128,512,89.4188
81,512,128,1024,106.725
81,512,128,2048,142.661
81,512,128,4096,210.059
81,512,128,8192,342.752
81,512,128,16384,610.433
81,512,128,32768,1148.1
81,512,128,65536,2219.65
81,1024,0,0,83.3282
81,1024,1,16,85.6852
81,1024,1,32,85.4245
81,1024,1,64,85.5095
81,1024,1,128,85.5573
81,1024,1,256,85.2157
81,1024,1,512,84.016
81,1024,1,1024,86.448
81,1024,1,2048,90.8905
81,1024,1,4096,107.84
81,1024,1,8192,143.04
81,1024,1,16384,211.899
81,1024,1,32768,349.013
81,1024,1,65536,587.313
81,1024,2,16,85.3285
81,1024,2,32,85.1467
81,1024,2,64,85.1945
81,1024,2,128,85.5408
81,1024,2,256,85.1583
81,1024,2,512,84.6987
81,1024,2,1024,86.2722
81,1024,2,2048,90.224
81,1024,2,4096,107.456
81,1024,2,8192,142.14
81,1024,2,16384,211.798
81,1024,2,32768,313.664
81,1024,2,65536,587.675
81,1024,4,16,86.197
81,1024,4,32,86.2722
81,1024,4,64,85.9897
81,1024,4,128,86.4158
81,1024,4,256,86.1922
81,1024,4,512,84.368
81,1024,4,1024,87.7973
81,1024,4,2048,92.069
81,1024,4,4096,109.179
81,1024,4,8192,144.07
81,1024,4,16384,176.827
81,1024,4,32768,314.902
81,1024,4,65536,591.158
81,1024,8,16,85.5148
81,1024,8,32,85.7227
81,1024,8,64,85.7278
81,1024,8,128,85.5898
81,1024,8,256,85.856
81,1024,8,512,83.787
81,1024,8,1024,87.8133
81,1024,8,2048,92.7307
81,1024,8,4096,110.672
81,1024,8,8192,109.515
81,1024,8,16384,178.47
81,1024,8,32768,317.201
81,1024,8,65536,592.801
81,1024,16,16,86.5338
81,1024,16,32,86.6988
81,1024,16,64,86.4323
81,1024,16,128,87.0028
81,1024,16,256,87.072
81,1024,16,512,84.7732
81,1024,16,1024,91.4727
81,1024,16,2048,104.907
81,1024,16,4096,78.6878
81,1024,16,8192,115.377
81,1024,16,16384,185.029
81,1024,16,32768,324.684
81,1024,16,65536,604.172
81,1024,32,16,87.3545
81,1024,32,32,88.0533
81,1024,32,64,87.466
81,1024,32,128,88.6293
81,1024,32,256,88.3368
81,1024,32,512,87.1475
81,1024,32,1024,100.95
81,1024,32,2048,107.062
81,1024,32,4096,120.304
81,1024,32,8192,159.797
81,1024,32,16384,232.305
81,1024,32,32768,377.163
81,1024,32,65536,670.326
81,1024,64,16,91.0238
81,1024,64,32,91.5787
81,1024,64,64,91.7495
81,1024,64,128,92.059
81,1024,64,256,92.0743
81,1024,64,512,93.5145
81,1024,64,1024,104.165
81,1024,64,2048,118.614
81,1024,64,4096,153.787
81,1024,64,8192,218.064
81,1024,64,16384,352.245
81,1024,64,32768,620.897
81,1024,64,65536,1157.68
81,1024,128,16,100.928
81,1024,128,32,100.699
81,1024,128,64,101.078
81,1024,128,128,101.211
81,1024,128,256,86.1123
81,1024,128,512,101.493
81,1024,128,1024,117.536
81,1024,128,2048,151.846
81,1024,128,4096,218.31
81,1024,128,8192,351.622
81,1024,128,16384,620.615
81,1024,128,32768,1154.58
81,1024,128,65536,2229.94
81,2048,0,0,110.022
81,2048,1,16,112.272
81,2048,1,32,112.368
81,2048,1,64,112.256
81,2048,1,128,112.374
81,2048,1,256,112.816
81,2048,1,512,112.512
81,2048,1,1024,110.939
81,2048,1,2048,113.733
81,2048,1,4096,122.48
81,2048,1,8192,156.619
81,2048,1,16384,225.804
81,2048,1,32768,364.113
81,2048,1,65536,643.013
81,2048,2,16,111.728
81,2048,2,32,112.203
81,2048,2,64,111.84
81,2048,2,128,111.552
81,2048,2,256,111.877
81,2048,2,512,112.571
81,2048,2,1024,111.066
81,2048,2,2048,112.459
81,2048,2,4096,121.899
81,2048,2,8192,155.713
81,2048,2,16384,225.984
81,2048,2,32768,363.291
81,2048,2,65536,589.803
81,2048,4,16,112.699
81,2048,4,32,112.907
81,2048,4,64,113.36
81,2048,4,128,112.917
81,2048,4,256,112.987
81,2048,4,512,113.094
81,2048,4,1024,111.227
81,2048,4,2048,114.635
81,2048,4,4096,123.104
81,2048,4,8192,157.915
81,2048,4,16384,226.88
81,2048,4,32768,315.52
81,2048,4,65536,591.009
81,2048,8,16,112.037
81,2048,8,32,112.128
81,2048,8,64,112.192
81,2048,8,128,112.684
81,2048,8,256,112.635
81,2048,8,512,112.694
81,2048,8,1024,111.062
81,2048,8,2048,115.407
81,2048,8,4096,124.779
81,2048,8,8192,159.91
81,2048,8,16384,179.697
81,2048,8,32768,317.915
81,2048,8,65536,592.881
81,2048,16,16,113.595
81,2048,16,32,113.653
81,2048,16,64,113.829
81,2048,16,128,113.461
81,2048,16,256,113.888
81,2048,16,512,114.027
81,2048,16,1024,112.496
81,2048,16,2048,118.752
81,2048,16,4096,128.8
81,2048,16,8192,115.333
81,2048,16,16384,187.248
81,2048,16,32768,327.584
81,2048,16,65536,607.478
81,2048,32,16,114.106
81,2048,32,32,115.322
81,2048,32,64,115.076
81,2048,32,128,114.993
81,2048,32,256,115.168
81,2048,32,512,115.429
81,2048,32,1024,114.454
81,2048,32,2048,124.998
81,2048,32,4096,160.976
81,2048,32,8192,182.79
81,2048,32,16384,255.706
81,2048,32,32768,404.155
81,2048,32,65536,698.47
81,2048,64,16,118.144
81,2048,64,32,118.139
81,2048,64,64,118.773
81,2048,64,128,118.592
81,2048,64,256,119.275
81,2048,64,512,120.112
81,2048,64,1024,121.275
81,2048,64,2048,158.454
81,2048,64,4096,171.744
81,2048,64,8192,238.059
81,2048,64,16384,371.579
81,2048,64,32768,639.084
81,2048,64,65536,1176.2
81,2048,128,16,127.12
81,2048,128,32,127.323
81,2048,128,64,127.552
81,2048,128,128,128.597
81,2048,128,256,129.936
81,2048,128,512,138.614
81,2048,128,1024,143.376
81,2048,128,2048,170.171
81,2048,128,4096,237.231
81,2048,128,8192,371.334
81,2048,128,16384,638.977
81,2048,128,32768,1176.35
81,2048,128,65536,2248.87
81,4096,0,0,163.649
81,4096,1,16,165.472
81,4096,1,32,165.387
81,4096,1,64,165.344
81,4096,1,128,165.094
81,4096,1,256,165.723
81,4096,1,512,165.43
81,4096,1,1024,165.467
81,4096,1,2048,164.081
81,4096,1,4096,166.543
81,4096,1,8192,183.27
81,4096,1,16384,253.819
81,4096,1,32768,391.041
81,4096,1,65536,669.185
81,4096,2,16,165.328
81,4096,2,32,165.275
81,4096,2,64,165.627
81,4096,2,128,165.355
81,4096,2,256,164.943
81,4096,2,512,165.189
81,4096,2,1024,165.244
81,4096,2,2048,164.49
81,4096,2,4096,165.952
81,4096,2,8192,183.616
81,4096,2,16384,254.107
81,4096,2,32768,390.582
81,4096,2,65536,667.312
81,4096,4,16,165.926
81,4096,4,32,166.635
81,4096,4,64,165.675
81,4096,4,128,166.283
81,4096,4,256,166.171
81,4096,4,512,166.037
81,4096,4,1024,165.974
81,4096,4,2048,164.507
81,4096,4,4096,168.859
81,4096,4,8192,184.566
81,4096,4,16384,254.678
81,4096,4,32768,392.699
81,4096,4,65536,592.086
81,4096,8,16,164.971
81,4096,8,32,165.435
81,4096,8,64,165.392
81,4096,8,128,165.675
81,4096,8,256,165.13
81,4096,8,512,165.28
81,4096,8,1024,165.466
81,4096,8,2048,164.042
81,4096,8,4096,167.979
81,4096,8,8192,185.808
81,4096,8,16384,255.222
81,4096,8,32768,317.851
81,4096,8,65536,593.467
81,4096,16,16,166.534
81,4096,16,32,166.769
81,4096,16,64,166.64
81,4096,16,128,166.8
81,4096,16,256,166.496
81,4096,16,512,166.87
81,4096,16,1024,167.046
81,4096,16,2048,165.163
81,4096,16,4096,171.36
81,4096,16,8192,189.435
81,4096,16,16384,187.632
81,4096,16,32768,327.248
81,4096,16,65536,603.729
81,4096,32,16,167.808
81,4096,32,32,168.395
81,4096,32,64,167.814
81,4096,32,128,168.038
81,4096,32,256,168.283
81,4096,32,512,167.937
81,4096,32,1024,168.779
81,4096,32,2048,167.43
81,4096,32,4096,178.838
81,4096,32,8192,267.397
81,4096,32,16384,308.561
81,4096,32,32768,454.273
81,4096,32,65536,748.332
81,4096,64,16,171.494
81,4096,64,32,171.531
81,4096,64,64,171.483
81,4096,64,128,172.235
81,4096,64,256,172.528
81,4096,64,512,172.55
81,4096,64,1024,173.296
81,4096,64,2048,175.232
81,4096,64,4096,264.229
81,4096,64,8192,278.821
81,4096,64,16384,413.334
81,4096,64,32768,682.209
81,4096,64,65536,1222.67
81,4096,128,16,180.816
81,4096,128,32,180.747
81,4096,128,64,180.87
81,4096,128,128,180.817
81,4096,128,256,182.859
81,4096,128,512,184.784
81,4096,128,1024,194.192
81,4096,128,2048,223.157
81,4096,128,4096,278.262
81,4096,128,8192,413.717
81,4096,128,16384,680.363
81,4096,128,32768,1214.83
81,4096,128,65536,2278.85
81,8192,0,0,267.333
81,8192,1,16,268.774
81,8192,1,32,268.55
81,8192,1,64,268.368
81,8192,1,128,268.928
81,8192,1,256,267.978
81,8192,1,512,267.771
81,8192,1,1024,269.462
81,8192,1,2048,270.086
81,8192,1,4096,267.494
81,8192,1,8192,269.702
81,8192,1,16384,304.453
81,8192,1,32768,441.712
81,8192,1,65536,719.398
81,8192,2,16,269.696
81,8192,2,32,268.785
81,8192,2,64,268.449
81,8192,2,128,268.06
81,8192,2,256,268.774
81,8192,2,512,267.797
81,8192,2,1024,267.899
81,8192,2,2048,268.753
81,8192,2,4096,267.744
81,8192,2,8192,270.427
81,8192,2,16384,304.63
81,8192,2,32768,442.39
81,8192,2,65536,717.755
81,8192,4,16,268.609
81,8192,4,32,270.412
81,8192,4,64,268.97
81,8192,4,128,269.232
81,8192,4,256,268.63
81,8192,4,512,268.438
81,8192,4,1024,269.654
81,8192,4,2048,268.779
81,8192,4,4096,267.008
81,8192,4,8192,271.424
81,8192,4,16384,305.84
81,8192,4,32768,443.633
81,8192,4,65536,719.275
81,8192,8,16,268.107
81,8192,8,32,268.94
81,8192,8,64,267.797
81,8192,8,128,268.07
81,8192,8,256,269.179
81,8192,8,512,267.776
81,8192,8,1024,268.416
81,8192,8,2048,268.533
81,8192,8,4096,266.843
81,8192,8,8192,271.445
81,8192,8,16384,306.646
81,8192,8,32768,444.277
81,8192,8,65536,592.107
81,8192,16,16,270.587
81,8192,16,32,270.421
81,8192,16,64,270.315
81,8192,16,128,270.411
81,8192,16,256,270.752
81,8192,16,512,270.144
81,8192,16,1024,270.902
81,8192,16,2048,270.901
81,8192,16,4096,269.276
81,8192,16,8192,276.054
81,8192,16,16384,312.198
81,8192,16,32768,327.809
81,8192,16,65536,606.321
81,8192,32,16,270.507
81,8192,32,32,271.238
81,8192,32,64,271.552
81,8192,32,128,270.779
81,8192,32,256,271.328
81,8192,32,512,270.955
81,8192,32,1024,271.366
81,8192,32,2048,271.75
81,8192,32,4096,270.651
81,8192,32,8192,281.926
81,8192,32,16384,473.233
81,8192,32,32768,551.025
81,8192,32,65536,846.14
81,8192,64,16,274.486
81,8192,64,32,276.198
81,8192,64,64,274.587
81,8192,64,128,274.613
81,8192,64,256,274.588
81,8192,64,512,275.574
81,8192,64,1024,275.936
81,8192,64,2048,275.809
81,8192,64,4096,279.222
81,8192,64,8192,471.542
81,8192,64,16384,490.177
81,8192,64,32768,757.281
81,8192,64,65536,1297.03
81,8192,128,16,283.397
81,8192,128,32,282.971
81,8192,128,64,283.43
81,8192,128,128,283.893
81,8192,128,256,284.4
81,8192,128,512,286.144
81,8192,128,1024,288.955
81,8192,128,2048,299.057
81,8192,128,4096,377.926
81,8192,128,8192,485.648
81,8192,128,16384,757.622
81,8192,128,32768,1290.15
81,8192,128,65536,2353.43
81,16384,0,0,471.499
81,16384,1,16,473.532
81,16384,1,32,473.985
81,16384,1,64,473.18
81,16384,1,128,474.133
81,16384,1,256,473.589
81,16384,1,512,473.313
81,16384,1,1024,472.464
81,16384,1,2048,473.216
81,16384,1,4096,472.614
81,16384,1,8192,471.499
81,16384,1,16384,476.038
81,16384,1,32768,544.267
81,16384,1,65536,819.985
81,16384,2,16,473.318
81,16384,2,32,472.972
81,16384,2,64,473.963
81,16384,2,128,473.537
81,16384,2,256,475.34
81,16384,2,512,473.148
81,16384,2,1024,472.865
81,16384,2,2048,473.846
81,16384,2,4096,473.59
81,16384,2,8192,471.27
81,16384,2,16384,475.259
81,16384,2,32768,547.003
81,16384,2,65536,819.372
81,16384,4,16,474.101
81,16384,4,32,473.846
81,16384,4,64,474.981
81,16384,4,128,474.091
81,16384,4,256,473.985
81,16384,4,512,474
81,16384,4,1024,474.262
81,16384,4,2048,474.384
81,16384,4,4096,473.532
81,16384,4,8192,472.332
81,16384,4,16384,476.822
81,16384,4,32768,544.961
81,16384,4,65536,820.716
81,16384,8,16,473.493
81,16384,8,32,474.672
81,16384,8,64,472.737
81,16384,8,128,472.865
81,16384,8,256,473.041
81,16384,8,512,473.286
81,16384,8,1024,473.659
81,16384,8,2048,473.291
81,16384,8,4096,473.531
81,16384,8,8192,471.541
81,16384,8,16384,477.968
81,16384,8,32768,545.979
81,16384,8,65536,823.773
81,16384,16,16,474.667
81,16384,16,32,475.233
81,16384,16,64,475.905
81,16384,16,128,474.854
81,16384,16,256,474.822
81,16384,16,512,475.686
81,16384,16,1024,475.787
81,16384,16,2048,474.55
81,16384,16,4096,474.987
81,16384,16,8192,473.179
81,16384,16,16384,481.446
81,16384,16,32768,552.059
81,16384,16,65536,603.777
81,16384,32,16,475.451
81,16384,32,32,476.475
81,16384,32,64,476.188
81,16384,32,128,475.771
81,16384,32,256,477.355
81,16384,32,512,475.851
81,16384,32,1024,476.561
81,16384,32,2048,475.755
81,16384,32,4096,476.161
81,16384,32,8192,477.408
81,16384,32,16384,489.537
81,16384,32,32768,886.156
81,16384,32,65536,1041.69
81,16384,64,16,480.715
81,16384,64,32,479.456
81,16384,64,64,479.766
81,16384,64,128,479.365
81,16384,64,256,479.777
81,16384,64,512,480.524
81,16384,64,1024,480.86
81,16384,64,2048,481.238
81,16384,64,4096,482.79
81,16384,64,8192,485.163
81,16384,64,16384,881.912
81,16384,64,32768,907.67
81,16384,64,65536,1443.32
81,16384,128,16,487.659
81,16384,128,32,488.113
81,16384,128,64,487.691
81,16384,128,128,488.72
81,16384,128,256,489.248
81,16384,128,512,491.089
81,16384,128,1024,493.745
81,16384,128,2048,495.553
81,16384,128,4096,510.006
81,16384,128,8192,687.863
81,16384,128,16384,911.43
81,16384,128,32768,1446.43
81,16384,128,65536,2510.22
81,32768,0,0,882.353
81,32768,1,16,886.129
81,32768,1,32,885.479
81,32768,1,64,884.924
81,32768,1,128,884.449
81,32768,1,256,884.237
81,32768,1,512,885.158
81,32768,1,1024,885.526
81,32768,1,2048,884.716
81,32768,1,4096,885.874
81,32768,1,8192,886.236
81,32768,1,16384,884.428
81,32768,1,32768,886.475
81,32768,1,65536,1026.04
81,32768,2,16,886.535
81,32768,2,32,886.817
81,32768,2,64,886.77
81,32768,2,128,888.38
81,32768,2,256,886.539
81,32768,2,512,887.1
81,32768,2,1024,886.081
81,32768,2,2048,885.195
81,32768,2,4096,885.654
81,32768,2,8192,887.959
81,32768,2,16384,884.524
81,32768,2,32768,887.126
81,32768,2,65536,1025.77
81,32768,4,16,885.298
81,32768,4,32,885.425
81,32768,4,64,885.66
81,32768,4,128,886.54
81,32768,4,256,885.702
81,32768,4,512,887.351
81,32768,4,1024,886.369
81,32768,4,2048,886.204
81,32768,4,4096,886.732
81,32768,4,8192,885.643
81,32768,4,16384,883.335
81,32768,4,32768,888.135
81,32768,4,65536,1024.98
81,32768,8,16,884.417
81,32768,8,32,885.303
81,32768,8,64,884.94
81,32768,8,128,883.878
81,32768,8,256,884.471
81,32768,8,512,885.655
81,32768,8,1024,886.625
81,32768,8,2048,884.956
81,32768,8,4096,885.644
81,32768,8,8192,884.619
81,32768,8,16384,883.767
81,32768,8,32768,889.947
81,32768,8,65536,1029.5
81,32768,16,16,889.191
81,32768,16,32,888.108
81,32768,16,64,886.385
81,32768,16,128,886.193
81,32768,16,256,886.726
81,32768,16,512,886.61
81,32768,16,1024,887.383
81,32768,16,2048,886.454
81,32768,16,4096,887.228
81,32768,16,8192,887.837
81,32768,16,16384,885.633
81,32768,16,32768,894.406
81,32768,16,65536,1036.17
81,32768,32,16,886.699
81,32768,32,32,887.563
81,32768,32,64,887.346
81,32768,32,128,888.742
81,32768,32,256,888.732
81,32768,32,512,886.556
81,32768,32,1024,887.073
81,32768,32,2048,886.689
81,32768,32,4096,888.353
81,32768,32,8192,889.729
81,32768,32,16384,889.206
81,32768,32,32768,904.124
81,32768,32,65536,1714.02
81,32768,64,16,894.459
81,32768,64,32,894.161
81,32768,64,64,891.841
81,32768,64,128,892.193
81,32768,64,256,892.396
81,32768,64,512,891.558
81,32768,64,1024,892.657
81,32768,64,2048,892.961
81,32768,64,4096,893.143
81,32768,64,8192,893.425
81,32768,64,16384,899.463
81,32768,64,32768,1707.18
81,32768,64,65536,1749.45
81,32768,128,16,899.964
81,32768,128,32,899.201
81,32768,128,64,900.519
81,32768,128,128,901.18
81,32768,128,256,900.101
81,32768,128,512,902.673
81,32768,128,1024,904.731
81,32768,128,2048,906.684
81,32768,128,4096,911.697
81,32768,128,8192,931.618
81,32768,128,16384,1308.79
81,32768,128,32768,1750.8
81,32768,128,65536,2815.03
81,65536,0,0,1705.4
81,65536,1,16,1706.89
81,65536,1,32,1706.89
81,65536,1,64,1710.22
81,65536,1,128,1706.59
81,65536,1,256,1707.57
81,65536,1,512,1705.78
81,65536,1,1024,1707.77
81,65536,1,2048,1707.25
81,65536,1,4096,1710.69
81,65536,1,8192,1706.96
81,65536,1,16384,1707.9
81,65536,1,32768,1707.68
81,65536,1,65536,1710.39
81,65536,2,16,1708.46
81,65536,2,32,1708.16
81,65536,2,64,1708.26
81,65536,2,128,1707.78
81,65536,2,256,1709.37
81,65536,2,512,1708.5
81,65536,2,1024,1709.48
81,65536,2,2048,1708.57
81,65536,2,4096,1709.21
81,65536,2,8192,1709.49
81,65536,2,16384,1708.59
81,65536,2,32768,1707.62
81,65536,2,65536,1711.26
81,65536,4,16,1707.69
81,65536,4,32,1707.97
81,65536,4,64,1708.77
81,65536,4,128,1707.47
81,65536,4,256,1707.65
81,65536,4,512,1709.84
81,65536,4,1024,1707.62
81,65536,4,2048,1707.67
81,65536,4,4096,1706.84
81,65536,4,8192,1707.7
81,65536,4,16384,1707.79
81,65536,4,32768,1707.95
81,65536,4,65536,1714.32
81,65536,8,16,1707.48
81,65536,8,32,1707.47
81,65536,8,64,1706.72
81,65536,8,128,1706.97
81,65536,8,256,1706.88
81,65536,8,512,1706.54
81,65536,8,1024,1708.57
81,65536,8,2048,1706.26
81,65536,8,4096,1706.77
81,65536,8,8192,1706.51
81,65536,8,16384,1707.44
81,65536,8,32768,1707.31
81,65536,8,65536,1714.85
81,65536,16,16,1709.76
81,65536,16,32,1708.24
81,65536,16,64,1708.95
81,65536,16,128,1709.42
81,65536,16,256,1709.09
81,65536,16,512,1709.49
81,65536,16,1024,1709.17
81,65536,16,2048,1709.41
81,65536,16,4096,1709.92
81,65536,16,8192,1711.47
81,65536,16,16384,1711.07
81,65536,16,32768,1711.13
81,65536,16,65536,1717.63
81,65536,32,16,1709.23
81,65536,32,32,1710.75
81,65536,32,64,1709.98
81,65536,32,128,1710.27
81,65536,32,256,1710.89
81,65536,32,512,1711.17
81,65536,32,1024,1711.25
81,65536,32,2048,1709.66
81,65536,32,4096,1708.67
81,65536,32,8192,1709.64
81,65536,32,16384,1711.05
81,65536,32,32768,1713.53
81,65536,32,65536,1741.95
81,65536,64,16,1714.87
81,65536,64,32,1713.95
81,65536,64,64,1714.16
81,65536,64,128,1713.69
81,65536,64,256,1718.41
81,65536,64,512,1714.42
81,65536,64,1024,1714.72
81,65536,64,2048,1715.72
81,65536,64,4096,1715.92
81,65536,64,8192,1715.99
81,65536,64,16384,1717.99
81,65536,64,32768,1739.57
81,65536,64,65536,3359.81
81,65536,128,16,1721.71
81,65536,128,32,1721.97
81,65536,128,64,1722.23
81,65536,128,128,1721.27
81,65536,128,256,1722.16
81,65536,128,512,1724.61
81,65536,128,1024,1727.94
81,65536,128,2048,1727.9
81,65536,128,4096,1731.78
81,65536,128,8192,1743.26
81,65536,128,16384,1773.59
81,65536,128,32768,2550.26
81,65536,128,65536,3437.12
122,0,0,0,32.7783
122,0,1,16,32.0538
122,0,1,32,32.1385
122,0,1,64,32.2562
122,0,1,128,32.4855
122,0,1,256,35.7913
122,0,1,512,42.3942
122,0,1,1024,55.403
122,0,1,2048,80.7953
122,0,1,4096,132.033
122,0,1,8192,234.592
122,0,1,16384,441.312
122,0,1,32768,847.526
122,0,1,65536,1667.55
122,0,2,16,32.3945
122,0,2,32,32.485
122,0,2,64,32.3728
122,0,2,128,32.8368
122,0,2,256,36.1972
122,0,2,512,42.1435
122,0,2,1024,55.0987
122,0,2,2048,80.6027
122,0,2,4096,132.048
122,0,2,8192,234.491
122,0,2,16384,439.141
122,0,2,32768,848.561
122,0,2,65536,1666.36
122,0,4,16,32.7355
122,0,4,32,32.6935
122,0,4,64,32.752
122,0,4,128,33.0662
122,0,4,256,36.5065
122,0,4,512,42.9065
122,0,4,1024,55.7013
122,0,4,2048,81.125
122,0,4,4096,133.136
122,0,4,8192,236.166
122,0,4,16384,440.395
122,0,4,32768,850.028
122,0,4,65536,1671.53
122,0,8,16,32.448
122,0,8,32,32.4637
122,0,8,64,32.2828
122,0,8,128,33.493
122,0,8,256,36.5927
122,0,8,512,43.1042
122,0,8,1024,55.9782
122,0,8,2048,81.9258
122,0,8,4096,133.451
122,0,8,8192,236.667
122,0,8,16384,441.115
122,0,8,32768,851.569
122,0,8,65536,1670.05
122,0,16,16,38.107
122,0,16,32,38.24
122,0,16,64,38.0858
122,0,16,128,37.989
122,0,16,256,38.4002
122,0,16,512,44.2985
122,0,16,1024,57.9248
122,0,16,2048,83.76
122,0,16,4096,136.347
122,0,16,8192,239.013
122,0,16,16384,445.526
122,0,16,32768,855.574
122,0,16,65536,1675.22
122,0,32,16,39.2328
122,0,32,32,39.1198
122,0,32,64,39.6962
122,0,32,128,39.3337
122,0,32,256,39.8457
122,0,32,512,45.5413
122,0,32,1024,59.2268
122,0,32,2048,85.6423
122,0,32,4096,137.393
122,0,32,8192,240.512
122,0,32,16384,447.797
122,0,32,32768,859.041
122,0,32,65536,1685.81
122,0,64,16,40.5922
122,0,64,32,40.7683
122,0,64,64,42.9067
122,0,64,128,43.2162
122,0,64,256,44.3627
122,0,64,512,49.1632
122,0,64,1024,64.2025
122,0,64,2048,90.8802
122,0,64,4096,144.411
122,0,64,8192,251.355
122,0,64,16384,463.617
122,0,64,32768,889.297
122,0,64,65536,1736.93
122,0,128,16,45.2478
122,0,128,32,45.9472
122,0,128,64,48.4537
122,0,128,128,51.3388
122,0,128,256,57.3127
122,0,128,512,66.976
122,0,128,1024,84.7888
122,0,128,2048,119.552
122,0,128,4096,187.974
122,0,128,8192,324.96
122,0,128,16384,597.958
122,0,128,32768,1134.55
122,0,128,65536,2206.33
122,16,0,0,33.2798
122,16,1,16,33.0612
122,16,1,32,33.0882
122,16,1,64,33.0398
122,16,1,128,33.136
122,16,1,256,35.9467
122,16,1,512,42.3418
122,16,1,1024,54.9175
122,16,1,2048,80.6562
122,16,1,4096,131.584
122,16,1,8192,233.814
122,16,1,16384,438.693
122,16,1,32768,847.254
122,16,1,65536,1664.3
122,16,2,16,33.328
122,16,2,32,33.2958
122,16,2,64,33.0618
122,16,2,128,32.9385
122,16,2,256,35.7815
122,16,2,512,42.3252
122,16,2,1024,54.864
122,16,2,2048,80.5492
122,16,2,4096,131.552
122,16,2,8192,234.304
122,16,2,16384,438.811
122,16,2,32768,847.921
122,16,2,65536,1666.17
122,16,4,16,33.312
122,16,4,32,33.5358
122,16,4,64,33.2212
122,16,4,128,33.1628
122,16,4,256,35.9038
122,16,4,512,42.4968
122,16,4,1024,55.5038
122,16,4,2048,81.3075
122,16,4,4096,132.8
122,16,4,8192,235.312
122,16,4,16384,440.049
122,16,4,32768,849.633
122,16,4,65536,1673.36
122,16,8,16,33.3547
122,16,8,32,33.3915
122,16,8,64,33.2423
122,16,8,128,33.4027
122,16,8,256,36.5335
122,16,8,512,42.8635
122,16,8,1024,55.8078
122,16,8,2048,81.8875
122,16,8,4096,133.329
122,16,8,8192,237.073
122,16,8,16384,440.945
122,16,8,32768,849.97
122,16,8,65536,1669.8
122,16,16,16,38.0755
122,16,16,32,38.0372
122,16,16,64,39.403
122,16,16,128,40.982
122,16,16,256,44.2613
122,16,16,512,51.1203
122,16,16,1024,64.3308
122,16,16,2048,90.9443
122,16,16,4096,142.059
122,16,16,8192,245.174
122,16,16,16384,449.115
122,16,16,32768,857.771
122,16,16,65536,1675.54
122,16,32,16,39.3765
122,16,32,32,39.2427
122,16,32,64,40.411
122,16,32,128,42.3795
122,16,32,256,45.6698
122,16,32,512,52.7902
122,16,32,1024,66.2668
122,16,32,2048,92.5072
122,16,32,4096,144.128
122,16,32,8192,247.573
122,16,32,16384,452.214
122,16,32,32768,862.566
122,16,32,65536,1685.02
122,16,64,16,40.9442
122,16,64,32,41.1518
122,16,64,64,43.307
122,16,64,128,45.2643
122,16,64,256,49.8508
122,16,64,512,57.3712
122,16,64,1024,72.2018
122,16,64,2048,98.2563
122,16,64,4096,151.649
122,16,64,8192,257.851
122,16,64,16384,471.19
122,16,64,32768,894.785
122,16,64,65536,1739.66
122,16,128,16,45.28
122,16,128,32,45.9787
122,16,128,64,48.155
122,16,128,128,51.8718
122,16,128,256,58.1872
122,16,128,512,68.7468
122,16,128,1024,87.216
122,16,128,2048,121.141
122,16,128,4096,188.139
122,16,128,8192,323.451
122,16,128,16384,591.729
122,16,128,32768,1126.4
122,16,128,65536,2197.58
122,32,0,0,33.899
122,32,1,16,33.4243
122,32,1,32,33.755
122,32,1,64,33.525
122,32,1,128,33.4292
122,32,1,256,35.8395
122,32,1,512,42.4107
122,32,1,1024,55.0297
122,32,1,2048,80.5332
122,32,1,4096,131.594
122,32,1,8192,233.83
122,32,1,16384,438.289
122,32,1,32768,847.451
122,32,1,65536,1665.49
122,32,2,16,33.6803
122,32,2,32,33.5303
122,32,2,64,33.531
122,32,2,128,33.499
122,32,2,256,35.898
122,32,2,512,42.0537
122,32,2,1024,54.9278
122,32,2,2048,80.4907
122,32,2,4096,131.797
122,32,2,8192,234.443
122,32,2,16384,439.153
122,32,2,32768,848.209
122,32,2,65536,1665.37
122,32,4,16,33.7493
122,32,4,32,33.6372
122,32,4,64,33.8612
122,32,4,128,33.744
122,32,4,256,36.2557
122,32,4,512,42.7147
122,32,4,1024,55.4022
122,32,4,2048,81.0617
122,32,4,4096,132.839
122,32,4,8192,235.275
122,32,4,16384,440.326
122,32,4,32768,848.481
122,32,4,65536,1669.17
122,32,8,16,33.936
122,32,8,32,33.6213
122,32,8,64,33.7385
122,32,8,128,33.6267
122,32,8,256,36.4485
122,32,8,512,42.9447
122,32,8,1024,56.048
122,32,8,2048,81.9142
122,32,8,4096,133.734
122,32,8,8192,237.856
122,32,8,16384,440.876
122,32,8,32768,850.444
122,32,8,65536,1669.66
122,32,16,16,38.0003
122,32,16,32,38.134
122,32,16,64,39.4937
122,32,16,128,40.9443
122,32,16,256,44.1975
122,32,16,512,50.6078
122,32,16,1024,64.2938
122,32,16,2048,90.9973
122,32,16,4096,141.995
122,32,16,8192,244.491
122,32,16,16384,449.073
122,32,16,32768,858.076
122,32,16,65536,1682.61
122,32,32,16,39.6108
122,32,32,32,39.7813
122,32,32,64,40.9705
122,32,32,128,42.4957
122,32,32,256,45.9467
122,32,32,512,52.912
122,32,32,1024,66.6083
122,32,32,2048,92.6193
122,32,32,4096,144.363
122,32,32,8192,246.726
122,32,32,16384,454.992
122,32,32,32768,867.329
122,32,32,65536,1691.27
122,32,64,16,41.8342
122,32,64,32,42.0423
122,32,64,64,43.4882
122,32,64,128,45.4882
122,32,64,256,49.4832
122,32,64,512,57.3703
122,32,64,1024,71.9363
122,32,64,2048,97.8402
122,32,64,4096,151.013
122,32,64,8192,257.606
122,32,64,16384,470.806
122,32,64,32768,892.822
122,32,64,65536,1737.7
122,32,128,16,46.1818
122,32,128,32,46.613
122,32,128,64,48.539
122,32,128,128,51.8132
122,32,128,256,58.2988
122,32,128,512,68.5283
122,32,128,1024,88.5283
122,32,128,2048,122.001
122,32,128,4096,188.566
122,32,128,8192,322.971
122,32,128,16384,591.995
122,32,128,32768,1121.1
122,32,128,65536,2189.33
122,64,0,0,34.1013
122,64,1,16,33.68
122,64,1,32,33.84
122,64,1,64,33.6905
122,64,1,128,33.5888
122,64,1,256,35.696
122,64,1,512,42.278
122,64,1,1024,54.9867
122,64,1,2048,80.5873
122,64,1,4096,131.637
122,64,1,8192,233.792
122,64,1,16384,438.753
122,64,1,32768,847.265
122,64,1,65536,1666.71
122,64,2,16,34.2987
122,64,2,32,34.0587
122,64,2,64,33.8987
122,64,2,128,34.1922
122,64,2,256,35.7173
122,64,2,512,42.1862
122,64,2,1024,54.938
122,64,2,2048,80.411
122,64,2,4096,131.814
122,64,2,8192,234.459
122,64,2,16384,438.854
122,64,2,32768,847.601
122,64,2,65536,1666.88
122,64,4,16,34.1168
122,64,4,32,34.0163
122,64,4,64,33.947
122,64,4,128,34.1438
122,64,4,256,36.1867
122,64,4,512,42.6402
122,64,4,1024,55.3915
122,64,4,2048,81.0348
122,64,4,4096,132.901
122,64,4,8192,235.674
122,64,4,16384,440.699
122,64,4,32768,848.934
122,64,4,65536,1675.53
122,64,8,16,34.08
122,64,8,32,33.9147
122,64,8,64,33.8345
122,64,8,128,33.9095
122,64,8,256,36.608
122,64,8,512,43.12
122,64,8,1024,56.0483
122,64,8,2048,81.8032
122,64,8,4096,133.739
122,64,8,8192,236.816
122,64,8,16384,441.339
122,64,8,32768,851.169
122,64,8,65536,1670.24
122,64,16,16,37.7812
122,64,16,32,38.0907
122,64,16,64,41.2002
122,64,16,128,42.9125
122,64,16,256,46.3418
122,64,16,512,52.923
122,64,16,1024,66.3203
122,64,16,2048,93.1625
122,64,16,4096,144.23
122,64,16,8192,246.454
122,64,16,16384,451.461
122,64,16,32768,859.575
122,64,16,65536,1679.31
122,64,32,16,41.0507
122,64,32,32,41.2483
122,64,32,64,42.8157
122,64,32,128,44.1968
122,64,32,256,48.042
122,64,32,512,54.9235
122,64,32,1024,68.4058
122,64,32,2048,94.8108
122,64,32,4096,146.437
122,64,32,8192,249.611
122,64,32,16384,453.739
122,64,32,32768,865.462
122,64,32,65536,1688.35
122,64,64,16,42.5977
122,64,64,32,43.0617
122,64,64,64,44.3948
122,64,64,128,46.197
122,64,64,256,50.6725
122,64,64,512,58.6512
122,64,64,1024,73.061
122,64,64,2048,99.4987
122,64,64,4096,152.502
122,64,64,8192,259.349
122,64,64,16384,469.92
122,64,64,32768,897.863
122,64,64,65536,1749.42
122,64,128,16,46.4797
122,64,128,32,47.5567
122,64,128,64,49.6105
122,64,128,128,52.9488
122,64,128,256,58.9652
122,64,128,512,69.1365
122,64,128,1024,88.1545
122,64,128,2048,122.298
122,64,128,4096,189.163
122,64,128,8192,325.729
122,64,128,16384,593.734
122,64,128,32768,1125.56
122,64,128,65536,2187.73
122,128,0,0,35.6475
122,128,1,16,35.3817
122,128,1,32,35.2473
122,128,1,64,35.435
122,128,1,128,35.477
122,128,1,256,35.8985
122,128,1,512,42.2293
122,128,1,1024,55.1735
122,128,1,2048,80.6825
122,128,1,4096,131.691
122,128,1,8192,233.829
122,128,1,16384,439.051
122,128,1,32768,849.739
122,128,1,65536,1665.26
122,128,2,16,35.6703
122,128,2,32,35.6057
122,128,2,64,35.4985
122,128,2,128,35.7283
122,128,2,256,35.6963
122,128,2,512,42.3462
122,128,2,1024,54.8213
122,128,2,2048,80.6028
122,128,2,4096,131.573
122,128,2,8192,234.363
122,128,2,16384,439.077
122,128,2,32768,848.428
122,128,2,65536,1664.75
122,128,4,16,35.7655
122,128,4,32,35.8612
122,128,4,64,35.723
122,128,4,128,35.6747
122,128,4,256,36.1653
122,128,4,512,42.6082
122,128,4,1024,55.4563
122,128,4,2048,81.0942
122,128,4,4096,132.912
122,128,4,8192,235.409
122,128,4,16384,441.045
122,128,4,32768,848.865
122,128,4,65536,1668.22
122,128,8,16,35.573
122,128,8,32,35.4935
122,128,8,64,35.3715
122,128,8,128,35.3388
122,128,8,256,36.6185
122,128,8,512,42.8637
122,128,8,1024,55.8777
122,128,8,2048,82.043
122,128,8,4096,133.605
122,128,8,8192,237.841
122,128,8,16384,441.659
122,128,8,32768,851.089
122,128,8,65536,1670.62
122,128,16,16,37.6962
122,128,16,32,38.1067
122,128,16,64,41.0295
122,128,16,128,44.5765
122,128,16,256,47.4613
122,128,16,512,54.6293
122,128,16,1024,67.7922
122,128,16,2048,94.4425
122,128,16,4096,145.541
122,128,16,8192,247.691
122,128,16,16384,452.566
122,128,16,32768,860.716
122,128,16,65536,1678.72
122,128,32,16,42.3255
122,128,32,32,42.3307
122,128,32,64,44.1433
122,128,32,128,45.8133
122,128,32,256,49.2267
122,128,32,512,56.3097
122,128,32,1024,70.25
122,128,32,2048,96.0105
122,128,32,4096,147.504
122,128,32,8192,251.067
122,128,32,16384,456.107
122,128,32,32768,869.068
122,128,32,65536,1688.4
122,128,64,16,43.7977
122,128,64,32,44.283
122,128,64,64,45.5567
122,128,64,128,47.3017
122,128,64,256,51.413
122,128,64,512,59.8507
122,128,64,1024,74.0165
122,128,64,2048,100.576
122,128,64,4096,153.984
122,128,64,8192,259.75
122,128,64,16384,472.486
122,128,64,32768,898.151
122,128,64,65536,1749.8
122,128,128,16,48.4907
122,128,128,32,49.2803
122,128,128,64,51.1998
122,128,128,128,54.5655
122,128,128,256,60.9277
122,128,128,512,70.2567
122,128,128,1024,89.5898
122,128,128,2048,123.921
122,128,128,4096,191.179
122,128,128,8192,325.131
122,128,128,16384,594.406
122,128,128,32768,1116.27
122,128,128,65536,2170.78
122,256,0,0,38.9227
122,256,1,16,38.7468
122,256,1,32,38.634
122,256,1,64,38.5872
122,256,1,128,38.3992
122,256,1,256,38.6672
122,256,1,512,42.3358
122,256,1,1024,55.2638
122,256,1,2048,80.7362
122,256,1,4096,131.781
122,256,1,8192,234.086
122,256,1,16384,439.691
122,256,1,32768,850.577
122,256,1,65536,1670.77
122,256,2,16,38.9817
122,256,2,32,39.2373
122,256,2,64,38.9435
122,256,2,128,38.7518
122,256,2,256,38.8745
122,256,2,512,42.4537
122,256,2,1024,54.8958
122,256,2,2048,80.7518
122,256,2,4096,131.733
122,256,2,8192,234.529
122,256,2,16384,438.977
122,256,2,32768,848.407
122,256,2,65536,1665.16
122,256,4,16,38.6722
122,256,4,32,38.9013
122,256,4,64,38.8955
122,256,4,128,38.9012
122,256,4,256,38.9218
122,256,4,512,42.8002
122,256,4,1024,55.7115
122,256,4,2048,81.286
122,256,4,4096,132.64
122,256,4,8192,235.627
122,256,4,16384,440.763
122,256,4,32768,849.207
122,256,4,65536,1667.15
122,256,8,16,38.6823
122,256,8,32,38.7727
122,256,8,64,38.7787
122,256,8,128,38.928
122,256,8,256,38.8425
122,256,8,512,43.243
122,256,8,1024,56.1277
122,256,8,2048,82.3417
122,256,8,4096,133.52
122,256,8,8192,237.515
122,256,8,16384,441.798
122,256,8,32768,850.737
122,256,8,65536,1668.22
122,256,16,16,39.6158
122,256,16,32,39.6643
122,256,16,64,41.1358
122,256,16,128,44.192
122,256,16,256,50.832
122,256,16,512,57.6325
122,256,16,1024,71.035
122,256,16,2048,97.1628
122,256,16,4096,148.726
122,256,16,8192,251.659
122,256,16,16384,455.964
122,256,16,32768,864.843
122,256,16,65536,1682.31
122,256,32,16,45.4928
122,256,32,32,45.744
122,256,32,64,47.0885
122,256,32,128,48.9227
122,256,32,256,52.5283
122,256,32,512,59.5682
122,256,32,1024,73.056
122,256,32,2048,98.8803
122,256,32,4096,150.629
122,256,32,8192,253.328
122,256,32,16384,457.717
122,256,32,32768,868.428
122,256,32,65536,1691.45
122,256,64,16,47.3602
122,256,64,32,47.4135
122,256,64,64,48.5228
122,256,64,128,50.528
122,256,64,256,54.5388
122,256,64,512,62.918
122,256,64,1024,77.2748
122,256,64,2048,104.043
122,256,64,4096,157.573
122,256,64,8192,263.429
122,256,64,16384,476.875
122,256,64,32768,901.959
122,256,64,65536,1749.08
122,256,128,16,51.9418
122,256,128,32,52.373
122,256,128,64,54.7047
122,256,128,128,57.4713
122,256,128,256,63.5793
122,256,128,512,74.0595
122,256,128,1024,92.7523
122,256,128,2048,127.168
122,256,128,4096,194.267
122,256,128,8192,327.238
122,256,128,16384,591.633
122,256,128,32768,1124.6
122,256,128,65536,2195.23
122,512,0,0,45.424
122,512,1,16,45.0397
122,512,1,32,45.0083
122,512,1,64,45.2693
122,512,1,128,45.1365
122,512,1,256,45.2807
122,512,1,512,45.1947
122,512,1,1024,55.3592
122,512,1,2048,80.864
122,512,1,4096,131.979
122,512,1,8192,234.48
122,512,1,16384,439.008
122,512,1,32768,847.302
122,512,1,65536,1664.55
122,512,2,16,45.1413
122,512,2,32,45.4083
122,512,2,64,45.2533
122,512,2,128,44.992
122,512,2,256,45.2215
122,512,2,512,45.2048
122,512,2,1024,55.2155
122,512,2,2048,80.8697
122,512,2,4096,132.102
122,512,2,8192,234.64
122,512,2,16384,439.537
122,512,2,32768,848.454
122,512,2,65536,1666.1
122,512,4,16,45.3977
122,512,4,32,45.5732
122,512,4,64,45.3445
122,512,4,128,45.2958
122,512,4,256,45.227
122,512,4,512,45.3493
122,512,4,1024,55.8672
122,512,4,2048,81.2802
122,512,4,4096,132.96
122,512,4,8192,236.022
122,512,4,16384,441.083
122,512,4,32768,849.852
122,512,4,65536,1669.99
122,512,8,16,45.217
122,512,8,32,45.2053
122,512,8,64,45.4183
122,512,8,128,45.1888
122,512,8,256,45.3705
122,512,8,512,45.3917
122,512,8,1024,56.4585
122,512,8,2048,82.1333
122,512,8,4096,134.027
122,512,8,8192,237.413
122,512,8,16384,441.707
122,512,8,32768,850.966
122,512,8,65536,1669.98
122,512,16,16,45.9947
122,512,16,32,46.1173
122,512,16,64,45.7922
122,512,16,128,45.9948
122,512,16,256,50.5868
122,512,16,512,63.888
122,512,16,1024,77.6427
122,512,16,2048,103.915
122,512,16,4096,155.386
122,512,16,8192,257.921
122,512,16,16384,462.774
122,512,16,32768,870.769
122,512,16,65536,1690.03
122,512,32,16,51.9522
122,512,32,32,51.6373
122,512,32,64,53.2487
122,512,32,128,54.971
122,512,32,256,59.11
122,512,32,512,65.3817
122,512,32,1024,79.8027
122,512,32,2048,106.277
122,512,32,4096,157.184
122,512,32,8192,260.15
122,512,32,16384,465.121
122,512,32,32768,877.612
122,512,32,65536,1695.46
122,512,64,16,53.8668
122,512,64,32,53.7235
122,512,64,64,55.152
122,512,64,128,56.7575
122,512,64,256,61.2053
122,512,64,512,69.3763
122,512,64,1024,84.0962
122,512,64,2048,110.928
122,512,64,4096,164.389
122,512,64,8192,271.125
122,512,64,16384,483.324
122,512,64,32768,908.566
122,512,64,65536,1753.46
122,512,128,16,58.251
122,512,128,32,58.987
122,512,128,64,60.7952
122,512,128,128,63.9523
122,512,128,256,69.6165
122,512,128,512,80.005
122,512,128,1024,98.9763
122,512,128,2048,132.859
122,512,128,4096,200.88
122,512,128,8192,333.974
122,512,128,16384,600.753
122,512,128,32768,1128.51
122,512,128,65536,2185.34
122,1024,0,0,58.2988
122,1024,1,16,58.096
122,1024,1,32,57.9095
122,1024,1,64,57.8187
122,1024,1,128,57.8982
122,1024,1,256,57.899
122,1024,1,512,58.16
122,1024,1,1024,57.9148
122,1024,1,2048,81.0453
122,1024,1,4096,132.645
122,1024,1,8192,234.742
122,1024,1,16384,439.632
122,1024,1,32768,848.151
122,1024,1,65536,1666.82
122,1024,2,16,58.0853
122,1024,2,32,58.171
122,1024,2,64,58.1657
122,1024,2,128,58.001
122,1024,2,256,58.2295
122,1024,2,512,58.2348
122,1024,2,1024,58.0745
122,1024,2,2048,81.0772
122,1024,2,4096,132.539
122,1024,2,8192,235.281
122,1024,2,16384,440.582
122,1024,2,32768,854.145
122,1024,2,65536,1666.35
122,1024,4,16,58.3737
122,1024,4,32,58.192
122,1024,4,64,58.4377
122,1024,4,128,58.3467
122,1024,4,256,58.0217
122,1024,4,512,58.4372
122,1024,4,1024,58.3522
122,1024,4,2048,81.8613
122,1024,4,4096,133.616
122,1024,4,8192,236.592
122,1024,4,16384,442.502
122,1024,4,32768,853.452
122,1024,4,65536,1673.7
122,1024,8,16,58.2455
122,1024,8,32,58.1815
122,1024,8,64,57.9362
122,1024,8,128,57.9465
122,1024,8,256,58.2348
122,1024,8,512,58.48
122,1024,8,1024,58.4587
122,1024,8,2048,82.7098
122,1024,8,4096,134.598
122,1024,8,8192,238.993
122,1024,8,16384,442.876
122,1024,8,32768,859.373
122,1024,8,65536,1672.46
122,1024,16,16,58.859
122,1024,16,32,58.8963
122,1024,16,64,58.7302
122,1024,16,128,58.9815
122,1024,16,256,59.1998
122,1024,16,512,63.8987
122,1024,16,1024,90.5547
122,1024,16,2048,117.434
122,1024,16,4096,169.227
122,1024,16,8192,271.755
122,1024,16,16384,475.339
122,1024,16,32768,886.023
122,1024,16,65536,1704.04
122,1024,32,16,59.5998
122,1024,32,32,59.8185
122,1024,32,64,59.6697
122,1024,32,128,64.5875
122,1024,32,256,71.3385
122,1024,32,512,79.0873
122,1024,32,1024,93.04
122,1024,32,2048,119.898
122,1024,32,4096,171.792
122,1024,32,8192,274.704
122,1024,32,16384,481.648
122,1024,32,32768,894.626
122,1024,32,65536,1720.96
122,1024,64,16,66.191
122,1024,64,32,66.4055
122,1024,64,64,67.9145
122,1024,64,128,70.321
122,1024,64,256,73.8028
122,1024,64,512,81.963
122,1024,64,1024,96.9228
122,1024,64,2048,124.875
122,1024,64,4096,177.936
122,1024,64,8192,285.921
122,1024,64,16384,498.007
122,1024,64,32768,924.988
122,1024,64,65536,1775.4
122,1024,128,16,70.9922
122,1024,128,32,71.7813
122,1024,128,64,73.9735
122,1024,128,128,76.9387
122,1024,128,256,82.1713
122,1024,128,512,91.8028
122,1024,128,1024,110.373
122,1024,128,2048,143.862
122,1024,128,4096,211.792
122,1024,128,8192,344.539
122,1024,128,16384,608.961
122,1024,128,32768,1140.82
122,1024,128,65536,2198.16
122,2048,0,0,84.3255
122,2048,1,16,83.7872
122,2048,1,32,83.8563
122,2048,1,64,83.4823
122,2048,1,128,83.8135
122,2048,1,256,83.5843
122,2048,1,512,84.1235
122,2048,1,1024,83.7285
122,2048,1,2048,83.616
122,2048,1,4096,133.585
122,2048,1,8192,235.686
122,2048,1,16384,440.742
122,2048,1,32768,849.452
122,2048,1,65536,1669.14
122,2048,2,16,83.7123
122,2048,2,32,83.6318
122,2048,2,64,83.6373
122,2048,2,128,83.6802
122,2048,2,256,83.6592
122,2048,2,512,83.6588
122,2048,2,1024,83.659
122,2048,2,2048,83.686
122,2048,2,4096,133.189
122,2048,2,8192,235.787
122,2048,2,16384,440.971
122,2048,2,32768,851.49
122,2048,2,65536,1665.97
122,2048,4,16,83.9045
122,2048,4,32,83.894
122,2048,4,64,83.9467
122,2048,4,128,83.9307
122,2048,4,256,83.9737
122,2048,4,512,84.2397
122,2048,4,1024,84.1922
122,2048,4,2048,84.7848
122,2048,4,4096,134.208
122,2048,4,8192,237.845
122,2048,4,16384,442.736
122,2048,4,32768,850.626
122,2048,4,65536,1673.7
122,2048,8,16,83.8617
122,2048,8,32,83.7865
122,2048,8,64,83.7017
122,2048,8,128,83.9305
122,2048,8,256,83.702
122,2048,8,512,83.8935
122,2048,8,1024,84.2827
122,2048,8,2048,84.5877
122,2048,8,4096,135.584
122,2048,8,8192,239.792
122,2048,8,16384,444.444
122,2048,8,32768,855.745
122,2048,8,65536,1676.9
122,2048,16,16,84.5817
122,2048,16,32,84.7843
122,2048,16,64,84.6402
122,2048,16,128,84.5657
122,2048,16,256,84.6295
122,2048,16,512,85.1258
122,2048,16,1024,90.3252
122,2048,16,2048,143.488
122,2048,16,4096,196.336
122,2048,16,8192,298.715
122,2048,16,16384,503.035
122,2048,16,32768,911.921
122,2048,16,65536,1729.19
122,2048,32,16,85.4617
122,2048,32,32,85.6313
122,2048,32,64,85.5525
122,2048,32,128,85.6368
122,2048,32,256,85.8888
122,2048,32,512,104.582
122,2048,32,1024,119.125
122,2048,32,2048,146.464
122,2048,32,4096,198.448
122,2048,32,8192,301.803
122,2048,32,16384,507.473
122,2048,32,32768,921.527
122,2048,32,65536,1744.6
122,2048,64,16,86.806
122,2048,64,32,86.7897
122,2048,64,64,86.7045
122,2048,64,128,95.5522
122,2048,64,256,100.016
122,2048,64,512,108.027
122,2048,64,1024,122.934
122,2048,64,2048,149.632
122,2048,64,4096,203.194
122,2048,64,8192,309.275
122,2048,64,16384,521.627
122,2048,64,32768,949.66
122,2048,64,65536,1801.9
122,2048,128,16,95.6802
122,2048,128,32,96.059
122,2048,128,64,98.0693
122,2048,128,128,100.88
122,2048,128,256,107.083
122,2048,128,512,116.528
122,2048,128,1024,133.478
122,2048,128,2048,165.867
122,2048,128,4096,234.069
122,2048,128,8192,367.222
122,2048,128,16384,631.735
122,2048,128,32768,1166.24
122,2048,128,65536,2231.61
122,4096,0,0,137.286
122,4096,1,16,137.285
122,4096,1,32,137.328
122,4096,1,64,137.131
122,4096,1,128,137.387
122,4096,1,256,137.131
122,4096,1,512,137.258
122,4096,1,1024,137.552
122,4096,1,2048,137.59
122,4096,1,4096,137.488
122,4096,1,8192,237.488
122,4096,1,16384,442.954
122,4096,1,32768,851.948
122,4096,1,65536,1668.76
122,4096,2,16,136.998
122,4096,2,32,137.429
122,4096,2,64,137.413
122,4096,2,128,136.843
122,4096,2,256,136.993
122,4096,2,512,137.099
122,4096,2,1024,137.05
122,4096,2,2048,137.291
122,4096,2,4096,137.382
122,4096,2,8192,237.611
122,4096,2,16384,442.133
122,4096,2,32768,855.537
122,4096,2,65536,1673.37
122,4096,4,16,137.621
122,4096,4,32,137.323
122,4096,4,64,137.387
122,4096,4,128,137.376
122,4096,4,256,137.579
122,4096,4,512,137.873
122,4096,4,1024,137.723
122,4096,4,2048,138.426
122,4096,4,4096,138.213
122,4096,4,8192,239.12
122,4096,4,16384,445.675
122,4096,4,32768,855.334
122,4096,4,65536,1672.77
122,4096,8,16,137.142
122,4096,8,32,137.366
122,4096,8,64,137.36
122,4096,8,128,137.419
122,4096,8,256,137.931
122,4096,8,512,137.568
122,4096,8,1024,137.888
122,4096,8,2048,138.421
122,4096,8,4096,138.426
122,4096,8,8192,240.778
122,4096,8,16384,446.571
122,4096,8,32768,860.886
122,4096,8,65536,1681.49
122,4096,16,16,138.112
122,4096,16,32,138.48
122,4096,16,64,138.481
122,4096,16,128,138.427
122,4096,16,256,138.422
122,4096,16,512,138.709
122,4096,16,1024,139.078
122,4096,16,2048,145.328
122,4096,16,4096,248.208
122,4096,16,8192,350.822
122,4096,16,16384,555.537
122,4096,16,32768,965.713
122,4096,16,65536,1780.94
122,4096,32,16,139.617
122,4096,32,32,139.232
122,4096,32,64,139.334
122,4096,32,128,139.594
122,4096,32,256,139.936
122,4096,32,512,140.736
122,4096,32,1024,159.249
122,4096,32,2048,198.769
122,4096,32,4096,250.555
122,4096,32,8192,354.993
122,4096,32,16384,562.038
122,4096,32,32768,975.34
122,4096,32,65536,1799.94
122,4096,64,16,140.352
122,4096,64,32,140.294
122,4096,64,64,140.486
122,4096,64,128,141.413
122,4096,64,256,140.95
122,4096,64,512,159.376
122,4096,64,1024,174.464
122,4096,64,2048,201.408
122,4096,64,4096,255.269
122,4096,64,8192,361.861
122,4096,64,16384,574.385
122,4096,64,32768,1002.64
122,4096,64,65536,1852.3
122,4096,128,16,143.403
122,4096,128,32,143.52
122,4096,128,64,143.515
122,4096,128,128,153.109
122,4096,128,256,157.862
122,4096,128,512,166.987
122,4096,128,1024,182.699
122,4096,128,2048,213.691
122,4096,128,4096,281.51
122,4096,128,8192,413.041
122,4096,128,16384,679.142
122,4096,128,32768,1210.08
122,4096,128,65536,2269.38
122,8192,0,0,238.044
122,8192,1,16,237.578
122,8192,1,32,237.786
122,8192,1,64,237.792
122,8192,1,128,237.878
122,8192,1,256,237.777
122,8192,1,512,237.91
122,8192,1,1024,237.845
122,8192,1,2048,237.83
122,8192,1,4096,237.958
122,8192,1,8192,238.032
122,8192,1,16384,440.363
122,8192,1,32768,849.958
122,8192,1,65536,1669.66
122,8192,2,16,237.894
122,8192,2,32,237.702
122,8192,2,64,238.006
122,8192,2,128,237.776
122,8192,2,256,237.845
122,8192,2,512,237.926
122,8192,2,1024,238.075
122,8192,2,2048,237.809
122,8192,2,4096,238.331
122,8192,2,8192,238.47
122,8192,2,16384,441.114
122,8192,2,32768,851.932
122,8192,2,65536,1665.54
122,8192,4,16,238.048
122,8192,4,32,238.368
122,8192,4,64,239.317
122,8192,4,128,238.07
122,8192,4,256,238.011
122,8192,4,512,238.987
122,8192,4,1024,237.979
122,8192,4,2048,238.192
122,8192,4,4096,238.256
122,8192,4,8192,238.736
122,8192,4,16384,442.779
122,8192,4,32768,855.377
122,8192,4,65536,1671.79
122,8192,8,16,238.102
122,8192,8,32,237.963
122,8192,8,64,237.952
122,8192,8,128,237.883
122,8192,8,256,238.203
122,8192,8,512,238.027
122,8192,8,1024,238.011
122,8192,8,2048,239.35
122,8192,8,4096,238.417
122,8192,8,8192,239.238
122,8192,8,16384,445.02
122,8192,8,32768,855.164
122,8192,8,65536,1681.74
122,8192,16,16,238.897
122,8192,16,32,238.875
122,8192,16,64,239.12
122,8192,16,128,239.292
122,8192,16,256,238.885
122,8192,16,512,238.843
122,8192,16,1024,238.927
122,8192,16,2048,239.339
122,8192,16,4096,248.043
122,8192,16,8192,452.203
122,8192,16,16384,656.945
122,8192,16,32768,1066.37
122,8192,16,65536,1882.15
122,8192,32,16,239.82
122,8192,32,32,239.515
122,8192,32,64,239.574
122,8192,32,128,239.435
122,8192,32,256,239.712
122,8192,32,512,239.894
122,8192,32,1024,240.902
122,8192,32,2048,261.707
122,8192,32,4096,350.091
122,8192,32,8192,454.027
122,8192,32,16384,661.473
122,8192,32,32768,1075.18
122,8192,32,65536,1900.49
122,8192,64,16,240.432
122,8192,64,32,241.408
122,8192,64,64,240.688
122,8192,64,128,240.448
122,8192,64,256,240.534
122,8192,64,512,241.532
122,8192,64,1024,257.69
122,8192,64,2048,300.699
122,8192,64,4096,354.439
122,8192,64,8192,460.198
122,8192,64,16384,673.718
122,8192,64,32768,1101.81
122,8192,64,65536,1950.01
122,8192,128,16,243.777
122,8192,128,32,243.792
122,8192,128,64,243.504
122,8192,128,128,243.654
122,8192,128,256,244.582
122,8192,128,512,263.329
122,8192,128,1024,279.979
122,8192,128,2048,310.187
122,8192,128,4096,375.008
122,8192,128,8192,506.017
122,8192,128,16384,772.001
122,8192,128,32768,1302.84
122,8192,128,65536,2361.44
122,16384,0,0,439.067
122,16384,1,16,438.832
122,16384,1,32,438.817
122,16384,1,64,440.443
122,16384,1,128,441.088
122,16384,1,256,439.035
122,16384,1,512,439.025
122,16384,1,1024,439.036
122,16384,1,2048,439.334
122,16384,1,4096,438.86
122,16384,1,8192,438.667
122,16384,1,16384,439.072
122,16384,1,32768,849.868
122,16384,1,65536,1666.19
122,16384,2,16,439.073
122,16384,2,32,439.157
122,16384,2,64,438.774
122,16384,2,128,439.115
122,16384,2,256,439.264
122,16384,2,512,438.795
122,16384,2,1024,439.516
122,16384,2,2048,438.918
122,16384,2,4096,438.768
122,16384,2,8192,439.051
122,16384,2,16384,439.126
122,16384,2,32768,849.708
122,16384,2,65536,1665.31
122,16384,4,16,439.659
122,16384,4,32,439.424
122,16384,4,64,439.174
122,16384,4,128,439.179
122,16384,4,256,439.174
122,16384,4,512,439.243
122,16384,4,1024,439.168
122,16384,4,2048,441.692
122,16384,4,4096,439.659
122,16384,4,8192,439.115
122,16384,4,16384,441.216
122,16384,4,32768,851.792
122,16384,4,65536,1669.61
122,16384,8,16,438.997
122,16384,8,32,439.473
122,16384,8,64,439.648
122,16384,8,128,439.153
122,16384,8,256,439.099
122,16384,8,512,439.019
122,16384,8,1024,439.388
122,16384,8,2048,439.846
122,16384,8,4096,440.075
122,16384,8,8192,439.899
122,16384,8,16384,442.214
122,16384,8,32768,855.201
122,16384,8,65536,1678.24
122,16384,16,16,441.089
122,16384,16,32,441.926
122,16384,16,64,440.246
122,16384,16,128,439.819
122,16384,16,256,439.974
122,16384,16,512,440.214
122,16384,16,1024,440.71
122,16384,16,2048,440.843
122,16384,16,4096,441.126
122,16384,16,8192,451.937
122,16384,16,16384,857.932
122,16384,16,32768,1266.09
122,16384,16,65536,2082.63
122,16384,32,16,440.854
122,16384,32,32,442.47
122,16384,32,64,440.337
122,16384,32,128,441.153
122,16384,32,256,441.34
122,16384,32,512,444.225
122,16384,32,1024,441.494
122,16384,32,2048,441.772
122,16384,32,4096,465.905
122,16384,32,8192,655.601
122,16384,32,16384,864.326
122,16384,32,32768,1273.17
122,16384,32,65536,2100.96
122,16384,64,16,441.563
122,16384,64,32,441.915
122,16384,64,64,441.648
122,16384,64,128,442.065
122,16384,64,256,442.955
122,16384,64,512,442.662
122,16384,64,1024,443.739
122,16384,64,2048,443.051
122,16384,64,4096,553.852
122,16384,64,8192,660.684
122,16384,64,16384,876.151
122,16384,64,32768,1298.93
122,16384,64,65536,2145.78
122,16384,128,16,444.699
122,16384,128,32,445.468
122,16384,128,64,447.921
122,16384,128,128,445.58
122,16384,128,256,445.803
122,16384,128,512,445.835
122,16384,128,1024,455.425
122,16384,128,2048,508.566
122,16384,128,4096,567.915
122,16384,128,8192,693.969
122,16384,128,16384,957.238
122,16384,128,32768,1487.57
122,16384,128,65536,2546.05
122,32768,0,0,846.129
122,32768,1,16,844.124
122,32768,1,32,844.396
122,32768,1,64,843.915
122,32768,1,128,844.092
122,32768,1,256,844.203
122,32768,1,512,844.39
122,32768,1,1024,844.14
122,32768,1,2048,844.806
122,32768,1,4096,844.102
122,32768,1,8192,845.243
122,32768,1,16384,844.417
122,32768,1,32768,848.7
122,32768,1,65536,1666.03
122,32768,2,16,844.513
122,32768,2,32,844.711
122,32768,2,64,845.18
122,32768,2,128,845.137
122,32768,2,256,844.39
122,32768,2,512,845.361
122,32768,2,1024,844.583
122,32768,2,2048,844.364
122,32768,2,4096,844.422
122,32768,2,8192,844.769
122,32768,2,16384,845.948
122,32768,2,32768,847.099
122,32768,2,65536,1665.08
122,32768,4,16,844.262
122,32768,4,32,844.753
122,32768,4,64,846.855
122,32768,4,128,845.431
122,32768,4,256,844.604
122,32768,4,512,845.137
122,32768,4,1024,845.261
122,32768,4,2048,844.631
122,32768,4,4096,845.771
122,32768,4,8192,845.692
122,32768,4,16384,845.702
122,32768,4,32768,849.575
122,32768,4,65536,1671.66
122,32768,8,16,844.124
122,32768,8,32,844.188
122,32768,8,64,844.412
122,32768,8,128,844.21
122,32768,8,256,844.528
122,32768,8,512,844.443
122,32768,8,1024,845.025
122,32768,8,2048,844.956
122,32768,8,4096,845.143
122,32768,8,8192,845.302
122,32768,8,16384,845.414
122,32768,8,32768,854.097
122,32768,8,65536,1675.66
122,32768,16,16,845.255
122,32768,16,32,845.196
122,32768,16,64,845.169
122,32768,16,128,845.425
122,32768,16,256,845.094
122,32768,16,512,845.275
122,32768,16,1024,845.868
122,32768,16,2048,845.9
122,32768,16,4096,848.054
122,32768,16,8192,851.191
122,32768,16,16384,864.865
122,32768,16,32768,1674.01
122,32768,16,65536,2491.89
122,32768,32,16,846.433
122,32768,32,32,846.162
122,32768,32,64,845.842
122,32768,32,128,846.001
122,32768,32,256,846.923
122,32768,32,512,848.502
122,32768,32,1024,846.961
122,32768,32,2048,847.569
122,32768,32,4096,849.623
122,32768,32,8192,879.51
122,32768,32,16384,1266.38
122,32768,32,32768,1677.22
122,32768,32,65536,2496.87
122,32768,64,16,848.001
122,32768,64,32,848.994
122,32768,64,64,847.43
122,32768,64,128,849.654
122,32768,64,256,848.791
122,32768,64,512,848.929
122,32768,64,1024,849.271
122,32768,64,2048,855.079
122,32768,64,4096,851.606
122,32768,64,8192,1063.32
122,32768,64,16384,1276.96
122,32768,64,32768,1697.84
122,32768,64,65536,2549.71
122,32768,128,16,856.011
122,32768,128,32,852.353
122,32768,128,64,852.007
122,32768,128,128,852.678
122,32768,128,256,852.198
122,32768,128,512,852.934
122,32768,128,1024,856.182
122,32768,128,2048,852.999
122,32768,128,4096,965.825
122,32768,128,8192,1084.4
122,32768,128,16384,1335.61
122,32768,128,32768,1862.56
122,32768,128,65536,2928.62
122,65536,0,0,1656.99
122,65536,1,16,1657.32
122,65536,1,32,1657.02
122,65536,1,64,1656.96
122,65536,1,128,1657.85
122,65536,1,256,1656.8
122,65536,1,512,1655.99
122,65536,1,1024,1657.84
122,65536,1,2048,1657.26
122,65536,1,4096,1656.92
122,65536,1,8192,1656.69
122,65536,1,16384,1657.87
122,65536,1,32768,1658.9
122,65536,1,65536,1668.16
122,65536,2,16,1660.37
122,65536,2,32,1657.35
122,65536,2,64,1657.54
122,65536,2,128,1657.65
122,65536,2,256,1656.46
122,65536,2,512,1657.16
122,65536,2,1024,1657.32
122,65536,2,2048,1656.49
122,65536,2,4096,1657.43
122,65536,2,8192,1657.18
122,65536,2,16384,1657.03
122,65536,2,32768,1657.93
122,65536,2,65536,1664.09
122,65536,4,16,1657.44
122,65536,4,32,1658.25
122,65536,4,64,1657.56
122,65536,4,128,1655.96
122,65536,4,256,1656.09
122,65536,4,512,1656.91
122,65536,4,1024,1656.71
122,65536,4,2048,1656.42
122,65536,4,4096,1656.81
122,65536,4,8192,1658.65
122,65536,4,16384,1657.74
122,65536,4,32768,1659.2
122,65536,4,65536,1667.43
122,65536,8,16,1656.15
122,65536,8,32,1656.14
122,65536,8,64,1655.92
122,65536,8,128,1656.5
122,65536,8,256,1656.19
122,65536,8,512,1656.43
122,65536,8,1024,1656.49
122,65536,8,2048,1656.75
122,65536,8,4096,1656.95
122,65536,8,8192,1657.84
122,65536,8,16384,1656.96
122,65536,8,32768,1657.83
122,65536,8,65536,1669.48
122,65536,16,16,1657.7
122,65536,16,32,1658.05
122,65536,16,64,1659.71
122,65536,16,128,1657.21
122,65536,16,256,1657.69
122,65536,16,512,1658.33
122,65536,16,1024,1657.19
122,65536,16,2048,1657.72
122,65536,16,4096,1658.47
122,65536,16,8192,1661.05
122,65536,16,16384,1658.91
122,65536,16,32768,1682.25
122,65536,16,65536,3304.29
122,65536,32,16,1657.71
122,65536,32,32,1657.65
122,65536,32,64,1658.89
122,65536,32,128,1657.97
122,65536,32,256,1658.91
122,65536,32,512,1658.71
122,65536,32,1024,1659.12
122,65536,32,2048,1658.69
122,65536,32,4096,1660.22
122,65536,32,8192,1659.82
122,65536,32,16384,1695.1
122,65536,32,32768,2487.53
122,65536,32,65536,3309.39
122,65536,64,16,1660.03
122,65536,64,32,1662.08
122,65536,64,64,1659.24
122,65536,64,128,1659.93
122,65536,64,256,1660.59
122,65536,64,512,1659.81
122,65536,64,1024,1662.81
122,65536,64,2048,1660.72
122,65536,64,4096,1660.69
122,65536,64,8192,1661.96
122,65536,64,16384,2083.28
122,65536,64,32768,2508.35
122,65536,64,65536,3351.73
122,65536,128,16,1662.99
122,65536,128,32,1663.23
122,65536,128,64,1663.22
122,65536,128,128,1662.87
122,65536,128,256,1663.98
122,65536,128,512,1664.72
122,65536,128,1024,1664.28
122,65536,128,2048,1663.77
122,65536,128,4096,1665.34
122,65536,128,8192,1884.18
122,65536,128,16384,2121.01
122,65536,128,32768,2640.18
122,65536,128,65536,3671.84
182,0,0,0,41.7712
182,0,1,16,41.7972
182,0,1,32,41.7867
182,0,1,64,41.7547
182,0,1,128,41.6907
182,0,1,256,41.8988
182,0,1,512,44.3742
182,0,1,1024,56.992
182,0,1,2048,82.5602
182,0,1,4096,133.611
182,0,1,8192,236.299
182,0,1,16384,441.355
182,0,1,32768,850.71
182,0,1,65536,1669.41
182,0,2,16,41.835
182,0,2,32,41.4938
182,0,2,64,41.8668
182,0,2,128,41.712
182,0,2,256,42.0325
182,0,2,512,44.4268
182,0,2,1024,57.2697
182,0,2,2048,82.7838
182,0,2,4096,134.202
182,0,2,8192,236.779
182,0,2,16384,441.477
182,0,2,32768,851.681
182,0,2,65536,1671.6
182,0,4,16,42.5115
182,0,4,32,42.4315
182,0,4,64,42.305
182,0,4,128,42.6718
182,0,4,256,42.2767
182,0,4,512,45.0505
182,0,4,1024,58.0535
182,0,4,2048,83.9252
182,0,4,4096,135.493
182,0,4,8192,238.443
182,0,4,16384,443.292
182,0,4,32768,852.161
182,0,4,65536,1671.45
182,0,8,16,42.5868
182,0,8,32,42.5068
182,0,8,64,42.699
182,0,8,128,42.9605
182,0,8,256,42.747
182,0,8,512,45.952
182,0,8,1024,58.8695
182,0,8,2048,85.1852
182,0,8,4096,136.522
182,0,8,8192,239.77
182,0,8,16384,444.24
182,0,8,32768,853.297
182,0,8,65536,1672.23
182,0,16,16,42.997
182,0,16,32,42.9275
182,0,16,64,44.0105
182,0,16,128,43.4298
182,0,16,256,44.0377
182,0,16,512,47.2853
182,0,16,1024,60.3148
182,0,16,2048,86.7038
182,0,16,4096,139.126
182,0,16,8192,241.792
182,0,16,16384,448.24
182,0,16,32768,860.423
182,0,16,65536,1683.03
182,0,32,16,43.702
182,0,32,32,43.834
182,0,32,64,45.056
182,0,32,128,45.2588
182,0,32,256,45.3492
182,0,32,512,47.5678
182,0,32,1024,61.9045
182,0,32,2048,88.4372
182,0,32,4096,139.675
182,0,32,8192,243.12
182,0,32,16384,450.496
182,0,32,32768,864.091
182,0,32,65536,1690.01
182,0,64,16,46.0482
182,0,64,32,46.2992
182,0,64,64,46.88
182,0,64,128,48.9545
182,0,64,256,50.4748
182,0,64,512,58.373
182,0,64,1024,66.6297
182,0,64,2048,94.7625
182,0,64,4096,148.965
182,0,64,8192,255.703
182,0,64,16384,467.569
182,0,64,32768,892.348
182,0,64,65536,1743.61
182,0,128,16,57.0668
182,0,128,32,57.6695
182,0,128,64,60.2828
182,0,128,128,63.2378
182,0,128,256,68.3205
182,0,128,512,79.237
182,0,128,1024,97.0028
182,0,128,2048,130.997
182,0,128,4096,197.178
182,0,128,8192,330.293
182,0,128,16384,610.333
182,0,128,32768,1146.96
182,0,128,65536,2219.11
182,16,0,0,43.0557
182,16,1,16,42.6503
182,16,1,32,42.816
182,16,1,64,43.152
182,16,1,128,44.8965
182,16,1,256,48.0478
182,16,1,512,54.523
182,16,1,1024,66.8112
182,16,1,2048,92.6825
182,16,1,4096,143.824
182,16,1,8192,246.166
182,16,1,16384,450.917
182,16,1,32768,860.544
182,16,1,65536,1678.23
182,16,2,16,42.7093
182,16,2,32,42.6135
182,16,2,64,43.1623
182,16,2,128,44.7733
182,16,2,256,48.2023
182,16,2,512,54.1227
182,16,2,1024,66.8377
182,16,2,2048,92.576
182,16,2,4096,143.851
182,16,2,8192,247.019
182,16,2,16384,451.809
182,16,2,32768,861.457
182,16,2,65536,1678.28
182,16,4,16,43.2535
182,16,4,32,42.9758
182,16,4,64,43.7547
182,16,4,128,45.4512
182,16,4,256,48.7995
182,16,4,512,54.9173
182,16,4,1024,68.0323
182,16,4,2048,93.8997
182,16,4,4096,145.413
182,16,4,8192,248.71
182,16,4,16384,454.064
182,16,4,32768,864.486
182,16,4,65536,1683.4
182,16,8,16,43.4023
182,16,8,32,43.4777
182,16,8,64,44.1917
182,16,8,128,45.8345
182,16,8,256,48.9543
182,16,8,512,55.4347
182,16,8,1024,68.2245
182,16,8,2048,95.1255
182,16,8,4096,147.318
182,16,8,8192,249.899
182,16,8,16384,454.561
182,16,8,32768,863.308
182,16,8,65536,1687.2
182,16,16,16,43.4988
182,16,16,32,43.6525
182,16,16,64,45.0132
182,16,16,128,46.502
182,16,16,256,49.7865
182,16,16,512,56.9118
182,16,16,1024,70.0055
182,16,16,2048,96.9595
182,16,16,4096,148.496
182,16,16,8192,250.684
182,16,16,16384,456.337
182,16,16,32768,868.999
182,16,16,65536,1691.09
182,16,32,16,44.592
182,16,32,32,44.7577
182,16,32,64,46.4158
182,16,32,128,48.4165
182,16,32,256,51.8137
182,16,32,512,59.1363
182,16,32,1024,72.8748
182,16,32,2048,98.341
182,16,32,4096,149.691
182,16,32,8192,253.765
182,16,32,16384,458.801
182,16,32,32768,870.801
182,16,32,65536,1692.42
182,16,64,16,46.2242
182,16,64,32,46.6352
182,16,64,64,48.1285
182,16,64,128,50.6138
182,16,64,256,55.6697
182,16,64,512,63.851
182,16,64,1024,77.7068
182,16,64,2048,104.512
182,16,64,4096,157.793
182,16,64,8192,265.216
182,16,64,16384,476.027
182,16,64,32768,901.126
182,16,64,65536,1746.95
182,16,128,16,58.5708
182,16,128,32,58.6558
182,16,128,64,60.9762
182,16,128,128,64.6293
182,16,128,256,70.1388
182,16,128,512,82.0382
182,16,128,1024,101.574
182,16,128,2048,134.203
182,16,128,4096,201.04
182,16,128,8192,335.254
182,16,128,16384,601.521
182,16,128,32768,1130.89
182,16,128,65536,2192.19
182,32,0,0,43.3387
182,32,1,16,43.3873
182,32,1,32,43.3283
182,32,1,64,43.8235
182,32,1,128,45.2908
182,32,1,256,48.4048
182,32,1,512,54.7202
182,32,1,1024,67.4827
182,32,1,2048,93.2053
182,32,1,4096,144.428
182,32,1,8192,246.848
182,32,1,16384,451.536
182,32,1,32768,860.817
182,32,1,65536,1679.11
182,32,2,16,43.1687
182,32,2,32,43.2955
182,32,2,64,43.9092
182,32,2,128,45.5255
182,32,2,256,48.4487
182,32,2,512,55.0025
182,32,2,1024,67.6535
182,32,2,2048,93.1943
182,32,2,4096,145.019
182,32,2,8192,247.787
182,32,2,16384,452.576
182,32,2,32768,862.743
182,32,2,65536,1679.14
182,32,4,16,43.4032
182,32,4,32,43.7548
182,32,4,64,44.501
182,32,4,128,46.0055
182,32,4,256,48.902
182,32,4,512,55.4667
182,32,4,1024,68.5387
182,32,4,2048,94.3788
182,32,4,4096,145.973
182,32,4,8192,248.992
182,32,4,16384,454.22
182,32,4,32768,862.663
182,32,4,65536,1680.47
182,32,8,16,43.7283
182,32,8,32,44.096
182,32,8,64,44.7788
182,32,8,128,46.0853
182,32,8,256,49.4183
182,32,8,512,56.0162
182,32,8,1024,69.531
182,32,8,2048,95.477
182,32,8,4096,147.687
182,32,8,8192,250.102
182,32,8,16384,453.969
182,32,8,32768,862.844
182,32,8,65536,1683.27
182,32,16,16,44.1598
182,32,16,32,44.0797
182,32,16,64,45.1308
182,32,16,128,46.5868
182,32,16,256,50.0325
182,32,16,512,56.7625
182,32,16,1024,70.379
182,32,16,2048,97.0563
182,32,16,4096,148.017
182,32,16,8192,250.88
182,32,16,16384,455.222
182,32,16,32768,865.415
182,32,16,65536,1685.79
182,32,32,16,44.9225
182,32,32,32,45.1572
182,32,32,64,46.1707
182,32,32,128,47.9627
182,32,32,256,51.5622
182,32,32,512,58.6187
182,32,32,1024,73.1198
182,32,32,2048,98.9653
182,32,32,4096,150.528
182,32,32,8192,252.731
182,32,32,16384,458.066
182,32,32,32768,867.904
182,32,32,65536,1693.79
182,32,64,16,46.571
182,32,64,32,46.6083
182,32,64,64,48.3947
182,32,64,128,50.2455
182,32,64,256,55.3762
182,32,64,512,63.3767
182,32,64,1024,78.2297
182,32,64,2048,104.779
182,32,64,4096,157.792
182,32,64,8192,262.891
182,32,64,16384,476.075
182,32,64,32768,900.038
182,32,64,65536,1750.25
182,32,128,16,58.523
182,32,128,32,59.1892
182,32,128,64,61.8085
182,32,128,128,64.0108
182,32,128,256,69.8082
182,32,128,512,81.5097
182,32,128,1024,100.389
182,32,128,2048,135.659
182,32,128,4096,200.043
182,32,128,8192,334.438
182,32,128,16384,603.851
182,32,128,32768,1136.34
182,32,128,65536,2200.46
182,64,0,0,44.6352
182,64,1,16,44.7362
182,64,1,32,44.9437
182,64,1,64,44.592
182,64,1,128,45.0775
182,64,1,256,49.1098
182,64,1,512,54.8907
182,64,1,1024,67.7817
182,64,1,2048,93.184
182,64,1,4096,144.208
182,64,1,8192,246.603
182,64,1,16384,451.755
182,64,1,32768,860.181
182,64,1,65536,1677.55
182,64,2,16,44.8055
182,64,2,32,44.8007
182,64,2,64,44.491
182,64,2,128,45.8465
182,64,2,256,48.8258
182,64,2,512,55.6203
182,64,2,1024,67.8828
182,64,2,2048,93.9255
182,64,2,4096,145.221
182,64,2,8192,248.315
182,64,2,16384,452.965
182,64,2,32768,861.468
182,64,2,65536,1678.2
182,64,4,16,45.2532
182,64,4,32,45.3552
182,64,4,64,45.0985
182,64,4,128,46.219
182,64,4,256,49.7172
182,64,4,512,56.0847
182,64,4,1024,68.7842
182,64,4,2048,94.7415
182,64,4,4096,146.262
182,64,4,8192,249.254
182,64,4,16384,454.219
182,64,4,32768,863.372
182,64,4,65536,1680.55
182,64,8,16,45.2845
182,64,8,32,45.3758
182,64,8,64,45.4502
182,64,8,128,46.5232
182,64,8,256,49.7178
182,64,8,512,56.0852
182,64,8,1024,69.4347
182,64,8,2048,95.6227
182,64,8,4096,147.729
182,64,8,8192,249.937
182,64,8,16384,454.705
182,64,8,32768,863.713
182,64,8,65536,1685.22
182,64,16,16,45.9848
182,64,16,32,46.1063
182,64,16,64,46.0697
182,64,16,128,47.1733
182,64,16,256,50.9653
182,64,16,512,57.163
182,64,16,1024,70.8263
182,64,16,2048,97.0037
182,64,16,4096,148.982
182,64,16,8192,251.35
182,64,16,16384,456.267
182,64,16,32768,864.481
182,64,16,65536,1683.36
182,64,32,16,46.8587
182,64,32,32,46.7682
182,64,32,64,47.2373
182,64,32,128,49.0887
182,64,32,256,53.1308
182,64,32,512,59.7708
182,64,32,1024,73.4932
182,64,32,2048,99.8557
182,64,32,4096,151.632
182,64,32,8192,253.569
182,64,32,16384,459.035
182,64,32,32768,870.199
182,64,32,65536,1694.11
182,64,64,16,47.8932
182,64,64,32,48.384
182,64,64,64,49.3547
182,64,64,128,51.7868
182,64,64,256,56.3355
182,64,64,512,64.3627
182,64,64,1024,78.3573
182,64,64,2048,104.965
182,64,64,4096,158.262
182,64,64,8192,263.131
182,64,64,16384,474.219
182,64,64,32768,895.345
182,64,64,65536,1734.03
182,64,128,16,59.7332
182,64,128,32,60.3732
182,64,128,64,62.8318
182,64,128,128,64.8423
182,64,128,256,70.9817
182,64,128,512,82.3312
182,64,128,1024,102.193
182,64,128,2048,135.738
182,64,128,4096,202.129
182,64,128,8192,337.319
182,64,128,16384,604.353
182,64,128,32768,1139.25
182,64,128,65536,2216.79
182,128,0,0,47.8665
182,128,1,16,47.7013
182,128,1,32,47.856
182,128,1,64,47.76
182,128,1,128,47.8772
182,128,1,256,50.2563
182,128,1,512,56.6295
182,128,1,1024,69.5577
182,128,1,2048,95.0722
182,128,1,4096,146.23
182,128,1,8192,248.56
182,128,1,16384,453.083
182,128,1,32768,862.155
182,128,1,65536,1680.19
182,128,2,16,47.7918
182,128,2,32,47.76
182,128,2,64,47.6858
182,128,2,128,47.9257
182,128,2,256,50.5277
182,128,2,512,57.019
182,128,2,1024,69.6373
182,128,2,2048,95.499
182,128,2,4096,146.656
182,128,2,8192,249.504
182,128,2,16384,454.353
182,128,2,32768,863.852
182,128,2,65536,1679.69
182,128,4,16,48.1493
182,128,4,32,48.4007
182,128,4,64,48.3842
182,128,4,128,48.2137
182,128,4,256,50.9918
182,128,4,512,57.616
182,128,4,1024,70.4057
182,128,4,2048,96.3205
182,128,4,4096,148.016
182,128,4,8192,251.339
182,128,4,16384,455.862
182,128,4,32768,864.092
182,128,4,65536,1681.1
182,128,8,16,48.5172
182,128,8,32,48.5117
182,128,8,64,48.1437
182,128,8,128,48.5922
182,128,8,256,51.2907
182,128,8,512,57.8833
182,128,8,1024,71.0558
182,128,8,2048,97.0673
182,128,8,4096,148.913
182,128,8,8192,251.76
182,128,8,16384,456.022
182,128,8,32768,864.641
182,128,8,65536,1683.01
182,128,16,16,48.8903
182,128,16,32,48.7672
182,128,16,64,49.099
182,128,16,128,49.1093
182,128,16,256,52.1172
182,128,16,512,58.8535
182,128,16,1024,72.6192
182,128,16,2048,98.5813
182,128,16,4096,150.064
182,128,16,8192,252.928
182,128,16,16384,457.281
182,128,16,32768,868.656
182,128,16,65536,1694.32
182,128,32,16,49.6855
182,128,32,32,49.9253
182,128,32,64,49.7167
182,128,32,128,50.4638
182,128,32,256,54.213
182,128,32,512,61.28
182,128,32,1024,75.1567
182,128,32,2048,101.627
182,128,32,4096,152.395
182,128,32,8192,255.024
182,128,32,16384,460.63
182,128,32,32768,869.793
182,128,32,65536,1697.11
182,128,64,16,50.918
182,128,64,32,51.2693
182,128,64,64,51.2695
182,128,64,128,53.323
182,128,64,256,57.6963
182,128,64,512,65.5575
182,128,64,1024,79.7492
182,128,64,2048,107.099
182,128,64,4096,159.376
182,128,64,8192,264.341
182,128,64,16384,474.774
182,128,64,32768,895.932
182,128,64,65536,1734.49
182,128,128,16,61.2963
182,128,128,32,62.096
182,128,128,64,64.8155
182,128,128,128,68.3085
182,128,128,256,73.4128
182,128,128,512,85.2697
182,128,128,1024,104.677
182,128,128,2048,138.833
182,128,128,4096,206.618
182,128,128,8192,339.867
182,128,128,16384,607.105
182,128,128,32768,1144.72
182,128,128,65536,2207.7
182,256,0,0,54.3038
182,256,1,16,54.1492
182,256,1,32,53.9682
182,256,1,64,54.2183
182,256,1,128,54.1015
182,256,1,256,54.3783
182,256,1,512,60.0385
182,256,1,1024,72.8055
182,256,1,2048,98.1863
182,256,1,4096,149.312
182,256,1,8192,251.744
182,256,1,16384,456.629
182,256,1,32768,866.487
182,256,1,65536,1683.25
182,256,2,16,54.2025
182,256,2,32,53.9042
182,256,2,64,54.1228
182,256,2,128,54.0853
182,256,2,256,54.2128
182,256,2,512,59.9945
182,256,2,1024,73.1683
182,256,2,2048,99.0242
182,256,2,4096,150.08
182,256,2,8192,252.794
182,256,2,16384,458.139
182,256,2,32768,866.562
182,256,2,65536,1684.01
182,256,4,16,54.56
182,256,4,32,54.6133
182,256,4,64,54.6027
182,256,4,128,54.6768
182,256,4,256,54.6613
182,256,4,512,61.0133
182,256,4,1024,73.6158
182,256,4,2048,99.7022
182,256,4,4096,151.243
182,256,4,8192,254.4
182,256,4,16384,459.366
182,256,4,32768,867.5
182,256,4,65536,1684.94
182,256,8,16,54.88
182,256,8,32,54.7255
182,256,8,64,54.768
182,256,8,128,54.8692
182,256,8,256,55.1095
182,256,8,512,61.0615
182,256,8,1024,74.3148
182,256,8,2048,100.352
182,256,8,4096,152.592
182,256,8,8192,255.364
182,256,8,16384,460.235
182,256,8,32768,868.514
182,256,8,65536,1685.83
182,256,16,16,55.4027
182,256,16,32,55.3165
182,256,16,64,55.2267
182,256,16,128,55.4075
182,256,16,256,55.7652
182,256,16,512,62.0053
182,256,16,1024,75.4828
182,256,16,2048,101.696
182,256,16,4096,153.339
182,256,16,8192,256.294
182,256,16,16384,460.768
182,256,16,32768,869.921
182,256,16,65536,1693.09
182,256,32,16,56.2033
182,256,32,32,56.214
182,256,32,64,56.298
182,256,32,128,56.6457
182,256,32,256,57.408
182,256,32,512,64.5712
182,256,32,1024,78.5388
182,256,32,2048,104.944
182,256,32,4096,156.385
182,256,32,8192,259.957
182,256,32,16384,466.785
182,256,32,32768,876.476
182,256,32,65536,1701.3
182,256,64,16,57.2483
182,256,64,32,57.787
182,256,64,64,57.8937
182,256,64,128,58.4803
182,256,64,256,61.0085
182,256,64,512,68.7577
182,256,64,1024,83.339
182,256,64,2048,109.919
182,256,64,4096,162.779
182,256,64,8192,268.576
182,256,64,16384,479.057
182,256,64,32768,898.46
182,256,64,65536,1739.52
182,256,128,16,64.1015
182,256,128,32,65.0292
182,256,128,64,68.4113
182,256,128,128,72.1598
182,256,128,256,79.067
182,256,128,512,88.9228
182,256,128,1024,110.331
182,256,128,2048,144.811
182,256,128,4096,210.582
182,256,128,8192,345.415
182,256,128,16384,613.767
182,256,128,32768,1142.9
182,256,128,65536,2219.3
182,512,0,0,66.6935
182,512,1,16,66.9013
182,512,1,32,66.976
182,512,1,64,66.8958
182,512,1,128,66.9655
182,512,1,256,66.9223
182,512,1,512,67.0347
182,512,1,1024,78.88
182,512,1,2048,105.003
182,512,1,4096,156.224
182,512,1,8192,258.31
182,512,1,16384,463.574
182,512,1,32768,872.449
182,512,1,65536,1690.06
182,512,2,16,66.7195
182,512,2,32,67.0132
182,512,2,64,66.8963
182,512,2,128,67.0297
182,512,2,256,66.8905
182,512,2,512,67.104
182,512,2,1024,79.5938
182,512,2,2048,105.307
182,512,2,4096,156.581
182,512,2,8192,259.014
182,512,2,16384,464.651
182,512,2,32768,873.128
182,512,2,65536,1690.37
182,512,4,16,67.4667
182,512,4,32,67.169
182,512,4,64,67.2585
182,512,4,128,67.5097
182,512,4,256,67.2905
182,512,4,512,67.51
182,512,4,1024,80.3252
182,512,4,2048,105.899
182,512,4,4096,157.707
182,512,4,8192,261.025
182,512,4,16384,465.19
182,512,4,32768,874.087
182,512,4,65536,1691.25
182,512,8,16,67.4717
182,512,8,32,67.4775
182,512,8,64,67.5302
182,512,8,128,67.7338
182,512,8,256,67.6055
182,512,8,512,68.1545
182,512,8,1024,80.8483
182,512,8,2048,107.073
182,512,8,4096,159.19
182,512,8,8192,261.44
182,512,8,16384,466.945
182,512,8,32768,876.449
182,512,8,65536,1697.51
182,512,16,16,68.2403
182,512,16,32,68.0692
182,512,16,64,67.8768
182,512,16,128,68.0583
182,512,16,256,68.1387
182,512,16,512,68.7897
182,512,16,1024,82.4107
182,512,16,2048,108.326
182,512,16,4096,159.979
182,512,16,8192,262.421
182,512,16,16384,466.427
182,512,16,32768,876.444
182,512,16,65536,1693.54
182,512,32,16,68.955
182,512,32,32,69.0667
182,512,32,64,69.136
182,512,32,128,69.3172
182,512,32,256,69.952
182,512,32,512,71.4018
182,512,32,1024,85.1143
182,512,32,2048,112.064
182,512,32,4096,163.531
182,512,32,8192,266.442
182,512,32,16384,471.878
182,512,32,32768,886.689
182,512,32,65536,1707.78
182,512,64,16,70.1385
182,512,64,32,70.6138
182,512,64,64,70.7093
182,512,64,128,70.752
182,512,64,256,71.3598
182,512,64,512,75.2263
182,512,64,1024,90.0322
182,512,64,2048,117.163
182,512,64,4096,169.797
182,512,64,8192,276.438
182,512,64,16384,486.198
182,512,64,32768,907.798
182,512,64,65536,1748.57
182,512,128,16,75.1528
182,512,128,32,75.2158
182,512,128,64,75.4558
182,512,128,128,77.8347
182,512,128,256,86.1065
182,512,128,512,99.7335
182,512,128,1024,120.192
182,512,128,2048,154.091
182,512,128,4096,220.629
182,512,128,8192,353.515
182,512,128,16384,622.78
182,512,128,32768,1157.72
182,512,128,65536,2232.58
182,1024,0,0,92.8587
182,1024,1,16,92.7148
182,1024,1,32,92.4847
182,1024,1,64,92.7627
182,1024,1,128,92.8057
182,1024,1,256,92.704
182,1024,1,512,92.848
182,1024,1,1024,92.7892
182,1024,1,2048,118.427
182,1024,1,4096,169.754
182,1024,1,8192,273.536
182,1024,1,16384,477.867
182,1024,1,32768,886.47
182,1024,1,65536,1702.55
182,1024,2,16,92.6503
182,1024,2,32,92.8805
182,1024,2,64,93.0507
182,1024,2,128,92.8962
182,1024,2,256,92.9437
182,1024,2,512,93.3445
182,1024,2,1024,93.2598
182,1024,2,2048,119.099
182,1024,2,4096,170.603
182,1024,2,8192,273.275
182,1024,2,16384,479.472
182,1024,2,32768,887.906
182,1024,2,65536,1702.51
182,1024,4,16,93.3442
182,1024,4,32,93.3177
182,1024,4,64,93.403
182,1024,4,128,93.3123
182,1024,4,256,93.3598
182,1024,4,512,93.3017
182,1024,4,1024,93.5678
182,1024,4,2048,120.266
182,1024,4,4096,171.451
182,1024,4,8192,274.694
182,1024,4,16384,479.249
182,1024,4,32768,888.353
182,1024,4,65536,1704.3
182,1024,8,16,93.7122
182,1024,8,32,93.7173
182,1024,8,64,93.3592
182,1024,8,128,93.6005
182,1024,8,256,93.813
182,1024,8,512,93.7698
182,1024,8,1024,94.3417
182,1024,8,2048,120.405
182,1024,8,4096,172.726
182,1024,8,8192,275.777
182,1024,8,16384,480.016
182,1024,8,32768,889.228
182,1024,8,65536,1704.3
182,1024,16,16,94.1387
182,1024,16,32,93.99
182,1024,16,64,93.7715
182,1024,16,128,94.133
182,1024,16,256,94.2302
182,1024,16,512,94.5548
182,1024,16,1024,95.68
182,1024,16,2048,122.005
182,1024,16,4096,174.518
182,1024,16,8192,276.896
182,1024,16,16384,482.342
182,1024,16,32768,891.676
182,1024,16,65536,1708.86
182,1024,32,16,94.9445
182,1024,32,32,95.5942
182,1024,32,64,95.0987
182,1024,32,128,95.2163
182,1024,32,256,95.648
182,1024,32,512,96.0755
182,1024,32,1024,98.5598
182,1024,32,2048,125.542
182,1024,32,4096,176.426
182,1024,32,8192,279.909
182,1024,32,16384,485.361
182,1024,32,32768,898.529
182,1024,32,65536,1723.73
182,1024,64,16,96.0915
182,1024,64,32,96.4108
182,1024,64,64,96.5382
182,1024,64,128,97.1148
182,1024,64,256,97.3763
182,1024,64,512,97.2267
182,1024,64,1024,102.768
182,1024,64,2048,130.758
182,1024,64,4096,183.434
182,1024,64,8192,288.593
182,1024,64,16384,500.491
182,1024,64,32768,920.849
182,1024,64,65536,1758.85
182,1024,128,16,100.699
182,1024,128,32,101.45
182,1024,128,64,101.184
182,1024,128,128,101.376
182,1024,128,256,101.995
182,1024,128,512,114.463
182,1024,128,1024,140.608
182,1024,128,2048,175.014
182,1024,128,4096,242.266
182,1024,128,8192,377.734
182,1024,128,16384,642.225
182,1024,128,32768,1179.31
182,1024,128,65536,2245.44
182,2048,0,0,145.35
182,2048,1,16,144.976
182,2048,1,32,145.184
182,2048,1,64,145.179
182,2048,1,128,145.275
182,2048,1,256,145.488
182,2048,1,512,145.462
182,2048,1,1024,145.44
182,2048,1,2048,145.606
182,2048,1,4096,196.56
182,2048,1,8192,299.403
182,2048,1,16384,504.832
182,2048,1,32768,913.111
182,2048,1,65536,1729.21
182,2048,2,16,145.302
182,2048,2,32,145.19
182,2048,2,64,144.982
182,2048,2,128,145.307
182,2048,2,256,145.339
182,2048,2,512,145.648
182,2048,2,1024,145.44
182,2048,2,2048,145.879
182,2048,2,4096,197.552
182,2048,2,8192,301.003
182,2048,2,16384,505.974
182,2048,2,32768,920.417
182,2048,2,65536,1736.33
182,2048,4,16,145.995
182,2048,4,32,145.499
182,2048,4,64,145.781
182,2048,4,128,145.888
182,2048,4,256,146.011
182,2048,4,512,145.978
182,2048,4,1024,146.203
182,2048,4,2048,146.656
182,2048,4,4096,198.779
182,2048,4,8192,301.579
182,2048,4,16384,507.174
182,2048,4,32768,916.679
182,2048,4,65536,1730.32
182,2048,8,16,145.739
182,2048,8,32,146.022
182,2048,8,64,145.884
182,2048,8,128,146.78
182,2048,8,256,146.336
182,2048,8,512,146.123
182,2048,8,1024,146.912
182,2048,8,2048,147.52
182,2048,8,4096,199.569
182,2048,8,8192,302.661
182,2048,8,16384,506.971
182,2048,8,32768,917.767
182,2048,8,65536,1733.39
182,2048,16,16,146.544
182,2048,16,32,146.485
182,2048,16,64,146.656
182,2048,16,128,146.523
182,2048,16,256,146.902
182,2048,16,512,147.184
182,2048,16,1024,147.925
182,2048,16,2048,148.656
182,2048,16,4096,200.518
182,2048,16,8192,303.457
182,2048,16,16384,508.4
182,2048,16,32768,918.891
182,2048,16,65536,1735.57
182,2048,32,16,147.355
182,2048,32,32,147.488
182,2048,32,64,147.483
182,2048,32,128,147.877
182,2048,32,256,148.331
182,2048,32,512,148.432
182,2048,32,1024,149.082
182,2048,32,2048,152.026
182,2048,32,4096,203.568
182,2048,32,8192,306.928
182,2048,32,16384,516.673
182,2048,32,32768,930.647
182,2048,32,65536,1755.03
182,2048,64,16,149.003
182,2048,64,32,148.843
182,2048,64,64,149.227
182,2048,64,128,149.771
182,2048,64,256,150.139
182,2048,64,512,150.337
182,2048,64,1024,151.553
182,2048,64,2048,156.73
182,2048,64,4096,209.712
182,2048,64,8192,314.166
182,2048,64,16384,524.598
182,2048,64,32768,950.823
182,2048,64,65536,1792.41
182,2048,128,16,154.422
182,2048,128,32,153.813
182,2048,128,64,154.177
182,2048,128,128,154.47
182,2048,128,256,154.587
182,2048,128,512,155.861
182,2048,128,1024,168.763
182,2048,128,2048,218.726
182,2048,128,4096,288.336
182,2048,128,8192,422.976
182,2048,128,16384,690.172
182,2048,128,32768,1224.45
182,2048,128,65536,2295.84
182,4096,0,0,249.077
182,4096,1,16,248.987
182,4096,1,32,249.04
182,4096,1,64,248.891
182,4096,1,128,248.854
182,4096,1,256,248.821
182,4096,1,512,249.264
182,4096,1,1024,249.178
182,4096,1,2048,248.906
182,4096,1,4096,249.899
182,4096,1,8192,352.085
182,4096,1,16384,558.145
182,4096,1,32768,967.804
182,4096,1,65536,1782.8
182,4096,2,16,249.263
182,4096,2,32,249.232
182,4096,2,64,249.371
182,4096,2,128,248.913
182,4096,2,256,248.95
182,4096,2,512,248.992
182,4096,2,1024,248.965
182,4096,2,2048,249.045
182,4096,2,4096,249.974
182,4096,2,8192,353.009
182,4096,2,16384,558.23
182,4096,2,32768,967.618
182,4096,2,65536,1784.16
182,4096,4,16,249.574
182,4096,4,32,249.345
182,4096,4,64,249.957
182,4096,4,128,250.672
182,4096,4,256,249.163
182,4096,4,512,249.478
182,4096,4,1024,249.584
182,4096,4,2048,249.808
182,4096,4,4096,250.619
182,4096,4,8192,353.936
182,4096,4,16384,558.533
182,4096,4,32768,968.39
182,4096,4,65536,1783.53
182,4096,8,16,249.195
182,4096,8,32,249.334
182,4096,8,64,249.856
182,4096,8,128,249.818
182,4096,8,256,249.808
182,4096,8,512,250.475
182,4096,8,1024,249.553
182,4096,8,2048,250.432
182,4096,8,4096,251.59
182,4096,8,8192,354.784
182,4096,8,16384,559.975
182,4096,8,32768,968.337
182,4096,8,65536,1784.95
182,4096,16,16,249.984
182,4096,16,32,250.16
182,4096,16,64,249.595
182,4096,16,128,251.292
182,4096,16,256,250.213
182,4096,16,512,250.56
182,4096,16,1024,251.104
182,4096,16,2048,251.264
182,4096,16,4096,252.704
182,4096,16,8192,355.339
182,4096,16,16384,561.718
182,4096,16,32768,970.492
182,4096,16,65536,1787.71
182,4096,32,16,250.405
182,4096,32,32,250.662
182,4096,32,64,251.739
182,4096,32,128,250.939
182,4096,32,256,251.446
182,4096,32,512,252.693
182,4096,32,1024,252.31
182,4096,32,2048,252.651
182,4096,32,4096,255.867
182,4096,32,8192,358.475
182,4096,32,16384,570.481
182,4096,32,32768,986.258
182,4096,32,65536,1813.49
182,4096,64,16,253.302
182,4096,64,32,252.208
182,4096,64,64,252.176
182,4096,64,128,252.87
182,4096,64,256,252.817
182,4096,64,512,254.021
182,4096,64,1024,253.979
182,4096,64,2048,254.694
182,4096,64,4096,261.761
182,4096,64,8192,369.675
182,4096,64,16384,581.259
182,4096,64,32768,1005.02
182,4096,64,65536,1845.89
182,4096,128,16,257.36
182,4096,128,32,256.923
182,4096,128,64,257.829
182,4096,128,128,257.126
182,4096,128,256,258.315
182,4096,128,512,259.921
182,4096,128,1024,261.531
182,4096,128,2048,274.187
182,4096,128,4096,376.433
182,4096,128,8192,513.654
182,4096,128,16384,781.019
182,4096,128,32768,1314.47
182,4096,128,65536,2386.95
182,8192,0,0,449.67
182,8192,1,16,449.851
182,8192,1,32,449.696
182,8192,1,64,449.92
182,8192,1,128,449.84
182,8192,1,256,449.761
182,8192,1,512,449.702
182,8192,1,1024,449.92
182,8192,1,2048,449.734
182,8192,1,4096,450.235
182,8192,1,8192,451.691
182,8192,1,16384,658.428
182,8192,1,32768,1067.19
182,8192,1,65536,1880.25
182,8192,2,16,449.984
182,8192,2,32,449.872
182,8192,2,64,450.054
182,8192,2,128,449.67
182,8192,2,256,449.862
182,8192,2,512,449.819
182,8192,2,1024,450.358
182,8192,2,2048,450.742
182,8192,2,4096,450.46
182,8192,2,8192,454.379
182,8192,2,16384,657.921
182,8192,2,32768,1067.04
182,8192,2,65536,1880.59
182,8192,4,16,450.086
182,8192,4,32,450.166
182,8192,4,64,450.017
182,8192,4,128,450.075
182,8192,4,256,451.446
182,8192,4,512,452.183
182,8192,4,1024,451.041
182,8192,4,2048,450.443
182,8192,4,4096,450.917
182,8192,4,8192,453.488
182,8192,4,16384,659.222
182,8192,4,32768,1068.97
182,8192,4,65536,1884.56
182,8192,8,16,451.548
182,8192,8,32,450.262
182,8192,8,64,450.081
182,8192,8,128,450.438
182,8192,8,256,450.417
182,8192,8,512,452.24
182,8192,8,1024,451.057
182,8192,8,2048,451.451
182,8192,8,4096,452.017
182,8192,8,8192,454.24
182,8192,8,16384,659.83
182,8192,8,32768,1068.33
182,8192,8,65536,1884.57
182,8192,16,16,451.26
182,8192,16,32,450.566
182,8192,16,64,452.955
182,8192,16,128,451.313
182,8192,16,256,451.185
182,8192,16,512,451.696
182,8192,16,1024,451.835
182,8192,16,2048,452.054
182,8192,16,4096,452.406
182,8192,16,8192,455.905
182,8192,16,16384,660.86
182,8192,16,32768,1072.4
182,8192,16,65536,1898.66
182,8192,32,16,451.611
182,8192,32,32,452.801
182,8192,32,64,452.086
182,8192,32,128,452.427
182,8192,32,256,452.923
182,8192,32,512,453.249
182,8192,32,1024,453.99
182,8192,32,2048,452.832
182,8192,32,4096,453.078
182,8192,32,8192,461.846
182,8192,32,16384,673.222
182,8192,32,32768,1081.94
182,8192,32,65536,1923.11
182,8192,64,16,454.341
182,8192,64,32,453.67
182,8192,64,64,453.861
182,8192,64,128,453.958
182,8192,64,256,455.061
182,8192,64,512,455.381
182,8192,64,1024,457.334
182,8192,64,2048,455.281
182,8192,64,4096,455.825
182,8192,64,8192,467.728
182,8192,64,16384,680.327
182,8192,64,32768,1106.64
182,8192,64,65536,1957.48
182,8192,128,16,458.15
182,8192,128,32,459.099
182,8192,128,64,460.204
182,8192,128,128,459.745
182,8192,128,256,460.049
182,8192,128,512,460.224
182,8192,128,1024,461.478
182,8192,128,2048,461.734
182,8192,128,4096,478.902
182,8192,128,8192,685.707
182,8192,128,16384,955.596
182,8192,128,32768,1491.6
182,8192,128,65536,2557.31
182,16384,0,0,855.687
182,16384,1,16,855.356
182,16384,1,32,855.793
182,16384,1,64,857.062
182,16384,1,128,855.878
182,16384,1,256,855.527
182,16384,1,512,856.966
182,16384,1,1024,855.681
182,16384,1,2048,856.748
182,16384,1,4096,855.745
182,16384,1,8192,858.742
182,16384,1,16384,859.713
182,16384,1,32768,1267.15
182,16384,1,65536,2083.95
182,16384,2,16,857.18
182,16384,2,32,855.874
182,16384,2,64,856.183
182,16384,2,128,855.516
182,16384,2,256,856.252
182,16384,2,512,855.922
182,16384,2,1024,856.689
182,16384,2,2048,855.884
182,16384,2,4096,856.737
182,16384,2,8192,856.704
182,16384,2,16384,859.985
182,16384,2,32768,1268.72
182,16384,2,65536,2084.51
182,16384,4,16,856.47
182,16384,4,32,856.774
182,16384,4,64,857.612
182,16384,4,128,858.61
182,16384,4,256,856.556
182,16384,4,512,856.289
182,16384,4,1024,857.666
182,16384,4,2048,856.801
182,16384,4,4096,857.932
182,16384,4,8192,857.265
182,16384,4,16384,860.464
182,16384,4,32768,1274.58
182,16384,4,65536,2085.99
182,16384,8,16,856.177
182,16384,8,32,856.647
182,16384,8,64,856.161
182,16384,8,128,856.61
182,16384,8,256,858.956
182,16384,8,512,857.628
182,16384,8,1024,857.078
182,16384,8,2048,859.661
182,16384,8,4096,858.161
182,16384,8,8192,858.097
182,16384,8,16384,861.511
182,16384,8,32768,1272.15
182,16384,8,65536,2087.13
182,16384,16,16,857.297
182,16384,16,32,857.425
182,16384,16,64,858.011
182,16384,16,128,858.124
182,16384,16,256,858.828
182,16384,16,512,859.003
182,16384,16,1024,857.601
182,16384,16,2048,858.071
182,16384,16,4096,858.726
182,16384,16,8192,858.747
182,16384,16,16384,863.585
182,16384,16,32768,1277.03
182,16384,16,65536,2090.98
182,16384,32,16,860.364
182,16384,32,32,858.913
182,16384,32,64,858.903
182,16384,32,128,859.937
182,16384,32,256,858.481
182,16384,32,512,858.843
182,16384,32,1024,859.174
182,16384,32,2048,859.777
182,16384,32,4096,859.105
182,16384,32,8192,858.588
182,16384,32,16384,872.966
182,16384,32,32768,1286.99
182,16384,32,65536,2111.53
182,16384,64,16,860.64
182,16384,64,32,865.01
182,16384,64,64,860.06
182,16384,64,128,860.3
182,16384,64,256,860.279
182,16384,64,512,860.705
182,16384,64,1024,860.972
182,16384,64,2048,861.137
182,16384,64,4096,862.305
182,16384,64,8192,862.321
182,16384,64,16384,888.684
182,16384,64,32768,1310.58
182,16384,64,65536,2155.93
182,16384,128,16,866.615
182,16384,128,32,865.308
182,16384,128,64,864.39
182,16384,128,128,864.385
182,16384,128,256,864.769
182,16384,128,512,869.345
182,16384,128,1024,866.235
182,16384,128,2048,867.612
182,16384,128,4096,870.412
182,16384,128,8192,897.799
182,16384,128,16384,1312.85
182,16384,128,32768,1847.19
182,16384,128,65536,2921.13
182,32768,0,0,1668.42
182,32768,1,16,1667.8
182,32768,1,32,1669.02
182,32768,1,64,1668.95
182,32768,1,128,1668.54
182,32768,1,256,1668.87
182,32768,1,512,1668.04
182,32768,1,1024,1668.05
182,32768,1,2048,1670.05
182,32768,1,4096,1668.95
182,32768,1,8192,1668.4
182,32768,1,16384,1668.53
182,32768,1,32768,1672.73
182,32768,1,65536,2490.74
182,32768,2,16,1669.26
182,32768,2,32,1668.77
182,32768,2,64,1668.54
182,32768,2,128,1668.49
182,32768,2,256,1668.5
182,32768,2,512,1668.56
182,32768,2,1024,1668.84
182,32768,2,2048,1669.2
182,32768,2,4096,1669.61
182,32768,2,8192,1668.91
182,32768,2,16384,1668.66
182,32768,2,32768,1675.55
182,32768,2,65536,2491.83
182,32768,4,16,1669.06
182,32768,4,32,1671.53
182,32768,4,64,1669.11
182,32768,4,128,1669.55
182,32768,4,256,1669.1
182,32768,4,512,1669.67
182,32768,4,1024,1669.36
182,32768,4,2048,1669.53
182,32768,4,4096,1669.71
182,32768,4,8192,1669.94
182,32768,4,16384,1670.1
182,32768,4,32768,1674.68
182,32768,4,65536,2493.8
182,32768,8,16,1669.38
182,32768,8,32,1668.89
182,32768,8,64,1668.75
182,32768,8,128,1669.46
182,32768,8,256,1669.79
182,32768,8,512,1669.23
182,32768,8,1024,1670.18
182,32768,8,2048,1669.64
182,32768,8,4096,1669.13
182,32768,8,8192,1670.31
182,32768,8,16384,1669.58
182,32768,8,32768,1676.7
182,32768,8,65536,2492.58
182,32768,16,16,1669.4
182,32768,16,32,1670.3
182,32768,16,64,1669.75
182,32768,16,128,1670.72
182,32768,16,256,1669.63
182,32768,16,512,1673.59
182,32768,16,1024,1672.32
182,32768,16,2048,1672.62
182,32768,16,4096,1669.47
182,32768,16,8192,1670.17
182,32768,16,16384,1673.24
182,32768,16,32768,1676.33
182,32768,16,65536,2500.79
182,32768,32,16,1671.62
182,32768,32,32,1670.62
182,32768,32,64,1671.07
182,32768,32,128,1671.11
182,32768,32,256,1671.29
182,32768,32,512,1670.96
182,32768,32,1024,1671.3
182,32768,32,2048,1670.53
182,32768,32,4096,1671.24
182,32768,32,8192,1671.29
182,32768,32,16384,1671.61
182,32768,32,32768,1679.91
182,32768,32,65536,2507.23
182,32768,64,16,1671.97
182,32768,64,32,1672.55
182,32768,64,64,1672.94
182,32768,64,128,1673.46
182,32768,64,256,1673.53
182,32768,64,512,1672.9
182,32768,64,1024,1673.42
182,32768,64,2048,1673.86
182,32768,64,4096,1678.11
182,32768,64,8192,1676.55
182,32768,64,16384,1678.53
182,32768,64,32768,1714.08
182,32768,64,65536,2563.7
182,32768,128,16,1678.38
182,32768,128,32,1678.42
182,32768,128,64,1677.17
182,32768,128,128,1676.91
182,32768,128,256,1679.08
182,32768,128,512,1678.31
182,32768,128,1024,1678.95
182,32768,128,2048,1680.95
182,32768,128,4096,1683.58
182,32768,128,8192,1689.74
182,32768,128,16384,1751.32
182,32768,128,32768,2563.53
182,32768,128,65536,3630.64
182,65536,0,0,3292.09
182,65536,1,16,3293.57
182,65536,1,32,3294.63
182,65536,1,64,3293.41
182,65536,1,128,3292.62
182,65536,1,256,3293.33
182,65536,1,512,3292.84
182,65536,1,1024,3294.27
182,65536,1,2048,3292.22
182,65536,1,4096,3293.73
182,65536,1,8192,3291.38
182,65536,1,16384,3292.99
182,65536,1,32768,3293.96
182,65536,1,65536,3302.94
182,65536,2,16,3292.12
182,65536,2,32,3293.24
182,65536,2,64,3292.98
182,65536,2,128,3292.58
182,65536,2,256,3292.27
182,65536,2,512,3296.7
182,65536,2,1024,3292.97
182,65536,2,2048,3295.01
182,65536,2,4096,3293.59
182,65536,2,8192,3293.76
182,65536,2,16384,3292.83
182,65536,2,32768,3292.95
182,65536,2,65536,3302.52
182,65536,4,16,3293.86
182,65536,4,32,3298.19
182,65536,4,64,3293.71
182,65536,4,128,3293.27
182,65536,4,256,3297.51
182,65536,4,512,3293.23
182,65536,4,1024,3293.88
182,65536,4,2048,3293.5
182,65536,4,4096,3293.96
182,65536,4,8192,3296.98
182,65536,4,16384,3294.42
182,65536,4,32768,3294.06
182,65536,4,65536,3305.79
182,65536,8,16,3293.77
182,65536,8,32,3293.77
182,65536,8,64,3295.04
182,65536,8,128,3293.74
182,65536,8,256,3294.71
182,65536,8,512,3298.73
182,65536,8,1024,3293.59
182,65536,8,2048,3293.68
182,65536,8,4096,3293.28
182,65536,8,8192,3294.12
182,65536,8,16384,3294.51
182,65536,8,32768,3293.81
182,65536,8,65536,3305.33
182,65536,16,16,3293.79
182,65536,16,32,3294.3
182,65536,16,64,3294.33
182,65536,16,128,3295.34
182,65536,16,256,3293.78
182,65536,16,512,3294.66
182,65536,16,1024,3296.14
182,65536,16,2048,3300.11
182,65536,16,4096,3298.54
182,65536,16,8192,3295.85
182,65536,16,16384,3297.49
182,65536,16,32768,3297.98
182,65536,16,65536,3313.48
182,65536,32,16,3296.05
182,65536,32,32,3295.15
182,65536,32,64,3295.68
182,65536,32,128,3298.08
182,65536,32,256,3295.51
182,65536,32,512,3295.09
182,65536,32,1024,3295.89
182,65536,32,2048,3295.98
182,65536,32,4096,3297.23
182,65536,32,8192,3296.12
182,65536,32,16384,3296.24
182,65536,32,32768,3300.56
182,65536,32,65536,3320.22
182,65536,64,16,3297.01
182,65536,64,32,3297.81
182,65536,64,64,3297
182,65536,64,128,3297.4
182,65536,64,256,3300.27
182,65536,64,512,3296.74
182,65536,64,1024,3296.73
182,65536,64,2048,3298.13
182,65536,64,4096,3298.62
182,65536,64,8192,3299.57
182,65536,64,16384,3305.19
182,65536,64,32768,3307.82
182,65536,64,65536,3372.5
182,65536,128,16,3304.05
182,65536,128,32,3301.11
182,65536,128,64,3300.8
182,65536,128,128,3302.53
182,65536,128,256,3301.2
182,65536,128,512,3305.51
182,65536,128,1024,3307.06
182,65536,128,2048,3308.25
182,65536,128,4096,3310.12
182,65536,128,8192,3315.73
182,65536,128,16384,3337.08
182,65536,128,32768,3422.35
182,65536,128,65536,5107.85
273,0,0,0,56.5922
273,0,1,16,57.1477
273,0,1,32,56.6347
273,0,1,64,56.3308
273,0,1,128,56.6887
273,0,1,256,56.3947
273,0,1,512,57.2323
273,0,1,1024,61.1733
273,0,1,2048,87.3068
273,0,1,4096,138.379
273,0,1,8192,240.544
273,0,1,16384,445.366
273,0,1,32768,855.052
273,0,1,65536,1675.11
273,0,2,16,56.8265
273,0,2,32,56.6513
273,0,2,64,56.7307
273,0,2,128,56.7792
273,0,2,256,56.7897
273,0,2,512,57.0502
273,0,2,1024,61.681
273,0,2,2048,87.1312
273,0,2,4096,138.911
273,0,2,8192,241.531
273,0,2,16384,447.889
273,0,2,32768,860.225
273,0,2,65536,1677.76
273,0,4,16,56.8905
273,0,4,32,56.8695
273,0,4,64,56.731
273,0,4,128,56.8855
273,0,4,256,57.1315
273,0,4,512,57.5732
273,0,4,1024,62.3095
273,0,4,2048,87.936
273,0,4,4096,140.325
273,0,4,8192,243.35
273,0,4,16384,448.011
273,0,4,32768,857.382
273,0,4,65536,1675.57
273,0,8,16,57.264
273,0,8,32,57.4188
273,0,8,64,57.3497
273,0,8,128,57.632
273,0,8,256,58.1812
273,0,8,512,58.8423
273,0,8,1024,63.0082
273,0,8,2048,89.1147
273,0,8,4096,141.333
273,0,8,8192,244.619
273,0,8,16384,448.769
273,0,8,32768,858.914
273,0,8,65536,1684.66
273,0,16,16,57.9787
273,0,16,32,57.6748
273,0,16,64,58.4862
273,0,16,128,58.9548
273,0,16,256,59.5995
273,0,16,512,60.1278
273,0,16,1024,64.5118
273,0,16,2048,91.6912
273,0,16,4096,144.203
273,0,16,8192,248.134
273,0,16,16384,453.366
273,0,16,32768,865.388
273,0,16,65536,1687.91
273,0,32,16,59.8937
273,0,32,32,59.7765
273,0,32,64,59.9525
273,0,32,128,61.1257
273,0,32,256,61.4242
273,0,32,512,63.0407
273,0,32,1024,67.6048
273,0,32,2048,95.4302
273,0,32,4096,147.792
273,0,32,8192,250.961
273,0,32,16384,457.623
273,0,32,32768,870.375
273,0,32,65536,1697.51
273,0,64,16,61.5573
273,0,64,32,61.8232
273,0,64,64,62.5115
273,0,64,128,65.216
273,0,64,256,66.6618
273,0,64,512,71.9733
273,0,64,1024,79.264
273,0,64,2048,102.539
273,0,64,4096,157.179
273,0,64,8192,262.245
273,0,64,16384,474.256
273,0,64,32768,904.262
273,0,64,65536,1749.46
273,0,128,16,73.3545
273,0,128,32,73.7443
273,0,128,64,76.4857
273,0,128,128,79.7225
273,0,128,256,84.7093
273,0,128,512,93.4662
273,0,128,1024,111.484
273,0,128,2048,140.747
273,0,128,4096,207.873
273,0,128,8192,342.192
273,0,128,16384,611.025
273,0,128,32768,1168.42
273,0,128,65536,2236.47
273,16,0,0,57.467
273,16,1,16,57.8985
273,16,1,32,57.7918
273,16,1,64,59.0563
273,16,1,128,59.4302
273,16,1,256,63.4665
273,16,1,512,69.8032
273,16,1,1024,82.2082
273,16,1,2048,108.32
273,16,1,4096,159.755
273,16,1,8192,262.075
273,16,1,16384,467.248
273,16,1,32768,875.804
273,16,1,65536,1692.6
273,16,2,16,57.5948
273,16,2,32,57.5898
273,16,2,64,58.731
273,16,2,128,60.56
273,16,2,256,63.7758
273,16,2,512,70.1612
273,16,2,1024,82.6505
273,16,2,2048,109.067
273,16,2,4096,160.197
273,16,2,8192,263.115
273,16,2,16384,468.721
273,16,2,32768,877.81
273,16,2,65536,1696.42
273,16,4,16,57.8187
273,16,4,32,57.8672
273,16,4,64,59.1048
273,16,4,128,60.9337
273,16,4,256,63.7493
273,16,4,512,70.2617
273,16,4,1024,83.4078
273,16,4,2048,109.952
273,16,4,4096,161.904
273,16,4,8192,265.083
273,16,4,16384,469.286
273,16,4,32768,878.038
273,16,4,65536,1695.88
273,16,8,16,58.704
273,16,8,32,58.4482
273,16,8,64,59.979
273,16,8,128,61.9787
273,16,8,256,64.752
273,16,8,512,71.3113
273,16,8,1024,84.5982
273,16,8,2048,111.504
273,16,8,4096,163.697
273,16,8,8192,266.219
273,16,8,16384,469.782
273,16,8,32768,878.837
273,16,8,65536,1697.16
273,16,16,16,59.568
273,16,16,32,59.7652
273,16,16,64,61.0667
273,16,16,128,62.5922
273,16,16,256,66.1758
273,16,16,512,73.0992
273,16,16,1024,86.4053
273,16,16,2048,113.675
273,16,16,4096,164.325
273,16,16,8192,266.427
273,16,16,16384,471.467
273,16,16,32768,884.038
273,16,16,65536,1707.03
273,16,32,16,61.232
273,16,32,32,61.3065
273,16,32,64,63.0237
273,16,32,128,64.4368
273,16,32,256,68.491
273,16,32,512,75.7655
273,16,32,1024,89.9412
273,16,32,2048,115.648
273,16,32,4096,166.507
273,16,32,8192,270.32
273,16,32,16384,474.699
273,16,32,32768,884.06
273,16,32,65536,1707.27
273,16,64,16,62.5973
273,16,64,32,62.7573
273,16,64,64,64.9655
273,16,64,128,67.056
273,16,64,256,72.0483
273,16,64,512,79.8512
273,16,64,1024,93.8405
273,16,64,2048,120.427
273,16,64,4096,173.499
273,16,64,8192,277.132
273,16,64,16384,486.789
273,16,64,32768,909.537
273,16,64,65536,1752.83
273,16,128,16,74.1875
273,16,128,32,75.2902
273,16,128,64,77.0617
273,16,128,128,78.6772
273,16,128,256,85.7495
273,16,128,512,98.2562
273,16,128,1024,118.091
273,16,128,2048,149.526
273,16,128,4096,215.578
273,16,128,8192,349.27
273,16,128,16384,614.449
273,16,128,32768,1144.29
273,16,128,65536,2203.94
273,32,0,0,57.7757
273,32,1,16,58.1277
273,32,1,32,58.4803
273,32,1,64,59.3332
273,32,1,128,61.0245
273,32,1,256,63.3922
273,32,1,512,70.4322
273,32,1,1024,82.9863
273,32,1,2048,109.009
273,32,1,4096,160.165
273,32,1,8192,262.496
273,32,1,16384,467.893
273,32,1,32768,876.166
273,32,1,65536,1695.8
273,32,2,16,57.9088
273,32,2,32,58.1175
273,32,2,64,59.4827
273,32,2,128,61.1465
273,32,2,256,63.8402
273,32,2,512,70.7583
273,32,2,1024,83.1578
273,32,2,2048,109.05
273,32,2,4096,161.382
273,32,2,8192,263.963
273,32,2,16384,468.923
273,32,2,32768,877.553
273,32,2,65536,1693.57
273,32,4,16,58.1867
273,32,4,32,58.5973
273,32,4,64,59.6107
273,32,4,128,61.3438
273,32,4,256,64.709
273,32,4,512,70.9118
273,32,4,1024,83.9205
273,32,4,2048,109.851
273,32,4,4096,162.118
273,32,4,8192,265.793
273,32,4,16384,469.547
273,32,4,32768,878.897
273,32,4,65536,1694.57
273,32,8,16,58.7195
273,32,8,32,59.1783
273,32,8,64,60.4317
273,32,8,128,61.888
273,32,8,256,65.4502
273,32,8,512,71.6912
273,32,8,1024,85.5203
273,32,8,2048,111.312
273,32,8,4096,163.531
273,32,8,8192,266.054
273,32,8,16384,470.522
273,32,8,32768,879.206
273,32,8,65536,1696.98
273,32,16,16,59.8937
273,32,16,32,59.9413
273,32,16,64,62.043
273,32,16,128,63.1038
273,32,16,256,66.3728
273,32,16,512,73.4282
273,32,16,1024,86.9067
273,32,16,2048,113.606
273,32,16,4096,164.245
273,32,16,8192,266.976
273,32,16,16384,471.777
273,32,16,32768,880.529
273,32,16,65536,1700.67
273,32,32,16,61.6
273,32,32,32,61.808
273,32,32,64,63.296
273,32,32,128,64.864
273,32,32,256,68.5385
273,32,32,512,76.0262
273,32,32,1024,90.3312
273,32,32,2048,115.718
273,32,32,4096,167.136
273,32,32,8192,271.136
273,32,32,16384,474.587
273,32,32,32768,886.406
273,32,32,65536,1712.67
273,32,64,16,63.0247
273,32,64,32,64.0535
273,32,64,64,65.675
273,32,64,128,67.7705
273,32,64,256,72.3573
273,32,64,512,80.4535
273,32,64,1024,94.1292
273,32,64,2048,120.469
273,32,64,4096,173.232
273,32,64,8192,278.651
273,32,64,16384,489.201
273,32,64,32768,913.659
273,32,64,65536,1758.24
273,32,128,16,75.0293
273,32,128,32,75.739
273,32,128,64,78.5335
273,32,128,128,80.656
273,32,128,256,87.7868
273,32,128,512,99.1997
273,32,128,1024,117.632
273,32,128,2048,151.547
273,32,128,4096,217.989
273,32,128,8192,351.916
273,32,128,16384,615.446
273,32,128,32768,1145.79
273,32,128,65536,2206.17
273,64,0,0,61.2322
273,64,1,16,61.3332
273,64,1,32,61.3543
273,64,1,64,61.3818
273,64,1,128,62.245
273,64,1,256,65.6162
273,64,1,512,71.6052
273,64,1,1024,85.0455
273,64,1,2048,110.118
273,64,1,4096,161.77
273,64,1,8192,264.47
273,64,1,16384,469.579
273,64,1,32768,880.039
273,64,1,65536,1698.43
273,64,2,16,61.195
273,64,2,32,61.355
273,64,2,64,61.4512
273,64,2,128,62.6132
273,64,2,256,65.7488
273,64,2,512,72.0697
273,64,2,1024,85.169
273,64,2,2048,110.779
273,64,2,4096,162.778
273,64,2,8192,266.091
273,64,2,16384,471.329
273,64,2,32768,879.403
273,64,2,65536,1696.62
273,64,4,16,61.4818
273,64,4,32,61.4398
273,64,4,64,61.632
273,64,4,128,62.8375
273,64,4,256,65.9843
273,64,4,512,72.5922
273,64,4,1024,85.8078
273,64,4,2048,112.075
273,64,4,4096,164.059
273,64,4,8192,267.152
273,64,4,16384,471.579
273,64,4,32768,879.202
273,64,4,65536,1697.62
273,64,8,16,61.792
273,64,8,32,62.011
273,64,8,64,61.9835
273,64,8,128,63.6217
273,64,8,256,66.673
273,64,8,512,73.4983
273,64,8,1024,86.976
273,64,8,2048,113.237
273,64,8,4096,165.888
273,64,8,8192,268.134
273,64,8,16384,471.979
273,64,8,32768,880.791
273,64,8,65536,1701.67
273,64,16,16,63.1795
273,64,16,32,63.5307
273,64,16,64,63.728
273,64,16,128,65.163
273,64,16,256,68.0743
273,64,16,512,75.3222
273,64,16,1024,88.9223
273,64,16,2048,115.579
273,64,16,4096,166.811
273,64,16,8192,269.424
273,64,16,16384,475.019
273,64,16,32768,885.286
273,64,16,65536,1706.88
273,64,32,16,64.9703
273,64,32,32,64.944
273,64,32,64,64.8805
273,64,32,128,66.6453
273,64,32,256,70.6507
273,64,32,512,77.5528
273,64,32,1024,91.7283
273,64,32,2048,117.584
273,64,32,4096,169.659
273,64,32,8192,272.048
273,64,32,16384,477.532
273,64,32,32768,886.603
273,64,32,65536,1710.25
273,64,64,16,66.283
273,64,64,32,67.1417
273,64,64,64,67.1257
273,64,64,128,69.2373
273,64,64,256,73.9737
273,64,64,512,82.021
273,64,64,1024,96.3303
273,64,64,2048,122.832
273,64,64,4096,175.339
273,64,64,8192,280.512
273,64,64,16384,490.486
273,64,64,32768,912.662
273,64,64,65536,1755.63
273,64,128,16,77.0823
273,64,128,32,77.8293
273,64,128,64,80.3463
273,64,128,128,83.5893
273,64,128,256,90.0005
273,64,128,512,102.384
273,64,128,1024,121.568
273,64,128,2048,154.917
273,64,128,4096,221.056
273,64,128,8192,353.175
273,64,128,16384,623.573
273,64,128,32768,1151.21
273,64,128,65536,2208.72
273,128,0,0,65.4083
273,128,1,16,65.7495
273,128,1,32,65.9362
273,128,1,64,66.3203
273,128,1,128,66.2453
273,128,1,256,68.4802
273,128,1,512,75.4655
273,128,1,1024,87.6478
273,128,1,2048,113.482
273,128,1,4096,164.625
273,128,1,8192,267.441
273,128,1,16384,472.342
273,128,1,32768,882.668
273,128,1,65536,1699
273,128,2,16,65.9947
273,128,2,32,65.488
273,128,2,64,65.6533
273,128,2,128,65.9785
273,128,2,256,68.8167
273,128,2,512,75.2268
273,128,2,1024,88.1977
273,128,2,2048,113.718
273,128,2,4096,165.333
273,128,2,8192,268.911
273,128,2,16384,473.894
273,128,2,32768,882.358
273,128,2,65536,1698.89
273,128,4,16,65.6807
273,128,4,32,65.8673
273,128,4,64,66.0637
273,128,4,128,66.0642
273,128,4,256,68.9762
273,128,4,512,75.4823
273,128,4,1024,89.0297
273,128,4,2048,114.977
273,128,4,4096,166.763
273,128,4,8192,269.926
273,128,4,16384,474.155
273,128,4,32768,883.259
273,128,4,65536,1700.92
273,128,8,16,66.2622
273,128,8,32,66.1977
273,128,8,64,66.437
273,128,8,128,66.8107
273,128,8,256,69.8402
273,128,8,512,76.491
273,128,8,1024,89.616
273,128,8,2048,116.497
273,128,8,4096,168.321
273,128,8,8192,270.72
273,128,8,16384,475.937
273,128,8,32768,885.553
273,128,8,65536,1702.42
273,128,16,16,67.5413
273,128,16,32,67.4885
273,128,16,64,67.6373
273,128,16,128,67.7977
273,128,16,256,71.2902
273,128,16,512,78.3468
273,128,16,1024,91.8777
273,128,16,2048,118.342
273,128,16,4096,169.574
273,128,16,8192,271.851
273,128,16,16384,476.39
273,128,16,32768,887.201
273,128,16,65536,1706.27
273,128,32,16,68.6987
273,128,32,32,69.0085
273,128,32,64,69.3118
273,128,32,128,70.1868
273,128,32,256,73.557
273,128,32,512,81.3178
273,128,32,1024,94.966
273,128,32,2048,121.115
273,128,32,4096,173.168
273,128,32,8192,276.305
273,128,32,16384,480.667
273,128,32,32768,891.388
273,128,32,65536,1713.07
273,128,64,16,70.8915
273,128,64,32,70.7522
273,128,64,64,70.8798
273,128,64,128,72.1283
273,128,64,256,77.1785
273,128,64,512,85.0938
273,128,64,1024,99.5037
273,128,64,2048,126.378
273,128,64,4096,179.269
273,128,64,8192,285.051
273,128,64,16384,496.14
273,128,64,32768,920.225
273,128,64,65536,1768.75
273,128,128,16,80.2613
273,128,128,32,81.0983
273,128,128,64,84.0485
273,128,128,128,87.3598
273,128,128,256,95.2107
273,128,128,512,107.046
273,128,128,1024,125.59
273,128,128,2048,158.438
273,128,128,4096,224.693
273,128,128,8192,354.875
273,128,128,16384,621.105
273,128,128,32768,1152.27
273,128,128,65536,2225.46
273,256,0,0,75.2377
273,256,1,16,76.0105
273,256,1,32,75.7545
273,256,1,64,75.9313
273,256,1,128,75.6377
273,256,1,256,75.1092
273,256,1,512,82.3792
273,256,1,1024,94.5125
273,256,1,2048,119.606
273,256,1,4096,171.285
273,256,1,8192,274.326
273,256,1,16384,478.875
273,256,1,32768,888.118
273,256,1,65536,1710.39
273,256,2,16,75.3492
273,256,2,32,75.5522
273,256,2,64,75.4295
273,256,2,128,75.2478
273,256,2,256,75.3653
273,256,2,512,81.5735
273,256,2,1024,94.2942
273,256,2,2048,120.283
273,256,2,4096,171.793
273,256,2,8192,275.274
273,256,2,16384,480.219
273,256,2,32768,889.228
273,256,2,65536,1706.02
273,256,4,16,75.4238
273,256,4,32,75.536
273,256,4,64,75.3867
273,256,4,128,75.7488
273,256,4,256,75.578
273,256,4,512,82.14
273,256,4,1024,95.0987
273,256,4,2048,121.45
273,256,4,4096,173.323
273,256,4,8192,276.166
273,256,4,16384,481.361
273,256,4,32768,890.459
273,256,4,65536,1707.27
273,256,8,16,76.2773
273,256,8,32,75.984
273,256,8,64,76.2607
273,256,8,128,76.5338
273,256,8,256,76.2558
273,256,8,512,82.981
273,256,8,1024,96.4055
273,256,8,2048,123.211
273,256,8,4096,175.627
273,256,8,8192,278.522
273,256,8,16384,482.923
273,256,8,32768,891.932
273,256,8,65536,1715.31
273,256,16,16,77.1468
273,256,16,32,77.1412
273,256,16,64,77.2855
273,256,16,128,77.1518
273,256,16,256,77.7658
273,256,16,512,84.5117
273,256,16,1024,97.9998
273,256,16,2048,125.051
273,256,16,4096,176.528
273,256,16,8192,278.55
273,256,16,16384,484.336
273,256,16,32768,893.707
273,256,16,65536,1721.61
273,256,32,16,78.5867
273,256,32,32,78.4428
273,256,32,64,78.9232
273,256,32,128,78.9058
273,256,32,256,80.0432
273,256,32,512,87.1203
273,256,32,1024,101.739
273,256,32,2048,127.654
273,256,32,4096,179.69
273,256,32,8192,282.678
273,256,32,16384,488.998
273,256,32,32768,899.511
273,256,32,65536,1723.63
273,256,64,16,80.8803
273,256,64,32,80.2877
273,256,64,64,80.4853
273,256,64,128,81.0397
273,256,64,256,83.9847
273,256,64,512,91.5362
273,256,64,1024,106.613
273,256,64,2048,132.912
273,256,64,4096,185.924
273,256,64,8192,291.664
273,256,64,16384,503.025
273,256,64,32768,926.625
273,256,64,65536,1774.42
273,256,128,16,86.549
273,256,128,32,87.4292
273,256,128,64,90.6078
273,256,128,128,94.2347
273,256,128,256,102.736
273,256,128,512,116.73
273,256,128,1024,136.196
273,256,128,2048,167.877
273,256,128,4096,233.749
273,256,128,8192,363.825
273,256,128,16384,632.918
273,256,128,32768,1166.97
273,256,128,65536,2237.98
273,512,0,0,94.5977
273,512,1,16,95.3075
273,512,1,32,94.998
273,512,1,64,94.9758
273,512,1,128,94.8593
273,512,1,256,95.0132
273,512,1,512,94.6778
273,512,1,1024,107.653
273,512,1,2048,133.265
273,512,1,4096,184.539
273,512,1,8192,287.344
273,512,1,16384,492.593
273,512,1,32768,901.35
273,512,1,65536,1719.18
273,512,2,16,95.1842
273,512,2,32,94.9708
273,512,2,64,94.7997
273,512,2,128,94.7365
273,512,2,256,94.6345
273,512,2,512,95.0563
273,512,2,1024,107.739
273,512,2,2048,134.449
273,512,2,4096,185.691
273,512,2,8192,288.859
273,512,2,16384,493.617
273,512,2,32768,904.321
273,512,2,65536,1719.43
273,512,4,16,94.981
273,512,4,32,95.0293
273,512,4,64,94.88
273,512,4,128,95.0877
273,512,4,256,95.1468
273,512,4,512,95.072
273,512,4,1024,108.571
273,512,4,2048,135.072
273,512,4,4096,186.741
273,512,4,8192,289.883
273,512,4,16384,494.683
273,512,4,32768,904.268
273,512,4,65536,1719.39
273,512,8,16,95.4987
273,512,8,32,95.4827
273,512,8,64,95.451
273,512,8,128,95.4877
273,512,8,256,96.0107
273,512,8,512,96.4477
273,512,8,1024,109.653
273,512,8,2048,136.566
273,512,8,4096,188.353
273,512,8,8192,290.72
273,512,8,16384,495.323
273,512,8,32768,904.278
273,512,8,65536,1721.2
273,512,16,16,96.2503
273,512,16,32,96.4267
273,512,16,64,96.8057
273,512,16,128,96.773
273,512,16,256,96.4962
273,512,16,512,97.5033
273,512,16,1024,111.974
273,512,16,2048,138.283
273,512,16,4096,189.765
273,512,16,8192,292.683
273,512,16,16384,498.038
273,512,16,32768,905.564
273,512,16,65536,1725.93
273,512,32,16,97.9518
273,512,32,32,98.5762
273,512,32,64,98.608
273,512,32,128,98.1655
273,512,32,256,98.9438
273,512,32,512,100.805
273,512,32,1024,114.907
273,512,32,2048,141.408
273,512,32,4096,192.538
273,512,32,8192,296.8
273,512,32,16384,505.334
273,512,32,32768,915.201
273,512,32,65536,1735.07
273,512,64,16,99.8295
273,512,64,32,99.6957
273,512,64,64,99.6752
273,512,64,128,100.443
273,512,64,256,100.949
273,512,64,512,104.88
273,512,64,1024,120.027
273,512,64,2048,145.712
273,512,64,4096,198.501
273,512,64,8192,303.771
273,512,64,16384,518.209
273,512,64,32768,940.354
273,512,64,65536,1794.8
273,512,128,16,104.288
273,512,128,32,104.901
273,512,128,64,104.906
273,512,128,128,107.216
273,512,128,256,115.963
273,512,128,512,132.096
273,512,128,1024,154.064
273,512,128,2048,186.672
273,512,128,4096,252.875
273,512,128,8192,381.377
273,512,128,16384,643.91
273,512,128,32768,1173.47
273,512,128,65536,2249.15
273,1024,0,0,134.23
273,1024,1,16,134.394
273,1024,1,32,135.168
273,1024,1,64,134.128
273,1024,1,128,134.459
273,1024,1,256,134.427
273,1024,1,512,134.528
273,1024,1,1024,134.698
273,1024,1,2048,159.921
273,1024,1,4096,211.909
273,1024,1,8192,314.118
273,1024,1,16384,520.076
273,1024,1,32768,931.644
273,1024,1,65536,1743.73
273,1024,2,16,134.869
273,1024,2,32,134.603
273,1024,2,64,133.983
273,1024,2,128,134.368
273,1024,2,256,134.544
273,1024,2,512,134.523
273,1024,2,1024,134.678
273,1024,2,2048,160.134
273,1024,2,4096,211.979
273,1024,2,8192,315.014
273,1024,2,16384,520.177
273,1024,2,32768,930.566
273,1024,2,65536,1746.32
273,1024,4,16,134.507
273,1024,4,32,134.64
273,1024,4,64,134.421
273,1024,4,128,134.437
273,1024,4,256,134.581
273,1024,4,512,134.671
273,1024,4,1024,135.088
273,1024,4,2048,161.387
273,1024,4,4096,213.099
273,1024,4,8192,316.731
273,1024,4,16384,521.286
273,1024,4,32768,929.489
273,1024,4,65536,1750.77
273,1024,8,16,134.981
273,1024,8,32,135.019
273,1024,8,64,135.136
273,1024,8,128,135.227
273,1024,8,256,135.13
273,1024,8,512,135.568
273,1024,8,1024,136.165
273,1024,8,2048,162.613
273,1024,8,4096,214.715
273,1024,8,8192,317.861
273,1024,8,16384,522.678
273,1024,8,32768,931.052
273,1024,8,65536,1749.78
273,1024,16,16,135.846
273,1024,16,32,135.963
273,1024,16,64,136.07
273,1024,16,128,135.931
273,1024,16,256,136.543
273,1024,16,512,136.918
273,1024,16,1024,138.213
273,1024,16,2048,164.635
273,1024,16,4096,216.107
273,1024,16,8192,318.933
273,1024,16,16384,525.132
273,1024,16,32768,933.286
273,1024,16,65536,1756.48
273,1024,32,16,137.702
273,1024,32,32,137.546
273,1024,32,64,137.631
273,1024,32,128,137.712
273,1024,32,256,138.699
273,1024,32,512,138.955
273,1024,32,1024,141.905
273,1024,32,2048,167.467
273,1024,32,4096,219.002
273,1024,32,8192,322.24
273,1024,32,16384,527.921
273,1024,32,32768,941.106
273,1024,32,65536,1769.6
273,1024,64,16,139.179
273,1024,64,32,139.877
273,1024,64,64,139.478
273,1024,64,128,139.786
273,1024,64,256,140.913
273,1024,64,512,140.901
273,1024,64,1024,145.157
273,1024,64,2048,172.587
273,1024,64,4096,225.286
273,1024,64,8192,330.587
273,1024,64,16384,543.025
273,1024,64,32768,966.913
273,1024,64,65536,1813.52
273,1024,128,16,144.326
273,1024,128,32,143.739
273,1024,128,64,144.789
273,1024,128,128,144.502
273,1024,128,256,146.267
273,1024,128,512,158.656
273,1024,128,1024,187.488
273,1024,128,2048,223.109
273,1024,128,4096,290.139
273,1024,128,8192,420.176
273,1024,128,16384,680.736
273,1024,128,32768,1202.63
273,1024,128,65536,2276.31
273,2048,0,0,211.995
273,2048,1,16,212.358
273,2048,1,32,212.102
273,2048,1,64,212.379
273,2048,1,128,212.416
273,2048,1,256,212.325
273,2048,1,512,213.569
273,2048,1,1024,212.662
273,2048,1,2048,212.794
273,2048,1,4096,264.673
273,2048,1,8192,367.217
273,2048,1,16384,572.417
273,2048,1,32768,981.399
273,2048,1,65536,1797.28
273,2048,2,16,212.235
273,2048,2,32,212.609
273,2048,2,64,212.677
273,2048,2,128,212.459
273,2048,2,256,212.688
273,2048,2,512,212.592
273,2048,2,1024,212.938
273,2048,2,2048,213.233
273,2048,2,4096,265.233
273,2048,2,8192,367.819
273,2048,2,16384,572.656
273,2048,2,32768,982.669
273,2048,2,65536,1799.09
273,2048,4,16,212.491
273,2048,4,32,212.678
273,2048,4,64,212.549
273,2048,4,128,212.203
273,2048,4,256,212.833
273,2048,4,512,212.459
273,2048,4,1024,212.87
273,2048,4,2048,214.331
273,2048,4,4096,266.235
273,2048,4,8192,368.593
273,2048,4,16384,573.575
273,2048,4,32768,984.402
273,2048,4,65536,1799.34
273,2048,8,16,212.864
273,2048,8,32,213.221
273,2048,8,64,213.531
273,2048,8,128,213.338
273,2048,8,256,212.838
273,2048,8,512,213.285
273,2048,8,1024,214.156
273,2048,8,2048,215.563
273,2048,8,4096,267.941
273,2048,8,8192,370.571
273,2048,8,16384,576.438
273,2048,8,32768,986.481
273,2048,8,65536,1802.43
273,2048,16,16,214.88
273,2048,16,32,213.776
273,2048,16,64,213.803
273,2048,16,128,214.049
273,2048,16,256,213.761
273,2048,16,512,215.632
273,2048,16,1024,215.642
273,2048,16,2048,216.966
273,2048,16,4096,270.325
273,2048,16,8192,371.457
273,2048,16,16384,577.712
273,2048,16,32768,986.711
273,2048,16,65536,1804.35
273,2048,32,16,215.206
273,2048,32,32,215.142
273,2048,32,64,215.339
273,2048,32,128,215.34
273,2048,32,256,215.989
273,2048,32,512,217.494
273,2048,32,1024,217.259
273,2048,32,2048,219.814
273,2048,32,4096,272.048
273,2048,32,8192,374.827
273,2048,32,16384,583.617
273,2048,32,32768,994.422
273,2048,32,65536,1817.74
273,2048,64,16,217.616
273,2048,64,32,217.008
273,2048,64,64,216.709
273,2048,64,128,218.32
273,2048,64,256,218.725
273,2048,64,512,219.243
273,2048,64,1024,219.212
273,2048,64,2048,224.406
273,2048,64,4096,277.286
273,2048,64,8192,383.931
273,2048,64,16384,594.833
273,2048,64,32768,1018.43
273,2048,64,65536,1860.97
273,2048,128,16,221.424
273,2048,128,32,221.76
273,2048,128,64,221.669
273,2048,128,128,221.942
273,2048,128,256,224.32
273,2048,128,512,227.317
273,2048,128,1024,241.499
273,2048,128,2048,297.776
273,2048,128,4096,367.835
273,2048,128,8192,494.517
273,2048,128,16384,754.752
273,2048,128,32768,1268.22
273,2048,128,65536,2326.43
273,4096,0,0,365.462
273,4096,1,16,365.36
273,4096,1,32,365.557
273,4096,1,64,365.344
273,4096,1,128,365.541
273,4096,1,256,365.814
273,4096,1,512,365.771
273,4096,1,1024,365.168
273,4096,1,2048,365.782
273,4096,1,4096,367.227
273,4096,1,8192,470.758
273,4096,1,16384,674.033
273,4096,1,32768,1082.85
273,4096,1,65536,1899.32
273,4096,2,16,365.056
273,4096,2,32,365.67
273,4096,2,64,365.313
273,4096,2,128,365.35
273,4096,2,256,365.595
273,4096,2,512,365.979
273,4096,2,1024,365.467
273,4096,2,2048,366.123
273,4096,2,4096,367.062
273,4096,2,8192,470.284
273,4096,2,16384,674.646
273,4096,2,32768,1083.89
273,4096,2,65536,1899.16
273,4096,4,16,365.483
273,4096,4,32,365.803
273,4096,4,64,365.44
273,4096,4,128,365.526
273,4096,4,256,365.69
273,4096,4,512,365.841
273,4096,4,1024,365.446
273,4096,4,2048,366.822
273,4096,4,4096,368.502
273,4096,4,8192,471.632
273,4096,4,16384,678.811
273,4096,4,32768,1084.53
273,4096,4,65536,1901.17
273,4096,8,16,365.969
273,4096,8,32,365.712
273,4096,8,64,365.643
273,4096,8,128,365.574
273,4096,8,256,365.685
273,4096,8,512,367.36
273,4096,8,1024,366.528
273,4096,8,2048,367.942
273,4096,8,4096,369.857
273,4096,8,8192,473.148
273,4096,8,16384,676.8
273,4096,8,32768,1086.93
273,4096,8,65536,1901.12
273,4096,16,16,366.72
273,4096,16,32,366.827
273,4096,16,64,366.672
273,4096,16,128,366.619
273,4096,16,256,367.425
273,4096,16,512,367.158
273,4096,16,1024,368.507
273,4096,16,2048,369.617
273,4096,16,4096,370.896
273,4096,16,8192,473.478
273,4096,16,16384,679.105
273,4096,16,32768,1094.72
273,4096,16,65536,1910.93
273,4096,32,16,369.014
273,4096,32,32,368.442
273,4096,32,64,368.55
273,4096,32,128,368.432
273,4096,32,256,368.854
273,4096,32,512,369.371
273,4096,32,1024,369.941
273,4096,32,2048,370.139
273,4096,32,4096,374.588
273,4096,32,8192,477.472
273,4096,32,16384,685.585
273,4096,32,32768,1101.33
273,4096,32,65536,1921.68
273,4096,64,16,369.286
273,4096,64,32,369.958
273,4096,64,64,370.129
273,4096,64,128,370.235
273,4096,64,256,370.768
273,4096,64,512,371.745
273,4096,64,1024,372.288
273,4096,64,2048,372.838
273,4096,64,4096,379.904
273,4096,64,8192,485.894
273,4096,64,16384,696.72
273,4096,64,32768,1119.53
273,4096,64,65536,1963.94
273,4096,128,16,373.899
273,4096,128,32,374.207
273,4096,128,64,374.476
273,4096,128,128,374.624
273,4096,128,256,375.649
273,4096,128,512,379.782
273,4096,128,1024,383.777
273,4096,128,2048,400.752
273,4096,128,4096,516.822
273,4096,128,8192,648.395
273,4096,128,16384,906.892
273,4096,128,32768,1418.13
273,4096,128,65536,2447.55
273,8192,0,0,666.79
273,8192,1,16,666.869
273,8192,1,32,667.361
273,8192,1,64,667.308
273,8192,1,128,667.5
273,8192,1,256,667.062
273,8192,1,512,668.294
273,8192,1,1024,667.084
273,8192,1,2048,667.536
273,8192,1,4096,668.315
273,8192,1,8192,669.888
273,8192,1,16384,874.306
273,8192,1,32768,1283.05
273,8192,1,65536,2099.34
273,8192,2,16,667.196
273,8192,2,32,666.94
273,8192,2,64,667.148
273,8192,2,128,668.593
273,8192,2,256,667.046
273,8192,2,512,667.617
273,8192,2,1024,667.185
273,8192,2,2048,667.868
273,8192,2,4096,668.438
273,8192,2,8192,670.48
273,8192,2,16384,875.393
273,8192,2,32768,1283.86
273,8192,2,65536,2103.29
273,8192,4,16,667.595
273,8192,4,32,667.58
273,8192,4,64,667.393
273,8192,4,128,667.398
273,8192,4,256,667.543
273,8192,4,512,667.318
273,8192,4,1024,667.697
273,8192,4,2048,668.033
273,8192,4,4096,669.046
273,8192,4,8192,672.182
273,8192,4,16384,877.019
273,8192,4,32768,1285.2
273,8192,4,65536,2101.99
273,8192,8,16,667.942
273,8192,8,32,668.3
273,8192,8,64,668.433
273,8192,8,128,667.446
273,8192,8,256,667.781
273,8192,8,512,667.643
273,8192,8,1024,668.955
273,8192,8,2048,668.806
273,8192,8,4096,669.552
273,8192,8,8192,673.296
273,8192,8,16384,877.286
273,8192,8,32768,1285.63
273,8192,8,65536,2106.12
273,8192,16,16,668.236
273,8192,16,32,668.508
273,8192,16,64,668.491
273,8192,16,128,668.166
273,8192,16,256,668.471
273,8192,16,512,669.222
273,8192,16,1024,669.521
273,8192,16,2048,670.412
273,8192,16,4096,671.105
273,8192,16,8192,673.638
273,8192,16,16384,878.305
273,8192,16,32768,1286.82
273,8192,16,65536,2104.35
273,8192,32,16,669.525
273,8192,32,32,671.409
273,8192,32,64,670.155
273,8192,32,128,671.26
273,8192,32,256,670.795
273,8192,32,512,672.167
273,8192,32,1024,672.273
273,8192,32,2048,672.267
273,8192,32,4096,673.446
273,8192,32,8192,677.537
273,8192,32,16384,883.575
273,8192,32,32768,1292.8
273,8192,32,65536,2119.66
273,8192,64,16,672.987
273,8192,64,32,672.497
273,8192,64,64,672.401
273,8192,64,128,672.699
273,8192,64,256,673.275
273,8192,64,512,675.105
273,8192,64,1024,675.75
273,8192,64,2048,674.764
273,8192,64,4096,676.354
273,8192,64,8192,686.156
273,8192,64,16384,898.647
273,8192,64,32768,1318.36
273,8192,64,65536,2163.31
273,8192,128,16,677.227
273,8192,128,32,677.623
273,8192,128,64,677.371
273,8192,128,128,677.899
273,8192,128,256,679.574
273,8192,128,512,682.896
273,8192,128,1024,686.262
273,8192,128,2048,692.641
273,8192,128,4096,717.206
273,8192,128,8192,941.393
273,8192,128,16384,1204.67
273,8192,128,32768,1719.56
273,8192,128,65536,2752.08
273,16384,0,0,1275.44
273,16384,1,16,1275.45
273,16384,1,32,1275.48
273,16384,1,64,1275.04
273,16384,1,128,1275.8
273,16384,1,256,1275.58
273,16384,1,512,1275.99
273,16384,1,1024,1275.91
273,16384,1,2048,1276.31
273,16384,1,4096,1277.16
273,16384,1,8192,1278.86
273,16384,1,16384,1281.34
273,16384,1,32768,1688.63
273,16384,1,65536,2505.44
273,16384,2,16,1275.77
273,16384,2,32,1275.2
273,16384,2,64,1275.16
273,16384,2,128,1275.72
273,16384,2,256,1276.17
273,16384,2,512,1275.73
273,16384,2,1024,1276.15
273,16384,2,2048,1276.49
273,16384,2,4096,1279.75
273,16384,2,8192,1278.11
273,16384,2,16384,1280.89
273,16384,2,32768,1689.45
273,16384,2,65536,2505.35
273,16384,4,16,1275.85
273,16384,4,32,1275.62
273,16384,4,64,1276.16
273,16384,4,128,1275.78
273,16384,4,256,1276.77
273,16384,4,512,1276.17
273,16384,4,1024,1276.52
273,16384,4,2048,1278.41
273,16384,4,4096,1277.56
273,16384,4,8192,1279.65
273,16384,4,16384,1281.39
273,16384,4,32768,1689.49
273,16384,4,65536,2508.11
273,16384,8,16,1276.32
273,16384,8,32,1277.98
273,16384,8,64,1276.68
273,16384,8,128,1277.62
273,16384,8,256,1278.05
273,16384,8,512,1278.44
273,16384,8,1024,1277.95
273,16384,8,2048,1278.39
273,16384,8,4096,1280.12
273,16384,8,8192,1278.78
273,16384,8,16384,1282.13
273,16384,8,32768,1690.14
273,16384,8,65536,2510.96
273,16384,16,16,1277.45
273,16384,16,32,1277.91
273,16384,16,64,1277.39
273,16384,16,128,1278.66
273,16384,16,256,1278.3
273,16384,16,512,1279.01
273,16384,16,1024,1278.62
273,16384,16,2048,1280.44
273,16384,16,4096,1279.71
273,16384,16,8192,1279.3
273,16384,16,16384,1287.35
273,16384,16,32768,1691
273,16384,16,65536,2510.6
273,16384,32,16,1279.06
273,16384,32,32,1279.36
273,16384,32,64,1279.24
273,16384,32,128,1282.71
273,16384,32,256,1280.4
273,16384,32,512,1280.56
273,16384,32,1024,1281.07
273,16384,32,2048,1280.74
273,16384,32,4096,1281.98
273,16384,32,8192,1281.08
273,16384,32,16384,1289.3
273,16384,32,32768,1696.03
273,16384,32,65536,2525.28
273,16384,64,16,1281.88
273,16384,64,32,1281.73
273,16384,64,64,1282.53
273,16384,64,128,1282.07
273,16384,64,256,1283.14
273,16384,64,512,1282.48
273,16384,64,1024,1286.19
273,16384,64,2048,1284.01
273,16384,64,4096,1283.09
273,16384,64,8192,1284.82
273,16384,64,16384,1299.12
273,16384,64,32768,1725.26
273,16384,64,65536,2568.77
273,16384,128,16,1288.58
273,16384,128,32,1287.71
273,16384,128,64,1287.06
273,16384,128,128,1286.37
273,16384,128,256,1288.63
273,16384,128,512,1291.04
273,16384,128,1024,1296.06
273,16384,128,2048,1301.63
273,16384,128,4096,1313.4
273,16384,128,8192,1347.31
273,16384,128,16384,1793.77
273,16384,128,32768,2313.85
273,16384,128,65536,3367.57
273,32768,0,0,2496.41
273,32768,1,16,2495.59
273,32768,1,32,2495.68
273,32768,1,64,2495.91
273,32768,1,128,2495.59
273,32768,1,256,2496.05
273,32768,1,512,2495.84
273,32768,1,1024,2496.35
273,32768,1,2048,2496.23
273,32768,1,4096,2496.65
273,32768,1,8192,2497.61
273,32768,1,16384,2496.82
273,32768,1,32768,2501.12
273,32768,1,65536,3317.64
273,32768,2,16,2497.11
273,32768,2,32,2496.48
273,32768,2,64,2495.61
273,32768,2,128,2495.9
273,32768,2,256,2498.49
273,32768,2,512,2495.78
273,32768,2,1024,2495.98
273,32768,2,2048,2495.76
273,32768,2,4096,2496.94
273,32768,2,8192,2499.71
273,32768,2,16384,2499.9
273,32768,2,32768,2501.51
273,32768,2,65536,3318.05
273,32768,4,16,2496.44
273,32768,4,32,2496.07
273,32768,4,64,2497.01
273,32768,4,128,2496
273,32768,4,256,2496.13
273,32768,4,512,2496.64
273,32768,4,1024,2497.11
273,32768,4,2048,2496.83
273,32768,4,4096,2497.65
273,32768,4,8192,2497.11
273,32768,4,16384,2497.63
273,32768,4,32768,2501.4
273,32768,4,65536,3318.27
273,32768,8,16,2496.42
273,32768,8,32,2496.09
273,32768,8,64,2496.82
273,32768,8,128,2498.68
273,32768,8,256,2499.25
273,32768,8,512,2498.78
273,32768,8,1024,2496.82
273,32768,8,2048,2496.83
273,32768,8,4096,2497.47
273,32768,8,8192,2497.82
273,32768,8,16384,2498.08
273,32768,8,32768,2502.21
273,32768,8,65536,3319.36
273,32768,16,16,2496.81
273,32768,16,32,2496.82
273,32768,16,64,2497.28
273,32768,16,128,2497.33
273,32768,16,256,2498.94
273,32768,16,512,2497.2
273,32768,16,1024,2497.82
273,32768,16,2048,2497.78
273,32768,16,4096,2497.07
273,32768,16,8192,2498.56
273,32768,16,16384,2498.18
273,32768,16,32768,2503.35
273,32768,16,65536,3324.78
273,32768,32,16,2498.63
273,32768,32,32,2498.57
273,32768,32,64,2498.52
273,32768,32,128,2498.79
273,32768,32,256,2498.39
273,32768,32,512,2498.59
273,32768,32,1024,2499.11
273,32768,32,2048,2500.19
273,32768,32,4096,2499.05
273,32768,32,8192,2500.23
273,32768,32,16384,2503.37
273,32768,32,32768,2514.14
273,32768,32,65536,3335.34
273,32768,64,16,2500.67
273,32768,64,32,2501.08
273,32768,64,64,2500.49
273,32768,64,128,2500.68
273,32768,64,256,2500.29
273,32768,64,512,2501.28
273,32768,64,1024,2502.64
273,32768,64,2048,2503.8
273,32768,64,4096,2509.77
273,32768,64,8192,2507.42
273,32768,64,16384,2511.84
273,32768,64,32768,2539.16
273,32768,64,65536,3384.66
273,32768,128,16,2505.36
273,32768,128,32,2505.88
273,32768,128,64,2505.14
273,32768,128,128,2505.32
273,32768,128,256,2510.68
273,32768,128,512,2511.38
273,32768,128,1024,2513.9
273,32768,128,2048,2520.27
273,32768,128,4096,2530.7
273,32768,128,8192,2551.78
273,32768,128,16384,2611.75
273,32768,128,32768,3514.78
273,32768,128,65536,4546.88
273,65536,0,0,4933.44
273,65536,1,16,4935.41
273,65536,1,32,4933.36
273,65536,1,64,4933.7
273,65536,1,128,4934.6
273,65536,1,256,4934.1
273,65536,1,512,4934.28
273,65536,1,1024,4934.36
273,65536,1,2048,4933.79
273,65536,1,4096,4933.61
273,65536,1,8192,4933.81
273,65536,1,16384,4934.03
273,65536,1,32768,4934.78
273,65536,1,65536,4940.73
273,65536,2,16,4934.23
273,65536,2,32,4934.07
273,65536,2,64,4933.64
273,65536,2,128,4934.03
273,65536,2,256,4933.92
273,65536,2,512,4934.15
273,65536,2,1024,4933.83
273,65536,2,2048,4934.51
273,65536,2,4096,4934.35
273,65536,2,8192,4934.18
273,65536,2,16384,4934.33
273,65536,2,32768,4934.29
273,65536,2,65536,4942.8
273,65536,4,16,4935.84
273,65536,4,32,4934.64
273,65536,4,64,4934.59
273,65536,4,128,4934.26
273,65536,4,256,4934.65
273,65536,4,512,4933.88
273,65536,4,1024,4935.88
273,65536,4,2048,4936.04
273,65536,4,4096,4933.48
273,65536,4,8192,4935.01
273,65536,4,16384,4934.7
273,65536,4,32768,4934.56
273,65536,4,65536,4942.69
273,65536,8,16,4934.4
273,65536,8,32,4933.76
273,65536,8,64,4934.54
273,65536,8,128,4934.65
273,65536,8,256,4934.27
273,65536,8,512,4934.31
273,65536,8,1024,4934.33
273,65536,8,2048,4934.3
273,65536,8,4096,4934.53
273,65536,8,8192,4934.47
273,65536,8,16384,4938.21
273,65536,8,32768,4935.05
273,65536,8,65536,4944.05
273,65536,16,16,4935.21
273,65536,16,32,4934.6
273,65536,16,64,4934.62
273,65536,16,128,4935.45
273,65536,16,256,4935.37
273,65536,16,512,4934.94
273,65536,16,1024,4934.49
273,65536,16,2048,4936.3
273,65536,16,4096,4934.95
273,65536,16,8192,4934.58
273,65536,16,16384,4935.27
273,65536,16,32768,4935.54
273,65536,16,65536,4945.53
273,65536,32,16,4935.69
273,65536,32,32,4935.6
273,65536,32,64,4936.28
273,65536,32,128,4939.77
273,65536,32,256,4936.03
273,65536,32,512,4936.25
273,65536,32,1024,4936.57
273,65536,32,2048,4936.23
273,65536,32,4096,4936
273,65536,32,8192,4937.18
273,65536,32,16384,4938.32
273,65536,32,32768,4940.47
273,65536,32,65536,4965.12
273,65536,64,16,4939.04
273,65536,64,32,4939.7
273,65536,64,64,4937.65
273,65536,64,128,4937.22
273,65536,64,256,4936.98
273,65536,64,512,4938.17
273,65536,64,1024,4937.69
273,65536,64,2048,4941.92
273,65536,64,4096,4938.66
273,65536,64,8192,4944.04
273,65536,64,16384,4948.67
273,65536,64,32768,4957.91
273,65536,64,65536,5009.2
273,65536,128,16,4944.16
273,65536,128,32,4943.29
273,65536,128,64,4942.69
273,65536,128,128,4944.45
273,65536,128,256,4945.99
273,65536,128,512,4949.66
273,65536,128,1024,4951.8
273,65536,128,2048,4956.04
273,65536,128,4096,4970.78
273,65536,128,8192,4990.89
273,65536,128,16384,5034.67
273,65536,128,32768,5143.67
273,65536,128,65536,6948.63
410,0,0,0,80.9012
410,0,1,16,81.1948
410,0,1,32,81.2958
410,0,1,64,81.1532
410,0,1,128,81.1942
410,0,1,256,80.9285
410,0,1,512,81.5627
410,0,1,1024,81.6425
410,0,1,2048,94.8693
410,0,1,4096,146.795
410,0,1,8192,250.123
410,0,1,16384,455.766
410,0,1,32768,872.204
410,0,1,65536,1688.17
410,0,2,16,80.848
410,0,2,32,80.9382
410,0,2,64,81.0615
410,0,2,128,81.2905
410,0,2,256,80.8857
410,0,2,512,81.1948
410,0,2,1024,81.7012
410,0,2,2048,94.9278
410,0,2,4096,147.43
410,0,2,8192,251.19
410,0,2,16384,457.425
410,0,2,32768,867.12
410,0,2,65536,1681.86
410,0,4,16,81.1842
410,0,4,32,81.3702
410,0,4,64,81.1145
410,0,4,128,81.3337
410,0,4,256,81.4242
410,0,4,512,82.0378
410,0,4,1024,83.035
410,0,4,2048,96.2302
410,0,4,4096,148.624
410,0,4,8192,252.171
410,0,4,16384,457.195
410,0,4,32768,867.351
410,0,4,65536,1684.97
410,0,8,16,82.0432
410,0,8,32,81.6375
410,0,8,64,82.1068
410,0,8,128,82.091
410,0,8,256,82.5337
410,0,8,512,82.9012
410,0,8,1024,83.3815
410,0,8,2048,98.2883
410,0,8,4096,150.863
410,0,8,8192,254.523
410,0,8,16384,459.936
410,0,8,32768,869.43
410,0,8,65536,1693.4
410,0,16,16,82.5338
410,0,16,32,82.331
410,0,16,64,82.4807
410,0,16,128,82.261
410,0,16,256,83.3978
410,0,16,512,83.4347
410,0,16,1024,84.7367
410,0,16,2048,99.5257
410,0,16,4096,153.179
410,0,16,8192,256.07
410,0,16,16384,462.16
410,0,16,32768,871.073
410,0,16,65536,1698.7
410,0,32,16,83.5085
410,0,32,32,83.5473
410,0,32,64,82.699
410,0,32,128,83.0663
410,0,32,256,85.0242
410,0,32,512,85.6855
410,0,32,1024,87.4877
410,0,32,2048,100.774
410,0,32,4096,155.286
410,0,32,8192,259.014
410,0,32,16384,464.913
410,0,32,32768,878.129
410,0,32,65536,1709.16
410,0,64,16,86.0862
410,0,64,32,85.9675
410,0,64,64,85.3065
410,0,64,128,85.7977
410,0,64,256,90.2352
410,0,64,512,92.0325
410,0,64,1024,103.094
410,0,64,2048,118.081
410,0,64,4096,166.805
410,0,64,8192,271.751
410,0,64,16384,483.995
410,0,64,32768,912.823
410,0,64,65536,1756.4
410,0,128,16,99.947
410,0,128,32,99.6053
410,0,128,64,102.218
410,0,128,128,104.747
410,0,128,256,110.107
410,0,128,512,119.99
410,0,128,1024,139.056
410,0,128,2048,170.022
410,0,128,4096,230.016
410,0,128,8192,362.54
410,0,128,16384,628.471
410,0,128,32768,1172.23
410,0,128,65536,2264.62
410,16,0,0,82.2352
410,16,1,16,82.1977
410,16,1,32,82.529
410,16,1,64,83.1463
410,16,1,128,85.0508
410,16,1,256,87.7658
410,16,1,512,94.1922
410,16,1,1024,106.848
410,16,1,2048,132.331
410,16,1,4096,184.826
410,16,1,8192,287.398
410,16,1,16384,493.164
410,16,1,32768,900.87
410,16,1,65536,1719.13
410,16,2,16,82.2347
410,16,2,32,82.2887
410,16,2,64,83.515
410,16,2,128,85.2278
410,16,2,256,88.7843
410,16,2,512,94.5068
410,16,2,1024,107.836
410,16,2,2048,133.579
410,16,2,4096,185.093
410,16,2,8192,288.06
410,16,2,16384,493.089
410,16,2,32768,905.222
410,16,2,65536,1718.62
410,16,4,16,82.8055
410,16,4,32,82.699
410,16,4,64,84.2188
410,16,4,128,85.4193
410,16,4,256,88.6622
410,16,4,512,94.7095
410,16,4,1024,108.315
410,16,4,2048,134.4
410,16,4,4096,186.891
410,16,4,8192,290.662
410,16,4,16384,494
410,16,4,32768,903.691
410,16,4,65536,1722.34
410,16,8,16,83.302
410,16,8,32,83.2062
410,16,8,64,84.923
410,16,8,128,86.2342
410,16,8,256,89.6533
410,16,8,512,96.4695
410,16,8,1024,109.947
410,16,8,2048,136.897
410,16,8,4096,188.341
410,16,8,8192,290.081
410,16,8,16384,494.912
410,16,8,32768,904.716
410,16,8,65536,1727.74
410,16,16,16,83.6053
410,16,16,32,83.9145
410,16,16,64,85.1893
410,16,16,128,86.8378
410,16,16,256,90.2133
410,16,16,512,97.2693
410,16,16,1024,110.651
410,16,16,2048,137.77
410,16,16,4096,189.089
410,16,16,8192,292.219
410,16,16,16384,497.644
410,16,16,32768,908.972
410,16,16,65536,1733.3
410,16,32,16,85.0297
410,16,32,32,85.1737
410,16,32,64,86.566
410,16,32,128,88.3835
410,16,32,256,91.9522
410,16,32,512,99.6382
410,16,32,1024,113.301
410,16,32,2048,138.758
410,16,32,4096,190.886
410,16,32,8192,293.334
410,16,32,16384,499.019
410,16,32,32768,910.881
410,16,32,65536,1729.29
410,16,64,16,87.632
410,16,64,32,88.2775
410,16,64,64,89.4348
410,16,64,128,91.4455
410,16,64,256,96.3525
410,16,64,512,103.733
410,16,64,1024,117.642
410,16,64,2048,144.24
410,16,64,4096,196.588
410,16,64,8192,301.862
410,16,64,16384,512.475
410,16,64,32768,933.607
410,16,64,65536,1775.18
410,16,128,16,100.57
410,16,128,32,100.491
410,16,128,64,103.552
410,16,128,128,106.069
410,16,128,256,112.523
410,16,128,512,124.597
410,16,128,1024,141.701
410,16,128,2048,175.888
410,16,128,4096,240.262
410,16,128,8192,375.873
410,16,128,16384,641.564
410,16,128,32768,1172.35
410,16,128,65536,2233.1
410,32,0,0,82.9815
410,32,1,16,83.2003
410,32,1,32,83.44
410,32,1,64,84.0323
410,32,1,128,85.738
410,32,1,256,88.4427
410,32,1,512,95.6642
410,32,1,1024,108.224
410,32,1,2048,133.605
410,32,1,4096,185.835
410,32,1,8192,288.678
410,32,1,16384,492.544
410,32,1,32768,901.447
410,32,1,65536,1720.84
410,32,2,16,83.7273
410,32,2,32,83.2585
410,32,2,64,84.3308
410,32,2,128,85.6648
410,32,2,256,89.5038
410,32,2,512,95.5467
410,32,2,1024,108.368
410,32,2,2048,134.155
410,32,2,4096,186.347
410,32,2,8192,289.296
410,32,2,16384,494.8
410,32,2,32768,902.348
410,32,2,65536,1722.45
410,32,4,16,83.6745
410,32,4,32,83.5575
410,32,4,64,85.1585
410,32,4,128,86.8208
410,32,4,256,90.069
410,32,4,512,96.0693
410,32,4,1024,109.056
410,32,4,2048,135.867
410,32,4,4096,187.824
410,32,4,8192,290.896
410,32,4,16384,494.917
410,32,4,32768,907.484
410,32,4,65536,1722.7
410,32,8,16,83.9093
410,32,8,32,84.3363
410,32,8,64,85.477
410,32,8,128,87.5678
410,32,8,256,91.0132
410,32,8,512,96.9502
410,32,8,1024,110.277
410,32,8,2048,136.896
410,32,8,4096,189.675
410,32,8,8192,291.323
410,32,8,16384,496.011
410,32,8,32768,906.06
410,32,8,65536,1724.09
410,32,16,16,84.4693
410,32,16,32,84.8008
410,32,16,64,86.3892
410,32,16,128,88.0325
410,32,16,256,91.136
410,32,16,512,98.394
410,32,16,1024,111.915
410,32,16,2048,139.275
410,32,16,4096,189.03
410,32,16,8192,292.619
410,32,16,16384,496.748
410,32,16,32768,911.158
410,32,16,65536,1727.77
410,32,32,16,85.9782
410,32,32,32,86.288
410,32,32,64,88
410,32,32,128,89.6747
410,32,32,256,93.0825
410,32,32,512,100.689
410,32,32,1024,114.517
410,32,32,2048,140.352
410,32,32,4096,191.466
410,32,32,8192,295.521
410,32,32,16384,499.489
410,32,32,32768,914.322
410,32,32,65536,1731.93
410,32,64,16,89.3223
410,32,64,32,89.2958
410,32,64,64,91.12
410,32,64,128,92.8428
410,32,64,256,97.2855
410,32,64,512,104.731
410,32,64,1024,118.502
410,32,64,2048,145.269
410,32,64,4096,198.016
410,32,64,8192,302.475
410,32,64,16384,513.142
410,32,64,32768,935.431
410,32,64,65536,1773.53
410,32,128,16,101.2
410,32,128,32,101.994
410,32,128,64,103.962
410,32,128,128,106.272
410,32,128,256,113.509
410,32,128,512,123.579
410,32,128,1024,142.251
410,32,128,2048,175.676
410,32,128,4096,241.888
410,32,128,8192,376.466
410,32,128,16384,639.089
410,32,128,32768,1168.21
410,32,128,65536,2229.47
410,64,0,0,87.6
410,64,1,16,87.3017
410,64,1,32,87.109
410,64,1,64,87.3918
410,64,1,128,88.7577
410,64,1,256,91.8033
410,64,1,512,97.9257
410,64,1,1024,111.094
410,64,1,2048,136.166
410,64,1,4096,188.23
410,64,1,8192,290.155
410,64,1,16384,496.129
410,64,1,32768,905.601
410,64,1,65536,1722.35
410,64,2,16,87.1628
410,64,2,32,87.0988
410,64,2,64,87.3283
410,64,2,128,88.7733
410,64,2,256,91.5465
410,64,2,512,98.2455
410,64,2,1024,111.019
410,64,2,2048,137.328
410,64,2,4096,188.683
410,64,2,8192,292.177
410,64,2,16384,497.91
410,64,2,32768,904.844
410,64,2,65536,1722.32
410,64,4,16,87.4022
410,64,4,32,87.1687
410,64,4,64,87.9088
410,64,4,128,89.403
410,64,4,256,92.4853
410,64,4,512,98.7147
410,64,4,1024,112.395
410,64,4,2048,138.166
410,64,4,4096,190.086
410,64,4,8192,293.067
410,64,4,16384,497.115
410,64,4,32768,905.974
410,64,4,65536,1726.14
410,64,8,16,88.235
410,64,8,32,88.2938
410,64,8,64,88.1757
410,64,8,128,89.5945
410,64,8,256,93.2852
410,64,8,512,99.7708
410,64,8,1024,113.093
410,64,8,2048,139.58
410,64,8,4096,191.606
410,64,8,8192,294.113
410,64,8,16384,498.652
410,64,8,32768,912.326
410,64,8,65536,1729.03
410,64,16,16,88.7093
410,64,16,32,88.619
410,64,16,64,88.6558
410,64,16,128,89.8017
410,64,16,256,93.6482
410,64,16,512,100.128
410,64,16,1024,114.075
410,64,16,2048,140.726
410,64,16,4096,191.483
410,64,16,8192,294.624
410,64,16,16384,499.297
410,64,16,32768,911.287
410,64,16,65536,1729.28
410,64,32,16,89.786
410,64,32,32,89.9573
410,64,32,64,90.1873
410,64,32,128,91.4565
410,64,32,256,95.5788
410,64,32,512,102.597
410,64,32,1024,116.678
410,64,32,2048,142.358
410,64,32,4096,195.083
410,64,32,8192,297.573
410,64,32,16384,501.713
410,64,32,32768,915.42
410,64,32,65536,1740.24
410,64,64,16,92.6408
410,64,64,32,92.971
410,64,64,64,93.2372
410,64,64,128,95.2158
410,64,64,256,99.9627
410,64,64,512,107.829
410,64,64,1024,121.574
410,64,64,2048,148.267
410,64,64,4096,200.843
410,64,64,8192,305.334
410,64,64,16384,515.771
410,64,64,32768,938.758
410,64,64,65536,1777.98
410,64,128,16,105.365
410,64,128,32,106.159
410,64,128,64,108.949
410,64,128,128,111.578
410,64,128,256,117.483
410,64,128,512,130.656
410,64,128,1024,148.518
410,64,128,2048,180.986
410,64,128,4096,247.078
410,64,128,8192,382.529
410,64,128,16384,647.692
410,64,128,32768,1174.39
410,64,128,65536,2226.63
410,128,0,0,93.7065
410,128,1,16,93.5518
410,128,1,32,93.7123
410,128,1,64,93.6853
410,128,1,128,93.4513
410,128,1,256,96.4373
410,128,1,512,102.715
410,128,1,1024,116.219
410,128,1,2048,141.643
410,128,1,4096,193.242
410,128,1,8192,295.669
410,128,1,16384,501.488
410,128,1,32768,910.114
410,128,1,65536,1726.44
410,128,2,16,93.7385
410,128,2,32,93.4298
410,128,2,64,93.4615
410,128,2,128,93.7605
410,128,2,256,96.6945
410,128,2,512,103.446
410,128,2,1024,115.958
410,128,2,2048,142.139
410,128,2,4096,193.403
410,128,2,8192,296.993
410,128,2,16384,503.457
410,128,2,32768,910.347
410,128,2,65536,1728.08
410,128,4,16,93.563
410,128,4,32,93.7712
410,128,4,64,94.0155
410,128,4,128,93.616
410,128,4,256,97.2318
410,128,4,512,103.771
410,128,4,1024,116.865
410,128,4,2048,142.8
410,128,4,4096,195.286
410,128,4,8192,298.406
410,128,4,16384,502.337
410,128,4,32768,912.449
410,128,4,65536,1740.93
410,128,8,16,94.507
410,128,8,32,94.1012
410,128,8,64,94.5327
410,128,8,128,94.4802
410,128,8,256,98.0102
410,128,8,512,104.256
410,128,8,1024,118.379
410,128,8,2048,144.459
410,128,8,4096,196.48
410,128,8,8192,298.555
410,128,8,16384,503.227
410,128,8,32768,915.057
410,128,8,65536,1728.56
410,128,16,16,94.8537
410,128,16,32,94.5495
410,128,16,64,94.5177
410,128,16,128,95.0828
410,128,16,256,98.9443
410,128,16,512,105.51
410,128,16,1024,118.843
410,128,16,2048,145.876
410,128,16,4096,196.513
410,128,16,8192,299.904
410,128,16,16384,505.307
410,128,16,32768,916.998
410,128,16,65536,1734.85
410,128,32,16,95.9303
410,128,32,32,96.1393
410,128,32,64,95.973
410,128,32,128,96.5337
410,128,32,256,100.304
410,128,32,512,108.085
410,128,32,1024,121.829
410,128,32,2048,147.724
410,128,32,4096,199.131
410,128,32,8192,301.317
410,128,32,16384,506.731
410,128,32,32768,918.242
410,128,32,65536,1740.09
410,128,64,16,99.1473
410,128,64,32,99.291
410,128,64,64,99.1522
410,128,64,128,100.235
410,128,64,256,104.634
410,128,64,512,112.508
410,128,64,1024,126.459
410,128,64,2048,152.975
410,128,64,4096,205.03
410,128,64,8192,311.899
410,128,64,16384,520.992
410,128,64,32768,940.786
410,128,64,65536,1780.87
410,128,128,16,110.022
410,128,128,32,110.826
410,128,128,64,113.814
410,128,128,128,117.477
410,128,128,256,124.736
410,128,128,512,135.861
410,128,128,1024,155.051
410,128,128,2048,188.172
410,128,128,4096,256.065
410,128,128,8192,388.545
410,128,128,16384,655.5
410,128,128,32768,1182.53
410,128,128,65536,2242.61
410,256,0,0,106.309
410,256,1,16,106.533
410,256,1,32,106.688
410,256,1,64,106.32
410,256,1,128,106.427
410,256,1,256,106.56
410,256,1,512,112.847
410,256,1,1024,125.856
410,256,1,2048,151.846
410,256,1,4096,203.158
410,256,1,8192,305.558
410,256,1,16384,514.364
410,256,1,32768,919.82
410,256,1,65536,1738.73
410,256,2,16,106.613
410,256,2,32,106.774
410,256,2,64,106.448
410,256,2,128,106.517
410,256,2,256,106.501
410,256,2,512,112.683
410,256,2,1024,126.022
410,256,2,2048,151.968
410,256,2,4096,203.296
410,256,2,8192,307.046
410,256,2,16384,512.785
410,256,2,32768,924.977
410,256,2,65536,1741.2
410,256,4,16,106.833
410,256,4,32,106.522
410,256,4,64,106.715
410,256,4,128,106.582
410,256,4,256,107.056
410,256,4,512,113.12
410,256,4,1024,126.555
410,256,4,2048,152.539
410,256,4,4096,205.552
410,256,4,8192,309.089
410,256,4,16384,513.148
410,256,4,32768,922.423
410,256,4,65536,1740.17
410,256,8,16,107.446
410,256,8,32,107.328
410,256,8,64,107.185
410,256,8,128,107.664
410,256,8,256,107.531
410,256,8,512,114.736
410,256,8,1024,127.649
410,256,8,2048,154.512
410,256,8,4096,206.901
410,256,8,8192,308.715
410,256,8,16384,513.248
410,256,8,32768,924.897
410,256,8,65536,1747.39
410,256,16,16,108.022
410,256,16,32,108.106
410,256,16,64,107.339
410,256,16,128,107.729
410,256,16,256,108.597
410,256,16,512,115.029
410,256,16,1024,129.339
410,256,16,2048,155.531
410,256,16,4096,207.008
410,256,16,8192,309.376
410,256,16,16384,514.72
410,256,16,32768,926.913
410,256,16,65536,1744.4
410,256,32,16,108.8
410,256,32,32,109.37
410,256,32,64,108.997
410,256,32,128,109.029
410,256,32,256,110.037
410,256,32,512,117.883
410,256,32,1024,131.675
410,256,32,2048,157.61
410,256,32,4096,209.594
410,256,32,8192,313.051
410,256,32,16384,516.715
410,256,32,32768,928.78
410,256,32,65536,1757.08
410,256,64,16,112.064
410,256,64,32,112.426
410,256,64,64,112.016
410,256,64,128,112.075
410,256,64,256,113.947
410,256,64,512,121.883
410,256,64,1024,136.352
410,256,64,2048,162.448
410,256,64,4096,214.854
410,256,64,8192,320.123
410,256,64,16384,530.144
410,256,64,32768,954.375
410,256,64,65536,1796.3
410,256,128,16,119.75
410,256,128,32,120.587
410,256,128,64,123.615
410,256,128,128,127.851
410,256,128,256,135.392
410,256,128,512,147.984
410,256,128,1024,167.653
410,256,128,2048,201.206
410,256,128,4096,267.483
410,256,128,8192,400.572
410,256,128,16384,665.686
410,256,128,32768,1196.98
410,256,128,65536,2257.98
410,512,0,0,132.949
410,512,1,16,133.019
410,512,1,32,133.024
410,512,1,64,132.864
410,512,1,128,132.827
410,512,1,256,133.029
410,512,1,512,133.238
410,512,1,1024,145.781
410,512,1,2048,171.84
410,512,1,4096,222.885
410,512,1,8192,325.824
410,512,1,16384,531.803
410,512,1,32768,940.444
410,512,1,65536,1759.44
410,512,2,16,133.062
410,512,2,32,133.045
410,512,2,64,133.392
410,512,2,128,133.003
410,512,2,256,133.345
410,512,2,512,132.86
410,512,2,1024,146.129
410,512,2,2048,172.155
410,512,2,4096,223.638
410,512,2,8192,328.027
410,512,2,16384,532.987
410,512,2,32768,939.34
410,512,2,65536,1757.51
410,512,4,16,133.307
410,512,4,32,133.376
410,512,4,64,133.408
410,512,4,128,133.648
410,512,4,256,133.606
410,512,4,512,133.515
410,512,4,1024,146.299
410,512,4,2048,172.688
410,512,4,4096,225.19
410,512,4,8192,328.037
410,512,4,16384,532.396
410,512,4,32768,943.425
410,512,4,65536,1759.53
410,512,8,16,134.086
410,512,8,32,133.612
410,512,8,64,133.893
410,512,8,128,133.984
410,512,8,256,133.248
410,512,8,512,134.218
410,512,8,1024,147.953
410,512,8,2048,174.134
410,512,8,4096,226.49
410,512,8,8192,328.022
410,512,8,16384,533.397
410,512,8,32768,943.473
410,512,8,65536,1759.22
410,512,16,16,134.133
410,512,16,32,135.249
410,512,16,64,134.693
410,512,16,128,134.17
410,512,16,256,134.496
410,512,16,512,135.237
410,512,16,1024,149.42
410,512,16,2048,176.032
410,512,16,4096,226.587
410,512,16,8192,330.768
410,512,16,16384,534.901
410,512,16,32768,946.7
410,512,16,65536,1768.3
410,512,32,16,135.643
410,512,32,32,135.264
410,512,32,64,135.553
410,512,32,128,136.128
410,512,32,256,136.539
410,512,32,512,137.397
410,512,32,1024,151.867
410,512,32,2048,177.595
410,512,32,4096,229.595
410,512,32,8192,332.037
410,512,32,16384,537.451
410,512,32,32768,949.303
410,512,32,65536,1771.72
410,512,64,16,138.534
410,512,64,32,138.609
410,512,64,64,138.048
410,512,64,128,138.454
410,512,64,256,139.099
410,512,64,512,142.214
410,512,64,1024,156.96
410,512,64,2048,181.323
410,512,64,4096,234.346
410,512,64,8192,339.329
410,512,64,16384,551.313
410,512,64,32768,972.316
410,512,64,65536,1815.75
410,512,128,16,145.456
410,512,128,32,145.462
410,512,128,64,145.041
410,512,128,128,147.312
410,512,128,256,155.35
410,512,128,512,171.803
410,512,128,1024,192.913
410,512,128,2048,226.363
410,512,128,4096,292.421
410,512,128,8192,427.041
410,512,128,16384,691.067
410,512,128,32768,1221.13
410,512,128,65536,2294.79
410,1024,0,0,185.403
410,1024,1,16,185.915
410,1024,1,32,185.297
410,1024,1,64,185.307
410,1024,1,128,185.317
410,1024,1,256,185.857
410,1024,1,512,185.403
410,1024,1,1024,185.856
410,1024,1,2048,211.04
410,1024,1,4096,262.667
410,1024,1,8192,364.976
410,1024,1,16384,570.55
410,1024,1,32768,979.383
410,1024,1,65536,1794.16
410,1024,2,16,185.435
410,1024,2,32,185.328
410,1024,2,64,186.181
410,1024,2,128,185.323
410,1024,2,256,185.904
410,1024,2,512,185.685
410,1024,2,1024,186.065
410,1024,2,2048,211.27
410,1024,2,4096,262.651
410,1024,2,8192,366.816
410,1024,2,16384,571.542
410,1024,2,32768,980.956
410,1024,2,65536,1797.58
410,1024,4,16,185.643
410,1024,4,32,185.659
410,1024,4,64,185.798
410,1024,4,128,186.304
410,1024,4,256,185.782
410,1024,4,512,186.048
410,1024,4,1024,187.371
410,1024,4,2048,212.806
410,1024,4,4096,264.3
410,1024,4,8192,367.851
410,1024,4,16384,571.366
410,1024,4,32768,981.586
410,1024,4,65536,1801.22
410,1024,8,16,186.405
410,1024,8,32,186.417
410,1024,8,64,186.992
410,1024,8,128,186.838
410,1024,8,256,186.672
410,1024,8,512,187.099
410,1024,8,1024,187.206
410,1024,8,2048,214.235
410,1024,8,4096,265.851
410,1024,8,8192,368.438
410,1024,8,16384,573.948
410,1024,8,32768,981.415
410,1024,8,65536,1803.12
410,1024,16,16,186.395
410,1024,16,32,187.051
410,1024,16,64,187.387
410,1024,16,128,186.976
410,1024,16,256,187.291
410,1024,16,512,188.16
410,1024,16,1024,189.137
410,1024,16,2048,215.1
410,1024,16,4096,267.664
410,1024,16,8192,369.281
410,1024,16,16384,573.83
410,1024,16,32768,986.982
410,1024,16,65536,1808.58
410,1024,32,16,188.848
410,1024,32,32,188.289
410,1024,32,64,188.017
410,1024,32,128,188.042
410,1024,32,256,188.576
410,1024,32,512,189.393
410,1024,32,1024,191.563
410,1024,32,2048,217.008
410,1024,32,4096,269.686
410,1024,32,8192,371.472
410,1024,32,16384,576.988
410,1024,32,32768,988.822
410,1024,32,65536,1814.14
410,1024,64,16,191.611
410,1024,64,32,191.393
410,1024,64,64,190.928
410,1024,64,128,190.987
410,1024,64,256,192.267
410,1024,64,512,191.665
410,1024,64,1024,195.425
410,1024,64,2048,221.557
410,1024,64,4096,273.883
410,1024,64,8192,379.051
410,1024,64,16384,590.71
410,1024,64,32768,1013.57
410,1024,64,65536,1851.81
410,1024,128,16,197.44
410,1024,128,32,197.963
410,1024,128,64,197.771
410,1024,128,128,198.517
410,1024,128,256,199.738
410,1024,128,512,210.961
410,1024,128,1024,239.787
410,1024,128,2048,276.129
410,1024,128,4096,345.024
410,1024,128,8192,477.211
410,1024,128,16384,742.439
410,1024,128,32768,1276.22
410,1024,128,65536,2342.97
410,2048,0,0,289.067
410,2048,1,16,287.978
410,2048,1,32,289.452
410,2048,1,64,289.329
410,2048,1,128,289.265
410,2048,1,256,288.289
410,2048,1,512,288.453
410,2048,1,1024,288.492
410,2048,1,2048,288.811
410,2048,1,4096,340.305
410,2048,1,8192,442.635
410,2048,1,16384,648.081
410,2048,1,32768,1057.14
410,2048,1,65536,1870.47
410,2048,2,16,288.758
410,2048,2,32,288.593
410,2048,2,64,288.609
410,2048,2,128,288.635
410,2048,2,256,289.84
410,2048,2,512,288.358
410,2048,2,1024,288.907
410,2048,2,2048,289.222
410,2048,2,4096,341.291
410,2048,2,8192,443.93
410,2048,2,16384,649.313
410,2048,2,32768,1057.27
410,2048,2,65536,1872.54
410,2048,4,16,288.976
410,2048,4,32,290.118
410,2048,4,64,289.04
410,2048,4,128,289.019
410,2048,4,256,288.753
410,2048,4,512,288.913
410,2048,4,1024,289.051
410,2048,4,2048,290.091
410,2048,4,4096,342.475
410,2048,4,8192,445.382
410,2048,4,16384,648.896
410,2048,4,32768,1059.86
410,2048,4,65536,1873.89
410,2048,8,16,289.356
410,2048,8,32,288.731
410,2048,8,64,289.595
410,2048,8,128,289.371
410,2048,8,256,290.395
410,2048,8,512,290.656
410,2048,8,1024,290.033
410,2048,8,2048,291.248
410,2048,8,4096,344.086
410,2048,8,8192,446.283
410,2048,8,16384,650.902
410,2048,8,32768,1060.96
410,2048,8,65536,1883.27
410,2048,16,16,289.489
410,2048,16,32,289.622
410,2048,16,64,289.894
410,2048,16,128,290.229
410,2048,16,256,290.379
410,2048,16,512,290.608
410,2048,16,1024,291.334
410,2048,16,2048,292.817
410,2048,16,4096,343.867
410,2048,16,8192,447.355
410,2048,16,16384,651.062
410,2048,16,32768,1067.32
410,2048,16,65536,1884.33
410,2048,32,16,290.986
410,2048,32,32,290.939
410,2048,32,64,290.95
410,2048,32,128,291.174
410,2048,32,256,291.302
410,2048,32,512,292.065
410,2048,32,1024,293.269
410,2048,32,2048,294.405
410,2048,32,4096,345.462
410,2048,32,8192,448.588
410,2048,32,16384,653.756
410,2048,32,32768,1070.65
410,2048,32,65536,1887.1
410,2048,64,16,293.227
410,2048,64,32,293.632
410,2048,64,64,293.857
410,2048,64,128,294.133
410,2048,64,256,294.166
410,2048,64,512,294.523
410,2048,64,1024,294.608
410,2048,64,2048,299.521
410,2048,64,4096,351.579
410,2048,64,8192,455.781
410,2048,64,16384,666.907
410,2048,64,32768,1088.51
410,2048,64,65536,1927.88
410,2048,128,16,300.267
410,2048,128,32,300.443
410,2048,128,64,301.11
410,2048,128,128,301.845
410,2048,128,256,303.115
410,2048,128,512,306.198
410,2048,128,1024,317.712
410,2048,128,2048,373.99
410,2048,128,4096,443.035
410,2048,128,8192,577.579
410,2048,128,16384,840.119
410,2048,128,32768,1374.4
410,2048,128,65536,2433.37
410,4096,0,0,492.011
410,4096,1,16,491.627
410,4096,1,32,491.376
410,4096,1,64,491.195
410,4096,1,128,491.82
410,4096,1,256,491.452
410,4096,1,512,492.379
410,4096,1,1024,491.857
410,4096,1,2048,491.569
410,4096,1,4096,492.699
410,4096,1,8192,595.9
410,4096,1,16384,800.583
410,4096,1,32768,1208.96
410,4096,1,65536,2025
410,4096,2,16,491.916
410,4096,2,32,491.958
410,4096,2,64,491.558
410,4096,2,128,491.728
410,4096,2,256,492.086
410,4096,2,512,491.585
410,4096,2,1024,491.771
410,4096,2,2048,492.78
410,4096,2,4096,493.728
410,4096,2,8192,596.678
410,4096,2,16384,801.916
410,4096,2,32768,1209.66
410,4096,2,65536,2031.17
410,4096,4,16,493.729
410,4096,4,32,493.211
410,4096,4,64,492.785
410,4096,4,128,492.032
410,4096,4,256,492.577
410,4096,4,512,494.294
410,4096,4,1024,492.582
410,4096,4,2048,492.705
410,4096,4,4096,494.897
410,4096,4,8192,597.793
410,4096,4,16384,802.619
410,4096,4,32768,1213.22
410,4096,4,65536,2028.27
410,4096,8,16,493.429
410,4096,8,32,492.918
410,4096,8,64,492.566
410,4096,8,128,492.539
410,4096,8,256,492.656
410,4096,8,512,492.56
410,4096,8,1024,494.086
410,4096,8,2048,494.554
410,4096,8,4096,496.561
410,4096,8,8192,601.11
410,4096,8,16384,803.468
410,4096,8,32768,1213.15
410,4096,8,65536,2036.97
410,4096,16,16,494.363
410,4096,16,32,493.147
410,4096,16,64,492.748
410,4096,16,128,493.051
410,4096,16,256,493.761
410,4096,16,512,493.419
410,4096,16,1024,495.174
410,4096,16,2048,494.976
410,4096,16,4096,496.081
410,4096,16,8192,600.731
410,4096,16,16384,804.843
410,4096,16,32768,1214.49
410,4096,16,65536,2037.44
410,4096,32,16,493.916
410,4096,32,32,494.732
410,4096,32,64,494.182
410,4096,32,128,494.694
410,4096,32,256,494.924
410,4096,32,512,495.372
410,4096,32,1024,495.574
410,4096,32,2048,495.398
410,4096,32,4096,498.678
410,4096,32,8192,601.057
410,4096,32,16384,806.278
410,4096,32,32768,1227.24
410,4096,32,65536,2041.04
410,4096,64,16,496.406
410,4096,64,32,496.779
410,4096,64,64,498.182
410,4096,64,128,497.233
410,4096,64,256,497.025
410,4096,64,512,497.185
410,4096,64,1024,498.939
410,4096,64,2048,498.742
410,4096,64,4096,504.219
410,4096,64,8192,609.739
410,4096,64,16384,821.334
410,4096,64,32768,1245.58
410,4096,64,65536,2091.69
410,4096,128,16,502.651
410,4096,128,32,503.67
410,4096,128,64,503.403
410,4096,128,128,503.606
410,4096,128,256,506.118
410,4096,128,512,507.894
410,4096,128,1024,511.755
410,4096,128,2048,525.366
410,4096,128,4096,638.534
410,4096,128,8192,772.043
410,4096,128,16384,1033.33
410,4096,128,32768,1547.23
410,4096,128,65536,2597.91
410,8192,0,0,894.231
410,8192,1,16,894.422
410,8192,1,32,894.673
410,8192,1,64,893.255
410,8192,1,128,894.578
410,8192,1,256,894.039
410,8192,1,512,894.861
410,8192,1,1024,897.292
410,8192,1,2048,896.951
410,8192,1,4096,894.833
410,8192,1,8192,897.293
410,8192,1,16384,1101.45
410,8192,1,32768,1508.83
410,8192,1,65536,2325.56
410,8192,2,16,894.524
410,8192,2,32,894.668
410,8192,2,64,893.724
410,8192,2,128,894.295
410,8192,2,256,894.476
410,8192,2,512,894.988
410,8192,2,1024,894.69
410,8192,2,2048,895.612
410,8192,2,4096,895.499
410,8192,2,8192,897.324
410,8192,2,16384,1103.57
410,8192,2,32768,1509.06
410,8192,2,65536,2325.28
410,8192,4,16,895.195
410,8192,4,32,894.594
410,8192,4,64,895.762
410,8192,4,128,894.994
410,8192,4,256,894.311
410,8192,4,512,895.004
410,8192,4,1024,896.722
410,8192,4,2048,895.655
410,8192,4,4096,896.066
410,8192,4,8192,899.345
410,8192,4,16384,1103.16
410,8192,4,32768,1509.51
410,8192,4,65536,2326.93
410,8192,8,16,895.164
410,8192,8,32,895.83
410,8192,8,64,896.742
410,8192,8,128,894.775
410,8192,8,256,895.42
410,8192,8,512,896.391
410,8192,8,1024,898.342
410,8192,8,2048,899.116
410,8192,8,4096,899.735
410,8192,8,8192,900.616
410,8192,8,16384,1103.81
410,8192,8,32768,1510.13
410,8192,8,65536,2330.26
410,8192,16,16,895.995
410,8192,16,32,894.652
410,8192,16,64,897.324
410,8192,16,128,895.868
410,8192,16,256,895.025
410,8192,16,512,896.385
410,8192,16,1024,897.313
410,8192,16,2048,897.814
410,8192,16,4096,898.454
410,8192,16,8192,900.615
410,8192,16,16384,1104.1
410,8192,16,32768,1512.98
410,8192,16,65536,2330.71
410,8192,32,16,896.668
410,8192,32,32,896.919
410,8192,32,64,896.988
410,8192,32,128,897.004
410,8192,32,256,897.014
410,8192,32,512,897.894
410,8192,32,1024,898.349
410,8192,32,2048,898.402
410,8192,32,4096,898.678
410,8192,32,8192,901.196
410,8192,32,16384,1109.99
410,8192,32,32768,1522.58
410,8192,32,65536,2343.52
410,8192,64,16,898.46
410,8192,64,32,898.871
410,8192,64,64,899.186
410,8192,64,128,899.046
410,8192,64,256,900.53
410,8192,64,512,900.113
410,8192,64,1024,900.305
410,8192,64,2048,901.339
410,8192,64,4096,900.929
410,8192,64,8192,910.811
410,8192,64,16384,1119.88
410,8192,64,32768,1540.12
410,8192,64,65536,2385.39
410,8192,128,16,906.636
410,8192,128,32,907.222
410,8192,128,64,907.031
410,8192,128,128,909.099
410,8192,128,256,908.434
410,8192,128,512,909.745
410,8192,128,1024,915.121
410,8192,128,2048,921.666
410,8192,128,4096,942.487
410,8192,128,8192,1161.03
410,8192,128,16384,1426.3
410,8192,128,32768,1945.2
410,8192,128,65536,2972.51
410,16384,0,0,1703.38
410,16384,1,16,1702.44
410,16384,1,32,1703.42
410,16384,1,64,1706.4
410,16384,1,128,1703.51
410,16384,1,256,1704.39
410,16384,1,512,1703.09
410,16384,1,1024,1704.31
410,16384,1,2048,1704.07
410,16384,1,4096,1704.48
410,16384,1,8192,1704.23
410,16384,1,16384,1708.1
410,16384,1,32768,2117.04
410,16384,1,65536,2935.83
410,16384,2,16,1706.44
410,16384,2,32,1702.76
410,16384,2,64,1703.14
410,16384,2,128,1703.4
410,16384,2,256,1703.42
410,16384,2,512,1703.3
410,16384,2,1024,1704.2
410,16384,2,2048,1704.32
410,16384,2,4096,1704.42
410,16384,2,8192,1705.37
410,16384,2,16384,1708.13
410,16384,2,32768,2117.38
410,16384,2,65536,2934.08
410,16384,4,16,1703.62
410,16384,4,32,1703.96
410,16384,4,64,1704.04
410,16384,4,128,1706.48
410,16384,4,256,1705.14
410,16384,4,512,1704.48
410,16384,4,1024,1704.86
410,16384,4,2048,1705.95
410,16384,4,4096,1706.31
410,16384,4,8192,1706.74
410,16384,4,16384,1709.24
410,16384,4,32768,2117.72
410,16384,4,65536,2934.67
410,16384,8,16,1705.87
410,16384,8,32,1706.14
410,16384,8,64,1708.69
410,16384,8,128,1705.01
410,16384,8,256,1704.32
410,16384,8,512,1705.21
410,16384,8,1024,1706.46
410,16384,8,2048,1705.14
410,16384,8,4096,1708.77
410,16384,8,8192,1710.71
410,16384,8,16384,1709.73
410,16384,8,32768,2119.23
410,16384,8,65536,2939.2
410,16384,16,16,1704.47
410,16384,16,32,1704.55
410,16384,16,64,1705.21
410,16384,16,128,1705.67
410,16384,16,256,1707.16
410,16384,16,512,1705.54
410,16384,16,1024,1705.78
410,16384,16,2048,1706.34
410,16384,16,4096,1705.95
410,16384,16,8192,1707.4
410,16384,16,16384,1710.83
410,16384,16,32768,2118.74
410,16384,16,65536,2937.26
410,16384,32,16,1709.69
410,16384,32,32,1705.85
410,16384,32,64,1705.44
410,16384,32,128,1706.39
410,16384,32,256,1708.15
410,16384,32,512,1708.15
410,16384,32,1024,1707.62
410,16384,32,2048,1707.66
410,16384,32,4096,1709.95
410,16384,32,8192,1709.08
410,16384,32,16384,1713.56
410,16384,32,32768,2122.08
410,16384,32,65536,2948.6
410,16384,64,16,1710.6
410,16384,64,32,1710.17
410,16384,64,64,1708.77
410,16384,64,128,1709.83
410,16384,64,256,1710.77
410,16384,64,512,1710.15
410,16384,64,1024,1710.35
410,16384,64,2048,1709.9
410,16384,64,4096,1710.27
410,16384,64,8192,1713.21
410,16384,64,16384,1724.6
410,16384,64,32768,2150.3
410,16384,64,65536,2992.22
410,16384,128,16,1717.81
410,16384,128,32,1716.48
410,16384,128,64,1716.08
410,16384,128,128,1716.42
410,16384,128,256,1717.94
410,16384,128,512,1719.22
410,16384,128,1024,1722.89
410,16384,128,2048,1731.13
410,16384,128,4096,1736.38
410,16384,128,8192,1769.53
410,16384,128,16384,2211.42
410,16384,128,32768,2726.16
410,16384,128,65536,3768.62
410,32768,0,0,3328.53
410,32768,1,16,3329.76
410,32768,1,32,3329.84
410,32768,1,64,3329.92
410,32768,1,128,3328.95
410,32768,1,256,3329.68
410,32768,1,512,3332.16
410,32768,1,1024,3329.71
410,32768,1,2048,3329.56
410,32768,1,4096,3330.64
410,32768,1,8192,3330.63
410,32768,1,16384,3329.93
410,32768,1,32768,3334.21
410,32768,1,65536,4151.49
410,32768,2,16,3330.13
410,32768,2,32,3329.45
410,32768,2,64,3328.83
410,32768,2,128,3329.59
410,32768,2,256,3329.19
410,32768,2,512,3328.83
410,32768,2,1024,3333.01
410,32768,2,2048,3330.26
410,32768,2,4096,3330.73
410,32768,2,8192,3330.56
410,32768,2,16384,3329.74
410,32768,2,32768,3336.03
410,32768,2,65536,4152.23
410,32768,4,16,3330.49
410,32768,4,32,3329.05
410,32768,4,64,3329.91
410,32768,4,128,3328.83
410,32768,4,256,3330.2
410,32768,4,512,3330.31
410,32768,4,1024,3329.26
410,32768,4,2048,3331
410,32768,4,4096,3330.71
410,32768,4,8192,3330.03
410,32768,4,16384,3330.57
410,32768,4,32768,3335.5
410,32768,4,65536,4153.81
410,32768,8,16,3334.16
410,32768,8,32,3330.43
410,32768,8,64,3330.33
410,32768,8,128,3329.74
410,32768,8,256,3329.54
410,32768,8,512,3332.1
410,32768,8,1024,3330.88
410,32768,8,2048,3331.87
410,32768,8,4096,3331.11
410,32768,8,8192,3331.08
410,32768,8,16384,3330.5
410,32768,8,32768,3339.41
410,32768,8,65536,4155.7
410,32768,16,16,3329.79
410,32768,16,32,3330.53
410,32768,16,64,3330.22
410,32768,16,128,3330.31
410,32768,16,256,3330.55
410,32768,16,512,3331.76
410,32768,16,1024,3330.84
410,32768,16,2048,3331.7
410,32768,16,4096,3330.58
410,32768,16,8192,3334.34
410,32768,16,16384,3330.49
410,32768,16,32768,3337.7
410,32768,16,65536,4155.28
410,32768,32,16,3331.91
410,32768,32,32,3331.25
410,32768,32,64,3330.96
410,32768,32,128,3331.71
410,32768,32,256,3331.17
410,32768,32,512,3330.94
410,32768,32,1024,3331.81
410,32768,32,2048,3331.12
410,32768,32,4096,3331.82
410,32768,32,8192,3332.72
410,32768,32,16384,3332.92
410,32768,32,32768,3344.87
410,32768,32,65536,4168.06
410,32768,64,16,3333.57
410,32768,64,32,3333.26
410,32768,64,64,3333.16
410,32768,64,128,3332.94
410,32768,64,256,3333.57
410,32768,64,512,3332.53
410,32768,64,1024,3333.99
410,32768,64,2048,3336.82
410,32768,64,4096,3336.11
410,32768,64,8192,3341.08
410,32768,64,16384,3344.56
410,32768,64,32768,3369.43
410,32768,64,65536,4210.15
410,32768,128,16,3340.87
410,32768,128,32,3340.67
410,32768,128,64,3339.9
410,32768,128,128,3341.01
410,32768,128,256,3342.63
410,32768,128,512,3345.02
410,32768,128,1024,3349.64
410,32768,128,2048,3354.65
410,32768,128,4096,3364.48
410,32768,128,8192,3380.55
410,32768,128,16384,3435.08
410,32768,128,32768,4316.31
410,32768,128,65536,5351.26
410,65536,0,0,6577.06
410,65536,1,16,6576.28
410,65536,1,32,6578.41
410,65536,1,64,6577.81
410,65536,1,128,6577.82
410,65536,1,256,6577.2
410,65536,1,512,6576.89
410,65536,1,1024,6577.83
410,65536,1,2048,6578.22
410,65536,1,4096,6578.59
410,65536,1,8192,6578.59
410,65536,1,16384,6581.07
410,65536,1,32768,6578.27
410,65536,1,65536,6586.52
410,65536,2,16,6578.19
410,65536,2,32,6577.15
410,65536,2,64,6577.83
410,65536,2,128,6580.75
410,65536,2,256,6577.26
410,65536,2,512,6578.32
410,65536,2,1024,6578.35
410,65536,2,2048,6577.91
410,65536,2,4096,6577.47
410,65536,2,8192,6577.73
410,65536,2,16384,6578.73
410,65536,2,32768,6578.42
410,65536,2,65536,6587.3
410,65536,4,16,6578.11
410,65536,4,32,6576.7
410,65536,4,64,6576.79
410,65536,4,128,6577.94
410,65536,4,256,6577.54
410,65536,4,512,6578.09
410,65536,4,1024,6577.77
410,65536,4,2048,6577.7
410,65536,4,4096,6577.32
410,65536,4,8192,6577.71
410,65536,4,16384,6578.62
410,65536,4,32768,6578.6
410,65536,4,65536,6587.21
410,65536,8,16,6581.81
410,65536,8,32,6578.09
410,65536,8,64,6577.97
410,65536,8,128,6577.99
410,65536,8,256,6579.7
410,65536,8,512,6580.22
410,65536,8,1024,6579.7
410,65536,8,2048,6578.4
410,65536,8,4096,6578.46
410,65536,8,8192,6578.07
410,65536,8,16384,6578.56
410,65536,8,32768,6578.57
410,65536,8,65536,6589.57
410,65536,16,16,6577.84
410,65536,16,32,6579.17
410,65536,16,64,6578.9
410,65536,16,128,6577.24
410,65536,16,256,6581.53
410,65536,16,512,6580.32
410,65536,16,1024,6583.41
410,65536,16,2048,6581.81
410,65536,16,4096,6580.07
410,65536,16,8192,6578.74
410,65536,16,16384,6578.33
410,65536,16,32768,6579.78
410,65536,16,65536,6590.55
410,65536,32,16,6578.74
410,65536,32,32,6579.68
410,65536,32,64,6578.48
410,65536,32,128,6580.5
410,65536,32,256,6582.06
410,65536,32,512,6583.29
410,65536,32,1024,6580.99
410,65536,32,2048,6579.62
410,65536,32,4096,6579.49
410,65536,32,8192,6580.61
410,65536,32,16384,6581.78
410,65536,32,32768,6586.62
410,65536,32,65536,6605.71
410,65536,64,16,6580.59
410,65536,64,32,6581.63
410,65536,64,64,6582.03
410,65536,64,128,6581.45
410,65536,64,256,6581.87
410,65536,64,512,6583.66
410,65536,64,1024,6582.44
410,65536,64,2048,6582.88
410,65536,64,4096,6581.92
410,65536,64,8192,6584.37
410,65536,64,16384,6588.4
410,65536,64,32768,6599.17
410,65536,64,65536,6653.41
410,65536,128,16,6588.33
410,65536,128,32,6588.79
410,65536,128,64,6589.06
410,65536,128,128,6588.68
410,65536,128,256,6590.98
410,65536,128,512,6591.73
410,65536,128,1024,6594.41
410,65536,128,2048,6597.25
410,65536,128,4096,6608.91
410,65536,128,8192,6625.99
410,65536,128,16384,6665.13
410,65536,128,32768,6758.1
410,65536,128,65536,8525.53
615,0,0,0,79.5095
615,0,1,16,105.899
615,0,1,32,106.021
615,0,1,64,109.851
615,0,1,128,109.862
615,0,1,256,110.645
615,0,1,512,110.858
615,0,1,1024,112.779
615,0,1,2048,113.274
615,0,1,4096,114.982
615,0,1,8192,119.238
615,0,1,16384,124.389
615,0,1,32768,133.521
615,0,1,65536,141.221
615,0,2,16,106.288
615,0,2,32,105.739
615,0,2,64,109.413
615,0,2,128,109.781
615,0,2,256,110.459
615,0,2,512,110.534
615,0,2,1024,112.55
615,0,2,2048,113.589
615,0,2,4096,117.2
615,0,2,8192,122.459
615,0,2,16384,131.003
615,0,2,32768,144.112
615,0,2,65536,157.264
615,0,4,16,106.623
615,0,4,32,106.512
615,0,4,64,109.574
615,0,4,128,110.608
615,0,4,256,110.24
615,0,4,512,111.093
615,0,4,1024,113.29
615,0,4,2048,117.26
615,0,4,4096,123.104
615,0,4,8192,130.833
615,0,4,16384,142.394
615,0,4,32768,157.863
615,0,4,65536,192.155
615,0,8,16,106.454
615,0,8,32,106.608
615,0,8,64,110.123
615,0,8,128,110.657
615,0,8,256,112.219
615,0,8,512,114.677
615,0,8,1024,117.536
615,0,8,2048,121.392
615,0,8,4096,127.648
615,0,8,8192,139.579
615,0,8,16384,157.488
615,0,8,32768,191.941
615,0,8,65536,258.262
615,0,16,16,106.476
615,0,16,32,106.822
615,0,16,64,112.091
615,0,16,128,113.088
615,0,16,256,115.349
615,0,16,512,117.782
615,0,16,1024,120.107
615,0,16,2048,127.121
615,0,16,4096,136.795
615,0,16,8192,155.308
615,0,16,16384,190.731
615,0,16,32768,256.182
615,0,16,65536,397.707
615,0,32,16,109.104
615,0,32,32,109.43
615,0,32,64,116.271
615,0,32,128,118.769
615,0,32,256,119.787
615,0,32,512,123.552
615,0,32,1024,130.005
615,0,32,2048,139.648
615,0,32,4096,157.964
615,0,32,8192,192.71
615,0,32,16384,259.777
615,0,32,32768,400.828
615,0,32,65536,679.399
615,0,64,16,113.515
615,0,64,32,113.649
615,0,64,64,115.851
615,0,64,128,124.688
615,0,64,256,129.504
615,0,64,512,134.859
615,0,64,1024,145.919
615,0,64,2048,164.096
615,0,64,4096,198.938
615,0,64,8192,267.036
615,0,64,16384,408.652
615,0,64,32768,685.904
615,0,64,65536,1225.76
615,0,128,16,123.291
615,0,128,32,123.455
615,0,128,64,125.835
615,0,128,128,128.373
615,0,128,256,134.357
615,0,128,512,144.246
615,0,128,1024,161.558
615,0,128,2048,196.267
615,0,128,4096,264.241
615,0,128,8192,403.499
615,0,128,16384,681.558
615,0,128,32768,1220.69
615,0,128,65536,2292.27
615,16,0,0,116.977
615,16,1,16,144.373
615,16,1,32,143.782
615,16,1,64,147.755
615,16,1,128,147.84
615,16,1,256,148.107
615,16,1,512,148.149
615,16,1,1024,150.715
615,16,1,2048,151.243
615,16,1,4096,153.963
615,16,1,8192,156.827
615,16,1,16384,161.686
615,16,1,32768,171.873
615,16,1,65536,179.37
615,16,2,16,143.974
615,16,2,32,143.467
615,16,2,64,147.41
615,16,2,128,147.238
615,16,2,256,147.708
615,16,2,512,147.872
615,16,2,1024,149.872
615,16,2,2048,151.115
615,16,2,4096,155.248
615,16,2,8192,160.822
615,16,2,16384,168.912
615,16,2,32768,181.653
615,16,2,65536,195.254
615,16,4,16,143.771
615,16,4,32,143.777
615,16,4,64,147.19
615,16,4,128,147.861
615,16,4,256,147.963
615,16,4,512,149.525
615,16,4,1024,150.961
615,16,4,2048,155.2
615,16,4,4096,160.699
615,16,4,8192,169.168
615,16,4,16384,179.718
615,16,4,32768,194.518
615,16,4,65536,228.022
615,16,8,16,144.069
615,16,8,32,144.522
615,16,8,64,147.585
615,16,8,128,148.128
615,16,8,256,149.333
615,16,8,512,151.958
615,16,8,1024,154.527
615,16,8,2048,159.094
615,16,8,4096,166.292
615,16,8,8192,176.742
615,16,8,16384,194.849
615,16,8,32768,229.793
615,16,8,65536,295.829
615,16,16,16,144.48
615,16,16,32,145.046
615,16,16,64,147.994
615,16,16,128,150.117
615,16,16,256,152.608
615,16,16,512,154.864
615,16,16,1024,158.156
615,16,16,2048,164.315
615,16,16,4096,174.6
615,16,16,8192,193.078
615,16,16,16384,227.588
615,16,16,32768,293.015
615,16,16,65536,436.278
615,16,32,16,146.502
615,16,32,32,147.429
615,16,32,64,153.66
615,16,32,128,156.955
615,16,32,256,157.525
615,16,32,512,161.658
615,16,32,1024,166.992
615,16,32,2048,176.677
615,16,32,4096,195.473
615,16,32,8192,229.7
615,16,32,16384,298.47
615,16,32,32768,439.664
615,16,32,65536,716.048
615,16,64,16,150.955
615,16,64,32,150.379
615,16,64,64,153.063
615,16,64,128,162.721
615,16,64,256,166.513
615,16,64,512,172.693
615,16,64,1024,182.922
615,16,64,2048,200.374
615,16,64,4096,235.714
615,16,64,8192,303.387
615,16,64,16384,445.653
615,16,64,32768,723.073
615,16,64,65536,1261.27
615,16,128,16,160.666
615,16,128,32,160.475
615,16,128,64,164.24
615,16,128,128,166.379
615,16,128,256,172.091
615,16,128,512,182.427
615,16,128,1024,199.909
615,16,128,2048,234.517
615,16,128,4096,301.59
615,16,128,8192,441.765
615,16,128,16384,719.585
615,16,128,32768,1258.28
615,16,128,65536,2332.43
615,32,0,0,117.632
615,32,1,16,144.699
615,32,1,32,144.79
615,32,1,64,148.399
615,32,1,128,148.337
615,32,1,256,148.453
615,32,1,512,149.622
615,32,1,1024,150.238
615,32,1,2048,151.984
615,32,1,4096,153.623
615,32,1,8192,158.326
615,32,1,16384,163.232
615,32,1,32768,172.773
615,32,1,65536,179.483
615,32,2,16,144.518
615,32,2,32,145.43
615,32,2,64,148.444
615,32,2,128,149.099
615,32,2,256,148.384
615,32,2,512,149.109
615,32,2,1024,151.317
615,32,2,2048,152.188
615,32,2,4096,156.225
615,32,2,8192,161.81
615,32,2,16384,170.8
615,32,2,32768,183.163
615,32,2,65536,195.67
615,32,4,16,145.169
615,32,4,32,145.375
615,32,4,64,148.474
615,32,4,128,148.208
615,32,4,256,148.267
615,32,4,512,150.284
615,32,4,1024,151.975
615,32,4,2048,156.624
615,32,4,4096,161.52
615,32,4,8192,169.766
615,32,4,16384,180.309
615,32,4,32768,195.697
615,32,4,65536,229.078
615,32,8,16,144.966
615,32,8,32,145.381
615,32,8,64,148.992
615,32,8,128,149.537
615,32,8,256,150.453
615,32,8,512,154.28
615,32,8,1024,155.99
615,32,8,2048,160.3
615,32,8,4096,167.052
615,32,8,8192,176.922
615,32,8,16384,195.999
615,32,8,32768,230
615,32,8,65536,296.283
615,32,16,16,144.839
615,32,16,32,145.28
615,32,16,64,150.24
615,32,16,128,151.42
615,32,16,256,153.451
615,32,16,512,155.413
615,32,16,1024,158.268
615,32,16,2048,165.621
615,32,16,4096,175.531
615,32,16,8192,194.228
615,32,16,16384,229.019
615,32,16,32768,294.124
615,32,16,65536,436.496
615,32,32,16,147.802
615,32,32,32,147.653
615,32,32,64,155.115
615,32,32,128,157.626
615,32,32,256,159.242
615,32,32,512,163.466
615,32,32,1024,167.984
615,32,32,2048,177.893
615,32,32,4096,196.576
615,32,32,8192,231.941
615,32,32,16384,298.826
615,32,32,32768,440.365
615,32,32,65536,720.076
615,32,64,16,151.537
615,32,64,32,151.888
615,32,64,64,153.963
615,32,64,128,163.51
615,32,64,256,167.056
615,32,64,512,172.939
615,32,64,1024,183.74
615,32,64,2048,201.648
615,32,64,4096,237.701
615,32,64,8192,307.349
615,32,64,16384,447.6
615,32,64,32768,725.413
615,32,64,65536,1265.32
615,32,128,16,161.467
615,32,128,32,162.022
615,32,128,64,165.041
615,32,128,128,166.981
615,32,128,256,173.353
615,32,128,512,182.945
615,32,128,1024,200.528
615,32,128,2048,235.434
615,32,128,4096,302.411
615,32,128,8192,442.971
615,32,128,16384,722.448
615,32,128,32768,1257.35
615,32,128,65536,2335.62
615,64,0,0,118.155
615,64,1,16,145.728
615,64,1,32,145.535
615,64,1,64,148.554
615,64,1,128,149.028
615,64,1,256,149.579
615,64,1,512,149.42
615,64,1,1024,151.195
615,64,1,2048,152.299
615,64,1,4096,154.506
615,64,1,8192,158.139
615,64,1,16384,163.142
615,64,1,32768,173.457
615,64,1,65536,180.283
615,64,2,16,144.689
615,64,2,32,144.998
615,64,2,64,148.961
615,64,2,128,149.093
615,64,2,256,149.308
615,64,2,512,149.963
615,64,2,1024,151.217
615,64,2,2048,153.243
615,64,2,4096,156.17
615,64,2,8192,161.547
615,64,2,16384,171.595
615,64,2,32768,182.41
615,64,2,65536,196.683
615,64,4,16,145.349
615,64,4,32,146.213
615,64,4,64,148.502
615,64,4,128,148.528
615,64,4,256,149.615
615,64,4,512,149.905
615,64,4,1024,152.181
615,64,4,2048,156.252
615,64,4,4096,161.963
615,64,4,8192,170.93
615,64,4,16384,180.679
615,64,4,32768,195.371
615,64,4,65536,229.92
615,64,8,16,145.659
615,64,8,32,145.697
615,64,8,64,149.083
615,64,8,128,148.981
615,64,8,256,150.917
615,64,8,512,154.011
615,64,8,1024,156.464
615,64,8,2048,160.613
615,64,8,4096,166.569
615,64,8,8192,178.48
615,64,8,16384,196.05
615,64,8,32768,230.815
615,64,8,65536,295.702
615,64,16,16,145.782
615,64,16,32,146.214
615,64,16,64,150.29
615,64,16,128,151.585
615,64,16,256,153.627
615,64,16,512,155.855
615,64,16,1024,160.31
615,64,16,2048,165.642
615,64,16,4096,177.313
615,64,16,8192,194.597
615,64,16,16384,229.136
615,64,16,32768,294.762
615,64,16,65536,437.313
615,64,32,16,148.145
615,64,32,32,147.956
615,64,32,64,155.899
615,64,32,128,157.596
615,64,32,256,159.227
615,64,32,512,163.1
615,64,32,1024,167.509
615,64,32,2048,178.043
615,64,32,4096,195.846
615,64,32,8192,230.924
615,64,32,16384,298.251
615,64,32,32768,438.011
615,64,32,65536,720.684
615,64,64,16,152.662
615,64,64,32,152.8
615,64,64,64,154.907
615,64,64,128,163.126
615,64,64,256,168.417
615,64,64,512,173.312
615,64,64,1024,183.087
615,64,64,2048,201.621
615,64,64,4096,237.478
615,64,64,8192,303.477
615,64,64,16384,446.31
615,64,64,32768,726.47
615,64,64,65536,1263.53
615,64,128,16,162.544
615,64,128,32,161.888
615,64,128,64,164.928
615,64,128,128,167.862
615,64,128,256,173.018
615,64,128,512,182.886
615,64,128,1024,200.869
615,64,128,2048,235.13
615,64,128,4096,302.583
615,64,128,8192,442.459
615,64,128,16384,723.014
615,64,128,32768,1262.93
615,64,128,65536,2335.78
615,128,0,0,120.764
615,128,1,16,147.711
615,128,1,32,147.43
615,128,1,64,150.139
615,128,1,128,152.379
615,128,1,256,152.415
615,128,1,512,152.619
615,128,1,1024,153.878
615,128,1,2048,154.827
615,128,1,4096,156.24
615,128,1,8192,161.403
615,128,1,16384,165.376
615,128,1,32768,175.659
615,128,1,65536,182.619
615,128,2,16,147.451
615,128,2,32,147.909
615,128,2,64,150.528
615,128,2,128,151.654
615,128,2,256,152.171
615,128,2,512,152.529
615,128,2,1024,154.223
615,128,2,2048,155.023
615,128,2,4096,159.163
615,128,2,8192,164.421
615,128,2,16384,173.462
615,128,2,32768,186.304
615,128,2,65536,198.742
615,128,4,16,147.75
615,128,4,32,148.476
615,128,4,64,151.2
615,128,4,128,152.341
615,128,4,256,150.78
615,128,4,512,152.774
615,128,4,1024,154.788
615,128,4,2048,157.828
615,128,4,4096,163.52
615,128,4,8192,172.913
615,128,4,16384,183.829
615,128,4,32768,198.922
615,128,4,65536,231.863
615,128,8,16,148.118
615,128,8,32,147.946
615,128,8,64,151.519
615,128,8,128,152.288
615,128,8,256,153.557
615,128,8,512,157.172
615,128,8,1024,158.576
615,128,8,2048,162.89
615,128,8,4096,169.919
615,128,8,8192,180.912
615,128,8,16384,199.206
615,128,8,32768,233.679
615,128,8,65536,298.416
615,128,16,16,148.422
615,128,16,32,148.415
615,128,16,64,153.59
615,128,16,128,154.021
615,128,16,256,156.853
615,128,16,512,157.905
615,128,16,1024,162.015
615,128,16,2048,168.071
615,128,16,4096,178.689
615,128,16,8192,196.331
615,128,16,16384,231.798
615,128,16,32768,297.57
615,128,16,65536,438.438
615,128,32,16,150.199
615,128,32,32,150.064
615,128,32,64,157.6
615,128,32,128,160.204
615,128,32,256,161.479
615,128,32,512,166.274
615,128,32,1024,170.954
615,128,32,2048,181.355
615,128,32,4096,199.167
615,128,32,8192,234.96
615,128,32,16384,301.627
615,128,32,32768,442.118
615,128,32,65536,722.726
615,128,64,16,154.607
615,128,64,32,154.987
615,128,64,64,157.515
615,128,64,128,166.005
615,128,64,256,170.837
615,128,64,512,175.376
615,128,64,1024,185.984
615,128,64,2048,203.312
615,128,64,4096,239.632
615,128,64,8192,308.448
615,128,64,16384,449.083
615,128,64,32768,729.622
615,128,64,65536,1269.5
615,128,128,16,163.745
615,128,128,32,164.838
615,128,128,64,167.482
615,128,128,128,170.038
615,128,128,256,175.75
615,128,128,512,185.472
615,128,128,1024,203.238
615,128,128,2048,238.673
615,128,128,4096,305.885
615,128,128,8192,443.868
615,128,128,16384,726.88
615,128,128,32768,1266.09
615,128,128,65536,2338.67
615,256,0,0,133.419
615,256,1,16,159.54
615,256,1,32,159.909
615,256,1,64,163.952
615,256,1,128,164.746
615,256,1,256,164.006
615,256,1,512,164.331
615,256,1,1024,165.781
615,256,1,2048,166.608
615,256,1,4096,168.411
615,256,1,8192,173.169
615,256,1,16384,177.196
615,256,1,32768,187.361
615,256,1,65536,194.47
615,256,2,16,160.374
615,256,2,32,159.526
615,256,2,64,163.071
615,256,2,128,163.253
615,256,2,256,163.249
615,256,2,512,164.113
615,256,2,1024,166.206
615,256,2,2048,167.382
615,256,2,4096,170.341
615,256,2,8192,176.021
615,256,2,16384,185.004
615,256,2,32768,198.225
615,256,2,65536,209.702
615,256,4,16,159.766
615,256,4,32,160.78
615,256,4,64,163.424
615,256,4,128,162.966
615,256,4,256,163.072
615,256,4,512,164.448
615,256,4,1024,166.693
615,256,4,2048,170.112
615,256,4,4096,176.076
615,256,4,8192,183.499
615,256,4,16384,195.303
615,256,4,32768,210.987
615,256,4,65536,244.15
615,256,8,16,160.325
615,256,8,32,160.165
615,256,8,64,163.226
615,256,8,128,163.824
615,256,8,256,165.532
615,256,8,512,168.085
615,256,8,1024,171.258
615,256,8,2048,175.745
615,256,8,4096,181.066
615,256,8,8192,192.538
615,256,8,16384,209.569
615,256,8,32768,243.814
615,256,8,65536,310.439
615,256,16,16,160.459
615,256,16,32,161.302
615,256,16,64,165.467
615,256,16,128,166.272
615,256,16,256,168.646
615,256,16,512,169.931
615,256,16,1024,174.097
615,256,16,2048,180.564
615,256,16,4096,190.645
615,256,16,8192,208.448
615,256,16,16384,244.097
615,256,16,32768,308.709
615,256,16,65536,452.316
615,256,32,16,162.79
615,256,32,32,163.041
615,256,32,64,169.382
615,256,32,128,172.166
615,256,32,256,173.227
615,256,32,512,177.451
615,256,32,1024,184.186
615,256,32,2048,192.454
615,256,32,4096,211.248
615,256,32,8192,245.431
615,256,32,16384,312.432
615,256,32,32768,455.313
615,256,32,65536,737.455
615,256,64,16,166.662
615,256,64,32,166.812
615,256,64,64,168.78
615,256,64,128,178.086
615,256,64,256,182.262
615,256,64,512,186.635
615,256,64,1024,197.697
615,256,64,2048,215.371
615,256,64,4096,250.874
615,256,64,8192,319.894
615,256,64,16384,459.995
615,256,64,32768,744.742
615,256,64,65536,1286.07
615,256,128,16,177.195
615,256,128,32,177.179
615,256,128,64,179.712
615,256,128,128,182.283
615,256,128,256,187.407
615,256,128,512,197.707
615,256,128,1024,214.662
615,256,128,2048,250.475
615,256,128,4096,317.345
615,256,128,8192,457.376
615,256,128,16384,741.004
615,256,128,32768,1281.92
615,256,128,65536,2353.28
615,512,0,0,154.048
615,512,1,16,180.977
615,512,1,32,181.392
615,512,1,64,184.48
615,512,1,128,184.774
615,512,1,256,185.356
615,512,1,512,186.026
615,512,1,1024,187.04
615,512,1,2048,187.398
615,512,1,4096,190.256
615,512,1,8192,194.309
615,512,1,16384,199.204
615,512,1,32768,208.278
615,512,1,65536,216.268
615,512,2,16,180.811
615,512,2,32,180.672
615,512,2,64,184.058
615,512,2,128,185.654
615,512,2,256,184.758
615,512,2,512,185.856
615,512,2,1024,187.654
615,512,2,2048,188.607
615,512,2,4096,191.302
615,512,2,8192,196.917
615,512,2,16384,206.461
615,512,2,32768,218.107
615,512,2,65536,231.409
615,512,4,16,180.321
615,512,4,32,181.488
615,512,4,64,184.459
615,512,4,128,184.217
615,512,4,256,185.201
615,512,4,512,186.299
615,512,4,1024,188.081
615,512,4,2048,192.29
615,512,4,4096,196.961
615,512,4,8192,206.155
615,512,4,16384,216.081
615,512,4,32768,230.945
615,512,4,65536,265.216
615,512,8,16,181.489
615,512,8,32,181.307
615,512,8,64,184.982
615,512,8,128,184.677
615,512,8,256,186.401
615,512,8,512,190.47
615,512,8,1024,191.664
615,512,8,2048,195.771
615,512,8,4096,202.796
615,512,8,8192,213.034
615,512,8,16384,232.128
615,512,8,32768,265.564
615,512,8,65536,332.368
615,512,16,16,180.961
615,512,16,32,181.834
615,512,16,64,186.767
615,512,16,128,187.601
615,512,16,256,190.326
615,512,16,512,191.584
615,512,16,1024,195.435
615,512,16,2048,201.381
615,512,16,4096,211.206
615,512,16,8192,229.845
615,512,16,16384,263.867
615,512,16,32768,330.928
615,512,16,65536,474.272
615,512,32,16,183.792
615,512,32,32,184.624
615,512,32,64,191.484
615,512,32,128,193.52
615,512,32,256,194.565
615,512,32,512,199.905
615,512,32,1024,204.172
615,512,32,2048,214.833
615,512,32,4096,232.369
615,512,32,8192,267.265
615,512,32,16384,334.449
615,512,32,32768,476.316
615,512,32,65536,757.495
615,512,64,16,188.144
615,512,64,32,187.873
615,512,64,64,190.785
615,512,64,128,199.078
615,512,64,256,204.059
615,512,64,512,208.857
615,512,64,1024,219.361
615,512,64,2048,237.431
615,512,64,4096,273.227
615,512,64,8192,340.864
615,512,64,16384,484.322
615,512,64,32768,763.019
615,512,64,65536,1302.42
615,512,128,16,197.461
615,512,128,32,197.781
615,512,128,64,200.767
615,512,128,128,202.992
615,512,128,256,209.456
615,512,128,512,218.282
615,512,128,1024,236.723
615,512,128,2048,270.736
615,512,128,4096,339.254
615,512,128,8192,479.777
615,512,128,16384,759.253
615,512,128,32768,1300.23
615,512,128,65536,2376.25
615,1024,0,0,194.939
615,1024,1,16,221.514
615,1024,1,32,221.361
615,1024,1,64,224.417
615,1024,1,128,226.164
615,1024,1,256,225.386
615,1024,1,512,225.339
615,1024,1,1024,226.059
615,1024,1,2048,227.952
615,1024,1,4096,230.651
615,1024,1,8192,234.219
615,1024,1,16384,239.014
615,1024,1,32768,249.835
615,1024,1,65536,254.907
615,1024,2,16,221.525
615,1024,2,32,220.939
615,1024,2,64,224.496
615,1024,2,128,224.94
615,1024,2,256,225.712
615,1024,2,512,225.088
615,1024,2,1024,227.531
615,1024,2,2048,228.887
615,1024,2,4096,232.175
615,1024,2,8192,237.429
615,1024,2,16384,246.277
615,1024,2,32768,259.478
615,1024,2,65536,270.171
615,1024,4,16,221.814
615,1024,4,32,221.002
615,1024,4,64,224.933
615,1024,4,128,225.242
615,1024,4,256,225.617
615,1024,4,512,226.294
615,1024,4,1024,229.936
615,1024,4,2048,232.199
615,1024,4,4096,237.541
615,1024,4,8192,246.321
615,1024,4,16384,256.368
615,1024,4,32768,271.071
615,1024,4,65536,304.267
615,1024,8,16,221.845
615,1024,8,32,221.451
615,1024,8,64,224.565
615,1024,8,128,225.307
615,1024,8,256,227.125
615,1024,8,512,229.75
615,1024,8,1024,231.483
615,1024,8,2048,235.798
615,1024,8,4096,242.981
615,1024,8,8192,252.731
615,1024,8,16384,270.699
615,1024,8,32768,305.36
615,1024,8,65536,371.328
615,1024,16,16,221.717
615,1024,16,32,223.27
615,1024,16,64,226.828
615,1024,16,128,228.629
615,1024,16,256,230.768
615,1024,16,512,231.254
615,1024,16,1024,235.301
615,1024,16,2048,241.461
615,1024,16,4096,251.462
615,1024,16,8192,269.167
615,1024,16,16384,304.156
615,1024,16,32768,369.969
615,1024,16,65536,507.473
615,1024,32,16,224.331
615,1024,32,32,224.848
615,1024,32,64,231.483
615,1024,32,128,232.817
615,1024,32,256,235.071
615,1024,32,512,239.258
615,1024,32,1024,244.383
615,1024,32,2048,254.646
615,1024,32,4096,271.932
615,1024,32,8192,306.842
615,1024,32,16384,371.803
615,1024,32,32768,510.849
615,1024,32,65536,782.544
615,1024,64,16,228.341
615,1024,64,32,227.428
615,1024,64,64,230.721
615,1024,64,128,239.927
615,1024,64,256,246.101
615,1024,64,512,250.063
615,1024,64,1024,260.343
615,1024,64,2048,276.71
615,1024,64,4096,312.458
615,1024,64,8192,379.563
615,1024,64,16384,518.406
615,1024,64,32768,788.731
615,1024,64,65536,1326.43
615,1024,128,16,237.862
615,1024,128,32,238.32
615,1024,128,64,240.864
615,1024,128,128,243.826
615,1024,128,256,248.39
615,1024,128,512,259.285
615,1024,128,1024,276.997
615,1024,128,2048,310.785
615,1024,128,4096,378.103
615,1024,128,8192,515.158
615,1024,128,16384,785.932
615,1024,128,32768,1320.83
615,1024,128,65536,2394.76
615,2048,0,0,283.649
615,2048,1,16,309.691
615,2048,1,32,309.632
615,2048,1,64,313.073
615,2048,1,128,314.869
615,2048,1,256,314.106
615,2048,1,512,314.012
615,2048,1,1024,314.273
615,2048,1,2048,315.899
615,2048,1,4096,319.627
615,2048,1,8192,320.966
615,2048,1,16384,327.723
615,2048,1,32768,337.553
615,2048,1,65536,344.235
615,2048,2,16,309.361
615,2048,2,32,309.952
615,2048,2,64,314.128
615,2048,2,128,313.493
615,2048,2,256,314.251
615,2048,2,512,315.205
615,2048,2,1024,316.634
615,2048,2,2048,318.854
615,2048,2,4096,321.361
615,2048,2,8192,327.073
615,2048,2,16384,335.12
615,2048,2,32768,349.387
615,2048,2,65536,358.929
615,2048,4,16,309.445
615,2048,4,32,310.396
615,2048,4,64,312.678
615,2048,4,128,313.901
615,2048,4,256,315.029
615,2048,4,512,314.881
615,2048,4,1024,318.593
615,2048,4,2048,321.019
615,2048,4,4096,326.097
615,2048,4,8192,335.387
615,2048,4,16384,345.089
615,2048,4,32768,359.241
615,2048,4,65536,392.572
615,2048,8,16,309.889
615,2048,8,32,311.152
615,2048,8,64,313.707
615,2048,8,128,313.799
615,2048,8,256,315.388
615,2048,8,512,318.469
615,2048,8,1024,321.039
615,2048,8,2048,325.227
615,2048,8,4096,332.186
615,2048,8,8192,342.502
615,2048,8,16384,359.041
615,2048,8,32768,393.392
615,2048,8,65536,458.384
615,2048,16,16,310.433
615,2048,16,32,310.347
615,2048,16,64,315.018
615,2048,16,128,316.134
615,2048,16,256,318.725
615,2048,16,512,320.204
615,2048,16,1024,324.368
615,2048,16,2048,331.84
615,2048,16,4096,341.951
615,2048,16,8192,357.878
615,2048,16,16384,392.453
615,2048,16,32768,458.396
615,2048,16,65536,595.648
615,2048,32,16,312.587
615,2048,32,32,312.699
615,2048,32,64,319.963
615,2048,32,128,322.918
615,2048,32,256,323.383
615,2048,32,512,327.398
615,2048,32,1024,333.05
615,2048,32,2048,341.963
615,2048,32,4096,359.455
615,2048,32,8192,394.299
615,2048,32,16384,461.441
615,2048,32,32768,596.573
615,2048,32,65536,867.34
615,2048,64,16,316.161
615,2048,64,32,316.208
615,2048,64,64,318.388
615,2048,64,128,327.637
615,2048,64,256,333.729
615,2048,64,512,337.92
615,2048,64,1024,347.851
615,2048,64,2048,365.446
615,2048,64,4096,401.157
615,2048,64,8192,467.451
615,2048,64,16384,607.365
615,2048,64,32768,875.612
615,2048,64,65536,1410.88
615,2048,128,16,327.04
615,2048,128,32,326.742
615,2048,128,64,329.669
615,2048,128,128,332.116
615,2048,128,256,338.038
615,2048,128,512,347.883
615,2048,128,1024,365.447
615,2048,128,2048,399.243
615,2048,128,4096,466.741
615,2048,128,8192,601.313
615,2048,128,16384,869.83
615,2048,128,32768,1405.21
615,2048,128,65536,2478.06
615,4096,0,0,457.212
615,4096,1,16,482.086
615,4096,1,32,481.802
615,4096,1,64,484.79
615,4096,1,128,485.494
615,4096,1,256,486.46
615,4096,1,512,486.598
615,4096,1,1024,487.312
615,4096,1,2048,490.001
615,4096,1,4096,491.232
615,4096,1,8192,495.233
615,4096,1,16384,499.259
615,4096,1,32768,508.919
615,4096,1,65536,517.622
615,4096,2,16,482.395
615,4096,2,32,481.771
615,4096,2,64,486.48
615,4096,2,128,486.721
615,4096,2,256,486.096
615,4096,2,512,488.47
615,4096,2,1024,488.118
615,4096,2,2048,491.11
615,4096,2,4096,493.228
615,4096,2,8192,498.779
615,4096,2,16384,507.52
615,4096,2,32768,518.625
615,4096,2,65536,530.556
615,4096,4,16,482.208
615,4096,4,32,481.968
615,4096,4,64,485.953
615,4096,4,128,486.108
615,4096,4,256,485.819
615,4096,4,512,486.929
615,4096,4,1024,492.044
615,4096,4,2048,491.862
615,4096,4,4096,498.326
615,4096,4,8192,507.788
615,4096,4,16384,517.527
615,4096,4,32768,532.514
615,4096,4,65536,564.4
615,4096,8,16,481.505
615,4096,8,32,482.96
615,4096,8,64,485.667
615,4096,8,128,483.92
615,4096,8,256,486.309
615,4096,8,512,490.215
615,4096,8,1024,492.524
615,4096,8,2048,496.882
615,4096,8,4096,502.199
615,4096,8,8192,513.947
615,4096,8,16384,530.202
615,4096,8,32768,563.988
615,4096,8,65536,629.441
615,4096,16,16,481.697
615,4096,16,32,484.23
615,4096,16,64,488.578
615,4096,16,128,489.232
615,4096,16,256,489.99
615,4096,16,512,492.502
615,4096,16,1024,496.512
615,4096,16,2048,502.097
615,4096,16,4096,511.868
615,4096,16,8192,531.978
615,4096,16,16384,563.654
615,4096,16,32768,630.736
615,4096,16,65536,768.048
615,4096,32,16,485.216
615,4096,32,32,485.286
615,4096,32,64,491.995
615,4096,32,128,495.776
615,4096,32,256,496.337
615,4096,32,512,500.033
615,4096,32,1024,505.675
615,4096,32,2048,514.774
615,4096,32,4096,533.794
615,4096,32,8192,568.269
615,4096,32,16384,635.483
615,4096,32,32768,769.431
615,4096,32,65536,1038.29
615,4096,64,16,489.632
615,4096,64,32,489.051
615,4096,64,64,491.766
615,4096,64,128,501.09
615,4096,64,256,504.891
615,4096,64,512,509.908
615,4096,64,1024,520.305
615,4096,64,2048,537.82
615,4096,64,4096,573.419
615,4096,64,8192,640.466
615,4096,64,16384,779.792
615,4096,64,32768,1048.29
615,4096,64,65536,1582.75
615,4096,128,16,498.849
615,4096,128,32,498.256
615,4096,128,64,501.521
615,4096,128,128,502.187
615,4096,128,256,507.937
615,4096,128,512,518.651
615,4096,128,1024,535.404
615,4096,128,2048,571.403
615,4096,128,4096,637.922
615,4096,128,8192,774.768
615,4096,128,16384,1042.42
615,4096,128,32768,1577.74
615,4096,128,65536,2651.21
615,8192,0,0,792.412
615,8192,1,16,820.375
615,8192,1,32,817.191
615,8192,1,64,821.771
615,8192,1,128,823.216
615,8192,1,256,823.629
615,8192,1,512,823.526
615,8192,1,1024,825.019
615,8192,1,2048,825.782
615,8192,1,4096,828.517
615,8192,1,8192,830.832
615,8192,1,16384,837.312
615,8192,1,32768,846.523
615,8192,1,65536,853.654
615,8192,2,16,821.362
615,8192,2,32,819.552
615,8192,2,64,823.239
615,8192,2,128,823.218
615,8192,2,256,824.514
615,8192,2,512,823.79
615,8192,2,1024,824.182
615,8192,2,2048,827.666
615,8192,2,4096,829.809
615,8192,2,8192,835.083
615,8192,2,16384,844.847
615,8192,2,32768,856.587
615,8192,2,65536,868.309
615,8192,4,16,819.821
615,8192,4,32,820.598
615,8192,4,64,825.796
615,8192,4,128,823.489
615,8192,4,256,823.799
615,8192,4,512,824.785
615,8192,4,1024,828.358
615,8192,4,2048,828.951
615,8192,4,4096,837.34
615,8192,4,8192,844.193
615,8192,4,16384,854.348
615,8192,4,32768,868.69
615,8192,4,65536,901.548
615,8192,8,16,819.341
615,8192,8,32,818.796
615,8192,8,64,824.113
615,8192,8,128,826.364
615,8192,8,256,825.974
615,8192,8,512,825.115
615,8192,8,1024,830.257
615,8192,8,2048,836.327
615,8192,8,4096,838.454
615,8192,8,8192,853.201
615,8192,8,16384,866.656
615,8192,8,32768,900.267
615,8192,8,65536,966.966
615,8192,16,16,819.718
615,8192,16,32,820.092
615,8192,16,64,825.979
615,8192,16,128,826.407
615,8192,16,256,827.864
615,8192,16,512,830.082
615,8192,16,1024,834.593
615,8192,16,2048,841.766
615,8192,16,4096,850.779
615,8192,16,8192,867.889
615,8192,16,16384,900.221
615,8192,16,32768,967.617
615,8192,16,65536,1104.51
615,8192,32,16,821.13
615,8192,32,32,822.609
615,8192,32,64,832.438
615,8192,32,128,834.464
615,8192,32,256,831.479
615,8192,32,512,837.928
615,8192,32,1024,843.782
615,8192,32,2048,851.223
615,8192,32,4096,868.407
615,8192,32,8192,903.356
615,8192,32,16384,970.775
615,8192,32,32768,1106.95
615,8192,32,65536,1378.08
615,8192,64,16,824.656
615,8192,64,32,825.334
615,8192,64,64,828.737
615,8192,64,128,839.335
615,8192,64,256,841.56
615,8192,64,512,844.683
615,8192,64,1024,858.395
615,8192,64,2048,873.803
615,8192,64,4096,911.757
615,8192,64,8192,979.532
615,8192,64,16384,1118.39
615,8192,64,32768,1382.74
615,8192,64,65536,1919.82
615,8192,128,16,836.062
615,8192,128,32,836.129
615,8192,128,64,840.155
615,8192,128,128,839.831
615,8192,128,256,847.105
615,8192,128,512,855.036
615,8192,128,1024,873.362
615,8192,128,2048,908.257
615,8192,128,4096,974.295
615,8192,128,8192,1113.72
615,8192,128,16384,1381.71
615,8192,128,32768,1918.5
615,8192,128,65536,2984.15
615,16384,0,0,1456.47
615,16384,1,16,1483.07
615,16384,1,32,1481.28
615,16384,1,64,1485.27
615,16384,1,128,1485.62
615,16384,1,256,1486.18
615,16384,1,512,1490.59
615,16384,1,1024,1488.69
615,16384,1,2048,1490.88
615,16384,1,4096,1493.52
615,16384,1,8192,1495.77
615,16384,1,16384,1497.33
615,16384,1,32768,1511.58
615,16384,1,65536,1515.92
615,16384,2,16,1482.08
615,16384,2,32,1483.39
615,16384,2,64,1485.14
615,16384,2,128,1485.52
615,16384,2,256,1487.03
615,16384,2,512,1485.96
615,16384,2,1024,1487.91
615,16384,2,2048,1492.66
615,16384,2,4096,1494.04
615,16384,2,8192,1497
615,16384,2,16384,1508.91
615,16384,2,32768,1520.88
615,16384,2,65536,1534.95
615,16384,4,16,1482.99
615,16384,4,32,1482.35
615,16384,4,64,1488.33
615,16384,4,128,1482.25
615,16384,4,256,1486.14
615,16384,4,512,1490.52
615,16384,4,1024,1493.29
615,16384,4,2048,1493.99
615,16384,4,4096,1499.99
615,16384,4,8192,1506.99
615,16384,4,16384,1519.35
615,16384,4,32768,1534.39
615,16384,4,65536,1564.88
615,16384,8,16,1480.65
615,16384,8,32,1484.49
615,16384,8,64,1484.7
615,16384,8,128,1489.41
615,16384,8,256,1489.79
615,16384,8,512,1495.93
615,16384,8,1024,1493.52
615,16384,8,2048,1498.91
615,16384,8,4096,1503.14
615,16384,8,8192,1513.36
615,16384,8,16384,1532.84
615,16384,8,32768,1566.5
615,16384,8,65536,1630.69
615,16384,16,16,1485.92
615,16384,16,32,1484.77
615,16384,16,64,1484.32
615,16384,16,128,1491.79
615,16384,16,256,1493.6
615,16384,16,512,1495.68
615,16384,16,1024,1498.66
615,16384,16,2048,1504
615,16384,16,4096,1516.23
615,16384,16,8192,1529.16
615,16384,16,16384,1562.52
615,16384,16,32768,1635.57
615,16384,16,65536,1773.38
615,16384,32,16,1482.27
615,16384,32,32,1484.61
615,16384,32,64,1491.16
615,16384,32,128,1497.12
615,16384,32,256,1498.63
615,16384,32,512,1501.92
615,16384,32,1024,1509.05
615,16384,32,2048,1514.32
615,16384,32,4096,1531.44
615,16384,32,8192,1570.08
615,16384,32,16384,1632.31
615,16384,32,32768,1770.59
615,16384,32,65536,2045.54
615,16384,64,16,1492.3
615,16384,64,32,1493.41
615,16384,64,64,1493.82
615,16384,64,128,1502.68
615,16384,64,256,1509.07
615,16384,64,512,1513.8
615,16384,64,1024,1525.34
615,16384,64,2048,1541.77
615,16384,64,4096,1576.6
615,16384,64,8192,1647.93
615,16384,64,16384,1782.56
615,16384,64,32768,2050.2
615,16384,64,65536,2590.95
615,16384,128,16,1497.05
615,16384,128,32,1500.38
615,16384,128,64,1508.05
615,16384,128,128,1506.88
615,16384,128,256,1508.47
615,16384,128,512,1523.4
615,16384,128,1024,1538.38
615,16384,128,2048,1573.1
615,16384,128,4096,1637.35
615,16384,128,8192,1776.97
615,16384,128,16384,2048.42
615,16384,128,32768,2585.27
615,16384,128,65536,3652.89
615,32768,0,0,2806.74
615,32768,1,16,2829.06
615,32768,1,32,2827.35
615,32768,1,64,2834.88
615,32768,1,128,2831.14
615,32768,1,256,2838.47
615,32768,1,512,2835.87
615,32768,1,1024,2838.24
615,32768,1,2048,2836.16
615,32768,1,4096,2845.67
615,32768,1,8192,2839.71
615,32768,1,16384,2847.58
615,32768,1,32768,2856.53
615,32768,1,65536,2864.11
615,32768,2,16,2829.04
615,32768,2,32,2824.37
615,32768,2,64,2834.88
615,32768,2,128,2834.15
615,32768,2,256,2837.75
615,32768,2,512,2836.3
615,32768,2,1024,2836.96
615,32768,2,2048,2840.77
615,32768,2,4096,2838.78
615,32768,2,8192,2843.71
615,32768,2,16384,2857.02
615,32768,2,32768,2868.6
615,32768,2,65536,2882.03
615,32768,4,16,2830.07
615,32768,4,32,2836.56
615,32768,4,64,2838.14
615,32768,4,128,2834
615,32768,4,256,2831.04
615,32768,4,512,2836.85
615,32768,4,1024,2838.97
615,32768,4,2048,2838.48
615,32768,4,4096,2847.89
615,32768,4,8192,2855.82
615,32768,4,16384,2862.35
615,32768,4,32768,2878.23
615,32768,4,65536,2909.1
615,32768,8,16,2829.02
615,32768,8,32,2829.75
615,32768,8,64,2833.98
615,32768,8,128,2834.49
615,32768,8,256,2840.03
615,32768,8,512,2839.11
615,32768,8,1024,2840.8
615,32768,8,2048,2847.34
615,32768,8,4096,2855.32
615,32768,8,8192,2858.98
615,32768,8,16384,2873.52
615,32768,8,32768,2910.17
615,32768,8,65536,2977.18
615,32768,16,16,2831.21
615,32768,16,32,2830.05
615,32768,16,64,2836.04
615,32768,16,128,2840.35
615,32768,16,256,2845.7
615,32768,16,512,2839.6
615,32768,16,1024,2846.71
615,32768,16,2048,2844.17
615,32768,16,4096,2861.5
615,32768,16,8192,2881.14
615,32768,16,16384,2915.09
615,32768,16,32768,2983.92
615,32768,16,65536,3117.22
615,32768,32,16,2837.28
615,32768,32,32,2830.34
615,32768,32,64,2842.01
615,32768,32,128,2848.42
615,32768,32,256,2849.3
615,32768,32,512,2853.18
615,32768,32,1024,2851.08
615,32768,32,2048,2865.7
615,32768,32,4096,2875.6
615,32768,32,8192,2910.71
615,32768,32,16384,2982.11
615,32768,32,32768,3119.86
615,32768,32,65536,3384.51
615,32768,64,16,2835.25
615,32768,64,32,2838.62
615,32768,64,64,2839.2
615,32768,64,128,2848.45
615,32768,64,256,2857.59
615,32768,64,512,2855.17
615,32768,64,1024,2867.97
615,32768,64,2048,2886.3
615,32768,64,4096,2916.51
615,32768,64,8192,2986.3
615,32768,64,16384,3124.5
615,32768,64,32768,3393.14
615,32768,64,65536,3931.54
615,32768,128,16,2844.42
615,32768,128,32,2845.21
615,32768,128,64,2855.53
615,32768,128,128,2851.58
615,32768,128,256,2852.33
615,32768,128,512,2863.34
615,32768,128,1024,2886.73
615,32768,128,2048,2918.81
615,32768,128,4096,2982.21
615,32768,128,8192,3121.77
615,32768,128,16384,3386.93
615,32768,128,32768,3923.33
615,32768,128,65536,4992.11
615,65536,0,0,5492.08
615,65536,1,16,5508.86
615,65536,1,32,5518.64
615,65536,1,64,5522.62
615,65536,1,128,5515.24
615,65536,1,256,5521.35
615,65536,1,512,5515.79
615,65536,1,1024,5518.54
615,65536,1,2048,5525.87
615,65536,1,4096,5537.11
615,65536,1,8192,5536.14
615,65536,1,16384,5538.55
615,65536,1,32768,5544.52
615,65536,1,65536,5545.82
615,65536,2,16,5516
615,65536,2,32,5524.42
615,65536,2,64,5520.79
615,65536,2,128,5519.37
615,65536,2,256,5507.89
615,65536,2,512,5528.34
615,65536,2,1024,5529.88
615,65536,2,2048,5518.48
615,65536,2,4096,5530.05
615,65536,2,8192,5532.55
615,65536,2,16384,5542.92
615,65536,2,32768,5557.36
615,65536,2,65536,5566.9
615,65536,4,16,5512.48
615,65536,4,32,5515.33
615,65536,4,64,5529.17
615,65536,4,128,5517.42
615,65536,4,256,5527.29
615,65536,4,512,5528.67
615,65536,4,1024,5523.59
615,65536,4,2048,5531.23
615,65536,4,4096,5542.53
615,65536,4,8192,5534.73
615,65536,4,16384,5541.93
615,65536,4,32768,5571.17
615,65536,4,65536,5606.86
615,65536,8,16,5520.57
615,65536,8,32,5514.07
615,65536,8,64,5527.27
615,65536,8,128,5528.89
615,65536,8,256,5523.22
615,65536,8,512,5516.79
615,65536,8,1024,5523.14
615,65536,8,2048,5532.37
615,65536,8,4096,5538.84
615,65536,8,8192,5537.44
615,65536,8,16384,5565.72
615,65536,8,32768,5599.99
615,65536,8,65536,5671.77
615,65536,16,16,5512.38
615,65536,16,32,5511.35
615,65536,16,64,5507.52
615,65536,16,128,5518.74
615,65536,16,256,5527.21
615,65536,16,512,5531.05
615,65536,16,1024,5534.02
615,65536,16,2048,5532.73
615,65536,16,4096,5548.18
615,65536,16,8192,5565
615,65536,16,16384,5601.98
615,65536,16,32768,5661.66
615,65536,16,65536,5801.33
615,65536,32,16,5521.24
615,65536,32,32,5519.77
615,65536,32,64,5523.89
615,65536,32,128,5533.11
615,65536,32,256,5535.56
615,65536,32,512,5526.01
615,65536,32,1024,5537.76
615,65536,32,2048,5543.43
615,65536,32,4096,5563.12
615,65536,32,8192,5598.1
615,65536,32,16384,5669.48
615,65536,32,32768,5807.42
615,65536,32,65536,6068.43
615,65536,64,16,5518.45
615,65536,64,32,5518.38
615,65536,64,64,5523.09
615,65536,64,128,5532.21
615,65536,64,256,5531.12
615,65536,64,512,5543.68
615,65536,64,1024,5561.7
615,65536,64,2048,5572.69
615,65536,64,4096,5602.99
615,65536,64,8192,5677.21
615,65536,64,16384,5807.63
615,65536,64,32768,6077.81
615,65536,64,65536,6623.79
615,65536,128,16,5531.12
615,65536,128,32,5542.61
615,65536,128,64,5535.93
615,65536,128,128,5545.37
615,65536,128,256,5544.81
615,65536,128,512,5552.1
615,65536,128,1024,5573.06
615,65536,128,2048,5605.41
615,65536,128,4096,5673.61
615,65536,128,8192,5814.59
615,65536,128,16384,6084.28
615,65536,128,32768,6611.86
615,65536,128,65536,7680.41
923,0,0,0,115.067
923,0,1,16,142.053
923,0,1,32,142.427
923,0,1,64,144.981
923,0,1,128,145.9
923,0,1,256,145.915
923,0,1,512,145.813
923,0,1,1024,147.413
923,0,1,2048,148.682
923,0,1,4096,151.163
923,0,1,8192,155.457
923,0,1,16384,159.648
923,0,1,32768,169.441
923,0,1,65536,177.035
923,0,2,16,142
923,0,2,32,141.952
923,0,2,64,145.93
923,0,2,128,145.835
923,0,2,256,146.336
923,0,2,512,146.602
923,0,2,1024,148.593
923,0,2,2048,149.888
923,0,2,4096,154.343
923,0,2,8192,158.059
923,0,2,16384,166.235
923,0,2,32768,179.878
923,0,2,65536,193.493
923,0,4,16,142.848
923,0,4,32,142.422
923,0,4,64,145.952
923,0,4,128,146.625
923,0,4,256,146.236
923,0,4,512,146.624
923,0,4,1024,149.846
923,0,4,2048,152.705
923,0,4,4096,158.069
923,0,4,8192,166.607
923,0,4,16384,178.251
923,0,4,32768,193.078
923,0,4,65536,226.316
923,0,8,16,142.549
923,0,8,32,143.487
923,0,8,64,146.438
923,0,8,128,146.683
923,0,8,256,148.485
923,0,8,512,150.816
923,0,8,1024,153.61
923,0,8,2048,157.289
923,0,8,4096,164.524
923,0,8,8192,174.87
923,0,8,16384,193.532
923,0,8,32768,226.78
923,0,8,65536,293.777
923,0,16,16,143.121
923,0,16,32,143.606
923,0,16,64,146.785
923,0,16,128,148.77
923,0,16,256,152.026
923,0,16,512,152.528
923,0,16,1024,156.849
923,0,16,2048,162.454
923,0,16,4096,174.149
923,0,16,8192,192.646
923,0,16,16384,227.104
923,0,16,32768,291.93
923,0,16,65536,431.366
923,0,32,16,144.88
923,0,32,32,145.477
923,0,32,64,152.476
923,0,32,128,155.061
923,0,32,256,155.713
923,0,32,512,160.592
923,0,32,1024,164.917
923,0,32,2048,175.268
923,0,32,4096,194.897
923,0,32,8192,229.01
923,0,32,16384,296.235
923,0,32,32768,433.19
923,0,32,65536,704.502
923,0,64,16,148.833
923,0,64,32,149.37
923,0,64,64,151.413
923,0,64,128,160.032
923,0,64,256,165.435
923,0,64,512,169.813
923,0,64,1024,181.472
923,0,64,2048,199.499
923,0,64,4096,235.222
923,0,64,8192,302.054
923,0,64,16384,441.557
923,0,64,32768,711.591
923,0,64,65536,1248.63
923,0,128,16,159.04
923,0,128,32,159.953
923,0,128,64,162.373
923,0,128,128,164.918
923,0,128,256,169.728
923,0,128,512,180.198
923,0,128,1024,198.223
923,0,128,2048,232.912
923,0,128,4096,299.574
923,0,128,8192,437.025
923,0,128,16384,707.148
923,0,128,32768,1243.85
923,0,128,65536,2316.15
923,16,0,0,159.249
923,16,1,16,186.897
923,16,1,32,187.22
923,16,1,64,190.284
923,16,1,128,191.12
923,16,1,256,189.685
923,16,1,512,190.396
923,16,1,1024,192.293
923,16,1,2048,193.387
923,16,1,4096,195.371
923,16,1,8192,199.553
923,16,1,16384,204.074
923,16,1,32768,214.704
923,16,1,65536,220.384
923,16,2,16,186.133
923,16,2,32,185.953
923,16,2,64,189.329
923,16,2,128,189.559
923,16,2,256,190.064
923,16,2,512,191.141
923,16,2,1024,192.534
923,16,2,2048,194.01
923,16,2,4096,198.229
923,16,2,8192,203.083
923,16,2,16384,213.121
923,16,2,32768,224.428
923,16,2,65536,237.649
923,16,4,16,185.969
923,16,4,32,186.246
923,16,4,64,190.449
923,16,4,128,189.876
923,16,4,256,190.997
923,16,4,512,191.286
923,16,4,1024,193.36
923,16,4,2048,198.629
923,16,4,4096,202.646
923,16,4,8192,210.885
923,16,4,16384,222.251
923,16,4,32768,236.64
923,16,4,65536,269.722
923,16,8,16,187.393
923,16,8,32,186.826
923,16,8,64,189.942
923,16,8,128,190.72
923,16,8,256,192.385
923,16,8,512,195.958
923,16,8,1024,197.093
923,16,8,2048,201.557
923,16,8,4096,208.225
923,16,8,8192,218.96
923,16,8,16384,236.929
923,16,8,32768,270.603
923,16,8,65536,337.429
923,16,16,16,186.641
923,16,16,32,187.568
923,16,16,64,191.147
923,16,16,128,192.358
923,16,16,256,194.779
923,16,16,512,196.689
923,16,16,1024,200.186
923,16,16,2048,207.004
923,16,16,4096,216.987
923,16,16,8192,235.28
923,16,16,16384,268.89
923,16,16,32768,334.236
923,16,16,65536,473.473
923,16,32,16,188.753
923,16,32,32,189.079
923,16,32,64,196.619
923,16,32,128,198.897
923,16,32,256,199.681
923,16,32,512,203.482
923,16,32,1024,209.318
923,16,32,2048,219.168
923,16,32,4096,236.001
923,16,32,8192,272.144
923,16,32,16384,338.3
923,16,32,32768,477.367
923,16,32,65536,748.694
923,16,64,16,194.16
923,16,64,32,194.688
923,16,64,64,195.494
923,16,64,128,204.271
923,16,64,256,207.99
923,16,64,512,213.729
923,16,64,1024,224.859
923,16,64,2048,241.904
923,16,64,4096,278.042
923,16,64,8192,346.584
923,16,64,16384,485.889
923,16,64,32768,754.294
923,16,64,65536,1292.39
923,16,128,16,202.758
923,16,128,32,202.57
923,16,128,64,206.677
923,16,128,128,208.955
923,16,128,256,214.241
923,16,128,512,222.757
923,16,128,1024,241.264
923,16,128,2048,275.981
923,16,128,4096,343.59
923,16,128,8192,479.457
923,16,128,16384,752.882
923,16,128,32768,1290.65
923,16,128,65536,2362.65
923,32,0,0,160.39
923,32,1,16,187.504
923,32,1,32,186.955
923,32,1,64,190.433
923,32,1,128,192.048
923,32,1,256,191.723
923,32,1,512,191.307
923,32,1,1024,193.771
923,32,1,2048,194.293
923,32,1,4096,196.539
923,32,1,8192,200.555
923,32,1,16384,205.75
923,32,1,32768,214.394
923,32,1,65536,222.341
923,32,2,16,187.231
923,32,2,32,186.934
923,32,2,64,190.204
923,32,2,128,190.469
923,32,2,256,190.273
923,32,2,512,191.979
923,32,2,1024,192.779
923,32,2,2048,194.982
923,32,2,4096,198.299
923,32,2,8192,203.846
923,32,2,16384,213.425
923,32,2,32768,225.255
923,32,2,65536,237.534
923,32,4,16,187.216
923,32,4,32,188.038
923,32,4,64,190.79
923,32,4,128,190.881
923,32,4,256,191.466
923,32,4,512,192.287
923,32,4,1024,194.198
923,32,4,2048,197.92
923,32,4,4096,203.744
923,32,4,8192,212.801
923,32,4,16384,221.931
923,32,4,32768,239.642
923,32,4,65536,271.12
923,32,8,16,187.947
923,32,8,32,188.112
923,32,8,64,191.174
923,32,8,128,191.611
923,32,8,256,193.126
923,32,8,512,195.616
923,32,8,1024,198.13
923,32,8,2048,202.053
923,32,8,4096,209.019
923,32,8,8192,221.276
923,32,8,16384,237.243
923,32,8,32768,271.542
923,32,8,65536,338.556
923,32,16,16,187.93
923,32,16,32,187.765
923,32,16,64,192.284
923,32,16,128,192.821
923,32,16,256,196.208
923,32,16,512,197.568
923,32,16,1024,202.257
923,32,16,2048,208.454
923,32,16,4096,218.432
923,32,16,8192,236.064
923,32,16,16384,270.731
923,32,16,32768,336.79
923,32,16,65536,474.273
923,32,32,16,189.004
923,32,32,32,189.722
923,32,32,64,196.843
923,32,32,128,199.893
923,32,32,256,201.062
923,32,32,512,205.974
923,32,32,1024,209.899
923,32,32,2048,220.657
923,32,32,4096,237.878
923,32,32,8192,272.411
923,32,32,16384,339.068
923,32,32,32768,475.616
923,32,32,65536,750.439
923,32,64,16,193.515
923,32,64,32,194.187
923,32,64,64,197.004
923,32,64,128,205.212
923,32,64,256,209.973
923,32,64,512,214.736
923,32,64,1024,225.835
923,32,64,2048,242.896
923,32,64,4096,277.568
923,32,64,8192,346.517
923,32,64,16384,484.028
923,32,64,32768,756.193
923,32,64,65536,1295.83
923,32,128,16,204
923,32,128,32,204.528
923,32,128,64,206.559
923,32,128,128,209.319
923,32,128,256,214.95
923,32,128,512,224.55
923,32,128,1024,242.097
923,32,128,2048,276.432
923,32,128,4096,344.71
923,32,128,8192,479.963
923,32,128,16384,754.578
923,32,128,32768,1290.94
923,32,128,65536,2364.72
923,64,0,0,160.8
923,64,1,16,186.72
923,64,1,32,186.832
923,64,1,64,190.364
923,64,1,128,191.355
923,64,1,256,190.346
923,64,1,512,191.456
923,64,1,1024,193.019
923,64,1,2048,194.401
923,64,1,4096,195.93
923,64,1,8192,199.515
923,64,1,16384,205.834
923,64,1,32768,215.504
923,64,1,65536,220.997
923,64,2,16,187.146
923,64,2,32,187.942
923,64,2,64,190.8
923,64,2,128,190.976
923,64,2,256,192.571
923,64,2,512,191.93
923,64,2,1024,193.589
923,64,2,2048,194.651
923,64,2,4096,199.2
923,64,2,8192,205.243
923,64,2,16384,213.462
923,64,2,32768,225.418
923,64,2,65536,238.56
923,64,4,16,187.802
923,64,4,32,188.044
923,64,4,64,191.066
923,64,4,128,191.653
923,64,4,256,192.064
923,64,4,512,192.383
923,64,4,1024,194.886
923,64,4,2048,198.191
923,64,4,4096,204.719
923,64,4,8192,212.896
923,64,4,16384,222.981
923,64,4,32768,238.954
923,64,4,65536,271.978
923,64,8,16,188.463
923,64,8,32,188.154
923,64,8,64,191.488
923,64,8,128,192.604
923,64,8,256,193.536
923,64,8,512,195.942
923,64,8,1024,198.922
923,64,8,2048,203.317
923,64,8,4096,209.878
923,64,8,8192,219.738
923,64,8,16384,237.541
923,64,8,32768,270.901
923,64,8,65536,338.625
923,64,16,16,189.045
923,64,16,32,189.06
923,64,16,64,193.061
923,64,16,128,193.115
923,64,16,256,196.255
923,64,16,512,198.001
923,64,16,1024,201.776
923,64,16,2048,207.104
923,64,16,4096,217.984
923,64,16,8192,236.481
923,64,16,16384,270.62
923,64,16,32768,337.11
923,64,16,65536,474.375
923,64,32,16,190.134
923,64,32,32,190.614
923,64,32,64,197.264
923,64,32,128,200.343
923,64,32,256,201.258
923,64,32,512,206.166
923,64,32,1024,210.544
923,64,32,2048,220.598
923,64,32,4096,238.544
923,64,32,8192,273.173
923,64,32,16384,340.144
923,64,32,32768,476.572
923,64,32,65536,753.356
923,64,64,16,194.081
923,64,64,32,195.467
923,64,64,64,197.136
923,64,64,128,204.885
923,64,64,256,210.831
923,64,64,512,216.337
923,64,64,1024,225.152
923,64,64,2048,243.109
923,64,64,4096,279.51
923,64,64,8192,347.04
923,64,64,16384,484.56
923,64,64,32768,760.248
923,64,64,65536,1300.13
923,64,128,16,204.613
923,64,128,32,203.937
923,64,128,64,206.96
923,64,128,128,209.124
923,64,128,256,214.347
923,64,128,512,224.443
923,64,128,1024,241.578
923,64,128,2048,276.907
923,64,128,4096,342.789
923,64,128,8192,480.529
923,64,128,16384,754.876
923,64,128,32768,1295.52
923,64,128,65536,2364.56
923,128,0,0,163.114
923,128,1,16,190.177
923,128,1,32,189.754
923,128,1,64,193.429
923,128,1,128,194.005
923,128,1,256,193.547
923,128,1,512,194.25
923,128,1,1024,194.983
923,128,1,2048,196.348
923,128,1,4096,199.148
923,128,1,8192,203.446
923,128,1,16384,207.712
923,128,1,32768,218.01
923,128,1,65536,223.041
923,128,2,16,189.381
923,128,2,32,190.017
923,128,2,64,193.04
923,128,2,128,193.572
923,128,2,256,193.525
923,128,2,512,194.288
923,128,2,1024,196.647
923,128,2,2048,196.71
923,128,2,4096,201.813
923,128,2,8192,206.561
923,128,2,16384,215.163
923,128,2,32768,227.435
923,128,2,65536,239.798
923,128,4,16,190.374
923,128,4,32,190.71
923,128,4,64,193.142
923,128,4,128,193.328
923,128,4,256,193.302
923,128,4,512,194.544
923,128,4,1024,197.328
923,128,4,2048,202.022
923,128,4,4096,207.131
923,128,4,8192,214.48
923,128,4,16384,226.458
923,128,4,32768,241.077
923,128,4,65536,272.959
923,128,8,16,190.593
923,128,8,32,190.464
923,128,8,64,194.007
923,128,8,128,194.528
923,128,8,256,195.232
923,128,8,512,199.044
923,128,8,1024,200.385
923,128,8,2048,205.35
923,128,8,4096,211.035
923,128,8,8192,222.502
923,128,8,16384,239.366
923,128,8,32768,273.009
923,128,8,65536,339.866
923,128,16,16,190.56
923,128,16,32,190.645
923,128,16,64,195.482
923,128,16,128,195.953
923,128,16,256,199.771
923,128,16,512,200.491
923,128,16,1024,203.797
923,128,16,2048,210.055
923,128,16,4096,220.109
923,128,16,8192,238.203
923,128,16,16384,273.003
923,128,16,32768,338.028
923,128,16,65536,476.614
923,128,32,16,192.582
923,128,32,32,193.586
923,128,32,64,199.819
923,128,32,128,203.707
923,128,32,256,202.859
923,128,32,512,207.532
923,128,32,1024,213.627
923,128,32,2048,223.563
923,128,32,4096,240.769
923,128,32,8192,276.295
923,128,32,16384,341.803
923,128,32,32768,479.224
923,128,32,65536,759.601
923,128,64,16,196.411
923,128,64,32,196.262
923,128,64,64,199.29
923,128,64,128,207.18
923,128,64,256,212.181
923,128,64,512,217.344
923,128,64,1024,228.229
923,128,64,2048,245.708
923,128,64,4096,280.839
923,128,64,8192,348.961
923,128,64,16384,486.107
923,128,64,32768,763.815
923,128,64,65536,1304.06
923,128,128,16,206.187
923,128,128,32,206.086
923,128,128,64,208.959
923,128,128,128,211.216
923,128,128,256,216.438
923,128,128,512,226.645
923,128,128,1024,243.685
923,128,128,2048,277.761
923,128,128,4096,346.421
923,128,128,8192,483.165
923,128,128,16384,760.809
923,128,128,32768,1301.93
923,128,128,65536,2376.29
923,256,0,0,177.189
923,256,1,16,204.403
923,256,1,32,203.927
923,256,1,64,207.734
923,256,1,128,208.049
923,256,1,256,208.407
923,256,1,512,209.84
923,256,1,1024,209.212
923,256,1,2048,210.822
923,256,1,4096,214.117
923,256,1,8192,216.769
923,256,1,16384,221.58
923,256,1,32768,232.006
923,256,1,65536,237.964
923,256,2,16,204.161
923,256,2,32,204.534
923,256,2,64,207.922
923,256,2,128,207.585
923,256,2,256,207.861
923,256,2,512,209.83
923,256,2,1024,210.534
923,256,2,2048,211.985
923,256,2,4096,215.38
923,256,2,8192,220.583
923,256,2,16384,229.553
923,256,2,32768,242.182
923,256,2,65536,254.792
923,256,4,16,204.474
923,256,4,32,204.002
923,256,4,64,207.927
923,256,4,128,207.623
923,256,4,256,208.779
923,256,4,512,208.961
923,256,4,1024,212.299
923,256,4,2048,216.267
923,256,4,4096,221.431
923,256,4,8192,228.496
923,256,4,16384,239.207
923,256,4,32768,256.455
923,256,4,65536,288.022
923,256,8,16,204.909
923,256,8,32,204.577
923,256,8,64,208.363
923,256,8,128,208.246
923,256,8,256,209.376
923,256,8,512,213.985
923,256,8,1024,214.635
923,256,8,2048,219.414
923,256,8,4096,226.534
923,256,8,8192,236.14
923,256,8,16384,256.028
923,256,8,32768,289.297
923,256,8,65536,354.956
923,256,16,16,205.291
923,256,16,32,205.643
923,256,16,64,209.457
923,256,16,128,210.53
923,256,16,256,212.816
923,256,16,512,214.38
923,256,16,1024,218.924
923,256,16,2048,224.651
923,256,16,4096,235.421
923,256,16,8192,253.445
923,256,16,16384,286.828
923,256,16,32768,352.775
923,256,16,65536,494.592
923,256,32,16,207.073
923,256,32,32,206.609
923,256,32,64,214.268
923,256,32,128,217.708
923,256,32,256,216.988
923,256,32,512,221.194
923,256,32,1024,227.269
923,256,32,2048,236.722
923,256,32,4096,255.078
923,256,32,8192,290.374
923,256,32,16384,357.516
923,256,32,32768,496.913
923,256,32,65536,781.064
923,256,64,16,211.04
923,256,64,32,210.721
923,256,64,64,213.74
923,256,64,128,222.156
923,256,64,256,227.061
923,256,64,512,231.605
923,256,64,1024,242.742
923,256,64,2048,259.595
923,256,64,4096,294.161
923,256,64,8192,363.799
923,256,64,16384,504.344
923,256,64,32768,786.126
923,256,64,65536,1324.6
923,256,128,16,219.654
923,256,128,32,220.4
923,256,128,64,224.591
923,256,128,128,224.843
923,256,128,256,230.859
923,256,128,512,239.904
923,256,128,1024,258.507
923,256,128,2048,292.796
923,256,128,4096,358.747
923,256,128,8192,499.691
923,256,128,16384,781.479
923,256,128,32768,1323.4
923,256,128,65536,2394.8
923,512,0,0,201.338
923,512,1,16,228.539
923,512,1,32,228.304
923,512,1,64,231.697
923,512,1,128,233.089
923,512,1,256,232.97
923,512,1,512,233.147
923,512,1,1024,233.947
923,512,1,2048,235.654
923,512,1,4096,238.172
923,512,1,8192,241.457
923,512,1,16384,246.156
923,512,1,32768,256.177
923,512,1,65536,262.7
923,512,2,16,228.24
923,512,2,32,228.865
923,512,2,64,231.786
923,512,2,128,231.707
923,512,2,256,233.228
923,512,2,512,232.993
923,512,2,1024,234.144
923,512,2,2048,236.636
923,512,2,4096,240.268
923,512,2,8192,244.828
923,512,2,16384,254.682
923,512,2,32768,266.203
923,512,2,65536,279.206
923,512,4,16,228.693
923,512,4,32,229.281
923,512,4,64,232.731
923,512,4,128,232.746
923,512,4,256,232.656
923,512,4,512,233.707
923,512,4,1024,237.622
923,512,4,2048,238.117
923,512,4,4096,245.658
923,512,4,8192,253.019
923,512,4,16384,263.738
923,512,4,32768,280.102
923,512,4,65536,312.021
923,512,8,16,228.95
923,512,8,32,228.896
923,512,8,64,232.422
923,512,8,128,232.806
923,512,8,256,233.786
923,512,8,512,238.255
923,512,8,1024,239.062
923,512,8,2048,242.822
923,512,8,4096,250.815
923,512,8,8192,261.297
923,512,8,16384,279.047
923,512,8,32768,312.554
923,512,8,65536,378.272
923,512,16,16,229.222
923,512,16,32,229.398
923,512,16,64,233.809
923,512,16,128,236.598
923,512,16,256,238.198
923,512,16,512,239.415
923,512,16,1024,241.931
923,512,16,2048,249.088
923,512,16,4096,259.402
923,512,16,8192,277.157
923,512,16,16384,311.797
923,512,16,32768,378.673
923,512,16,65536,520.715
923,512,32,16,232.08
923,512,32,32,230.795
923,512,32,64,238.16
923,512,32,128,240.866
923,512,32,256,242.24
923,512,32,512,246.629
923,512,32,1024,251.343
923,512,32,2048,260.774
923,512,32,4096,279.105
923,512,32,8192,313.28
923,512,32,16384,379.749
923,512,32,32768,522.192
923,512,32,65536,801.996
923,512,64,16,235.105
923,512,64,32,235.063
923,512,64,64,238.059
923,512,64,128,246.987
923,512,64,256,251.951
923,512,64,512,256.933
923,512,64,1024,266.044
923,512,64,2048,284.24
923,512,64,4096,320.258
923,512,64,8192,386.72
923,512,64,16384,529.222
923,512,64,32768,809.099
923,512,64,65536,1350.17
923,512,128,16,244.609
923,512,128,32,245.025
923,512,128,64,246.977
923,512,128,128,249.931
923,512,128,256,255.12
923,512,128,512,265.189
923,512,128,1024,282.369
923,512,128,2048,316.459
923,512,128,4096,385.094
923,512,128,8192,523.452
923,512,128,16384,803.317
923,512,128,32768,1344.84
923,512,128,65536,2418.8
923,1024,0,0,249.947
923,1024,1,16,276.156
923,1024,1,32,275.787
923,1024,1,64,279.825
923,1024,1,128,280.124
923,1024,1,256,280.122
923,1024,1,512,281.418
923,1024,1,1024,282.049
923,1024,1,2048,283.238
923,1024,1,4096,284.619
923,1024,1,8192,288.219
923,1024,1,16384,295.692
923,1024,1,32768,302.864
923,1024,1,65536,309.927
923,1024,2,16,275.664
923,1024,2,32,276.236
923,1024,2,64,279.51
923,1024,2,128,280.577
923,1024,2,256,280.283
923,1024,2,512,279.894
923,1024,2,1024,280.892
923,1024,2,2048,283.184
923,1024,2,4096,287.211
923,1024,2,8192,292.986
923,1024,2,16384,301.366
923,1024,2,32768,313.873
923,1024,2,65536,326.038
923,1024,4,16,276.209
923,1024,4,32,277.9
923,1024,4,64,279.275
923,1024,4,128,279.11
923,1024,4,256,279.916
923,1024,4,512,280.497
923,1024,4,1024,284.735
923,1024,4,2048,285.964
923,1024,4,4096,293.238
923,1024,4,8192,301.35
923,1024,4,16384,311.872
923,1024,4,32768,327.366
923,1024,4,65536,359.252
923,1024,8,16,276.149
923,1024,8,32,276.075
923,1024,8,64,279.655
923,1024,8,128,280.139
923,1024,8,256,281.69
923,1024,8,512,284.405
923,1024,8,1024,286.043
923,1024,8,2048,290.625
923,1024,8,4096,298.017
923,1024,8,8192,308.586
923,1024,8,16384,326.177
923,1024,8,32768,359.888
923,1024,8,65536,424.379
923,1024,16,16,276.55
923,1024,16,32,277.36
923,1024,16,64,280.486
923,1024,16,128,281.574
923,1024,16,256,284.634
923,1024,16,512,285.719
923,1024,16,1024,289.739
923,1024,16,2048,295.265
923,1024,16,4096,306.359
923,1024,16,8192,323.83
923,1024,16,16384,358.652
923,1024,16,32768,424.225
923,1024,16,65536,560.386
923,1024,32,16,278.47
923,1024,32,32,278.282
923,1024,32,64,285.169
923,1024,32,128,287.814
923,1024,32,256,288.341
923,1024,32,512,294.084
923,1024,32,1024,298.262
923,1024,32,2048,308.09
923,1024,32,4096,325.189
923,1024,32,8192,360.997
923,1024,32,16384,426.47
923,1024,32,32768,564.77
923,1024,32,65536,834.342
923,1024,64,16,282.101
923,1024,64,32,282.955
923,1024,64,64,285.387
923,1024,64,128,294.112
923,1024,64,256,297.936
923,1024,64,512,303.675
923,1024,64,1024,314.299
923,1024,64,2048,331.266
923,1024,64,4096,365.99
923,1024,64,8192,433.115
923,1024,64,16384,571.052
923,1024,64,32768,840.822
923,1024,64,65536,1377.07
923,1024,128,16,291.66
923,1024,128,32,292.396
923,1024,128,64,294.784
923,1024,128,128,297.43
923,1024,128,256,302.417
923,1024,128,512,311.799
923,1024,128,1024,329.108
923,1024,128,2048,363.248
923,1024,128,4096,432.216
923,1024,128,8192,567.691
923,1024,128,16384,837.979
923,1024,128,32768,1373.46
923,1024,128,65536,2445.96
923,2048,0,0,350.613
923,2048,1,16,377.195
923,2048,1,32,376.599
923,2048,1,64,380.309
923,2048,1,128,381.019
923,2048,1,256,380.449
923,2048,1,512,381.228
923,2048,1,1024,381.312
923,2048,1,2048,383.227
923,2048,1,4096,385.991
923,2048,1,8192,388.938
923,2048,1,16384,395.114
923,2048,1,32768,404.204
923,2048,1,65536,410.901
923,2048,2,16,376.229
923,2048,2,32,377.868
923,2048,2,64,380.71
923,2048,2,128,380.016
923,2048,2,256,381.005
923,2048,2,512,380.918
923,2048,2,1024,383.515
923,2048,2,2048,384.599
923,2048,2,4096,387.857
923,2048,2,8192,393.925
923,2048,2,16384,401.66
923,2048,2,32768,415.813
923,2048,2,65536,426.293
923,2048,4,16,377.314
923,2048,4,32,376.584
923,2048,4,64,379.802
923,2048,4,128,380.507
923,2048,4,256,380.554
923,2048,4,512,381.706
923,2048,4,1024,385.607
923,2048,4,2048,389.216
923,2048,4,4096,392.651
923,2048,4,8192,400.967
923,2048,4,16384,411.676
923,2048,4,32768,427.563
923,2048,4,65536,459.729
923,2048,8,16,377.511
923,2048,8,32,377.429
923,2048,8,64,381.633
923,2048,8,128,381.685
923,2048,8,256,381.505
923,2048,8,512,385.382
923,2048,8,1024,388.213
923,2048,8,2048,391.937
923,2048,8,4096,398.252
923,2048,8,8192,406.587
923,2048,8,16384,425.606
923,2048,8,32768,460.508
923,2048,8,65536,527.362
923,2048,16,16,377.356
923,2048,16,32,377.055
923,2048,16,64,381.36
923,2048,16,128,383.12
923,2048,16,256,386.065
923,2048,16,512,387.207
923,2048,16,1024,390.973
923,2048,16,2048,397.499
923,2048,16,4096,406.821
923,2048,16,8192,423.248
923,2048,16,16384,457.729
923,2048,16,32768,523.745
923,2048,16,65536,661.569
923,2048,32,16,379.466
923,2048,32,32,379.127
923,2048,32,64,386.588
923,2048,32,128,388.966
923,2048,32,256,391.098
923,2048,32,512,394.918
923,2048,32,1024,400.546
923,2048,32,2048,409.297
923,2048,32,4096,425.98
923,2048,32,8192,460.506
923,2048,32,16384,527.291
923,2048,32,32768,664.325
923,2048,32,65536,932.999
923,2048,64,16,384.944
923,2048,64,32,384.198
923,2048,64,64,385.073
923,2048,64,128,394.95
923,2048,64,256,400.364
923,2048,64,512,405.164
923,2048,64,1024,414.945
923,2048,64,2048,431.415
923,2048,64,4096,466.912
923,2048,64,8192,535.462
923,2048,64,16384,674.06
923,2048,64,32768,939.872
923,2048,64,65536,1475.98
923,2048,128,16,392.961
923,2048,128,32,392.801
923,2048,128,64,396.715
923,2048,128,128,397.818
923,2048,128,256,403.787
923,2048,128,512,412.613
923,2048,128,1024,429.749
923,2048,128,2048,464.122
923,2048,128,4096,532.924
923,2048,128,8192,668.294
923,2048,128,16384,937.094
923,2048,128,32768,1472.61
923,2048,128,65536,2543.61
923,4096,0,0,542.469
923,4096,1,16,569.194
923,4096,1,32,570.194
923,4096,1,64,574.65
923,4096,1,128,575.483
923,4096,1,256,574.007
923,4096,1,512,573.874
923,4096,1,1024,574.348
923,4096,1,2048,576.802
923,4096,1,4096,578.557
923,4096,1,8192,583.709
923,4096,1,16384,587.968
923,4096,1,32768,597.201
923,4096,1,65536,603.147
923,4096,2,16,569.238
923,4096,2,32,569.238
923,4096,2,64,573.083
923,4096,2,128,573.151
923,4096,2,256,574.022
923,4096,2,512,574.971
923,4096,2,1024,575.718
923,4096,2,2048,580.059
923,4096,2,4096,579.809
923,4096,2,8192,586.12
923,4096,2,16384,595.931
923,4096,2,32768,608.684
923,4096,2,65536,618.502
923,4096,4,16,569.623
923,4096,4,32,570.059
923,4096,4,64,574.108
923,4096,4,128,573.409
923,4096,4,256,574.177
923,4096,4,512,573.872
923,4096,4,1024,578.849
923,4096,4,2048,581.136
923,4096,4,4096,585.996
923,4096,4,8192,594.213
923,4096,4,16384,604.299
923,4096,4,32768,619.995
923,4096,4,65536,653.296
923,4096,8,16,569.565
923,4096,8,32,569.98
923,4096,8,64,573.901
923,4096,8,128,574.746
923,4096,8,256,575.99
923,4096,8,512,579.5
923,4096,8,1024,580.603
923,4096,8,2048,585.616
923,4096,8,4096,591.222
923,4096,8,8192,601.249
923,4096,8,16384,618.875
923,4096,8,32768,651.744
923,4096,8,65536,718.699
923,4096,16,16,570.017
923,4096,16,32,572.364
923,4096,16,64,575.702
923,4096,16,128,576.715
923,4096,16,256,579.446
923,4096,16,512,581.424
923,4096,16,1024,583.653
923,4096,16,2048,590.897
923,4096,16,4096,601.511
923,4096,16,8192,617.244
923,4096,16,16384,651.373
923,4096,16,32768,718.913
923,4096,16,65536,855.334
923,4096,32,16,573.814
923,4096,32,32,572.908
923,4096,32,64,580.139
923,4096,32,128,583.083
923,4096,32,256,583.975
923,4096,32,512,590.716
923,4096,32,1024,593.505
923,4096,32,2048,603.036
923,4096,32,4096,620.125
923,4096,32,8192,652.988
923,4096,32,16384,720.162
923,4096,32,32768,857.436
923,4096,32,65536,1126.04
923,4096,64,16,575.986
923,4096,64,32,575.318
923,4096,64,64,578.107
923,4096,64,128,588.049
923,4096,64,256,593.5
923,4096,64,512,599.228
923,4096,64,1024,607.921
923,4096,64,2048,625.784
923,4096,64,4096,661.409
923,4096,64,8192,727.749
923,4096,64,16384,865.553
923,4096,64,32768,1133.68
923,4096,64,65536,1670.01
923,4096,128,16,585.814
923,4096,128,32,585.384
923,4096,128,64,589.729
923,4096,128,128,591.313
923,4096,128,256,597.99
923,4096,128,512,607.579
923,4096,128,1024,623.76
923,4096,128,2048,657.627
923,4096,128,4096,727.389
923,4096,128,8192,862.22
923,4096,128,16384,1131.83
923,4096,128,32768,1665.67
923,4096,128,65536,2738.67
923,8192,0,0,932.076
923,8192,1,16,957.131
923,8192,1,32,956.538
923,8192,1,64,957.501
923,8192,1,128,958.808
923,8192,1,256,962.578
923,8192,1,512,962.029
923,8192,1,1024,959.889
923,8192,1,2048,963.516
923,8192,1,4096,964.924
923,8192,1,8192,969.126
923,8192,1,16384,974.012
923,8192,1,32768,984.039
923,8192,1,65536,988.306
923,8192,2,16,956.321
923,8192,2,32,956.108
923,8192,2,64,960.364
923,8192,2,128,960.372
923,8192,2,256,962.338
923,8192,2,512,962.188
923,8192,2,1024,963.388
923,8192,2,2048,963.739
923,8192,2,4096,965.197
923,8192,2,8192,972.685
923,8192,2,16384,983.334
923,8192,2,32768,993.34
923,8192,2,65536,1004.85
923,8192,4,16,956.877
923,8192,4,32,957.063
923,8192,4,64,960.621
923,8192,4,128,960.306
923,8192,4,256,962.395
923,8192,4,512,962.469
923,8192,4,1024,964.327
923,8192,4,2048,967.09
923,8192,4,4096,971.036
923,8192,4,8192,979.751
923,8192,4,16384,991.441
923,8192,4,32768,1004.44
923,8192,4,65536,1038.57
923,8192,8,16,957.659
923,8192,8,32,955.793
923,8192,8,64,959.515
923,8192,8,128,960.337
923,8192,8,256,961.297
923,8192,8,512,965.153
923,8192,8,1024,968.112
923,8192,8,2048,972.012
923,8192,8,4096,977.911
923,8192,8,8192,986.674
923,8192,8,16384,1004.39
923,8192,8,32768,1037.44
923,8192,8,65536,1104.15
923,8192,16,16,957.943
923,8192,16,32,957.687
923,8192,16,64,963.653
923,8192,16,128,962.653
923,8192,16,256,964.46
923,8192,16,512,965.922
923,8192,16,1024,969.542
923,8192,16,2048,975.191
923,8192,16,4096,986.749
923,8192,16,8192,1002.67
923,8192,16,16384,1037.76
923,8192,16,32768,1104.1
923,8192,16,65536,1239.36
923,8192,32,16,959.207
923,8192,32,32,958.674
923,8192,32,64,967.805
923,8192,32,128,972.321
923,8192,32,256,971.265
923,8192,32,512,974.098
923,8192,32,1024,978.626
923,8192,32,2048,987.563
923,8192,32,4096,1005.69
923,8192,32,8192,1043.04
923,8192,32,16384,1108.99
923,8192,32,32768,1244.33
923,8192,32,65536,1513.78
923,8192,64,16,960.264
923,8192,64,32,959.66
923,8192,64,64,964.178
923,8192,64,128,973.874
923,8192,64,256,977.991
923,8192,64,512,984.033
923,8192,64,1024,995.851
923,8192,64,2048,1009.56
923,8192,64,4096,1044.42
923,8192,64,8192,1113.84
923,8192,64,16384,1247.96
923,8192,64,32768,1520.34
923,8192,64,65536,2058.82
923,8192,128,16,972.023
923,8192,128,32,972.961
923,8192,128,64,975.863
923,8192,128,128,981.405
923,8192,128,256,983.318
923,8192,128,512,992.705
923,8192,128,1024,1009.54
923,8192,128,2048,1049.28
923,8192,128,4096,1114.51
923,8192,128,8192,1251.7
923,8192,128,16384,1519.82
923,8192,128,32768,2055.7
923,8192,128,65536,3124.26
923,16384,0,0,1694.29
923,16384,1,16,1714.83
923,16384,1,32,1714.19
923,16384,1,64,1714.11
923,16384,1,128,1720.48
923,16384,1,256,1720.18
923,16384,1,512,1725.04
923,16384,1,1024,1720.27
923,16384,1,2048,1722.54
923,16384,1,4096,1724.25
923,16384,1,8192,1735.34
923,16384,1,16384,1730.97
923,16384,1,32768,1738.86
923,16384,1,65536,1749.66
923,16384,2,16,1719.4
923,16384,2,32,1713.12
923,16384,2,64,1725.57
923,16384,2,128,1719.57
923,16384,2,256,1719.46
923,16384,2,512,1720.53
923,16384,2,1024,1720.53
923,16384,2,2048,1725.7
923,16384,2,4096,1726.57
923,16384,2,8192,1732.73
923,16384,2,16384,1739.38
923,16384,2,32768,1757.33
923,16384,2,65536,1765.62
923,16384,4,16,1722.03
923,16384,4,32,1719.28
923,16384,4,64,1720.44
923,16384,4,128,1721.77
923,16384,4,256,1721.84
923,16384,4,512,1719.07
923,16384,4,1024,1724.11
923,16384,4,2048,1726.69
923,16384,4,4096,1735.27
923,16384,4,8192,1740.19
923,16384,4,16384,1752.99
923,16384,4,32768,1769.54
923,16384,4,65536,1798.79
923,16384,8,16,1716.89
923,16384,8,32,1718.82
923,16384,8,64,1723.74
923,16384,8,128,1722.63
923,16384,8,256,1722.34
923,16384,8,512,1724.84
923,16384,8,1024,1727.01
923,16384,8,2048,1731.11
923,16384,8,4096,1738.59
923,16384,8,8192,1743.32
923,16384,8,16384,1766.39
923,16384,8,32768,1799.36
923,16384,8,65536,1859.25
923,16384,16,16,1717.89
923,16384,16,32,1719.52
923,16384,16,64,1720.42
923,16384,16,128,1725.33
923,16384,16,256,1724.94
923,16384,16,512,1725.47
923,16384,16,1024,1729.99
923,16384,16,2048,1735.01
923,16384,16,4096,1742.28
923,16384,16,8192,1762.48
923,16384,16,16384,1793.99
923,16384,16,32768,1861.91
923,16384,16,65536,2003.7
923,16384,32,16,1718.16
923,16384,32,32,1721.07
923,16384,32,64,1730.12
923,16384,32,128,1728.87
923,16384,32,256,1730.92
923,16384,32,512,1733.78
923,16384,32,1024,1738.68
923,16384,32,2048,1748.26
923,16384,32,4096,1767.4
923,16384,32,8192,1797.47
923,16384,32,16384,1869.52
923,16384,32,32768,2005.89
923,16384,32,65536,2276.95
923,16384,64,16,1717.45
923,16384,64,32,1719.63
923,16384,64,64,1722.02
923,16384,64,128,1738.84
923,16384,64,256,1739.32
923,16384,64,512,1745.34
923,16384,64,1024,1755.41
923,16384,64,2048,1768.79
923,16384,64,4096,1806.35
923,16384,64,8192,1871.81
923,16384,64,16384,2013.93
923,16384,64,32768,2280.74
923,16384,64,65536,2817.68
923,16384,128,16,1734.14
923,16384,128,32,1732.77
923,16384,128,64,1735.98
923,16384,128,128,1736.84
923,16384,128,256,1744.78
923,16384,128,512,1753.01
923,16384,128,1024,1770.3
923,16384,128,2048,1803.37
923,16384,128,4096,1873.24
923,16384,128,8192,2008.77
923,16384,128,16384,2278.18
923,16384,128,32768,2815.49
923,16384,128,65536,3888.04
923,32768,0,0,3226.82
923,32768,1,16,3251.27
923,32768,1,32,3259.5
923,32768,1,64,3258.07
923,32768,1,128,3258.3
923,32768,1,256,3254
923,32768,1,512,3260.2
923,32768,1,1024,3262.54
923,32768,1,2048,3257.84
923,32768,1,4096,3261.81
923,32768,1,8192,3264.78
923,32768,1,16384,3277.45
923,32768,1,32768,3281.8
923,32768,1,65536,3285.6
923,32768,2,16,3249.72
923,32768,2,32,3255.91
923,32768,2,64,3254.23
923,32768,2,128,3257.87
923,32768,2,256,3257.2
923,32768,2,512,3259.97
923,32768,2,1024,3258.2
923,32768,2,2048,3260.66
923,32768,2,4096,3268.05
923,32768,2,8192,3271.74
923,32768,2,16384,3279.01
923,32768,2,32768,3292
923,32768,2,65536,3307.69
923,32768,4,16,3250.98
923,32768,4,32,3254.5
923,32768,4,64,3262.8
923,32768,4,128,3257.88
923,32768,4,256,3253.05
923,32768,4,512,3257.18
923,32768,4,1024,3263.14
923,32768,4,2048,3265.16
923,32768,4,4096,3269.88
923,32768,4,8192,3266.61
923,32768,4,16384,3289.03
923,32768,4,32768,3312.04
923,32768,4,65536,3337.29
923,32768,8,16,3259.75
923,32768,8,32,3253.18
923,32768,8,64,3254.78
923,32768,8,128,3260.85
923,32768,8,256,3260.92
923,32768,8,512,3260.67
923,32768,8,1024,3266.66
923,32768,8,2048,3273.43
923,32768,8,4096,3276.85
923,32768,8,8192,3282.71
923,32768,8,16384,3300.91
923,32768,8,32768,3338.6
923,32768,8,65536,3403.02
923,32768,16,16,3253.6
923,32768,16,32,3258.02
923,32768,16,64,3261.62
923,32768,16,128,3259.45
923,32768,16,256,3260.19
923,32768,16,512,3259.97
923,32768,16,1024,3269.09
923,32768,16,2048,3270.14
923,32768,16,4096,3279.34
923,32768,16,8192,3302.66
923,32768,16,16384,3334.83
923,32768,16,32768,3402.34
923,32768,16,65536,3538.51
923,32768,32,16,3253.13
923,32768,32,32,3256.95
923,32768,32,64,3266.26
923,32768,32,128,3266.46
923,32768,32,256,3267.17
923,32768,32,512,3273.38
923,32768,32,1024,3278.1
923,32768,32,2048,3291.73
923,32768,32,4096,3307.2
923,32768,32,8192,3335.21
923,32768,32,16384,3402.13
923,32768,32,32768,3551.13
923,32768,32,65536,3817.05
923,32768,64,16,3256.22
923,32768,64,32,3258.85
923,32768,64,64,3259.35
923,32768,64,128,3271.91
923,32768,64,256,3274.89
923,32768,64,512,3279.28
923,32768,64,1024,3292.46
923,32768,64,2048,3307.91
923,32768,64,4096,3341.85
923,32768,64,8192,3411.47
923,32768,64,16384,3553.44
923,32768,64,32768,3816.91
923,32768,64,65536,4354.83
923,32768,128,16,3273.52
923,32768,128,32,3267.48
923,32768,128,64,3267.96
923,32768,128,128,3274.58
923,32768,128,256,3281.82
923,32768,128,512,3289.58
923,32768,128,1024,3309.86
923,32768,128,2048,3347.22
923,32768,128,4096,3417.17
923,32768,128,8192,3547.92
923,32768,128,16384,3813.47
923,32768,128,32768,4350.25
923,32768,128,65536,5412.05
923,65536,0,0,6302.35
923,65536,1,16,6325.92
923,65536,1,32,6323.29
923,65536,1,64,6328.76
923,65536,1,128,6335.21
923,65536,1,256,6332.01
923,65536,1,512,6329.23
923,65536,1,1024,6338.41
923,65536,1,2048,6334.65
923,65536,1,4096,6324.55
923,65536,1,8192,6343.07
923,65536,1,16384,6344.91
923,65536,1,32768,6349.86
923,65536,1,65536,6361.77
923,65536,2,16,6321.02
923,65536,2,32,6334.25
923,65536,2,64,6330.37
923,65536,2,128,6329.92
923,65536,2,256,6324.19
923,65536,2,512,6331.82
923,65536,2,1024,6331.82
923,65536,2,2048,6337.19
923,65536,2,4096,6337.76
923,65536,2,8192,6348.03
923,65536,2,16384,6350.54
923,65536,2,32768,6367.47
923,65536,2,65536,6362.14
923,65536,4,16,6317.77
923,65536,4,32,6321.36
923,65536,4,64,6334.9
923,65536,4,128,6321.98
923,65536,4,256,6333.49
923,65536,4,512,6331.49
923,65536,4,1024,6327.7
923,65536,4,2048,6331.45
923,65536,4,4096,6349.33
923,65536,4,8192,6350.98
923,65536,4,16384,6360.8
923,65536,4,32768,6375.62
923,65536,4,65536,6409.87
923,65536,8,16,6328.11
923,65536,8,32,6331.88
923,65536,8,64,6335.92
923,65536,8,128,6332.43
923,65536,8,256,6335.32
923,65536,8,512,6336.48
923,65536,8,1024,6329.36
923,65536,8,2048,6342.46
923,65536,8,4096,6341.27
923,65536,8,8192,6352.02
923,65536,8,16384,6368.78
923,65536,8,32768,6405.39
923,65536,8,65536,6473.04
923,65536,16,16,6327.13
923,65536,16,32,6309.01
923,65536,16,64,6336.05
923,65536,16,128,6336.32
923,65536,16,256,6332.59
923,65536,16,512,6339.71
923,65536,16,1024,6340.37
923,65536,16,2048,6347.79
923,65536,16,4096,6361.29
923,65536,16,8192,6378.35
923,65536,16,16384,6406.05
923,65536,16,32768,6470.3
923,65536,16,65536,6609.1
923,65536,32,16,6322.06
923,65536,32,32,6320.1
923,65536,32,64,6332.5
923,65536,32,128,6336.01
923,65536,32,256,6337.02
923,65536,32,512,6337.22
923,65536,32,1024,6353.58
923,65536,32,2048,6352.91
923,65536,32,4096,6372.2
923,65536,32,8192,6398.31
923,65536,32,16384,6475.27
923,65536,32,32768,6615.6
923,65536,32,65536,6884.44
923,65536,64,16,6326.07
923,65536,64,32,6324.55
923,65536,64,64,6334.22
923,65536,64,128,6348.63
923,65536,64,256,6343.95
923,65536,64,512,6364.66
923,65536,64,1024,6356.07
923,65536,64,2048,6375.6
923,65536,64,4096,6410.63
923,65536,64,8192,6480.56
923,65536,64,16384,6622.04
923,65536,64,32768,6887.15
923,65536,64,65536,7435.44
923,65536,128,16,6338.12
923,65536,128,32,6347.24
923,65536,128,64,6343.77
923,65536,128,128,6346.67
923,65536,128,256,6349.59
923,65536,128,512,6353.92
923,65536,128,1024,6368
923,65536,128,2048,6411.46
923,65536,128,4096,6485.81
923,65536,128,8192,6620.11
923,65536,128,16384,6879.78
923,65536,128,32768,7410.45
923,65536,128,65536,8478.12
1384,0,0,0,170.139
1384,0,1,16,197.659
1384,0,1,32,196.806
1384,0,1,64,199.943
1384,0,1,128,200.853
1384,0,1,256,201.989
1384,0,1,512,200.875
1384,0,1,1024,202.278
1384,0,1,2048,205.116
1384,0,1,4096,206.086
1384,0,1,8192,210.086
1384,0,1,16384,214.645
1384,0,1,32768,227.061
1384,0,1,65536,232.022
1384,0,2,16,197.254
1384,0,2,32,196.975
1384,0,2,64,201.029
1384,0,2,128,201.478
1384,0,2,256,201.413
1384,0,2,512,201.558
1384,0,2,1024,203.318
1384,0,2,2048,205.857
1384,0,2,4096,208.832
1384,0,2,8192,213.312
1384,0,2,16384,223.11
1384,0,2,32768,234.47
1384,0,2,65536,249.707
1384,0,4,16,198.586
1384,0,4,32,197.184
1384,0,4,64,201.211
1384,0,4,128,201.376
1384,0,4,256,200.789
1384,0,4,512,201.75
1384,0,4,1024,206.043
1384,0,4,2048,209.766
1384,0,4,4096,213.633
1384,0,4,8192,222.197
1384,0,4,16384,232.934
1384,0,4,32768,247.877
1384,0,4,65536,281.552
1384,0,8,16,198.511
1384,0,8,32,197.457
1384,0,8,64,200.71
1384,0,8,128,202.912
1384,0,8,256,203.258
1384,0,8,512,205.852
1384,0,8,1024,208.929
1384,0,8,2048,212.939
1384,0,8,4096,218.838
1384,0,8,8192,230.197
1384,0,8,16384,247.851
1384,0,8,32768,282.641
1384,0,8,65536,348.353
1384,0,16,16,198.933
1384,0,16,32,198.091
1384,0,16,64,202.582
1384,0,16,128,204.464
1384,0,16,256,206.021
1384,0,16,512,207.798
1384,0,16,1024,212.294
1384,0,16,2048,218.426
1384,0,16,4096,228.773
1384,0,16,8192,246.875
1384,0,16,16384,281.355
1384,0,16,32768,347.649
1384,0,16,65536,484.535
1384,0,32,16,199.45
1384,0,32,32,200.63
1384,0,32,64,207.125
1384,0,32,128,210.033
1384,0,32,256,211.585
1384,0,32,512,215.11
1384,0,32,1024,220.603
1384,0,32,2048,230.912
1384,0,32,4096,249.077
1384,0,32,8192,284.118
1384,0,32,16384,350.587
1384,0,32,32768,485.685
1384,0,32,65536,755.249
1384,0,64,16,204.278
1384,0,64,32,204.208
1384,0,64,64,206.896
1384,0,64,128,216.091
1384,0,64,256,219.899
1384,0,64,512,225.334
1384,0,64,1024,235.665
1384,0,64,2048,255.035
1384,0,64,4096,289.179
1384,0,64,8192,357.126
1384,0,64,16384,493.98
1384,0,64,32768,761.378
1384,0,64,65536,1299.83
1384,0,128,16,213.723
1384,0,128,32,215.083
1384,0,128,64,216.79
1384,0,128,128,219.158
1384,0,128,256,224.764
1384,0,128,512,235.232
1384,0,128,1024,252.699
1384,0,128,2048,286.982
1384,0,128,4096,353.75
1384,0,128,8192,489.76
1384,0,128,16384,758.604
1384,0,128,32768,1298.87
1384,0,128,65536,2363.83
1384,16,0,0,224.548
1384,16,1,16,252.439
1384,16,1,32,251.947
1384,16,1,64,255.37
1384,16,1,128,255.978
1384,16,1,256,255.596
1384,16,1,512,255.185
1384,16,1,1024,256.641
1384,16,1,2048,258.843
1384,16,1,4096,261.205
1384,16,1,8192,264.811
1384,16,1,16384,269.158
1384,16,1,32768,280.923
1384,16,1,65536,285.883
1384,16,2,16,251.589
1384,16,2,32,251.484
1384,16,2,64,254.646
1384,16,2,128,254.886
1384,16,2,256,255.872
1384,16,2,512,256.39
1384,16,2,1024,257.617
1384,16,2,2048,257.877
1384,16,2,4096,262.822
1384,16,2,8192,268.544
1384,16,2,16384,278.053
1384,16,2,32768,290.176
1384,16,2,65536,301.083
1384,16,4,16,251.702
1384,16,4,32,252.261
1384,16,4,64,255.968
1384,16,4,128,256.208
1384,16,4,256,255.553
1384,16,4,512,256.422
1384,16,4,1024,259.974
1384,16,4,2048,262.476
1384,16,4,4096,269.759
1384,16,4,8192,276.945
1384,16,4,16384,286.907
1384,16,4,32768,303.374
1384,16,4,65536,334.556
1384,16,8,16,253.008
1384,16,8,32,252.603
1384,16,8,64,255.98
1384,16,8,128,255.972
1384,16,8,256,257.794
1384,16,8,512,260.608
1384,16,8,1024,262.827
1384,16,8,2048,266.522
1384,16,8,4096,273.622
1384,16,8,8192,284.075
1384,16,8,16384,302.268
1384,16,8,32768,334.587
1384,16,8,65536,401.051
1384,16,16,16,252.982
1384,16,16,32,253.072
1384,16,16,64,256.96
1384,16,16,128,258.152
1384,16,16,256,261.809
1384,16,16,512,262.715
1384,16,16,1024,266.485
1384,16,16,2048,272.966
1384,16,16,4096,281.867
1384,16,16,8192,299.553
1384,16,16,16384,335.196
1384,16,16,32768,400.668
1384,16,16,65536,536.386
1384,16,32,16,254.747
1384,16,32,32,254.656
1384,16,32,64,261.68
1384,16,32,128,265.105
1384,16,32,256,265.062
1384,16,32,512,270.87
1384,16,32,1024,275.078
1384,16,32,2048,284.698
1384,16,32,4096,301.711
1384,16,32,8192,336.156
1384,16,32,16384,403.089
1384,16,32,32768,540.192
1384,16,32,65536,812.711
1384,16,64,16,257.248
1384,16,64,32,258.103
1384,16,64,64,261.212
1384,16,64,128,269.164
1384,16,64,256,274.001
1384,16,64,512,279.317
1384,16,64,1024,289.413
1384,16,64,2048,306.795
1384,16,64,4096,342.252
1384,16,64,8192,409.824
1384,16,64,16384,547.627
1384,16,64,32768,817.527
1384,16,64,65536,1358.02
1384,16,128,16,267.878
1384,16,128,32,268.081
1384,16,128,64,271.552
1384,16,128,128,273.293
1384,16,128,256,279.477
1384,16,128,512,287.962
1384,16,128,1024,305.931
1384,16,128,2048,341.952
1384,16,128,4096,408.353
1384,16,128,8192,542.289
1384,16,128,16384,814.7
1384,16,128,32768,1353.12
1384,16,128,65536,2422.44
1384,32,0,0,226.214
1384,32,1,16,252.753
1384,32,1,32,252.906
1384,32,1,64,255.797
1384,32,1,128,256.565
1384,32,1,256,256.618
1384,32,1,512,257.142
1384,32,1,1024,256.449
1384,32,1,2048,259.703
1384,32,1,4096,262.005
1384,32,1,8192,265.541
1384,32,1,16384,270.805
1384,32,1,32768,280.064
1384,32,1,65536,287.578
1384,32,2,16,252.683
1384,32,2,32,252.593
1384,32,2,64,256.38
1384,32,2,128,257.061
1384,32,2,256,256.262
1384,32,2,512,256.267
1384,32,2,1024,258.204
1384,32,2,2048,259.533
1384,32,2,4096,263.712
1384,32,2,8192,269.397
1384,32,2,16384,278.331
1384,32,2,32768,290.874
1384,32,2,65536,303.691
1384,32,4,16,253.697
1384,32,4,32,253.338
1384,32,4,64,256.362
1384,32,4,128,256.215
1384,32,4,256,255.596
1384,32,4,512,258.469
1384,32,4,1024,261.355
1384,32,4,2048,263.744
1384,32,4,4096,270.042
1384,32,4,8192,277.867
1384,32,4,16384,287.733
1384,32,4,32768,304.523
1384,32,4,65536,335.483
1384,32,8,16,253.552
1384,32,8,32,253.025
1384,32,8,64,255.697
1384,32,8,128,257.745
1384,32,8,256,257.658
1384,32,8,512,261.159
1384,32,8,1024,263.995
1384,32,8,2048,267.915
1384,32,8,4096,274.524
1384,32,8,8192,285.068
1384,32,8,16384,303.1
1384,32,8,32768,336.78
1384,32,8,65536,402.524
1384,32,16,16,253.749
1384,32,16,32,254.363
1384,32,16,64,258.774
1384,32,16,128,258.46
1384,32,16,256,261.441
1384,32,16,512,263.642
1384,32,16,1024,266.46
1384,32,16,2048,273.569
1384,32,16,4096,283.236
1384,32,16,8192,301.131
1384,32,16,16384,336.352
1384,32,16,32768,402.497
1384,32,16,65536,537.298
1384,32,32,16,256.113
1384,32,32,32,255.472
1384,32,32,64,262.465
1384,32,32,128,265.094
1384,32,32,256,267.051
1384,32,32,512,271.137
1384,32,32,1024,274.876
1384,32,32,2048,284.902
1384,32,32,4096,302.129
1384,32,32,8192,338.447
1384,32,32,16384,404.124
1384,32,32,32768,539.879
1384,32,32,65536,812.152
1384,32,64,16,259.766
1384,32,64,32,259.723
1384,32,64,64,261.345
1384,32,64,128,270.438
1384,32,64,256,275.893
1384,32,64,512,280.069
1384,32,64,1024,290.261
1384,32,64,2048,307.764
1384,32,64,4096,344.438
1384,32,64,8192,412.155
1384,32,64,16384,549.606
1384,32,64,32768,818.518
1384,32,64,65536,1356.98
1384,32,128,16,269.2
1384,32,128,32,269.286
1384,32,128,64,272.721
1384,32,128,128,275.328
1384,32,128,256,281.173
1384,32,128,512,289.445
1384,32,128,1024,307.941
1384,32,128,2048,341.851
1384,32,128,4096,409.175
1384,32,128,8192,542.24
1384,32,128,16384,815.211
1384,32,128,32768,1351.96
1384,32,128,65536,2426.56
1384,64,0,0,225.722
1384,64,1,16,252.994
1384,64,1,32,252.71
1384,64,1,64,256.501
1384,64,1,128,256.46
1384,64,1,256,257.132
1384,64,1,512,256.694
1384,64,1,1024,257.162
1384,64,1,2048,259.343
1384,64,1,4096,261.664
1384,64,1,8192,265.974
1384,64,1,16384,270.629
1384,64,1,32768,280.165
1384,64,1,65536,286.902
1384,64,2,16,251.979
1384,64,2,32,252.934
1384,64,2,64,257.035
1384,64,2,128,257.196
1384,64,2,256,256.671
1384,64,2,512,257.029
1384,64,2,1024,260.22
1384,64,2,2048,260.523
1384,64,2,4096,262.16
1384,64,2,8192,268.87
1384,64,2,16384,278.938
1384,64,2,32768,291.841
1384,64,2,65536,302.45
1384,64,4,16,254.367
1384,64,4,32,252.656
1384,64,4,64,255.179
1384,64,4,128,255.984
1384,64,4,256,257.285
1384,64,4,512,257.489
1384,64,4,1024,260.945
1384,64,4,2048,263.57
1384,64,4,4096,268.304
1384,64,4,8192,277.532
1384,64,4,16384,287.943
1384,64,4,32768,302.556
1384,64,4,65536,335.974
1384,64,8,16,253.44
1384,64,8,32,252.577
1384,64,8,64,256.555
1384,64,8,128,257.365
1384,64,8,256,258.3
1384,64,8,512,262.161
1384,64,8,1024,264.064
1384,64,8,2048,268.502
1384,64,8,4096,274.48
1384,64,8,8192,284.214
1384,64,8,16384,302.982
1384,64,8,32768,335.786
1384,64,8,65536,402.416
1384,64,16,16,252.769
1384,64,16,32,253.798
1384,64,16,64,259.307
1384,64,16,128,259.083
1384,64,16,256,260.96
1384,64,16,512,263.665
1384,64,16,1024,267.606
1384,64,16,2048,272.939
1384,64,16,4096,282.587
1384,64,16,8192,300.251
1384,64,16,16384,337.073
1384,64,16,32768,402.129
1384,64,16,65536,540.267
1384,64,32,16,255.442
1384,64,32,32,256.368
1384,64,32,64,262.325
1384,64,32,128,266.538
1384,64,32,256,266.8
1384,64,32,512,270.333
1384,64,32,1024,275.781
1384,64,32,2048,285.158
1384,64,32,4096,302.082
1384,64,32,8192,337.174
1384,64,32,16384,403.569
1384,64,32,32768,541.692
1384,64,32,65536,816.721
1384,64,64,16,258.428
1384,64,64,32,259.004
1384,64,64,64,262.812
1384,64,64,128,269.91
1384,64,64,256,275.75
1384,64,64,512,280.181
1384,64,64,1024,289.733
1384,64,64,2048,308.106
1384,64,64,4096,343.057
1384,64,64,8192,411.627
1384,64,64,16384,547.898
1384,64,64,32768,820.52
1384,64,64,65536,1359.74
1384,64,128,16,268.656
1384,64,128,32,269.141
1384,64,128,64,271.968
1384,64,128,128,274.631
1384,64,128,256,280.065
1384,64,128,512,288.795
1384,64,128,1024,306.294
1384,64,128,2048,342.171
1384,64,128,4096,409.75
1384,64,128,8192,542.203
1384,64,128,16384,818.16
1384,64,128,32768,1357.72
1384,64,128,65536,2429.21
1384,128,0,0,227.157
1384,128,1,16,255.168
1384,128,1,32,254.368
1384,128,1,64,257.707
1384,128,1,128,259.274
1384,128,1,256,258.3
1384,128,1,512,259.733
1384,128,1,1024,260.935
1384,128,1,2048,261.846
1384,128,1,4096,263.899
1384,128,1,8192,267.292
1384,128,1,16384,272.246
1384,128,1,32768,281.888
1384,128,1,65536,288.543
1384,128,2,16,254.65
1384,128,2,32,255.511
1384,128,2,64,259.712
1384,128,2,128,259.067
1384,128,2,256,258.102
1384,128,2,512,259.505
1384,128,2,1024,259.872
1384,128,2,2048,263.765
1384,128,2,4096,268.091
1384,128,2,8192,271.113
1384,128,2,16384,280.378
1384,128,2,32768,292.202
1384,128,2,65536,305.487
1384,128,4,16,254.837
1384,128,4,32,255.585
1384,128,4,64,258.645
1384,128,4,128,258.831
1384,128,4,256,259.232
1384,128,4,512,260.039
1384,128,4,1024,264.21
1384,128,4,2048,266.673
1384,128,4,4096,271.979
1384,128,4,8192,279.254
1384,128,4,16384,288.698
1384,128,4,32768,305.302
1384,128,4,65536,338.043
1384,128,8,16,255.462
1384,128,8,32,254.512
1384,128,8,64,258.879
1384,128,8,128,259.441
1384,128,8,256,260.709
1384,128,8,512,261.813
1384,128,8,1024,265.915
1384,128,8,2048,270.113
1384,128,8,4096,276.859
1384,128,8,8192,287.499
1384,128,8,16384,305.174
1384,128,8,32768,338.541
1384,128,8,65536,405.461
1384,128,16,16,255.841
1384,128,16,32,255.696
1384,128,16,64,260.24
1384,128,16,128,262.891
1384,128,16,256,263.462
1384,128,16,512,266.053
1384,128,16,1024,269.058
1384,128,16,2048,274.742
1384,128,16,4096,285.003
1384,128,16,8192,304.103
1384,128,16,16384,337.116
1384,128,16,32768,403.804
1384,128,16,65536,540.913
1384,128,32,16,258.641
1384,128,32,32,257.477
1384,128,32,64,264.598
1384,128,32,128,267.914
1384,128,32,256,268.503
1384,128,32,512,273.493
1384,128,32,1024,277.717
1384,128,32,2048,287.526
1384,128,32,4096,304.496
1384,128,32,8192,339.237
1384,128,32,16384,405.057
1384,128,32,32768,545.42
1384,128,32,65536,823.4
1384,128,64,16,261.242
1384,128,64,32,261.18
1384,128,64,64,264.196
1384,128,64,128,271.477
1384,128,64,256,277.995
1384,128,64,512,283.019
1384,128,64,1024,292.966
1384,128,64,2048,310.074
1384,128,64,4096,345.83
1384,128,64,8192,412.997
1384,128,64,16384,551.563
1384,128,64,32768,825.921
1384,128,64,65536,1371.72
1384,128,128,16,271.253
1384,128,128,32,271.493
1384,128,128,64,274.405
1384,128,128,128,277.606
1384,128,128,256,281.548
1384,128,128,512,291.264
1384,128,128,1024,308.565
1384,128,128,2048,344.954
1384,128,128,4096,411.014
1384,128,128,8192,547.979
1384,128,128,16384,827.776
1384,128,128,32768,1365.45
1384,128,128,65536,2436.39
1384,256,0,0,246.785
1384,256,1,16,272.607
1384,256,1,32,272.379
1384,256,1,64,275.319
1384,256,1,128,276.699
1384,256,1,256,276.123
1384,256,1,512,276.261
1384,256,1,1024,277.461
1384,256,1,2048,279.878
1384,256,1,4096,281.483
1384,256,1,8192,285.649
1384,256,1,16384,289.951
1384,256,1,32768,300.488
1384,256,1,65536,307.242
1384,256,2,16,273.525
1384,256,2,32,273.202
1384,256,2,64,277.416
1384,256,2,128,277.952
1384,256,2,256,276.459
1384,256,2,512,277.938
1384,256,2,1024,278.88
1384,256,2,2048,281.296
1384,256,2,4096,283.408
1384,256,2,8192,290.561
1384,256,2,16384,299.317
1384,256,2,32768,310.492
1384,256,2,65536,321.457
1384,256,4,16,272.86
1384,256,4,32,272.773
1384,256,4,64,276.331
1384,256,4,128,276.62
1384,256,4,256,276.902
1384,256,4,512,278.568
1384,256,4,1024,281.606
1384,256,4,2048,284.304
1384,256,4,4096,289.204
1384,256,4,8192,297.877
1384,256,4,16384,307.648
1384,256,4,32768,323.654
1384,256,4,65536,355.77
1384,256,8,16,272.891
1384,256,8,32,272.731
1384,256,8,64,278.555
1384,256,8,128,275.786
1384,256,8,256,277.654
1384,256,8,512,281.83
1384,256,8,1024,283.18
1384,256,8,2048,288.533
1384,256,8,4096,294.96
1384,256,8,8192,305.195
1384,256,8,16384,322.272
1384,256,8,32768,356.655
1384,256,8,65536,423.91
1384,256,16,16,274.444
1384,256,16,32,274.464
1384,256,16,64,278.358
1384,256,16,128,279.946
1384,256,16,256,282.913
1384,256,16,512,282.671
1384,256,16,1024,286.981
1384,256,16,2048,293.708
1384,256,16,4096,302.849
1384,256,16,8192,321.26
1384,256,16,16384,355.244
1384,256,16,32768,420.715
1384,256,16,65536,563.35
1384,256,32,16,275.393
1384,256,32,32,276.475
1384,256,32,64,282.486
1384,256,32,128,285.376
1384,256,32,256,285.813
1384,256,32,512,290.497
1384,256,32,1024,296.545
1384,256,32,2048,305.072
1384,256,32,4096,323.771
1384,256,32,8192,358.272
1384,256,32,16384,424.524
1384,256,32,32768,566.796
1384,256,32,65536,847.777
1384,256,64,16,278.886
1384,256,64,32,279.386
1384,256,64,64,282.071
1384,256,64,128,290.076
1384,256,64,256,296.635
1384,256,64,512,302.284
1384,256,64,1024,311.216
1384,256,64,2048,328.145
1384,256,64,4096,364.135
1384,256,64,8192,431.414
1384,256,64,16384,573.89
1384,256,64,32768,853.804
1384,256,64,65536,1394.86
1384,256,128,16,288.203
1384,256,128,32,289.125
1384,256,128,64,292.64
1384,256,128,128,294.438
1384,256,128,256,298.978
1384,256,128,512,308.295
1384,256,128,1024,326.331
1384,256,128,2048,361.712
1384,256,128,4096,428.491
1384,256,128,8192,567.67
1384,256,128,16384,849.944
1384,256,128,32768,1390.81
1384,256,128,65536,2463.31
1384,512,0,0,275.895
1384,512,1,16,303.754
1384,512,1,32,302.919
1384,512,1,64,306.806
1384,512,1,128,307.707
1384,512,1,256,307.249
1384,512,1,512,305.553
1384,512,1,1024,308.826
1384,512,1,2048,310.746
1384,512,1,4096,311.963
1384,512,1,8192,316.758
1384,512,1,16384,321.434
1384,512,1,32768,330.171
1384,512,1,65536,336.859
1384,512,2,16,302.373
1384,512,2,32,303.579
1384,512,2,64,306.559
1384,512,2,128,307.446
1384,512,2,256,306.923
1384,512,2,512,306.577
1384,512,2,1024,309.19
1384,512,2,2048,309.697
1384,512,2,4096,313.424
1384,512,2,8192,320.127
1384,512,2,16384,328.689
1384,512,2,32768,341.974
1384,512,2,65536,352.795
1384,512,4,16,304.028
1384,512,4,32,303.996
1384,512,4,64,306.272
1384,512,4,128,307.181
1384,512,4,256,306.993
1384,512,4,512,308.614
1384,512,4,1024,312.033
1384,512,4,2048,313.969
1384,512,4,4096,318.817
1384,512,4,8192,328.369
1384,512,4,16384,338.368
1384,512,4,32768,352.534
1384,512,4,65536,388.187
1384,512,8,16,303.777
1384,512,8,32,303.43
1384,512,8,64,306.94
1384,512,8,128,307.769
1384,512,8,256,309.269
1384,512,8,512,311.834
1384,512,8,1024,313.477
1384,512,8,2048,318.033
1384,512,8,4096,325.451
1384,512,8,8192,334.491
1384,512,8,16384,353.388
1384,512,8,32768,387.116
1384,512,8,65536,452.295
1384,512,16,16,304.108
1384,512,16,32,304.741
1384,512,16,64,308.001
1384,512,16,128,309.097
1384,512,16,256,311.739
1384,512,16,512,312.864
1384,512,16,1024,317.403
1384,512,16,2048,323.361
1384,512,16,4096,333.695
1384,512,16,8192,351.654
1384,512,16,16384,386.62
1384,512,16,32768,451.222
1384,512,16,65536,593.623
1384,512,32,16,305.776
1384,512,32,32,305.756
1384,512,32,64,313.44
1384,512,32,128,315.846
1384,512,32,256,316.522
1384,512,32,512,321.499
1384,512,32,1024,326.758
1384,512,32,2048,335.589
1384,512,32,4096,353.611
1384,512,32,8192,388.635
1384,512,32,16384,455.553
1384,512,32,32768,595.873
1384,512,32,65536,872.843
1384,512,64,16,309.712
1384,512,64,32,309.986
1384,512,64,64,313.329
1384,512,64,128,320.843
1384,512,64,256,325.505
1384,512,64,512,330.539
1384,512,64,1024,340.636
1384,512,64,2048,358.768
1384,512,64,4096,393.893
1384,512,64,8192,461.404
1384,512,64,16384,604.785
1384,512,64,32768,878.518
1384,512,64,65536,1416.72
1384,512,128,16,319.589
1384,512,128,32,319.277
1384,512,128,64,322.587
1384,512,128,128,323.478
1384,512,128,256,329.99
1384,512,128,512,339.119
1384,512,128,1024,356.391
1384,512,128,2048,391.542
1384,512,128,4096,458.789
1384,512,128,8192,597.372
1384,512,128,16384,877.559
1384,512,128,32768,1415.17
1384,512,128,65536,2488.02
1384,1024,0,0,336.746
1384,1024,1,16,364.455
1384,1024,1,32,363.787
1384,1024,1,64,367.013
1384,1024,1,128,367.069
1384,1024,1,256,367.281
1384,1024,1,512,367.938
1384,1024,1,1024,368.272
1384,1024,1,2048,370.448
1384,1024,1,4096,372.608
1384,1024,1,8192,377.079
1384,1024,1,16384,381.404
1384,1024,1,32768,390.476
1384,1024,1,65536,397.121
1384,1024,2,16,363.751
1384,1024,2,32,363.013
1384,1024,2,64,367.637
1384,1024,2,128,368.973
1384,1024,2,256,367.585
1384,1024,2,512,368.033
1384,1024,2,1024,369.665
1384,1024,2,2048,370.966
1384,1024,2,4096,374.769
1384,1024,2,8192,379.552
1384,1024,2,16384,388.1
1384,1024,2,32768,402.759
1384,1024,2,65536,413.494
1384,1024,4,16,364.746
1384,1024,4,32,365.228
1384,1024,4,64,367.077
1384,1024,4,128,366.986
1384,1024,4,256,367.712
1384,1024,4,512,368.155
1384,1024,4,1024,371.969
1384,1024,4,2048,375.238
1384,1024,4,4096,378.721
1384,1024,4,8192,388.721
1384,1024,4,16384,399.062
1384,1024,4,32768,413.909
1384,1024,4,65536,446.36
1384,1024,8,16,363.851
1384,1024,8,32,364.512
1384,1024,8,64,367.819
1384,1024,8,128,368.619
1384,1024,8,256,369.28
1384,1024,8,512,374.319
1384,1024,8,1024,375.073
1384,1024,8,2048,379.137
1384,1024,8,4096,385.906
1384,1024,8,8192,394.822
1384,1024,8,16384,411.974
1384,1024,8,32768,447.104
1384,1024,8,65536,513.334
1384,1024,16,16,364.293
1384,1024,16,32,364.026
1384,1024,16,64,369.771
1384,1024,16,128,370.023
1384,1024,16,256,373.137
1384,1024,16,512,373.936
1384,1024,16,1024,377.77
1384,1024,16,2048,384.679
1384,1024,16,4096,394.23
1384,1024,16,8192,411.558
1384,1024,16,16384,445.025
1384,1024,16,32768,512.022
1384,1024,16,65536,649.6
1384,1024,32,16,367.232
1384,1024,32,32,367.645
1384,1024,32,64,373.627
1384,1024,32,128,376.555
1384,1024,32,256,378.133
1384,1024,32,512,382.785
1384,1024,32,1024,386.039
1384,1024,32,2048,396.202
1384,1024,32,4096,413.323
1384,1024,32,8192,447.627
1384,1024,32,16384,514.7
1384,1024,32,32768,652.582
1384,1024,32,65536,923.985
1384,1024,64,16,370.56
1384,1024,64,32,370.506
1384,1024,64,64,372.849
1384,1024,64,128,382.49
1384,1024,64,256,387.098
1384,1024,64,512,392.678
1384,1024,64,1024,400.91
1384,1024,64,2048,419.233
1384,1024,64,4096,454.454
1384,1024,64,8192,521.093
1384,1024,64,16384,661.424
1384,1024,64,32768,930.258
1384,1024,64,65536,1465.04
1384,1024,128,16,379.541
1384,1024,128,32,378.95
1384,1024,128,64,383.649
1384,1024,128,128,385.681
1384,1024,128,256,390.416
1384,1024,128,512,400.229
1384,1024,128,1024,418.256
1384,1024,128,2048,451.916
1384,1024,128,4096,518.417
1384,1024,128,8192,655.959
1384,1024,128,16384,924.189
1384,1024,128,32768,1461.37
1384,1024,128,65536,2531.98
1384,2048,0,0,460.949
1384,2048,1,16,488.778
1384,2048,1,32,488.374
1384,2048,1,64,489.744
1384,2048,1,128,491.697
1384,2048,1,256,490.967
1384,2048,1,512,491.861
1384,2048,1,1024,491.76
1384,2048,1,2048,494.487
1384,2048,1,4096,497.195
1384,2048,1,8192,499.815
1384,2048,1,16384,505.383
1384,2048,1,32768,514.496
1384,2048,1,65536,522.348
1384,2048,2,16,487.707
1384,2048,2,32,487.834
1384,2048,2,64,491.85
1384,2048,2,128,492.304
1384,2048,2,256,492.806
1384,2048,2,512,492.539
1384,2048,2,1024,493.474
1384,2048,2,2048,495.425
1384,2048,2,4096,498.529
1384,2048,2,8192,503.51
1384,2048,2,16384,512.272
1384,2048,2,32768,525.169
1384,2048,2,65536,536.524
1384,2048,4,16,487.02
1384,2048,4,32,488.679
1384,2048,4,64,490.416
1384,2048,4,128,490.716
1384,2048,4,256,491.644
1384,2048,4,512,492.016
1384,2048,4,1024,494.363
1384,2048,4,2048,498.802
1384,2048,4,4096,503.398
1384,2048,4,8192,510.401
1384,2048,4,16384,522.443
1384,2048,4,32768,537.552
1384,2048,4,65536,570.027
1384,2048,8,16,488.336
1384,2048,8,32,487.568
1384,2048,8,64,491.804
1384,2048,8,128,491.087
1384,2048,8,256,493.591
1384,2048,8,512,495.883
1384,2048,8,1024,498.005
1384,2048,8,2048,503.089
1384,2048,8,4096,508.352
1384,2048,8,8192,519.51
1384,2048,8,16384,537.077
1384,2048,8,32768,569.371
1384,2048,8,65536,634.635
1384,2048,16,16,486.508
1384,2048,16,32,487.663
1384,2048,16,64,493.112
1384,2048,16,128,494.78
1384,2048,16,256,496.859
1384,2048,16,512,498.41
1384,2048,16,1024,501.622
1384,2048,16,2048,508.112
1384,2048,16,4096,517.178
1384,2048,16,8192,536.095
1384,2048,16,16384,568.774
1384,2048,16,32768,635.927
1384,2048,16,65536,772.56
1384,2048,32,16,489.041
1384,2048,32,32,489.291
1384,2048,32,64,497.259
1384,2048,32,128,499.263
1384,2048,32,256,500.849
1384,2048,32,512,506.391
1384,2048,32,1024,510.15
1384,2048,32,2048,518.599
1384,2048,32,4096,536.118
1384,2048,32,8192,572.289
1384,2048,32,16384,640.881
1384,2048,32,32768,774.908
1384,2048,32,65536,1043.91
1384,2048,64,16,493.789
1384,2048,64,32,493.019
1384,2048,64,64,497.576
1384,2048,64,128,505.654
1384,2048,64,256,511.121
1384,2048,64,512,515.766
1384,2048,64,1024,524.678
1384,2048,64,2048,542.635
1384,2048,64,4096,578.8
1384,2048,64,8192,645.142
1384,2048,64,16384,783.702
1384,2048,64,32768,1051.52
1384,2048,64,65536,1588.13
1384,2048,128,16,503.883
1384,2048,128,32,505.148
1384,2048,128,64,505.868
1384,2048,128,128,508.827
1384,2048,128,256,514.588
1384,2048,128,512,524.038
1384,2048,128,1024,541.437
1384,2048,128,2048,575.521
1384,2048,128,4096,643.202
1384,2048,128,8192,779.858
1384,2048,128,16384,1047.55
1384,2048,128,32768,1583.92
1384,2048,128,65536,2651.31
1384,4096,0,0,699.303
1384,4096,1,16,727.456
1384,4096,1,32,726.988
1384,4096,1,64,728.657
1384,4096,1,128,730.475
1384,4096,1,256,731.538
1384,4096,1,512,731.522
1384,4096,1,1024,731.429
1384,4096,1,2048,732.881
1384,4096,1,4096,736.869
1384,4096,1,8192,738.535
1384,4096,1,16384,745.147
1384,4096,1,32768,754.565
1384,4096,1,65536,760.578
1384,4096,2,16,727.4
1384,4096,2,32,726.103
1384,4096,2,64,730.706
1384,4096,2,128,730.994
1384,4096,2,256,731.649
1384,4096,2,512,732.198
1384,4096,2,1024,731.259
1384,4096,2,2048,735.771
1384,4096,2,4096,737.867
1384,4096,2,8192,743.952
1384,4096,2,16384,751.665
1384,4096,2,32768,764.629
1384,4096,2,65536,774.039
1384,4096,4,16,726.962
1384,4096,4,32,727.056
1384,4096,4,64,730.434
1384,4096,4,128,730.842
1384,4096,4,256,732.534
1384,4096,4,512,730.199
1384,4096,4,1024,736.603
1384,4096,4,2048,737.984
1384,4096,4,4096,745.21
1384,4096,4,8192,751.383
1384,4096,4,16384,763.244
1384,4096,4,32768,776.337
1384,4096,4,65536,812.465
1384,4096,8,16,727.937
1384,4096,8,32,726.699
1384,4096,8,64,730.555
1384,4096,8,128,733.271
1384,4096,8,256,733.084
1384,4096,8,512,736.215
1384,4096,8,1024,737.778
1384,4096,8,2048,743.627
1384,4096,8,4096,748.187
1384,4096,8,8192,759.115
1384,4096,8,16384,775.921
1384,4096,8,32768,808.55
1384,4096,8,65536,877.393
1384,4096,16,16,727.317
1384,4096,16,32,727.084
1384,4096,16,64,733.186
1384,4096,16,128,733.955
1384,4096,16,256,738.776
1384,4096,16,512,738.86
1384,4096,16,1024,740.246
1384,4096,16,2048,745.782
1384,4096,16,4096,759.697
1384,4096,16,8192,775.206
1384,4096,16,16384,808.103
1384,4096,16,32768,874.199
1384,4096,16,65536,1011.17
1384,4096,32,16,730.032
1384,4096,32,32,728.465
1384,4096,32,64,735.755
1384,4096,32,128,740.907
1384,4096,32,256,742.041
1384,4096,32,512,745.421
1384,4096,32,1024,749.644
1384,4096,32,2048,759.868
1384,4096,32,4096,776.422
1384,4096,32,8192,809.095
1384,4096,32,16384,877.458
1384,4096,32,32768,1016.74
1384,4096,32,65536,1284.09
1384,4096,64,16,733.755
1384,4096,64,32,733.837
1384,4096,64,64,737.318
1384,4096,64,128,745.062
1384,4096,64,256,754.672
1384,4096,64,512,757.574
1384,4096,64,1024,768.049
1384,4096,64,2048,785.431
1384,4096,64,4096,819.591
1384,4096,64,8192,887.281
1384,4096,64,16384,1023.89
1384,4096,64,32768,1291.03
1384,4096,64,65536,1830.23
1384,4096,128,16,743.244
1384,4096,128,32,743.222
1384,4096,128,64,747.057
1384,4096,128,128,751.277
1384,4096,128,256,752.967
1384,4096,128,512,763.298
1384,4096,128,1024,780.519
1384,4096,128,2048,815.557
1384,4096,128,4096,884.95
1384,4096,128,8192,1020.26
1384,4096,128,16384,1287.61
1384,4096,128,32768,1822.01
1384,4096,128,65536,2893.53
1384,8192,0,0,1181.55
1384,8192,1,16,1205.42
1384,8192,1,32,1207.78
1384,8192,1,64,1209.45
1384,8192,1,128,1211.81
1384,8192,1,256,1210.81
1384,8192,1,512,1210.88
1384,8192,1,1024,1211.99
1384,8192,1,2048,1213.36
1384,8192,1,4096,1217.16
1384,8192,1,8192,1220.72
1384,8192,1,16384,1224.73
1384,8192,1,32768,1234.02
1384,8192,1,65536,1239
1384,8192,2,16,1207.7
1384,8192,2,32,1208.15
1384,8192,2,64,1212.92
1384,8192,2,128,1210.07
1384,8192,2,256,1210.11
1384,8192,2,512,1213.21
1384,8192,2,1024,1214.87
1384,8192,2,2048,1215.31
1384,8192,2,4096,1217.85
1384,8192,2,8192,1223.5
1384,8192,2,16384,1233.14
1384,8192,2,32768,1244.86
1384,8192,2,65536,1256.42
1384,8192,4,16,1207.43
1384,8192,4,32,1208.08
1384,8192,4,64,1210.66
1384,8192,4,128,1211.79
1384,8192,4,256,1214.03
1384,8192,4,512,1211.28
1384,8192,4,1024,1214.21
1384,8192,4,2048,1221.13
1384,8192,4,4096,1223.65
1384,8192,4,8192,1228.93
1384,8192,4,16384,1244.25
1384,8192,4,32768,1254.8
1384,8192,4,65536,1288.72
1384,8192,8,16,1208.23
1384,8192,8,32,1207.2
1384,8192,8,64,1210.64
1384,8192,8,128,1212.88
1384,8192,8,256,1216.99
1384,8192,8,512,1215.6
1384,8192,8,1024,1217.13
1384,8192,8,2048,1221.91
1384,8192,8,4096,1229.33
1384,8192,8,8192,1238.38
1384,8192,8,16384,1256.34
1384,8192,8,32768,1289.04
1384,8192,8,65536,1354.63
1384,8192,16,16,1206.93
1384,8192,16,32,1207.2
1384,8192,16,64,1212.64
1384,8192,16,128,1214.85
1384,8192,16,256,1218
1384,8192,16,512,1218.05
1384,8192,16,1024,1224.58
1384,8192,16,2048,1229.16
1384,8192,16,4096,1237.81
1384,8192,16,8192,1254
1384,8192,16,16384,1288.02
1384,8192,16,32768,1358.2
1384,8192,16,65536,1491.9
1384,8192,32,16,1208.81
1384,8192,32,32,1210.98
1384,8192,32,64,1216.27
1384,8192,32,128,1220.56
1384,8192,32,256,1219.46
1384,8192,32,512,1226.28
1384,8192,32,1024,1230.83
1384,8192,32,2048,1239.5
1384,8192,32,4096,1255.2
1384,8192,32,8192,1290.5
1384,8192,32,16384,1357.38
1384,8192,32,32768,1494.3
1384,8192,32,65536,1769.4
1384,8192,64,16,1213.36
1384,8192,64,32,1215.48
1384,8192,64,64,1215.06
1384,8192,64,128,1224.76
1384,8192,64,256,1232.41
1384,8192,64,512,1236.77
1384,8192,64,1024,1246.23
1384,8192,64,2048,1260.57
1384,8192,64,4096,1298.11
1384,8192,64,8192,1367.94
1384,8192,64,16384,1506.1
1384,8192,64,32768,1772.17
1384,8192,64,65536,2309.94
1384,8192,128,16,1222.86
1384,8192,128,32,1222.32
1384,8192,128,64,1226.63
1384,8192,128,128,1226.99
1384,8192,128,256,1233.05
1384,8192,128,512,1243.25
1384,8192,128,1024,1260.74
1384,8192,128,2048,1294.75
1384,8192,128,4096,1362.23
1384,8192,128,8192,1499.85
1384,8192,128,16384,1768.62
1384,8192,128,32768,2306.14
1384,8192,128,65536,3369.41
1384,16384,0,0,2131.12
1384,16384,1,16,2156.86
1384,16384,1,32,2156.73
1384,16384,1,64,2160.66
1384,16384,1,128,2163.77
1384,16384,1,256,2166.14
1384,16384,1,512,2163.99
1384,16384,1,1024,2162.15
1384,16384,1,2048,2163.07
1384,16384,1,4096,2170.25
1384,16384,1,8192,2174.33
1384,16384,1,16384,2174.63
1384,16384,1,32768,2183.6
1384,16384,1,65536,2197.89
1384,16384,2,16,2157.54
1384,16384,2,32,2155.03
1384,16384,2,64,2158.86
1384,16384,2,128,2159.61
1384,16384,2,256,2160.27
1384,16384,2,512,2162.82
1384,16384,2,1024,2162.26
1384,16384,2,2048,2169.84
1384,16384,2,4096,2166.04
1384,16384,2,8192,2175.26
1384,16384,2,16384,2182.59
1384,16384,2,32768,2195.76
1384,16384,2,65536,2202.99
1384,16384,4,16,2160.29
1384,16384,4,32,2157.27
1384,16384,4,64,2158.6
1384,16384,4,128,2160.12
1384,16384,4,256,2164.88
1384,16384,4,512,2164.7
1384,16384,4,1024,2167.04
1384,16384,4,2048,2167.05
1384,16384,4,4096,2175.8
1384,16384,4,8192,2181.1
1384,16384,4,16384,2189.56
1384,16384,4,32768,2205.84
1384,16384,4,65536,2242.57
1384,16384,8,16,2165.15
1384,16384,8,32,2162.19
1384,16384,8,64,2161.73
1384,16384,8,128,2161.09
1384,16384,8,256,2164.71
1384,16384,8,512,2167.44
1384,16384,8,1024,2163.88
1384,16384,8,2048,2180.32
1384,16384,8,4096,2181.19
1384,16384,8,8192,2188.28
1384,16384,8,16384,2203.87
1384,16384,8,32768,2241.61
1384,16384,8,65536,2304.98
1384,16384,16,16,2156.05
1384,16384,16,32,2155.74
1384,16384,16,64,2161.72
1384,16384,16,128,2161.33
1384,16384,16,256,2166.49
1384,16384,16,512,2168.15
1384,16384,16,1024,2171.27
1384,16384,16,2048,2175.48
1384,16384,16,4096,2188.8
1384,16384,16,8192,2207.09
1384,16384,16,16384,2238.57
1384,16384,16,32768,2304.81
1384,16384,16,65536,2441.67
1384,16384,32,16,2161.39
1384,16384,32,32,2162.63
1384,16384,32,64,2166.87
1384,16384,32,128,2170.97
1384,16384,32,256,2173.09
1384,16384,32,512,2174.94
1384,16384,32,1024,2178.64
1384,16384,32,2048,2187.08
1384,16384,32,4096,2202.62
1384,16384,32,8192,2240.92
1384,16384,32,16384,2310.65
1384,16384,32,32768,2443.25
1384,16384,32,65536,2718.44
1384,16384,64,16,2160.63
1384,16384,64,32,2161.72
1384,16384,64,64,2163.6
1384,16384,64,128,2179.02
1384,16384,64,256,2182.72
1384,16384,64,512,2184.74
1384,16384,64,1024,2194.93
1384,16384,64,2048,2212.56
1384,16384,64,4096,2248.23
1384,16384,64,8192,2317.21
1384,16384,64,16384,2453.68
1384,16384,64,32768,2720.62
1384,16384,64,65536,3252.64
1384,16384,128,16,2176
1384,16384,128,32,2172.35
1384,16384,128,64,2174.91
1384,16384,128,128,2176.4
1384,16384,128,256,2189.35
1384,16384,128,512,2195.87
1384,16384,128,1024,2213.01
1384,16384,128,2048,2244.85
1384,16384,128,4096,2313.95
1384,16384,128,8192,2452.21
1384,16384,128,16384,2720.04
1384,16384,128,32768,3253.48
1384,16384,128,65536,4322.38
1384,32768,0,0,4046.42
1384,32768,1,16,4070.14
1384,32768,1,32,4078.42
1384,32768,1,64,4081.27
1384,32768,1,128,4078.04
1384,32768,1,256,4073.88
1384,32768,1,512,4077.43
1384,32768,1,1024,4076.91
1384,32768,1,2048,4079.59
1384,32768,1,4096,4083.94
1384,32768,1,8192,4086.31
1384,32768,1,16384,4092.53
1384,32768,1,32768,4099.55
1384,32768,1,65536,4105.27
1384,32768,2,16,4073.14
1384,32768,2,32,4072.34
1384,32768,2,64,4073.68
1384,32768,2,128,4080.55
1384,32768,2,256,4074.11
1384,32768,2,512,4077.28
1384,32768,2,1024,4078.82
1384,32768,2,2048,4083.63
1384,32768,2,4096,4085.21
1384,32768,2,8192,4085.88
1384,32768,2,16384,4097.43
1384,32768,2,32768,4109.71
1384,32768,2,65536,4117.61
1384,32768,4,16,4069.36
1384,32768,4,32,4075.93
1384,32768,4,64,4075.36
1384,32768,4,128,4079.89
1384,32768,4,256,4077.06
1384,32768,4,512,4074.27
1384,32768,4,1024,4078.98
1384,32768,4,2048,4082.52
1384,32768,4,4096,4088.87
1384,32768,4,8192,4098.42
1384,32768,4,16384,4108.25
1384,32768,4,32768,4120.06
1384,32768,4,65536,4157.91
1384,32768,8,16,4070.88
1384,32768,8,32,4068.45
1384,32768,8,64,4077.72
1384,32768,8,128,4080.51
1384,32768,8,256,4075.22
1384,32768,8,512,4080.55
1384,32768,8,1024,4082.05
1384,32768,8,2048,4084.51
1384,32768,8,4096,4095.3
1384,32768,8,8192,4098.81
1384,32768,8,16384,4125.85
1384,32768,8,32768,4154.86
1384,32768,8,65536,4225.26
1384,32768,16,16,4071.02
1384,32768,16,32,4072.26
1384,32768,16,64,4078.49
1384,32768,16,128,4082.91
1384,32768,16,256,4080.26
1384,32768,16,512,4081.66
1384,32768,16,1024,4086.66
1384,32768,16,2048,4094.76
1384,32768,16,4096,4102.8
1384,32768,16,8192,4117.79
1384,32768,16,16384,4156.04
1384,32768,16,32768,4224.31
1384,32768,16,65536,4361.54
1384,32768,32,16,4077.48
1384,32768,32,32,4075.74
1384,32768,32,64,4081.04
1384,32768,32,128,4085.99
1384,32768,32,256,4086.47
1384,32768,32,512,4091.47
1384,32768,32,1024,4096.68
1384,32768,32,2048,4105.52
1384,32768,32,4096,4123.64
1384,32768,32,8192,4155.94
1384,32768,32,16384,4221.24
1384,32768,32,32768,4361.84
1384,32768,32,65536,4630.47
1384,32768,64,16,4081.77
1384,32768,64,32,4079.18
1384,32768,64,64,4085.51
1384,32768,64,128,4094.45
1384,32768,64,256,4103.29
1384,32768,64,512,4102.64
1384,32768,64,1024,4111.64
1384,32768,64,2048,4128.73
1384,32768,64,4096,4163.76
1384,32768,64,8192,4232.33
1384,32768,64,16384,4367.49
1384,32768,64,32768,4639.96
1384,32768,64,65536,5173.2
1384,32768,128,16,4088.6
1384,32768,128,32,4087.23
1384,32768,128,64,4094.37
1384,32768,128,128,4094.41
1384,32768,128,256,4099.17
1384,32768,128,512,4107.62
1384,32768,128,1024,4127.49
1384,32768,128,2048,4161.42
1384,32768,128,4096,4229.41
1384,32768,128,8192,4367.57
1384,32768,128,16384,4633.26
1384,32768,128,32768,5172.67
1384,32768,128,65536,6245.28
1384,65536,0,0,7875.05
1384,65536,1,16,7901.85
1384,65536,1,32,7906.34
1384,65536,1,64,7910.04
1384,65536,1,128,7902.85
1384,65536,1,256,7908.36
1384,65536,1,512,7918.32
1384,65536,1,1024,7914.86
1384,65536,1,2048,7917.18
1384,65536,1,4096,7914.43
1384,65536,1,8192,7913.87
1384,65536,1,16384,7916.53
1384,65536,1,32768,7923.61
1384,65536,1,65536,7936.77
1384,65536,2,16,7909.21
1384,65536,2,32,7899.86
1384,65536,2,64,7911.53
1384,65536,2,128,7896.31
1384,65536,2,256,7915.11
1384,65536,2,512,7898.03
1384,65536,2,1024,7902.86
1384,65536,2,2048,7906.94
1384,65536,2,4096,7915.3
1384,65536,2,8192,7917.56
1384,65536,2,16384,7936.52
1384,65536,2,32768,7938.28
1384,65536,2,65536,7954.24
1384,65536,4,16,7905.34
1384,65536,4,32,7906.1
1384,65536,4,64,7903.19
1384,65536,4,128,7900.9
1384,65536,4,256,7912.16
1384,65536,4,512,7915
1384,65536,4,1024,7915.34
1384,65536,4,2048,7917.81
1384,65536,4,4096,7924.64
1384,65536,4,8192,7927.8
1384,65536,4,16384,7929.84
1384,65536,4,32768,7944.9
1384,65536,4,65536,7979.61
1384,65536,8,16,7897.84
1384,65536,8,32,7907.76
1384,65536,8,64,7913.18
1384,65536,8,128,7912.34
1384,65536,8,256,7905.85
1384,65536,8,512,7918.01
1384,65536,8,1024,7917.82
1384,65536,8,2048,7919.91
1384,65536,8,4096,7924.36
1384,65536,8,8192,7936.61
1384,65536,8,16384,7953.97
1384,65536,8,32768,7974.49
1384,65536,8,65536,8059.75
1384,65536,16,16,7915.75
1384,65536,16,32,7898.95
1384,65536,16,64,7913.33
1384,65536,16,128,7901.81
1384,65536,16,256,7915.63
1384,65536,16,512,7911.23
1384,65536,16,1024,7908.05
1384,65536,16,2048,7929.8
1384,65536,16,4096,7935.18
1384,65536,16,8192,7953.82
1384,65536,16,16384,7978.95
1384,65536,16,32768,8054.99
1384,65536,16,65536,8189.82
1384,65536,32,16,7889.13
1384,65536,32,32,7906.53
1384,65536,32,64,7912.01
1384,65536,32,128,7913.31
1384,65536,32,256,7912.78
1384,65536,32,512,7924.69
1384,65536,32,1024,7931.85
1384,65536,32,2048,7939.34
1384,65536,32,4096,7959.09
1384,65536,32,8192,7978.67
1384,65536,32,16384,8054.28
1384,65536,32,32768,8196.21
1384,65536,32,65536,8463.24
1384,65536,64,16,7897.36
1384,65536,64,32,7904.72
1384,65536,64,64,7918.18
1384,65536,64,128,7921.68
1384,65536,64,256,7929.93
1384,65536,64,512,7941.53
1384,65536,64,1024,7952.86
1384,65536,64,2048,7950.97
1384,65536,64,4096,8000.16
1384,65536,64,8192,8075.12
1384,65536,64,16384,8200.4
1384,65536,64,32768,8468.27
1384,65536,64,65536,9004.08
1384,65536,128,16,7913.59
1384,65536,128,32,7927.34
1384,65536,128,64,7918.79
1384,65536,128,128,7926.87
1384,65536,128,256,7927.03
1384,65536,128,512,7932.07
1384,65536,128,1024,7954.61
1384,65536,128,2048,8004.6
1384,65536,128,4096,8061.63
1384,65536,128,8192,8196.43
1384,65536,128,16384,8468.32
1384,65536,128,32768,8996.65
1384,65536,128,65536,10069.3
2076,0,0,0,286.006
2076,0,1,16,313.761
2076,0,1,32,314.694
2076,0,1,64,316.417
2076,0,1,128,316.875
2076,0,1,256,317.309
2076,0,1,512,318.076
2076,0,1,1024,318.427
2076,0,1,2048,320.679
2076,0,1,4096,322.321
2076,0,1,8192,326.422
2076,0,1,16384,330.097
2076,0,1,32768,341.115
2076,0,1,65536,349.296
2076,0,2,16,312.853
2076,0,2,32,313.579
2076,0,2,64,317.206
2076,0,2,128,317.458
2076,0,2,256,317.921
2076,0,2,512,317.766
2076,0,2,1024,319.12
2076,0,2,2048,319.965
2076,0,2,4096,324.038
2076,0,2,8192,328.71
2076,0,2,16384,339.164
2076,0,2,32768,351.979
2076,0,2,65536,365.89
2076,0,4,16,313.302
2076,0,4,32,312.77
2076,0,4,64,315.932
2076,0,4,128,317.765
2076,0,4,256,318.555
2076,0,4,512,318.8
2076,0,4,1024,321.835
2076,0,4,2048,323.248
2076,0,4,4096,329.013
2076,0,4,8192,338.71
2076,0,4,16384,349.446
2076,0,4,32768,363.388
2076,0,4,65536,398.46
2076,0,8,16,314.316
2076,0,8,32,313.751
2076,0,8,64,318.022
2076,0,8,128,318.31
2076,0,8,256,319.414
2076,0,8,512,321.585
2076,0,8,1024,323.547
2076,0,8,2048,328.603
2076,0,8,4096,335.77
2076,0,8,8192,346.304
2076,0,8,16384,364.144
2076,0,8,32768,398.63
2076,0,8,65536,464.918
2076,0,16,16,314.049
2076,0,16,32,314.689
2076,0,16,64,317.734
2076,0,16,128,318.887
2076,0,16,256,321.814
2076,0,16,512,322.912
2076,0,16,1024,326.993
2076,0,16,2048,333.285
2076,0,16,4096,343.915
2076,0,16,8192,363.238
2076,0,16,16384,396.748
2076,0,16,32768,464.31
2076,0,16,65536,601.399
2076,0,32,16,315.712
2076,0,32,32,317.782
2076,0,32,64,322.342
2076,0,32,128,325.952
2076,0,32,256,328.197
2076,0,32,512,331.345
2076,0,32,1024,336.22
2076,0,32,2048,347.083
2076,0,32,4096,364.065
2076,0,32,8192,398.982
2076,0,32,16384,466.732
2076,0,32,32768,603.649
2076,0,32,65536,872.427
2076,0,64,16,320.385
2076,0,64,32,320.486
2076,0,64,64,321.979
2076,0,64,128,332.262
2076,0,64,256,337.185
2076,0,64,512,341.249
2076,0,64,1024,351.185
2076,0,64,2048,369.575
2076,0,64,4096,405.932
2076,0,64,8192,474.054
2076,0,64,16384,611.265
2076,0,64,32768,879.596
2076,0,64,65536,1418.98
2076,0,128,16,330.481
2076,0,128,32,330.363
2076,0,128,64,332.736
2076,0,128,128,335.841
2076,0,128,256,340.293
2076,0,128,512,350.726
2076,0,128,1024,368.939
2076,0,128,2048,403.05
2076,0,128,4096,470.796
2076,0,128,8192,606.161
2076,0,128,16384,876.161
2076,0,128,32768,1410.25
2076,0,128,65536,2482.17
2076,16,0,0,356.748
2076,16,1,16,383.173
2076,16,1,32,382.843
2076,16,1,64,386.646
2076,16,1,128,386.662
2076,16,1,256,387.836
2076,16,1,512,387.21
2076,16,1,1024,388.664
2076,16,1,2048,391.596
2076,16,1,4096,391.944
2076,16,1,8192,395.223
2076,16,1,16384,402.917
2076,16,1,32768,411.663
2076,16,1,65536,417.675
2076,16,2,16,384.161
2076,16,2,32,383.61
2076,16,2,64,386.887
2076,16,2,128,388.097
2076,16,2,256,387.755
2076,16,2,512,388.598
2076,16,2,1024,389.216
2076,16,2,2048,391.74
2076,16,2,4096,395.503
2076,16,2,8192,399.68
2076,16,2,16384,408.048
2076,16,2,32768,422.247
2076,16,2,65536,435.428
2076,16,4,16,383.736
2076,16,4,32,383.802
2076,16,4,64,387.659
2076,16,4,128,386.453
2076,16,4,256,387.66
2076,16,4,512,388.449
2076,16,4,1024,391.906
2076,16,4,2048,394.685
2076,16,4,4096,400.46
2076,16,4,8192,406.859
2076,16,4,16384,417.904
2076,16,4,32768,432.732
2076,16,4,65536,466.216
2076,16,8,16,383.185
2076,16,8,32,384.016
2076,16,8,64,386.909
2076,16,8,128,387.607
2076,16,8,256,389.361
2076,16,8,512,391.254
2076,16,8,1024,394.299
2076,16,8,2048,398.485
2076,16,8,4096,404.956
2076,16,8,8192,413.851
2076,16,8,16384,432.427
2076,16,8,32768,467.484
2076,16,8,65536,532.892
2076,16,16,16,384.245
2076,16,16,32,384.065
2076,16,16,64,389.025
2076,16,16,128,389.398
2076,16,16,256,391.5
2076,16,16,512,394.493
2076,16,16,1024,396.789
2076,16,16,2048,402.252
2076,16,16,4096,414.043
2076,16,16,8192,430.208
2076,16,16,16384,464.561
2076,16,16,32768,532.038
2076,16,16,65536,666.189
2076,16,32,16,385.52
2076,16,32,32,385.948
2076,16,32,64,392.646
2076,16,32,128,395.96
2076,16,32,256,395.922
2076,16,32,512,400.668
2076,16,32,1024,405.941
2076,16,32,2048,415.685
2076,16,32,4096,433.167
2076,16,32,8192,467.873
2076,16,32,16384,534.182
2076,16,32,32768,670.8
2076,16,32,65536,942.887
2076,16,64,16,388.613
2076,16,64,32,390.037
2076,16,64,64,391.905
2076,16,64,128,400.417
2076,16,64,256,405.479
2076,16,64,512,410.903
2076,16,64,1024,420.412
2076,16,64,2048,438.119
2076,16,64,4096,474.437
2076,16,64,8192,540.832
2076,16,64,16384,676.807
2076,16,64,32768,948.183
2076,16,64,65536,1488.77
2076,16,128,16,400.224
2076,16,128,32,400.934
2076,16,128,64,403.137
2076,16,128,128,405.367
2076,16,128,256,410.897
2076,16,128,512,419.697
2076,16,128,1024,439.861
2076,16,128,2048,473.52
2076,16,128,4096,542.369
2076,16,128,8192,675.548
2076,16,128,16384,945.014
2076,16,128,32768,1485.65
2076,16,128,65536,2551.91
2076,32,0,0,357.158
2076,32,1,16,384.012
2076,32,1,32,384.438
2076,32,1,64,387.43
2076,32,1,128,388.899
2076,32,1,256,388.779
2076,32,1,512,387.436
2076,32,1,1024,388.784
2076,32,1,2048,391.83
2076,32,1,4096,394.07
2076,32,1,8192,396.88
2076,32,1,16384,402.006
2076,32,1,32768,411.979
2076,32,1,65536,418.726
2076,32,2,16,384.214
2076,32,2,32,383.771
2076,32,2,64,387.221
2076,32,2,128,388.47
2076,32,2,256,389.664
2076,32,2,512,389.318
2076,32,2,1024,388.966
2076,32,2,2048,392.193
2076,32,2,4096,395.237
2076,32,2,8192,401.409
2076,32,2,16384,409.472
2076,32,2,32768,421.857
2076,32,2,65536,433.302
2076,32,4,16,384.591
2076,32,4,32,383.932
2076,32,4,64,386.919
2076,32,4,128,387.633
2076,32,4,256,388.076
2076,32,4,512,388.597
2076,32,4,1024,393.075
2076,32,4,2048,395.378
2076,32,4,4096,400.625
2076,32,4,8192,409.472
2076,32,4,16384,418.261
2076,32,4,32768,434.064
2076,32,4,65536,467.879
2076,32,8,16,383.681
2076,32,8,32,385.67
2076,32,8,64,386.971
2076,32,8,128,389.008
2076,32,8,256,389.51
2076,32,8,512,392.384
2076,32,8,1024,394.853
2076,32,8,2048,399.643
2076,32,8,4096,405.681
2076,32,8,8192,416.779
2076,32,8,16384,434.646
2076,32,8,32768,468.161
2076,32,8,65536,533.179
2076,32,16,16,385.131
2076,32,16,32,384.102
2076,32,16,64,389.962
2076,32,16,128,391.766
2076,32,16,256,392.935
2076,32,16,512,394.444
2076,32,16,1024,397.782
2076,32,16,2048,402.972
2076,32,16,4096,413.233
2076,32,16,8192,430.487
2076,32,16,16384,465.949
2076,32,16,32768,532.197
2076,32,16,65536,668.146
2076,32,32,16,385.723
2076,32,32,32,387.686
2076,32,32,64,393.739
2076,32,32,128,396.438
2076,32,32,256,397.856
2076,32,32,512,401.414
2076,32,32,1024,407.249
2076,32,32,2048,415.935
2076,32,32,4096,434.673
2076,32,32,8192,469.201
2076,32,32,16384,535.505
2076,32,32,32768,670.65
2076,32,32,65536,942.556
2076,32,64,16,389.926
2076,32,64,32,392.245
2076,32,64,64,393.28
2076,32,64,128,403.414
2076,32,64,256,408.07
2076,32,64,512,413.403
2076,32,64,1024,420.573
2076,32,64,2048,438.721
2076,32,64,4096,475.787
2076,32,64,8192,542.342
2076,32,64,16384,679.628
2076,32,64,32768,952.269
2076,32,64,65536,1489.65
2076,32,128,16,402.412
2076,32,128,32,400.865
2076,32,128,64,404.171
2076,32,128,128,406.861
2076,32,128,256,412.386
2076,32,128,512,420.359
2076,32,128,1024,440.337
2076,32,128,2048,474.283
2076,32,128,4096,540.028
2076,32,128,8192,675.265
2076,32,128,16384,949.389
2076,32,128,32768,1483.9
2076,32,128,65536,2557.03
2076,64,0,0,357.046
2076,64,1,16,384.961
2076,64,1,32,384.401
2076,64,1,64,388.155
2076,64,1,128,387.499
2076,64,1,256,388.703
2076,64,1,512,388.225
2076,64,1,1024,389.153
2076,64,1,2048,390.08
2076,64,1,4096,394.294
2076,64,1,8192,396.881
2076,64,1,16384,401.371
2076,64,1,32768,411.537
2076,64,1,65536,418.304
2076,64,2,16,384.144
2076,64,2,32,384.475
2076,64,2,64,387.558
2076,64,2,128,387.056
2076,64,2,256,389.222
2076,64,2,512,389.2
2076,64,2,1024,390.464
2076,64,2,2048,392.321
2076,64,2,4096,393.925
2076,64,2,8192,400.283
2076,64,2,16384,409.205
2076,64,2,32768,421.852
2076,64,2,65536,433.041
2076,64,4,16,383.563
2076,64,4,32,383.399
2076,64,4,64,386.559
2076,64,4,128,386.917
2076,64,4,256,388.192
2076,64,4,512,388.977
2076,64,4,1024,392.933
2076,64,4,2048,395.322
2076,64,4,4096,399.564
2076,64,4,8192,408.203
2076,64,4,16384,418.669
2076,64,4,32768,435.334
2076,64,4,65536,468.074
2076,64,8,16,384.405
2076,64,8,32,383.92
2076,64,8,64,387.738
2076,64,8,128,386.908
2076,64,8,256,389.142
2076,64,8,512,391.835
2076,64,8,1024,394.646
2076,64,8,2048,399.099
2076,64,8,4096,405.557
2076,64,8,8192,417.307
2076,64,8,16384,434.844
2076,64,8,32768,468.886
2076,64,8,65536,534.918
2076,64,16,16,385.275
2076,64,16,32,384.214
2076,64,16,64,388.434
2076,64,16,128,390.326
2076,64,16,256,392.001
2076,64,16,512,394.235
2076,64,16,1024,397.35
2076,64,16,2048,403.048
2076,64,16,4096,413.654
2076,64,16,8192,431.712
2076,64,16,16384,467.579
2076,64,16,32768,532.821
2076,64,16,65536,668.652
2076,64,32,16,386.533
2076,64,32,32,387.52
2076,64,32,64,393.286
2076,64,32,128,396.294
2076,64,32,256,396.708
2076,64,32,512,402.251
2076,64,32,1024,406.016
2076,64,32,2048,416.166
2076,64,32,4096,433.942
2076,64,32,8192,470.251
2076,64,32,16384,535.21
2076,64,32,32768,670.224
2076,64,32,65536,946.514
2076,64,64,16,390.07
2076,64,64,32,389.745
2076,64,64,64,392.288
2076,64,64,128,401.568
2076,64,64,256,405.562
2076,64,64,512,413.264
2076,64,64,1024,422.694
2076,64,64,2048,438.789
2076,64,64,4096,474.907
2076,64,64,8192,542.326
2076,64,64,16384,680.048
2076,64,64,32768,953.825
2076,64,64,65536,1494.95
2076,64,128,16,400.731
2076,64,128,32,400.887
2076,64,128,64,405.254
2076,64,128,128,405.83
2076,64,128,256,411.494
2076,64,128,512,420.859
2076,64,128,1024,438.186
2076,64,128,2048,473.488
2076,64,128,4096,541.824
2076,64,128,8192,675.142
2076,64,128,16384,950.956
2076,64,128,32768,1489.48
2076,64,128,65536,2560.37
2076,128,0,0,359.068
2076,128,1,16,385.994
2076,128,1,32,386.827
2076,128,1,64,389.44
2076,128,1,128,390.395
2076,128,1,256,389.92
2076,128,1,512,391.285
2076,128,1,1024,391.915
2076,128,1,2048,393.405
2076,128,1,4096,394.774
2076,128,1,8192,398.971
2076,128,1,16384,404.491
2076,128,1,32768,415.403
2076,128,1,65536,420.539
2076,128,2,16,386.535
2076,128,2,32,386.923
2076,128,2,64,390.843
2076,128,2,128,391.466
2076,128,2,256,389.111
2076,128,2,512,390.064
2076,128,2,1024,391.269
2076,128,2,2048,395.285
2076,128,2,4096,395.211
2076,128,2,8192,403.425
2076,128,2,16384,413.303
2076,128,2,32768,423.302
2076,128,2,65536,437.018
2076,128,4,16,386.218
2076,128,4,32,385.728
2076,128,4,64,388.811
2076,128,4,128,388.725
2076,128,4,256,389.589
2076,128,4,512,391.526
2076,128,4,1024,394.56
2076,128,4,2048,396.784
2076,128,4,4096,402.57
2076,128,4,8192,412.517
2076,128,4,16384,420.919
2076,128,4,32768,436.058
2076,128,4,65536,471.255
2076,128,8,16,386.161
2076,128,8,32,386.267
2076,128,8,64,390.917
2076,128,8,128,389.908
2076,128,8,256,391.29
2076,128,8,512,395.386
2076,128,8,1024,396.933
2076,128,8,2048,400.428
2076,128,8,4096,407.217
2076,128,8,8192,417.153
2076,128,8,16384,436.24
2076,128,8,32768,469.515
2076,128,8,65536,535.264
2076,128,16,16,386.347
2076,128,16,32,386.602
2076,128,16,64,390.469
2076,128,16,128,392.432
2076,128,16,256,393.868
2076,128,16,512,397.655
2076,128,16,1024,400.897
2076,128,16,2048,405.797
2076,128,16,4096,414.992
2076,128,16,8192,434.155
2076,128,16,16384,468.032
2076,128,16,32768,534.118
2076,128,16,65536,669.654
2076,128,32,16,388.763
2076,128,32,32,389.658
2076,128,32,64,394.7
2076,128,32,128,398.512
2076,128,32,256,399.749
2076,128,32,512,403.361
2076,128,32,1024,408.79
2076,128,32,2048,417.851
2076,128,32,4096,435.846
2076,128,32,8192,471.452
2076,128,32,16384,537.265
2076,128,32,32768,674.837
2076,128,32,65536,951.207
2076,128,64,16,392.305
2076,128,64,32,392.533
2076,128,64,64,395.327
2076,128,64,128,404.036
2076,128,64,256,408.971
2076,128,64,512,414.305
2076,128,64,1024,423.553
2076,128,64,2048,440.844
2076,128,64,4096,475.265
2076,128,64,8192,544.635
2076,128,64,16384,682.726
2076,128,64,32768,960.534
2076,128,64,65536,1502.68
2076,128,128,16,402.587
2076,128,128,32,403.483
2076,128,128,64,406.033
2076,128,128,128,407.772
2076,128,128,256,413.898
2076,128,128,512,424.358
2076,128,128,1024,440.571
2076,128,128,2048,475.669
2076,128,128,4096,544.085
2076,128,128,8192,679.718
2076,128,128,16384,956.716
2076,128,128,32768,1495.46
2076,128,128,65536,2565.81
2076,256,0,0,384.022
2076,256,1,16,410.273
2076,256,1,32,411.798
2076,256,1,64,414.315
2076,256,1,128,414.55
2076,256,1,256,415.5
2076,256,1,512,415.162
2076,256,1,1024,415.547
2076,256,1,2048,417.372
2076,256,1,4096,419.173
2076,256,1,8192,423.141
2076,256,1,16384,428.748
2076,256,1,32768,438.044
2076,256,1,65536,444.529
2076,256,2,16,410.528
2076,256,2,32,410.993
2076,256,2,64,413.716
2076,256,2,128,414.224
2076,256,2,256,413.782
2076,256,2,512,415.766
2076,256,2,1024,416.549
2076,256,2,2048,417.925
2076,256,2,4096,421.382
2076,256,2,8192,426.96
2076,256,2,16384,434.165
2076,256,2,32768,448.933
2076,256,2,65536,460.705
2076,256,4,16,410.864
2076,256,4,32,411.332
2076,256,4,64,413.121
2076,256,4,128,413.927
2076,256,4,256,415.696
2076,256,4,512,415.75
2076,256,4,1024,418.721
2076,256,4,2048,421.291
2076,256,4,4096,427.094
2076,256,4,8192,434.731
2076,256,4,16384,445.91
2076,256,4,32768,460.507
2076,256,4,65536,493.798
2076,256,8,16,410.395
2076,256,8,32,412.336
2076,256,8,64,414.053
2076,256,8,128,414.374
2076,256,8,256,415.318
2076,256,8,512,419.514
2076,256,8,1024,420.89
2076,256,8,2048,426.171
2076,256,8,4096,431.746
2076,256,8,8192,442.827
2076,256,8,16384,460.129
2076,256,8,32768,494.954
2076,256,8,65536,560.837
2076,256,16,16,410.715
2076,256,16,32,411.275
2076,256,16,64,415.569
2076,256,16,128,416.012
2076,256,16,256,419.626
2076,256,16,512,421.078
2076,256,16,1024,423.217
2076,256,16,2048,430.699
2076,256,16,4096,440.037
2076,256,16,8192,458.053
2076,256,16,16384,492.544
2076,256,16,32768,559.429
2076,256,16,65536,701.221
2076,256,32,16,413.996
2076,256,32,32,413.793
2076,256,32,64,420.293
2076,256,32,128,423.738
2076,256,32,256,424.111
2076,256,32,512,428.634
2076,256,32,1024,435.056
2076,256,32,2048,442.885
2076,256,32,4096,460.833
2076,256,32,8192,497.066
2076,256,32,16384,563.953
2076,256,32,32768,703.44
2076,256,32,65536,983.196
2076,256,64,16,416.965
2076,256,64,32,418.054
2076,256,64,64,419.211
2076,256,64,128,429.041
2076,256,64,256,436.08
2076,256,64,512,439.392
2076,256,64,1024,447.446
2076,256,64,2048,464.865
2076,256,64,4096,501.238
2076,256,64,8192,570.247
2076,256,64,16384,710.876
2076,256,64,32768,987.888
2076,256,64,65536,1528.72
2076,256,128,16,425.782
2076,256,128,32,428.705
2076,256,128,64,430.664
2076,256,128,128,432.309
2076,256,128,256,437.221
2076,256,128,512,446.983
2076,256,128,1024,465.574
2076,256,128,2048,500.001
2076,256,128,4096,566.161
2076,256,128,8192,706.998
2076,256,128,16384,988.044
2076,256,128,32768,1526.51
2076,256,128,65536,2597.25
2076,512,0,0,423.78
2076,512,1,16,451.474
2076,512,1,32,451.345
2076,512,1,64,454.447
2076,512,1,128,454.854
2076,512,1,256,455.583
2076,512,1,512,453.584
2076,512,1,1024,455.826
2076,512,1,2048,457.674
2076,512,1,4096,459.381
2076,512,1,8192,462.028
2076,512,1,16384,469.057
2076,512,1,32768,477.995
2076,512,1,65536,483.957
2076,512,2,16,450.47
2076,512,2,32,450.177
2076,512,2,64,454.118
2076,512,2,128,453.75
2076,512,2,256,455.254
2076,512,2,512,454.886
2076,512,2,1024,456.588
2076,512,2,2048,459.526
2076,512,2,4096,461.916
2076,512,2,8192,466.795
2076,512,2,16384,475.184
2076,512,2,32768,487.076
2076,512,2,65536,499.473
2076,512,4,16,450.694
2076,512,4,32,451.26
2076,512,4,64,452.694
2076,512,4,128,453.735
2076,512,4,256,453.318
2076,512,4,512,454.991
2076,512,4,1024,458.172
2076,512,4,2048,460.924
2076,512,4,4096,466.69
2076,512,4,8192,476.188
2076,512,4,16384,484.929
2076,512,4,32768,499.633
2076,512,4,65536,532.918
2076,512,8,16,450.806
2076,512,8,32,452.059
2076,512,8,64,454.758
2076,512,8,128,455.162
2076,512,8,256,456.081
2076,512,8,512,459.248
2076,512,8,1024,460.389
2076,512,8,2048,465.895
2076,512,8,4096,472.086
2076,512,8,8192,482.066
2076,512,8,16384,499.762
2076,512,8,32768,533.068
2076,512,8,65536,599.429
2076,512,16,16,451.232
2076,512,16,32,450.338
2076,512,16,64,455.932
2076,512,16,128,456.864
2076,512,16,256,459.169
2076,512,16,512,460.479
2076,512,16,1024,464.647
2076,512,16,2048,470.449
2076,512,16,4096,479.952
2076,512,16,8192,498.784
2076,512,16,16384,534.139
2076,512,16,32768,600.592
2076,512,16,65536,739.398
2076,512,32,16,453.089
2076,512,32,32,452.875
2076,512,32,64,459.212
2076,512,32,128,462.443
2076,512,32,256,463.228
2076,512,32,512,468.599
2076,512,32,1024,474.219
2076,512,32,2048,483.276
2076,512,32,4096,499.574
2076,512,32,8192,534.716
2076,512,32,16384,603.612
2076,512,32,32768,743.568
2076,512,32,65536,1016.34
2076,512,64,16,456.46
2076,512,64,32,457.265
2076,512,64,64,459.83
2076,512,64,128,470.758
2076,512,64,256,474.491
2076,512,64,512,479.52
2076,512,64,1024,488.497
2076,512,64,2048,506.138
2076,512,64,4096,541.312
2076,512,64,8192,610.341
2076,512,64,16384,751.494
2076,512,64,32768,1024.01
2076,512,64,65536,1558.09
2076,512,128,16,466.699
2076,512,128,32,466.891
2076,512,128,64,468.944
2076,512,128,128,472.252
2076,512,128,256,476.875
2076,512,128,512,488.087
2076,512,128,1024,504.322
2076,512,128,2048,538.869
2076,512,128,4096,607.744
2076,512,128,8192,745.046
2076,512,128,16384,1020.86
2076,512,128,32768,1555.42
2076,512,128,65536,2626.76
2076,1024,0,0,505.856
2076,1024,1,16,530.118
2076,1024,1,32,529.591
2076,1024,1,64,533.648
2076,1024,1,128,534.128
2076,1024,1,256,534.138
2076,1024,1,512,534.348
2076,1024,1,1024,534.657
2076,1024,1,2048,536.829
2076,1024,1,4096,539.621
2076,1024,1,8192,542.618
2076,1024,1,16384,547.537
2076,1024,1,32768,556.971
2076,1024,1,65536,564.406
2076,1024,2,16,530.183
2076,1024,2,32,531.527
2076,1024,2,64,533.857
2076,1024,2,128,533.008
2076,1024,2,256,535.707
2076,1024,2,512,534.133
2076,1024,2,1024,535.68
2076,1024,2,2048,538.464
2076,1024,2,4096,543.093
2076,1024,2,8192,545.58
2076,1024,2,16384,554.694
2076,1024,2,32768,567.99
2076,1024,2,65536,579.04
2076,1024,4,16,529.655
2076,1024,4,32,530.689
2076,1024,4,64,532.799
2076,1024,4,128,533.195
2076,1024,4,256,533.638
2076,1024,4,512,534.237
2076,1024,4,1024,537.851
2076,1024,4,2048,540.882
2076,1024,4,4096,547.181
2076,1024,4,8192,555.165
2076,1024,4,16384,564.519
2076,1024,4,32768,580.05
2076,1024,4,65536,611.297
2076,1024,8,16,531.307
2076,1024,8,32,530.444
2076,1024,8,64,533.846
2076,1024,8,128,534.453
2076,1024,8,256,535.936
2076,1024,8,512,540.62
2076,1024,8,1024,540.481
2076,1024,8,2048,546.23
2076,1024,8,4096,551.264
2076,1024,8,8192,560.525
2076,1024,8,16384,578.679
2076,1024,8,32768,616.043
2076,1024,8,65536,680.924
2076,1024,16,16,530.95
2076,1024,16,32,531.083
2076,1024,16,64,535.196
2076,1024,16,128,537.163
2076,1024,16,256,540.549
2076,1024,16,512,540.423
2076,1024,16,1024,542.934
2076,1024,16,2048,548.85
2076,1024,16,4096,559.515
2076,1024,16,8192,578.305
2076,1024,16,16384,611.35
2076,1024,16,32768,678.976
2076,1024,16,65536,815.057
2076,1024,32,16,532.245
2076,1024,32,32,535.409
2076,1024,32,64,538.839
2076,1024,32,128,542.764
2076,1024,32,256,543.697
2076,1024,32,512,548.555
2076,1024,32,1024,554.384
2076,1024,32,2048,562.534
2076,1024,32,4096,580.588
2076,1024,32,8192,615.461
2076,1024,32,16384,681.803
2076,1024,32,32768,820.138
2076,1024,32,65536,1088.71
2076,1024,64,16,535.824
2076,1024,64,32,536.229
2076,1024,64,64,538.983
2076,1024,64,128,548.438
2076,1024,64,256,552.988
2076,1024,64,512,558.246
2076,1024,64,1024,567.627
2076,1024,64,2048,584.72
2076,1024,64,4096,619.749
2076,1024,64,8192,687.404
2076,1024,64,16384,825.776
2076,1024,64,32768,1095.11
2076,1024,64,65536,1629.83
2076,1024,128,16,546.773
2076,1024,128,32,547.197
2076,1024,128,64,551.27
2076,1024,128,128,552.22
2076,1024,128,256,556.993
2076,1024,128,512,566.188
2076,1024,128,1024,584.358
2076,1024,128,2048,617.298
2076,1024,128,4096,687.706
2076,1024,128,8192,823.323
2076,1024,128,16384,1093.02
2076,1024,128,32768,1625.47
2076,1024,128,65536,2696.08
2076,2048,0,0,659.995
2076,2048,1,16,689.135
2076,2048,1,32,687.131
2076,2048,1,64,690.358
2076,2048,1,128,692.002
2076,2048,1,256,691.586
2076,2048,1,512,692.594
2076,2048,1,1024,692.62
2076,2048,1,2048,695.153
2076,2048,1,4096,696.29
2076,2048,1,8192,698.657
2076,2048,1,16384,704.141
2076,2048,1,32768,715.072
2076,2048,1,65536,721.041
2076,2048,2,16,687.463
2076,2048,2,32,687.431
2076,2048,2,64,691.442
2076,2048,2,128,691.165
2076,2048,2,256,691.047
2076,2048,2,512,692.274
2076,2048,2,1024,692.687
2076,2048,2,2048,697.01
2076,2048,2,4096,697.036
2076,2048,2,8192,701.804
2076,2048,2,16384,712.849
2076,2048,2,32768,725.297
2076,2048,2,65536,737.099
2076,2048,4,16,687.398
2076,2048,4,32,687.073
2076,2048,4,64,692.992
2076,2048,4,128,690.795
2076,2048,4,256,692.603
2076,2048,4,512,692.001
2076,2048,4,1024,695.629
2076,2048,4,2048,697.874
2076,2048,4,4096,703.762
2076,2048,4,8192,710.966
2076,2048,4,16384,721.056
2076,2048,4,32768,739.121
2076,2048,4,65536,770.737
2076,2048,8,16,688.006
2076,2048,8,32,689.334
2076,2048,8,64,692.509
2076,2048,8,128,690.96
2076,2048,8,256,691.787
2076,2048,8,512,697.66
2076,2048,8,1024,697.286
2076,2048,8,2048,702.102
2076,2048,8,4096,709.809
2076,2048,8,8192,719.478
2076,2048,8,16384,736.029
2076,2048,8,32768,769.382
2076,2048,8,65536,837.099
2076,2048,16,16,687.003
2076,2048,16,32,688.737
2076,2048,16,64,692.258
2076,2048,16,128,694.513
2076,2048,16,256,695.547
2076,2048,16,512,697.553
2076,2048,16,1024,701.03
2076,2048,16,2048,706.659
2076,2048,16,4096,716.817
2076,2048,16,8192,734.897
2076,2048,16,16384,769.554
2076,2048,16,32768,834.715
2076,2048,16,65536,971.543
2076,2048,32,16,689.676
2076,2048,32,32,690.013
2076,2048,32,64,697.053
2076,2048,32,128,699.1
2076,2048,32,256,699.958
2076,2048,32,512,707.472
2076,2048,32,1024,711.233
2076,2048,32,2048,718.764
2076,2048,32,4096,736.598
2076,2048,32,8192,773.563
2076,2048,32,16384,837.51
2076,2048,32,32768,976.397
2076,2048,32,65536,1245.47
2076,2048,64,16,695.596
2076,2048,64,32,695.062
2076,2048,64,64,695.976
2076,2048,64,128,706.076
2076,2048,64,256,712.748
2076,2048,64,512,713.889
2076,2048,64,1024,724.576
2076,2048,64,2048,742.038
2076,2048,64,4096,777.495
2076,2048,64,8192,847.569
2076,2048,64,16384,982.865
2076,2048,64,32768,1253.24
2076,2048,64,65536,1788.83
2076,2048,128,16,705.025
2076,2048,128,32,704.732
2076,2048,128,64,707.979
2076,2048,128,128,710.267
2076,2048,128,256,713.44
2076,2048,128,512,725.723
2076,2048,128,1024,740.907
2076,2048,128,2048,774.829
2076,2048,128,4096,843.899
2076,2048,128,8192,979.404
2076,2048,128,16384,1248.58
2076,2048,128,32768,1783.69
2076,2048,128,65536,2853.8
2076,4096,0,0,969.169
2076,4096,1,16,997.612
2076,4096,1,32,997.352
2076,4096,1,64,1001.18
2076,4096,1,128,1001.11
2076,4096,1,256,1001.77
2076,4096,1,512,999.776
2076,4096,1,1024,1002.08
2076,4096,1,2048,1004.46
2076,4096,1,4096,1006.16
2076,4096,1,8192,1009.3
2076,4096,1,16384,1014.61
2076,4096,1,32768,1024.32
2076,4096,1,65536,1031.83
2076,4096,2,16,998.103
2076,4096,2,32,996.86
2076,4096,2,64,1003.14
2076,4096,2,128,999.678
2076,4096,2,256,1004.13
2076,4096,2,512,1001.08
2076,4096,2,1024,1001.55
2076,4096,2,2048,1004.2
2076,4096,2,4096,1007.16
2076,4096,2,8192,1013.32
2076,4096,2,16384,1020.76
2076,4096,2,32768,1034.06
2076,4096,2,65536,1046.6
2076,4096,4,16,996.444
2076,4096,4,32,997.409
2076,4096,4,64,998.392
2076,4096,4,128,1000.4
2076,4096,4,256,999.612
2076,4096,4,512,1000.44
2076,4096,4,1024,1004.16
2076,4096,4,2048,1007.13
2076,4096,4,4096,1015.43
2076,4096,4,8192,1019.36
2076,4096,4,16384,1030.83
2076,4096,4,32768,1045.28
2076,4096,4,65536,1077.54
2076,4096,8,16,995.905
2076,4096,8,32,997.735
2076,4096,8,64,999.782
2076,4096,8,128,1001.15
2076,4096,8,256,1001.55
2076,4096,8,512,1005.94
2076,4096,8,1024,1007.58
2076,4096,8,2048,1011.4
2076,4096,8,4096,1017.46
2076,4096,8,8192,1028.87
2076,4096,8,16384,1044.54
2076,4096,8,32768,1077.51
2076,4096,8,65536,1142.73
2076,4096,16,16,998.904
2076,4096,16,32,995.659
2076,4096,16,64,1001.75
2076,4096,16,128,1001.75
2076,4096,16,256,1005.74
2076,4096,16,512,1006.66
2076,4096,16,1024,1014.1
2076,4096,16,2048,1018.62
2076,4096,16,4096,1028.95
2076,4096,16,8192,1044.04
2076,4096,16,16384,1077.37
2076,4096,16,32768,1148.2
2076,4096,16,65536,1283.24
2076,4096,32,16,998.636
2076,4096,32,32,1002.01
2076,4096,32,64,1008.75
2076,4096,32,128,1010.94
2076,4096,32,256,1009.04
2076,4096,32,512,1014.77
2076,4096,32,1024,1019.13
2076,4096,32,2048,1028.91
2076,4096,32,4096,1047.37
2076,4096,32,8192,1080.5
2076,4096,32,16384,1149.59
2076,4096,32,32768,1287
2076,4096,32,65536,1552.75
2076,4096,64,16,1002.4
2076,4096,64,32,1001.21
2076,4096,64,64,1004.27
2076,4096,64,128,1014.27
2076,4096,64,256,1021.34
2076,4096,64,512,1024.41
2076,4096,64,1024,1034.64
2076,4096,64,2048,1052.28
2076,4096,64,4096,1084.62
2076,4096,64,8192,1153.48
2076,4096,64,16384,1292.25
2076,4096,64,32768,1563.88
2076,4096,64,65536,2096.34
2076,4096,128,16,1013.2
2076,4096,128,32,1013.05
2076,4096,128,64,1018.99
2076,4096,128,128,1019.32
2076,4096,128,256,1025.69
2076,4096,128,512,1033.32
2076,4096,128,1024,1049.38
2076,4096,128,2048,1083.33
2076,4096,128,4096,1151.97
2076,4096,128,8192,1288.69
2076,4096,128,16384,1556.86
2076,4096,128,32768,2090.71
2076,4096,128,65536,3163.11
2076,8192,0,0,1591.22
2076,8192,1,16,1621.11
2076,8192,1,32,1620.41
2076,8192,1,64,1621.12
2076,8192,1,128,1623.51
2076,8192,1,256,1623.81
2076,8192,1,512,1621.76
2076,8192,1,1024,1624.75
2076,8192,1,2048,1626.84
2076,8192,1,4096,1632.7
2076,8192,1,8192,1631.04
2076,8192,1,16384,1635.73
2076,8192,1,32768,1647.43
2076,8192,1,65536,1656.51
2076,8192,2,16,1621.9
2076,8192,2,32,1625.12
2076,8192,2,64,1626.04
2076,8192,2,128,1627.61
2076,8192,2,256,1624.66
2076,8192,2,512,1623.34
2076,8192,2,1024,1626.03
2076,8192,2,2048,1627.86
2076,8192,2,4096,1631.95
2076,8192,2,8192,1637.19
2076,8192,2,16384,1646.9
2076,8192,2,32768,1657.2
2076,8192,2,65536,1670.19
2076,8192,4,16,1618.74
2076,8192,4,32,1623.43
2076,8192,4,64,1623.52
2076,8192,4,128,1622.71
2076,8192,4,256,1624.57
2076,8192,4,512,1622.66
2076,8192,4,1024,1630.14
2076,8192,4,2048,1629.39
2076,8192,4,4096,1635.68
2076,8192,4,8192,1644.73
2076,8192,4,16384,1652.78
2076,8192,4,32768,1669.2
2076,8192,4,65536,1701.58
2076,8192,8,16,1620.68
2076,8192,8,32,1620.65
2076,8192,8,64,1624.92
2076,8192,8,128,1627.88
2076,8192,8,256,1625.01
2076,8192,8,512,1629.51
2076,8192,8,1024,1630.57
2076,8192,8,2048,1635.45
2076,8192,8,4096,1641.39
2076,8192,8,8192,1650.99
2076,8192,8,16384,1672.53
2076,8192,8,32768,1704.38
2076,8192,8,65536,1769.6
2076,8192,16,16,1618.52
2076,8192,16,32,1618.76
2076,8192,16,64,1627.74
2076,8192,16,128,1626.15
2076,8192,16,256,1628.55
2076,8192,16,512,1631.28
2076,8192,16,1024,1634.78
2076,8192,16,2048,1639.51
2076,8192,16,4096,1651.37
2076,8192,16,8192,1663.6
2076,8192,16,16384,1702.63
2076,8192,16,32768,1768.2
2076,8192,16,65536,1906.52
2076,8192,32,16,1621.86
2076,8192,32,32,1619.53
2076,8192,32,64,1630.34
2076,8192,32,128,1633.77
2076,8192,32,256,1633.09
2076,8192,32,512,1638.41
2076,8192,32,1024,1647.64
2076,8192,32,2048,1655.83
2076,8192,32,4096,1669.77
2076,8192,32,8192,1703.04
2076,8192,32,16384,1769.1
2076,8192,32,32768,1908.46
2076,8192,32,65536,2179.89
2076,8192,64,16,1626.5
2076,8192,64,32,1624.99
2076,8192,64,64,1629.18
2076,8192,64,128,1638.72
2076,8192,64,256,1644.23
2076,8192,64,512,1652
2076,8192,64,1024,1659.93
2076,8192,64,2048,1677.04
2076,8192,64,4096,1711.31
2076,8192,64,8192,1780.3
2076,8192,64,16384,1915.94
2076,8192,64,32768,2188.27
2076,8192,64,65536,2720.13
2076,8192,128,16,1638.14
2076,8192,128,32,1635.86
2076,8192,128,64,1643
2076,8192,128,128,1643.04
2076,8192,128,256,1648.31
2076,8192,128,512,1652.82
2076,8192,128,1024,1675.68
2076,8192,128,2048,1705.78
2076,8192,128,4096,1777.94
2076,8192,128,8192,1911.63
2076,8192,128,16384,2180.06
2076,8192,128,32768,2718.95
2076,8192,128,65536,3786.17
2076,16384,0,0,2824.72
2076,16384,1,16,2854.28
2076,16384,1,32,2853.33
2076,16384,1,64,2859.91
2076,16384,1,128,2858.2
2076,16384,1,256,2857.45
2076,16384,1,512,2859.81
2076,16384,1,1024,2857.74
2076,16384,1,2048,2861.65
2076,16384,1,4096,2861.76
2076,16384,1,8192,2869.27
2076,16384,1,16384,2873.99
2076,16384,1,32768,2880.58
2076,16384,1,65536,2887.37
2076,16384,2,16,2853
2076,16384,2,32,2855.02
2076,16384,2,64,2858.51
2076,16384,2,128,2855.29
2076,16384,2,256,2859.76
2076,16384,2,512,2858.53
2076,16384,2,1024,2860.04
2076,16384,2,2048,2861.6
2076,16384,2,4096,2865.72
2076,16384,2,8192,2872.48
2076,16384,2,16384,2876.72
2076,16384,2,32768,2890.58
2076,16384,2,65536,2901.49
2076,16384,4,16,2853.23
2076,16384,4,32,2858.96
2076,16384,4,64,2858.08
2076,16384,4,128,2857.07
2076,16384,4,256,2862.92
2076,16384,4,512,2857.01
2076,16384,4,1024,2861.85
2076,16384,4,2048,2867.58
2076,16384,4,4096,2874.82
2076,16384,4,8192,2877.69
2076,16384,4,16384,2889.33
2076,16384,4,32768,2909.19
2076,16384,4,65536,2937.7
2076,16384,8,16,2852.75
2076,16384,8,32,2852.45
2076,16384,8,64,2857.8
2076,16384,8,128,2863.45
2076,16384,8,256,2857.75
2076,16384,8,512,2862.71
2076,16384,8,1024,2863.5
2076,16384,8,2048,2869.95
2076,16384,8,4096,2872.38
2076,16384,8,8192,2882.46
2076,16384,8,16384,2904.43
2076,16384,8,32768,2936.03
2076,16384,8,65536,3003.18
2076,16384,16,16,2854.59
2076,16384,16,32,2854.56
2076,16384,16,64,2859.96
2076,16384,16,128,2857.26
2076,16384,16,256,2862.43
2076,16384,16,512,2868.5
2076,16384,16,1024,2866.61
2076,16384,16,2048,2875.33
2076,16384,16,4096,2881.91
2076,16384,16,8192,2903.65
2076,16384,16,16384,2935.34
2076,16384,16,32768,3005.88
2076,16384,16,65536,3143.3
2076,16384,32,16,2855.93
2076,16384,32,32,2857.08
2076,16384,32,64,2863.52
2076,16384,32,128,2867.25
2076,16384,32,256,2866.35
2076,16384,32,512,2869.35
2076,16384,32,1024,2877.17
2076,16384,32,2048,2889.2
2076,16384,32,4096,2906.11
2076,16384,32,8192,2939.47
2076,16384,32,16384,3004.7
2076,16384,32,32768,3143.58
2076,16384,32,65536,3413.86
2076,16384,64,16,2864.38
2076,16384,64,32,2863.86
2076,16384,64,64,2864.7
2076,16384,64,128,2872.75
2076,16384,64,256,2882.8
2076,16384,64,512,2885.49
2076,16384,64,1024,2895
2076,16384,64,2048,2913.09
2076,16384,64,4096,2943.8
2076,16384,64,8192,3010.41
2076,16384,64,16384,3155.07
2076,16384,64,32768,3417.71
2076,16384,64,65536,3957.78
2076,16384,128,16,2872.63
2076,16384,128,32,2874.42
2076,16384,128,64,2873.01
2076,16384,128,128,2881.24
2076,16384,128,256,2884.68
2076,16384,128,512,2896.65
2076,16384,128,1024,2911.94
2076,16384,128,2048,2947.63
2076,16384,128,4096,3014.6
2076,16384,128,8192,3152.63
2076,16384,128,16384,3417.64
2076,16384,128,32768,3951.69
2076,16384,128,65536,5021.76
2076,32768,0,0,5309.91
2076,32768,1,16,5343.69
2076,32768,1,32,5338.93
2076,32768,1,64,5343.98
2076,32768,1,128,5342.69
2076,32768,1,256,5353.37
2076,32768,1,512,5343.47
2076,32768,1,1024,5344.09
2076,32768,1,2048,5345.65
2076,32768,1,4096,5350.67
2076,32768,1,8192,5358.74
2076,32768,1,16384,5358.7
2076,32768,1,32768,5369.7
2076,32768,1,65536,5375.12
2076,32768,2,16,5336.79
2076,32768,2,32,5336.86
2076,32768,2,64,5340.8
2076,32768,2,128,5342.02
2076,32768,2,256,5341.14
2076,32768,2,512,5342.14
2076,32768,2,1024,5347.43
2076,32768,2,2048,5348.61
2076,32768,2,4096,5353.5
2076,32768,2,8192,5354.01
2076,32768,2,16384,5365.41
2076,32768,2,32768,5381.31
2076,32768,2,65536,5385.69
2076,32768,4,16,5340.8
2076,32768,4,32,5337.76
2076,32768,4,64,5339.76
2076,32768,4,128,5343.04
2076,32768,4,256,5345.22
2076,32768,4,512,5346.75
2076,32768,4,1024,5347.52
2076,32768,4,2048,5347.98
2076,32768,4,4096,5355.1
2076,32768,4,8192,5365.99
2076,32768,4,16384,5378.96
2076,32768,4,32768,5389.59
2076,32768,4,65536,5426.84
2076,32768,8,16,5346.19
2076,32768,8,32,5342.73
2076,32768,8,64,5349.95
2076,32768,8,128,5342.09
2076,32768,8,256,5346.1
2076,32768,8,512,5351.45
2076,32768,8,1024,5349.25
2076,32768,8,2048,5359.19
2076,32768,8,4096,5360.85
2076,32768,8,8192,5367.24
2076,32768,8,16384,5387.26
2076,32768,8,32768,5422.66
2076,32768,8,65536,5491.16
2076,32768,16,16,5332.45
2076,32768,16,32,5341.93
2076,32768,16,64,5349.8
2076,32768,16,128,5343.93
2076,32768,16,256,5348.78
2076,32768,16,512,5353.85
2076,32768,16,1024,5353.33
2076,32768,16,2048,5358.52
2076,32768,16,4096,5368.44
2076,32768,16,8192,5388.64
2076,32768,16,16384,5421.37
2076,32768,16,32768,5495.46
2076,32768,16,65536,5627.23
2076,32768,32,16,5338.97
2076,32768,32,32,5344.43
2076,32768,32,64,5351.27
2076,32768,32,128,5351.57
2076,32768,32,256,5352.85
2076,32768,32,512,5356.52
2076,32768,32,1024,5364.63
2076,32768,32,2048,5370.76
2076,32768,32,4096,5390.58
2076,32768,32,8192,5420.61
2076,32768,32,16384,5491.59
2076,32768,32,32768,5623.23
2076,32768,32,65536,5897.79
2076,32768,64,16,5347.36
2076,32768,64,32,5348.48
2076,32768,64,64,5345.84
2076,32768,64,128,5360.49
2076,32768,64,256,5366.74
2076,32768,64,512,5372.52
2076,32768,64,1024,5379.93
2076,32768,64,2048,5395.75
2076,32768,64,4096,5433.11
2076,32768,64,8192,5499.32
2076,32768,64,16384,5639.01
2076,32768,64,32768,5905.8
2076,32768,64,65536,6445.99
2076,32768,128,16,5356.25
2076,32768,128,32,5356.8
2076,32768,128,64,5358.91
2076,32768,128,128,5361.78
2076,32768,128,256,5369.67
2076,32768,128,512,5375.5
2076,32768,128,1024,5400.32
2076,32768,128,2048,5433.95
2076,32768,128,4096,5500.24
2076,32768,128,8192,5643.36
2076,32768,128,16384,5906.69
2076,32768,128,32768,6440.85
2076,32768,128,65536,7502.96
2076,65536,0,0,10289.1
2076,65536,1,16,10322.9
2076,65536,1,32,10317.5
2076,65536,1,64,10354.4
2076,65536,1,128,10395.6
2076,65536,1,256,10322
2076,65536,1,512,10317.2
2076,65536,1,1024,10330
2076,65536,1,2048,10317.2
2076,65536,1,4096,10321.8
2076,65536,1,8192,10320.9
2076,65536,1,16384,10344.8
2076,65536,1,32768,10345
2076,65536,1,65536,10350.2
2076,65536,2,16,10304
2076,65536,2,32,10303.2
2076,65536,2,64,10328.6
2076,65536,2,128,10321.5
2076,65536,2,256,10372.4
2076,65536,2,512,10310.7
2076,65536,2,1024,10415.7
2076,65536,2,2048,10311.2
2076,65536,2,4096,10325
2076,65536,2,8192,10335.6
2076,65536,2,16384,10337.6
2076,65536,2,32768,10372.5
2076,65536,2,65536,10410.4
2076,65536,4,16,10310.1
2076,65536,4,32,10301.3
2076,65536,4,64,10321.1
2076,65536,4,128,10373.5
2076,65536,4,256,10295.7
2076,65536,4,512,10320.2
2076,65536,4,1024,10327.1
2076,65536,4,2048,10363.5
2076,65536,4,4096,10311.8
2076,65536,4,8192,10343.7
2076,65536,4,16384,10347.2
2076,65536,4,32768,10364.5
2076,65536,4,65536,10400.7
2076,65536,8,16,10315.5
2076,65536,8,32,10388.3
2076,65536,8,64,10314
2076,65536,8,128,10320.2
2076,65536,8,256,10317.2
2076,65536,8,512,10322.8
2076,65536,8,1024,10322.7
2076,65536,8,2048,10337.2
2076,65536,8,4096,10333.5
2076,65536,8,8192,10353
2076,65536,8,16384,10364.9
2076,65536,8,32768,10404.2
2076,65536,8,65536,10465
2076,65536,16,16,10320.4
2076,65536,16,32,10311.3
2076,65536,16,64,10323.8
2076,65536,16,128,10312.8
2076,65536,16,256,10324.8
2076,65536,16,512,10331.5
2076,65536,16,1024,10325.5
2076,65536,16,2048,10340.1
2076,65536,16,4096,10339.8
2076,65536,16,8192,10358.2
2076,65536,16,16384,10407.2
2076,65536,16,32768,10511.8
2076,65536,16,65536,10677.1
2076,65536,32,16,10313.7
2076,65536,32,32,10322.4
2076,65536,32,64,10325.9
2076,65536,32,128,10323
2076,65536,32,256,10324.1
2076,65536,32,512,10331.8
2076,65536,32,1024,10336.9
2076,65536,32,2048,10353.3
2076,65536,32,4096,10360.2
2076,65536,32,8192,10394.8
2076,65536,32,16384,10530.9
2076,65536,32,32768,10606.3
2076,65536,32,65536,10884.4
2076,65536,64,16,10317.3
2076,65536,64,32,10325.4
2076,65536,64,64,10327.4
2076,65536,64,128,10327.4
2076,65536,64,256,10340.9
2076,65536,64,512,10368.5
2076,65536,64,1024,10355.6
2076,65536,64,2048,10370.2
2076,65536,64,4096,10403.1
2076,65536,64,8192,10468.7
2076,65536,64,16384,10617.7
2076,65536,64,32768,10886.6
2076,65536,64,65536,11420.4
2076,65536,128,16,10375.2
2076,65536,128,32,10340.5
2076,65536,128,64,10335.7
2076,65536,128,128,10338.5
2076,65536,128,256,10343.1
2076,65536,128,512,10410.5
2076,65536,128,1024,10433
2076,65536,128,2048,10398.4
2076,65536,128,4096,10476.5
2076,65536,128,8192,10677.7
2076,65536,128,16384,10877.5
2076,65536,128,32768,11464.9
2076,65536,128,65536,12479.6
3114,0,0,0,480.565
3114,0,1,16,509.505
3114,0,1,32,511.6
3114,0,1,64,515.168
3114,0,1,128,512.636
3114,0,1,256,516.049
3114,0,1,512,512.507
3114,0,1,1024,515.191
3114,0,1,2048,514.79
3114,0,1,4096,518.112
3114,0,1,8192,519.575
3114,0,1,16384,526.567
3114,0,1,32768,537.606
3114,0,1,65536,544.582
3114,0,2,16,509.089
3114,0,2,32,508.368
3114,0,2,64,514.993
3114,0,2,128,513.649
3114,0,2,256,512.875
3114,0,2,512,515.045
3114,0,2,1024,517.073
3114,0,2,2048,519.03
3114,0,2,4096,519.696
3114,0,2,8192,526.448
3114,0,2,16384,532.796
3114,0,2,32768,549.447
3114,0,2,65536,558.481
3114,0,4,16,510.822
3114,0,4,32,510.892
3114,0,4,64,512.358
3114,0,4,128,515.713
3114,0,4,256,515.041
3114,0,4,512,513.463
3114,0,4,1024,516.935
3114,0,4,2048,519.394
3114,0,4,4096,527.388
3114,0,4,8192,532.236
3114,0,4,16384,549.468
3114,0,4,32768,559.713
3114,0,4,65536,594.642
3114,0,8,16,511.643
3114,0,8,32,508.279
3114,0,8,64,511.927
3114,0,8,128,513.249
3114,0,8,256,516.415
3114,0,8,512,517.868
3114,0,8,1024,520.294
3114,0,8,2048,526.615
3114,0,8,4096,530.876
3114,0,8,8192,543.149
3114,0,8,16384,560.94
3114,0,8,32768,595.297
3114,0,8,65536,660.065
3114,0,16,16,511.692
3114,0,16,32,510.122
3114,0,16,64,515.191
3114,0,16,128,517.467
3114,0,16,256,519.105
3114,0,16,512,519.501
3114,0,16,1024,525.426
3114,0,16,2048,530.582
3114,0,16,4096,541.868
3114,0,16,8192,560.059
3114,0,16,16384,592.241
3114,0,16,32768,661.813
3114,0,16,65536,799.143
3114,0,32,16,513.052
3114,0,32,32,512.594
3114,0,32,64,518.289
3114,0,32,128,522.406
3114,0,32,256,523.334
3114,0,32,512,528.097
3114,0,32,1024,531.574
3114,0,32,2048,541.803
3114,0,32,4096,561.595
3114,0,32,8192,596.256
3114,0,32,16384,666.812
3114,0,32,32768,798.146
3114,0,32,65536,1069.95
3114,0,64,16,517.238
3114,0,64,32,518.503
3114,0,64,64,518.79
3114,0,64,128,528.225
3114,0,64,256,534.064
3114,0,64,512,537.397
3114,0,64,1024,549.835
3114,0,64,2048,566.055
3114,0,64,4096,598.749
3114,0,64,8192,672.023
3114,0,64,16384,807.9
3114,0,64,32768,1074.04
3114,0,64,65536,1614.72
3114,0,128,16,525.831
3114,0,128,32,524.705
3114,0,128,64,529.541
3114,0,128,128,529.793
3114,0,128,256,535.68
3114,0,128,512,549.281
3114,0,128,1024,563.814
3114,0,128,2048,596.95
3114,0,128,4096,666.24
3114,0,128,8192,802.091
3114,0,128,16384,1071.77
3114,0,128,32768,1609.45
3114,0,128,65536,2678.62
3114,16,0,0,573.799
3114,16,1,16,602.689
3114,16,1,32,603.841
3114,16,1,64,605.324
3114,16,1,128,604.38
3114,16,1,256,606.502
3114,16,1,512,607.042
3114,16,1,1024,604.988
3114,16,1,2048,607.307
3114,16,1,4096,611.644
3114,16,1,8192,613.867
3114,16,1,16384,617.755
3114,16,1,32768,627.478
3114,16,1,65536,637.691
3114,16,2,16,601.793
3114,16,2,32,603.308
3114,16,2,64,604.352
3114,16,2,128,606.758
3114,16,2,256,604.204
3114,16,2,512,607.068
3114,16,2,1024,607.628
3114,16,2,2048,609.75
3114,16,2,4096,613.372
3114,16,2,8192,619.776
3114,16,2,16384,626.801
3114,16,2,32768,639.111
3114,16,2,65536,653.946
3114,16,4,16,603.569
3114,16,4,32,603.77
3114,16,4,64,603.133
3114,16,4,128,606.396
3114,16,4,256,606.94
3114,16,4,512,604.892
3114,16,4,1024,613.991
3114,16,4,2048,614.48
3114,16,4,4096,615.852
3114,16,4,8192,629.365
3114,16,4,16384,637.479
3114,16,4,32768,655.324
3114,16,4,65536,684.898
3114,16,8,16,603.104
3114,16,8,32,603.814
3114,16,8,64,606.092
3114,16,8,128,608.508
3114,16,8,256,608.811
3114,16,8,512,608.631
3114,16,8,1024,612.544
3114,16,8,2048,617.339
3114,16,8,4096,621.26
3114,16,8,8192,633.98
3114,16,8,16384,651.185
3114,16,8,32768,683.127
3114,16,8,65536,749.708
3114,16,16,16,602.902
3114,16,16,32,602.187
3114,16,16,64,608.321
3114,16,16,128,607.297
3114,16,16,256,610.833
3114,16,16,512,614.315
3114,16,16,1024,616.156
3114,16,16,2048,623.601
3114,16,16,4096,630.694
3114,16,16,8192,648.759
3114,16,16,16384,683.606
3114,16,16,32768,750.773
3114,16,16,65536,885.537
3114,16,32,16,603.014
3114,16,32,32,605.9
3114,16,32,64,612.508
3114,16,32,128,612.907
3114,16,32,256,616.386
3114,16,32,512,618.177
3114,16,32,1024,625.392
3114,16,32,2048,635.435
3114,16,32,4096,653.43
3114,16,32,8192,688.887
3114,16,32,16384,753.773
3114,16,32,32768,889.25
3114,16,32,65536,1159.45
3114,16,64,16,609.239
3114,16,64,32,607.787
3114,16,64,64,610.87
3114,16,64,128,619.406
3114,16,64,256,624.133
3114,16,64,512,633.302
3114,16,64,1024,638.709
3114,16,64,2048,655.97
3114,16,64,4096,692.197
3114,16,64,8192,762.454
3114,16,64,16384,898.608
3114,16,64,32768,1166.82
3114,16,64,65536,1704.3
3114,16,128,16,618.556
3114,16,128,32,619.836
3114,16,128,64,622.412
3114,16,128,128,623.958
3114,16,128,256,629.915
3114,16,128,512,640.678
3114,16,128,1024,657.666
3114,16,128,2048,690.904
3114,16,128,4096,761.414
3114,16,128,8192,893.208
3114,16,128,16384,1165.46
3114,16,128,32768,1700.35
3114,16,128,65536,2769.57
3114,32,0,0,576.849
3114,32,1,16,605.176
3114,32,1,32,605.233
3114,32,1,64,604.668
3114,32,1,128,606.438
3114,32,1,256,607.751
3114,32,1,512,606.268
3114,32,1,1024,608.972
3114,32,1,2048,609.063
3114,32,1,4096,613.947
3114,32,1,8192,617.841
3114,32,1,16384,621.889
3114,32,1,32768,632.268
3114,32,1,65536,638.955
3114,32,2,16,602.492
3114,32,2,32,604.028
3114,32,2,64,610.549
3114,32,2,128,607.495
3114,32,2,256,608.677
3114,32,2,512,607.147
3114,32,2,1024,611.564
3114,32,2,2048,611.531
3114,32,2,4096,615.072
3114,32,2,8192,621.505
3114,32,2,16384,629.831
3114,32,2,32768,642.044
3114,32,2,65536,652.801
3114,32,4,16,602.125
3114,32,4,32,602.816
3114,32,4,64,605.687
3114,32,4,128,606.741
3114,32,4,256,607.19
3114,32,4,512,607.813
3114,32,4,1024,612.87
3114,32,4,2048,612.69
3114,32,4,4096,619.127
3114,32,4,8192,625.713
3114,32,4,16384,640.172
3114,32,4,32768,653.441
3114,32,4,65536,686.39
3114,32,8,16,602.331
3114,32,8,32,602.971
3114,32,8,64,607.797
3114,32,8,128,610.192
3114,32,8,256,607.708
3114,32,8,512,613.037
3114,32,8,1024,613.04
3114,32,8,2048,618.252
3114,32,8,4096,623.905
3114,32,8,8192,632.784
3114,32,8,16384,657.116
3114,32,8,32768,687.248
3114,32,8,65536,752.95
3114,32,16,16,603.931
3114,32,16,32,602.971
3114,32,16,64,606.743
3114,32,16,128,608.102
3114,32,16,256,613.888
3114,32,16,512,614.312
3114,32,16,1024,616.993
3114,32,16,2048,623.435
3114,32,16,4096,633.66
3114,32,16,8192,651.159
3114,32,16,16384,685.82
3114,32,16,32768,750.087
3114,32,16,65536,886.242
3114,32,32,16,606.742
3114,32,32,32,605.516
3114,32,32,64,612.866
3114,32,32,128,617.174
3114,32,32,256,615.617
3114,32,32,512,619.543
3114,32,32,1024,623.722
3114,32,32,2048,635.425
3114,32,32,4096,651.217
3114,32,32,8192,687.015
3114,32,32,16384,754.312
3114,32,32,32768,889.399
3114,32,32,65536,1162.99
3114,32,64,16,610.699
3114,32,64,32,611.75
3114,32,64,64,611.75
3114,32,64,128,620.673
3114,32,64,256,625.468
3114,32,64,512,630.459
3114,32,64,1024,643.456
3114,32,64,2048,658.033
3114,32,64,4096,693.136
3114,32,64,8192,762.555
3114,32,64,16384,898.897
3114,32,64,32768,1170.89
3114,32,64,65536,1706.79
3114,32,128,16,619.889
3114,32,128,32,620.667
3114,32,128,64,622.762
3114,32,128,128,625.137
3114,32,128,256,630.774
3114,32,128,512,641.797
3114,32,128,1024,656.001
3114,32,128,2048,692.294
3114,32,128,4096,758.94
3114,32,128,8192,897.948
3114,32,128,16384,1166.47
3114,32,128,32768,1701.52
3114,32,128,65536,2772.17
3114,64,0,0,573.371
3114,64,1,16,600.267
3114,64,1,32,604.971
3114,64,1,64,603.767
3114,64,1,128,608.61
3114,64,1,256,606.945
3114,64,1,512,605.851
3114,64,1,1024,606.182
3114,64,1,2048,607.03
3114,64,1,4096,612.496
3114,64,1,8192,615.281
3114,64,1,16384,620.426
3114,64,1,32768,628.54
3114,64,1,65536,636.008
3114,64,2,16,601.037
3114,64,2,32,603.916
3114,64,2,64,607.527
3114,64,2,128,607.826
3114,64,2,256,604.993
3114,64,2,512,606.017
3114,64,2,1024,608.012
3114,64,2,2048,610.476
3114,64,2,4096,614.613
3114,64,2,8192,618.188
3114,64,2,16384,628.347
3114,64,2,32768,641.271
3114,64,2,65536,650.426
3114,64,4,16,601.606
3114,64,4,32,603.439
3114,64,4,64,603.862
3114,64,4,128,605.708
3114,64,4,256,605.884
3114,64,4,512,608.972
3114,64,4,1024,609.472
3114,64,4,2048,614.316
3114,64,4,4096,618.45
3114,64,4,8192,627.042
3114,64,4,16384,635.148
3114,64,4,32768,653.243
3114,64,4,65536,685.686
3114,64,8,16,602.38
3114,64,8,32,602.292
3114,64,8,64,606.231
3114,64,8,128,606.678
3114,64,8,256,608.651
3114,64,8,512,609.851
3114,64,8,1024,612.096
3114,64,8,2048,616.924
3114,64,8,4096,624.545
3114,64,8,8192,634.027
3114,64,8,16384,651.543
3114,64,8,32768,684.199
3114,64,8,65536,751.355
3114,64,16,16,601.04
3114,64,16,32,603.643
3114,64,16,64,607.725
3114,64,16,128,609.756
3114,64,16,256,611.76
3114,64,16,512,613.473
3114,64,16,1024,615.606
3114,64,16,2048,621.804
3114,64,16,4096,632.198
3114,64,16,8192,648.362
3114,64,16,16384,683.73
3114,64,16,32768,751.266
3114,64,16,65536,886.331
3114,64,32,16,602.353
3114,64,32,32,604.007
3114,64,32,64,614.588
3114,64,32,128,614.512
3114,64,32,256,615.254
3114,64,32,512,618.668
3114,64,32,1024,623.462
3114,64,32,2048,632.721
3114,64,32,4096,651.627
3114,64,32,8192,686.421
3114,64,32,16384,752.988
3114,64,32,32768,890.029
3114,64,32,65536,1164.07
3114,64,64,16,606.661
3114,64,64,32,613.301
3114,64,64,64,610.518
3114,64,64,128,620.349
3114,64,64,256,622.907
3114,64,64,512,629.51
3114,64,64,1024,638.496
3114,64,64,2048,656.327
3114,64,64,4096,692.634
3114,64,64,8192,759.901
3114,64,64,16384,899.297
3114,64,64,32768,1169.79
3114,64,64,65536,1707.2
3114,64,128,16,616.816
3114,64,128,32,618.08
3114,64,128,64,622.236
3114,64,128,128,624.646
3114,64,128,256,627.622
3114,64,128,512,639.286
3114,64,128,1024,657.285
3114,64,128,2048,691.718
3114,64,128,4096,759.479
3114,64,128,8192,894.296
3114,64,128,16384,1165.2
3114,64,128,32768,1701.15
3114,64,128,65536,2774.97
3114,128,0,0,581.994
3114,128,1,16,603.094
3114,128,1,32,600.748
3114,128,1,64,606.311
3114,128,1,128,605.894
3114,128,1,256,607.475
3114,128,1,512,607.125
3114,128,1,1024,609.089
3114,128,1,2048,612.097
3114,128,1,4096,614.218
3114,128,1,8192,618.802
3114,128,1,16384,622.076
3114,128,1,32768,630.198
3114,128,1,65536,639.447
3114,128,2,16,605.163
3114,128,2,32,603.702
3114,128,2,64,606.721
3114,128,2,128,607.384
3114,128,2,256,606.607
3114,128,2,512,608.064
3114,128,2,1024,609.797
3114,128,2,2048,613.825
3114,128,2,4096,615.752
3114,128,2,8192,621.03
3114,128,2,16384,630.198
3114,128,2,32768,643.111
3114,128,2,65536,654.177
3114,128,4,16,604.466
3114,128,4,32,604.989
3114,128,4,64,608.022
3114,128,4,128,608.812
3114,128,4,256,609.846
3114,128,4,512,607.121
3114,128,4,1024,613.499
3114,128,4,2048,615.398
3114,128,4,4096,620.022
3114,128,4,8192,626.834
3114,128,4,16384,638.941
3114,128,4,32768,653.591
3114,128,4,65536,685.664
3114,128,8,16,603.243
3114,128,8,32,604.887
3114,128,8,64,609.579
3114,128,8,128,609.083
3114,128,8,256,609.574
3114,128,8,512,611.159
3114,128,8,1024,612.307
3114,128,8,2048,619.553
3114,128,8,4096,623.063
3114,128,8,8192,635.291
3114,128,8,16384,652.381
3114,128,8,32768,687.562
3114,128,8,65536,751.404
3114,128,16,16,604.689
3114,128,16,32,603.499
3114,128,16,64,609.178
3114,128,16,128,609.083
3114,128,16,256,612.428
3114,128,16,512,613.931
3114,128,16,1024,619.537
3114,128,16,2048,624.385
3114,128,16,4096,632.552
3114,128,16,8192,655.164
3114,128,16,16384,686.257
3114,128,16,32768,752.722
3114,128,16,65536,889.398
3114,128,32,16,606.071
3114,128,32,32,605.366
3114,128,32,64,614.929
3114,128,32,128,617.27
3114,128,32,256,618.545
3114,128,32,512,622.109
3114,128,32,1024,627.966
3114,128,32,2048,635.768
3114,128,32,4096,653.916
3114,128,32,8192,687.128
3114,128,32,16384,758.422
3114,128,32,32768,895.276
3114,128,32,65536,1169.37
3114,128,64,16,610.422
3114,128,64,32,611.553
3114,128,64,64,613.643
3114,128,64,128,624.534
3114,128,64,256,628.369
3114,128,64,512,630.549
3114,128,64,1024,639.355
3114,128,64,2048,658.171
3114,128,64,4096,694.081
3114,128,64,8192,762.471
3114,128,64,16384,901.046
3114,128,64,32768,1176.17
3114,128,64,65536,1715.77
3114,128,128,16,618.736
3114,128,128,32,623.345
3114,128,128,64,622.433
3114,128,128,128,626.779
3114,128,128,256,631.622
3114,128,128,512,642.145
3114,128,128,1024,659.308
3114,128,128,2048,692.118
3114,128,128,4096,760.588
3114,128,128,8192,897.912
3114,128,128,16384,1171.54
3114,128,128,32768,1710.24
3114,128,128,65536,2780.76
3114,256,0,0,608.577
3114,256,1,16,638.237
3114,256,1,32,640.22
3114,256,1,64,641.783
3114,256,1,128,640.71
3114,256,1,256,640.822
3114,256,1,512,641.554
3114,256,1,1024,643.243
3114,256,1,2048,644.831
3114,256,1,4096,645.026
3114,256,1,8192,649.873
3114,256,1,16384,657.771
3114,256,1,32768,664.097
3114,256,1,65536,672.689
3114,256,2,16,638.988
3114,256,2,32,635.649
3114,256,2,64,643.339
3114,256,2,128,641.788
3114,256,2,256,642.38
3114,256,2,512,641.706
3114,256,2,1024,644.561
3114,256,2,2048,646.044
3114,256,2,4096,645.996
3114,256,2,8192,651.926
3114,256,2,16384,664.039
3114,256,2,32768,674.256
3114,256,2,65536,684.385
3114,256,4,16,640.081
3114,256,4,32,637.633
3114,256,4,64,642.004
3114,256,4,128,639.912
3114,256,4,256,640.339
3114,256,4,512,642.647
3114,256,4,1024,646.018
3114,256,4,2048,646.306
3114,256,4,4096,653.053
3114,256,4,8192,660.588
3114,256,4,16384,672.3
3114,256,4,32768,688.193
3114,256,4,65536,718.812
3114,256,8,16,636.966
3114,256,8,32,638.375
3114,256,8,64,642.033
3114,256,8,128,642.076
3114,256,8,256,642.385
3114,256,8,512,647.777
3114,256,8,1024,648.588
3114,256,8,2048,652.231
3114,256,8,4096,657.123
3114,256,8,8192,667.937
3114,256,8,16384,686.87
3114,256,8,32768,720.726
3114,256,8,65536,788.102
3114,256,16,16,636.017
3114,256,16,32,637.985
3114,256,16,64,643.431
3114,256,16,128,641.419
3114,256,16,256,646.539
3114,256,16,512,647.586
3114,256,16,1024,650.295
3114,256,16,2048,655.634
3114,256,16,4096,667.164
3114,256,16,8192,687.884
3114,256,16,16384,717.517
3114,256,16,32768,788.262
3114,256,16,65536,928.704
3114,256,32,16,640.81
3114,256,32,32,638.124
3114,256,32,64,648.71
3114,256,32,128,648.327
3114,256,32,256,650.101
3114,256,32,512,652.89
3114,256,32,1024,661.057
3114,256,32,2048,670.08
3114,256,32,4096,686.064
3114,256,32,8192,719.389
3114,256,32,16384,791.474
3114,256,32,32768,933.1
3114,256,32,65536,1204.62
3114,256,64,16,641.729
3114,256,64,32,642.672
3114,256,64,64,645.151
3114,256,64,128,656.342
3114,256,64,256,660.245
3114,256,64,512,665.093
3114,256,64,1024,675.104
3114,256,64,2048,690.476
3114,256,64,4096,729.729
3114,256,64,8192,795.111
3114,256,64,16384,936.082
3114,256,64,32768,1210.43
3114,256,64,65536,1749.27
3114,256,128,16,653.295
3114,256,128,32,654.311
3114,256,128,64,657.025
3114,256,128,128,659.147
3114,256,128,256,663.575
3114,256,128,512,670.166
3114,256,128,1024,689.462
3114,256,128,2048,724.465
3114,256,128,4096,791.991
3114,256,128,8192,934.252
3114,256,128,16384,1211.74
3114,256,128,32768,1749.14
3114,256,128,65536,2819.3
3114,512,0,0,661.671
3114,512,1,16,689.5
3114,512,1,32,691.245
3114,512,1,64,691.403
3114,512,1,128,695.668
3114,512,1,256,695.494
3114,512,1,512,692.912
3114,512,1,1024,694.426
3114,512,1,2048,695.896
3114,512,1,4096,700.119
3114,512,1,8192,704.241
3114,512,1,16384,705.927
3114,512,1,32768,717.062
3114,512,1,65536,722.871
3114,512,2,16,690.044
3114,512,2,32,691.328
3114,512,2,64,693.16
3114,512,2,128,694.892
3114,512,2,256,694.2
3114,512,2,512,694.673
3114,512,2,1024,695.68
3114,512,2,2048,699.638
3114,512,2,4096,701.777
3114,512,2,8192,706.891
3114,512,2,16384,716.081
3114,512,2,32768,728.465
3114,512,2,65536,738.7
3114,512,4,16,691.357
3114,512,4,32,690.464
3114,512,4,64,691.504
3114,512,4,128,691.921
3114,512,4,256,695.088
3114,512,4,512,693.468
3114,512,4,1024,698.919
3114,512,4,2048,700.471
3114,512,4,4096,704.411
3114,512,4,8192,714.684
3114,512,4,16384,726.47
3114,512,4,32768,740.407
3114,512,4,65536,774.706
3114,512,8,16,693.387
3114,512,8,32,688.711
3114,512,8,64,697.409
3114,512,8,128,694.764
3114,512,8,256,694.897
3114,512,8,512,698.058
3114,512,8,1024,700.019
3114,512,8,2048,705.235
3114,512,8,4096,711.57
3114,512,8,8192,720.295
3114,512,8,16384,735.782
3114,512,8,32768,771.276
3114,512,8,65536,838.779
3114,512,16,16,689.782
3114,512,16,32,688.962
3114,512,16,64,695.543
3114,512,16,128,696.167
3114,512,16,256,698.455
3114,512,16,512,702.209
3114,512,16,1024,703.926
3114,512,16,2048,710.433
3114,512,16,4096,718.583
3114,512,16,8192,737.895
3114,512,16,16384,772.896
3114,512,16,32768,837.622
3114,512,16,65536,978.435
3114,512,32,16,694.652
3114,512,32,32,691.181
3114,512,32,64,699.392
3114,512,32,128,700.082
3114,512,32,256,702.21
3114,512,32,512,704.966
3114,512,32,1024,711.355
3114,512,32,2048,724.188
3114,512,32,4096,738.498
3114,512,32,8192,772.716
3114,512,32,16384,844.422
3114,512,32,32768,979.292
3114,512,32,65536,1249.82
3114,512,64,16,696.684
3114,512,64,32,697.26
3114,512,64,64,701.629
3114,512,64,128,705.639
3114,512,64,256,712.235
3114,512,64,512,718.387
3114,512,64,1024,730.134
3114,512,64,2048,743.921
3114,512,64,4096,780.087
3114,512,64,8192,849.846
3114,512,64,16384,990.465
3114,512,64,32768,1256.81
3114,512,64,65536,1794.04
3114,512,128,16,707.35
3114,512,128,32,710.949
3114,512,128,64,706.279
3114,512,128,128,711.227
3114,512,128,256,714.117
3114,512,128,512,725.474
3114,512,128,1024,742.422
3114,512,128,2048,776.726
3114,512,128,4096,844.396
3114,512,128,8192,982.646
3114,512,128,16384,1262.08
3114,512,128,32768,1795.06
3114,512,128,65536,2865.05
3114,1024,0,0,768.39
3114,1024,1,16,792.631
3114,1024,1,32,790.444
3114,1024,1,64,793.116
3114,1024,1,128,794.594
3114,1024,1,256,795.804
3114,1024,1,512,797.773
3114,1024,1,1024,793.719
3114,1024,1,2048,796.07
3114,1024,1,4096,799.532
3114,1024,1,8192,802.461
3114,1024,1,16384,807.826
3114,1024,1,32768,818.315
3114,1024,1,65536,826.696
3114,1024,2,16,791.336
3114,1024,2,32,789.015
3114,1024,2,64,791.324
3114,1024,2,128,796.15
3114,1024,2,256,793.804
3114,1024,2,512,800.438
3114,1024,2,1024,796.79
3114,1024,2,2048,798.357
3114,1024,2,4096,801.414
3114,1024,2,8192,808.406
3114,1024,2,16384,816.909
3114,1024,2,32768,829.083
3114,1024,2,65536,844.097
3114,1024,4,16,790.722
3114,1024,4,32,790.988
3114,1024,4,64,796.988
3114,1024,4,128,794.609
3114,1024,4,256,795.474
3114,1024,4,512,796.018
3114,1024,4,1024,801.186
3114,1024,4,2048,802.903
3114,1024,4,4096,809.697
3114,1024,4,8192,814.838
3114,1024,4,16384,827.596
3114,1024,4,32768,840.183
3114,1024,4,65536,874.919
3114,1024,8,16,793.174
3114,1024,8,32,791.964
3114,1024,8,64,795.863
3114,1024,8,128,796.907
3114,1024,8,256,796.125
3114,1024,8,512,799.026
3114,1024,8,1024,801.9
3114,1024,8,2048,807.026
3114,1024,8,4096,811.847
3114,1024,8,8192,822.903
3114,1024,8,16384,839.362
3114,1024,8,32768,874.423
3114,1024,8,65536,942.273
3114,1024,16,16,790.918
3114,1024,16,32,793.968
3114,1024,16,64,794.209
3114,1024,16,128,794.822
3114,1024,16,256,798.912
3114,1024,16,512,803.08
3114,1024,16,1024,805.355
3114,1024,16,2048,813.142
3114,1024,16,4096,818.875
3114,1024,16,8192,838.744
3114,1024,16,16384,872.028
3114,1024,16,32768,940.054
3114,1024,16,65536,1077.03
3114,1024,32,16,794.238
3114,1024,32,32,795.073
3114,1024,32,64,800.391
3114,1024,32,128,802.849
3114,1024,32,256,804.325
3114,1024,32,512,808.908
3114,1024,32,1024,815.351
3114,1024,32,2048,822.998
3114,1024,32,4096,840.956
3114,1024,32,8192,875.317
3114,1024,32,16384,940.432
3114,1024,32,32768,1082.77
3114,1024,32,65536,1348.8
3114,1024,64,16,797.776
3114,1024,64,32,798.117
3114,1024,64,64,800.987
3114,1024,64,128,809.943
3114,1024,64,256,814.375
3114,1024,64,512,819.676
3114,1024,64,1024,829.83
3114,1024,64,2048,844.983
3114,1024,64,4096,881.046
3114,1024,64,8192,951.234
3114,1024,64,16384,1086.71
3114,1024,64,32768,1354.02
3114,1024,64,65536,1889.96
3114,1024,128,16,810.086
3114,1024,128,32,808.299
3114,1024,128,64,813.376
3114,1024,128,128,813.068
3114,1024,128,256,818.023
3114,1024,128,512,830.593
3114,1024,128,1024,843.591
3114,1024,128,2048,878.513
3114,1024,128,4096,950.056
3114,1024,128,8192,1085.57
3114,1024,128,16384,1349.83
3114,1024,128,32768,1885.23
3114,1024,128,65536,2958.3
3114,2048,0,0,972.05
3114,2048,1,16,995.857
3114,2048,1,32,996.128
3114,2048,1,64,998.645
3114,2048,1,128,998.092
3114,2048,1,256,996.598
3114,2048,1,512,997.137
3114,2048,1,1024,998.998
3114,2048,1,2048,1001.79
3114,2048,1,4096,1002
3114,2048,1,8192,1004.95
3114,2048,1,16384,1012.96
3114,2048,1,32768,1020.2
3114,2048,1,65536,1032.72
3114,2048,2,16,994.465
3114,2048,2,32,994.047
3114,2048,2,64,998.825
3114,2048,2,128,997.457
3114,2048,2,256,1000.9
3114,2048,2,512,999.394
3114,2048,2,1024,1001.55
3114,2048,2,2048,1007.01
3114,2048,2,4096,1005.33
3114,2048,2,8192,1011.25
3114,2048,2,16384,1023.99
3114,2048,2,32768,1033.08
3114,2048,2,65536,1042.73
3114,2048,4,16,996.047
3114,2048,4,32,997.372
3114,2048,4,64,999.368
3114,2048,4,128,997.255
3114,2048,4,256,998.801
3114,2048,4,512,1001.51
3114,2048,4,1024,1003.48
3114,2048,4,2048,1006.56
3114,2048,4,4096,1012.76
3114,2048,4,8192,1019.09
3114,2048,4,16384,1027.71
3114,2048,4,32768,1043.31
3114,2048,4,65536,1079.99
3114,2048,8,16,994.683
3114,2048,8,32,995.889
3114,2048,8,64,996.817
3114,2048,8,128,999.346
3114,2048,8,256,997.426
3114,2048,8,512,1001.83
3114,2048,8,1024,1005.67
3114,2048,8,2048,1009.35
3114,2048,8,4096,1018.72
3114,2048,8,8192,1026.05
3114,2048,8,16384,1045.24
3114,2048,8,32768,1077.28
3114,2048,8,65536,1144.84
3114,2048,16,16,993.419
3114,2048,16,32,995.075
3114,2048,16,64,1001.55
3114,2048,16,128,1004.31
3114,2048,16,256,1003.57
3114,2048,16,512,1002.52
3114,2048,16,1024,1008.25
3114,2048,16,2048,1014.12
3114,2048,16,4096,1029.56
3114,2048,16,8192,1042.79
3114,2048,16,16384,1077.45
3114,2048,16,32768,1143.45
3114,2048,16,65536,1281.56
3114,2048,32,16,995.927
3114,2048,32,32,995.73
3114,2048,32,64,1002.89
3114,2048,32,128,1006.07
3114,2048,32,256,1007.27
3114,2048,32,512,1015.19
3114,2048,32,1024,1016.67
3114,2048,32,2048,1026.73
3114,2048,32,4096,1046.05
3114,2048,32,8192,1076.6
3114,2048,32,16384,1144.88
3114,2048,32,32768,1279.39
3114,2048,32,65536,1550.64
3114,2048,64,16,1000.58
3114,2048,64,32,1000.93
3114,2048,64,64,1006.41
3114,2048,64,128,1015.27
3114,2048,64,256,1018.86
3114,2048,64,512,1025.08
3114,2048,64,1024,1037.98
3114,2048,64,2048,1049.84
3114,2048,64,4096,1086.39
3114,2048,64,8192,1154.56
3114,2048,64,16384,1292.25
3114,2048,64,32768,1557.84
3114,2048,64,65536,2094.26
3114,2048,128,16,1008.42
3114,2048,128,32,1011.43
3114,2048,128,64,1013.01
3114,2048,128,128,1014.52
3114,2048,128,256,1018.29
3114,2048,128,512,1030.4
3114,2048,128,1024,1049.65
3114,2048,128,2048,1081.91
3114,2048,128,4096,1154.23
3114,2048,128,8192,1287.27
3114,2048,128,16384,1553.78
3114,2048,128,32768,2090.16
3114,2048,128,65536,3161.67
3114,4096,0,0,1369.26
3114,4096,1,16,1399.64
3114,4096,1,32,1397.69
3114,4096,1,64,1399.31
3114,4096,1,128,1401.18
3114,4096,1,256,1401.53
3114,4096,1,512,1403.51
3114,4096,1,1024,1402.52
3114,4096,1,2048,1405.74
3114,4096,1,4096,1408.51
3114,4096,1,8192,1413.21
3114,4096,1,16384,1415.89
3114,4096,1,32768,1423.74
3114,4096,1,65536,1431.68
3114,4096,2,16,1396.25
3114,4096,2,32,1398.11
3114,4096,2,64,1402.96
3114,4096,2,128,1400.99
3114,4096,2,256,1404.98
3114,4096,2,512,1401.79
3114,4096,2,1024,1404.57
3114,4096,2,2048,1406.32
3114,4096,2,4096,1409.31
3114,4096,2,8192,1414.56
3114,4096,2,16384,1422.05
3114,4096,2,32768,1435.19
3114,4096,2,65536,1446.28
3114,4096,4,16,1398.01
3114,4096,4,32,1399.49
3114,4096,4,64,1400.98
3114,4096,4,128,1400.67
3114,4096,4,256,1401.48
3114,4096,4,512,1405.12
3114,4096,4,1024,1405.92
3114,4096,4,2048,1407.25
3114,4096,4,4096,1415
3114,4096,4,8192,1427.2
3114,4096,4,16384,1432.89
3114,4096,4,32768,1447.75
3114,4096,4,65536,1479.54
3114,4096,8,16,1395.6
3114,4096,8,32,1397.18
3114,4096,8,64,1406.32
3114,4096,8,128,1402.33
3114,4096,8,256,1401.36
3114,4096,8,512,1404.72
3114,4096,8,1024,1409.81
3114,4096,8,2048,1413.09
3114,4096,8,4096,1420.73
3114,4096,8,8192,1429.08
3114,4096,8,16384,1447.5
3114,4096,8,32768,1477.76
3114,4096,8,65536,1549.34
3114,4096,16,16,1398.1
3114,4096,16,32,1397.12
3114,4096,16,64,1406.88
3114,4096,16,128,1403.5
3114,4096,16,256,1405.71
3114,4096,16,512,1406.38
3114,4096,16,1024,1409.37
3114,4096,16,2048,1416.94
3114,4096,16,4096,1429.72
3114,4096,16,8192,1445.78
3114,4096,16,16384,1478.3
3114,4096,16,32768,1547.33
3114,4096,16,65536,1680.63
3114,4096,32,16,1401.19
3114,4096,32,32,1399.14
3114,4096,32,64,1407.55
3114,4096,32,128,1412.31
3114,4096,32,256,1411.14
3114,4096,32,512,1413.61
3114,4096,32,1024,1420.28
3114,4096,32,2048,1430.16
3114,4096,32,4096,1449
3114,4096,32,8192,1482.24
3114,4096,32,16384,1551.15
3114,4096,32,32768,1689.76
3114,4096,32,65536,1959.02
3114,4096,64,16,1405.24
3114,4096,64,32,1403.43
3114,4096,64,64,1407.18
3114,4096,64,128,1418.95
3114,4096,64,256,1422.71
3114,4096,64,512,1428.45
3114,4096,64,1024,1439.65
3114,4096,64,2048,1455.91
3114,4096,64,4096,1487.68
3114,4096,64,8192,1556.29
3114,4096,64,16384,1696.19
3114,4096,64,32768,1963.5
3114,4096,64,65536,2498.95
3114,4096,128,16,1414.21
3114,4096,128,32,1415.6
3114,4096,128,64,1417.11
3114,4096,128,128,1418.31
3114,4096,128,256,1425.12
3114,4096,128,512,1434.2
3114,4096,128,1024,1453.27
3114,4096,128,2048,1486.57
3114,4096,128,4096,1556.12
3114,4096,128,8192,1689.18
3114,4096,128,16384,1959.58
3114,4096,128,32768,2494.82
3114,4096,128,65536,3561.01
3114,8192,0,0,2181.19
3114,8192,1,16,2216.5
3114,8192,1,32,2211.43
3114,8192,1,64,2216.91
3114,8192,1,128,2213.36
3114,8192,1,256,2213.64
3114,8192,1,512,2215.49
3114,8192,1,1024,2217.09
3114,8192,1,2048,2216.85
3114,8192,1,4096,2223.18
3114,8192,1,8192,2223.71
3114,8192,1,16384,2229.25
3114,8192,1,32768,2236.74
3114,8192,1,65536,2245.06
3114,8192,2,16,2208.59
3114,8192,2,32,2210.69
3114,8192,2,64,2214.96
3114,8192,2,128,2214.56
3114,8192,2,256,2218.46
3114,8192,2,512,2215.15
3114,8192,2,1024,2216.07
3114,8192,2,2048,2224.42
3114,8192,2,4096,2222.21
3114,8192,2,8192,2235.67
3114,8192,2,16384,2237.56
3114,8192,2,32768,2249.78
3114,8192,2,65536,2266.27
3114,8192,4,16,2206.84
3114,8192,4,32,2212.67
3114,8192,4,64,2213.76
3114,8192,4,128,2213.31
3114,8192,4,256,2215.88
3114,8192,4,512,2215.27
3114,8192,4,1024,2217.01
3114,8192,4,2048,2222.79
3114,8192,4,4096,2226.33
3114,8192,4,8192,2237.85
3114,8192,4,16384,2245.64
3114,8192,4,32768,2257.93
3114,8192,4,65536,2293.85
3114,8192,8,16,2210.08
3114,8192,8,32,2212.64
3114,8192,8,64,2219.23
3114,8192,8,128,2215.83
3114,8192,8,256,2218.37
3114,8192,8,512,2218.44
3114,8192,8,1024,2220.64
3114,8192,8,2048,2229.65
3114,8192,8,4096,2232.12
3114,8192,8,8192,2242.75
3114,8192,8,16384,2258.7
3114,8192,8,32768,2291.96
3114,8192,8,65536,2363.86
3114,8192,16,16,2214
3114,8192,16,32,2210.4
3114,8192,16,64,2215.04
3114,8192,16,128,2219.56
3114,8192,16,256,2218.88
3114,8192,16,512,2221.24
3114,8192,16,1024,2225.57
3114,8192,16,2048,2232.19
3114,8192,16,4096,2237.93
3114,8192,16,8192,2257.12
3114,8192,16,16384,2294.62
3114,8192,16,32768,2360.33
3114,8192,16,65536,2496.22
3114,8192,32,16,2218.18
3114,8192,32,32,2213.9
3114,8192,32,64,2221.67
3114,8192,32,128,2225.36
3114,8192,32,256,2225.6
3114,8192,32,512,2227.06
3114,8192,32,1024,2236.6
3114,8192,32,2048,2241.11
3114,8192,32,4096,2263.01
3114,8192,32,8192,2292.84
3114,8192,32,16384,2364.17
3114,8192,32,32768,2502.54
3114,8192,32,65536,2769.33
3114,8192,64,16,2220.24
3114,8192,64,32,2224.02
3114,8192,64,64,2219.51
3114,8192,64,128,2229.29
3114,8192,64,256,2234.27
3114,8192,64,512,2237.14
3114,8192,64,1024,2248.23
3114,8192,64,2048,2268.4
3114,8192,64,4096,2300.94
3114,8192,64,8192,2371.6
3114,8192,64,16384,2514.18
3114,8192,64,32768,2772.21
3114,8192,64,65536,3313.69
3114,8192,128,16,2226.12
3114,8192,128,32,2229.89
3114,8192,128,64,2230.05
3114,8192,128,128,2229.87
3114,8192,128,256,2236.37
3114,8192,128,512,2243.62
3114,8192,128,1024,2267.22
3114,8192,128,2048,2300.18
3114,8192,128,4096,2369.91
3114,8192,128,8192,2504.18
3114,8192,128,16384,2775.29
3114,8192,128,32768,3308.89
3114,8192,128,65536,4373.51
3114,16384,0,0,3800.53
3114,16384,1,16,3828.49
3114,16384,1,32,3828.65
3114,16384,1,64,3832.94
3114,16384,1,128,3831.67
3114,16384,1,256,3835.56
3114,16384,1,512,3831.4
3114,16384,1,1024,3837.14
3114,16384,1,2048,3834.86
3114,16384,1,4096,3839.23
3114,16384,1,8192,3845.6
3114,16384,1,16384,3847.25
3114,16384,1,32768,3858.35
3114,16384,1,65536,3862.39
3114,16384,2,16,3825.23
3114,16384,2,32,3830.63
3114,16384,2,64,3831.81
3114,16384,2,128,3835.54
3114,16384,2,256,3840.67
3114,16384,2,512,3832.05
3114,16384,2,1024,3839.87
3114,16384,2,2048,3836.32
3114,16384,2,4096,3838.09
3114,16384,2,8192,3850.59
3114,16384,2,16384,3852.22
3114,16384,2,32768,3874.8
3114,16384,2,65536,3879.2
3114,16384,4,16,3826.89
3114,16384,4,32,3825.01
3114,16384,4,64,3833.36
3114,16384,4,128,3832.07
3114,16384,4,256,3831.01
3114,16384,4,512,3831.52
3114,16384,4,1024,3839.05
3114,16384,4,2048,3842.44
3114,16384,4,4096,3845.53
3114,16384,4,8192,3856.12
3114,16384,4,16384,3866.44
3114,16384,4,32768,3880.17
3114,16384,4,65536,3910.53
3114,16384,8,16,3826.14
3114,16384,8,32,3829.63
3114,16384,8,64,3833.45
3114,16384,8,128,3833
3114,16384,8,256,3835.17
3114,16384,8,512,3837.58
3114,16384,8,1024,3839.35
3114,16384,8,2048,3843.15
3114,16384,8,4096,3856.69
3114,16384,8,8192,3865.16
3114,16384,8,16384,3886.35
3114,16384,8,32768,3912.85
3114,16384,8,65536,3978.95
3114,16384,16,16,3827.98
3114,16384,16,32,3831.03
3114,16384,16,64,3839.94
3114,16384,16,128,3840.02
3114,16384,16,256,3833.99
3114,16384,16,512,3838.67
3114,16384,16,1024,3844.05
3114,16384,16,2048,3848.55
3114,16384,16,4096,3859.59
3114,16384,16,8192,3874.37
3114,16384,16,16384,3912.83
3114,16384,16,32768,3980.11
3114,16384,16,65536,4120.43
3114,16384,32,16,3833.29
3114,16384,32,32,3829.15
3114,16384,32,64,3837.57
3114,16384,32,128,3843.13
3114,16384,32,256,3841.77
3114,16384,32,512,3850.33
3114,16384,32,1024,3853.05
3114,16384,32,2048,3862.97
3114,16384,32,4096,3885.08
3114,16384,32,8192,3917.52
3114,16384,32,16384,3982.18
3114,16384,32,32768,4121.61
3114,16384,32,65536,4390.43
3114,16384,64,16,3833.5
3114,16384,64,32,3833.6
3114,16384,64,64,3839.29
3114,16384,64,128,3848.2
3114,16384,64,256,3852.65
3114,16384,64,512,3862.49
3114,16384,64,1024,3867.82
3114,16384,64,2048,3888.52
3114,16384,64,4096,3917.86
3114,16384,64,8192,3987.41
3114,16384,64,16384,4130.89
3114,16384,64,32768,4395.06
3114,16384,64,65536,4937.63
3114,16384,128,16,3849.44
3114,16384,128,32,3846.58
3114,16384,128,64,3844.39
3114,16384,128,128,3854.19
3114,16384,128,256,3855.76
3114,16384,128,512,3865.6
3114,16384,128,1024,3881.19
3114,16384,128,2048,3914.62
3114,16384,128,4096,3986.95
3114,16384,128,8192,4125.32
3114,16384,128,16384,4396.22
3114,16384,128,32768,4926.95
3114,16384,128,65536,5999.73
3114,32768,0,0,7050.98
3114,32768,1,16,7073.53
3114,32768,1,32,7079.79
3114,32768,1,64,7081.64
3114,32768,1,128,7085.16
3114,32768,1,256,7090.93
3114,32768,1,512,7087.78
3114,32768,1,1024,7090.14
3114,32768,1,2048,7089.64
3114,32768,1,4096,7095.88
3114,32768,1,8192,7094.66
3114,32768,1,16384,7093.01
3114,32768,1,32768,7106.98
3114,32768,1,65536,7117.84
3114,32768,2,16,7077.69
3114,32768,2,32,7076.25
3114,32768,2,64,7084.49
3114,32768,2,128,7082.55
3114,32768,2,256,7084.16
3114,32768,2,512,7085.04
3114,32768,2,1024,7084.21
3114,32768,2,2048,7085.49
3114,32768,2,4096,7090.94
3114,32768,2,8192,7094.32
3114,32768,2,16384,7101.98
3114,32768,2,32768,7113.29
3114,32768,2,65536,7127.35
3114,32768,4,16,7080.62
3114,32768,4,32,7079.1
3114,32768,4,64,7085.64
3114,32768,4,128,7088.48
3114,32768,4,256,7082.55
3114,32768,4,512,7087.72
3114,32768,4,1024,7082.62
3114,32768,4,2048,7090.63
3114,32768,4,4096,7098.21
3114,32768,4,8192,7112.4
3114,32768,4,16384,7112.43
3114,32768,4,32768,7130.16
3114,32768,4,65536,7157.45
3114,32768,8,16,7081.65
3114,32768,8,32,7078.34
3114,32768,8,64,7083.22
3114,32768,8,128,7080.65
3114,32768,8,256,7081.64
3114,32768,8,512,7089.66
3114,32768,8,1024,7090.97
3114,32768,8,2048,7094.5
3114,32768,8,4096,7097.18
3114,32768,8,8192,7110.21
3114,32768,8,16384,7129.72
3114,32768,8,32768,7161.45
3114,32768,8,65536,7225.25
3114,32768,16,16,7078.82
3114,32768,16,32,7082.56
3114,32768,16,64,7084.67
3114,32768,16,128,7093.99
3114,32768,16,256,7091.34
3114,32768,16,512,7090.7
3114,32768,16,1024,7093.74
3114,32768,16,2048,7081.1
3114,32768,16,4096,7112.95
3114,32768,16,8192,7126.03
3114,32768,16,16384,7161.3
3114,32768,16,32768,7224.68
3114,32768,16,65536,7371.18
3114,32768,32,16,7086.42
3114,32768,32,32,7082.14
3114,32768,32,64,7089.58
3114,32768,32,128,7087.77
3114,32768,32,256,7089.29
3114,32768,32,512,7097.99
3114,32768,32,1024,7103.67
3114,32768,32,2048,7113.28
3114,32768,32,4096,7123.69
3114,32768,32,8192,7161.62
3114,32768,32,16384,7228.66
3114,32768,32,32768,7373.05
3114,32768,32,65536,7639.7
3114,32768,64,16,7084.23
3114,32768,64,32,7088.12
3114,32768,64,64,7085.24
3114,32768,64,128,7097
3114,32768,64,256,7104.32
3114,32768,64,512,7108.61
3114,32768,64,1024,7111.92
3114,32768,64,2048,7132.4
3114,32768,64,4096,7169.31
3114,32768,64,8192,7238.94
3114,32768,64,16384,7382.41
3114,32768,64,32768,7642.37
3114,32768,64,65536,8181.32
3114,32768,128,16,7102.89
3114,32768,128,32,7099.36
3114,32768,128,64,7102.2
3114,32768,128,128,7101.6
3114,32768,128,256,7101.77
3114,32768,128,512,7114.28
3114,32768,128,1024,7137.09
3114,32768,128,2048,7163.53
3114,32768,128,4096,7233.19
3114,32768,128,8192,7375.62
3114,32768,128,16384,7643.67
3114,32768,128,32768,8174.4
3114,32768,128,65536,9242.87
3114,65536,0,0,13735.7
3114,65536,1,16,13867.6
3114,65536,1,32,13561.9
3114,65536,1,64,13936.3
3114,65536,1,128,13543.9
3114,65536,1,256,13851.5
3114,65536,1,512,13720.6
3114,65536,1,1024,13702.4
3114,65536,1,2048,13597.3
3114,65536,1,4096,13688
3114,65536,1,8192,13659.5
3114,65536,1,16384,13594.6
3114,65536,1,32768,13777.1
3114,65536,1,65536,13773
3114,65536,2,16,13936.8
3114,65536,2,32,13618.7
3114,65536,2,64,13799.5
3114,65536,2,128,13725.7
3114,65536,2,256,13586.2
3114,65536,2,512,13830.5
3114,65536,2,1024,13866.9
3114,65536,2,2048,13828.5
3114,65536,2,4096,13592.3
3114,65536,2,8192,13600.7
3114,65536,2,16384,13645.4
3114,65536,2,32768,13765.4
3114,65536,2,65536,13638.4
3114,65536,4,16,13888.9
3114,65536,4,32,13561.7
3114,65536,4,64,13561.1
3114,65536,4,128,13782.6
3114,65536,4,256,13701.3
3114,65536,4,512,13662.7
3114,65536,4,1024,13805.1
3114,65536,4,2048,13901.2
3114,65536,4,4096,13977.1
3114,65536,4,8192,13706.6
3114,65536,4,16384,13681.4
3114,65536,4,32768,14011.8
3114,65536,4,65536,13960.9
3114,65536,8,16,13551.2
3114,65536,8,32,13737.7
3114,65536,8,64,13850.5
3114,65536,8,128,13816.2
3114,65536,8,256,13654.9
3114,65536,8,512,14036.7
3114,65536,8,1024,13631.6
3114,65536,8,2048,13500.4
3114,65536,8,4096,13766.1
3114,65536,8,8192,13616
3114,65536,8,16384,13687.3
3114,65536,8,32768,13871.7
3114,65536,8,65536,13685.3
3114,65536,16,16,13676.2
3114,65536,16,32,13846.9
3114,65536,16,64,13584.4
3114,65536,16,128,13938.1
3114,65536,16,256,13532.2
3114,65536,16,512,13497.7
3114,65536,16,1024,13657.1
3114,65536,16,2048,13584.9
3114,65536,16,4096,13593.9
3114,65536,16,8192,13858.4
3114,65536,16,16384,13891.8
3114,65536,16,32768,13794.2
3114,65536,16,65536,13935.7
3114,65536,32,16,13776.1
3114,65536,32,32,13584.4
3114,65536,32,64,13546.9
3114,65536,32,128,13737.9
3114,65536,32,256,13550.1
3114,65536,32,512,13986.8
3114,65536,32,1024,13764.1
3114,65536,32,2048,13708.6
3114,65536,32,4096,13859.8
3114,65536,32,8192,14027.3
3114,65536,32,16384,14064.5
3114,65536,32,32768,13996.9
3114,65536,32,65536,14141.2
3114,65536,64,16,13635.8
3114,65536,64,32,13931.2
3114,65536,64,64,13856.9
3114,65536,64,128,13777
3114,65536,64,256,13734.2
3114,65536,64,512,13562.3
3114,65536,64,1024,13701.8
3114,65536,64,2048,13663.1
3114,65536,64,4096,13871.5
3114,65536,64,8192,13754
3114,65536,64,16384,13957.6
3114,65536,64,32768,14142.5
3114,65536,64,65536,14782.3
3114,65536,128,16,13593
3114,65536,128,32,13629.7
3114,65536,128,64,13886.6
3114,65536,128,128,13843.8
3114,65536,128,256,13825.3
3114,65536,128,512,13939.8
3114,65536,128,1024,13891
3114,65536,128,2048,13993.1
3114,65536,128,4096,13728.8
3114,65536,128,8192,13860.5
3114,65536,128,16384,14237.6
3114,65536,128,32768,14676.8
3114,65536,128,65536,15805
4096,0,0,0,689.42
4096,0,1,16,719.048
4096,0,1,32,718.754
4096,0,1,64,721.424
4096,0,1,128,723.682
4096,0,1,256,722.38
4096,0,1,512,723.938
4096,0,1,1024,723.175
4096,0,1,2048,726.001
4096,0,1,4096,728.087
4096,0,1,8192,732.684
4096,0,1,16384,736.07
4096,0,1,32768,747.432
4096,0,1,65536,754.284
4096,0,2,16,719.212
4096,0,2,32,718.716
4096,0,2,64,723.665
4096,0,2,128,722.893
4096,0,2,256,722.055
4096,0,2,512,725.474
4096,0,2,1024,726.178
4096,0,2,2048,729.537
4096,0,2,4096,731.255
4096,0,2,8192,736.091
4096,0,2,16384,747.494
4096,0,2,32768,756.299
4096,0,2,65536,769.158
4096,0,4,16,720.664
4096,0,4,32,719.942
4096,0,4,64,722.198
4096,0,4,128,720.56
4096,0,4,256,722.172
4096,0,4,512,723.437
4096,0,4,1024,728.066
4096,0,4,2048,732.247
4096,0,4,4096,735.537
4096,0,4,8192,745.73
4096,0,4,16384,755.127
4096,0,4,32768,771.383
4096,0,4,65536,804.416
4096,0,8,16,720.72
4096,0,8,32,719.644
4096,0,8,64,722.684
4096,0,8,128,726.791
4096,0,8,256,724.487
4096,0,8,512,727.527
4096,0,8,1024,730.273
4096,0,8,2048,733.895
4096,0,8,4096,741.644
4096,0,8,8192,751.617
4096,0,8,16384,770.779
4096,0,8,32768,805.943
4096,0,8,65536,872.295
4096,0,16,16,720.45
4096,0,16,32,718.888
4096,0,16,64,724.823
4096,0,16,128,727.367
4096,0,16,256,727.778
4096,0,16,512,728.53
4096,0,16,1024,732.918
4096,0,16,2048,739.5
4096,0,16,4096,751.697
4096,0,16,8192,770.498
4096,0,16,16384,803.606
4096,0,16,32768,872.316
4096,0,16,65536,1007.94
4096,0,32,16,722.087
4096,0,32,32,722.54
4096,0,32,64,729.522
4096,0,32,128,731.547
4096,0,32,256,734.135
4096,0,32,512,738.252
4096,0,32,1024,744.391
4096,0,32,2048,753.448
4096,0,32,4096,771.564
4096,0,32,8192,805
4096,0,32,16384,873.005
4096,0,32,32768,1011.53
4096,0,32,65536,1279.17
4096,0,64,16,727.1
4096,0,64,32,725.287
4096,0,64,64,731.164
4096,0,64,128,738.279
4096,0,64,256,743.527
4096,0,64,512,748.434
4096,0,64,1024,759.532
4096,0,64,2048,777.868
4096,0,64,4096,809.942
4096,0,64,8192,879.714
4096,0,64,16384,1018.34
4096,0,64,32768,1286.15
4096,0,64,65536,1824.12
4096,0,128,16,737.713
4096,0,128,32,737.265
4096,0,128,64,740.717
4096,0,128,128,743.208
4096,0,128,256,746.267
4096,0,128,512,758.338
4096,0,128,1024,774.876
4096,0,128,2048,809.143
4096,0,128,4096,878.471
4096,0,128,8192,1015.48
4096,0,128,16384,1283.26
4096,0,128,32768,1818.96
4096,0,128,65536,2888.66
4096,16,0,0,806.071
4096,16,1,16,832.621
4096,16,1,32,833.767
4096,16,1,64,839.602
4096,16,1,128,837.127
4096,16,1,256,835.957
4096,16,1,512,838.354
4096,16,1,1024,839.293
4096,16,1,2048,840.7
4096,16,1,4096,842.518
4096,16,1,8192,845.179
4096,16,1,16384,850.246
4096,16,1,32768,862.221
4096,16,1,65536,869.661
4096,16,2,16,834.034
4096,16,2,32,832.534
4096,16,2,64,835.661
4096,16,2,128,838.326
4096,16,2,256,835.906
4096,16,2,512,838.615
4096,16,2,1024,839.521
4096,16,2,2048,842.544
4096,16,2,4096,846.135
4096,16,2,8192,850.406
4096,16,2,16384,858.453
4096,16,2,32768,870.316
4096,16,2,65536,883.057
4096,16,4,16,835.968
4096,16,4,32,834.502
4096,16,4,64,834.563
4096,16,4,128,838.423
4096,16,4,256,838.195
4096,16,4,512,840.833
4096,16,4,1024,844.224
4096,16,4,2048,843.442
4096,16,4,4096,850.705
4096,16,4,8192,858.44
4096,16,4,16384,867.9
4096,16,4,32768,883.964
4096,16,4,65536,916.68
4096,16,8,16,835.308
4096,16,8,32,834.013
4096,16,8,64,838.61
4096,16,8,128,840.268
4096,16,8,256,839.628
4096,16,8,512,842.7
4096,16,8,1024,844.519
4096,16,8,2048,851.549
4096,16,8,4096,853.975
4096,16,8,8192,866.498
4096,16,8,16384,883.575
4096,16,8,32768,918.743
4096,16,8,65536,982.622
4096,16,16,16,834.93
4096,16,16,32,833.086
4096,16,16,64,839.276
4096,16,16,128,840.044
4096,16,16,256,846.304
4096,16,16,512,845.01
4096,16,16,1024,848.33
4096,16,16,2048,853.809
4096,16,16,4096,864.438
4096,16,16,8192,882.124
4096,16,16,16384,917.372
4096,16,16,32768,982.194
4096,16,16,65536,1118.56
4096,16,32,16,836.449
4096,16,32,32,839.703
4096,16,32,64,843.543
4096,16,32,128,845.016
4096,16,32,256,848.269
4096,16,32,512,851.862
4096,16,32,1024,856.444
4096,16,32,2048,866.599
4096,16,32,4096,882.869
4096,16,32,8192,919.538
4096,16,32,16384,985.384
4096,16,32,32768,1122.14
4096,16,32,65536,1394.39
4096,16,64,16,840.358
4096,16,64,32,840.013
4096,16,64,64,844.274
4096,16,64,128,853.116
4096,16,64,256,860.332
4096,16,64,512,861.362
4096,16,64,1024,873.859
4096,16,64,2048,891.276
4096,16,64,4096,925.153
4096,16,64,8192,991.795
4096,16,64,16384,1132.74
4096,16,64,32768,1401.51
4096,16,64,65536,1936.91
4096,16,128,16,851.181
4096,16,128,32,852.941
4096,16,128,64,854.364
4096,16,128,128,856.237
4096,16,128,256,860.332
4096,16,128,512,870.769
4096,16,128,1024,887.943
4096,16,128,2048,920.695
4096,16,128,4096,989.335
4096,16,128,8192,1125.4
4096,16,128,16384,1395.93
4096,16,128,32768,1930.16
4096,16,128,65536,3000.44
4096,32,0,0,805.264
4096,32,1,16,832.646
4096,32,1,32,833.622
4096,32,1,64,836.998
4096,32,1,128,836.635
4096,32,1,256,836.359
4096,32,1,512,835.192
4096,32,1,1024,837.639
4096,32,1,2048,841.095
4096,32,1,4096,841.501
4096,32,1,8192,844.743
4096,32,1,16384,850.269
4096,32,1,32768,858.7
4096,32,1,65536,868.492
4096,32,2,16,830.252
4096,32,2,32,831.655
4096,32,2,64,835.131
4096,32,2,128,835.751
4096,32,2,256,836.38
4096,32,2,512,837.745
4096,32,2,1024,839.366
4096,32,2,2048,844.369
4096,32,2,4096,843.287
4096,32,2,8192,850.402
4096,32,2,16384,859.255
4096,32,2,32768,869.389
4096,32,2,65536,881.826
4096,32,4,16,833.484
4096,32,4,32,834.961
4096,32,4,64,837.211
4096,32,4,128,834.497
4096,32,4,256,838.236
4096,32,4,512,836.924
4096,32,4,1024,843.9
4096,32,4,2048,843.298
4096,32,4,4096,848.146
4096,32,4,8192,855.778
4096,32,4,16384,867.543
4096,32,4,32768,883.063
4096,32,4,65536,915.329
4096,32,8,16,831.25
4096,32,8,32,833.095
4096,32,8,64,838.732
4096,32,8,128,837.734
4096,32,8,256,839.277
4096,32,8,512,842.625
4096,32,8,1024,843.25
4096,32,8,2048,847.755
4096,32,8,4096,853.617
4096,32,8,8192,862.946
4096,32,8,16384,880.546
4096,32,8,32768,914.561
4096,32,8,65536,982.315
4096,32,16,16,834.139
4096,32,16,32,832.909
4096,32,16,64,837.74
4096,32,16,128,838.22
4096,32,16,256,842.608
4096,32,16,512,843.949
4096,32,16,1024,847.009
4096,32,16,2048,854.358
4096,32,16,4096,861.99
4096,32,16,8192,879.597
4096,32,16,16384,915.021
4096,32,16,32768,982.902
4096,32,16,65536,1117.51
4096,32,32,16,835.222
4096,32,32,32,835.33
4096,32,32,64,843.328
4096,32,32,128,846.737
4096,32,32,256,845.846
4096,32,32,512,850.471
4096,32,32,1024,854.674
4096,32,32,2048,865.559
4096,32,32,4096,885.233
4096,32,32,8192,917.032
4096,32,32,16384,982.631
4096,32,32,32768,1119.94
4096,32,32,65536,1393.53
4096,32,64,16,837.836
4096,32,64,32,840.13
4096,32,64,64,842.434
4096,32,64,128,850.892
4096,32,64,256,856.951
4096,32,64,512,864.081
4096,32,64,1024,871.16
4096,32,64,2048,887.24
4096,32,64,4096,923.654
4096,32,64,8192,993.303
4096,32,64,16384,1126.58
4096,32,64,32768,1398.52
4096,32,64,65536,1937.92
4096,32,128,16,850.418
4096,32,128,32,849.004
4096,32,128,64,850.984
4096,32,128,128,852.648
4096,32,128,256,859.079
4096,32,128,512,870.21
4096,32,128,1024,888.551
4096,32,128,2048,922.461
4096,32,128,4096,989.596
4096,32,128,8192,1127.05
4096,32,128,16384,1396.5
4096,32,128,32768,1932.92
4096,32,128,65536,3000.52
4096,64,0,0,805.447
4096,64,1,16,829.614
4096,64,1,32,831.238
4096,64,1,64,835.752
4096,64,1,128,836.865
4096,64,1,256,838.246
4096,64,1,512,836.375
4096,64,1,1024,837.911
4096,64,1,2048,837.264
4096,64,1,4096,840.993
4096,64,1,8192,842.769
4096,64,1,16384,848.631
4096,64,1,32768,859.778
4096,64,1,65536,864.331
4096,64,2,16,830.448
4096,64,2,32,833.223
4096,64,2,64,834.757
4096,64,2,128,835.115
4096,64,2,256,835.09
4096,64,2,512,835.692
4096,64,2,1024,837.847
4096,64,2,2048,840.593
4096,64,2,4096,844.263
4096,64,2,8192,850.055
4096,64,2,16384,856.071
4096,64,2,32768,870.977
4096,64,2,65536,880.274
4096,64,4,16,834.78
4096,64,4,32,831.921
4096,64,4,64,834.328
4096,64,4,128,833.197
4096,64,4,256,834.764
4096,64,4,512,838.737
4096,64,4,1024,840.203
4096,64,4,2048,841.047
4096,64,4,4096,846.928
4096,64,4,8192,857.01
4096,64,4,16384,867.516
4096,64,4,32768,882.241
4096,64,4,65536,915.618
4096,64,8,16,832.796
4096,64,8,32,830.668
4096,64,8,64,835.094
4096,64,8,128,835.059
4096,64,8,256,837.943
4096,64,8,512,839.453
4096,64,8,1024,843.025
4096,64,8,2048,846.295
4096,64,8,4096,855.456
4096,64,8,8192,862.162
4096,64,8,16384,881.89
4096,64,8,32768,916.018
4096,64,8,65536,982.962
4096,64,16,16,833.522
4096,64,16,32,833.377
4096,64,16,64,837.105
4096,64,16,128,839.133
4096,64,16,256,839.879
4096,64,16,512,841.622
4096,64,16,1024,844.977
4096,64,16,2048,852.151
4096,64,16,4096,862.813
4096,64,16,8192,879.943
4096,64,16,16384,913.368
4096,64,16,32768,980.332
4096,64,16,65536,1118.07
4096,64,32,16,833.208
4096,64,32,32,833.137
4096,64,32,64,841.148
4096,64,32,128,844.07
4096,64,32,256,844.674
4096,64,32,512,848.503
4096,64,32,1024,856.013
4096,64,32,2048,864.726
4096,64,32,4096,880.391
4096,64,32,8192,915.799
4096,64,32,16384,983.057
4096,64,32,32768,1119.95
4096,64,32,65536,1395.17
4096,64,64,16,835.452
4096,64,64,32,836.78
4096,64,64,64,839.847
4096,64,64,128,849.713
4096,64,64,256,856.428
4096,64,64,512,858.462
4096,64,64,1024,868.498
4096,64,64,2048,885.884
4096,64,64,4096,921.853
4096,64,64,8192,989.698
4096,64,64,16384,1129.47
4096,64,64,32768,1399.76
4096,64,64,65536,1937.47
4096,64,128,16,848.401
4096,64,128,32,851.026
4096,64,128,64,850.508
4096,64,128,128,852.581
4096,64,128,256,857.883
4096,64,128,512,871.127
4096,64,128,1024,885.062
4096,64,128,2048,920.507
4096,64,128,4096,989.857
4096,64,128,8192,1124.57
4096,64,128,16384,1394.55
4096,64,128,32768,1933.19
4096,64,128,65536,3002.5
4096,128,0,0,810.017
4096,128,1,16,833.469
4096,128,1,32,833.335
4096,128,1,64,836.721
4096,128,1,128,838.466
4096,128,1,256,837.917
4096,128,1,512,838.028
4096,128,1,1024,837.308
4096,128,1,2048,842.424
4096,128,1,4096,840.529
4096,128,1,8192,849.665
4096,128,1,16384,850.374
4096,128,1,32768,860.382
4096,128,1,65536,867.905
4096,128,2,16,834.962
4096,128,2,32,831.916
4096,128,2,64,839.41
4096,128,2,128,837.302
4096,128,2,256,837.915
4096,128,2,512,836.626
4096,128,2,1024,840.027
4096,128,2,2048,844.578
4096,128,2,4096,844.471
4096,128,2,8192,851.121
4096,128,2,16384,857.869
4096,128,2,32768,871.153
4096,128,2,65536,881.133
4096,128,4,16,834.519
4096,128,4,32,836.023
4096,128,4,64,835.613
4096,128,4,128,836.427
4096,128,4,256,838.418
4096,128,4,512,839.474
4096,128,4,1024,841.32
4096,128,4,2048,845.697
4096,128,4,4096,849.778
4096,128,4,8192,858.785
4096,128,4,16384,867.367
4096,128,4,32768,881.699
4096,128,4,65536,916.823
4096,128,8,16,832.247
4096,128,8,32,832.807
4096,128,8,64,836.076
4096,128,8,128,835.645
4096,128,8,256,839.43
4096,128,8,512,841.149
4096,128,8,1024,845.74
4096,128,8,2048,849.841
4096,128,8,4096,853.811
4096,128,8,8192,865.505
4096,128,8,16384,882.514
4096,128,8,32768,916.156
4096,128,8,65536,980.625
4096,128,16,16,833.9
4096,128,16,32,834.806
4096,128,16,64,839.468
4096,128,16,128,840.54
4096,128,16,256,843.213
4096,128,16,512,844.049
4096,128,16,1024,849.478
4096,128,16,2048,852.178
4096,128,16,4096,863.191
4096,128,16,8192,881.026
4096,128,16,16384,916.146
4096,128,16,32768,985.032
4096,128,16,65536,1123.13
4096,128,32,16,835.34
4096,128,32,32,834.972
4096,128,32,64,841.137
4096,128,32,128,848.39
4096,128,32,256,846.728
4096,128,32,512,852.273
4096,128,32,1024,856.871
4096,128,32,2048,864.76
4096,128,32,4096,882.397
4096,128,32,8192,917.037
4096,128,32,16384,985.143
4096,128,32,32768,1121.12
4096,128,32,65536,1397.71
4096,128,64,16,840.631
4096,128,64,32,840.315
4096,128,64,64,842.156
4096,128,64,128,851.052
4096,128,64,256,856.924
4096,128,64,512,860.198
4096,128,64,1024,869.33
4096,128,64,2048,890.002
4096,128,64,4096,922.749
4096,128,64,8192,991.485
4096,128,64,16384,1128.04
4096,128,64,32768,1408.48
4096,128,64,65536,1945.84
4096,128,128,16,848.562
4096,128,128,32,850.583
4096,128,128,64,852.983
4096,128,128,128,855.954
4096,128,128,256,860.178
4096,128,128,512,871.596
4096,128,128,1024,887.143
4096,128,128,2048,920.471
4096,128,128,4096,989.26
4096,128,128,8192,1127.5
4096,128,128,16384,1400.8
4096,128,128,32768,1937.92
4096,128,128,65536,3008.49
4096,256,0,0,844.78
4096,256,1,16,873.622
4096,256,1,32,870.705
4096,256,1,64,875.095
4096,256,1,128,874.881
4096,256,1,256,875.079
4096,256,1,512,875.111
4096,256,1,1024,876.387
4096,256,1,2048,880.429
4096,256,1,4096,881.611
4096,256,1,8192,885.362
4096,256,1,16384,888.61
4096,256,1,32768,898.864
4096,256,1,65536,909.922
4096,256,2,16,870.28
4096,256,2,32,871.723
4096,256,2,64,875.096
4096,256,2,128,876.354
4096,256,2,256,875.816
4096,256,2,512,875.239
4096,256,2,1024,877.181
4096,256,2,2048,880.695
4096,256,2,4096,885.454
4096,256,2,8192,888.273
4096,256,2,16384,897.585
4096,256,2,32768,908.983
4096,256,2,65536,922.774
4096,256,4,16,871.173
4096,256,4,32,871.916
4096,256,4,64,874.787
4096,256,4,128,877.596
4096,256,4,256,881.244
4096,256,4,512,875.612
4096,256,4,1024,881.441
4096,256,4,2048,883.831
4096,256,4,4096,888.584
4096,256,4,8192,896.374
4096,256,4,16384,905.495
4096,256,4,32768,922.956
4096,256,4,65536,954.53
4096,256,8,16,872.113
4096,256,8,32,872.701
4096,256,8,64,875.539
4096,256,8,128,876.113
4096,256,8,256,876.183
4096,256,8,512,880.455
4096,256,8,1024,883.122
4096,256,8,2048,888.706
4096,256,8,4096,891.982
4096,256,8,8192,904.454
4096,256,8,16384,922.249
4096,256,8,32768,957.511
4096,256,8,65536,1022.83
4096,256,16,16,874.305
4096,256,16,32,873.448
4096,256,16,64,879.255
4096,256,16,128,878.396
4096,256,16,256,881.047
4096,256,16,512,881.671
4096,256,16,1024,885.793
4096,256,16,2048,892.205
4096,256,16,4096,904.957
4096,256,16,8192,920.262
4096,256,16,16384,954.871
4096,256,16,32768,1020.65
4096,256,16,65536,1163.56
4096,256,32,16,872.951
4096,256,32,32,876.674
4096,256,32,64,882.342
4096,256,32,128,886.876
4096,256,32,256,886.599
4096,256,32,512,889.29
4096,256,32,1024,894.993
4096,256,32,2048,903.815
4096,256,32,4096,921.885
4096,256,32,8192,955.938
4096,256,32,16384,1025.1
4096,256,32,32768,1165.57
4096,256,32,65536,1439.75
4096,256,64,16,879.942
4096,256,64,32,878.203
4096,256,64,64,882.06
4096,256,64,128,890.977
4096,256,64,256,896.353
4096,256,64,512,902.097
4096,256,64,1024,909.788
4096,256,64,2048,925.334
4096,256,64,4096,962.934
4096,256,64,8192,1034.55
4096,256,64,16384,1171.32
4096,256,64,32768,1445.33
4096,256,64,65536,1981.93
4096,256,128,16,886.428
4096,256,128,32,888.989
4096,256,128,64,891.468
4096,256,128,128,894.731
4096,256,128,256,898.124
4096,256,128,512,910.673
4096,256,128,1024,924.502
4096,256,128,2048,960.626
4096,256,128,4096,1029.1
4096,256,128,8192,1169.94
4096,256,128,16384,1449.02
4096,256,128,32768,1989.78
4096,256,128,65536,3051.58
4096,512,0,0,904.188
4096,512,1,16,931.329
4096,512,1,32,934.481
4096,512,1,64,937.074
4096,512,1,128,937.111
4096,512,1,256,934.32
4096,512,1,512,938.461
4096,512,1,1024,936.27
4096,512,1,2048,940.37
4096,512,1,4096,940.524
4096,512,1,8192,943.932
4096,512,1,16384,950.225
4096,512,1,32768,961.747
4096,512,1,65536,968.354
4096,512,2,16,931.708
4096,512,2,32,932.652
4096,512,2,64,936.086
4096,512,2,128,934.972
4096,512,2,256,934.827
4096,512,2,512,938.95
4096,512,2,1024,937.725
4096,512,2,2048,941.655
4096,512,2,4096,942.897
4096,512,2,8192,947.91
4096,512,2,16384,954.205
4096,512,2,32768,969.874
4096,512,2,65536,981.289
4096,512,4,16,933.335
4096,512,4,32,934.091
4096,512,4,64,934.369
4096,512,4,128,938.21
4096,512,4,256,936.258
4096,512,4,512,936.183
4096,512,4,1024,940.828
4096,512,4,2048,944.108
4096,512,4,4096,952.284
4096,512,4,8192,956.572
4096,512,4,16384,968.726
4096,512,4,32768,981.762
4096,512,4,65536,1014.39
4096,512,8,16,932.242
4096,512,8,32,931.72
4096,512,8,64,933.937
4096,512,8,128,935.536
4096,512,8,256,937.628
4096,512,8,512,940.534
4096,512,8,1024,942.545
4096,512,8,2048,946.443
4096,512,8,4096,953.713
4096,512,8,8192,964.033
4096,512,8,16384,983.607
4096,512,8,32768,1014.48
4096,512,8,65536,1083.22
4096,512,16,16,936.524
4096,512,16,32,932.775
4096,512,16,64,940.247
4096,512,16,128,938.252
4096,512,16,256,941.133
4096,512,16,512,942.961
4096,512,16,1024,948.791
4096,512,16,2048,954.145
4096,512,16,4096,962.316
4096,512,16,8192,982.999
4096,512,16,16384,1015.24
4096,512,16,32768,1080.59
4096,512,16,65536,1220.7
4096,512,32,16,935.564
4096,512,32,32,937.932
4096,512,32,64,942.567
4096,512,32,128,945.453
4096,512,32,256,946.177
4096,512,32,512,950.076
4096,512,32,1024,956.005
4096,512,32,2048,965.699
4096,512,32,4096,985.506
4096,512,32,8192,1016.34
4096,512,32,16384,1087.64
4096,512,32,32768,1223.42
4096,512,32,65536,1495.45
4096,512,64,16,941.836
4096,512,64,32,939.467
4096,512,64,64,942.012
4096,512,64,128,951.004
4096,512,64,256,956.306
4096,512,64,512,962.977
4096,512,64,1024,969.798
4096,512,64,2048,989.298
4096,512,64,4096,1022.99
4096,512,64,8192,1090.1
4096,512,64,16384,1234.6
4096,512,64,32768,1499.83
4096,512,64,65536,2037.13
4096,512,128,16,949.468
4096,512,128,32,950.566
4096,512,128,64,951.608
4096,512,128,128,954.914
4096,512,128,256,960.193
4096,512,128,512,969.154
4096,512,128,1024,989.612
4096,512,128,2048,1021.28
4096,512,128,4096,1089.81
4096,512,128,8192,1227.36
4096,512,128,16384,1496.36
4096,512,128,32768,2034.29
4096,512,128,65536,3102.57
4096,1024,0,0,1022.92
4096,1024,1,16,1049.22
4096,1024,1,32,1048.35
4096,1024,1,64,1054.74
4096,1024,1,128,1055.48
4096,1024,1,256,1053.33
4096,1024,1,512,1058.48
4096,1024,1,1024,1053.67
4096,1024,1,2048,1055.04
4096,1024,1,4096,1062.16
4096,1024,1,8192,1064
4096,1024,1,16384,1068.77
4096,1024,1,32768,1077.99
4096,1024,1,65536,1085.45
4096,1024,2,16,1048.91
4096,1024,2,32,1049.37
4096,1024,2,64,1053.44
4096,1024,2,128,1055.64
4096,1024,2,256,1055.52
4096,1024,2,512,1059.99
4096,1024,2,1024,1055.42
4096,1024,2,2048,1057.97
4096,1024,2,4096,1060.3
4096,1024,2,8192,1067.7
4096,1024,2,16384,1076.17
4096,1024,2,32768,1090.26
4096,1024,2,65536,1100.99
4096,1024,4,16,1050.78
4096,1024,4,32,1052.07
4096,1024,4,64,1056.67
4096,1024,4,128,1054.05
4096,1024,4,256,1053.68
4096,1024,4,512,1057.21
4096,1024,4,1024,1059.14
4096,1024,4,2048,1062.46
4096,1024,4,4096,1067.48
4096,1024,4,8192,1076.82
4096,1024,4,16384,1086.01
4096,1024,4,32768,1101.85
4096,1024,4,65536,1135.1
4096,1024,8,16,1051.1
4096,1024,8,32,1051.76
4096,1024,8,64,1056.16
4096,1024,8,128,1055.81
4096,1024,8,256,1055.84
4096,1024,8,512,1060.82
4096,1024,8,1024,1060.12
4096,1024,8,2048,1067.78
4096,1024,8,4096,1072.2
4096,1024,8,8192,1081.54
4096,1024,8,16384,1104.01
4096,1024,8,32768,1134.01
4096,1024,8,65536,1201.22
4096,1024,16,16,1053.88
4096,1024,16,32,1051.63
4096,1024,16,64,1057.41
4096,1024,16,128,1056.04
4096,1024,16,256,1060.19
4096,1024,16,512,1061.36
4096,1024,16,1024,1065.04
4096,1024,16,2048,1070.81
4096,1024,16,4096,1083.39
4096,1024,16,8192,1098.62
4096,1024,16,16384,1132.28
4096,1024,16,32768,1199.36
4096,1024,16,65536,1334.39
4096,1024,32,16,1053.44
4096,1024,32,32,1053.9
4096,1024,32,64,1060.83
4096,1024,32,128,1064.5
4096,1024,32,256,1064.55
4096,1024,32,512,1069.79
4096,1024,32,1024,1075.75
4096,1024,32,2048,1085.9
4096,1024,32,4096,1103.95
4096,1024,32,8192,1134.11
4096,1024,32,16384,1205.53
4096,1024,32,32768,1340.38
4096,1024,32,65536,1610.72
4096,1024,64,16,1057.13
4096,1024,64,32,1056.58
4096,1024,64,64,1060.32
4096,1024,64,128,1070.68
4096,1024,64,256,1076.07
4096,1024,64,512,1077.22
4096,1024,64,1024,1089.95
4096,1024,64,2048,1107.64
4096,1024,64,4096,1143.64
4096,1024,64,8192,1215.73
4096,1024,64,16384,1348.66
4096,1024,64,32768,1615.97
4096,1024,64,65536,2153.94
4096,1024,128,16,1068.44
4096,1024,128,32,1067.41
4096,1024,128,64,1070.24
4096,1024,128,128,1072.82
4096,1024,128,256,1080.31
4096,1024,128,512,1089.93
4096,1024,128,1024,1105.17
4096,1024,128,2048,1142.33
4096,1024,128,4096,1208.26
4096,1024,128,8192,1344.47
4096,1024,128,16384,1612.17
4096,1024,128,32768,2149
4096,1024,128,65536,3218.72
4096,2048,0,0,1263.1
4096,2048,1,16,1291.48
4096,2048,1,32,1290.64
4096,2048,1,64,1297.61
4096,2048,1,128,1294.79
4096,2048,1,256,1294.44
4096,2048,1,512,1298.43
4096,2048,1,1024,1295.1
4096,2048,1,2048,1296.64
4096,2048,1,4096,1299.15
4096,2048,1,8192,1303.69
4096,2048,1,16384,1310.67
4096,2048,1,32768,1320.96
4096,2048,1,65536,1325.88
4096,2048,2,16,1290.64
4096,2048,2,32,1289.69
4096,2048,2,64,1297.73
4096,2048,2,128,1292.39
4096,2048,2,256,1295.04
4096,2048,2,512,1297.29
4096,2048,2,1024,1297
4096,2048,2,2048,1297.52
4096,2048,2,4096,1304.61
4096,2048,2,8192,1310.54
4096,2048,2,16384,1316.99
4096,2048,2,32768,1327.4
4096,2048,2,65536,1342.03
4096,2048,4,16,1291.49
4096,2048,4,32,1291.13
4096,2048,4,64,1295.91
4096,2048,4,128,1294.8
4096,2048,4,256,1298.46
4096,2048,4,512,1295.65
4096,2048,4,1024,1300.7
4096,2048,4,2048,1305.08
4096,2048,4,4096,1306.34
4096,2048,4,8192,1314.87
4096,2048,4,16384,1324.23
4096,2048,4,32768,1341.22
4096,2048,4,65536,1375.13
4096,2048,8,16,1292.19
4096,2048,8,32,1292.94
4096,2048,8,64,1299.57
4096,2048,8,128,1295.83
4096,2048,8,256,1296.76
4096,2048,8,512,1298.86
4096,2048,8,1024,1303.57
4096,2048,8,2048,1305.58
4096,2048,8,4096,1311.35
4096,2048,8,8192,1323.52
4096,2048,8,16384,1343.29
4096,2048,8,32768,1375.09
4096,2048,8,65536,1440.78
4096,2048,16,16,1290.75
4096,2048,16,32,1292.59
4096,2048,16,64,1295.58
4096,2048,16,128,1301.31
4096,2048,16,256,1300
4096,2048,16,512,1301.05
4096,2048,16,1024,1306.05
4096,2048,16,2048,1311.55
4096,2048,16,4096,1321.99
4096,2048,16,8192,1339.58
4096,2048,16,16384,1374.2
4096,2048,16,32768,1439.8
4096,2048,16,65536,1577.67
4096,2048,32,16,1293.93
4096,2048,32,32,1296.9
4096,2048,32,64,1301.49
4096,2048,32,128,1303.24
4096,2048,32,256,1304.75
4096,2048,32,512,1309
4096,2048,32,1024,1314.37
4096,2048,32,2048,1324.17
4096,2048,32,4096,1341.84
4096,2048,32,8192,1374.81
4096,2048,32,16384,1447.01
4096,2048,32,32768,1581.67
4096,2048,32,65536,1850.04
4096,2048,64,16,1297.46
4096,2048,64,32,1298.99
4096,2048,64,64,1300.51
4096,2048,64,128,1311.14
4096,2048,64,256,1318.28
4096,2048,64,512,1320.05
4096,2048,64,1024,1330.24
4096,2048,64,2048,1347.28
4096,2048,64,4096,1383.76
4096,2048,64,8192,1451.58
4096,2048,64,16384,1586.39
4096,2048,64,32768,1857.42
4096,2048,64,65536,2391.2
4096,2048,128,16,1307.64
4096,2048,128,32,1309.18
4096,2048,128,64,1309.94
4096,2048,128,128,1312.53
4096,2048,128,256,1318.96
4096,2048,128,512,1325.82
4096,2048,128,1024,1348.99
4096,2048,128,2048,1383.01
4096,2048,128,4096,1447.58
4096,2048,128,8192,1583.9
4096,2048,128,16384,1853.53
4096,2048,128,32768,2388.61
4096,2048,128,65536,3460.99
4096,4096,0,0,1742.19
4096,4096,1,16,1767.09
4096,4096,1,32,1767.33
4096,4096,1,64,1770.97
4096,4096,1,128,1770.57
4096,4096,1,256,1771.37
4096,4096,1,512,1769.92
4096,4096,1,1024,1774.25
4096,4096,1,2048,1775.01
4096,4096,1,4096,1775.45
4096,4096,1,8192,1779.46
4096,4096,1,16384,1788.43
4096,4096,1,32768,1795.86
4096,4096,1,65536,1803.15
4096,4096,2,16,1769.75
4096,4096,2,32,1765.18
4096,4096,2,64,1774
4096,4096,2,128,1771.66
4096,4096,2,256,1770.82
4096,4096,2,512,1771.02
4096,4096,2,1024,1773
4096,4096,2,2048,1776.14
4096,4096,2,4096,1778.7
4096,4096,2,8192,1783.46
4096,4096,2,16384,1795.79
4096,4096,2,32768,1804.87
4096,4096,2,65536,1825.33
4096,4096,4,16,1770.91
4096,4096,4,32,1766.74
4096,4096,4,64,1774.69
4096,4096,4,128,1770.65
4096,4096,4,256,1773.37
4096,4096,4,512,1776.42
4096,4096,4,1024,1776.47
4096,4096,4,2048,1781.18
4096,4096,4,4096,1784.05
4096,4096,4,8192,1796.43
4096,4096,4,16384,1804.32
4096,4096,4,32768,1819.05
4096,4096,4,65536,1852.87
4096,4096,8,16,1771.03
4096,4096,8,32,1774.32
4096,4096,8,64,1771.75
4096,4096,8,128,1775.19
4096,4096,8,256,1774.14
4096,4096,8,512,1783.46
4096,4096,8,1024,1779
4096,4096,8,2048,1785.48
4096,4096,8,4096,1788.47
4096,4096,8,8192,1797.53
4096,4096,8,16384,1814.95
4096,4096,8,32768,1851.53
4096,4096,8,65536,1918.41
4096,4096,16,16,1774.13
4096,4096,16,32,1772.34
4096,4096,16,64,1774.65
4096,4096,16,128,1779.73
4096,4096,16,256,1775.95
4096,4096,16,512,1779.37
4096,4096,16,1024,1783.56
4096,4096,16,2048,1787.24
4096,4096,16,4096,1805.02
4096,4096,16,8192,1815.48
4096,4096,16,16384,1849.89
4096,4096,16,32768,1916.72
4096,4096,16,65536,2053.94
4096,4096,32,16,1767.14
4096,4096,32,32,1773.32
4096,4096,32,64,1779.57
4096,4096,32,128,1782.79
4096,4096,32,256,1781.55
4096,4096,32,512,1786.55
4096,4096,32,1024,1789.84
4096,4096,32,2048,1802.38
4096,4096,32,4096,1822.9
4096,4096,32,8192,1852.97
4096,4096,32,16384,1920.53
4096,4096,32,32768,2058.75
4096,4096,32,65536,2328.7
4096,4096,64,16,1772.92
4096,4096,64,32,1775.74
4096,4096,64,64,1776.8
4096,4096,64,128,1786.01
4096,4096,64,256,1794.38
4096,4096,64,512,1798.54
4096,4096,64,1024,1806.13
4096,4096,64,2048,1824.69
4096,4096,64,4096,1863.81
4096,4096,64,8192,1927.52
4096,4096,64,16384,2063.37
4096,4096,64,32768,2336.13
4096,4096,64,65536,2869.95
4096,4096,128,16,1784.87
4096,4096,128,32,1787.18
4096,4096,128,64,1788.71
4096,4096,128,128,1793.81
4096,4096,128,256,1793.79
4096,4096,128,512,1805.1
4096,4096,128,1024,1821.98
4096,4096,128,2048,1856.78
4096,4096,128,4096,1929.35
4096,4096,128,8192,2065.37
4096,4096,128,16384,2330.47
4096,4096,128,32768,2865.93
4096,4096,128,65536,3932.77
4096,8192,0,0,2692.76
4096,8192,1,16,2722.57
4096,8192,1,32,2721.69
4096,8192,1,64,2724.31
4096,8192,1,128,2724.44
4096,8192,1,256,2731.14
4096,8192,1,512,2723.93
4096,8192,1,1024,2724.92
4096,8192,1,2048,2727.39
4096,8192,1,4096,2730.65
4096,8192,1,8192,2743.61
4096,8192,1,16384,2738.2
4096,8192,1,32768,2747.3
4096,8192,1,65536,2755.3
4096,8192,2,16,2719.79
4096,8192,2,32,2720.82
4096,8192,2,64,2723.92
4096,8192,2,128,2725.71
4096,8192,2,256,2725.91
4096,8192,2,512,2732.82
4096,8192,2,1024,2726.56
4096,8192,2,2048,2736.38
4096,8192,2,4096,2730.29
4096,8192,2,8192,2735.56
4096,8192,2,16384,2749.28
4096,8192,2,32768,2760.15
4096,8192,2,65536,2776.27
4096,8192,4,16,2721.33
4096,8192,4,32,2725.93
4096,8192,4,64,2724.36
4096,8192,4,128,2725.95
4096,8192,4,256,2725.54
4096,8192,4,512,2726.52
4096,8192,4,1024,2733.81
4096,8192,4,2048,2734.73
4096,8192,4,4096,2736.55
4096,8192,4,8192,2744.49
4096,8192,4,16384,2756.9
4096,8192,4,32768,2771.22
4096,8192,4,65536,2807.29
4096,8192,8,16,2727.69
4096,8192,8,32,2718.69
4096,8192,8,64,2726.36
4096,8192,8,128,2733.03
4096,8192,8,256,2726.32
4096,8192,8,512,2730.7
4096,8192,8,1024,2731.5
4096,8192,8,2048,2744.27
4096,8192,8,4096,2740.04
4096,8192,8,8192,2758.74
4096,8192,8,16384,2773.59
4096,8192,8,32768,2808.1
4096,8192,8,65536,2873.41
4096,8192,16,16,2720.2
4096,8192,16,32,2726.22
4096,8192,16,64,2725.79
4096,8192,16,128,2728.28
4096,8192,16,256,2731.11
4096,8192,16,512,2733.77
4096,8192,16,1024,2734.63
4096,8192,16,2048,2744.63
4096,8192,16,4096,2754.77
4096,8192,16,8192,2767.36
4096,8192,16,16384,2802.37
4096,8192,16,32768,2869.41
4096,8192,16,65536,3013.12
4096,8192,32,16,2724.62
4096,8192,32,32,2725.02
4096,8192,32,64,2731.02
4096,8192,32,128,2735.81
4096,8192,32,256,2735.75
4096,8192,32,512,2742.16
4096,8192,32,1024,2745.48
4096,8192,32,2048,2760.03
4096,8192,32,4096,2773.89
4096,8192,32,8192,2813.69
4096,8192,32,16384,2878.08
4096,8192,32,32768,3015.09
4096,8192,32,65536,3285.39
4096,8192,64,16,2729.12
4096,8192,64,32,2730.63
4096,8192,64,64,2730.12
4096,8192,64,128,2743.42
4096,8192,64,256,2744.01
4096,8192,64,512,2751.68
4096,8192,64,1024,2761.41
4096,8192,64,2048,2788.82
4096,8192,64,4096,2812.28
4096,8192,64,8192,2890.54
4096,8192,64,16384,3027.33
4096,8192,64,32768,3291.79
4096,8192,64,65536,3829.99
4096,8192,128,16,2742.67
4096,8192,128,32,2737.77
4096,8192,128,64,2744.08
4096,8192,128,128,2745.15
4096,8192,128,256,2749.66
4096,8192,128,512,2759.79
4096,8192,128,1024,2777.97
4096,8192,128,2048,2811.15
4096,8192,128,4096,2882.2
4096,8192,128,8192,3022.06
4096,8192,128,16384,3290.15
4096,8192,128,32768,3822.86
4096,8192,128,65536,4890.94
4096,16384,0,0,4598.13
4096,16384,1,16,4627.96
4096,16384,1,32,4626.5
4096,16384,1,64,4632.86
4096,16384,1,128,4640.86
4096,16384,1,256,4633.93
4096,16384,1,512,4630.08
4096,16384,1,1024,4633.39
4096,16384,1,2048,4637.72
4096,16384,1,4096,4635.48
4096,16384,1,8192,4635.5
4096,16384,1,16384,4653.03
4096,16384,1,32768,4654.87
4096,16384,1,65536,4659.58
4096,16384,2,16,4625.98
4096,16384,2,32,4626.27
4096,16384,2,64,4598.09
4096,16384,2,128,4601.38
4096,16384,2,256,4629.37
4096,16384,2,512,4603.07
4096,16384,2,1024,4602.87
4096,16384,2,2048,4608.9
4096,16384,2,4096,4607.98
4096,16384,2,8192,4614.03
4096,16384,2,16384,4649.83
4096,16384,2,32768,4635.08
4096,16384,2,65536,4675.06
4096,16384,4,16,4629.91
4096,16384,4,32,4624.41
4096,16384,4,64,4630.19
4096,16384,4,128,4632.76
4096,16384,4,256,4630.5
4096,16384,4,512,4606.15
4096,16384,4,1024,4606.32
4096,16384,4,2048,4612.26
4096,16384,4,4096,4614.62
4096,16384,4,8192,4627.37
4096,16384,4,16384,4639.61
4096,16384,4,32768,4645.36
4096,16384,4,65536,4679.63
4096,16384,8,16,4612.05
4096,16384,8,32,4595.78
4096,16384,8,64,4607.87
4096,16384,8,128,4600.44
4096,16384,8,256,4597.79
4096,16384,8,512,4608.22
4096,16384,8,1024,4638.34
4096,16384,8,2048,4643.16
4096,16384,8,4096,4619.69
4096,16384,8,8192,4636.31
4096,16384,8,16384,4648.85
4096,16384,8,32768,4700.63
4096,16384,8,65536,4747.85
4096,16384,16,16,4595.23
4096,16384,16,32,4597.73
4096,16384,16,64,4604.83
4096,16384,16,128,4605.51
4096,16384,16,256,4605.54
4096,16384,16,512,4629.51
4096,16384,16,1024,4613.51
4096,16384,16,2048,4620.26
4096,16384,16,4096,4641.25
4096,16384,16,8192,4645.63
4096,16384,16,16384,4679.5
4096,16384,16,32768,4748.77
4096,16384,16,65536,4886.28
4096,16384,32,16,4598.67
4096,16384,32,32,4603.2
4096,16384,32,64,4616.14
4096,16384,32,128,4613.65
4096,16384,32,256,4621.44
4096,16384,32,512,4635.27
4096,16384,32,1024,4620.97
4096,16384,32,2048,4632.57
4096,16384,32,4096,4648.89
4096,16384,32,8192,4684.14
4096,16384,32,16384,4763.04
4096,16384,32,32768,4892.13
4096,16384,32,65536,5160.52
4096,16384,64,16,4602.82
4096,16384,64,32,4616.82
4096,16384,64,64,4606.82
4096,16384,64,128,4619.43
4096,16384,64,256,4616.92
4096,16384,64,512,4624.04
4096,16384,64,1024,4637.92
4096,16384,64,2048,4651.95
4096,16384,64,4096,4696.01
4096,16384,64,8192,4760.62
4096,16384,64,16384,4910.23
4096,16384,64,32768,5175.65
4096,16384,64,65536,5708.1
4096,16384,128,16,4618.27
4096,16384,128,32,4618.71
4096,16384,128,64,4615.72
4096,16384,128,128,4654.17
4096,16384,128,256,4650.79
4096,16384,128,512,4636.61
4096,16384,128,1024,4679.93
4096,16384,128,2048,4714.25
4096,16384,128,4096,4781.7
4096,16384,128,8192,4932.18
4096,16384,128,16384,5191.71
4096,16384,128,32768,5732.04
4096,16384,128,65536,6795
4096,32768,0,0,8425.49
4096,32768,1,16,8594.7
4096,32768,1,32,8444.36
4096,32768,1,64,8393.03
4096,32768,1,128,8578.28
4096,32768,1,256,8417.44
4096,32768,1,512,8395.86
4096,32768,1,1024,8391.09
4096,32768,1,2048,8401.15
4096,32768,1,4096,8400.37
4096,32768,1,8192,8570.59
4096,32768,1,16384,8587.28
4096,32768,1,32768,8411.88
4096,32768,1,65536,8482.17
4096,32768,2,16,8392.79
4096,32768,2,32,8485.22
4096,32768,2,64,8531.56
4096,32768,2,128,8396.3
4096,32768,2,256,8390.24
4096,32768,2,512,8551.35
4096,32768,2,1024,8437.2
4096,32768,2,2048,8463.25
4096,32768,2,4096,8548.36
4096,32768,2,8192,8428.65
4096,32768,2,16384,8646.15
4096,32768,2,32768,8430.73
4096,32768,2,65536,8464.61
4096,32768,4,16,8397.68
4096,32768,4,32,8687.94
4096,32768,4,64,8406.5
4096,32768,4,128,8430.25
4096,32768,4,256,8611.76
4096,32768,4,512,8569.55
4096,32768,4,1024,8511.72
4096,32768,4,2048,8402.78
4096,32768,4,4096,8652.03
4096,32768,4,8192,8489.64
4096,32768,4,16384,8426.34
4096,32768,4,32768,8546.6
4096,32768,4,65536,8473.7
4096,32768,8,16,8540.33
4096,32768,8,32,8636.77
4096,32768,8,64,8410.02
4096,32768,8,128,8499.4
4096,32768,8,256,8392.77
4096,32768,8,512,8546.63
4096,32768,8,1024,8571.78
4096,32768,8,2048,8669.41
4096,32768,8,4096,8413.73
4096,32768,8,8192,8464.98
4096,32768,8,16384,8548.84
4096,32768,8,32768,8574.28
4096,32768,8,65536,8571.09
4096,32768,16,16,8565.94
4096,32768,16,32,8573.07
4096,32768,16,64,8543.3
4096,32768,16,128,8612.09
4096,32768,16,256,8442.36
4096,32768,16,512,8413.05
4096,32768,16,1024,8406.69
4096,32768,16,2048,8587.15
4096,32768,16,4096,8425.93
4096,32768,16,8192,8433.95
4096,32768,16,16384,8613.62
4096,32768,16,32768,8579.56
4096,32768,16,65536,8678.33
4096,32768,32,16,8520.18
4096,32768,32,32,8420.7
4096,32768,32,64,8406.6
4096,32768,32,128,8572.99
4096,32768,32,256,8401.05
4096,32768,32,512,8402.72
4096,32768,32,1024,8410.65
4096,32768,32,2048,8431.1
4096,32768,32,4096,8436.21
4096,32768,32,8192,8481.46
4096,32768,32,16384,8548.44
4096,32768,32,32768,8680.31
4096,32768,32,65536,9025.46
4096,32768,64,16,8391.27
4096,32768,64,32,8506.96
4096,32768,64,64,8550.99
4096,32768,64,128,8662.25
4096,32768,64,256,8597.01
4096,32768,64,512,8565.37
4096,32768,64,1024,8528.77
4096,32768,64,2048,8443.26
4096,32768,64,4096,8736.16
4096,32768,64,8192,8612.45
4096,32768,64,16384,8804.45
4096,32768,64,32768,9031.49
4096,32768,64,65536,9496.02
4096,32768,128,16,8466.38
4096,32768,128,32,8429.71
4096,32768,128,64,8588.29
4096,32768,128,128,8580.83
4096,32768,128,256,8427.5
4096,32768,128,512,8452.14
4096,32768,128,1024,8547.23
4096,32768,128,2048,8552.3
4096,32768,128,4096,8543.05
4096,32768,128,8192,8793.31
4096,32768,128,16384,8956.97
4096,32768,128,32768,9495.76
4096,32768,128,65536,10638
4096,65536,0,0,16671.9
4096,65536,1,16,16533.6
4096,65536,1,32,16523.2
4096,65536,1,64,16718.7
4096,65536,1,128,16582.9
4096,65536,1,256,16655.9
4096,65536,1,512,16504.1
4096,65536,1,1024,16390.9
4096,65536,1,2048,16266.6
4096,65536,1,4096,16656.5
4096,65536,1,8192,16515.5
4096,65536,1,16384,16520.9
4096,65536,1,32768,16397.9
4096,65536,1,65536,16637.4
4096,65536,2,16,16547.6
4096,65536,2,32,16497.1
4096,65536,2,64,16466.4
4096,65536,2,128,16699.4
4096,65536,2,256,16659.6
4096,65536,2,512,16455.4
4096,65536,2,1024,16607.8
4096,65536,2,2048,16646
4096,65536,2,4096,16728.8
4096,65536,2,8192,16650.8
4096,65536,2,16384,16631.6
4096,65536,2,32768,16467.8
4096,65536,2,65536,16457.4
4096,65536,4,16,16721.7
4096,65536,4,32,16676.9
4096,65536,4,64,16478.8
4096,65536,4,128,16553.4
4096,65536,4,256,16193.5
4096,65536,4,512,16568.4
4096,65536,4,1024,16290.4
4096,65536,4,2048,16585
4096,65536,4,4096,16717.2
4096,65536,4,8192,16699
4096,65536,4,16384,16681.2
4096,65536,4,32768,16771
4096,65536,4,65536,16731.1
4096,65536,8,16,16605.9
4096,65536,8,32,16514.5
4096,65536,8,64,16245.1
4096,65536,8,128,16720.9
4096,65536,8,256,16559.6
4096,65536,8,512,16659.2
4096,65536,8,1024,16321
4096,65536,8,2048,16587.2
4096,65536,8,4096,16787.9
4096,65536,8,8192,16207.2
4096,65536,8,16384,16726.3
4096,65536,8,32768,16584
4096,65536,8,65536,16773.3
4096,65536,16,16,16739.1
4096,65536,16,32,16559.3
4096,65536,16,64,16516.8
4096,65536,16,128,16600.7
4096,65536,16,256,16413.7
4096,65536,16,512,16520.5
4096,65536,16,1024,16553.4
4096,65536,16,2048,16665.2
4096,65536,16,4096,16411.3
4096,65536,16,8192,16683.3
4096,65536,16,16384,16686.6
4096,65536,16,32768,16641.7
4096,65536,16,65536,16846.7
4096,65536,32,16,16712.7
4096,65536,32,32,16751.2
4096,65536,32,64,16644.9
4096,65536,32,128,16459.2
4096,65536,32,256,16469.6
4096,65536,32,512,16652.1
4096,65536,32,1024,16583.8
4096,65536,32,2048,16617.9
4096,65536,32,4096,16687.7
4096,65536,32,8192,16461.2
4096,65536,32,16384,16632.1
4096,65536,32,32768,16912.4
4096,65536,32,65536,16906.4
4096,65536,64,16,16718.4
4096,65536,64,32,16455.1
4096,65536,64,64,16600.2
4096,65536,64,128,16577.2
4096,65536,64,256,16328.9
4096,65536,64,512,16575.2
4096,65536,64,1024,16357.9
4096,65536,64,2048,16538.8
4096,65536,64,4096,16610.4
4096,65536,64,8192,16639.1
4096,65536,64,16384,16443.2
4096,65536,64,32768,16782.7
4096,65536,64,65536,17255.7
4096,65536,128,16,16500
4096,65536,128,32,16409.9
4096,65536,128,64,16364.8
4096,65536,128,128,16324.5
4096,65536,128,256,16650.7
4096,65536,128,512,16244.4
4096,65536,128,1024,16478
4096,65536,128,2048,16640.6
4096,65536,128,4096,16490
4096,65536,128,8192,16653.7
4096,65536,128,16384,16848.5
4096,65536,128,32768,17339.5
4096,65536,128,65536,18402.3
