regime,n,nb,ratio,skew,pc,kp,kvs,kv_big,kv_mean,t_mean_us,t_max_us,t_skew_us,alpha
pure,2,1,0.5,4.0,0,0,128,512,320,91.312,96.479,96.224,0.9507
pure,2,1,0.5,4.0,0,0,256,1024,640,97.442,97.057,95.264,
pure,2,1,0.5,4.0,0,0,512,2048,1280,97.135,102.351,102.576,1.043
pure,2,1,0.5,4.0,0,0,1024,4096,2560,103.536,111.343,105.825,0.2931
pure,2,1,0.5,4.0,0,0,2048,8192,5120,121.329,126.736,124.177,0.5267
pure,2,1,0.5,4.0,0,0,4096,16384,10240,145.857,152.369,149.184,0.5109
pure,2,1,0.5,4.0,0,0,8192,32768,20480,161.233,191.122,165.152,0.1311
mixed,2,1,0.5,4.0,16,0,128,512,320,105.392,108.144,108.464,1.1165
mixed,2,1,0.5,4.0,16,0,256,1024,640,109.199,113.04,113.312,1.0709
mixed,2,1,0.5,4.0,16,0,512,2048,1280,115.889,125.631,125.44,0.9804
mixed,2,1,0.5,4.0,16,0,1024,4096,2560,128.913,144.497,145.935,1.0923
mixed,2,1,0.5,4.0,16,0,2048,8192,5120,155.121,183.358,184.288,1.0329
mixed,2,1,0.5,4.0,16,0,4096,16384,10240,202.688,260.637,263.135,1.0431
mixed,2,1,0.5,4.0,16,0,8192,32768,20480,300.943,416.608,420.384,1.0327
mixed,2,1,0.5,4.0,16,512,128,512,320,125.392,124.591,123.407,
mixed,2,1,0.5,4.0,16,512,256,1024,640,126.592,125.248,122.608,
mixed,2,1,0.5,4.0,16,512,512,2048,1280,125.68,132.129,129.761,0.6328
mixed,2,1,0.5,4.0,16,512,1024,4096,2560,136.383,150.864,150.641,0.9846
mixed,2,1,0.5,4.0,16,512,2048,8192,5120,160.768,189.871,188.063,0.9379
mixed,2,1,0.5,4.0,16,512,4096,16384,10240,208.319,266.93,266.449,0.9918
mixed,2,1,0.5,4.0,16,512,8192,32768,20480,306.226,417.488,422.308,1.0433
mixed,2,1,0.5,4.0,16,2048,128,512,320,142.56,143.407,141.584,-1.1529
mixed,2,1,0.5,4.0,16,2048,256,1024,640,142.448,143.201,142.144,-0.4049
mixed,2,1,0.5,4.0,16,2048,512,2048,1280,145.408,148.32,143.537,-0.6423
mixed,2,1,0.5,4.0,16,2048,1024,4096,2560,149.584,153.821,150.642,0.2496
mixed,2,1,0.5,4.0,16,2048,2048,8192,5120,163.182,191.137,191.039,0.9965
mixed,2,1,0.5,4.0,16,2048,4096,16384,10240,211.056,267.566,268.0,1.0077
mixed,2,1,0.5,4.0,16,2048,8192,32768,20480,306.545,424.145,423.697,0.9962
mixed,2,1,0.5,4.0,16,8192,128,512,320,206.0,204.481,205.184,
mixed,2,1,0.5,4.0,16,8192,256,1024,640,205.168,205.343,205.536,2.0969
mixed,2,1,0.5,4.0,16,8192,512,2048,1280,206.129,206.754,205.183,-1.5148
mixed,2,1,0.5,4.0,16,8192,1024,4096,2560,247.377,211.089,251.827,
mixed,2,1,0.5,4.0,16,8192,2048,8192,5120,211.184,214.689,210.994,-0.0544
mixed,2,1,0.5,4.0,16,8192,4096,16384,10240,211.442,270.303,268.447,0.9685
mixed,2,1,0.5,4.0,16,8192,8192,32768,20480,309.04,424.416,424.226,0.9983
mixed,2,1,0.5,4.0,16,16384,128,512,320,282.017,281.522,281.873,
mixed,2,1,0.5,4.0,16,16384,256,1024,640,282.897,281.648,282.163,
mixed,2,1,0.5,4.0,16,16384,512,2048,1280,282.258,283.024,282.496,0.3103
mixed,2,1,0.5,4.0,16,16384,1024,4096,2560,284.017,283.951,282.355,
mixed,2,1,0.5,4.0,16,16384,2048,8192,5120,389.233,298.274,407.954,
mixed,2,1,0.5,4.0,16,16384,4096,16384,10240,297.775,302.016,298.128,0.0831
mixed,2,1,0.5,4.0,16,16384,8192,32768,20480,309.759,426.803,424.961,0.9843
mixed,2,1,0.5,4.0,64,0,128,512,320,117.694,126.159,126.529,1.0438
mixed,2,1,0.5,4.0,64,0,256,1024,640,130.833,146.464,145.392,0.9314
mixed,2,1,0.5,4.0,64,0,512,2048,1280,154.96,183.952,184.655,1.0242
mixed,2,1,0.5,4.0,64,0,1024,4096,2560,204.031,261.536,262.849,1.0228
mixed,2,1,0.5,4.0,64,0,2048,8192,5120,300.366,417.233,417.298,1.0006
mixed,2,1,0.5,4.0,64,0,4096,16384,10240,495.043,728.942,728.912,0.9999
mixed,2,1,0.5,4.0,64,0,8192,32768,20480,883.841,1346.546,1349.937,1.0073
mixed,2,1,0.5,4.0,64,512,128,512,320,170.609,165.665,170.592,
mixed,2,1,0.5,4.0,64,512,256,1024,640,166.625,179.92,177.919,0.8495
mixed,2,1,0.5,4.0,64,512,512,2048,1280,189.873,219.553,219.088,0.9843
mixed,2,1,0.5,4.0,64,512,1024,4096,2560,239.105,298.048,296.049,0.9661
mixed,2,1,0.5,4.0,64,512,2048,8192,5120,336.417,453.2,452.174,0.9912
mixed,2,1,0.5,4.0,64,512,4096,16384,10240,529.217,729.762,763.138,1.1664
mixed,2,1,0.5,4.0,64,512,8192,32768,20480,885.602,1347.554,1347.536,1.0
mixed,2,1,0.5,4.0,64,2048,128,512,320,229.698,228.962,230.401,
mixed,2,1,0.5,4.0,64,2048,256,1024,640,228.833,230.737,229.024,0.1001
mixed,2,1,0.5,4.0,64,2048,512,2048,1280,230.592,225.615,229.375,
mixed,2,1,0.5,4.0,64,2048,1024,4096,2560,239.697,297.711,294.529,0.9451
mixed,2,1,0.5,4.0,64,2048,2048,8192,5120,336.193,453.393,451.746,0.9859
mixed,2,1,0.5,4.0,64,2048,4096,16384,10240,529.361,760.496,759.793,0.997
mixed,2,1,0.5,4.0,64,2048,8192,32768,20480,916.765,1380.849,1379.858,0.9979
mixed,2,1,0.5,4.0,64,8192,128,512,320,460.576,461.17,459.859,-1.2071
mixed,2,1,0.5,4.0,64,8192,256,1024,640,460.832,460.16,462.688,
mixed,2,1,0.5,4.0,64,8192,512,2048,1280,461.058,460.257,461.137,
mixed,2,1,0.5,4.0,64,8192,1024,4096,2560,460.353,460.832,459.795,-1.1661
mixed,2,1,0.5,4.0,64,8192,2048,8192,5120,461.105,457.664,461.217,
mixed,2,1,0.5,4.0,64,8192,4096,16384,10240,529.183,763.392,759.345,0.9827
mixed,2,1,0.5,4.0,64,8192,8192,32768,20480,918.559,1381.554,1378.466,0.9933
mixed,2,1,0.5,4.0,64,16384,128,512,320,769.921,768.881,768.593,
mixed,2,1,0.5,4.0,64,16384,256,1024,640,768.577,770.771,768.417,-0.0732
mixed,2,1,0.5,4.0,64,16384,512,2048,1280,769.04,768.979,768.273,
mixed,2,1,0.5,4.0,64,16384,1024,4096,2560,768.69,770.065,768.866,0.128
mixed,2,1,0.5,4.0,64,16384,2048,8192,5120,768.672,769.6,769.185,0.553
mixed,2,1,0.5,4.0,64,16384,4096,16384,10240,770.162,767.297,769.827,
mixed,2,1,0.5,4.0,64,16384,8192,32768,20480,916.72,1381.683,1379.011,0.9943
mixed,2,1,0.5,4.0,256,0,128,512,320,149.376,148.417,149.183,
mixed,2,1,0.5,4.0,256,0,256,1024,640,153.264,183.616,183.409,0.9932
mixed,2,1,0.5,4.0,256,0,512,2048,1280,203.105,260.481,260.656,1.003
mixed,2,1,0.5,4.0,256,0,1024,4096,2560,299.745,414.945,414.4,0.9953
mixed,2,1,0.5,4.0,256,0,2048,8192,5120,491.296,724.723,721.364,0.9856
mixed,2,1,0.5,4.0,256,0,4096,16384,10240,877.761,1338.225,1338.674,1.001
mixed,2,1,0.5,4.0,256,0,8192,32768,20480,1646.692,2567.237,2565.713,0.9983
mixed,2,1,0.5,4.0,256,512,128,512,320,224.96,223.969,223.681,
mixed,2,1,0.5,4.0,256,512,256,1024,640,231.727,262.529,260.673,0.9398
mixed,2,1,0.5,4.0,256,512,512,2048,1280,280.912,339.312,339.075,0.9959
mixed,2,1,0.5,4.0,256,512,1024,4096,2560,378.786,496.145,492.863,0.972
mixed,2,1,0.5,4.0,256,512,2048,8192,5120,571.952,803.186,801.218,0.9915
mixed,2,1,0.5,4.0,256,512,4096,16384,10240,958.034,1423.412,1420.322,0.9934
mixed,2,1,0.5,4.0,256,512,8192,32768,20480,1732.385,2651.954,2651.49,0.9995
mixed,2,1,0.5,4.0,256,2048,128,512,320,456.72,456.112,456.737,
mixed,2,1,0.5,4.0,256,2048,256,1024,640,457.393,456.864,456.735,
mixed,2,1,0.5,4.0,256,2048,512,2048,1280,458.706,458.241,456.815,
mixed,2,1,0.5,4.0,256,2048,1024,4096,2560,499.009,612.321,610.88,0.9873
mixed,2,1,0.5,4.0,256,2048,2048,8192,5120,689.457,921.553,918.162,0.9854
mixed,2,1,0.5,4.0,256,2048,4096,16384,10240,1075.168,1538.69,1534.995,0.992
mixed,2,1,0.5,4.0,256,2048,8192,32768,20480,1846.706,2768.102,2769.491,1.0015
mixed,2,1,0.5,4.0,256,8192,128,512,320,1374.595,1370.116,1371.779,
mixed,2,1,0.5,4.0,256,8192,256,1024,640,1369.618,1369.553,1371.764,
mixed,2,1,0.5,4.0,256,8192,512,2048,1280,1372.148,1369.876,1372.292,
mixed,2,1,0.5,4.0,256,8192,1024,4096,2560,1372.224,1369.795,1374.29,
mixed,2,1,0.5,4.0,256,8192,2048,8192,5120,1370.851,1375.651,1376.962,1.2733
mixed,2,1,0.5,4.0,256,8192,4096,16384,10240,1529.841,1991.524,1987.494,0.9913
mixed,2,1,0.5,4.0,256,8192,8192,32768,20480,2298.898,3224.23,3218.326,0.9936
mixed,2,1,0.5,4.0,256,16384,128,512,320,2589.828,2589.029,2593.222,
mixed,2,1,0.5,4.0,256,16384,256,1024,640,2589.621,2588.979,2589.443,
mixed,2,1,0.5,4.0,256,16384,512,2048,1280,2589.971,2588.451,2589.463,
mixed,2,1,0.5,4.0,256,16384,1024,4096,2560,2588.579,2594.629,2588.195,-0.0634
mixed,2,1,0.5,4.0,256,16384,2048,8192,5120,2589.156,2589.765,2590.963,2.9688
mixed,2,1,0.5,4.0,256,16384,4096,16384,10240,2590.405,2599.302,2597.845,0.8362
mixed,2,1,0.5,4.0,256,16384,8192,32768,20480,2908.915,3834.051,3835.014,1.001
mixed,2,1,0.5,4.0,1024,0,128,512,320,448.224,448.72,447.665,-1.127
mixed,2,1,0.5,4.0,1024,0,256,1024,640,452.913,449.503,453.187,
mixed,2,1,0.5,4.0,1024,0,512,2048,1280,456.016,461.647,458.942,0.5197
mixed,2,1,0.5,4.0,1024,0,1024,4096,2560,462.465,468.175,464.385,0.3362
mixed,2,1,0.5,4.0,1024,0,2048,8192,5120,480.961,486.835,489.685,1.4851
mixed,2,1,0.5,4.0,1024,0,4096,16384,10240,505.298,514.738,509.682,0.4644
mixed,2,1,0.5,4.0,1024,0,8192,32768,20480,518.482,549.65,526.27,0.2499
mixed,2,1,0.5,4.0,1024,512,128,512,320,708.305,709.759,709.11,0.5536
mixed,2,1,0.5,4.0,1024,512,256,1024,640,708.496,715.328,712.163,0.5366
mixed,2,1,0.5,4.0,1024,512,512,2048,1280,716.144,719.938,719.812,0.9667
mixed,2,1,0.5,4.0,1024,512,1024,4096,2560,723.122,729.38,726.223,0.4954
mixed,2,1,0.5,4.0,1024,512,2048,8192,5120,740.496,746.291,748.916,1.453
mixed,2,1,0.5,4.0,1024,512,4096,16384,10240,764.605,770.18,769.171,0.819
mixed,2,1,0.5,4.0,1024,512,8192,32768,20480,777.504,811.662,785.892,0.2456
mixed,2,1,0.5,4.0,1024,2048,128,512,320,1148.386,1150.819,1147.536,-0.3492
mixed,2,1,0.5,4.0,1024,2048,256,1024,640,1151.312,1154.898,1152.896,0.4417
mixed,2,1,0.5,4.0,1024,2048,512,2048,1280,1154.484,1164.257,1160.913,0.6579
mixed,2,1,0.5,4.0,1024,2048,1024,4096,2560,1171.378,1169.871,1168.494,
mixed,2,1,0.5,4.0,1024,2048,2048,8192,5120,1179.892,1184.9,1192.658,2.5488
mixed,2,1,0.5,4.0,1024,2048,4096,16384,10240,1203.701,1211.553,1210.911,0.9182
mixed,2,1,0.5,4.0,1024,2048,8192,32768,20480,1221.973,1252.673,1225.346,0.1099
mixed,2,1,0.5,4.0,1024,8192,128,512,320,2883.896,2885.414,2881.284,-1.7207
mixed,2,1,0.5,4.0,1024,8192,256,1024,640,2886.551,2881.748,2886.984,
mixed,2,1,0.5,4.0,1024,8192,512,2048,1280,2888.839,2892.531,2885.412,-0.9282
mixed,2,1,0.5,4.0,1024,8192,1024,4096,2560,2899.796,2906.632,2909.108,1.3622
mixed,2,1,0.5,4.0,1024,8192,2048,8192,5120,2903.347,2916.37,2915.863,0.961
mixed,2,1,0.5,4.0,1024,8192,4096,16384,10240,2932.617,2946.532,2942.659,0.7217
mixed,2,1,0.5,4.0,1024,8192,8192,32768,20480,2952.74,2985.273,2956.676,0.121
mixed,2,1,0.5,4.0,1024,16384,128,512,320,5166.219,5168.807,5173.956,2.9888
mixed,2,1,0.5,4.0,1024,16384,256,1024,640,5164.626,5172.454,5165.573,0.121
mixed,2,1,0.5,4.0,1024,16384,512,2048,1280,5176.823,5188.005,5178.248,0.1274
mixed,2,1,0.5,4.0,1024,16384,1024,4096,2560,5192.523,5185.05,5196.713,
mixed,2,1,0.5,4.0,1024,16384,2048,8192,5120,5206.282,5205.389,5200.552,
mixed,2,1,0.5,4.0,1024,16384,4096,16384,10240,5221.835,5228.011,5229.479,1.2379
mixed,2,1,0.5,4.0,1024,16384,8192,32768,20480,5235.307,5270.124,5244.949,0.2769
mixed,2,1,0.5,4.0,4096,0,128,512,320,2175.73,2170.724,2170.452,
mixed,2,1,0.5,4.0,4096,0,256,1024,640,2173.236,2174.964,2172.918,-0.1843
mixed,2,1,0.5,4.0,4096,0,512,2048,1280,2187.831,2185.369,2186.597,
mixed,2,1,0.5,4.0,4096,0,1024,4096,2560,2194.068,2191.594,2184.999,
mixed,2,1,0.5,4.0,4096,0,2048,8192,5120,2200.467,2208.037,2206.916,0.8519
mixed,2,1,0.5,4.0,4096,0,4096,16384,10240,2228.117,2232.053,2231.716,0.9144
mixed,2,1,0.5,4.0,4096,0,8192,32768,20480,2241.702,2271.023,2247.157,0.186
mixed,2,1,0.5,4.0,4096,512,128,512,320,2810.323,2804.57,2810.628,
mixed,2,1,0.5,4.0,4096,512,256,1024,640,2805.349,2812.037,2808.356,0.4496
mixed,2,1,0.5,4.0,4096,512,512,2048,1280,2812.441,2819.238,2823.193,1.5819
mixed,2,1,0.5,4.0,4096,512,1024,4096,2560,2828.661,2825.142,2824.31,
mixed,2,1,0.5,4.0,4096,512,2048,8192,5120,2838.984,2842.578,2850.164,3.1107
mixed,2,1,0.5,4.0,4096,512,4096,16384,10240,2860.083,2865.269,2863.41,0.6415
mixed,2,1,0.5,4.0,4096,512,8192,32768,20480,2879.108,2904.421,2879.11,0.0001
mixed,2,1,0.5,4.0,4096,2048,128,512,320,3884.998,3884.183,3880.213,
mixed,2,1,0.5,4.0,4096,2048,256,1024,640,3888.055,3891.856,3897.29,2.4296
mixed,2,1,0.5,4.0,4096,2048,512,2048,1280,3892.84,3892.934,3891.461,-14.5979
mixed,2,1,0.5,4.0,4096,2048,1024,4096,2560,3908.817,3902.694,3920.12,
mixed,2,1,0.5,4.0,4096,2048,2048,8192,5120,3923.477,3924.729,3919.157,-3.4497
mixed,2,1,0.5,4.0,4096,2048,4096,16384,10240,3940.419,3945.991,3939.715,-0.1264
mixed,2,1,0.5,4.0,4096,2048,8192,32768,20480,3949.438,3986.26,3965.608,0.4391
mixed,2,1,0.5,4.0,4096,8192,128,512,320,8187.182,8188.95,8177.584,-5.4287
mixed,2,1,0.5,4.0,4096,8192,256,1024,640,8183.361,8183.391,8185.744,79.4167
mixed,2,1,0.5,4.0,4096,8192,512,2048,1280,8191.094,8201.423,8218.162,2.6206
mixed,2,1,0.5,4.0,4096,8192,1024,4096,2560,8207.859,8204.448,8218.061,
mixed,2,1,0.5,4.0,4096,8192,2048,8192,5120,8213.734,8221.442,8224.705,1.4234
mixed,2,1,0.5,4.0,4096,8192,4096,16384,10240,8259.597,8250.398,8252.688,
mixed,2,1,0.5,4.0,4096,8192,8192,32768,20480,8246.626,8282.862,8253.713,0.1956
mixed,2,1,0.5,4.0,4096,16384,128,512,320,13896.938,13929.627,13907.14,0.3121
mixed,2,1,0.5,4.0,4096,16384,256,1024,640,13903.162,13908.327,13920.248,3.3078
mixed,2,1,0.5,4.0,4096,16384,512,2048,1280,13923.946,13844.353,13912.139,
mixed,2,1,0.5,4.0,4096,16384,1024,4096,2560,13947.506,13930.43,13856.124,
mixed,2,1,0.5,4.0,4096,16384,2048,8192,5120,13955.674,13937.763,13943.008,
mixed,2,1,0.5,4.0,4096,16384,4096,16384,10240,13876.014,13896.51,13943.425,3.2891
mixed,2,1,0.5,4.0,4096,16384,8192,32768,20480,13993.469,14004.16,14012.515,1.7814
pure,4,1,0.25,4.0,0,0,128,512,224,79.917,96.014,94.975,0.9355
pure,4,1,0.25,4.0,0,0,256,1024,448,95.761,98.832,97.824,0.6719
pure,4,1,0.25,4.0,0,0,512,2048,896,96.911,110.399,103.089,0.458
pure,4,1,0.25,4.0,0,0,1024,4096,1792,103.135,125.6,112.927,0.4359
pure,4,1,0.25,4.0,0,0,2048,8192,3584,141.584,149.599,166.495,3.1082
pure,4,1,0.25,4.0,0,0,4096,16384,7168,152.383,178.226,175.216,0.8835
pure,4,1,0.25,4.0,0,0,8192,32768,14336,172.722,219.041,190.385,0.3813
mixed,4,1,0.25,4.0,16,0,128,512,224,94.641,111.728,112.592,1.0506
mixed,4,1,0.25,4.0,16,0,256,1024,448,112.241,117.423,117.12,0.9415
mixed,4,1,0.25,4.0,16,0,512,2048,896,114.176,132.449,127.744,0.7425
mixed,4,1,0.25,4.0,16,0,1024,4096,1792,126.353,146.785,147.007,1.0109
mixed,4,1,0.25,4.0,16,0,2048,8192,3584,142.608,186.512,185.665,0.9807
mixed,4,1,0.25,4.0,16,0,4096,16384,7168,178.032,264.674,264.337,0.9961
mixed,4,1,0.25,4.0,16,0,8192,32768,14336,246.4,417.937,418.465,1.0031
mixed,4,1,0.25,4.0,16,512,128,512,224,126.382,127.585,126.573,0.1592
mixed,4,1,0.25,4.0,16,512,256,1024,448,128.096,127.425,126.814,
mixed,4,1,0.25,4.0,16,512,512,2048,896,128.305,136.178,133.73,0.6891
mixed,4,1,0.25,4.0,16,512,1024,4096,1792,134.833,156.176,152.353,0.8209
mixed,4,1,0.25,4.0,16,512,2048,8192,3584,150.992,195.296,193.698,0.9639
mixed,4,1,0.25,4.0,16,512,4096,16384,7168,185.296,269.248,271.824,1.0307
mixed,4,1,0.25,4.0,16,512,8192,32768,14336,248.465,422.944,419.727,0.9816
mixed,4,1,0.25,4.0,16,2048,128,512,224,144.59,145.632,145.391,0.7695
mixed,4,1,0.25,4.0,16,2048,256,1024,448,145.023,147.888,143.935,-0.38
mixed,4,1,0.25,4.0,16,2048,512,2048,896,149.216,149.728,145.248,-7.7424
mixed,4,1,0.25,4.0,16,2048,1024,4096,1792,148.977,157.52,154.367,0.6308
mixed,4,1,0.25,4.0,16,2048,2048,8192,3584,152.783,197.2,192.193,0.8873
mixed,4,1,0.25,4.0,16,2048,4096,16384,7168,187.841,274.751,273.616,0.9869
mixed,4,1,0.25,4.0,16,2048,8192,32768,14336,252.976,427.984,427.266,0.9959
mixed,4,1,0.25,4.0,16,8192,128,512,224,210.288,209.616,210.687,
mixed,4,1,0.25,4.0,16,8192,256,1024,448,209.857,209.489,210.433,
mixed,4,1,0.25,4.0,16,8192,512,2048,896,210.865,212.16,203.344,-5.8073
mixed,4,1,0.25,4.0,16,8192,1024,4096,1792,211.761,212.64,211.168,-0.6742
mixed,4,1,0.25,4.0,16,8192,2048,8192,3584,214.946,228.578,212.927,-0.1481
mixed,4,1,0.25,4.0,16,8192,4096,16384,7168,304.096,276.656,273.745,
mixed,4,1,0.25,4.0,16,8192,8192,32768,14336,258.144,431.459,426.962,0.9741
mixed,4,1,0.25,4.0,16,16384,128,512,224,285.649,286.705,285.727,0.0739
mixed,4,1,0.25,4.0,16,16384,256,1024,448,286.431,285.953,285.854,
mixed,4,1,0.25,4.0,16,16384,512,2048,896,286.88,287.248,286.065,-2.2163
mixed,4,1,0.25,4.0,16,16384,1024,4096,1792,286.224,299.041,280.096,-0.4782
mixed,4,1,0.25,4.0,16,16384,2048,8192,3584,298.862,300.767,299.201,0.1782
mixed,4,1,0.25,4.0,16,16384,4096,16384,7168,301.441,331.904,301.345,-0.0032
mixed,4,1,0.25,4.0,16,16384,8192,32768,14336,495.985,438.833,432.896,
mixed,4,1,0.25,4.0,64,0,128,512,224,98.528,130.207,129.823,0.9879
mixed,4,1,0.25,4.0,64,0,256,1024,448,126.911,148.848,148.319,0.9759
mixed,4,1,0.25,4.0,64,0,512,2048,896,143.342,186.782,187.824,1.024
mixed,4,1,0.25,4.0,64,0,1024,4096,1792,177.376,265.472,263.856,0.9817
mixed,4,1,0.25,4.0,64,0,2048,8192,3584,246.578,419.985,419.6,0.9978
mixed,4,1,0.25,4.0,64,0,4096,16384,7168,382.033,729.617,731.554,1.0056
mixed,4,1,0.25,4.0,64,0,8192,32768,14336,650.591,1341.876,1342.083,1.0003
mixed,4,1,0.25,4.0,64,512,128,512,224,171.185,210.355,172.193,0.0257
mixed,4,1,0.25,4.0,64,512,256,1024,448,206.097,228.993,195.921,-0.4445
mixed,4,1,0.25,4.0,64,512,512,2048,896,224.064,267.264,222.897,-0.027
mixed,4,1,0.25,4.0,64,512,1024,4096,1792,259.601,343.728,300.225,0.4829
mixed,4,1,0.25,4.0,64,512,2048,8192,3584,325.714,419.776,452.464,1.3475
mixed,4,1,0.25,4.0,64,512,4096,16384,7168,381.601,729.711,727.425,0.9934
mixed,4,1,0.25,4.0,64,512,8192,32768,14336,651.2,1342.835,1339.17,0.9947
mixed,4,1,0.25,4.0,64,2048,128,512,224,230.785,230.127,232.127,
mixed,4,1,0.25,4.0,64,2048,256,1024,448,230.382,230.257,231.569,
mixed,4,1,0.25,4.0,64,2048,512,2048,896,232.546,328.384,231.887,-0.0069
mixed,4,1,0.25,4.0,64,2048,1024,4096,1792,310.673,405.182,315.12,0.0471
mixed,4,1,0.25,4.0,64,2048,2048,8192,3584,385.375,560.274,457.073,0.4099
mixed,4,1,0.25,4.0,64,2048,4096,16384,7168,520.496,866.931,763.264,0.7008
mixed,4,1,0.25,4.0,64,2048,8192,32768,14336,790.657,1342.657,1378.851,1.0656
mixed,4,1,0.25,4.0,64,8192,128,512,224,467.296,466.577,465.791,
mixed,4,1,0.25,4.0,64,8192,256,1024,448,466.064,466.56,466.272,0.4185
mixed,4,1,0.25,4.0,64,8192,512,2048,896,465.568,465.554,467.28,
mixed,4,1,0.25,4.0,64,8192,1024,4096,1792,467.65,466.176,465.569,
mixed,4,1,0.25,4.0,64,8192,2048,8192,3584,466.481,795.683,469.601,0.0095
mixed,4,1,0.25,4.0,64,8192,4096,16384,7168,720.577,1104.802,783.955,0.165
mixed,4,1,0.25,4.0,64,8192,8192,32768,14336,1025.428,1719.714,1390.37,0.5256
mixed,4,1,0.25,4.0,64,16384,128,512,224,774.225,774.737,775.216,1.9374
mixed,4,1,0.25,4.0,64,16384,256,1024,448,775.425,775.251,774.721,
mixed,4,1,0.25,4.0,64,16384,512,2048,896,775.969,776.178,775.778,-0.9093
mixed,4,1,0.25,4.0,64,16384,1024,4096,1792,776.0,775.299,776.159,
mixed,4,1,0.25,4.0,64,16384,2048,8192,3584,776.45,775.953,777.297,
mixed,4,1,0.25,4.0,64,16384,4096,16384,7168,777.427,1409.954,781.266,0.0061
mixed,4,1,0.25,4.0,64,16384,8192,32768,14336,1259.187,2025.684,1396.388,0.179
mixed,4,1,0.25,4.0,256,0,128,512,224,149.969,150.804,149.375,-0.7108
mixed,4,1,0.25,4.0,256,0,256,1024,448,150.449,186.355,182.497,0.8926
mixed,4,1,0.25,4.0,256,0,512,2048,896,176.463,261.888,259.487,0.9719
mixed,4,1,0.25,4.0,256,0,1024,4096,1792,242.208,415.776,413.329,0.9859
mixed,4,1,0.25,4.0,256,0,2048,8192,3584,378.673,724.69,722.274,0.993
mixed,4,1,0.25,4.0,256,0,4096,16384,7168,648.066,1332.755,1330.514,0.9967
mixed,4,1,0.25,4.0,256,0,8192,32768,14336,1186.387,2560.403,2555.14,0.9962
mixed,4,1,0.25,4.0,256,512,128,512,224,224.736,224.929,224.61,-0.6571
mixed,4,1,0.25,4.0,256,512,256,1024,448,224.832,263.393,261.456,0.9498
mixed,4,1,0.25,4.0,256,512,512,2048,896,252.704,343.535,340.337,0.9648
mixed,4,1,0.25,4.0,256,512,1024,4096,1792,322.848,498.144,494.29,0.978
mixed,4,1,0.25,4.0,256,512,2048,8192,3584,460.208,806.753,801.826,0.9858
mixed,4,1,0.25,4.0,256,512,4096,16384,7168,728.017,1417.507,1414.309,0.9954
mixed,4,1,0.25,4.0,256,512,8192,32768,14336,1262.914,2634.596,2638.069,1.0025
mixed,4,1,0.25,4.0,256,2048,128,512,224,464.177,464.081,463.791,
mixed,4,1,0.25,4.0,256,2048,256,1024,448,463.856,465.136,464.08,0.1746
mixed,4,1,0.25,4.0,256,2048,512,2048,896,464.32,466.721,464.833,0.2134
mixed,4,1,0.25,4.0,256,2048,1024,4096,1792,465.203,622.112,617.875,0.973
mixed,4,1,0.25,4.0,256,2048,2048,8192,3584,583.087,928.449,926.946,0.9956
mixed,4,1,0.25,4.0,256,2048,4096,16384,7168,852.643,1537.521,1541.811,1.0063
mixed,4,1,0.25,4.0,256,2048,8192,32768,14336,1390.722,2763.042,2757.319,0.9958
mixed,4,1,0.25,4.0,256,8192,128,512,224,1377.682,1380.592,1376.211,-0.5056
mixed,4,1,0.25,4.0,256,8192,256,1024,448,1379.523,1376.785,1376.418,
mixed,4,1,0.25,4.0,256,8192,512,2048,896,1380.402,1379.522,1377.409,
mixed,4,1,0.25,4.0,256,8192,1024,4096,1792,1379.043,1377.266,1378.61,
mixed,4,1,0.25,4.0,256,8192,2048,8192,3584,1377.153,1389.921,1385.587,0.6605
mixed,4,1,0.25,4.0,256,8192,4096,16384,7168,1376.307,2001.62,1999.489,0.9966
mixed,4,1,0.25,4.0,256,8192,8192,32768,14336,1843.828,3229.014,3211.476,0.9873
mixed,4,1,0.25,4.0,256,16384,128,512,224,2576.755,2580.376,2579.139,0.6584
mixed,4,1,0.25,4.0,256,16384,256,1024,448,2578.165,2578.981,2580.773,3.1928
mixed,4,1,0.25,4.0,256,16384,512,2048,896,2594.774,2586.965,2581.91,
mixed,4,1,0.25,4.0,256,16384,1024,4096,1792,2580.964,2591.683,2585.076,0.3836
mixed,4,1,0.25,4.0,256,16384,2048,8192,3584,2585.909,2576.291,2583.319,
mixed,4,1,0.25,4.0,256,16384,4096,16384,7168,2581.522,2608.276,2590.677,0.3422
mixed,4,1,0.25,4.0,256,16384,8192,32768,14336,2583.301,3815.077,3809.815,0.9957
mixed,4,1,0.25,4.0,1024,0,128,512,224,447.519,448.717,447.507,-0.0096
mixed,4,1,0.25,4.0,1024,0,256,1024,448,448.448,456.977,453.857,0.6342
mixed,4,1,0.25,4.0,1024,0,512,2048,896,454.925,466.401,457.922,0.2611
mixed,4,1,0.25,4.0,1024,0,1024,4096,1792,460.787,482.93,469.617,0.3988
mixed,4,1,0.25,4.0,1024,0,2048,8192,3584,495.808,509.091,521.105,1.9044
mixed,4,1,0.25,4.0,1024,0,4096,16384,7168,506.338,540.399,529.999,0.6947
mixed,4,1,0.25,4.0,1024,0,8192,32768,14336,531.938,587.362,546.561,0.2638
mixed,4,1,0.25,4.0,1024,512,128,512,224,707.199,706.849,706.305,
mixed,4,1,0.25,4.0,1024,512,256,1024,448,709.109,718.387,710.791,0.1812
mixed,4,1,0.25,4.0,1024,512,512,2048,896,714.723,722.502,720.355,0.724
mixed,4,1,0.25,4.0,1024,512,1024,4096,1792,721.81,742.643,728.788,0.3349
mixed,4,1,0.25,4.0,1024,512,2048,8192,3584,754.833,771.631,780.832,1.5477
mixed,4,1,0.25,4.0,1024,512,4096,16384,7168,768.435,798.995,790.881,0.7345
mixed,4,1,0.25,4.0,1024,512,8192,32768,14336,793.872,844.543,801.552,0.1516
mixed,4,1,0.25,4.0,1024,2048,128,512,224,1152.319,1154.195,1148.914,-1.815
mixed,4,1,0.25,4.0,1024,2048,256,1024,448,1152.64,1165.186,1153.967,0.1057
mixed,4,1,0.25,4.0,1024,2048,512,2048,896,1160.367,1173.569,1168.629,0.6258
mixed,4,1,0.25,4.0,1024,2048,1024,4096,1792,1192.674,1190.417,1172.383,
mixed,4,1,0.25,4.0,1024,2048,2048,8192,3584,1201.857,1211.635,1227.284,2.6002
mixed,4,1,0.25,4.0,1024,2048,4096,16384,7168,1211.365,1241.029,1229.151,0.5996
mixed,4,1,0.25,4.0,1024,2048,8192,32768,14336,1235.734,1286.626,1248.336,0.2476
mixed,4,1,0.25,4.0,1024,8192,128,512,224,2887.046,2895.782,2891.015,0.4543
mixed,4,1,0.25,4.0,1024,8192,256,1024,448,2891.584,2904.886,2894.722,0.2359
mixed,4,1,0.25,4.0,1024,8192,512,2048,896,2895.986,2907.108,2899.892,0.3512
mixed,4,1,0.25,4.0,1024,8192,1024,4096,1792,2939.653,2926.727,2947.429,
mixed,4,1,0.25,4.0,1024,8192,2048,8192,3584,2934.998,2947.526,2961.189,2.0906
mixed,4,1,0.25,4.0,1024,8192,4096,16384,7168,2947.095,2975.108,2962.521,0.5507
mixed,4,1,0.25,4.0,1024,8192,8192,32768,14336,2972.47,3026.439,2977.27,0.0889
mixed,4,1,0.25,4.0,1024,16384,128,512,224,5160.522,5166.311,5160.811,0.0499
mixed,4,1,0.25,4.0,1024,16384,256,1024,448,5181.725,5181.964,5165.192,-69.1757
mixed,4,1,0.25,4.0,1024,16384,512,2048,896,5183.365,5181.035,5183.739,
mixed,4,1,0.25,4.0,1024,16384,1024,4096,1792,5214.924,5204.859,5232.782,
mixed,4,1,0.25,4.0,1024,16384,2048,8192,3584,5217.595,5237.213,5241.501,1.2186
mixed,4,1,0.25,4.0,1024,16384,4096,16384,7168,5222.936,5262.203,5255.238,0.8226
mixed,4,1,0.25,4.0,1024,16384,8192,32768,14336,5249.847,5312.572,5261.913,0.1924
mixed,4,1,0.25,4.0,4096,0,128,512,224,2161.028,2159.351,2164.388,
mixed,4,1,0.25,4.0,4096,0,256,1024,448,2170.448,2174.532,2172.099,0.4042
mixed,4,1,0.25,4.0,4096,0,512,2048,896,2167.861,2180.677,2181.506,1.0647
mixed,4,1,0.25,4.0,4096,0,1024,4096,1792,2208.882,2198.611,2186.117,
mixed,4,1,0.25,4.0,4096,0,2048,8192,3584,2210.292,2228.212,2243.477,1.8518
mixed,4,1,0.25,4.0,4096,0,4096,16384,7168,2223.765,2255.639,2238.758,0.4704
mixed,4,1,0.25,4.0,4096,0,8192,32768,14336,2258.34,2302.419,2256.07,-0.0515
mixed,4,1,0.25,4.0,4096,512,128,512,224,2791.222,2802.487,2797.267,0.5366
mixed,4,1,0.25,4.0,4096,512,256,1024,448,2800.07,2816.468,2805.974,0.36
mixed,4,1,0.25,4.0,4096,512,512,2048,896,2807.667,2820.453,2817.951,0.8044
mixed,4,1,0.25,4.0,4096,512,1024,4096,1792,2838.099,2835.367,2827.877,
mixed,4,1,0.25,4.0,4096,512,2048,8192,3584,2849.595,2854.006,2871.653,5.0001
mixed,4,1,0.25,4.0,4096,512,4096,16384,7168,2855.144,2890.615,2877.395,0.6273
mixed,4,1,0.25,4.0,4096,512,8192,32768,14336,2882.006,2935.785,2893.744,0.2183
mixed,4,1,0.25,4.0,4096,2048,128,512,224,3870.551,3868.438,3867.513,
mixed,4,1,0.25,4.0,4096,2048,256,1024,448,3874.906,3884.377,3866.822,-0.8536
mixed,4,1,0.25,4.0,4096,2048,512,2048,896,3877.926,3900.635,3876.028,-0.0836
mixed,4,1,0.25,4.0,4096,2048,1024,4096,1792,3911.305,3903.879,3950.73,
mixed,4,1,0.25,4.0,4096,2048,2048,8192,3584,3925.082,3927.397,3940.532,6.6726
mixed,4,1,0.25,4.0,4096,2048,4096,16384,7168,3926.839,3957.556,3948.889,0.7178
mixed,4,1,0.25,4.0,4096,2048,8192,32768,14336,3950.519,4005.291,3968.488,0.3281
mixed,4,1,0.25,4.0,4096,8192,128,512,224,8136.111,8160.179,8134.686,-0.0592
mixed,4,1,0.25,4.0,4096,8192,256,1024,448,8139.716,8150.882,8145.374,0.5067
mixed,4,1,0.25,4.0,4096,8192,512,2048,896,8135.648,8164.767,8171.203,1.221
mixed,4,1,0.25,4.0,4096,8192,1024,4096,1792,8177.294,8182.612,8197.849,3.8647
mixed,4,1,0.25,4.0,4096,8192,2048,8192,3584,8198.693,8199.936,8219.809,16.9811
mixed,4,1,0.25,4.0,4096,8192,4096,16384,7168,8233.039,8235.936,8229.246,-1.3089
mixed,4,1,0.25,4.0,4096,8192,8192,32768,14336,8225.865,8301.344,8229.153,0.0436
mixed,4,1,0.25,4.0,4096,16384,128,512,224,13861.23,13817.074,13821.391,
mixed,4,1,0.25,4.0,4096,16384,256,1024,448,13821.495,13861.566,13813.865,-0.1904
mixed,4,1,0.25,4.0,4096,16384,512,2048,896,13819.994,13840.746,13832.001,0.5786
mixed,4,1,0.25,4.0,4096,16384,1024,4096,1792,13938.183,13900.271,13979.342,
mixed,4,1,0.25,4.0,4096,16384,2048,8192,3584,13944.496,13963.662,13909.854,-1.8074
mixed,4,1,0.25,4.0,4096,16384,4096,16384,7168,13874.993,13993.022,13990.899,0.982
mixed,4,1,0.25,4.0,4096,16384,8192,32768,14336,13999.133,14037.378,13922.553,-2.0024
pure,4,2,0.5,4.0,0,0,128,512,320,93.17,96.049,96.226,1.0611
pure,4,2,0.5,4.0,0,0,256,1024,640,96.641,97.487,98.321,1.987
pure,4,2,0.5,4.0,0,0,512,2048,1280,98.127,108.625,103.248,0.4877
pure,4,2,0.5,4.0,0,0,1024,4096,2560,117.423,126.545,120.99,0.391
pure,4,2,0.5,4.0,0,0,2048,8192,5120,144.448,148.88,151.168,1.5165
pure,4,2,0.5,4.0,0,0,4096,16384,10240,158.335,178.322,163.12,0.2394
pure,4,2,0.5,4.0,0,0,8192,32768,20480,189.425,218.336,192.511,0.1067
mixed,4,2,0.5,4.0,16,0,128,512,320,112.689,112.304,110.32,
mixed,4,2,0.5,4.0,16,0,256,1024,640,112.447,117.488,116.8,0.8635
mixed,4,2,0.5,4.0,16,0,512,2048,1280,118.257,132.642,127.345,0.6318
mixed,4,2,0.5,4.0,16,0,1024,4096,2560,132.815,147.982,147.169,0.9464
mixed,4,2,0.5,4.0,16,0,2048,8192,5120,157.522,188.385,185.936,0.9207
mixed,4,2,0.5,4.0,16,0,4096,16384,10240,208.736,266.675,267.488,1.014
mixed,4,2,0.5,4.0,16,0,8192,32768,20480,304.594,421.457,422.177,1.0062
mixed,4,2,0.5,4.0,16,512,128,512,320,126.447,128.192,126.385,-0.0358
mixed,4,2,0.5,4.0,16,512,256,1024,640,128.288,128.112,126.432,
mixed,4,2,0.5,4.0,16,512,512,2048,1280,130.895,135.97,135.951,0.9962
mixed,4,2,0.5,4.0,16,512,1024,4096,2560,141.249,155.217,154.657,0.9599
mixed,4,2,0.5,4.0,16,512,2048,8192,5120,165.983,194.88,194.928,1.0017
mixed,4,2,0.5,4.0,16,512,4096,16384,10240,214.784,269.361,274.32,1.0909
mixed,4,2,0.5,4.0,16,512,8192,32768,20480,308.8,424.478,424.241,0.998
mixed,4,2,0.5,4.0,16,2048,128,512,320,145.042,146.335,144.609,-0.3344
mixed,4,2,0.5,4.0,16,2048,256,1024,640,145.361,148.289,144.591,-0.2628
mixed,4,2,0.5,4.0,16,2048,512,2048,1280,148.015,149.01,147.92,-0.0955
mixed,4,2,0.5,4.0,16,2048,1024,4096,2560,151.441,159.376,156.511,0.639
mixed,4,2,0.5,4.0,16,2048,2048,8192,5120,169.248,197.201,195.457,0.9376
mixed,4,2,0.5,4.0,16,2048,4096,16384,10240,218.511,276.767,273.986,0.9523
mixed,4,2,0.5,4.0,16,2048,8192,32768,20480,314.001,429.425,431.184,1.0152
mixed,4,2,0.5,4.0,16,8192,128,512,320,210.736,210.353,209.76,
mixed,4,2,0.5,4.0,16,8192,256,1024,640,210.592,211.312,211.312,0.9986
mixed,4,2,0.5,4.0,16,8192,512,2048,1280,237.264,212.626,215.968,
mixed,4,2,0.5,4.0,16,8192,1024,4096,2560,212.577,212.479,213.041,
mixed,4,2,0.5,4.0,16,8192,2048,8192,5120,214.672,228.418,216.033,0.099
mixed,4,2,0.5,4.0,16,8192,4096,16384,10240,228.88,277.457,275.409,0.9578
mixed,4,2,0.5,4.0,16,8192,8192,32768,20480,319.152,435.296,430.337,0.9573
mixed,4,2,0.5,4.0,16,16384,128,512,320,288.45,287.729,287.537,
mixed,4,2,0.5,4.0,16,16384,256,1024,640,287.091,287.2,287.169,0.7169
mixed,4,2,0.5,4.0,16,16384,512,2048,1280,288.625,288.387,287.488,
mixed,4,2,0.5,4.0,16,16384,1024,4096,2560,341.026,300.227,333.793,
mixed,4,2,0.5,4.0,16,16384,2048,8192,5120,300.577,302.27,300.56,-0.0106
mixed,4,2,0.5,4.0,16,16384,4096,16384,10240,305.296,333.664,303.73,-0.0552
mixed,4,2,0.5,4.0,16,16384,8192,32768,20480,330.88,438.0,434.626,0.9685
mixed,4,2,0.5,4.0,64,0,128,512,320,123.169,128.802,129.039,1.0421
mixed,4,2,0.5,4.0,64,0,256,1024,640,134.768,148.144,148.321,1.0132
mixed,4,2,0.5,4.0,64,0,512,2048,1280,158.768,187.087,186.545,0.9809
mixed,4,2,0.5,4.0,64,0,1024,4096,2560,207.106,265.298,265.777,1.0082
mixed,4,2,0.5,4.0,64,0,2048,8192,5120,304.609,422.259,420.673,0.9865
mixed,4,2,0.5,4.0,64,0,4096,16384,10240,500.832,734.754,733.456,0.9945
mixed,4,2,0.5,4.0,64,0,8192,32768,20480,886.339,1353.203,1351.472,0.9963
mixed,4,2,0.5,4.0,64,512,128,512,320,196.689,210.816,187.151,-0.6751
mixed,4,2,0.5,4.0,64,512,256,1024,640,215.199,230.769,196.995,-1.1692
mixed,4,2,0.5,4.0,64,512,512,2048,1280,240.513,268.77,224.177,-0.5781
mixed,4,2,0.5,4.0,64,512,1024,4096,2560,287.009,344.946,301.231,0.2455
mixed,4,2,0.5,4.0,64,512,2048,8192,5120,385.648,422.45,454.751,1.8777
mixed,4,2,0.5,4.0,64,512,4096,16384,10240,500.896,734.016,732.817,0.9949
mixed,4,2,0.5,4.0,64,512,8192,32768,20480,887.956,1352.514,1353.169,1.0014
mixed,4,2,0.5,4.0,64,2048,128,512,320,230.817,231.602,232.289,1.8764
mixed,4,2,0.5,4.0,64,2048,256,1024,640,232.144,230.56,231.839,
mixed,4,2,0.5,4.0,64,2048,512,2048,1280,269.617,327.918,276.223,0.1133
mixed,4,2,0.5,4.0,64,2048,1024,4096,2560,347.2,406.865,316.561,-0.5135
mixed,4,2,0.5,4.0,64,2048,2048,8192,5120,445.071,561.889,459.424,0.1229
mixed,4,2,0.5,4.0,64,2048,4096,16384,10240,640.978,871.986,768.88,0.5537
mixed,4,2,0.5,4.0,64,2048,8192,32768,20480,1031.937,1351.827,1392.466,1.127
mixed,4,2,0.5,4.0,64,8192,128,512,320,466.88,466.626,467.231,
mixed,4,2,0.5,4.0,64,8192,256,1024,640,467.984,466.722,466.994,
mixed,4,2,0.5,4.0,64,8192,512,2048,1280,467.616,468.257,467.968,0.5484
mixed,4,2,0.5,4.0,64,8192,1024,4096,2560,468.304,468.338,468.115,-5.5735
mixed,4,2,0.5,4.0,64,8192,2048,8192,5120,568.015,802.015,633.363,0.2793
mixed,4,2,0.5,4.0,64,8192,4096,16384,10240,880.579,1110.911,786.274,-0.4094
mixed,4,2,0.5,4.0,64,8192,8192,32768,20480,1264.514,1729.539,1398.803,0.2888
mixed,4,2,0.5,4.0,64,16384,128,512,320,778.081,777.666,778.481,
mixed,4,2,0.5,4.0,64,16384,256,1024,640,780.448,777.776,777.793,
mixed,4,2,0.5,4.0,64,16384,512,2048,1280,777.586,778.673,779.152,1.4416
mixed,4,2,0.5,4.0,64,16384,1024,4096,2560,778.659,778.77,778.577,-0.7342
mixed,4,2,0.5,4.0,64,16384,2048,8192,5120,778.352,780.367,779.217,0.4293
mixed,4,2,0.5,4.0,64,16384,4096,16384,10240,960.754,1423.107,1098.289,0.2975
mixed,4,2,0.5,4.0,64,16384,8192,32768,20480,1575.188,2038.053,1406.706,-0.364
mixed,4,2,0.5,4.0,256,0,128,512,320,149.841,150.112,149.361,-1.7731
mixed,4,2,0.5,4.0,256,0,256,1024,640,155.441,186.704,185.006,0.9457
mixed,4,2,0.5,4.0,256,0,512,2048,1280,205.682,263.233,262.608,0.9891
mixed,4,2,0.5,4.0,256,0,1024,4096,2560,303.024,420.784,418.497,0.9806
mixed,4,2,0.5,4.0,256,0,2048,8192,5120,497.058,728.692,726.258,0.9895
mixed,4,2,0.5,4.0,256,0,4096,16384,10240,882.801,1350.002,1341.939,0.9827
mixed,4,2,0.5,4.0,256,0,8192,32768,20480,1651.202,2571.492,2571.893,1.0004
mixed,4,2,0.5,4.0,256,512,128,512,320,225.664,226.225,225.423,-0.4292
mixed,4,2,0.5,4.0,256,512,256,1024,640,233.281,263.585,264.017,1.0142
mixed,4,2,0.5,4.0,256,512,512,2048,1280,283.808,344.095,342.883,0.9799
mixed,4,2,0.5,4.0,256,512,1024,4096,2560,383.154,500.816,498.962,0.9842
mixed,4,2,0.5,4.0,256,512,2048,8192,5120,578.595,811.043,811.153,1.0005
mixed,4,2,0.5,4.0,256,512,4096,16384,10240,967.024,1425.555,1427.49,1.0042
mixed,4,2,0.5,4.0,256,512,8192,32768,20480,1732.563,2661.941,2653.699,0.9911
mixed,4,2,0.5,4.0,256,2048,128,512,320,465.619,465.667,466.144,10.8454
mixed,4,2,0.5,4.0,256,2048,256,1024,640,466.706,467.185,466.208,-1.0354
mixed,4,2,0.5,4.0,256,2048,512,2048,1280,467.455,468.319,467.697,0.2794
mixed,4,2,0.5,4.0,256,2048,1024,4096,2560,508.242,625.105,622.015,0.9736
mixed,4,2,0.5,4.0,256,2048,2048,8192,5120,701.152,937.729,935.443,0.9903
mixed,4,2,0.5,4.0,256,2048,4096,16384,10240,1090.082,1551.155,1550.851,0.9993
mixed,4,2,0.5,4.0,256,2048,8192,32768,20480,1856.548,2773.14,2783.447,1.0112
mixed,4,2,0.5,4.0,256,8192,128,512,320,1390.594,1386.723,1384.739,
mixed,4,2,0.5,4.0,256,8192,256,1024,640,1384.211,1386.691,1383.189,-0.4126
mixed,4,2,0.5,4.0,256,8192,512,2048,1280,1390.882,1383.745,1386.978,
mixed,4,2,0.5,4.0,256,8192,1024,4096,2560,1386.226,1385.97,1385.378,
mixed,4,2,0.5,4.0,256,8192,2048,8192,5120,1384.513,1393.971,1391.62,0.7513
mixed,4,2,0.5,4.0,256,8192,4096,16384,10240,1548.342,2013.409,2007.765,0.9879
mixed,4,2,0.5,4.0,256,8192,8192,32768,20480,2315.908,3235.381,3242.662,1.0079
mixed,4,2,0.5,4.0,256,16384,128,512,320,2600.48,2602.132,2600.501,0.0127
mixed,4,2,0.5,4.0,256,16384,256,1024,640,2600.646,2601.651,2601.765,1.1134
mixed,4,2,0.5,4.0,256,16384,512,2048,1280,2602.003,2599.845,2600.583,
mixed,4,2,0.5,4.0,256,16384,1024,4096,2560,2604.629,2602.258,2599.698,
mixed,4,2,0.5,4.0,256,16384,2048,8192,5120,2599.253,2600.821,2609.972,6.8367
mixed,4,2,0.5,4.0,256,16384,4096,16384,10240,2601.029,2613.329,2618.535,1.4232
mixed,4,2,0.5,4.0,256,16384,8192,32768,20480,2925.091,3844.565,3838.95,0.9939
mixed,4,2,0.5,4.0,1024,0,128,512,320,449.265,450.402,449.346,0.0717
mixed,4,2,0.5,4.0,1024,0,256,1024,640,452.033,458.368,453.889,0.293
mixed,4,2,0.5,4.0,1024,0,512,2048,1280,457.855,468.398,461.63,0.358
mixed,4,2,0.5,4.0,1024,0,1024,4096,2560,477.36,483.042,479.183,0.3209
mixed,4,2,0.5,4.0,1024,0,2048,8192,5120,499.552,512.514,514.37,1.1432
mixed,4,2,0.5,4.0,1024,0,4096,16384,10240,518.144,542.835,520.353,0.0895
mixed,4,2,0.5,4.0,1024,0,8192,32768,20480,558.352,592.432,555.523,-0.083
mixed,4,2,0.5,4.0,1024,512,128,512,320,708.434,711.617,709.65,0.3819
mixed,4,2,0.5,4.0,1024,512,256,1024,640,712.832,721.52,715.619,0.3208
mixed,4,2,0.5,4.0,1024,512,512,2048,1280,726.881,728.163,719.506,-5.7531
mixed,4,2,0.5,4.0,1024,512,1024,4096,2560,736.447,747.157,740.91,0.4168
mixed,4,2,0.5,4.0,1024,512,2048,8192,5120,766.193,769.776,773.01,1.9026
mixed,4,2,0.5,4.0,1024,512,4096,16384,10240,778.721,801.023,780.978,0.1012
mixed,4,2,0.5,4.0,1024,512,8192,32768,20480,815.617,848.387,813.503,-0.0645
mixed,4,2,0.5,4.0,1024,2048,128,512,320,1154.449,1155.44,1154.497,0.0484
mixed,4,2,0.5,4.0,1024,2048,256,1024,640,1158.198,1165.74,1162.37,0.5532
mixed,4,2,0.5,4.0,1024,2048,512,2048,1280,1173.201,1172.546,1173.315,
mixed,4,2,0.5,4.0,1024,2048,1024,4096,2560,1184.389,1191.104,1182.448,-0.2889
mixed,4,2,0.5,4.0,1024,2048,2048,8192,5120,1213.311,1216.371,1218.31,1.6332
mixed,4,2,0.5,4.0,1024,2048,4096,16384,10240,1224.991,1246.131,1228.884,0.1841
mixed,4,2,0.5,4.0,1024,2048,8192,32768,20480,1259.379,1294.084,1265.057,0.1636
mixed,4,2,0.5,4.0,1024,8192,128,512,320,2897.767,2903.09,2897.816,0.0094
mixed,4,2,0.5,4.0,1024,8192,256,1024,640,2895.921,2912.754,2908.742,0.7617
mixed,4,2,0.5,4.0,1024,8192,512,2048,1280,2917.399,2911.317,2918.999,
mixed,4,2,0.5,4.0,1024,8192,1024,4096,2560,2934.66,2934.322,2924.835,
mixed,4,2,0.5,4.0,1024,8192,2048,8192,5120,2946.709,2960.872,2955.59,0.627
mixed,4,2,0.5,4.0,1024,8192,4096,16384,10240,2962.276,2985.95,2969.347,0.2986
mixed,4,2,0.5,4.0,1024,8192,8192,32768,20480,3001.544,3030.486,3006.95,0.1868
mixed,4,2,0.5,4.0,1024,16384,128,512,320,5185.942,5176.361,5190.956,
mixed,4,2,0.5,4.0,1024,16384,256,1024,640,5193.145,5190.218,5193.624,
mixed,4,2,0.5,4.0,1024,16384,512,2048,1280,5201.227,5207.095,5191.643,-1.6337
mixed,4,2,0.5,4.0,1024,16384,1024,4096,2560,5224.813,5221.815,5214.393,
mixed,4,2,0.5,4.0,1024,16384,2048,8192,5120,5227.259,5237.261,5256.57,2.9307
mixed,4,2,0.5,4.0,1024,16384,4096,16384,10240,5249.034,5265.288,5247.756,-0.0787
mixed,4,2,0.5,4.0,1024,16384,8192,32768,20480,5296.138,5327.644,5296.028,-0.0035
mixed,4,2,0.5,4.0,4096,0,128,512,320,2166.182,2173.78,2170.677,0.5915
mixed,4,2,0.5,4.0,4096,0,256,1024,640,2169.86,2184.021,2180.87,0.7776
mixed,4,2,0.5,4.0,4096,0,512,2048,1280,2188.805,2193.155,2188.519,-0.0658
mixed,4,2,0.5,4.0,4096,0,1024,4096,2560,2198.948,2203.044,2197.635,-0.3205
mixed,4,2,0.5,4.0,4096,0,2048,8192,5120,2224.242,2238.613,2233.044,0.6125
mixed,4,2,0.5,4.0,4096,0,4096,16384,10240,2244.018,2269.267,2244.197,0.0071
mixed,4,2,0.5,4.0,4096,0,8192,32768,20480,2288.418,2311.959,2287.54,-0.0373
mixed,4,2,0.5,4.0,4096,512,128,512,320,2803.89,2807.337,2811.942,2.336
mixed,4,2,0.5,4.0,4096,512,256,1024,640,2811.62,2831.458,2813.718,0.1058
mixed,4,2,0.5,4.0,4096,512,512,2048,1280,2826.868,2838.437,2825.862,-0.087
mixed,4,2,0.5,4.0,4096,512,1024,4096,2560,2838.504,2847.492,2844.458,0.6624
mixed,4,2,0.5,4.0,4096,512,2048,8192,5120,2862.803,2875.62,2877.956,1.1822
mixed,4,2,0.5,4.0,4096,512,4096,16384,10240,2883.097,2903.129,2884.356,0.0629
mixed,4,2,0.5,4.0,4096,512,8192,32768,20480,2918.711,2951.946,2923.784,0.1527
mixed,4,2,0.5,4.0,4096,2048,128,512,320,3887.019,3889.829,3887.751,0.2605
mixed,4,2,0.5,4.0,4096,2048,256,1024,640,3883.099,3901.334,3895.814,0.6972
mixed,4,2,0.5,4.0,4096,2048,512,2048,1280,3913.785,3901.666,3911.176,
mixed,4,2,0.5,4.0,4096,2048,1024,4096,2560,3914.745,3928.184,3913.581,-0.0867
mixed,4,2,0.5,4.0,4096,2048,2048,8192,5120,3933.576,3947.496,3949.242,1.1254
mixed,4,2,0.5,4.0,4096,2048,4096,16384,10240,3955.001,3978.812,3959.258,0.1788
mixed,4,2,0.5,4.0,4096,2048,8192,32768,20480,3996.324,4029.447,4001.562,0.1581
mixed,4,2,0.5,4.0,4096,8192,128,512,320,8185.949,8180.382,8197.475,
mixed,4,2,0.5,4.0,4096,8192,256,1024,640,8178.702,8208.111,8187.906,0.3129
mixed,4,2,0.5,4.0,4096,8192,512,2048,1280,8211.927,8206.146,8203.294,
mixed,4,2,0.5,4.0,4096,8192,1024,4096,2560,8204.481,8218.26,8231.871,1.9879
mixed,4,2,0.5,4.0,4096,8192,2048,8192,5120,8243.255,8243.63,8241.708,-4.1322
mixed,4,2,0.5,4.0,4096,8192,4096,16384,10240,8271.566,8286.035,8256.229,-1.06
mixed,4,2,0.5,4.0,4096,8192,8192,32768,20480,8285.266,8320.708,8283.299,-0.0555
mixed,4,2,0.5,4.0,4096,16384,128,512,320,13903.549,13903.097,13911.645,
mixed,4,2,0.5,4.0,4096,16384,256,1024,640,13869.957,13916.773,13905.294,0.7548
mixed,4,2,0.5,4.0,4096,16384,512,2048,1280,13841.71,13837.751,13851.725,
mixed,4,2,0.5,4.0,4096,16384,1024,4096,2560,13844.546,13847.081,13863.107,7.3217
mixed,4,2,0.5,4.0,4096,16384,2048,8192,5120,13871.212,13879.984,13994.927,14.1034
mixed,4,2,0.5,4.0,4096,16384,4096,16384,10240,13963.906,13998.547,13892.097,-2.0729
mixed,4,2,0.5,4.0,4096,16384,8192,32768,20480,14011.409,14031.599,14002.771,-0.4278
pure,4,3,0.75,4.0,0,0,128,512,416,96.127,96.432,96.638,1.6738
pure,4,3,0.75,4.0,0,0,256,1024,832,97.393,98.079,98.192,1.1639
pure,4,3,0.75,4.0,0,0,512,2048,1664,100.399,111.345,104.881,0.4094
pure,4,3,0.75,4.0,0,0,1024,4096,3328,137.263,126.03,139.103,
pure,4,3,0.75,4.0,0,0,2048,8192,6656,149.793,150.001,149.264,-2.5287
pure,4,3,0.75,4.0,0,0,4096,16384,13312,172.047,179.184,176.367,0.6052
pure,4,3,0.75,4.0,0,0,8192,32768,26624,205.214,219.551,208.385,0.2211
mixed,4,3,0.75,4.0,16,0,128,512,416,111.344,111.825,112.111,1.5969
mixed,4,3,0.75,4.0,16,0,256,1024,832,113.697,117.313,116.993,0.9117
mixed,4,3,0.75,4.0,16,0,512,2048,1664,122.127,132.672,127.264,0.4872
mixed,4,3,0.75,4.0,16,0,1024,4096,3328,138.256,147.776,147.969,1.0203
mixed,4,3,0.75,4.0,16,0,2048,8192,6656,173.648,187.903,187.632,0.981
mixed,4,3,0.75,4.0,16,0,4096,16384,13312,235.442,265.81,267.567,1.0578
mixed,4,3,0.75,4.0,16,0,8192,32768,26624,364.56,421.009,420.946,0.9989
mixed,4,3,0.75,4.0,16,512,128,512,416,127.999,127.36,127.808,
mixed,4,3,0.75,4.0,16,512,256,1024,832,130.593,127.36,126.911,
mixed,4,3,0.75,4.0,16,512,512,2048,1664,131.184,133.921,134.912,1.3621
mixed,4,3,0.75,4.0,16,512,1024,4096,3328,146.32,156.559,155.775,0.9234
mixed,4,3,0.75,4.0,16,512,2048,8192,6656,181.344,195.489,194.832,0.9536
mixed,4,3,0.75,4.0,16,512,4096,16384,13312,239.584,269.312,269.76,1.015
mixed,4,3,0.75,4.0,16,512,8192,32768,26624,365.312,424.625,426.8,1.0367
mixed,4,3,0.75,4.0,16,2048,128,512,416,145.376,146.88,145.327,-0.0326
mixed,4,3,0.75,4.0,16,2048,256,1024,832,147.393,147.776,146.657,-1.9205
mixed,4,3,0.75,4.0,16,2048,512,2048,1664,148.688,149.441,148.416,-0.3603
mixed,4,3,0.75,4.0,16,2048,1024,4096,3328,149.87,158.56,156.689,0.7847
mixed,4,3,0.75,4.0,16,2048,2048,8192,6656,183.745,198.561,198.095,0.9685
mixed,4,3,0.75,4.0,16,2048,4096,16384,13312,245.264,275.921,273.985,0.9368
mixed,4,3,0.75,4.0,16,2048,8192,32768,26624,370.913,428.56,428.883,1.0056
mixed,4,3,0.75,4.0,16,8192,128,512,416,210.656,210.784,210.816,1.2451
mixed,4,3,0.75,4.0,16,8192,256,1024,832,210.638,210.529,210.466,
mixed,4,3,0.75,4.0,16,8192,512,2048,1664,211.985,211.824,212.0,
mixed,4,3,0.75,4.0,16,8192,1024,4096,3328,213.361,212.863,212.126,
mixed,4,3,0.75,4.0,16,8192,2048,8192,6656,221.266,228.928,294.61,9.5713
mixed,4,3,0.75,4.0,16,8192,4096,16384,13312,248.834,277.761,277.728,0.9989
mixed,4,3,0.75,4.0,16,8192,8192,32768,26624,379.426,435.793,434.69,0.9804
mixed,4,3,0.75,4.0,16,16384,128,512,416,288.192,288.48,288.128,-0.2205
mixed,4,3,0.75,4.0,16,16384,256,1024,832,287.952,288.03,287.361,-7.6258
mixed,4,3,0.75,4.0,16,16384,512,2048,1664,287.873,288.673,287.839,-0.0425
mixed,4,3,0.75,4.0,16,16384,1024,4096,3328,300.034,300.416,300.576,1.4183
mixed,4,3,0.75,4.0,16,16384,2048,8192,6656,301.794,302.785,301.68,-0.115
mixed,4,3,0.75,4.0,16,16384,4096,16384,13312,326.976,333.473,481.49,23.7824
mixed,4,3,0.75,4.0,16,16384,8192,32768,26624,381.057,439.776,438.017,0.97
mixed,4,3,0.75,4.0,64,0,128,512,416,125.954,129.424,130.066,1.185
mixed,4,3,0.75,4.0,64,0,256,1024,832,141.824,148.415,149.184,1.1167
mixed,4,3,0.75,4.0,64,0,512,2048,1664,173.343,187.458,186.975,0.9659
mixed,4,3,0.75,4.0,64,0,1024,4096,3328,236.67,266.608,265.761,0.9717
mixed,4,3,0.75,4.0,64,0,2048,8192,6656,364.064,421.921,422.576,1.0113
mixed,4,3,0.75,4.0,64,0,4096,16384,13312,616.271,734.067,734.031,0.9997
mixed,4,3,0.75,4.0,64,0,8192,32768,26624,1120.576,1352.452,1350.431,0.9913
mixed,4,3,0.75,4.0,64,512,128,512,416,204.896,210.206,211.009,1.1513
mixed,4,3,0.75,4.0,64,512,256,1024,832,219.105,229.185,228.432,0.9253
mixed,4,3,0.75,4.0,64,512,512,2048,1664,254.273,268.303,268.752,1.032
mixed,4,3,0.75,4.0,64,512,1024,4096,3328,317.76,346.481,345.185,0.9549
mixed,4,3,0.75,4.0,64,512,2048,8192,6656,364.978,422.481,422.929,1.0078
mixed,4,3,0.75,4.0,64,512,4096,16384,13312,617.057,733.248,733.65,1.0035
mixed,4,3,0.75,4.0,64,512,8192,32768,26624,1121.217,1352.565,1351.828,0.9968
mixed,4,3,0.75,4.0,64,2048,128,512,416,231.058,231.505,231.055,-0.0056
mixed,4,3,0.75,4.0,64,2048,256,1024,832,231.856,229.728,230.96,
mixed,4,3,0.75,4.0,64,2048,512,2048,1664,300.05,331.168,329.328,0.9409
mixed,4,3,0.75,4.0,64,2048,1024,4096,3328,376.256,406.833,406.913,1.0026
mixed,4,3,0.75,4.0,64,2048,2048,8192,6656,504.673,563.376,563.938,1.0096
mixed,4,3,0.75,4.0,64,2048,4096,16384,13312,756.611,872.131,871.97,0.9986
mixed,4,3,0.75,4.0,64,2048,8192,32768,26624,1260.659,1352.419,1491.681,2.5177
mixed,4,3,0.75,4.0,64,8192,128,512,416,467.538,467.76,466.416,-5.0495
mixed,4,3,0.75,4.0,64,8192,256,1024,832,468.385,467.585,468.194,
mixed,4,3,0.75,4.0,64,8192,512,2048,1664,468.223,468.881,467.535,-1.0448
mixed,4,3,0.75,4.0,64,8192,1024,4096,3328,469.28,468.784,468.849,
mixed,4,3,0.75,4.0,64,8192,2048,8192,6656,686.946,800.179,799.568,0.9946
mixed,4,3,0.75,4.0,64,8192,4096,16384,13312,994.66,1109.682,1110.436,1.0066
mixed,4,3,0.75,4.0,64,8192,8192,32768,26624,1500.353,1731.843,1731.827,0.9999
mixed,4,3,0.75,4.0,64,16384,128,512,416,777.443,777.474,777.007,-13.8095
mixed,4,3,0.75,4.0,64,16384,256,1024,832,777.952,777.249,777.01,
mixed,4,3,0.75,4.0,64,16384,512,2048,1664,777.81,778.722,777.731,-0.086
mixed,4,3,0.75,4.0,64,16384,1024,4096,3328,780.05,780.626,779.522,-0.9175
mixed,4,3,0.75,4.0,64,16384,2048,8192,6656,779.731,779.618,782.562,
mixed,4,3,0.75,4.0,64,16384,4096,16384,13312,1191.409,1417.219,1418.546,1.0059
mixed,4,3,0.75,4.0,64,16384,8192,32768,26624,1808.356,2041.122,2038.115,0.9871
mixed,4,3,0.75,4.0,256,0,128,512,416,150.239,151.36,151.358,0.9991
mixed,4,3,0.75,4.0,256,0,256,1024,832,171.921,185.552,186.192,1.047
mixed,4,3,0.75,4.0,256,0,512,2048,1664,233.984,262.944,261.249,0.9415
mixed,4,3,0.75,4.0,256,0,1024,4096,3328,361.696,419.521,418.195,0.9771
mixed,4,3,0.75,4.0,256,0,2048,8192,6656,612.53,727.283,727.907,1.0054
mixed,4,3,0.75,4.0,256,0,4096,16384,13312,1114.802,1346.707,1344.996,0.9926
mixed,4,3,0.75,4.0,256,0,8192,32768,26624,2113.782,2577.54,2574.769,0.994
mixed,4,3,0.75,4.0,256,512,128,512,416,226.593,226.113,225.922,
mixed,4,3,0.75,4.0,256,512,256,1024,832,250.721,265.665,265.36,0.9796
mixed,4,3,0.75,4.0,256,512,512,2048,1664,315.071,344.082,344.081,1.0
mixed,4,3,0.75,4.0,256,512,1024,4096,3328,441.697,500.689,499.745,0.984
mixed,4,3,0.75,4.0,256,512,2048,8192,6656,697.841,811.121,811.666,1.0048
mixed,4,3,0.75,4.0,256,512,4096,16384,13312,1196.963,1427.075,1425.682,0.9939
mixed,4,3,0.75,4.0,256,512,8192,32768,26624,2192.597,2665.492,2650.213,0.9677
mixed,4,3,0.75,4.0,256,2048,128,512,416,466.624,466.545,467.089,
mixed,4,3,0.75,4.0,256,2048,256,1024,832,466.544,468.354,465.984,-0.3097
mixed,4,3,0.75,4.0,256,2048,512,2048,1664,468.064,468.927,468.657,0.6875
mixed,4,3,0.75,4.0,256,2048,1024,4096,3328,565.763,624.146,621.729,0.9586
mixed,4,3,0.75,4.0,256,2048,2048,8192,6656,817.747,935.267,935.457,1.0016
mixed,4,3,0.75,4.0,256,2048,4096,16384,13312,1318.692,1551.971,1549.509,0.9894
mixed,4,3,0.75,4.0,256,2048,8192,32768,26624,2323.377,2775.735,2778.021,1.0051
mixed,4,3,0.75,4.0,256,8192,128,512,416,1385.825,1385.348,1385.714,
mixed,4,3,0.75,4.0,256,8192,256,1024,832,1387.284,1385.921,1383.811,
mixed,4,3,0.75,4.0,256,8192,512,2048,1664,1389.394,1385.139,1388.34,
mixed,4,3,0.75,4.0,256,8192,1024,4096,3328,1386.416,1385.409,1385.377,
mixed,4,3,0.75,4.0,256,8192,2048,8192,6656,1381.907,1392.836,1393.459,1.0569
mixed,4,3,0.75,4.0,256,8192,4096,16384,13312,1777.894,2011.092,2010.629,0.998
mixed,4,3,0.75,4.0,256,8192,8192,32768,26624,2781.652,3237.253,3242.775,1.0121
mixed,4,3,0.75,4.0,256,16384,128,512,416,2598.884,2601.78,2604.852,2.0611
mixed,4,3,0.75,4.0,256,16384,256,1024,832,2601.282,2605.62,2600.564,-0.1654
mixed,4,3,0.75,4.0,256,16384,512,2048,1664,2600.595,2607.092,2599.047,-0.2382
mixed,4,3,0.75,4.0,256,16384,1024,4096,3328,2602.709,2596.486,2599.443,
mixed,4,3,0.75,4.0,256,16384,2048,8192,6656,2599.189,2598.102,2610.082,
mixed,4,3,0.75,4.0,256,16384,4096,16384,13312,2600.119,2619.748,2619.668,0.9959
mixed,4,3,0.75,4.0,256,16384,8192,32768,26624,3385.99,3844.421,3840.597,0.9917
mixed,4,3,0.75,4.0,1024,0,128,512,416,452.352,449.824,450.045,
mixed,4,3,0.75,4.0,1024,0,256,1024,832,457.424,458.705,457.265,-0.1238
mixed,4,3,0.75,4.0,1024,0,512,2048,1664,460.48,470.144,463.124,0.2736
mixed,4,3,0.75,4.0,1024,0,1024,4096,3328,496.416,486.865,499.666,
mixed,4,3,0.75,4.0,1024,0,2048,8192,6656,506.688,512.305,509.054,0.4212
mixed,4,3,0.75,4.0,1024,0,4096,16384,13312,537.521,544.658,537.089,-0.0607
mixed,4,3,0.75,4.0,1024,0,8192,32768,26624,569.442,589.472,576.258,0.3403
mixed,4,3,0.75,4.0,1024,512,128,512,416,713.635,712.466,710.228,
mixed,4,3,0.75,4.0,1024,512,256,1024,832,711.505,723.36,719.62,0.6845
mixed,4,3,0.75,4.0,1024,512,512,2048,1664,720.354,727.537,722.288,0.2694
mixed,4,3,0.75,4.0,1024,512,1024,4096,3328,755.011,747.84,757.986,
mixed,4,3,0.75,4.0,1024,512,2048,8192,6656,766.656,769.505,769.119,0.8647
mixed,4,3,0.75,4.0,1024,512,4096,16384,13312,794.339,799.775,798.094,0.6908
mixed,4,3,0.75,4.0,1024,512,8192,32768,26624,827.841,850.87,834.834,0.3037
mixed,4,3,0.75,4.0,1024,2048,128,512,416,1161.062,1158.003,1154.707,
mixed,4,3,0.75,4.0,1024,2048,256,1024,832,1162.962,1169.523,1164.562,0.2439
mixed,4,3,0.75,4.0,1024,2048,512,2048,1664,1190.611,1175.218,1195.441,
mixed,4,3,0.75,4.0,1024,2048,1024,4096,3328,1199.716,1191.473,1201.282,
mixed,4,3,0.75,4.0,1024,2048,2048,8192,6656,1211.316,1214.675,1213.635,0.6903
mixed,4,3,0.75,4.0,1024,2048,4096,16384,13312,1238.835,1246.722,1242.991,0.5269
mixed,4,3,0.75,4.0,1024,2048,8192,32768,26624,1275.121,1292.434,1276.816,0.0979
mixed,4,3,0.75,4.0,1024,8192,128,512,416,2900.185,2903.297,2899.763,-0.1354
mixed,4,3,0.75,4.0,1024,8192,256,1024,832,2910.933,2911.43,2909.941,-1.995
mixed,4,3,0.75,4.0,1024,8192,512,2048,1664,2930.899,2915.72,2934.501,
mixed,4,3,0.75,4.0,1024,8192,1024,4096,3328,2938.035,2928.552,2951.639,
mixed,4,3,0.75,4.0,1024,8192,2048,8192,6656,2960.118,2960.033,2953.124,
mixed,4,3,0.75,4.0,1024,8192,4096,16384,13312,2983.035,2984.596,2978.98,-2.5977
mixed,4,3,0.75,4.0,1024,8192,8192,32768,26624,3014.566,3038.006,3011.654,-0.1242
mixed,4,3,0.75,4.0,1024,16384,128,512,416,5175.578,5192.141,5180.664,0.3071
mixed,4,3,0.75,4.0,1024,16384,256,1024,832,5188.525,5202.413,5190.135,0.1159
mixed,4,3,0.75,4.0,1024,16384,512,2048,1664,5235.863,5196.444,5218.263,
mixed,4,3,0.75,4.0,1024,16384,1024,4096,3328,5225.066,5215.803,5242.685,
mixed,4,3,0.75,4.0,1024,16384,2048,8192,6656,5236.697,5248.938,5246.039,0.7632
mixed,4,3,0.75,4.0,1024,16384,4096,16384,13312,5257.485,5274.811,5278.934,1.238
mixed,4,3,0.75,4.0,1024,16384,8192,32768,26624,5303.256,5319.185,5302.534,-0.0453
mixed,4,3,0.75,4.0,4096,0,128,512,416,2174.867,2173.555,2177.12,
mixed,4,3,0.75,4.0,4096,0,256,1024,832,2177.395,2186.233,2180.403,0.3403
mixed,4,3,0.75,4.0,4096,0,512,2048,1664,2211.671,2191.845,2219.528,
mixed,4,3,0.75,4.0,4096,0,1024,4096,3328,2214.758,2210.293,2215.459,
mixed,4,3,0.75,4.0,4096,0,2048,8192,6656,2228.149,2237.062,2233.509,0.6013
mixed,4,3,0.75,4.0,4096,0,4096,16384,13312,2258.724,2268.309,2263.248,0.472
mixed,4,3,0.75,4.0,4096,0,8192,32768,26624,2294.167,2310.85,2295.83,0.0997
mixed,4,3,0.75,4.0,4096,512,128,512,416,2816.837,2805.528,2813.507,
mixed,4,3,0.75,4.0,4096,512,256,1024,832,2810.405,2825.127,2820.805,0.7064
mixed,4,3,0.75,4.0,4096,512,512,2048,1664,2852.34,2828.419,2849.762,
mixed,4,3,0.75,4.0,4096,512,1024,4096,3328,2850.966,2847.301,2856.421,
mixed,4,3,0.75,4.0,4096,512,2048,8192,6656,2864.452,2876.931,2871.029,0.5271
mixed,4,3,0.75,4.0,4096,512,4096,16384,13312,2894.756,2899.339,2898.611,0.8412
mixed,4,3,0.75,4.0,4096,512,8192,32768,26624,2928.805,2958.658,2936.44,0.2557
mixed,4,3,0.75,4.0,4096,2048,128,512,416,3884.932,3889.867,3889.849,0.9963
mixed,4,3,0.75,4.0,4096,2048,256,1024,832,3891.177,3901.704,3897.976,0.6458
mixed,4,3,0.75,4.0,4096,2048,512,2048,1664,3924.891,3910.727,3922.023,
mixed,4,3,0.75,4.0,4096,2048,1024,4096,3328,3933.459,3930.021,3934.697,
mixed,4,3,0.75,4.0,4096,2048,2048,8192,6656,3943.258,3947.318,3945.96,0.6654
mixed,4,3,0.75,4.0,4096,2048,4096,16384,13312,3962.076,3986.776,3973.961,0.4812
mixed,4,3,0.75,4.0,4096,2048,8192,32768,26624,4014.777,4020.443,4006.09,-1.5329
mixed,4,3,0.75,4.0,4096,8192,128,512,416,8211.479,8190.317,8180.098,
mixed,4,3,0.75,4.0,4096,8192,256,1024,832,8188.596,8198.49,8181.29,-0.7384
mixed,4,3,0.75,4.0,4096,8192,512,2048,1664,8222.899,8222.401,8226.595,
mixed,4,3,0.75,4.0,4096,8192,1024,4096,3328,8231.476,8226.434,8236.581,
mixed,4,3,0.75,4.0,4096,8192,2048,8192,6656,8235.344,8235.617,8244.676,34.2477
mixed,4,3,0.75,4.0,4096,8192,4096,16384,13312,8260.564,8310.61,8268.416,0.1569
mixed,4,3,0.75,4.0,4096,8192,8192,32768,26624,8302.227,8317.187,8323.296,1.4084
mixed,4,3,0.75,4.0,4096,16384,128,512,416,13906.49,13907.294,13907.722,1.5333
mixed,4,3,0.75,4.0,4096,16384,256,1024,832,13912.791,13832.495,13822.571,
mixed,4,3,0.75,4.0,4096,16384,512,2048,1664,13868.09,13874.622,13872.14,0.62
mixed,4,3,0.75,4.0,4096,16384,1024,4096,3328,13850.334,13862.351,13863.097,1.0621
mixed,4,3,0.75,4.0,4096,16384,2048,8192,6656,13950.605,14002.242,13955.231,0.0896
mixed,4,3,0.75,4.0,4096,16384,4096,16384,13312,13973.118,13991.2,13983.117,0.553
mixed,4,3,0.75,4.0,4096,16384,8192,32768,26624,14024.633,14058.622,14016.832,-0.2295
pure,8,1,0.125,4.0,0,0,128,512,176,76.287,100.56,98.001,0.8946
pure,8,1,0.125,4.0,0,0,256,1024,352,98.769,111.056,101.137,0.1926
pure,8,1,0.125,4.0,0,0,512,2048,704,102.064,122.639,108.894,0.3319
pure,8,1,0.125,4.0,0,0,1024,4096,1408,119.23,139.231,130.385,0.5577
pure,8,1,0.125,4.0,0,0,2048,8192,2816,136.832,168.305,155.409,0.5902
pure,8,1,0.125,4.0,0,0,4096,16384,5632,153.698,220.945,167.425,0.2041
pure,8,1,0.125,4.0,0,0,8192,32768,11264,185.345,319.473,199.696,0.107
mixed,8,1,0.125,4.0,16,0,128,512,176,90.544,116.527,115.424,0.9576
mixed,8,1,0.125,4.0,16,0,256,1024,352,114.835,123.231,120.065,0.6228
mixed,8,1,0.125,4.0,16,0,512,2048,704,119.345,134.927,131.472,0.7783
mixed,8,1,0.125,4.0,16,0,1024,4096,1408,127.52,158.306,151.328,0.7734
mixed,8,1,0.125,4.0,16,0,2048,8192,2816,141.601,198.736,192.642,0.8933
mixed,8,1,0.125,4.0,16,0,4096,16384,5632,173.744,279.36,272.642,0.9364
mixed,8,1,0.125,4.0,16,0,8192,32768,11264,227.92,440.724,431.745,0.9578
mixed,8,1,0.125,4.0,16,512,128,512,176,131.409,133.202,129.425,-1.1062
mixed,8,1,0.125,4.0,16,512,256,1024,352,133.024,133.262,132.528,-2.0753
mixed,8,1,0.125,4.0,16,512,512,2048,704,138.416,138.495,136.912,-18.9119
mixed,8,1,0.125,4.0,16,512,1024,4096,1408,135.457,158.865,156.401,0.8948
mixed,8,1,0.125,4.0,16,512,2048,8192,2816,143.552,195.507,193.647,0.9642
mixed,8,1,0.125,4.0,16,512,4096,16384,5632,174.72,277.601,274.385,0.9687
mixed,8,1,0.125,4.0,16,512,8192,32768,11264,228.177,437.729,426.659,0.9472
mixed,8,1,0.125,4.0,16,2048,128,512,176,145.728,152.113,146.799,0.1678
mixed,8,1,0.125,4.0,16,2048,256,1024,352,148.944,153.168,145.312,-0.8597
mixed,8,1,0.125,4.0,16,2048,512,2048,704,152.592,156.016,149.999,-0.7574
mixed,8,1,0.125,4.0,16,2048,1024,4096,1408,156.496,171.346,156.529,0.0022
mixed,8,1,0.125,4.0,16,2048,2048,8192,2816,153.841,204.931,196.082,0.8268
mixed,8,1,0.125,4.0,16,2048,4096,16384,5632,177.939,282.017,273.442,0.9176
mixed,8,1,0.125,4.0,16,2048,8192,32768,11264,230.529,438.433,432.755,0.9727
mixed,8,1,0.125,4.0,16,8192,128,512,176,211.824,206.595,211.712,
mixed,8,1,0.125,4.0,16,8192,256,1024,352,212.479,214.417,203.041,-4.87
mixed,8,1,0.125,4.0,16,8192,512,2048,704,234.368,217.648,218.017,
mixed,8,1,0.125,4.0,16,8192,1024,4096,1408,217.218,230.832,213.84,-0.2481
mixed,8,1,0.125,4.0,16,8192,2048,8192,2816,289.617,253.666,294.351,
mixed,8,1,0.125,4.0,16,8192,4096,16384,5632,230.577,291.633,276.816,0.7573
mixed,8,1,0.125,4.0,16,8192,8192,32768,11264,381.312,451.138,436.256,0.7869
mixed,8,1,0.125,4.0,16,16384,128,512,176,288.497,289.791,289.201,0.5442
mixed,8,1,0.125,4.0,16,16384,256,1024,352,289.154,283.906,288.862,
mixed,8,1,0.125,4.0,16,16384,512,2048,704,289.089,301.81,289.312,0.0175
mixed,8,1,0.125,4.0,16,16384,1024,4096,1408,344.752,306.625,336.4,
mixed,8,1,0.125,4.0,16,16384,2048,8192,2816,307.522,337.247,301.759,-0.1939
mixed,8,1,0.125,4.0,16,16384,4096,16384,5632,438.528,382.592,460.786,
mixed,8,1,0.125,4.0,16,16384,8192,32768,11264,341.536,456.801,436.336,0.8225
mixed,8,1,0.125,4.0,64,0,128,512,176,95.041,131.6,131.375,0.9939
mixed,8,1,0.125,4.0,64,0,256,1024,352,124.624,152.161,150.672,0.9459
mixed,8,1,0.125,4.0,64,0,512,2048,704,139.615,191.952,188.816,0.9401
mixed,8,1,0.125,4.0,64,0,1024,4096,1408,166.976,269.985,266.576,0.9669
mixed,8,1,0.125,4.0,64,0,2048,8192,2816,221.649,426.432,421.73,0.977
mixed,8,1,0.125,4.0,64,0,4096,16384,5632,330.913,737.087,736.258,0.998
mixed,8,1,0.125,4.0,64,0,8192,32768,11264,544.322,1354.178,1355.171,1.0012
mixed,8,1,0.125,4.0,64,512,128,512,176,175.537,212.191,187.073,0.3147
mixed,8,1,0.125,4.0,64,512,256,1024,352,203.488,230.353,198.752,-0.1763
mixed,8,1,0.125,4.0,64,512,512,2048,704,216.576,270.352,224.624,0.1497
mixed,8,1,0.125,4.0,64,512,1024,4096,1408,245.696,271.167,301.103,2.1753
mixed,8,1,0.125,4.0,64,512,2048,8192,2816,299.615,430.24,455.745,1.1953
mixed,8,1,0.125,4.0,64,512,4096,16384,5632,331.666,738.867,736.705,0.9947
mixed,8,1,0.125,4.0,64,512,8192,32768,11264,542.944,1356.163,1357.123,1.0012
mixed,8,1,0.125,4.0,64,2048,128,512,176,233.503,230.674,232.544,
mixed,8,1,0.125,4.0,64,2048,256,1024,352,232.879,318.37,230.383,-0.0292
mixed,8,1,0.125,4.0,64,2048,512,2048,704,261.73,334.978,277.411,0.2141
mixed,8,1,0.125,4.0,64,2048,1024,4096,1408,304.497,410.884,317.203,0.1194
mixed,8,1,0.125,4.0,64,2048,2048,8192,2816,362.016,566.275,460.8,0.4836
mixed,8,1,0.125,4.0,64,2048,4096,16384,5632,470.881,741.234,770.561,1.1085
mixed,8,1,0.125,4.0,64,2048,8192,32768,11264,684.016,1357.779,1391.536,1.0501
mixed,8,1,0.125,4.0,64,8192,128,512,176,468.545,468.626,468.161,-4.8062
mixed,8,1,0.125,4.0,64,8192,256,1024,352,468.561,469.153,469.601,1.7582
mixed,8,1,0.125,4.0,64,8192,512,2048,704,471.138,472.801,469.888,-0.7511
mixed,8,1,0.125,4.0,64,8192,1024,4096,1408,471.105,788.225,469.393,-0.0054
mixed,8,1,0.125,4.0,64,8192,2048,8192,2816,588.338,802.562,630.641,0.1975
mixed,8,1,0.125,4.0,64,8192,4096,16384,5632,704.37,1118.529,788.513,0.2032
mixed,8,1,0.125,4.0,64,8192,8192,32768,11264,920.369,1733.731,1396.628,0.5855
mixed,8,1,0.125,4.0,64,16384,128,512,176,778.801,778.785,778.382,
mixed,8,1,0.125,4.0,64,16384,256,1024,352,780.113,778.738,782.207,
mixed,8,1,0.125,4.0,64,16384,512,2048,704,779.793,780.241,779.696,-0.2168
mixed,8,1,0.125,4.0,64,16384,1024,4096,1408,780.084,786.817,780.561,0.0708
mixed,8,1,0.125,4.0,64,16384,2048,8192,2816,781.122,1406.754,779.747,-0.0022
mixed,8,1,0.125,4.0,64,16384,4096,16384,5632,1017.137,1419.443,1094.819,0.1931
mixed,8,1,0.125,4.0,64,16384,8192,32768,11264,1227.985,2041.058,1407.156,0.2204
mixed,8,1,0.125,4.0,256,0,128,512,176,150.464,171.904,167.12,0.7769
mixed,8,1,0.125,4.0,256,0,256,1024,352,156.21,187.679,183.791,0.8764
mixed,8,1,0.125,4.0,256,0,512,2048,704,171.986,266.735,262.05,0.9506
mixed,8,1,0.125,4.0,256,0,1024,4096,1408,216.176,422.913,417.424,0.9734
mixed,8,1,0.125,4.0,256,0,2048,8192,2816,324.546,733.09,727.075,0.9853
mixed,8,1,0.125,4.0,256,0,4096,16384,5632,539.441,1346.85,1341.571,0.9935
mixed,8,1,0.125,4.0,256,0,8192,32768,11264,963.168,2571.126,2572.423,1.0008
mixed,8,1,0.125,4.0,256,512,128,512,176,226.178,227.122,225.024,-1.2219
mixed,8,1,0.125,4.0,256,512,256,1024,352,226.882,266.721,262.767,0.9008
mixed,8,1,0.125,4.0,256,512,512,2048,704,242.976,348.625,342.897,0.9458
mixed,8,1,0.125,4.0,256,512,1024,4096,1408,298.081,505.584,498.93,0.9679
mixed,8,1,0.125,4.0,256,512,2048,8192,2816,408.032,811.953,807.939,0.9901
mixed,8,1,0.125,4.0,256,512,4096,16384,5632,622.464,1426.739,1424.228,0.9969
mixed,8,1,0.125,4.0,256,512,8192,32768,11264,1043.668,2663.846,2660.42,0.9979
mixed,8,1,0.125,4.0,256,2048,128,512,176,467.281,467.394,465.841,-12.7345
mixed,8,1,0.125,4.0,256,2048,256,1024,352,467.438,467.89,466.227,-2.6874
mixed,8,1,0.125,4.0,256,2048,512,2048,704,467.056,470.402,467.312,0.0765
mixed,8,1,0.125,4.0,256,2048,1024,4096,1408,468.942,626.4,621.761,0.9705
mixed,8,1,0.125,4.0,256,2048,2048,8192,2816,528.014,940.081,932.019,0.9804
mixed,8,1,0.125,4.0,256,2048,4096,16384,5632,745.043,1553.204,1546.466,0.9917
mixed,8,1,0.125,4.0,256,2048,8192,32768,11264,1168.545,2787.187,2778.675,0.9947
mixed,8,1,0.125,4.0,256,8192,128,512,176,1384.194,1385.154,1386.418,2.3153
mixed,8,1,0.125,4.0,256,8192,256,1024,352,1385.523,1385.2,1388.21,
mixed,8,1,0.125,4.0,256,8192,512,2048,704,1386.677,1384.21,1387.843,
mixed,8,1,0.125,4.0,256,8192,1024,4096,1408,1385.794,1382.897,1384.945,
mixed,8,1,0.125,4.0,256,8192,2048,8192,2816,1385.442,1392.385,1389.571,0.5948
mixed,8,1,0.125,4.0,256,8192,4096,16384,5632,1384.515,2010.132,2003.845,0.9899
mixed,8,1,0.125,4.0,256,8192,8192,32768,11264,1627.106,3247.173,3232.599,0.991
mixed,8,1,0.125,4.0,256,16384,128,512,176,2603.511,2599.11,2603.846,
mixed,8,1,0.125,4.0,256,16384,256,1024,352,2596.998,2599.238,2599.012,0.8989
mixed,8,1,0.125,4.0,256,16384,512,2048,704,2597.205,2596.565,2593.668,
mixed,8,1,0.125,4.0,256,16384,1024,4096,1408,2600.533,2598.869,2600.454,
mixed,8,1,0.125,4.0,256,16384,2048,8192,2816,2603.635,2599.557,2596.614,
mixed,8,1,0.125,4.0,256,16384,4096,16384,5632,2596.339,2611.43,2615.508,1.2702
mixed,8,1,0.125,4.0,256,16384,8192,32768,11264,2607.83,3844.217,3839.718,0.9964
mixed,8,1,0.125,4.0,1024,0,128,512,176,449.935,464.305,450.865,0.0647
mixed,8,1,0.125,4.0,1024,0,256,1024,352,455.281,467.648,457.779,0.202
mixed,8,1,0.125,4.0,1024,0,512,2048,704,471.635,485.123,467.392,-0.3146
mixed,8,1,0.125,4.0,1024,0,1024,4096,1408,480.576,502.084,484.046,0.1613
mixed,8,1,0.125,4.0,1024,0,2048,8192,2816,492.992,538.817,516.192,0.5063
mixed,8,1,0.125,4.0,1024,0,4096,16384,5632,516.272,588.704,540.431,0.3335
mixed,8,1,0.125,4.0,1024,0,8192,32768,11264,553.346,695.986,568.994,0.1097
mixed,8,1,0.125,4.0,1024,512,128,512,176,710.103,720.862,714.193,0.3801
mixed,8,1,0.125,4.0,1024,512,256,1024,352,716.402,730.99,718.738,0.1602
mixed,8,1,0.125,4.0,1024,512,512,2048,704,732.756,741.699,727.778,-0.5567
mixed,8,1,0.125,4.0,1024,512,1024,4096,1408,741.135,760.689,746.773,0.2883
mixed,8,1,0.125,4.0,1024,512,2048,8192,2816,755.472,791.889,776.274,0.5712
mixed,8,1,0.125,4.0,1024,512,4096,16384,5632,774.961,849.665,794.37,0.2598
mixed,8,1,0.125,4.0,1024,512,8192,32768,11264,811.154,947.62,829.235,0.1325
mixed,8,1,0.125,4.0,1024,2048,128,512,176,1156.543,1170.941,1157.425,0.0613
mixed,8,1,0.125,4.0,1024,2048,256,1024,352,1161.286,1175.711,1162.336,0.0728
mixed,8,1,0.125,4.0,1024,2048,512,2048,704,1180.964,1190.803,1192.096,1.1315
mixed,8,1,0.125,4.0,1024,2048,1024,4096,1408,1185.282,1209.841,1190.676,0.2196
mixed,8,1,0.125,4.0,1024,2048,2048,8192,2816,1200.675,1239.922,1222.963,0.5679
mixed,8,1,0.125,4.0,1024,2048,4096,16384,5632,1216.606,1291.634,1234.39,0.237
mixed,8,1,0.125,4.0,1024,2048,8192,32768,11264,1253.328,1387.189,1271.508,0.1358
mixed,8,1,0.125,4.0,1024,8192,128,512,176,2897.542,2911.507,2900.506,0.2122
mixed,8,1,0.125,4.0,1024,8192,256,1024,352,2904.843,2914.785,2899.994,-0.4877
mixed,8,1,0.125,4.0,1024,8192,512,2048,704,2919.556,2928.117,2937.636,2.1121
mixed,8,1,0.125,4.0,1024,8192,1024,4096,1408,2926.563,2947.586,2940.709,0.6729
mixed,8,1,0.125,4.0,1024,8192,2048,8192,2816,2942.566,2975.432,2964.518,0.6679
mixed,8,1,0.125,4.0,1024,8192,4096,16384,5632,2957.748,3032.018,2982.771,0.3369
mixed,8,1,0.125,4.0,1024,8192,8192,32768,11264,3005.252,3135.154,3007.255,0.0154
mixed,8,1,0.125,4.0,1024,16384,128,512,176,5183.337,5207.629,5196.378,0.5368
mixed,8,1,0.125,4.0,1024,16384,256,1024,352,5189.373,5208.668,5185.752,-0.1877
mixed,8,1,0.125,4.0,1024,16384,512,2048,704,5201.019,5212.248,5209.691,0.7722
mixed,8,1,0.125,4.0,1024,16384,1024,4096,1408,5215.7,5240.582,5237.017,0.8567
mixed,8,1,0.125,4.0,1024,16384,2048,8192,2816,5241.723,5257.368,5250.312,0.549
mixed,8,1,0.125,4.0,1024,16384,4096,16384,5632,5247.175,5327.033,5268.598,0.2683
mixed,8,1,0.125,4.0,1024,16384,8192,32768,11264,5278.78,5412.438,5298.632,0.1485
mixed,8,1,0.125,4.0,4096,0,128,512,176,2168.438,2185.715,2170.419,0.1147
mixed,8,1,0.125,4.0,4096,0,256,1024,352,2179.281,2192.073,2176.085,-0.2498
mixed,8,1,0.125,4.0,4096,0,512,2048,704,2191.299,2200.994,2205.892,1.5052
mixed,8,1,0.125,4.0,4096,0,1024,4096,1408,2195.798,2229.682,2207.524,0.3461
mixed,8,1,0.125,4.0,4096,0,2048,8192,2816,2215.332,2260.053,2235.159,0.4434
mixed,8,1,0.125,4.0,4096,0,4096,16384,5632,2246.004,2321.382,2255.349,0.124
mixed,8,1,0.125,4.0,4096,0,8192,32768,11264,2278.258,2411.75,2290.883,0.0946
mixed,8,1,0.125,4.0,4096,512,128,512,176,2808.244,2835.525,2811.492,0.1191
mixed,8,1,0.125,4.0,4096,512,256,1024,352,2813.892,2831.094,2820.436,0.3804
mixed,8,1,0.125,4.0,4096,512,512,2048,704,2833.618,2843.607,2837.892,0.4279
mixed,8,1,0.125,4.0,4096,512,1024,4096,1408,2842.341,2862.872,2845.495,0.1536
mixed,8,1,0.125,4.0,4096,512,2048,8192,2816,2849.637,2889.927,2878.755,0.7227
mixed,8,1,0.125,4.0,4096,512,4096,16384,5632,2875.495,2943.767,2901.209,0.3766
mixed,8,1,0.125,4.0,4096,512,8192,32768,11264,2907.427,3045.51,2926.742,0.1399
mixed,8,1,0.125,4.0,4096,2048,128,512,176,3883.417,3907.673,3890.851,0.3065
mixed,8,1,0.125,4.0,4096,2048,256,1024,352,3895.318,3902.263,3886.263,-1.3036
mixed,8,1,0.125,4.0,4096,2048,512,2048,704,3903.302,3918.329,3925.031,1.446
mixed,8,1,0.125,4.0,4096,2048,1024,4096,1408,3912.158,3936.84,3925.334,0.5338
mixed,8,1,0.125,4.0,4096,2048,2048,8192,2816,3928.821,3965.672,3952.524,0.6432
mixed,8,1,0.125,4.0,4096,2048,4096,16384,5632,3951.031,4020.664,3967.533,0.237
mixed,8,1,0.125,4.0,4096,2048,8192,32768,11264,3997.928,4116.876,4009.307,0.0957
mixed,8,1,0.125,4.0,4096,8192,128,512,176,8181.503,8194.93,8177.986,-0.2619
mixed,8,1,0.125,4.0,4096,8192,256,1024,352,8194.512,8213.284,8194.135,-0.0201
mixed,8,1,0.125,4.0,4096,8192,512,2048,704,8200.067,8223.246,8226.897,1.1575
mixed,8,1,0.125,4.0,4096,8192,1024,4096,1408,8215.331,8231.346,8223.342,0.5002
mixed,8,1,0.125,4.0,4096,8192,2048,8192,2816,8234.543,8262.87,8253.618,0.6734
mixed,8,1,0.125,4.0,4096,8192,4096,16384,5632,8253.038,8331.107,8280.365,0.35
mixed,8,1,0.125,4.0,4096,8192,8192,32768,11264,8293.31,8420.702,8291.023,-0.018
mixed,8,1,0.125,4.0,4096,16384,128,512,176,13897.087,13916.49,13911.098,0.7221
mixed,8,1,0.125,4.0,4096,16384,256,1024,352,13905.322,13926.306,13912.707,0.352
mixed,8,1,0.125,4.0,4096,16384,512,2048,704,13929.52,13934.651,13851.566,-15.1928
mixed,8,1,0.125,4.0,4096,16384,1024,4096,1408,13919.984,13951.907,13936.561,0.5193
mixed,8,1,0.125,4.0,4096,16384,2048,8192,2816,13937.999,13971.99,13964.349,0.7752
mixed,8,1,0.125,4.0,4096,16384,4096,16384,5632,13952.925,14034.08,13979.967,0.3332
mixed,8,1,0.125,4.0,4096,16384,8192,32768,11264,14012.607,14129.378,14021.834,0.079
pure,8,2,0.25,4.0,0,0,128,512,224,80.834,99.951,99.167,0.959
pure,8,2,0.25,4.0,0,0,256,1024,448,98.704,111.25,101.488,0.2219
pure,8,2,0.25,4.0,0,0,512,2048,896,104.065,122.751,114.608,0.5642
pure,8,2,0.25,4.0,0,0,1024,4096,1792,130.671,141.296,144.05,1.2592
pure,8,2,0.25,4.0,0,0,2048,8192,3584,139.855,168.752,154.719,0.5144
pure,8,2,0.25,4.0,0,0,4096,16384,7168,162.895,221.872,178.384,0.2626
pure,8,2,0.25,4.0,0,0,8192,32768,14336,205.615,321.873,220.897,0.1314
mixed,8,2,0.25,4.0,16,0,128,512,224,95.983,117.553,113.537,0.8138
mixed,8,2,0.25,4.0,16,0,256,1024,448,117.07,122.832,121.952,0.8473
mixed,8,2,0.25,4.0,16,0,512,2048,896,122.351,135.088,134.078,0.9207
mixed,8,2,0.25,4.0,16,0,1024,4096,1792,133.902,157.855,153.167,0.8043
mixed,8,2,0.25,4.0,16,0,2048,8192,3584,152.752,199.809,194.048,0.8776
mixed,8,2,0.25,4.0,16,0,4096,16384,7168,189.056,278.815,274.401,0.9508
mixed,8,2,0.25,4.0,16,0,8192,32768,14336,257.935,439.41,431.537,0.9566
mixed,8,2,0.25,4.0,16,512,128,512,224,131.328,132.945,130.239,-0.6735
mixed,8,2,0.25,4.0,16,512,256,1024,448,133.249,135.312,132.88,-0.1788
mixed,8,2,0.25,4.0,16,512,512,2048,896,134.511,138.817,135.153,0.1491
mixed,8,2,0.25,4.0,16,512,1024,4096,1792,136.802,159.264,155.139,0.8163
mixed,8,2,0.25,4.0,16,512,2048,8192,3584,153.935,195.969,195.649,0.9924
mixed,8,2,0.25,4.0,16,512,4096,16384,7168,185.375,276.962,269.168,0.9149
mixed,8,2,0.25,4.0,16,512,8192,32768,14336,256.833,436.223,428.303,0.9559
mixed,8,2,0.25,4.0,16,2048,128,512,224,146.594,151.393,145.422,-0.2443
mixed,8,2,0.25,4.0,16,2048,256,1024,448,150.098,152.431,146.797,-1.4144
mixed,8,2,0.25,4.0,16,2048,512,2048,896,149.617,155.282,152.048,0.4291
mixed,8,2,0.25,4.0,16,2048,1024,4096,1792,151.695,171.487,158.29,0.3332
mixed,8,2,0.25,4.0,16,2048,2048,8192,3584,168.496,205.504,197.183,0.7752
mixed,8,2,0.25,4.0,16,2048,4096,16384,7168,195.392,281.664,275.055,0.9234
mixed,8,2,0.25,4.0,16,2048,8192,32768,14336,261.055,438.513,432.655,0.967
mixed,8,2,0.25,4.0,16,8192,128,512,224,211.538,206.289,211.617,
mixed,8,2,0.25,4.0,16,8192,256,1024,448,201.681,214.05,201.921,0.0194
mixed,8,2,0.25,4.0,16,8192,512,2048,896,214.448,217.793,213.376,-0.3206
mixed,8,2,0.25,4.0,16,8192,1024,4096,1792,217.423,231.075,214.209,-0.2355
mixed,8,2,0.25,4.0,16,8192,2048,8192,3584,311.585,251.569,298.897,
mixed,8,2,0.25,4.0,16,8192,4096,16384,7168,348.495,292.688,280.128,
mixed,8,2,0.25,4.0,16,8192,8192,32768,14336,288.144,450.144,438.32,0.927
mixed,8,2,0.25,4.0,16,16384,128,512,224,289.328,288.994,288.609,
mixed,8,2,0.25,4.0,16,16384,256,1024,448,289.394,285.28,290.049,
mixed,8,2,0.25,4.0,16,16384,512,2048,896,289.791,302.335,289.25,-0.0432
mixed,8,2,0.25,4.0,16,16384,1024,4096,1792,300.816,305.424,301.873,0.2295
mixed,8,2,0.25,4.0,16,16384,2048,8192,3584,307.841,336.53,303.089,-0.1657
mixed,8,2,0.25,4.0,16,16384,4096,16384,7168,505.537,381.122,468.607,
mixed,8,2,0.25,4.0,16,16384,8192,32768,14336,576.29,455.763,443.024,
mixed,8,2,0.25,4.0,64,0,128,512,224,100.802,132.191,131.6,0.9812
mixed,8,2,0.25,4.0,64,0,256,1024,448,129.427,151.904,150.194,0.9239
mixed,8,2,0.25,4.0,64,0,512,2048,896,146.96,191.68,190.033,0.9632
mixed,8,2,0.25,4.0,64,0,1024,4096,1792,182.081,271.601,268.095,0.9608
mixed,8,2,0.25,4.0,64,0,2048,8192,3584,250.191,429.664,424.512,0.9713
mixed,8,2,0.25,4.0,64,0,4096,16384,7168,386.401,739.137,733.906,0.9852
mixed,8,2,0.25,4.0,64,0,8192,32768,14336,658.32,1355.235,1358.21,1.0043
mixed,8,2,0.25,4.0,64,512,128,512,224,193.553,212.464,189.68,-0.2049
mixed,8,2,0.25,4.0,64,512,256,1024,448,207.44,231.712,199.01,-0.3473
mixed,8,2,0.25,4.0,64,512,512,2048,896,227.329,270.096,223.953,-0.0789
mixed,8,2,0.25,4.0,64,512,1024,4096,1792,261.361,272.129,300.175,3.6047
mixed,8,2,0.25,4.0,64,512,2048,8192,3584,252.111,430.033,425.889,0.9767
mixed,8,2,0.25,4.0,64,512,4096,16384,7168,388.656,738.337,736.914,0.9959
mixed,8,2,0.25,4.0,64,512,8192,32768,14336,658.77,1356.305,1356.656,1.0005
mixed,8,2,0.25,4.0,64,2048,128,512,224,233.12,230.894,234.416,
mixed,8,2,0.25,4.0,64,2048,256,1024,448,226.208,317.6,230.578,0.0478
mixed,8,2,0.25,4.0,64,2048,512,2048,896,291.953,331.41,278.994,-0.3285
mixed,8,2,0.25,4.0,64,2048,1024,4096,1792,319.888,409.967,318.896,-0.011
mixed,8,2,0.25,4.0,64,2048,2048,8192,3584,390.591,567.89,462.179,0.4038
mixed,8,2,0.25,4.0,64,2048,4096,16384,7168,527.038,740.24,772.353,1.1506
mixed,8,2,0.25,4.0,64,2048,8192,32768,14336,662.384,1360.626,1358.724,0.9973
mixed,8,2,0.25,4.0,64,8192,128,512,224,468.944,469.52,469.425,0.8343
mixed,8,2,0.25,4.0,64,8192,256,1024,448,469.57,469.843,469.394,-0.6417
mixed,8,2,0.25,4.0,64,8192,512,2048,896,469.649,472.544,469.024,-0.2155
mixed,8,2,0.25,4.0,64,8192,1024,4096,1792,469.87,788.307,471.233,0.0043
mixed,8,2,0.25,4.0,64,8192,2048,8192,3584,707.906,804.61,633.999,-0.7643
mixed,8,2,0.25,4.0,64,8192,4096,16384,7168,761.905,1115.682,789.808,0.0789
mixed,8,2,0.25,4.0,64,8192,8192,32768,14336,1034.549,1734.467,1395.554,0.5158
mixed,8,2,0.25,4.0,64,16384,128,512,224,779.233,779.664,779.634,0.9316
mixed,8,2,0.25,4.0,64,16384,256,1024,448,779.488,779.074,780.322,
mixed,8,2,0.25,4.0,64,16384,512,2048,896,778.034,780.785,778.815,0.2839
mixed,8,2,0.25,4.0,64,16384,1024,4096,1792,780.258,785.601,780.56,0.0565
mixed,8,2,0.25,4.0,64,16384,2048,8192,3584,780.577,1408.147,782.16,0.0025
mixed,8,2,0.25,4.0,64,16384,4096,16384,7168,1250.72,1425.124,1095.57,-0.8896
mixed,8,2,0.25,4.0,64,16384,8192,32768,14336,1339.393,2041.459,1409.505,0.0999
mixed,8,2,0.25,4.0,256,0,128,512,224,153.201,172.208,167.857,0.7711
mixed,8,2,0.25,4.0,256,0,256,1024,448,166.24,187.697,185.858,0.9143
mixed,8,2,0.25,4.0,256,0,512,2048,896,177.792,265.647,263.058,0.9705
mixed,8,2,0.25,4.0,256,0,1024,4096,1792,246.031,423.119,419.041,0.977
mixed,8,2,0.25,4.0,256,0,2048,8192,3584,385.937,734.354,728.642,0.9836
mixed,8,2,0.25,4.0,256,0,4096,16384,7168,654.545,1344.419,1343.746,0.999
mixed,8,2,0.25,4.0,256,0,8192,32768,14336,1189.988,2572.676,2571.83,0.9994
mixed,8,2,0.25,4.0,256,512,128,512,224,225.186,226.688,226.399,0.8075
mixed,8,2,0.25,4.0,256,512,256,1024,448,226.959,266.576,264.032,0.9358
mixed,8,2,0.25,4.0,256,512,512,2048,896,256.368,347.871,343.44,0.9516
mixed,8,2,0.25,4.0,256,512,1024,4096,1792,327.297,504.944,500.865,0.977
mixed,8,2,0.25,4.0,256,512,2048,8192,3584,465.952,813.505,813.825,1.0009
mixed,8,2,0.25,4.0,256,512,4096,16384,7168,736.401,1430.292,1431.588,1.0019
mixed,8,2,0.25,4.0,256,512,8192,32768,14336,1274.563,2665.046,2649.508,0.9888
mixed,8,2,0.25,4.0,256,2048,128,512,224,465.73,467.313,466.05,0.2021
mixed,8,2,0.25,4.0,256,2048,256,1024,448,467.011,468.288,467.489,0.3743
mixed,8,2,0.25,4.0,256,2048,512,2048,896,468.096,470.084,468.21,0.0574
mixed,8,2,0.25,4.0,256,2048,1024,4096,1792,471.762,627.763,623.538,0.9729
mixed,8,2,0.25,4.0,256,2048,2048,8192,3584,588.178,938.529,932.625,0.9831
mixed,8,2,0.25,4.0,256,2048,4096,16384,7168,860.385,1556.13,1549.171,0.99
mixed,8,2,0.25,4.0,256,2048,8192,32768,14336,1398.579,2797.11,2777.492,0.986
mixed,8,2,0.25,4.0,256,8192,128,512,224,1388.419,1387.698,1386.723,
mixed,8,2,0.25,4.0,256,8192,256,1024,448,1395.074,1387.073,1387.651,
mixed,8,2,0.25,4.0,256,8192,512,2048,896,1386.723,1385.122,1386.978,
mixed,8,2,0.25,4.0,256,8192,1024,4096,1792,1387.762,1384.402,1391.01,
mixed,8,2,0.25,4.0,256,8192,2048,8192,3584,1385.747,1391.362,1389.105,0.5982
mixed,8,2,0.25,4.0,256,8192,4096,16384,7168,1381.968,2013.365,2006.39,0.989
mixed,8,2,0.25,4.0,256,8192,8192,32768,14336,1857.585,3239.287,3241.348,1.0015
mixed,8,2,0.25,4.0,256,16384,128,512,224,2600.914,2601.395,2600.486,-0.8918
mixed,8,2,0.25,4.0,256,16384,256,1024,448,2596.743,2607.431,2605.523,0.8214
mixed,8,2,0.25,4.0,256,16384,512,2048,896,2608.933,2610.216,2604.58,-3.3938
mixed,8,2,0.25,4.0,256,16384,1024,4096,1792,2607.411,2597.126,2598.868,
mixed,8,2,0.25,4.0,256,16384,2048,8192,3584,2603.653,2598.63,2599.012,
mixed,8,2,0.25,4.0,256,16384,4096,16384,7168,2598.82,2617.795,2624.15,1.3349
mixed,8,2,0.25,4.0,256,16384,8192,32768,14336,2600.691,3839.303,3847.162,1.0063
mixed,8,2,0.25,4.0,1024,0,128,512,224,450.786,462.222,450.862,0.0067
mixed,8,2,0.25,4.0,1024,0,256,1024,448,460.322,469.985,457.97,-0.2433
mixed,8,2,0.25,4.0,1024,0,512,2048,896,464.213,484.527,468.159,0.1943
mixed,8,2,0.25,4.0,1024,0,1024,4096,1792,484.45,502.544,500.529,0.8886
mixed,8,2,0.25,4.0,1024,0,2048,8192,3584,499.728,535.904,514.194,0.3999
mixed,8,2,0.25,4.0,1024,0,4096,16384,7168,531.603,593.775,543.348,0.1889
mixed,8,2,0.25,4.0,1024,0,8192,32768,14336,572.896,694.449,590.0,0.1407
mixed,8,2,0.25,4.0,1024,512,128,512,224,712.21,723.215,712.303,0.0085
mixed,8,2,0.25,4.0,1024,512,256,1024,448,720.847,728.995,726.308,0.6703
mixed,8,2,0.25,4.0,1024,512,512,2048,896,739.377,746.4,729.649,-1.3851
mixed,8,2,0.25,4.0,1024,512,1024,4096,1792,746.915,764.18,761.697,0.8562
mixed,8,2,0.25,4.0,1024,512,2048,8192,3584,758.607,795.551,776.831,0.4933
mixed,8,2,0.25,4.0,1024,512,4096,16384,7168,787.442,848.226,799.137,0.1924
mixed,8,2,0.25,4.0,1024,512,8192,32768,14336,833.391,949.074,849.503,0.1393
mixed,8,2,0.25,4.0,1024,2048,128,512,224,1157.635,1168.403,1157.393,-0.0224
mixed,8,2,0.25,4.0,1024,2048,256,1024,448,1166.381,1174.052,1169.654,0.4267
mixed,8,2,0.25,4.0,1024,2048,512,2048,896,1180.467,1190.255,1197.471,1.7372
mixed,8,2,0.25,4.0,1024,2048,1024,4096,1792,1194.929,1209.383,1205.822,0.7537
mixed,8,2,0.25,4.0,1024,2048,2048,8192,3584,1203.089,1241.968,1221.423,0.4716
mixed,8,2,0.25,4.0,1024,2048,4096,16384,7168,1228.441,1290.496,1244.884,0.265
mixed,8,2,0.25,4.0,1024,2048,8192,32768,14336,1272.948,1391.572,1285.059,0.1021
mixed,8,2,0.25,4.0,1024,8192,128,512,224,2904.648,2911.897,2901.19,-0.4771
mixed,8,2,0.25,4.0,1024,8192,256,1024,448,2912.857,2918.982,2916.516,0.5975
mixed,8,2,0.25,4.0,1024,8192,512,2048,896,2931.108,2929.062,2944.662,
mixed,8,2,0.25,4.0,1024,8192,1024,4096,1792,2939.235,2946.611,2953.251,1.9005
mixed,8,2,0.25,4.0,1024,8192,2048,8192,3584,2943.974,2976.953,2961.795,0.5404
mixed,8,2,0.25,4.0,1024,8192,4096,16384,7168,2978.887,3036.61,2992.146,0.2297
mixed,8,2,0.25,4.0,1024,8192,8192,32768,14336,3010.617,3126.787,3034.679,0.2071
mixed,8,2,0.25,4.0,1024,16384,128,512,224,5186.844,5189.958,5189.386,0.8166
mixed,8,2,0.25,4.0,1024,16384,256,1024,448,5189.77,5196.846,5201.318,1.632
mixed,8,2,0.25,4.0,1024,16384,512,2048,896,5211.989,5216.748,5220.426,1.7732
mixed,8,2,0.25,4.0,1024,16384,1024,4096,1792,5233.994,5238.537,5239.658,1.247
mixed,8,2,0.25,4.0,1024,16384,2048,8192,3584,5231.516,5258.683,5247.391,0.5843
mixed,8,2,0.25,4.0,1024,16384,4096,16384,7168,5259.402,5314.28,5274.824,0.281
mixed,8,2,0.25,4.0,1024,16384,8192,32768,14336,5304.426,5421.371,5323.881,0.1664
mixed,8,2,0.25,4.0,4096,0,128,512,224,2170.693,2184.372,2174.245,0.2597
mixed,8,2,0.25,4.0,4096,0,256,1024,448,2179.653,2191.51,2182.067,0.2036
mixed,8,2,0.25,4.0,4096,0,512,2048,896,2201.428,2203.108,2215.334,8.2774
mixed,8,2,0.25,4.0,4096,0,1024,4096,1792,2217.299,2221.413,2226.546,2.2476
mixed,8,2,0.25,4.0,4096,0,2048,8192,3584,2218.95,2259.747,2235.479,0.4052
mixed,8,2,0.25,4.0,4096,0,4096,16384,7168,2257.682,2312.915,2257.432,-0.0045
mixed,8,2,0.25,4.0,4096,0,8192,32768,14336,2298.643,2410.132,2313.17,0.1303
mixed,8,2,0.25,4.0,4096,512,128,512,224,2817.397,2825.3,2817.558,0.0203
mixed,8,2,0.25,4.0,4096,512,256,1024,448,2817.863,2836.977,2825.687,0.4093
mixed,8,2,0.25,4.0,4096,512,512,2048,896,2842.338,2848.084,2858.584,2.8274
mixed,8,2,0.25,4.0,4096,512,1024,4096,1792,2849.146,2864.358,2860.726,0.7612
mixed,8,2,0.25,4.0,4096,512,2048,8192,3584,2866.164,2890.965,2875.364,0.371
mixed,8,2,0.25,4.0,4096,512,4096,16384,7168,2885.348,2947.206,2900.041,0.2375
mixed,8,2,0.25,4.0,4096,512,8192,32768,14336,2924.02,3050.612,2943.716,0.1556
mixed,8,2,0.25,4.0,4096,2048,128,512,224,3888.117,3893.864,3891.686,0.6211
mixed,8,2,0.25,4.0,4096,2048,256,1024,448,3912.809,3900.472,3904.218,
mixed,8,2,0.25,4.0,4096,2048,512,2048,896,3914.63,3917.943,3930.314,4.7348
mixed,8,2,0.25,4.0,4096,2048,1024,4096,1792,3920.06,3931.514,3948.312,2.4665
mixed,8,2,0.25,4.0,4096,2048,2048,8192,3584,3937.081,3966.872,3949.718,0.4242
mixed,8,2,0.25,4.0,4096,2048,4096,16384,7168,3959.349,4020.072,3970.166,0.1781
mixed,8,2,0.25,4.0,4096,2048,8192,32768,14336,4023.881,4122.793,4016.006,-0.0796
mixed,8,2,0.25,4.0,4096,8192,128,512,224,8185.602,8214.959,8186.436,0.0284
mixed,8,2,0.25,4.0,4096,8192,256,1024,448,8186.227,8201.716,8205.123,1.22
mixed,8,2,0.25,4.0,4096,8192,512,2048,896,8216.452,8219.89,8232.852,4.7706
mixed,8,2,0.25,4.0,4096,8192,1024,4096,1792,8210.448,8232.609,8232.051,0.9748
mixed,8,2,0.25,4.0,4096,8192,2048,8192,3584,8227.76,8251.54,8261.923,1.4366
mixed,8,2,0.25,4.0,4096,8192,4096,16384,7168,8250.895,8327.41,8275.345,0.3195
mixed,8,2,0.25,4.0,4096,8192,8192,32768,14336,8308.566,8423.968,8315.153,0.0571
mixed,8,2,0.25,4.0,4096,16384,128,512,224,13897.401,13926.512,13898.872,0.0505
mixed,8,2,0.25,4.0,4096,16384,256,1024,448,13909.418,13909.904,13919.113,19.9291
mixed,8,2,0.25,4.0,4096,16384,512,2048,896,13934.577,13940.751,13943.217,1.3993
mixed,8,2,0.25,4.0,4096,16384,1024,4096,1792,13921.967,13951.594,13944.834,0.7718
mixed,8,2,0.25,4.0,4096,16384,2048,8192,3584,13969.994,13998.797,13964.654,-0.1854
mixed,8,2,0.25,4.0,4096,16384,4096,16384,7168,13968.562,14033.859,13987.583,0.2913
mixed,8,2,0.25,4.0,4096,16384,8192,32768,14336,14001.871,14032.331,13963.035,-1.275
pure,8,3,0.375,4.0,0,0,128,512,272,97.264,100.177,98.464,0.4117
pure,8,3,0.375,4.0,0,0,256,1024,544,100.287,111.646,101.585,0.1143
pure,8,3,0.375,4.0,0,0,512,2048,1088,113.586,122.689,113.728,0.0156
pure,8,3,0.375,4.0,0,0,1024,4096,2176,123.68,140.32,128.321,0.2788
pure,8,3,0.375,4.0,0,0,2048,8192,4352,141.951,170.224,153.696,0.4154
pure,8,3,0.375,4.0,0,0,4096,16384,8704,170.447,219.808,175.601,0.1044
pure,8,3,0.375,4.0,0,0,8192,32768,17408,226.287,319.009,229.728,0.0371
mixed,8,3,0.375,4.0,16,0,128,512,272,112.338,116.368,114.465,0.5277
mixed,8,3,0.375,4.0,16,0,256,1024,544,116.431,122.687,121.811,0.86
mixed,8,3,0.375,4.0,16,0,512,2048,1088,122.448,135.346,132.399,0.7715
mixed,8,3,0.375,4.0,16,0,1024,4096,2176,136.272,156.816,152.704,0.7998
mixed,8,3,0.375,4.0,16,0,2048,8192,4352,156.8,197.791,193.392,0.8927
mixed,8,3,0.375,4.0,16,0,4096,16384,8704,203.714,276.481,271.824,0.936
mixed,8,3,0.375,4.0,16,0,8192,32768,17408,288.542,437.632,427.137,0.9296
mixed,8,3,0.375,4.0,16,512,128,512,272,130.687,132.835,130.099,-0.274
mixed,8,3,0.375,4.0,16,512,256,1024,544,134.146,133.009,128.85,
mixed,8,3,0.375,4.0,16,512,512,2048,1088,135.536,138.624,134.594,-0.305
mixed,8,3,0.375,4.0,16,512,1024,4096,2176,139.778,159.057,155.055,0.7924
mixed,8,3,0.375,4.0,16,512,2048,8192,4352,157.968,194.897,194.561,0.9909
mixed,8,3,0.375,4.0,16,512,4096,16384,8704,201.121,275.776,268.481,0.9023
mixed,8,3,0.375,4.0,16,512,8192,32768,17408,285.825,435.937,426.513,0.9372
mixed,8,3,0.375,4.0,16,2048,128,512,272,146.399,151.663,145.934,-0.0883
mixed,8,3,0.375,4.0,16,2048,256,1024,544,152.017,153.119,148.672,-3.0336
mixed,8,3,0.375,4.0,16,2048,512,2048,1088,153.712,155.681,153.537,-0.0889
mixed,8,3,0.375,4.0,16,2048,1024,4096,2176,155.984,172.303,155.968,-0.001
mixed,8,3,0.375,4.0,16,2048,2048,8192,4352,170.206,204.512,196.865,0.7771
mixed,8,3,0.375,4.0,16,2048,4096,16384,8704,210.224,281.153,274.032,0.8996
mixed,8,3,0.375,4.0,16,2048,8192,32768,17408,289.617,436.848,431.585,0.9643
mixed,8,3,0.375,4.0,16,8192,128,512,272,210.672,206.111,210.753,
mixed,8,3,0.375,4.0,16,8192,256,1024,544,206.207,213.392,202.096,-0.5723
mixed,8,3,0.375,4.0,16,8192,512,2048,1088,213.441,217.361,213.84,0.1019
mixed,8,3,0.375,4.0,16,8192,1024,4096,2176,216.641,230.721,214.16,-0.1762
mixed,8,3,0.375,4.0,16,8192,2048,8192,4352,227.857,250.257,230.335,0.1107
mixed,8,3,0.375,4.0,16,8192,4096,16384,8704,247.121,289.905,277.777,0.7165
mixed,8,3,0.375,4.0,16,8192,8192,32768,17408,294.096,449.969,436.178,0.9115
mixed,8,3,0.375,4.0,16,16384,128,512,272,287.44,287.745,288.209,2.5197
mixed,8,3,0.375,4.0,16,16384,256,1024,544,287.569,282.625,287.087,
mixed,8,3,0.375,4.0,16,16384,512,2048,1088,293.183,300.321,295.297,0.2961
mixed,8,3,0.375,4.0,16,16384,1024,4096,2176,301.842,305.442,301.841,-0.0004
mixed,8,3,0.375,4.0,16,16384,2048,8192,4352,305.246,335.984,302.88,-0.077
mixed,8,3,0.375,4.0,16,16384,4096,16384,8704,334.272,379.232,334.543,0.006
mixed,8,3,0.375,4.0,16,16384,8192,32768,17408,380.88,452.928,436.162,0.7673
mixed,8,3,0.375,4.0,64,0,128,512,272,120.417,132.37,132.513,1.012
mixed,8,3,0.375,4.0,64,0,256,1024,544,131.744,151.808,149.887,0.9042
mixed,8,3,0.375,4.0,64,0,512,2048,1088,153.825,190.944,188.464,0.9332
mixed,8,3,0.375,4.0,64,0,1024,4096,2176,196.177,269.425,266.704,0.9629
mixed,8,3,0.375,4.0,64,0,2048,8192,4352,278.575,424.978,422.831,0.9853
mixed,8,3,0.375,4.0,64,0,4096,16384,8704,443.058,734.082,731.538,0.9913
mixed,8,3,0.375,4.0,64,0,8192,32768,17408,770.802,1344.608,1346.147,1.0027
mixed,8,3,0.375,4.0,64,512,128,512,272,196.929,211.889,208.895,0.7999
mixed,8,3,0.375,4.0,64,512,256,1024,544,211.665,230.561,227.585,0.8425
mixed,8,3,0.375,4.0,64,512,512,2048,1088,230.577,268.608,267.967,0.9831
mixed,8,3,0.375,4.0,64,512,1024,4096,2176,274.786,269.281,345.315,
mixed,8,3,0.375,4.0,64,512,2048,8192,4352,279.442,427.537,422.289,0.9646
mixed,8,3,0.375,4.0,64,512,4096,16384,8704,443.778,733.97,731.408,0.9912
mixed,8,3,0.375,4.0,64,512,8192,32768,17408,770.737,1352.418,1347.269,0.9911
mixed,8,3,0.375,4.0,64,2048,128,512,272,232.034,230.786,231.568,
mixed,8,3,0.375,4.0,64,2048,256,1024,544,232.225,315.648,255.52,0.2792
mixed,8,3,0.375,4.0,64,2048,512,2048,1088,320.56,330.944,326.879,0.6086
mixed,8,3,0.375,4.0,64,2048,1024,4096,2176,335.473,410.192,404.207,0.9199
mixed,8,3,0.375,4.0,64,2048,2048,8192,4352,421.265,561.825,559.504,0.9835
mixed,8,3,0.375,4.0,64,2048,4096,16384,8704,584.145,735.057,868.514,1.8843
mixed,8,3,0.375,4.0,64,2048,8192,32768,17408,773.346,1349.746,1351.187,1.0025
mixed,8,3,0.375,4.0,64,8192,128,512,272,468.752,467.327,466.368,
mixed,8,3,0.375,4.0,64,8192,256,1024,544,466.754,466.785,468.512,55.8254
mixed,8,3,0.375,4.0,64,8192,512,2048,1088,466.608,469.921,468.624,0.6084
mixed,8,3,0.375,4.0,64,8192,1024,4096,2176,491.103,782.672,553.153,0.2128
mixed,8,3,0.375,4.0,64,8192,2048,8192,4352,803.155,799.871,797.919,
mixed,8,3,0.375,4.0,64,8192,4096,16384,8704,819.585,1108.307,1104.339,0.9863
mixed,8,3,0.375,4.0,64,8192,8192,32768,17408,1143.875,1723.345,1720.608,0.9953
mixed,8,3,0.375,4.0,64,16384,128,512,272,776.978,777.235,776.385,-2.301
mixed,8,3,0.375,4.0,64,16384,256,1024,544,777.603,774.786,775.889,
mixed,8,3,0.375,4.0,64,16384,512,2048,1088,776.531,776.352,776.851,
mixed,8,3,0.375,4.0,64,16384,1024,4096,2176,775.889,784.289,777.072,0.141
mixed,8,3,0.375,4.0,64,16384,2048,8192,4352,821.587,1396.178,938.803,0.204
mixed,8,3,0.375,4.0,64,16384,4096,16384,8704,1436.514,1413.954,1411.282,
mixed,8,3,0.375,4.0,64,16384,8192,32768,17408,1451.571,2034.246,2022.979,0.9807
mixed,8,3,0.375,4.0,256,0,128,512,272,151.586,172.27,169.12,0.8477
mixed,8,3,0.375,4.0,256,0,256,1024,544,171.407,187.536,186.544,0.9385
mixed,8,3,0.375,4.0,256,0,512,2048,1088,191.745,264.671,260.656,0.945
mixed,8,3,0.375,4.0,256,0,1024,4096,2176,274.481,420.178,417.714,0.9831
mixed,8,3,0.375,4.0,256,0,2048,8192,4352,440.354,726.818,724.803,0.993
mixed,8,3,0.375,4.0,256,0,4096,16384,8704,764.497,1333.89,1335.202,1.0023
mixed,8,3,0.375,4.0,256,0,8192,32768,17408,1412.561,2553.747,2552.339,0.9988
mixed,8,3,0.375,4.0,256,512,128,512,272,225.601,225.695,226.017,4.3968
mixed,8,3,0.375,4.0,256,512,256,1024,544,226.112,265.361,262.706,0.9323
mixed,8,3,0.375,4.0,256,512,512,2048,1088,270.864,345.888,343.392,0.9667
mixed,8,3,0.375,4.0,256,512,1024,4096,2176,355.536,502.401,498.994,0.9768
mixed,8,3,0.375,4.0,256,512,2048,8192,4352,521.361,809.795,808.32,0.9949
mixed,8,3,0.375,4.0,256,512,4096,16384,8704,845.265,1416.498,1420.353,1.0067
mixed,8,3,0.375,4.0,256,512,8192,32768,17408,1493.216,2635.444,2636.291,1.0007
mixed,8,3,0.375,4.0,256,2048,128,512,272,464.897,464.064,463.345,
mixed,8,3,0.375,4.0,256,2048,256,1024,544,464.736,465.249,465.649,1.7807
mixed,8,3,0.375,4.0,256,2048,512,2048,1088,467.313,470.352,466.738,-0.1896
mixed,8,3,0.375,4.0,256,2048,1024,4096,2176,478.643,624.577,621.393,0.9782
mixed,8,3,0.375,4.0,256,2048,2048,8192,4352,643.216,932.097,928.096,0.9862
mixed,8,3,0.375,4.0,256,2048,4096,16384,8704,970.595,1539.987,1541.492,1.0026
mixed,8,3,0.375,4.0,256,2048,8192,32768,17408,1620.517,2765.558,2760.581,0.9957
mixed,8,3,0.375,4.0,256,8192,128,512,272,1378.787,1377.345,1377.475,
mixed,8,3,0.375,4.0,256,8192,256,1024,544,1380.131,1377.988,1381.091,
mixed,8,3,0.375,4.0,256,8192,512,2048,1088,1380.596,1377.137,1378.61,
mixed,8,3,0.375,4.0,256,8192,1024,4096,2176,1376.707,1375.65,1376.434,
mixed,8,3,0.375,4.0,256,8192,2048,8192,4352,1376.805,1387.986,1386.211,0.8412
mixed,8,3,0.375,4.0,256,8192,4096,16384,8704,1423.154,1999.921,1996.883,0.9947
mixed,8,3,0.375,4.0,256,8192,8192,32768,17408,2076.883,3222.486,3221.637,0.9993
mixed,8,3,0.375,4.0,256,16384,128,512,272,2584.9,2585.333,2580.309,-10.5905
mixed,8,3,0.375,4.0,256,16384,256,1024,544,2584.213,2581.941,2580.327,
mixed,8,3,0.375,4.0,256,16384,512,2048,1088,2585.126,2580.406,2579.621,
mixed,8,3,0.375,4.0,256,16384,1024,4096,2176,2583.783,2578.453,2578.228,
mixed,8,3,0.375,4.0,256,16384,2048,8192,4352,2582.371,2583.206,2580.581,-2.143
mixed,8,3,0.375,4.0,256,16384,4096,16384,8704,2579.013,2594.773,2598.981,1.267
mixed,8,3,0.375,4.0,256,16384,8192,32768,17408,2670.581,3816.744,3818.279,1.0013
mixed,8,3,0.375,4.0,1024,0,128,512,272,452.177,461.295,449.57,-0.286
mixed,8,3,0.375,4.0,1024,0,256,1024,544,461.826,468.033,458.881,-0.4743
mixed,8,3,0.375,4.0,1024,0,512,2048,1088,471.231,479.779,469.425,-0.2114
mixed,8,3,0.375,4.0,1024,0,1024,4096,2176,480.654,498.93,492.288,0.6366
mixed,8,3,0.375,4.0,1024,0,2048,8192,4352,502.145,536.562,512.722,0.3073
mixed,8,3,0.375,4.0,1024,0,4096,16384,8704,536.991,587.553,540.354,0.0665
mixed,8,3,0.375,4.0,1024,0,8192,32768,17408,593.73,690.447,596.26,0.0261
mixed,8,3,0.375,4.0,1024,512,128,512,272,713.428,721.329,712.96,-0.0592
mixed,8,3,0.375,4.0,1024,512,256,1024,544,722.486,727.151,724.191,0.3655
mixed,8,3,0.375,4.0,1024,512,512,2048,1088,729.121,741.28,728.226,-0.0736
mixed,8,3,0.375,4.0,1024,512,1024,4096,2176,740.72,759.394,747.934,0.3863
mixed,8,3,0.375,4.0,1024,512,2048,8192,4352,762.212,792.144,774.546,0.4121
mixed,8,3,0.375,4.0,1024,512,4096,16384,8704,791.569,848.579,803.843,0.2153
mixed,8,3,0.375,4.0,1024,512,8192,32768,17408,851.94,946.962,856.177,0.0446
mixed,8,3,0.375,4.0,1024,2048,128,512,272,1157.521,1165.219,1159.652,0.2769
mixed,8,3,0.375,4.0,1024,2048,256,1024,544,1164.74,1170.948,1166.644,0.3066
mixed,8,3,0.375,4.0,1024,2048,512,2048,1088,1172.082,1187.364,1175.571,0.2283
mixed,8,3,0.375,4.0,1024,2048,1024,4096,2176,1184.79,1203.298,1193.942,0.4945
mixed,8,3,0.375,4.0,1024,2048,2048,8192,4352,1206.676,1232.977,1215.46,0.334
mixed,8,3,0.375,4.0,1024,2048,4096,16384,8704,1234.801,1287.182,1244.293,0.1812
mixed,8,3,0.375,4.0,1024,2048,8192,32768,17408,1296.736,1389.488,1297.311,0.0062
mixed,8,3,0.375,4.0,1024,8192,128,512,272,2892.103,2902.18,2892.178,0.0075
mixed,8,3,0.375,4.0,1024,8192,256,1024,544,2907.413,2912.834,2906.982,-0.0795
mixed,8,3,0.375,4.0,1024,8192,512,2048,1088,2915.284,2928.498,2907.171,-0.614
mixed,8,3,0.375,4.0,1024,8192,1024,4096,2176,2919.701,2936.71,2929.157,0.5559
mixed,8,3,0.375,4.0,1024,8192,2048,8192,4352,2942.564,2981.738,2951.735,0.2341
mixed,8,3,0.375,4.0,1024,8192,4096,16384,8704,2972.726,3019.56,2981.542,0.1882
mixed,8,3,0.375,4.0,1024,8192,8192,32768,17408,3029.767,3106.31,3029.272,-0.0065
mixed,8,3,0.375,4.0,1024,16384,128,512,272,5162.939,5182.024,5171.387,0.4427
mixed,8,3,0.375,4.0,1024,16384,256,1024,544,5178.584,5184.813,5176.647,-0.3111
mixed,8,3,0.375,4.0,1024,16384,512,2048,1088,5186.585,5189.788,5188.14,0.4856
mixed,8,3,0.375,4.0,1024,16384,1024,4096,2176,5203.928,5210.311,5209.98,0.948
mixed,8,3,0.375,4.0,1024,16384,2048,8192,4352,5221.001,5237.399,5229.24,0.5024
mixed,8,3,0.375,4.0,1024,16384,4096,16384,8704,5245.165,5297.113,5266.965,0.4197
mixed,8,3,0.375,4.0,1024,16384,8192,32768,17408,5307.401,5405.467,5308.25,0.0087
mixed,8,3,0.375,4.0,4096,0,128,512,272,2167.858,2173.812,2168.551,0.1163
mixed,8,3,0.375,4.0,4096,0,256,1024,544,2173.158,2183.619,2183.65,1.003
mixed,8,3,0.375,4.0,4096,0,512,2048,1088,2185.443,2194.339,2183.938,-0.1692
mixed,8,3,0.375,4.0,4096,0,1024,4096,2176,2199.59,2213.331,2203.825,0.3083
mixed,8,3,0.375,4.0,4096,0,2048,8192,4352,2216.773,2247.331,2228.63,0.388
mixed,8,3,0.375,4.0,4096,0,4096,16384,8704,2253.075,2304.358,2254.853,0.0347
mixed,8,3,0.375,4.0,4096,0,8192,32768,17408,2308.338,2399.813,2314.036,0.0623
mixed,8,3,0.375,4.0,4096,512,128,512,272,2803.11,2815.061,2805.108,0.1672
mixed,8,3,0.375,4.0,4096,512,256,1024,544,2813.62,2817.171,2816.294,0.7532
mixed,8,3,0.375,4.0,4096,512,512,2048,1088,2825.72,2827.668,2821.657,-2.0865
mixed,8,3,0.375,4.0,4096,512,1024,4096,2176,2831.097,2849.606,2837.142,0.3266
mixed,8,3,0.375,4.0,4096,512,2048,8192,4352,2849.493,2878.966,2863.285,0.4679
mixed,8,3,0.375,4.0,4096,512,4096,16384,8704,2888.597,2930.723,2893.128,0.1075
mixed,8,3,0.375,4.0,4096,512,8192,32768,17408,2941.317,3030.215,2941.348,0.0003
mixed,8,3,0.375,4.0,4096,2048,128,512,272,3872.471,3892.311,3869.412,-0.1542
mixed,8,3,0.375,4.0,4096,2048,256,1024,544,3880.266,3886.535,3888.438,1.3034
mixed,8,3,0.375,4.0,4096,2048,512,2048,1088,3901.064,3898.452,3892.504,
mixed,8,3,0.375,4.0,4096,2048,1024,4096,2176,3896.631,3920.504,3907.385,0.4505
mixed,8,3,0.375,4.0,4096,2048,2048,8192,4352,3915.336,3950.822,3933.223,0.5041
mixed,8,3,0.375,4.0,4096,2048,4096,16384,8704,3951.815,4000.154,3956.632,0.0996
mixed,8,3,0.375,4.0,4096,2048,8192,32768,17408,4013.285,4094.392,4018.855,0.0687
mixed,8,3,0.375,4.0,4096,8192,128,512,272,8145.185,8165.314,8134.32,-0.5397
mixed,8,3,0.375,4.0,4096,8192,256,1024,544,8189.329,8164.86,8163.057,
mixed,8,3,0.375,4.0,4096,8192,512,2048,1088,8171.469,8179.603,8160.673,-1.3274
mixed,8,3,0.375,4.0,4096,8192,1024,4096,2176,8180.718,8188.96,8206.916,3.1787
mixed,8,3,0.375,4.0,4096,8192,2048,8192,4352,8173.679,8212.567,8192.814,0.492
mixed,8,3,0.375,4.0,4096,8192,4096,16384,8704,8235.816,8277.213,8230.082,-0.1385
mixed,8,3,0.375,4.0,4096,8192,8192,32768,17408,8266.993,8375.758,8284.384,0.1599
mixed,8,3,0.375,4.0,4096,16384,128,512,272,13807.042,13822.304,13812.794,0.3769
mixed,8,3,0.375,4.0,4096,16384,256,1024,544,13823.389,13866.479,13830.956,0.1756
mixed,8,3,0.375,4.0,4096,16384,512,2048,1088,13857.483,13839.751,13833.779,
mixed,8,3,0.375,4.0,4096,16384,1024,4096,2176,13843.225,13859.631,13953.181,6.7022
mixed,8,3,0.375,4.0,4096,16384,2048,8192,4352,13858.04,13891.539,13882.786,0.7387
mixed,8,3,0.375,4.0,4096,16384,4096,16384,8704,13969.341,14024.081,13904.908,-1.177
mixed,8,3,0.375,4.0,4096,16384,8192,32768,17408,13954.603,14033.248,14039.32,1.0772
pure,8,4,0.5,4.0,0,0,128,512,320,97.553,100.353,99.008,0.5196
pure,8,4,0.5,4.0,0,0,256,1024,640,101.743,111.311,101.217,-0.055
pure,8,4,0.5,4.0,0,0,512,2048,1280,117.744,122.816,119.664,0.3786
pure,8,4,0.5,4.0,0,0,1024,4096,2560,131.856,140.304,137.263,0.6401
pure,8,4,0.5,4.0,0,0,2048,8192,5120,149.922,169.36,154.065,0.2131
pure,8,4,0.5,4.0,0,0,4096,16384,10240,180.209,221.279,186.784,0.1601
pure,8,4,0.5,4.0,0,0,8192,32768,20480,243.952,318.88,243.075,-0.0117
mixed,8,4,0.5,4.0,16,0,128,512,320,115.087,117.408,115.726,0.2755
mixed,8,4,0.5,4.0,16,0,256,1024,640,117.982,123.201,121.904,0.7514
mixed,8,4,0.5,4.0,16,0,512,2048,1280,125.072,135.792,134.674,0.8957
mixed,8,4,0.5,4.0,16,0,1024,4096,2560,139.697,158.24,153.999,0.7713
mixed,8,4,0.5,4.0,16,0,2048,8192,5120,169.201,198.706,195.661,0.8968
mixed,8,4,0.5,4.0,16,0,4096,16384,10240,219.375,278.655,275.01,0.9385
mixed,8,4,0.5,4.0,16,0,8192,32768,20480,318.608,439.601,430.033,0.9209
mixed,8,4,0.5,4.0,16,512,128,512,320,132.288,134.111,132.238,-0.0274
mixed,8,4,0.5,4.0,16,512,256,1024,640,136.688,134.673,129.121,
mixed,8,4,0.5,4.0,16,512,512,2048,1280,142.56,137.84,135.665,
mixed,8,4,0.5,4.0,16,512,1024,4096,2560,143.649,159.232,157.04,0.8593
mixed,8,4,0.5,4.0,16,512,2048,8192,5120,170.256,195.344,194.272,0.9573
mixed,8,4,0.5,4.0,16,512,4096,16384,10240,217.328,278.21,271.135,0.8838
mixed,8,4,0.5,4.0,16,512,8192,32768,20480,317.005,436.338,428.323,0.9328
mixed,8,4,0.5,4.0,16,2048,128,512,320,148.945,151.92,148.625,-0.1074
mixed,8,4,0.5,4.0,16,2048,256,1024,640,151.425,152.944,150.384,-0.6851
mixed,8,4,0.5,4.0,16,2048,512,2048,1280,155.168,156.29,155.761,0.5287
mixed,8,4,0.5,4.0,16,2048,1024,4096,2560,160.207,171.361,157.905,-0.2065
mixed,8,4,0.5,4.0,16,2048,2048,8192,5120,172.192,205.104,200.098,0.8479
mixed,8,4,0.5,4.0,16,2048,4096,16384,10240,224.449,283.84,277.842,0.899
mixed,8,4,0.5,4.0,16,2048,8192,32768,20480,323.216,438.018,432.032,0.9479
mixed,8,4,0.5,4.0,16,8192,128,512,320,211.409,206.736,211.279,
mixed,8,4,0.5,4.0,16,8192,256,1024,640,229.731,214.161,203.201,
mixed,8,4,0.5,4.0,16,8192,512,2048,1280,217.826,218.674,215.377,-2.8863
mixed,8,4,0.5,4.0,16,8192,1024,4096,2560,275.313,232.017,216.513,
mixed,8,4,0.5,4.0,16,8192,2048,8192,5120,230.385,254.56,232.368,0.082
mixed,8,4,0.5,4.0,16,8192,4096,16384,10240,253.647,292.512,280.689,0.6958
mixed,8,4,0.5,4.0,16,8192,8192,32768,20480,331.296,452.898,443.601,0.9235
mixed,8,4,0.5,4.0,16,16384,128,512,320,289.263,289.504,289.442,0.7407
mixed,8,4,0.5,4.0,16,16384,256,1024,640,289.201,284.416,289.106,
mixed,8,4,0.5,4.0,16,16384,512,2048,1280,325.392,301.841,298.335,
mixed,8,4,0.5,4.0,16,16384,1024,4096,2560,305.521,305.619,302.866,-27.2308
mixed,8,4,0.5,4.0,16,16384,2048,8192,5120,412.034,337.471,306.081,
mixed,8,4,0.5,4.0,16,16384,4096,16384,10240,335.168,380.128,337.057,0.042
mixed,8,4,0.5,4.0,16,16384,8192,32768,20480,389.793,456.207,441.52,0.7789
mixed,8,4,0.5,4.0,64,0,128,512,320,122.303,133.842,132.144,0.8529
mixed,8,4,0.5,4.0,64,0,256,1024,640,138.321,152.287,150.754,0.8902
mixed,8,4,0.5,4.0,64,0,512,2048,1280,161.44,191.138,189.602,0.9483
mixed,8,4,0.5,4.0,64,0,1024,4096,2560,211.44,272.321,268.722,0.9409
mixed,8,4,0.5,4.0,64,0,2048,8192,5120,309.265,426.559,424.433,0.9819
mixed,8,4,0.5,4.0,64,0,4096,16384,10240,503.825,737.363,736.356,0.9957
mixed,8,4,0.5,4.0,64,0,8192,32768,20480,892.177,1354.226,1355.925,1.0037
mixed,8,4,0.5,4.0,64,512,128,512,320,204.113,211.952,211.235,0.9085
mixed,8,4,0.5,4.0,64,512,256,1024,640,217.522,230.959,230.032,0.931
mixed,8,4,0.5,4.0,64,512,512,2048,1280,240.322,269.361,269.313,0.9984
mixed,8,4,0.5,4.0,64,512,1024,4096,2560,289.297,270.848,346.242,
mixed,8,4,0.5,4.0,64,512,2048,8192,5120,310.288,427.745,427.09,0.9944
mixed,8,4,0.5,4.0,64,512,4096,16384,10240,504.958,738.337,736.353,0.9915
mixed,8,4,0.5,4.0,64,512,8192,32768,20480,892.865,1358.307,1357.187,0.9976
mixed,8,4,0.5,4.0,64,2048,128,512,320,232.755,231.041,233.344,
mixed,8,4,0.5,4.0,64,2048,256,1024,640,251.488,317.809,259.026,0.1137
mixed,8,4,0.5,4.0,64,2048,512,2048,1280,300.306,332.658,330.944,0.947
mixed,8,4,0.5,4.0,64,2048,1024,4096,2560,350.413,410.481,406.817,0.939
mixed,8,4,0.5,4.0,64,2048,2048,8192,5120,449.68,567.86,564.418,0.9709
mixed,8,4,0.5,4.0,64,2048,4096,16384,10240,645.104,743.617,877.587,2.3599
mixed,8,4,0.5,4.0,64,2048,8192,32768,20480,895.234,1360.722,1358.243,0.9947
mixed,8,4,0.5,4.0,64,8192,128,512,320,468.979,469.538,468.592,-0.692
mixed,8,4,0.5,4.0,64,8192,256,1024,640,469.521,470.161,470.144,0.9727
mixed,8,4,0.5,4.0,64,8192,512,2048,1280,471.199,471.938,470.447,-1.0183
mixed,8,4,0.5,4.0,64,8192,1024,4096,2560,550.433,787.586,553.265,0.0119
mixed,8,4,0.5,4.0,64,8192,2048,8192,5120,682.433,804.913,801.857,0.9751
mixed,8,4,0.5,4.0,64,8192,4096,16384,10240,880.945,1114.817,1112.163,0.9887
mixed,8,4,0.5,4.0,64,8192,8192,32768,20480,1269.41,1735.956,1733.187,0.9941
mixed,8,4,0.5,4.0,64,16384,128,512,320,779.745,779.281,778.351,
mixed,8,4,0.5,4.0,64,16384,256,1024,640,779.97,781.169,778.992,-0.8149
mixed,8,4,0.5,4.0,64,16384,512,2048,1280,780.307,779.761,782.529,
mixed,8,4,0.5,4.0,64,16384,1024,4096,2560,780.194,784.561,781.409,0.2783
mixed,8,4,0.5,4.0,64,16384,2048,8192,5120,940.848,1410.098,940.018,-0.0018
mixed,8,4,0.5,4.0,64,16384,4096,16384,10240,1187.631,1421.906,1419.299,0.9889
mixed,8,4,0.5,4.0,64,16384,8192,32768,20480,1575.059,2046.755,2038.26,0.982
mixed,8,4,0.5,4.0,256,0,128,512,320,155.217,171.776,170.304,0.9111
mixed,8,4,0.5,4.0,256,0,256,1024,640,171.76,186.736,187.52,1.0524
mixed,8,4,0.5,4.0,256,0,512,2048,1280,206.863,265.73,263.28,0.9584
mixed,8,4,0.5,4.0,256,0,1024,4096,2560,305.376,424.386,421.585,0.9765
mixed,8,4,0.5,4.0,256,0,2048,8192,5120,501.216,731.971,730.129,0.992
mixed,8,4,0.5,4.0,256,0,4096,16384,10240,884.319,1345.168,1351.858,1.0145
mixed,8,4,0.5,4.0,256,0,8192,32768,20480,1653.029,2572.692,2572.164,0.9994
mixed,8,4,0.5,4.0,256,512,128,512,320,226.736,226.431,225.76,
mixed,8,4,0.5,4.0,256,512,256,1024,640,235.248,266.641,265.248,0.9557
mixed,8,4,0.5,4.0,256,512,512,2048,1280,287.087,347.539,345.632,0.9684
mixed,8,4,0.5,4.0,256,512,1024,4096,2560,387.889,504.511,502.064,0.979
mixed,8,4,0.5,4.0,256,512,2048,8192,5120,583.36,813.071,812.947,0.9995
mixed,8,4,0.5,4.0,256,512,4096,16384,10240,967.762,1428.178,1425.649,0.9945
mixed,8,4,0.5,4.0,256,512,8192,32768,20480,1732.595,2663.317,2673.828,1.0113
mixed,8,4,0.5,4.0,256,2048,128,512,320,466.335,467.393,468.432,1.982
mixed,8,4,0.5,4.0,256,2048,256,1024,640,467.52,467.923,466.976,-1.3516
mixed,8,4,0.5,4.0,256,2048,512,2048,1280,468.544,470.689,469.345,0.3733
mixed,8,4,0.5,4.0,256,2048,1024,4096,2560,509.84,627.152,626.033,0.9905
mixed,8,4,0.5,4.0,256,2048,2048,8192,5120,705.936,937.295,935.247,0.9911
mixed,8,4,0.5,4.0,256,2048,4096,16384,10240,1091.347,1552.674,1548.833,0.9917
mixed,8,4,0.5,4.0,256,2048,8192,32768,20480,1856.992,2786.692,2784.516,0.9977
mixed,8,4,0.5,4.0,256,8192,128,512,320,1384.834,1386.738,1387.141,1.2117
mixed,8,4,0.5,4.0,256,8192,256,1024,640,1393.507,1388.194,1386.834,
mixed,8,4,0.5,4.0,256,8192,512,2048,1280,1387.12,1386.611,1386.032,
mixed,8,4,0.5,4.0,256,8192,1024,4096,2560,1386.37,1384.593,1386.707,
mixed,8,4,0.5,4.0,256,8192,2048,8192,5120,1382.388,1394.688,1392.976,0.8609
mixed,8,4,0.5,4.0,256,8192,4096,16384,10240,1547.811,2009.892,2012.194,1.005
mixed,8,4,0.5,4.0,256,8192,8192,32768,20480,2323.298,3245.157,3247.925,1.003
mixed,8,4,0.5,4.0,256,16384,128,512,320,2599.442,2606.947,2602.501,0.4076
mixed,8,4,0.5,4.0,256,16384,256,1024,640,2601.334,2600.886,2601.046,
mixed,8,4,0.5,4.0,256,16384,512,2048,1280,2602.693,2597.333,2600.278,
mixed,8,4,0.5,4.0,256,16384,1024,4096,2560,2596.981,2595.895,2599.171,
mixed,8,4,0.5,4.0,256,16384,2048,8192,5120,2602.66,2601.796,2600.181,
mixed,8,4,0.5,4.0,256,16384,4096,16384,10240,2605.955,2624.1,2610.341,0.2417
mixed,8,4,0.5,4.0,256,16384,8192,32768,20480,2927.253,3842.199,3844.581,1.0026
mixed,8,4,0.5,4.0,1024,0,128,512,320,453.489,460.898,457.617,0.5572
mixed,8,4,0.5,4.0,1024,0,256,1024,640,466.578,468.113,460.755,-3.7935
mixed,8,4,0.5,4.0,1024,0,512,2048,1280,474.641,483.49,478.625,0.4502
mixed,8,4,0.5,4.0,1024,0,1024,4096,2560,491.983,502.976,496.192,0.3828
mixed,8,4,0.5,4.0,1024,0,2048,8192,5120,512.944,536.002,519.856,0.2998
mixed,8,4,0.5,4.0,1024,0,4096,16384,10240,549.938,593.651,556.019,0.1391
mixed,8,4,0.5,4.0,1024,0,8192,32768,20480,616.609,693.169,615.844,-0.01
mixed,8,4,0.5,4.0,1024,512,128,512,320,715.537,722.272,715.825,0.0428
mixed,8,4,0.5,4.0,1024,512,256,1024,640,729.551,729.09,732.224,
mixed,8,4,0.5,4.0,1024,512,512,2048,1280,735.488,743.874,739.012,0.4202
mixed,8,4,0.5,4.0,1024,512,1024,4096,2560,753.615,761.021,757.231,0.4882
mixed,8,4,0.5,4.0,1024,512,2048,8192,5120,770.435,791.903,779.106,0.4039
mixed,8,4,0.5,4.0,1024,512,4096,16384,10240,803.455,849.361,815.359,0.2593
mixed,8,4,0.5,4.0,1024,512,8192,32768,20480,868.751,948.596,876.253,0.094
mixed,8,4,0.5,4.0,1024,2048,128,512,320,1164.865,1169.938,1160.835,-0.7947
mixed,8,4,0.5,4.0,1024,2048,256,1024,640,1174.404,1177.711,1179.425,1.5182
mixed,8,4,0.5,4.0,1024,2048,512,2048,1280,1177.893,1187.152,1184.751,0.7407
mixed,8,4,0.5,4.0,1024,2048,1024,4096,2560,1198.983,1203.888,1202.068,0.6291
mixed,8,4,0.5,4.0,1024,2048,2048,8192,5120,1213.568,1238.789,1221.171,0.3015
mixed,8,4,0.5,4.0,1024,2048,4096,16384,10240,1247.27,1290.513,1258.612,0.2623
mixed,8,4,0.5,4.0,1024,2048,8192,32768,20480,1314.08,1387.903,1317.362,0.0445
mixed,8,4,0.5,4.0,1024,8192,128,512,320,2904.038,2910.198,2906.791,0.4469
mixed,8,4,0.5,4.0,1024,8192,256,1024,640,2920.085,2920.612,2921.267,2.2408
mixed,8,4,0.5,4.0,1024,8192,512,2048,1280,2926.245,2932.708,2926.532,0.0443
mixed,8,4,0.5,4.0,1024,8192,1024,4096,2560,2944.086,2955.604,2948.675,0.3984
mixed,8,4,0.5,4.0,1024,8192,2048,8192,5120,2957.481,2981.282,2957.67,0.008
mixed,8,4,0.5,4.0,1024,8192,4096,16384,10240,2988.216,3031.426,3000.025,0.2733
mixed,8,4,0.5,4.0,1024,8192,8192,32768,20480,3055.045,3132.645,3064.677,0.1241
mixed,8,4,0.5,4.0,1024,16384,128,512,320,5208.386,5186.821,5188.907,
mixed,8,4,0.5,4.0,1024,16384,256,1024,640,5203.463,5207.655,5207.623,0.9922
mixed,8,4,0.5,4.0,1024,16384,512,2048,1280,5213.766,5237.957,5224.106,0.4274
mixed,8,4,0.5,4.0,1024,16384,1024,4096,2560,5224.28,5242.697,5228.822,0.2466
mixed,8,4,0.5,4.0,1024,16384,2048,8192,5120,5255.708,5263.789,5249.724,-0.7406
mixed,8,4,0.5,4.0,1024,16384,4096,16384,10240,5280.364,5327.831,5295.128,0.311
mixed,8,4,0.5,4.0,1024,16384,8192,32768,20480,5340.265,5415.627,5342.124,0.0247
mixed,8,4,0.5,4.0,4096,0,128,512,320,2172.963,2180.66,2187.331,1.8668
mixed,8,4,0.5,4.0,4096,0,256,1024,640,2189.559,2192.115,2191.605,0.8005
mixed,8,4,0.5,4.0,4096,0,512,2048,1280,2206.244,2206.678,2201.97,-9.8604
mixed,8,4,0.5,4.0,4096,0,1024,4096,2560,2210.452,2230.386,2213.702,0.163
mixed,8,4,0.5,4.0,4096,0,2048,8192,5120,2237.826,2255.219,2240.135,0.1327
mixed,8,4,0.5,4.0,4096,0,4096,16384,10240,2271.189,2320.548,2283.637,0.2522
mixed,8,4,0.5,4.0,4096,0,8192,32768,20480,2335.798,2411.809,2342.001,0.0816
mixed,8,4,0.5,4.0,4096,512,128,512,320,2820.328,2821.782,2815.648,-3.2173
mixed,8,4,0.5,4.0,4096,512,256,1024,640,2844.677,2823.464,2836.899,
mixed,8,4,0.5,4.0,4096,512,512,2048,1280,2836.784,2840.101,2837.653,0.2618
mixed,8,4,0.5,4.0,4096,512,1024,4096,2560,2859.652,2867.556,2856.71,-0.3722
mixed,8,4,0.5,4.0,4096,512,2048,8192,5120,2873.571,2896.023,2878.707,0.2288
mixed,8,4,0.5,4.0,4096,512,4096,16384,10240,2908.244,2945.205,2905.734,-0.0679
mixed,8,4,0.5,4.0,4096,512,8192,32768,20480,2965.826,3044.631,2978.071,0.1554
mixed,8,4,0.5,4.0,4096,2048,128,512,320,3888.406,3899.543,3906.057,1.585
mixed,8,4,0.5,4.0,4096,2048,256,1024,640,3909.161,3907.082,3907.157,
mixed,8,4,0.5,4.0,4096,2048,512,2048,1280,3919.656,3923.738,3914.331,-1.3044
mixed,8,4,0.5,4.0,4096,2048,1024,4096,2560,3923.56,3936.427,3931.577,0.6231
mixed,8,4,0.5,4.0,4096,2048,2048,8192,5120,3941.529,3968.191,3951.064,0.3576
mixed,8,4,0.5,4.0,4096,2048,4096,16384,10240,3979.734,4021.016,3987.66,0.192
mixed,8,4,0.5,4.0,4096,2048,8192,32768,20480,4046.584,4128.009,4050.117,0.0434
mixed,8,4,0.5,4.0,4096,8192,128,512,320,8193.714,8204.228,8181.586,-1.1537
mixed,8,4,0.5,4.0,4096,8192,256,1024,640,8196.686,8215.173,8212.096,0.8336
mixed,8,4,0.5,4.0,4096,8192,512,2048,1280,8218.157,8215.695,8227.245,
mixed,8,4,0.5,4.0,4096,8192,1024,4096,2560,8220.577,8234.83,8233.122,0.8801
mixed,8,4,0.5,4.0,4096,8192,2048,8192,5120,8247.616,8284.367,8248.815,0.0326
mixed,8,4,0.5,4.0,4096,8192,4096,16384,10240,8270.739,8341.005,8279.404,0.1233
mixed,8,4,0.5,4.0,4096,8192,8192,32768,20480,8356.608,8417.849,8370.603,0.2285
mixed,8,4,0.5,4.0,4096,16384,128,512,320,13898.456,13907.192,13902.156,0.4235
mixed,8,4,0.5,4.0,4096,16384,256,1024,640,13913.513,13926.649,13926.823,1.0132
mixed,8,4,0.5,4.0,4096,16384,512,2048,1280,13915.14,13936.308,13929.849,0.6949
mixed,8,4,0.5,4.0,4096,16384,1024,4096,2560,13939.913,13963.997,13868.807,-2.9524
mixed,8,4,0.5,4.0,4096,16384,2048,8192,5120,13893.691,13894.691,13893.864,0.1734
mixed,8,4,0.5,4.0,4096,16384,4096,16384,10240,13901.981,13940.322,13904.924,0.0767
mixed,8,4,0.5,4.0,4096,16384,8192,32768,20480,13963.74,14087.421,13974.203,0.0846
pure,8,6,0.75,4.0,0,0,128,512,416,99.569,101.09,99.103,-0.3057
pure,8,6,0.75,4.0,0,0,256,1024,832,103.312,111.105,104.385,0.1377
pure,8,6,0.75,4.0,0,0,512,2048,1664,127.519,123.072,129.538,
pure,8,6,0.75,4.0,0,0,1024,4096,3328,137.327,139.535,138.178,0.3852
pure,8,6,0.75,4.0,0,0,2048,8192,6656,161.041,169.68,164.032,0.3462
pure,8,6,0.75,4.0,0,0,4096,16384,13312,198.897,221.153,205.679,0.3047
pure,8,6,0.75,4.0,0,0,8192,32768,26624,278.479,319.519,280.127,0.0402
mixed,8,6,0.75,4.0,16,0,128,512,416,116.383,115.409,116.0,
mixed,8,6,0.75,4.0,16,0,256,1024,832,120.432,122.88,122.256,0.7451
mixed,8,6,0.75,4.0,16,0,512,2048,1664,129.121,135.843,134.403,0.7857
mixed,8,6,0.75,4.0,16,0,1024,4096,3328,146.721,157.552,154.994,0.7638
mixed,8,6,0.75,4.0,16,0,2048,8192,6656,184.946,198.689,196.032,0.8067
mixed,8,6,0.75,4.0,16,0,4096,16384,13312,248.56,279.233,273.808,0.8231
mixed,8,6,0.75,4.0,16,0,8192,32768,26624,379.345,438.209,433.263,0.916
mixed,8,6,0.75,4.0,16,512,128,512,416,134.863,133.09,135.523,
mixed,8,6,0.75,4.0,16,512,256,1024,832,131.583,134.462,131.968,0.1336
mixed,8,6,0.75,4.0,16,512,512,2048,1664,138.239,138.962,136.303,-2.677
mixed,8,6,0.75,4.0,16,512,1024,4096,3328,147.919,158.641,155.343,0.6924
mixed,8,6,0.75,4.0,16,512,2048,8192,6656,181.728,196.687,192.561,0.7242
mixed,8,6,0.75,4.0,16,512,4096,16384,13312,246.543,278.223,274.255,0.8748
mixed,8,6,0.75,4.0,16,512,8192,32768,26624,377.01,437.009,431.875,0.9144
mixed,8,6,0.75,4.0,16,2048,128,512,416,148.656,151.969,150.225,0.4737
mixed,8,6,0.75,4.0,16,2048,256,1024,832,149.826,152.849,151.68,0.6136
mixed,8,6,0.75,4.0,16,2048,512,2048,1664,155.329,157.137,154.721,-0.3364
mixed,8,6,0.75,4.0,16,2048,1024,4096,3328,208.625,171.472,180.736,
mixed,8,6,0.75,4.0,16,2048,2048,8192,6656,191.009,203.856,198.449,0.5791
mixed,8,6,0.75,4.0,16,2048,4096,16384,13312,250.605,282.513,278.001,0.8586
mixed,8,6,0.75,4.0,16,2048,8192,32768,26624,378.417,438.048,434.272,0.9367
mixed,8,6,0.75,4.0,16,8192,128,512,416,210.882,205.841,204.848,
mixed,8,6,0.75,4.0,16,8192,256,1024,832,213.968,213.84,213.982,
mixed,8,6,0.75,4.0,16,8192,512,2048,1664,218.338,217.473,215.695,
mixed,8,6,0.75,4.0,16,8192,1024,4096,3328,304.705,231.216,293.697,
mixed,8,6,0.75,4.0,16,8192,2048,8192,6656,342.273,252.497,320.033,
mixed,8,6,0.75,4.0,16,8192,4096,16384,13312,426.368,291.951,365.776,
mixed,8,6,0.75,4.0,16,8192,8192,32768,26624,389.904,452.976,441.327,0.8153
mixed,8,6,0.75,4.0,16,16384,128,512,416,289.218,289.298,289.377,2.0
mixed,8,6,0.75,4.0,16,16384,256,1024,832,289.121,285.312,282.592,
mixed,8,6,0.75,4.0,16,16384,512,2048,1664,302.081,302.033,301.887,
mixed,8,6,0.75,4.0,16,16384,1024,4096,3328,307.184,306.547,307.728,
mixed,8,6,0.75,4.0,16,16384,2048,8192,6656,487.761,337.743,453.73,
mixed,8,6,0.75,4.0,16,16384,4096,16384,13312,558.016,381.41,515.246,
mixed,8,6,0.75,4.0,16,16384,8192,32768,26624,690.608,455.12,582.369,
mixed,8,6,0.75,4.0,64,0,128,512,416,127.279,131.76,131.985,1.0502
mixed,8,6,0.75,4.0,64,0,256,1024,832,144.975,150.721,150.159,0.9021
mixed,8,6,0.75,4.0,64,0,512,2048,1664,176.929,191.618,188.976,0.8201
mixed,8,6,0.75,4.0,64,0,1024,4096,3328,241.169,271.329,268.657,0.9114
mixed,8,6,0.75,4.0,64,0,2048,8192,6656,367.679,426.481,426.097,0.9935
mixed,8,6,0.75,4.0,64,0,4096,16384,13312,620.307,738.561,735.906,0.9775
mixed,8,6,0.75,4.0,64,0,8192,32768,26624,1123.347,1359.266,1355.122,0.9824
mixed,8,6,0.75,4.0,64,512,128,512,416,204.719,213.646,211.698,0.7818
mixed,8,6,0.75,4.0,64,512,256,1024,832,223.455,231.008,229.504,0.8008
mixed,8,6,0.75,4.0,64,512,512,2048,1664,254.705,269.472,269.698,1.0153
mixed,8,6,0.75,4.0,64,512,1024,4096,3328,241.202,271.375,270.162,0.9598
mixed,8,6,0.75,4.0,64,512,2048,8192,6656,367.983,427.699,426.161,0.9742
mixed,8,6,0.75,4.0,64,512,4096,16384,13312,620.898,738.401,737.314,0.9907
mixed,8,6,0.75,4.0,64,512,8192,32768,26624,1124.865,1355.09,1356.611,1.0066
mixed,8,6,0.75,4.0,64,2048,128,512,416,231.73,231.858,230.801,-7.2578
mixed,8,6,0.75,4.0,64,2048,256,1024,832,281.536,316.017,315.392,0.9819
mixed,8,6,0.75,4.0,64,2048,512,2048,1664,314.882,332.32,331.377,0.9459
mixed,8,6,0.75,4.0,64,2048,1024,4096,3328,380.0,411.345,409.247,0.9331
mixed,8,6,0.75,4.0,64,2048,2048,8192,6656,506.513,566.913,565.841,0.9822
mixed,8,6,0.75,4.0,64,2048,4096,16384,13312,761.551,739.265,873.361,
mixed,8,6,0.75,4.0,64,2048,8192,32768,26624,1126.335,1358.833,1362.898,1.0175
mixed,8,6,0.75,4.0,64,8192,128,512,416,472.768,467.967,469.41,
mixed,8,6,0.75,4.0,64,8192,256,1024,832,468.512,468.609,468.225,-2.9793
mixed,8,6,0.75,4.0,64,8192,512,2048,1664,470.385,472.529,473.488,1.4472
mixed,8,6,0.75,4.0,64,8192,1024,4096,3328,667.282,786.69,788.13,1.0121
mixed,8,6,0.75,4.0,64,8192,2048,8192,6656,743.152,805.697,801.311,0.9299
mixed,8,6,0.75,4.0,64,8192,4096,16384,13312,997.649,1113.441,1113.251,0.9984
mixed,8,6,0.75,4.0,64,8192,8192,32768,26624,1502.128,1737.155,1734.29,0.9878
mixed,8,6,0.75,4.0,64,16384,128,512,416,779.695,778.544,780.753,
mixed,8,6,0.75,4.0,64,16384,256,1024,832,781.058,781.666,779.84,-2.0
mixed,8,6,0.75,4.0,64,16384,512,2048,1664,780.129,781.409,779.651,-0.3733
mixed,8,6,0.75,4.0,64,16384,1024,4096,3328,780.961,786.307,782.035,0.2008
mixed,8,6,0.75,4.0,64,16384,2048,8192,6656,1172.466,1405.248,1404.082,0.995
mixed,8,6,0.75,4.0,64,16384,4096,16384,13312,1304.74,1423.428,1423.41,0.9999
mixed,8,6,0.75,4.0,64,16384,8192,32768,26624,1809.923,2043.571,2046.85,1.014
mixed,8,6,0.75,4.0,256,0,128,512,416,160.865,171.2,171.552,1.034
mixed,8,6,0.75,4.0,256,0,256,1024,832,174.623,188.081,187.28,0.9405
mixed,8,6,0.75,4.0,256,0,512,2048,1664,236.177,265.281,264.928,0.9879
mixed,8,6,0.75,4.0,256,0,1024,4096,3328,364.401,422.048,422.45,1.007
mixed,8,6,0.75,4.0,256,0,2048,8192,6656,615.808,732.144,732.337,1.0017
mixed,8,6,0.75,4.0,256,0,4096,16384,13312,1115.601,1344.738,1344.61,0.9994
mixed,8,6,0.75,4.0,256,0,8192,32768,26624,2115.269,2572.371,2572.226,0.9997
mixed,8,6,0.75,4.0,256,512,128,512,416,226.513,226.96,226.222,-0.651
mixed,8,6,0.75,4.0,256,512,256,1024,832,251.952,266.784,265.441,0.9094
mixed,8,6,0.75,4.0,256,512,512,2048,1664,318.32,348.399,346.144,0.925
mixed,8,6,0.75,4.0,256,512,1024,4096,3328,445.713,505.44,503.217,0.9628
mixed,8,6,0.75,4.0,256,512,2048,8192,6656,700.067,816.242,812.576,0.9684
mixed,8,6,0.75,4.0,256,512,4096,16384,13312,1196.161,1429.394,1425.873,0.9849
mixed,8,6,0.75,4.0,256,512,8192,32768,26624,2201.266,2666.371,2678.755,1.0266
mixed,8,6,0.75,4.0,256,2048,128,512,416,466.337,466.88,466.882,1.0028
mixed,8,6,0.75,4.0,256,2048,256,1024,832,469.234,468.737,467.761,
mixed,8,6,0.75,4.0,256,2048,512,2048,1664,467.712,470.112,471.585,1.6137
mixed,8,6,0.75,4.0,256,2048,1024,4096,3328,568.99,627.264,625.168,0.964
mixed,8,6,0.75,4.0,256,2048,2048,8192,6656,822.017,937.168,936.896,0.9976
mixed,8,6,0.75,4.0,256,2048,4096,16384,13312,1320.867,1550.657,1552.162,1.0065
mixed,8,6,0.75,4.0,256,2048,8192,32768,26624,2320.82,2783.941,2785.602,1.0036
mixed,8,6,0.75,4.0,256,8192,128,512,416,1386.531,1384.832,1387.234,
mixed,8,6,0.75,4.0,256,8192,256,1024,832,1387.441,1388.322,1386.451,-1.1237
mixed,8,6,0.75,4.0,256,8192,512,2048,1664,1386.593,1386.546,1388.019,
mixed,8,6,0.75,4.0,256,8192,1024,4096,3328,1385.109,1385.6,1386.275,2.3733
mixed,8,6,0.75,4.0,256,8192,2048,8192,6656,1384.161,1395.347,1392.242,0.7225
mixed,8,6,0.75,4.0,256,8192,4096,16384,13312,1782.082,2016.083,2015.044,0.9956
mixed,8,6,0.75,4.0,256,8192,8192,32768,26624,2785.044,3239.97,3244.788,1.0106
mixed,8,6,0.75,4.0,256,16384,128,512,416,2601.235,2595.795,2599.671,
mixed,8,6,0.75,4.0,256,16384,256,1024,832,2596.965,2601.494,2600.675,0.8193
mixed,8,6,0.75,4.0,256,16384,512,2048,1664,2601.861,2602.852,2599.573,-2.3099
mixed,8,6,0.75,4.0,256,16384,1024,4096,3328,2603.041,2600.802,2607.189,
mixed,8,6,0.75,4.0,256,16384,2048,8192,6656,2617.222,2611.425,2599.702,
mixed,8,6,0.75,4.0,256,16384,4096,16384,13312,2597.141,2619.573,2617.221,0.8952
mixed,8,6,0.75,4.0,256,16384,8192,32768,26624,3386.07,3846.855,3863.462,1.036
mixed,8,6,0.75,4.0,1024,0,128,512,416,457.312,462.623,457.039,-0.0514
mixed,8,6,0.75,4.0,1024,0,256,1024,832,477.953,468.561,465.202,
mixed,8,6,0.75,4.0,1024,0,512,2048,1664,484.255,482.946,486.255,
mixed,8,6,0.75,4.0,1024,0,1024,4096,3328,496.321,500.895,497.792,0.3217
mixed,8,6,0.75,4.0,1024,0,2048,8192,6656,526.595,535.794,529.053,0.2672
mixed,8,6,0.75,4.0,1024,0,4096,16384,13312,568.736,590.434,574.802,0.2795
mixed,8,6,0.75,4.0,1024,0,8192,32768,26624,650.608,692.097,650.145,-0.0111
mixed,8,6,0.75,4.0,1024,512,128,512,416,719.745,722.594,718.658,-0.3817
mixed,8,6,0.75,4.0,1024,512,256,1024,832,737.553,729.937,740.372,
mixed,8,6,0.75,4.0,1024,512,512,2048,1664,745.505,741.825,746.883,
mixed,8,6,0.75,4.0,1024,512,1024,4096,3328,761.04,759.651,760.704,
mixed,8,6,0.75,4.0,1024,512,2048,8192,6656,785.158,796.239,788.367,0.2896
mixed,8,6,0.75,4.0,1024,512,4096,16384,13312,825.473,847.055,828.525,0.1414
mixed,8,6,0.75,4.0,1024,512,8192,32768,26624,908.901,947.153,909.893,0.0259
mixed,8,6,0.75,4.0,1024,2048,128,512,416,1161.766,1167.347,1158.83,-0.5259
mixed,8,6,0.75,4.0,1024,2048,256,1024,832,1185.108,1173.699,1189.507,
mixed,8,6,0.75,4.0,1024,2048,512,2048,1664,1192.115,1186.349,1195.471,
mixed,8,6,0.75,4.0,1024,2048,1024,4096,3328,1200.575,1206.258,1203.745,0.5578
mixed,8,6,0.75,4.0,1024,2048,2048,8192,6656,1230.147,1234.77,1226.614,-0.7641
mixed,8,6,0.75,4.0,1024,2048,4096,16384,13312,1269.415,1295.026,1271.538,0.0829
mixed,8,6,0.75,4.0,1024,2048,8192,32768,26624,1347.315,1389.634,1351.379,0.096
mixed,8,6,0.75,4.0,1024,8192,128,512,416,2906.532,2914.1,2909.94,0.4504
mixed,8,6,0.75,4.0,1024,8192,256,1024,832,2924.128,2923.399,2931.826,
mixed,8,6,0.75,4.0,1024,8192,512,2048,1664,2932.262,2930.824,2944.2,
mixed,8,6,0.75,4.0,1024,8192,1024,4096,3328,2947.508,2958.244,2949.302,0.1671
mixed,8,6,0.75,4.0,1024,8192,2048,8192,6656,2967.539,2978.74,2969.99,0.2188
mixed,8,6,0.75,4.0,1024,8192,4096,16384,13312,3007.207,3034.162,3017.412,0.3786
mixed,8,6,0.75,4.0,1024,8192,8192,32768,26624,3092.756,3127.731,3088.264,-0.1285
mixed,8,6,0.75,4.0,1024,16384,128,512,416,5187.8,5205.432,5189.225,0.0809
mixed,8,6,0.75,4.0,1024,16384,256,1024,832,5200.426,5207.574,5218.793,2.5696
mixed,8,6,0.75,4.0,1024,16384,512,2048,1664,5215.464,5218.506,5224.965,3.1228
mixed,8,6,0.75,4.0,1024,16384,1024,4096,3328,5228.166,5242.35,5226.629,-0.1084
mixed,8,6,0.75,4.0,1024,16384,2048,8192,6656,5260.124,5275.242,5257.863,-0.1496
mixed,8,6,0.75,4.0,1024,16384,4096,16384,13312,5297.163,5315.657,5305.335,0.4419
mixed,8,6,0.75,4.0,1024,16384,8192,32768,26624,5368.985,5417.128,5365.16,-0.0795
mixed,8,6,0.75,4.0,4096,0,128,512,416,2179.075,2183.334,2186.611,1.7694
mixed,8,6,0.75,4.0,4096,0,256,1024,832,2197.22,2190.916,2199.251,
mixed,8,6,0.75,4.0,4096,0,512,2048,1664,2210.691,2206.322,2209.651,
mixed,8,6,0.75,4.0,4096,0,1024,4096,3328,2221.809,2227.429,2225.507,0.6579
mixed,8,6,0.75,4.0,4096,0,2048,8192,6656,2249.093,2257.361,2254.436,0.6462
mixed,8,6,0.75,4.0,4096,0,4096,16384,13312,2291.345,2315.287,2291.507,0.0067
mixed,8,6,0.75,4.0,4096,0,8192,32768,26624,2370.177,2415.624,2371.796,0.0356
mixed,8,6,0.75,4.0,4096,512,128,512,416,2817.128,2824.95,2820.711,0.4581
mixed,8,6,0.75,4.0,4096,512,256,1024,832,2841.267,2827.956,2843.653,
mixed,8,6,0.75,4.0,4096,512,512,2048,1664,2847.572,2844.325,2851.671,
mixed,8,6,0.75,4.0,4096,512,1024,4096,3328,2857.399,2862.034,2860.438,0.6557
mixed,8,6,0.75,4.0,4096,512,2048,8192,6656,2888.274,2897.458,2884.15,-0.4491
mixed,8,6,0.75,4.0,4096,512,4096,16384,13312,2925.217,2947.382,2931.859,0.2996
mixed,8,6,0.75,4.0,4096,512,8192,32768,26624,2997.778,3048.678,3003.587,0.1141
mixed,8,6,0.75,4.0,4096,2048,128,512,416,3902.117,3905.753,3902.873,0.2078
mixed,8,6,0.75,4.0,4096,2048,256,1024,832,3915.556,3905.22,3920.471,
mixed,8,6,0.75,4.0,4096,2048,512,2048,1664,3923.416,3919.046,3920.485,
mixed,8,6,0.75,4.0,4096,2048,1024,4096,3328,3943.078,3936.73,3934.023,
mixed,8,6,0.75,4.0,4096,2048,2048,8192,6656,3961.128,3967.867,3965.256,0.6126
mixed,8,6,0.75,4.0,4096,2048,4096,16384,13312,4003.528,4022.566,4005.273,0.0917
mixed,8,6,0.75,4.0,4096,2048,8192,32768,26624,4077.543,4120.711,4080.458,0.0675
mixed,8,6,0.75,4.0,4096,8192,128,512,416,8212.844,8205.506,8192.847,
mixed,8,6,0.75,4.0,4096,8192,256,1024,832,8212.288,8209.357,8205.804,
mixed,8,6,0.75,4.0,4096,8192,512,2048,1664,8208.782,8223.838,8222.208,0.8917
mixed,8,6,0.75,4.0,4096,8192,1024,4096,3328,8232.185,8241.279,8234.637,0.2696
mixed,8,6,0.75,4.0,4096,8192,2048,8192,6656,8252.592,8259.394,8252.656,0.0095
mixed,8,6,0.75,4.0,4096,8192,4096,16384,13312,8300.331,8313.681,8298.667,-0.1246
mixed,8,6,0.75,4.0,4096,8192,8192,32768,26624,8376.604,8428.606,8381.595,0.096
mixed,8,6,0.75,4.0,4096,16384,128,512,416,13919.981,13916.857,13901.85,
mixed,8,6,0.75,4.0,4096,16384,256,1024,832,13870.238,13821.275,13870.41,
mixed,8,6,0.75,4.0,4096,16384,512,2048,1664,13843.895,13844.904,13853.771,9.7928
mixed,8,6,0.75,4.0,4096,16384,1024,4096,3328,13858.752,13856.17,13899.664,
mixed,8,6,0.75,4.0,4096,16384,2048,8192,6656,13888.62,13893.867,13913.695,4.7794
mixed,8,6,0.75,4.0,4096,16384,4096,16384,13312,14007.275,14024.573,14012.925,0.3266
mixed,8,6,0.75,4.0,4096,16384,8192,32768,26624,13999.21,14043.223,14020.288,0.4789
pure,8,7,0.875,4.0,0,0,128,512,464,99.474,100.19,99.52,0.0649
pure,8,7,0.875,4.0,0,0,256,1024,928,104.672,110.48,109.903,0.9007
pure,8,7,0.875,4.0,0,0,512,2048,1856,133.537,122.706,133.041,
pure,8,7,0.875,4.0,0,0,1024,4096,3712,140.69,140.193,144.0,
pure,8,7,0.875,4.0,0,0,2048,8192,7424,164.222,169.503,167.217,0.5671
pure,8,7,0.875,4.0,0,0,4096,16384,14848,207.553,219.472,210.144,0.2174
pure,8,7,0.875,4.0,0,0,8192,32768,29696,295.312,318.337,299.536,0.1834
mixed,8,7,0.875,4.0,16,0,128,512,464,116.879,116.72,114.992,
mixed,8,7,0.875,4.0,16,0,256,1024,928,122.655,123.57,123.2,0.5956
mixed,8,7,0.875,4.0,16,0,512,2048,1856,133.6,135.025,133.792,0.1351
mixed,8,7,0.875,4.0,16,0,1024,4096,3712,152.384,157.487,154.223,0.3605
mixed,8,7,0.875,4.0,16,0,2048,8192,7424,188.802,198.385,196.671,0.8211
mixed,8,7,0.875,4.0,16,0,4096,16384,14848,264.593,278.959,276.689,0.8419
mixed,8,7,0.875,4.0,16,0,8192,32768,29696,406.912,437.056,434.993,0.9316
mixed,8,7,0.875,4.0,16,512,128,512,464,135.616,133.507,131.84,
mixed,8,7,0.875,4.0,16,512,256,1024,928,134.256,133.249,132.577,
mixed,8,7,0.875,4.0,16,512,512,2048,1856,138.384,138.385,135.36,-3024.0
mixed,8,7,0.875,4.0,16,512,1024,4096,3712,153.042,157.952,157.729,0.9545
mixed,8,7,0.875,4.0,16,512,2048,8192,7424,184.962,196.995,193.105,0.6767
mixed,8,7,0.875,4.0,16,512,4096,16384,14848,261.152,277.024,274.865,0.8639
mixed,8,7,0.875,4.0,16,512,8192,32768,29696,405.665,434.911,432.899,0.9312
mixed,8,7,0.875,4.0,16,2048,128,512,464,150.4,151.536,149.137,-1.1132
mixed,8,7,0.875,4.0,16,2048,256,1024,928,152.223,152.592,152.416,0.5244
mixed,8,7,0.875,4.0,16,2048,512,2048,1856,153.954,157.089,152.882,-0.342
mixed,8,7,0.875,4.0,16,2048,1024,4096,3712,167.199,171.537,168.672,0.3394
mixed,8,7,0.875,4.0,16,2048,2048,8192,7424,194.817,205.298,199.022,0.4012
mixed,8,7,0.875,4.0,16,2048,4096,16384,14848,265.457,281.344,277.954,0.7866
mixed,8,7,0.875,4.0,16,2048,8192,32768,29696,408.976,437.905,434.288,0.875
mixed,8,7,0.875,4.0,16,8192,128,512,464,201.729,205.791,205.711,0.9802
mixed,8,7,0.875,4.0,16,8192,256,1024,928,213.071,213.408,213.216,0.4303
mixed,8,7,0.875,4.0,16,8192,512,2048,1856,219.375,216.882,217.795,
mixed,8,7,0.875,4.0,16,8192,1024,4096,3712,228.496,231.199,230.943,0.9053
mixed,8,7,0.875,4.0,16,8192,2048,8192,7424,354.609,251.394,343.921,
mixed,8,7,0.875,4.0,16,8192,4096,16384,14848,285.92,290.191,288.337,0.5659
mixed,8,7,0.875,4.0,16,8192,8192,32768,29696,421.026,450.961,446.177,0.8402
mixed,8,7,0.875,4.0,16,16384,128,512,464,289.168,287.955,288.416,
mixed,8,7,0.875,4.0,16,16384,256,1024,928,288.718,282.944,284.002,
mixed,8,7,0.875,4.0,16,16384,512,2048,1856,299.168,300.913,300.464,0.7428
mixed,8,7,0.875,4.0,16,16384,1024,4096,3712,305.745,305.76,304.945,-53.2667
mixed,8,7,0.875,4.0,16,16384,2048,8192,7424,329.632,336.513,333.632,0.5813
mixed,8,7,0.875,4.0,16,16384,4096,16384,14848,582.242,379.57,560.529,
mixed,8,7,0.875,4.0,16,16384,8192,32768,29696,449.775,455.841,451.827,0.3382
mixed,8,7,0.875,4.0,64,0,128,512,464,128.785,132.593,132.383,0.945
mixed,8,7,0.875,4.0,64,0,256,1024,928,146.385,152.032,151.488,0.9037
mixed,8,7,0.875,4.0,64,0,512,2048,1856,183.314,190.319,190.273,0.9934
mixed,8,7,0.875,4.0,64,0,1024,4096,3712,253.874,268.129,269.119,1.0694
mixed,8,7,0.875,4.0,64,0,2048,8192,7424,395.889,424.352,423.505,0.9703
mixed,8,7,0.875,4.0,64,0,4096,16384,14848,672.609,732.145,730.721,0.9761
mixed,8,7,0.875,4.0,64,0,8192,32768,29696,1228.961,1346.85,1344.481,0.9799
mixed,8,7,0.875,4.0,64,512,128,512,464,207.488,211.378,211.361,0.9955
mixed,8,7,0.875,4.0,64,512,256,1024,928,226.56,230.273,229.841,0.8836
mixed,8,7,0.875,4.0,64,512,512,2048,1856,261.153,269.619,268.481,0.8656
mixed,8,7,0.875,4.0,64,512,1024,4096,3712,253.969,270.001,270.271,1.0168
mixed,8,7,0.875,4.0,64,512,2048,8192,7424,396.032,427.103,426.144,0.9691
mixed,8,7,0.875,4.0,64,512,4096,16384,14848,676.544,734.74,733.328,0.9758
mixed,8,7,0.875,4.0,64,512,8192,32768,29696,1230.755,1347.606,1350.707,1.0265
mixed,8,7,0.875,4.0,64,2048,128,512,464,225.423,230.016,231.49,1.321
mixed,8,7,0.875,4.0,64,2048,256,1024,928,292.32,316.575,317.457,1.0363
mixed,8,7,0.875,4.0,64,2048,512,2048,1856,319.586,330.964,330.608,0.9688
mixed,8,7,0.875,4.0,64,2048,1024,4096,3712,395.103,408.912,407.841,0.9224
mixed,8,7,0.875,4.0,64,2048,2048,8192,7424,533.888,561.601,562.865,1.0456
mixed,8,7,0.875,4.0,64,2048,4096,16384,14848,677.44,735.664,737.649,1.0341
mixed,8,7,0.875,4.0,64,2048,8192,32768,29696,1242.321,1352.291,1351.779,0.9953
mixed,8,7,0.875,4.0,64,8192,128,512,464,466.798,468.225,469.25,1.7191
mixed,8,7,0.875,4.0,64,8192,256,1024,928,468.607,467.889,468.88,
mixed,8,7,0.875,4.0,64,8192,512,2048,1856,469.392,471.603,471.49,0.9487
mixed,8,7,0.875,4.0,64,8192,1024,4096,3712,722.226,783.745,784.481,1.012
mixed,8,7,0.875,4.0,64,8192,2048,8192,7424,766.738,803.793,798.912,0.8683
mixed,8,7,0.875,4.0,64,8192,4096,16384,14848,1048.625,1108.068,1108.484,1.007
mixed,8,7,0.875,4.0,64,8192,8192,32768,29696,1604.209,1725.971,1721.939,0.9669
mixed,8,7,0.875,4.0,64,16384,128,512,464,776.898,775.136,776.434,
mixed,8,7,0.875,4.0,64,16384,256,1024,928,778.418,778.002,777.121,
mixed,8,7,0.875,4.0,64,16384,512,2048,1856,776.835,776.851,781.984,332.1613
mixed,8,7,0.875,4.0,64,16384,1024,4096,3712,777.585,783.473,783.121,0.9402
mixed,8,7,0.875,4.0,64,16384,2048,8192,7424,1282.914,1396.691,1396.418,0.9976
mixed,8,7,0.875,4.0,64,16384,4096,16384,14848,1352.449,1411.57,1418.834,1.1229
mixed,8,7,0.875,4.0,64,16384,8192,32768,29696,1914.677,2027.364,2029.074,1.0152
mixed,8,7,0.875,4.0,256,0,128,512,464,165.297,171.97,171.617,0.9472
mixed,8,7,0.875,4.0,256,0,256,1024,928,177.792,187.151,187.12,0.9967
mixed,8,7,0.875,4.0,256,0,512,2048,1856,250.001,264.337,263.168,0.9185
mixed,8,7,0.875,4.0,256,0,1024,4096,3712,391.009,419.585,420.561,1.0341
mixed,8,7,0.875,4.0,256,0,2048,8192,7424,670.706,726.193,727.442,1.0225
mixed,8,7,0.875,4.0,256,0,4096,16384,14848,1218.772,1334.514,1336.465,1.0169
mixed,8,7,0.875,4.0,256,0,8192,32768,29696,2331.97,2552.884,2553.219,1.0015
mixed,8,7,0.875,4.0,256,512,128,512,464,226.032,226.082,226.77,15.0612
mixed,8,7,0.875,4.0,256,512,256,1024,928,256.656,265.921,266.0,1.0086
mixed,8,7,0.875,4.0,256,512,512,2048,1856,331.472,346.144,347.233,1.0742
mixed,8,7,0.875,4.0,256,512,1024,4096,3712,474.512,505.521,502.351,0.8978
mixed,8,7,0.875,4.0,256,512,2048,8192,7424,753.086,808.319,807.379,0.983
mixed,8,7,0.875,4.0,256,512,4096,16384,14848,1304.339,1421.026,1420.563,0.996
mixed,8,7,0.875,4.0,256,512,8192,32768,29696,2411.09,2642.13,2635.013,0.9692
mixed,8,7,0.875,4.0,256,2048,128,512,464,466.466,465.329,465.601,
mixed,8,7,0.875,4.0,256,2048,256,1024,928,465.071,466.513,466.115,0.7236
mixed,8,7,0.875,4.0,256,2048,512,2048,1856,467.426,469.249,468.305,0.4823
mixed,8,7,0.875,4.0,256,2048,1024,4096,3712,595.184,624.338,625.073,1.0252
mixed,8,7,0.875,4.0,256,2048,2048,8192,7424,876.383,931.217,932.481,1.0231
mixed,8,7,0.875,4.0,256,2048,4096,16384,14848,1426.994,1540.771,1541.315,1.0048
mixed,8,7,0.875,4.0,256,2048,8192,32768,29696,2545.425,2763.092,2766.403,1.0152
mixed,8,7,0.875,4.0,256,8192,128,512,464,1380.994,1378.802,1376.963,
mixed,8,7,0.875,4.0,256,8192,256,1024,928,1379.859,1378.098,1376.515,
mixed,8,7,0.875,4.0,256,8192,512,2048,1856,1379.41,1377.855,1378.611,
mixed,8,7,0.875,4.0,256,8192,1024,4096,3712,1377.234,1375.731,1377.49,
mixed,8,7,0.875,4.0,256,8192,2048,8192,7424,1376.978,1385.459,1384.467,0.8831
mixed,8,7,0.875,4.0,256,8192,4096,16384,14848,1883.685,2000.789,1998.165,0.9776
mixed,8,7,0.875,4.0,256,8192,8192,32768,29696,2986.884,3220.773,3221.318,1.0023
mixed,8,7,0.875,4.0,256,16384,128,512,464,2586.596,2581.045,2583.282,
mixed,8,7,0.875,4.0,256,16384,256,1024,928,2582.005,2586.084,2586.786,1.1722
mixed,8,7,0.875,4.0,256,16384,512,2048,1856,2585.955,2600.66,2594.773,0.5996
mixed,8,7,0.875,4.0,256,16384,1024,4096,3712,2594.517,2581.925,2586.005,
mixed,8,7,0.875,4.0,256,16384,2048,8192,7424,2581.587,2581.205,2581.189,
mixed,8,7,0.875,4.0,256,16384,4096,16384,14848,2581.845,2598.962,2595.622,0.8048
mixed,8,7,0.875,4.0,256,16384,8192,32768,29696,3593.896,3840.487,3817.157,0.9054
mixed,8,7,0.875,4.0,1024,0,128,512,464,457.038,460.305,459.363,0.7116
mixed,8,7,0.875,4.0,1024,0,256,1024,928,462.85,468.368,465.713,0.5188
mixed,8,7,0.875,4.0,1024,0,512,2048,1856,490.501,481.203,485.905,
mixed,8,7,0.875,4.0,1024,0,1024,4096,3712,500.175,497.956,501.007,
mixed,8,7,0.875,4.0,1024,0,2048,8192,7424,530.59,533.86,531.134,0.1665
mixed,8,7,0.875,4.0,1024,0,4096,16384,14848,579.299,589.295,578.881,-0.0418
mixed,8,7,0.875,4.0,1024,0,8192,32768,29696,667.649,689.676,673.28,0.2557
mixed,8,7,0.875,4.0,1024,512,128,512,464,717.918,721.611,719.792,0.5075
mixed,8,7,0.875,4.0,1024,512,256,1024,928,737.504,727.041,723.793,
mixed,8,7,0.875,4.0,1024,512,512,2048,1856,748.274,740.883,749.841,
mixed,8,7,0.875,4.0,1024,512,1024,4096,3712,763.088,763.649,762.722,-0.6515
mixed,8,7,0.875,4.0,1024,512,2048,8192,7424,784.271,790.177,789.04,0.8073
mixed,8,7,0.875,4.0,1024,512,4096,16384,14848,836.796,842.879,834.031,-0.4546
mixed,8,7,0.875,4.0,1024,512,8192,32768,29696,920.833,944.414,924.415,0.1519
mixed,8,7,0.875,4.0,1024,2048,128,512,464,1163.319,1162.866,1163.409,
mixed,8,7,0.875,4.0,1024,2048,256,1024,928,1183.348,1171.283,1169.637,
mixed,8,7,0.875,4.0,1024,2048,512,2048,1856,1195.748,1185.743,1190.851,
mixed,8,7,0.875,4.0,1024,2048,1024,4096,3712,1205.662,1203.155,1205.873,
mixed,8,7,0.875,4.0,1024,2048,2048,8192,7424,1230.497,1231.281,1229.954,-0.6937
mixed,8,7,0.875,4.0,1024,2048,4096,16384,14848,1277.415,1285.919,1275.651,-0.2073
mixed,8,7,0.875,4.0,1024,2048,8192,32768,29696,1368.014,1393.601,1371.155,0.1228
mixed,8,7,0.875,4.0,1024,8192,128,512,464,2900.211,2904.343,2897.209,-0.7264
mixed,8,7,0.875,4.0,1024,8192,256,1024,928,2920.278,2912.885,2910.501,
mixed,8,7,0.875,4.0,1024,8192,512,2048,1856,2932.216,2917.706,2931.128,
mixed,8,7,0.875,4.0,1024,8192,1024,4096,3712,2934.82,2938.07,2943.607,2.7041
mixed,8,7,0.875,4.0,1024,8192,2048,8192,7424,2961.778,2974.628,2970.679,0.6927
mixed,8,7,0.875,4.0,1024,8192,4096,16384,14848,3016.423,3031.893,3019.589,0.2047
mixed,8,7,0.875,4.0,1024,8192,8192,32768,29696,3107.028,3134.921,3105.599,-0.0512
mixed,8,7,0.875,4.0,1024,16384,128,512,464,5176.378,5196.355,5190.251,0.6944
mixed,8,7,0.875,4.0,1024,16384,256,1024,928,5205.453,5192.138,5177.034,
mixed,8,7,0.875,4.0,1024,16384,512,2048,1856,5227.415,5212.42,5220.89,
mixed,8,7,0.875,4.0,1024,16384,1024,4096,3712,5213.561,5214.664,5223.848,9.3306
mixed,8,7,0.875,4.0,1024,16384,2048,8192,7424,5235.926,5250.836,5245.097,0.6151
mixed,8,7,0.875,4.0,1024,16384,4096,16384,14848,5287.85,5291.48,5290.968,0.8589
mixed,8,7,0.875,4.0,1024,16384,8192,32768,29696,5375.307,5398.86,5388.315,0.5523
mixed,8,7,0.875,4.0,4096,0,128,512,464,2175.186,2170.242,2172.881,
mixed,8,7,0.875,4.0,4096,0,256,1024,928,2194.068,2180.719,2179.14,
mixed,8,7,0.875,4.0,4096,0,512,2048,1856,2202.835,2193.075,2200.402,
mixed,8,7,0.875,4.0,4096,0,1024,4096,3712,2215.732,2212.402,2218.357,
mixed,8,7,0.875,4.0,4096,0,2048,8192,7424,2248.051,2243.7,2248.724,
mixed,8,7,0.875,4.0,4096,0,4096,16384,14848,2293.923,2300.388,2292.5,-0.22
mixed,8,7,0.875,4.0,4096,0,8192,32768,29696,2385.667,2399.268,2385.524,-0.0106
mixed,8,7,0.875,4.0,4096,512,128,512,464,2816.726,2811.625,2806.484,
mixed,8,7,0.875,4.0,4096,512,256,1024,928,2834.66,2820.916,2813.974,
mixed,8,7,0.875,4.0,4096,512,512,2048,1856,2841.56,2825.803,2843.974,
mixed,8,7,0.875,4.0,4096,512,1024,4096,3712,2848.42,2848.468,2854.61,128.9479
mixed,8,7,0.875,4.0,4096,512,2048,8192,7424,2872.836,2878.097,2876.456,0.6879
mixed,8,7,0.875,4.0,4096,512,4096,16384,14848,2918.602,2941.303,2924.529,0.2611
mixed,8,7,0.875,4.0,4096,512,8192,32768,29696,3013.426,3033.876,3016.037,0.1277
mixed,8,7,0.875,4.0,4096,2048,128,512,464,3887.445,3885.704,3891.859,
mixed,8,7,0.875,4.0,4096,2048,256,1024,928,3904.31,3891.083,3892.648,
mixed,8,7,0.875,4.0,4096,2048,512,2048,1856,3912.263,3898.932,3918.471,
mixed,8,7,0.875,4.0,4096,2048,1024,4096,3712,3915.154,3917.88,3920.713,2.0394
mixed,8,7,0.875,4.0,4096,2048,2048,8192,7424,3945.911,3946.389,3964.197,38.2942
mixed,8,7,0.875,4.0,4096,2048,4096,16384,14848,3993.769,4014.102,3993.491,-0.0136
mixed,8,7,0.875,4.0,4096,2048,8192,32768,29696,4098.358,4098.777,4079.72,-44.4821
mixed,8,7,0.875,4.0,4096,8192,128,512,464,8145.267,8154.399,8153.998,0.9561
mixed,8,7,0.875,4.0,4096,8192,256,1024,928,8172.735,8164.269,8159.219,
mixed,8,7,0.875,4.0,4096,8192,512,2048,1856,8178.99,8169.443,8200.779,
mixed,8,7,0.875,4.0,4096,8192,1024,4096,3712,8189.917,8185.997,8192.979,
mixed,8,7,0.875,4.0,4096,8192,2048,8192,7424,8201.184,8220.594,8218.233,0.8784
mixed,8,7,0.875,4.0,4096,8192,4096,16384,14848,8255.422,8277.661,8253.442,-0.089
mixed,8,7,0.875,4.0,4096,8192,8192,32768,29696,8350.597,8371.165,8351.823,0.0596
mixed,8,7,0.875,4.0,4096,16384,128,512,464,13830.894,13853.922,13821.296,-0.4168
mixed,8,7,0.875,4.0,4096,16384,256,1024,928,13880.588,13833.71,13852.679,
mixed,8,7,0.875,4.0,4096,16384,512,2048,1856,13855.45,13846.108,13857.435,
mixed,8,7,0.875,4.0,4096,16384,1024,4096,3712,13865.686,13896.027,13862.075,-0.119
mixed,8,7,0.875,4.0,4096,16384,2048,8192,7424,13970.541,13984.377,13972.767,0.1608
mixed,8,7,0.875,4.0,4096,16384,4096,16384,14848,14025.568,14019.039,14020.12,
mixed,8,7,0.875,4.0,4096,16384,8192,32768,29696,14112.437,14133.169,14030.861,-3.9348
pure,16,1,0.0625,4.0,0,0,128,512,152,79.392,110.415,102.465,0.7437
pure,16,1,0.0625,4.0,0,0,256,1024,304,107.727,122.575,105.906,-0.1226
pure,16,1,0.0625,4.0,0,0,512,2048,608,116.847,137.12,117.329,0.0238
pure,16,1,0.0625,4.0,0,0,1024,4096,1216,128.447,164.256,140.015,0.323
pure,16,1,0.0625,4.0,0,0,2048,8192,2432,142.702,214.386,153.361,0.1487
pure,16,1,0.0625,4.0,0,0,4096,16384,4864,174.879,317.091,187.089,0.0859
pure,16,1,0.0625,4.0,0,0,8192,32768,9728,234.577,518.704,239.841,0.0185
mixed,16,1,0.0625,4.0,16,0,128,512,152,91.149,126.001,113.089,0.6295
mixed,16,1,0.0625,4.0,16,0,256,1024,304,125.09,139.169,121.183,-0.2775
mixed,16,1,0.0625,4.0,16,0,512,2048,608,132.145,149.2,132.576,0.0252
mixed,16,1,0.0625,4.0,16,0,1024,4096,1216,144.147,178.304,155.568,0.3344
mixed,16,1,0.0625,4.0,16,0,2048,8192,2432,156.0,228.784,195.666,0.545
mixed,16,1,0.0625,4.0,16,0,4096,16384,4864,186.432,334.32,279.168,0.6271
mixed,16,1,0.0625,4.0,16,0,8192,32768,9728,248.383,533.986,447.631,0.6976
mixed,16,1,0.0625,4.0,16,512,128,512,152,135.071,142.065,137.554,0.355
mixed,16,1,0.0625,4.0,16,512,256,1024,304,140.238,143.695,135.793,-1.2863
mixed,16,1,0.0625,4.0,16,512,512,2048,608,139.778,154.208,138.513,-0.0876
mixed,16,1,0.0625,4.0,16,512,1024,4096,1216,150.752,174.801,158.417,0.3187
mixed,16,1,0.0625,4.0,16,512,2048,8192,2432,160.192,228.16,198.882,0.5692
mixed,16,1,0.0625,4.0,16,512,4096,16384,4864,185.489,391.457,277.344,0.446
mixed,16,1,0.0625,4.0,16,512,8192,32768,9728,247.505,581.569,438.705,0.5723
mixed,16,1,0.0625,4.0,16,2048,128,512,152,150.737,153.023,151.681,0.4129
mixed,16,1,0.0625,4.0,16,2048,256,1024,304,150.289,157.81,150.032,-0.0342
mixed,16,1,0.0625,4.0,16,2048,512,2048,608,154.752,169.376,156.353,0.1094
mixed,16,1,0.0625,4.0,16,2048,1024,4096,1216,162.367,191.154,175.007,0.4391
mixed,16,1,0.0625,4.0,16,2048,2048,8192,2432,168.498,241.904,200.625,0.4377
mixed,16,1,0.0625,4.0,16,2048,4096,16384,4864,266.609,330.255,282.067,0.2429
mixed,16,1,0.0625,4.0,16,2048,8192,32768,9728,356.769,686.002,449.361,0.2812
mixed,16,1,0.0625,4.0,16,8192,128,512,152,215.023,218.992,214.64,-0.0964
mixed,16,1,0.0625,4.0,16,8192,256,1024,304,208.257,218.993,206.927,-0.1239
mixed,16,1,0.0625,4.0,16,8192,512,2048,608,218.656,231.393,219.312,0.0515
mixed,16,1,0.0625,4.0,16,8192,1024,4096,1216,215.361,248.976,219.2,0.1142
mixed,16,1,0.0625,4.0,16,8192,2048,8192,2432,232.017,284.673,233.487,0.0279
mixed,16,1,0.0625,4.0,16,8192,4096,16384,4864,255.536,401.056,351.488,0.6594
mixed,16,1,0.0625,4.0,16,8192,8192,32768,9728,449.442,586.977,444.736,-0.0342
mixed,16,1,0.0625,4.0,16,16384,128,512,152,291.647,296.75,291.248,-0.0782
mixed,16,1,0.0625,4.0,16,16384,256,1024,304,292.865,306.609,284.273,-0.6252
mixed,16,1,0.0625,4.0,16,16384,512,2048,608,301.841,306.322,296.93,-1.0957
mixed,16,1,0.0625,4.0,16,16384,1024,4096,1216,307.137,335.762,306.338,-0.0279
mixed,16,1,0.0625,4.0,16,16384,2048,8192,2432,299.233,378.82,308.449,0.1158
mixed,16,1,0.0625,4.0,16,16384,4096,16384,4864,335.474,451.184,339.107,0.0314
mixed,16,1,0.0625,4.0,16,16384,8192,32768,9728,385.154,666.45,566.595,0.645
mixed,16,1,0.0625,4.0,64,0,128,512,152,96.208,142.096,136.911,0.887
mixed,16,1,0.0625,4.0,64,0,256,1024,304,131.937,161.647,156.145,0.8148
mixed,16,1,0.0625,4.0,64,0,512,2048,608,144.417,202.592,195.794,0.8831
mixed,16,1,0.0625,4.0,64,0,1024,4096,1216,168.544,280.993,273.281,0.9314
mixed,16,1,0.0625,4.0,64,0,2048,8192,2432,217.296,437.567,430.545,0.9681
mixed,16,1,0.0625,4.0,64,0,4096,16384,4864,307.968,745.857,738.561,0.9833
mixed,16,1,0.0625,4.0,64,0,8192,32768,9728,493.313,1360.755,1353.377,0.9915
mixed,16,1,0.0625,4.0,64,512,128,512,152,190.191,219.712,190.912,0.0244
mixed,16,1,0.0625,4.0,64,512,256,1024,304,202.367,239.282,201.09,-0.0346
mixed,16,1,0.0625,4.0,64,512,512,2048,608,220.577,200.894,229.279,
mixed,16,1,0.0625,4.0,64,512,1024,4096,1216,244.975,282.511,306.578,1.6412
mixed,16,1,0.0625,4.0,64,512,2048,8192,2432,216.656,437.265,431.041,0.9718
mixed,16,1,0.0625,4.0,64,512,4096,16384,4864,312.175,746.162,740.563,0.9871
mixed,16,1,0.0625,4.0,64,512,8192,32768,9728,494.993,1369.97,1357.876,0.9862
mixed,16,1,0.0625,4.0,64,2048,128,512,152,234.657,279.264,248.514,0.3106
mixed,16,1,0.0625,4.0,64,2048,256,1024,304,259.793,320.992,258.945,-0.0139
mixed,16,1,0.0625,4.0,64,2048,512,2048,608,284.721,339.887,279.216,-0.0998
mixed,16,1,0.0625,4.0,64,2048,1024,4096,1216,334.56,418.991,320.431,-0.1673
mixed,16,1,0.0625,4.0,64,2048,2048,8192,2432,357.106,443.504,465.904,1.2593
mixed,16,1,0.0625,4.0,64,2048,4096,16384,4864,449.312,751.251,775.039,1.0788
mixed,16,1,0.0625,4.0,64,2048,8192,32768,9728,498.864,1370.626,1360.994,0.989
mixed,16,1,0.0625,4.0,64,8192,128,512,152,473.758,472.978,474.097,
mixed,16,1,0.0625,4.0,64,8192,256,1024,304,472.625,511.378,474.322,0.0438
mixed,16,1,0.0625,4.0,64,8192,512,2048,608,473.889,635.201,472.065,-0.0113
mixed,16,1,0.0625,4.0,64,8192,1024,4096,1216,569.216,790.24,554.528,-0.0665
mixed,16,1,0.0625,4.0,64,8192,2048,8192,2432,661.952,811.2,635.57,-0.1768
mixed,16,1,0.0625,4.0,64,8192,4096,16384,4864,847.794,1118.849,789.889,-0.2136
mixed,16,1,0.0625,4.0,64,8192,8192,32768,9728,869.187,1369.747,1395.715,1.0519
mixed,16,1,0.0625,4.0,64,16384,128,512,152,780.913,782.8,781.651,0.391
mixed,16,1,0.0625,4.0,64,16384,256,1024,304,782.897,782.754,784.754,
mixed,16,1,0.0625,4.0,64,16384,512,2048,608,782.513,820.641,784.113,0.042
mixed,16,1,0.0625,4.0,64,16384,1024,4096,1216,783.058,1097.603,782.161,-0.0029
mixed,16,1,0.0625,4.0,64,16384,2048,8192,2432,938.721,1405.827,943.859,0.011
mixed,16,1,0.0625,4.0,64,16384,4096,16384,4864,1157.844,1428.77,1098.659,-0.2185
mixed,16,1,0.0625,4.0,64,16384,8192,32768,9728,1518.803,2047.763,1405.427,-0.2143
mixed,16,1,0.0625,4.0,256,0,128,512,152,172.081,176.926,172.113,0.0067
mixed,16,1,0.0625,4.0,256,0,256,1024,304,172.002,191.137,185.936,0.7282
mixed,16,1,0.0625,4.0,256,0,512,2048,608,177.778,271.81,262.608,0.9021
mixed,16,1,0.0625,4.0,256,0,1024,4096,1216,206.752,428.723,419.696,0.9593
mixed,16,1,0.0625,4.0,256,0,2048,8192,2432,300.881,734.18,726.687,0.9827
mixed,16,1,0.0625,4.0,256,0,4096,16384,4864,482.241,1345.731,1335.586,0.9883
mixed,16,1,0.0625,4.0,256,0,8192,32768,9728,851.106,2567.57,2556.87,0.9938
mixed,16,1,0.0625,4.0,256,512,128,512,152,228.24,283.536,247.584,0.3498
mixed,16,1,0.0625,4.0,256,512,256,1024,304,250.287,326.753,264.177,0.1816
mixed,16,1,0.0625,4.0,256,512,512,2048,608,291.6,408.511,343.553,0.4444
mixed,16,1,0.0625,4.0,256,512,1024,4096,1216,341.601,559.489,498.691,0.721
mixed,16,1,0.0625,4.0,256,512,2048,8192,2432,438.593,866.849,809.14,0.8652
mixed,16,1,0.0625,4.0,256,512,4096,16384,4864,615.697,1479.283,1419.842,0.9312
mixed,16,1,0.0625,4.0,256,512,8192,32768,9728,978.897,2696.952,2656.934,0.9767
mixed,16,1,0.0625,4.0,256,2048,128,512,152,465.599,467.282,466.45,0.5056
mixed,16,1,0.0625,4.0,256,2048,256,1024,304,466.627,491.122,467.152,0.0215
mixed,16,1,0.0625,4.0,256,2048,512,2048,608,467.265,638.401,468.8,0.009
mixed,16,1,0.0625,4.0,256,2048,1024,4096,1216,519.874,796.259,623.058,0.3733
mixed,16,1,0.0625,4.0,256,2048,2048,8192,2432,670.387,1104.691,930.228,0.5983
mixed,16,1,0.0625,4.0,256,2048,4096,16384,4864,853.105,1719.619,1544.146,0.7975
mixed,16,1,0.0625,4.0,256,2048,8192,32768,9728,1215.056,2932.533,2762.836,0.9012
mixed,16,1,0.0625,4.0,256,8192,128,512,152,1377.924,1379.699,1379.071,0.6462
mixed,16,1,0.0625,4.0,256,8192,256,1024,304,1381.107,1377.778,1378.643,
mixed,16,1,0.0625,4.0,256,8192,512,2048,608,1384.101,1378.898,1379.06,
mixed,16,1,0.0625,4.0,256,8192,1024,4096,1216,1386.787,1407.298,1378.883,-0.3854
mixed,16,1,0.0625,4.0,256,8192,2048,8192,2432,1377.121,2006.434,1384.93,0.0124
mixed,16,1,0.0625,4.0,256,8192,4096,16384,4864,1522.916,2619.33,2005.875,0.4405
mixed,16,1,0.0625,4.0,256,8192,8192,32768,9728,2121.475,3833.478,3219.75,0.6415
mixed,16,1,0.0625,4.0,256,16384,128,512,152,2583.975,2583.7,2586.327,
mixed,16,1,0.0625,4.0,256,16384,256,1024,304,2586.485,2585.525,2583.573,
mixed,16,1,0.0625,4.0,256,16384,512,2048,608,2586.566,2585.524,2582.18,
mixed,16,1,0.0625,4.0,256,16384,1024,4096,1216,2582.211,2583.814,2582.79,0.361
mixed,16,1,0.0625,4.0,256,16384,2048,8192,2432,2583.73,2621.235,2584.836,0.0295
mixed,16,1,0.0625,4.0,256,16384,4096,16384,4864,2587.859,3820.806,2598.836,0.0089
mixed,16,1,0.0625,4.0,256,16384,8192,32768,9728,2854.437,5032.523,3810.747,0.4391
mixed,16,1,0.0625,4.0,1024,0,128,512,152,455.649,465.232,458.369,0.2838
mixed,16,1,0.0625,4.0,1024,0,256,1024,304,464.709,476.612,464.178,-0.0446
mixed,16,1,0.0625,4.0,1024,0,512,2048,608,471.137,494.739,474.355,0.1364
mixed,16,1,0.0625,4.0,1024,0,1024,4096,1216,480.192,526.975,496.959,0.3584
mixed,16,1,0.0625,4.0,1024,0,2048,8192,2432,503.264,584.229,512.433,0.1132
mixed,16,1,0.0625,4.0,1024,0,4096,16384,4864,538.799,686.767,550.178,0.0769
mixed,16,1,0.0625,4.0,1024,0,8192,32768,9728,603.876,883.821,610.255,0.0228
mixed,16,1,0.0625,4.0,1024,512,128,512,152,715.986,724.354,717.475,0.1779
mixed,16,1,0.0625,4.0,1024,512,256,1024,304,724.019,737.249,728.065,0.3058
mixed,16,1,0.0625,4.0,1024,512,512,2048,608,729.854,754.436,732.382,0.1028
mixed,16,1,0.0625,4.0,1024,512,1024,4096,1216,743.711,785.073,754.034,0.2496
mixed,16,1,0.0625,4.0,1024,512,2048,8192,2432,760.993,838.689,770.066,0.1168
mixed,16,1,0.0625,4.0,1024,512,4096,16384,4864,795.347,943.472,806.482,0.0752
mixed,16,1,0.0625,4.0,1024,512,8192,32768,9728,855.251,1140.468,866.782,0.0404
mixed,16,1,0.0625,4.0,1024,2048,128,512,152,1162.37,1167.107,1158.466,-0.8243
mixed,16,1,0.0625,4.0,1024,2048,256,1024,304,1165.907,1182.101,1174.74,0.5455
mixed,16,1,0.0625,4.0,1024,2048,512,2048,608,1174.226,1197.3,1179.617,0.2336
mixed,16,1,0.0625,4.0,1024,2048,1024,4096,1216,1186.37,1224.979,1197.648,0.2921
mixed,16,1,0.0625,4.0,1024,2048,2048,8192,2432,1202.354,1281.779,1213.266,0.1374
mixed,16,1,0.0625,4.0,1024,2048,4096,16384,4864,1237.68,1384.416,1246.035,0.0569
mixed,16,1,0.0625,4.0,1024,2048,8192,32768,9728,1298.371,1582.704,1305.539,0.0252
mixed,16,1,0.0625,4.0,1024,8192,128,512,152,2896.483,2905.736,2901.622,0.5554
mixed,16,1,0.0625,4.0,1024,8192,256,1024,304,2901.703,2922.626,2906.597,0.2339
mixed,16,1,0.0625,4.0,1024,8192,512,2048,608,2917.061,2929.014,2907.317,-0.8152
mixed,16,1,0.0625,4.0,1024,8192,1024,4096,1216,2925.765,2968.021,2932.566,0.1609
mixed,16,1,0.0625,4.0,1024,8192,2048,8192,2432,2945.729,3016.822,2960.226,0.2039
mixed,16,1,0.0625,4.0,1024,8192,4096,16384,4864,2983.619,3113.875,2980.917,-0.0207
mixed,16,1,0.0625,4.0,1024,8192,8192,32768,9728,3041.641,3316.247,3045.157,0.0128
mixed,16,1,0.0625,4.0,1024,16384,128,512,152,5170.154,5179.291,5190.077,2.1804
mixed,16,1,0.0625,4.0,1024,16384,256,1024,304,5199.627,5187.354,5180.412,
mixed,16,1,0.0625,4.0,1024,16384,512,2048,608,5198.956,5209.64,5204.088,0.4803
mixed,16,1,0.0625,4.0,1024,16384,1024,4096,1216,5201.856,5237.275,5206.041,0.1181
mixed,16,1,0.0625,4.0,1024,16384,2048,8192,2432,5224.377,5293.337,5219.703,-0.0678
mixed,16,1,0.0625,4.0,1024,16384,4096,16384,4864,5251.32,5389.422,5265.583,0.1033
mixed,16,1,0.0625,4.0,1024,16384,8192,32768,9728,5322.199,5608.953,5326.044,0.0134
mixed,16,1,0.0625,4.0,4096,0,128,512,152,2169.587,2181.84,2166.263,-0.2713
mixed,16,1,0.0625,4.0,4096,0,256,1024,304,2183.111,2199.044,2182.961,-0.0094
mixed,16,1,0.0625,4.0,4096,0,512,2048,608,2188.993,2212.486,2189.427,0.0185
mixed,16,1,0.0625,4.0,4096,0,1024,4096,1216,2198.073,2249.909,2207.331,0.1786
mixed,16,1,0.0625,4.0,4096,0,2048,8192,2432,2218.339,2299.779,2227.079,0.1073
mixed,16,1,0.0625,4.0,4096,0,4096,16384,4864,2251.508,2397.253,2264.547,0.0895
mixed,16,1,0.0625,4.0,4096,0,8192,32768,9728,2317.429,2601.668,2328.95,0.0405
mixed,16,1,0.0625,4.0,4096,512,128,512,152,2805.008,2813.541,2811.958,0.8144
mixed,16,1,0.0625,4.0,4096,512,256,1024,304,2815.914,2823.522,2817.974,0.2707
mixed,16,1,0.0625,4.0,4096,512,512,2048,608,2822.233,2843.559,2826.373,0.1941
mixed,16,1,0.0625,4.0,4096,512,1024,4096,1216,2835.62,2877.576,2843.656,0.1915
mixed,16,1,0.0625,4.0,4096,512,2048,8192,2432,2850.021,2929.828,2860.855,0.1358
mixed,16,1,0.0625,4.0,4096,512,4096,16384,4864,2898.613,3034.005,2898.452,-0.0012
mixed,16,1,0.0625,4.0,4096,512,8192,32768,9728,2953.973,3228.23,2953.507,-0.0017
mixed,16,1,0.0625,4.0,4096,2048,128,512,152,3869.369,3882.314,3876.216,0.529
mixed,16,1,0.0625,4.0,4096,2048,256,1024,304,3878.503,3899.372,3887.864,0.4485
mixed,16,1,0.0625,4.0,4096,2048,512,2048,608,3890.471,3913.981,3892.245,0.0754
mixed,16,1,0.0625,4.0,4096,2048,1024,4096,1216,3902.216,3953.194,3916.934,0.2887
mixed,16,1,0.0625,4.0,4096,2048,2048,8192,2432,3920.472,3995.049,3931.99,0.1544
mixed,16,1,0.0625,4.0,4096,2048,4096,16384,4864,3950.794,4098.761,3971.638,0.1409
mixed,16,1,0.0625,4.0,4096,2048,8192,32768,9728,4020.643,4300.7,4022.199,0.0056
mixed,16,1,0.0625,4.0,4096,8192,128,512,152,8139.726,8190.563,8130.604,-0.1794
mixed,16,1,0.0625,4.0,4096,8192,256,1024,304,8161.198,8166.96,8161.933,0.1276
mixed,16,1,0.0625,4.0,4096,8192,512,2048,608,8198.19,8185.616,8200.37,
mixed,16,1,0.0625,4.0,4096,8192,1024,4096,1216,8237.235,8258.142,8220.302,-0.8099
mixed,16,1,0.0625,4.0,4096,8192,2048,8192,2432,8224.956,8306.994,8232.196,0.0882
mixed,16,1,0.0625,4.0,4096,8192,4096,16384,4864,8287.488,8415.713,8279.985,-0.0585
mixed,16,1,0.0625,4.0,4096,8192,8192,32768,9728,8350.468,8619.328,8330.993,-0.0724
mixed,16,1,0.0625,4.0,4096,16384,128,512,152,13905.276,13905.021,13900.193,
mixed,16,1,0.0625,4.0,4096,16384,256,1024,304,13809.821,13836.988,13853.647,1.6132
mixed,16,1,0.0625,4.0,4096,16384,512,2048,608,13824.238,13946.558,13938.448,0.9337
mixed,16,1,0.0625,4.0,4096,16384,1024,4096,1216,13932.398,13971.9,13937.915,0.1397
mixed,16,1,0.0625,4.0,4096,16384,2048,8192,2432,13972.263,13934.157,13875.154,
mixed,16,1,0.0625,4.0,4096,16384,4096,16384,4864,13893.391,14049.005,13898.268,0.0313
mixed,16,1,0.0625,4.0,4096,16384,8192,32768,9728,13957.627,14234.752,13999.8,0.1522
pure,16,2,0.125,4.0,0,0,128,512,176,80.386,110.274,104.798,0.8168
pure,16,2,0.125,4.0,0,0,256,1024,352,111.921,122.754,107.793,-0.3811
pure,16,2,0.125,4.0,0,0,512,2048,704,120.464,137.088,128.032,0.4553
pure,16,2,0.125,4.0,0,0,1024,4096,1408,127.777,165.168,139.281,0.3077
pure,16,2,0.125,4.0,0,0,2048,8192,2816,151.103,215.951,161.376,0.1584
pure,16,2,0.125,4.0,0,0,4096,16384,5632,183.376,318.399,191.841,0.0627
pure,16,2,0.125,4.0,0,0,8192,32768,11264,252.943,518.751,261.281,0.0314
mixed,16,2,0.125,4.0,16,0,128,512,176,90.544,126.864,115.056,0.6749
mixed,16,2,0.125,4.0,16,0,256,1024,352,126.353,137.199,122.401,-0.3644
mixed,16,2,0.125,4.0,16,0,512,2048,704,138.398,148.931,131.68,-0.6379
mixed,16,2,0.125,4.0,16,0,1024,4096,1408,140.847,178.417,153.377,0.3335
mixed,16,2,0.125,4.0,16,0,2048,8192,2816,160.448,230.4,194.945,0.4931
mixed,16,2,0.125,4.0,16,0,4096,16384,5632,195.778,335.519,282.257,0.6189
mixed,16,2,0.125,4.0,16,0,8192,32768,11264,266.8,532.704,448.046,0.6816
mixed,16,2,0.125,4.0,16,512,128,512,176,136.897,142.176,137.407,0.0967
mixed,16,2,0.125,4.0,16,512,256,1024,352,141.553,145.871,136.528,-1.1636
mixed,16,2,0.125,4.0,16,512,512,2048,704,147.347,155.393,138.097,-1.1497
mixed,16,2,0.125,4.0,16,512,1024,4096,1408,150.656,176.542,158.129,0.2887
mixed,16,2,0.125,4.0,16,512,2048,8192,2816,164.814,227.601,200.928,0.5752
mixed,16,2,0.125,4.0,16,512,4096,16384,5632,194.146,392.447,276.353,0.4146
mixed,16,2,0.125,4.0,16,512,8192,32768,11264,323.28,582.306,447.984,0.4814
mixed,16,2,0.125,4.0,16,2048,128,512,176,150.689,154.016,152.77,0.6257
mixed,16,2,0.125,4.0,16,2048,256,1024,352,150.43,158.816,153.024,0.3093
mixed,16,2,0.125,4.0,16,2048,512,2048,704,158.784,168.834,176.896,1.8021
mixed,16,2,0.125,4.0,16,2048,1024,4096,1408,159.312,189.808,191.887,1.0682
mixed,16,2,0.125,4.0,16,2048,2048,8192,2816,176.96,240.593,199.248,0.3503
mixed,16,2,0.125,4.0,16,2048,4096,16384,5632,207.345,330.64,281.25,0.5994
mixed,16,2,0.125,4.0,16,2048,8192,32768,11264,385.152,687.41,449.506,0.2129
mixed,16,2,0.125,4.0,16,8192,128,512,176,215.568,219.232,215.454,-0.031
mixed,16,2,0.125,4.0,16,8192,256,1024,352,205.28,220.37,220.001,0.9755
mixed,16,2,0.125,4.0,16,8192,512,2048,704,219.44,232.61,220.401,0.073
mixed,16,2,0.125,4.0,16,8192,1024,4096,1408,255.358,249.136,284.353,
mixed,16,2,0.125,4.0,16,8192,2048,8192,2816,232.736,288.801,305.665,1.3008
mixed,16,2,0.125,4.0,16,8192,4096,16384,5632,271.41,402.321,360.194,0.6782
mixed,16,2,0.125,4.0,16,8192,8192,32768,11264,491.215,589.809,461.424,-0.3022
mixed,16,2,0.125,4.0,16,16384,128,512,176,294.75,299.2,293.055,-0.381
mixed,16,2,0.125,4.0,16,16384,256,1024,352,294.29,307.839,285.344,-0.6603
mixed,16,2,0.125,4.0,16,16384,512,2048,704,314.608,308.226,299.106,
mixed,16,2,0.125,4.0,16,16384,1024,4096,1408,306.914,338.274,309.216,0.0734
mixed,16,2,0.125,4.0,16,16384,2048,8192,2816,368.529,382.738,442.832,5.2291
mixed,16,2,0.125,4.0,16,16384,4096,16384,5632,339.297,453.952,464.386,1.091
mixed,16,2,0.125,4.0,16,16384,8192,32768,11264,581.439,670.195,572.689,-0.0986
mixed,16,2,0.125,4.0,64,0,128,512,176,96.832,142.624,137.999,0.899
mixed,16,2,0.125,4.0,64,0,256,1024,352,133.103,163.248,157.777,0.8185
mixed,16,2,0.125,4.0,64,0,512,2048,704,149.201,203.232,198.224,0.9073
mixed,16,2,0.125,4.0,64,0,1024,4096,1408,177.023,280.32,276.483,0.9629
mixed,16,2,0.125,4.0,64,0,2048,8192,2816,231.841,438.049,435.394,0.9871
mixed,16,2,0.125,4.0,64,0,4096,16384,5632,342.095,751.921,744.048,0.9808
mixed,16,2,0.125,4.0,64,0,8192,32768,11264,553.858,1369.075,1365.618,0.9958
mixed,16,2,0.125,4.0,64,512,128,512,176,191.791,220.082,193.761,0.0697
mixed,16,2,0.125,4.0,64,512,256,1024,352,206.767,239.326,202.977,-0.1164
mixed,16,2,0.125,4.0,64,512,512,2048,704,226.928,202.64,229.344,
mixed,16,2,0.125,4.0,64,512,1024,4096,1408,255.392,282.433,309.297,1.9934
mixed,16,2,0.125,4.0,64,512,2048,8192,2816,233.103,437.456,435.439,0.9901
mixed,16,2,0.125,4.0,64,512,4096,16384,5632,342.879,750.914,746.001,0.988
mixed,16,2,0.125,4.0,64,512,8192,32768,11264,555.327,1373.107,1366.402,0.9918
mixed,16,2,0.125,4.0,64,2048,128,512,176,237.697,281.809,249.743,0.2731
mixed,16,2,0.125,4.0,64,2048,256,1024,352,268.402,320.897,260.592,-0.1488
mixed,16,2,0.125,4.0,64,2048,512,2048,704,297.04,343.217,283.394,-0.2955
mixed,16,2,0.125,4.0,64,2048,1024,4096,1408,317.008,421.615,323.36,0.0607
mixed,16,2,0.125,4.0,64,2048,2048,8192,2816,373.825,445.969,469.185,1.3218
mixed,16,2,0.125,4.0,64,2048,4096,16384,5632,481.555,756.499,780.768,1.0883
mixed,16,2,0.125,4.0,64,2048,8192,32768,11264,558.675,1378.626,1370.803,0.9905
mixed,16,2,0.125,4.0,64,8192,128,512,176,474.21,474.496,474.592,1.3345
mixed,16,2,0.125,4.0,64,8192,256,1024,352,475.395,513.425,474.607,-0.0207
mixed,16,2,0.125,4.0,64,8192,512,2048,704,475.859,637.938,474.657,-0.0074
mixed,16,2,0.125,4.0,64,8192,1024,4096,1408,587.713,796.927,559.583,-0.1345
mixed,16,2,0.125,4.0,64,8192,2048,8192,2816,699.793,816.947,638.177,-0.5259
mixed,16,2,0.125,4.0,64,8192,4096,16384,5632,716.69,1128.356,794.962,0.1901
mixed,16,2,0.125,4.0,64,8192,8192,32768,11264,933.121,1379.779,1407.634,1.0624
mixed,16,2,0.125,4.0,64,16384,128,512,176,784.498,785.361,785.442,1.0945
mixed,16,2,0.125,4.0,64,16384,256,1024,352,786.355,785.25,787.969,
mixed,16,2,0.125,4.0,64,16384,512,2048,704,785.729,826.4,785.908,0.0044
mixed,16,2,0.125,4.0,64,16384,1024,4096,1408,786.817,1104.033,787.775,0.003
mixed,16,2,0.125,4.0,64,16384,2048,8192,2816,1006.242,1418.532,950.243,-0.1358
mixed,16,2,0.125,4.0,64,16384,4096,16384,5632,1219.394,1436.082,1106.369,-0.5216
mixed,16,2,0.125,4.0,64,16384,8192,32768,11264,1239.314,2057.076,1415.585,0.2156
mixed,16,2,0.125,4.0,256,0,128,512,176,173.937,176.594,173.758,-0.0674
mixed,16,2,0.125,4.0,256,0,256,1024,352,173.345,192.288,187.84,0.7652
mixed,16,2,0.125,4.0,256,0,512,2048,704,177.999,272.145,265.826,0.9329
mixed,16,2,0.125,4.0,256,0,1024,4096,1408,223.38,429.104,421.808,0.9645
mixed,16,2,0.125,4.0,256,0,2048,8192,2816,333.042,736.514,733.712,0.9931
mixed,16,2,0.125,4.0,256,0,4096,16384,5632,544.208,1358.355,1348.817,0.9883
mixed,16,2,0.125,4.0,256,0,8192,32768,11264,967.953,2593.128,2577.764,0.9905
mixed,16,2,0.125,4.0,256,512,128,512,176,230.144,284.767,248.483,0.3357
mixed,16,2,0.125,4.0,256,512,256,1024,352,259.458,328.384,266.576,0.1033
mixed,16,2,0.125,4.0,256,512,512,2048,704,302.447,410.049,347.598,0.4196
mixed,16,2,0.125,4.0,256,512,1024,4096,1408,358.817,564.384,503.216,0.7024
mixed,16,2,0.125,4.0,256,512,2048,8192,2816,468.111,871.264,814.93,0.8603
mixed,16,2,0.125,4.0,256,512,4096,16384,5632,678.832,1489.044,1425.601,0.9217
mixed,16,2,0.125,4.0,256,512,8192,32768,11264,1102.145,2710.086,2664.611,0.9717
mixed,16,2,0.125,4.0,256,2048,128,512,176,469.668,469.056,468.815,
mixed,16,2,0.125,4.0,256,2048,256,1024,352,470.016,492.176,470.08,0.0029
mixed,16,2,0.125,4.0,256,2048,512,2048,704,469.363,641.057,471.905,0.0148
mixed,16,2,0.125,4.0,256,2048,1024,4096,1408,551.921,800.128,627.06,0.3027
mixed,16,2,0.125,4.0,256,2048,2048,8192,2816,705.295,1108.307,937.57,0.5763
mixed,16,2,0.125,4.0,256,2048,4096,16384,5632,915.218,1722.034,1556.579,0.7949
mixed,16,2,0.125,4.0,256,2048,8192,32768,11264,1338.914,2950.498,2790.389,0.9007
mixed,16,2,0.125,4.0,256,8192,128,512,176,1388.498,1387.411,1387.329,
mixed,16,2,0.125,4.0,256,8192,256,1024,352,1385.46,1386.53,1387.602,2.0033
mixed,16,2,0.125,4.0,256,8192,512,2048,704,1386.322,1386.116,1390.386,
mixed,16,2,0.125,4.0,256,8192,1024,4096,1408,1384.051,1418.803,1388.673,0.133
mixed,16,2,0.125,4.0,256,8192,2048,8192,2816,1384.962,2014.626,1393.09,0.0129
mixed,16,2,0.125,4.0,256,8192,4096,16384,5632,1651.537,2633.319,2014.707,0.3699
mixed,16,2,0.125,4.0,256,8192,8192,32768,11264,2248.323,3858.071,3235.735,0.6134
mixed,16,2,0.125,4.0,256,16384,128,512,176,2606.82,2611.733,2604.806,-0.41
mixed,16,2,0.125,4.0,256,16384,256,1024,352,2600.867,2612.822,2605.782,0.4111
mixed,16,2,0.125,4.0,256,16384,512,2048,704,2607.909,2597.506,2605.109,
mixed,16,2,0.125,4.0,256,16384,1024,4096,1408,2601.189,2602.385,2603.639,2.0477
mixed,16,2,0.125,4.0,256,16384,2048,8192,2816,2601.015,2644.531,2602.198,0.0272
mixed,16,2,0.125,4.0,256,16384,4096,16384,5632,2598.482,3845.368,2623.366,0.02
mixed,16,2,0.125,4.0,256,16384,8192,32768,11264,3117.366,5075.501,3848.614,0.3734
mixed,16,2,0.125,4.0,1024,0,128,512,176,458.464,468.339,460.577,0.214
mixed,16,2,0.125,4.0,1024,0,256,1024,352,467.731,476.834,465.648,-0.2289
mixed,16,2,0.125,4.0,1024,0,512,2048,704,477.984,496.337,484.577,0.3592
mixed,16,2,0.125,4.0,1024,0,1024,4096,1408,485.442,530.466,496.306,0.2413
mixed,16,2,0.125,4.0,1024,0,2048,8192,2816,512.673,584.562,524.544,0.1651
mixed,16,2,0.125,4.0,1024,0,4096,16384,5632,551.474,688.255,560.147,0.0634
mixed,16,2,0.125,4.0,1024,0,8192,32768,11264,622.388,884.243,631.616,0.0352
mixed,16,2,0.125,4.0,1024,512,128,512,176,720.161,727.775,719.427,-0.0964
mixed,16,2,0.125,4.0,1024,512,256,1024,352,731.934,739.572,739.123,0.9413
mixed,16,2,0.125,4.0,1024,512,512,2048,704,740.083,757.567,743.216,0.1792
mixed,16,2,0.125,4.0,1024,512,1024,4096,1408,748.611,787.216,755.234,0.1716
mixed,16,2,0.125,4.0,1024,512,2048,8192,2816,770.08,836.547,781.042,0.1649
mixed,16,2,0.125,4.0,1024,512,4096,16384,5632,804.341,946.691,818.93,0.1025
mixed,16,2,0.125,4.0,1024,512,8192,32768,11264,879.616,1142.064,887.665,0.0307
mixed,16,2,0.125,4.0,1024,2048,128,512,176,1166.863,1174.836,1164.675,-0.2745
mixed,16,2,0.125,4.0,1024,2048,256,1024,352,1177.079,1186.224,1178.965,0.2062
mixed,16,2,0.125,4.0,1024,2048,512,2048,704,1179.967,1199.952,1186.082,0.306
mixed,16,2,0.125,4.0,1024,2048,1024,4096,1408,1186.207,1228.882,1197.315,0.2603
mixed,16,2,0.125,4.0,1024,2048,2048,8192,2816,1214.61,1283.953,1224.561,0.1435
mixed,16,2,0.125,4.0,1024,2048,4096,16384,5632,1249.266,1388.691,1259.174,0.0711
mixed,16,2,0.125,4.0,1024,2048,8192,32768,11264,1322.115,1584.834,1331.314,0.035
mixed,16,2,0.125,4.0,1024,8192,128,512,176,2911.911,2919.636,2911.992,0.0105
mixed,16,2,0.125,4.0,1024,8192,256,1024,352,2923.987,2926.006,2926.565,1.2768
mixed,16,2,0.125,4.0,1024,8192,512,2048,704,2925.788,2947.141,2931.96,0.2891
mixed,16,2,0.125,4.0,1024,8192,1024,4096,1408,2935.204,2976.868,2943.253,0.1932
mixed,16,2,0.125,4.0,1024,8192,2048,8192,2816,2961.797,3021.912,2965.526,0.062
mixed,16,2,0.125,4.0,1024,8192,4096,16384,5632,2992.95,3125.94,2993.925,0.0073
mixed,16,2,0.125,4.0,1024,8192,8192,32768,11264,3060.296,3322.713,3073.283,0.0495
mixed,16,2,0.125,4.0,1024,16384,128,512,176,5201.162,5202.378,5193.674,-6.1524
mixed,16,2,0.125,4.0,1024,16384,256,1024,352,5213.691,5223.718,5215.755,0.2058
mixed,16,2,0.125,4.0,1024,16384,512,2048,704,5226.953,5234.581,5229.675,0.3569
mixed,16,2,0.125,4.0,1024,16384,1024,4096,1408,5221.836,5257.126,5228.36,0.1849
mixed,16,2,0.125,4.0,1024,16384,2048,8192,2816,5246.71,5311.487,5265.389,0.2883
mixed,16,2,0.125,4.0,1024,16384,4096,16384,5632,5294.294,5428.283,5298.474,0.0312
mixed,16,2,0.125,4.0,1024,16384,8192,32768,11264,5352.007,5615.563,5354.874,0.0109
mixed,16,2,0.125,4.0,4096,0,128,512,176,2186.085,2189.94,2177.83,-2.1417
mixed,16,2,0.125,4.0,4096,0,256,1024,352,2192.314,2204.227,2199.89,0.6359
mixed,16,2,0.125,4.0,4096,0,512,2048,704,2197.077,2221.873,2204.178,0.2864
mixed,16,2,0.125,4.0,4096,0,1024,4096,1408,2208.036,2252.931,2222.869,0.3304
mixed,16,2,0.125,4.0,4096,0,2048,8192,2816,2237.028,2310.739,2243.443,0.087
mixed,16,2,0.125,4.0,4096,0,4096,16384,5632,2274.854,2410.034,2280.516,0.0419
mixed,16,2,0.125,4.0,4096,0,8192,32768,11264,2354.469,2609.301,2349.97,-0.0177
mixed,16,2,0.125,4.0,4096,512,128,512,176,2823.876,2831.283,2824.34,0.0627
mixed,16,2,0.125,4.0,4096,512,256,1024,352,2830.485,2838.696,2835.174,0.5711
mixed,16,2,0.125,4.0,4096,512,512,2048,704,2840.039,2854.937,2846.133,0.4091
mixed,16,2,0.125,4.0,4096,512,1024,4096,1408,2844.021,2895.466,2852.666,0.168
mixed,16,2,0.125,4.0,4096,512,2048,8192,2816,2864.04,2933.334,2883.367,0.2789
mixed,16,2,0.125,4.0,4096,512,4096,16384,5632,2904.245,3043.767,2918.679,0.1035
mixed,16,2,0.125,4.0,4096,512,8192,32768,11264,2972.162,3247.112,2987.047,0.0541
mixed,16,2,0.125,4.0,4096,2048,128,512,176,3889.812,3899.619,3895.367,0.5664
mixed,16,2,0.125,4.0,4096,2048,256,1024,352,3907.431,3925.108,3910.827,0.1921
mixed,16,2,0.125,4.0,4096,2048,512,2048,704,3917.5,3933.833,3917.256,-0.0149
mixed,16,2,0.125,4.0,4096,2048,1024,4096,1408,3920.822,3961.752,3926.998,0.1509
mixed,16,2,0.125,4.0,4096,2048,2048,8192,2816,3944.742,4014.473,3967.445,0.3256
mixed,16,2,0.125,4.0,4096,2048,4096,16384,5632,3984.55,4116.518,3990.581,0.0457
mixed,16,2,0.125,4.0,4096,2048,8192,32768,11264,4049.528,4325.995,4062.506,0.0469
mixed,16,2,0.125,4.0,4096,8192,128,512,176,8185.092,8213.853,8191.391,0.219
mixed,16,2,0.125,4.0,4096,8192,256,1024,352,8213.906,8207.801,8209.072,
mixed,16,2,0.125,4.0,4096,8192,512,2048,704,8235.317,8224.117,8214.719,
mixed,16,2,0.125,4.0,4096,8192,1024,4096,1408,8217.822,8265.135,8231.939,0.2984
mixed,16,2,0.125,4.0,4096,8192,2048,8192,2816,8243.252,8311.408,8249.253,0.088
mixed,16,2,0.125,4.0,4096,8192,4096,16384,5632,8273.62,8444.434,8282.642,0.0528
mixed,16,2,0.125,4.0,4096,8192,8192,32768,11264,8359.186,8626.177,8363.184,0.015
mixed,16,2,0.125,4.0,4096,16384,128,512,176,13899.598,13915.833,13923.631,1.4804
mixed,16,2,0.125,4.0,4096,16384,256,1024,352,13914.448,13833.804,13835.516,
mixed,16,2,0.125,4.0,4096,16384,512,2048,704,13883.136,13853.534,13843.274,
mixed,16,2,0.125,4.0,4096,16384,1024,4096,1408,13845.977,13897.68,13850.191,0.0815
mixed,16,2,0.125,4.0,4096,16384,2048,8192,2816,13873.232,14012.841,13878.226,0.0358
mixed,16,2,0.125,4.0,4096,16384,4096,16384,5632,13911.601,14060.438,13916.872,0.0354
mixed,16,2,0.125,4.0,4096,16384,8192,32768,11264,14010.496,14255.138,14008.875,-0.0066
pure,16,3,0.1875,4.0,0,0,128,512,200,83.488,110.624,104.384,0.7701
pure,16,3,0.1875,4.0,0,0,256,1024,400,106.465,122.975,109.296,0.1714
pure,16,3,0.1875,4.0,0,0,512,2048,800,124.562,137.442,131.711,0.555
pure,16,3,0.1875,4.0,0,0,1024,4096,1600,133.361,165.28,142.465,0.2852
pure,16,3,0.1875,4.0,0,0,2048,8192,3200,155.151,216.031,163.3,0.1338
pure,16,3,0.1875,4.0,0,0,4096,16384,6400,191.41,317.376,203.168,0.0933
pure,16,3,0.1875,4.0,0,0,8192,32768,12800,272.898,516.131,277.52,0.019
mixed,16,3,0.1875,4.0,16,0,128,512,200,97.055,125.537,115.184,0.6365
mixed,16,3,0.1875,4.0,16,0,256,1024,400,118.689,138.559,120.35,0.0836
mixed,16,3,0.1875,4.0,16,0,512,2048,800,135.458,150.001,131.649,-0.2619
mixed,16,3,0.1875,4.0,16,0,1024,4096,1600,144.703,178.274,153.986,0.2765
mixed,16,3,0.1875,4.0,16,0,2048,8192,3200,162.69,228.831,196.495,0.5111
mixed,16,3,0.1875,4.0,16,0,4096,16384,6400,203.28,333.52,280.962,0.5964
mixed,16,3,0.1875,4.0,16,0,8192,32768,12800,288.305,533.184,448.225,0.6531
mixed,16,3,0.1875,4.0,16,512,128,512,200,137.889,141.457,136.799,-0.3057
mixed,16,3,0.1875,4.0,16,512,256,1024,400,134.624,145.89,136.881,0.2003
mixed,16,3,0.1875,4.0,16,512,512,2048,800,144.817,154.749,139.119,-0.5737
mixed,16,3,0.1875,4.0,16,512,1024,4096,1600,153.441,175.216,157.969,0.2079
mixed,16,3,0.1875,4.0,16,512,2048,8192,3200,211.665,227.568,200.961,-0.6731
mixed,16,3,0.1875,4.0,16,512,4096,16384,6400,204.367,390.865,276.144,0.3849
mixed,16,3,0.1875,4.0,16,512,8192,32768,12800,342.737,584.738,439.921,0.4016
mixed,16,3,0.1875,4.0,16,2048,128,512,200,151.105,154.673,152.478,0.3849
mixed,16,3,0.1875,4.0,16,2048,256,1024,400,154.079,156.319,153.904,-0.0781
mixed,16,3,0.1875,4.0,16,2048,512,2048,800,157.231,168.239,155.807,-0.1294
mixed,16,3,0.1875,4.0,16,2048,1024,4096,1600,202.4,189.873,190.832,
mixed,16,3,0.1875,4.0,16,2048,2048,8192,3200,180.433,244.161,199.058,0.2923
mixed,16,3,0.1875,4.0,16,2048,4096,16384,6400,217.058,329.952,282.817,0.5825
mixed,16,3,0.1875,4.0,16,2048,8192,32768,12800,403.344,688.722,454.308,0.1786
mixed,16,3,0.1875,4.0,16,8192,128,512,200,212.385,218.417,215.474,0.5121
mixed,16,3,0.1875,4.0,16,8192,256,1024,400,218.992,218.785,218.688,
mixed,16,3,0.1875,4.0,16,8192,512,2048,800,219.008,232.082,219.664,0.0501
mixed,16,3,0.1875,4.0,16,8192,1024,4096,1600,269.055,248.578,284.529,
mixed,16,3,0.1875,4.0,16,8192,2048,8192,3200,310.497,286.56,305.921,
mixed,16,3,0.1875,4.0,16,8192,4096,16384,6400,389.665,399.695,361.809,-2.7769
mixed,16,3,0.1875,4.0,16,8192,8192,32768,12800,338.656,592.559,443.632,0.4134
mixed,16,3,0.1875,4.0,16,16384,128,512,200,291.202,295.908,292.464,0.2682
mixed,16,3,0.1875,4.0,16,16384,256,1024,400,287.297,305.49,284.495,-0.154
mixed,16,3,0.1875,4.0,16,16384,512,2048,800,317.648,306.849,306.16,
mixed,16,3,0.1875,4.0,16,16384,1024,4096,1600,306.305,334.945,308.799,0.0871
mixed,16,3,0.1875,4.0,16,16384,2048,8192,3200,396.146,381.039,448.177,
mixed,16,3,0.1875,4.0,16,16384,4096,16384,6400,477.153,449.633,466.034,
mixed,16,3,0.1875,4.0,16,16384,8192,32768,12800,638.962,672.786,572.368,-1.9689
mixed,16,3,0.1875,4.0,64,0,128,512,200,100.513,141.457,138.672,0.932
mixed,16,3,0.1875,4.0,64,0,256,1024,400,136.431,162.656,157.248,0.7938
mixed,16,3,0.1875,4.0,64,0,512,2048,800,152.032,202.576,198.254,0.9145
mixed,16,3,0.1875,4.0,64,0,1024,4096,1600,183.921,282.111,275.856,0.9363
mixed,16,3,0.1875,4.0,64,0,2048,8192,3200,246.497,436.976,432.145,0.9746
mixed,16,3,0.1875,4.0,64,0,4096,16384,6400,367.68,744.242,739.745,0.9881
mixed,16,3,0.1875,4.0,64,0,8192,32768,12800,606.898,1360.724,1355.667,0.9933
mixed,16,3,0.1875,4.0,64,512,128,512,200,195.472,219.378,213.104,0.7375
mixed,16,3,0.1875,4.0,64,512,256,1024,400,213.81,239.952,232.0,0.6958
mixed,16,3,0.1875,4.0,64,512,512,2048,800,229.297,201.858,274.819,
mixed,16,3,0.1875,4.0,64,512,1024,4096,1600,185.441,281.616,276.978,0.9518
mixed,16,3,0.1875,4.0,64,512,2048,8192,3200,246.305,439.09,431.968,0.9631
mixed,16,3,0.1875,4.0,64,512,4096,16384,6400,368.817,747.473,741.379,0.9839
mixed,16,3,0.1875,4.0,64,512,8192,32768,12800,610.098,1364.354,1359.331,0.9933
mixed,16,3,0.1875,4.0,64,2048,128,512,200,254.049,279.728,248.882,-0.2012
mixed,16,3,0.1875,4.0,64,2048,256,1024,400,270.129,321.391,259.376,-0.2097
mixed,16,3,0.1875,4.0,64,2048,512,2048,800,302.274,341.68,333.537,0.7934
mixed,16,3,0.1875,4.0,64,2048,1024,4096,1600,319.521,420.193,410.496,0.9037
mixed,16,3,0.1875,4.0,64,2048,2048,8192,3200,386.848,446.321,571.666,3.1076
mixed,16,3,0.1875,4.0,64,2048,4096,16384,6400,508.0,755.008,882.257,1.5152
mixed,16,3,0.1875,4.0,64,2048,8192,32768,12800,617.537,1374.162,1369.347,0.9936
mixed,16,3,0.1875,4.0,64,8192,128,512,200,474.287,474.64,472.881,-3.9774
mixed,16,3,0.1875,4.0,64,8192,256,1024,400,473.171,512.226,474.352,0.0303
mixed,16,3,0.1875,4.0,64,8192,512,2048,800,474.208,638.002,471.072,-0.0191
mixed,16,3,0.1875,4.0,64,8192,1024,4096,1600,600.193,792.753,557.923,-0.2195
mixed,16,3,0.1875,4.0,64,8192,2048,8192,3200,720.944,812.943,804.947,0.9131
mixed,16,3,0.1875,4.0,64,8192,4096,16384,6400,740.976,1124.132,1114.737,0.9755
mixed,16,3,0.1875,4.0,64,8192,8192,32768,12800,987.858,1376.946,1734.42,1.9188
mixed,16,3,0.1875,4.0,64,16384,128,512,200,784.4,782.912,782.163,
mixed,16,3,0.1875,4.0,64,16384,256,1024,400,781.204,786.847,782.387,0.2097
mixed,16,3,0.1875,4.0,64,16384,512,2048,800,782.289,822.691,783.697,0.0349
mixed,16,3,0.1875,4.0,64,16384,1024,4096,1600,783.362,1097.872,784.099,0.0023
mixed,16,3,0.1875,4.0,64,16384,2048,8192,3200,1027.633,1408.243,942.93,-0.2225
mixed,16,3,0.1875,4.0,64,16384,4096,16384,6400,1272.207,1427.396,1417.568,0.9367
mixed,16,3,0.1875,4.0,64,16384,8192,32768,12800,1292.867,2045.811,2036.083,0.9871
mixed,16,3,0.1875,4.0,256,0,128,512,200,172.799,175.936,174.512,0.5459
mixed,16,3,0.1875,4.0,256,0,256,1024,400,174.77,192.528,186.495,0.6603
mixed,16,3,0.1875,4.0,256,0,512,2048,800,177.984,271.313,264.306,0.9249
mixed,16,3,0.1875,4.0,256,0,1024,4096,1600,237.68,427.92,419.073,0.9535
mixed,16,3,0.1875,4.0,256,0,2048,8192,3200,359.664,731.986,730.817,0.9969
mixed,16,3,0.1875,4.0,256,0,4096,16384,6400,597.378,1346.338,1339.633,0.991
mixed,16,3,0.1875,4.0,256,0,8192,32768,12800,1073.586,2569.926,2556.243,0.9909
mixed,16,3,0.1875,4.0,256,512,128,512,200,237.792,283.408,250.705,0.2831
mixed,16,3,0.1875,4.0,256,512,256,1024,400,271.087,328.448,266.129,-0.0864
mixed,16,3,0.1875,4.0,256,512,512,2048,800,307.888,408.319,346.226,0.3817
mixed,16,3,0.1875,4.0,256,512,1024,4096,1600,373.712,562.385,502.288,0.6815
mixed,16,3,0.1875,4.0,256,512,2048,8192,3200,493.456,869.968,809.311,0.8389
mixed,16,3,0.1875,4.0,256,512,4096,16384,6400,733.806,1476.837,1420.163,0.9237
mixed,16,3,0.1875,4.0,256,512,8192,32768,12800,1207.235,2697.432,2643.334,0.9637
mixed,16,3,0.1875,4.0,256,2048,128,512,200,467.121,469.441,466.495,-0.27
mixed,16,3,0.1875,4.0,256,2048,256,1024,400,469.219,490.272,468.417,-0.0381
mixed,16,3,0.1875,4.0,256,2048,512,2048,800,470.175,640.691,470.863,0.004
mixed,16,3,0.1875,4.0,256,2048,1024,4096,1600,578.207,796.529,624.13,0.2103
mixed,16,3,0.1875,4.0,256,2048,2048,8192,3200,727.762,1099.779,937.52,0.5638
mixed,16,3,0.1875,4.0,256,2048,4096,16384,6400,966.802,1711.347,1543.78,0.7749
mixed,16,3,0.1875,4.0,256,2048,8192,32768,12800,1442.709,2932.357,2772.133,0.8924
mixed,16,3,0.1875,4.0,256,8192,128,512,200,1382.672,1379.554,1381.745,
mixed,16,3,0.1875,4.0,256,8192,256,1024,400,1380.418,1379.427,1380.611,
mixed,16,3,0.1875,4.0,256,8192,512,2048,800,1381.14,1378.018,1379.999,
mixed,16,3,0.1875,4.0,256,8192,1024,4096,1600,1376.404,1408.77,1379.94,0.1092
mixed,16,3,0.1875,4.0,256,8192,2048,8192,3200,1377.236,2005.348,1388.513,0.018
mixed,16,3,0.1875,4.0,256,8192,4096,16384,6400,1755.877,2614.388,2002.901,0.2877
mixed,16,3,0.1875,4.0,256,8192,8192,32768,12800,2349.492,3830.887,3220.15,0.5877
mixed,16,3,0.1875,4.0,256,16384,128,512,200,2586.036,2586.084,2582.613,-71.3125
mixed,16,3,0.1875,4.0,256,16384,256,1024,400,2587.336,2579.956,2590.406,
mixed,16,3,0.1875,4.0,256,16384,512,2048,800,2583.699,2583.106,2598.915,
mixed,16,3,0.1875,4.0,256,16384,1024,4096,1600,2582.726,2585.905,2590.146,2.3342
mixed,16,3,0.1875,4.0,256,16384,2048,8192,3200,2595.782,2624.499,2587.539,-0.2871
mixed,16,3,0.1875,4.0,256,16384,4096,16384,6400,2581.651,3826.472,2602.229,0.0165
mixed,16,3,0.1875,4.0,256,16384,8192,32768,12800,3310.341,5040.263,3824.136,0.297
mixed,16,3,0.1875,4.0,1024,0,128,512,200,456.081,466.945,459.729,0.3358
mixed,16,3,0.1875,4.0,1024,0,256,1024,400,472.212,476.097,464.929,-1.8744
mixed,16,3,0.1875,4.0,1024,0,512,2048,800,478.914,496.161,486.08,0.4155
mixed,16,3,0.1875,4.0,1024,0,1024,4096,1600,487.279,530.591,499.841,0.29
mixed,16,3,0.1875,4.0,1024,0,2048,8192,3200,516.465,585.024,524.527,0.1176
mixed,16,3,0.1875,4.0,1024,0,4096,16384,6400,561.394,685.841,565.827,0.0356
mixed,16,3,0.1875,4.0,1024,0,8192,32768,12800,643.201,883.763,649.487,0.0261
mixed,16,3,0.1875,4.0,1024,512,128,512,200,718.257,723.698,719.94,0.3092
mixed,16,3,0.1875,4.0,1024,512,256,1024,400,729.712,736.435,740.706,1.6353
mixed,16,3,0.1875,4.0,1024,512,512,2048,800,737.746,756.786,746.462,0.4578
mixed,16,3,0.1875,4.0,1024,512,1024,4096,1600,748.673,783.615,758.035,0.2679
mixed,16,3,0.1875,4.0,1024,512,2048,8192,3200,770.401,838.092,783.68,0.1962
mixed,16,3,0.1875,4.0,1024,512,4096,16384,6400,812.8,943.652,827.087,0.1092
mixed,16,3,0.1875,4.0,1024,512,8192,32768,12800,896.499,1141.552,899.981,0.0142
mixed,16,3,0.1875,4.0,1024,2048,128,512,200,1161.058,1172.625,1166.289,0.4523
mixed,16,3,0.1875,4.0,1024,2048,256,1024,400,1177.265,1182.48,1187.102,1.8865
mixed,16,3,0.1875,4.0,1024,2048,512,2048,800,1181.858,1198.962,1191.043,0.537
mixed,16,3,0.1875,4.0,1024,2048,1024,4096,1600,1193.011,1224.9,1200.819,0.2448
mixed,16,3,0.1875,4.0,1024,2048,2048,8192,3200,1218.53,1279.617,1223.6,0.083
mixed,16,3,0.1875,4.0,1024,2048,4096,16384,6400,1254.214,1385.41,1266.645,0.0948
mixed,16,3,0.1875,4.0,1024,2048,8192,32768,12800,1336.128,1583.217,1339.14,0.0122
mixed,16,3,0.1875,4.0,1024,8192,128,512,200,2900.825,2907.014,2905.075,0.6868
mixed,16,3,0.1875,4.0,1024,8192,256,1024,400,2916.407,2917.682,2916.616,0.1635
mixed,16,3,0.1875,4.0,1024,8192,512,2048,800,2925.046,2935.347,2927.476,0.2359
mixed,16,3,0.1875,4.0,1024,8192,1024,4096,1600,2925.844,2966.433,2943.608,0.4377
mixed,16,3,0.1875,4.0,1024,8192,2048,8192,3200,2958.77,3013.365,2959.461,0.0127
mixed,16,3,0.1875,4.0,1024,8192,4096,16384,6400,2994.131,3120.677,3011.512,0.1373
mixed,16,3,0.1875,4.0,1024,8192,8192,32768,12800,3073.957,3321.285,3077.459,0.0142
mixed,16,3,0.1875,4.0,1024,16384,128,512,200,5175.45,5186.808,5188.586,1.1564
mixed,16,3,0.1875,4.0,1024,16384,256,1024,400,5197.944,5202.684,5198.742,0.1684
mixed,16,3,0.1875,4.0,1024,16384,512,2048,800,5203.094,5217.193,5196.716,-0.4524
mixed,16,3,0.1875,4.0,1024,16384,1024,4096,1600,5205.838,5248.238,5207.082,0.0293
mixed,16,3,0.1875,4.0,1024,16384,2048,8192,3200,5230.167,5290.524,5237.943,0.1288
mixed,16,3,0.1875,4.0,1024,16384,4096,16384,6400,5280.552,5405.224,5285.389,0.0388
mixed,16,3,0.1875,4.0,1024,16384,8192,32768,12800,5353.901,5590.506,5361.529,0.0322
mixed,16,3,0.1875,4.0,4096,0,128,512,200,2173.639,2185.862,2175.651,0.1646
mixed,16,3,0.1875,4.0,4096,0,256,1024,400,2186.162,2190.434,2191.892,1.3412
mixed,16,3,0.1875,4.0,4096,0,512,2048,800,2190.369,2217.474,2197.909,0.2782
mixed,16,3,0.1875,4.0,4096,0,1024,4096,1600,2204.61,2242.787,2210.498,0.1543
mixed,16,3,0.1875,4.0,4096,0,2048,8192,3200,2230.164,2298.227,2239.493,0.1371
mixed,16,3,0.1875,4.0,4096,0,4096,16384,6400,2269.782,2403.176,2283.957,0.1063
mixed,16,3,0.1875,4.0,4096,0,8192,32768,12800,2362.036,2607.511,2364.679,0.0108
mixed,16,3,0.1875,4.0,4096,512,128,512,200,2810.678,2818.532,2806.274,-0.5607
mixed,16,3,0.1875,4.0,4096,512,256,1024,400,2836.503,2828.08,2833.194,
mixed,16,3,0.1875,4.0,4096,512,512,2048,800,2840.885,2845.781,2835.559,-1.0878
mixed,16,3,0.1875,4.0,4096,512,1024,4096,1600,2838.258,2875.094,2849.892,0.3158
mixed,16,3,0.1875,4.0,4096,512,2048,8192,3200,2864.086,2928.038,2871.098,0.1096
mixed,16,3,0.1875,4.0,4096,512,4096,16384,6400,2917.618,3034.022,2915.989,-0.014
mixed,16,3,0.1875,4.0,4096,512,8192,32768,12800,2988.119,3233.19,2989.462,0.0055
mixed,16,3,0.1875,4.0,4096,2048,128,512,200,3879.466,3884.361,3875.062,-0.8999
mixed,16,3,0.1875,4.0,4096,2048,256,1024,400,3894.31,3908.026,3897.478,0.231
mixed,16,3,0.1875,4.0,4096,2048,512,2048,800,3900.184,3914.136,3903.109,0.2097
mixed,16,3,0.1875,4.0,4096,2048,1024,4096,1600,3909.721,3935.386,3923.387,0.5325
mixed,16,3,0.1875,4.0,4096,2048,2048,8192,3200,3933.052,3993.177,3948.377,0.2549
mixed,16,3,0.1875,4.0,4096,2048,4096,16384,6400,3966.358,4093.083,3980.602,0.1124
mixed,16,3,0.1875,4.0,4096,2048,8192,32768,12800,4057.001,4298.075,4052.485,-0.0187
mixed,16,3,0.1875,4.0,4096,8192,128,512,200,8143.694,8160.354,8143.856,0.0098
mixed,16,3,0.1875,4.0,4096,8192,256,1024,400,8169.376,8186.548,8164.259,-0.2979
mixed,16,3,0.1875,4.0,4096,8192,512,2048,800,8158.0,8179.137,8168.011,0.4736
mixed,16,3,0.1875,4.0,4096,8192,1024,4096,1600,8183.074,8221.757,8182.335,-0.0191
mixed,16,3,0.1875,4.0,4096,8192,2048,8192,3200,8198.064,8271.101,8214.298,0.2223
mixed,16,3,0.1875,4.0,4096,8192,4096,16384,6400,8234.816,8372.834,8249.506,0.1064
mixed,16,3,0.1875,4.0,4096,8192,8192,32768,12800,8320.626,8550.738,8323.699,0.0134
mixed,16,3,0.1875,4.0,4096,16384,128,512,200,13831.153,13819.585,13908.849,
mixed,16,3,0.1875,4.0,4096,16384,256,1024,400,13911.655,13830.463,13843.855,
mixed,16,3,0.1875,4.0,4096,16384,512,2048,800,13868.029,13852.748,13862.594,
mixed,16,3,0.1875,4.0,4096,16384,1024,4096,1600,13837.007,13916.596,13853.591,0.2084
mixed,16,3,0.1875,4.0,4096,16384,2048,8192,3200,13875.945,13941.166,13929.665,0.8237
mixed,16,3,0.1875,4.0,4096,16384,4096,16384,6400,13916.59,14057.937,13920.284,0.0261
mixed,16,3,0.1875,4.0,4096,16384,8192,32768,12800,14084.401,14246.337,14017.725,-0.4117
pure,16,4,0.25,4.0,0,0,128,512,224,83.746,110.431,103.937,0.7566
pure,16,4,0.25,4.0,0,0,256,1024,448,111.249,122.561,110.849,-0.0354
pure,16,4,0.25,4.0,0,0,512,2048,896,127.136,137.808,134.673,0.7063
pure,16,4,0.25,4.0,0,0,1024,4096,1792,137.856,166.386,144.304,0.226
pure,16,4,0.25,4.0,0,0,2048,8192,3584,162.016,214.305,163.054,0.0199
pure,16,4,0.25,4.0,0,0,4096,16384,7168,204.639,318.688,211.63,0.0613
pure,16,4,0.25,4.0,0,0,8192,32768,14336,290.226,515.379,300.337,0.0449
mixed,16,4,0.25,4.0,16,0,128,512,224,96.255,126.259,117.072,0.6938
mixed,16,4,0.25,4.0,16,0,256,1024,448,124.816,138.272,121.119,-0.2748
mixed,16,4,0.25,4.0,16,0,512,2048,896,134.017,148.991,132.88,-0.076
mixed,16,4,0.25,4.0,16,0,1024,4096,1792,145.107,178.513,156.209,0.3323
mixed,16,4,0.25,4.0,16,0,2048,8192,3584,172.241,229.762,197.889,0.4459
mixed,16,4,0.25,4.0,16,0,4096,16384,7168,216.624,336.592,281.265,0.5388
mixed,16,4,0.25,4.0,16,0,8192,32768,14336,307.664,534.704,446.433,0.6112
mixed,16,4,0.25,4.0,16,512,128,512,224,138.511,141.839,137.905,-0.1823
mixed,16,4,0.25,4.0,16,512,256,1024,448,137.106,144.561,139.007,0.255
mixed,16,4,0.25,4.0,16,512,512,2048,896,142.945,154.385,139.874,-0.2684
mixed,16,4,0.25,4.0,16,512,1024,4096,1792,154.496,176.255,158.497,0.1839
mixed,16,4,0.25,4.0,16,512,2048,8192,3584,169.488,228.351,193.712,0.4115
mixed,16,4,0.25,4.0,16,512,4096,16384,7168,214.031,393.504,275.984,0.3452
mixed,16,4,0.25,4.0,16,512,8192,32768,14336,361.922,580.082,443.169,0.3724
mixed,16,4,0.25,4.0,16,2048,128,512,224,151.519,153.312,152.72,0.6693
mixed,16,4,0.25,4.0,16,2048,256,1024,448,153.424,157.49,153.778,0.087
mixed,16,4,0.25,4.0,16,2048,512,2048,896,153.744,168.288,157.135,0.2331
mixed,16,4,0.25,4.0,16,2048,1024,4096,1792,163.792,190.161,168.384,0.1741
mixed,16,4,0.25,4.0,16,2048,2048,8192,3584,182.05,243.519,201.792,0.3212
mixed,16,4,0.25,4.0,16,2048,4096,16384,7168,222.753,333.87,283.728,0.5487
mixed,16,4,0.25,4.0,16,2048,8192,32768,14336,306.048,684.114,436.239,0.3444
mixed,16,4,0.25,4.0,16,8192,128,512,224,212.51,218.531,215.505,0.4973
mixed,16,4,0.25,4.0,16,8192,256,1024,448,218.179,218.784,219.281,1.8216
mixed,16,4,0.25,4.0,16,8192,512,2048,896,219.423,230.4,223.233,0.347
mixed,16,4,0.25,4.0,16,8192,1024,4096,1792,232.513,249.135,231.935,-0.0348
mixed,16,4,0.25,4.0,16,8192,2048,8192,3584,329.697,287.187,309.377,
mixed,16,4,0.25,4.0,16,8192,4096,16384,7168,284.081,400.306,284.642,0.0048
mixed,16,4,0.25,4.0,16,8192,8192,32768,14336,365.442,587.137,452.976,0.3948
mixed,16,4,0.25,4.0,16,16384,128,512,224,292.512,296.831,292.242,-0.0624
mixed,16,4,0.25,4.0,16,16384,256,1024,448,293.296,306.978,283.04,-0.7495
mixed,16,4,0.25,4.0,16,16384,512,2048,896,306.99,307.104,306.577,-3.6228
mixed,16,4,0.25,4.0,16,16384,1024,4096,1792,306.767,334.898,309.809,0.1081
mixed,16,4,0.25,4.0,16,16384,2048,8192,3584,423.873,380.209,454.066,
mixed,16,4,0.25,4.0,16,16384,4096,16384,7168,515.729,450.85,471.602,
mixed,16,4,0.25,4.0,16,16384,8192,32768,14336,446.511,673.426,447.955,0.0064
mixed,16,4,0.25,4.0,64,0,128,512,224,100.559,142.656,139.569,0.9267
mixed,16,4,0.25,4.0,64,0,256,1024,448,139.136,162.48,159.216,0.8601
mixed,16,4,0.25,4.0,64,0,512,2048,896,158.241,201.553,198.354,0.9262
mixed,16,4,0.25,4.0,64,0,1024,4096,1792,192.417,281.519,276.705,0.946
mixed,16,4,0.25,4.0,64,0,2048,8192,3584,261.249,436.465,432.561,0.9777
mixed,16,4,0.25,4.0,64,0,4096,16384,7168,397.969,746.068,740.817,0.9849
mixed,16,4,0.25,4.0,64,0,8192,32768,14336,666.819,1360.45,1356.45,0.9942
mixed,16,4,0.25,4.0,64,512,128,512,224,196.257,220.032,215.314,0.8015
mixed,16,4,0.25,4.0,64,512,256,1024,448,214.625,239.489,233.376,0.7541
mixed,16,4,0.25,4.0,64,512,512,2048,896,235.025,203.087,277.632,
mixed,16,4,0.25,4.0,64,512,1024,4096,1792,193.328,282.095,277.152,0.9443
mixed,16,4,0.25,4.0,64,512,2048,8192,3584,262.496,439.137,433.199,0.9664
mixed,16,4,0.25,4.0,64,512,4096,16384,7168,398.657,748.081,740.659,0.9788
mixed,16,4,0.25,4.0,64,512,8192,32768,14336,667.601,1366.114,1358.066,0.9885
mixed,16,4,0.25,4.0,64,2048,128,512,224,255.136,279.442,249.697,-0.2238
mixed,16,4,0.25,4.0,64,2048,256,1024,448,273.826,321.536,261.535,-0.2576
mixed,16,4,0.25,4.0,64,2048,512,2048,896,310.912,342.978,334.896,0.7479
mixed,16,4,0.25,4.0,64,2048,1024,4096,1792,330.096,419.953,412.032,0.9119
mixed,16,4,0.25,4.0,64,2048,2048,8192,3584,400.401,442.306,571.393,4.0804
mixed,16,4,0.25,4.0,64,2048,4096,16384,7168,402.561,753.329,746.798,0.9814
mixed,16,4,0.25,4.0,64,2048,8192,32768,14336,672.544,1374.77,1363.187,0.9835
mixed,16,4,0.25,4.0,64,8192,128,512,224,473.971,474.499,473.919,-0.0965
mixed,16,4,0.25,4.0,64,8192,256,1024,448,473.904,511.729,474.369,0.0123
mixed,16,4,0.25,4.0,64,8192,512,2048,896,471.263,634.082,473.423,0.0133
mixed,16,4,0.25,4.0,64,8192,1024,4096,1792,614.958,789.841,559.665,-0.3162
mixed,16,4,0.25,4.0,64,8192,2048,8192,3584,752.162,809.808,804.21,0.9029
mixed,16,4,0.25,4.0,64,8192,4096,16384,7168,775.043,1121.955,1112.674,0.9732
mixed,16,4,0.25,4.0,64,8192,8192,32768,14336,1045.505,1373.106,1734.211,2.1023
mixed,16,4,0.25,4.0,64,16384,128,512,224,781.49,781.744,784.674,12.5582
mixed,16,4,0.25,4.0,64,16384,256,1024,448,784.707,782.16,782.724,
mixed,16,4,0.25,4.0,64,16384,512,2048,896,784.467,824.515,782.035,-0.0607
mixed,16,4,0.25,4.0,64,16384,1024,4096,1792,784.608,1098.707,783.52,-0.0035
mixed,16,4,0.25,4.0,64,16384,2048,8192,3584,1060.146,1412.915,945.825,-0.3241
mixed,16,4,0.25,4.0,64,16384,4096,16384,7168,1327.347,1426.835,1421.89,0.9503
mixed,16,4,0.25,4.0,64,16384,8192,32768,14336,1346.385,2042.324,2036.725,0.992
mixed,16,4,0.25,4.0,256,0,128,512,224,173.488,177.362,174.047,0.1443
mixed,16,4,0.25,4.0,256,0,256,1024,448,174.8,192.128,186.318,0.6647
mixed,16,4,0.25,4.0,256,0,512,2048,896,183.809,271.106,265.36,0.9342
mixed,16,4,0.25,4.0,256,0,1024,4096,1792,250.447,427.438,420.433,0.9604
mixed,16,4,0.25,4.0,256,0,2048,8192,3584,386.673,731.409,731.458,1.0001
mixed,16,4,0.25,4.0,256,0,4096,16384,7168,656.372,1345.666,1340.741,0.9929
mixed,16,4,0.25,4.0,256,0,8192,32768,14336,1190.548,2566.469,2560.774,0.9959
mixed,16,4,0.25,4.0,256,512,128,512,224,239.425,283.983,250.738,0.2539
mixed,16,4,0.25,4.0,256,512,256,1024,448,278.288,327.328,266.928,-0.2316
mixed,16,4,0.25,4.0,256,512,512,2048,896,316.114,409.426,345.361,0.3134
mixed,16,4,0.25,4.0,256,512,1024,4096,1792,388.081,559.362,503.072,0.6714
mixed,16,4,0.25,4.0,256,512,2048,8192,3584,525.04,864.307,810.275,0.8407
mixed,16,4,0.25,4.0,256,512,4096,16384,7168,789.666,1474.546,1419.043,0.919
mixed,16,4,0.25,4.0,256,512,8192,32768,14336,1326.929,2702.836,2649.222,0.961
mixed,16,4,0.25,4.0,256,2048,128,512,224,467.377,467.519,467.026,-2.4632
mixed,16,4,0.25,4.0,256,2048,256,1024,448,468.111,490.465,467.778,-0.0149
mixed,16,4,0.25,4.0,256,2048,512,2048,896,471.137,639.569,474.114,0.0177
mixed,16,4,0.25,4.0,256,2048,1024,4096,1792,606.111,797.187,624.944,0.0986
mixed,16,4,0.25,4.0,256,2048,2048,8192,3584,758.962,1101.329,933.056,0.5085
mixed,16,4,0.25,4.0,256,2048,4096,16384,7168,1022.035,1714.162,1548.485,0.7606
mixed,16,4,0.25,4.0,256,2048,8192,32768,14336,1558.995,2931.351,2764.117,0.8781
mixed,16,4,0.25,4.0,256,8192,128,512,224,1380.114,1378.419,1378.579,
mixed,16,4,0.25,4.0,256,8192,256,1024,448,1380.594,1378.467,1380.883,
mixed,16,4,0.25,4.0,256,8192,512,2048,896,1378.53,1377.604,1382.274,
mixed,16,4,0.25,4.0,256,8192,1024,4096,1792,1376.258,1408.721,1375.203,-0.0325
mixed,16,4,0.25,4.0,256,8192,2048,8192,3584,1378.498,2005.044,1388.595,0.0161
mixed,16,4,0.25,4.0,256,8192,4096,16384,7168,1871.235,2615.253,1998.773,0.1714
mixed,16,4,0.25,4.0,256,8192,8192,32768,14336,2463.316,3837.611,3222.84,0.5527
mixed,16,4,0.25,4.0,256,16384,128,512,224,2586.421,2584.807,2586.79,
mixed,16,4,0.25,4.0,256,16384,256,1024,448,2582.421,2583.349,2588.901,6.9795
mixed,16,4,0.25,4.0,256,16384,512,2048,896,2584.98,2589.891,2583.205,-0.3615
mixed,16,4,0.25,4.0,256,16384,1024,4096,1792,2587.236,2585.762,2588.214,
mixed,16,4,0.25,4.0,256,16384,2048,8192,3584,2584.066,2622.358,2597.845,0.3598
mixed,16,4,0.25,4.0,256,16384,4096,16384,7168,2582.23,3825.334,2598.723,0.0133
mixed,16,4,0.25,4.0,256,16384,8192,32768,14336,3540.566,5036.345,3822.377,0.1884
mixed,16,4,0.25,4.0,1024,0,128,512,224,459.142,467.857,462.417,0.3757
mixed,16,4,0.25,4.0,1024,0,256,1024,448,465.024,476.736,468.287,0.2786
mixed,16,4,0.25,4.0,1024,0,512,2048,896,481.842,493.903,486.772,0.4087
mixed,16,4,0.25,4.0,1024,0,1024,4096,1792,496.755,527.936,500.835,0.1308
mixed,16,4,0.25,4.0,1024,0,2048,8192,3584,523.217,584.786,525.905,0.0437
mixed,16,4,0.25,4.0,1024,0,4096,16384,7168,571.347,685.952,584.418,0.1141
mixed,16,4,0.25,4.0,1024,0,8192,32768,14336,660.865,882.419,672.576,0.0529
mixed,16,4,0.25,4.0,1024,512,128,512,224,718.897,727.462,721.394,0.2916
mixed,16,4,0.25,4.0,1024,512,256,1024,448,724.195,737.426,724.736,0.041
mixed,16,4,0.25,4.0,1024,512,512,2048,896,739.556,754.434,748.355,0.5914
mixed,16,4,0.25,4.0,1024,512,1024,4096,1792,755.808,785.172,765.637,0.3347
mixed,16,4,0.25,4.0,1024,512,2048,8192,3584,778.973,836.899,780.894,0.0332
mixed,16,4,0.25,4.0,1024,512,4096,16384,7168,823.873,942.962,839.814,0.1339
mixed,16,4,0.25,4.0,1024,512,8192,32768,14336,912.816,1138.95,926.147,0.0589
mixed,16,4,0.25,4.0,1024,2048,128,512,224,1165.92,1172.333,1167.22,0.2027
mixed,16,4,0.25,4.0,1024,2048,256,1024,448,1168.565,1180.259,1169.333,0.0657
mixed,16,4,0.25,4.0,1024,2048,512,2048,896,1188.133,1196.147,1191.861,0.4651
mixed,16,4,0.25,4.0,1024,2048,1024,4096,1792,1197.846,1230.705,1207.425,0.2915
mixed,16,4,0.25,4.0,1024,2048,2048,8192,3584,1222.37,1278.304,1228.066,0.1018
mixed,16,4,0.25,4.0,1024,2048,4096,16384,7168,1264.946,1381.712,1274.289,0.08
mixed,16,4,0.25,4.0,1024,2048,8192,32768,14336,1358.848,1585.941,1363.218,0.0192
mixed,16,4,0.25,4.0,1024,8192,128,512,224,2904.006,2914.484,2900.02,-0.3804
mixed,16,4,0.25,4.0,1024,8192,256,1024,448,2904.709,2918.263,2914.839,0.7474
mixed,16,4,0.25,4.0,1024,8192,512,2048,896,2927.284,2945.798,2924.422,-0.1546
mixed,16,4,0.25,4.0,1024,8192,1024,4096,1792,2935.656,2971.142,2947.289,0.3278
mixed,16,4,0.25,4.0,1024,8192,2048,8192,3584,2956.434,3020.051,2971.573,0.238
mixed,16,4,0.25,4.0,1024,8192,4096,16384,7168,3008.213,3127.926,3017.333,0.0762
mixed,16,4,0.25,4.0,1024,8192,8192,32768,14336,3100.391,3323.128,3100.662,0.0012
mixed,16,4,0.25,4.0,1024,16384,128,512,224,5179.686,5184.359,5183.981,0.9191
mixed,16,4,0.25,4.0,1024,16384,256,1024,448,5190.119,5193.085,5182.998,-2.401
mixed,16,4,0.25,4.0,1024,16384,512,2048,896,5193.43,5208.122,5201.467,0.5471
mixed,16,4,0.25,4.0,1024,16384,1024,4096,1792,5215.944,5240.039,5218.839,0.1201
mixed,16,4,0.25,4.0,1024,16384,2048,8192,3584,5240.029,5297.022,5239.435,-0.0104
mixed,16,4,0.25,4.0,1024,16384,4096,16384,7168,5278.014,5397.354,5290.729,0.1065
mixed,16,4,0.25,4.0,1024,16384,8192,32768,14336,5367.195,5594.199,5396.747,0.1302
mixed,16,4,0.25,4.0,4096,0,128,512,224,2173.234,2180.565,2172.051,-0.1613
mixed,16,4,0.25,4.0,4096,0,256,1024,448,2192.214,2189.94,2185.203,
mixed,16,4,0.25,4.0,4096,0,512,2048,896,2190.899,2210.996,2201.076,0.5064
mixed,16,4,0.25,4.0,4096,0,1024,4096,1792,2212.274,2241.831,2220.597,0.2816
mixed,16,4,0.25,4.0,4096,0,2048,8192,3584,2238.291,2300.532,2241.64,0.0538
mixed,16,4,0.25,4.0,4096,0,4096,16384,7168,2289.107,2401.634,2290.822,0.0152
mixed,16,4,0.25,4.0,4096,0,8192,32768,14336,2380.532,2600.067,2381.732,0.0055
mixed,16,4,0.25,4.0,4096,512,128,512,224,2804.501,2815.557,2815.432,0.9887
mixed,16,4,0.25,4.0,4096,512,256,1024,448,2818.725,2825.123,2810.231,-1.3277
mixed,16,4,0.25,4.0,4096,512,512,2048,896,2832.854,2844.215,2837.366,0.3971
mixed,16,4,0.25,4.0,4096,512,1024,4096,1792,2845.602,2872.276,2850.393,0.1796
mixed,16,4,0.25,4.0,4096,512,2048,8192,3584,2869.433,2929.32,2870.52,0.0182
mixed,16,4,0.25,4.0,4096,512,4096,16384,7168,2916.203,3027.638,2924.55,0.0749
mixed,16,4,0.25,4.0,4096,512,8192,32768,14336,3003.256,3236.277,3017.849,0.0626
mixed,16,4,0.25,4.0,4096,2048,128,512,224,3874.489,3887.623,3898.009,1.7907
mixed,16,4,0.25,4.0,4096,2048,256,1024,448,3885.141,3899.031,3886.571,0.1029
mixed,16,4,0.25,4.0,4096,2048,512,2048,896,3896.599,3913.294,3910.619,0.8397
mixed,16,4,0.25,4.0,4096,2048,1024,4096,1792,3920.556,3944.699,3924.695,0.1714
mixed,16,4,0.25,4.0,4096,2048,2048,8192,3584,3939.304,4000.998,3938.233,-0.0174
mixed,16,4,0.25,4.0,4096,2048,4096,16384,7168,3990.699,4098.247,3992.967,0.0211
mixed,16,4,0.25,4.0,4096,2048,8192,32768,14336,4073.542,4299.322,4079.291,0.0255
mixed,16,4,0.25,4.0,4096,8192,128,512,224,8148.365,8140.56,8199.408,
mixed,16,4,0.25,4.0,4096,8192,256,1024,448,8226.673,8211.917,8195.201,
mixed,16,4,0.25,4.0,4096,8192,512,2048,896,8214.302,8216.927,8226.63,4.6969
mixed,16,4,0.25,4.0,4096,8192,1024,4096,1792,8229.123,8260.817,8244.767,0.4936
mixed,16,4,0.25,4.0,4096,8192,2048,8192,3584,8252.49,8314.736,8255.182,0.0433
mixed,16,4,0.25,4.0,4096,8192,4096,16384,7168,8283.227,8418.336,8310.707,0.2034
mixed,16,4,0.25,4.0,4096,8192,8192,32768,14336,8397.471,8618.349,8400.19,0.0123
mixed,16,4,0.25,4.0,4096,16384,128,512,224,13920.689,13836.632,13822.975,
mixed,16,4,0.25,4.0,4096,16384,256,1024,448,13872.09,13841.18,13908.672,
mixed,16,4,0.25,4.0,4096,16384,512,2048,896,13919.785,13845.108,13837.482,
mixed,16,4,0.25,4.0,4096,16384,1024,4096,1792,13860.473,13877.922,13859.424,-0.0601
mixed,16,4,0.25,4.0,4096,16384,2048,8192,3584,13870.524,13938.043,13885.762,0.2257
mixed,16,4,0.25,4.0,4096,16384,4096,16384,7168,13924.57,14040.882,13948.419,0.205
mixed,16,4,0.25,4.0,4096,16384,8192,32768,14336,14006.503,14254.154,14022.128,0.0631
pure,16,8,0.5,4.0,0,0,128,512,320,110.08,110.497,104.337,-13.7722
pure,16,8,0.5,4.0,0,0,256,1024,640,116.336,122.081,118.498,0.3764
pure,16,8,0.5,4.0,0,0,512,2048,1280,131.007,137.328,133.248,0.3546
pure,16,8,0.5,4.0,0,0,1024,4096,2560,143.071,165.185,147.569,0.2034
pure,16,8,0.5,4.0,0,0,2048,8192,5120,177.841,214.641,180.032,0.0596
pure,16,8,0.5,4.0,0,0,4096,16384,10240,239.631,317.425,246.29,0.0856
pure,16,8,0.5,4.0,0,0,8192,32768,20480,366.737,516.848,368.737,0.0133
mixed,16,8,0.5,4.0,16,0,128,512,320,127.152,126.578,118.353,
mixed,16,8,0.5,4.0,16,0,256,1024,640,132.432,139.775,127.233,-0.7082
mixed,16,8,0.5,4.0,16,0,512,2048,1280,145.217,149.536,135.904,-2.1562
mixed,16,8,0.5,4.0,16,0,1024,4096,2560,155.887,179.296,161.952,0.2591
mixed,16,8,0.5,4.0,16,0,2048,8192,5120,188.911,229.809,202.914,0.3424
mixed,16,8,0.5,4.0,16,0,4096,16384,10240,253.809,335.793,290.464,0.4471
mixed,16,8,0.5,4.0,16,0,8192,32768,20480,382.786,532.145,455.17,0.4846
mixed,16,8,0.5,4.0,16,512,128,512,320,141.616,142.304,156.178,21.1496
mixed,16,8,0.5,4.0,16,512,256,1024,640,142.959,144.544,143.44,0.3035
mixed,16,8,0.5,4.0,16,512,512,2048,1280,168.625,156.001,146.304,
mixed,16,8,0.5,4.0,16,512,1024,4096,2560,160.479,174.547,165.167,0.3333
mixed,16,8,0.5,4.0,16,512,2048,8192,5120,189.169,227.68,199.666,0.2726
mixed,16,8,0.5,4.0,16,512,4096,16384,10240,253.073,390.225,286.993,0.2473
mixed,16,8,0.5,4.0,16,512,8192,32768,20480,435.697,578.399,447.648,0.0837
mixed,16,8,0.5,4.0,16,2048,128,512,320,150.866,153.743,155.377,1.5677
mixed,16,8,0.5,4.0,16,2048,256,1024,640,155.41,155.329,157.168,
mixed,16,8,0.5,4.0,16,2048,512,2048,1280,163.713,168.127,183.793,4.5488
mixed,16,8,0.5,4.0,16,2048,1024,4096,2560,214.462,190.544,213.937,
mixed,16,8,0.5,4.0,16,2048,2048,8192,5120,273.36,242.305,257.745,
mixed,16,8,0.5,4.0,16,2048,4096,16384,10240,366.016,330.483,298.656,
mixed,16,8,0.5,4.0,16,2048,8192,32768,20480,385.282,684.13,450.656,0.2188
mixed,16,8,0.5,4.0,16,8192,128,512,320,204.673,218.61,206.511,0.1319
mixed,16,8,0.5,4.0,16,8192,256,1024,640,218.96,219.201,219.52,2.3264
mixed,16,8,0.5,4.0,16,8192,512,2048,1280,244.751,231.378,214.592,
mixed,16,8,0.5,4.0,16,8192,1024,4096,2560,231.92,247.774,235.807,0.2452
mixed,16,8,0.5,4.0,16,8192,2048,8192,5120,254.607,285.25,310.575,1.8265
mixed,16,8,0.5,4.0,16,8192,4096,16384,10240,455.712,396.432,464.656,
mixed,16,8,0.5,4.0,16,8192,8192,32768,20480,646.24,589.393,586.128,
mixed,16,8,0.5,4.0,16,16384,128,512,320,292.127,296.528,292.529,0.0912
mixed,16,8,0.5,4.0,16,16384,256,1024,640,307.648,307.841,286.544,-109.3446
mixed,16,8,0.5,4.0,16,16384,512,2048,1280,306.594,307.229,306.706,0.1764
mixed,16,8,0.5,4.0,16,16384,1024,4096,2560,345.921,336.354,314.288,
mixed,16,8,0.5,4.0,16,16384,2048,8192,5120,336.369,380.623,343.986,0.1721
mixed,16,8,0.5,4.0,16,16384,4096,16384,10240,390.946,451.008,469.074,1.3008
mixed,16,8,0.5,4.0,16,16384,8192,32768,20480,773.856,668.306,785.967,
mixed,16,8,0.5,4.0,64,0,128,512,320,133.312,141.777,139.921,0.7808
mixed,16,8,0.5,4.0,64,0,256,1024,640,147.601,161.522,160.018,0.892
mixed,16,8,0.5,4.0,64,0,512,2048,1280,169.759,200.961,201.103,1.0046
mixed,16,8,0.5,4.0,64,0,1024,4096,2560,222.335,280.801,278.96,0.9685
mixed,16,8,0.5,4.0,64,0,2048,8192,5120,318.512,436.097,433.12,0.9747
mixed,16,8,0.5,4.0,64,0,4096,16384,10240,513.201,744.322,743.906,0.9982
mixed,16,8,0.5,4.0,64,0,8192,32768,20480,896.93,1361.889,1363.17,1.0028
mixed,16,8,0.5,4.0,64,512,128,512,320,206.656,219.728,216.369,0.743
mixed,16,8,0.5,4.0,64,512,256,1024,640,224.496,238.8,235.041,0.7372
mixed,16,8,0.5,4.0,64,512,512,2048,1280,250.93,202.226,277.76,
mixed,16,8,0.5,4.0,64,512,1024,4096,2560,222.385,281.505,277.697,0.9356
mixed,16,8,0.5,4.0,64,512,2048,8192,5120,321.536,437.874,434.29,0.9692
mixed,16,8,0.5,4.0,64,512,4096,16384,10240,513.01,751.026,741.841,0.9614
mixed,16,8,0.5,4.0,64,512,8192,32768,20480,901.937,1367.108,1367.555,1.001
mixed,16,8,0.5,4.0,64,2048,128,512,320,264.017,279.344,250.865,-0.858
mixed,16,8,0.5,4.0,64,2048,256,1024,640,289.586,319.393,318.546,0.9716
mixed,16,8,0.5,4.0,64,2048,512,2048,1280,340.624,341.235,337.329,-5.3972
mixed,16,8,0.5,4.0,64,2048,1024,4096,2560,363.584,420.338,416.16,0.9264
mixed,16,8,0.5,4.0,64,2048,2048,8192,5120,458.962,442.993,574.418,
mixed,16,8,0.5,4.0,64,2048,4096,16384,10240,517.872,755.457,748.609,0.9712
mixed,16,8,0.5,4.0,64,2048,8192,32768,20480,904.402,1369.122,1368.403,0.9985
mixed,16,8,0.5,4.0,64,8192,128,512,320,472.354,473.631,472.976,0.4877
mixed,16,8,0.5,4.0,64,8192,256,1024,640,473.649,512.112,473.215,-0.0113
mixed,16,8,0.5,4.0,64,8192,512,2048,1280,576.24,636.752,516.995,-0.9791
mixed,16,8,0.5,4.0,64,8192,1024,4096,2560,675.235,789.57,790.051,1.0042
mixed,16,8,0.5,4.0,64,8192,2048,8192,5120,693.664,813.506,808.386,0.9573
mixed,16,8,0.5,4.0,64,8192,4096,16384,10240,889.426,1122.403,1115.553,0.9706
mixed,16,8,0.5,4.0,64,8192,8192,32768,20480,1279.41,1375.396,1733.923,4.7352
mixed,16,8,0.5,4.0,64,16384,128,512,320,783.362,781.699,782.575,
mixed,16,8,0.5,4.0,64,16384,256,1024,640,783.65,782.37,781.635,
mixed,16,8,0.5,4.0,64,16384,512,2048,1280,782.514,820.546,783.425,0.024
mixed,16,8,0.5,4.0,64,16384,1024,4096,2560,980.24,1095.298,867.281,-0.9818
mixed,16,8,0.5,4.0,64,16384,2048,8192,5120,1173.841,1404.274,1406.995,1.0118
mixed,16,8,0.5,4.0,64,16384,4096,16384,10240,1196.851,1429.076,1424.516,0.9804
mixed,16,8,0.5,4.0,64,16384,8192,32768,20480,1579.714,2044.517,2041.698,0.9939
mixed,16,8,0.5,4.0,256,0,128,512,320,172.416,175.856,175.314,0.8426
mixed,16,8,0.5,4.0,256,0,256,1024,640,176.93,191.09,188.367,0.8077
mixed,16,8,0.5,4.0,256,0,512,2048,1280,211.136,270.481,267.33,0.9469
mixed,16,8,0.5,4.0,256,0,1024,4096,2560,310.784,427.697,423.824,0.9669
mixed,16,8,0.5,4.0,256,0,2048,8192,5120,503.168,732.257,729.697,0.9888
mixed,16,8,0.5,4.0,256,0,4096,16384,10240,884.961,1342.789,1340.179,0.9943
mixed,16,8,0.5,4.0,256,0,8192,32768,20480,1646.979,2566.181,2559.109,0.9923
mixed,16,8,0.5,4.0,256,512,128,512,320,256.849,284.995,256.56,-0.0103
mixed,16,8,0.5,4.0,256,512,256,1024,640,294.224,327.505,268.127,-0.7841
mixed,16,8,0.5,4.0,256,512,512,2048,1280,347.553,407.903,348.015,0.0077
mixed,16,8,0.5,4.0,256,512,1024,4096,2560,445.441,559.297,507.151,0.542
mixed,16,8,0.5,4.0,256,512,2048,8192,5120,635.697,864.883,809.41,0.758
mixed,16,8,0.5,4.0,256,512,4096,16384,10240,1018.817,1475.202,1423.889,0.8876
mixed,16,8,0.5,4.0,256,512,8192,32768,20480,1777.939,2697.333,2639.974,0.9376
mixed,16,8,0.5,4.0,256,2048,128,512,320,468.338,467.266,466.274,
mixed,16,8,0.5,4.0,256,2048,256,1024,640,467.361,491.058,466.209,-0.0486
mixed,16,8,0.5,4.0,256,2048,512,2048,1280,530.179,640.049,522.913,-0.0661
mixed,16,8,0.5,4.0,256,2048,1024,4096,2560,681.089,795.027,627.824,-0.4675
mixed,16,8,0.5,4.0,256,2048,2048,8192,5120,873.476,1099.587,933.987,0.2676
mixed,16,8,0.5,4.0,256,2048,4096,16384,10240,1254.915,1710.372,1542.979,0.6325
mixed,16,8,0.5,4.0,256,2048,8192,32768,20480,2022.164,2938.07,2782.967,0.8307
mixed,16,8,0.5,4.0,256,8192,128,512,320,1380.323,1378.803,1378.194,
mixed,16,8,0.5,4.0,256,8192,256,1024,640,1379.251,1379.666,1377.202,-4.9433
mixed,16,8,0.5,4.0,256,8192,512,2048,1280,1377.378,1378.978,1376.323,-0.6595
mixed,16,8,0.5,4.0,256,8192,1024,4096,2560,1378.53,1409.138,1382.962,0.1448
mixed,16,8,0.5,4.0,256,8192,2048,8192,5120,1560.884,2009.028,1544.979,-0.0355
mixed,16,8,0.5,4.0,256,8192,4096,16384,10240,2158.02,2616.565,2005.522,-0.3326
mixed,16,8,0.5,4.0,256,8192,8192,32768,20480,2919.044,3827.336,3221.814,0.3333
mixed,16,8,0.5,4.0,256,16384,128,512,320,2590.022,2603.204,2591.845,0.1384
mixed,16,8,0.5,4.0,256,16384,256,1024,640,2584.582,2582.967,2587.012,
mixed,16,8,0.5,4.0,256,16384,512,2048,1280,2584.517,2584.678,2581.3,-20.0467
mixed,16,8,0.5,4.0,256,16384,1024,4096,2560,2588.63,2583.559,2582.789,
mixed,16,8,0.5,4.0,256,16384,2048,8192,5120,2594.838,2619.634,2580.101,-0.5943
mixed,16,8,0.5,4.0,256,16384,4096,16384,10240,2928.008,3820.39,2906.568,-0.024
mixed,16,8,0.5,4.0,256,16384,8192,32768,20480,4121.286,5045.8,3826.827,-0.3185
mixed,16,8,0.5,4.0,1024,0,128,512,320,464.767,467.311,467.731,1.1649
mixed,16,8,0.5,4.0,1024,0,256,1024,640,471.044,477.395,473.393,0.3698
mixed,16,8,0.5,4.0,1024,0,512,2048,1280,483.712,495.986,488.096,0.3571
mixed,16,8,0.5,4.0,1024,0,1024,4096,2560,506.193,528.641,508.37,0.097
mixed,16,8,0.5,4.0,1024,0,2048,8192,5120,546.257,584.93,545.441,-0.0211
mixed,16,8,0.5,4.0,1024,0,4096,16384,10240,608.529,687.012,620.625,0.1541
mixed,16,8,0.5,4.0,1024,0,8192,32768,20480,735.424,882.848,738.965,0.024
mixed,16,8,0.5,4.0,1024,512,128,512,320,724.174,726.338,726.448,1.0511
mixed,16,8,0.5,4.0,1024,512,256,1024,640,730.658,734.981,732.53,0.433
mixed,16,8,0.5,4.0,1024,512,512,2048,1280,747.106,755.457,749.039,0.2314
mixed,16,8,0.5,4.0,1024,512,1024,4096,2560,761.407,788.593,763.904,0.0918
mixed,16,8,0.5,4.0,1024,512,2048,8192,5120,798.615,838.065,802.063,0.0874
mixed,16,8,0.5,4.0,1024,512,4096,16384,10240,862.674,941.491,869.857,0.0911
mixed,16,8,0.5,4.0,1024,512,8192,32768,20480,987.653,1140.978,993.012,0.035
mixed,16,8,0.5,4.0,1024,2048,128,512,320,1169.904,1167.827,1172.204,
mixed,16,8,0.5,4.0,1024,2048,256,1024,640,1173.425,1179.832,1175.464,0.3182
mixed,16,8,0.5,4.0,1024,2048,512,2048,1280,1191.394,1198.643,1192.45,0.1457
mixed,16,8,0.5,4.0,1024,2048,1024,4096,2560,1202.851,1228.801,1209.775,0.2669
mixed,16,8,0.5,4.0,1024,2048,2048,8192,5120,1237.552,1282.401,1242.605,0.1127
mixed,16,8,0.5,4.0,1024,2048,4096,16384,10240,1306.259,1383.043,1316.337,0.1313
mixed,16,8,0.5,4.0,1024,2048,8192,32768,20480,1433.969,1580.401,1436.431,0.0168
mixed,16,8,0.5,4.0,1024,8192,128,512,320,2917.897,2899.418,2912.517,
mixed,16,8,0.5,4.0,1024,8192,256,1024,640,2916.823,2920.449,2919.734,0.8028
mixed,16,8,0.5,4.0,1024,8192,512,2048,1280,2928.166,2927.16,2930.184,
mixed,16,8,0.5,4.0,1024,8192,1024,4096,2560,2940.965,2957.909,2954.152,0.7783
mixed,16,8,0.5,4.0,1024,8192,2048,8192,5120,2976.422,3016.038,2975.861,-0.0142
mixed,16,8,0.5,4.0,1024,8192,4096,16384,10240,3042.631,3118.051,3043.175,0.0072
mixed,16,8,0.5,4.0,1024,8192,8192,32768,20480,3166.02,3330.18,3170.362,0.0264
mixed,16,8,0.5,4.0,1024,16384,128,512,320,5198.108,5182.2,5178.585,
mixed,16,8,0.5,4.0,1024,16384,256,1024,640,5185.756,5190.488,5187.703,0.4115
mixed,16,8,0.5,4.0,1024,16384,512,2048,1280,5206.17,5208.124,5203.496,-1.3685
mixed,16,8,0.5,4.0,1024,16384,1024,4096,2560,5209.499,5235.131,5239.352,1.1647
mixed,16,8,0.5,4.0,1024,16384,2048,8192,5120,5249.082,5288.921,5256.301,0.1812
mixed,16,8,0.5,4.0,1024,16384,4096,16384,10240,5310.923,5399.896,5321.418,0.118
mixed,16,8,0.5,4.0,1024,16384,8192,32768,20480,5460.427,5595.913,5455.914,-0.0333
mixed,16,8,0.5,4.0,4096,0,128,512,320,2179.679,2186.312,2190.676,1.658
mixed,16,8,0.5,4.0,4096,0,256,1024,640,2184.564,2193.299,2193.111,0.9785
mixed,16,8,0.5,4.0,4096,0,512,2048,1280,2203.992,2213.956,2211.986,0.8023
mixed,16,8,0.5,4.0,4096,0,1024,4096,2560,2220.532,2244.295,2221.461,0.0391
mixed,16,8,0.5,4.0,4096,0,2048,8192,5120,2257.731,2298.566,2262.371,0.1136
mixed,16,8,0.5,4.0,4096,0,4096,16384,10240,2324.26,2401.986,2338.518,0.1834
mixed,16,8,0.5,4.0,4096,0,8192,32768,20480,2448.774,2607.669,2456.515,0.0487
mixed,16,8,0.5,4.0,4096,512,128,512,320,2819.396,2816.98,2808.755,
mixed,16,8,0.5,4.0,4096,512,256,1024,640,2825.413,2831.956,2822.677,-0.4181
mixed,16,8,0.5,4.0,4096,512,512,2048,1280,2840.195,2846.854,2840.423,0.0342
mixed,16,8,0.5,4.0,4096,512,1024,4096,2560,2854.133,2875.048,2858.867,0.2263
mixed,16,8,0.5,4.0,4096,512,2048,8192,5120,2888.168,2928.034,2887.301,-0.0217
mixed,16,8,0.5,4.0,4096,512,4096,16384,10240,2952.614,3036.805,2960.325,0.0916
mixed,16,8,0.5,4.0,4096,512,8192,32768,20480,3074.425,3244.744,3083.143,0.0512
mixed,16,8,0.5,4.0,4096,2048,128,512,320,3886.361,3889.948,3887.736,0.3834
mixed,16,8,0.5,4.0,4096,2048,256,1024,640,3895.962,3897.014,3895.896,-0.0632
mixed,16,8,0.5,4.0,4096,2048,512,2048,1280,3911.306,3911.47,3907.784,-21.5382
mixed,16,8,0.5,4.0,4096,2048,1024,4096,2560,3923.367,3951.927,3933.658,0.3603
mixed,16,8,0.5,4.0,4096,2048,2048,8192,5120,3958.693,4001.465,3953.688,-0.117
mixed,16,8,0.5,4.0,4096,2048,4096,16384,10240,4021.877,4094.76,4041.981,0.2758
mixed,16,8,0.5,4.0,4096,2048,8192,32768,20480,4151.901,4303.579,4154.011,0.0139
mixed,16,8,0.5,4.0,4096,8192,128,512,320,8150.849,8167.357,8160.93,0.6107
mixed,16,8,0.5,4.0,4096,8192,256,1024,640,8204.751,8213.989,8202.421,-0.2522
mixed,16,8,0.5,4.0,4096,8192,512,2048,1280,8216.574,8234.849,8219.528,0.1616
mixed,16,8,0.5,4.0,4096,8192,1024,4096,2560,8241.426,8264.988,8260.293,0.8008
mixed,16,8,0.5,4.0,4096,8192,2048,8192,5120,8272.465,8308.11,8270.499,-0.0552
mixed,16,8,0.5,4.0,4096,8192,4096,16384,10240,8347.202,8410.882,8341.242,-0.0936
mixed,16,8,0.5,4.0,4096,8192,8192,32768,20480,8454.21,8645.169,8467.732,0.0708
mixed,16,8,0.5,4.0,4096,16384,128,512,320,13920.584,13928.174,13832.284,-11.6345
mixed,16,8,0.5,4.0,4096,16384,256,1024,640,13830.958,13842.014,13835.854,0.4429
mixed,16,8,0.5,4.0,4096,16384,512,2048,1280,13855.707,13844.508,13850.43,
mixed,16,8,0.5,4.0,4096,16384,1024,4096,2560,13874.457,13876.283,13867.11,-4.0222
mixed,16,8,0.5,4.0,4096,16384,2048,8192,5120,13890.587,13939.311,13897.355,0.1389
mixed,16,8,0.5,4.0,4096,16384,4096,16384,10240,14041.357,14110.751,13960.137,-1.1704
mixed,16,8,0.5,4.0,4096,16384,8192,32768,20480,14118.816,14282.926,14081.63,-0.2266
pure,16,12,0.75,4.0,0,0,128,512,416,105.63,110.271,106.464,0.1797
pure,16,12,0.75,4.0,0,0,256,1024,832,127.296,122.64,126.017,
pure,16,12,0.75,4.0,0,0,512,2048,1664,132.912,136.849,134.929,0.5123
pure,16,12,0.75,4.0,0,0,1024,4096,3328,152.816,164.193,156.384,0.3136
pure,16,12,0.75,4.0,0,0,2048,8192,6656,195.856,216.337,196.834,0.0477
pure,16,12,0.75,4.0,0,0,4096,16384,13312,277.216,316.943,280.049,0.0713
pure,16,12,0.75,4.0,0,0,8192,32768,26624,442.063,517.68,445.922,0.051
mixed,16,12,0.75,4.0,16,0,128,512,416,119.472,126.48,121.679,0.3149
mixed,16,12,0.75,4.0,16,0,256,1024,832,142.591,138.673,130.689,
mixed,16,12,0.75,4.0,16,0,512,2048,1664,148.256,147.68,142.161,
mixed,16,12,0.75,4.0,16,0,1024,4096,3328,166.303,177.585,166.351,0.0043
mixed,16,12,0.75,4.0,16,0,2048,8192,6656,210.465,229.009,212.367,0.1026
mixed,16,12,0.75,4.0,16,0,4096,16384,13312,293.507,336.305,302.16,0.2022
mixed,16,12,0.75,4.0,16,0,8192,32768,26624,459.024,534.483,480.753,0.288
mixed,16,12,0.75,4.0,16,512,128,512,416,135.921,142.945,137.264,0.1912
mixed,16,12,0.75,4.0,16,512,256,1024,832,139.327,145.28,139.487,0.0268
mixed,16,12,0.75,4.0,16,512,512,2048,1664,153.825,155.055,152.736,-0.8842
mixed,16,12,0.75,4.0,16,512,1024,4096,3328,166.385,174.129,165.745,-0.0826
mixed,16,12,0.75,4.0,16,512,2048,8192,6656,209.601,227.584,210.816,0.0676
mixed,16,12,0.75,4.0,16,512,4096,16384,13312,290.336,392.274,304.145,0.1355
mixed,16,12,0.75,4.0,16,512,8192,32768,26624,510.512,585.632,479.12,-0.4179
mixed,16,12,0.75,4.0,16,2048,128,512,416,154.079,154.222,152.832,-8.7238
mixed,16,12,0.75,4.0,16,2048,256,1024,832,159.713,157.105,155.28,
mixed,16,12,0.75,4.0,16,2048,512,2048,1664,203.745,168.224,202.417,
mixed,16,12,0.75,4.0,16,2048,1024,4096,3328,180.608,191.954,184.225,0.3188
mixed,16,12,0.75,4.0,16,2048,2048,8192,6656,217.791,245.522,221.39,0.1298
mixed,16,12,0.75,4.0,16,2048,4096,16384,13312,288.13,331.839,297.712,0.2192
mixed,16,12,0.75,4.0,16,2048,8192,32768,26624,461.313,683.328,480.641,0.0871
mixed,16,12,0.75,4.0,16,8192,128,512,416,219.024,218.288,219.089,
mixed,16,12,0.75,4.0,16,8192,256,1024,832,219.553,219.873,218.768,-2.45
mixed,16,12,0.75,4.0,16,8192,512,2048,1664,275.04,231.537,297.088,
mixed,16,12,0.75,4.0,16,8192,1024,4096,3328,317.6,248.034,310.256,
mixed,16,12,0.75,4.0,16,8192,2048,8192,6656,399.825,287.04,402.336,
mixed,16,12,0.75,4.0,16,8192,4096,16384,13312,345.362,396.001,347.09,0.0341
mixed,16,12,0.75,4.0,16,8192,8192,32768,26624,507.2,589.969,785.155,3.3582
mixed,16,12,0.75,4.0,16,16384,128,512,416,288.561,296.528,292.063,0.4396
mixed,16,12,0.75,4.0,16,16384,256,1024,832,305.839,307.73,305.697,-0.0756
mixed,16,12,0.75,4.0,16,16384,512,2048,1664,308.386,306.498,306.896,
mixed,16,12,0.75,4.0,16,16384,1024,4096,3328,404.496,336.016,463.744,
mixed,16,12,0.75,4.0,16,16384,2048,8192,6656,490.56,380.671,506.448,
mixed,16,12,0.75,4.0,16,16384,4096,16384,13312,650.258,449.25,644.514,
mixed,16,12,0.75,4.0,16,16384,8192,32768,26624,568.209,666.307,574.624,0.0654
mixed,16,12,0.75,4.0,64,0,128,512,416,137.185,142.4,141.81,0.8868
mixed,16,12,0.75,4.0,64,0,256,1024,832,154.497,162.417,160.722,0.786
mixed,16,12,0.75,4.0,64,0,512,2048,1664,186.639,201.953,201.056,0.9414
mixed,16,12,0.75,4.0,64,0,1024,4096,3328,252.624,280.545,280.704,1.0057
mixed,16,12,0.75,4.0,64,0,2048,8192,6656,376.161,436.96,435.087,0.9692
mixed,16,12,0.75,4.0,64,0,4096,16384,13312,626.433,743.953,743.586,0.9969
mixed,16,12,0.75,4.0,64,0,8192,32768,26624,1130.258,1362.723,1361.556,0.995
mixed,16,12,0.75,4.0,64,512,128,512,416,214.769,220.065,218.448,0.6948
mixed,16,12,0.75,4.0,64,512,256,1024,832,229.361,238.194,237.073,0.8731
mixed,16,12,0.75,4.0,64,512,512,2048,1664,186.897,200.912,198.273,0.8117
mixed,16,12,0.75,4.0,64,512,1024,4096,3328,252.416,283.104,279.599,0.8858
mixed,16,12,0.75,4.0,64,512,2048,8192,6656,377.888,440.032,435.793,0.9318
mixed,16,12,0.75,4.0,64,512,4096,16384,13312,628.641,750.16,744.834,0.9562
mixed,16,12,0.75,4.0,64,512,8192,32768,26624,1134.915,1362.899,1362.147,0.9967
mixed,16,12,0.75,4.0,64,2048,128,512,416,271.025,279.791,280.13,1.0386
mixed,16,12,0.75,4.0,64,2048,256,1024,832,305.471,320.335,319.202,0.9237
mixed,16,12,0.75,4.0,64,2048,512,2048,1664,325.889,342.529,338.017,0.7289
mixed,16,12,0.75,4.0,64,2048,1024,4096,3328,390.496,420.448,419.136,0.9562
mixed,16,12,0.75,4.0,64,2048,2048,8192,6656,516.576,444.801,575.89,
mixed,16,12,0.75,4.0,64,2048,4096,16384,13312,633.987,753.107,749.521,0.9699
mixed,16,12,0.75,4.0,64,2048,8192,32768,26624,1138.114,1370.979,1366.66,0.9815
mixed,16,12,0.75,4.0,64,8192,128,512,416,472.962,472.192,473.025,
mixed,16,12,0.75,4.0,64,8192,256,1024,832,475.473,513.393,471.665,-0.1004
mixed,16,12,0.75,4.0,64,8192,512,2048,1664,604.818,633.761,634.832,1.037
mixed,16,12,0.75,4.0,64,8192,1024,4096,3328,731.794,791.394,790.032,0.9771
mixed,16,12,0.75,4.0,64,8192,2048,8192,6656,749.778,814.242,807.955,0.9025
mixed,16,12,0.75,4.0,64,8192,4096,16384,13312,1004.641,1122.642,1119.843,0.9763
mixed,16,12,0.75,4.0,64,8192,8192,32768,26624,1509.347,1371.875,1737.17,
mixed,16,12,0.75,4.0,64,16384,128,512,416,781.586,783.905,782.592,0.4341
mixed,16,12,0.75,4.0,64,16384,256,1024,832,782.033,781.715,783.297,
mixed,16,12,0.75,4.0,64,16384,512,2048,1664,783.473,824.659,785.408,0.047
mixed,16,12,0.75,4.0,64,16384,1024,4096,3328,1040.484,1095.924,1098.051,1.0384
mixed,16,12,0.75,4.0,64,16384,2048,8192,6656,1291.681,1404.692,1407.331,1.0234
mixed,16,12,0.75,4.0,64,16384,4096,16384,13312,1309.331,1430.211,1427.252,0.9755
mixed,16,12,0.75,4.0,64,16384,8192,32768,26624,1812.739,2042.627,2039.715,0.9873
mixed,16,12,0.75,4.0,256,0,128,512,416,175.615,176.77,175.168,-0.3876
mixed,16,12,0.75,4.0,256,0,256,1024,832,179.584,190.849,189.969,0.9219
mixed,16,12,0.75,4.0,256,0,512,2048,1664,241.282,270.897,269.502,0.9529
mixed,16,12,0.75,4.0,256,0,1024,4096,3328,370.096,426.911,425.346,0.9725
mixed,16,12,0.75,4.0,256,0,2048,8192,6656,619.057,731.569,729.457,0.9812
mixed,16,12,0.75,4.0,256,0,4096,16384,13312,1116.289,1345.505,1338.61,0.9699
mixed,16,12,0.75,4.0,256,0,8192,32768,26624,2108.18,2564.42,2562.818,0.9965
mixed,16,12,0.75,4.0,256,512,128,512,416,271.985,283.921,281.569,0.803
mixed,16,12,0.75,4.0,256,512,256,1024,832,311.375,326.369,321.602,0.6821
mixed,16,12,0.75,4.0,256,512,512,2048,1664,378.207,407.81,400.687,0.7594
mixed,16,12,0.75,4.0,256,512,1024,4096,3328,503.535,560.866,556.657,0.9266
mixed,16,12,0.75,4.0,256,512,2048,8192,6656,750.832,863.105,862.975,0.9988
mixed,16,12,0.75,4.0,256,512,4096,16384,13312,1248.546,1478.451,1470.484,0.9653
mixed,16,12,0.75,4.0,256,512,8192,32768,26624,2242.324,2694.678,2690.918,0.9917
mixed,16,12,0.75,4.0,256,2048,128,512,416,468.448,466.865,467.424,
mixed,16,12,0.75,4.0,256,2048,256,1024,832,469.712,490.158,489.456,0.9657
mixed,16,12,0.75,4.0,256,2048,512,2048,1664,587.393,640.113,636.08,0.9235
mixed,16,12,0.75,4.0,256,2048,1024,4096,3328,738.753,796.898,797.154,1.0044
mixed,16,12,0.75,4.0,256,2048,2048,8192,6656,987.073,1100.659,1098.128,0.9777
mixed,16,12,0.75,4.0,256,2048,4096,16384,13312,1485.027,1717.906,1710.244,0.9671
mixed,16,12,0.75,4.0,256,2048,8192,32768,26624,2478.198,2941.091,2925.556,0.9664
mixed,16,12,0.75,4.0,256,8192,128,512,416,1378.979,1379.957,1379.521,0.5542
mixed,16,12,0.75,4.0,256,8192,256,1024,832,1376.961,1378.45,1378.066,0.7417
mixed,16,12,0.75,4.0,256,8192,512,2048,1664,1378.42,1379.091,1378.527,0.1597
mixed,16,12,0.75,4.0,256,8192,1024,4096,3328,1376.613,1409.619,1406.529,0.9064
mixed,16,12,0.75,4.0,256,8192,2048,8192,6656,1791.859,2003.796,2002.197,0.9925
mixed,16,12,0.75,4.0,256,8192,4096,16384,13312,2394.117,2615.079,2614.165,0.9959
mixed,16,12,0.75,4.0,256,8192,8192,32768,26624,3373.303,3829.962,3826.246,0.9919
mixed,16,12,0.75,4.0,256,16384,128,512,416,2583.925,2586.198,2592.008,3.5561
mixed,16,12,0.75,4.0,256,16384,256,1024,832,2585.909,2583.974,2586.869,
mixed,16,12,0.75,4.0,256,16384,512,2048,1664,2584.325,2582.164,2583.478,
mixed,16,12,0.75,4.0,256,16384,1024,4096,3328,2583.189,2587.268,2582.996,-0.0472
mixed,16,12,0.75,4.0,256,16384,2048,8192,6656,2584.563,2617.092,2630.963,1.4264
mixed,16,12,0.75,4.0,256,16384,4096,16384,13312,3379.688,3820.664,3817.655,0.9932
mixed,16,12,0.75,4.0,256,16384,8192,32768,26624,4580.489,5034.84,5033.575,0.9972
mixed,16,12,0.75,4.0,1024,0,128,512,416,471.665,467.297,474.607,
mixed,16,12,0.75,4.0,1024,0,256,1024,832,480.75,478.831,479.637,
mixed,16,12,0.75,4.0,1024,0,512,2048,1664,489.858,494.288,489.219,-0.1443
mixed,16,12,0.75,4.0,1024,0,1024,4096,3328,518.623,531.745,521.632,0.2293
mixed,16,12,0.75,4.0,1024,0,2048,8192,6656,565.185,585.892,564.371,-0.0393
mixed,16,12,0.75,4.0,1024,0,4096,16384,13312,645.666,689.95,649.074,0.077
mixed,16,12,0.75,4.0,1024,0,8192,32768,26624,809.377,885.936,813.155,0.0493
mixed,16,12,0.75,4.0,1024,512,128,512,416,729.169,725.238,732.402,
mixed,16,12,0.75,4.0,1024,512,256,1024,832,742.129,736.612,741.363,
mixed,16,12,0.75,4.0,1024,512,512,2048,1664,746.142,754.229,751.028,0.6042
mixed,16,12,0.75,4.0,1024,512,1024,4096,3328,775.778,782.284,774.467,-0.2014
mixed,16,12,0.75,4.0,1024,512,2048,8192,6656,820.577,836.723,818.946,-0.101
mixed,16,12,0.75,4.0,1024,512,4096,16384,13312,901.393,940.177,902.852,0.0376
mixed,16,12,0.75,4.0,1024,512,8192,32768,26624,1065.281,1140.627,1070.754,0.0726
mixed,16,12,0.75,4.0,1024,2048,128,512,416,1178.225,1168.879,1178.514,
mixed,16,12,0.75,4.0,1024,2048,256,1024,832,1183.971,1180.815,1184.85,
mixed,16,12,0.75,4.0,1024,2048,512,2048,1664,1195.522,1196.676,1192.966,-2.2154
mixed,16,12,0.75,4.0,1024,2048,1024,4096,3328,1214.928,1228.72,1219.408,0.3248
mixed,16,12,0.75,4.0,1024,2048,2048,8192,6656,1258.501,1279.495,1259.842,0.0639
mixed,16,12,0.75,4.0,1024,2048,4096,16384,13312,1343.268,1385.056,1344.787,0.0364
mixed,16,12,0.75,4.0,1024,2048,8192,32768,26624,1504.805,1582.354,1507.303,0.0322
mixed,16,12,0.75,4.0,1024,8192,128,512,416,2914.2,2906.006,2919.349,
mixed,16,12,0.75,4.0,1024,8192,256,1024,832,2929.802,2925.363,2916.469,
mixed,16,12,0.75,4.0,1024,8192,512,2048,1664,2927.574,2931.941,2923.99,-0.8207
mixed,16,12,0.75,4.0,1024,8192,1024,4096,3328,2956.199,2969.106,2954.44,-0.1364
mixed,16,12,0.75,4.0,1024,8192,2048,8192,6656,2990.453,3011.192,2995.894,0.2624
mixed,16,12,0.75,4.0,1024,8192,4096,16384,13312,3079.323,3125.802,3079.187,-0.0029
mixed,16,12,0.75,4.0,1024,8192,8192,32768,26624,3234.645,3322.921,3242.007,0.0834
mixed,16,12,0.75,4.0,1024,16384,128,512,416,5189.626,5177.519,5188.496,
mixed,16,12,0.75,4.0,1024,16384,256,1024,832,5192.998,5201.493,5196.009,0.3545
mixed,16,12,0.75,4.0,1024,16384,512,2048,1664,5203.305,5215.275,5202.859,-0.0373
mixed,16,12,0.75,4.0,1024,16384,1024,4096,3328,5240.652,5243.133,5252.711,4.8596
mixed,16,12,0.75,4.0,1024,16384,2048,8192,6656,5271.145,5292.126,5278.808,0.3652
mixed,16,12,0.75,4.0,1024,16384,4096,16384,13312,5362.988,5389.868,5356.537,-0.24
mixed,16,12,0.75,4.0,1024,16384,8192,32768,26624,5525.676,5603.447,5538.141,0.1603
mixed,16,12,0.75,4.0,4096,0,128,512,416,2185.51,2189.7,2192.34,1.6305
mixed,16,12,0.75,4.0,4096,0,256,1024,832,2194.515,2193.061,2196.947,
mixed,16,12,0.75,4.0,4096,0,512,2048,1664,2201.456,2209.381,2205.667,0.5313
mixed,16,12,0.75,4.0,4096,0,1024,4096,3328,2238.597,2251.382,2232.244,-0.4969
mixed,16,12,0.75,4.0,4096,0,2048,8192,6656,2274.691,2301.01,2281.11,0.2439
mixed,16,12,0.75,4.0,4096,0,4096,16384,13312,2362.291,2406.963,2364.952,0.0596
mixed,16,12,0.75,4.0,4096,0,8192,32768,26624,2529.383,2605.506,2521.156,-0.1081
mixed,16,12,0.75,4.0,4096,512,128,512,416,2833.51,2818.389,2825.544,
mixed,16,12,0.75,4.0,4096,512,256,1024,832,2832.498,2830.566,2832.26,
mixed,16,12,0.75,4.0,4096,512,512,2048,1664,2838.068,2845.429,2837.767,-0.0409
mixed,16,12,0.75,4.0,4096,512,1024,4096,3328,2858.92,2875.065,2861.702,0.1723
mixed,16,12,0.75,4.0,4096,512,2048,8192,6656,2908.534,2925.575,2908.81,0.0162
mixed,16,12,0.75,4.0,4096,512,4096,16384,13312,2991.797,3027.414,2993.271,0.0414
mixed,16,12,0.75,4.0,4096,512,8192,32768,26624,3151.958,3232.693,3155.524,0.0442
mixed,16,12,0.75,4.0,4096,2048,128,512,416,3897.021,3884.395,3901.209,
mixed,16,12,0.75,4.0,4096,2048,256,1024,832,3898.691,3898.181,3900.392,
mixed,16,12,0.75,4.0,4096,2048,512,2048,1664,3902.667,3921.771,3907.976,0.2779
mixed,16,12,0.75,4.0,4096,2048,1024,4096,3328,3931.369,3950.008,3950.776,1.0412
mixed,16,12,0.75,4.0,4096,2048,2048,8192,6656,3980.695,4001.206,3976.939,-0.1832
mixed,16,12,0.75,4.0,4096,2048,4096,16384,13312,4064.955,4107.432,4060.436,-0.1064
mixed,16,12,0.75,4.0,4096,2048,8192,32768,26624,4224.838,4306.109,4228.217,0.0416
mixed,16,12,0.75,4.0,4096,8192,128,512,416,8161.94,8154.836,8167.813,
mixed,16,12,0.75,4.0,4096,8192,256,1024,832,8169.137,8184.064,8178.004,0.594
mixed,16,12,0.75,4.0,4096,8192,512,2048,1664,8184.656,8172.32,8178.915,
mixed,16,12,0.75,4.0,4096,8192,1024,4096,3328,8196.739,8212.531,8195.83,-0.0576
mixed,16,12,0.75,4.0,4096,8192,2048,8192,6656,8232.883,8283.009,8241.671,0.1753
mixed,16,12,0.75,4.0,4096,8192,4096,16384,13312,8322.493,8375.743,8352.784,0.5688
mixed,16,12,0.75,4.0,4096,8192,8192,32768,26624,8497.188,8594.274,8503.524,0.0653
mixed,16,12,0.75,4.0,4096,16384,128,512,416,13834.255,13843.084,13864.936,3.4751
mixed,16,12,0.75,4.0,4096,16384,256,1024,832,13842.575,13835.148,13931.087,
mixed,16,12,0.75,4.0,4096,16384,512,2048,1664,13846.851,13859.869,13935.787,6.8317
mixed,16,12,0.75,4.0,4096,16384,1024,4096,3328,13961.15,13876.864,13911.739,
mixed,16,12,0.75,4.0,4096,16384,2048,8192,6656,13906.62,13947.628,13947.873,1.006
mixed,16,12,0.75,4.0,4096,16384,4096,16384,13312,13978.975,14026.466,13998.379,0.4086
mixed,16,12,0.75,4.0,4096,16384,8192,32768,26624,14171.941,14244.751,14160.029,-0.1636
pure,16,14,0.875,4.0,0,0,128,512,464,111.762,110.561,109.472,
pure,16,14,0.875,4.0,0,0,256,1024,928,127.762,122.816,119.12,
pure,16,14,0.875,4.0,0,0,512,2048,1856,135.218,138.256,137.297,0.6843
pure,16,14,0.875,4.0,0,0,1024,4096,3712,161.073,163.746,160.768,-0.1141
pure,16,14,0.875,4.0,0,0,2048,8192,7424,206.241,214.944,205.744,-0.057
pure,16,14,0.875,4.0,0,0,4096,16384,14848,298.609,316.93,295.538,-0.1676
pure,16,14,0.875,4.0,0,0,8192,32768,29696,479.729,517.889,480.321,0.0155
mixed,16,14,0.875,4.0,16,0,128,512,464,125.041,126.273,122.015,-2.4548
mixed,16,14,0.875,4.0,16,0,256,1024,928,135.632,138.336,134.4,-0.4561
mixed,16,14,0.875,4.0,16,0,512,2048,1856,152.852,149.792,146.224,
mixed,16,14,0.875,4.0,16,0,1024,4096,3712,172.385,178.481,172.657,0.0448
mixed,16,14,0.875,4.0,16,0,2048,8192,7424,218.401,228.946,219.232,0.0788
mixed,16,14,0.875,4.0,16,0,4096,16384,14848,314.335,336.786,318.447,0.1832
mixed,16,14,0.875,4.0,16,0,8192,32768,29696,495.392,535.777,501.538,0.1522
mixed,16,14,0.875,4.0,16,512,128,512,464,137.376,143.007,140.639,0.5795
mixed,16,14,0.875,4.0,16,512,256,1024,928,142.193,145.025,139.602,-0.9151
mixed,16,14,0.875,4.0,16,512,512,2048,1856,155.073,154.512,152.464,
mixed,16,14,0.875,4.0,16,512,1024,4096,3712,168.255,174.93,169.504,0.1872
mixed,16,14,0.875,4.0,16,512,2048,8192,7424,216.833,226.993,219.633,0.2756
mixed,16,14,0.875,4.0,16,512,4096,16384,14848,369.601,392.433,315.857,-2.3539
mixed,16,14,0.875,4.0,16,512,8192,32768,29696,543.922,582.817,500.913,-1.1057
mixed,16,14,0.875,4.0,16,2048,128,512,464,155.009,154.24,152.672,
mixed,16,14,0.875,4.0,16,2048,256,1024,928,154.703,157.889,155.153,0.1414
mixed,16,14,0.875,4.0,16,2048,512,2048,1856,164.642,168.975,165.536,0.2063
mixed,16,14,0.875,4.0,16,2048,1024,4096,3712,185.328,191.649,186.846,0.2402
mixed,16,14,0.875,4.0,16,2048,2048,8192,7424,229.247,243.361,312.674,5.9111
mixed,16,14,0.875,4.0,16,2048,4096,16384,14848,311.456,332.178,315.808,0.21
mixed,16,14,0.875,4.0,16,2048,8192,32768,29696,498.529,683.809,500.673,0.0116
mixed,16,14,0.875,4.0,16,8192,128,512,464,218.976,217.775,218.655,
mixed,16,14,0.875,4.0,16,8192,256,1024,928,218.928,218.209,219.361,
mixed,16,14,0.875,4.0,16,8192,512,2048,1856,231.601,231.202,231.344,
mixed,16,14,0.875,4.0,16,8192,1024,4096,3712,247.089,246.863,246.864,
mixed,16,14,0.875,4.0,16,8192,2048,8192,7424,282.015,285.249,283.248,0.3811
mixed,16,14,0.875,4.0,16,8192,4096,16384,14848,375.523,396.034,529.665,7.5149
mixed,16,14,0.875,4.0,16,8192,8192,32768,29696,545.346,586.146,808.835,6.4581
mixed,16,14,0.875,4.0,16,16384,128,512,464,291.856,295.793,298.064,1.5768
mixed,16,14,0.875,4.0,16,16384,256,1024,928,305.359,306.96,305.615,0.1602
mixed,16,14,0.875,4.0,16,16384,512,2048,1856,307.585,306.561,306.528,
mixed,16,14,0.875,4.0,16,16384,1024,4096,3712,334.849,336.08,334.4,-0.3643
mixed,16,14,0.875,4.0,16,16384,2048,8192,7424,528.928,379.745,568.704,
mixed,16,14,0.875,4.0,16,16384,4096,16384,14848,448.321,450.834,447.248,-0.4269
mixed,16,14,0.875,4.0,16,16384,8192,32768,29696,611.313,666.626,912.979,5.4538
mixed,16,14,0.875,4.0,64,0,128,512,464,139.024,141.248,141.008,0.8923
mixed,16,14,0.875,4.0,64,0,256,1024,928,156.671,162.08,160.098,0.6335
mixed,16,14,0.875,4.0,64,0,512,2048,1856,193.84,203.088,201.456,0.8235
mixed,16,14,0.875,4.0,64,0,1024,4096,3712,266.465,279.794,280.176,1.0287
mixed,16,14,0.875,4.0,64,0,2048,8192,7424,407.428,438.194,438.274,1.0026
mixed,16,14,0.875,4.0,64,0,4096,16384,14848,683.776,744.913,742.481,0.9602
mixed,16,14,0.875,4.0,64,0,8192,32768,29696,1243.427,1360.147,1358.401,0.985
mixed,16,14,0.875,4.0,64,512,128,512,464,215.618,219.282,218.673,0.8337
mixed,16,14,0.875,4.0,64,512,256,1024,928,234.577,239.73,237.441,0.5558
mixed,16,14,0.875,4.0,64,512,512,2048,1856,194.577,201.473,199.553,0.7215
mixed,16,14,0.875,4.0,64,512,1024,4096,3712,266.785,281.696,281.264,0.971
mixed,16,14,0.875,4.0,64,512,2048,8192,7424,408.114,440.096,440.353,1.008
mixed,16,14,0.875,4.0,64,512,4096,16384,14848,687.265,750.863,746.37,0.9294
mixed,16,14,0.875,4.0,64,512,8192,32768,29696,1251.794,1364.867,1363.459,0.9876
mixed,16,14,0.875,4.0,64,2048,128,512,464,274.08,278.384,278.833,1.1044
mixed,16,14,0.875,4.0,64,2048,256,1024,928,309.634,319.648,318.961,0.9314
mixed,16,14,0.875,4.0,64,2048,512,2048,1856,330.257,341.458,341.121,0.9699
mixed,16,14,0.875,4.0,64,2048,1024,4096,3712,404.817,420.77,417.922,0.8214
mixed,16,14,0.875,4.0,64,2048,2048,8192,7424,412.721,441.281,443.345,1.0723
mixed,16,14,0.875,4.0,64,2048,4096,16384,14848,692.786,751.391,753.666,1.0388
mixed,16,14,0.875,4.0,64,2048,8192,32768,29696,1253.313,1378.513,1374.354,0.9668
mixed,16,14,0.875,4.0,64,8192,128,512,464,475.056,471.729,472.386,
mixed,16,14,0.875,4.0,64,8192,256,1024,928,475.617,510.175,509.904,0.9921
mixed,16,14,0.875,4.0,64,8192,512,2048,1856,618.688,631.776,635.747,1.3035
mixed,16,14,0.875,4.0,64,8192,1024,4096,3712,760.13,790.321,792.241,1.0636
mixed,16,14,0.875,4.0,64,8192,2048,8192,7424,781.745,812.672,810.546,0.9313
mixed,16,14,0.875,4.0,64,8192,4096,16384,14848,1063.425,1121.554,1118.147,0.9414
mixed,16,14,0.875,4.0,64,8192,8192,32768,29696,1254.594,1370.273,1369.556,0.9938
mixed,16,14,0.875,4.0,64,16384,128,512,464,782.321,782.162,783.298,
mixed,16,14,0.875,4.0,64,16384,256,1024,928,784.369,783.553,786.097,
mixed,16,14,0.875,4.0,64,16384,512,2048,1856,782.769,820.063,823.203,1.0842
mixed,16,14,0.875,4.0,64,16384,1024,4096,3712,1067.459,1097.537,1094.546,0.9006
mixed,16,14,0.875,4.0,64,16384,2048,8192,7424,1347.745,1406.721,1404.693,0.9656
mixed,16,14,0.875,4.0,64,16384,4096,16384,14848,1365.089,1429.362,1432.579,1.05
mixed,16,14,0.875,4.0,64,16384,8192,32768,29696,1933.46,2051.748,2046.851,0.9586
mixed,16,14,0.875,4.0,256,0,128,512,464,175.953,175.36,176.431,
mixed,16,14,0.875,4.0,256,0,256,1024,928,182.687,191.488,190.576,0.8963
mixed,16,14,0.875,4.0,256,0,512,2048,1856,256.815,271.151,270.419,0.9489
mixed,16,14,0.875,4.0,256,0,1024,4096,3712,397.023,426.578,425.745,0.9718
mixed,16,14,0.875,4.0,256,0,2048,8192,7424,673.571,732.85,730.257,0.9563
mixed,16,14,0.875,4.0,256,0,4096,16384,14848,1231.793,1344.802,1339.412,0.9523
mixed,16,14,0.875,4.0,256,0,8192,32768,29696,2335.557,2565.735,2559.415,0.9725
mixed,16,14,0.875,4.0,256,512,128,512,464,279.233,285.139,284.418,0.878
mixed,16,14,0.875,4.0,256,512,256,1024,928,316.785,326.56,325.137,0.8544
mixed,16,14,0.875,4.0,256,512,512,2048,1856,393.106,407.986,405.711,0.8471
mixed,16,14,0.875,4.0,256,512,1024,4096,3712,533.745,559.184,560.354,1.046
mixed,16,14,0.875,4.0,256,512,2048,8192,7424,807.921,865.793,863.969,0.9685
mixed,16,14,0.875,4.0,256,512,4096,16384,14848,1362.115,1473.379,1475.475,1.0188
mixed,16,14,0.875,4.0,256,512,8192,32768,29696,2465.445,2706.643,2700.788,0.9757
mixed,16,14,0.875,4.0,256,2048,128,512,464,467.154,467.024,466.801,
mixed,16,14,0.875,4.0,256,2048,256,1024,928,472.512,492.336,489.731,0.8686
mixed,16,14,0.875,4.0,256,2048,512,2048,1856,618.194,639.984,640.723,1.0339
mixed,16,14,0.875,4.0,256,2048,1024,4096,3712,767.841,797.841,795.938,0.9366
mixed,16,14,0.875,4.0,256,2048,2048,8192,7424,1043.107,1103.396,1099.745,0.9394
mixed,16,14,0.875,4.0,256,2048,4096,16384,14848,1595.43,1710.196,1708.563,0.9858
mixed,16,14,0.875,4.0,256,2048,8192,32768,29696,2702.742,2937.079,2932.549,0.9807
mixed,16,14,0.875,4.0,256,8192,128,512,464,1379.747,1377.186,1377.569,
mixed,16,14,0.875,4.0,256,8192,256,1024,928,1376.915,1376.802,1378.482,
mixed,16,14,0.875,4.0,256,8192,512,2048,1856,1376.244,1383.185,1376.786,0.0781
mixed,16,14,0.875,4.0,256,8192,1024,4096,3712,1376.69,1407.475,1406.594,0.9714
mixed,16,14,0.875,4.0,256,8192,2048,8192,7424,1908.562,2004.212,2005.731,1.0159
mixed,16,14,0.875,4.0,256,8192,4096,16384,14848,2499.253,2623.125,2617.972,0.9584
mixed,16,14,0.875,4.0,256,8192,8192,32768,29696,3606.724,3835.558,3831.24,0.9811
mixed,16,14,0.875,4.0,256,16384,128,512,464,2583.172,2582.613,2586.852,
mixed,16,14,0.875,4.0,256,16384,256,1024,928,2582.182,2594.483,2585.159,0.2419
mixed,16,14,0.875,4.0,256,16384,512,2048,1856,2580.178,2598.726,2582.708,0.1364
mixed,16,14,0.875,4.0,256,16384,1024,4096,3712,2586.643,2581.348,2581.973,
mixed,16,14,0.875,4.0,256,16384,2048,8192,7424,2580.068,2634.452,2621.878,0.7688
mixed,16,14,0.875,4.0,256,16384,4096,16384,14848,3614.213,3820.359,3820.954,1.0029
mixed,16,14,0.875,4.0,256,16384,8192,32768,29696,4806.553,5048.745,5046.616,0.9912
mixed,16,14,0.875,4.0,1024,0,128,512,464,467.056,465.155,465.761,
mixed,16,14,0.875,4.0,1024,0,256,1024,928,483.474,476.961,473.376,
mixed,16,14,0.875,4.0,1024,0,512,2048,1856,494.194,494.99,496.242,2.5735
mixed,16,14,0.875,4.0,1024,0,1024,4096,3712,525.124,531.424,528.079,0.469
mixed,16,14,0.875,4.0,1024,0,2048,8192,7424,574.194,584.817,574.881,0.0646
mixed,16,14,0.875,4.0,1024,0,4096,16384,14848,668.816,685.381,667.506,-0.0791
mixed,16,14,0.875,4.0,1024,0,8192,32768,29696,852.29,886.85,846.995,-0.1532
mixed,16,14,0.875,4.0,1024,512,128,512,464,727.075,724.053,722.305,
mixed,16,14,0.875,4.0,1024,512,256,1024,928,742.095,735.186,733.856,
mixed,16,14,0.875,4.0,1024,512,512,2048,1856,753.092,754.881,755.841,1.5363
mixed,16,14,0.875,4.0,1024,512,1024,4096,3712,779.331,783.246,783.107,0.9645
mixed,16,14,0.875,4.0,1024,512,2048,8192,7424,826.287,839.39,833.364,0.5401
mixed,16,14,0.875,4.0,1024,512,4096,16384,14848,922.834,941.313,921.505,-0.0719
mixed,16,14,0.875,4.0,1024,512,8192,32768,29696,1104.002,1141.683,1105.668,0.0442
mixed,16,14,0.875,4.0,1024,2048,128,512,464,1172.341,1165.476,1168.293,
mixed,16,14,0.875,4.0,1024,2048,256,1024,928,1184.579,1181.541,1182.612,
mixed,16,14,0.875,4.0,1024,2048,512,2048,1856,1199.138,1197.539,1196.707,
mixed,16,14,0.875,4.0,1024,2048,1024,4096,3712,1221.03,1223.827,1222.964,0.6916
mixed,16,14,0.875,4.0,1024,2048,2048,8192,7424,1268.638,1280.596,1272.354,0.3108
mixed,16,14,0.875,4.0,1024,2048,4096,16384,14848,1362.064,1383.54,1361.875,-0.0088
mixed,16,14,0.875,4.0,1024,2048,8192,32768,29696,1542.452,1581.763,1543.989,0.0391
mixed,16,14,0.875,4.0,1024,8192,128,512,464,2914.131,2910.421,2901.927,
mixed,16,14,0.875,4.0,1024,8192,256,1024,928,2916.55,2917.894,2915.401,-0.8545
mixed,16,14,0.875,4.0,1024,8192,512,2048,1856,2941.654,2931.477,2932.805,
mixed,16,14,0.875,4.0,1024,8192,1024,4096,3712,2960.294,2956.024,2951.592,
mixed,16,14,0.875,4.0,1024,8192,2048,8192,7424,3009.367,3012.612,3010.131,0.2355
mixed,16,14,0.875,4.0,1024,8192,4096,16384,14848,3089.222,3111.042,3111.013,0.9987
mixed,16,14,0.875,4.0,1024,8192,8192,32768,29696,3279.51,3323.002,3277.19,-0.0533
mixed,16,14,0.875,4.0,1024,16384,128,512,464,5178.827,5175.148,5188.215,
mixed,16,14,0.875,4.0,1024,16384,256,1024,928,5219.242,5200.188,5197.069,
mixed,16,14,0.875,4.0,1024,16384,512,2048,1856,5211.964,5213.591,5210.673,-0.7935
mixed,16,14,0.875,4.0,1024,16384,1024,4096,3712,5243.227,5241.307,5241.323,
mixed,16,14,0.875,4.0,1024,16384,2048,8192,7424,5286.301,5295.608,5287.226,0.0993
mixed,16,14,0.875,4.0,1024,16384,4096,16384,14848,5361.132,5391.786,5371.71,0.3451
mixed,16,14,0.875,4.0,1024,16384,8192,32768,29696,5559.182,5589.275,5555.451,-0.124
mixed,16,14,0.875,4.0,4096,0,128,512,464,2176.689,2178.903,2177.138,0.2026
mixed,16,14,0.875,4.0,4096,0,256,1024,928,2197.445,2194.376,2192.213,
mixed,16,14,0.875,4.0,4096,0,512,2048,1856,2212.82,2208.211,2215.269,
mixed,16,14,0.875,4.0,4096,0,1024,4096,3712,2239.367,2244.052,2240.61,0.2654
mixed,16,14,0.875,4.0,4096,0,2048,8192,7424,2290.166,2299.412,2295.892,0.6193
mixed,16,14,0.875,4.0,4096,0,4096,16384,14848,2387.319,2402.93,2380.243,-0.4533
mixed,16,14,0.875,4.0,4096,0,8192,32768,29696,2575.204,2601.825,2568.279,-0.2601
mixed,16,14,0.875,4.0,4096,512,128,512,464,2821.641,2816.901,2815.448,
mixed,16,14,0.875,4.0,4096,512,256,1024,928,2834.214,2826.453,2827.427,
mixed,16,14,0.875,4.0,4096,512,512,2048,1856,2847.939,2848.163,2841.413,-29.1362
mixed,16,14,0.875,4.0,4096,512,1024,4096,3712,2867.622,2874.452,2884.179,2.4243
mixed,16,14,0.875,4.0,4096,512,2048,8192,7424,2912.421,2925.862,2916.66,0.3153
mixed,16,14,0.875,4.0,4096,512,4096,16384,14848,3008.091,3033.499,3017.73,0.3794
mixed,16,14,0.875,4.0,4096,512,8192,32768,29696,3198.004,3235.414,3193.589,-0.118
mixed,16,14,0.875,4.0,4096,2048,128,512,464,3883.862,3885.463,3882.039,-1.1377
mixed,16,14,0.875,4.0,4096,2048,256,1024,928,3902.215,3897.8,3888.775,
mixed,16,14,0.875,4.0,4096,2048,512,2048,1856,3925.401,3911.752,3925.528,
mixed,16,14,0.875,4.0,4096,2048,1024,4096,3712,3936.698,3945.052,3932.614,-0.4889
mixed,16,14,0.875,4.0,4096,2048,2048,8192,7424,3983.435,3995.669,3991.082,0.6251
mixed,16,14,0.875,4.0,4096,2048,4096,16384,14848,4078.503,4093.08,4081.752,0.2229
mixed,16,14,0.875,4.0,4096,2048,8192,32768,29696,4262.041,4298.23,4260.409,-0.0451
mixed,16,14,0.875,4.0,4096,8192,128,512,464,8158.367,8152.574,8145.812,
mixed,16,14,0.875,4.0,4096,8192,256,1024,928,8176.13,8171.408,8166.963,
mixed,16,14,0.875,4.0,4096,8192,512,2048,1856,8185.235,8171.536,8227.439,
mixed,16,14,0.875,4.0,4096,8192,1024,4096,3712,8262.576,8247.568,8254.146,
mixed,16,14,0.875,4.0,4096,8192,2048,8192,7424,8294.735,8310.703,8305.28,0.6604
mixed,16,14,0.875,4.0,4096,8192,4096,16384,14848,8398.822,8412.931,8401.667,0.2017
mixed,16,14,0.875,4.0,4096,8192,8192,32768,29696,8580.071,8618.864,8579.84,-0.0059
mixed,16,14,0.875,4.0,4096,16384,128,512,464,13917.278,13906.654,13902.534,
mixed,16,14,0.875,4.0,4096,16384,256,1024,928,13931.039,13928.467,13925.73,
mixed,16,14,0.875,4.0,4096,16384,512,2048,1856,13933.918,13938.227,13936.267,0.5451
mixed,16,14,0.875,4.0,4096,16384,1024,4096,3712,13959.502,13987.094,13958.299,-0.0436
mixed,16,14,0.875,4.0,4096,16384,2048,8192,7424,14003.971,14028.638,14015.01,0.4475
mixed,16,14,0.875,4.0,4096,16384,4096,16384,14848,14104.145,14117.989,14095.776,-0.6045
mixed,16,14,0.875,4.0,4096,16384,8192,32768,29696,14293.487,14322.988,14294.947,0.0495
pure,32,1,0.0312,4.0,0,0,128,512,140,80.992,133.921,114.463,0.6324
pure,32,1,0.0312,4.0,0,0,256,1024,280,122.271,145.84,123.247,0.0414
pure,32,1,0.0312,4.0,0,0,512,2048,560,135.806,168.848,134.064,-0.0527
pure,32,1,0.0312,4.0,0,0,1024,4096,1120,146.819,221.873,175.888,0.3873
pure,32,1,0.0312,4.0,0,0,2048,8192,2240,178.992,326.304,221.888,0.2912
pure,32,1,0.0312,4.0,0,0,4096,16384,4480,229.232,528.002,313.456,0.2819
pure,32,1,0.0312,4.0,0,0,8192,32768,8960,346.255,939.042,491.939,0.2458
mixed,32,1,0.0312,4.0,16,0,128,512,140,95.2,146.976,134.351,0.7562
mixed,32,1,0.0312,4.0,16,0,256,1024,280,137.296,162.976,138.799,0.0585
mixed,32,1,0.0312,4.0,16,0,512,2048,560,148.833,185.535,150.113,0.0349
mixed,32,1,0.0312,4.0,16,0,1024,4096,1120,167.922,240.624,171.136,0.0442
mixed,32,1,0.0312,4.0,16,0,2048,8192,2240,205.648,350.338,225.888,0.1399
mixed,32,1,0.0312,4.0,16,0,4096,16384,4480,250.608,551.923,320.143,0.2308
mixed,32,1,0.0312,4.0,16,0,8192,32768,8960,364.64,956.097,504.529,0.2365
mixed,32,1,0.0312,4.0,16,512,128,512,140,171.266,190.049,137.136,-1.8171
mixed,32,1,0.0312,4.0,16,512,256,1024,280,150.289,165.775,150.496,0.0134
mixed,32,1,0.0312,4.0,16,512,512,2048,560,191.249,237.073,190.144,-0.0241
mixed,32,1,0.0312,4.0,16,512,1024,4096,1120,170.21,295.938,201.682,0.2503
mixed,32,1,0.0312,4.0,16,512,2048,8192,2240,250.913,396.464,214.592,-0.2495
mixed,32,1,0.0312,4.0,16,512,4096,16384,4480,305.873,595.44,312.466,0.0228
mixed,32,1,0.0312,4.0,16,512,8192,32768,8960,421.457,993.313,494.898,0.1284
mixed,32,1,0.0312,4.0,16,2048,128,512,140,157.215,198.431,156.961,-0.0062
mixed,32,1,0.0312,4.0,16,2048,256,1024,280,155.361,177.937,157.983,0.1161
mixed,32,1,0.0312,4.0,16,2048,512,2048,560,199.697,274.546,198.608,-0.0145
mixed,32,1,0.0312,4.0,16,2048,1024,4096,1120,183.007,258.113,223.874,0.5441
mixed,32,1,0.0312,4.0,16,2048,2048,8192,2240,281.296,495.652,274.658,-0.031
mixed,32,1,0.0312,4.0,16,2048,4096,16384,4480,268.48,700.993,365.826,0.2251
mixed,32,1,0.0312,4.0,16,2048,8192,32768,8960,525.632,1088.816,498.256,-0.0486
mixed,32,1,0.0312,4.0,16,8192,128,512,140,214.032,219.6,226.673,2.2703
mixed,32,1,0.0312,4.0,16,8192,256,1024,280,226.706,237.888,228.784,0.1859
mixed,32,1,0.0312,4.0,16,8192,512,2048,560,221.376,322.177,220.529,-0.0084
mixed,32,1,0.0312,4.0,16,8192,1024,4096,1120,236.865,301.201,236.561,-0.0047
mixed,32,1,0.0312,4.0,16,8192,2048,8192,2240,336.721,599.343,324.305,-0.0473
mixed,32,1,0.0312,4.0,16,8192,4096,16384,4480,322.753,598.625,468.641,0.5288
mixed,32,1,0.0312,4.0,16,8192,8192,32768,8960,626.737,1508.322,602.164,-0.0279
mixed,32,1,0.0312,4.0,16,16384,128,512,140,300.656,316.818,301.105,0.0278
mixed,32,1,0.0312,4.0,16,16384,256,1024,280,290.705,317.872,293.375,0.0983
mixed,32,1,0.0312,4.0,16,16384,512,2048,560,318.047,344.911,317.569,-0.0178
mixed,32,1,0.0312,4.0,16,16384,1024,4096,1120,310.498,483.155,315.793,0.0307
mixed,32,1,0.0312,4.0,16,16384,2048,8192,2240,343.263,465.553,343.776,0.0042
mixed,32,1,0.0312,4.0,16,16384,4096,16384,4480,513.04,1031.251,486.112,-0.052
mixed,32,1,0.0312,4.0,16,16384,8192,32768,8960,500.705,1069.267,783.889,0.4981
mixed,32,1,0.0312,4.0,64,0,128,512,140,98.976,156.72,148.208,0.8526
mixed,32,1,0.0312,4.0,64,0,256,1024,280,143.376,177.888,167.311,0.6935
mixed,32,1,0.0312,4.0,64,0,512,2048,560,156.336,218.849,209.938,0.8575
mixed,32,1,0.0312,4.0,64,0,1024,4096,1120,180.848,301.842,291.856,0.9175
mixed,32,1,0.0312,4.0,64,0,2048,8192,2240,228.56,459.472,451.169,0.964
mixed,32,1,0.0312,4.0,64,0,4096,16384,4480,313.792,774.961,762.354,0.9727
mixed,32,1,0.0312,4.0,64,0,8192,32768,8960,487.249,1404.179,1382.052,0.9759
mixed,32,1,0.0312,4.0,64,512,128,512,140,195.041,228.815,194.016,-0.0304
mixed,32,1,0.0312,4.0,64,512,256,1024,280,206.113,175.778,205.394,
mixed,32,1,0.0312,4.0,64,512,512,2048,560,232.672,218.752,237.041,
mixed,32,1,0.0312,4.0,64,512,1024,4096,1120,178.418,304.067,288.832,0.8788
mixed,32,1,0.0312,4.0,64,512,2048,8192,2240,224.479,460.659,448.481,0.9484
mixed,32,1,0.0312,4.0,64,512,4096,16384,4480,315.281,777.362,761.075,0.9648
mixed,32,1,0.0312,4.0,64,512,8192,32768,8960,491.521,1415.2,1388.101,0.9707
mixed,32,1,0.0312,4.0,64,2048,128,512,140,254.338,287.056,253.298,-0.0318
mixed,32,1,0.0312,4.0,64,2048,256,1024,280,264.832,327.759,264.609,-0.0036
mixed,32,1,0.0312,4.0,64,2048,512,2048,560,285.459,360.002,285.108,-0.0047
mixed,32,1,0.0312,4.0,64,2048,1024,4096,1120,333.12,300.387,326.848,
mixed,32,1,0.0312,4.0,64,2048,2048,8192,2240,366.529,465.777,481.65,1.1599
mixed,32,1,0.0312,4.0,64,2048,4096,16384,4480,316.45,781.235,767.586,0.9706
mixed,32,1,0.0312,4.0,64,2048,8192,32768,8960,495.137,1413.778,1389.652,0.9737
mixed,32,1,0.0312,4.0,64,8192,128,512,140,475.744,524.225,477.362,0.0334
mixed,32,1,0.0312,4.0,64,8192,256,1024,280,476.511,563.698,471.152,-0.0615
mixed,32,1,0.0312,4.0,64,8192,512,2048,560,523.776,643.681,524.033,0.0021
mixed,32,1,0.0312,4.0,64,8192,1024,4096,1120,568.832,801.617,566.0,-0.0122
mixed,32,1,0.0312,4.0,64,8192,2048,8192,2240,659.347,830.465,645.331,-0.0819
mixed,32,1,0.0312,4.0,64,8192,4096,16384,4480,830.353,782.976,804.001,
mixed,32,1,0.0312,4.0,64,8192,8192,32768,8960,858.496,1427.46,1418.675,0.9846
mixed,32,1,0.0312,4.0,64,16384,128,512,140,786.066,787.842,785.951,-0.0647
mixed,32,1,0.0312,4.0,64,16384,256,1024,280,785.858,871.203,786.739,0.0103
mixed,32,1,0.0312,4.0,64,16384,512,2048,560,788.705,951.138,788.93,0.0014
mixed,32,1,0.0312,4.0,64,16384,1024,4096,1120,876.21,1107.969,872.002,-0.0182
mixed,32,1,0.0312,4.0,64,16384,2048,8192,2240,964.961,1419.554,950.29,-0.0323
mixed,32,1,0.0312,4.0,64,16384,4096,16384,4480,1136.563,1455.506,1108.77,-0.0871
mixed,32,1,0.0312,4.0,64,16384,8192,32768,8960,1476.852,1417.557,1422.691,
mixed,32,1,0.0312,4.0,256,0,128,512,140,177.601,182.673,176.898,-0.1386
mixed,32,1,0.0312,4.0,256,0,256,1024,280,180.032,198.258,187.824,0.4275
mixed,32,1,0.0312,4.0,256,0,512,2048,560,183.871,280.225,269.983,0.8937
mixed,32,1,0.0312,4.0,256,0,1024,4096,1120,204.017,436.289,427.457,0.962
mixed,32,1,0.0312,4.0,256,0,2048,8192,2240,295.089,746.367,740.466,0.9869
mixed,32,1,0.0312,4.0,256,0,4096,16384,4480,465.522,1364.576,1354.371,0.9886
mixed,32,1,0.0312,4.0,256,0,8192,32768,8960,803.762,2615.365,2597.111,0.9899
mixed,32,1,0.0312,4.0,256,512,128,512,140,261.008,294.815,260.64,-0.0109
mixed,32,1,0.0312,4.0,256,512,256,1024,280,273.343,338.08,272.925,-0.0065
mixed,32,1,0.0312,4.0,256,512,512,2048,560,296.834,416.577,352.542,0.4652
mixed,32,1,0.0312,4.0,256,512,1024,4096,1120,345.774,570.928,508.816,0.7241
mixed,32,1,0.0312,4.0,256,512,2048,8192,2240,430.817,882.067,817.17,0.8562
mixed,32,1,0.0312,4.0,256,512,4096,16384,4480,599.346,1502.643,1433.588,0.9236
mixed,32,1,0.0312,4.0,256,512,8192,32768,8960,937.361,2731.684,2665.222,0.963
mixed,32,1,0.0312,4.0,256,2048,128,512,140,471.904,527.679,472.642,0.0132
mixed,32,1,0.0312,4.0,256,2048,256,1024,280,473.57,570.37,496.992,0.242
mixed,32,1,0.0312,4.0,256,2048,512,2048,560,529.041,653.426,527.731,-0.0105
mixed,32,1,0.0312,4.0,256,2048,1024,4096,1120,578.961,805.043,630.914,0.2298
mixed,32,1,0.0312,4.0,256,2048,2048,8192,2240,667.314,1116.196,940.946,0.6096
mixed,32,1,0.0312,4.0,256,2048,4096,16384,4480,835.921,1732.052,1555.298,0.8028
mixed,32,1,0.0312,4.0,256,2048,8192,32768,8960,1173.859,2966.726,2794.599,0.904
mixed,32,1,0.0312,4.0,256,8192,128,512,140,1390.067,1388.818,1389.73,
mixed,32,1,0.0312,4.0,256,8192,256,1024,280,1389.54,1388.386,1388.979,
mixed,32,1,0.0312,4.0,256,8192,512,2048,560,1391.253,1462.34,1387.955,-0.0464
mixed,32,1,0.0312,4.0,256,8192,1024,4096,1120,1387.683,1716.099,1388.772,0.0033
mixed,32,1,0.0312,4.0,256,8192,2048,8192,2240,1521.155,2028.883,1558.435,0.0734
mixed,32,1,0.0312,4.0,256,8192,4096,16384,4480,1746.02,2642.119,2011.284,0.296
mixed,32,1,0.0312,4.0,256,8192,8192,32768,8960,2082.1,3881.961,3247.127,0.6473
mixed,32,1,0.0312,4.0,256,16384,128,512,140,2606.869,2617.235,2606.454,-0.0401
mixed,32,1,0.0312,4.0,256,16384,256,1024,280,2609.061,2606.165,2604.582,
mixed,32,1,0.0312,4.0,256,16384,512,2048,560,2607.045,2604.05,2607.156,
mixed,32,1,0.0312,4.0,256,16384,1024,4096,1120,2601.542,2683.684,2602.165,0.0076
mixed,32,1,0.0312,4.0,256,16384,2048,8192,2240,2605.861,3241.511,2601.64,-0.0066
mixed,32,1,0.0312,4.0,256,16384,4096,16384,4480,2801.654,3860.838,2931.447,0.1225
mixed,32,1,0.0312,4.0,256,16384,8192,32768,8960,3298.055,5082.247,3852.232,0.3106
mixed,32,1,0.0312,4.0,1024,0,128,512,140,477.663,492.095,475.441,-0.154
mixed,32,1,0.0312,4.0,1024,0,256,1024,280,476.915,502.85,480.128,0.1239
mixed,32,1,0.0312,4.0,1024,0,512,2048,560,491.456,539.44,490.994,-0.0096
mixed,32,1,0.0312,4.0,1024,0,1024,4096,1120,505.697,591.967,533.682,0.3244
mixed,32,1,0.0312,4.0,1024,0,2048,8192,2240,544.626,699.407,586.562,0.2709
mixed,32,1,0.0312,4.0,1024,0,4096,16384,4480,600.847,895.458,678.946,0.2651
mixed,32,1,0.0312,4.0,1024,0,8192,32768,8960,716.367,1307.621,862.447,0.2471
mixed,32,1,0.0312,4.0,1024,512,128,512,140,736.15,753.234,737.345,0.0699
mixed,32,1,0.0312,4.0,1024,512,256,1024,280,738.381,766.144,738.127,-0.0091
mixed,32,1,0.0312,4.0,1024,512,512,2048,560,750.686,794.286,754.481,0.087
mixed,32,1,0.0312,4.0,1024,512,1024,4096,1120,768.451,845.057,792.017,0.3076
mixed,32,1,0.0312,4.0,1024,512,2048,8192,2240,800.819,949.234,844.212,0.2924
mixed,32,1,0.0312,4.0,1024,512,4096,16384,4480,855.667,1150.008,935.185,0.2702
mixed,32,1,0.0312,4.0,1024,512,8192,32768,8960,971.525,1572.739,1116.817,0.2417
mixed,32,1,0.0312,4.0,1024,2048,128,512,140,1176.706,1195.748,1181.711,0.2628
mixed,32,1,0.0312,4.0,1024,2048,256,1024,280,1181.908,1209.746,1186.148,0.1523
mixed,32,1,0.0312,4.0,1024,2048,512,2048,560,1196.145,1238.801,1199.778,0.0852
mixed,32,1,0.0312,4.0,1024,2048,1024,4096,1120,1206.725,1289.269,1240.672,0.4113
mixed,32,1,0.0312,4.0,1024,2048,2048,8192,2240,1246.482,1392.768,1288.198,0.2852
mixed,32,1,0.0312,4.0,1024,2048,4096,16384,4480,1300.641,1596.597,1379.171,0.2653
mixed,32,1,0.0312,4.0,1024,2048,8192,32768,8960,1413.488,2003.125,1559.939,0.2484
mixed,32,1,0.0312,4.0,1024,8192,128,512,140,2925.29,2947.67,2928.519,0.1443
mixed,32,1,0.0312,4.0,1024,8192,256,1024,280,2926.374,2954.964,2933.16,0.2373
mixed,32,1,0.0312,4.0,1024,8192,512,2048,560,2944.26,2979.24,2944.216,-0.0013
mixed,32,1,0.0312,4.0,1024,8192,1024,4096,1120,2960.356,3034.175,2976.084,0.2131
mixed,32,1,0.0312,4.0,1024,8192,2048,8192,2240,2982.771,3139.971,3028.008,0.2878
mixed,32,1,0.0312,4.0,1024,8192,4096,16384,4480,3035.13,3339.479,3111.975,0.2525
mixed,32,1,0.0312,4.0,1024,8192,8192,32768,8960,3143.475,3746.55,3299.191,0.2582
mixed,32,1,0.0312,4.0,1024,16384,128,512,140,5212.377,5228.207,5212.328,-0.0031
mixed,32,1,0.0312,4.0,1024,16384,256,1024,280,5223.326,5249.819,5232.17,0.3338
mixed,32,1,0.0312,4.0,1024,16384,512,2048,560,5224.155,5267.164,5237.942,0.3206
mixed,32,1,0.0312,4.0,1024,16384,1024,4096,1120,5251.641,5327.208,5287.322,0.4722
mixed,32,1,0.0312,4.0,1024,16384,2048,8192,2240,5285.017,5420.829,5315.626,0.2254
mixed,32,1,0.0312,4.0,1024,16384,4096,16384,4480,5328.812,5632.463,5407.674,0.2597
mixed,32,1,0.0312,4.0,1024,16384,8192,32768,8960,5460.425,6028.156,5572.814,0.198
mixed,32,1,0.0312,4.0,4096,0,128,512,140,2196.262,2211.876,2205.123,0.5675
mixed,32,1,0.0312,4.0,4096,0,256,1024,280,2200.642,2229.411,2202.274,0.0567
mixed,32,1,0.0312,4.0,4096,0,512,2048,560,2212.787,2261.011,2214.15,0.0283
mixed,32,1,0.0312,4.0,4096,0,1024,4096,1120,2228.63,2315.509,2251.831,0.2671
mixed,32,1,0.0312,4.0,4096,0,2048,8192,2240,2272.691,2420.789,2308.13,0.2393
mixed,32,1,0.0312,4.0,4096,0,4096,16384,4480,2318.037,2619.383,2401.494,0.2769
mixed,32,1,0.0312,4.0,4096,0,8192,32768,8960,2435.956,3031.303,2582.442,0.2461
mixed,32,1,0.0312,4.0,4096,512,128,512,140,2836.889,2855.622,2838.42,0.0817
mixed,32,1,0.0312,4.0,4096,512,256,1024,280,2841.047,2868.148,2837.298,-0.1383
mixed,32,1,0.0312,4.0,4096,512,512,2048,560,2849.284,2893.764,2855.979,0.1505
mixed,32,1,0.0312,4.0,4096,512,1024,4096,1120,2868.582,2955.206,2892.563,0.2768
mixed,32,1,0.0312,4.0,4096,512,2048,8192,2240,2897.272,3047.621,2941.843,0.2964
mixed,32,1,0.0312,4.0,4096,512,4096,16384,4480,2961.332,3251.739,3039.24,0.2683
mixed,32,1,0.0312,4.0,4096,512,8192,32768,8960,3068.694,3669.56,3207.592,0.2312
mixed,32,1,0.0312,4.0,4096,2048,128,512,140,3909.093,3923.639,3913.162,0.2797
mixed,32,1,0.0312,4.0,4096,2048,256,1024,280,3926.651,3936.583,3914.171,-1.2565
mixed,32,1,0.0312,4.0,4096,2048,512,2048,560,3927.654,3970.073,3926.791,-0.0203
mixed,32,1,0.0312,4.0,4096,2048,1024,4096,1120,3937.929,4023.305,3970.217,0.3782
mixed,32,1,0.0312,4.0,4096,2048,2048,8192,2240,3973.096,4122.028,4020.52,0.3184
mixed,32,1,0.0312,4.0,4096,2048,4096,16384,4480,4032.806,4336.011,4106.453,0.2429
mixed,32,1,0.0312,4.0,4096,2048,8192,32768,8960,4137.254,4749.389,4295.449,0.2584
mixed,32,1,0.0312,4.0,4096,8192,128,512,140,8204.622,8224.479,8207.842,0.1622
mixed,32,1,0.0312,4.0,4096,8192,256,1024,280,8198.703,8237.381,8214.034,0.3964
mixed,32,1,0.0312,4.0,4096,8192,512,2048,560,8217.936,8271.097,8226.13,0.1541
mixed,32,1,0.0312,4.0,4096,8192,1024,4096,1120,8264.933,8318.879,8279.635,0.2725
mixed,32,1,0.0312,4.0,4096,8192,2048,8192,2240,8260.77,8427.476,8323.921,0.3788
mixed,32,1,0.0312,4.0,4096,8192,4096,16384,4480,8317.574,8642.503,8400.273,0.2545
mixed,32,1,0.0312,4.0,4096,8192,8192,32768,8960,8443.775,9065.221,8595.059,0.2434
mixed,32,1,0.0312,4.0,4096,16384,128,512,140,13925.646,13928.294,13920.83,-1.8189
mixed,32,1,0.0312,4.0,4096,16384,256,1024,280,13918.477,13950.779,13924.27,0.1793
mixed,32,1,0.0312,4.0,4096,16384,512,2048,560,13948.674,14001.234,13939.531,-0.174
mixed,32,1,0.0312,4.0,4096,16384,1024,4096,1120,13942.17,14023.502,13975.8,0.4135
mixed,32,1,0.0312,4.0,4096,16384,2048,8192,2240,13974.223,14127.629,14026.156,0.3385
mixed,32,1,0.0312,4.0,4096,16384,4096,16384,4480,14031.278,14356.863,14127.452,0.2954
mixed,32,1,0.0312,4.0,4096,16384,8192,32768,8960,14174.511,14760.116,14299.04,0.2127
pure,32,2,0.0625,4.0,0,0,128,512,152,81.745,134.402,115.391,0.639
pure,32,2,0.0625,4.0,0,0,256,1024,304,124.48,145.408,124.464,-0.0008
pure,32,2,0.0625,4.0,0,0,512,2048,608,134.417,169.968,139.552,0.1444
pure,32,2,0.0625,4.0,0,0,1024,4096,1216,154.512,222.001,150.16,-0.0645
pure,32,2,0.0625,4.0,0,0,2048,8192,2432,179.088,327.52,186.113,0.0473
pure,32,2,0.0625,4.0,0,0,4096,16384,4864,240.272,523.664,318.912,0.2775
pure,32,2,0.0625,4.0,0,0,8192,32768,9728,365.507,937.327,500.334,0.2358
mixed,32,2,0.0625,4.0,16,0,128,512,152,95.583,148.126,128.912,0.6343
mixed,32,2,0.0625,4.0,16,0,256,1024,304,138.4,160.959,138.031,-0.0164
mixed,32,2,0.0625,4.0,16,0,512,2048,608,155.231,184.88,150.61,-0.1559
mixed,32,2,0.0625,4.0,16,0,1024,4096,1216,178.688,239.873,174.592,-0.0669
mixed,32,2,0.0625,4.0,16,0,2048,8192,2432,206.224,345.714,221.105,0.1067
mixed,32,2,0.0625,4.0,16,0,4096,16384,4864,262.146,548.18,332.626,0.2464
mixed,32,2,0.0625,4.0,16,0,8192,32768,9728,387.665,958.113,514.913,0.2231
mixed,32,2,0.0625,4.0,16,512,128,512,152,171.825,190.531,138.447,-1.7844
mixed,32,2,0.0625,4.0,16,512,256,1024,304,150.514,164.688,149.714,-0.0564
mixed,32,2,0.0625,4.0,16,512,512,2048,608,190.993,236.911,190.929,-0.0014
mixed,32,2,0.0625,4.0,16,512,1024,4096,1216,168.734,296.736,207.361,0.3018
mixed,32,2,0.0625,4.0,16,512,2048,8192,2432,257.007,401.632,216.674,-0.2789
mixed,32,2,0.0625,4.0,16,512,4096,16384,4864,317.983,597.985,305.843,-0.0434
mixed,32,2,0.0625,4.0,16,512,8192,32768,9728,445.473,994.946,507.087,0.1121
mixed,32,2,0.0625,4.0,16,2048,128,512,152,157.584,197.728,158.433,0.0211
mixed,32,2,0.0625,4.0,16,2048,256,1024,304,157.793,178.752,159.567,0.0846
mixed,32,2,0.0625,4.0,16,2048,512,2048,608,204.899,275.599,199.249,-0.0799
mixed,32,2,0.0625,4.0,16,2048,1024,4096,1216,183.632,256.865,230.242,0.6365
mixed,32,2,0.0625,4.0,16,2048,2048,8192,2432,285.248,496.096,274.579,-0.0506
mixed,32,2,0.0625,4.0,16,2048,4096,16384,4864,357.81,698.144,373.537,0.0462
mixed,32,2,0.0625,4.0,16,2048,8192,32768,9728,539.89,1093.92,478.465,-0.1109
mixed,32,2,0.0625,4.0,16,8192,128,512,152,215.746,219.712,228.273,3.1585
mixed,32,2,0.0625,4.0,16,8192,256,1024,304,228.497,237.728,227.361,-0.1231
mixed,32,2,0.0625,4.0,16,8192,512,2048,608,230.705,323.329,220.913,-0.1057
mixed,32,2,0.0625,4.0,16,8192,1024,4096,1216,237.601,300.77,239.298,0.0269
mixed,32,2,0.0625,4.0,16,8192,2048,8192,2432,352.88,601.505,323.552,-0.118
mixed,32,2,0.0625,4.0,16,8192,4096,16384,4864,422.784,601.283,474.962,0.2923
mixed,32,2,0.0625,4.0,16,8192,8192,32768,9728,647.105,1505.779,602.21,-0.0523
mixed,32,2,0.0625,4.0,16,16384,128,512,152,299.873,317.361,301.055,0.0676
mixed,32,2,0.0625,4.0,16,16384,256,1024,304,289.49,316.928,291.04,0.0565
mixed,32,2,0.0625,4.0,16,16384,512,2048,608,318.768,343.776,316.832,-0.0775
mixed,32,2,0.0625,4.0,16,16384,1024,4096,1216,332.048,484.755,317.997,-0.092
mixed,32,2,0.0625,4.0,16,16384,2048,8192,2432,344.224,465.745,347.904,0.0303
mixed,32,2,0.0625,4.0,16,16384,4096,16384,4864,543.058,1026.802,487.054,-0.1158
mixed,32,2,0.0625,4.0,16,16384,8192,32768,9728,677.795,1076.977,796.546,0.2975
mixed,32,2,0.0625,4.0,64,0,128,512,152,100.287,155.695,147.552,0.853
mixed,32,2,0.0625,4.0,64,0,256,1024,304,144.592,177.841,168.737,0.7262
mixed,32,2,0.0625,4.0,64,0,512,2048,608,160.575,220.449,209.473,0.8167
mixed,32,2,0.0625,4.0,64,0,1024,4096,1216,186.494,301.121,292.737,0.9269
mixed,32,2,0.0625,4.0,64,0,2048,8192,2432,234.513,459.489,451.2,0.9632
mixed,32,2,0.0625,4.0,64,0,4096,16384,4864,329.842,773.633,764.37,0.9791
mixed,32,2,0.0625,4.0,64,0,8192,32768,9728,517.794,1406.275,1382.338,0.9731
mixed,32,2,0.0625,4.0,64,512,128,512,152,195.393,231.618,197.122,0.0477
mixed,32,2,0.0625,4.0,64,512,256,1024,304,205.472,176.433,206.017,
mixed,32,2,0.0625,4.0,64,512,512,2048,608,233.776,218.497,238.016,
mixed,32,2,0.0625,4.0,64,512,1024,4096,1216,182.848,300.945,288.384,0.8936
mixed,32,2,0.0625,4.0,64,512,2048,8192,2432,232.911,462.194,450.129,0.9474
mixed,32,2,0.0625,4.0,64,512,4096,16384,4864,330.449,777.714,763.568,0.9684
mixed,32,2,0.0625,4.0,64,512,8192,32768,9728,518.882,1408.836,1387.331,0.9758
mixed,32,2,0.0625,4.0,64,2048,128,512,152,254.32,285.648,254.129,-0.0061
mixed,32,2,0.0625,4.0,64,2048,256,1024,304,266.081,326.832,265.456,-0.0103
mixed,32,2,0.0625,4.0,64,2048,512,2048,608,291.377,360.881,286.177,-0.0748
mixed,32,2,0.0625,4.0,64,2048,1024,4096,1216,342.259,300.145,329.377,
mixed,32,2,0.0625,4.0,64,2048,2048,8192,2432,375.201,465.857,485.024,1.2114
mixed,32,2,0.0625,4.0,64,2048,4096,16384,4864,333.871,779.394,763.696,0.9648
mixed,32,2,0.0625,4.0,64,2048,8192,32768,9728,527.887,1421.859,1397.653,0.9729
mixed,32,2,0.0625,4.0,64,8192,128,512,152,476.401,523.889,476.53,0.0027
mixed,32,2,0.0625,4.0,64,8192,256,1024,304,477.745,562.832,474.961,-0.0327
mixed,32,2,0.0625,4.0,64,8192,512,2048,608,528.481,643.952,524.13,-0.0377
mixed,32,2,0.0625,4.0,64,8192,1024,4096,1216,581.072,799.425,565.793,-0.07
mixed,32,2,0.0625,4.0,64,8192,2048,8192,2432,672.336,830.625,647.921,-0.1542
mixed,32,2,0.0625,4.0,64,8192,4096,16384,4864,859.745,782.05,804.946,
mixed,32,2,0.0625,4.0,64,8192,8192,32768,9728,892.083,1419.731,1418.754,0.9981
mixed,32,2,0.0625,4.0,64,16384,128,512,152,786.321,787.169,787.107,0.9269
mixed,32,2,0.0625,4.0,64,16384,256,1024,304,788.256,871.81,786.193,-0.0247
mixed,32,2,0.0625,4.0,64,16384,512,2048,608,789.458,952.307,788.658,-0.0049
mixed,32,2,0.0625,4.0,64,16384,1024,4096,1216,888.401,1109.923,872.211,-0.0731
mixed,32,2,0.0625,4.0,64,16384,2048,8192,2432,981.986,1421.717,954.738,-0.062
mixed,32,2,0.0625,4.0,64,16384,4096,16384,4864,1167.714,1455.619,1112.147,-0.193
mixed,32,2,0.0625,4.0,64,16384,8192,32768,9728,1539.971,1414.677,1423.491,
mixed,32,2,0.0625,4.0,256,0,128,512,152,177.552,182.338,176.706,-0.177
mixed,32,2,0.0625,4.0,256,0,256,1024,304,179.568,198.096,189.905,0.5579
mixed,32,2,0.0625,4.0,256,0,512,2048,608,186.16,281.218,272.383,0.9071
mixed,32,2,0.0625,4.0,256,0,1024,4096,1216,214.898,436.673,428.274,0.9621
mixed,32,2,0.0625,4.0,256,0,2048,8192,2432,310.465,745.585,740.739,0.9889
mixed,32,2,0.0625,4.0,256,0,4096,16384,4864,493.442,1365.537,1358.514,0.9919
mixed,32,2,0.0625,4.0,256,0,8192,32768,9728,863.49,2607.093,2588.341,0.9892
mixed,32,2,0.0625,4.0,256,512,128,512,152,263.25,295.154,261.008,-0.0703
mixed,32,2,0.0625,4.0,256,512,256,1024,304,274.241,338.161,272.946,-0.0203
mixed,32,2,0.0625,4.0,256,512,512,2048,608,301.807,417.648,353.649,0.4475
mixed,32,2,0.0625,4.0,256,512,1024,4096,1216,353.712,569.313,509.842,0.7242
mixed,32,2,0.0625,4.0,256,512,2048,8192,2432,446.351,881.712,820.913,0.8603
mixed,32,2,0.0625,4.0,256,512,4096,16384,4864,629.778,1497.922,1438.405,0.9314
mixed,32,2,0.0625,4.0,256,512,8192,32768,9728,999.986,2740.996,2663.093,0.9553
mixed,32,2,0.0625,4.0,256,2048,128,512,152,473.138,527.873,472.353,-0.0143
mixed,32,2,0.0625,4.0,256,2048,256,1024,304,472.849,572.402,498.737,0.26
mixed,32,2,0.0625,4.0,256,2048,512,2048,608,536.532,651.17,531.216,-0.0464
mixed,32,2,0.0625,4.0,256,2048,1024,4096,1216,587.474,806.851,634.769,0.2156
mixed,32,2,0.0625,4.0,256,2048,2048,8192,2432,681.153,1115.681,941.49,0.5991
mixed,32,2,0.0625,4.0,256,2048,4096,16384,4864,864.352,1731.363,1554.324,0.7958
mixed,32,2,0.0625,4.0,256,2048,8192,32768,9728,1231.156,2962.581,2802.181,0.9074
mixed,32,2,0.0625,4.0,256,8192,128,512,152,1397.314,1388.067,1392.834,
mixed,32,2,0.0625,4.0,256,8192,256,1024,304,1394.289,1393.507,1394.578,
mixed,32,2,0.0625,4.0,256,8192,512,2048,608,1392.577,1465.732,1388.946,-0.0496
mixed,32,2,0.0625,4.0,256,8192,1024,4096,1216,1387.826,1716.289,1388.963,0.0035
mixed,32,2,0.0625,4.0,256,8192,2048,8192,2432,1578.469,2024.052,1560.309,-0.0408
mixed,32,2,0.0625,4.0,256,8192,4096,16384,4864,1778.947,2646.18,2017.476,0.275
mixed,32,2,0.0625,4.0,256,8192,8192,32768,9728,2140.662,3878.615,3251.112,0.6389
mixed,32,2,0.0625,4.0,256,16384,128,512,152,2604.389,2605.061,2607.702,4.9293
mixed,32,2,0.0625,4.0,256,16384,256,1024,304,2605.541,2605.796,2604.356,-4.636
mixed,32,2,0.0625,4.0,256,16384,512,2048,608,2602.18,2605.413,2605.447,1.0104
mixed,32,2,0.0625,4.0,256,16384,1024,4096,1216,2607.477,2689.622,2605.462,-0.0245
mixed,32,2,0.0625,4.0,256,16384,2048,8192,2432,2601.474,3240.5,2607.543,0.0095
mixed,32,2,0.0625,4.0,256,16384,4096,16384,4864,2918.773,3866.935,2939.093,0.0214
mixed,32,2,0.0625,4.0,256,16384,8192,32768,9728,3354.613,5087.209,3850.711,0.2863
mixed,32,2,0.0625,4.0,1024,0,128,512,152,477.118,489.765,476.738,-0.0301
mixed,32,2,0.0625,4.0,1024,0,256,1024,304,478.498,501.856,480.336,0.0787
mixed,32,2,0.0625,4.0,1024,0,512,2048,608,492.291,538.623,495.038,0.0593
mixed,32,2,0.0625,4.0,1024,0,1024,4096,1216,518.255,591.572,512.193,-0.0827
mixed,32,2,0.0625,4.0,1024,0,2048,8192,2432,546.897,700.019,551.939,0.0329
mixed,32,2,0.0625,4.0,1024,0,4096,16384,4864,614.563,897.522,683.46,0.2435
mixed,32,2,0.0625,4.0,1024,0,8192,32768,9728,735.09,1303.712,865.889,0.23
mixed,32,2,0.0625,4.0,1024,512,128,512,152,735.683,750.125,736.334,0.0451
mixed,32,2,0.0625,4.0,1024,512,256,1024,304,738.063,766.625,743.169,0.1788
mixed,32,2,0.0625,4.0,1024,512,512,2048,608,753.28,796.119,757.971,0.1095
mixed,32,2,0.0625,4.0,1024,512,1024,4096,1216,775.363,845.62,771.024,-0.0618
mixed,32,2,0.0625,4.0,1024,512,2048,8192,2432,803.423,951.203,807.187,0.0255
mixed,32,2,0.0625,4.0,1024,512,4096,16384,4864,866.946,1152.961,938.803,0.2512
mixed,32,2,0.0625,4.0,1024,512,8192,32768,9728,988.784,1580.452,1118.769,0.2197
mixed,32,2,0.0625,4.0,1024,2048,128,512,152,1180.497,1195.731,1182.095,0.1049
mixed,32,2,0.0625,4.0,1024,2048,256,1024,304,1185.295,1213.266,1188.675,0.1208
mixed,32,2,0.0625,4.0,1024,2048,512,2048,608,1194.98,1239.379,1201.265,0.1416
mixed,32,2,0.0625,4.0,1024,2048,1024,4096,1216,1218.067,1294.212,1215.584,-0.0326
mixed,32,2,0.0625,4.0,1024,2048,2048,8192,2432,1245.537,1393.026,1252.819,0.0494
mixed,32,2,0.0625,4.0,1024,2048,4096,16384,4864,1314.659,1592.358,1379.287,0.2327
mixed,32,2,0.0625,4.0,1024,2048,8192,32768,9728,1431.426,2005.985,1563.553,0.23
mixed,32,2,0.0625,4.0,1024,8192,128,512,152,2922.886,2932.387,2926.726,0.4042
mixed,32,2,0.0625,4.0,1024,8192,256,1024,304,2926.934,2948.325,2927.418,0.0226
mixed,32,2,0.0625,4.0,1024,8192,512,2048,608,2944.248,2988.212,2943.061,-0.027
mixed,32,2,0.0625,4.0,1024,8192,1024,4096,1216,2960.678,3040.403,2961.381,0.0088
mixed,32,2,0.0625,4.0,1024,8192,2048,8192,2432,2992.169,3134.729,2989.764,-0.0169
mixed,32,2,0.0625,4.0,1024,8192,4096,16384,4864,3051.526,3343.222,3126.198,0.256
mixed,32,2,0.0625,4.0,1024,8192,8192,32768,9728,3173.835,3757.24,3307.668,0.2294
mixed,32,2,0.0625,4.0,1024,16384,128,512,152,5213.061,5219.865,5217.563,0.6616
mixed,32,2,0.0625,4.0,1024,16384,256,1024,304,5230.898,5254.539,5207.159,-1.0041
mixed,32,2,0.0625,4.0,1024,16384,512,2048,608,5221.115,5271.228,5228.763,0.1526
mixed,32,2,0.0625,4.0,1024,16384,1024,4096,1216,5262.954,5339.914,5258.235,-0.0613
mixed,32,2,0.0625,4.0,1024,16384,2048,8192,2432,5280.553,5408.636,5271.851,-0.0679
mixed,32,2,0.0625,4.0,1024,16384,4096,16384,4864,5336.442,5628.173,5408.685,0.2476
mixed,32,2,0.0625,4.0,1024,16384,8192,32768,9728,5458.186,6040.41,5586.984,0.2212
mixed,32,2,0.0625,4.0,4096,0,128,512,152,2196.134,2209.525,2198.101,0.1469
mixed,32,2,0.0625,4.0,4096,0,256,1024,304,2197.029,2229.0,2202.755,0.1791
mixed,32,2,0.0625,4.0,4096,0,512,2048,608,2214.309,2260.581,2214.709,0.0086
mixed,32,2,0.0625,4.0,4096,0,1024,4096,1216,2235.142,2317.716,2236.008,0.0105
mixed,32,2,0.0625,4.0,4096,0,2048,8192,2432,2268.934,2417.028,2282.502,0.0916
mixed,32,2,0.0625,4.0,4096,0,4096,16384,4864,2334.998,2624.724,2402.756,0.2339
mixed,32,2,0.0625,4.0,4096,0,8192,32768,9728,2454.003,3030.887,2589.651,0.2351
mixed,32,2,0.0625,4.0,4096,512,128,512,152,2842.023,2853.255,2832.965,-0.8064
mixed,32,2,0.0625,4.0,4096,512,256,1024,304,2837.861,2864.674,2846.503,0.3223
mixed,32,2,0.0625,4.0,4096,512,512,2048,608,2850.597,2895.097,2860.548,0.2236
mixed,32,2,0.0625,4.0,4096,512,1024,4096,1216,2870.073,2943.209,2870.471,0.0054
mixed,32,2,0.0625,4.0,4096,512,2048,8192,2432,2901.686,3061.031,2906.119,0.0278
mixed,32,2,0.0625,4.0,4096,512,4096,16384,4864,2968.12,3250.663,3032.79,0.2289
mixed,32,2,0.0625,4.0,4096,512,8192,32768,9728,3091.524,3673.258,3220.456,0.2216
mixed,32,2,0.0625,4.0,4096,2048,128,512,152,3916.58,3930.394,3915.735,-0.0611
mixed,32,2,0.0625,4.0,4096,2048,256,1024,304,3919.143,3945.639,3917.987,-0.0436
mixed,32,2,0.0625,4.0,4096,2048,512,2048,608,3930.745,3970.211,3929.508,-0.0313
mixed,32,2,0.0625,4.0,4096,2048,1024,4096,1216,3946.86,4017.254,3944.374,-0.0353
mixed,32,2,0.0625,4.0,4096,2048,2048,8192,2432,3975.337,4134.008,3980.348,0.0316
mixed,32,2,0.0625,4.0,4096,2048,4096,16384,4864,4053.655,4333.831,4102.393,0.174
mixed,32,2,0.0625,4.0,4096,2048,8192,32768,9728,4161.621,4750.954,4290.537,0.2187
mixed,32,2,0.0625,4.0,4096,8192,128,512,152,8204.681,8217.235,8220.927,1.294
mixed,32,2,0.0625,4.0,4096,8192,256,1024,304,8202.098,8233.278,8201.549,-0.0176
mixed,32,2,0.0625,4.0,4096,8192,512,2048,608,8225.774,8260.145,8228.476,0.0786
mixed,32,2,0.0625,4.0,4096,8192,1024,4096,1216,8246.05,8312.782,8228.718,-0.2597
mixed,32,2,0.0625,4.0,4096,8192,2048,8192,2432,8293.283,8429.542,8293.971,0.005
mixed,32,2,0.0625,4.0,4096,8192,4096,16384,4864,8341.122,8650.881,8412.022,0.2289
mixed,32,2,0.0625,4.0,4096,8192,8192,32768,9728,8455.905,9041.65,8588.865,0.227
mixed,32,2,0.0625,4.0,4096,16384,128,512,152,13924.358,13918.845,13919.646,
mixed,32,2,0.0625,4.0,4096,16384,256,1024,304,13918.988,13947.16,13933.07,0.4998
mixed,32,2,0.0625,4.0,4096,16384,512,2048,608,13944.042,13995.178,13933.734,-0.2016
mixed,32,2,0.0625,4.0,4096,16384,1024,4096,1216,13856.701,13936.191,13862.251,0.0698
mixed,32,2,0.0625,4.0,4096,16384,2048,8192,2432,13897.069,14037.825,13889.663,-0.0526
mixed,32,2,0.0625,4.0,4096,16384,4096,16384,4864,13946.586,14334.483,14109.164,0.4191
mixed,32,2,0.0625,4.0,4096,16384,8192,32768,9728,14157.134,14753.506,14296.412,0.2335
pure,32,3,0.0938,4.0,0,0,128,512,164,81.921,133.969,115.617,0.6474
pure,32,3,0.0938,4.0,0,0,256,1024,328,131.744,145.136,128.112,-0.2712
pure,32,3,0.0938,4.0,0,0,512,2048,656,137.392,170.991,141.681,0.1277
pure,32,3,0.0938,4.0,0,0,1024,4096,1312,152.785,220.994,152.45,-0.0049
pure,32,3,0.0938,4.0,0,0,2048,8192,2624,183.951,325.17,190.383,0.0455
pure,32,3,0.0938,4.0,0,0,4096,16384,5248,252.113,524.401,254.993,0.0106
pure,32,3,0.0938,4.0,0,0,8192,32768,10496,384.418,934.547,381.921,-0.0045
mixed,32,3,0.0938,4.0,16,0,128,512,164,96.224,147.567,129.666,0.6513
mixed,32,3,0.0938,4.0,16,0,256,1024,328,143.139,160.848,138.817,-0.2441
mixed,32,3,0.0938,4.0,16,0,512,2048,656,147.551,186.128,152.415,0.1261
mixed,32,3,0.0938,4.0,16,0,1024,4096,1312,169.201,240.946,176.639,0.1037
mixed,32,3,0.0938,4.0,16,0,2048,8192,2624,207.424,349.392,224.897,0.1231
mixed,32,3,0.0938,4.0,16,0,4096,16384,5248,268.288,550.593,312.255,0.1557
mixed,32,3,0.0938,4.0,16,0,8192,32768,10496,405.522,957.315,492.434,0.1575
mixed,32,3,0.0938,4.0,16,512,128,512,164,172.785,190.879,139.377,-1.8463
mixed,32,3,0.0938,4.0,16,512,256,1024,328,154.911,165.184,151.263,-0.3552
mixed,32,3,0.0938,4.0,16,512,512,2048,656,156.289,236.56,157.825,0.0191
mixed,32,3,0.0938,4.0,16,512,1024,4096,1312,174.401,297.792,210.689,0.2941
mixed,32,3,0.0938,4.0,16,512,2048,8192,2624,258.048,400.897,219.648,-0.2688
mixed,32,3,0.0938,4.0,16,512,4096,16384,5248,324.577,597.058,310.606,-0.0513
mixed,32,3,0.0938,4.0,16,512,8192,32768,10496,456.305,988.226,481.282,0.047
mixed,32,3,0.0938,4.0,16,2048,128,512,164,157.985,198.608,157.472,-0.0126
mixed,32,3,0.0938,4.0,16,2048,256,1024,328,157.216,179.008,160.032,0.1292
mixed,32,3,0.0938,4.0,16,2048,512,2048,656,212.192,274.914,202.495,-0.1546
mixed,32,3,0.0938,4.0,16,2048,1024,4096,1312,230.096,257.618,184.287,-1.6644
mixed,32,3,0.0938,4.0,16,2048,2048,8192,2624,292.673,499.458,274.562,-0.0876
mixed,32,3,0.0938,4.0,16,2048,4096,16384,5248,371.746,695.455,370.097,-0.0051
mixed,32,3,0.0938,4.0,16,2048,8192,32768,10496,562.881,1095.025,487.779,-0.1411
mixed,32,3,0.0938,4.0,16,8192,128,512,164,216.081,219.935,226.879,2.8014
mixed,32,3,0.0938,4.0,16,8192,256,1024,328,227.439,235.923,228.192,0.0887
mixed,32,3,0.0938,4.0,16,8192,512,2048,656,238.08,322.947,253.76,0.1848
mixed,32,3,0.0938,4.0,16,8192,1024,4096,1312,236.319,300.849,297.695,0.9511
mixed,32,3,0.0938,4.0,16,8192,2048,8192,2624,367.314,600.671,326.255,-0.1759
mixed,32,3,0.0938,4.0,16,8192,4096,16384,5248,442.64,601.537,480.033,0.2353
mixed,32,3,0.0938,4.0,16,8192,8192,32768,10496,672.785,1507.172,606.466,-0.0795
mixed,32,3,0.0938,4.0,16,16384,128,512,164,300.976,315.841,299.585,-0.0936
mixed,32,3,0.0938,4.0,16,16384,256,1024,328,296.21,316.399,313.409,0.8519
mixed,32,3,0.0938,4.0,16,16384,512,2048,656,316.769,343.953,317.441,0.0247
mixed,32,3,0.0938,4.0,16,16384,1024,4096,1312,343.986,483.618,379.697,0.2558
mixed,32,3,0.0938,4.0,16,16384,2048,8192,2624,345.856,467.088,457.217,0.9186
mixed,32,3,0.0938,4.0,16,16384,4096,16384,5248,573.553,1026.273,488.368,-0.1882
mixed,32,3,0.0938,4.0,16,16384,8192,32768,10496,715.218,1051.217,795.682,0.2395
mixed,32,3,0.0938,4.0,64,0,128,512,164,100.321,154.801,147.567,0.8672
mixed,32,3,0.0938,4.0,64,0,256,1024,328,147.008,178.001,167.824,0.6716
mixed,32,3,0.0938,4.0,64,0,512,2048,656,160.673,220.033,210.512,0.8396
mixed,32,3,0.0938,4.0,64,0,1024,4096,1312,189.921,302.048,291.265,0.9038
mixed,32,3,0.0938,4.0,64,0,2048,8192,2624,242.144,460.03,448.481,0.947
mixed,32,3,0.0938,4.0,64,0,4096,16384,5248,343.553,772.897,763.202,0.9774
mixed,32,3,0.0938,4.0,64,0,8192,32768,10496,546.767,1410.435,1383.779,0.9691
mixed,32,3,0.0938,4.0,64,512,128,512,164,195.729,231.583,215.137,0.5413
mixed,32,3,0.0938,4.0,64,512,256,1024,328,211.792,177.455,235.601,
mixed,32,3,0.0938,4.0,64,512,512,2048,656,238.513,218.194,285.615,
mixed,32,3,0.0938,4.0,64,512,1024,4096,1312,186.192,302.24,289.887,0.8936
mixed,32,3,0.0938,4.0,64,512,2048,8192,2624,240.065,460.355,449.763,0.9519
mixed,32,3,0.0938,4.0,64,512,4096,16384,5248,344.178,778.61,765.858,0.9706
mixed,32,3,0.0938,4.0,64,512,8192,32768,10496,548.624,1406.58,1386.482,0.9766
mixed,32,3,0.0938,4.0,64,2048,128,512,164,255.553,287.057,255.136,-0.0132
mixed,32,3,0.0938,4.0,64,2048,256,1024,328,270.993,326.384,265.793,-0.0939
mixed,32,3,0.0938,4.0,64,2048,512,2048,656,297.361,359.537,333.954,0.5886
mixed,32,3,0.0938,4.0,64,2048,1024,4096,1312,348.514,299.198,414.242,
mixed,32,3,0.0938,4.0,64,2048,2048,8192,2624,380.816,465.873,588.735,2.4445
mixed,32,3,0.0938,4.0,64,2048,4096,16384,5248,349.6,783.921,765.713,0.9581
mixed,32,3,0.0938,4.0,64,2048,8192,32768,10496,556.081,1421.52,1393.699,0.9679
mixed,32,3,0.0938,4.0,64,8192,128,512,164,476.226,521.745,475.441,-0.0172
mixed,32,3,0.0938,4.0,64,8192,256,1024,328,478.863,563.315,495.121,0.1925
mixed,32,3,0.0938,4.0,64,8192,512,2048,656,534.945,644.561,524.722,-0.0933
mixed,32,3,0.0938,4.0,64,8192,1024,4096,1312,586.353,802.978,565.297,-0.0972
mixed,32,3,0.0938,4.0,64,8192,2048,8192,2624,690.128,832.995,811.379,0.8487
mixed,32,3,0.0938,4.0,64,8192,4096,16384,5248,890.389,781.874,1121.779,
mixed,32,3,0.0938,4.0,64,8192,8192,32768,10496,920.418,1417.139,1758.342,1.6869
mixed,32,3,0.0938,4.0,64,16384,128,512,164,787.875,788.339,787.346,-1.1436
mixed,32,3,0.0938,4.0,64,16384,256,1024,328,787.266,871.268,788.93,0.0198
mixed,32,3,0.0938,4.0,64,16384,512,2048,656,788.722,952.113,787.409,-0.008
mixed,32,3,0.0938,4.0,64,16384,1024,4096,1312,891.236,1110.178,870.753,-0.0936
mixed,32,3,0.0938,4.0,64,16384,2048,8192,2624,997.507,1421.22,956.962,-0.0957
mixed,32,3,0.0938,4.0,64,16384,4096,16384,5248,1197.457,1455.794,1430.162,0.9008
mixed,32,3,0.0938,4.0,64,16384,8192,32768,10496,1596.915,1413.155,2047.414,
mixed,32,3,0.0938,4.0,256,0,128,512,164,177.266,183.056,177.361,0.0164
mixed,32,3,0.0938,4.0,256,0,256,1024,328,179.039,197.551,190.401,0.6138
mixed,32,3,0.0938,4.0,256,0,512,2048,656,184.783,279.663,270.913,0.9078
mixed,32,3,0.0938,4.0,256,0,1024,4096,1312,218.687,436.274,429.25,0.9677
mixed,32,3,0.0938,4.0,256,0,2048,8192,2624,325.489,746.289,744.16,0.9949
mixed,32,3,0.0938,4.0,256,0,4096,16384,5248,521.504,1372.466,1361.008,0.9865
mixed,32,3,0.0938,4.0,256,0,8192,32768,10496,918.769,2609.044,2594.566,0.9914
mixed,32,3,0.0938,4.0,256,512,128,512,164,262.24,294.462,263.2,0.0298
mixed,32,3,0.0938,4.0,256,512,256,1024,328,276.144,338.372,273.201,-0.0473
mixed,32,3,0.0938,4.0,256,512,512,2048,656,305.665,418.575,352.897,0.4183
mixed,32,3,0.0938,4.0,256,512,1024,4096,1312,359.906,571.186,509.89,0.7099
mixed,32,3,0.0938,4.0,256,512,2048,8192,2624,459.408,878.305,820.945,0.8631
mixed,32,3,0.0938,4.0,256,512,4096,16384,5248,658.673,1496.306,1434.785,0.9266
mixed,32,3,0.0938,4.0,256,512,8192,32768,10496,1053.745,2736.13,2665.174,0.9578
mixed,32,3,0.0938,4.0,256,2048,128,512,164,471.375,530.58,473.216,0.0311
mixed,32,3,0.0938,4.0,256,2048,256,1024,328,479.985,570.787,498.72,0.2063
mixed,32,3,0.0938,4.0,256,2048,512,2048,656,539.904,653.857,530.08,-0.0862
mixed,32,3,0.0938,4.0,256,2048,1024,4096,1312,593.025,807.121,633.89,0.1909
mixed,32,3,0.0938,4.0,256,2048,2048,8192,2624,697.329,1115.41,945.776,0.5943
mixed,32,3,0.0938,4.0,256,2048,4096,16384,5248,895.251,1733.971,1561.154,0.794
mixed,32,3,0.0938,4.0,256,2048,8192,32768,10496,1287.906,2970.23,2790.789,0.8933
mixed,32,3,0.0938,4.0,256,8192,128,512,164,1391.889,1389.81,1391.699,
mixed,32,3,0.0938,4.0,256,8192,256,1024,328,1390.162,1389.267,1391.186,
mixed,32,3,0.0938,4.0,256,8192,512,2048,656,1389.951,1464.916,1389.473,-0.0064
mixed,32,3,0.0938,4.0,256,8192,1024,4096,1312,1390.627,1716.708,1389.171,-0.0045
mixed,32,3,0.0938,4.0,256,8192,2048,8192,2624,1605.57,2027.874,1562.916,-0.101
mixed,32,3,0.0938,4.0,256,8192,4096,16384,5248,1803.271,2642.197,2020.26,0.2587
mixed,32,3,0.0938,4.0,256,8192,8192,32768,10496,2200.022,3878.038,3267.062,0.6359
mixed,32,3,0.0938,4.0,256,16384,128,512,164,2606.662,2609.635,2604.596,-0.695
mixed,32,3,0.0938,4.0,256,16384,256,1024,328,2607.397,2602.613,2608.263,
mixed,32,3,0.0938,4.0,256,16384,512,2048,656,2606.083,2601.891,2604.036,
mixed,32,3,0.0938,4.0,256,16384,1024,4096,1312,2614.388,2689.575,2603.206,-0.1487
mixed,32,3,0.0938,4.0,256,16384,2048,8192,2624,2604.709,3243.973,2608.085,0.0053
mixed,32,3,0.0938,4.0,256,16384,4096,16384,5248,3019.478,3857.11,2938.501,-0.0967
mixed,32,3,0.0938,4.0,256,16384,8192,32768,10496,3418.583,5090.264,3871.014,0.2706
mixed,32,3,0.0938,4.0,1024,0,128,512,164,475.313,488.657,480.879,0.4171
mixed,32,3,0.0938,4.0,1024,0,256,1024,328,485.858,505.103,483.584,-0.1182
mixed,32,3,0.0938,4.0,1024,0,512,2048,656,494.705,539.694,498.657,0.0878
mixed,32,3,0.0938,4.0,1024,0,1024,4096,1312,513.89,591.491,514.272,0.0049
mixed,32,3,0.0938,4.0,1024,0,2048,8192,2624,549.49,696.738,555.281,0.0393
mixed,32,3,0.0938,4.0,1024,0,4096,16384,5248,619.857,896.208,625.234,0.0195
mixed,32,3,0.0938,4.0,1024,0,8192,32768,10496,753.938,1304.69,752.515,-0.0026
mixed,32,3,0.0938,4.0,1024,512,128,512,164,735.83,751.618,739.455,0.2296
mixed,32,3,0.0938,4.0,1024,512,256,1024,328,747.361,765.472,745.266,-0.1157
mixed,32,3,0.0938,4.0,1024,512,512,2048,656,756.547,795.139,758.034,0.0385
mixed,32,3,0.0938,4.0,1024,512,1024,4096,1312,774.324,847.134,772.738,-0.0218
mixed,32,3,0.0938,4.0,1024,512,2048,8192,2624,806.946,951.123,813.874,0.0481
mixed,32,3,0.0938,4.0,1024,512,4096,16384,5248,878.373,1153.476,880.242,0.0068
mixed,32,3,0.0938,4.0,1024,512,8192,32768,10496,1008.931,1579.685,1007.202,-0.003
mixed,32,3,0.0938,4.0,1024,2048,128,512,164,1185.716,1197.312,1184.292,-0.1228
mixed,32,3,0.0938,4.0,1024,2048,256,1024,328,1191.395,1208.624,1187.332,-0.2358
mixed,32,3,0.0938,4.0,1024,2048,512,2048,656,1198.433,1238.896,1205.824,0.1827
mixed,32,3,0.0938,4.0,1024,2048,1024,4096,1312,1218.321,1289.143,1216.063,-0.0319
mixed,32,3,0.0938,4.0,1024,2048,2048,8192,2624,1248.836,1393.894,1256.657,0.0539
mixed,32,3,0.0938,4.0,1024,2048,4096,16384,5248,1316.915,1591.729,1322.947,0.022
mixed,32,3,0.0938,4.0,1024,2048,8192,32768,10496,1452.645,2004.511,1454.34,0.0031
mixed,32,3,0.0938,4.0,1024,8192,128,512,164,2926.708,2939.107,2923.571,-0.2531
mixed,32,3,0.0938,4.0,1024,8192,256,1024,328,2934.662,2951.666,2929.096,-0.3273
mixed,32,3,0.0938,4.0,1024,8192,512,2048,656,2946.148,2977.223,2945.014,-0.0365
mixed,32,3,0.0938,4.0,1024,8192,1024,4096,1312,2960.855,3031.157,2960.162,-0.0099
mixed,32,3,0.0938,4.0,1024,8192,2048,8192,2624,2997.014,3135.878,2996.472,-0.0039
mixed,32,3,0.0938,4.0,1024,8192,4096,16384,5248,3054.549,3331.191,3061.606,0.0255
mixed,32,3,0.0938,4.0,1024,8192,8192,32768,10496,3188.436,3750.23,3194.293,0.0104
mixed,32,3,0.0938,4.0,1024,16384,128,512,164,5207.641,5226.971,5218.584,0.5661
mixed,32,3,0.0938,4.0,1024,16384,256,1024,328,5229.596,5235.517,5222.456,-1.2059
mixed,32,3,0.0938,4.0,1024,16384,512,2048,656,5243.846,5258.521,5246.505,0.1812
mixed,32,3,0.0938,4.0,1024,16384,1024,4096,1312,5264.108,5329.706,5254.132,-0.1521
mixed,32,3,0.0938,4.0,1024,16384,2048,8192,2624,5290.895,5423.305,5298.376,0.0565
mixed,32,3,0.0938,4.0,1024,16384,4096,16384,5248,5349.482,5646.906,5360.796,0.038
mixed,32,3,0.0938,4.0,1024,16384,8192,32768,10496,5476.957,6054.426,5473.164,-0.0066
mixed,32,3,0.0938,4.0,4096,0,128,512,164,2197.57,2205.667,2202.307,0.5851
mixed,32,3,0.0938,4.0,4096,0,256,1024,328,2201.987,2229.028,2207.875,0.2177
mixed,32,3,0.0938,4.0,4096,0,512,2048,656,2216.739,2261.427,2222.291,0.1242
mixed,32,3,0.0938,4.0,4096,0,1024,4096,1312,2241.905,2316.421,2235.842,-0.0814
mixed,32,3,0.0938,4.0,4096,0,2048,8192,2624,2281.2,2418.773,2278.498,-0.0196
mixed,32,3,0.0938,4.0,4096,0,4096,16384,5248,2340.79,2623.973,2345.782,0.0176
mixed,32,3,0.0938,4.0,4096,0,8192,32768,10496,2476.932,3037.351,2469.508,-0.0132
mixed,32,3,0.0938,4.0,4096,512,128,512,164,2834.29,2847.718,2839.929,0.42
mixed,32,3,0.0938,4.0,4096,512,256,1024,328,2849.525,2863.461,2843.606,-0.4248
mixed,32,3,0.0938,4.0,4096,512,512,2048,656,2856.431,2895.363,2860.649,0.1083
mixed,32,3,0.0938,4.0,4096,512,1024,4096,1312,2881.992,2953.078,2873.942,-0.1132
mixed,32,3,0.0938,4.0,4096,512,2048,8192,2624,2902.889,3059.668,2910.166,0.0464
mixed,32,3,0.0938,4.0,4096,512,4096,16384,5248,2974.938,3260.043,2977.526,0.0091
mixed,32,3,0.0938,4.0,4096,512,8192,32768,10496,3117.529,3666.681,3103.961,-0.0247
mixed,32,3,0.0938,4.0,4096,2048,128,512,164,3915.003,3925.257,3917.769,0.2697
mixed,32,3,0.0938,4.0,4096,2048,256,1024,328,3922.091,3948.168,3915.794,-0.2415
mixed,32,3,0.0938,4.0,4096,2048,512,2048,656,3937.59,3967.434,3940.618,0.1015
mixed,32,3,0.0938,4.0,4096,2048,1024,4096,1312,3949.736,4033.947,3947.449,-0.0272
mixed,32,3,0.0938,4.0,4096,2048,2048,8192,2624,3982.729,4134.9,3997.56,0.0975
mixed,32,3,0.0938,4.0,4096,2048,4096,16384,5248,4046.14,4328.02,4049.658,0.0125
mixed,32,3,0.0938,4.0,4096,2048,8192,32768,10496,4188.393,4754.457,4199.369,0.0194
mixed,32,3,0.0938,4.0,4096,8192,128,512,164,8200.544,8263.983,8212.031,0.1811
mixed,32,3,0.0938,4.0,4096,8192,256,1024,328,8223.891,8229.588,8204.962,-3.3222
mixed,32,3,0.0938,4.0,4096,8192,512,2048,656,8230.189,8291.28,8223.517,-0.1092
mixed,32,3,0.0938,4.0,4096,8192,1024,4096,1312,8264.973,8311.183,8243.492,-0.4649
mixed,32,3,0.0938,4.0,4096,8192,2048,8192,2624,8278.959,8416.274,8280.986,0.0148
mixed,32,3,0.0938,4.0,4096,8192,4096,16384,5248,8352.611,8621.334,8376.706,0.0897
mixed,32,3,0.0938,4.0,4096,8192,8192,32768,10496,8481.923,9060.74,8476.994,-0.0085
mixed,32,3,0.0938,4.0,4096,16384,128,512,164,13921.313,13927.24,13928.907,1.2813
mixed,32,3,0.0938,4.0,4096,16384,256,1024,328,13920.588,13947.806,13835.487,-3.1267
mixed,32,3,0.0938,4.0,4096,16384,512,2048,656,13850.192,13896.409,13850.735,0.0117
mixed,32,3,0.0938,4.0,4096,16384,1024,4096,1312,13866.21,13936.91,13870.32,0.0581
mixed,32,3,0.0938,4.0,4096,16384,2048,8192,2624,13890.177,14136.353,14002.475,0.4562
mixed,32,3,0.0938,4.0,4096,16384,4096,16384,5248,14051.422,14381.872,14052.447,0.0031
mixed,32,3,0.0938,4.0,4096,16384,8192,32768,10496,14089.907,14670.035,14103.058,0.0227
pure,32,4,0.125,4.0,0,0,128,512,176,82.08,134.689,115.184,0.6293
pure,32,4,0.125,4.0,0,0,256,1024,352,132.24,144.625,129.568,-0.2158
pure,32,4,0.125,4.0,0,0,512,2048,704,140.127,169.392,138.209,-0.0656
pure,32,4,0.125,4.0,0,0,1024,4096,1408,152.464,220.464,154.447,0.0292
pure,32,4,0.125,4.0,0,0,2048,8192,2816,191.233,326.704,192.835,0.0118
pure,32,4,0.125,4.0,0,0,4096,16384,5632,262.337,524.961,265.406,0.0117
pure,32,4,0.125,4.0,0,0,8192,32768,11264,404.719,937.891,416.048,0.0212
mixed,32,4,0.125,4.0,16,0,128,512,176,95.742,147.298,129.807,0.6607
mixed,32,4,0.125,4.0,16,0,256,1024,352,143.184,159.905,139.568,-0.2163
mixed,32,4,0.125,4.0,16,0,512,2048,704,153.216,184.368,153.971,0.0242
mixed,32,4,0.125,4.0,16,0,1024,4096,1408,180.56,239.951,178.258,-0.0388
mixed,32,4,0.125,4.0,16,0,2048,8192,2816,205.282,349.186,227.377,0.1535
mixed,32,4,0.125,4.0,16,0,4096,16384,5632,280.113,547.617,321.2,0.1536
mixed,32,4,0.125,4.0,16,0,8192,32768,11264,426.303,956.465,497.553,0.1344
mixed,32,4,0.125,4.0,16,512,128,512,176,173.71,189.135,138.591,-2.2768
mixed,32,4,0.125,4.0,16,512,256,1024,352,155.408,164.258,152.752,-0.3001
mixed,32,4,0.125,4.0,16,512,512,2048,704,159.153,235.072,158.64,-0.0068
mixed,32,4,0.125,4.0,16,512,1024,4096,1408,175.409,295.522,210.993,0.2963
mixed,32,4,0.125,4.0,16,512,2048,8192,2816,265.615,399.761,224.512,-0.3064
mixed,32,4,0.125,4.0,16,512,4096,16384,5632,336.69,595.874,318.177,-0.0714
mixed,32,4,0.125,4.0,16,512,8192,32768,11264,474.495,991.762,491.665,0.0332
mixed,32,4,0.125,4.0,16,2048,128,512,176,157.776,197.6,159.345,0.0394
mixed,32,4,0.125,4.0,16,2048,256,1024,352,158.272,178.163,159.745,0.0741
mixed,32,4,0.125,4.0,16,2048,512,2048,704,212.863,274.897,204.992,-0.1269
mixed,32,4,0.125,4.0,16,2048,1024,4096,1408,233.729,256.161,185.329,-2.1576
mixed,32,4,0.125,4.0,16,2048,2048,8192,2816,221.665,495.057,220.846,-0.003
mixed,32,4,0.125,4.0,16,2048,4096,16384,5632,382.16,698.097,373.696,-0.0268
mixed,32,4,0.125,4.0,16,2048,8192,32768,11264,576.723,1098.145,495.057,-0.1566
mixed,32,4,0.125,4.0,16,8192,128,512,176,216.704,219.183,227.2,4.2333
mixed,32,4,0.125,4.0,16,8192,256,1024,352,227.31,235.839,226.704,-0.071
mixed,32,4,0.125,4.0,16,8192,512,2048,704,248.047,321.377,253.874,0.0795
mixed,32,4,0.125,4.0,16,8192,1024,4096,1408,231.999,301.153,297.778,0.9512
mixed,32,4,0.125,4.0,16,8192,2048,8192,2816,380.562,598.467,328.882,-0.2372
mixed,32,4,0.125,4.0,16,8192,4096,16384,5632,462.594,598.034,480.704,0.1337
mixed,32,4,0.125,4.0,16,8192,8192,32768,11264,470.227,1500.786,478.865,0.0084
mixed,32,4,0.125,4.0,16,16384,128,512,176,299.553,315.743,300.255,0.0434
mixed,32,4,0.125,4.0,16,16384,256,1024,352,293.649,315.378,321.872,1.2989
mixed,32,4,0.125,4.0,16,16384,512,2048,704,316.673,343.217,315.904,-0.029
mixed,32,4,0.125,4.0,16,16384,1024,4096,1408,361.454,480.626,380.046,0.156
mixed,32,4,0.125,4.0,16,16384,2048,8192,2816,340.72,464.591,459.426,0.9583
mixed,32,4,0.125,4.0,16,16384,4096,16384,5632,602.258,1019.636,489.538,-0.2701
mixed,32,4,0.125,4.0,16,16384,8192,32768,11264,753.122,1050.738,802.626,0.1663
mixed,32,4,0.125,4.0,64,0,128,512,176,100.192,154.928,148.655,0.8854
mixed,32,4,0.125,4.0,64,0,256,1024,352,147.151,177.249,168.978,0.7252
mixed,32,4,0.125,4.0,64,0,512,2048,704,162.881,220.096,208.56,0.7984
mixed,32,4,0.125,4.0,64,0,1024,4096,1408,193.296,298.77,289.935,0.9162
mixed,32,4,0.125,4.0,64,0,2048,8192,2816,249.297,457.521,447.809,0.9534
mixed,32,4,0.125,4.0,64,0,4096,16384,5632,359.217,768.017,761.346,0.9837
mixed,32,4,0.125,4.0,64,0,8192,32768,11264,579.858,1409.043,1373.715,0.9574
mixed,32,4,0.125,4.0,64,512,128,512,176,195.106,230.77,214.656,0.5482
mixed,32,4,0.125,4.0,64,512,256,1024,352,211.041,174.255,233.792,
mixed,32,4,0.125,4.0,64,512,512,2048,704,236.433,216.897,286.707,
mixed,32,4,0.125,4.0,64,512,1024,4096,1408,190.593,300.64,288.16,0.8866
mixed,32,4,0.125,4.0,64,512,2048,8192,2816,248.512,459.171,447.153,0.943
mixed,32,4,0.125,4.0,64,512,4096,16384,5632,360.433,773.856,762.099,0.9716
mixed,32,4,0.125,4.0,64,512,8192,32768,11264,577.583,1407.026,1384.979,0.9734
mixed,32,4,0.125,4.0,64,2048,128,512,176,253.697,283.904,253.088,-0.0201
mixed,32,4,0.125,4.0,64,2048,256,1024,352,270.608,327.153,266.129,-0.0792
mixed,32,4,0.125,4.0,64,2048,512,2048,704,298.959,357.408,334.768,0.6127
mixed,32,4,0.125,4.0,64,2048,1024,4096,1408,356.992,299.41,415.471,
mixed,32,4,0.125,4.0,64,2048,2048,8192,2816,390.048,464.352,586.16,2.6393
mixed,32,4,0.125,4.0,64,2048,4096,16384,5632,364.978,778.387,762.225,0.9609
mixed,32,4,0.125,4.0,64,2048,8192,32768,11264,586.257,1412.485,1386.931,0.9691
mixed,32,4,0.125,4.0,64,8192,128,512,176,474.834,522.514,473.889,-0.0198
mixed,32,4,0.125,4.0,64,8192,256,1024,352,478.511,562.609,500.705,0.2639
mixed,32,4,0.125,4.0,64,8192,512,2048,704,539.457,641.474,521.919,-0.1719
mixed,32,4,0.125,4.0,64,8192,1024,4096,1408,592.801,798.178,566.624,-0.1275
mixed,32,4,0.125,4.0,64,8192,2048,8192,2816,702.017,829.554,808.992,0.8388
mixed,32,4,0.125,4.0,64,8192,4096,16384,5632,914.69,782.225,1117.746,
mixed,32,4,0.125,4.0,64,8192,8192,32768,11264,948.083,1413.892,1752.243,1.7264
mixed,32,4,0.125,4.0,64,16384,128,512,176,785.6,784.563,783.666,
mixed,32,4,0.125,4.0,64,16384,256,1024,352,785.009,868.882,785.281,0.0032
mixed,32,4,0.125,4.0,64,16384,512,2048,704,786.066,948.322,785.907,-0.001
mixed,32,4,0.125,4.0,64,16384,1024,4096,1408,897.62,1106.577,869.393,-0.1351
mixed,32,4,0.125,4.0,64,16384,2048,8192,2816,1009.939,1414.357,951.825,-0.1437
mixed,32,4,0.125,4.0,64,16384,4096,16384,5632,1220.034,1450.755,1424.452,0.886
mixed,32,4,0.125,4.0,64,16384,8192,32768,11264,1646.386,1406.258,2042.549,
mixed,32,4,0.125,4.0,256,0,128,512,176,177.825,182.879,177.09,-0.1456
mixed,32,4,0.125,4.0,256,0,256,1024,352,179.728,198.305,188.768,0.4867
mixed,32,4,0.125,4.0,256,0,512,2048,704,182.639,278.303,270.081,0.9141
mixed,32,4,0.125,4.0,256,0,1024,4096,1408,229.217,433.922,427.473,0.9685
mixed,32,4,0.125,4.0,256,0,2048,8192,2816,340.61,741.025,738.705,0.9942
mixed,32,4,0.125,4.0,256,0,4096,16384,5632,550.241,1362.721,1348.257,0.9822
mixed,32,4,0.125,4.0,256,0,8192,32768,11264,972.93,2598.037,2569.093,0.9822
mixed,32,4,0.125,4.0,256,512,128,512,176,262.514,294.479,261.501,-0.0317
mixed,32,4,0.125,4.0,256,512,256,1024,352,278.656,338.113,272.43,-0.1047
mixed,32,4,0.125,4.0,256,512,512,2048,704,309.57,416.288,353.233,0.4091
mixed,32,4,0.125,4.0,256,512,1024,4096,1408,366.29,567.936,508.096,0.7032
mixed,32,4,0.125,4.0,256,512,2048,8192,2816,472.624,875.394,819.937,0.8623
mixed,32,4,0.125,4.0,256,512,4096,16384,5632,682.913,1491.553,1424.963,0.9177
mixed,32,4,0.125,4.0,256,512,8192,32768,11264,1103.217,2712.536,2647.332,0.9595
mixed,32,4,0.125,4.0,256,2048,128,512,176,470.739,527.392,470.305,-0.0077
mixed,32,4,0.125,4.0,256,2048,256,1024,352,479.25,568.993,499.936,0.2305
mixed,32,4,0.125,4.0,256,2048,512,2048,704,542.432,648.303,528.611,-0.1305
mixed,32,4,0.125,4.0,256,2048,1024,4096,1408,599.841,800.594,631.137,0.1559
mixed,32,4,0.125,4.0,256,2048,2048,8192,2816,705.553,1107.987,937.553,0.5765
mixed,32,4,0.125,4.0,256,2048,4096,16384,5632,917.328,1722.964,1553.507,0.7897
mixed,32,4,0.125,4.0,256,2048,8192,32768,11264,1337.97,2941.636,2772.647,0.8946
mixed,32,4,0.125,4.0,256,8192,128,512,176,1388.388,1389.253,1390.532,2.4772
mixed,32,4,0.125,4.0,256,8192,256,1024,352,1387.683,1387.41,1382.194,
mixed,32,4,0.125,4.0,256,8192,512,2048,704,1382.26,1454.227,1383.493,0.0171
mixed,32,4,0.125,4.0,256,8192,1024,4096,1408,1382.835,1705.907,1380.706,-0.0066
mixed,32,4,0.125,4.0,256,8192,2048,8192,2816,1608.593,2013.7,1552.324,-0.1389
mixed,32,4,0.125,4.0,256,8192,4096,16384,5632,1819.939,2627.684,2007.394,0.2321
mixed,32,4,0.125,4.0,256,8192,8192,32768,11264,2243.013,3858.455,3231.176,0.6117
mixed,32,4,0.125,4.0,256,16384,128,512,176,2592.421,2586.245,2596.802,
mixed,32,4,0.125,4.0,256,16384,256,1024,352,2598.163,2594.005,2587.14,
mixed,32,4,0.125,4.0,256,16384,512,2048,704,2597.028,2585.192,2590.294,
mixed,32,4,0.125,4.0,256,16384,1024,4096,1408,2589.587,2666.996,2589.221,-0.0047
mixed,32,4,0.125,4.0,256,16384,2048,8192,2816,2585.365,3227.989,2588.101,0.0043
mixed,32,4,0.125,4.0,256,16384,4096,16384,5632,3038.708,3830.215,2914.566,-0.1568
mixed,32,4,0.125,4.0,256,16384,8192,32768,11264,3449.111,5049.465,3824.262,0.2344
mixed,32,4,0.125,4.0,1024,0,128,512,176,476.238,486.288,477.776,0.1531
mixed,32,4,0.125,4.0,1024,0,256,1024,352,484.419,504.159,484.241,-0.009
mixed,32,4,0.125,4.0,1024,0,512,2048,704,495.439,535.487,491.793,-0.091
mixed,32,4,0.125,4.0,1024,0,1024,4096,1408,515.376,589.649,518.111,0.0368
mixed,32,4,0.125,4.0,1024,0,2048,8192,2816,558.815,693.536,557.744,-0.008
mixed,32,4,0.125,4.0,1024,0,4096,16384,5632,632.739,893.235,633.104,0.0014
mixed,32,4,0.125,4.0,1024,0,8192,32768,11264,770.196,1305.731,779.569,0.0175
mixed,32,4,0.125,4.0,1024,512,128,512,176,736.033,747.153,742.436,0.5758
mixed,32,4,0.125,4.0,1024,512,256,1024,352,744.881,759.535,742.162,-0.1855
mixed,32,4,0.125,4.0,1024,512,512,2048,704,753.761,794.149,749.375,-0.1086
mixed,32,4,0.125,4.0,1024,512,1024,4096,1408,772.4,847.343,774.626,0.0297
mixed,32,4,0.125,4.0,1024,512,2048,8192,2816,812.575,950.146,816.29,0.027
mixed,32,4,0.125,4.0,1024,512,4096,16384,5632,886.272,1151.729,887.987,0.0065
mixed,32,4,0.125,4.0,1024,512,8192,32768,11264,1026.831,1576.869,1034.24,0.0135
mixed,32,4,0.125,4.0,1024,2048,128,512,176,1181.969,1191.381,1181.921,-0.0051
mixed,32,4,0.125,4.0,1024,2048,256,1024,352,1188.558,1204.737,1186.083,-0.1529
mixed,32,4,0.125,4.0,1024,2048,512,2048,704,1198.721,1232.625,1195.363,-0.099
mixed,32,4,0.125,4.0,1024,2048,1024,4096,1408,1217.138,1283.731,1217.009,-0.0019
mixed,32,4,0.125,4.0,1024,2048,2048,8192,2816,1254.739,1389.825,1257.795,0.0226
mixed,32,4,0.125,4.0,1024,2048,4096,16384,5632,1326.658,1586.369,1330.752,0.0158
mixed,32,4,0.125,4.0,1024,2048,8192,32768,11264,1470.853,2002.402,1473.092,0.0042
mixed,32,4,0.125,4.0,1024,8192,128,512,176,2917.861,2927.624,2918.966,0.1131
mixed,32,4,0.125,4.0,1024,8192,256,1024,352,2922.361,2948.788,2927.83,0.2069
mixed,32,4,0.125,4.0,1024,8192,512,2048,704,2922.616,2974.516,2942.406,0.3813
mixed,32,4,0.125,4.0,1024,8192,1024,4096,1408,2962.485,3020.311,2954.294,-0.1417
mixed,32,4,0.125,4.0,1024,8192,2048,8192,2816,2988.356,3115.991,2987.922,-0.0034
mixed,32,4,0.125,4.0,1024,8192,4096,16384,5632,3058.983,3329.224,3062.07,0.0114
mixed,32,4,0.125,4.0,1024,8192,8192,32768,11264,3205.746,3736.965,3207.555,0.0034
mixed,32,4,0.125,4.0,1024,16384,128,512,176,5189.72,5199.516,5190.376,0.067
mixed,32,4,0.125,4.0,1024,16384,256,1024,352,5203.546,5218.746,5195.516,-0.5284
mixed,32,4,0.125,4.0,1024,16384,512,2048,704,5207.099,5250.572,5208.424,0.0305
mixed,32,4,0.125,4.0,1024,16384,1024,4096,1408,5225.434,5302.364,5233.148,0.1003
mixed,32,4,0.125,4.0,1024,16384,2048,8192,2816,5270.974,5402.22,5283.836,0.098
mixed,32,4,0.125,4.0,1024,16384,4096,16384,5632,5344.026,5609.931,5359.179,0.057
mixed,32,4,0.125,4.0,1024,16384,8192,32768,11264,5469.002,6038.076,5484.715,0.0276
mixed,32,4,0.125,4.0,4096,0,128,512,176,2193.187,2200.131,2193.459,0.0392
mixed,32,4,0.125,4.0,4096,0,256,1024,352,2202.311,2216.086,2196.564,-0.4172
mixed,32,4,0.125,4.0,4096,0,512,2048,704,2208.725,2249.797,2213.463,0.1154
mixed,32,4,0.125,4.0,4096,0,1024,4096,1408,2225.717,2302.086,2231.492,0.0756
mixed,32,4,0.125,4.0,4096,0,2048,8192,2816,2271.843,2405.271,2273.698,0.0139
mixed,32,4,0.125,4.0,4096,0,4096,16384,5632,2346.084,2615.286,2344.211,-0.007
mixed,32,4,0.125,4.0,4096,0,8192,32768,11264,2496.405,3027.079,2495.861,-0.001
mixed,32,4,0.125,4.0,4096,512,128,512,176,2827.555,2837.058,2833.974,0.6755
mixed,32,4,0.125,4.0,4096,512,256,1024,352,2840.788,2857.353,2836.36,-0.2673
mixed,32,4,0.125,4.0,4096,512,512,2048,704,2841.554,2888.805,2847.653,0.1291
mixed,32,4,0.125,4.0,4096,512,1024,4096,1408,2862.536,2929.302,2868.889,0.0951
mixed,32,4,0.125,4.0,4096,512,2048,8192,2816,2909.91,3039.369,2899.672,-0.0791
mixed,32,4,0.125,4.0,4096,512,4096,16384,5632,2967.222,3242.841,2987.706,0.0743
mixed,32,4,0.125,4.0,4096,512,8192,32768,11264,3111.221,3650.475,3125.127,0.0258
mixed,32,4,0.125,4.0,4096,2048,128,512,176,3907.592,3912.918,3898.711,-1.668
mixed,32,4,0.125,4.0,4096,2048,256,1024,352,3902.083,3925.943,3902.133,0.0021
mixed,32,4,0.125,4.0,4096,2048,512,2048,704,3919.128,3953.016,3911.864,-0.2144
mixed,32,4,0.125,4.0,4096,2048,1024,4096,1408,3944.296,3991.435,3930.153,-0.3
mixed,32,4,0.125,4.0,4096,2048,2048,8192,2816,3969.895,4100.711,3975.849,0.0455
mixed,32,4,0.125,4.0,4096,2048,4096,16384,5632,4052.65,4314.123,4055.992,0.0128
mixed,32,4,0.125,4.0,4096,2048,8192,32768,11264,4181.547,4720.377,4195.331,0.0256
mixed,32,4,0.125,4.0,4096,8192,128,512,176,8166.508,8176.704,8166.05,-0.045
mixed,32,4,0.125,4.0,4096,8192,256,1024,352,8171.764,8190.924,8166.14,-0.2935
mixed,32,4,0.125,4.0,4096,8192,512,2048,704,8212.448,8212.242,8183.521,
mixed,32,4,0.125,4.0,4096,8192,1024,4096,1408,8200.686,8271.264,8204.895,0.0596
mixed,32,4,0.125,4.0,4096,8192,2048,8192,2816,8227.854,8372.623,8244.565,0.1154
mixed,32,4,0.125,4.0,4096,8192,4096,16384,5632,8320.477,8582.065,8320.817,0.0013
mixed,32,4,0.125,4.0,4096,8192,8192,32768,11264,8449.055,8997.617,8452.113,0.0056
mixed,32,4,0.125,4.0,4096,16384,128,512,176,13833.836,13879.738,13921.997,1.9206
mixed,32,4,0.125,4.0,4096,16384,256,1024,352,13926.097,13961.969,13923.432,-0.0743
mixed,32,4,0.125,4.0,4096,16384,512,2048,704,13925.215,13971.295,13927.307,0.0454
mixed,32,4,0.125,4.0,4096,16384,1024,4096,1408,13944.127,14021.97,13946.555,0.0312
mixed,32,4,0.125,4.0,4096,16384,2048,8192,2816,13901.93,14038.987,13945.154,0.3154
mixed,32,4,0.125,4.0,4096,16384,4096,16384,5632,14059.759,14242.766,13972.01,-0.4795
mixed,32,4,0.125,4.0,4096,16384,8192,32768,11264,14157.435,14677.532,14165.197,0.0149
pure,32,8,0.25,4.0,0,0,128,512,224,86.034,134.355,117.201,0.645
pure,32,8,0.25,4.0,0,0,256,1024,448,129.696,147.104,127.728,-0.1131
pure,32,8,0.25,4.0,0,0,512,2048,896,138.897,169.377,169.167,0.9931
pure,32,8,0.25,4.0,0,0,1024,4096,1792,163.905,221.041,198.111,0.5987
pure,32,8,0.25,4.0,0,0,2048,8192,3584,209.153,326.464,269.296,0.5127
pure,32,8,0.25,4.0,0,0,4096,16384,7168,302.255,524.592,394.912,0.4167
pure,32,8,0.25,4.0,0,0,8192,32768,14336,475.265,933.585,636.768,0.3524
mixed,32,8,0.25,4.0,16,0,128,512,224,100.208,146.816,132.639,0.6958
mixed,32,8,0.25,4.0,16,0,256,1024,448,144.08,160.608,142.992,-0.0658
mixed,32,8,0.25,4.0,16,0,512,2048,896,156.113,184.464,155.778,-0.0118
mixed,32,8,0.25,4.0,16,0,1024,4096,1792,178.001,242.129,211.6,0.5239
mixed,32,8,0.25,4.0,16,0,2048,8192,3584,222.992,347.331,287.537,0.5191
mixed,32,8,0.25,4.0,16,0,4096,16384,7168,322.865,550.625,412.817,0.3949
mixed,32,8,0.25,4.0,16,0,8192,32768,14336,498.161,954.02,652.45,0.3385
mixed,32,8,0.25,4.0,16,512,128,512,224,149.87,190.208,139.312,-0.2617
mixed,32,8,0.25,4.0,16,512,256,1024,448,154.946,165.248,176.368,2.0795
mixed,32,8,0.25,4.0,16,512,512,2048,896,165.839,236.656,159.328,-0.092
mixed,32,8,0.25,4.0,16,512,1024,4096,1792,224.88,297.008,179.761,-0.6255
mixed,32,8,0.25,4.0,16,512,2048,8192,3584,282.625,398.082,226.816,-0.4834
mixed,32,8,0.25,4.0,16,512,4096,16384,7168,379.343,595.506,407.122,0.1285
mixed,32,8,0.25,4.0,16,512,8192,32768,14336,551.666,995.634,649.025,0.2193
mixed,32,8,0.25,4.0,16,2048,128,512,224,157.776,198.529,163.855,0.1492
mixed,32,8,0.25,4.0,16,2048,256,1024,448,192.383,177.938,161.888,
mixed,32,8,0.25,4.0,16,2048,512,2048,896,174.672,276.16,170.977,-0.0364
mixed,32,8,0.25,4.0,16,2048,1024,4096,1792,260.927,255.296,245.824,
mixed,32,8,0.25,4.0,16,2048,2048,8192,3584,238.512,494.832,328.753,0.3521
mixed,32,8,0.25,4.0,16,2048,4096,16384,7168,453.699,696.112,324.05,-0.5348
mixed,32,8,0.25,4.0,16,2048,8192,32768,14336,651.743,1097.026,502.848,-0.3344
mixed,32,8,0.25,4.0,16,8192,128,512,224,227.969,220.081,227.744,
mixed,32,8,0.25,4.0,16,8192,256,1024,448,228.495,238.48,229.024,0.0529
mixed,32,8,0.25,4.0,16,8192,512,2048,896,238.609,321.808,239.634,0.0123
mixed,32,8,0.25,4.0,16,8192,1024,4096,1792,303.361,300.082,302.192,
mixed,32,8,0.25,4.0,16,8192,2048,8192,3584,297.648,600.722,291.392,-0.0206
mixed,32,8,0.25,4.0,16,8192,4096,16384,7168,543.041,599.075,498.562,-0.7938
mixed,32,8,0.25,4.0,16,8192,8192,32768,14336,545.073,1505.409,826.995,0.2936
mixed,32,8,0.25,4.0,16,16384,128,512,224,294.721,317.65,300.175,0.2379
mixed,32,8,0.25,4.0,16,16384,256,1024,448,318.479,317.569,319.135,
mixed,32,8,0.25,4.0,16,16384,512,2048,896,317.936,344.225,318.175,0.0091
mixed,32,8,0.25,4.0,16,16384,1024,4096,1792,422.082,484.706,385.122,-0.5902
mixed,32,8,0.25,4.0,16,16384,2048,8192,3584,447.571,467.97,466.257,0.916
mixed,32,8,0.25,4.0,16,16384,4096,16384,7168,462.833,1024.914,455.186,-0.0136
mixed,32,8,0.25,4.0,16,16384,8192,32768,14336,927.73,1059.986,828.689,-0.7489
mixed,32,8,0.25,4.0,64,0,128,512,224,104.88,156.305,149.856,0.8746
mixed,32,8,0.25,4.0,64,0,256,1024,448,153.153,177.522,170.898,0.7281
mixed,32,8,0.25,4.0,64,0,512,2048,896,172.352,219.681,212.289,0.8438
mixed,32,8,0.25,4.0,64,0,1024,4096,1792,208.945,300.992,292.767,0.9106
mixed,32,8,0.25,4.0,64,0,2048,8192,3584,279.135,459.985,451.284,0.9519
mixed,32,8,0.25,4.0,64,0,4096,16384,7168,417.951,775.105,766.273,0.9753
mixed,32,8,0.25,4.0,64,0,8192,32768,14336,698.769,1411.155,1386.017,0.9647
mixed,32,8,0.25,4.0,64,512,128,512,224,200.641,229.345,217.857,0.5998
mixed,32,8,0.25,4.0,64,512,256,1024,448,223.57,176.816,236.144,
mixed,32,8,0.25,4.0,64,512,512,2048,896,168.031,218.289,200.111,0.6383
mixed,32,8,0.25,4.0,64,512,1024,4096,1792,207.377,302.193,291.424,0.8864
mixed,32,8,0.25,4.0,64,512,2048,8192,3584,280.945,460.048,452.769,0.9594
mixed,32,8,0.25,4.0,64,512,4096,16384,7168,421.409,776.306,766.082,0.9712
mixed,32,8,0.25,4.0,64,512,8192,32768,14336,699.569,1408.768,1392.004,0.9764
mixed,32,8,0.25,4.0,64,2048,128,512,224,260.592,285.552,255.379,-0.2089
mixed,32,8,0.25,4.0,64,2048,256,1024,448,279.986,326.656,325.12,0.9671
mixed,32,8,0.25,4.0,64,2048,512,2048,896,317.184,359.361,340.048,0.5421
mixed,32,8,0.25,4.0,64,2048,1024,4096,1792,346.88,301.12,421.217,
mixed,32,8,0.25,4.0,64,2048,2048,8192,3584,286.994,466.529,441.424,0.8602
mixed,32,8,0.25,4.0,64,2048,4096,16384,7168,427.009,783.871,770.355,0.9621
mixed,32,8,0.25,4.0,64,2048,8192,32768,14336,703.648,1413.524,1398.626,0.979
mixed,32,8,0.25,4.0,64,8192,128,512,224,475.745,523.457,476.208,0.0097
mixed,32,8,0.25,4.0,64,8192,256,1024,448,518.016,565.33,504.848,-0.2783
mixed,32,8,0.25,4.0,64,8192,512,2048,896,554.224,644.785,527.44,-0.2958
mixed,32,8,0.25,4.0,64,8192,1024,4096,1792,624.033,801.617,798.802,0.9841
mixed,32,8,0.25,4.0,64,8192,2048,8192,3584,763.233,835.569,817.2,0.7461
mixed,32,8,0.25,4.0,64,8192,4096,16384,7168,792.69,784.802,1129.314,
mixed,32,8,0.25,4.0,64,8192,8192,32768,14336,766.817,1418.832,1382.916,0.9449
mixed,32,8,0.25,4.0,64,16384,128,512,224,786.772,788.946,787.841,0.4918
mixed,32,8,0.25,4.0,64,16384,256,1024,448,785.856,871.922,787.857,0.0233
mixed,32,8,0.25,4.0,64,16384,512,2048,896,827.122,952.578,833.776,0.053
mixed,32,8,0.25,4.0,64,16384,1024,4096,1792,932.916,1109.092,875.811,-0.3241
mixed,32,8,0.25,4.0,64,16384,2048,8192,3584,1070.531,1420.851,1417.668,0.9909
mixed,32,8,0.25,4.0,64,16384,4096,16384,7168,1342.209,1457.747,1435.555,0.8079
mixed,32,8,0.25,4.0,64,16384,8192,32768,14336,1374.723,1413.539,2060.099,17.657
mixed,32,8,0.25,4.0,256,0,128,512,224,179.316,183.329,177.952,-0.3399
mixed,32,8,0.25,4.0,256,0,256,1024,448,182.417,198.912,192.769,0.6276
mixed,32,8,0.25,4.0,256,0,512,2048,896,189.344,281.041,274.899,0.933
mixed,32,8,0.25,4.0,256,0,1024,4096,1792,260.717,436.736,432.735,0.9773
mixed,32,8,0.25,4.0,256,0,2048,8192,3584,397.008,744.866,741.728,0.991
mixed,32,8,0.25,4.0,256,0,4096,16384,7168,667.615,1365.651,1361.281,0.9937
mixed,32,8,0.25,4.0,256,0,8192,32768,14336,1208.532,2603.477,2590.102,0.9904
mixed,32,8,0.25,4.0,256,512,128,512,224,268.512,294.686,262.226,-0.2401
mixed,32,8,0.25,4.0,256,512,256,1024,448,288.544,336.447,275.44,-0.2736
mixed,32,8,0.25,4.0,256,512,512,2048,896,328.563,416.178,354.768,0.2991
mixed,32,8,0.25,4.0,256,512,1024,4096,1792,396.308,569.538,512.193,0.669
mixed,32,8,0.25,4.0,256,512,2048,8192,3584,531.89,878.913,822.61,0.8378
mixed,32,8,0.25,4.0,256,512,4096,16384,7168,806.946,1496.484,1433.472,0.9086
mixed,32,8,0.25,4.0,256,512,8192,32768,14336,1343.971,2747.123,2670.307,0.9453
mixed,32,8,0.25,4.0,256,2048,128,512,224,472.001,528.26,472.703,0.0125
mixed,32,8,0.25,4.0,256,2048,256,1024,448,521.793,572.417,508.753,-0.2576
mixed,32,8,0.25,4.0,256,2048,512,2048,896,560.674,651.919,532.194,-0.3121
mixed,32,8,0.25,4.0,256,2048,1024,4096,1792,632.769,807.12,635.265,0.0143
mixed,32,8,0.25,4.0,256,2048,2048,8192,3584,767.282,1116.753,946.593,0.5131
mixed,32,8,0.25,4.0,256,2048,4096,16384,7168,1036.273,1732.05,1564.609,0.7593
mixed,32,8,0.25,4.0,256,2048,8192,32768,14336,1582.514,2968.66,2798.724,0.8774
mixed,32,8,0.25,4.0,256,8192,128,512,224,1390.834,1390.275,1391.314,
mixed,32,8,0.25,4.0,256,8192,256,1024,448,1389.763,1389.921,1388.178,-9.9686
mixed,32,8,0.25,4.0,256,8192,512,2048,896,1390.099,1462.834,1390.068,-0.0004
mixed,32,8,0.25,4.0,256,8192,1024,4096,1792,1388.45,1717.477,1388.866,0.0013
mixed,32,8,0.25,4.0,256,8192,2048,8192,3584,1678.916,2024.931,1562.675,-0.3359
mixed,32,8,0.25,4.0,256,8192,4096,16384,7168,1946.101,2640.76,2025.141,0.1138
mixed,32,8,0.25,4.0,256,8192,8192,32768,14336,2499.061,3886.967,3253.27,0.5434
mixed,32,8,0.25,4.0,256,16384,128,512,224,2614.757,2613.222,2611.639,
mixed,32,8,0.25,4.0,256,16384,256,1024,448,2605.35,2604.515,2610.821,
mixed,32,8,0.25,4.0,256,16384,512,2048,896,2602.419,2607.62,2603.492,0.2062
mixed,32,8,0.25,4.0,256,16384,1024,4096,1792,2609.94,2690.164,2607.205,-0.0341
mixed,32,8,0.25,4.0,256,16384,2048,8192,3584,2612.663,3245.686,2622.867,0.0161
mixed,32,8,0.25,4.0,256,16384,4096,16384,7168,3164.836,3864.68,2937.269,-0.3252
mixed,32,8,0.25,4.0,256,16384,8192,32768,14336,3703.513,5093.721,3866.921,0.1175
mixed,32,8,0.25,4.0,1024,0,128,512,224,474.239,487.679,473.186,-0.0783
mixed,32,8,0.25,4.0,1024,0,256,1024,448,485.071,505.039,485.521,0.0226
mixed,32,8,0.25,4.0,1024,0,512,2048,896,498.338,537.059,527.072,0.7421
mixed,32,8,0.25,4.0,1024,0,1024,4096,1792,529.664,592.993,563.617,0.5361
mixed,32,8,0.25,4.0,1024,0,2048,8192,3584,577.522,695.716,632.002,0.4609
mixed,32,8,0.25,4.0,1024,0,4096,16384,7168,669.555,898.142,763.429,0.4107
mixed,32,8,0.25,4.0,1024,0,8192,32768,14336,845.887,1307.923,1000.896,0.3355
mixed,32,8,0.25,4.0,1024,512,128,512,224,737.492,750.544,735.089,-0.1841
mixed,32,8,0.25,4.0,1024,512,256,1024,448,749.091,768.431,746.628,-0.1274
mixed,32,8,0.25,4.0,1024,512,512,2048,896,759.586,794.05,785.618,0.7553
mixed,32,8,0.25,4.0,1024,512,1024,4096,1792,785.522,846.021,818.208,0.5403
mixed,32,8,0.25,4.0,1024,512,2048,8192,3584,832.513,954.162,889.731,0.4703
mixed,32,8,0.25,4.0,1024,512,4096,16384,7168,924.448,1155.908,1013.635,0.3853
mixed,32,8,0.25,4.0,1024,512,8192,32768,14336,1101.652,1573.458,1253.888,0.3227
mixed,32,8,0.25,4.0,1024,2048,128,512,224,1183.041,1195.075,1177.332,-0.4744
mixed,32,8,0.25,4.0,1024,2048,256,1024,448,1191.812,1210.63,1193.33,0.0806
mixed,32,8,0.25,4.0,1024,2048,512,2048,896,1204.692,1237.905,1229.76,0.7548
mixed,32,8,0.25,4.0,1024,2048,1024,4096,1792,1233.415,1293.105,1263.136,0.4979
mixed,32,8,0.25,4.0,1024,2048,2048,8192,3584,1270.752,1392.803,1331.204,0.4953
mixed,32,8,0.25,4.0,1024,2048,4096,16384,7168,1365.761,1593.396,1459.824,0.4132
mixed,32,8,0.25,4.0,1024,2048,8192,32768,14336,1546.595,1998.93,1700.21,0.3396
mixed,32,8,0.25,4.0,1024,8192,128,512,224,2921.27,2943.095,2922.73,0.0669
mixed,32,8,0.25,4.0,1024,8192,256,1024,448,2933.367,2950.852,2935.142,0.1015
mixed,32,8,0.25,4.0,1024,8192,512,2048,896,2958.602,2983.177,2975.782,0.6991
mixed,32,8,0.25,4.0,1024,8192,1024,4096,1792,2973.14,3034.932,3007.812,0.5611
mixed,32,8,0.25,4.0,1024,8192,2048,8192,3584,3025.717,3133.769,3071.126,0.4203
mixed,32,8,0.25,4.0,1024,8192,4096,16384,7168,3108.773,3335.384,3193.493,0.3739
mixed,32,8,0.25,4.0,1024,8192,8192,32768,14336,3285.735,3743.75,3441.559,0.3402
mixed,32,8,0.25,4.0,1024,16384,128,512,224,5221.035,5221.918,5203.648,-19.7031
mixed,32,8,0.25,4.0,1024,16384,256,1024,448,5217.275,5238.999,5219.285,0.0926
mixed,32,8,0.25,4.0,1024,16384,512,2048,896,5232.151,5285.963,5258.078,0.4818
mixed,32,8,0.25,4.0,1024,16384,1024,4096,1792,5259.851,5333.628,5289.631,0.4036
mixed,32,8,0.25,4.0,1024,16384,2048,8192,3584,5315.959,5419.049,5355.641,0.3849
mixed,32,8,0.25,4.0,1024,16384,4096,16384,7168,5395.788,5627.598,5487.594,0.396
mixed,32,8,0.25,4.0,1024,16384,8192,32768,14336,5564.908,6040.795,5738.441,0.3647
mixed,32,8,0.25,4.0,4096,0,128,512,224,2207.554,2212.773,2192.998,-2.7893
mixed,32,8,0.25,4.0,4096,0,256,1024,448,2206.053,2228.069,2213.639,0.3445
mixed,32,8,0.25,4.0,4096,0,512,2048,896,2224.133,2260.085,2251.894,0.7722
mixed,32,8,0.25,4.0,4096,0,1024,4096,1792,2255.11,2314.598,2280.055,0.4193
mixed,32,8,0.25,4.0,4096,0,2048,8192,3584,2301.059,2417.621,2357.48,0.484
mixed,32,8,0.25,4.0,4096,0,4096,16384,7168,2388.996,2619.944,2477.782,0.3844
mixed,32,8,0.25,4.0,4096,0,8192,32768,14336,2565.815,3028.309,2729.433,0.3538
mixed,32,8,0.25,4.0,4096,512,128,512,224,2832.214,2854.039,2835.494,0.1503
mixed,32,8,0.25,4.0,4096,512,256,1024,448,2852.595,2870.713,2848.951,-0.2011
mixed,32,8,0.25,4.0,4096,512,512,2048,896,2863.272,2891.414,2884.217,0.7443
mixed,32,8,0.25,4.0,4096,512,1024,4096,1792,2889.318,2941.458,2917.318,0.537
mixed,32,8,0.25,4.0,4096,512,2048,8192,3584,2933.27,3049.193,2989.625,0.4861
mixed,32,8,0.25,4.0,4096,512,4096,16384,7168,3023.401,3261.732,3108.642,0.3577
mixed,32,8,0.25,4.0,4096,512,8192,32768,14336,3199.35,3672.666,3356.1,0.3312
mixed,32,8,0.25,4.0,4096,2048,128,512,224,3922.66,3926.648,3910.199,-3.1246
mixed,32,8,0.25,4.0,4096,2048,256,1024,448,3915.413,3939.607,3925.526,0.418
mixed,32,8,0.25,4.0,4096,2048,512,2048,896,3931.777,3972.518,3965.417,0.8257
mixed,32,8,0.25,4.0,4096,2048,1024,4096,1792,3962.557,4025.43,3993.943,0.4992
mixed,32,8,0.25,4.0,4096,2048,2048,8192,3584,4019.673,4122.828,4068.366,0.472
mixed,32,8,0.25,4.0,4096,2048,4096,16384,7168,4100.439,4317.624,4189.287,0.4091
mixed,32,8,0.25,4.0,4096,2048,8192,32768,14336,4297.335,4737.222,4436.055,0.3154
mixed,32,8,0.25,4.0,4096,8192,128,512,224,8209.824,8224.385,8212.131,0.1584
mixed,32,8,0.25,4.0,4096,8192,256,1024,448,8222.787,8238.252,8245.297,1.4555
mixed,32,8,0.25,4.0,4096,8192,512,2048,896,8238.562,8261.953,8259.324,0.8876
mixed,32,8,0.25,4.0,4096,8192,1024,4096,1792,8281.892,8320.366,8294.544,0.3289
mixed,32,8,0.25,4.0,4096,8192,2048,8192,3584,8297.333,8425.076,8365.343,0.5324
mixed,32,8,0.25,4.0,4096,8192,4096,16384,7168,8394.114,8660.081,8486.677,0.348
mixed,32,8,0.25,4.0,4096,8192,8192,32768,14336,8577.44,9061.12,8729.736,0.3149
mixed,32,8,0.25,4.0,4096,16384,128,512,224,13919.058,13942.303,13919.813,0.0325
mixed,32,8,0.25,4.0,4096,16384,256,1024,448,13934.375,13957.406,13925.885,-0.3687
mixed,32,8,0.25,4.0,4096,16384,512,2048,896,13933.332,13985.577,13879.998,-1.0208
mixed,32,8,0.25,4.0,4096,16384,1024,4096,1792,13870.843,13938.529,14027.966,2.3213
mixed,32,8,0.25,4.0,4096,16384,2048,8192,3584,14047.313,14127.585,14073.624,0.3278
mixed,32,8,0.25,4.0,4096,16384,4096,16384,7168,14097.047,14328.433,14180.096,0.3589
mixed,32,8,0.25,4.0,4096,16384,8192,32768,14336,14284.062,14763.408,14437.979,0.3211
pure,32,16,0.5,4.0,0,0,128,512,320,130.096,133.52,126.254,-1.1225
pure,32,16,0.5,4.0,0,0,256,1024,640,137.391,145.841,138.304,0.1079
pure,32,16,0.5,4.0,0,0,512,2048,1280,152.512,170.32,151.984,-0.0296
pure,32,16,0.5,4.0,0,0,1024,4096,2560,183.697,222.754,187.089,0.0868
pure,32,16,0.5,4.0,0,0,2048,8192,5120,249.584,325.408,259.039,0.1247
pure,32,16,0.5,4.0,0,0,4096,16384,10240,376.8,525.601,387.907,0.0746
pure,32,16,0.5,4.0,0,0,8192,32768,20480,627.665,932.801,645.236,0.0576
mixed,32,16,0.5,4.0,16,0,128,512,320,143.183,146.257,139.904,-1.0669
mixed,32,16,0.5,4.0,16,0,256,1024,640,147.264,162.321,145.52,-0.1158
mixed,32,16,0.5,4.0,16,0,512,2048,1280,167.568,184.447,166.66,-0.0538
mixed,32,16,0.5,4.0,16,0,1024,4096,2560,197.889,241.889,199.343,0.033
mixed,32,16,0.5,4.0,16,0,2048,8192,5120,269.424,347.282,276.672,0.0931
mixed,32,16,0.5,4.0,16,0,4096,16384,10240,399.777,549.615,413.25,0.0899
mixed,32,16,0.5,4.0,16,0,8192,32768,20480,650.145,963.33,669.088,0.0605
mixed,32,16,0.5,4.0,16,512,128,512,320,155.777,190.193,148.143,-0.2218
mixed,32,16,0.5,4.0,16,512,256,1024,640,157.586,164.831,150.288,-1.0073
mixed,32,16,0.5,4.0,16,512,512,2048,1280,173.726,237.921,205.873,0.5008
mixed,32,16,0.5,4.0,16,512,1024,4096,2560,258.065,297.12,202.834,-1.4141
mixed,32,16,0.5,4.0,16,512,2048,8192,5120,327.137,402.065,305.073,-0.2945
mixed,32,16,0.5,4.0,16,512,4096,16384,10240,447.264,594.803,413.633,-0.228
mixed,32,16,0.5,4.0,16,512,8192,32768,20480,695.122,990.753,662.338,-0.1109
mixed,32,16,0.5,4.0,16,2048,128,512,320,158.447,198.96,165.36,0.1706
mixed,32,16,0.5,4.0,16,2048,256,1024,640,209.551,177.793,187.503,
mixed,32,16,0.5,4.0,16,2048,512,2048,1280,229.536,273.986,216.239,-0.2991
mixed,32,16,0.5,4.0,16,2048,1024,4096,2560,292.175,257.841,263.665,
mixed,32,16,0.5,4.0,16,2048,2048,8192,5120,365.793,496.625,344.654,-0.1616
mixed,32,16,0.5,4.0,16,2048,4096,16384,10240,551.697,696.513,511.6,-0.2769
mixed,32,16,0.5,4.0,16,2048,8192,32768,20480,795.443,1096.194,718.017,-0.2574
mixed,32,16,0.5,4.0,16,8192,128,512,320,228.337,218.879,228.303,
mixed,32,16,0.5,4.0,16,8192,256,1024,640,238.896,237.521,234.69,
mixed,32,16,0.5,4.0,16,8192,512,2048,1280,237.472,322.707,261.169,0.278
mixed,32,16,0.5,4.0,16,8192,1024,4096,2560,364.32,300.449,331.329,
mixed,32,16,0.5,4.0,16,8192,2048,8192,5120,435.169,602.867,457.985,0.1361
mixed,32,16,0.5,4.0,16,8192,4096,16384,10240,664.833,598.879,566.817,
mixed,32,16,0.5,4.0,16,8192,8192,32768,20480,934.147,1503.827,836.799,-0.1709
mixed,32,16,0.5,4.0,16,16384,128,512,320,293.57,316.769,315.696,0.9537
mixed,32,16,0.5,4.0,16,16384,256,1024,640,317.791,316.639,317.057,
mixed,32,16,0.5,4.0,16,16384,512,2048,1280,341.649,343.744,339.375,-1.0849
mixed,32,16,0.5,4.0,16,16384,1024,4096,2560,344.818,484.207,385.649,0.2929
mixed,32,16,0.5,4.0,16,16384,2048,8192,5120,563.521,467.424,522.05,
mixed,32,16,0.5,4.0,16,16384,4096,16384,10240,706.513,1029.696,778.382,0.2224
mixed,32,16,0.5,4.0,16,16384,8192,32768,20480,1140.322,1052.066,945.442,
mixed,32,16,0.5,4.0,64,0,128,512,320,147.857,154.658,146.032,-0.2684
mixed,32,16,0.5,4.0,64,0,256,1024,640,159.506,178.099,172.926,0.7218
mixed,32,16,0.5,4.0,64,0,512,2048,1280,188.848,219.52,215.216,0.8597
mixed,32,16,0.5,4.0,64,0,1024,4096,2560,238.897,300.05,295.503,0.9256
mixed,32,16,0.5,4.0,64,0,2048,8192,5120,339.951,461.297,454.61,0.9449
mixed,32,16,0.5,4.0,64,0,4096,16384,10240,538.32,776.739,768.003,0.9634
mixed,32,16,0.5,4.0,64,0,8192,32768,20480,935.073,1413.956,1396.291,0.9631
mixed,32,16,0.5,4.0,64,512,128,512,320,210.928,231.76,221.217,0.4939
mixed,32,16,0.5,4.0,64,512,256,1024,640,237.424,176.751,242.834,
mixed,32,16,0.5,4.0,64,512,512,2048,1280,185.358,219.186,205.456,0.5941
mixed,32,16,0.5,4.0,64,512,1024,4096,2560,238.257,302.384,293.839,0.8668
mixed,32,16,0.5,4.0,64,512,2048,8192,5120,342.128,461.377,453.938,0.9376
mixed,32,16,0.5,4.0,64,512,4096,16384,10240,540.402,780.305,771.761,0.9644
mixed,32,16,0.5,4.0,64,512,8192,32768,20480,937.619,1409.252,1397.139,0.9743
mixed,32,16,0.5,4.0,64,2048,128,512,320,269.952,284.864,285.409,1.0366
mixed,32,16,0.5,4.0,64,2048,256,1024,640,296.897,326.851,325.569,0.9572
mixed,32,16,0.5,4.0,64,2048,512,2048,1280,347.761,359.792,346.337,-0.1184
mixed,32,16,0.5,4.0,64,2048,1024,4096,2560,379.07,299.984,427.313,
mixed,32,16,0.5,4.0,64,2048,2048,8192,5120,345.377,468.817,451.472,0.8595
mixed,32,16,0.5,4.0,64,2048,4096,16384,10240,546.302,781.666,773.377,0.9648
mixed,32,16,0.5,4.0,64,2048,8192,32768,20480,943.427,1426.565,1402.546,0.9503
mixed,32,16,0.5,4.0,64,8192,128,512,320,474.688,524.097,473.202,-0.0301
mixed,32,16,0.5,4.0,64,8192,256,1024,640,535.25,564.16,517.536,-0.6127
mixed,32,16,0.5,4.0,64,8192,512,2048,1280,585.776,644.114,641.474,0.9548
mixed,32,16,0.5,4.0,64,8192,1024,4096,2560,683.875,801.999,800.611,0.9882
mixed,32,16,0.5,4.0,64,8192,2048,8192,5120,879.298,833.297,822.515,
mixed,32,16,0.5,4.0,64,8192,4096,16384,10240,911.506,783.777,1133.251,
mixed,32,16,0.5,4.0,64,8192,8192,32768,20480,948.002,1425.475,1393.89,0.9339
mixed,32,16,0.5,4.0,64,16384,128,512,320,787.374,787.619,787.072,-1.2331
mixed,32,16,0.5,4.0,64,16384,256,1024,640,789.345,872.322,788.722,-0.0075
mixed,32,16,0.5,4.0,64,16384,512,2048,1280,893.475,952.675,837.216,-0.9503
mixed,32,16,0.5,4.0,64,16384,1024,4096,2560,991.537,1110.291,1107.567,0.9771
mixed,32,16,0.5,4.0,64,16384,2048,8192,5120,1186.403,1421.378,1417.891,0.9852
mixed,32,16,0.5,4.0,64,16384,4096,16384,10240,1575.603,1458.834,1444.161,
mixed,32,16,0.5,4.0,64,16384,8192,32768,20480,1615.859,1410.386,2064.564,
mixed,32,16,0.5,4.0,256,0,128,512,320,179.536,182.094,178.994,-0.2116
mixed,32,16,0.5,4.0,256,0,256,1024,640,185.007,197.121,194.833,0.8111
mixed,32,16,0.5,4.0,256,0,512,2048,1280,219.824,281.024,276.878,0.9322
mixed,32,16,0.5,4.0,256,0,1024,4096,2560,320.543,437.646,435.25,0.9795
mixed,32,16,0.5,4.0,256,0,2048,8192,5120,513.841,748.513,746.435,0.9911
mixed,32,16,0.5,4.0,256,0,4096,16384,10240,899.984,1366.162,1359.538,0.9858
mixed,32,16,0.5,4.0,256,0,8192,32768,20480,1673.238,2603.747,2588.341,0.9834
mixed,32,16,0.5,4.0,256,512,128,512,320,277.695,294.608,290.927,0.7823
mixed,32,16,0.5,4.0,256,512,256,1024,640,304.576,338.864,333.57,0.8456
mixed,32,16,0.5,4.0,256,512,512,2048,1280,360.177,416.546,413.089,0.9387
mixed,32,16,0.5,4.0,256,512,1024,4096,2560,456.274,573.507,568.657,0.9586
mixed,32,16,0.5,4.0,256,512,2048,8192,5120,648.369,881.232,878.754,0.9894
mixed,32,16,0.5,4.0,256,512,4096,16384,10240,1037.732,1493.843,1496.274,1.0053
mixed,32,16,0.5,4.0,256,512,8192,32768,20480,1813.284,2735.541,2725.413,0.989
mixed,32,16,0.5,4.0,256,2048,128,512,320,479.551,529.571,478.72,-0.0166
mixed,32,16,0.5,4.0,256,2048,256,1024,640,540.111,571.426,511.584,-0.911
mixed,32,16,0.5,4.0,256,2048,512,2048,1280,592.898,651.378,648.803,0.956
mixed,32,16,0.5,4.0,256,2048,1024,4096,2560,691.73,805.89,805.074,0.9928
mixed,32,16,0.5,4.0,256,2048,2048,8192,5120,885.297,1113.842,1113.714,0.9994
mixed,32,16,0.5,4.0,256,2048,4096,16384,10240,1270.064,1731.651,1726.261,0.9883
mixed,32,16,0.5,4.0,256,2048,8192,32768,20480,2042.707,2968.053,2959.944,0.9912
mixed,32,16,0.5,4.0,256,8192,128,512,320,1389.122,1389.954,1390.532,1.6941
mixed,32,16,0.5,4.0,256,8192,256,1024,640,1393.777,1389.203,1388.964,
mixed,32,16,0.5,4.0,256,8192,512,2048,1280,1389.041,1463.521,1388.036,-0.0135
mixed,32,16,0.5,4.0,256,8192,1024,4096,2560,1599.972,1717.042,1484.31,-0.988
mixed,32,16,0.5,4.0,256,8192,2048,8192,5120,1793.428,2024.468,2028.85,1.019
mixed,32,16,0.5,4.0,256,8192,4096,16384,10240,2184.77,2641.733,2639.717,0.9956
mixed,32,16,0.5,4.0,256,8192,8192,32768,20480,2955.156,3873.414,3864.663,0.9905
mixed,32,16,0.5,4.0,256,16384,128,512,320,2607.139,2607.653,2607.253,0.221
mixed,32,16,0.5,4.0,256,16384,256,1024,640,2607.317,2613.91,2611.878,0.6918
mixed,32,16,0.5,4.0,256,16384,512,2048,1280,2608.213,2611.509,2607.7,-0.156
mixed,32,16,0.5,4.0,256,16384,1024,4096,2560,2606.054,2689.189,2613.894,0.0943
mixed,32,16,0.5,4.0,256,16384,2048,8192,5120,3012.934,3241.012,2782.293,-1.0112
mixed,32,16,0.5,4.0,256,16384,4096,16384,10240,3395.095,3867.88,3851.386,0.9651
mixed,32,16,0.5,4.0,256,16384,8192,32768,20480,4165.512,5089.371,5078.601,0.9883
mixed,32,16,0.5,4.0,1024,0,128,512,320,487.504,486.673,482.004,
mixed,32,16,0.5,4.0,1024,0,256,1024,640,493.601,506.655,496.052,0.1878
mixed,32,16,0.5,4.0,1024,0,512,2048,1280,516.578,537.916,513.856,-0.1276
mixed,32,16,0.5,4.0,1024,0,1024,4096,2560,552.561,590.387,553.393,0.022
mixed,32,16,0.5,4.0,1024,0,2048,8192,5120,619.583,695.107,623.601,0.0532
mixed,32,16,0.5,4.0,1024,0,4096,16384,10240,748.273,896.673,756.659,0.0565
mixed,32,16,0.5,4.0,1024,0,8192,32768,20480,999.088,1305.439,1017.108,0.0588
mixed,32,16,0.5,4.0,1024,512,128,512,320,749.501,750.752,742.671,-5.4596
mixed,32,16,0.5,4.0,1024,512,256,1024,640,753.22,760.578,754.817,0.217
mixed,32,16,0.5,4.0,1024,512,512,2048,1280,773.41,790.289,771.524,-0.1118
mixed,32,16,0.5,4.0,1024,512,1024,4096,2560,808.198,846.672,808.336,0.0036
mixed,32,16,0.5,4.0,1024,512,2048,8192,5120,872.13,951.333,876.689,0.0576
mixed,32,16,0.5,4.0,1024,512,4096,16384,10240,1002.308,1152.528,1015.713,0.0892
mixed,32,16,0.5,4.0,1024,512,8192,32768,20480,1256.339,1582.231,1269.361,0.04
mixed,32,16,0.5,4.0,1024,2048,128,512,320,1187.587,1197.844,1188.354,0.0748
mixed,32,16,0.5,4.0,1024,2048,256,1024,640,1199.97,1205.478,1202.133,0.3928
mixed,32,16,0.5,4.0,1024,2048,512,2048,1280,1219.085,1237.441,1214.372,-0.2568
mixed,32,16,0.5,4.0,1024,2048,1024,4096,2560,1253.428,1291.139,1256.277,0.0755
mixed,32,16,0.5,4.0,1024,2048,2048,8192,5120,1319.664,1400.467,1320.003,0.0042
mixed,32,16,0.5,4.0,1024,2048,4096,16384,10240,1444.629,1596.997,1455.777,0.0732
mixed,32,16,0.5,4.0,1024,2048,8192,32768,20480,1697.22,2000.726,1710.741,0.0445
mixed,32,16,0.5,4.0,1024,8192,128,512,320,2932.39,2941.795,2931.079,-0.1394
mixed,32,16,0.5,4.0,1024,8192,256,1024,640,2942.677,2959.482,2941.75,-0.0552
mixed,32,16,0.5,4.0,1024,8192,512,2048,1280,2966.341,2982.309,2957.112,-0.578
mixed,32,16,0.5,4.0,1024,8192,1024,4096,2560,2995.555,3032.598,2990.071,-0.148
mixed,32,16,0.5,4.0,1024,8192,2048,8192,5120,3051.367,3134.568,3061.205,0.1182
mixed,32,16,0.5,4.0,1024,8192,4096,16384,10240,3186.309,3333.449,3198.421,0.0823
mixed,32,16,0.5,4.0,1024,8192,8192,32768,20480,3449.496,3747.398,3454.116,0.0155
mixed,32,16,0.5,4.0,1024,16384,128,512,320,5224.663,5228.874,5226.422,0.4176
mixed,32,16,0.5,4.0,1024,16384,256,1024,640,5229.674,5236.394,5245.05,2.2879
mixed,32,16,0.5,4.0,1024,16384,512,2048,1280,5248.606,5266.103,5242.234,-0.3642
mixed,32,16,0.5,4.0,1024,16384,1024,4096,2560,5288.01,5336.282,5289.212,0.0249
mixed,32,16,0.5,4.0,1024,16384,2048,8192,5120,5339.43,5421.926,5356.01,0.201
mixed,32,16,0.5,4.0,1024,16384,4096,16384,10240,5471.978,5627.819,5489.32,0.1113
mixed,32,16,0.5,4.0,1024,16384,8192,32768,20480,5734.014,6044.81,5737.949,0.0127
mixed,32,16,0.5,4.0,4096,0,128,512,320,2207.922,2217.954,2201.204,-0.6695
mixed,32,16,0.5,4.0,4096,0,256,1024,640,2214.788,2225.047,2220.098,0.5176
mixed,32,16,0.5,4.0,4096,0,512,2048,1280,2238.98,2256.835,2234.454,-0.2535
mixed,32,16,0.5,4.0,4096,0,1024,4096,2560,2272.951,2318.694,2274.789,0.0402
mixed,32,16,0.5,4.0,4096,0,2048,8192,5120,2338.196,2415.204,2350.499,0.1598
mixed,32,16,0.5,4.0,4096,0,4096,16384,10240,2466.839,2624.289,2476.02,0.0583
mixed,32,16,0.5,4.0,4096,0,8192,32768,20480,2729.078,3037.72,2738.214,0.0296
mixed,32,16,0.5,4.0,4096,512,128,512,320,2853.383,2849.845,2836.787,
mixed,32,16,0.5,4.0,4096,512,256,1024,640,2863.799,2868.566,2856.137,-1.6072
mixed,32,16,0.5,4.0,4096,512,512,2048,1280,2870.118,2895.209,2871.492,0.0548
mixed,32,16,0.5,4.0,4096,512,1024,4096,2560,2907.816,2945.207,2907.975,0.0043
mixed,32,16,0.5,4.0,4096,512,2048,8192,5120,2969.512,3053.959,2981.782,0.1453
mixed,32,16,0.5,4.0,4096,512,4096,16384,10240,3102.947,3252.012,3109.01,0.0407
mixed,32,16,0.5,4.0,4096,512,8192,32768,20480,3362.04,3675.383,3372.982,0.0349
mixed,32,16,0.5,4.0,4096,2048,128,512,320,3924.536,3921.305,3913.095,
mixed,32,16,0.5,4.0,4096,2048,256,1024,640,3930.233,3941.501,3931.576,0.1191
mixed,32,16,0.5,4.0,4096,2048,512,2048,1280,3949.223,3967.289,3945.721,-0.1938
mixed,32,16,0.5,4.0,4096,2048,1024,4096,2560,3990.664,4023.223,3984.172,-0.1994
mixed,32,16,0.5,4.0,4096,2048,2048,8192,5120,4051.236,4125.43,4050.503,-0.0099
mixed,32,16,0.5,4.0,4096,2048,4096,16384,10240,4173.576,4323.797,4179.483,0.0393
mixed,32,16,0.5,4.0,4096,2048,8192,32768,20480,4435.737,4751.516,4456.266,0.065
mixed,32,16,0.5,4.0,4096,8192,128,512,320,8211.024,8223.069,8210.098,-0.0769
mixed,32,16,0.5,4.0,4096,8192,256,1024,640,8247.618,8239.426,8224.158,
mixed,32,16,0.5,4.0,4096,8192,512,2048,1280,8244.079,8271.122,8253.856,0.3615
mixed,32,16,0.5,4.0,4096,8192,1024,4096,2560,8306.707,8320.368,8274.21,-2.3788
mixed,32,16,0.5,4.0,4096,8192,2048,8192,5120,8334.725,8417.843,8368.197,0.4027
mixed,32,16,0.5,4.0,4096,8192,4096,16384,10240,8475.426,8618.879,8475.106,-0.0022
mixed,32,16,0.5,4.0,4096,8192,8192,32768,20480,8727.823,9056.117,8755.006,0.0828
mixed,32,16,0.5,4.0,4096,16384,128,512,320,13919.899,13933.456,13913.74,-0.4543
mixed,32,16,0.5,4.0,4096,16384,256,1024,640,13933.338,13931.629,13964.192,
mixed,32,16,0.5,4.0,4096,16384,512,2048,1280,13955.907,13893.723,13868.738,
mixed,32,16,0.5,4.0,4096,16384,1024,4096,2560,13980.337,14032.753,13982.607,0.0433
mixed,32,16,0.5,4.0,4096,16384,2048,8192,5120,13961.583,14038.861,13966.104,0.0585
mixed,32,16,0.5,4.0,4096,16384,4096,16384,10240,14178.592,14383.745,14214.317,0.1741
mixed,32,16,0.5,4.0,4096,16384,8192,32768,20480,14365.311,14697.252,14372.798,0.0226
pure,32,24,0.75,4.0,0,0,128,512,416,129.986,134.288,149.745,4.592
pure,32,24,0.75,4.0,0,0,256,1024,832,139.969,145.535,152.097,2.1787
pure,32,24,0.75,4.0,0,0,512,2048,1664,159.28,170.369,184.192,2.2466
pure,32,24,0.75,4.0,0,0,1024,4096,3328,201.456,221.187,239.663,1.9364
pure,32,24,0.75,4.0,0,0,2048,8192,6656,285.666,325.727,342.225,1.4118
pure,32,24,0.75,4.0,0,0,4096,16384,13312,452.322,526.801,530.929,1.0554
pure,32,24,0.75,4.0,0,0,8192,32768,26624,782.304,936.803,904.611,0.7916
mixed,32,24,0.75,4.0,16,0,128,512,416,150.992,147.569,140.144,
mixed,32,24,0.75,4.0,16,0,256,1024,832,159.825,161.327,173.36,9.014
mixed,32,24,0.75,4.0,16,0,512,2048,1664,187.424,184.495,209.681,
mixed,32,24,0.75,4.0,16,0,1024,4096,3328,216.206,240.241,261.137,1.8694
mixed,32,24,0.75,4.0,16,0,2048,8192,6656,306.943,350.112,366.755,1.3855
mixed,32,24,0.75,4.0,16,0,4096,16384,13312,473.073,548.898,556.576,1.1013
mixed,32,24,0.75,4.0,16,0,8192,32768,26624,802.447,960.148,935.507,0.8438
mixed,32,24,0.75,4.0,16,512,128,512,416,153.214,190.817,154.287,0.0285
mixed,32,24,0.75,4.0,16,512,256,1024,832,161.919,165.456,180.112,5.1442
mixed,32,24,0.75,4.0,16,512,512,2048,1664,177.296,237.825,172.434,-0.0803
mixed,32,24,0.75,4.0,16,512,1024,4096,3328,277.041,296.289,273.551,-0.1813
mixed,32,24,0.75,4.0,16,512,2048,8192,6656,366.864,400.913,397.361,0.8957
mixed,32,24,0.75,4.0,16,512,4096,16384,13312,523.664,597.602,610.466,1.174
mixed,32,24,0.75,4.0,16,512,8192,32768,26624,842.867,989.328,992.578,1.0222
mixed,32,24,0.75,4.0,16,2048,128,512,416,158.799,198.339,158.127,-0.017
mixed,32,24,0.75,4.0,16,2048,256,1024,832,174.272,178.447,174.368,0.023
mixed,32,24,0.75,4.0,16,2048,512,2048,1664,250.881,273.792,192.719,-2.5385
mixed,32,24,0.75,4.0,16,2048,1024,4096,3328,230.69,254.193,305.587,3.1866
mixed,32,24,0.75,4.0,16,2048,2048,8192,6656,430.144,495.457,309.407,-1.8486
mixed,32,24,0.75,4.0,16,2048,4096,16384,13312,619.843,696.688,622.977,0.0408
mixed,32,24,0.75,4.0,16,2048,8192,32768,26624,946.114,1093.889,1089.202,0.9683
mixed,32,24,0.75,4.0,16,8192,128,512,416,228.096,219.567,219.249,
mixed,32,24,0.75,4.0,16,8192,256,1024,832,269.12,237.185,294.672,
mixed,32,24,0.75,4.0,16,8192,512,2048,1664,293.793,321.184,320.432,0.9725
mixed,32,24,0.75,4.0,16,8192,1024,4096,3328,419.042,301.598,374.305,
mixed,32,24,0.75,4.0,16,8192,2048,8192,6656,514.561,599.297,357.072,-1.8586
mixed,32,24,0.75,4.0,16,8192,4096,16384,13312,528.226,601.68,797.968,3.6723
mixed,32,24,0.75,4.0,16,8192,8192,32768,26624,1251.985,1499.7,831.137,-1.6989
mixed,32,24,0.75,4.0,16,16384,128,512,416,316.352,315.79,315.969,
mixed,32,24,0.75,4.0,16,16384,256,1024,832,316.738,314.447,316.32,
mixed,32,24,0.75,4.0,16,16384,512,2048,1664,402.29,343.071,457.042,
mixed,32,24,0.75,4.0,16,16384,1024,4096,3328,425.489,483.842,479.68,0.9287
mixed,32,24,0.75,4.0,16,16384,2048,8192,6656,660.785,466.001,586.881,
mixed,32,24,0.75,4.0,16,16384,4096,16384,13312,863.394,1023.938,584.689,-1.736
mixed,32,24,0.75,4.0,16,16384,8192,32768,26624,888.819,1052.128,1444.996,3.4057
mixed,32,24,0.75,4.0,64,0,128,512,416,148.947,155.456,150.495,0.2378
mixed,32,24,0.75,4.0,64,0,256,1024,832,169.153,177.696,171.823,0.3126
mixed,32,24,0.75,4.0,64,0,512,2048,1664,204.208,219.281,215.713,0.7633
mixed,32,24,0.75,4.0,64,0,1024,4096,3328,267.714,301.521,296.991,0.866
mixed,32,24,0.75,4.0,64,0,2048,8192,6656,397.727,458.113,455.616,0.9587
mixed,32,24,0.75,4.0,64,0,4096,16384,13312,656.689,774.05,766.945,0.9395
mixed,32,24,0.75,4.0,64,0,8192,32768,26624,1172.753,1399.329,1392.13,0.9682
mixed,32,24,0.75,4.0,64,512,128,512,416,214.942,230.928,224.977,0.6277
mixed,32,24,0.75,4.0,64,512,256,1024,832,167.535,175.216,172.481,0.6439
mixed,32,24,0.75,4.0,64,512,512,2048,1664,199.808,216.751,211.507,0.6905
mixed,32,24,0.75,4.0,64,512,1024,4096,3328,269.265,299.858,293.488,0.7918
mixed,32,24,0.75,4.0,64,512,2048,8192,6656,401.248,460.354,452.193,0.8619
mixed,32,24,0.75,4.0,64,512,4096,16384,13312,656.402,776.658,768.145,0.9292
mixed,32,24,0.75,4.0,64,512,8192,32768,26624,1166.595,1400.465,1389.409,0.9527
mixed,32,24,0.75,4.0,64,2048,128,512,416,274.656,285.279,284.015,0.881
mixed,32,24,0.75,4.0,64,2048,256,1024,832,309.679,325.522,324.4,0.9292
mixed,32,24,0.75,4.0,64,2048,512,2048,1664,342.481,357.091,351.169,0.5947
mixed,32,24,0.75,4.0,64,2048,1024,4096,3328,408.16,298.625,433.266,
mixed,32,24,0.75,4.0,64,2048,2048,8192,6656,406.848,464.85,456.864,0.8623
mixed,32,24,0.75,4.0,64,2048,4096,16384,13312,663.153,782.085,771.745,0.9131
mixed,32,24,0.75,4.0,64,2048,8192,32768,26624,1175.923,1414.019,1399.555,0.9393
mixed,32,24,0.75,4.0,64,8192,128,512,416,511.059,521.601,490.591,-1.9414
mixed,32,24,0.75,4.0,64,8192,256,1024,832,546.707,561.298,560.625,0.9539
mixed,32,24,0.75,4.0,64,8192,512,2048,1664,611.523,642.146,640.48,0.9456
mixed,32,24,0.75,4.0,64,8192,1024,4096,3328,737.776,798.72,796.226,0.9591
mixed,32,24,0.75,4.0,64,8192,2048,8192,6656,768.644,829.377,821.425,0.8691
mixed,32,24,0.75,4.0,64,8192,4096,16384,13312,1023.249,780.608,1137.169,
mixed,32,24,0.75,4.0,64,8192,8192,32768,26624,1174.799,1413.236,1396.769,0.9309
mixed,32,24,0.75,4.0,64,16384,128,512,416,786.128,787.65,787.011,0.58
mixed,32,24,0.75,4.0,64,16384,256,1024,832,786.513,868.371,791.812,0.0647
mixed,32,24,0.75,4.0,64,16384,512,2048,1664,920.785,945.682,947.553,1.0752
mixed,32,24,0.75,4.0,64,16384,1024,4096,3328,1043.394,1103.379,1103.073,0.9949
mixed,32,24,0.75,4.0,64,16384,2048,8192,6656,1294.385,1413.314,1413.667,1.003
mixed,32,24,0.75,4.0,64,16384,4096,16384,13312,1333.236,1446.195,1436.947,0.9181
mixed,32,24,0.75,4.0,64,16384,8192,32768,26624,1849.86,1409.588,2070.595,
mixed,32,24,0.75,4.0,256,0,128,512,416,181.376,183.552,179.487,-0.8683
mixed,32,24,0.75,4.0,256,0,256,1024,832,185.793,198.337,196.736,0.8724
mixed,32,24,0.75,4.0,256,0,512,2048,1664,249.088,280.37,278.161,0.9294
mixed,32,24,0.75,4.0,256,0,1024,4096,3328,376.64,434.178,432.656,0.9735
mixed,32,24,0.75,4.0,256,0,2048,8192,6656,625.763,746.705,739.505,0.9405
mixed,32,24,0.75,4.0,256,0,4096,16384,13312,1123.472,1358.898,1359.059,1.0007
mixed,32,24,0.75,4.0,256,0,8192,32768,26624,2138.979,2588.82,2587.668,0.9974
mixed,32,24,0.75,4.0,256,512,128,512,416,283.28,292.543,290.737,0.805
mixed,32,24,0.75,4.0,256,512,256,1024,832,321.058,336.753,333.985,0.8236
mixed,32,24,0.75,4.0,256,512,512,2048,1664,387.2,415.104,412.338,0.9009
mixed,32,24,0.75,4.0,256,512,1024,4096,3328,511.392,568.159,568.241,1.0015
mixed,32,24,0.75,4.0,256,512,2048,8192,6656,760.0,876.45,877.25,1.0069
mixed,32,24,0.75,4.0,256,512,4096,16384,13312,1256.323,1485.876,1483.537,0.9898
mixed,32,24,0.75,4.0,256,512,8192,32768,26624,2249.445,2706.661,2712.341,1.0124
mixed,32,24,0.75,4.0,256,2048,128,512,416,501.011,526.883,497.519,-0.135
mixed,32,24,0.75,4.0,256,2048,256,1024,832,551.537,567.808,566.353,0.9106
mixed,32,24,0.75,4.0,256,2048,512,2048,1664,618.784,649.106,648.164,0.9689
mixed,32,24,0.75,4.0,256,2048,1024,4096,3328,748.403,804.177,801.569,0.9532
mixed,32,24,0.75,4.0,256,2048,2048,8192,6656,993.953,1108.404,1106.163,0.9804
mixed,32,24,0.75,4.0,256,2048,4096,16384,13312,1491.908,1720.837,1716.45,0.9808
mixed,32,24,0.75,4.0,256,2048,8192,32768,26624,2482.164,2941.926,2939.797,0.9954
mixed,32,24,0.75,4.0,256,8192,128,512,416,1381.616,1381.075,1383.892,
mixed,32,24,0.75,4.0,256,8192,256,1024,832,1383.521,1380.947,1383.57,
mixed,32,24,0.75,4.0,256,8192,512,2048,1664,1382.324,1455.298,1381.697,-0.0086
mixed,32,24,0.75,4.0,256,8192,1024,4096,3328,1649.491,1707.668,1708.897,1.0211
mixed,32,24,0.75,4.0,256,8192,2048,8192,6656,1897.682,2009.779,2011.331,1.0138
mixed,32,24,0.75,4.0,256,8192,4096,16384,13312,2401.078,2623.635,2621.795,0.9917
mixed,32,24,0.75,4.0,256,8192,8192,32768,26624,3392.07,3853.527,3844.373,0.9802
mixed,32,24,0.75,4.0,256,16384,128,512,416,2592.341,2591.124,2589.684,
mixed,32,24,0.75,4.0,256,16384,256,1024,832,2588.899,2588.887,2597.207,
mixed,32,24,0.75,4.0,256,16384,512,2048,1664,2591.334,2591.844,2583.765,-14.8112
mixed,32,24,0.75,4.0,256,16384,1024,4096,3328,2586.472,2681.544,2597.62,0.1173
mixed,32,24,0.75,4.0,256,16384,2048,8192,6656,3111.255,3215.861,3220.838,1.0476
mixed,32,24,0.75,4.0,256,16384,4096,16384,13312,3603.239,3828.007,3832.566,1.0203
mixed,32,24,0.75,4.0,256,16384,8192,32768,26624,4596.923,5056.841,5045.593,0.9755
mixed,32,24,0.75,4.0,1024,0,128,512,416,483.619,486.162,505.453,8.5861
mixed,32,24,0.75,4.0,1024,0,256,1024,832,497.84,507.181,508.001,1.0878
mixed,32,24,0.75,4.0,1024,0,512,2048,1664,524.545,536.801,547.407,1.8654
mixed,32,24,0.75,4.0,1024,0,1024,4096,3328,568.96,588.596,605.185,1.8449
mixed,32,24,0.75,4.0,1024,0,2048,8192,6656,655.329,696.995,707.171,1.2442
mixed,32,24,0.75,4.0,1024,0,4096,16384,13312,821.282,895.153,894.387,0.9896
mixed,32,24,0.75,4.0,1024,0,8192,32768,26624,1153.572,1306.721,1271.233,0.7683
mixed,32,24,0.75,4.0,1024,512,128,512,416,744.109,749.489,766.85,4.227
mixed,32,24,0.75,4.0,1024,512,256,1024,832,757.166,765.682,768.706,1.3551
mixed,32,24,0.75,4.0,1024,512,512,2048,1664,780.048,792.368,803.167,1.8765
mixed,32,24,0.75,4.0,1024,512,1024,4096,3328,823.021,843.25,860.066,1.8313
mixed,32,24,0.75,4.0,1024,512,2048,8192,6656,911.214,951.794,960.243,1.2082
mixed,32,24,0.75,4.0,1024,512,4096,16384,13312,1078.83,1150.511,1154.832,1.0603
mixed,32,24,0.75,4.0,1024,512,8192,32768,26624,1413.763,1578.13,1530.611,0.7109
mixed,32,24,0.75,4.0,1024,2048,128,512,416,1188.673,1190.931,1208.21,8.6523
mixed,32,24,0.75,4.0,1024,2048,256,1024,832,1203.057,1203.916,1212.928,11.4919
mixed,32,24,0.75,4.0,1024,2048,512,2048,1664,1221.139,1231.635,1246.865,2.4511
mixed,32,24,0.75,4.0,1024,2048,1024,4096,3328,1269.837,1285.139,1300.691,2.0163
mixed,32,24,0.75,4.0,1024,2048,2048,8192,6656,1348.338,1389.796,1400.26,1.2524
mixed,32,24,0.75,4.0,1024,2048,4096,16384,13312,1514.72,1591.72,1587.861,0.9499
mixed,32,24,0.75,4.0,1024,2048,8192,32768,26624,1844.053,1999.271,1966.034,0.7859
mixed,32,24,0.75,4.0,1024,8192,128,512,416,2930.003,2929.347,2943.048,
mixed,32,24,0.75,4.0,1024,8192,256,1024,832,2931.319,2958.678,2954.421,0.8444
mixed,32,24,0.75,4.0,1024,8192,512,2048,1664,2965.383,2966.019,2991.861,41.664
mixed,32,24,0.75,4.0,1024,8192,1024,4096,3328,3007.219,3018.341,3039.062,2.8629
mixed,32,24,0.75,4.0,1024,8192,2048,8192,6656,3082.071,3120.774,3136.136,1.3969
mixed,32,24,0.75,4.0,1024,8192,4096,16384,13312,3252.452,3323.258,3323.031,0.9968
mixed,32,24,0.75,4.0,1024,8192,8192,32768,26624,3587.11,3741.958,3718.952,0.8514
mixed,32,24,0.75,4.0,1024,16384,128,512,416,5207.576,5193.342,5223.832,
mixed,32,24,0.75,4.0,1024,16384,256,1024,832,5222.075,5221.385,5229.405,
mixed,32,24,0.75,4.0,1024,16384,512,2048,1664,5238.088,5250.568,5261.414,1.8691
mixed,32,24,0.75,4.0,1024,16384,1024,4096,3328,5287.306,5300.51,5315.611,2.1437
mixed,32,24,0.75,4.0,1024,16384,2048,8192,6656,5366.758,5388.633,5405.896,1.7892
mixed,32,24,0.75,4.0,1024,16384,4096,16384,13312,5537.098,5614.123,5614.635,1.0066
mixed,32,24,0.75,4.0,1024,16384,8192,32768,26624,5856.333,6012.574,5979.149,0.7861
mixed,32,24,0.75,4.0,4096,0,128,512,416,2200.149,2204.931,2222.821,4.7416
mixed,32,24,0.75,4.0,4096,0,256,1024,832,2208.257,2216.054,2232.294,3.0829
mixed,32,24,0.75,4.0,4096,0,512,2048,1664,2238.037,2253.588,2262.419,1.5678
mixed,32,24,0.75,4.0,4096,0,1024,4096,3328,2288.019,2304.694,2317.762,1.7837
mixed,32,24,0.75,4.0,4096,0,2048,8192,6656,2367.298,2406.07,2419.015,1.3339
mixed,32,24,0.75,4.0,4096,0,4096,16384,13312,2535.283,2618.116,2598.003,0.7572
mixed,32,24,0.75,4.0,4096,0,8192,32768,26624,2878.003,3023.847,2985.557,0.7375
mixed,32,24,0.75,4.0,4096,512,128,512,416,2834.998,2836.644,2860.197,15.3095
mixed,32,24,0.75,4.0,4096,512,256,1024,832,2841.349,2855.958,2876.868,2.4313
mixed,32,24,0.75,4.0,4096,512,512,2048,1664,2868.918,2878.614,2889.617,2.1347
mixed,32,24,0.75,4.0,4096,512,1024,4096,3328,2924.81,2933.847,2950.711,2.8663
mixed,32,24,0.75,4.0,4096,512,2048,8192,6656,2996.503,3038.516,3060.453,1.5222
mixed,32,24,0.75,4.0,4096,512,4096,16384,13312,3154.935,3246.967,3234.983,0.8698
mixed,32,24,0.75,4.0,4096,512,8192,32768,26624,3499.447,3656.102,3621.266,0.7776
mixed,32,24,0.75,4.0,4096,2048,128,512,416,3908.652,3901.797,3935.967,
mixed,32,24,0.75,4.0,4096,2048,256,1024,832,3915.401,3923.99,3926.535,1.2963
mixed,32,24,0.75,4.0,4096,2048,512,2048,1664,3940.038,3944.439,3962.741,5.1591
mixed,32,24,0.75,4.0,4096,2048,1024,4096,3328,3989.51,3999.365,4019.975,3.0913
mixed,32,24,0.75,4.0,4096,2048,2048,8192,6656,4067.511,4101.224,4118.376,1.5088
mixed,32,24,0.75,4.0,4096,2048,4096,16384,13312,4242.708,4311.543,4315.241,1.0537
mixed,32,24,0.75,4.0,4096,2048,8192,32768,26624,4567.56,4726.649,4699.755,0.8309
mixed,32,24,0.75,4.0,4096,8192,128,512,416,8175.935,8173.506,8180.1,
mixed,32,24,0.75,4.0,4096,8192,256,1024,832,8190.13,8189.951,8189.807,
mixed,32,24,0.75,4.0,4096,8192,512,2048,1664,8198.389,8224.479,8252.03,2.056
mixed,32,24,0.75,4.0,4096,8192,1024,4096,3328,8258.002,8354.61,8330.921,0.7548
mixed,32,24,0.75,4.0,4096,8192,2048,8192,6656,8386.541,8423.267,8427.27,1.109
mixed,32,24,0.75,4.0,4096,8192,4096,16384,13312,8548.612,8625.703,8621.184,0.9414
mixed,32,24,0.75,4.0,4096,8192,8192,32768,26624,8914.886,9054.497,9042.402,0.9134
mixed,32,24,0.75,4.0,4096,16384,128,512,416,13936.943,13947.341,13958.218,2.046
mixed,32,24,0.75,4.0,4096,16384,256,1024,832,13845.775,13961.943,13951.259,0.908
mixed,32,24,0.75,4.0,4096,16384,512,2048,1664,13874.083,13889.23,13898.149,1.5889
mixed,32,24,0.75,4.0,4096,16384,1024,4096,3328,13909.47,14021.128,13951.322,0.3748
mixed,32,24,0.75,4.0,4096,16384,2048,8192,6656,13989.341,14040.353,14047.617,1.1424
mixed,32,24,0.75,4.0,4096,16384,4096,16384,13312,14170.287,14243.698,14288.351,1.6083
mixed,32,24,0.75,4.0,4096,16384,8192,32768,26624,14523.099,14663.453,14628.798,0.7531
pure,32,29,0.9062,4.0,0,0,128,512,476,129.454,134.032,129.951,0.1086
pure,32,29,0.9062,4.0,0,0,256,1024,952,142.0,146.496,142.945,0.21
pure,32,29,0.9062,4.0,0,0,512,2048,1904,167.185,169.92,164.816,-0.866
pure,32,29,0.9062,4.0,0,0,1024,4096,3808,216.545,220.688,215.663,-0.2129
pure,32,29,0.9062,4.0,0,0,2048,8192,7616,310.832,325.216,431.937,8.4194
pure,32,29,0.9062,4.0,0,0,4096,16384,15232,498.896,525.793,706.561,7.7206
pure,32,29,0.9062,4.0,0,0,8192,32768,30464,876.85,937.65,1275.476,6.5562
mixed,32,29,0.9062,4.0,16,0,128,512,476,143.488,148.175,143.952,0.099
mixed,32,29,0.9062,4.0,16,0,256,1024,952,159.439,159.072,156.08,
mixed,32,29,0.9062,4.0,16,0,512,2048,1904,188.384,184.417,181.504,
mixed,32,29,0.9062,4.0,16,0,1024,4096,3808,234.495,241.52,234.24,-0.0362
mixed,32,29,0.9062,4.0,16,0,2048,8192,7616,335.296,346.88,332.048,-0.2804
mixed,32,29,0.9062,4.0,16,0,4096,16384,15232,517.777,546.576,726.081,7.2331
mixed,32,29,0.9062,4.0,16,0,8192,32768,30464,902.259,954.785,1293.859,7.4553
mixed,32,29,0.9062,4.0,16,512,128,512,476,154.483,190.288,185.968,0.8793
mixed,32,29,0.9062,4.0,16,512,256,1024,952,167.742,165.058,162.785,
mixed,32,29,0.9062,4.0,16,512,512,2048,1904,183.201,236.927,218.721,0.6611
mixed,32,29,0.9062,4.0,16,512,1024,4096,3808,286.833,296.417,280.192,-0.6928
mixed,32,29,0.9062,4.0,16,512,2048,8192,7616,390.112,400.448,370.736,-1.8745
mixed,32,29,0.9062,4.0,16,512,4096,16384,15232,564.402,595.697,562.418,-0.0634
mixed,32,29,0.9062,4.0,16,512,8192,32768,30464,932.114,996.147,925.827,-0.0982
mixed,32,29,0.9062,4.0,16,2048,128,512,476,191.425,197.519,195.825,0.722
mixed,32,29,0.9062,4.0,16,2048,256,1024,952,175.984,177.715,175.873,-0.0644
mixed,32,29,0.9062,4.0,16,2048,512,2048,1904,265.664,273.696,270.866,0.6477
mixed,32,29,0.9062,4.0,16,2048,1024,4096,3808,247.314,255.571,320.29,8.8381
mixed,32,29,0.9062,4.0,16,2048,2048,8192,7616,476.896,495.201,477.33,0.0237
mixed,32,29,0.9062,4.0,16,2048,4096,16384,15232,668.13,695.363,667.811,-0.0117
mixed,32,29,0.9062,4.0,16,2048,8192,32768,30464,1037.809,1095.556,1042.083,0.074
mixed,32,29,0.9062,4.0,16,8192,128,512,476,227.425,219.423,219.618,
mixed,32,29,0.9062,4.0,16,8192,256,1024,952,237.457,237.376,235.072,
mixed,32,29,0.9062,4.0,16,8192,512,2048,1904,305.888,320.416,317.647,0.8095
mixed,32,29,0.9062,4.0,16,8192,1024,4096,3808,295.52,300.559,295.215,-0.0604
mixed,32,29,0.9062,4.0,16,8192,2048,8192,7616,567.569,596.801,593.617,0.8911
mixed,32,29,0.9062,4.0,16,8192,4096,16384,15232,569.746,608.577,817.986,6.3927
mixed,32,29,0.9062,4.0,16,8192,8192,32768,30464,1408.212,1497.187,1483.811,0.8497
mixed,32,29,0.9062,4.0,16,16384,128,512,476,315.872,315.521,316.497,
mixed,32,29,0.9062,4.0,16,16384,256,1024,952,317.457,315.296,316.192,
mixed,32,29,0.9062,4.0,16,16384,512,2048,1904,342.8,342.4,342.56,
mixed,32,29,0.9062,4.0,16,16384,1024,4096,3808,460.244,483.616,481.714,0.9186
mixed,32,29,0.9062,4.0,16,16384,2048,8192,7616,461.057,465.697,462.673,0.3485
mixed,32,29,0.9062,4.0,16,16384,4096,16384,15232,964.386,1021.761,1022.355,1.0104
mixed,32,29,0.9062,4.0,16,16384,8192,32768,30464,991.042,1052.13,1466.132,7.7772
mixed,32,29,0.9062,4.0,64,0,128,512,476,155.119,154.786,153.537,
mixed,32,29,0.9062,4.0,64,0,256,1024,952,173.313,176.608,175.632,0.7038
mixed,32,29,0.9062,4.0,64,0,512,2048,1904,211.474,218.673,217.985,0.9045
mixed,32,29,0.9062,4.0,64,0,1024,4096,3808,285.857,298.995,297.808,0.9097
mixed,32,29,0.9062,4.0,64,0,2048,8192,7616,435.566,460.161,454.128,0.7547
mixed,32,29,0.9062,4.0,64,0,4096,16384,15232,725.09,774.449,770.658,0.9232
mixed,32,29,0.9062,4.0,64,0,8192,32768,30464,1309.907,1397.859,1396.226,0.9814
mixed,32,29,0.9062,4.0,64,512,128,512,476,225.185,231.666,227.632,0.3775
mixed,32,29,0.9062,4.0,64,512,256,1024,952,170.976,176.544,172.767,0.3216
mixed,32,29,0.9062,4.0,64,512,512,2048,1904,208.64,216.912,214.865,0.7525
mixed,32,29,0.9062,4.0,64,512,1024,4096,3808,286.561,301.52,296.418,0.6589
mixed,32,29,0.9062,4.0,64,512,2048,8192,7616,437.2,458.61,456.015,0.8788
mixed,32,29,0.9062,4.0,64,512,4096,16384,15232,728.273,773.986,770.483,0.9234
mixed,32,29,0.9062,4.0,64,512,8192,32768,30464,1313.97,1404.739,1402.98,0.9806
mixed,32,29,0.9062,4.0,64,2048,128,512,476,280.161,284.177,285.072,1.223
mixed,32,29,0.9062,4.0,64,2048,256,1024,952,314.979,327.41,326.226,0.9048
mixed,32,29,0.9062,4.0,64,2048,512,2048,1904,347.089,358.369,354.544,0.661
mixed,32,29,0.9062,4.0,64,2048,1024,4096,3808,287.665,299.441,296.833,0.7785
mixed,32,29,0.9062,4.0,64,2048,2048,8192,7616,442.817,465.169,460.161,0.7759
mixed,32,29,0.9062,4.0,64,2048,4096,16384,15232,736.897,786.641,776.354,0.7932
mixed,32,29,0.9062,4.0,64,2048,8192,32768,30464,1319.953,1407.763,1403.634,0.953
mixed,32,29,0.9062,4.0,64,8192,128,512,476,516.05,522.034,520.368,0.7216
mixed,32,29,0.9062,4.0,64,8192,256,1024,952,553.523,561.314,561.377,1.0082
mixed,32,29,0.9062,4.0,64,8192,512,2048,1904,627.409,642.818,641.298,0.9013
mixed,32,29,0.9062,4.0,64,8192,1024,4096,3808,774.275,801.09,798.161,0.8908
mixed,32,29,0.9062,4.0,64,8192,2048,8192,7616,804.289,828.097,830.578,1.1042
mixed,32,29,0.9062,4.0,64,8192,4096,16384,15232,766.002,782.482,775.186,0.5573
mixed,32,29,0.9062,4.0,64,8192,8192,32768,30464,1324.226,1413.059,1407.746,0.9402
mixed,32,29,0.9062,4.0,64,16384,128,512,476,787.187,785.954,785.33,
mixed,32,29,0.9062,4.0,64,16384,256,1024,952,841.411,870.303,870.994,1.0239
mixed,32,29,0.9062,4.0,64,16384,512,2048,1904,935.761,947.379,949.586,1.19
mixed,32,29,0.9062,4.0,64,16384,1024,4096,3808,1082.658,1109.826,1103.635,0.7721
mixed,32,29,0.9062,4.0,64,16384,2048,8192,7616,1371.585,1413.346,1418.58,1.1253
mixed,32,29,0.9062,4.0,64,16384,4096,16384,15232,1405.314,1454.098,1447.093,0.8564
mixed,32,29,0.9062,4.0,64,16384,8192,32768,30464,1383.458,1410.035,1404.673,0.7983
mixed,32,29,0.9062,4.0,256,0,128,512,476,181.984,182.494,181.392,-1.1618
mixed,32,29,0.9062,4.0,256,0,256,1024,952,188.88,197.552,198.431,1.1014
mixed,32,29,0.9062,4.0,256,0,512,2048,1904,265.377,280.207,277.329,0.8059
mixed,32,29,0.9062,4.0,256,0,1024,4096,3808,411.457,435.137,431.65,0.8527
mixed,32,29,0.9062,4.0,256,0,2048,8192,7616,698.976,742.643,743.153,1.0117
mixed,32,29,0.9062,4.0,256,0,4096,16384,15232,1267.731,1356.641,1356.223,0.9953
mixed,32,29,0.9062,4.0,256,0,8192,32768,30464,2423.043,2583.459,2577.269,0.9614
mixed,32,29,0.9062,4.0,256,512,128,512,476,288.88,295.135,292.497,0.5782
mixed,32,29,0.9062,4.0,256,512,256,1024,952,328.546,337.168,336.466,0.9185
mixed,32,29,0.9062,4.0,256,512,512,2048,1904,403.17,416.609,414.384,0.8345
mixed,32,29,0.9062,4.0,256,512,1024,4096,3808,544.832,568.558,567.727,0.965
mixed,32,29,0.9062,4.0,256,512,2048,8192,7616,831.007,873.873,872.516,0.9684
mixed,32,29,0.9062,4.0,256,512,4096,16384,15232,1399.938,1485.107,1484.436,0.9921
mixed,32,29,0.9062,4.0,256,512,8192,32768,30464,2536.007,2711.284,2711.765,1.0027
mixed,32,29,0.9062,4.0,256,2048,128,512,476,521.647,525.873,523.407,0.4165
mixed,32,29,0.9062,4.0,256,2048,256,1024,952,560.208,568.146,567.471,0.915
mixed,32,29,0.9062,4.0,256,2048,512,2048,1904,635.312,648.53,650.13,1.1211
mixed,32,29,0.9062,4.0,256,2048,1024,4096,3808,780.161,805.697,801.985,0.8546
mixed,32,29,0.9062,4.0,256,2048,2048,8192,7616,1067.54,1109.058,1114.129,1.1221
mixed,32,29,0.9062,4.0,256,2048,4096,16384,15232,1639.476,1726.948,1720.563,0.927
mixed,32,29,0.9062,4.0,256,2048,8192,32768,30464,2771.748,2938.789,2941.86,1.0184
mixed,32,29,0.9062,4.0,256,8192,128,512,476,1382.067,1382.099,1382.611,17.0156
mixed,32,29,0.9062,4.0,256,8192,256,1024,952,1388.051,1382.82,1382.641,
mixed,32,29,0.9062,4.0,256,8192,512,2048,1904,1402.514,1455.617,1453.377,0.9578
mixed,32,29,0.9062,4.0,256,8192,1024,4096,3808,1682.354,1704.613,1707.779,1.1423
mixed,32,29,0.9062,4.0,256,8192,2048,8192,7616,1973.475,2010.964,2012.018,1.0281
mixed,32,29,0.9062,4.0,256,8192,4096,16384,15232,2548.917,2633.316,2637.428,1.0487
mixed,32,29,0.9062,4.0,256,8192,8192,32768,30464,3692.313,3849.589,3846.038,0.9774
mixed,32,29,0.9062,4.0,256,16384,128,512,476,2593.525,2596.978,2594.646,0.3245
mixed,32,29,0.9062,4.0,256,16384,256,1024,952,2590.276,2596.449,2596.325,0.9798
mixed,32,29,0.9062,4.0,256,16384,512,2048,1904,2594.274,2585.556,2596.049,
mixed,32,29,0.9062,4.0,256,16384,1024,4096,3808,2586.882,2671.011,2668.838,0.9742
mixed,32,29,0.9062,4.0,256,16384,2048,8192,7616,3174.037,3215.606,3220.165,1.1097
mixed,32,29,0.9062,4.0,256,16384,4096,16384,15232,3742.212,3831.06,3826.325,0.9467
mixed,32,29,0.9062,4.0,256,16384,8192,32768,30464,4880.712,5049.287,5046.009,0.9806
mixed,32,29,0.9062,4.0,1024,0,128,512,476,484.272,489.554,488.464,0.7937
mixed,32,29,0.9062,4.0,1024,0,256,1024,952,501.199,504.178,500.257,-0.3164
mixed,32,29,0.9062,4.0,1024,0,512,2048,1904,530.657,533.186,529.38,-0.5048
mixed,32,29,0.9062,4.0,1024,0,1024,4096,3808,581.873,591.236,583.441,0.1675
mixed,32,29,0.9062,4.0,1024,0,2048,8192,7616,680.592,697.108,798.897,7.1632
mixed,32,29,0.9062,4.0,1024,0,4096,16384,15232,866.88,893.536,1071.252,7.667
mixed,32,29,0.9062,4.0,1024,0,8192,32768,30464,1246.196,1307.892,1643.554,6.4406
mixed,32,29,0.9062,4.0,1024,512,128,512,476,744.309,747.44,743.877,-0.138
mixed,32,29,0.9062,4.0,1024,512,256,1024,952,757.968,761.792,759.65,0.4399
mixed,32,29,0.9062,4.0,1024,512,512,2048,1904,785.695,790.563,784.607,-0.2234
mixed,32,29,0.9062,4.0,1024,512,1024,4096,3808,837.171,844.274,836.709,-0.0652
mixed,32,29,0.9062,4.0,1024,512,2048,8192,7616,936.064,950.689,1056.405,8.2284
mixed,32,29,0.9062,4.0,1024,512,4096,16384,15232,1121.957,1148.114,1332.754,8.0587
mixed,32,29,0.9062,4.0,1024,512,8192,32768,30464,1514.226,1572.724,1907.106,6.7162
mixed,32,29,0.9062,4.0,1024,2048,128,512,476,1187.956,1193.474,1188.274,0.0577
mixed,32,29,0.9062,4.0,1024,2048,256,1024,952,1209.089,1207.621,1203.06,
mixed,32,29,0.9062,4.0,1024,2048,512,2048,1904,1228.494,1236.296,1226.629,-0.2391
mixed,32,29,0.9062,4.0,1024,2048,1024,4096,3808,1278.674,1289.523,1278.48,-0.018
mixed,32,29,0.9062,4.0,1024,2048,2048,8192,7616,1372.821,1388.93,1494.4,7.5471
mixed,32,29,0.9062,4.0,1024,2048,4096,16384,15232,1561.636,1591.062,1770.13,7.0855
mixed,32,29,0.9062,4.0,1024,2048,8192,32768,30464,1941.767,1999.217,2340.148,6.9344
mixed,32,29,0.9062,4.0,1024,8192,128,512,476,2928.887,2934.228,2925.443,-0.6448
mixed,32,29,0.9062,4.0,1024,8192,256,1024,952,2948.809,2939.939,2943.158,
mixed,32,29,0.9062,4.0,1024,8192,512,2048,1904,2969.109,2975.091,2972.761,0.6105
mixed,32,29,0.9062,4.0,1024,8192,1024,4096,3808,3023.832,3024.081,3013.252,-42.4048
mixed,32,29,0.9062,4.0,1024,8192,2048,8192,7616,3115.974,3120.073,3222.87,26.0786
mixed,32,29,0.9062,4.0,1024,8192,4096,16384,15232,3307.015,3330.807,3504.519,8.3011
mixed,32,29,0.9062,4.0,1024,8192,8192,32768,30464,3680.757,3735.21,4073.335,7.2096
mixed,32,29,0.9062,4.0,1024,16384,128,512,476,5199.903,5205.645,5194.457,-0.9482
mixed,32,29,0.9062,4.0,1024,16384,256,1024,952,5225.625,5221.13,5220.553,
mixed,32,29,0.9062,4.0,1024,16384,512,2048,1904,5256.327,5261.429,5237.802,-3.6306
mixed,32,29,0.9062,4.0,1024,16384,1024,4096,3808,5298.011,5303.581,5293.161,-0.8707
mixed,32,29,0.9062,4.0,1024,16384,2048,8192,7616,5394.119,5405.449,5502.984,9.6093
mixed,32,29,0.9062,4.0,1024,16384,4096,16384,15232,5592.203,5603.59,5784.752,16.9088
mixed,32,29,0.9062,4.0,1024,16384,8192,32768,30464,5956.778,6029.099,6352.97,5.4782
mixed,32,29,0.9062,4.0,4096,0,128,512,476,2203.012,2199.272,2202.452,
mixed,32,29,0.9062,4.0,4096,0,256,1024,952,2225.409,2221.736,2217.524,
mixed,32,29,0.9062,4.0,4096,0,512,2048,1904,2247.831,2249.878,2248.727,0.438
mixed,32,29,0.9062,4.0,4096,0,1024,4096,3808,2296.532,2306.374,2299.543,0.306
mixed,32,29,0.9062,4.0,4096,0,2048,8192,7616,2393.186,2404.649,2507.51,9.9742
mixed,32,29,0.9062,4.0,4096,0,4096,16384,15232,2584.278,2607.924,2785.43,8.507
mixed,32,29,0.9062,4.0,4096,0,8192,32768,30464,2972.724,3018.373,3353.398,8.3392
mixed,32,29,0.9062,4.0,4096,512,128,512,476,2834.536,2844.521,2838.74,0.4211
mixed,32,29,0.9062,4.0,4096,512,256,1024,952,2853.54,2855.428,2857.732,2.2213
mixed,32,29,0.9062,4.0,4096,512,512,2048,1904,2885.077,2877.987,2871.718,
mixed,32,29,0.9062,4.0,4096,512,1024,4096,3808,2940.037,2937.849,2934.44,
mixed,32,29,0.9062,4.0,4096,512,2048,8192,7616,3017.333,3052.262,3134.851,3.3644
mixed,32,29,0.9062,4.0,4096,512,4096,16384,15232,3221.368,3251.494,3416.25,6.4688
mixed,32,29,0.9062,4.0,4096,512,8192,32768,30464,3600.698,3654.039,3991.512,7.3267
mixed,32,29,0.9062,4.0,4096,2048,128,512,476,3908.587,3907.834,3918.842,
mixed,32,29,0.9062,4.0,4096,2048,256,1024,952,3919.963,3923.718,3922.092,0.5671
mixed,32,29,0.9062,4.0,4096,2048,512,2048,1904,3949.961,3966.126,3949.128,-0.0515
mixed,32,29,0.9062,4.0,4096,2048,1024,4096,3808,3997.318,4017.896,4000.99,0.1784
mixed,32,29,0.9062,4.0,4096,2048,2048,8192,7616,4107.704,4100.058,4212.682,
mixed,32,29,0.9062,4.0,4096,2048,4096,16384,15232,4289.844,4317.946,4475.446,6.6046
mixed,32,29,0.9062,4.0,4096,2048,8192,32768,30464,4671.065,4727.258,5076.682,7.2183
mixed,32,29,0.9062,4.0,4096,8192,128,512,476,8168.015,8175.248,8184.494,2.2782
mixed,32,29,0.9062,4.0,4096,8192,256,1024,952,8193.234,8195.266,8191.934,-0.6394
mixed,32,29,0.9062,4.0,4096,8192,512,2048,1904,8246.995,8214.005,8207.412,
mixed,32,29,0.9062,4.0,4096,8192,1024,4096,3808,8264.323,8261.567,8269.295,
mixed,32,29,0.9062,4.0,4096,8192,2048,8192,7616,8366.095,8375.055,8471.252,11.7369
mixed,32,29,0.9062,4.0,4096,8192,4096,16384,15232,8547.057,8583.648,8756.226,5.7164
mixed,32,29,0.9062,4.0,4096,8192,8192,32768,30464,8928.399,9015.233,9353.044,4.8903
mixed,32,29,0.9062,4.0,4096,16384,128,512,476,13839.945,13836.352,13827.399,
mixed,32,29,0.9062,4.0,4096,16384,256,1024,952,13851.233,13863.791,13854.504,0.2606
mixed,32,29,0.9062,4.0,4096,16384,512,2048,1904,13896.153,13972.298,13871.611,-0.3223
mixed,32,29,0.9062,4.0,4096,16384,1024,4096,3808,13927.55,14016.557,14018.608,1.023
mixed,32,29,0.9062,4.0,4096,16384,2048,8192,7616,14032.22,14047.549,14135.198,6.7178
mixed,32,29,0.9062,4.0,4096,16384,4096,16384,15232,14222.642,14332.175,14508.901,2.6135
mixed,32,29,0.9062,4.0,4096,16384,8192,32768,30464,14703.242,14765.212,15115.614,6.6544
pure,64,1,0.0156,4.0,0,0,128,512,134,84.625,158.367,134.4,0.675
pure,64,1,0.0156,4.0,0,0,256,1024,268,149.745,185.457,145.216,-0.1268
pure,64,1,0.0156,4.0,0,0,512,2048,536,159.137,237.953,189.953,0.391
pure,64,1,0.0156,4.0,0,0,1024,4096,1072,188.64,347.327,227.601,0.2455
pure,64,1,0.0156,4.0,0,0,2048,8192,2144,243.617,549.619,336.994,0.3052
pure,64,1,0.0156,4.0,0,0,4096,16384,4288,356.544,960.129,515.443,0.2633
pure,64,1,0.0156,4.0,0,0,8192,32768,8576,580.37,1765.652,865.441,0.2405
mixed,64,1,0.0156,4.0,16,0,128,512,134,100.24,185.965,165.458,0.7608
mixed,64,1,0.0156,4.0,16,0,256,1024,268,173.154,212.833,176.402,0.0818
mixed,64,1,0.0156,4.0,16,0,512,2048,536,186.368,262.24,189.648,0.0432
mixed,64,1,0.0156,4.0,16,0,1024,4096,1072,214.943,372.642,262.514,0.3017
mixed,64,1,0.0156,4.0,16,0,2048,8192,2144,269.278,571.33,356.607,0.2891
mixed,64,1,0.0156,4.0,16,0,4096,16384,4288,377.09,985.074,536.705,0.2625
mixed,64,1,0.0156,4.0,16,0,8192,32768,8576,603.857,1789.316,888.498,0.2401
mixed,64,1,0.0156,4.0,16,512,128,512,134,148.608,225.375,150.275,0.0217
mixed,64,1,0.0156,4.0,16,512,256,1024,268,206.546,261.953,207.554,0.0182
mixed,64,1,0.0156,4.0,16,512,512,2048,536,226.129,316.098,224.544,-0.0176
mixed,64,1,0.0156,4.0,16,512,1024,4096,1072,266.576,423.793,265.041,-0.0098
mixed,64,1,0.0156,4.0,16,512,2048,8192,2144,322.656,617.299,345.039,0.076
mixed,64,1,0.0156,4.0,16,512,4096,16384,4288,431.583,1024.242,527.856,0.1624
mixed,64,1,0.0156,4.0,16,512,8192,32768,8576,640.753,1808.945,882.515,0.207
mixed,64,1,0.0156,4.0,16,2048,128,512,134,173.279,178.433,166.143,-1.3847
mixed,64,1,0.0156,4.0,16,2048,256,1024,268,190.514,268.305,192.753,0.0288
mixed,64,1,0.0156,4.0,16,2048,512,2048,536,179.568,356.993,179.264,-0.0017
mixed,64,1,0.0156,4.0,16,2048,1024,4096,1072,269.408,525.952,270.16,0.0029
mixed,64,1,0.0156,4.0,16,2048,2048,8192,2144,361.138,722.689,356.706,-0.0123
mixed,64,1,0.0156,4.0,16,2048,4096,16384,4288,536.161,1117.091,523.937,-0.021
mixed,64,1,0.0156,4.0,16,2048,8192,32768,8576,742.561,1900.851,868.307,0.1086
mixed,64,1,0.0156,4.0,16,8192,128,512,134,231.68,248.368,232.768,0.0652
mixed,64,1,0.0156,4.0,16,8192,256,1024,268,244.783,312.785,246.993,0.0325
mixed,64,1,0.0156,4.0,16,8192,512,2048,536,248.705,299.682,248.752,0.0009
mixed,64,1,0.0156,4.0,16,8192,1024,4096,1072,314.815,520.61,313.106,-0.0083
mixed,64,1,0.0156,4.0,16,8192,2048,8192,2144,301.186,846.514,301.857,0.0012
mixed,64,1,0.0156,4.0,16,8192,4096,16384,4288,528.418,1531.94,520.497,-0.0079
mixed,64,1,0.0156,4.0,16,8192,8192,32768,8576,873.409,2309.717,847.122,-0.0183
mixed,64,1,0.0156,4.0,16,16384,128,512,134,331.553,352.05,331.714,0.0078
mixed,64,1,0.0156,4.0,16,16384,256,1024,268,327.12,359.009,329.026,0.0598
mixed,64,1,0.0156,4.0,16,16384,512,2048,536,352.834,474.163,352.081,-0.0062
mixed,64,1,0.0156,4.0,16,16384,1024,4096,1072,354.656,463.842,355.823,0.0107
mixed,64,1,0.0156,4.0,16,16384,2048,8192,2144,484.849,848.178,475.44,-0.0259
mixed,64,1,0.0156,4.0,16,16384,4096,16384,4288,482.401,1499.793,468.655,-0.0135
mixed,64,1,0.0156,4.0,16,16384,8192,32768,8576,874.817,2860.197,836.083,-0.0195
mixed,64,1,0.0156,4.0,64,0,128,512,134,106.144,204.08,149.585,0.4436
mixed,64,1,0.0156,4.0,64,0,256,1024,268,189.346,231.007,196.238,0.1654
mixed,64,1,0.0156,4.0,64,0,512,2048,536,204.0,286.111,241.392,0.4554
mixed,64,1,0.0156,4.0,64,0,1024,4096,1072,236.256,388.144,331.282,0.6256
mixed,64,1,0.0156,4.0,64,0,2048,8192,2144,295.663,594.931,503.569,0.6947
mixed,64,1,0.0156,4.0,64,0,4096,16384,4288,400.801,1012.996,842.447,0.7214
mixed,64,1,0.0156,4.0,64,0,8192,32768,8576,622.945,1814.819,1518.675,0.7515
mixed,64,1,0.0156,4.0,64,512,128,512,134,208.593,170.496,207.728,
mixed,64,1,0.0156,4.0,64,512,256,1024,268,218.899,265.474,219.806,0.0195
mixed,64,1,0.0156,4.0,64,512,512,2048,536,169.328,320.288,211.474,0.2792
mixed,64,1,0.0156,4.0,64,512,1024,4096,1072,265.28,425.792,312.737,0.2957
mixed,64,1,0.0156,4.0,64,512,2048,8192,2144,322.947,624.434,484.465,0.5357
mixed,64,1,0.0156,4.0,64,512,4096,16384,4288,438.159,1031.265,820.817,0.6452
mixed,64,1,0.0156,4.0,64,512,8192,32768,8576,651.312,1837.826,1484.864,0.7025
mixed,64,1,0.0156,4.0,64,2048,128,512,134,269.136,303.184,268.207,-0.0273
mixed,64,1,0.0156,4.0,64,2048,256,1024,268,279.375,349.65,279.81,0.0062
mixed,64,1,0.0156,4.0,64,2048,512,2048,536,305.375,293.952,303.536,
mixed,64,1,0.0156,4.0,64,2048,1024,4096,1072,352.255,513.552,348.369,-0.0241
mixed,64,1,0.0156,4.0,64,2048,2048,8192,2144,297.713,711.457,456.161,0.383
mixed,64,1,0.0156,4.0,64,2048,4096,16384,4288,517.184,1111.762,797.762,0.4719
mixed,64,1,0.0156,4.0,64,2048,8192,32768,8576,734.849,1920.947,1459.043,0.6106
mixed,64,1,0.0156,4.0,64,8192,128,512,134,509.391,541.344,507.424,-0.0616
mixed,64,1,0.0156,4.0,64,8192,256,1024,268,519.905,584.274,522.258,0.0366
mixed,64,1,0.0156,4.0,64,8192,512,2048,536,547.648,664.176,541.377,-0.0538
mixed,64,1,0.0156,4.0,64,8192,1024,4096,1072,586.065,822.962,583.329,-0.0115
mixed,64,1,0.0156,4.0,64,8192,2048,8192,2144,670.096,782.529,664.226,-0.0522
mixed,64,1,0.0156,4.0,64,8192,4096,16384,4288,836.208,1469.779,828.244,-0.0126
mixed,64,1,0.0156,4.0,64,8192,8192,32768,8576,812.979,2282.611,1407.139,0.4043
mixed,64,1,0.0156,4.0,64,16384,128,512,134,798.448,849.905,799.906,0.0283
mixed,64,1,0.0156,4.0,64,16384,256,1024,268,799.919,894.354,801.393,0.0156
mixed,64,1,0.0156,4.0,64,16384,512,2048,536,848.37,971.955,850.753,0.0193
mixed,64,1,0.0156,4.0,64,16384,1024,4096,1072,896.626,1134.69,894.45,-0.0091
mixed,64,1,0.0156,4.0,64,16384,2048,8192,2144,981.459,1448.882,974.099,-0.0157
mixed,64,1,0.0156,4.0,64,16384,4096,16384,4288,1146.625,1411.924,1133.457,-0.0496
mixed,64,1,0.0156,4.0,64,16384,8192,32768,8576,1477.922,2730.068,1451.828,-0.0208
mixed,64,1,0.0156,4.0,256,0,128,512,134,187.15,196.415,186.191,-0.1036
mixed,64,1,0.0156,4.0,256,0,256,1024,268,190.479,229.121,195.68,0.1346
mixed,64,1,0.0156,4.0,256,0,512,2048,536,198.639,303.248,277.778,0.7565
mixed,64,1,0.0156,4.0,256,0,1024,4096,1072,231.856,464.848,440.496,0.8955
mixed,64,1,0.0156,4.0,256,0,2048,8192,2144,306.48,783.763,760.994,0.9523
mixed,64,1,0.0156,4.0,256,0,4096,16384,4288,480.306,1422.548,1379.185,0.954
mixed,64,1,0.0156,4.0,256,0,8192,32768,8576,810.963,2690.914,2618.021,0.9612
mixed,64,1,0.0156,4.0,256,512,128,512,134,269.937,307.568,269.825,-0.003
mixed,64,1,0.0156,4.0,256,512,256,1024,268,283.888,352.864,283.025,-0.0125
mixed,64,1,0.0156,4.0,256,512,512,2048,536,310.69,433.105,362.671,0.4246
mixed,64,1,0.0156,4.0,256,512,1024,4096,1072,353.538,591.905,519.68,0.697
mixed,64,1,0.0156,4.0,256,512,2048,8192,2144,438.785,906.131,829.571,0.8362
mixed,64,1,0.0156,4.0,256,512,4096,16384,4288,605.283,1541.589,1452.498,0.9048
mixed,64,1,0.0156,4.0,256,512,8192,32768,8576,937.28,2816.964,2683.892,0.9292
mixed,64,1,0.0156,4.0,256,2048,128,512,134,504.176,541.264,504.355,0.0048
mixed,64,1,0.0156,4.0,256,2048,256,1024,268,518.769,585.376,516.755,-0.0302
mixed,64,1,0.0156,4.0,256,2048,512,2048,536,542.335,662.611,540.594,-0.0145
mixed,64,1,0.0156,4.0,256,2048,1024,4096,1072,585.314,822.928,640.704,0.2331
mixed,64,1,0.0156,4.0,256,2048,2048,8192,2144,671.059,1137.06,947.906,0.5941
mixed,64,1,0.0156,4.0,256,2048,4096,16384,4288,836.448,1777.781,1567.791,0.7769
mixed,64,1,0.0156,4.0,256,2048,8192,32768,8576,1163.729,3048.407,2819.538,0.8786
mixed,64,1,0.0156,4.0,256,8192,128,512,134,1397.395,1394.018,1397.267,
mixed,64,1,0.0156,4.0,256,8192,256,1024,268,1394.596,1489.505,1402.546,0.0838
mixed,64,1,0.0156,4.0,256,8192,512,2048,536,1397.57,1573.489,1397.954,0.0022
mixed,64,1,0.0156,4.0,256,8192,1024,4096,1072,1489.571,1728.53,1488.818,-0.0032
mixed,64,1,0.0156,4.0,256,8192,2048,8192,2144,1577.269,2044.69,1575.586,-0.0036
mixed,64,1,0.0156,4.0,256,8192,4096,16384,4288,1743.749,2683.076,2028.931,0.3036
mixed,64,1,0.0156,4.0,256,8192,8192,32768,8576,2076.278,3957.159,3279.912,0.6399
mixed,64,1,0.0156,4.0,256,16384,128,512,134,2612.373,2615.348,2611.715,-0.2214
mixed,64,1,0.0156,4.0,256,16384,256,1024,268,2612.707,2610.757,2614.948,
mixed,64,1,0.0156,4.0,256,16384,512,2048,536,2619.396,2790.437,2617.925,-0.0086
mixed,64,1,0.0156,4.0,256,16384,1024,4096,1072,2610.308,2946.566,2615.333,0.0149
mixed,64,1,0.0156,4.0,256,16384,2048,8192,2144,2788.1,3262.153,2785.605,-0.0053
mixed,64,1,0.0156,4.0,256,16384,4096,16384,4288,2955.941,3901.75,2944.675,-0.0119
mixed,64,1,0.0156,4.0,256,16384,8192,32768,8576,3290.453,5168.343,3866.901,0.307
mixed,64,1,0.0156,4.0,1024,0,128,512,134,491.183,519.249,491.698,0.0184
mixed,64,1,0.0156,4.0,1024,0,256,1024,268,507.218,549.107,505.154,-0.0493
mixed,64,1,0.0156,4.0,1024,0,512,2048,536,526.113,606.223,553.601,0.3431
mixed,64,1,0.0156,4.0,1024,0,1024,4096,1072,553.807,711.489,593.81,0.2537
mixed,64,1,0.0156,4.0,1024,0,2048,8192,2144,610.355,912.865,701.664,0.3018
mixed,64,1,0.0156,4.0,1024,0,4096,16384,4288,722.081,1329.938,875.552,0.2525
mixed,64,1,0.0156,4.0,1024,0,8192,32768,8576,949.887,2143.892,1227.604,0.2326
mixed,64,1,0.0156,4.0,1024,512,128,512,134,751.181,782.385,752.74,0.05
mixed,64,1,0.0156,4.0,1024,512,256,1024,268,768.975,811.871,764.26,-0.1099
mixed,64,1,0.0156,4.0,1024,512,512,2048,536,783.59,864.192,811.381,0.3448
mixed,64,1,0.0156,4.0,1024,512,1024,4096,1072,811.635,974.605,853.395,0.2562
mixed,64,1,0.0156,4.0,1024,512,2048,8192,2144,871.97,1172.468,959.324,0.2907
mixed,64,1,0.0156,4.0,1024,512,4096,16384,4288,979.09,1602.099,1138.821,0.2564
mixed,64,1,0.0156,4.0,1024,512,8192,32768,8576,1207.685,2436.42,1483.97,0.2249
mixed,64,1,0.0156,4.0,1024,2048,128,512,134,1195.541,1226.068,1198.542,0.0983
mixed,64,1,0.0156,4.0,1024,2048,256,1024,268,1209.636,1257.262,1216.543,0.145
mixed,64,1,0.0156,4.0,1024,2048,512,2048,536,1226.274,1308.981,1260.931,0.419
mixed,64,1,0.0156,4.0,1024,2048,1024,4096,1072,1258.531,1415.024,1292.851,0.2193
mixed,64,1,0.0156,4.0,1024,2048,2048,8192,2144,1312.372,1616.886,1397.343,0.279
mixed,64,1,0.0156,4.0,1024,2048,4096,16384,4288,1421.858,2026.544,1580.903,0.263
mixed,64,1,0.0156,4.0,1024,2048,8192,32768,8576,1645.62,2831.798,1924.296,0.2349
mixed,64,1,0.0156,4.0,1024,8192,128,512,134,2938.823,2961.638,2946.198,0.3232
mixed,64,1,0.0156,4.0,1024,8192,256,1024,268,2955.986,2995.481,2961.351,0.1358
mixed,64,1,0.0156,4.0,1024,8192,512,2048,536,2976.602,3047.109,3005.927,0.4159
mixed,64,1,0.0156,4.0,1024,8192,1024,4096,1072,3003.636,3152.21,3033.209,0.199
mixed,64,1,0.0156,4.0,1024,8192,2048,8192,2144,3057.43,3361.591,3133.223,0.2492
mixed,64,1,0.0156,4.0,1024,8192,4096,16384,4288,3162.838,3775.113,3314.456,0.2476
mixed,64,1,0.0156,4.0,1024,8192,8192,32768,8576,3398.359,4572.697,3667.528,0.2292
mixed,64,1,0.0156,4.0,1024,16384,128,512,134,5235.018,5265.259,5222.584,-0.4111
mixed,64,1,0.0156,4.0,1024,16384,256,1024,268,5251.239,5291.338,5240.139,-0.2768
mixed,64,1,0.0156,4.0,1024,16384,512,2048,536,5255.101,5344.648,5289.964,0.3893
mixed,64,1,0.0156,4.0,1024,16384,1024,4096,1072,5291.126,5447.766,5321.114,0.1914
mixed,64,1,0.0156,4.0,1024,16384,2048,8192,2144,5339.512,5646.649,5420.313,0.2631
mixed,64,1,0.0156,4.0,1024,16384,4096,16384,4288,5440.025,6062.233,5604.841,0.2649
mixed,64,1,0.0156,4.0,1024,16384,8192,32768,8576,5682.33,6861.678,5964.747,0.2395
mixed,64,1,0.0156,4.0,4096,0,128,512,134,2215.301,2245.09,2213.184,-0.0711
mixed,64,1,0.0156,4.0,4096,0,256,1024,268,2233.316,2275.892,2226.195,-0.1672
mixed,64,1,0.0156,4.0,4096,0,512,2048,536,2242.463,2326.771,2276.243,0.4007
mixed,64,1,0.0156,4.0,4096,0,1024,4096,1072,2285.542,2432.982,2314.551,0.1968
mixed,64,1,0.0156,4.0,4096,0,2048,8192,2144,2340.02,2645.75,2420.709,0.2639
mixed,64,1,0.0156,4.0,4096,0,4096,16384,4288,2439.302,3050.661,2597.206,0.2583
mixed,64,1,0.0156,4.0,4096,0,8192,32768,8576,2671.298,3855.656,2946.808,0.2326
mixed,64,1,0.0156,4.0,4096,512,128,512,134,2850.518,2880.891,2857.155,0.2185
mixed,64,1,0.0156,4.0,4096,512,256,1024,268,2871.604,2907.879,2876.55,0.1363
mixed,64,1,0.0156,4.0,4096,512,512,2048,536,2879.872,2964.039,2911.847,0.3799
mixed,64,1,0.0156,4.0,4096,512,1024,4096,1072,2918.855,3067.218,2951.542,0.2203
mixed,64,1,0.0156,4.0,4096,512,2048,8192,2144,2969.075,3270.901,3048.724,0.2639
mixed,64,1,0.0156,4.0,4096,512,4096,16384,4288,3075.961,3696.327,3230.356,0.2489
mixed,64,1,0.0156,4.0,4096,512,8192,32768,8576,3296.773,4500.313,3589.476,0.2432
mixed,64,1,0.0156,4.0,4096,2048,128,512,134,3932.919,3963.032,3951.542,0.6184
mixed,64,1,0.0156,4.0,4096,2048,256,1024,268,3954.645,3997.061,3948.023,-0.1561
mixed,64,1,0.0156,4.0,4096,2048,512,2048,536,3963.624,4040.085,3994.648,0.4057
mixed,64,1,0.0156,4.0,4096,2048,1024,4096,1072,3990.57,4149.942,4030.969,0.2535
mixed,64,1,0.0156,4.0,4096,2048,2048,8192,2144,4052.919,4353.272,4129.091,0.2536
mixed,64,1,0.0156,4.0,4096,2048,4096,16384,4288,4155.69,4768.983,4311.097,0.2534
mixed,64,1,0.0156,4.0,4096,2048,8192,32768,8576,4387.288,5575.563,4662.892,0.2319
mixed,64,1,0.0156,4.0,4096,8192,128,512,134,8230.715,8261.854,8251.056,0.6532
mixed,64,1,0.0156,4.0,4096,8192,256,1024,268,8243.952,8297.214,8247.248,0.0619
mixed,64,1,0.0156,4.0,4096,8192,512,2048,536,8255.391,8364.765,8284.272,0.2641
mixed,64,1,0.0156,4.0,4096,8192,1024,4096,1072,8284.205,8427.311,8315.364,0.2177
mixed,64,1,0.0156,4.0,4096,8192,2048,8192,2144,8340.941,8648.993,8422.145,0.2636
mixed,64,1,0.0156,4.0,4096,8192,4096,16384,4288,8456.418,9073.296,8618.693,0.2631
mixed,64,1,0.0156,4.0,4096,8192,8192,32768,8576,8679.853,9869.521,8955.838,0.232
mixed,64,1,0.0156,4.0,4096,16384,128,512,134,13965.357,13973.088,13933.483,-4.1229
mixed,64,1,0.0156,4.0,4096,16384,256,1024,268,13963.505,13979.563,13940.126,-1.4559
mixed,64,1,0.0156,4.0,4096,16384,512,2048,536,13970.302,13979.582,13969.48,-0.0885
mixed,64,1,0.0156,4.0,4096,16384,1024,4096,1072,13900.796,14170.121,14027.147,0.4691
mixed,64,1,0.0156,4.0,4096,16384,2048,8192,2144,14046.239,14389.495,14124.816,0.2289
mixed,64,1,0.0156,4.0,4096,16384,4096,16384,4288,14158.367,14687.308,14216.141,0.1092
mixed,64,1,0.0156,4.0,4096,16384,8192,32768,8576,14392.903,15566.609,14670.749,0.2367
pure,64,2,0.0312,4.0,0,0,128,512,140,84.928,158.192,159.728,1.021
pure,64,2,0.0312,4.0,0,0,256,1024,280,149.903,185.553,177.409,0.7715
pure,64,2,0.0312,4.0,0,0,512,2048,560,160.127,239.649,196.962,0.4632
pure,64,2,0.0312,4.0,0,0,1024,4096,1120,195.776,348.866,246.656,0.3324
pure,64,2,0.0312,4.0,0,0,2048,8192,2240,249.167,547.361,342.482,0.3129
pure,64,2,0.0312,4.0,0,0,4096,16384,4480,361.6,959.664,523.664,0.271
pure,64,2,0.0312,4.0,0,0,8192,32768,8960,587.216,1765.01,875.09,0.2444
mixed,64,2,0.0312,4.0,16,0,128,512,140,100.256,186.607,182.655,0.9542
mixed,64,2,0.0312,4.0,16,0,256,1024,280,173.072,214.688,197.906,0.5967
mixed,64,2,0.0312,4.0,16,0,512,2048,560,188.387,263.202,221.023,0.4362
mixed,64,2,0.0312,4.0,16,0,1024,4096,1120,221.663,374.48,266.401,0.2928
mixed,64,2,0.0312,4.0,16,0,2048,8192,2240,274.302,570.641,361.087,0.2929
mixed,64,2,0.0312,4.0,16,0,4096,16384,4480,388.353,979.137,541.024,0.2584
mixed,64,2,0.0312,4.0,16,0,8192,32768,8960,604.671,1790.275,897.266,0.2468
mixed,64,2,0.0312,4.0,16,512,128,512,140,149.249,223.425,149.392,0.0019
mixed,64,2,0.0312,4.0,16,512,256,1024,280,207.073,262.625,155.248,-0.9329
mixed,64,2,0.0312,4.0,16,512,512,2048,560,226.976,317.985,226.497,-0.0053
mixed,64,2,0.0312,4.0,16,512,1024,4096,1120,269.217,424.178,264.849,-0.0282
mixed,64,2,0.0312,4.0,16,512,2048,8192,2240,327.121,621.666,351.825,0.0839
mixed,64,2,0.0312,4.0,16,512,4096,16384,4480,439.12,1019.537,536.561,0.1679
mixed,64,2,0.0312,4.0,16,512,8192,32768,8960,656.658,1798.628,891.441,0.2056
mixed,64,2,0.0312,4.0,16,2048,128,512,140,172.625,179.567,166.416,-0.8943
mixed,64,2,0.0312,4.0,16,2048,256,1024,280,192.208,267.153,193.84,0.0218
mixed,64,2,0.0312,4.0,16,2048,512,2048,560,180.224,355.538,222.018,0.2384
mixed,64,2,0.0312,4.0,16,2048,1024,4096,1120,273.873,523.249,272.096,-0.0071
mixed,64,2,0.0312,4.0,16,2048,2048,8192,2240,369.376,720.289,359.92,-0.0269
mixed,64,2,0.0312,4.0,16,2048,4096,16384,4480,538.145,1115.682,525.808,-0.0214
mixed,64,2,0.0312,4.0,16,2048,8192,32768,8960,757.746,1901.988,876.611,0.1039
mixed,64,2,0.0312,4.0,16,8192,128,512,140,233.808,246.96,232.849,-0.073
mixed,64,2,0.0312,4.0,16,8192,256,1024,280,247.393,313.473,245.295,-0.0317
mixed,64,2,0.0312,4.0,16,8192,512,2048,560,248.24,299.81,249.392,0.0223
mixed,64,2,0.0312,4.0,16,8192,1024,4096,1120,326.017,519.904,314.976,-0.0569
mixed,64,2,0.0312,4.0,16,8192,2048,8192,2240,311.504,845.716,462.897,0.2834
mixed,64,2,0.0312,4.0,16,8192,4096,16384,4480,547.426,1527.728,523.074,-0.0248
mixed,64,2,0.0312,4.0,16,8192,8192,32768,8960,886.274,2319.108,849.201,-0.0259
mixed,64,2,0.0312,4.0,16,16384,128,512,140,331.775,352.067,334.146,0.1168
mixed,64,2,0.0312,4.0,16,16384,256,1024,280,327.328,356.224,328.224,0.031
mixed,64,2,0.0312,4.0,16,16384,512,2048,560,354.21,476.639,353.472,-0.006
mixed,64,2,0.0312,4.0,16,16384,1024,4096,1120,358.959,466.945,357.727,-0.0114
mixed,64,2,0.0312,4.0,16,16384,2048,8192,2240,503.281,839.346,478.16,-0.0748
mixed,64,2,0.0312,4.0,16,16384,4096,16384,4480,492.544,1484.098,784.738,0.2947
mixed,64,2,0.0312,4.0,16,16384,8192,32768,8960,894.642,2862.053,850.978,-0.0222
mixed,64,2,0.0312,4.0,64,0,128,512,140,106.479,204.559,149.218,0.4358
mixed,64,2,0.0312,4.0,64,0,256,1024,280,189.314,231.778,197.2,0.1857
mixed,64,2,0.0312,4.0,64,0,512,2048,560,206.991,286.673,241.056,0.4275
mixed,64,2,0.0312,4.0,64,0,1024,4096,1120,240.271,390.304,332.626,0.6156
mixed,64,2,0.0312,4.0,64,0,2048,8192,2240,299.472,598.962,503.618,0.6816
mixed,64,2,0.0312,4.0,64,0,4096,16384,4480,410.464,1016.771,848.595,0.7226
mixed,64,2,0.0312,4.0,64,0,8192,32768,8960,636.337,1818.819,1519.54,0.7469
mixed,64,2,0.0312,4.0,64,512,128,512,140,207.552,170.879,209.728,
mixed,64,2,0.0312,4.0,64,512,256,1024,280,220.288,264.336,221.797,0.0342
mixed,64,2,0.0312,4.0,64,512,512,2048,560,171.392,323.233,210.83,0.2597
mixed,64,2,0.0312,4.0,64,512,1024,4096,1120,271.216,430.88,313.808,0.2668
mixed,64,2,0.0312,4.0,64,512,2048,8192,2240,327.154,628.77,489.761,0.5391
mixed,64,2,0.0312,4.0,64,512,4096,16384,4480,443.457,1024.961,825.217,0.6565
mixed,64,2,0.0312,4.0,64,512,8192,32768,8960,657.009,1823.859,1482.225,0.7072
mixed,64,2,0.0312,4.0,64,2048,128,512,140,269.17,303.377,268.258,-0.0266
mixed,64,2,0.0312,4.0,64,2048,256,1024,280,278.929,348.353,279.474,0.0079
mixed,64,2,0.0312,4.0,64,2048,512,2048,560,308.401,292.401,305.969,
mixed,64,2,0.0312,4.0,64,2048,1024,4096,1120,354.785,512.561,350.416,-0.0277
mixed,64,2,0.0312,4.0,64,2048,2048,8192,2240,308.753,714.465,456.737,0.3648
mixed,64,2,0.0312,4.0,64,2048,4096,16384,4480,524.351,1111.713,794.545,0.46
mixed,64,2,0.0312,4.0,64,2048,8192,32768,8960,745.666,1911.221,1454.754,0.6084
mixed,64,2,0.0312,4.0,64,8192,128,512,140,506.799,542.481,509.694,0.0811
mixed,64,2,0.0312,4.0,64,8192,256,1024,280,521.792,587.345,521.104,-0.0105
mixed,64,2,0.0312,4.0,64,8192,512,2048,560,545.058,668.145,540.944,-0.0334
mixed,64,2,0.0312,4.0,64,8192,1024,4096,1120,591.826,823.376,587.841,-0.0172
mixed,64,2,0.0312,4.0,64,8192,2048,8192,2240,679.203,780.034,667.073,-0.1203
mixed,64,2,0.0312,4.0,64,8192,4096,16384,4480,852.335,1466.211,830.611,-0.0354
mixed,64,2,0.0312,4.0,64,8192,8192,32768,8960,849.663,2273.141,1407.362,0.3918
mixed,64,2,0.0312,4.0,64,16384,128,512,140,801.858,848.658,800.304,-0.0332
mixed,64,2,0.0312,4.0,64,16384,256,1024,280,799.553,893.792,803.314,0.0399
mixed,64,2,0.0312,4.0,64,16384,512,2048,560,856.962,975.394,851.299,-0.0478
mixed,64,2,0.0312,4.0,64,16384,1024,4096,1120,902.705,1135.907,896.625,-0.0261
mixed,64,2,0.0312,4.0,64,16384,2048,8192,2240,991.249,1450.673,982.322,-0.0194
mixed,64,2,0.0312,4.0,64,16384,4096,16384,4480,1167.81,1411.842,1139.267,-0.117
mixed,64,2,0.0312,4.0,64,16384,8192,32768,8960,1508.419,2728.341,1454.98,-0.0438
mixed,64,2,0.0312,4.0,256,0,128,512,140,187.793,196.065,186.895,-0.1086
mixed,64,2,0.0312,4.0,256,0,256,1024,280,192.383,230.817,197.822,0.1415
mixed,64,2,0.0312,4.0,256,0,512,2048,560,198.802,302.369,280.959,0.7933
mixed,64,2,0.0312,4.0,256,0,1024,4096,1120,230.576,465.968,443.234,0.9034
mixed,64,2,0.0312,4.0,256,0,2048,8192,2240,316.53,780.099,762.048,0.9611
mixed,64,2,0.0312,4.0,256,0,4096,16384,4480,491.52,1419.346,1383.267,0.9611
mixed,64,2,0.0312,4.0,256,0,8192,32768,8960,842.29,2692.082,2624.036,0.9632
mixed,64,2,0.0312,4.0,256,512,128,512,140,270.657,308.032,270.255,-0.0108
mixed,64,2,0.0312,4.0,256,512,256,1024,280,286.273,353.263,284.032,-0.0335
mixed,64,2,0.0312,4.0,256,512,512,2048,560,311.808,432.56,363.681,0.4296
mixed,64,2,0.0312,4.0,256,512,1024,4096,1120,359.36,590.527,521.506,0.7014
mixed,64,2,0.0312,4.0,256,512,2048,8192,2240,445.905,906.53,830.047,0.834
mixed,64,2,0.0312,4.0,256,512,4096,16384,4480,620.432,1543.46,1455.57,0.9048
mixed,64,2,0.0312,4.0,256,512,8192,32768,8960,968.85,2809.494,2689.909,0.935
mixed,64,2,0.0312,4.0,256,2048,128,512,140,505.858,540.688,504.559,-0.0373
mixed,64,2,0.0312,4.0,256,2048,256,1024,280,516.078,583.667,517.041,0.0142
mixed,64,2,0.0312,4.0,256,2048,512,2048,560,543.346,662.562,542.191,-0.0097
mixed,64,2,0.0312,4.0,256,2048,1024,4096,1120,593.01,821.233,640.639,0.2087
mixed,64,2,0.0312,4.0,256,2048,2048,8192,2240,678.849,1136.431,950.209,0.593
mixed,64,2,0.0312,4.0,256,2048,4096,16384,4480,850.211,1772.658,1572.129,0.7826
mixed,64,2,0.0312,4.0,256,2048,8192,32768,8960,1199.106,3044.359,2827.093,0.8823
mixed,64,2,0.0312,4.0,256,8192,128,512,140,1395.17,1395.89,1398.851,5.1083
mixed,64,2,0.0312,4.0,256,8192,256,1024,280,1396.787,1489.503,1395.172,-0.0174
mixed,64,2,0.0312,4.0,256,8192,512,2048,560,1395.076,1571.684,1396.53,0.0082
mixed,64,2,0.0312,4.0,256,8192,1024,4096,1120,1494.227,1730.626,1488.705,-0.0234
mixed,64,2,0.0312,4.0,256,8192,2048,8192,2240,1586.291,2048.357,1572.305,-0.0303
mixed,64,2,0.0312,4.0,256,8192,4096,16384,4480,1760.738,2688.646,2033.477,0.2939
mixed,64,2,0.0312,4.0,256,8192,8192,32768,8960,2110.675,3959.336,3272.503,0.6285
mixed,64,2,0.0312,4.0,256,16384,128,512,140,2622.292,2609.267,2616.12,
mixed,64,2,0.0312,4.0,256,16384,256,1024,280,2620.119,2610.724,2617.876,
mixed,64,2,0.0312,4.0,256,16384,512,2048,560,2623.798,2788.725,2620.276,-0.0214
mixed,64,2,0.0312,4.0,256,16384,1024,4096,1120,2607.604,2952.135,2611.508,0.0113
mixed,64,2,0.0312,4.0,256,16384,2048,8192,2240,2800.516,3260.563,2782.997,-0.0381
mixed,64,2,0.0312,4.0,256,16384,4096,16384,4480,2973.733,3894.949,2947.157,-0.0288
mixed,64,2,0.0312,4.0,256,16384,8192,32768,8960,3319.91,5172.634,3870.903,0.2974
mixed,64,2,0.0312,4.0,1024,0,128,512,140,493.211,518.88,519.167,1.0112
mixed,64,2,0.0312,4.0,1024,0,256,1024,280,506.21,550.417,533.985,0.6283
mixed,64,2,0.0312,4.0,1024,0,512,2048,560,523.792,608.066,563.152,0.467
mixed,64,2,0.0312,4.0,1024,0,1024,4096,1120,561.922,713.922,611.411,0.3256
mixed,64,2,0.0312,4.0,1024,0,2048,8192,2240,616.338,920.051,705.872,0.2948
mixed,64,2,0.0312,4.0,1024,0,4096,16384,4480,729.328,1326.002,885.65,0.262
mixed,64,2,0.0312,4.0,1024,0,8192,32768,8960,957.235,2131.078,1238.242,0.2394
mixed,64,2,0.0312,4.0,1024,512,128,512,140,755.008,779.908,778.532,0.9448
mixed,64,2,0.0312,4.0,1024,512,256,1024,280,767.091,811.586,799.347,0.7249
mixed,64,2,0.0312,4.0,1024,512,512,2048,560,784.399,864.354,821.154,0.4597
mixed,64,2,0.0312,4.0,1024,512,1024,4096,1120,820.244,972.663,871.808,0.3383
mixed,64,2,0.0312,4.0,1024,512,2048,8192,2240,875.329,1178.849,961.619,0.2843
mixed,64,2,0.0312,4.0,1024,512,4096,16384,4480,986.738,1605.203,1143.956,0.2542
mixed,64,2,0.0312,4.0,1024,512,8192,32768,8960,1210.133,2439.936,1497.218,0.2334
mixed,64,2,0.0312,4.0,1024,2048,128,512,140,1200.947,1228.435,1225.299,0.8859
mixed,64,2,0.0312,4.0,1024,2048,256,1024,280,1216.562,1252.433,1243.985,0.7645
mixed,64,2,0.0312,4.0,1024,2048,512,2048,560,1230.13,1308.051,1267.103,0.4745
mixed,64,2,0.0312,4.0,1024,2048,1024,4096,1120,1265.647,1415.745,1314.18,0.3233
mixed,64,2,0.0312,4.0,1024,2048,2048,8192,2240,1318.525,1613.651,1408.389,0.3045
mixed,64,2,0.0312,4.0,1024,2048,4096,16384,4480,1429.745,2022.689,1588.032,0.267
mixed,64,2,0.0312,4.0,1024,2048,8192,32768,8960,1654.87,2831.429,1938.963,0.2415
mixed,64,2,0.0312,4.0,1024,8192,128,512,140,2939.526,2973.509,2970.374,0.9077
mixed,64,2,0.0312,4.0,1024,8192,256,1024,280,2959.093,3001.191,2985.142,0.6188
mixed,64,2,0.0312,4.0,1024,8192,512,2048,560,2972.901,3050.378,3005.476,0.4204
mixed,64,2,0.0312,4.0,1024,8192,1024,4096,1120,3009.524,3155.91,3062.648,0.3629
mixed,64,2,0.0312,4.0,1024,8192,2048,8192,2240,3068.84,3366.979,3139.205,0.236
mixed,64,2,0.0312,4.0,1024,8192,4096,16384,4480,3167.285,3761.047,3321.366,0.2595
mixed,64,2,0.0312,4.0,1024,8192,8192,32768,8960,3411.22,4580.236,3673.878,0.2247
mixed,64,2,0.0312,4.0,1024,16384,128,512,140,5222.155,5249.501,5249.51,1.0003
mixed,64,2,0.0312,4.0,1024,16384,256,1024,280,5246.216,5277.944,5271.183,0.7869
mixed,64,2,0.0312,4.0,1024,16384,512,2048,560,5267.801,5335.675,5304.715,0.5439
mixed,64,2,0.0312,4.0,1024,16384,1024,4096,1120,5300.459,5451.24,5329.708,0.194
mixed,64,2,0.0312,4.0,1024,16384,2048,8192,2240,5361.882,5654.167,5434.538,0.2486
mixed,64,2,0.0312,4.0,1024,16384,4096,16384,4480,5452.252,6062.429,5601.262,0.2442
mixed,64,2,0.0312,4.0,1024,16384,8192,32768,8960,5707.034,6864.254,5975.516,0.232
mixed,64,2,0.0312,4.0,4096,0,128,512,140,2214.691,2241.879,2242.241,1.0133
mixed,64,2,0.0312,4.0,4096,0,256,1024,280,2231.603,2279.044,2259.077,0.5791
mixed,64,2,0.0312,4.0,4096,0,512,2048,560,2245.682,2331.252,2285.573,0.4662
mixed,64,2,0.0312,4.0,4096,0,1024,4096,1120,2278.47,2436.834,2332.419,0.3407
mixed,64,2,0.0312,4.0,4096,0,2048,8192,2240,2338.356,2642.612,2421.924,0.2747
mixed,64,2,0.0312,4.0,4096,0,4096,16384,4480,2453.539,3049.14,2601.701,0.2488
mixed,64,2,0.0312,4.0,4096,0,8192,32768,8960,2687.016,3862.47,2956.55,0.2293
mixed,64,2,0.0312,4.0,4096,512,128,512,140,2852.307,2882.244,2881.681,0.9812
mixed,64,2,0.0312,4.0,4096,512,256,1024,280,2869.94,2909.85,2905.271,0.8853
mixed,64,2,0.0312,4.0,4096,512,512,2048,560,2885.654,2968.086,2922.968,0.4527
mixed,64,2,0.0312,4.0,4096,512,1024,4096,1120,2924.441,3061.907,2965.672,0.2999
mixed,64,2,0.0312,4.0,4096,512,2048,8192,2240,2973.061,3279.302,3061.271,0.288
mixed,64,2,0.0312,4.0,4096,512,4096,16384,4480,3085.128,3692.483,3233.479,0.2443
mixed,64,2,0.0312,4.0,4096,512,8192,32768,8960,3315.753,4496.971,3598.088,0.239
mixed,64,2,0.0312,4.0,4096,2048,128,512,140,3934.28,3963.189,3962.586,0.9792
mixed,64,2,0.0312,4.0,4096,2048,256,1024,280,3946.999,3992.856,3978.666,0.6906
mixed,64,2,0.0312,4.0,4096,2048,512,2048,560,3965.688,4036.234,3999.4,0.4779
mixed,64,2,0.0312,4.0,4096,2048,1024,4096,1120,3996.309,4146.989,4047.754,0.3414
mixed,64,2,0.0312,4.0,4096,2048,2048,8192,2240,4049.622,4351.864,4132.68,0.2748
mixed,64,2,0.0312,4.0,4096,2048,4096,16384,4480,4161.352,4761.896,4305.963,0.2408
mixed,64,2,0.0312,4.0,4096,2048,8192,32768,8960,4390.186,5568.573,4672.951,0.24
mixed,64,2,0.0312,4.0,4096,8192,128,512,140,8237.539,8244.544,8265.551,3.9986
mixed,64,2,0.0312,4.0,4096,8192,256,1024,280,8248.947,8280.002,8277.637,0.9238
mixed,64,2,0.0312,4.0,4096,8192,512,2048,560,8253.438,8333.126,8305.474,0.653
mixed,64,2,0.0312,4.0,4096,8192,1024,4096,1120,8300.319,8434.727,8334.946,0.2576
mixed,64,2,0.0312,4.0,4096,8192,2048,8192,2240,8348.05,8648.465,8437.828,0.2988
mixed,64,2,0.0312,4.0,4096,8192,4096,16384,4480,8481.364,9091.889,8622.787,0.2316
mixed,64,2,0.0312,4.0,4096,8192,8192,32768,8960,8684.067,9882.005,8981.074,0.2479
mixed,64,2,0.0312,4.0,4096,16384,128,512,140,13940.337,13954.382,13981.629,2.94
mixed,64,2,0.0312,4.0,4096,16384,256,1024,280,13951.661,13987.581,13990.094,1.0699
mixed,64,2,0.0312,4.0,4096,16384,512,2048,560,13961.933,14043.03,14008.863,0.5787
mixed,64,2,0.0312,4.0,4096,16384,1024,4096,1120,13999.134,14144.926,14046.06,0.3219
mixed,64,2,0.0312,4.0,4096,16384,2048,8192,2240,14056.046,14387.071,14128.717,0.2195
mixed,64,2,0.0312,4.0,4096,16384,4096,16384,4480,14170.044,14795.996,14310.954,0.2251
mixed,64,2,0.0312,4.0,4096,16384,8192,32768,8960,14427.745,15578.159,14680.832,0.22
pure,64,3,0.0469,4.0,0,0,128,512,146,84.846,157.505,160.288,1.0383
pure,64,3,0.0469,4.0,0,0,256,1024,292,148.832,185.473,177.425,0.7804
pure,64,3,0.0469,4.0,0,0,512,2048,584,168.48,239.536,199.969,0.4431
pure,64,3,0.0469,4.0,0,0,1024,4096,1168,193.072,345.857,249.075,0.3665
pure,64,3,0.0469,4.0,0,0,2048,8192,2336,253.983,547.044,342.401,0.3017
pure,64,3,0.0469,4.0,0,0,4096,16384,4672,370.865,958.995,526.046,0.2639
pure,64,3,0.0469,4.0,0,0,8192,32768,9344,605.554,1766.596,878.032,0.2347
mixed,64,3,0.0469,4.0,16,0,128,512,146,101.151,186.8,183.2,0.958
mixed,64,3,0.0469,4.0,16,0,256,1024,292,172.944,211.824,195.953,0.5918
mixed,64,3,0.0469,4.0,16,0,512,2048,584,191.792,263.568,220.449,0.3993
mixed,64,3,0.0469,4.0,16,0,1024,4096,1168,221.409,371.522,270.721,0.3285
mixed,64,3,0.0469,4.0,16,0,2048,8192,2336,277.314,572.352,363.84,0.2933
mixed,64,3,0.0469,4.0,16,0,4096,16384,4672,394.273,979.506,544.628,0.2569
mixed,64,3,0.0469,4.0,16,0,8192,32768,9344,623.889,1788.627,896.256,0.2338
mixed,64,3,0.0469,4.0,16,512,128,512,146,149.44,225.841,150.352,0.0119
mixed,64,3,0.0469,4.0,16,512,256,1024,292,208.592,262.911,154.417,-0.9973
mixed,64,3,0.0469,4.0,16,512,512,2048,584,228.145,318.066,225.6,-0.0283
mixed,64,3,0.0469,4.0,16,512,1024,4096,1168,272.607,423.569,264.624,-0.0529
mixed,64,3,0.0469,4.0,16,512,2048,8192,2336,335.666,621.746,356.496,0.0728
mixed,64,3,0.0469,4.0,16,512,4096,16384,4672,449.696,1014.817,539.648,0.1592
mixed,64,3,0.0469,4.0,16,512,8192,32768,9344,669.346,1802.914,898.289,0.202
mixed,64,3,0.0469,4.0,16,2048,128,512,146,173.071,178.033,166.287,-1.3672
mixed,64,3,0.0469,4.0,16,2048,256,1024,292,193.553,267.488,196.575,0.0409
mixed,64,3,0.0469,4.0,16,2048,512,2048,584,177.186,354.513,223.713,0.2624
mixed,64,3,0.0469,4.0,16,2048,1024,4096,1168,282.432,522.53,273.296,-0.038
mixed,64,3,0.0469,4.0,16,2048,2048,8192,2336,373.488,716.979,359.761,-0.04
mixed,64,3,0.0469,4.0,16,2048,4096,16384,4672,548.641,1112.148,532.017,-0.0295
mixed,64,3,0.0469,4.0,16,2048,8192,32768,9344,774.161,1917.157,878.146,0.091
mixed,64,3,0.0469,4.0,16,8192,128,512,146,232.401,246.912,233.647,0.0858
mixed,64,3,0.0469,4.0,16,8192,256,1024,292,246.495,313.361,246.433,-0.0009
mixed,64,3,0.0469,4.0,16,8192,512,2048,584,244.002,299.92,272.129,0.503
mixed,64,3,0.0469,4.0,16,8192,1024,4096,1168,334.448,519.17,316.481,-0.0973
mixed,64,3,0.0469,4.0,16,8192,2048,8192,2336,318.416,844.194,462.769,0.2746
mixed,64,3,0.0469,4.0,16,8192,4096,16384,4672,560.402,1523.553,526.274,-0.0354
mixed,64,3,0.0469,4.0,16,8192,8192,32768,9344,904.642,2319.381,852.208,-0.0371
mixed,64,3,0.0469,4.0,16,16384,128,512,146,331.985,352.417,328.336,-0.1786
mixed,64,3,0.0469,4.0,16,16384,256,1024,292,330.128,355.361,327.072,-0.1211
mixed,64,3,0.0469,4.0,16,16384,512,2048,584,374.272,474.37,354.049,-0.202
mixed,64,3,0.0469,4.0,16,16384,1024,4096,1168,356.496,467.394,395.471,0.3515
mixed,64,3,0.0469,4.0,16,16384,2048,8192,2336,516.401,848.819,479.106,-0.1122
mixed,64,3,0.0469,4.0,16,16384,4096,16384,4672,510.032,1482.402,786.05,0.2839
mixed,64,3,0.0469,4.0,16,16384,8192,32768,9344,921.667,2855.716,861.01,-0.0314
mixed,64,3,0.0469,4.0,64,0,128,512,146,105.616,203.648,149.746,0.4501
mixed,64,3,0.0469,4.0,64,0,256,1024,292,190.672,232.095,196.526,0.1413
mixed,64,3,0.0469,4.0,64,0,512,2048,584,211.425,287.055,240.959,0.3905
mixed,64,3,0.0469,4.0,64,0,1024,4096,1168,241.502,388.451,332.192,0.6172
mixed,64,3,0.0469,4.0,64,0,2048,8192,2336,301.679,597.155,505.759,0.6907
mixed,64,3,0.0469,4.0,64,0,4096,16384,4672,419.697,1012.081,845.665,0.7191
mixed,64,3,0.0469,4.0,64,0,8192,32768,9344,650.689,1814.435,1521.587,0.7484
mixed,64,3,0.0469,4.0,64,512,128,512,146,208.32,170.896,224.414,
mixed,64,3,0.0469,4.0,64,512,256,1024,292,220.817,265.216,245.617,0.5586
mixed,64,3,0.0469,4.0,64,512,512,2048,584,174.719,318.946,211.264,0.2534
mixed,64,3,0.0469,4.0,64,512,1024,4096,1168,275.328,430.37,320.016,0.2882
mixed,64,3,0.0469,4.0,64,512,2048,8192,2336,338.337,621.09,487.329,0.5269
mixed,64,3,0.0469,4.0,64,512,4096,16384,4672,451.297,1029.09,828.336,0.6526
mixed,64,3,0.0469,4.0,64,512,8192,32768,9344,676.688,1831.204,1483.378,0.6987
mixed,64,3,0.0469,4.0,64,2048,128,512,146,269.361,303.522,267.728,-0.0478
mixed,64,3,0.0469,4.0,64,2048,256,1024,292,282.353,349.712,282.384,0.0005
mixed,64,3,0.0469,4.0,64,2048,512,2048,584,309.601,293.152,350.672,
mixed,64,3,0.0469,4.0,64,2048,1024,4096,1168,358.708,510.192,433.12,0.4912
mixed,64,3,0.0469,4.0,64,2048,2048,8192,2336,317.199,706.543,457.105,0.3593
mixed,64,3,0.0469,4.0,64,2048,4096,16384,4672,537.729,1116.772,797.81,0.4492
mixed,64,3,0.0469,4.0,64,2048,8192,32768,9344,763.185,1909.412,1462.115,0.6098
mixed,64,3,0.0469,4.0,64,8192,128,512,146,508.431,539.377,508.562,0.0042
mixed,64,3,0.0469,4.0,64,8192,256,1024,292,525.504,586.177,522.529,-0.049
mixed,64,3,0.0469,4.0,64,8192,512,2048,584,548.303,670.576,541.455,-0.056
mixed,64,3,0.0469,4.0,64,8192,1024,4096,1168,597.138,827.04,588.595,-0.0372
mixed,64,3,0.0469,4.0,64,8192,2048,8192,2336,686.704,785.298,828.961,1.4429
mixed,64,3,0.0469,4.0,64,8192,4096,16384,4672,870.081,1467.268,1141.762,0.4549
mixed,64,3,0.0469,4.0,64,8192,8192,32768,9344,877.825,2285.892,1406.627,0.3756
mixed,64,3,0.0469,4.0,64,16384,128,512,146,799.935,854.433,798.817,-0.0205
mixed,64,3,0.0469,4.0,64,16384,256,1024,292,800.163,895.297,824.577,0.2566
mixed,64,3,0.0469,4.0,64,16384,512,2048,584,853.872,976.369,852.001,-0.0153
mixed,64,3,0.0469,4.0,64,16384,1024,4096,1168,906.418,1133.265,893.794,-0.0556
mixed,64,3,0.0469,4.0,64,16384,2048,8192,2336,996.24,1451.553,976.61,-0.0431
mixed,64,3,0.0469,4.0,64,16384,4096,16384,4672,1180.499,1406.755,1451.363,1.1972
mixed,64,3,0.0469,4.0,64,16384,8192,32768,9344,1543.602,2724.805,2072.772,0.448
mixed,64,3,0.0469,4.0,256,0,128,512,146,187.662,197.264,185.391,-0.2365
mixed,64,3,0.0469,4.0,256,0,256,1024,292,192.721,230.098,198.082,0.1434
mixed,64,3,0.0469,4.0,256,0,512,2048,584,201.696,302.337,281.442,0.7924
mixed,64,3,0.0469,4.0,256,0,1024,4096,1168,230.574,466.865,443.667,0.9018
mixed,64,3,0.0469,4.0,256,0,2048,8192,2336,322.626,778.101,761.297,0.9631
mixed,64,3,0.0469,4.0,256,0,4096,16384,4672,507.618,1417.571,1383.893,0.963
mixed,64,3,0.0469,4.0,256,0,8192,32768,9344,873.042,2702.786,2632.178,0.9614
mixed,64,3,0.0469,4.0,256,512,128,512,146,271.457,310.591,269.649,-0.0462
mixed,64,3,0.0469,4.0,256,512,256,1024,292,286.066,352.529,284.192,-0.0282
mixed,64,3,0.0469,4.0,256,512,512,2048,584,315.425,433.968,362.801,0.3997
mixed,64,3,0.0469,4.0,256,512,1024,4096,1168,363.137,589.682,522.498,0.7034
mixed,64,3,0.0469,4.0,256,512,2048,8192,2336,455.7,904.77,832.035,0.838
mixed,64,3,0.0469,4.0,256,512,4096,16384,4672,632.48,1541.266,1452.193,0.902
mixed,64,3,0.0469,4.0,256,512,8192,32768,9344,995.808,2811.651,2692.965,0.9346
mixed,64,3,0.0469,4.0,256,2048,128,512,146,504.658,541.153,505.135,0.0131
mixed,64,3,0.0469,4.0,256,2048,256,1024,292,517.313,583.008,517.679,0.0056
mixed,64,3,0.0469,4.0,256,2048,512,2048,584,547.697,663.332,541.856,-0.0505
mixed,64,3,0.0469,4.0,256,2048,1024,4096,1168,593.839,821.3,643.279,0.2174
mixed,64,3,0.0469,4.0,256,2048,2048,8192,2336,687.378,1135.65,951.408,0.589
mixed,64,3,0.0469,4.0,256,2048,4096,16384,4672,868.962,1775.508,1578.612,0.7828
mixed,64,3,0.0469,4.0,256,2048,8192,32768,9344,1232.033,3042.789,2801.142,0.8665
mixed,64,3,0.0469,4.0,256,8192,128,512,146,1397.092,1397.124,1397.681,18.7143
mixed,64,3,0.0469,4.0,256,8192,256,1024,292,1398.869,1489.205,1396.095,-0.0307
mixed,64,3,0.0469,4.0,256,8192,512,2048,584,1397.778,1573.635,1398.258,0.0027
mixed,64,3,0.0469,4.0,256,8192,1024,4096,1168,1502.595,1734.404,1491.426,-0.0482
mixed,64,3,0.0469,4.0,256,8192,2048,8192,2336,1596.212,2054.468,1576.579,-0.0428
mixed,64,3,0.0469,4.0,256,8192,4096,16384,4672,1775.73,2683.443,2037.075,0.2879
mixed,64,3,0.0469,4.0,256,8192,8192,32768,9344,2141.076,3963.925,3268.5,0.6185
mixed,64,3,0.0469,4.0,256,16384,128,512,146,2614.085,2624.162,2622.486,0.8337
mixed,64,3,0.0469,4.0,256,16384,256,1024,292,2617.813,2614.917,2619.365,
mixed,64,3,0.0469,4.0,256,16384,512,2048,584,2616.455,2795.204,2617.156,0.0039
mixed,64,3,0.0469,4.0,256,16384,1024,4096,1168,2616.822,2944.929,2617.014,0.0006
mixed,64,3,0.0469,4.0,256,16384,2048,8192,2336,2808.197,3265.959,2789.3,-0.0413
mixed,64,3,0.0469,4.0,256,16384,4096,16384,4672,2988.76,3896.313,2950.468,-0.0422
mixed,64,3,0.0469,4.0,256,16384,8192,32768,9344,3349.927,5164.921,3895.735,0.3007
mixed,64,3,0.0469,4.0,1024,0,128,512,146,492.979,521.423,519.857,0.9449
mixed,64,3,0.0469,4.0,1024,0,256,1024,292,508.881,552.916,536.658,0.6308
mixed,64,3,0.0469,4.0,1024,0,512,2048,584,531.409,607.136,560.802,0.3881
mixed,64,3,0.0469,4.0,1024,0,1024,4096,1168,558.513,715.153,610.147,0.3296
mixed,64,3,0.0469,4.0,1024,0,2048,8192,2336,620.623,913.84,707.697,0.297
mixed,64,3,0.0469,4.0,1024,0,4096,16384,4672,735.824,1328.081,883.093,0.2487
mixed,64,3,0.0469,4.0,1024,0,8192,32768,9344,972.846,2138.437,1242.415,0.2313
mixed,64,3,0.0469,4.0,1024,512,128,512,146,752.624,781.393,776.932,0.845
mixed,64,3,0.0469,4.0,1024,512,256,1024,292,770.288,814.865,799.282,0.6504
mixed,64,3,0.0469,4.0,1024,512,512,2048,584,791.839,864.544,823.264,0.4322
mixed,64,3,0.0469,4.0,1024,512,1024,4096,1168,815.631,971.284,869.218,0.3443
mixed,64,3,0.0469,4.0,1024,512,2048,8192,2336,880.225,1177.222,963.359,0.2799
mixed,64,3,0.0469,4.0,1024,512,4096,16384,4672,996.499,1603.187,1147.121,0.2483
mixed,64,3,0.0469,4.0,1024,512,8192,32768,9344,1234.581,2435.204,1500.244,0.2213
mixed,64,3,0.0469,4.0,1024,2048,128,512,146,1202.115,1230.992,1230.323,0.9768
mixed,64,3,0.0469,4.0,1024,2048,256,1024,292,1216.192,1254.067,1244.995,0.7605
mixed,64,3,0.0469,4.0,1024,2048,512,2048,584,1232.164,1306.26,1266.034,0.4571
mixed,64,3,0.0469,4.0,1024,2048,1024,4096,1168,1262.531,1415.713,1315.524,0.3459
mixed,64,3,0.0469,4.0,1024,2048,2048,8192,2336,1319.622,1615.842,1412.005,0.3119
mixed,64,3,0.0469,4.0,1024,2048,4096,16384,4672,1439.014,2034.054,1585.459,0.2461
mixed,64,3,0.0469,4.0,1024,2048,8192,32768,9344,1672.53,2835.813,1934.406,0.2251
mixed,64,3,0.0469,4.0,1024,8192,128,512,146,2949.224,2969.894,2968.663,0.9404
mixed,64,3,0.0469,4.0,1024,8192,256,1024,292,2950.486,3003.312,2990.793,0.763
mixed,64,3,0.0469,4.0,1024,8192,512,2048,584,2979.385,3052.534,3002.853,0.3208
mixed,64,3,0.0469,4.0,1024,8192,1024,4096,1168,3003.782,3156.356,3054.422,0.3319
mixed,64,3,0.0469,4.0,1024,8192,2048,8192,2336,3065.671,3365.413,3145.64,0.2668
mixed,64,3,0.0469,4.0,1024,8192,4096,16384,4672,3173.545,3767.351,3327.767,0.2597
mixed,64,3,0.0469,4.0,1024,8192,8192,32768,9344,3413.346,4572.581,3689.572,0.2383
mixed,64,3,0.0469,4.0,1024,16384,128,512,146,5238.391,5254.871,5261.4,1.3961
mixed,64,3,0.0469,4.0,1024,16384,256,1024,292,5251.736,5291.256,5283.818,0.8118
mixed,64,3,0.0469,4.0,1024,16384,512,2048,584,5278.477,5352.204,5315.423,0.5011
mixed,64,3,0.0469,4.0,1024,16384,1024,4096,1168,5298.218,5440.157,5351.451,0.375
mixed,64,3,0.0469,4.0,1024,16384,2048,8192,2336,5368.778,5656.087,5435.514,0.2323
mixed,64,3,0.0469,4.0,1024,16384,4096,16384,4672,5458.617,6065.896,5622.316,0.2696
mixed,64,3,0.0469,4.0,1024,16384,8192,32768,9344,5709.003,6865.277,5974.553,0.2297
mixed,64,3,0.0469,4.0,4096,0,128,512,146,2218.613,2244.947,2244.869,0.997
mixed,64,3,0.0469,4.0,4096,0,256,1024,292,2239.827,2273.268,2257.399,0.5254
mixed,64,3,0.0469,4.0,4096,0,512,2048,584,2252.48,2327.845,2286.37,0.4497
mixed,64,3,0.0469,4.0,4096,0,1024,4096,1168,2282.309,2435.126,2331.092,0.3192
mixed,64,3,0.0469,4.0,4096,0,2048,8192,2336,2345.619,2639.619,2424.212,0.2673
mixed,64,3,0.0469,4.0,4096,0,4096,16384,4672,2462.356,3054.966,2610.754,0.2504
mixed,64,3,0.0469,4.0,4096,0,8192,32768,9344,2696.627,3854.55,2963.272,0.2303
mixed,64,3,0.0469,4.0,4096,512,128,512,146,2855.91,2881.795,2882.948,1.0446
mixed,64,3,0.0469,4.0,4096,512,256,1024,292,2868.098,2911.957,2898.184,0.686
mixed,64,3,0.0469,4.0,4096,512,512,2048,584,2889.046,2961.894,2923.94,0.479
mixed,64,3,0.0469,4.0,4096,512,1024,4096,1168,2921.562,3068.18,2970.198,0.3317
mixed,64,3,0.0469,4.0,4096,512,2048,8192,2336,2977.655,3276.054,3062.647,0.2848
mixed,64,3,0.0469,4.0,4096,512,4096,16384,4672,3089.863,3698.457,3251.061,0.2649
mixed,64,3,0.0469,4.0,4096,512,8192,32768,9344,3328.713,4501.926,3589.302,0.2221
mixed,64,3,0.0469,4.0,4096,2048,128,512,146,3934.571,3960.52,3954.758,0.7779
mixed,64,3,0.0469,4.0,4096,2048,256,1024,292,3943.593,3995.037,3982.999,0.766
mixed,64,3,0.0469,4.0,4096,2048,512,2048,584,3971.976,4042.922,3994.695,0.3202
mixed,64,3,0.0469,4.0,4096,2048,1024,4096,1168,3991.382,4162.026,4048.68,0.3358
mixed,64,3,0.0469,4.0,4096,2048,2048,8192,2336,4053.307,4361.434,4129.641,0.2477
mixed,64,3,0.0469,4.0,4096,2048,4096,16384,4672,4168.934,4762.12,4313.318,0.2434
mixed,64,3,0.0469,4.0,4096,2048,8192,32768,9344,4399.927,5565.677,4690.282,0.2491
mixed,64,3,0.0469,4.0,4096,8192,128,512,146,8229.471,8276.572,8258.689,0.6203
mixed,64,3,0.0469,4.0,4096,8192,256,1024,292,8246.674,8273.952,8267.571,0.7661
mixed,64,3,0.0469,4.0,4096,8192,512,2048,584,8264.704,8360.404,8283.132,0.1926
mixed,64,3,0.0469,4.0,4096,8192,1024,4096,1168,8298.672,8458.016,8346.992,0.3032
mixed,64,3,0.0469,4.0,4096,8192,2048,8192,2336,8350.702,8659.969,8429.171,0.2537
mixed,64,3,0.0469,4.0,4096,8192,4096,16384,4672,8465.572,9079.458,8634.672,0.2755
mixed,64,3,0.0469,4.0,4096,8192,8192,32768,9344,8707.282,9874.369,8972.451,0.2272
mixed,64,3,0.0469,4.0,4096,16384,128,512,146,13921.069,13954.234,13988.832,2.0432
mixed,64,3,0.0469,4.0,4096,16384,256,1024,292,13951.696,13995.178,13989.02,0.8584
mixed,64,3,0.0469,4.0,4096,16384,512,2048,584,14017.473,14057.883,13998.396,-0.4721
mixed,64,3,0.0469,4.0,4096,16384,1024,4096,1168,13997.825,14149.391,14057.003,0.3904
mixed,64,3,0.0469,4.0,4096,16384,2048,8192,2336,14070.174,14360.237,14142.203,0.2483
mixed,64,3,0.0469,4.0,4096,16384,4096,16384,4672,14164.664,14758.129,14318.929,0.2599
mixed,64,3,0.0469,4.0,4096,16384,8192,32768,9344,14435.713,15594.479,14690.733,0.2201
pure,64,4,0.0625,4.0,0,0,128,512,152,85.6,158.177,161.953,1.052
pure,64,4,0.0625,4.0,0,0,256,1024,304,150.272,187.471,176.927,0.7166
pure,64,4,0.0625,4.0,0,0,512,2048,608,171.519,238.674,198.72,0.405
pure,64,4,0.0625,4.0,0,0,1024,4096,1216,199.939,348.415,249.969,0.337
pure,64,4,0.0625,4.0,0,0,2048,8192,2432,259.139,549.503,346.369,0.3004
pure,64,4,0.0625,4.0,0,0,4096,16384,4864,386.657,962.659,528.943,0.247
pure,64,4,0.0625,4.0,0,0,8192,32768,9728,626.577,1764.052,881.504,0.2241
mixed,64,4,0.0625,4.0,16,0,128,512,152,101.024,186.529,184.112,0.9717
mixed,64,4,0.0625,4.0,16,0,256,1024,304,174.495,213.888,198.385,0.6065
mixed,64,4,0.0625,4.0,16,0,512,2048,608,194.337,264.353,223.728,0.4198
mixed,64,4,0.0625,4.0,16,0,1024,4096,1216,225.423,371.888,271.264,0.313
mixed,64,4,0.0625,4.0,16,0,2048,8192,2432,282.93,571.824,363.583,0.2792
mixed,64,4,0.0625,4.0,16,0,4096,16384,4864,409.042,983.153,545.49,0.2377
mixed,64,4,0.0625,4.0,16,0,8192,32768,9728,645.586,1784.358,900.753,0.2241
mixed,64,4,0.0625,4.0,16,512,128,512,152,148.352,225.231,150.769,0.0314
mixed,64,4,0.0625,4.0,16,512,256,1024,304,208.848,263.985,158.031,-0.9216
mixed,64,4,0.0625,4.0,16,512,512,2048,608,231.442,317.827,227.967,-0.0402
mixed,64,4,0.0625,4.0,16,512,1024,4096,1216,271.697,427.313,265.104,-0.0424
mixed,64,4,0.0625,4.0,16,512,2048,8192,2432,341.92,620.673,357.185,0.0548
mixed,64,4,0.0625,4.0,16,512,4096,16384,4864,462.656,1024.867,542.466,0.142
mixed,64,4,0.0625,4.0,16,512,8192,32768,9728,695.585,1808.914,899.361,0.183
mixed,64,4,0.0625,4.0,16,2048,128,512,152,173.792,177.327,166.752,-1.9914
mixed,64,4,0.0625,4.0,16,2048,256,1024,304,193.76,266.897,196.834,0.042
mixed,64,4,0.0625,4.0,16,2048,512,2048,608,176.543,357.248,226.015,0.2738
mixed,64,4,0.0625,4.0,16,2048,1024,4096,1216,286.224,526.13,275.699,-0.0439
mixed,64,4,0.0625,4.0,16,2048,2048,8192,2432,375.647,718.882,362.08,-0.0395
mixed,64,4,0.0625,4.0,16,2048,4096,16384,4864,562.192,1118.259,534.321,-0.0501
mixed,64,4,0.0625,4.0,16,2048,8192,32768,9728,796.226,1910.18,886.051,0.0806
mixed,64,4,0.0625,4.0,16,8192,128,512,152,231.954,247.983,232.529,0.0359
mixed,64,4,0.0625,4.0,16,8192,256,1024,304,247.471,314.849,247.312,-0.0024
mixed,64,4,0.0625,4.0,16,8192,512,2048,608,244.466,298.192,273.49,0.5402
mixed,64,4,0.0625,4.0,16,8192,1024,4096,1216,343.985,518.88,316.449,-0.1574
mixed,64,4,0.0625,4.0,16,8192,2048,8192,2432,391.634,844.161,467.153,0.1669
mixed,64,4,0.0625,4.0,16,8192,4096,16384,4864,576.304,1524.994,532.337,-0.0463
mixed,64,4,0.0625,4.0,16,8192,8192,32768,9728,928.466,2313.829,856.386,-0.052
mixed,64,4,0.0625,4.0,16,16384,128,512,152,331.601,354.672,327.472,-0.179
mixed,64,4,0.0625,4.0,16,16384,256,1024,304,328.513,358.767,329.105,0.0196
mixed,64,4,0.0625,4.0,16,16384,512,2048,608,374.945,473.712,353.36,-0.2185
mixed,64,4,0.0625,4.0,16,16384,1024,4096,1216,355.312,465.552,398.223,0.3893
mixed,64,4,0.0625,4.0,16,16384,2048,8192,2432,533.649,835.232,479.184,-0.1806
mixed,64,4,0.0625,4.0,16,16384,4096,16384,4864,582.753,1488.514,785.681,0.224
mixed,64,4,0.0625,4.0,16,16384,8192,32768,9728,956.881,2859.702,853.49,-0.0543
mixed,64,4,0.0625,4.0,64,0,128,512,152,106.431,202.88,149.872,0.4504
mixed,64,4,0.0625,4.0,64,0,256,1024,304,191.249,232.161,196.707,0.1334
mixed,64,4,0.0625,4.0,64,0,512,2048,608,212.816,286.464,240.93,0.3817
mixed,64,4,0.0625,4.0,64,0,1024,4096,1216,246.736,390.561,332.129,0.5937
mixed,64,4,0.0625,4.0,64,0,2048,8192,2432,308.655,599.234,508.352,0.6872
mixed,64,4,0.0625,4.0,64,0,4096,16384,4864,426.978,1012.369,845.618,0.7151
mixed,64,4,0.0625,4.0,64,0,8192,32768,9728,675.792,1816.852,1519.377,0.7393
mixed,64,4,0.0625,4.0,64,512,128,512,152,208.608,171.584,223.921,
mixed,64,4,0.0625,4.0,64,512,256,1024,304,221.617,266.592,246.065,0.5436
mixed,64,4,0.0625,4.0,64,512,512,2048,608,176.481,322.96,213.554,0.2531
mixed,64,4,0.0625,4.0,64,512,1024,4096,1216,275.825,427.712,317.312,0.2732
mixed,64,4,0.0625,4.0,64,512,2048,8192,2432,344.0,623.666,488.128,0.5154
mixed,64,4,0.0625,4.0,64,512,4096,16384,4864,464.704,1027.505,825.408,0.6409
mixed,64,4,0.0625,4.0,64,512,8192,32768,9728,696.595,1827.188,1496.834,0.7078
mixed,64,4,0.0625,4.0,64,2048,128,512,152,271.089,304.88,268.32,-0.0819
mixed,64,4,0.0625,4.0,64,2048,256,1024,304,282.048,349.474,281.762,-0.0042
mixed,64,4,0.0625,4.0,64,2048,512,2048,608,311.792,292.577,352.594,
mixed,64,4,0.0625,4.0,64,2048,1024,4096,1216,365.106,513.667,432.639,0.4546
mixed,64,4,0.0625,4.0,64,2048,2048,8192,2432,326.129,713.136,461.825,0.3506
mixed,64,4,0.0625,4.0,64,2048,4096,16384,4864,547.616,1117.409,799.282,0.4417
mixed,64,4,0.0625,4.0,64,2048,8192,32768,9728,791.296,1913.589,1459.38,0.5953
mixed,64,4,0.0625,4.0,64,8192,128,512,152,509.121,543.92,507.937,-0.0341
mixed,64,4,0.0625,4.0,64,8192,256,1024,304,522.912,587.217,522.434,-0.0074
mixed,64,4,0.0625,4.0,64,8192,512,2048,608,549.618,667.392,543.314,-0.0535
mixed,64,4,0.0625,4.0,64,8192,1024,4096,1216,599.297,826.001,590.561,-0.0385
mixed,64,4,0.0625,4.0,64,8192,2048,8192,2432,695.264,780.147,831.042,1.5996
mixed,64,4,0.0625,4.0,64,8192,4096,16384,4864,886.594,1471.827,1147.443,0.4457
mixed,64,4,0.0625,4.0,64,8192,8192,32768,9728,957.938,2273.573,1417.123,0.349
mixed,64,4,0.0625,4.0,64,16384,128,512,152,800.945,849.793,801.474,0.0108
mixed,64,4,0.0625,4.0,64,16384,256,1024,304,802.403,896.482,832.37,0.3185
mixed,64,4,0.0625,4.0,64,16384,512,2048,608,857.713,976.513,856.802,-0.0077
mixed,64,4,0.0625,4.0,64,16384,1024,4096,1216,909.715,1134.51,898.097,-0.0517
mixed,64,4,0.0625,4.0,64,16384,2048,8192,2432,1005.922,1455.042,980.576,-0.0564
mixed,64,4,0.0625,4.0,64,16384,4096,16384,4864,1192.08,1415.169,1452.642,1.168
mixed,64,4,0.0625,4.0,64,16384,8192,32768,9728,1570.084,2718.07,2080.115,0.4443
mixed,64,4,0.0625,4.0,256,0,128,512,152,187.184,196.335,185.761,-0.1555
mixed,64,4,0.0625,4.0,256,0,256,1024,304,193.617,230.656,199.154,0.1495
mixed,64,4,0.0625,4.0,256,0,512,2048,608,202.256,302.272,280.589,0.7832
mixed,64,4,0.0625,4.0,256,0,1024,4096,1216,233.439,465.487,446.769,0.9193
mixed,64,4,0.0625,4.0,256,0,2048,8192,2432,333.042,782.659,765.457,0.9617
mixed,64,4,0.0625,4.0,256,0,4096,16384,4864,524.833,1421.346,1387.587,0.9623
mixed,64,4,0.0625,4.0,256,0,8192,32768,9728,901.122,2698.868,2624.488,0.9586
mixed,64,4,0.0625,4.0,256,512,128,512,152,270.817,308.754,269.536,-0.0338
mixed,64,4,0.0625,4.0,256,512,256,1024,304,287.726,352.481,286.4,-0.0205
mixed,64,4,0.0625,4.0,256,512,512,2048,608,316.11,432.575,364.305,0.4138
mixed,64,4,0.0625,4.0,256,512,1024,4096,1216,367.697,590.53,522.369,0.6941
mixed,64,4,0.0625,4.0,256,512,2048,8192,2432,463.776,911.361,834.833,0.829
mixed,64,4,0.0625,4.0,256,512,4096,16384,4864,649.824,1540.434,1451.666,0.9003
mixed,64,4,0.0625,4.0,256,512,8192,32768,9728,1028.385,2812.438,2697.494,0.9356
mixed,64,4,0.0625,4.0,256,2048,128,512,152,504.976,541.022,504.962,-0.0004
mixed,64,4,0.0625,4.0,256,2048,256,1024,304,520.465,584.257,517.857,-0.0409
mixed,64,4,0.0625,4.0,256,2048,512,2048,608,550.96,663.507,541.874,-0.0807
mixed,64,4,0.0625,4.0,256,2048,1024,4096,1216,600.033,821.2,642.208,0.1907
mixed,64,4,0.0625,4.0,256,2048,2048,8192,2432,692.688,1139.186,953.058,0.5831
mixed,64,4,0.0625,4.0,256,2048,4096,16384,4864,879.714,1768.162,1574.628,0.7822
mixed,64,4,0.0625,4.0,256,2048,8192,32768,9728,1257.971,3042.36,2814.068,0.8721
mixed,64,4,0.0625,4.0,256,8192,128,512,152,1400.625,1399.62,1397.33,
mixed,64,4,0.0625,4.0,256,8192,256,1024,304,1399.202,1491.202,1398.53,-0.0073
mixed,64,4,0.0625,4.0,256,8192,512,2048,608,1403.699,1572.227,1398.66,-0.0299
mixed,64,4,0.0625,4.0,256,8192,1024,4096,1216,1505.169,1731.828,1491.476,-0.0604
mixed,64,4,0.0625,4.0,256,8192,2048,8192,2432,1606.45,2049.892,1572.993,-0.0754
mixed,64,4,0.0625,4.0,256,8192,4096,16384,4864,1791.685,2685.973,2037.525,0.2749
mixed,64,4,0.0625,4.0,256,8192,8192,32768,9728,2166.343,3958.346,3284.035,0.6237
mixed,64,4,0.0625,4.0,256,16384,128,512,152,2626.886,2626.181,2618.389,
mixed,64,4,0.0625,4.0,256,16384,256,1024,304,2619.445,2611.333,2617.012,
mixed,64,4,0.0625,4.0,256,16384,512,2048,608,2626.26,2782.772,2615.94,-0.0659
mixed,64,4,0.0625,4.0,256,16384,1024,4096,1216,2617.845,2947.111,2615.253,-0.0079
mixed,64,4,0.0625,4.0,256,16384,2048,8192,2432,2828.983,3266.934,2788.214,-0.0931
mixed,64,4,0.0625,4.0,256,16384,4096,16384,4864,3002.084,3898.136,2950.293,-0.0578
mixed,64,4,0.0625,4.0,256,16384,8192,32768,9728,3386.471,5169.994,3877.046,0.2751
mixed,64,4,0.0625,4.0,1024,0,128,512,152,492.273,518.319,517.633,0.9737
mixed,64,4,0.0625,4.0,1024,0,256,1024,304,508.318,553.52,533.473,0.5565
mixed,64,4,0.0625,4.0,1024,0,512,2048,608,532.821,609.024,562.112,0.3844
mixed,64,4,0.0625,4.0,1024,0,1024,4096,1216,567.364,714.993,611.486,0.2989
mixed,64,4,0.0625,4.0,1024,0,2048,8192,2432,625.458,916.385,710.014,0.2906
mixed,64,4,0.0625,4.0,1024,0,4096,16384,4864,751.938,1333.571,890.772,0.2387
mixed,64,4,0.0625,4.0,1024,0,8192,32768,9728,990.577,2134.642,1244.594,0.222
mixed,64,4,0.0625,4.0,1024,512,128,512,152,756.72,782.56,780.72,0.9288
mixed,64,4,0.0625,4.0,1024,512,256,1024,304,772.37,812.816,795.472,0.5712
mixed,64,4,0.0625,4.0,1024,512,512,2048,608,788.998,861.682,825.712,0.5051
mixed,64,4,0.0625,4.0,1024,512,1024,4096,1216,827.699,973.635,868.914,0.2824
mixed,64,4,0.0625,4.0,1024,512,2048,8192,2432,886.898,1173.552,967.714,0.2819
mixed,64,4,0.0625,4.0,1024,512,4096,16384,4864,1008.992,1607.411,1147.168,0.2309
mixed,64,4,0.0625,4.0,1024,512,8192,32768,9728,1250.436,2437.636,1504.738,0.2142
mixed,64,4,0.0625,4.0,1024,2048,128,512,152,1198.385,1223.842,1225.009,1.0458
mixed,64,4,0.0625,4.0,1024,2048,256,1024,304,1215.989,1255.586,1243.925,0.7055
mixed,64,4,0.0625,4.0,1024,2048,512,2048,608,1241.284,1308.702,1264.344,0.342
mixed,64,4,0.0625,4.0,1024,2048,1024,4096,1216,1270.801,1415.825,1311.121,0.278
mixed,64,4,0.0625,4.0,1024,2048,2048,8192,2432,1327.474,1617.621,1407.615,0.2762
mixed,64,4,0.0625,4.0,1024,2048,4096,16384,4864,1453.298,2029.558,1587.235,0.2324
mixed,64,4,0.0625,4.0,1024,2048,8192,32768,9728,1690.697,2830.083,1941.798,0.2204
mixed,64,4,0.0625,4.0,1024,8192,128,512,152,2945.557,2968.053,2968.342,1.0128
mixed,64,4,0.0625,4.0,1024,8192,256,1024,304,2961.703,2998.6,2994.566,0.8907
mixed,64,4,0.0625,4.0,1024,8192,512,2048,608,2980.485,3049.064,3015.155,0.5056
mixed,64,4,0.0625,4.0,1024,8192,1024,4096,1216,3013.555,3162.66,3054.372,0.2737
mixed,64,4,0.0625,4.0,1024,8192,2048,8192,2432,3074.45,3361.62,3150.611,0.2652
mixed,64,4,0.0625,4.0,1024,8192,4096,16384,4864,3199.639,3781.415,3334.568,0.2319
mixed,64,4,0.0625,4.0,1024,8192,8192,32768,9728,3440.633,4576.676,3690.328,0.2198
mixed,64,4,0.0625,4.0,1024,16384,128,512,152,5240.138,5262.026,5264.926,1.1325
mixed,64,4,0.0625,4.0,1024,16384,256,1024,304,5255.832,5297.173,5277.259,0.5183
mixed,64,4,0.0625,4.0,1024,16384,512,2048,608,5280.376,5337.787,5307.402,0.4707
mixed,64,4,0.0625,4.0,1024,16384,1024,4096,1216,5304.395,5445.965,5347.211,0.3024
mixed,64,4,0.0625,4.0,1024,16384,2048,8192,2432,5362.346,5667.388,5453.289,0.2981
mixed,64,4,0.0625,4.0,1024,16384,4096,16384,4864,5488.767,6068.345,5633.051,0.2489
mixed,64,4,0.0625,4.0,1024,16384,8192,32768,9728,5723.391,6866.989,5983.128,0.2271
mixed,64,4,0.0625,4.0,4096,0,128,512,152,2215.894,2242.453,2244.675,1.0837
mixed,64,4,0.0625,4.0,4096,0,256,1024,304,2235.106,2278.021,2253.99,0.44
mixed,64,4,0.0625,4.0,4096,0,512,2048,608,2266.436,2332.36,2290.852,0.3704
mixed,64,4,0.0625,4.0,4096,0,1024,4096,1216,2287.972,2437.332,2336.66,0.326
mixed,64,4,0.0625,4.0,4096,0,2048,8192,2432,2350.649,2646.898,2434.981,0.2847
mixed,64,4,0.0625,4.0,4096,0,4096,16384,4864,2468.675,3059.365,2605.044,0.2309
mixed,64,4,0.0625,4.0,4096,0,8192,32768,9728,2720.117,3855.287,2962.44,0.2135
mixed,64,4,0.0625,4.0,4096,512,128,512,152,2859.016,2880.277,2887.043,1.3182
mixed,64,4,0.0625,4.0,4096,512,256,1024,304,2864.998,2912.884,2900.822,0.7481
mixed,64,4,0.0625,4.0,4096,512,512,2048,608,2893.891,2968.33,2921.81,0.3751
mixed,64,4,0.0625,4.0,4096,512,1024,4096,1216,2921.171,3076.532,2968.422,0.3041
mixed,64,4,0.0625,4.0,4096,512,2048,8192,2432,2983.719,3276.789,3062.519,0.2689
mixed,64,4,0.0625,4.0,4096,512,4096,16384,4864,3109.8,3689.495,3241.543,0.2273
mixed,64,4,0.0625,4.0,4096,512,8192,32768,9728,3353.368,4500.633,3608.521,0.2224
mixed,64,4,0.0625,4.0,4096,2048,128,512,152,3934.919,3960.28,3963.224,1.1161
mixed,64,4,0.0625,4.0,4096,2048,256,1024,304,3946.036,3987.333,3986.733,0.9855
mixed,64,4,0.0625,4.0,4096,2048,512,2048,608,3979.176,4040.039,4003.483,0.3994
mixed,64,4,0.0625,4.0,4096,2048,1024,4096,1216,3995.814,4157.767,4053.811,0.3581
mixed,64,4,0.0625,4.0,4096,2048,2048,8192,2432,4057.765,4362.027,4146.888,0.2929
mixed,64,4,0.0625,4.0,4096,2048,4096,16384,4864,4196.584,4766.413,4318.52,0.214
mixed,64,4,0.0625,4.0,4096,2048,8192,32768,9728,4427.994,5569.837,4676.058,0.2172
mixed,64,4,0.0625,4.0,4096,8192,128,512,152,8239.324,8256.749,8280.447,2.36
mixed,64,4,0.0625,4.0,4096,8192,256,1024,304,8244.87,8280.544,8269.904,0.7017
mixed,64,4,0.0625,4.0,4096,8192,512,2048,608,8278.462,8332.72,8300.514,0.4064
mixed,64,4,0.0625,4.0,4096,8192,1024,4096,1216,8299.828,8440.479,8346.386,0.331
mixed,64,4,0.0625,4.0,4096,8192,2048,8192,2432,8357.726,8653.798,8455.091,0.3289
mixed,64,4,0.0625,4.0,4096,8192,4096,16384,4864,8476.352,9080.197,8621.681,0.2407
mixed,64,4,0.0625,4.0,4096,8192,8192,32768,9728,8742.036,9884.196,8988.033,0.2154
mixed,64,4,0.0625,4.0,4096,16384,128,512,152,13953.406,13962.062,13961.134,0.8928
mixed,64,4,0.0625,4.0,4096,16384,256,1024,304,13973.874,14012.328,13965.965,-0.2057
mixed,64,4,0.0625,4.0,4096,16384,512,2048,608,13970.095,14034.683,14007.772,0.5833
mixed,64,4,0.0625,4.0,4096,16384,1024,4096,1216,14011.131,14149.994,14095.704,0.609
mixed,64,4,0.0625,4.0,4096,16384,2048,8192,2432,14057.378,14357.711,14142.897,0.2847
mixed,64,4,0.0625,4.0,4096,16384,4096,16384,4864,14187.546,14782.225,14329.439,0.2386
mixed,64,4,0.0625,4.0,4096,16384,8192,32768,9728,14468.671,15582.082,14680.994,0.1907
pure,64,8,0.125,4.0,0,0,128,512,176,86.065,158.19,164.161,1.0828
pure,64,8,0.125,4.0,0,0,256,1024,352,158.065,185.233,177.615,0.7196
pure,64,8,0.125,4.0,0,0,512,2048,704,175.487,239.537,202.081,0.4152
pure,64,8,0.125,4.0,0,0,1024,4096,1408,209.777,347.697,251.01,0.299
pure,64,8,0.125,4.0,0,0,2048,8192,2816,281.407,549.601,352.065,0.2635
pure,64,8,0.125,4.0,0,0,4096,16384,5632,426.785,960.755,537.01,0.2064
pure,64,8,0.125,4.0,0,0,8192,32768,11264,704.739,1762.405,895.266,0.1801
mixed,64,8,0.125,4.0,16,0,128,512,176,102.031,186.673,138.482,0.4306
mixed,64,8,0.125,4.0,16,0,256,1024,352,180.4,213.472,200.433,0.6057
mixed,64,8,0.125,4.0,16,0,512,2048,704,199.376,262.561,225.615,0.4153
mixed,64,8,0.125,4.0,16,0,1024,4096,1408,236.193,372.59,274.049,0.2775
mixed,64,8,0.125,4.0,16,0,2048,8192,2816,304.272,570.402,372.176,0.2552
mixed,64,8,0.125,4.0,16,0,4096,16384,5632,448.048,983.394,558.0,0.2054
mixed,64,8,0.125,4.0,16,0,8192,32768,11264,723.519,1788.964,914.322,0.1791
mixed,64,8,0.125,4.0,16,512,128,512,176,149.664,225.314,154.162,0.0595
mixed,64,8,0.125,4.0,16,512,256,1024,352,210.322,262.815,158.432,-0.9885
mixed,64,8,0.125,4.0,16,512,512,2048,704,237.281,319.185,228.977,-0.1014
mixed,64,8,0.125,4.0,16,512,1024,4096,1408,284.991,424.577,272.738,-0.0878
mixed,64,8,0.125,4.0,16,512,2048,8192,2816,362.865,626.322,367.68,0.0183
mixed,64,8,0.125,4.0,16,512,4096,16384,5632,497.794,1015.266,557.6,0.1156
mixed,64,8,0.125,4.0,16,512,8192,32768,11264,768.339,1799.957,913.201,0.1404
mixed,64,8,0.125,4.0,16,2048,128,512,176,175.233,180.047,167.727,-1.5589
mixed,64,8,0.125,4.0,16,2048,256,1024,352,200.562,268.382,198.975,-0.0234
mixed,64,8,0.125,4.0,16,2048,512,2048,704,238.466,357.475,193.41,-0.3786
mixed,64,8,0.125,4.0,16,2048,1024,4096,1408,303.903,523.763,225.089,-0.3585
mixed,64,8,0.125,4.0,16,2048,2048,8192,2816,400.431,721.633,372.303,-0.0876
mixed,64,8,0.125,4.0,16,2048,4096,16384,5632,600.273,1118.34,540.241,-0.1159
mixed,64,8,0.125,4.0,16,2048,8192,32768,11264,863.298,1907.524,903.505,0.0385
mixed,64,8,0.125,4.0,16,8192,128,512,176,234.77,246.64,234.337,-0.0365
mixed,64,8,0.125,4.0,16,8192,256,1024,352,251.52,314.366,252.05,0.0084
mixed,64,8,0.125,4.0,16,8192,512,2048,704,262.24,299.711,277.809,0.4155
mixed,64,8,0.125,4.0,16,8192,1024,4096,1408,374.578,521.81,317.87,-0.3852
mixed,64,8,0.125,4.0,16,8192,2048,8192,2816,424.56,847.409,473.57,0.1159
mixed,64,8,0.125,4.0,16,8192,4096,16384,5632,642.96,1527.457,484.145,-0.1796
mixed,64,8,0.125,4.0,16,8192,8192,32768,11264,997.33,2304.261,875.57,-0.0932
mixed,64,8,0.125,4.0,16,16384,128,512,176,333.441,352.784,327.057,-0.3301
mixed,64,8,0.125,4.0,16,16384,256,1024,352,329.552,357.634,328.544,-0.0359
mixed,64,8,0.125,4.0,16,16384,512,2048,704,387.489,475.888,356.498,-0.3506
mixed,64,8,0.125,4.0,16,16384,1024,4096,1408,379.137,468.817,403.937,0.2765
mixed,64,8,0.125,4.0,16,16384,2048,8192,2816,594.24,845.97,481.278,-0.4487
mixed,64,8,0.125,4.0,16,16384,4096,16384,5632,645.01,1484.388,792.703,0.176
mixed,64,8,0.125,4.0,16,16384,8192,32768,11264,1093.2,2854.341,802.466,-0.1651
mixed,64,8,0.125,4.0,64,0,128,512,176,107.264,203.745,153.68,0.4811
mixed,64,8,0.125,4.0,64,0,256,1024,352,198.163,232.542,198.369,0.006
mixed,64,8,0.125,4.0,64,0,512,2048,704,217.778,286.001,242.207,0.3581
mixed,64,8,0.125,4.0,64,0,1024,4096,1408,256.689,390.58,333.312,0.5723
mixed,64,8,0.125,4.0,64,0,2048,8192,2816,325.474,592.706,508.528,0.685
mixed,64,8,0.125,4.0,64,0,4096,16384,5632,467.153,1016.002,849.3,0.6963
mixed,64,8,0.125,4.0,64,0,8192,32768,11264,755.204,1818.981,1523.634,0.7224
mixed,64,8,0.125,4.0,64,512,128,512,176,209.983,170.239,227.247,
mixed,64,8,0.125,4.0,64,512,256,1024,352,227.762,265.726,189.296,-1.0132
mixed,64,8,0.125,4.0,64,512,512,2048,704,186.417,322.48,232.401,0.338
mixed,64,8,0.125,4.0,64,512,1024,4096,1408,285.281,428.928,301.171,0.1106
mixed,64,8,0.125,4.0,64,512,2048,8192,2816,366.178,621.793,490.193,0.4852
mixed,64,8,0.125,4.0,64,512,4096,16384,5632,502.196,1035.681,827.284,0.6094
mixed,64,8,0.125,4.0,64,512,8192,32768,11264,777.231,1824.385,1483.956,0.6749
mixed,64,8,0.125,4.0,64,2048,128,512,176,271.121,304.897,269.889,-0.0365
mixed,64,8,0.125,4.0,64,2048,256,1024,352,286.192,349.009,337.906,0.8232
mixed,64,8,0.125,4.0,64,2048,512,2048,704,322.672,292.529,357.152,
mixed,64,8,0.125,4.0,64,2048,1024,4096,1408,382.209,514.754,439.282,0.4306
mixed,64,8,0.125,4.0,64,2048,2048,8192,2816,417.697,709.634,477.697,0.2055
mixed,64,8,0.125,4.0,64,2048,4096,16384,5632,588.673,1121.313,783.427,0.3656
mixed,64,8,0.125,4.0,64,2048,8192,32768,11264,858.24,1916.531,1474.242,0.5821
mixed,64,8,0.125,4.0,64,8192,128,512,176,511.456,540.703,509.423,-0.0695
mixed,64,8,0.125,4.0,64,8192,256,1024,352,527.746,586.289,523.329,-0.0754
mixed,64,8,0.125,4.0,64,8192,512,2048,704,561.553,665.936,546.306,-0.1461
mixed,64,8,0.125,4.0,64,8192,1024,4096,1408,619.075,824.53,820.37,0.9798
mixed,64,8,0.125,4.0,64,8192,2048,8192,2816,730.975,785.793,839.203,1.9743
mixed,64,8,0.125,4.0,64,8192,4096,16384,5632,945.042,1468.833,1149.169,0.3897
mixed,64,8,0.125,4.0,64,8192,8192,32768,11264,1081.986,2277.381,1419.65,0.2825
mixed,64,8,0.125,4.0,64,16384,128,512,176,801.073,848.26,800.594,-0.0101
mixed,64,8,0.125,4.0,64,16384,256,1024,352,835.202,896.53,831.634,-0.0582
mixed,64,8,0.125,4.0,64,16384,512,2048,704,868.1,978.899,854.77,-0.1203
mixed,64,8,0.125,4.0,64,16384,1024,4096,1408,923.602,1138.816,905.025,-0.0863
mixed,64,8,0.125,4.0,64,16384,2048,8192,2816,1038.899,1452.482,1441.329,0.973
mixed,64,8,0.125,4.0,64,16384,4096,16384,5632,1253.794,1417.602,1455.7,1.2326
mixed,64,8,0.125,4.0,64,16384,8192,32768,11264,1693.253,2720.117,2083.939,0.3805
mixed,64,8,0.125,4.0,256,0,128,512,176,189.072,196.336,188.559,-0.0706
mixed,64,8,0.125,4.0,256,0,256,1024,352,192.863,230.787,200.129,0.1916
mixed,64,8,0.125,4.0,256,0,512,2048,704,207.008,303.935,284.592,0.8004
mixed,64,8,0.125,4.0,256,0,1024,4096,1408,249.28,466.944,449.441,0.9196
mixed,64,8,0.125,4.0,256,0,2048,8192,2816,370.032,783.89,768.497,0.9628
mixed,64,8,0.125,4.0,256,0,4096,16384,5632,582.369,1421.391,1386.517,0.9584
mixed,64,8,0.125,4.0,256,0,8192,32768,11264,1021.476,2694.581,2622.997,0.9572
mixed,64,8,0.125,4.0,256,512,128,512,176,272.399,307.297,270.817,-0.0453
mixed,64,8,0.125,4.0,256,512,256,1024,352,292.416,352.897,288.035,-0.0724
mixed,64,8,0.125,4.0,256,512,512,2048,704,325.314,432.834,366.465,0.3827
mixed,64,8,0.125,4.0,256,512,1024,4096,1408,386.03,592.144,524.61,0.6723
mixed,64,8,0.125,4.0,256,512,2048,8192,2816,492.944,904.45,834.386,0.8297
mixed,64,8,0.125,4.0,256,512,4096,16384,5632,711.106,1545.058,1452.689,0.8892
mixed,64,8,0.125,4.0,256,512,8192,32768,11264,1147.827,2819.365,2694.23,0.9251
mixed,64,8,0.125,4.0,256,2048,128,512,176,505.872,540.865,506.689,0.0234
mixed,64,8,0.125,4.0,256,2048,256,1024,352,523.729,583.667,517.889,-0.0974
mixed,64,8,0.125,4.0,256,2048,512,2048,704,557.839,662.323,544.418,-0.1285
mixed,64,8,0.125,4.0,256,2048,1024,4096,1408,617.216,820.707,643.905,0.1312
mixed,64,8,0.125,4.0,256,2048,2048,8192,2816,726.754,1141.458,956.227,0.5533
mixed,64,8,0.125,4.0,256,2048,4096,16384,5632,937.586,1771.3,1571.619,0.7605
mixed,64,8,0.125,4.0,256,2048,8192,32768,11264,1376.386,3049.397,2810.997,0.8575
mixed,64,8,0.125,4.0,256,8192,128,512,176,1399.138,1399.043,1397.969,
mixed,64,8,0.125,4.0,256,8192,256,1024,352,1396.897,1488.722,1402.563,0.0617
mixed,64,8,0.125,4.0,256,8192,512,2048,704,1402.948,1571.314,1396.916,-0.0358
mixed,64,8,0.125,4.0,256,8192,1024,4096,1408,1522.771,1736.742,1493.649,-0.1361
mixed,64,8,0.125,4.0,256,8192,2048,8192,2816,1635.987,2046.164,1574.259,-0.1505
mixed,64,8,0.125,4.0,256,8192,4096,16384,5632,1849.908,2682.038,2038.099,0.2262
mixed,64,8,0.125,4.0,256,8192,8192,32768,11264,2288.131,3953.144,3296.869,0.6058
mixed,64,8,0.125,4.0,256,16384,128,512,176,2636.066,2621.461,2616.069,
mixed,64,8,0.125,4.0,256,16384,256,1024,352,2618.789,2617.318,2618.389,
mixed,64,8,0.125,4.0,256,16384,512,2048,704,2616.934,2795.508,2612.917,-0.0225
mixed,64,8,0.125,4.0,256,16384,1024,4096,1408,2611.495,2947.141,2615.16,0.0109
mixed,64,8,0.125,4.0,256,16384,2048,8192,2816,2849.942,3269.205,2792.806,-0.1363
mixed,64,8,0.125,4.0,256,16384,4096,16384,5632,3070.951,3910.119,2963.763,-0.1277
mixed,64,8,0.125,4.0,256,16384,8192,32768,11264,3503.572,5167.449,3886.152,0.2299
mixed,64,8,0.125,4.0,1024,0,128,512,176,494.577,518.832,523.33,1.1854
mixed,64,8,0.125,4.0,1024,0,256,1024,352,515.408,551.072,533.889,0.5182
mixed,64,8,0.125,4.0,1024,0,512,2048,704,539.026,606.723,562.945,0.3533
mixed,64,8,0.125,4.0,1024,0,1024,4096,1408,576.72,714.495,615.025,0.278
mixed,64,8,0.125,4.0,1024,0,2048,8192,2816,648.032,918.639,717.138,0.2554
mixed,64,8,0.125,4.0,1024,0,4096,16384,5632,791.378,1329.377,900.96,0.2037
mixed,64,8,0.125,4.0,1024,0,8192,32768,11264,1077.648,2136.834,1254.101,0.1666
mixed,64,8,0.125,4.0,1024,512,128,512,176,756.497,781.789,783.854,1.0816
mixed,64,8,0.125,4.0,1024,512,256,1024,352,776.736,813.567,797.504,0.5639
mixed,64,8,0.125,4.0,1024,512,512,2048,704,799.199,863.328,822.464,0.3628
mixed,64,8,0.125,4.0,1024,512,1024,4096,1408,836.561,969.44,876.947,0.3039
mixed,64,8,0.125,4.0,1024,512,2048,8192,2816,907.346,1175.371,977.748,0.2627
mixed,64,8,0.125,4.0,1024,512,4096,16384,5632,1047.474,1598.273,1159.621,0.2036
mixed,64,8,0.125,4.0,1024,512,8192,32768,11264,1335.572,2435.655,1518.29,0.1661
mixed,64,8,0.125,4.0,1024,2048,128,512,176,1203.156,1224.292,1226.481,1.1036
mixed,64,8,0.125,4.0,1024,2048,256,1024,352,1222.114,1251.794,1242.194,0.6765
mixed,64,8,0.125,4.0,1024,2048,512,2048,704,1240.769,1308.225,1270.003,0.4334
mixed,64,8,0.125,4.0,1024,2048,1024,4096,1408,1280.42,1415.824,1315.489,0.259
mixed,64,8,0.125,4.0,1024,2048,2048,8192,2816,1346.499,1613.651,1420.049,0.2753
mixed,64,8,0.125,4.0,1024,2048,4096,16384,5632,1490.839,2026.644,1602.101,0.2077
mixed,64,8,0.125,4.0,1024,2048,8192,32768,11264,1774.305,2831.125,1959.7,0.1754
mixed,64,8,0.125,4.0,1024,8192,128,512,176,2944.713,2968.169,2975.604,1.317
mixed,64,8,0.125,4.0,1024,8192,256,1024,352,2966.23,3000.665,2990.662,0.7095
mixed,64,8,0.125,4.0,1024,8192,512,2048,704,2988.645,3060.808,3016.007,0.3792
mixed,64,8,0.125,4.0,1024,8192,1024,4096,1408,3035.559,3161.541,3066.487,0.2455
mixed,64,8,0.125,4.0,1024,8192,2048,8192,2816,3083.797,3361.763,3154.837,0.2556
mixed,64,8,0.125,4.0,1024,8192,4096,16384,5632,3235.876,3772.611,3334.888,0.1845
mixed,64,8,0.125,4.0,1024,8192,8192,32768,11264,3515.575,4578.936,3697.365,0.171
mixed,64,8,0.125,4.0,1024,16384,128,512,176,5243.212,5275.302,5279.003,1.1153
mixed,64,8,0.125,4.0,1024,16384,256,1024,352,5276.54,5298.968,5290.28,0.6126
mixed,64,8,0.125,4.0,1024,16384,512,2048,704,5284.566,5345.499,5311.309,0.4389
mixed,64,8,0.125,4.0,1024,16384,1024,4096,1408,5310.52,5448.471,5349.657,0.2837
mixed,64,8,0.125,4.0,1024,16384,2048,8192,2816,5389.07,5650.923,5460.858,0.2742
mixed,64,8,0.125,4.0,1024,16384,4096,16384,5632,5530.168,6066.508,5622.32,0.1718
mixed,64,8,0.125,4.0,1024,16384,8192,32768,11264,5810.651,6867.617,5992.172,0.1717
mixed,64,8,0.125,4.0,4096,0,128,512,176,2220.724,2242.085,2248.757,1.3124
mixed,64,8,0.125,4.0,4096,0,256,1024,352,2236.613,2273.585,2256.454,0.5366
mixed,64,8,0.125,4.0,4096,0,512,2048,704,2259.909,2327.013,2287.639,0.4132
mixed,64,8,0.125,4.0,4096,0,1024,4096,1408,2304.643,2437.043,2333.559,0.2184
mixed,64,8,0.125,4.0,4096,0,2048,8192,2816,2369.43,2649.747,2434.326,0.2315
mixed,64,8,0.125,4.0,4096,0,4096,16384,5632,2515.178,3051.047,2618.835,0.1934
mixed,64,8,0.125,4.0,4096,0,8192,32768,11264,2803.763,3852.357,2985.861,0.1737
mixed,64,8,0.125,4.0,4096,512,128,512,176,2856.693,2884.758,2884.822,1.0023
mixed,64,8,0.125,4.0,4096,512,256,1024,352,2878.42,2908.741,2899.907,0.7087
mixed,64,8,0.125,4.0,4096,512,512,2048,704,2900.119,2962.901,2921.304,0.3374
mixed,64,8,0.125,4.0,4096,512,1024,4096,1408,2945.254,3069.178,2977.765,0.2624
mixed,64,8,0.125,4.0,4096,512,2048,8192,2816,3005.125,3275.785,3067.208,0.2294
mixed,64,8,0.125,4.0,4096,512,4096,16384,5632,3152.359,3691.671,3254.357,0.1891
mixed,64,8,0.125,4.0,4096,512,8192,32768,11264,3436.932,4500.583,3621.37,0.1734
mixed,64,8,0.125,4.0,4096,2048,128,512,176,3936.567,3964.124,3964.693,1.0206
mixed,64,8,0.125,4.0,4096,2048,256,1024,352,3965.865,3992.797,3980.549,0.5452
mixed,64,8,0.125,4.0,4096,2048,512,2048,704,3976.101,4044.177,4001.432,0.3721
mixed,64,8,0.125,4.0,4096,2048,1024,4096,1408,4011.093,4150.551,4050.677,0.2838
mixed,64,8,0.125,4.0,4096,2048,2048,8192,2816,4080.455,4347.897,4144.475,0.2394
mixed,64,8,0.125,4.0,4096,2048,4096,16384,5632,4233.239,4758.244,4340.457,0.2042
mixed,64,8,0.125,4.0,4096,2048,8192,32768,11264,4512.151,5566.471,4695.435,0.1738
mixed,64,8,0.125,4.0,4096,8192,128,512,176,8228.673,8273.773,8253.867,0.5586
mixed,64,8,0.125,4.0,4096,8192,256,1024,352,8254.333,8283.44,8299.184,1.5409
mixed,64,8,0.125,4.0,4096,8192,512,2048,704,8263.935,8344.733,8290.368,0.3272
mixed,64,8,0.125,4.0,4096,8192,1024,4096,1408,8307.82,8437.601,8341.328,0.2582
mixed,64,8,0.125,4.0,4096,8192,2048,8192,2816,8387.298,8653.728,8434.165,0.1759
mixed,64,8,0.125,4.0,4096,8192,4096,16384,5632,8536.816,9080.95,8629.351,0.1701
mixed,64,8,0.125,4.0,4096,8192,8192,32768,11264,8827.744,9878.61,8989.716,0.1541
mixed,64,8,0.125,4.0,4096,16384,128,512,176,13937.261,13958.525,13960.649,1.0999
mixed,64,8,0.125,4.0,4096,16384,256,1024,352,13954.834,13997.051,13993.949,0.9265
mixed,64,8,0.125,4.0,4096,16384,512,2048,704,13986.49,14061.024,14001.212,0.1975
mixed,64,8,0.125,4.0,4096,16384,1024,4096,1408,14019.914,14157.675,14060.262,0.2929
mixed,64,8,0.125,4.0,4096,16384,2048,8192,2816,14083.831,14357.824,14148.221,0.235
mixed,64,8,0.125,4.0,4096,16384,4096,16384,5632,14256.479,14789.788,14329.07,0.1361
mixed,64,8,0.125,4.0,4096,16384,8192,32768,11264,14519.323,15573.923,14717.259,0.1877
pure,64,16,0.25,4.0,0,0,128,512,224,90.721,158.303,131.601,0.6049
pure,64,16,0.25,4.0,0,0,256,1024,448,163.506,185.696,141.728,-0.9814
pure,64,16,0.25,4.0,0,0,512,2048,896,177.553,238.959,211.106,0.5464
pure,64,16,0.25,4.0,0,0,1024,4096,1792,226.591,348.545,270.272,0.3582
pure,64,16,0.25,4.0,0,0,2048,8192,3584,318.063,550.304,378.705,0.2611
pure,64,16,0.25,4.0,0,0,4096,16384,7168,498.016,960.212,569.009,0.1536
pure,64,16,0.25,4.0,0,0,8192,32768,14336,853.601,1763.587,946.61,0.1022
mixed,64,16,0.25,4.0,16,0,128,512,224,107.103,186.912,146.019,0.4876
mixed,64,16,0.25,4.0,16,0,256,1024,448,185.665,211.728,159.569,-1.0012
mixed,64,16,0.25,4.0,16,0,512,2048,896,206.561,262.209,184.239,-0.4011
mixed,64,16,0.25,4.0,16,0,1024,4096,1792,248.993,374.625,286.338,0.2973
mixed,64,16,0.25,4.0,16,0,2048,8192,3584,343.857,570.098,397.297,0.2362
mixed,64,16,0.25,4.0,16,0,4096,16384,7168,520.739,981.009,588.161,0.1465
mixed,64,16,0.25,4.0,16,0,8192,32768,14336,876.673,1789.827,971.89,0.1043
mixed,64,16,0.25,4.0,16,512,128,512,224,147.151,225.553,179.217,0.409
mixed,64,16,0.25,4.0,16,512,256,1024,448,218.802,260.495,169.296,-1.1874
mixed,64,16,0.25,4.0,16,512,512,2048,896,252.69,320.546,182.913,-1.0283
mixed,64,16,0.25,4.0,16,512,1024,4096,1792,303.23,425.329,233.954,-0.5674
mixed,64,16,0.25,4.0,16,512,2048,8192,3584,402.72,620.786,425.857,0.1061
mixed,64,16,0.25,4.0,16,512,4096,16384,7168,571.505,1011.507,638.148,0.1515
mixed,64,16,0.25,4.0,16,512,8192,32768,14336,905.922,1808.914,1023.666,0.1304
mixed,64,16,0.25,4.0,16,2048,128,512,224,178.529,178.516,181.04,
mixed,64,16,0.25,4.0,16,2048,256,1024,448,177.569,268.961,190.659,0.1432
mixed,64,16,0.25,4.0,16,2048,512,2048,896,254.528,357.535,235.345,-0.1862
mixed,64,16,0.25,4.0,16,2048,1024,4096,1792,335.09,520.688,319.471,-0.0842
mixed,64,16,0.25,4.0,16,2048,2048,8192,3584,480.496,722.784,328.257,-0.6283
mixed,64,16,0.25,4.0,16,2048,4096,16384,7168,674.163,1112.227,514.176,-0.3652
mixed,64,16,0.25,4.0,16,2048,8192,32768,14336,1020.208,1922.467,1118.993,0.1095
mixed,64,16,0.25,4.0,16,8192,128,512,224,239.823,248.56,235.583,-0.4853
mixed,64,16,0.25,4.0,16,8192,256,1024,448,247.329,313.298,247.967,0.0097
mixed,64,16,0.25,4.0,16,8192,512,2048,896,292.016,300.786,276.051,-1.8204
mixed,64,16,0.25,4.0,16,8192,1024,4096,1792,301.777,518.352,316.721,0.069
mixed,64,16,0.25,4.0,16,8192,2048,8192,3584,476.99,846.446,485.473,0.023
mixed,64,16,0.25,4.0,16,8192,4096,16384,7168,764.321,1521.635,817.792,0.0706
mixed,64,16,0.25,4.0,16,8192,8192,32768,14336,1362.259,2309.622,868.305,-0.5214
mixed,64,16,0.25,4.0,16,16384,128,512,224,327.184,355.248,328.144,0.0342
mixed,64,16,0.25,4.0,16,16384,256,1024,448,329.377,356.577,328.352,-0.0377
mixed,64,16,0.25,4.0,16,16384,512,2048,896,357.632,475.967,357.055,-0.0049
mixed,64,16,0.25,4.0,16,16384,1024,4096,1792,439.056,468.865,452.159,0.4395
mixed,64,16,0.25,4.0,16,16384,2048,8192,3584,468.401,838.369,483.361,0.0404
mixed,64,16,0.25,4.0,16,16384,4096,16384,7168,758.001,1500.287,814.978,0.0768
mixed,64,16,0.25,4.0,16,16384,8192,32768,14336,1337.331,2855.238,1457.01,0.0788
mixed,64,16,0.25,4.0,64,0,128,512,224,116.193,204.815,158.624,0.4788
mixed,64,16,0.25,4.0,64,0,256,1024,448,202.736,232.847,180.72,-0.7311
mixed,64,16,0.25,4.0,64,0,512,2048,896,226.769,287.409,225.808,-0.0158
mixed,64,16,0.25,4.0,64,0,1024,4096,1792,272.976,390.45,338.816,0.5605
mixed,64,16,0.25,4.0,64,0,2048,8192,3584,363.666,595.601,512.193,0.6404
mixed,64,16,0.25,4.0,64,0,4096,16384,7168,538.607,1012.018,852.003,0.662
mixed,64,16,0.25,4.0,64,0,8192,32768,14336,910.066,1823.059,1533.345,0.6827
mixed,64,16,0.25,4.0,64,512,128,512,224,216.256,171.841,231.822,
mixed,64,16,0.25,4.0,64,512,256,1024,448,169.808,264.338,192.512,0.2402
mixed,64,16,0.25,4.0,64,512,512,2048,896,254.288,321.344,238.353,-0.2376
mixed,64,16,0.25,4.0,64,512,1024,4096,1792,309.858,429.762,308.386,-0.0123
mixed,64,16,0.25,4.0,64,512,2048,8192,3584,400.881,623.555,472.13,0.32
mixed,64,16,0.25,4.0,64,512,4096,16384,7168,576.418,1030.738,790.336,0.4709
mixed,64,16,0.25,4.0,64,512,8192,32768,14336,920.993,1823.987,1494.198,0.6348
mixed,64,16,0.25,4.0,64,2048,128,512,224,276.512,303.12,296.546,0.753
mixed,64,16,0.25,4.0,64,2048,256,1024,448,298.353,347.776,338.161,0.8055
mixed,64,16,0.25,4.0,64,2048,512,2048,896,338.32,293.473,362.095,
mixed,64,16,0.25,4.0,64,2048,1024,4096,1792,290.609,512.641,320.737,0.1357
mixed,64,16,0.25,4.0,64,2048,2048,8192,3584,476.337,706.401,485.538,0.04
mixed,64,16,0.25,4.0,64,2048,4096,16384,7168,664.578,1111.314,790.946,0.2829
mixed,64,16,0.25,4.0,64,2048,8192,32768,14336,1013.409,1907.459,1424.579,0.4599
mixed,64,16,0.25,4.0,64,8192,128,512,224,514.992,542.129,513.393,-0.059
mixed,64,16,0.25,4.0,64,8192,256,1024,448,536.081,585.984,529.392,-0.134
mixed,64,16,0.25,4.0,64,8192,512,2048,896,573.808,665.711,661.552,0.9547
mixed,64,16,0.25,4.0,64,8192,1024,4096,1792,646.449,823.953,819.268,0.9736
mixed,64,16,0.25,4.0,64,8192,2048,8192,3584,786.546,783.921,840.864,
mixed,64,16,0.25,4.0,64,8192,4096,16384,7168,772.418,1463.649,801.154,0.0416
mixed,64,16,0.25,4.0,64,8192,8192,32768,14336,1309.682,2283.781,1433.648,0.1273
mixed,64,16,0.25,4.0,64,16384,128,512,224,802.017,850.209,799.953,-0.0428
mixed,64,16,0.25,4.0,64,16384,256,1024,448,844.351,894.05,831.392,-0.2607
mixed,64,16,0.25,4.0,64,16384,512,2048,896,883.105,979.584,855.633,-0.2847
mixed,64,16,0.25,4.0,64,16384,1024,4096,1792,957.202,1136.082,1126.835,0.9483
mixed,64,16,0.25,4.0,64,16384,2048,8192,3584,1094.627,1454.851,1447.955,0.9809
mixed,64,16,0.25,4.0,64,16384,4096,16384,7168,1369.105,1414.019,1464.18,2.1168
mixed,64,16,0.25,4.0,64,16384,8192,32768,14336,1397.092,2727.493,1436.369,0.0295
mixed,64,16,0.25,4.0,256,0,128,512,224,190.706,194.88,189.919,-0.1885
mixed,64,16,0.25,4.0,256,0,256,1024,448,196.064,230.131,202.979,0.203
mixed,64,16,0.25,4.0,256,0,512,2048,896,226.271,302.481,287.49,0.8033
mixed,64,16,0.25,4.0,256,0,1024,4096,1792,280.287,466.416,451.743,0.9212
mixed,64,16,0.25,4.0,256,0,2048,8192,3584,423.841,782.193,764.993,0.952
mixed,64,16,0.25,4.0,256,0,4096,16384,7168,701.97,1418.544,1391.075,0.9617
mixed,64,16,0.25,4.0,256,0,8192,32768,14336,1260.756,2701.349,2618.418,0.9424
mixed,64,16,0.25,4.0,256,512,128,512,224,279.599,308.112,295.584,0.5606
mixed,64,16,0.25,4.0,256,512,256,1024,448,301.089,352.096,340.607,0.7748
mixed,64,16,0.25,4.0,256,512,512,2048,896,341.201,432.784,424.947,0.9144
mixed,64,16,0.25,4.0,256,512,1024,4096,1792,412.447,590.849,581.488,0.9475
mixed,64,16,0.25,4.0,256,512,2048,8192,3584,552.0,903.76,889.586,0.9597
mixed,64,16,0.25,4.0,256,512,4096,16384,7168,827.506,1540.21,1508.722,0.9558
mixed,64,16,0.25,4.0,256,512,8192,32768,14336,1385.457,2815.701,2743.653,0.9496
mixed,64,16,0.25,4.0,256,2048,128,512,224,512.162,540.671,506.784,-0.1887
mixed,64,16,0.25,4.0,256,2048,256,1024,448,533.49,584.786,521.471,-0.2343
mixed,64,16,0.25,4.0,256,2048,512,2048,896,575.2,663.696,654.447,0.8955
mixed,64,16,0.25,4.0,256,2048,1024,4096,1792,642.256,821.312,814.591,0.9625
mixed,64,16,0.25,4.0,256,2048,2048,8192,3584,780.946,1136.099,1120.113,0.955
mixed,64,16,0.25,4.0,256,2048,4096,16384,7168,1056.305,1777.844,1746.803,0.957
mixed,64,16,0.25,4.0,256,2048,8192,32768,14336,1619.875,3048.581,2979.863,0.9519
mixed,64,16,0.25,4.0,256,8192,128,512,224,1399.81,1396.865,1397.955,
mixed,64,16,0.25,4.0,256,8192,256,1024,448,1404.515,1489.28,1396.53,-0.0942
mixed,64,16,0.25,4.0,256,8192,512,2048,896,1477.905,1572.385,1448.898,-0.307
mixed,64,16,0.25,4.0,256,8192,1024,4096,1792,1549.812,1736.515,1498.336,-0.2757
mixed,64,16,0.25,4.0,256,8192,2048,8192,3584,1692.033,2051.156,2041.698,0.9737
mixed,64,16,0.25,4.0,256,8192,4096,16384,7168,1970.885,2693.635,2655.459,0.9472
mixed,64,16,0.25,4.0,256,8192,8192,32768,14336,2524.915,3966.533,3891.831,0.9482
mixed,64,16,0.25,4.0,256,16384,128,512,224,2617.045,2617.604,2617.59,0.9732
mixed,64,16,0.25,4.0,256,16384,256,1024,448,2617.571,2626.164,2620.965,0.3949
mixed,64,16,0.25,4.0,256,16384,512,2048,896,2622.324,2786.31,2630.421,0.0494
mixed,64,16,0.25,4.0,256,16384,1024,4096,1792,2628.419,2948.053,2630.932,0.0079
mixed,64,16,0.25,4.0,256,16384,2048,8192,3584,2911.284,3262.132,2795.847,-0.329
mixed,64,16,0.25,4.0,256,16384,4096,16384,7168,3192.757,3898.358,3870.823,0.961
mixed,64,16,0.25,4.0,256,16384,8192,32768,14336,3744.535,5161.065,5104.282,0.9599
mixed,64,16,0.25,4.0,1024,0,128,512,224,513.902,520.031,489.826,-3.9282
mixed,64,16,0.25,4.0,1024,0,256,1024,448,521.088,551.057,500.128,-0.6994
mixed,64,16,0.25,4.0,1024,0,512,2048,896,542.865,610.082,571.409,0.4247
mixed,64,16,0.25,4.0,1024,0,1024,4096,1792,590.622,713.967,630.054,0.3197
mixed,64,16,0.25,4.0,1024,0,2048,8192,3584,685.106,918.769,738.605,0.229
mixed,64,16,0.25,4.0,1024,0,4096,16384,7168,867.217,1326.322,929.201,0.135
mixed,64,16,0.25,4.0,1024,0,8192,32768,14336,1223.299,2136.964,1316.831,0.1024
mixed,64,16,0.25,4.0,1024,512,128,512,224,774.786,786.976,752.882,-1.7968
mixed,64,16,0.25,4.0,1024,512,256,1024,448,786.159,814.562,759.472,-0.9396
mixed,64,16,0.25,4.0,1024,512,512,2048,896,803.202,864.547,835.2,0.5216
mixed,64,16,0.25,4.0,1024,512,1024,4096,1792,852.253,971.622,890.162,0.3176
mixed,64,16,0.25,4.0,1024,512,2048,8192,3584,941.876,1176.306,1000.387,0.2496
mixed,64,16,0.25,4.0,1024,512,4096,16384,7168,1123.025,1598.02,1190.58,0.1422
mixed,64,16,0.25,4.0,1024,512,8192,32768,14336,1490.723,2440.521,1577.57,0.0914
mixed,64,16,0.25,4.0,1024,2048,128,512,224,1222.786,1226.917,1196.161,-6.4443
mixed,64,16,0.25,4.0,1024,2048,256,1024,448,1230.002,1254.848,1205.81,-0.9737
mixed,64,16,0.25,4.0,1024,2048,512,2048,896,1250.576,1308.05,1278.113,0.4791
mixed,64,16,0.25,4.0,1024,2048,1024,4096,1792,1297.688,1416.961,1334.195,0.3061
mixed,64,16,0.25,4.0,1024,2048,2048,8192,3584,1388.578,1616.547,1439.748,0.2245
mixed,64,16,0.25,4.0,1024,2048,4096,16384,7168,1564.405,2024.613,1627.476,0.137
mixed,64,16,0.25,4.0,1024,2048,8192,32768,14336,1918.258,2829.354,2011.058,0.1019
mixed,64,16,0.25,4.0,1024,8192,128,512,224,2961.253,2966.132,2937.318,-4.9051
mixed,64,16,0.25,4.0,1024,8192,256,1024,448,2970.887,3004.936,2952.33,-0.545
mixed,64,16,0.25,4.0,1024,8192,512,2048,896,2990.084,3052.419,3021.497,0.5039
mixed,64,16,0.25,4.0,1024,8192,1024,4096,1792,3044.162,3162.918,3070.1,0.2184
mixed,64,16,0.25,4.0,1024,8192,2048,8192,3584,3121.873,3372.358,3180.359,0.2335
mixed,64,16,0.25,4.0,1024,8192,4096,16384,7168,3321.076,3770.165,3369.815,0.1085
mixed,64,16,0.25,4.0,1024,8192,8192,32768,14336,3668.229,4579.433,3757.686,0.0982
mixed,64,16,0.25,4.0,1024,16384,128,512,224,5265.355,5255.838,5239.448,
mixed,64,16,0.25,4.0,1024,16384,256,1024,448,5278.218,5291.815,5242.666,-2.6148
mixed,64,16,0.25,4.0,1024,16384,512,2048,896,5278.279,5345.401,5314.395,0.5381
mixed,64,16,0.25,4.0,1024,16384,1024,4096,1792,5329.546,5443.785,5366.105,0.32
mixed,64,16,0.25,4.0,1024,16384,2048,8192,3584,5434.986,5656.695,5479.885,0.2025
mixed,64,16,0.25,4.0,1024,16384,4096,16384,7168,5618.888,6080.905,5673.802,0.1189
mixed,64,16,0.25,4.0,1024,16384,8192,32768,14336,5966.38,6876.477,6035.835,0.0763
mixed,64,16,0.25,4.0,4096,0,128,512,224,2234.803,2248.709,2210.163,-1.7719
mixed,64,16,0.25,4.0,4096,0,256,1024,448,2247.954,2270.836,2228.291,-0.8594
mixed,64,16,0.25,4.0,4096,0,512,2048,896,2267.572,2325.492,2298.994,0.5425
mixed,64,16,0.25,4.0,4096,0,1024,4096,1792,2315.459,2443.221,2353.059,0.2943
mixed,64,16,0.25,4.0,4096,0,2048,8192,3584,2406.601,2647.508,2459.189,0.2183
mixed,64,16,0.25,4.0,4096,0,4096,16384,7168,2589.411,3056.008,2646.659,0.1227
mixed,64,16,0.25,4.0,4096,0,8192,32768,14336,2949.928,3855.735,3037.576,0.0968
mixed,64,16,0.25,4.0,4096,512,128,512,224,2874.323,2893.783,2844.954,-1.5093
mixed,64,16,0.25,4.0,4096,512,256,1024,448,2885.523,2912.117,2860.118,-0.9553
mixed,64,16,0.25,4.0,4096,512,512,2048,896,2900.934,2965.462,2932.899,0.4954
mixed,64,16,0.25,4.0,4096,512,1024,4096,1792,2957.962,3070.693,2984.804,0.2381
mixed,64,16,0.25,4.0,4096,512,2048,8192,3584,3037.259,3286.136,3091.478,0.2179
mixed,64,16,0.25,4.0,4096,512,4096,16384,7168,3220.18,3694.406,3297.427,0.1629
mixed,64,16,0.25,4.0,4096,512,8192,32768,14336,3582.807,4502.554,3669.64,0.0944
mixed,64,16,0.25,4.0,4096,2048,128,512,224,3955.244,3965.36,3929.262,-2.5684
mixed,64,16,0.25,4.0,4096,2048,256,1024,448,3965.498,3986.622,3942.303,-1.098
mixed,64,16,0.25,4.0,4096,2048,512,2048,896,3982.589,4050.381,4013.915,0.4621
mixed,64,16,0.25,4.0,4096,2048,1024,4096,1792,4026.255,4142.941,4068.221,0.3596
mixed,64,16,0.25,4.0,4096,2048,2048,8192,3584,4137.534,4353.63,4182.445,0.2078
mixed,64,16,0.25,4.0,4096,2048,4096,16384,7168,4303.631,4756.171,4353.009,0.1091
mixed,64,16,0.25,4.0,4096,2048,8192,32768,14336,4658.665,5571.132,4742.956,0.0924
mixed,64,16,0.25,4.0,4096,8192,128,512,224,8248.919,8253.129,8228.779,-4.7841
mixed,64,16,0.25,4.0,4096,8192,256,1024,448,8267.643,8279.613,8238.14,-2.4647
mixed,64,16,0.25,4.0,4096,8192,512,2048,896,8275.161,8332.407,8299.242,0.4207
mixed,64,16,0.25,4.0,4096,8192,1024,4096,1792,8343.74,8468.937,8366.875,0.1848
mixed,64,16,0.25,4.0,4096,8192,2048,8192,3584,8416.058,8650.908,8466.567,0.2151
mixed,64,16,0.25,4.0,4096,8192,4096,16384,7168,8596.921,9086.81,8666.092,0.1412
mixed,64,16,0.25,4.0,4096,8192,8192,32768,14336,8989.281,9878.876,9061.817,0.0815
mixed,64,16,0.25,4.0,4096,16384,128,512,224,13977.287,13994.526,13931.815,-2.6377
mixed,64,16,0.25,4.0,4096,16384,256,1024,448,13982.729,13991.716,13948.412,-3.8182
mixed,64,16,0.25,4.0,4096,16384,512,2048,896,13995.999,14047.898,14008.204,0.2352
mixed,64,16,0.25,4.0,4096,16384,1024,4096,1792,14030.154,14151.015,14102.171,0.5959
mixed,64,16,0.25,4.0,4096,16384,2048,8192,3584,14115.663,14368.15,14175.989,0.2389
mixed,64,16,0.25,4.0,4096,16384,4096,16384,7168,14302.273,14806.406,14373.16,0.1406
mixed,64,16,0.25,4.0,4096,16384,8192,32768,14336,14696.314,15574.073,14757.767,0.07
pure,64,32,0.5,4.0,0,0,128,512,320,156.656,158.657,145.52,-5.5655
pure,64,32,0.5,4.0,0,0,256,1024,640,165.28,184.927,157.999,-0.3706
pure,64,32,0.5,4.0,0,0,512,2048,1280,199.505,238.127,193.904,-0.145
pure,64,32,0.5,4.0,0,0,1024,4096,2560,265.87,348.288,262.642,-0.0392
pure,64,32,0.5,4.0,0,0,2048,8192,5120,398.736,549.933,395.424,-0.0219
pure,64,32,0.5,4.0,0,0,4096,16384,10240,652.287,959.199,654.784,0.0081
pure,64,32,0.5,4.0,0,0,8192,32768,20480,1159.12,1763.759,1167.151,0.0133
mixed,64,32,0.5,4.0,16,0,128,512,320,177.905,187.455,168.561,-0.9785
mixed,64,32,0.5,4.0,16,0,256,1024,640,193.408,213.871,184.913,-0.4152
mixed,64,32,0.5,4.0,16,0,512,2048,1280,228.273,262.207,209.825,-0.5437
mixed,64,32,0.5,4.0,16,0,1024,4096,2560,291.536,372.241,284.705,-0.0846
mixed,64,32,0.5,4.0,16,0,2048,8192,5120,419.793,570.175,418.238,-0.0103
mixed,64,32,0.5,4.0,16,0,4096,16384,10240,670.287,982.768,674.976,0.015
mixed,64,32,0.5,4.0,16,0,8192,32768,20480,1178.274,1784.253,1195.633,0.0286
mixed,64,32,0.5,4.0,16,512,128,512,320,208.192,223.728,165.902,-2.722
mixed,64,32,0.5,4.0,16,512,256,1024,640,234.256,261.805,210.592,-0.859
mixed,64,32,0.5,4.0,16,512,512,2048,1280,273.376,321.776,242.096,-0.6463
mixed,64,32,0.5,4.0,16,512,1024,4096,2560,345.36,422.755,303.888,-0.5358
mixed,64,32,0.5,4.0,16,512,2048,8192,5120,471.633,618.642,413.36,-0.3964
mixed,64,32,0.5,4.0,16,512,4096,16384,10240,716.881,1018.867,669.746,-0.1561
mixed,64,32,0.5,4.0,16,512,8192,32768,20480,1205.377,1822.948,1188.994,-0.0265
mixed,64,32,0.5,4.0,16,2048,128,512,320,199.632,178.895,211.792,
mixed,64,32,0.5,4.0,16,2048,256,1024,640,187.009,267.202,198.559,0.144
mixed,64,32,0.5,4.0,16,2048,512,2048,1280,296.113,355.296,289.123,-0.1181
mixed,64,32,0.5,4.0,16,2048,1024,4096,2560,384.688,523.424,346.273,-0.2769
mixed,64,32,0.5,4.0,16,2048,2048,8192,5120,573.045,721.891,512.304,-0.4081
mixed,64,32,0.5,4.0,16,2048,4096,16384,10240,816.465,1117.2,722.386,-0.3128
mixed,64,32,0.5,4.0,16,2048,8192,32768,20480,1311.122,1900.5,1182.367,-0.2185
mixed,64,32,0.5,4.0,16,8192,128,512,320,251.505,249.168,236.494,
mixed,64,32,0.5,4.0,16,8192,256,1024,640,253.44,314.065,251.955,-0.0245
mixed,64,32,0.5,4.0,16,8192,512,2048,1280,354.495,299.584,344.96,
mixed,64,32,0.5,4.0,16,8192,1024,4096,2560,400.706,522.001,408.383,0.0633
mixed,64,32,0.5,4.0,16,8192,2048,8192,5120,600.401,848.832,612.976,0.0506
mixed,64,32,0.5,4.0,16,8192,4096,16384,10240,952.593,1523.075,861.955,-0.1589
mixed,64,32,0.5,4.0,16,8192,8192,32768,20480,1731.217,2309.251,1531.617,-0.3453
mixed,64,32,0.5,4.0,16,16384,128,512,320,328.816,352.654,328.034,-0.0328
mixed,64,32,0.5,4.0,16,16384,256,1024,640,380.958,356.833,353.376,
mixed,64,32,0.5,4.0,16,16384,512,2048,1280,356.495,473.968,356.176,-0.0027
mixed,64,32,0.5,4.0,16,16384,1024,4096,2560,554.608,464.72,504.112,
mixed,64,32,0.5,4.0,16,16384,2048,8192,5120,605.905,838.482,651.649,0.1967
mixed,64,32,0.5,4.0,16,16384,4096,16384,10240,995.217,1490.386,1044.659,0.0998
mixed,64,32,0.5,4.0,16,16384,8192,32768,20480,1704.737,2862.898,1524.8,-0.1554
mixed,64,32,0.5,4.0,64,0,128,512,320,196.127,204.447,166.129,-3.6059
mixed,64,32,0.5,4.0,64,0,256,1024,640,211.295,232.369,193.089,-0.8639
mixed,64,32,0.5,4.0,64,0,512,2048,1280,246.016,286.112,239.166,-0.1708
mixed,64,32,0.5,4.0,64,0,1024,4096,2560,310.353,390.401,328.42,0.2257
mixed,64,32,0.5,4.0,64,0,2048,8192,5120,438.593,599.297,494.449,0.3476
mixed,64,32,0.5,4.0,64,0,4096,16384,10240,703.602,1013.538,825.295,0.3926
mixed,64,32,0.5,4.0,64,0,8192,32768,20480,1208.85,1816.595,1474.017,0.4363
mixed,64,32,0.5,4.0,64,512,128,512,320,224.24,170.431,243.488,
mixed,64,32,0.5,4.0,64,512,256,1024,640,180.241,264.48,222.755,0.5047
mixed,64,32,0.5,4.0,64,512,512,2048,1280,281.809,323.166,247.938,-0.819
mixed,64,32,0.5,4.0,64,512,1024,4096,2560,351.09,428.799,323.615,-0.3535
mixed,64,32,0.5,4.0,64,512,2048,8192,5120,478.288,624.399,489.697,0.0781
mixed,64,32,0.5,4.0,64,512,4096,16384,10240,721.664,1028.706,809.858,0.2872
mixed,64,32,0.5,4.0,64,512,8192,32768,20480,1224.418,1830.787,1464.673,0.3962
mixed,64,32,0.5,4.0,64,2048,128,512,320,284.962,303.329,297.728,0.6951
mixed,64,32,0.5,4.0,64,2048,256,1024,640,315.76,348.72,341.681,0.7864
mixed,64,32,0.5,4.0,64,2048,512,2048,1280,370.016,293.137,374.88,
mixed,64,32,0.5,4.0,64,2048,1024,4096,2560,395.647,514.993,410.865,0.1275
mixed,64,32,0.5,4.0,64,2048,2048,8192,5120,563.282,713.074,498.738,-0.4309
mixed,64,32,0.5,4.0,64,2048,4096,16384,10240,807.73,1116.578,812.239,0.0146
mixed,64,32,0.5,4.0,64,2048,8192,32768,20480,1311.748,1900.806,1460.883,0.2532
mixed,64,32,0.5,4.0,64,8192,128,512,320,525.983,544.736,538.93,0.6904
mixed,64,32,0.5,4.0,64,8192,256,1024,640,555.089,586.177,578.914,0.7664
mixed,64,32,0.5,4.0,64,8192,512,2048,1280,608.241,666.034,661.313,0.9183
mixed,64,32,0.5,4.0,64,8192,1024,4096,2560,704.946,829.137,823.634,0.9557
mixed,64,32,0.5,4.0,64,8192,2048,8192,5120,904.322,785.202,858.61,
mixed,64,32,0.5,4.0,64,8192,4096,16384,10240,997.361,1468.034,1124.275,0.2696
mixed,64,32,0.5,4.0,64,8192,8192,32768,20480,1677.427,2282.597,1473.011,-0.3378
mixed,64,32,0.5,4.0,64,16384,128,512,320,832.385,850.018,821.585,-0.6125
mixed,64,32,0.5,4.0,64,16384,256,1024,640,863.187,898.115,891.137,0.8002
mixed,64,32,0.5,4.0,64,16384,512,2048,1280,913.252,976.69,970.034,0.8951
mixed,64,32,0.5,4.0,64,16384,1024,4096,2560,1015.73,1136.322,1129.731,0.9453
mixed,64,32,0.5,4.0,64,16384,2048,8192,5120,1212.93,1452.258,1445.122,0.9702
mixed,64,32,0.5,4.0,64,16384,4096,16384,10240,1609.106,1424.867,1491.33,
mixed,64,32,0.5,4.0,64,16384,8192,32768,20480,1791.713,2747.124,2064.867,0.2859
mixed,64,32,0.5,4.0,256,0,128,512,320,190.017,198.496,193.009,0.3529
mixed,64,32,0.5,4.0,256,0,256,1024,640,205.119,230.175,208.752,0.145
mixed,64,32,0.5,4.0,256,0,512,2048,1280,235.2,302.495,291.137,0.8312
mixed,64,32,0.5,4.0,256,0,1024,4096,2560,342.014,465.376,453.745,0.9057
mixed,64,32,0.5,4.0,256,0,2048,8192,5120,542.543,783.808,769.122,0.9391
mixed,64,32,0.5,4.0,256,0,4096,16384,10240,939.952,1419.555,1395.186,0.9492
mixed,64,32,0.5,4.0,256,0,8192,32768,20480,1740.865,2694.757,2648.517,0.9515
mixed,64,32,0.5,4.0,256,512,128,512,320,289.743,308.784,301.296,0.6067
mixed,64,32,0.5,4.0,256,512,256,1024,640,319.042,352.53,345.233,0.7821
mixed,64,32,0.5,4.0,256,512,512,2048,1280,371.728,432.56,429.186,0.9445
mixed,64,32,0.5,4.0,256,512,1024,4096,2560,473.603,590.082,584.879,0.9553
mixed,64,32,0.5,4.0,256,512,2048,8192,5120,668.368,908.014,893.81,0.9407
mixed,64,32,0.5,4.0,256,512,4096,16384,10240,1066.194,1542.193,1521.235,0.956
mixed,64,32,0.5,4.0,256,512,8192,32768,20480,1862.338,2805.17,2747.411,0.9387
mixed,64,32,0.5,4.0,256,2048,128,512,320,522.719,541.314,534.544,0.636
mixed,64,32,0.5,4.0,256,2048,256,1024,640,552.638,584.624,577.793,0.7864
mixed,64,32,0.5,4.0,256,2048,512,2048,1280,605.409,663.01,661.072,0.9664
mixed,64,32,0.5,4.0,256,2048,1024,4096,2560,703.135,820.579,817.458,0.9734
mixed,64,32,0.5,4.0,256,2048,2048,8192,5120,900.322,1135.073,1127.523,0.9678
mixed,64,32,0.5,4.0,256,2048,4096,16384,10240,1296.851,1770.529,1743.905,0.9438
mixed,64,32,0.5,4.0,256,2048,8192,32768,20480,2098.066,3053.476,2982.038,0.9252
mixed,64,32,0.5,4.0,256,8192,128,512,320,1395.042,1395.967,1401.618,7.1015
mixed,64,32,0.5,4.0,256,8192,256,1024,640,1395.969,1488.418,1397.443,0.0159
mixed,64,32,0.5,4.0,256,8192,512,2048,1280,1512.672,1572.017,1473.891,-0.6535
mixed,64,32,0.5,4.0,256,8192,1024,4096,2560,1610.818,1739.604,1725.394,0.8897
mixed,64,32,0.5,4.0,256,8192,2048,8192,5120,1806.658,2046.884,2042.114,0.9801
mixed,64,32,0.5,4.0,256,8192,4096,16384,10240,2218.084,2690.454,2669.46,0.9556
mixed,64,32,0.5,4.0,256,8192,8192,32768,20480,3006.58,3959.956,3917.077,0.955
mixed,64,32,0.5,4.0,256,16384,128,512,320,2633.827,2611.394,2619.316,
mixed,64,32,0.5,4.0,256,16384,256,1024,640,2614.963,2618.261,2612.947,-0.6118
mixed,64,32,0.5,4.0,256,16384,512,2048,1280,2613.331,2781.204,2618.419,0.0303
mixed,64,32,0.5,4.0,256,16384,1024,4096,2560,2830.033,2956.23,2715.011,-0.9115
mixed,64,32,0.5,4.0,256,16384,2048,8192,5120,3025.171,3264.405,3255.875,0.9643
mixed,64,32,0.5,4.0,256,16384,4096,16384,10240,3425.171,3901.974,3890.693,0.9763
mixed,64,32,0.5,4.0,256,16384,8192,32768,20480,4213.173,5168.519,5118.216,0.9473
mixed,64,32,0.5,4.0,1024,0,128,512,320,512.913,518.707,503.57,-1.6126
mixed,64,32,0.5,4.0,1024,0,256,1024,640,527.297,552.019,518.704,-0.3476
mixed,64,32,0.5,4.0,1024,0,512,2048,1280,566.226,606.851,555.23,-0.2707
mixed,64,32,0.5,4.0,1024,0,1024,4096,2560,633.396,713.905,630.289,-0.0386
mixed,64,32,0.5,4.0,1024,0,2048,8192,5120,764.386,913.296,762.85,-0.0103
mixed,64,32,0.5,4.0,1024,0,4096,16384,10240,1018.452,1325.519,1019.696,0.0041
mixed,64,32,0.5,4.0,1024,0,8192,32768,20480,1532.064,2138.959,1542.77,0.0176
mixed,64,32,0.5,4.0,1024,512,128,512,320,773.984,782.896,765.825,-0.9156
mixed,64,32,0.5,4.0,1024,512,256,1024,640,786.259,811.538,783.518,-0.1084
mixed,64,32,0.5,4.0,1024,512,512,2048,1280,826.606,861.667,816.131,-0.2988
mixed,64,32,0.5,4.0,1024,512,1024,4096,2560,889.249,973.63,885.458,-0.0449
mixed,64,32,0.5,4.0,1024,512,2048,8192,5120,1021.841,1176.594,1019.15,-0.0174
mixed,64,32,0.5,4.0,1024,512,4096,16384,10240,1278.785,1601.731,1279.041,0.0008
mixed,64,32,0.5,4.0,1024,512,8192,32768,20480,1809.713,2437.265,1823.842,0.0225
mixed,64,32,0.5,4.0,1024,2048,128,512,320,1220.655,1224.628,1209.743,-2.7464
mixed,64,32,0.5,4.0,1024,2048,256,1024,640,1232.322,1254.453,1225.571,-0.305
mixed,64,32,0.5,4.0,1024,2048,512,2048,1280,1270.418,1310.147,1264.548,-0.1477
mixed,64,32,0.5,4.0,1024,2048,1024,4096,2560,1334.814,1411.695,1328.739,-0.079
mixed,64,32,0.5,4.0,1024,2048,2048,8192,5120,1462.354,1615.109,1458.672,-0.0241
mixed,64,32,0.5,4.0,1024,2048,4096,16384,10240,1717.777,2025.311,1718.787,0.0033
mixed,64,32,0.5,4.0,1024,2048,8192,32768,20480,2222.497,2830.485,2238.737,0.0267
mixed,64,32,0.5,4.0,1024,8192,128,512,320,2962.002,2967.648,2956.773,-0.9258
mixed,64,32,0.5,4.0,1024,8192,256,1024,640,2987.955,3008.485,2967.906,-0.9766
mixed,64,32,0.5,4.0,1024,8192,512,2048,1280,3013.826,3053.063,3003.199,-0.2708
mixed,64,32,0.5,4.0,1024,8192,1024,4096,2560,3075.171,3154.756,3065.25,-0.1247
mixed,64,32,0.5,4.0,1024,8192,2048,8192,5120,3209.635,3369.248,3197.474,-0.0762
mixed,64,32,0.5,4.0,1024,8192,4096,16384,10240,3465.043,3772.227,3461.843,-0.0104
mixed,64,32,0.5,4.0,1024,8192,8192,32768,20480,3968.867,4575.925,3999.396,0.0503
mixed,64,32,0.5,4.0,1024,16384,128,512,320,5259.713,5267.427,5248.984,-1.3907
mixed,64,32,0.5,4.0,1024,16384,256,1024,640,5280.093,5295.816,5263.559,-1.0516
mixed,64,32,0.5,4.0,1024,16384,512,2048,1280,5306.232,5341.373,5292.088,-0.4025
mixed,64,32,0.5,4.0,1024,16384,1024,4096,2560,5377.997,5442.056,5364.601,-0.2091
mixed,64,32,0.5,4.0,1024,16384,2048,8192,5120,5493.706,5670.169,5497.867,0.0236
mixed,64,32,0.5,4.0,1024,16384,4096,16384,10240,5757.77,6072.774,5777.336,0.0621
mixed,64,32,0.5,4.0,1024,16384,8192,32768,20480,6274.362,6874.461,6296.603,0.0371
mixed,64,32,0.5,4.0,4096,0,128,512,320,2238.068,2244.068,2226.677,-1.8985
mixed,64,32,0.5,4.0,4096,0,256,1024,640,2262.916,2277.809,2243.842,-1.2807
mixed,64,32,0.5,4.0,4096,0,512,2048,1280,2287.269,2330.15,2284.406,-0.0668
mixed,64,32,0.5,4.0,4096,0,1024,4096,2560,2360.628,2430.338,2345.525,-0.2166
mixed,64,32,0.5,4.0,4096,0,2048,8192,5120,2486.98,2639.894,2477.67,-0.0609
mixed,64,32,0.5,4.0,4096,0,4096,16384,10240,2744.978,3051.301,2739.891,-0.0166
mixed,64,32,0.5,4.0,4096,0,8192,32768,20480,3253.895,3856.422,3266.905,0.0216
mixed,64,32,0.5,4.0,4096,512,128,512,320,2878.532,2875.015,2860.934,
mixed,64,32,0.5,4.0,4096,512,256,1024,640,2888.885,2909.269,2876.68,-0.5988
mixed,64,32,0.5,4.0,4096,512,512,2048,1280,2929.864,2973.109,2913.94,-0.3682
mixed,64,32,0.5,4.0,4096,512,1024,4096,2560,2988.693,3071.815,2991.256,0.0308
mixed,64,32,0.5,4.0,4096,512,2048,8192,5120,3116.281,3274.883,3126.501,0.0644
mixed,64,32,0.5,4.0,4096,512,4096,16384,10240,3386.307,3698.039,3381.176,-0.0165
mixed,64,32,0.5,4.0,4096,512,8192,32768,20480,3897.335,4498.567,3907.623,0.0171
mixed,64,32,0.5,4.0,4096,2048,128,512,320,3959.691,3963.192,3943.781,-4.5454
mixed,64,32,0.5,4.0,4096,2048,256,1024,640,3976.983,3992.409,3958.281,-1.2123
mixed,64,32,0.5,4.0,4096,2048,512,2048,1280,3997.271,4037.62,4003.221,0.1475
mixed,64,32,0.5,4.0,4096,2048,1024,4096,2560,4081.096,4144.972,4060.805,-0.3177
mixed,64,32,0.5,4.0,4096,2048,2048,8192,5120,4196.894,4351.834,4205.558,0.0559
mixed,64,32,0.5,4.0,4096,2048,4096,16384,10240,4448.251,4764.413,4454.073,0.0184
mixed,64,32,0.5,4.0,4096,2048,8192,32768,20480,4958.552,5569.397,4989.994,0.0515
mixed,64,32,0.5,4.0,4096,8192,128,512,320,8273.919,8252.432,8231.995,
mixed,64,32,0.5,4.0,4096,8192,256,1024,640,8274.398,8279.271,8251.667,-4.6656
mixed,64,32,0.5,4.0,4096,8192,512,2048,1280,8320.366,8340.621,8286.724,-1.6609
mixed,64,32,0.5,4.0,4096,8192,1024,4096,2560,8359.185,8468.594,8359.551,0.0034
mixed,64,32,0.5,4.0,4096,8192,2048,8192,5120,8488.61,8681.021,8484.049,-0.0237
mixed,64,32,0.5,4.0,4096,8192,4096,16384,10240,8759.253,9078.146,8750.322,-0.028
mixed,64,32,0.5,4.0,4096,8192,8192,32768,20480,9266.591,9880.818,9287.282,0.0337
mixed,64,32,0.5,4.0,4096,16384,128,512,320,13951.275,13951.357,13942.29,-108.9091
mixed,64,32,0.5,4.0,4096,16384,256,1024,640,13976.922,13984.523,13959.596,-2.2795
mixed,64,32,0.5,4.0,4096,16384,512,2048,1280,14007.1,14052.15,13991.292,-0.3509
mixed,64,32,0.5,4.0,4096,16384,1024,4096,2560,14137.809,14168.609,14158.844,0.683
mixed,64,32,0.5,4.0,4096,16384,2048,8192,5120,14200.253,14369.873,14229.774,0.174
mixed,64,32,0.5,4.0,4096,16384,4096,16384,10240,14465.13,14770.718,14469.385,0.0139
mixed,64,32,0.5,4.0,4096,16384,8192,32768,20480,14971.437,15587.932,15008.382,0.0599
pure,64,48,0.75,4.0,0,0,128,512,416,151.727,159.697,181.023,3.676
pure,64,48,0.75,4.0,0,0,256,1024,832,182.287,184.081,211.057,16.0413
pure,64,48,0.75,4.0,0,0,512,2048,1664,219.824,237.902,279.327,3.2915
pure,64,48,0.75,4.0,0,0,1024,4096,3328,305.039,346.111,403.328,2.3931
pure,64,48,0.75,4.0,0,0,2048,8192,6656,478.273,551.442,641.506,2.2309
pure,64,48,0.75,4.0,0,0,4096,16384,13312,803.922,958.754,1112.738,1.9945
pure,64,48,0.75,4.0,0,0,8192,32768,26624,1462.164,1763.603,2065.638,2.002
mixed,64,48,0.75,4.0,16,0,128,512,416,179.248,187.187,166.767,-1.5723
mixed,64,48,0.75,4.0,16,0,256,1024,832,207.312,212.113,238.048,6.4031
mixed,64,48,0.75,4.0,16,0,512,2048,1664,238.274,261.584,304.4,2.8367
mixed,64,48,0.75,4.0,16,0,1024,4096,3328,332.512,373.745,424.641,2.2344
mixed,64,48,0.75,4.0,16,0,2048,8192,6656,494.081,573.074,664.882,2.1622
mixed,64,48,0.75,4.0,16,0,4096,16384,13312,825.89,981.761,1135.971,1.9893
mixed,64,48,0.75,4.0,16,0,8192,32768,26624,1481.155,1786.532,2086.644,1.9828
mixed,64,48,0.75,4.0,16,512,128,512,416,215.091,225.056,195.712,-1.9447
mixed,64,48,0.75,4.0,16,512,256,1024,832,244.704,260.562,192.097,-3.3173
mixed,64,48,0.75,4.0,16,512,512,2048,1664,295.857,318.4,293.618,-0.0993
mixed,64,48,0.75,4.0,16,512,1024,4096,3328,385.697,423.809,420.065,0.9018
mixed,64,48,0.75,4.0,16,512,2048,8192,6656,549.056,619.361,657.442,1.5417
mixed,64,48,0.75,4.0,16,512,4096,16384,13312,871.426,1011.008,1126.304,1.826
mixed,64,48,0.75,4.0,16,512,8192,32768,26624,1507.314,1788.209,2079.522,2.0371
mixed,64,48,0.75,4.0,16,2048,128,512,416,178.304,178.208,177.247,
mixed,64,48,0.75,4.0,16,2048,256,1024,832,248.097,266.303,257.104,0.4947
mixed,64,48,0.75,4.0,16,2048,512,2048,1664,322.752,356.527,293.343,-0.8707
mixed,64,48,0.75,4.0,16,2048,1024,4096,3328,456.4,525.714,340.433,-1.6731
mixed,64,48,0.75,4.0,16,2048,2048,8192,6656,642.272,718.72,640.114,-0.0282
mixed,64,48,0.75,4.0,16,2048,4096,16384,13312,966.305,1114.16,1115.137,1.0066
mixed,64,48,0.75,4.0,16,2048,8192,32768,26624,1618.115,1914.305,2063.106,1.5024
mixed,64,48,0.75,4.0,16,8192,128,512,416,263.041,246.625,246.578,
mixed,64,48,0.75,4.0,16,8192,256,1024,832,285.185,312.336,314.962,1.0967
mixed,64,48,0.75,4.0,16,8192,512,2048,1664,411.919,300.258,346.769,
mixed,64,48,0.75,4.0,16,8192,1024,4096,3328,458.098,519.152,504.752,0.7641
mixed,64,48,0.75,4.0,16,8192,2048,8192,6656,723.538,847.058,663.136,-0.489
mixed,64,48,0.75,4.0,16,8192,4096,16384,13312,1279.442,1523.394,859.683,-1.7207
mixed,64,48,0.75,4.0,16,8192,8192,32768,26624,2016.227,2312.502,2007.683,-0.0288
mixed,64,48,0.75,4.0,16,16384,128,512,416,324.096,350.687,329.631,0.2082
mixed,64,48,0.75,4.0,16,16384,256,1024,832,395.633,356.658,411.967,
mixed,64,48,0.75,4.0,16,16384,512,2048,1664,420.337,476.193,474.704,0.9733
mixed,64,48,0.75,4.0,16,16384,1024,4096,3328,661.343,465.202,514.691,
mixed,64,48,0.75,4.0,16,16384,2048,8192,6656,718.082,848.033,824.784,0.8211
mixed,64,48,0.75,4.0,16,16384,4096,16384,13312,1249.651,1495.058,1149.921,-0.4064
mixed,64,48,0.75,4.0,16,16384,8192,32768,26624,2366.323,2862.47,1569.587,-1.6058
mixed,64,48,0.75,4.0,64,0,128,512,416,196.61,203.745,188.291,-1.1661
mixed,64,48,0.75,4.0,64,0,256,1024,832,225.984,232.672,203.233,-3.4022
mixed,64,48,0.75,4.0,64,0,512,2048,1664,266.031,286.366,257.937,-0.398
mixed,64,48,0.75,4.0,64,0,1024,4096,3328,350.337,389.215,361.377,0.284
mixed,64,48,0.75,4.0,64,0,2048,8192,6656,513.826,591.969,531.264,0.2231
mixed,64,48,0.75,4.0,64,0,4096,16384,13312,853.488,1013.873,879.906,0.1647
mixed,64,48,0.75,4.0,64,0,8192,32768,26624,1515.122,1813.57,1587.762,0.2434
mixed,64,48,0.75,4.0,64,512,128,512,416,167.953,170.8,169.025,0.3765
mixed,64,48,0.75,4.0,64,512,256,1024,832,250.192,264.993,256.001,0.3925
mixed,64,48,0.75,4.0,64,512,512,2048,1664,300.56,323.937,306.975,0.2744
mixed,64,48,0.75,4.0,64,512,1024,4096,3328,387.218,429.44,404.624,0.4122
mixed,64,48,0.75,4.0,64,512,2048,8192,6656,551.073,622.852,575.298,0.3375
mixed,64,48,0.75,4.0,64,512,4096,16384,13312,873.328,1030.93,922.292,0.3107
mixed,64,48,0.75,4.0,64,512,8192,32768,26624,1534.963,1826.386,1608.035,0.2507
mixed,64,48,0.75,4.0,64,2048,128,512,416,292.32,302.529,299.248,0.6786
mixed,64,48,0.75,4.0,64,2048,256,1024,832,333.297,348.577,344.656,0.7434
mixed,64,48,0.75,4.0,64,2048,512,2048,1664,399.889,294.529,391.617,
mixed,64,48,0.75,4.0,64,2048,1024,4096,3328,456.481,511.519,502.979,0.8448
mixed,64,48,0.75,4.0,64,2048,2048,8192,6656,635.633,708.243,680.034,0.6115
mixed,64,48,0.75,4.0,64,2048,4096,16384,13312,957.921,1113.666,1025.49,0.4338
mixed,64,48,0.75,4.0,64,2048,8192,32768,26624,1617.7,1919.634,1706.803,0.2951
mixed,64,48,0.75,4.0,64,8192,128,512,416,533.632,543.056,540.064,0.6825
mixed,64,48,0.75,4.0,64,8192,256,1024,832,569.104,586.099,582.513,0.789
mixed,64,48,0.75,4.0,64,8192,512,2048,1664,633.535,666.401,665.73,0.9796
mixed,64,48,0.75,4.0,64,8192,1024,4096,3328,765.874,825.824,824.913,0.9848
mixed,64,48,0.75,4.0,64,8192,2048,8192,6656,1023.745,782.434,886.481,
mixed,64,48,0.75,4.0,64,8192,4096,16384,13312,1238.049,1483.44,1454.034,0.8802
mixed,64,48,0.75,4.0,64,8192,8192,32768,26624,1975.795,2277.204,2172.532,0.6527
mixed,64,48,0.75,4.0,64,16384,128,512,416,840.706,848.945,848.69,0.9691
mixed,64,48,0.75,4.0,64,16384,256,1024,832,879.171,895.346,887.729,0.5291
mixed,64,48,0.75,4.0,64,16384,512,2048,1664,949.058,977.25,973.601,0.8706
mixed,64,48,0.75,4.0,64,16384,1024,4096,3328,1078.083,1140.21,1133.265,0.8882
mixed,64,48,0.75,4.0,64,16384,2048,8192,6656,1338.914,1455.779,1446.099,0.9172
mixed,64,48,0.75,4.0,64,16384,4096,16384,13312,1854.674,1416.209,1543.22,
mixed,64,48,0.75,4.0,64,16384,8192,32768,26624,2274.849,2720.373,2705.971,0.9677
mixed,64,48,0.75,4.0,256,0,128,512,416,193.889,197.601,195.97,0.5607
mixed,64,48,0.75,4.0,256,0,256,1024,832,217.393,230.702,224.85,0.5603
mixed,64,48,0.75,4.0,256,0,512,2048,1664,269.281,304.721,294.499,0.7115
mixed,64,48,0.75,4.0,256,0,1024,4096,3328,405.618,466.066,456.979,0.8497
mixed,64,48,0.75,4.0,256,0,2048,8192,6656,663.586,780.867,773.922,0.9408
mixed,64,48,0.75,4.0,256,0,4096,16384,13312,1183.332,1420.113,1406.77,0.9436
mixed,64,48,0.75,4.0,256,0,8192,32768,26624,2220.115,2705.875,2656.771,0.8989
mixed,64,48,0.75,4.0,256,512,128,512,416,297.441,307.039,304.497,0.7352
mixed,64,48,0.75,4.0,256,512,256,1024,832,335.296,352.065,349.457,0.8445
mixed,64,48,0.75,4.0,256,512,512,2048,1664,402.512,432.994,430.947,0.9328
mixed,64,48,0.75,4.0,256,512,1024,4096,3328,531.619,589.954,586.387,0.9389
mixed,64,48,0.75,4.0,256,512,2048,8192,6656,787.457,908.832,902.113,0.9446
mixed,64,48,0.75,4.0,256,512,4096,16384,13312,1306.37,1542.083,1524.098,0.9237
mixed,64,48,0.75,4.0,256,512,8192,32768,26624,2337.859,2818.63,2783.571,0.9271
mixed,64,48,0.75,4.0,256,2048,128,512,416,530.608,542.898,537.714,0.5782
mixed,64,48,0.75,4.0,256,2048,256,1024,832,568.368,584.751,581.795,0.8195
mixed,64,48,0.75,4.0,256,2048,512,2048,1664,634.336,662.931,660.848,0.9272
mixed,64,48,0.75,4.0,256,2048,1024,4096,3328,761.825,821.68,820.385,0.9784
mixed,64,48,0.75,4.0,256,2048,2048,8192,6656,1018.305,1140.595,1129.282,0.9075
mixed,64,48,0.75,4.0,256,2048,4096,16384,13312,1533.538,1771.155,1752.66,0.9222
mixed,64,48,0.75,4.0,256,2048,8192,32768,26624,2573.764,3039.237,3009.527,0.9362
mixed,64,48,0.75,4.0,256,8192,128,512,416,1397.584,1399.252,1400.212,1.5757
mixed,64,48,0.75,4.0,256,8192,256,1024,832,1440.354,1489.364,1430.481,-0.2015
mixed,64,48,0.75,4.0,256,8192,512,2048,1664,1543.841,1576.081,1571.541,0.8592
mixed,64,48,0.75,4.0,256,8192,1024,4096,3328,1673.153,1733.459,1727.395,0.8994
mixed,64,48,0.75,4.0,256,8192,2048,8192,6656,1937.237,2056.403,2048.403,0.9329
mixed,64,48,0.75,4.0,256,8192,4096,16384,13312,2455.908,2684.916,2680.068,0.9788
mixed,64,48,0.75,4.0,256,8192,8192,32768,26624,3493.093,3959.59,3934.743,0.9467
mixed,64,48,0.75,4.0,256,16384,128,512,416,2621.363,2609.926,2613.395,
mixed,64,48,0.75,4.0,256,16384,256,1024,832,2616.419,2618.371,2624.113,3.9413
mixed,64,48,0.75,4.0,256,16384,512,2048,1664,2615.491,2775.654,2617.972,0.0155
mixed,64,48,0.75,4.0,256,16384,1024,4096,3328,2888.386,2944.292,2948.052,1.0673
mixed,64,48,0.75,4.0,256,16384,2048,8192,6656,3145.011,3258.836,3256.695,0.9812
mixed,64,48,0.75,4.0,256,16384,4096,16384,13312,3658.95,3897.477,3885.222,0.9486
mixed,64,48,0.75,4.0,256,16384,8192,32768,26624,4693.545,5167.592,5147.034,0.9566
mixed,64,48,0.75,4.0,1024,0,128,512,416,512.864,520.192,541.12,3.8558
mixed,64,48,0.75,4.0,1024,0,256,1024,832,544.513,551.106,573.954,4.4656
mixed,64,48,0.75,4.0,1024,0,512,2048,1664,587.487,606.452,638.291,2.6789
mixed,64,48,0.75,4.0,1024,0,1024,4096,3328,675.503,712.563,762.913,2.3586
mixed,64,48,0.75,4.0,1024,0,2048,8192,6656,839.602,915.874,1002.514,2.1359
mixed,64,48,0.75,4.0,1024,0,4096,16384,13312,1170.819,1333.461,1474.977,1.8701
mixed,64,48,0.75,4.0,1024,0,8192,32768,26624,1833.425,2140.885,2434.135,1.9538
mixed,64,48,0.75,4.0,1024,512,128,512,416,774.463,778.356,801.554,6.9598
mixed,64,48,0.75,4.0,1024,512,256,1024,832,803.662,811.775,831.841,3.4735
mixed,64,48,0.75,4.0,1024,512,512,2048,1664,846.157,866.882,898.628,2.5318
mixed,64,48,0.75,4.0,1024,512,1024,4096,3328,933.267,969.57,1019.86,2.3853
mixed,64,48,0.75,4.0,1024,512,2048,8192,6656,1098.82,1177.327,1262.355,2.0831
mixed,64,48,0.75,4.0,1024,512,4096,16384,13312,1438.299,1600.751,1737.809,1.8437
mixed,64,48,0.75,4.0,1024,512,8192,32768,26624,2117.668,2434.466,2711.22,1.8736
mixed,64,48,0.75,4.0,1024,2048,128,512,416,1220.531,1228.321,1244.943,3.1338
mixed,64,48,0.75,4.0,1024,2048,256,1024,832,1251.602,1257.616,1281.953,5.0466
mixed,64,48,0.75,4.0,1024,2048,512,2048,1664,1289.231,1307.155,1343.954,3.0531
mixed,64,48,0.75,4.0,1024,2048,1024,4096,3328,1370.26,1411.744,1461.872,2.2084
mixed,64,48,0.75,4.0,1024,2048,2048,8192,6656,1538.179,1618.865,1707.06,2.0931
mixed,64,48,0.75,4.0,1024,2048,4096,16384,13312,1871.107,2027.861,2175.079,1.9392
mixed,64,48,0.75,4.0,1024,2048,8192,32768,26624,2526.534,2829.762,3133.394,2.0013
mixed,64,48,0.75,4.0,1024,8192,128,512,416,2959.396,2971.203,2988.071,2.4287
mixed,64,48,0.75,4.0,1024,8192,256,1024,832,2999.84,2998.151,3020.774,
mixed,64,48,0.75,4.0,1024,8192,512,2048,1664,3036.918,3051.779,3079.606,2.8723
mixed,64,48,0.75,4.0,1024,8192,1024,4096,3328,3110.148,3158.514,3208.854,2.0408
mixed,64,48,0.75,4.0,1024,8192,2048,8192,6656,3286.517,3360.835,3441.379,2.0838
mixed,64,48,0.75,4.0,1024,8192,4096,16384,13312,3614.119,3771.651,3909.961,1.878
mixed,64,48,0.75,4.0,1024,8192,8192,32768,26624,4278.168,4569.178,4873.605,2.0461
mixed,64,48,0.75,4.0,1024,16384,128,512,416,5271.048,5274.375,5279.719,2.6065
mixed,64,48,0.75,4.0,1024,16384,256,1024,832,5300.728,5291.047,5309.62,
mixed,64,48,0.75,4.0,1024,16384,512,2048,1664,5334.552,5361.111,5384.377,1.876
mixed,64,48,0.75,4.0,1024,16384,1024,4096,3328,5418.204,5463.445,5495.222,1.7024
mixed,64,48,0.75,4.0,1024,16384,2048,8192,6656,5585.832,5656.036,5740.966,2.2098
mixed,64,48,0.75,4.0,1024,16384,4096,16384,13312,5926.058,6066.361,6220.566,2.0991
mixed,64,48,0.75,4.0,1024,16384,8192,32768,26624,6560.78,6869.367,7166.681,1.9635
mixed,64,48,0.75,4.0,4096,0,128,512,416,2238.386,2240.704,2261.285,9.8807
mixed,64,48,0.75,4.0,4096,0,256,1024,832,2268.58,2279.333,2298.58,2.7897
mixed,64,48,0.75,4.0,4096,0,512,2048,1664,2314.468,2331.313,2361.81,2.8104
mixed,64,48,0.75,4.0,4096,0,1024,4096,3328,2399.285,2434.501,2480.352,2.302
mixed,64,48,0.75,4.0,4096,0,2048,8192,6656,2570.243,2650.642,2720.245,1.8657
mixed,64,48,0.75,4.0,4096,0,4096,16384,13312,2907.655,3058.438,3196.951,1.9186
mixed,64,48,0.75,4.0,4096,0,8192,32768,26624,3554.805,3856.168,4145.973,1.9616
mixed,64,48,0.75,4.0,4096,512,128,512,416,2869.737,2894.535,2899.219,1.1889
mixed,64,48,0.75,4.0,4096,512,256,1024,832,2907.047,2906.662,2931.06,
mixed,64,48,0.75,4.0,4096,512,512,2048,1664,2940.103,2969.188,3000.276,2.0688
mixed,64,48,0.75,4.0,4096,512,1024,4096,3328,3021.363,3064.616,3120.423,2.2902
mixed,64,48,0.75,4.0,4096,512,2048,8192,6656,3200.423,3281.092,3358.823,1.9636
mixed,64,48,0.75,4.0,4096,512,4096,16384,13312,3539.322,3694.76,3846.807,1.9782
mixed,64,48,0.75,4.0,4096,512,8192,32768,26624,4201.602,4509.54,4792.733,1.9196
mixed,64,48,0.75,4.0,4096,2048,128,512,416,3953.621,3960.251,3981.829,4.255
mixed,64,48,0.75,4.0,4096,2048,256,1024,832,3981.589,3995.542,4014.744,2.3763
mixed,64,48,0.75,4.0,4096,2048,512,2048,1664,4023.336,4043.255,4075.081,2.5977
mixed,64,48,0.75,4.0,4096,2048,1024,4096,3328,4117.738,4154.342,4209.672,2.5116
mixed,64,48,0.75,4.0,4096,2048,2048,8192,6656,4269.109,4352.103,4451.079,2.1925
mixed,64,48,0.75,4.0,4096,2048,4096,16384,13312,4602.549,4762.232,4906.329,1.9024
mixed,64,48,0.75,4.0,4096,2048,8192,32768,26624,5255.88,5572.309,5862.803,1.918
mixed,64,48,0.75,4.0,4096,8192,128,512,416,8247.484,8274.176,8295.403,1.7953
mixed,64,48,0.75,4.0,4096,8192,256,1024,832,8271.244,8274.863,8310.568,10.8648
mixed,64,48,0.75,4.0,4096,8192,512,2048,1664,8309.262,8341.294,8365.457,1.7543
mixed,64,48,0.75,4.0,4096,8192,1024,4096,3328,8398.784,8438.624,8503.387,2.6256
mixed,64,48,0.75,4.0,4096,8192,2048,8192,6656,8579.184,8638.062,8740.06,2.7324
mixed,64,48,0.75,4.0,4096,8192,4096,16384,13312,8908.577,9050.653,9214.845,2.1557
mixed,64,48,0.75,4.0,4096,8192,8192,32768,26624,9564.897,9876.165,10170.961,1.9471
mixed,64,48,0.75,4.0,4096,16384,128,512,416,13965.639,13948.118,13981.161,
mixed,64,48,0.75,4.0,4096,16384,256,1024,832,13982.312,14003.547,14000.821,0.8716
mixed,64,48,0.75,4.0,4096,16384,512,2048,1664,14023.061,14048.523,14075.466,2.0582
mixed,64,48,0.75,4.0,4096,16384,1024,4096,3328,14109.5,14148.454,14194.068,2.171
mixed,64,48,0.75,4.0,4096,16384,2048,8192,6656,14312.251,14355.326,14462.887,3.497
mixed,64,48,0.75,4.0,4096,16384,4096,16384,13312,14616.154,14801.432,14970.976,1.9151
mixed,64,48,0.75,4.0,4096,16384,8192,32768,26624,15278.445,15590.489,15867.134,1.8866
pure,64,58,0.9062,4.0,0,0,128,512,476,165.472,156.176,153.808,
pure,64,58,0.9062,4.0,0,0,256,1024,952,181.44,183.728,180.576,-0.3778
pure,64,58,0.9062,4.0,0,0,512,2048,1904,233.632,239.008,232.832,-0.1488
pure,64,58,0.9062,4.0,0,0,1024,4096,3808,331.569,346.912,339.855,0.5401
pure,64,58,0.9062,4.0,0,0,2048,8192,7616,520.848,550.098,649.713,4.4057
pure,64,58,0.9062,4.0,0,0,4096,16384,15232,897.152,960.784,1125.346,3.5861
pure,64,58,0.9062,4.0,0,0,8192,32768,30464,1643.762,1762.562,2079.492,3.6677
mixed,64,58,0.9062,4.0,16,0,128,512,476,186.959,186.832,171.858,
mixed,64,58,0.9062,4.0,16,0,256,1024,952,211.489,212.754,201.89,-7.5881
mixed,64,58,0.9062,4.0,16,0,512,2048,1904,254.85,261.075,255.584,0.1179
mixed,64,58,0.9062,4.0,16,0,1024,4096,3808,355.649,372.163,362.353,0.406
mixed,64,58,0.9062,4.0,16,0,2048,8192,7616,541.906,569.249,550.931,0.3301
mixed,64,58,0.9062,4.0,16,0,4096,16384,15232,918.93,981.955,1144.85,3.5847
mixed,64,58,0.9062,4.0,16,0,8192,32768,30464,1671.954,1786.931,2098.483,3.7097
mixed,64,58,0.9062,4.0,16,512,128,512,476,219.198,227.105,223.281,0.5164
mixed,64,58,0.9062,4.0,16,512,256,1024,952,254.048,265.248,228.945,-2.2415
mixed,64,58,0.9062,4.0,16,512,512,2048,1904,307.792,321.328,257.616,-3.7068
mixed,64,58,0.9062,4.0,16,512,1024,4096,3808,405.487,427.97,357.12,-2.1514
mixed,64,58,0.9062,4.0,16,512,2048,8192,7616,592.8,622.24,547.985,-1.5222
mixed,64,58,0.9062,4.0,16,512,4096,16384,15232,959.313,1018.065,926.929,-0.5512
mixed,64,58,0.9062,4.0,16,512,8192,32768,30464,1682.496,1809.284,2095.347,3.2562
mixed,64,58,0.9062,4.0,16,2048,128,512,476,178.482,178.847,178.145,-0.9219
mixed,64,58,0.9062,4.0,16,2048,256,1024,952,257.76,267.761,264.593,0.6832
mixed,64,58,0.9062,4.0,16,2048,512,2048,1904,342.543,357.314,353.202,0.7216
mixed,64,58,0.9062,4.0,16,2048,1024,4096,3808,498.655,522.417,428.929,-2.9344
mixed,64,58,0.9062,4.0,16,2048,2048,8192,7616,690.896,719.234,537.841,-5.4011
mixed,64,58,0.9062,4.0,16,2048,4096,16384,15232,1054.258,1119.186,928.16,-1.9421
mixed,64,58,0.9062,4.0,16,2048,8192,32768,30464,1796.675,1906.419,1671.123,-1.144
mixed,64,58,0.9062,4.0,16,8192,128,512,476,247.774,247.952,247.409,-2.0562
mixed,64,58,0.9062,4.0,16,8192,256,1024,952,294.735,313.043,311.17,0.8977
mixed,64,58,0.9062,4.0,16,8192,512,2048,1904,301.377,298.29,299.632,
mixed,64,58,0.9062,4.0,16,8192,1024,4096,3808,491.68,519.794,516.225,0.8731
mixed,64,58,0.9062,4.0,16,8192,2048,8192,7616,799.154,847.601,840.481,0.853
mixed,64,58,0.9062,4.0,16,8192,4096,16384,15232,1438.258,1529.361,1197.377,-2.644
mixed,64,58,0.9062,4.0,16,8192,8192,32768,30464,2219.01,2319.443,1686.688,-5.3003
mixed,64,58,0.9062,4.0,16,16384,128,512,476,333.072,350.929,321.233,-0.663
mixed,64,58,0.9062,4.0,16,16384,256,1024,952,356.129,356.799,356.305,0.2632
mixed,64,58,0.9062,4.0,16,16384,512,2048,1904,449.648,475.329,476.194,1.0337
mixed,64,58,0.9062,4.0,16,16384,1024,4096,3808,468.544,466.351,463.937,
mixed,64,58,0.9062,4.0,16,16384,2048,8192,7616,795.649,835.329,829.89,0.8629
mixed,64,58,0.9062,4.0,16,16384,4096,16384,15232,1401.139,1484.692,1491.507,1.0816
mixed,64,58,0.9062,4.0,16,16384,8192,32768,30464,2677.668,2864.597,2217.541,-2.4615
mixed,64,58,0.9062,4.0,64,0,128,512,476,204.353,204.546,200.065,-22.2176
mixed,64,58,0.9062,4.0,64,0,256,1024,952,229.407,232.723,225.424,-1.2017
mixed,64,58,0.9062,4.0,64,0,512,2048,1904,282.912,286.72,272.528,-2.7272
mixed,64,58,0.9062,4.0,64,0,1024,4096,3808,378.579,390.961,380.402,0.1472
mixed,64,58,0.9062,4.0,64,0,2048,8192,7616,562.175,596.322,571.155,0.263
mixed,64,58,0.9062,4.0,64,0,4096,16384,15232,949.201,1012.369,954.624,0.0859
mixed,64,58,0.9062,4.0,64,0,8192,32768,30464,1701.506,1813.778,1697.619,-0.0346
mixed,64,58,0.9062,4.0,64,512,128,512,476,168.431,171.761,170.352,0.577
mixed,64,58,0.9062,4.0,64,512,256,1024,952,257.361,265.455,261.138,0.4666
mixed,64,58,0.9062,4.0,64,512,512,2048,1904,313.281,321.488,315.409,0.2593
mixed,64,58,0.9062,4.0,64,512,1024,4096,3808,410.913,431.232,419.904,0.4425
mixed,64,58,0.9062,4.0,64,512,2048,8192,7616,594.817,624.418,604.32,0.321
mixed,64,58,0.9062,4.0,64,512,4096,16384,15232,960.832,1030.947,980.304,0.2777
mixed,64,58,0.9062,4.0,64,512,8192,32768,30464,1709.298,1823.553,1727.762,0.1616
mixed,64,58,0.9062,4.0,64,2048,128,512,476,298.61,303.536,301.601,0.6071
mixed,64,58,0.9062,4.0,64,2048,256,1024,952,339.601,348.931,347.537,0.8506
mixed,64,58,0.9062,4.0,64,2048,512,2048,1904,290.575,293.664,292.897,0.7514
mixed,64,58,0.9062,4.0,64,2048,1024,4096,3808,489.76,511.969,509.314,0.8805
mixed,64,58,0.9062,4.0,64,2048,2048,8192,7616,681.505,714.704,696.051,0.4381
mixed,64,58,0.9062,4.0,64,2048,4096,16384,15232,1050.29,1117.921,1080.226,0.4426
mixed,64,58,0.9062,4.0,64,2048,8192,32768,30464,1804.803,1919.458,1820.881,0.1402
mixed,64,58,0.9062,4.0,64,8192,128,512,476,539.825,541.472,542.688,1.7377
mixed,64,58,0.9062,4.0,64,8192,256,1024,952,578.32,585.249,586.752,1.2169
mixed,64,58,0.9062,4.0,64,8192,512,2048,1904,654.656,664.69,666.624,1.1928
mixed,64,58,0.9062,4.0,64,8192,1024,4096,3808,801.554,824.578,826.147,1.0682
mixed,64,58,0.9062,4.0,64,8192,2048,8192,7616,773.217,782.848,778.752,0.5747
mixed,64,58,0.9062,4.0,64,8192,4096,16384,15232,1373.697,1466.803,1460.98,0.9375
mixed,64,58,0.9062,4.0,64,8192,8192,32768,30464,2176.468,2279.89,2228.693,0.505
mixed,64,58,0.9062,4.0,64,16384,128,512,476,847.633,851.089,849.423,0.5181
mixed,64,58,0.9062,4.0,64,16384,256,1024,952,886.418,896.274,891.89,0.5553
mixed,64,58,0.9062,4.0,64,16384,512,2048,1904,961.827,974.096,976.58,1.2025
mixed,64,58,0.9062,4.0,64,16384,1024,4096,3808,1110.946,1138.032,1131.458,0.7573
mixed,64,58,0.9062,4.0,64,16384,2048,8192,7616,1405.921,1456.305,1453.299,0.9403
mixed,64,58,0.9062,4.0,64,16384,4096,16384,15232,1401.796,1415.059,1412.258,0.7888
mixed,64,58,0.9062,4.0,64,16384,8192,32768,30464,2579.155,2724.772,2716.18,0.941
mixed,64,58,0.9062,4.0,256,0,128,512,476,196.847,196.24,197.681,
mixed,64,58,0.9062,4.0,256,0,256,1024,952,228.322,230.786,226.671,-0.6695
mixed,64,58,0.9062,4.0,256,0,512,2048,1904,288.447,303.601,300.208,0.7761
mixed,64,58,0.9062,4.0,256,0,1024,4096,3808,439.871,464.96,463.583,0.9451
mixed,64,58,0.9062,4.0,256,0,2048,8192,7616,736.479,782.722,775.841,0.8512
mixed,64,58,0.9062,4.0,256,0,4096,16384,15232,1329.891,1417.728,1413.297,0.9496
mixed,64,58,0.9062,4.0,256,0,8192,32768,30464,2518.323,2702.531,2690.965,0.9372
mixed,64,58,0.9062,4.0,256,512,128,512,476,304.481,308.178,307.664,0.861
mixed,64,58,0.9062,4.0,256,512,256,1024,952,344.273,351.792,351.92,1.0171
mixed,64,58,0.9062,4.0,256,512,512,2048,1904,420.034,433.105,433.248,1.011
mixed,64,58,0.9062,4.0,256,512,1024,4096,3808,568.368,590.015,591.363,1.0623
mixed,64,58,0.9062,4.0,256,512,2048,8192,7616,860.707,906.514,903.762,0.9399
mixed,64,58,0.9062,4.0,256,512,4096,16384,15232,1454.995,1547.298,1539.411,0.9146
mixed,64,58,0.9062,4.0,256,512,8192,32768,30464,2637.876,2819.189,2797.762,0.8818
mixed,64,58,0.9062,4.0,256,2048,128,512,476,537.488,539.954,538.613,0.4559
mixed,64,58,0.9062,4.0,256,2048,256,1024,952,576.814,583.713,583.058,0.9049
mixed,64,58,0.9062,4.0,256,2048,512,2048,1904,648.688,662.994,663.407,1.0289
mixed,64,58,0.9062,4.0,256,2048,1024,4096,3808,799.6,821.106,820.176,0.9568
mixed,64,58,0.9062,4.0,256,2048,2048,8192,7616,1089.408,1137.043,1136.916,0.9973
mixed,64,58,0.9062,4.0,256,2048,4096,16384,15232,1685.491,1773.858,1765.217,0.9022
mixed,64,58,0.9062,4.0,256,2048,8192,32768,30464,2862.181,3035.608,3034.965,0.9963
mixed,64,58,0.9062,4.0,256,8192,128,512,476,1398.111,1397.043,1396.291,
mixed,64,58,0.9062,4.0,256,8192,256,1024,952,1481.059,1490.195,1488.963,0.8651
mixed,64,58,0.9062,4.0,256,8192,512,2048,1904,1559.153,1573.314,1572.387,0.9345
mixed,64,58,0.9062,4.0,256,8192,1024,4096,3808,1708.229,1738.02,1729.539,0.7153
mixed,64,58,0.9062,4.0,256,8192,2048,8192,7616,2003.986,2048.37,2044.403,0.9106
mixed,64,58,0.9062,4.0,256,8192,4096,16384,15232,2594.39,2684.854,2680.147,0.948
mixed,64,58,0.9062,4.0,256,8192,8192,32768,30464,3782.181,3961.414,3948.872,0.93
mixed,64,58,0.9062,4.0,256,16384,128,512,476,2623.907,2613.606,2613.654,
mixed,64,58,0.9062,4.0,256,16384,256,1024,952,2617.574,2614.66,2614.549,
mixed,64,58,0.9062,4.0,256,16384,512,2048,1904,2672.084,2794.868,2775.444,0.8418
mixed,64,58,0.9062,4.0,256,16384,1024,4096,3808,2922.453,2944.725,2948.486,1.1688
mixed,64,58,0.9062,4.0,256,16384,2048,8192,7616,3222.55,3264.918,3267.284,1.0558
mixed,64,58,0.9062,4.0,256,16384,4096,16384,15232,3813.765,3901.159,3889.525,0.8669
mixed,64,58,0.9062,4.0,256,16384,8192,32768,30464,4992.6,5167.128,5153.624,0.9226
mixed,64,58,0.9062,4.0,1024,0,128,512,476,527.713,518.543,515.04,
mixed,64,58,0.9062,4.0,1024,0,256,1024,952,547.743,553.395,547.538,-0.0363
mixed,64,58,0.9062,4.0,1024,0,512,2048,1904,603.601,607.825,599.124,-1.06
mixed,64,58,0.9062,4.0,1024,0,1024,4096,3808,695.428,714.256,707.775,0.6558
mixed,64,58,0.9062,4.0,1024,0,2048,8192,7616,888.096,918.995,1015.025,4.1078
mixed,64,58,0.9062,4.0,1024,0,4096,16384,15232,1267.476,1327.28,1489.94,3.7199
mixed,64,58,0.9062,4.0,1024,0,8192,32768,30464,2022.114,2138.115,2451.745,3.7037
mixed,64,58,0.9062,4.0,1024,512,128,512,476,785.232,782.065,775.966,
mixed,64,58,0.9062,4.0,1024,512,256,1024,952,807.506,808.561,803.205,-4.0797
mixed,64,58,0.9062,4.0,1024,512,512,2048,1904,857.52,864.211,857.297,-0.0333
mixed,64,58,0.9062,4.0,1024,512,1024,4096,3808,954.71,970.739,960.966,0.3902
mixed,64,58,0.9062,4.0,1024,512,2048,8192,7616,1147.665,1176.484,1271.045,4.2811
mixed,64,58,0.9062,4.0,1024,512,4096,16384,15232,1538.053,1600.418,1751.156,3.417
mixed,64,58,0.9062,4.0,1024,512,8192,32768,30464,2312.562,2438.817,2732.055,3.3226
mixed,64,58,0.9062,4.0,1024,2048,128,512,476,1233.621,1227.924,1222.402,
mixed,64,58,0.9062,4.0,1024,2048,256,1024,952,1251.042,1252.933,1247.759,-1.7361
mixed,64,58,0.9062,4.0,1024,2048,512,2048,1904,1299.12,1305.024,1302.402,0.5558
mixed,64,58,0.9062,4.0,1024,2048,1024,4096,3808,1395.954,1412.82,1405.793,0.5834
mixed,64,58,0.9062,4.0,1024,2048,2048,8192,7616,1588.563,1613.347,1713.043,5.0226
mixed,64,58,0.9062,4.0,1024,2048,4096,16384,15232,1962.228,2020.758,2184.325,3.7946
mixed,64,58,0.9062,4.0,1024,2048,8192,32768,30464,2712.899,2832.582,3143.829,3.6006
mixed,64,58,0.9062,4.0,1024,8192,128,512,476,2971.595,2969.944,2964.295,
mixed,64,58,0.9062,4.0,1024,8192,256,1024,952,3010.598,3001.074,2998.609,
mixed,64,58,0.9062,4.0,1024,8192,512,2048,1904,3048.886,3051.924,3044.517,-1.4381
mixed,64,58,0.9062,4.0,1024,8192,1024,4096,3808,3142.756,3161.204,3143.03,0.0148
mixed,64,58,0.9062,4.0,1024,8192,2048,8192,7616,3333.956,3366.424,3455.492,3.7433
mixed,64,58,0.9062,4.0,1024,8192,4096,16384,15232,3708.531,3770.481,3923.458,3.4694
mixed,64,58,0.9062,4.0,1024,8192,8192,32768,30464,4459.126,4578.471,4890.389,3.6136
mixed,64,58,0.9062,4.0,1024,16384,128,512,476,5272.966,5265.099,5266.122,
mixed,64,58,0.9062,4.0,1024,16384,256,1024,952,5294.602,5298.822,5292.188,-0.572
mixed,64,58,0.9062,4.0,1024,16384,512,2048,1904,5352.9,5348.855,5342.81,
mixed,64,58,0.9062,4.0,1024,16384,1024,4096,3808,5442.12,5459.063,5441.835,-0.0168
mixed,64,58,0.9062,4.0,1024,16384,2048,8192,7616,5627.418,5658.857,5744.793,3.7335
mixed,64,58,0.9062,4.0,1024,16384,4096,16384,15232,6009.273,6067.158,6216.128,3.5736
mixed,64,58,0.9062,4.0,1024,16384,8192,32768,30464,6751.519,6878.453,7176.583,3.3487
mixed,64,58,0.9062,4.0,4096,0,128,512,476,2257.957,2243.557,2236.341,
mixed,64,58,0.9062,4.0,4096,0,256,1024,952,2269.591,2276.964,2272.44,0.3864
mixed,64,58,0.9062,4.0,4096,0,512,2048,1904,2324.104,2325.142,2330.056,5.7286
mixed,64,58,0.9062,4.0,4096,0,1024,4096,3808,2417.847,2433.239,2422.311,0.2901
mixed,64,58,0.9062,4.0,4096,0,2048,8192,7616,2620.008,2647.497,2736.678,4.2444
mixed,64,58,0.9062,4.0,4096,0,4096,16384,15232,2987.959,3056.854,3219.512,3.3609
mixed,64,58,0.9062,4.0,4096,0,8192,32768,30464,3741.948,3863.245,4163.149,3.4725
mixed,64,58,0.9062,4.0,4096,512,128,512,476,2883.355,2875.24,2880.122,
mixed,64,58,0.9062,4.0,4096,512,256,1024,952,2914.38,2909.896,2907.013,
mixed,64,58,0.9062,4.0,4096,512,512,2048,1904,2957.574,2961.784,2954.505,-0.7293
mixed,64,58,0.9062,4.0,4096,512,1024,4096,3808,3060.407,3072.778,3062.199,0.1449
mixed,64,58,0.9062,4.0,4096,512,2048,8192,7616,3246.616,3274.075,3361.159,4.1714
mixed,64,58,0.9062,4.0,4096,512,4096,16384,15232,3634.549,3691.435,3852.073,3.8238
mixed,64,58,0.9062,4.0,4096,512,8192,32768,30464,4380.54,4501.022,4813.792,3.596
mixed,64,58,0.9062,4.0,4096,2048,128,512,476,3986.457,3958.206,3959.82,
mixed,64,58,0.9062,4.0,4096,2048,256,1024,952,3982.664,3986.951,3982.426,-0.0557
mixed,64,58,0.9062,4.0,4096,2048,512,2048,1904,4035.702,4041.532,4033.559,-0.3677
mixed,64,58,0.9062,4.0,4096,2048,1024,4096,3808,4133.75,4149.8,4133.347,-0.0251
mixed,64,58,0.9062,4.0,4096,2048,2048,8192,7616,4326.155,4354.279,4441.398,4.0977
mixed,64,58,0.9062,4.0,4096,2048,4096,16384,15232,4695.27,4756.01,4917.593,3.6603
mixed,64,58,0.9062,4.0,4096,2048,8192,32768,30464,5451.865,5565.803,5877.816,3.7384
mixed,64,58,0.9062,4.0,4096,8192,128,512,476,8262.608,8246.993,8251.508,
mixed,64,58,0.9062,4.0,4096,8192,256,1024,952,8276.349,8291.133,8276.114,-0.0159
mixed,64,58,0.9062,4.0,4096,8192,512,2048,1904,8324.141,8337.121,8328.56,0.3404
mixed,64,58,0.9062,4.0,4096,8192,1024,4096,3808,8420.449,8442.943,8453.281,1.4596
mixed,64,58,0.9062,4.0,4096,8192,2048,8192,7616,8628.115,8676.767,8729.585,2.0856
mixed,64,58,0.9062,4.0,4096,8192,4096,16384,15232,9003.504,9057.873,9217.586,3.9376
mixed,64,58,0.9062,4.0,4096,8192,8192,32768,30464,9750.978,9876.943,10178.818,3.3965
mixed,64,58,0.9062,4.0,4096,16384,128,512,476,13957.834,14055.371,13955.542,-0.0235
mixed,64,58,0.9062,4.0,4096,16384,256,1024,952,13984.617,13992.76,13987.334,0.3337
mixed,64,58,0.9062,4.0,4096,16384,512,2048,1904,14032.138,14037.2,14119.054,17.1687
mixed,64,58,0.9062,4.0,4096,16384,1024,4096,3808,14133.127,14143.93,14155.192,2.0425
mixed,64,58,0.9062,4.0,4096,16384,2048,8192,7616,14330.313,14348.073,14441.144,6.2401
mixed,64,58,0.9062,4.0,4096,16384,4096,16384,15232,14714.315,14781.484,14935.584,3.2942
mixed,64,58,0.9062,4.0,4096,16384,8192,32768,30464,15494.142,15590.558,15905.68,4.2684
pure,128,1,0.0078,4.0,0,0,128,512,131,99.81,189.071,147.041,0.5291
pure,128,1,0.0078,4.0,0,0,256,1024,262,157.537,241.792,164.705,0.0851
pure,128,1,0.0078,4.0,0,0,512,2048,524,187.76,346.048,190.498,0.0173
pure,128,1,0.0078,4.0,0,0,1024,4096,1048,242.132,548.193,245.487,0.011
pure,128,1,0.0078,4.0,0,0,2048,8192,2096,353.537,950.418,349.52,-0.0067
pure,128,1,0.0078,4.0,0,0,4096,16384,4192,553.553,1757.859,554.674,0.0009
pure,128,1,0.0078,4.0,0,0,8192,32768,8384,966.881,3372.47,963.89,-0.0012
mixed,128,1,0.0078,4.0,16,0,128,512,131,133.344,218.993,180.814,0.5542
mixed,128,1,0.0078,4.0,16,0,256,1024,262,190.174,260.483,191.52,0.0192
mixed,128,1,0.0078,4.0,16,0,512,2048,524,217.601,365.327,223.488,0.0399
mixed,128,1,0.0078,4.0,16,0,1024,4096,1048,260.415,566.257,275.023,0.0478
mixed,128,1,0.0078,4.0,16,0,2048,8192,2096,372.832,976.322,381.522,0.0144
mixed,128,1,0.0078,4.0,16,0,4096,16384,4192,574.498,1782.947,579.072,0.0038
mixed,128,1,0.0078,4.0,16,0,8192,32768,8384,987.858,3387.989,988.641,0.0003
mixed,128,1,0.0078,4.0,16,512,128,512,131,185.762,252.128,188.225,0.0371
mixed,128,1,0.0078,4.0,16,512,256,1024,262,213.584,317.234,213.871,0.0028
mixed,128,1,0.0078,4.0,16,512,512,2048,524,254.049,418.815,254.097,0.0003
mixed,128,1,0.0078,4.0,16,512,1024,4096,1048,317.713,616.0,318.098,0.0013
mixed,128,1,0.0078,4.0,16,512,2048,8192,2096,425.92,1000.772,424.832,-0.0019
mixed,128,1,0.0078,4.0,16,512,4096,16384,4192,619.936,1780.529,624.433,0.0039
mixed,128,1,0.0078,4.0,16,512,8192,32768,8384,1020.386,3375.205,1025.667,0.0022
mixed,128,1,0.0078,4.0,16,2048,128,512,131,219.248,260.418,218.08,-0.0283
mixed,128,1,0.0078,4.0,16,2048,256,1024,262,221.01,347.791,222.337,0.0105
mixed,128,1,0.0078,4.0,16,2048,512,2048,524,261.601,514.561,261.985,0.0015
mixed,128,1,0.0078,4.0,16,2048,1024,4096,1048,349.153,718.531,348.001,-0.0031
mixed,128,1,0.0078,4.0,16,2048,2048,8192,2096,516.081,1112.723,517.105,0.0017
mixed,128,1,0.0078,4.0,16,2048,4096,16384,4192,728.226,1887.779,724.897,-0.0029
mixed,128,1,0.0078,4.0,16,2048,8192,32768,8384,1127.618,3439.574,1125.155,-0.0011
mixed,128,1,0.0078,4.0,16,8192,128,512,131,285.666,320.048,286.849,0.0344
mixed,128,1,0.0078,4.0,16,8192,256,1024,262,295.152,353.568,295.695,0.0093
mixed,128,1,0.0078,4.0,16,8192,512,2048,524,321.201,517.233,321.231,0.0002
mixed,128,1,0.0078,4.0,16,8192,1024,4096,1048,353.536,847.104,354.897,0.0028
mixed,128,1,0.0078,4.0,16,8192,2048,8192,2096,521.521,1524.307,520.994,-0.0005
mixed,128,1,0.0078,4.0,16,8192,4096,16384,4192,860.354,2308.051,849.039,-0.0078
mixed,128,1,0.0078,4.0,16,8192,8192,32768,8384,1541.09,3851.604,1529.3,-0.0051
mixed,128,1,0.0078,4.0,16,16384,128,512,131,346.608,380.498,346.286,-0.0095
mixed,128,1,0.0078,4.0,16,16384,256,1024,262,388.719,444.722,387.617,-0.0197
mixed,128,1,0.0078,4.0,16,16384,512,2048,524,380.578,522.001,380.48,-0.0007
mixed,128,1,0.0078,4.0,16,16384,1024,4096,1048,446.736,852.69,444.865,-0.0046
mixed,128,1,0.0078,4.0,16,16384,2048,8192,2096,525.168,1497.427,523.488,-0.0017
mixed,128,1,0.0078,4.0,16,16384,4096,16384,4192,861.887,2848.325,857.041,-0.0024
mixed,128,1,0.0078,4.0,16,16384,8192,32768,8384,1519.667,4401.27,1506.419,-0.0046
mixed,128,1,0.0078,4.0,64,0,128,512,131,139.952,241.44,194.368,0.5362
mixed,128,1,0.0078,4.0,64,0,256,1024,262,212.8,296.64,213.521,0.0086
mixed,128,1,0.0078,4.0,64,0,512,2048,524,243.362,400.625,261.073,0.1126
mixed,128,1,0.0078,4.0,64,0,1024,4096,1048,297.168,601.936,358.481,0.2012
mixed,128,1,0.0078,4.0,64,0,2048,8192,2096,403.393,1011.474,547.745,0.2374
mixed,128,1,0.0078,4.0,64,0,4096,16384,4192,606.402,1817.011,902.256,0.2444
mixed,128,1,0.0078,4.0,64,0,8192,32768,8384,1026.706,3428.982,1624.034,0.2487
mixed,128,1,0.0078,4.0,64,512,128,512,131,245.682,263.919,194.0,-2.8339
mixed,128,1,0.0078,4.0,64,512,256,1024,262,219.297,318.961,217.631,-0.0167
mixed,128,1,0.0078,4.0,64,512,512,2048,524,264.096,427.584,264.177,0.0005
mixed,128,1,0.0078,4.0,64,512,1024,4096,1048,321.233,624.177,332.385,0.0368
mixed,128,1,0.0078,4.0,64,512,2048,8192,2096,431.601,1022.978,517.264,0.1449
mixed,128,1,0.0078,4.0,64,512,4096,16384,4192,633.473,1829.282,865.361,0.1939
mixed,128,1,0.0078,4.0,64,512,8192,32768,8384,1042.13,3433.318,1569.521,0.2206
mixed,128,1,0.0078,4.0,64,2048,128,512,131,304.755,355.616,304.192,-0.0111
mixed,128,1,0.0078,4.0,64,2048,256,1024,262,323.728,349.088,323.489,-0.0094
mixed,128,1,0.0078,4.0,64,2048,512,2048,524,358.705,509.457,355.857,-0.0189
mixed,128,1,0.0078,4.0,64,2048,1024,4096,1048,349.089,713.424,347.921,-0.0032
mixed,128,1,0.0078,4.0,64,2048,2048,8192,2096,510.529,1112.098,510.048,-0.0008
mixed,128,1,0.0078,4.0,64,2048,4096,16384,4192,715.136,1908.066,841.554,0.106
mixed,128,1,0.0078,4.0,64,2048,8192,32768,8384,1123.713,3497.429,1536.291,0.1738
mixed,128,1,0.0078,4.0,64,8192,128,512,131,544.689,586.978,542.849,-0.0435
mixed,128,1,0.0078,4.0,64,8192,256,1024,262,556.273,640.608,556.961,0.0082
mixed,128,1,0.0078,4.0,64,8192,512,2048,524,586.211,740.144,585.424,-0.0051
mixed,128,1,0.0078,4.0,64,8192,1024,4096,1048,642.995,832.193,642.306,-0.0036
mixed,128,1,0.0078,4.0,64,8192,2048,8192,2096,749.329,1468.995,743.28,-0.0084
mixed,128,1,0.0078,4.0,64,8192,4096,16384,4192,841.458,2282.884,835.728,-0.004
mixed,128,1,0.0078,4.0,64,8192,8192,32768,8384,1489.074,3867.83,1463.075,-0.0109
mixed,128,1,0.0078,4.0,64,16384,128,512,131,850.37,893.745,851.763,0.0321
mixed,128,1,0.0078,4.0,64,16384,256,1024,262,864.017,948.225,863.729,-0.0034
mixed,128,1,0.0078,4.0,64,16384,512,2048,524,894.771,1046.402,892.13,-0.0174
mixed,128,1,0.0078,4.0,64,16384,1024,4096,1048,946.976,1248.065,948.386,0.0047
mixed,128,1,0.0078,4.0,64,16384,2048,8192,2096,1055.073,1467.828,1051.475,-0.0087
mixed,128,1,0.0078,4.0,64,16384,4096,16384,4192,1248.802,2731.03,1256.69,0.0053
mixed,128,1,0.0078,4.0,64,16384,8192,32768,8384,1496.833,4337.721,1468.913,-0.0098
mixed,128,1,0.0078,4.0,256,0,128,512,131,214.96,258.544,216.018,0.0243
mixed,128,1,0.0078,4.0,256,0,256,1024,262,230.159,315.649,229.935,-0.0026
mixed,128,1,0.0078,4.0,256,0,512,2048,524,260.754,418.514,309.825,0.311
mixed,128,1,0.0078,4.0,256,0,1024,4096,1048,316.895,618.051,485.588,0.5601
mixed,128,1,0.0078,4.0,256,0,2048,8192,2096,420.033,1017.058,822.339,0.6738
mixed,128,1,0.0078,4.0,256,0,4096,16384,4192,625.584,1830.755,1485.859,0.7138
mixed,128,1,0.0078,4.0,256,0,8192,32768,8384,1036.228,3491.14,2827.956,0.7299
mixed,128,1,0.0078,4.0,256,512,128,512,131,291.251,340.241,292.082,0.017
mixed,128,1,0.0078,4.0,256,512,256,1024,262,309.919,395.794,309.808,-0.0013
mixed,128,1,0.0078,4.0,256,512,512,2048,524,341.647,496.609,389.683,0.31
mixed,128,1,0.0078,4.0,256,512,1024,4096,1048,396.304,698.531,555.678,0.5273
mixed,128,1,0.0078,4.0,256,512,2048,8192,2096,507.727,1094.466,889.473,0.6506
mixed,128,1,0.0078,4.0,256,512,4096,16384,4192,704.992,1902.74,1547.38,0.7033
mixed,128,1,0.0078,4.0,256,512,8192,32768,8384,1112.131,3501.989,2878.164,0.739
mixed,128,1,0.0078,4.0,256,2048,128,512,131,527.726,571.087,527.904,0.0041
mixed,128,1,0.0078,4.0,256,2048,256,1024,262,541.553,621.425,540.833,-0.009
mixed,128,1,0.0078,4.0,256,2048,512,2048,524,571.601,719.601,568.913,-0.0182
mixed,128,1,0.0078,4.0,256,2048,1024,4096,1048,622.53,922.082,673.809,0.1712
mixed,128,1,0.0078,4.0,256,2048,2048,8192,2096,727.121,1329.028,999.699,0.4529
mixed,128,1,0.0078,4.0,256,2048,4096,16384,4192,929.043,2133.62,1662.18,0.6086
mixed,128,1,0.0078,4.0,256,2048,8192,32768,8384,1345.075,3742.152,2992.357,0.6872
mixed,128,1,0.0078,4.0,256,8192,128,512,131,1412.482,1471.074,1409.682,-0.0478
mixed,128,1,0.0078,4.0,256,8192,256,1024,262,1442.306,1515.54,1442.211,-0.0013
mixed,128,1,0.0078,4.0,256,8192,512,2048,524,1469.315,1610.324,1471.555,0.0159
mixed,128,1,0.0078,4.0,256,8192,1024,4096,1048,1518.448,1812.658,1519.059,0.0021
mixed,128,1,0.0078,4.0,256,8192,2048,8192,2096,1614.018,2197.907,1617.571,0.0061
mixed,128,1,0.0078,4.0,256,8192,4096,16384,4192,1815.443,2994.39,2096.66,0.2385
mixed,128,1,0.0078,4.0,256,8192,8192,32768,8384,2209.639,4588.329,3401.526,0.5011
mixed,128,1,0.0078,4.0,256,16384,128,512,131,2632.099,2630.133,2630.865,
mixed,128,1,0.0078,4.0,256,16384,256,1024,262,2631.974,2725.317,2627.43,-0.0487
mixed,128,1,0.0078,4.0,256,16384,512,2048,524,2641.957,2822.501,2637.925,-0.0223
mixed,128,1,0.0078,4.0,256,16384,1024,4096,1048,2725.091,3003.399,2727.173,0.0075
mixed,128,1,0.0078,4.0,256,16384,2048,8192,2096,2815.554,3382.215,2811.783,-0.0067
mixed,128,1,0.0078,4.0,256,16384,4096,16384,4192,3005.045,4179.656,3013.092,0.0069
mixed,128,1,0.0078,4.0,256,16384,8192,32768,8384,3397.828,5755.177,3997.606,0.2544
mixed,128,1,0.0078,4.0,1024,0,128,512,131,505.826,550.194,508.832,0.0677
mixed,128,1,0.0078,4.0,1024,0,256,1024,262,520.258,602.705,526.19,0.0719
mixed,128,1,0.0078,4.0,1024,0,512,2048,524,550.527,707.631,551.744,0.0077
mixed,128,1,0.0078,4.0,1024,0,1024,4096,1048,607.36,909.141,608.45,0.0036
mixed,128,1,0.0078,4.0,1024,0,2048,8192,2096,714.213,1316.709,710.978,-0.0054
mixed,128,1,0.0078,4.0,1024,0,4096,16384,4192,911.169,2126.084,914.835,0.003
mixed,128,1,0.0078,4.0,1024,0,8192,32768,8384,1331.905,3735.098,1332.211,0.0001
mixed,128,1,0.0078,4.0,1024,512,128,512,131,765.426,806.542,767.202,0.0432
mixed,128,1,0.0078,4.0,1024,512,256,1024,262,779.073,857.252,782.767,0.0472
mixed,128,1,0.0078,4.0,1024,512,512,2048,524,807.441,963.81,806.145,-0.0083
mixed,128,1,0.0078,4.0,1024,512,1024,4096,1048,860.786,1168.003,860.863,0.0003
mixed,128,1,0.0078,4.0,1024,512,2048,8192,2096,971.759,1586.755,966.052,-0.0093
mixed,128,1,0.0078,4.0,1024,512,4096,16384,4192,1172.755,2428.774,1171.507,-0.001
mixed,128,1,0.0078,4.0,1024,512,8192,32768,8384,1601.986,4043.093,1592.598,-0.0038
mixed,128,1,0.0078,4.0,1024,2048,128,512,131,1207.137,1251.891,1214.065,0.1548
mixed,128,1,0.0078,4.0,1024,2048,256,1024,262,1223.535,1304.449,1232.686,0.1131
mixed,128,1,0.0078,4.0,1024,2048,512,2048,524,1252.87,1411.252,1256.385,0.0222
mixed,128,1,0.0078,4.0,1024,2048,1024,4096,1048,1308.722,1606.981,1305.764,-0.0099
mixed,128,1,0.0078,4.0,1024,2048,2048,8192,2096,1415.586,2019.443,1412.529,-0.0051
mixed,128,1,0.0078,4.0,1024,2048,4096,16384,4192,1612.927,2812.867,1619.747,0.0057
mixed,128,1,0.0078,4.0,1024,2048,8192,32768,8384,2031.285,4430.999,2023.135,-0.0034
mixed,128,1,0.0078,4.0,1024,8192,128,512,131,2962.228,2998.196,2949.142,-0.3638
mixed,128,1,0.0078,4.0,1024,8192,256,1024,262,2966.528,3044.678,2980.421,0.1778
mixed,128,1,0.0078,4.0,1024,8192,512,2048,524,2996.196,3152.564,3002.759,0.042
mixed,128,1,0.0078,4.0,1024,8192,1024,4096,1048,3053.048,3360.954,3058.104,0.0164
mixed,128,1,0.0078,4.0,1024,8192,2048,8192,2096,3162.391,3764.438,3155.557,-0.0114
mixed,128,1,0.0078,4.0,1024,8192,4096,16384,4192,3358.997,4570.229,3364.762,0.0048
mixed,128,1,0.0078,4.0,1024,8192,8192,32768,8384,3785.593,6178.362,3771.686,-0.0058
mixed,128,1,0.0078,4.0,1024,16384,128,512,131,5244.86,5283.834,5248.215,0.0861
mixed,128,1,0.0078,4.0,1024,16384,256,1024,262,5276.12,5348.452,5273.963,-0.0298
mixed,128,1,0.0078,4.0,1024,16384,512,2048,524,5294.854,5455.45,5299.274,0.0275
mixed,128,1,0.0078,4.0,1024,16384,1024,4096,1048,5345.614,5650.121,5349.325,0.0122
mixed,128,1,0.0078,4.0,1024,16384,2048,8192,2096,5456.825,6072.203,5449.782,-0.0114
mixed,128,1,0.0078,4.0,1024,16384,4096,16384,4192,5654.473,6876.542,5657.611,0.0026
mixed,128,1,0.0078,4.0,1024,16384,8192,32768,8384,6088.924,8487.79,6070.718,-0.0076
mixed,128,1,0.0078,4.0,4096,0,128,512,131,2230.102,2271.761,2235.207,0.1225
mixed,128,1,0.0078,4.0,4096,0,256,1024,262,2238.79,2324.898,2249.36,0.1228
mixed,128,1,0.0078,4.0,4096,0,512,2048,524,2274.368,2426.613,2280.497,0.0403
mixed,128,1,0.0078,4.0,4096,0,1024,4096,1048,2323.264,2638.789,2331.589,0.0264
mixed,128,1,0.0078,4.0,4096,0,2048,8192,2096,2434.117,3045.782,2428.709,-0.0088
mixed,128,1,0.0078,4.0,4096,0,4096,16384,4192,2635.573,3852.09,2641.026,0.0045
mixed,128,1,0.0078,4.0,4096,0,8192,32768,8384,3067.332,5459.13,3050.392,-0.0071
mixed,128,1,0.0078,4.0,4096,512,128,512,131,2862.947,2905.189,2869.059,0.1447
mixed,128,1,0.0078,4.0,4096,512,256,1024,262,2881.94,2970.101,2882.388,0.0051
mixed,128,1,0.0078,4.0,4096,512,512,2048,524,2907.11,3060.885,2919.585,0.0811
mixed,128,1,0.0078,4.0,4096,512,1024,4096,1048,2962.469,3272.79,2965.428,0.0095
mixed,128,1,0.0078,4.0,4096,512,2048,8192,2096,3065.159,3677.735,3064.55,-0.001
mixed,128,1,0.0078,4.0,4096,512,4096,16384,4192,3283.443,4497.833,3272.917,-0.0087
mixed,128,1,0.0078,4.0,4096,512,8192,32768,8384,3700.774,6099.007,3693.158,-0.0032
mixed,128,1,0.0078,4.0,4096,2048,128,512,131,3941.876,3981.383,3943.845,0.0498
mixed,128,1,0.0078,4.0,4096,2048,256,1024,262,3956.344,4035.493,3950.76,-0.0706
mixed,128,1,0.0078,4.0,4096,2048,512,2048,524,3998.233,4133.275,3981.798,-0.1217
mixed,128,1,0.0078,4.0,4096,2048,1024,4096,1048,4032.439,4349.193,4043.732,0.0357
mixed,128,1,0.0078,4.0,4096,2048,2048,8192,2096,4150.965,4759.319,4140.394,-0.0174
mixed,128,1,0.0078,4.0,4096,2048,4096,16384,4192,4349.285,5555.962,4347.446,-0.0015
mixed,128,1,0.0078,4.0,4096,2048,8192,32768,8384,4778.471,7176.331,4754.68,-0.0099
mixed,128,1,0.0078,4.0,4096,8192,128,512,131,8253.358,8291.763,8260.592,0.1884
mixed,128,1,0.0078,4.0,4096,8192,256,1024,262,8255.01,8327.342,8261.745,0.0931
mixed,128,1,0.0078,4.0,4096,8192,512,2048,524,8293.521,8435.666,8272.094,-0.1507
mixed,128,1,0.0078,4.0,4096,8192,1024,4096,1048,8336.409,8640.544,8362.626,0.0862
mixed,128,1,0.0078,4.0,4096,8192,2048,8192,2096,8454.896,9070.528,8444.687,-0.0166
mixed,128,1,0.0078,4.0,4096,8192,4096,16384,4192,8655.246,9863.456,8656.385,0.0009
mixed,128,1,0.0078,4.0,4096,8192,8192,32768,8384,9060.144,11489.459,9072.926,0.0053
mixed,128,1,0.0078,4.0,4096,16384,128,512,131,13962.06,13990.312,14006.94,1.5885
mixed,128,1,0.0078,4.0,4096,16384,256,1024,262,13958.188,14050.087,13965.175,0.076
mixed,128,1,0.0078,4.0,4096,16384,512,2048,524,13987.718,14174.68,13995.636,0.0424
mixed,128,1,0.0078,4.0,4096,16384,1024,4096,1048,14070.727,14357.465,14049.125,-0.0753
mixed,128,1,0.0078,4.0,4096,16384,2048,8192,2096,14151.357,14815.997,14193.044,0.0627
mixed,128,1,0.0078,4.0,4096,16384,4096,16384,4192,14378.507,15579.898,14388.923,0.0087
mixed,128,1,0.0078,4.0,4096,16384,8192,32768,8384,14786.795,17168.081,14798.892,0.0051
pure,128,2,0.0156,4.0,0,0,128,512,134,99.104,187.76,146.832,0.5383
pure,128,2,0.0156,4.0,0,0,256,1024,268,159.232,242.433,165.153,0.0712
pure,128,2,0.0156,4.0,0,0,512,2048,536,190.577,345.984,242.641,0.335
pure,128,2,0.0156,4.0,0,0,1024,4096,1072,244.066,546.13,334.064,0.2979
pure,128,2,0.0156,4.0,0,0,2048,8192,2144,354.162,952.787,515.984,0.2703
pure,128,2,0.0156,4.0,0,0,4096,16384,4288,564.193,1759.027,868.706,0.2549
pure,128,2,0.0156,4.0,0,0,8192,32768,8576,995.697,3365.575,1579.764,0.2465
mixed,128,2,0.0156,4.0,16,0,128,512,134,133.231,218.689,181.745,0.5677
mixed,128,2,0.0156,4.0,16,0,256,1024,268,189.778,259.968,194.385,0.0656
mixed,128,2,0.0156,4.0,16,0,512,2048,536,219.968,367.439,221.84,0.0127
mixed,128,2,0.0156,4.0,16,0,1024,4096,1072,261.726,567.009,357.298,0.3131
mixed,128,2,0.0156,4.0,16,0,2048,8192,2144,375.984,975.107,538.098,0.2706
mixed,128,2,0.0156,4.0,16,0,4096,16384,4288,583.649,1782.897,890.224,0.2556
mixed,128,2,0.0156,4.0,16,0,8192,32768,8576,1017.698,3391.574,1599.058,0.2449
mixed,128,2,0.0156,4.0,16,512,128,512,134,186.304,252.896,187.57,0.019
mixed,128,2,0.0156,4.0,16,512,256,1024,268,213.296,317.938,215.041,0.0167
mixed,128,2,0.0156,4.0,16,512,512,2048,536,254.368,421.761,253.504,-0.0052
mixed,128,2,0.0156,4.0,16,512,1024,4096,1072,322.08,616.387,341.552,0.0662
mixed,128,2,0.0156,4.0,16,512,2048,8192,2144,429.488,1002.336,526.289,0.169
mixed,128,2,0.0156,4.0,16,512,4096,16384,4288,633.633,1779.396,877.778,0.2131
mixed,128,2,0.0156,4.0,16,512,8192,32768,8576,1041.025,3380.262,1588.722,0.2341
mixed,128,2,0.0156,4.0,16,2048,128,512,134,218.255,261.474,219.518,0.0292
mixed,128,2,0.0156,4.0,16,2048,256,1024,268,222.178,349.121,222.385,0.0016
mixed,128,2,0.0156,4.0,16,2048,512,2048,536,262.896,514.817,262.928,0.0001
mixed,128,2,0.0156,4.0,16,2048,1024,4096,1072,351.714,717.007,348.674,-0.0083
mixed,128,2,0.0156,4.0,16,2048,2048,8192,2144,525.601,1112.547,518.112,-0.0128
mixed,128,2,0.0156,4.0,16,2048,4096,16384,4288,735.106,1892.324,868.691,0.1154
mixed,128,2,0.0156,4.0,16,2048,8192,32768,8576,1143.266,3429.268,1575.217,0.189
mixed,128,2,0.0156,4.0,16,8192,128,512,134,285.953,318.769,287.825,0.057
mixed,128,2,0.0156,4.0,16,8192,256,1024,268,296.61,352.912,294.929,-0.0299
mixed,128,2,0.0156,4.0,16,8192,512,2048,536,322.366,518.801,322.37,0.0
mixed,128,2,0.0156,4.0,16,8192,1024,4096,1072,357.727,847.953,357.601,-0.0003
mixed,128,2,0.0156,4.0,16,8192,2048,8192,2144,529.92,1524.082,522.402,-0.0076
mixed,128,2,0.0156,4.0,16,8192,4096,16384,4288,873.218,2302.807,850.289,-0.016
mixed,128,2,0.0156,4.0,16,8192,8192,32768,8576,1564.5,3859.013,1529.378,-0.0153
mixed,128,2,0.0156,4.0,16,16384,128,512,134,346.625,380.401,345.554,-0.0317
mixed,128,2,0.0156,4.0,16,16384,256,1024,268,387.456,445.665,386.481,-0.0167
mixed,128,2,0.0156,4.0,16,16384,512,2048,536,383.969,521.81,380.656,-0.024
mixed,128,2,0.0156,4.0,16,16384,1024,4096,1072,449.105,851.857,447.521,-0.0039
mixed,128,2,0.0156,4.0,16,16384,2048,8192,2144,534.961,1495.249,527.457,-0.0078
mixed,128,2,0.0156,4.0,16,16384,4096,16384,4288,884.898,2849.622,861.76,-0.0118
mixed,128,2,0.0156,4.0,16,16384,8192,32768,8576,1537.907,4408.328,1500.691,-0.013
mixed,128,2,0.0156,4.0,64,0,128,512,134,139.328,243.312,195.727,0.5424
mixed,128,2,0.0156,4.0,64,0,256,1024,268,213.345,296.05,215.088,0.0211
mixed,128,2,0.0156,4.0,64,0,512,2048,536,242.016,400.784,266.529,0.1544
mixed,128,2,0.0156,4.0,64,0,1024,4096,1072,298.785,600.193,361.392,0.2077
mixed,128,2,0.0156,4.0,64,0,2048,8192,2144,409.137,1015.298,547.889,0.2289
mixed,128,2,0.0156,4.0,64,0,4096,16384,4288,618.736,1813.716,909.567,0.2434
mixed,128,2,0.0156,4.0,64,0,8192,32768,8576,1054.338,3436.118,1629.475,0.2415
mixed,128,2,0.0156,4.0,64,512,128,512,134,246.369,264.962,193.52,-2.8425
mixed,128,2,0.0156,4.0,64,512,256,1024,268,218.446,321.17,218.322,-0.0012
mixed,128,2,0.0156,4.0,64,512,512,2048,536,265.872,429.089,263.999,-0.0115
mixed,128,2,0.0156,4.0,64,512,1024,4096,1072,322.784,623.234,335.233,0.0414
mixed,128,2,0.0156,4.0,64,512,2048,8192,2144,434.658,1026.465,517.36,0.1397
mixed,128,2,0.0156,4.0,64,512,4096,16384,4288,640.96,1831.97,872.433,0.1944
mixed,128,2,0.0156,4.0,64,512,8192,32768,8576,1073.762,3442.47,1585.378,0.216
mixed,128,2,0.0156,4.0,64,2048,128,512,134,306.993,356.496,306.017,-0.0197
mixed,128,2,0.0156,4.0,64,2048,256,1024,268,323.825,348.289,325.202,0.0563
mixed,128,2,0.0156,4.0,64,2048,512,2048,536,356.531,511.635,359.727,0.0206
mixed,128,2,0.0156,4.0,64,2048,1024,4096,1072,349.617,715.01,349.94,0.0009
mixed,128,2,0.0156,4.0,64,2048,2048,8192,2144,518.627,1109.986,510.4,-0.0139
mixed,128,2,0.0156,4.0,64,2048,4096,16384,4288,728.753,1914.276,843.923,0.0971
mixed,128,2,0.0156,4.0,64,2048,8192,32768,8576,1159.683,3516.02,1555.475,0.168
mixed,128,2,0.0156,4.0,64,8192,128,512,134,542.832,584.994,543.248,0.0099
mixed,128,2,0.0156,4.0,64,8192,256,1024,268,559.808,641.33,557.601,-0.0271
mixed,128,2,0.0156,4.0,64,8192,512,2048,536,590.451,740.607,590.656,0.0014
mixed,128,2,0.0156,4.0,64,8192,1024,4096,1072,650.274,832.657,644.818,-0.0299
mixed,128,2,0.0156,4.0,64,8192,2048,8192,2144,747.265,1467.205,748.9,0.0023
mixed,128,2,0.0156,4.0,64,8192,4096,16384,4288,860.162,2287.061,836.768,-0.0164
mixed,128,2,0.0156,4.0,64,8192,8192,32768,8576,1502.082,3878.917,1465.122,-0.0156
mixed,128,2,0.0156,4.0,64,16384,128,512,134,850.21,893.921,850.674,0.0106
mixed,128,2,0.0156,4.0,64,16384,256,1024,268,865.521,948.817,865.487,-0.0004
mixed,128,2,0.0156,4.0,64,16384,512,2048,536,896.21,1046.466,894.291,-0.0128
mixed,128,2,0.0156,4.0,64,16384,1024,4096,1072,952.546,1248.067,949.618,-0.0099
mixed,128,2,0.0156,4.0,64,16384,2048,8192,2144,1058.961,1464.547,1055.746,-0.0079
mixed,128,2,0.0156,4.0,64,16384,4096,16384,4288,1262.914,2731.508,1269.568,0.0045
mixed,128,2,0.0156,4.0,64,16384,8192,32768,8576,1529.716,4337.001,1469.298,-0.0215
mixed,128,2,0.0156,4.0,256,0,128,512,134,215.183,259.971,214.991,-0.0043
mixed,128,2,0.0156,4.0,256,0,256,1024,268,230.001,315.473,230.159,0.0019
mixed,128,2,0.0156,4.0,256,0,512,2048,536,260.977,418.448,318.273,0.3639
mixed,128,2,0.0156,4.0,256,0,1024,4096,1072,317.152,616.513,490.848,0.5802
mixed,128,2,0.0156,4.0,256,0,2048,8192,2144,426.224,1018.146,828.355,0.6794
mixed,128,2,0.0156,4.0,256,0,4096,16384,4288,635.681,1840.388,1497.443,0.7153
mixed,128,2,0.0156,4.0,256,0,8192,32768,8576,1055.282,3479.94,2838.054,0.7353
mixed,128,2,0.0156,4.0,256,512,128,512,134,293.745,340.176,292.431,-0.0283
mixed,128,2,0.0156,4.0,256,512,256,1024,268,309.252,394.16,310.065,0.0096
mixed,128,2,0.0156,4.0,256,512,512,2048,536,343.712,497.97,391.394,0.3091
mixed,128,2,0.0156,4.0,256,512,1024,4096,1072,399.665,698.753,560.448,0.5376
mixed,128,2,0.0156,4.0,256,512,2048,8192,2144,503.742,1096.994,892.545,0.6554
mixed,128,2,0.0156,4.0,256,512,4096,16384,4288,715.683,1894.42,1551.059,0.7087
mixed,128,2,0.0156,4.0,256,512,8192,32768,8576,1140.737,3507.333,2864.849,0.7285
mixed,128,2,0.0156,4.0,256,2048,128,512,134,526.466,569.728,526.499,0.0007
mixed,128,2,0.0156,4.0,256,2048,256,1024,268,543.619,621.059,542.751,-0.0112
mixed,128,2,0.0156,4.0,256,2048,512,2048,536,570.593,719.873,571.361,0.0051
mixed,128,2,0.0156,4.0,256,2048,1024,4096,1072,626.017,928.049,676.32,0.1665
mixed,128,2,0.0156,4.0,256,2048,2048,8192,2144,727.008,1326.85,1002.787,0.4598
mixed,128,2,0.0156,4.0,256,2048,4096,16384,4288,939.602,2131.073,1672.868,0.6154
mixed,128,2,0.0156,4.0,256,2048,8192,32768,8576,1370.754,3718.423,2997.446,0.6929
mixed,128,2,0.0156,4.0,256,8192,128,512,134,1412.853,1469.348,1410.452,-0.0425
mixed,128,2,0.0156,4.0,256,8192,256,1024,268,1441.379,1517.253,1443.043,0.0219
mixed,128,2,0.0156,4.0,256,8192,512,2048,536,1468.913,1612.272,1469.156,0.0017
mixed,128,2,0.0156,4.0,256,8192,1024,4096,1072,1517.667,1814.563,1519.474,0.0061
mixed,128,2,0.0156,4.0,256,8192,2048,8192,2144,1619.698,2203.554,1618.597,-0.0019
mixed,128,2,0.0156,4.0,256,8192,4096,16384,4288,1831.266,3004.039,2104.42,0.2329
mixed,128,2,0.0156,4.0,256,8192,8192,32768,8576,2244.756,4593.494,3410.294,0.4962
mixed,128,2,0.0156,4.0,256,16384,128,512,134,2628.534,2632.169,2631.075,0.699
mixed,128,2,0.0156,4.0,256,16384,256,1024,268,2637.38,2729.012,2639.075,0.0185
mixed,128,2,0.0156,4.0,256,16384,512,2048,536,2645.716,2820.231,2642.133,-0.0205
mixed,128,2,0.0156,4.0,256,16384,1024,4096,1072,2726.5,2997.031,2728.95,0.0091
mixed,128,2,0.0156,4.0,256,16384,2048,8192,2144,2826.756,3383.159,2814.646,-0.0218
mixed,128,2,0.0156,4.0,256,16384,4096,16384,4288,3017.142,4172.136,3011.14,-0.0052
mixed,128,2,0.0156,4.0,256,16384,8192,32768,8576,3431.671,5773.914,4005.847,0.2451
mixed,128,2,0.0156,4.0,1024,0,128,512,134,505.091,549.298,506.627,0.0348
mixed,128,2,0.0156,4.0,1024,0,256,1024,268,523.122,605.459,529.073,0.0723
mixed,128,2,0.0156,4.0,1024,0,512,2048,536,550.447,707.345,601.922,0.3281
mixed,128,2,0.0156,4.0,1024,0,1024,4096,1072,604.371,908.561,696.082,0.3015
mixed,128,2,0.0156,4.0,1024,0,2048,8192,2144,719.773,1318.882,876.623,0.2618
mixed,128,2,0.0156,4.0,1024,0,4096,16384,4288,924.639,2125.191,1228.545,0.2531
mixed,128,2,0.0156,4.0,1024,0,8192,32768,8576,1357.49,3736.231,1941.093,0.2453
mixed,128,2,0.0156,4.0,1024,512,128,512,134,766.578,806.755,767.428,0.0212
mixed,128,2,0.0156,4.0,1024,512,256,1024,268,777.314,860.867,784.514,0.0862
mixed,128,2,0.0156,4.0,1024,512,512,2048,536,808.306,963.791,858.178,0.3208
mixed,128,2,0.0156,4.0,1024,512,1024,4096,1072,861.298,1164.691,950.897,0.2953
mixed,128,2,0.0156,4.0,1024,512,2048,8192,2144,970.305,1584.086,1133.522,0.2659
mixed,128,2,0.0156,4.0,1024,512,4096,16384,4288,1182.242,2431.139,1484.497,0.242
mixed,128,2,0.0156,4.0,1024,512,8192,32768,8576,1630.387,4041.397,2211.51,0.241
mixed,128,2,0.0156,4.0,1024,2048,128,512,134,1207.94,1254.031,1209.262,0.0287
mixed,128,2,0.0156,4.0,1024,2048,256,1024,268,1221.489,1303.89,1230.065,0.1041
mixed,128,2,0.0156,4.0,1024,2048,512,2048,536,1252.545,1407.205,1302.291,0.3216
mixed,128,2,0.0156,4.0,1024,2048,1024,4096,1072,1304.818,1611.282,1396.464,0.299
mixed,128,2,0.0156,4.0,1024,2048,2048,8192,2144,1412.851,2014.311,1581.279,0.28
mixed,128,2,0.0156,4.0,1024,2048,4096,16384,4288,1627.729,2822.948,1932.574,0.2551
mixed,128,2,0.0156,4.0,1024,2048,8192,32768,8576,2054.466,4438.423,2637.447,0.2445
mixed,128,2,0.0156,4.0,1024,8192,128,512,134,2955.008,2999.797,2955.265,0.0057
mixed,128,2,0.0156,4.0,1024,8192,256,1024,268,2964.775,3053.608,2971.781,0.0789
mixed,128,2,0.0156,4.0,1024,8192,512,2048,536,2995.875,3139.686,3047.491,0.3589
mixed,128,2,0.0156,4.0,1024,8192,1024,4096,1072,3044.198,3359.381,3142.565,0.3121
mixed,128,2,0.0156,4.0,1024,8192,2048,8192,2144,3162.037,3757.702,3312.448,0.2525
mixed,128,2,0.0156,4.0,1024,8192,4096,16384,4288,3375.191,4561.894,3675.481,0.253
mixed,128,2,0.0156,4.0,1024,8192,8192,32768,8576,3804.104,6184.682,4381.828,0.2427
mixed,128,2,0.0156,4.0,1024,16384,128,512,134,5263.862,5293.61,5269.834,0.2007
mixed,128,2,0.0156,4.0,1024,16384,256,1024,268,5262.98,5360.614,5282.388,0.1988
mixed,128,2,0.0156,4.0,1024,16384,512,2048,536,5300.503,5440.294,5347.095,0.3333
mixed,128,2,0.0156,4.0,1024,16384,1024,4096,1072,5353.927,5670.149,5439.546,0.2708
mixed,128,2,0.0156,4.0,1024,16384,2048,8192,2144,5467.515,6069.095,5612.186,0.2405
mixed,128,2,0.0156,4.0,1024,16384,4096,16384,4288,5674.505,6866.19,5980.713,0.257
mixed,128,2,0.0156,4.0,1024,16384,8192,32768,8576,6108.954,8478.828,6690.089,0.2452
mixed,128,2,0.0156,4.0,4096,0,128,512,134,2224.739,2269.074,2233.733,0.2029
mixed,128,2,0.0156,4.0,4096,0,256,1024,268,2242.579,2324.82,2247.559,0.0606
mixed,128,2,0.0156,4.0,4096,0,512,2048,536,2276.737,2436.006,2323.171,0.2915
mixed,128,2,0.0156,4.0,4096,0,1024,4096,1072,2327.027,2638.228,2414.98,0.2826
mixed,128,2,0.0156,4.0,4096,0,2048,8192,2144,2437.191,3036.709,2596.136,0.2651
mixed,128,2,0.0156,4.0,4096,0,4096,16384,4288,2655.255,3850.164,2946.485,0.2437
mixed,128,2,0.0156,4.0,4096,0,8192,32768,8576,3084.805,5455.943,3673.621,0.2483
mixed,128,2,0.0156,4.0,4096,512,128,512,134,2864.307,2921.314,2864.69,0.0067
mixed,128,2,0.0156,4.0,4096,512,256,1024,268,2887.512,2966.345,2895.395,0.1
mixed,128,2,0.0156,4.0,4096,512,512,2048,536,2904.629,3075.415,2952.342,0.2794
mixed,128,2,0.0156,4.0,4096,512,1024,4096,1072,2961.448,3267.272,3047.973,0.2829
mixed,128,2,0.0156,4.0,4096,512,2048,8192,2144,3082.024,3685.637,3234.197,0.2521
mixed,128,2,0.0156,4.0,4096,512,4096,16384,4288,3281.266,4494.31,3584.728,0.2502
mixed,128,2,0.0156,4.0,4096,512,8192,32768,8576,3726.424,6098.555,4303.477,0.2433
mixed,128,2,0.0156,4.0,4096,2048,128,512,134,3934.98,3980.332,3941.015,0.1331
mixed,128,2,0.0156,4.0,4096,2048,256,1024,268,3969.43,4045.721,3963.498,-0.0778
mixed,128,2,0.0156,4.0,4096,2048,512,2048,536,3984.883,4131.448,4034.231,0.3367
mixed,128,2,0.0156,4.0,4096,2048,1024,4096,1072,4036.598,4352.039,4137.943,0.3213
mixed,128,2,0.0156,4.0,4096,2048,2048,8192,2144,4148.185,4756.329,4302.141,0.2532
mixed,128,2,0.0156,4.0,4096,2048,4096,16384,4288,4368.133,5568.409,4657.771,0.2413
mixed,128,2,0.0156,4.0,4096,2048,8192,32768,8576,4800.524,7156.622,5376.731,0.2446
mixed,128,2,0.0156,4.0,4096,8192,128,512,134,8240.458,8279.837,8236.415,-0.1027
mixed,128,2,0.0156,4.0,4096,8192,256,1024,268,8260.517,8324.542,8255.28,-0.0818
mixed,128,2,0.0156,4.0,4096,8192,512,2048,536,8294.892,8443.565,8333.294,0.2583
mixed,128,2,0.0156,4.0,4096,8192,1024,4096,1072,8347.533,8639.138,8433.564,0.295
mixed,128,2,0.0156,4.0,4096,8192,2048,8192,2144,8447.119,9044.244,8603.227,0.2614
mixed,128,2,0.0156,4.0,4096,8192,4096,16384,4288,8668.943,9854.128,8949.996,0.2371
mixed,128,2,0.0156,4.0,4096,8192,8192,32768,8576,9117.522,11472.484,9682.564,0.2399
mixed,128,2,0.0156,4.0,4096,16384,128,512,134,13947.113,13991.469,13949.786,0.0602
mixed,128,2,0.0156,4.0,4096,16384,256,1024,268,14058.606,14042.218,14022.565,
mixed,128,2,0.0156,4.0,4096,16384,512,2048,536,14026.601,14148.552,14117.785,0.7477
mixed,128,2,0.0156,4.0,4096,16384,1024,4096,1072,14042.318,14347.05,14131.481,0.2926
mixed,128,2,0.0156,4.0,4096,16384,2048,8192,2144,14167.581,14784.891,14297.008,0.2097
mixed,128,2,0.0156,4.0,4096,16384,4096,16384,4288,14389.96,15582.158,14686.783,0.249
mixed,128,2,0.0156,4.0,4096,16384,8192,32768,8576,14830.565,17187.731,15440.14,0.2586
pure,128,3,0.0234,4.0,0,0,128,512,137,100.032,188.72,171.376,0.8044
pure,128,3,0.0234,4.0,0,0,256,1024,274,159.105,242.703,195.905,0.4402
pure,128,3,0.0234,4.0,0,0,512,2048,548,190.608,348.145,242.304,0.3281
pure,128,3,0.0234,4.0,0,0,1024,4096,1096,247.761,545.921,337.103,0.2996
pure,128,3,0.0234,4.0,0,0,2048,8192,2192,360.225,953.488,516.4,0.2632
pure,128,3,0.0234,4.0,0,0,4096,16384,4384,571.12,1757.81,869.376,0.2513
pure,128,3,0.0234,4.0,0,0,8192,32768,8768,1006.13,3367.269,1585.938,0.2456
mixed,128,3,0.0234,4.0,16,0,128,512,137,134.241,218.0,184.16,0.596
mixed,128,3,0.0234,4.0,16,0,256,1024,274,190.88,259.024,213.249,0.3283
mixed,128,3,0.0234,4.0,16,0,512,2048,548,218.832,369.568,260.352,0.2754
mixed,128,3,0.0234,4.0,16,0,1024,4096,1096,264.817,564.545,358.014,0.3109
mixed,128,3,0.0234,4.0,16,0,2048,8192,2192,379.202,980.176,537.727,0.2638
mixed,128,3,0.0234,4.0,16,0,4096,16384,4384,595.538,1782.931,891.522,0.2493
mixed,128,3,0.0234,4.0,16,0,8192,32768,8768,1027.699,3389.191,1601.603,0.243
mixed,128,3,0.0234,4.0,16,512,128,512,137,187.055,253.328,188.177,0.0169
mixed,128,3,0.0234,4.0,16,512,256,1024,274,214.8,316.269,217.329,0.0249
mixed,128,3,0.0234,4.0,16,512,512,2048,548,254.657,419.074,254.737,0.0005
mixed,128,3,0.0234,4.0,16,512,1024,4096,1096,323.281,615.602,342.799,0.0668
mixed,128,3,0.0234,4.0,16,512,2048,8192,2192,435.856,1003.122,525.571,0.1582
mixed,128,3,0.0234,4.0,16,512,4096,16384,4384,640.817,1784.148,880.723,0.2098
mixed,128,3,0.0234,4.0,16,512,8192,32768,8768,1055.457,3377.445,1590.643,0.2305
mixed,128,3,0.0234,4.0,16,2048,128,512,137,218.351,261.281,219.937,0.0369
mixed,128,3,0.0234,4.0,16,2048,256,1024,274,221.951,347.953,217.344,-0.0366
mixed,128,3,0.0234,4.0,16,2048,512,2048,548,262.286,517.184,266.322,0.0158
mixed,128,3,0.0234,4.0,16,2048,1024,4096,1096,357.936,717.217,352.992,-0.0138
mixed,128,3,0.0234,4.0,16,2048,2048,8192,2192,533.488,1109.986,519.199,-0.0248
mixed,128,3,0.0234,4.0,16,2048,4096,16384,4384,748.559,1889.859,868.561,0.1051
mixed,128,3,0.0234,4.0,16,2048,8192,32768,8768,1168.817,3434.71,1577.508,0.1804
mixed,128,3,0.0234,4.0,16,8192,128,512,137,287.154,320.175,286.72,-0.0132
mixed,128,3,0.0234,4.0,16,8192,256,1024,274,297.47,353.696,295.969,-0.0267
mixed,128,3,0.0234,4.0,16,8192,512,2048,548,324.721,517.294,322.577,-0.0111
mixed,128,3,0.0234,4.0,16,8192,1024,4096,1096,364.707,850.049,426.992,0.1283
mixed,128,3,0.0234,4.0,16,8192,2048,8192,2192,539.33,1518.289,525.968,-0.0136
mixed,128,3,0.0234,4.0,16,8192,4096,16384,4384,881.954,2308.979,852.418,-0.0207
mixed,128,3,0.0234,4.0,16,8192,8192,32768,8768,1582.658,3852.166,1530.58,-0.0229
mixed,128,3,0.0234,4.0,16,16384,128,512,137,348.608,379.682,347.057,-0.0499
mixed,128,3,0.0234,4.0,16,16384,256,1024,274,390.001,446.496,387.28,-0.0482
mixed,128,3,0.0234,4.0,16,16384,512,2048,548,385.695,523.105,382.112,-0.0261
mixed,128,3,0.0234,4.0,16,16384,1024,4096,1096,462.32,851.603,447.569,-0.0379
mixed,128,3,0.0234,4.0,16,16384,2048,8192,2192,545.008,1496.162,673.442,0.135
mixed,128,3,0.0234,4.0,16,16384,4096,16384,4384,897.859,2847.59,864.707,-0.017
mixed,128,3,0.0234,4.0,16,16384,8192,32768,8768,1558.034,4405.319,1507.186,-0.0179
mixed,128,3,0.0234,4.0,64,0,128,512,137,139.727,242.288,195.505,0.5438
mixed,128,3,0.0234,4.0,64,0,256,1024,274,212.752,296.656,215.266,0.03
mixed,128,3,0.0234,4.0,64,0,512,2048,548,243.648,401.024,266.209,0.1434
mixed,128,3,0.0234,4.0,64,0,1024,4096,1096,304.561,599.635,362.322,0.1957
mixed,128,3,0.0234,4.0,64,0,2048,8192,2192,414.288,1009.075,546.994,0.2231
mixed,128,3,0.0234,4.0,64,0,4096,16384,4384,623.985,1820.722,908.514,0.2378
mixed,128,3,0.0234,4.0,64,0,8192,32768,8768,1067.778,3425.206,1636.914,0.2414
mixed,128,3,0.0234,4.0,64,512,128,512,137,245.905,264.993,193.552,-2.7426
mixed,128,3,0.0234,4.0,64,512,256,1024,274,219.041,320.239,238.961,0.1968
mixed,128,3,0.0234,4.0,64,512,512,2048,548,267.68,429.793,265.713,-0.0121
mixed,128,3,0.0234,4.0,64,512,1024,4096,1096,328.674,625.169,336.767,0.0273
mixed,128,3,0.0234,4.0,64,512,2048,8192,2192,441.586,1025.587,520.08,0.1344
mixed,128,3,0.0234,4.0,64,512,4096,16384,4384,651.857,1832.147,879.49,0.1929
mixed,128,3,0.0234,4.0,64,512,8192,32768,8768,1082.034,3429.975,1596.516,0.2191
mixed,128,3,0.0234,4.0,64,2048,128,512,137,306.639,355.281,305.104,-0.0316
mixed,128,3,0.0234,4.0,64,2048,256,1024,274,324.801,348.928,324.224,-0.0239
mixed,128,3,0.0234,4.0,64,2048,512,2048,548,360.481,510.688,399.331,0.2586
mixed,128,3,0.0234,4.0,64,2048,1024,4096,1096,359.328,713.264,427.792,0.1934
mixed,128,3,0.0234,4.0,64,2048,2048,8192,2192,522.913,1111.313,513.184,-0.0165
mixed,128,3,0.0234,4.0,64,2048,4096,16384,4384,743.265,1909.556,845.842,0.088
mixed,128,3,0.0234,4.0,64,2048,8192,32768,8768,1168.913,3496.518,1571.154,0.1728
mixed,128,3,0.0234,4.0,64,8192,128,512,137,542.802,586.481,544.256,0.0333
mixed,128,3,0.0234,4.0,64,8192,256,1024,274,560.577,641.44,558.545,-0.0251
mixed,128,3,0.0234,4.0,64,8192,512,2048,548,590.417,737.649,589.553,-0.0059
mixed,128,3,0.0234,4.0,64,8192,1024,4096,1096,648.576,832.611,646.787,-0.0097
mixed,128,3,0.0234,4.0,64,8192,2048,8192,2192,753.441,1464.692,907.297,0.2163
mixed,128,3,0.0234,4.0,64,8192,4096,16384,4384,880.562,2281.588,1143.778,0.1879
mixed,128,3,0.0234,4.0,64,8192,8192,32768,8768,1527.156,3882.197,1464.227,-0.0267
mixed,128,3,0.0234,4.0,64,16384,128,512,137,851.042,894.659,850.751,-0.0067
mixed,128,3,0.0234,4.0,64,16384,256,1024,274,864.96,948.722,865.347,0.0046
mixed,128,3,0.0234,4.0,64,16384,512,2048,548,900.079,1045.728,895.587,-0.0308
mixed,128,3,0.0234,4.0,64,16384,1024,4096,1096,956.114,1249.856,952.051,-0.0138
mixed,128,3,0.0234,4.0,64,16384,2048,8192,2192,1061.842,1463.202,1056.896,-0.0123
mixed,128,3,0.0234,4.0,64,16384,4096,16384,4384,1281.619,2730.677,1562.754,0.194
mixed,128,3,0.0234,4.0,64,16384,8192,32768,8768,1554.308,4338.439,2080.915,0.1891
mixed,128,3,0.0234,4.0,256,0,128,512,137,215.966,258.654,215.488,-0.0112
mixed,128,3,0.0234,4.0,256,0,256,1024,274,230.159,316.385,231.28,0.013
mixed,128,3,0.0234,4.0,256,0,512,2048,548,260.336,418.177,317.793,0.364
mixed,128,3,0.0234,4.0,256,0,1024,4096,1096,323.072,615.457,494.914,0.5877
mixed,128,3,0.0234,4.0,256,0,2048,8192,2192,432.049,1017.567,831.875,0.6829
mixed,128,3,0.0234,4.0,256,0,4096,16384,4384,642.531,1832.993,1500.851,0.721
mixed,128,3,0.0234,4.0,256,0,8192,32768,8768,1071.712,3488.357,2841.638,0.7324
mixed,128,3,0.0234,4.0,256,512,128,512,137,293.056,342.063,293.024,-0.0007
mixed,128,3,0.0234,4.0,256,512,256,1024,274,311.056,398.704,309.809,-0.0142
mixed,128,3,0.0234,4.0,256,512,512,2048,548,344.384,498.32,392.352,0.3116
mixed,128,3,0.0234,4.0,256,512,1024,4096,1096,401.17,697.872,560.897,0.5383
mixed,128,3,0.0234,4.0,256,512,2048,8192,2192,512.383,1098.755,895.154,0.6528
mixed,128,3,0.0234,4.0,256,512,4096,16384,4384,728.066,1902.26,1554.835,0.7041
mixed,128,3,0.0234,4.0,256,512,8192,32768,8768,1151.44,3520.343,2866.918,0.7242
mixed,128,3,0.0234,4.0,256,2048,128,512,137,526.785,569.617,526.207,-0.0135
mixed,128,3,0.0234,4.0,256,2048,256,1024,274,543.247,621.648,542.896,-0.0045
mixed,128,3,0.0234,4.0,256,2048,512,2048,548,572.865,719.456,570.287,-0.0176
mixed,128,3,0.0234,4.0,256,2048,1024,4096,1096,624.753,922.209,676.129,0.1727
mixed,128,3,0.0234,4.0,256,2048,2048,8192,2192,732.898,1327.443,1003.457,0.4551
mixed,128,3,0.0234,4.0,256,2048,4096,16384,4384,950.769,2133.124,1670.324,0.6086
mixed,128,3,0.0234,4.0,256,2048,8192,32768,8768,1380.066,3741.943,2993.781,0.6832
mixed,128,3,0.0234,4.0,256,8192,128,512,137,1411.601,1471.012,1410.801,-0.0135
mixed,128,3,0.0234,4.0,256,8192,256,1024,274,1446.1,1515.843,1443.842,-0.0324
mixed,128,3,0.0234,4.0,256,8192,512,2048,548,1470.625,1606.835,1471.807,0.0087
mixed,128,3,0.0234,4.0,256,8192,1024,4096,1096,1522.545,1815.075,1518.835,-0.0127
mixed,128,3,0.0234,4.0,256,8192,2048,8192,2192,1623.139,2197.477,1616.852,-0.0109
mixed,128,3,0.0234,4.0,256,8192,4096,16384,4384,1837.809,2997.653,2116.065,0.2399
mixed,128,3,0.0234,4.0,256,8192,8192,32768,8768,2261.473,4599.319,3440.39,0.5043
mixed,128,3,0.0234,4.0,256,16384,128,512,137,2633.474,2635.922,2630.884,-1.058
mixed,128,3,0.0234,4.0,256,16384,256,1024,274,2630.547,2726.804,2637.651,0.0738
mixed,128,3,0.0234,4.0,256,16384,512,2048,548,2641.446,2831.219,2632.916,-0.0449
mixed,128,3,0.0234,4.0,256,16384,1024,4096,1096,2731.318,3000.134,2728.709,-0.0097
mixed,128,3,0.0234,4.0,256,16384,2048,8192,2192,2823.494,3382.022,2818.195,-0.0095
mixed,128,3,0.0234,4.0,256,16384,4096,16384,4384,3020.754,4179.575,3032.952,0.0105
mixed,128,3,0.0234,4.0,256,16384,8192,32768,8768,3452.437,5758.987,4005.593,0.2398
mixed,128,3,0.0234,4.0,1024,0,128,512,137,505.649,551.406,528.176,0.4923
mixed,128,3,0.0234,4.0,1024,0,256,1024,274,520.045,605.986,555.024,0.407
mixed,128,3,0.0234,4.0,1024,0,512,2048,548,552.004,707.154,599.839,0.3083
mixed,128,3,0.0234,4.0,1024,0,1024,4096,1096,611.281,904.162,697.775,0.2953
mixed,128,3,0.0234,4.0,1024,0,2048,8192,2192,722.626,1318.723,878.929,0.2622
mixed,128,3,0.0234,4.0,1024,0,4096,16384,4384,934.737,2121.923,1234.065,0.2521
mixed,128,3,0.0234,4.0,1024,0,8192,32768,8768,1377.123,3733.957,1945.843,0.2413
mixed,128,3,0.0234,4.0,1024,512,128,512,137,765.814,808.543,786.062,0.4739
mixed,128,3,0.0234,4.0,1024,512,256,1024,274,780.605,859.632,812.192,0.3997
mixed,128,3,0.0234,4.0,1024,512,512,2048,548,806.24,964.454,858.672,0.3314
mixed,128,3,0.0234,4.0,1024,512,1024,4096,1096,864.884,1167.3,952.045,0.2882
mixed,128,3,0.0234,4.0,1024,512,2048,8192,2192,978.687,1588.996,1131.602,0.2506
mixed,128,3,0.0234,4.0,1024,512,4096,16384,4384,1188.175,2424.564,1485.571,0.2405
mixed,128,3,0.0234,4.0,1024,512,8192,32768,8768,1642.769,4042.984,2216.982,0.2392
mixed,128,3,0.0234,4.0,1024,2048,128,512,137,1210.066,1252.197,1231.729,0.5142
mixed,128,3,0.0234,4.0,1024,2048,256,1024,274,1224.197,1304.319,1253.47,0.3653
mixed,128,3,0.0234,4.0,1024,2048,512,2048,548,1253.732,1407.698,1303.665,0.3243
mixed,128,3,0.0234,4.0,1024,2048,1024,4096,1096,1306.981,1610.608,1395.685,0.2921
mixed,128,3,0.0234,4.0,1024,2048,2048,8192,2192,1419.84,2014.372,1576.146,0.2629
mixed,128,3,0.0234,4.0,1024,2048,4096,16384,4384,1633.037,2821.635,1933.095,0.2524
mixed,128,3,0.0234,4.0,1024,2048,8192,32768,8768,2064.546,4432.053,2647.721,0.2463
mixed,128,3,0.0234,4.0,1024,8192,128,512,137,2955.986,2993.776,2981.427,0.6732
mixed,128,3,0.0234,4.0,1024,8192,256,1024,274,2972.521,3046.453,3001.271,0.3889
mixed,128,3,0.0234,4.0,1024,8192,512,2048,548,2999.859,3152.15,3054.581,0.3593
mixed,128,3,0.0234,4.0,1024,8192,1024,4096,1096,3056.61,3356.659,3141.591,0.2832
mixed,128,3,0.0234,4.0,1024,8192,2048,8192,2192,3160.616,3759.848,3320.624,0.267
mixed,128,3,0.0234,4.0,1024,8192,4096,16384,4384,3387.64,4566.245,3678.79,0.247
mixed,128,3,0.0234,4.0,1024,8192,8192,32768,8768,3815.704,6188.393,4400.954,0.2467
mixed,128,3,0.0234,4.0,1024,16384,128,512,137,5252.074,5311.528,5272.664,0.3463
mixed,128,3,0.0234,4.0,1024,16384,256,1024,274,5276.458,5348.233,5313.878,0.5213
mixed,128,3,0.0234,4.0,1024,16384,512,2048,548,5311.627,5463.305,5353.913,0.2788
mixed,128,3,0.0234,4.0,1024,16384,1024,4096,1096,5369.037,5660.106,5438.249,0.2378
mixed,128,3,0.0234,4.0,1024,16384,2048,8192,2192,5472.905,6065.933,5621.544,0.2506
mixed,128,3,0.0234,4.0,1024,16384,4096,16384,4384,5687.193,6876.331,5982.09,0.248
mixed,128,3,0.0234,4.0,1024,16384,8192,32768,8768,6130.682,8481.186,6693.017,0.2392
mixed,128,3,0.0234,4.0,4096,0,128,512,137,2226.019,2272.757,2250.596,0.5259
mixed,128,3,0.0234,4.0,4096,0,256,1024,274,2238.628,2333.411,2274.229,0.3756
mixed,128,3,0.0234,4.0,4096,0,512,2048,548,2277.041,2427.715,2324.723,0.3165
mixed,128,3,0.0234,4.0,4096,0,1024,4096,1096,2331.7,2636.805,2420.643,0.2915
mixed,128,3,0.0234,4.0,4096,0,2048,8192,2192,2439.107,3041.284,2598.596,0.2649
mixed,128,3,0.0234,4.0,4096,0,4096,16384,4384,2658.93,3849.462,2953.523,0.2474
mixed,128,3,0.0234,4.0,4096,0,8192,32768,8768,3094.357,5458.457,3665.189,0.2415
mixed,128,3,0.0234,4.0,4096,512,128,512,137,2867.973,2907.829,2887.013,0.4777
mixed,128,3,0.0234,4.0,4096,512,256,1024,274,2879.186,2957.077,2916.149,0.4745
mixed,128,3,0.0234,4.0,4096,512,512,2048,548,2908.15,3064.548,2967.319,0.3783
mixed,128,3,0.0234,4.0,4096,512,1024,4096,1096,2964.421,3268.73,3060.471,0.3156
mixed,128,3,0.0234,4.0,4096,512,2048,8192,2192,3073.7,3683.271,3227.836,0.2529
mixed,128,3,0.0234,4.0,4096,512,4096,16384,4384,3300.069,4493.881,3589.889,0.2428
mixed,128,3,0.0234,4.0,4096,512,8192,32768,8768,3733.51,6104.825,4313.382,0.2445
mixed,128,3,0.0234,4.0,4096,2048,128,512,137,3948.773,3983.492,3976.02,0.7848
mixed,128,3,0.0234,4.0,4096,2048,256,1024,274,3954.744,4042.713,3992.47,0.4288
mixed,128,3,0.0234,4.0,4096,2048,512,2048,548,3983.254,4142.63,4053.796,0.4426
mixed,128,3,0.0234,4.0,4096,2048,1024,4096,1096,4036.329,4341.078,4124.261,0.2885
mixed,128,3,0.0234,4.0,4096,2048,2048,8192,2192,4148.083,4752.828,4302.31,0.255
mixed,128,3,0.0234,4.0,4096,2048,4096,16384,4384,4372.649,5562.284,4680.122,0.2585
mixed,128,3,0.0234,4.0,4096,2048,8192,32768,8768,4808.567,7167.659,5375.416,0.2403
mixed,128,3,0.0234,4.0,4096,8192,128,512,137,8233.042,8287.806,8279.425,0.847
mixed,128,3,0.0234,4.0,4096,8192,256,1024,274,8245.581,8323.263,8286.526,0.5271
mixed,128,3,0.0234,4.0,4096,8192,512,2048,548,8273.711,8440.288,8324.88,0.3072
mixed,128,3,0.0234,4.0,4096,8192,1024,4096,1096,8342.612,8660.945,8424.524,0.2573
mixed,128,3,0.0234,4.0,4096,8192,2048,8192,2192,8444.227,9055.314,8607.278,0.2668
mixed,128,3,0.0234,4.0,4096,8192,4096,16384,4384,8669.729,9866.703,8987.328,0.2653
mixed,128,3,0.0234,4.0,4096,8192,8192,32768,8768,9107.043,11478.642,9684.801,0.2436
mixed,128,3,0.0234,4.0,4096,16384,128,512,137,14030.969,14022.574,13996.582,
mixed,128,3,0.0234,4.0,4096,16384,256,1024,274,13958.042,14056.911,14024.391,0.6711
mixed,128,3,0.0234,4.0,4096,16384,512,2048,548,14011.061,14160.095,14059.181,0.3229
mixed,128,3,0.0234,4.0,4096,16384,1024,4096,1096,14086.586,14355.049,14156.074,0.2588
mixed,128,3,0.0234,4.0,4096,16384,2048,8192,2192,14165.579,14756.904,14324.241,0.2683
mixed,128,3,0.0234,4.0,4096,16384,4096,16384,4384,14379.581,15589.567,14688.427,0.2552
mixed,128,3,0.0234,4.0,4096,16384,8192,32768,8768,14809.921,17188.751,15387.407,0.2428
pure,128,4,0.0312,4.0,0,0,128,512,140,101.329,188.24,170.978,0.8014
pure,128,4,0.0312,4.0,0,0,256,1024,280,158.497,243.072,194.286,0.4232
pure,128,4,0.0312,4.0,0,0,512,2048,560,190.495,345.519,241.904,0.3316
pure,128,4,0.0312,4.0,0,0,1024,4096,1120,250.544,547.186,336.416,0.2895
pure,128,4,0.0312,4.0,0,0,2048,8192,2240,367.825,949.715,516.497,0.2555
pure,128,4,0.0312,4.0,0,0,4096,16384,4480,580.403,1762.194,872.836,0.2474
pure,128,4,0.0312,4.0,0,0,8192,32768,8960,1025.409,3358.918,1588.098,0.2411
mixed,128,4,0.0312,4.0,16,0,128,512,140,133.376,219.57,187.761,0.631
mixed,128,4,0.0312,4.0,16,0,256,1024,280,191.406,258.608,212.817,0.3186
mixed,128,4,0.0312,4.0,16,0,512,2048,560,219.728,368.08,259.168,0.2658
mixed,128,4,0.0312,4.0,16,0,1024,4096,1120,270.066,567.009,356.784,0.292
mixed,128,4,0.0312,4.0,16,0,2048,8192,2240,386.352,977.969,539.008,0.258
mixed,128,4,0.0312,4.0,16,0,4096,16384,4480,602.706,1779.203,892.369,0.2462
mixed,128,4,0.0312,4.0,16,0,8192,32768,8960,1046.193,3399.751,1601.538,0.236
mixed,128,4,0.0312,4.0,16,512,128,512,140,186.688,252.497,188.288,0.0243
mixed,128,4,0.0312,4.0,16,512,256,1024,280,216.496,316.176,216.767,0.0027
mixed,128,4,0.0312,4.0,16,512,512,2048,560,255.088,422.161,255.215,0.0008
mixed,128,4,0.0312,4.0,16,512,1024,4096,1120,328.224,614.352,345.376,0.0599
mixed,128,4,0.0312,4.0,16,512,2048,8192,2240,435.825,1002.402,528.611,0.1638
mixed,128,4,0.0312,4.0,16,512,4096,16384,4480,653.313,1782.068,882.144,0.2027
mixed,128,4,0.0312,4.0,16,512,8192,32768,8960,1073.281,3375.798,1592.019,0.2253
mixed,128,4,0.0312,4.0,16,2048,128,512,140,217.089,260.529,221.055,0.0913
mixed,128,4,0.0312,4.0,16,2048,256,1024,280,222.063,348.433,218.897,-0.025
mixed,128,4,0.0312,4.0,16,2048,512,2048,560,264.064,514.593,265.791,0.0069
mixed,128,4,0.0312,4.0,16,2048,1024,4096,1120,360.031,718.241,354.145,-0.0164
mixed,128,4,0.0312,4.0,16,2048,2048,8192,2240,541.729,1115.284,519.055,-0.0395
mixed,128,4,0.0312,4.0,16,2048,4096,16384,4480,760.194,1889.972,866.641,0.0942
mixed,128,4,0.0312,4.0,16,2048,8192,32768,8960,1182.259,3433.366,1579.828,0.1766
mixed,128,4,0.0312,4.0,16,8192,128,512,140,286.8,322.306,286.784,-0.0005
mixed,128,4,0.0312,4.0,16,8192,256,1024,280,298.48,353.809,295.729,-0.0497
mixed,128,4,0.0312,4.0,16,8192,512,2048,560,323.73,519.537,323.824,0.0005
mixed,128,4,0.0312,4.0,16,8192,1024,4096,1120,366.111,845.972,428.064,0.1291
mixed,128,4,0.0312,4.0,16,8192,2048,8192,2240,550.449,1519.427,527.106,-0.0241
mixed,128,4,0.0312,4.0,16,8192,4096,16384,4480,895.057,2313.54,854.706,-0.0284
mixed,128,4,0.0312,4.0,16,8192,8192,32768,8960,1596.178,3848.069,1531.01,-0.0289
mixed,128,4,0.0312,4.0,16,16384,128,512,140,348.034,380.833,348.16,0.0038
mixed,128,4,0.0312,4.0,16,16384,256,1024,280,388.514,447.391,388.832,0.0054
mixed,128,4,0.0312,4.0,16,16384,512,2048,560,386.481,522.207,382.096,-0.0323
mixed,128,4,0.0312,4.0,16,16384,1024,4096,1120,463.776,852.736,450.081,-0.0352
mixed,128,4,0.0312,4.0,16,16384,2048,8192,2240,555.777,1505.265,673.137,0.1236
mixed,128,4,0.0312,4.0,16,16384,4096,16384,4480,914.963,2846.964,867.298,-0.0247
mixed,128,4,0.0312,4.0,16,16384,8192,32768,8960,1573.251,4406.743,1511.252,-0.0219
mixed,128,4,0.0312,4.0,64,0,128,512,140,140.222,242.641,196.72,0.5516
mixed,128,4,0.0312,4.0,64,0,256,1024,280,213.919,297.201,215.921,0.024
mixed,128,4,0.0312,4.0,64,0,512,2048,560,246.082,402.526,268.224,0.1415
mixed,128,4,0.0312,4.0,64,0,1024,4096,1120,305.265,601.63,367.52,0.2101
mixed,128,4,0.0312,4.0,64,0,2048,8192,2240,421.267,1011.313,550.449,0.2189
mixed,128,4,0.0312,4.0,64,0,4096,16384,4480,636.223,1820.498,903.954,0.2261
mixed,128,4,0.0312,4.0,64,0,8192,32768,8960,1089.297,3424.71,1621.955,0.2281
mixed,128,4,0.0312,4.0,64,512,128,512,140,247.839,265.328,194.755,-3.0354
mixed,128,4,0.0312,4.0,64,512,256,1024,280,218.416,320.608,238.625,0.1978
mixed,128,4,0.0312,4.0,64,512,512,2048,560,266.768,426.673,267.312,0.0034
mixed,128,4,0.0312,4.0,64,512,1024,4096,1120,331.25,626.387,339.088,0.0266
mixed,128,4,0.0312,4.0,64,512,2048,8192,2240,445.924,1026.45,524.239,0.1349
mixed,128,4,0.0312,4.0,64,512,4096,16384,4480,660.755,1830.34,881.264,0.1885
mixed,128,4,0.0312,4.0,64,512,8192,32768,8960,1097.344,3433.605,1608.291,0.2187
mixed,128,4,0.0312,4.0,64,2048,128,512,140,307.137,355.456,305.074,-0.0427
mixed,128,4,0.0312,4.0,64,2048,256,1024,280,326.017,348.065,325.33,-0.0311
mixed,128,4,0.0312,4.0,64,2048,512,2048,560,362.817,509.76,400.064,0.2535
mixed,128,4,0.0312,4.0,64,2048,1024,4096,1120,359.793,712.625,428.127,0.1937
mixed,128,4,0.0312,4.0,64,2048,2048,8192,2240,528.592,1112.098,513.554,-0.0258
mixed,128,4,0.0312,4.0,64,2048,4096,16384,4480,747.76,1914.612,849.107,0.0869
mixed,128,4,0.0312,4.0,64,2048,8192,32768,8960,1186.1,3502.917,1580.304,0.1701
mixed,128,4,0.0312,4.0,64,8192,128,512,140,546.112,588.065,545.009,-0.0263
mixed,128,4,0.0312,4.0,64,8192,256,1024,280,559.2,639.472,557.856,-0.0167
mixed,128,4,0.0312,4.0,64,8192,512,2048,560,591.919,740.174,589.342,-0.0174
mixed,128,4,0.0312,4.0,64,8192,1024,4096,1120,650.865,831.663,648.751,-0.0117
mixed,128,4,0.0312,4.0,64,8192,2048,8192,2240,759.008,1463.52,907.601,0.2109
mixed,128,4,0.0312,4.0,64,8192,4096,16384,4480,893.664,2281.713,1140.544,0.1779
mixed,128,4,0.0312,4.0,64,8192,8192,32768,8960,1543.855,3888.115,1467.041,-0.0328
mixed,128,4,0.0312,4.0,64,16384,128,512,140,852.049,894.0,850.48,-0.0374
mixed,128,4,0.0312,4.0,64,16384,256,1024,280,865.348,950.895,867.761,0.0282
mixed,128,4,0.0312,4.0,64,16384,512,2048,560,898.913,1051.633,897.887,-0.0067
mixed,128,4,0.0312,4.0,64,16384,1024,4096,1120,959.905,1246.624,955.313,-0.016
mixed,128,4,0.0312,4.0,64,16384,2048,8192,2240,1067.168,1463.568,1063.28,-0.0098
mixed,128,4,0.0312,4.0,64,16384,4096,16384,4480,1280.656,2728.368,1574.624,0.2031
mixed,128,4,0.0312,4.0,64,16384,8192,32768,8960,1588.784,4338.322,2084.514,0.1803
mixed,128,4,0.0312,4.0,256,0,128,512,140,216.19,258.718,215.647,-0.0128
mixed,128,4,0.0312,4.0,256,0,256,1024,280,230.175,314.242,231.649,0.0175
mixed,128,4,0.0312,4.0,256,0,512,2048,560,263.584,418.448,317.904,0.3508
mixed,128,4,0.0312,4.0,256,0,1024,4096,1120,324.626,615.874,496.078,0.5887
mixed,128,4,0.0312,4.0,256,0,2048,8192,2240,438.418,1017.811,833.649,0.6821
mixed,128,4,0.0312,4.0,256,0,4096,16384,4480,652.722,1832.194,1500.593,0.7189
mixed,128,4,0.0312,4.0,256,0,8192,32768,8960,1089.474,3485.99,2829.749,0.7262
mixed,128,4,0.0312,4.0,256,512,128,512,140,293.152,340.29,291.918,-0.0262
mixed,128,4,0.0312,4.0,256,512,256,1024,280,312.848,392.817,309.711,-0.0392
mixed,128,4,0.0312,4.0,256,512,512,2048,560,346.018,498.016,392.257,0.3042
mixed,128,4,0.0312,4.0,256,512,1024,4096,1120,403.218,701.025,562.497,0.5348
mixed,128,4,0.0312,4.0,256,512,2048,8192,2240,512.802,1100.163,900.111,0.6594
mixed,128,4,0.0312,4.0,256,512,4096,16384,4480,732.178,1896.386,1554.564,0.7064
mixed,128,4,0.0312,4.0,256,512,8192,32768,8960,1171.874,3502.628,2887.061,0.7359
mixed,128,4,0.0312,4.0,256,2048,128,512,140,529.633,569.408,524.625,-0.1259
mixed,128,4,0.0312,4.0,256,2048,256,1024,280,545.905,620.671,541.969,-0.0526
mixed,128,4,0.0312,4.0,256,2048,512,2048,560,574.687,719.377,573.539,-0.0079
mixed,128,4,0.0312,4.0,256,2048,1024,4096,1120,627.985,927.09,679.472,0.1721
mixed,128,4,0.0312,4.0,256,2048,2048,8192,2240,736.529,1327.154,1007.78,0.4593
mixed,128,4,0.0312,4.0,256,2048,4096,16384,4480,956.466,2133.65,1677.301,0.6123
mixed,128,4,0.0312,4.0,256,2048,8192,32768,8960,1397.907,3734.695,3003.366,0.687
mixed,128,4,0.0312,4.0,256,8192,128,512,140,1422.226,1468.131,1411.811,-0.2269
mixed,128,4,0.0312,4.0,256,8192,256,1024,280,1442.481,1517.571,1443.137,0.0087
mixed,128,4,0.0312,4.0,256,8192,512,2048,560,1472.02,1610.099,1470.563,-0.0106
mixed,128,4,0.0312,4.0,256,8192,1024,4096,1120,1522.066,1807.426,1518.291,-0.0132
mixed,128,4,0.0312,4.0,256,8192,2048,8192,2240,1625.795,2198.851,1617.555,-0.0144
mixed,128,4,0.0312,4.0,256,8192,4096,16384,4480,1837.794,3007.174,2114.818,0.2369
mixed,128,4,0.0312,4.0,256,8192,8192,32768,8960,2279.282,4605.992,3434.676,0.4966
mixed,128,4,0.0312,4.0,256,16384,128,512,140,2640.099,2642.852,2629.587,-3.8175
mixed,128,4,0.0312,4.0,256,16384,256,1024,280,2631.142,2724.883,2630.962,-0.0019
mixed,128,4,0.0312,4.0,256,16384,512,2048,560,2634.916,2827.573,2632.164,-0.0143
mixed,128,4,0.0312,4.0,256,16384,1024,4096,1120,2733.844,2999.845,2730.69,-0.0119
mixed,128,4,0.0312,4.0,256,16384,2048,8192,2240,2830.996,3385.668,2816.5,-0.0261
mixed,128,4,0.0312,4.0,256,16384,4096,16384,4480,3045.588,4176.007,3024.854,-0.0183
mixed,128,4,0.0312,4.0,256,16384,8192,32768,8960,3454.037,5768.216,4017.508,0.2435
mixed,128,4,0.0312,4.0,1024,0,128,512,140,506.659,551.249,532.704,0.5841
mixed,128,4,0.0312,4.0,1024,0,256,1024,280,520.112,605.938,556.578,0.4249
mixed,128,4,0.0312,4.0,1024,0,512,2048,560,552.514,706.224,600.45,0.3119
mixed,128,4,0.0312,4.0,1024,0,1024,4096,1120,612.591,910.02,698.051,0.2873
mixed,128,4,0.0312,4.0,1024,0,2048,8192,2240,728.178,1318.081,881.987,0.2607
mixed,128,4,0.0312,4.0,1024,0,4096,16384,4480,942.578,2120.931,1235.876,0.2489
mixed,128,4,0.0312,4.0,1024,0,8192,32768,8960,1392.8,3743.462,1949.332,0.2368
mixed,128,4,0.0312,4.0,1024,512,128,512,140,763.041,806.288,791.14,0.6497
mixed,128,4,0.0312,4.0,1024,512,256,1024,280,783.005,860.194,813.217,0.3914
mixed,128,4,0.0312,4.0,1024,512,512,2048,560,810.416,963.328,858.24,0.3128
mixed,128,4,0.0312,4.0,1024,512,1024,4096,1120,867.697,1162.835,953.374,0.2903
mixed,128,4,0.0312,4.0,1024,512,2048,8192,2240,982.993,1587.359,1136.709,0.2543
mixed,128,4,0.0312,4.0,1024,512,4096,16384,4480,1201.572,2431.079,1493.007,0.237
mixed,128,4,0.0312,4.0,1024,512,8192,32768,8960,1663.234,4044.633,2216.546,0.2323
mixed,128,4,0.0312,4.0,1024,2048,128,512,140,1209.652,1249.968,1234.054,0.6053
mixed,128,4,0.0312,4.0,1024,2048,256,1024,280,1223.027,1307.938,1259.251,0.4266
mixed,128,4,0.0312,4.0,1024,2048,512,2048,560,1250.703,1415.506,1308.243,0.3491
mixed,128,4,0.0312,4.0,1024,2048,1024,4096,1120,1313.198,1608.657,1399.666,0.2927
mixed,128,4,0.0312,4.0,1024,2048,2048,8192,2240,1427.523,2017.043,1580.72,0.2599
mixed,128,4,0.0312,4.0,1024,2048,4096,16384,4480,1646.302,2822.174,1935.923,0.2463
mixed,128,4,0.0312,4.0,1024,2048,8192,32768,8960,2092.206,4434.017,2649.968,0.2382
mixed,128,4,0.0312,4.0,1024,8192,128,512,140,2954.448,2996.225,2975.615,0.5067
mixed,128,4,0.0312,4.0,1024,8192,256,1024,280,2963.71,3049.918,3001.345,0.4366
mixed,128,4,0.0312,4.0,1024,8192,512,2048,560,2998.033,3160.964,3046.847,0.2996
mixed,128,4,0.0312,4.0,1024,8192,1024,4096,1120,3066.144,3363.842,3142.05,0.255
mixed,128,4,0.0312,4.0,1024,8192,2048,8192,2240,3176.32,3768.066,3323.327,0.2484
mixed,128,4,0.0312,4.0,1024,8192,4096,16384,4480,3389.391,4572.082,3682.096,0.2475
mixed,128,4,0.0312,4.0,1024,8192,8192,32768,8960,3833.088,6184.955,4394.898,0.2389
mixed,128,4,0.0312,4.0,1024,16384,128,512,140,5256.178,5311.904,5296.078,0.716
mixed,128,4,0.0312,4.0,1024,16384,256,1024,280,5269.037,5360.031,5297.44,0.3121
mixed,128,4,0.0312,4.0,1024,16384,512,2048,560,5296.521,5454.814,5352.469,0.3534
mixed,128,4,0.0312,4.0,1024,16384,1024,4096,1120,5354.553,5658.792,5446.599,0.3025
mixed,128,4,0.0312,4.0,1024,16384,2048,8192,2240,5470.325,6057.334,5623.131,0.2603
mixed,128,4,0.0312,4.0,1024,16384,4096,16384,4480,5690.939,6868.121,5981.977,0.2472
mixed,128,4,0.0312,4.0,1024,16384,8192,32768,8960,6146.861,8471.646,6697.545,0.2369
mixed,128,4,0.0312,4.0,4096,0,128,512,140,2225.556,2272.931,2257.36,0.6713
mixed,128,4,0.0312,4.0,4096,0,256,1024,280,2237.573,2325.332,2283.538,0.5238
mixed,128,4,0.0312,4.0,4096,0,512,2048,560,2275.762,2427.398,2329.555,0.3548
mixed,128,4,0.0312,4.0,4096,0,1024,4096,1120,2332.069,2639.154,2415.399,0.2714
mixed,128,4,0.0312,4.0,4096,0,2048,8192,2240,2447.17,3050.771,2597.988,0.2499
mixed,128,4,0.0312,4.0,4096,0,4096,16384,4480,2670.243,3854.517,2952.374,0.2382
mixed,128,4,0.0312,4.0,4096,0,8192,32768,8960,3120.101,5457.321,3672.039,0.2362
mixed,128,4,0.0312,4.0,4096,512,128,512,140,2858.576,2908.069,2888.467,0.6039
mixed,128,4,0.0312,4.0,4096,512,256,1024,280,2885.411,2961.015,2921.526,0.4777
mixed,128,4,0.0312,4.0,4096,512,512,2048,560,2906.565,3059.176,2959.519,0.347
mixed,128,4,0.0312,4.0,4096,512,1024,4096,1120,2968.165,3269.266,3050.36,0.273
mixed,128,4,0.0312,4.0,4096,512,2048,8192,2240,3093.925,3679.302,3234.819,0.2407
mixed,128,4,0.0312,4.0,4096,512,4096,16384,4480,3315.078,4490.423,3596.856,0.2397
mixed,128,4,0.0312,4.0,4096,512,8192,32768,8960,3762.089,6095.933,4320.183,0.2391
mixed,128,4,0.0312,4.0,4096,2048,128,512,140,3947.257,3994.675,3956.631,0.1977
mixed,128,4,0.0312,4.0,4096,2048,256,1024,280,3958.05,4034.962,3986.128,0.3651
mixed,128,4,0.0312,4.0,4096,2048,512,2048,560,3985.026,4139.405,4043.331,0.3777
mixed,128,4,0.0312,4.0,4096,2048,1024,4096,1120,4045.436,4338.591,4125.016,0.2715
mixed,128,4,0.0312,4.0,4096,2048,2048,8192,2240,4171.695,4750.898,4304.432,0.2292
mixed,128,4,0.0312,4.0,4096,2048,4096,16384,4480,4377.648,5556.64,4660.957,0.2403
mixed,128,4,0.0312,4.0,4096,2048,8192,32768,8960,4822.206,7167.074,5390.657,0.2424
mixed,128,4,0.0312,4.0,4096,8192,128,512,140,8236.418,8304.36,8262.162,0.3789
mixed,128,4,0.0312,4.0,4096,8192,256,1024,280,8279.121,8327.489,8278.516,-0.0125
mixed,128,4,0.0312,4.0,4096,8192,512,2048,560,8278.662,8438.721,8329.923,0.3203
mixed,128,4,0.0312,4.0,4096,8192,1024,4096,1120,8345.751,8647.643,8415.854,0.2322
mixed,128,4,0.0312,4.0,4096,8192,2048,8192,2240,8467.483,9077.244,8598.922,0.2156
mixed,128,4,0.0312,4.0,4096,8192,4096,16384,4480,8676.876,9859.566,8951.192,0.2319
mixed,128,4,0.0312,4.0,4096,8192,8192,32768,8960,9116.319,11487.634,9667.233,0.2323
mixed,128,4,0.0312,4.0,4096,16384,128,512,140,13968.74,13998.387,14067.636,3.3358
mixed,128,4,0.0312,4.0,4096,16384,256,1024,280,13967.462,14073.779,14093.029,1.1811
mixed,128,4,0.0312,4.0,4096,16384,512,2048,560,13999.258,14150.422,14033.029,0.2234
mixed,128,4,0.0312,4.0,4096,16384,1024,4096,1120,14082.932,14385.335,14131.857,0.1618
mixed,128,4,0.0312,4.0,4096,16384,2048,8192,2240,14187.126,14751.254,14316.464,0.2293
mixed,128,4,0.0312,4.0,4096,16384,4096,16384,4480,14400.357,15589.318,14673.48,0.2297
mixed,128,4,0.0312,4.0,4096,16384,8192,32768,8960,14843.058,17191.159,15410.873,0.2418
pure,128,8,0.0625,4.0,0,0,128,512,152,100.08,187.633,175.249,0.8585
pure,128,8,0.0625,4.0,0,0,256,1024,304,161.072,240.16,199.023,0.4799
pure,128,8,0.0625,4.0,0,0,512,2048,608,198.993,346.578,244.673,0.3095
pure,128,8,0.0625,4.0,0,0,1024,4096,1216,261.263,547.519,341.136,0.279
pure,128,8,0.0625,4.0,0,0,2048,8192,2432,384.353,949.633,524.609,0.2481
pure,128,8,0.0625,4.0,0,0,4096,16384,4864,618.928,1761.986,882.576,0.2307
pure,128,8,0.0625,4.0,0,0,8192,32768,9728,1101.044,3365.157,1592.5,0.2171
mixed,128,8,0.0625,4.0,16,0,128,512,152,134.671,219.136,193.009,0.6907
mixed,128,8,0.0625,4.0,16,0,256,1024,304,193.92,260.91,219.648,0.384
mixed,128,8,0.0625,4.0,16,0,512,2048,608,225.454,369.664,264.689,0.2721
mixed,128,8,0.0625,4.0,16,0,1024,4096,1216,280.127,566.562,361.216,0.2831
mixed,128,8,0.0625,4.0,16,0,2048,8192,2432,404.209,975.536,544.912,0.2463
mixed,128,8,0.0625,4.0,16,0,4096,16384,4864,638.833,1782.068,897.104,0.2259
mixed,128,8,0.0625,4.0,16,0,8192,32768,9728,1121.091,3387.639,1610.546,0.2159
mixed,128,8,0.0625,4.0,16,512,128,512,152,187.345,251.936,191.615,0.0661
mixed,128,8,0.0625,4.0,16,512,256,1024,304,217.969,317.07,219.857,0.019
mixed,128,8,0.0625,4.0,16,512,512,2048,608,263.31,421.378,258.992,-0.0273
mixed,128,8,0.0625,4.0,16,512,1024,4096,1216,336.56,616.064,355.168,0.0666
mixed,128,8,0.0625,4.0,16,512,2048,8192,2432,454.433,1001.811,538.274,0.1532
mixed,128,8,0.0625,4.0,16,512,4096,16384,4864,687.154,1783.923,886.082,0.1814
mixed,128,8,0.0625,4.0,16,512,8192,32768,9728,1151.313,3381.191,1598.595,0.2006
mixed,128,8,0.0625,4.0,16,2048,128,512,152,220.512,259.936,222.096,0.0402
mixed,128,8,0.0625,4.0,16,2048,256,1024,304,224.992,347.425,220.96,-0.0329
mixed,128,8,0.0625,4.0,16,2048,512,2048,608,274.832,514.37,271.281,-0.0148
mixed,128,8,0.0625,4.0,16,2048,1024,4096,1216,377.536,718.225,357.793,-0.058
mixed,128,8,0.0625,4.0,16,2048,2048,8192,2432,558.596,1109.552,524.944,-0.0611
mixed,128,8,0.0625,4.0,16,2048,4096,16384,4864,789.459,1889.778,877.858,0.0803
mixed,128,8,0.0625,4.0,16,2048,8192,32768,9728,1256.227,3436.022,1584.691,0.1507
mixed,128,8,0.0625,4.0,16,8192,128,512,152,286.417,319.92,287.614,0.0357
mixed,128,8,0.0625,4.0,16,8192,256,1024,304,311.408,354.034,297.648,-0.3228
mixed,128,8,0.0625,4.0,16,8192,512,2048,608,341.938,517.568,330.113,-0.0673
mixed,128,8,0.0625,4.0,16,8192,1024,4096,1216,388.769,848.834,432.353,0.0947
mixed,128,8,0.0625,4.0,16,8192,2048,8192,2432,581.121,1517.089,535.904,-0.0483
mixed,128,8,0.0625,4.0,16,8192,4096,16384,4864,928.114,2306.421,866.898,-0.0444
mixed,128,8,0.0625,4.0,16,8192,8192,32768,9728,1682.148,3851.561,1532.85,-0.0688
mixed,128,8,0.0625,4.0,16,16384,128,512,152,350.001,381.713,347.281,-0.0858
mixed,128,8,0.0625,4.0,16,16384,256,1024,304,388.673,447.537,388.577,-0.0016
mixed,128,8,0.0625,4.0,16,16384,512,2048,608,405.728,524.322,384.37,-0.1801
mixed,128,8,0.0625,4.0,16,16384,1024,4096,1216,494.097,852.816,453.599,-0.1129
mixed,128,8,0.0625,4.0,16,16384,2048,8192,2432,583.458,1499.682,678.368,0.1036
mixed,128,8,0.0625,4.0,16,16384,4096,16384,4864,974.929,2853.926,886.336,-0.0471
mixed,128,8,0.0625,4.0,16,16384,8192,32768,9728,1645.555,4411.302,1549.747,-0.0346
mixed,128,8,0.0625,4.0,64,0,128,512,152,141.215,242.242,205.791,0.6392
mixed,128,8,0.0625,4.0,64,0,256,1024,304,216.641,297.889,232.705,0.1977
mixed,128,8,0.0625,4.0,64,0,512,2048,608,250.578,401.296,282.945,0.2147
mixed,128,8,0.0625,4.0,64,0,1024,4096,1216,317.137,600.577,375.969,0.2076
mixed,128,8,0.0625,4.0,64,0,2048,8192,2432,440.176,1016.468,558.754,0.2058
mixed,128,8,0.0625,4.0,64,0,4096,16384,4864,677.295,1819.762,912.93,0.2063
mixed,128,8,0.0625,4.0,64,0,8192,32768,9728,1162.899,3428.307,1633.075,0.2075
mixed,128,8,0.0625,4.0,64,512,128,512,152,247.183,264.336,194.722,-3.0585
mixed,128,8,0.0625,4.0,64,512,256,1024,304,221.457,319.615,241.28,0.202
mixed,128,8,0.0625,4.0,64,512,512,2048,608,276.208,428.769,268.944,-0.0476
mixed,128,8,0.0625,4.0,64,512,1024,4096,1216,342.848,627.503,356.751,0.0488
mixed,128,8,0.0625,4.0,64,512,2048,8192,2432,464.77,1022.303,540.047,0.135
mixed,128,8,0.0625,4.0,64,512,4096,16384,4864,700.37,1831.01,890.642,0.1683
mixed,128,8,0.0625,4.0,64,512,8192,32768,9728,1175.22,3439.652,1612.834,0.1933
mixed,128,8,0.0625,4.0,64,2048,128,512,152,307.695,356.048,305.744,-0.0404
mixed,128,8,0.0625,4.0,64,2048,256,1024,304,329.392,349.265,374.545,2.2721
mixed,128,8,0.0625,4.0,64,2048,512,2048,608,369.809,510.017,403.824,0.2426
mixed,128,8,0.0625,4.0,64,2048,1024,4096,1216,383.154,711.746,432.127,0.149
mixed,128,8,0.0625,4.0,64,2048,2048,8192,2432,550.449,1110.706,516.209,-0.0611
mixed,128,8,0.0625,4.0,64,2048,4096,16384,4864,782.738,1917.778,865.424,0.0728
mixed,128,8,0.0625,4.0,64,2048,8192,32768,9728,1253.746,3500.195,1582.16,0.1462
mixed,128,8,0.0625,4.0,64,8192,128,512,152,544.577,587.169,541.937,-0.062
mixed,128,8,0.0625,4.0,64,8192,256,1024,304,561.492,641.6,560.576,-0.0114
mixed,128,8,0.0625,4.0,64,8192,512,2048,608,599.265,742.303,592.08,-0.0502
mixed,128,8,0.0625,4.0,64,8192,1024,4096,1216,662.352,834.403,874.866,1.2352
mixed,128,8,0.0625,4.0,64,8192,2048,8192,2432,777.953,1469.874,920.225,0.2056
mixed,128,8,0.0625,4.0,64,8192,4096,16384,4864,953.793,2284.531,1149.457,0.147
mixed,128,8,0.0625,4.0,64,8192,8192,32768,9728,1620.818,3877.894,1484.945,-0.0602
mixed,128,8,0.0625,4.0,64,16384,128,512,152,854.242,893.219,851.905,-0.06
mixed,128,8,0.0625,4.0,64,16384,256,1024,304,867.668,949.09,867.858,0.0023
mixed,128,8,0.0625,4.0,64,16384,512,2048,608,907.073,1044.944,900.292,-0.0492
mixed,128,8,0.0625,4.0,64,16384,1024,4096,1216,968.722,1254.962,965.41,-0.0116
mixed,128,8,0.0625,4.0,64,16384,2048,8192,2432,1088.883,1470.338,1508.484,1.1
mixed,128,8,0.0625,4.0,64,16384,4096,16384,4864,1324.369,2726.132,1590.244,0.1897
mixed,128,8,0.0625,4.0,64,16384,8192,32768,9728,1701.156,4335.575,2085.987,0.1461
mixed,128,8,0.0625,4.0,256,0,128,512,152,216.544,260.803,215.681,-0.0195
mixed,128,8,0.0625,4.0,256,0,256,1024,304,234.497,315.586,248.562,0.1735
mixed,128,8,0.0625,4.0,256,0,512,2048,608,268.832,418.465,319.905,0.3413
mixed,128,8,0.0625,4.0,256,0,1024,4096,1216,336.594,617.183,496.528,0.57
mixed,128,8,0.0625,4.0,256,0,2048,8192,2432,457.423,1016.882,837.505,0.6794
mixed,128,8,0.0625,4.0,256,0,4096,16384,4864,690.321,1840.034,1499.281,0.7036
mixed,128,8,0.0625,4.0,256,0,8192,32768,9728,1168.466,3485.555,2841.542,0.7221
mixed,128,8,0.0625,4.0,256,512,128,512,152,296.399,341.745,293.728,-0.0589
mixed,128,8,0.0625,4.0,256,512,256,1024,304,314.175,396.081,313.905,-0.0033
mixed,128,8,0.0625,4.0,256,512,512,2048,608,350.752,496.127,395.953,0.3109
mixed,128,8,0.0625,4.0,256,512,1024,4096,1216,414.414,698.195,567.009,0.5377
mixed,128,8,0.0625,4.0,256,512,2048,8192,2432,532.288,1098.481,906.785,0.6614
mixed,128,8,0.0625,4.0,256,512,4096,16384,4864,772.945,1896.548,1560.355,0.7008
mixed,128,8,0.0625,4.0,256,512,8192,32768,9728,1245.235,3506.243,2885.124,0.7253
mixed,128,8,0.0625,4.0,256,2048,128,512,152,529.474,569.538,527.522,-0.0487
mixed,128,8,0.0625,4.0,256,2048,256,1024,304,546.448,621.313,546.29,-0.0021
mixed,128,8,0.0625,4.0,256,2048,512,2048,608,580.543,718.976,574.033,-0.047
mixed,128,8,0.0625,4.0,256,2048,1024,4096,1216,639.026,923.841,684.737,0.1605
mixed,128,8,0.0625,4.0,256,2048,2048,8192,2432,752.993,1323.763,1019.441,0.4668
mixed,128,8,0.0625,4.0,256,2048,4096,16384,4864,999.331,2131.202,1688.29,0.6087
mixed,128,8,0.0625,4.0,256,2048,8192,32768,9728,1477.731,3742.548,3016.803,0.6796
mixed,128,8,0.0625,4.0,256,8192,128,512,152,1419.906,1474.769,1410.242,-0.1761
mixed,128,8,0.0625,4.0,256,8192,256,1024,304,1445.153,1516.146,1447.473,0.0327
mixed,128,8,0.0625,4.0,256,8192,512,2048,608,1478.977,1608.387,1473.347,-0.0435
mixed,128,8,0.0625,4.0,256,8192,1024,4096,1216,1533.794,1814.226,1523.266,-0.0375
mixed,128,8,0.0625,4.0,256,8192,2048,8192,2432,1644.403,2201.619,1631.634,-0.0229
mixed,128,8,0.0625,4.0,256,8192,4096,16384,4864,1877.506,3006.707,2141.044,0.2334
mixed,128,8,0.0625,4.0,256,8192,8192,32768,9728,2358.595,4590.118,3461.509,0.4942
mixed,128,8,0.0625,4.0,256,16384,128,512,152,2637.169,2633.188,2626.387,
mixed,128,8,0.0625,4.0,256,16384,256,1024,304,2650.037,2728.581,2631.46,-0.2365
mixed,128,8,0.0625,4.0,256,16384,512,2048,608,2634.501,2811.522,2632.981,-0.0086
mixed,128,8,0.0625,4.0,256,16384,1024,4096,1216,2744.595,3004.165,2730.501,-0.0543
mixed,128,8,0.0625,4.0,256,16384,2048,8192,2432,2847.335,3384.102,2834.869,-0.0232
mixed,128,8,0.0625,4.0,256,16384,4096,16384,4864,3068.548,4173.255,3048.228,-0.0184
mixed,128,8,0.0625,4.0,256,16384,8192,32768,9728,3529.205,5789.064,4064.837,0.237
mixed,128,8,0.0625,4.0,1024,0,128,512,152,506.719,547.41,534.561,0.6842
mixed,128,8,0.0625,4.0,1024,0,256,1024,304,522.74,603.424,561.87,0.485
mixed,128,8,0.0625,4.0,1024,0,512,2048,608,559.456,706.417,605.823,0.3155
mixed,128,8,0.0625,4.0,1024,0,1024,4096,1216,624.033,906.544,702.399,0.2774
mixed,128,8,0.0625,4.0,1024,0,2048,8192,2432,743.439,1317.443,887.793,0.2515
mixed,128,8,0.0625,4.0,1024,0,4096,16384,4864,981.553,2127.33,1239.202,0.2249
mixed,128,8,0.0625,4.0,1024,0,8192,32768,9728,1467.36,3739.649,1959.697,0.2167
mixed,128,8,0.0625,4.0,1024,512,128,512,152,764.192,806.288,794.464,0.7191
mixed,128,8,0.0625,4.0,1024,512,256,1024,304,784.546,859.725,820.88,0.4833
mixed,128,8,0.0625,4.0,1024,512,512,2048,608,814.577,964.753,862.351,0.3181
mixed,128,8,0.0625,4.0,1024,512,1024,4096,1216,881.089,1169.489,956.416,0.2612
mixed,128,8,0.0625,4.0,1024,512,2048,8192,2432,1002.287,1584.916,1144.755,0.2445
mixed,128,8,0.0625,4.0,1024,512,4096,16384,4864,1238.56,2428.929,1496.818,0.217
mixed,128,8,0.0625,4.0,1024,512,8192,32768,9728,1740.196,4042.259,2222.541,0.2095
mixed,128,8,0.0625,4.0,1024,2048,128,512,152,1211.54,1251.248,1239.857,0.7131
mixed,128,8,0.0625,4.0,1024,2048,256,1024,304,1223.952,1303.198,1263.14,0.4945
mixed,128,8,0.0625,4.0,1024,2048,512,2048,608,1261.638,1410.351,1305.904,0.2977
mixed,128,8,0.0625,4.0,1024,2048,1024,4096,1216,1321.697,1606.51,1403.348,0.2867
mixed,128,8,0.0625,4.0,1024,2048,2048,8192,2432,1443.782,2016.396,1585.489,0.2475
mixed,128,8,0.0625,4.0,1024,2048,4096,16384,4864,1680.818,2830.417,1939.731,0.2252
mixed,128,8,0.0625,4.0,1024,2048,8192,32768,9728,2163.667,4432.208,2650.575,0.2146
mixed,128,8,0.0625,4.0,1024,8192,128,512,152,2953.569,2997.104,2993.427,0.9155
mixed,128,8,0.0625,4.0,1024,8192,256,1024,304,2974.604,3050.454,3011.726,0.4894
mixed,128,8,0.0625,4.0,1024,8192,512,2048,608,3007.836,3147.453,3048.833,0.2936
mixed,128,8,0.0625,4.0,1024,8192,1024,4096,1216,3074.164,3364.339,3144.256,0.2415
mixed,128,8,0.0625,4.0,1024,8192,2048,8192,2432,3186.659,3763.62,3330.05,0.2485
mixed,128,8,0.0625,4.0,1024,8192,4096,16384,4864,3433.602,4570.225,3698.627,0.2332
mixed,128,8,0.0625,4.0,1024,8192,8192,32768,9728,3919.682,6183.043,4396.242,0.2106
mixed,128,8,0.0625,4.0,1024,16384,128,512,152,5260.258,5294.467,5286.15,0.7569
mixed,128,8,0.0625,4.0,1024,16384,256,1024,304,5276.391,5351.571,5318.487,0.5599
mixed,128,8,0.0625,4.0,1024,16384,512,2048,608,5310.444,5448.87,5360.474,0.3614
mixed,128,8,0.0625,4.0,1024,16384,1024,4096,1216,5367.673,5663.592,5445.155,0.2618
mixed,128,8,0.0625,4.0,1024,16384,2048,8192,2432,5486.262,6081.001,5622.552,0.2292
mixed,128,8,0.0625,4.0,1024,16384,4096,16384,4864,5734.95,6871.046,5981.976,0.2174
mixed,128,8,0.0625,4.0,1024,16384,8192,32768,9728,6211.704,8481.468,6708.394,0.2188
mixed,128,8,0.0625,4.0,4096,0,128,512,152,2226.645,2271.202,2256.993,0.6811
mixed,128,8,0.0625,4.0,4096,0,256,1024,304,2250.434,2323.587,2280.613,0.4125
mixed,128,8,0.0625,4.0,4096,0,512,2048,608,2277.01,2426.225,2332.019,0.3687
mixed,128,8,0.0625,4.0,4096,0,1024,4096,1216,2341.873,2635.765,2414.755,0.248
mixed,128,8,0.0625,4.0,4096,0,2048,8192,2432,2458.788,3044.641,2603.986,0.2478
mixed,128,8,0.0625,4.0,4096,0,4096,16384,4864,2707.44,3848.597,2961.268,0.2224
mixed,128,8,0.0625,4.0,4096,0,8192,32768,9728,3190.514,5448.553,3674.963,0.2145
mixed,128,8,0.0625,4.0,4096,512,128,512,152,2862.615,2906.705,2893.748,0.7061
mixed,128,8,0.0625,4.0,4096,512,256,1024,304,2878.486,2964.581,2922.546,0.5118
mixed,128,8,0.0625,4.0,4096,512,512,2048,608,2916.627,3074.758,2958.756,0.2664
mixed,128,8,0.0625,4.0,4096,512,1024,4096,1216,2979.271,3266.356,3055.042,0.2639
mixed,128,8,0.0625,4.0,4096,512,2048,8192,2432,3095.926,3674.756,3236.501,0.2429
mixed,128,8,0.0625,4.0,4096,512,4096,16384,4864,3345.43,4491.193,3611.256,0.232
mixed,128,8,0.0625,4.0,4096,512,8192,32768,9728,3837.361,6101.816,4323.075,0.2145
mixed,128,8,0.0625,4.0,4096,2048,128,512,152,3938.949,3996.753,3976.079,0.6423
mixed,128,8,0.0625,4.0,4096,2048,256,1024,304,3969.864,4035.08,3998.197,0.4345
mixed,128,8,0.0625,4.0,4096,2048,512,2048,608,3991.171,4147.509,4041.89,0.3244
mixed,128,8,0.0625,4.0,4096,2048,1024,4096,1216,4058.792,4347.543,4134.517,0.2623
mixed,128,8,0.0625,4.0,4096,2048,2048,8192,2432,4175.334,4759.158,4311.127,0.2326
mixed,128,8,0.0625,4.0,4096,2048,4096,16384,4864,4413.216,5570.295,4680.521,0.231
mixed,128,8,0.0625,4.0,4096,2048,8192,32768,9728,4908.198,7168.153,5393.304,0.2147
mixed,128,8,0.0625,4.0,4096,8192,128,512,152,8235.289,8278.959,8263.575,0.6477
mixed,128,8,0.0625,4.0,4096,8192,256,1024,304,8249.948,8349.226,8290.379,0.4073
mixed,128,8,0.0625,4.0,4096,8192,512,2048,608,8287.655,8435.547,8358.046,0.476
mixed,128,8,0.0625,4.0,4096,8192,1024,4096,1216,8348.971,8658.363,8439.115,0.2914
mixed,128,8,0.0625,4.0,4096,8192,2048,8192,2432,8470.571,9043.87,8607.419,0.2387
mixed,128,8,0.0625,4.0,4096,8192,4096,16384,4864,8728.796,9860.073,8963.193,0.2072
mixed,128,8,0.0625,4.0,4096,8192,8192,32768,9728,9212.35,11458.033,9696.302,0.2155
mixed,128,8,0.0625,4.0,4096,16384,128,512,152,13973.53,14001.665,13974.137,0.0216
mixed,128,8,0.0625,4.0,4096,16384,256,1024,304,13966.135,14046.965,14007.2,0.5081
mixed,128,8,0.0625,4.0,4096,16384,512,2048,608,14014.453,14159.541,14056.289,0.2884
mixed,128,8,0.0625,4.0,4096,16384,1024,4096,1216,14061.72,14360.387,14168.704,0.3582
mixed,128,8,0.0625,4.0,4096,16384,2048,8192,2432,14188.436,14760.002,14317.697,0.2262
mixed,128,8,0.0625,4.0,4096,16384,4096,16384,4864,14435.269,15577.078,14669.717,0.2053
mixed,128,8,0.0625,4.0,4096,16384,8192,32768,9728,14937.028,17199.379,15421.429,0.2141
pure,128,16,0.125,4.0,0,0,128,512,176,101.873,189.134,182.096,0.9193
pure,128,16,0.125,4.0,0,0,256,1024,352,167.407,243.089,206.432,0.5156
pure,128,16,0.125,4.0,0,0,512,2048,704,208.575,344.608,251.874,0.3183
pure,128,16,0.125,4.0,0,0,1024,4096,1408,282.367,547.84,352.544,0.2644
pure,128,16,0.125,4.0,0,0,2048,8192,2816,423.921,951.425,535.36,0.2113
pure,128,16,0.125,4.0,0,0,4096,16384,5632,696.977,1756.033,893.571,0.1856
pure,128,16,0.125,4.0,0,0,8192,32768,11264,1257.137,3365.763,1607.426,0.1661
mixed,128,16,0.125,4.0,16,0,128,512,176,135.329,219.986,189.184,0.6362
mixed,128,16,0.125,4.0,16,0,256,1024,352,201.106,259.825,224.675,0.4014
mixed,128,16,0.125,4.0,16,0,512,2048,704,234.064,367.665,270.576,0.2733
mixed,128,16,0.125,4.0,16,0,1024,4096,1408,303.329,565.906,376.207,0.2776
mixed,128,16,0.125,4.0,16,0,2048,8192,2816,444.243,974.432,557.217,0.2131
mixed,128,16,0.125,4.0,16,0,4096,16384,5632,724.132,1782.419,914.705,0.1801
mixed,128,16,0.125,4.0,16,0,8192,32768,11264,1276.85,3390.611,1629.009,0.1666
mixed,128,16,0.125,4.0,16,512,128,512,176,191.167,253.392,196.24,0.0815
mixed,128,16,0.125,4.0,16,512,256,1024,352,225.393,317.985,215.793,-0.1037
mixed,128,16,0.125,4.0,16,512,512,2048,704,280.209,422.928,268.113,-0.0848
mixed,128,16,0.125,4.0,16,512,1024,4096,1408,359.202,614.817,365.905,0.0262
mixed,128,16,0.125,4.0,16,512,2048,8192,2816,494.56,1005.394,555.392,0.1191
mixed,128,16,0.125,4.0,16,512,4096,16384,5632,757.072,1782.866,912.388,0.1514
mixed,128,16,0.125,4.0,16,512,8192,32768,11264,1299.153,3378.021,1627.891,0.1581
mixed,128,16,0.125,4.0,16,2048,128,512,176,222.656,259.615,209.808,-0.3476
mixed,128,16,0.125,4.0,16,2048,256,1024,352,227.744,348.241,245.441,0.1469
mixed,128,16,0.125,4.0,16,2048,512,2048,704,290.352,515.521,272.942,-0.0773
mixed,128,16,0.125,4.0,16,2048,1024,4096,1408,403.041,716.688,363.055,-0.1275
mixed,128,16,0.125,4.0,16,2048,2048,8192,2816,598.097,1106.498,538.481,-0.1173
mixed,128,16,0.125,4.0,16,2048,4096,16384,5632,867.52,1890.079,905.953,0.0376
mixed,128,16,0.125,4.0,16,2048,8192,32768,11264,1402.099,3441.669,1631.57,0.1125
mixed,128,16,0.125,4.0,16,8192,128,512,176,288.56,321.361,271.937,-0.5068
mixed,128,16,0.125,4.0,16,8192,256,1024,352,316.929,353.745,313.361,-0.0969
mixed,128,16,0.125,4.0,16,8192,512,2048,704,364.288,519.152,360.864,-0.0221
mixed,128,16,0.125,4.0,16,8192,1024,4096,1408,419.921,849.824,440.609,0.0481
mixed,128,16,0.125,4.0,16,8192,2048,8192,2816,636.945,1522.002,536.466,-0.1135
mixed,128,16,0.125,4.0,16,8192,4096,16384,5632,1006.851,2308.435,881.377,-0.0964
mixed,128,16,0.125,4.0,16,8192,8192,32768,11264,1819.443,3850.758,1575.907,-0.1199
mixed,128,16,0.125,4.0,16,16384,128,512,176,360.704,379.903,361.122,0.0217
mixed,128,16,0.125,4.0,16,16384,256,1024,352,398.162,447.282,392.015,-0.1251
mixed,128,16,0.125,4.0,16,16384,512,2048,704,451.216,522.753,435.087,-0.2255
mixed,128,16,0.125,4.0,16,16384,1024,4096,1408,540.513,853.313,529.553,-0.035
mixed,128,16,0.125,4.0,16,16384,2048,8192,2816,652.896,1498.913,681.329,0.0336
mixed,128,16,0.125,4.0,16,16384,4096,16384,5632,1083.729,2851.236,874.43,-0.1184
mixed,128,16,0.125,4.0,16,16384,8192,32768,11264,1798.387,4409.333,1570.497,-0.0873
mixed,128,16,0.125,4.0,64,0,128,512,176,144.512,241.696,207.279,0.6459
mixed,128,16,0.125,4.0,64,0,256,1024,352,223.264,297.744,234.72,0.1538
mixed,128,16,0.125,4.0,64,0,512,2048,704,262.896,399.778,288.048,0.1837
mixed,128,16,0.125,4.0,64,0,1024,4096,1408,336.417,601.841,383.025,0.1756
mixed,128,16,0.125,4.0,64,0,2048,8192,2816,475.409,1014.19,564.656,0.1656
mixed,128,16,0.125,4.0,64,0,4096,16384,5632,761.039,1819.616,917.937,0.1482
mixed,128,16,0.125,4.0,64,0,8192,32768,11264,1312.883,3427.349,1639.282,0.1544
mixed,128,16,0.125,4.0,64,512,128,512,176,251.601,263.793,223.984,-2.265
mixed,128,16,0.125,4.0,64,512,256,1024,352,233.104,320.864,245.423,0.1404
mixed,128,16,0.125,4.0,64,512,512,2048,704,284.223,428.354,277.361,-0.0476
mixed,128,16,0.125,4.0,64,512,1024,4096,1408,365.442,624.913,369.523,0.0157
mixed,128,16,0.125,4.0,64,512,2048,8192,2816,507.729,1022.464,549.569,0.0813
mixed,128,16,0.125,4.0,64,512,4096,16384,5632,777.474,1827.556,906.051,0.1224
mixed,128,16,0.125,4.0,64,512,8192,32768,11264,1332.993,3443.138,1623.186,0.1375
mixed,128,16,0.125,4.0,64,2048,128,512,176,310.431,354.642,325.952,0.3511
mixed,128,16,0.125,4.0,64,2048,256,1024,352,333.76,348.752,376.928,2.8795
mixed,128,16,0.125,4.0,64,2048,512,2048,704,380.947,512.095,422.049,0.3134
mixed,128,16,0.125,4.0,64,2048,1024,4096,1408,414.447,714.338,437.823,0.0779
mixed,128,16,0.125,4.0,64,2048,2048,8192,2816,590.096,1117.393,538.833,-0.0972
mixed,128,16,0.125,4.0,64,2048,4096,16384,5632,857.009,1918.354,891.987,0.033
mixed,128,16,0.125,4.0,64,2048,8192,32768,11264,1415.044,3504.119,1607.697,0.0922
mixed,128,16,0.125,4.0,64,8192,128,512,176,547.344,587.167,543.855,-0.0876
mixed,128,16,0.125,4.0,64,8192,256,1024,352,565.394,641.01,565.569,0.0023
mixed,128,16,0.125,4.0,64,8192,512,2048,704,608.178,740.707,702.096,0.7087
mixed,128,16,0.125,4.0,64,8192,1024,4096,1408,678.355,832.369,875.169,1.2779
mixed,128,16,0.125,4.0,64,8192,2048,8192,2816,816.033,1469.986,929.41,0.1734
mixed,128,16,0.125,4.0,64,8192,4096,16384,5632,1070.913,2287.142,1153.489,0.0679
mixed,128,16,0.125,4.0,64,8192,8192,32768,11264,1782.69,3891.222,1556.003,-0.1075
mixed,128,16,0.125,4.0,64,16384,128,512,176,855.041,893.521,855.743,0.0182
mixed,128,16,0.125,4.0,64,16384,256,1024,352,875.855,950.304,869.136,-0.0902
mixed,128,16,0.125,4.0,64,16384,512,2048,704,914.931,1050.543,905.665,-0.0683
mixed,128,16,0.125,4.0,64,16384,1024,4096,1408,984.322,1249.057,1180.289,0.7402
mixed,128,16,0.125,4.0,64,16384,2048,8192,2816,1122.849,1463.106,1510.516,1.1393
mixed,128,16,0.125,4.0,64,16384,4096,16384,5632,1403.186,2724.789,1598.419,0.1477
mixed,128,16,0.125,4.0,64,16384,8192,32768,11264,1941.154,4338.709,2094.898,0.0641
mixed,128,16,0.125,4.0,256,0,128,512,176,219.184,261.137,233.442,0.3398
mixed,128,16,0.125,4.0,256,0,256,1024,352,239.407,315.361,251.966,0.1653
mixed,128,16,0.125,4.0,256,0,512,2048,704,281.728,419.455,322.049,0.2928
mixed,128,16,0.125,4.0,256,0,1024,4096,1408,354.96,617.679,501.855,0.5591
mixed,128,16,0.125,4.0,256,0,2048,8192,2816,494.995,1019.09,840.18,0.6586
mixed,128,16,0.125,4.0,256,0,4096,16384,5632,766.417,1835.411,1507.505,0.6933
mixed,128,16,0.125,4.0,256,0,8192,32768,11264,1318.178,3487.06,2852.85,0.7076
mixed,128,16,0.125,4.0,256,512,128,512,176,297.822,340.546,314.464,0.3895
mixed,128,16,0.125,4.0,256,512,256,1024,352,319.119,396.174,363.393,0.5746
mixed,128,16,0.125,4.0,256,512,512,2048,704,361.153,498.814,457.505,0.6999
mixed,128,16,0.125,4.0,256,512,1024,4096,1408,434.641,699.058,627.089,0.7278
mixed,128,16,0.125,4.0,256,512,2048,8192,2816,575.52,1099.264,953.361,0.7214
mixed,128,16,0.125,4.0,256,512,4096,16384,5632,848.146,1903.426,1615.044,0.7267
mixed,128,16,0.125,4.0,256,512,8192,32768,11264,1401.232,3503.619,2934.995,0.7295
mixed,128,16,0.125,4.0,256,2048,128,512,176,530.832,568.832,528.736,-0.0552
mixed,128,16,0.125,4.0,256,2048,256,1024,352,551.411,620.611,546.031,-0.0777
mixed,128,16,0.125,4.0,256,2048,512,2048,704,591.678,718.079,681.569,0.7112
mixed,128,16,0.125,4.0,256,2048,1024,4096,1408,660.319,925.409,853.09,0.7272
mixed,128,16,0.125,4.0,256,2048,2048,8192,2816,799.57,1329.186,1185.522,0.7287
mixed,128,16,0.125,4.0,256,2048,4096,16384,5632,1074.113,2133.857,1851.954,0.734
mixed,128,16,0.125,4.0,256,2048,8192,32768,11264,1628.979,3732.038,3166.163,0.7309
mixed,128,16,0.125,4.0,256,8192,128,512,176,1412.336,1475.458,1419.697,0.1166
mixed,128,16,0.125,4.0,256,8192,256,1024,352,1453.187,1523.457,1447.186,-0.0854
mixed,128,16,0.125,4.0,256,8192,512,2048,704,1488.083,1607.539,1473.346,-0.1234
mixed,128,16,0.125,4.0,256,8192,1024,4096,1408,1547.488,1812.787,1540.927,-0.0247
mixed,128,16,0.125,4.0,256,8192,2048,8192,2816,1685.49,2207.891,2084.579,0.764
mixed,128,16,0.125,4.0,256,8192,4096,16384,5632,1947.011,3002.337,2758.832,0.7693
mixed,128,16,0.125,4.0,256,8192,8192,32768,11264,2508.626,4602.26,4069.603,0.7456
mixed,128,16,0.125,4.0,256,16384,128,512,176,2638.532,2633.456,2634.867,
mixed,128,16,0.125,4.0,256,16384,256,1024,352,2632.466,2726.819,2629.396,-0.0325
mixed,128,16,0.125,4.0,256,16384,512,2048,704,2643.506,2816.162,2632.1,-0.0661
mixed,128,16,0.125,4.0,256,16384,1024,4096,1408,2759.652,3003.043,2734.452,-0.1035
mixed,128,16,0.125,4.0,256,16384,2048,8192,2816,2881.043,3388.451,2844.257,-0.0725
mixed,128,16,0.125,4.0,256,16384,4096,16384,5632,3139.394,4174.743,3954.436,0.7872
mixed,128,16,0.125,4.0,256,16384,8192,32768,11264,3685.956,5761.128,5284.581,0.7704
mixed,128,16,0.125,4.0,1024,0,128,512,176,507.264,550.896,541.727,0.7899
mixed,128,16,0.125,4.0,1024,0,256,1024,352,531.539,605.486,569.682,0.5158
mixed,128,16,0.125,4.0,1024,0,512,2048,704,569.967,706.467,613.345,0.3178
mixed,128,16,0.125,4.0,1024,0,1024,4096,1408,643.875,909.008,710.593,0.2516
mixed,128,16,0.125,4.0,1024,0,2048,8192,2816,789.506,1322.097,894.208,0.1966
mixed,128,16,0.125,4.0,1024,0,4096,16384,5632,1060.288,2127.38,1249.117,0.177
mixed,128,16,0.125,4.0,1024,0,8192,32768,11264,1621.715,3733.173,1970.481,0.1652
mixed,128,16,0.125,4.0,1024,512,128,512,176,764.511,808.354,802.031,0.8558
mixed,128,16,0.125,4.0,1024,512,256,1024,352,789.343,861.425,826.929,0.5214
mixed,128,16,0.125,4.0,1024,512,512,2048,704,826.353,963.07,868.843,0.3108
mixed,128,16,0.125,4.0,1024,512,1024,4096,1408,903.985,1165.553,972.997,0.2638
mixed,128,16,0.125,4.0,1024,512,2048,8192,2816,1043.554,1586.483,1148.803,0.1939
mixed,128,16,0.125,4.0,1024,512,4096,16384,5632,1321.455,2422.368,1505.489,0.1672
mixed,128,16,0.125,4.0,1024,512,8192,32768,11264,1902.163,4044.355,2240.964,0.1582
mixed,128,16,0.125,4.0,1024,2048,128,512,176,1212.436,1255.456,1249.216,0.855
mixed,128,16,0.125,4.0,1024,2048,256,1024,352,1235.312,1302.437,1270.834,0.5292
mixed,128,16,0.125,4.0,1024,2048,512,2048,704,1268.754,1407.333,1316.594,0.3452
mixed,128,16,0.125,4.0,1024,2048,1024,4096,1408,1344.671,1610.799,1409.649,0.2442
mixed,128,16,0.125,4.0,1024,2048,2048,8192,2816,1486.305,2012.532,1594.528,0.2057
mixed,128,16,0.125,4.0,1024,2048,4096,16384,5632,1757.825,2818.642,1951.839,0.1829
mixed,128,16,0.125,4.0,1024,2048,8192,32768,11264,2321.874,4431.029,2672.325,0.1662
mixed,128,16,0.125,4.0,1024,8192,128,512,176,2959.812,2993.334,2996.05,1.081
mixed,128,16,0.125,4.0,1024,8192,256,1024,352,2983.266,3048.675,3015.51,0.493
mixed,128,16,0.125,4.0,1024,8192,512,2048,704,3014.709,3155.046,3065.526,0.3621
mixed,128,16,0.125,4.0,1024,8192,1024,4096,1408,3090.085,3355.27,3148.085,0.2187
mixed,128,16,0.125,4.0,1024,8192,2048,8192,2816,3233.906,3761.458,3340.23,0.2015
mixed,128,16,0.125,4.0,1024,8192,4096,16384,5632,3514.229,4575.994,3691.029,0.1665
mixed,128,16,0.125,4.0,1024,8192,8192,32768,11264,4063.812,6176.457,4416.212,0.1668
mixed,128,16,0.125,4.0,1024,16384,128,512,176,5256.823,5297.591,5293.876,0.9089
mixed,128,16,0.125,4.0,1024,16384,256,1024,352,5272.709,5351.225,5312.998,0.5131
mixed,128,16,0.125,4.0,1024,16384,512,2048,704,5316.863,5454.339,5365.137,0.3511
mixed,128,16,0.125,4.0,1024,16384,1024,4096,1408,5401.477,5652.774,5463.19,0.2456
mixed,128,16,0.125,4.0,1024,16384,2048,8192,2816,5536.055,6064.36,5638.967,0.1948
mixed,128,16,0.125,4.0,1024,16384,4096,16384,5632,5811.237,6876.056,6010.357,0.187
mixed,128,16,0.125,4.0,1024,16384,8192,32768,11264,6366.868,8482.521,6716.182,0.1651
mixed,128,16,0.125,4.0,4096,0,128,512,176,2230.451,2277.809,2266.13,0.7534
mixed,128,16,0.125,4.0,4096,0,256,1024,352,2249.189,2325.331,2287.858,0.5079
mixed,128,16,0.125,4.0,4096,0,512,2048,704,2293.552,2425.091,2334.724,0.313
mixed,128,16,0.125,4.0,4096,0,1024,4096,1408,2362.048,2643.026,2430.979,0.2453
mixed,128,16,0.125,4.0,4096,0,2048,8192,2816,2504.433,3038.82,2613.285,0.2037
mixed,128,16,0.125,4.0,4096,0,4096,16384,5632,2782.869,3849.364,2977.527,0.1825
mixed,128,16,0.125,4.0,4096,0,8192,32768,11264,3341.139,5455.064,3691.827,0.1659
mixed,128,16,0.125,4.0,4096,512,128,512,176,2864.549,2905.381,2899.095,0.8461
mixed,128,16,0.125,4.0,4096,512,256,1024,352,2891.267,2966.18,2928.131,0.4921
mixed,128,16,0.125,4.0,4096,512,512,2048,704,2925.332,3059.637,2966.229,0.3045
mixed,128,16,0.125,4.0,4096,512,1024,4096,1408,3001.316,3266.213,3066.021,0.2443
mixed,128,16,0.125,4.0,4096,512,2048,8192,2816,3139.602,3676.642,3247.59,0.2011
mixed,128,16,0.125,4.0,4096,512,4096,16384,5632,3413.011,4494.084,3620.852,0.1923
mixed,128,16,0.125,4.0,4096,512,8192,32768,11264,3980.31,6102.491,4328.071,0.1639
mixed,128,16,0.125,4.0,4096,2048,128,512,176,3946.356,3982.581,3979.445,0.9134
mixed,128,16,0.125,4.0,4096,2048,256,1024,352,3974.055,4035.079,4010.597,0.5988
mixed,128,16,0.125,4.0,4096,2048,512,2048,704,4002.724,4135.205,4048.358,0.3445
mixed,128,16,0.125,4.0,4096,2048,1024,4096,1408,4077.348,4342.108,4140.677,0.2392
mixed,128,16,0.125,4.0,4096,2048,2048,8192,2816,4212.817,4746.247,4322.694,0.206
mixed,128,16,0.125,4.0,4096,2048,4096,16384,5632,4495.352,5561.155,4680.456,0.1737
mixed,128,16,0.125,4.0,4096,2048,8192,32768,11264,5061.302,7171.114,5404.485,0.1627
mixed,128,16,0.125,4.0,4096,8192,128,512,176,8249.671,8282.475,8268.378,0.5703
mixed,128,16,0.125,4.0,4096,8192,256,1024,352,8258.715,8359.546,8301.083,0.4202
mixed,128,16,0.125,4.0,4096,8192,512,2048,704,8294.876,8439.8,8335.688,0.2816
mixed,128,16,0.125,4.0,4096,8192,1024,4096,1408,8404.812,8639.34,8426.076,0.0907
mixed,128,16,0.125,4.0,4096,8192,2048,8192,2816,8510.104,9059.931,8623.325,0.2059
mixed,128,16,0.125,4.0,4096,8192,4096,16384,5632,8801.835,9873.77,8978.781,0.1651
mixed,128,16,0.125,4.0,4096,8192,8192,32768,11264,9343.437,11460.145,9681.565,0.1597
mixed,128,16,0.125,4.0,4096,16384,128,512,176,13940.673,13994.158,13995.55,1.026
mixed,128,16,0.125,4.0,4096,16384,256,1024,352,14010.272,14050.488,14008.465,-0.0449
mixed,128,16,0.125,4.0,4096,16384,512,2048,704,14016.257,14155.104,14074.145,0.4169
mixed,128,16,0.125,4.0,4096,16384,1024,4096,1408,14090.994,14358.055,14160.61,0.2607
mixed,128,16,0.125,4.0,4096,16384,2048,8192,2816,14231.406,14789.657,14334.578,0.1848
mixed,128,16,0.125,4.0,4096,16384,4096,16384,5632,14531.443,15576.246,14696.914,0.1584
mixed,128,16,0.125,4.0,4096,16384,8192,32768,11264,15104.179,17183.463,15427.155,0.1553
pure,128,32,0.25,4.0,0,0,128,512,224,108.816,188.64,180.911,0.9032
pure,128,32,0.25,4.0,0,0,256,1024,448,182.593,242.8,209.103,0.4403
pure,128,32,0.25,4.0,0,0,512,2048,896,227.632,346.56,287.104,0.5001
pure,128,32,0.25,4.0,0,0,1024,4096,1792,318.945,545.697,400.129,0.358
pure,128,32,0.25,4.0,0,0,2048,8192,3584,495.218,952.416,612.802,0.2572
pure,128,32,0.25,4.0,0,0,4096,16384,7168,847.776,1755.283,1034.481,0.2057
pure,128,32,0.25,4.0,0,0,8192,32768,14336,1551.761,3365.22,1886.066,0.1843
mixed,128,32,0.25,4.0,16,0,128,512,224,142.512,218.352,198.832,0.7426
mixed,128,32,0.25,4.0,16,0,256,1024,448,210.799,259.986,230.13,0.393
mixed,128,32,0.25,4.0,16,0,512,2048,896,246.353,367.552,288.303,0.3461
mixed,128,32,0.25,4.0,16,0,1024,4096,1792,341.425,565.648,418.224,0.3425
mixed,128,32,0.25,4.0,16,0,2048,8192,3584,517.44,974.434,635.138,0.2575
mixed,128,32,0.25,4.0,16,0,4096,16384,7168,869.059,1784.001,1055.505,0.2038
mixed,128,32,0.25,4.0,16,0,8192,32768,14336,1576.481,3392.39,1905.539,0.1812
mixed,128,32,0.25,4.0,16,512,128,512,224,205.616,252.352,215.52,0.2119
mixed,128,32,0.25,4.0,16,512,256,1024,448,239.44,319.647,227.631,-0.1472
mixed,128,32,0.25,4.0,16,512,512,2048,896,302.751,420.816,277.553,-0.2134
mixed,128,32,0.25,4.0,16,512,1024,4096,1792,396.129,613.602,380.161,-0.0734
mixed,128,32,0.25,4.0,16,512,2048,8192,3584,569.602,998.622,617.679,0.1121
mixed,128,32,0.25,4.0,16,512,4096,16384,7168,909.488,1780.257,1038.161,0.1478
mixed,128,32,0.25,4.0,16,512,8192,32768,14336,1584.001,3377.061,1892.547,0.1721
mixed,128,32,0.25,4.0,16,2048,128,512,224,210.689,259.649,224.577,0.2837
mixed,128,32,0.25,4.0,16,2048,256,1024,448,247.666,347.841,255.857,0.0818
mixed,128,32,0.25,4.0,16,2048,512,2048,896,323.17,514.753,322.575,-0.0031
mixed,128,32,0.25,4.0,16,2048,1024,4096,1792,473.023,718.401,382.465,-0.3691
mixed,128,32,0.25,4.0,16,2048,2048,8192,3584,673.376,1111.025,554.625,-0.2713
mixed,128,32,0.25,4.0,16,2048,4096,16384,7168,1009.571,1893.283,1031.264,0.0245
mixed,128,32,0.25,4.0,16,2048,8192,32768,14336,1691.762,3429.604,1876.003,0.106
mixed,128,32,0.25,4.0,16,8192,128,512,224,287.361,320.352,278.417,-0.2711
mixed,128,32,0.25,4.0,16,8192,256,1024,448,303.168,353.729,297.84,-0.1054
mixed,128,32,0.25,4.0,16,8192,512,2048,896,326.162,518.319,325.168,-0.0052
mixed,128,32,0.25,4.0,16,8192,1024,4096,1792,475.216,849.584,453.633,-0.0577
mixed,128,32,0.25,4.0,16,8192,2048,8192,3584,756.385,1518.145,708.066,-0.0634
mixed,128,32,0.25,4.0,16,8192,4096,16384,7168,1350.545,2304.883,925.57,-0.4453
mixed,128,32,0.25,4.0,16,8192,8192,32768,14336,2116.611,3845.51,1660.802,-0.2636
mixed,128,32,0.25,4.0,16,16384,128,512,224,370.705,379.874,372.863,0.2353
mixed,128,32,0.25,4.0,16,16384,256,1024,448,381.935,446.416,382.64,0.0109
mixed,128,32,0.25,4.0,16,16384,512,2048,896,475.809,522.114,441.681,-0.737
mixed,128,32,0.25,4.0,16,16384,1024,4096,1792,492.511,853.456,492.289,-0.0006
mixed,128,32,0.25,4.0,16,16384,2048,8192,3584,769.216,1502.162,714.127,-0.0752
mixed,128,32,0.25,4.0,16,16384,4096,16384,7168,1326.274,2854.26,1206.416,-0.0784
mixed,128,32,0.25,4.0,16,16384,8192,32768,14336,2520.195,4401.557,1644.387,-0.4655
mixed,128,32,0.25,4.0,64,0,128,512,224,151.507,242.448,218.816,0.7401
mixed,128,32,0.25,4.0,64,0,256,1024,448,235.872,297.552,251.887,0.2596
mixed,128,32,0.25,4.0,64,0,512,2048,896,282.322,400.609,303.968,0.183
mixed,128,32,0.25,4.0,64,0,1024,4096,1792,375.727,599.792,404.018,0.1263
mixed,128,32,0.25,4.0,64,0,2048,8192,3584,548.689,1012.321,589.042,0.087
mixed,128,32,0.25,4.0,64,0,4096,16384,7168,905.841,1814.642,947.858,0.0462
mixed,128,32,0.25,4.0,64,0,8192,32768,14336,1612.978,3427.717,1682.034,0.0381
mixed,128,32,0.25,4.0,64,512,128,512,224,208.159,263.713,225.281,0.3082
mixed,128,32,0.25,4.0,64,512,256,1024,448,253.12,320.387,255.599,0.0369
mixed,128,32,0.25,4.0,64,512,512,2048,896,307.584,432.0,332.528,0.2005
mixed,128,32,0.25,4.0,64,512,1024,4096,1792,403.12,626.992,448.081,0.2008
mixed,128,32,0.25,4.0,64,512,2048,8192,3584,575.727,1022.641,633.905,0.1302
mixed,128,32,0.25,4.0,64,512,4096,16384,7168,927.377,1824.194,1004.193,0.0857
mixed,128,32,0.25,4.0,64,512,8192,32768,14336,1627.664,3432.995,1728.354,0.0558
mixed,128,32,0.25,4.0,64,2048,128,512,224,316.417,355.823,328.815,0.3146
mixed,128,32,0.25,4.0,64,2048,256,1024,448,348.719,348.399,380.45,
mixed,128,32,0.25,4.0,64,2048,512,2048,896,326.145,510.464,325.872,-0.0015
mixed,128,32,0.25,4.0,64,2048,1024,4096,1792,471.249,713.153,450.544,-0.0856
mixed,128,32,0.25,4.0,64,2048,2048,8192,3584,662.353,1112.033,727.216,0.1442
mixed,128,32,0.25,4.0,64,2048,4096,16384,7168,1010.114,1913.313,1115.138,0.1163
mixed,128,32,0.25,4.0,64,2048,8192,32768,14336,1705.106,3515.892,1837.329,0.073
mixed,128,32,0.25,4.0,64,8192,128,512,224,552.96,586.849,564.801,0.3494
mixed,128,32,0.25,4.0,64,8192,256,1024,448,581.553,640.033,610.576,0.4963
mixed,128,32,0.25,4.0,64,8192,512,2048,896,627.395,741.298,703.97,0.6723
mixed,128,32,0.25,4.0,64,8192,1024,4096,1792,715.345,832.866,877.46,1.3795
mixed,128,32,0.25,4.0,64,8192,2048,8192,3584,801.984,1464.146,806.657,0.0071
mixed,128,32,0.25,4.0,64,8192,4096,16384,7168,1309.634,2288.449,1179.008,-0.1335
mixed,128,32,0.25,4.0,64,8192,8192,32768,14336,2075.922,3885.813,2284.37,0.1152
mixed,128,32,0.25,4.0,64,16384,128,512,224,861.775,892.753,855.408,-0.2056
mixed,128,32,0.25,4.0,64,16384,256,1024,448,888.737,950.305,916.529,0.4514
mixed,128,32,0.25,4.0,64,16384,512,2048,896,935.601,1050.145,1010.913,0.6575
mixed,128,32,0.25,4.0,64,16384,1024,4096,1792,1022.128,1251.04,1182.689,0.7014
mixed,128,32,0.25,4.0,64,16384,2048,8192,3584,1201.779,1463.827,1517.571,1.2051
mixed,128,32,0.25,4.0,64,16384,4096,16384,7168,1425.84,2726.403,1435.78,0.0076
mixed,128,32,0.25,4.0,64,16384,8192,32768,14336,2417.058,4333.447,2139.331,-0.1449
mixed,128,32,0.25,4.0,256,0,128,512,224,225.616,259.554,234.993,0.2763
mixed,128,32,0.25,4.0,256,0,256,1024,448,252.881,315.201,256.624,0.0601
mixed,128,32,0.25,4.0,256,0,512,2048,896,302.401,419.441,326.801,0.2085
mixed,128,32,0.25,4.0,256,0,1024,4096,1792,394.417,616.016,504.271,0.4957
mixed,128,32,0.25,4.0,256,0,2048,8192,3584,567.904,1017.73,842.366,0.6102
mixed,128,32,0.25,4.0,256,0,4096,16384,7168,915.984,1838.308,1512.243,0.6465
mixed,128,32,0.25,4.0,256,0,8192,32768,14336,1624.595,3486.869,2861.107,0.664
mixed,128,32,0.25,4.0,256,512,128,512,224,304.721,339.871,320.257,0.442
mixed,128,32,0.25,4.0,256,512,256,1024,448,333.168,394.897,369.904,0.5951
mixed,128,32,0.25,4.0,256,512,512,2048,896,380.849,497.52,464.16,0.7141
mixed,128,32,0.25,4.0,256,512,1024,4096,1792,474.08,699.713,633.891,0.7083
mixed,128,32,0.25,4.0,256,512,2048,8192,3584,646.172,1098.657,959.889,0.6933
mixed,128,32,0.25,4.0,256,512,4096,16384,7168,996.386,1889.28,1625.683,0.7048
mixed,128,32,0.25,4.0,256,512,8192,32768,14336,1697.154,3492.804,2955.462,0.7008
mixed,128,32,0.25,4.0,256,2048,128,512,224,537.697,569.327,550.08,0.3915
mixed,128,32,0.25,4.0,256,2048,256,1024,448,560.977,619.426,599.362,0.6567
mixed,128,32,0.25,4.0,256,2048,512,2048,896,608.433,719.904,691.328,0.7436
mixed,128,32,0.25,4.0,256,2048,1024,4096,1792,694.095,922.353,859.745,0.7257
mixed,128,32,0.25,4.0,256,2048,2048,8192,3584,870.081,1327.218,1191.264,0.7026
mixed,128,32,0.25,4.0,256,2048,4096,16384,7168,1221.136,2133.636,1854.514,0.6941
mixed,128,32,0.25,4.0,256,2048,8192,32768,14336,1934.291,3739.349,3190.002,0.6957
mixed,128,32,0.25,4.0,256,8192,128,512,224,1418.93,1471.156,1418.369,-0.0108
mixed,128,32,0.25,4.0,256,8192,256,1024,448,1461.475,1516.306,1448.386,-0.2387
mixed,128,32,0.25,4.0,256,8192,512,2048,896,1502.817,1611.075,1491.234,-0.107
mixed,128,32,0.25,4.0,256,8192,1024,4096,1792,1581.089,1803.698,1760.388,0.8054
mixed,128,32,0.25,4.0,256,8192,2048,8192,3584,1752.465,2204.37,2087.699,0.7418
mixed,128,32,0.25,4.0,256,8192,4096,16384,7168,2099.874,3002.403,2762.195,0.7338
mixed,128,32,0.25,4.0,256,8192,8192,32768,14336,2802.723,4598.454,4090.148,0.7169
mixed,128,32,0.25,4.0,256,16384,128,512,224,2649.57,2637.445,2632.291,
mixed,128,32,0.25,4.0,256,16384,256,1024,448,2645.987,2726.882,2636.259,-0.1203
mixed,128,32,0.25,4.0,256,16384,512,2048,896,2714.292,2813.188,2686.978,-0.2762
mixed,128,32,0.25,4.0,256,16384,1024,4096,1792,2788.61,3019.747,2753.795,-0.1506
mixed,128,32,0.25,4.0,256,16384,2048,8192,3584,2949.042,3396.292,3297.491,0.7791
mixed,128,32,0.25,4.0,256,16384,4096,16384,7168,3288.147,4179.062,3954.854,0.7483
mixed,128,32,0.25,4.0,256,16384,8192,32768,14336,3975.303,5746.726,5303.224,0.7496
mixed,128,32,0.25,4.0,1024,0,128,512,224,514.224,551.536,542.705,0.7633
mixed,128,32,0.25,4.0,1024,0,256,1024,448,544.128,603.124,571.614,0.4659
mixed,128,32,0.25,4.0,1024,0,512,2048,896,589.057,704.83,647.763,0.5071
mixed,128,32,0.25,4.0,1024,0,1024,4096,1792,682.612,907.008,759.874,0.3443
mixed,128,32,0.25,4.0,1024,0,2048,8192,3584,857.186,1319.553,977.859,0.261
mixed,128,32,0.25,4.0,1024,0,4096,16384,7168,1212.45,2128.436,1397.267,0.2018
mixed,128,32,0.25,4.0,1024,0,8192,32768,14336,1918.498,3735.074,2248.148,0.1815
mixed,128,32,0.25,4.0,1024,512,128,512,224,771.122,808.723,797.492,0.7013
mixed,128,32,0.25,4.0,1024,512,256,1024,448,800.305,858.113,828.723,0.4916
mixed,128,32,0.25,4.0,1024,512,512,2048,896,848.453,965.312,905.716,0.49
mixed,128,32,0.25,4.0,1024,512,1024,4096,1792,939.346,1167.412,1011.123,0.3147
mixed,128,32,0.25,4.0,1024,512,2048,8192,3584,1112.434,1586.206,1232.289,0.253
mixed,128,32,0.25,4.0,1024,512,4096,16384,7168,1475.908,2420.597,1653.776,0.1883
mixed,128,32,0.25,4.0,1024,512,8192,32768,14336,2206.288,4045.011,2530.131,0.1761
mixed,128,32,0.25,4.0,1024,2048,128,512,224,1215.264,1251.585,1249.773,0.9501
mixed,128,32,0.25,4.0,1024,2048,256,1024,448,1247.062,1302.518,1276.807,0.5364
mixed,128,32,0.25,4.0,1024,2048,512,2048,896,1290.159,1411.014,1354.229,0.5301
mixed,128,32,0.25,4.0,1024,2048,1024,4096,1792,1381.78,1609.072,1463.058,0.3576
mixed,128,32,0.25,4.0,1024,2048,2048,8192,3584,1554.613,2014.211,1675.169,0.2623
mixed,128,32,0.25,4.0,1024,2048,4096,16384,7168,1911.714,2817.394,2097.714,0.2054
mixed,128,32,0.25,4.0,1024,2048,8192,32768,14336,2611.507,4425.828,2953.905,0.1887
mixed,128,32,0.25,4.0,1024,8192,128,512,224,2959.269,2992.562,2994.644,1.0625
mixed,128,32,0.25,4.0,1024,8192,256,1024,448,2996.707,3051.798,3020.677,0.4351
mixed,128,32,0.25,4.0,1024,8192,512,2048,896,3031.604,3149.509,3094.385,0.5325
mixed,128,32,0.25,4.0,1024,8192,1024,4096,1792,3126.934,3360.051,3200.771,0.3167
mixed,128,32,0.25,4.0,1024,8192,2048,8192,3584,3302.436,3758.869,3421.51,0.2609
mixed,128,32,0.25,4.0,1024,8192,4096,16384,7168,3662.484,4566.68,3839.847,0.1962
mixed,128,32,0.25,4.0,1024,8192,8192,32768,14336,4365.864,6180.249,4695.584,0.1817
mixed,128,32,0.25,4.0,1024,16384,128,512,224,5262.149,5300.919,5296.386,0.8831
mixed,128,32,0.25,4.0,1024,16384,256,1024,448,5292.043,5355.671,5320.393,0.4456
mixed,128,32,0.25,4.0,1024,16384,512,2048,896,5320.936,5446.024,5396.555,0.6045
mixed,128,32,0.25,4.0,1024,16384,1024,4096,1792,5430.549,5651.975,5501.109,0.3187
mixed,128,32,0.25,4.0,1024,16384,2048,8192,3584,5598.341,6071.544,5730.887,0.2801
mixed,128,32,0.25,4.0,1024,16384,4096,16384,7168,5959.047,6883.384,6147.512,0.2039
mixed,128,32,0.25,4.0,1024,16384,8192,32768,14336,6674.604,8485.658,6998.969,0.1791
mixed,128,32,0.25,4.0,4096,0,128,512,224,2236.482,2272.597,2263.776,0.7558
mixed,128,32,0.25,4.0,4096,0,256,1024,448,2263.269,2331.492,2299.121,0.5255
mixed,128,32,0.25,4.0,4096,0,512,2048,896,2313.01,2423.874,2367.505,0.4915
mixed,128,32,0.25,4.0,4096,0,1024,4096,1792,2398.738,2630.691,2481.041,0.3548
mixed,128,32,0.25,4.0,4096,0,2048,8192,3584,2582.994,3040.099,2694.354,0.2436
mixed,128,32,0.25,4.0,4096,0,4096,16384,7168,2941.524,3850.087,3112.723,0.1884
mixed,128,32,0.25,4.0,4096,0,8192,32768,14336,3639.331,5451.272,3971.076,0.1831
mixed,128,32,0.25,4.0,4096,512,128,512,224,2876.229,2908.915,2902.625,0.8076
mixed,128,32,0.25,4.0,4096,512,256,1024,448,2898.963,2950.805,2932.679,0.6504
mixed,128,32,0.25,4.0,4096,512,512,2048,896,2947.747,3062.213,3002.209,0.4758
mixed,128,32,0.25,4.0,4096,512,1024,4096,1792,3045.222,3266.181,3107.472,0.2817
mixed,128,32,0.25,4.0,4096,512,2048,8192,3584,3220.967,3681.047,3326.771,0.23
mixed,128,32,0.25,4.0,4096,512,4096,16384,7168,3583.267,4489.829,3766.612,0.2022
mixed,128,32,0.25,4.0,4096,512,8192,32768,14336,4283.028,6102.151,4614.582,0.1823
mixed,128,32,0.25,4.0,4096,2048,128,512,224,3956.774,3984.675,3975.815,0.6824
mixed,128,32,0.25,4.0,4096,2048,256,1024,448,3971.91,4039.541,4001.591,0.4389
mixed,128,32,0.25,4.0,4096,2048,512,2048,896,4020.054,4133.014,4083.219,0.5592
mixed,128,32,0.25,4.0,4096,2048,1024,4096,1792,4125.702,4346.807,4187.672,0.2803
mixed,128,32,0.25,4.0,4096,2048,2048,8192,3584,4300.738,4759.622,4407.092,0.2318
mixed,128,32,0.25,4.0,4096,2048,4096,16384,7168,4639.702,5560.134,4828.758,0.2054
mixed,128,32,0.25,4.0,4096,2048,8192,32768,14336,5363.125,7170.919,5681.496,0.1761
mixed,128,32,0.25,4.0,4096,8192,128,512,224,8238.52,8284.413,8267.117,0.6231
mixed,128,32,0.25,4.0,4096,8192,256,1024,448,8273.086,8348.938,8302.476,0.3875
mixed,128,32,0.25,4.0,4096,8192,512,2048,896,8320.22,8439.709,8373.243,0.4438
mixed,128,32,0.25,4.0,4096,8192,1024,4096,1792,8410.361,8642.269,8484.476,0.3196
mixed,128,32,0.25,4.0,4096,8192,2048,8192,3584,8587.26,9050.155,8720.796,0.2885
mixed,128,32,0.25,4.0,4096,8192,4096,16384,7168,8970.73,9853.117,9122.558,0.1721
mixed,128,32,0.25,4.0,4096,8192,8192,32768,14336,9661.63,11471.248,9980.093,0.176
mixed,128,32,0.25,4.0,4096,16384,128,512,224,13965.123,13991.621,13977.924,0.4831
mixed,128,32,0.25,4.0,4096,16384,256,1024,448,13988.71,14072.853,14117.415,1.5296
mixed,128,32,0.25,4.0,4096,16384,512,2048,896,14041.829,14141.219,14108.826,0.6741
mixed,128,32,0.25,4.0,4096,16384,1024,4096,1792,14124.895,14345.059,14200.788,0.3447
mixed,128,32,0.25,4.0,4096,16384,2048,8192,3584,14308.374,14799.378,14435.617,0.2591
mixed,128,32,0.25,4.0,4096,16384,4096,16384,7168,14655.617,15585.444,14872.327,0.2331
mixed,128,32,0.25,4.0,4096,16384,8192,32768,14336,15370.179,17182.185,15720.566,0.1934
pure,128,64,0.5,4.0,0,0,128,512,320,165.201,189.167,209.089,1.8312
pure,128,64,0.5,4.0,0,0,256,1024,640,201.553,241.201,250.88,1.2441
pure,128,64,0.5,4.0,0,0,512,2048,1280,267.776,346.128,328.192,0.7711
pure,128,64,0.5,4.0,0,0,1024,4096,2560,397.073,545.679,473.167,0.5121
pure,128,64,0.5,4.0,0,0,2048,8192,5120,644.064,952.4,753.346,0.3544
pure,128,64,0.5,4.0,0,0,4096,16384,10240,1152.498,1763.378,1315.794,0.2673
pure,128,64,0.5,4.0,0,0,8192,32768,20480,2158.435,3363.539,2438.096,0.2321
mixed,128,64,0.5,4.0,16,0,128,512,320,199.264,219.455,226.512,1.3495
mixed,128,64,0.5,4.0,16,0,256,1024,640,230.755,259.505,268.911,1.3271
mixed,128,64,0.5,4.0,16,0,512,2048,1280,289.12,366.562,348.847,0.7713
mixed,128,64,0.5,4.0,16,0,1024,4096,2560,418.16,566.513,490.784,0.4895
mixed,128,64,0.5,4.0,16,0,2048,8192,5120,665.44,976.32,767.84,0.3294
mixed,128,64,0.5,4.0,16,0,4096,16384,10240,1173.618,1779.84,1326.419,0.2521
mixed,128,64,0.5,4.0,16,0,8192,32768,20480,2182.867,3389.047,2447.811,0.2197
mixed,128,64,0.5,4.0,16,512,128,512,320,223.31,252.96,246.496,0.782
mixed,128,64,0.5,4.0,16,512,256,1024,640,270.593,318.033,289.456,0.3976
mixed,128,64,0.5,4.0,16,512,512,2048,1280,344.558,421.105,346.208,0.0216
mixed,128,64,0.5,4.0,16,512,1024,4096,2560,470.991,614.911,490.337,0.1344
mixed,128,64,0.5,4.0,16,512,2048,8192,5120,713.489,1000.403,765.728,0.1821
mixed,128,64,0.5,4.0,16,512,4096,16384,10240,1193.857,1783.459,1329.937,0.2308
mixed,128,64,0.5,4.0,16,512,8192,32768,20480,2168.531,3377.971,2446.323,0.2297
mixed,128,64,0.5,4.0,16,2048,128,512,320,225.312,261.376,224.564,-0.0207
mixed,128,64,0.5,4.0,16,2048,256,1024,640,278.737,349.808,239.632,-0.5502
mixed,128,64,0.5,4.0,16,2048,512,2048,1280,386.385,513.984,389.871,0.0273
mixed,128,64,0.5,4.0,16,2048,1024,4096,2560,572.449,720.192,557.408,-0.1018
mixed,128,64,0.5,4.0,16,2048,2048,8192,5120,819.057,1114.592,760.017,-0.1998
mixed,128,64,0.5,4.0,16,2048,4096,16384,10240,1300.529,1888.929,1321.313,0.0353
mixed,128,64,0.5,4.0,16,2048,8192,32768,20480,2272.323,3437.54,2442.13,0.1457
mixed,128,64,0.5,4.0,16,8192,128,512,320,314.658,321.153,301.039,-2.0965
mixed,128,64,0.5,4.0,16,8192,256,1024,640,360.817,354.769,339.265,
mixed,128,64,0.5,4.0,16,8192,512,2048,1280,396.961,519.68,390.384,-0.0536
mixed,128,64,0.5,4.0,16,8192,1024,4096,2560,601.265,848.864,571.022,-0.1221
mixed,128,64,0.5,4.0,16,8192,2048,8192,5120,955.056,1520.067,907.456,-0.0842
mixed,128,64,0.5,4.0,16,8192,4096,16384,10240,1721.602,2310.513,1610.642,-0.1884
mixed,128,64,0.5,4.0,16,8192,8192,32768,20480,2694.45,3851.014,2424.354,-0.2335
mixed,128,64,0.5,4.0,16,16384,128,512,320,397.298,380.034,379.825,
mixed,128,64,0.5,4.0,16,16384,256,1024,640,423.553,445.056,414.961,-0.3996
mixed,128,64,0.5,4.0,16,16384,512,2048,1280,508.321,524.462,508.751,0.0266
mixed,128,64,0.5,4.0,16,16384,1024,4096,2560,605.618,851.873,596.063,-0.0388
mixed,128,64,0.5,4.0,16,16384,2048,8192,5120,1018.547,1493.331,917.649,-0.2125
mixed,128,64,0.5,4.0,16,16384,4096,16384,10240,1697.695,2847.22,1594.066,-0.0901
mixed,128,64,0.5,4.0,16,16384,8192,32768,20480,3251.012,4407.701,2993.555,-0.2226
mixed,128,64,0.5,4.0,64,0,128,512,320,221.025,244.305,248.576,1.1835
mixed,128,64,0.5,4.0,64,0,256,1024,640,256.175,298.657,290.721,0.8132
mixed,128,64,0.5,4.0,64,0,512,2048,1280,323.953,400.398,371.296,0.6193
mixed,128,64,0.5,4.0,64,0,1024,4096,2560,451.152,601.778,515.108,0.4246
mixed,128,64,0.5,4.0,64,0,2048,8192,5120,705.888,1008.098,793.361,0.2894
mixed,128,64,0.5,4.0,64,0,4096,16384,10240,1210.0,1823.424,1350.37,0.2288
mixed,128,64,0.5,4.0,64,0,8192,32768,20480,2216.626,3433.765,2471.298,0.2092
mixed,128,64,0.5,4.0,64,512,128,512,320,229.648,263.761,229.151,-0.0146
mixed,128,64,0.5,4.0,64,512,256,1024,640,280.736,320.671,252.577,-0.7051
mixed,128,64,0.5,4.0,64,512,512,2048,1280,350.623,429.264,360.0,0.1192
mixed,128,64,0.5,4.0,64,512,1024,4096,2560,474.497,628.352,502.528,0.1822
mixed,128,64,0.5,4.0,64,512,2048,8192,5120,722.272,1025.074,784.799,0.2065
mixed,128,64,0.5,4.0,64,512,4096,16384,10240,1223.152,1824.708,1345.714,0.2037
mixed,128,64,0.5,4.0,64,512,8192,32768,20480,2226.434,3437.733,2476.578,0.2065
mixed,128,64,0.5,4.0,64,2048,128,512,320,331.52,353.665,336.88,0.242
mixed,128,64,0.5,4.0,64,2048,256,1024,640,373.697,348.528,385.55,
mixed,128,64,0.5,4.0,64,2048,512,2048,1280,392.673,510.193,389.712,-0.0252
mixed,128,64,0.5,4.0,64,2048,1024,4096,2560,560.641,713.394,569.25,0.0564
mixed,128,64,0.5,4.0,64,2048,2048,8192,5120,811.983,1113.521,780.627,-0.104
mixed,128,64,0.5,4.0,64,2048,4096,16384,10240,1304.433,1908.673,1343.283,0.0643
mixed,128,64,0.5,4.0,64,2048,8192,32768,20480,2305.826,3513.061,2471.81,0.1375
mixed,128,64,0.5,4.0,64,8192,128,512,320,563.888,586.657,571.329,0.3268
mixed,128,64,0.5,4.0,64,8192,256,1024,640,602.13,640.641,619.184,0.4428
mixed,128,64,0.5,4.0,64,8192,512,2048,1280,665.518,741.056,710.304,0.5929
mixed,128,64,0.5,4.0,64,8192,1024,4096,2560,793.855,832.722,882.354,2.277
mixed,128,64,0.5,4.0,64,8192,2048,8192,5120,995.266,1467.586,986.369,-0.0188
mixed,128,64,0.5,4.0,64,8192,4096,16384,10240,1672.321,2287.153,1584.674,-0.1426
mixed,128,64,0.5,4.0,64,8192,8192,32768,20480,2682.146,3889.845,2449.812,-0.1924
mixed,128,64,0.5,4.0,64,16384,128,512,320,871.682,894.641,873.488,0.0787
mixed,128,64,0.5,4.0,64,16384,256,1024,640,906.689,946.258,925.153,0.4666
mixed,128,64,0.5,4.0,64,16384,512,2048,1280,975.264,1046.912,1018.914,0.6092
mixed,128,64,0.5,4.0,64,16384,1024,4096,2560,1095.377,1248.016,1192.849,0.6386
mixed,128,64,0.5,4.0,64,16384,2048,8192,5120,1349.473,1467.568,1531.793,1.5438
mixed,128,64,0.5,4.0,64,16384,4096,16384,10240,1780.08,2732.133,1772.865,-0.0076
mixed,128,64,0.5,4.0,64,16384,8192,32768,20480,3130.755,4339.604,2916.594,-0.1772
mixed,128,64,0.5,4.0,256,0,128,512,320,237.551,258.642,240.193,0.1252
mixed,128,64,0.5,4.0,256,0,256,1024,640,273.666,316.146,265.535,-0.1914
mixed,128,64,0.5,4.0,256,0,512,2048,1280,341.968,417.154,334.865,-0.0945
mixed,128,64,0.5,4.0,256,0,1024,4096,2560,468.689,617.359,519.361,0.3408
mixed,128,64,0.5,4.0,256,0,2048,8192,5120,718.194,1016.561,859.041,0.4721
mixed,128,64,0.5,4.0,256,0,4096,16384,10240,1217.729,1834.93,1535.424,0.5147
mixed,128,64,0.5,4.0,256,0,8192,32768,20480,2258.338,3484.377,2894.706,0.519
mixed,128,64,0.5,4.0,256,512,128,512,320,316.434,342.29,326.224,0.3787
mixed,128,64,0.5,4.0,256,512,256,1024,640,356.414,396.862,376.386,0.4938
mixed,128,64,0.5,4.0,256,512,512,2048,1280,420.913,498.242,467.794,0.6063
mixed,128,64,0.5,4.0,256,512,1024,4096,2560,545.872,699.937,640.161,0.612
mixed,128,64,0.5,4.0,256,512,2048,8192,5120,796.834,1095.634,976.32,0.6007
mixed,128,64,0.5,4.0,256,512,4096,16384,10240,1295.232,1897.505,1647.553,0.585
mixed,128,64,0.5,4.0,256,512,8192,32768,20480,2289.441,3512.515,3004.419,0.5846
mixed,128,64,0.5,4.0,256,2048,128,512,320,549.33,569.345,557.279,0.3971
mixed,128,64,0.5,4.0,256,2048,256,1024,640,584.081,620.592,604.849,0.5688
mixed,128,64,0.5,4.0,256,2048,512,2048,1280,648.0,718.466,694.273,0.6567
mixed,128,64,0.5,4.0,256,2048,1024,4096,2560,766.691,924.609,865.329,0.6246
mixed,128,64,0.5,4.0,256,2048,2048,8192,5120,1020.866,1327.408,1203.264,0.595
mixed,128,64,0.5,4.0,256,2048,4096,16384,10240,1524.432,2137.734,1882.626,0.584
mixed,128,64,0.5,4.0,256,2048,8192,32768,20480,2535.507,3727.635,3246.611,0.5965
mixed,128,64,0.5,4.0,256,8192,128,512,320,1451.729,1470.867,1434.097,-0.9213
mixed,128,64,0.5,4.0,256,8192,256,1024,640,1480.755,1517.907,1506.464,0.692
mixed,128,64,0.5,4.0,256,8192,512,2048,1280,1535.905,1605.797,1596.514,0.8672
mixed,128,64,0.5,4.0,256,8192,1024,4096,2560,1654.402,1813.155,1759.987,0.6651
mixed,128,64,0.5,4.0,256,8192,2048,8192,5120,1903.954,2200.322,2098.081,0.655
mixed,128,64,0.5,4.0,256,8192,4096,16384,10240,2400.113,3003.572,2794.13,0.6529
mixed,128,64,0.5,4.0,256,8192,8192,32768,20480,3408.198,4599.188,4147.253,0.6205
mixed,128,64,0.5,4.0,256,16384,128,512,320,2633.635,2627.588,2632.338,
mixed,128,64,0.5,4.0,256,16384,256,1024,640,2630.13,2727.186,2633.845,0.0383
mixed,128,64,0.5,4.0,256,16384,512,2048,1280,2750.467,2812.068,2799.873,0.802
mixed,128,64,0.5,4.0,256,16384,1024,4096,2560,2856.882,3001.14,2985.54,0.8919
mixed,128,64,0.5,4.0,256,16384,2048,8192,5120,3098.931,3397.171,3313.251,0.7186
mixed,128,64,0.5,4.0,256,16384,4096,16384,10240,3585.446,4186.82,3981.03,0.6578
mixed,128,64,0.5,4.0,256,16384,8192,32768,20480,4581.124,5775.158,5344.486,0.6393
mixed,128,64,0.5,4.0,1024,0,128,512,320,527.376,549.714,570.383,1.9253
mixed,128,64,0.5,4.0,1024,0,256,1024,640,564.913,607.389,613.25,1.138
mixed,128,64,0.5,4.0,1024,0,512,2048,1280,630.353,707.966,691.25,0.7846
mixed,128,64,0.5,4.0,1024,0,1024,4096,2560,754.785,910.579,836.706,0.5258
mixed,128,64,0.5,4.0,1024,0,2048,8192,5120,1006.176,1318.466,1116.959,0.3547
mixed,128,64,0.5,4.0,1024,0,4096,16384,10240,1522.178,2127.622,1674.976,0.2524
mixed,128,64,0.5,4.0,1024,0,8192,32768,20480,2526.755,3730.1,2804.994,0.2312
mixed,128,64,0.5,4.0,1024,512,128,512,320,786.657,807.776,829.165,2.0128
mixed,128,64,0.5,4.0,1024,512,256,1024,640,819.759,862.033,869.184,1.1691
mixed,128,64,0.5,4.0,1024,512,512,2048,1280,883.473,961.859,946.559,0.8048
mixed,128,64,0.5,4.0,1024,512,1024,4096,2560,1010.052,1165.361,1090.614,0.5187
mixed,128,64,0.5,4.0,1024,512,2048,8192,5120,1268.483,1584.111,1374.917,0.3372
mixed,128,64,0.5,4.0,1024,512,4096,16384,10240,1795.366,2427.252,1944.802,0.2365
mixed,128,64,0.5,4.0,1024,512,8192,32768,20480,2830.113,4043.058,3107.12,0.2284
mixed,128,64,0.5,4.0,1024,2048,128,512,320,1230.081,1249.235,1276.701,2.434
mixed,128,64,0.5,4.0,1024,2048,256,1024,640,1264.097,1305.345,1311.985,1.161
mixed,128,64,0.5,4.0,1024,2048,512,2048,1280,1327.971,1409.218,1396.213,0.8399
mixed,128,64,0.5,4.0,1024,2048,1024,4096,2560,1461.793,1610.178,1542.355,0.5429
mixed,128,64,0.5,4.0,1024,2048,2048,8192,5120,1710.158,2017.299,1816.502,0.3462
mixed,128,64,0.5,4.0,1024,2048,4096,16384,10240,2217.604,2820.485,2376.26,0.2632
mixed,128,64,0.5,4.0,1024,2048,8192,32768,20480,3219.924,4427.861,3497.43,0.2297
mixed,128,64,0.5,4.0,1024,8192,128,512,320,2974.596,2998.207,3023.582,2.0748
mixed,128,64,0.5,4.0,1024,8192,256,1024,640,3008.882,3056.978,3063.812,1.1421
mixed,128,64,0.5,4.0,1024,8192,512,2048,1280,3072.949,3145.25,3137.331,0.8905
mixed,128,64,0.5,4.0,1024,8192,1024,4096,2560,3199.221,3355.986,3274.322,0.4791
mixed,128,64,0.5,4.0,1024,8192,2048,8192,5120,3449.89,3764.434,3559.572,0.3487
mixed,128,64,0.5,4.0,1024,8192,4096,16384,10240,3967.639,4572.357,4122.915,0.2568
mixed,128,64,0.5,4.0,1024,8192,8192,32768,20480,4969.763,6172.459,5241.814,0.2262
mixed,128,64,0.5,4.0,1024,16384,128,512,320,5269.975,5287.285,5315.733,2.6434
mixed,128,64,0.5,4.0,1024,16384,256,1024,640,5315.442,5349.209,5357.639,1.2497
mixed,128,64,0.5,4.0,1024,16384,512,2048,1280,5376.134,5454.339,5438.967,0.8034
mixed,128,64,0.5,4.0,1024,16384,1024,4096,2560,5503.906,5658.566,5577.878,0.4783
mixed,128,64,0.5,4.0,1024,16384,2048,8192,5120,5760.28,6051.851,5855.43,0.3263
mixed,128,64,0.5,4.0,1024,16384,4096,16384,10240,6272.149,6880.938,6431.365,0.2615
mixed,128,64,0.5,4.0,1024,16384,8192,32768,20480,7268.087,8481.513,7549.351,0.2318
mixed,128,64,0.5,4.0,4096,0,128,512,320,2250.386,2268.273,2294.325,2.4564
mixed,128,64,0.5,4.0,4096,0,256,1024,640,2285.043,2329.907,2334.836,1.1099
mixed,128,64,0.5,4.0,4096,0,512,2048,1280,2351.185,2423.521,2414.672,0.8777
mixed,128,64,0.5,4.0,4096,0,1024,4096,2560,2477.872,2635.808,2551.01,0.4631
mixed,128,64,0.5,4.0,4096,0,2048,8192,5120,2733.923,3040.339,2837.828,0.3391
mixed,128,64,0.5,4.0,4096,0,4096,16384,10240,3245.734,3847.925,3399.442,0.2552
mixed,128,64,0.5,4.0,4096,0,8192,32768,20480,4245.235,5451.143,4522.345,0.2298
mixed,128,64,0.5,4.0,4096,512,128,512,320,2883.062,2909.486,2933.185,1.8969
mixed,128,64,0.5,4.0,4096,512,256,1024,640,2918.912,2960.741,2971.38,1.2543
mixed,128,64,0.5,4.0,4096,512,512,2048,1280,2983.25,3061.873,3043.698,0.7688
mixed,128,64,0.5,4.0,4096,512,1024,4096,2560,3112.657,3270.709,3195.142,0.5219
mixed,128,64,0.5,4.0,4096,512,2048,8192,5120,3374.791,3681.606,3471.457,0.3151
mixed,128,64,0.5,4.0,4096,512,4096,16384,10240,3887.314,4490.981,4047.655,0.2656
mixed,128,64,0.5,4.0,4096,512,8192,32768,20480,4886.104,6099.016,5172.406,0.236
mixed,128,64,0.5,4.0,4096,2048,128,512,320,3972.838,3992.632,4007.844,1.7685
mixed,128,64,0.5,4.0,4096,2048,256,1024,640,3987.992,4030.246,4049.668,1.4597
mixed,128,64,0.5,4.0,4096,2048,512,2048,1280,4057.298,4144.71,4121.411,0.7335
mixed,128,64,0.5,4.0,4096,2048,1024,4096,2560,4185.86,4342.667,4270.101,0.5372
mixed,128,64,0.5,4.0,4096,2048,2048,8192,5120,4456.63,4742.988,4539.398,0.289
mixed,128,64,0.5,4.0,4096,2048,4096,16384,10240,4956.55,5556.614,5108.613,0.2534
mixed,128,64,0.5,4.0,4096,2048,8192,32768,20480,5960.979,7158.829,6236.81,0.2303
mixed,128,64,0.5,4.0,4096,8192,128,512,320,8253.818,8278.413,8315.343,2.5014
mixed,128,64,0.5,4.0,4096,8192,256,1024,640,8323.738,8329.084,8342.155,3.4449
mixed,128,64,0.5,4.0,4096,8192,512,2048,1280,8349.916,8460.073,8436.556,0.7865
mixed,128,64,0.5,4.0,4096,8192,1024,4096,2560,8499.759,8641.515,8564.426,0.4562
mixed,128,64,0.5,4.0,4096,8192,2048,8192,5120,8756.407,9045.293,8860.397,0.36
mixed,128,64,0.5,4.0,4096,8192,4096,16384,10240,9271.918,9852.718,9421.263,0.2571
mixed,128,64,0.5,4.0,4096,8192,8192,32768,20480,10268.973,11466.624,10536.653,0.2235
mixed,128,64,0.5,4.0,4096,16384,128,512,320,13976.466,13989.763,14035.043,4.4051
mixed,128,64,0.5,4.0,4096,16384,256,1024,640,14028.928,14042.754,14056.691,2.008
mixed,128,64,0.5,4.0,4096,16384,512,2048,1280,14077.763,14181.809,14132.643,0.5275
mixed,128,64,0.5,4.0,4096,16384,1024,4096,2560,14192.383,14378.417,14281.397,0.4785
mixed,128,64,0.5,4.0,4096,16384,2048,8192,5120,14502.725,14787.685,14562.484,0.2097
mixed,128,64,0.5,4.0,4096,16384,4096,16384,10240,14955.974,15593.602,15121.058,0.2589
mixed,128,64,0.5,4.0,4096,16384,8192,32768,20480,15981.977,17190.66,16257.031,0.2276
pure,128,96,0.75,4.0,0,0,128,512,416,175.44,188.272,242.8,5.2498
pure,128,96,0.75,4.0,0,0,256,1024,832,221.937,242.45,294.689,3.5466
pure,128,96,0.75,4.0,0,0,512,2048,1664,306.018,345.168,396.737,2.3172
pure,128,96,0.75,4.0,0,0,1024,4096,3328,468.641,546.64,583.713,1.4753
pure,128,96,0.75,4.0,0,0,2048,8192,6656,801.296,948.369,943.313,0.9656
pure,128,96,0.75,4.0,0,0,4096,16384,13312,1453.937,1755.603,1668.209,0.7103
pure,128,96,0.75,4.0,0,0,8192,32768,26624,2763.876,3363.333,3120.995,0.5957
mixed,128,96,0.75,4.0,16,0,128,512,416,205.743,219.664,195.823,-0.7126
mixed,128,96,0.75,4.0,16,0,256,1024,832,239.905,259.903,318.239,3.9171
mixed,128,96,0.75,4.0,16,0,512,2048,1664,328.21,367.666,415.871,2.2218
mixed,128,96,0.75,4.0,16,0,1024,4096,3328,491.12,566.641,601.665,1.4638
mixed,128,96,0.75,4.0,16,0,2048,8192,6656,820.544,977.33,959.203,0.8844
mixed,128,96,0.75,4.0,16,0,4096,16384,13312,1477.12,1782.628,1684.385,0.6784
mixed,128,96,0.75,4.0,16,0,8192,32768,26624,2781.732,3390.849,3130.724,0.5729
mixed,128,96,0.75,4.0,16,512,128,512,416,229.776,253.73,199.136,-1.2792
mixed,128,96,0.75,4.0,16,512,256,1024,832,293.552,320.144,241.009,-1.9759
mixed,128,96,0.75,4.0,16,512,512,2048,1664,382.032,419.649,418.336,0.9651
mixed,128,96,0.75,4.0,16,512,1024,4096,3328,540.37,614.928,602.753,0.8367
mixed,128,96,0.75,4.0,16,512,2048,8192,6656,861.202,1000.882,963.041,0.7291
mixed,128,96,0.75,4.0,16,512,4096,16384,13312,1489.521,1781.858,1690.001,0.6858
mixed,128,96,0.75,4.0,16,512,8192,32768,26624,2775.331,3380.083,3131.122,0.5883
mixed,128,96,0.75,4.0,16,2048,128,512,416,238.656,262.079,250.687,0.5136
mixed,128,96,0.75,4.0,16,2048,256,1024,832,313.328,349.504,284.4,-0.7996
mixed,128,96,0.75,4.0,16,2048,512,2048,1664,449.84,515.648,338.161,-1.6971
mixed,128,96,0.75,4.0,16,2048,1024,4096,3328,643.906,716.833,604.003,-0.5472
mixed,128,96,0.75,4.0,16,2048,2048,8192,6656,961.664,1111.841,966.4,0.0315
mixed,128,96,0.75,4.0,16,2048,4096,16384,13312,1597.729,1887.843,1692.593,0.327
mixed,128,96,0.75,4.0,16,2048,8192,32768,26624,2848.13,3435.169,3131.425,0.4826
mixed,128,96,0.75,4.0,16,8192,128,512,416,327.666,320.337,287.425,
mixed,128,96,0.75,4.0,16,8192,256,1024,832,325.216,354.224,342.114,0.5825
mixed,128,96,0.75,4.0,16,8192,512,2048,1664,456.704,517.52,506.209,0.814
mixed,128,96,0.75,4.0,16,8192,1024,4096,3328,715.63,849.328,611.569,-0.7783
mixed,128,96,0.75,4.0,16,8192,2048,8192,6656,1268.497,1516.913,868.818,-1.6089
mixed,128,96,0.75,4.0,16,8192,4096,16384,13312,2019.026,2309.057,1701.442,-1.095
mixed,128,96,0.75,4.0,16,8192,8192,32768,26624,3272.497,3856.323,3154.292,-0.2025
mixed,128,96,0.75,4.0,16,16384,128,512,416,401.713,380.401,382.833,
mixed,128,96,0.75,4.0,16,16384,256,1024,832,469.665,447.088,447.728,
mixed,128,96,0.75,4.0,16,16384,512,2048,1664,581.984,522.399,517.137,
mixed,128,96,0.75,4.0,16,16384,1024,4096,3328,728.591,850.867,835.073,0.8708
mixed,128,96,0.75,4.0,16,16384,2048,8192,6656,1249.842,1500.882,1033.074,-0.8635
mixed,128,96,0.75,4.0,16,16384,4096,16384,13312,2353.314,2847.491,1549.57,-1.6264
mixed,128,96,0.75,4.0,16,16384,8192,32768,26624,3829.316,4408.581,3167.12,-1.1432
mixed,128,96,0.75,4.0,64,0,128,512,416,230.56,242.238,221.615,-0.7658
mixed,128,96,0.75,4.0,64,0,256,1024,832,276.064,296.289,338.543,3.0893
mixed,128,96,0.75,4.0,64,0,512,2048,1664,362.303,401.2,439.152,1.9757
mixed,128,96,0.75,4.0,64,0,1024,4096,3328,525.472,602.194,622.609,1.2661
mixed,128,96,0.75,4.0,64,0,2048,8192,6656,861.377,1014.081,985.584,0.8134
mixed,128,96,0.75,4.0,64,0,4096,16384,13312,1514.608,1814.418,1706.287,0.6393
mixed,128,96,0.75,4.0,64,0,8192,32768,26624,2822.499,3422.516,3153.858,0.5522
mixed,128,96,0.75,4.0,64,512,128,512,416,243.632,263.871,259.519,0.785
mixed,128,96,0.75,4.0,64,512,256,1024,832,298.576,319.536,315.202,0.7932
mixed,128,96,0.75,4.0,64,512,512,2048,1664,389.119,428.193,422.016,0.8419
mixed,128,96,0.75,4.0,64,512,1024,4096,3328,552.833,626.913,621.217,0.9231
mixed,128,96,0.75,4.0,64,512,2048,8192,6656,876.69,1017.986,978.289,0.719
mixed,128,96,0.75,4.0,64,512,4096,16384,13312,1532.577,1826.817,1704.305,0.5836
mixed,128,96,0.75,4.0,64,512,8192,32768,26624,2822.499,3434.707,3158.962,0.5496
mixed,128,96,0.75,4.0,64,2048,128,512,416,344.673,358.143,346.895,0.165
mixed,128,96,0.75,4.0,64,2048,256,1024,832,319.727,349.023,343.024,0.7952
mixed,128,96,0.75,4.0,64,2048,512,2048,1664,451.665,510.048,508.048,0.9657
mixed,128,96,0.75,4.0,64,2048,1024,4096,3328,636.259,712.4,698.223,0.8138
mixed,128,96,0.75,4.0,64,2048,2048,8192,6656,958.753,1115.584,1044.784,0.5486
mixed,128,96,0.75,4.0,64,2048,4096,16384,13312,1608.146,1915.537,1716.848,0.3536
mixed,128,96,0.75,4.0,64,2048,8192,32768,26624,2925.49,3495.716,3168.419,0.426
mixed,128,96,0.75,4.0,64,8192,128,512,416,576.001,586.273,580.32,0.4205
mixed,128,96,0.75,4.0,64,8192,256,1024,832,619.712,640.304,628.047,0.4048
mixed,128,96,0.75,4.0,64,8192,512,2048,1664,704.994,739.505,717.199,0.3537
mixed,128,96,0.75,4.0,64,8192,1024,4096,3328,865.97,831.761,896.993,
mixed,128,96,0.75,4.0,64,8192,2048,8192,6656,1230.704,1465.249,1456.289,0.9618
mixed,128,96,0.75,4.0,64,8192,4096,16384,13312,1977.921,2286.451,2210.082,0.7525
mixed,128,96,0.75,4.0,64,8192,8192,32768,26624,3287.14,3890.034,3593.107,0.5075
mixed,128,96,0.75,4.0,64,16384,128,512,416,883.682,896.814,885.361,0.1279
mixed,128,96,0.75,4.0,64,16384,256,1024,832,924.307,947.553,939.023,0.6331
mixed,128,96,0.75,4.0,64,16384,512,2048,1664,1011.457,1049.171,1029.33,0.4739
mixed,128,96,0.75,4.0,64,16384,1024,4096,3328,1174.562,1250.082,1205.55,0.4103
mixed,128,96,0.75,4.0,64,16384,2048,8192,6656,1505.793,1463.329,1556.274,
mixed,128,96,0.75,4.0,64,16384,4096,16384,13312,2260.401,2734.77,2713.633,0.9554
mixed,128,96,0.75,4.0,64,16384,8192,32768,26624,3740.115,4342.309,4183.444,0.7362
mixed,128,96,0.75,4.0,256,0,128,512,416,246.978,260.335,248.464,0.1113
mixed,128,96,0.75,4.0,256,0,256,1024,832,294.785,314.497,291.522,-0.1655
mixed,128,96,0.75,4.0,256,0,512,2048,1664,380.801,418.128,373.853,-0.1861
mixed,128,96,0.75,4.0,256,0,1024,4096,3328,542.448,616.434,544.13,0.0227
mixed,128,96,0.75,4.0,256,0,2048,8192,6656,867.376,1017.569,903.968,0.2436
mixed,128,96,0.75,4.0,256,0,4096,16384,13312,1522.211,1834.898,1610.081,0.281
mixed,128,96,0.75,4.0,256,0,8192,32768,26624,2884.596,3488.948,3035.376,0.2495
mixed,128,96,0.75,4.0,256,512,128,512,416,326.832,339.438,330.976,0.3288
mixed,128,96,0.75,4.0,256,512,256,1024,832,374.001,395.279,380.288,0.2955
mixed,128,96,0.75,4.0,256,512,512,2048,1664,458.45,498.432,477.312,0.4717
mixed,128,96,0.75,4.0,256,512,1024,4096,3328,623.506,700.752,656.866,0.4319
mixed,128,96,0.75,4.0,256,512,2048,8192,6656,947.745,1101.09,1005.202,0.3747
mixed,128,96,0.75,4.0,256,512,4096,16384,13312,1590.835,1900.065,1699.17,0.3503
mixed,128,96,0.75,4.0,256,512,8192,32768,26624,2905.603,3495.171,3086.883,0.3075
mixed,128,96,0.75,4.0,256,2048,128,512,416,560.672,570.658,561.009,0.0337
mixed,128,96,0.75,4.0,256,2048,256,1024,832,600.45,620.416,610.096,0.4831
mixed,128,96,0.75,4.0,256,2048,512,2048,1664,682.93,718.88,699.888,0.4717
mixed,128,96,0.75,4.0,256,2048,1024,4096,3328,843.987,921.968,881.33,0.4789
mixed,128,96,0.75,4.0,256,2048,2048,8192,6656,1172.626,1326.144,1233.523,0.3967
mixed,128,96,0.75,4.0,256,2048,4096,16384,13312,1831.138,2130.401,1925.714,0.316
mixed,128,96,0.75,4.0,256,2048,8192,32768,26624,3141.604,3737.971,3331.636,0.3186
mixed,128,96,0.75,4.0,256,8192,128,512,416,1455.905,1469.923,1463.618,0.5502
mixed,128,96,0.75,4.0,256,8192,256,1024,832,1499.938,1515.743,1511.378,0.7238
mixed,128,96,0.75,4.0,256,8192,512,2048,1664,1574.05,1605.636,1604.242,0.9559
mixed,128,96,0.75,4.0,256,8192,1024,4096,3328,1730.213,1815.859,1783.314,0.62
mixed,128,96,0.75,4.0,256,8192,2048,8192,6656,2056.003,2206.067,2123.81,0.4519
mixed,128,96,0.75,4.0,256,8192,4096,16384,13312,2717.971,3012.722,2828.753,0.3759
mixed,128,96,0.75,4.0,256,8192,8192,32768,26624,3996.068,4601.99,4230.068,0.3862
mixed,128,96,0.75,4.0,256,16384,128,512,416,2635.091,2637.442,2631.845,-1.381
mixed,128,96,0.75,4.0,256,16384,256,1024,832,2708.673,2728.882,2664.017,-2.2097
mixed,128,96,0.75,4.0,256,16384,512,2048,1664,2782.163,2813.507,2812.707,0.9745
mixed,128,96,0.75,4.0,256,16384,1024,4096,3328,2933.445,3017.666,2985.57,0.6189
mixed,128,96,0.75,4.0,256,16384,2048,8192,6656,3242.675,3385.17,3332.338,0.6292
mixed,128,96,0.75,4.0,256,16384,4096,16384,13312,3881.651,4180.197,4017.077,0.4536
mixed,128,96,0.75,4.0,256,16384,8192,32768,26624,5168.182,5756.056,5424.633,0.4362
mixed,128,96,0.75,4.0,1024,0,128,512,416,539.201,549.407,605.49,6.4948
mixed,128,96,0.75,4.0,1024,0,256,1024,832,583.202,605.553,657.456,3.3221
mixed,128,96,0.75,4.0,1024,0,512,2048,1664,670.002,708.691,755.183,2.2017
mixed,128,96,0.75,4.0,1024,0,1024,4096,3328,830.302,909.427,945.008,1.4497
mixed,128,96,0.75,4.0,1024,0,2048,8192,6656,1160.162,1315.635,1307.874,0.9501
mixed,128,96,0.75,4.0,1024,0,4096,16384,13312,1822.613,2129.297,2035.984,0.6957
mixed,128,96,0.75,4.0,1024,0,8192,32768,26624,3126.211,3732.979,3486.673,0.5941
mixed,128,96,0.75,4.0,1024,512,128,512,416,793.745,805.775,860.719,5.5671
mixed,128,96,0.75,4.0,1024,512,256,1024,832,840.353,858.639,913.841,4.0188
mixed,128,96,0.75,4.0,1024,512,512,2048,1664,924.101,964.237,1013.733,2.2332
mixed,128,96,0.75,4.0,1024,512,1024,4096,3328,1085.969,1162.832,1197.763,1.4545
mixed,128,96,0.75,4.0,1024,512,2048,8192,6656,1423.216,1582.672,1558.768,0.8501
mixed,128,96,0.75,4.0,1024,512,4096,16384,13312,2106.021,2428.24,2306.309,0.6216
mixed,128,96,0.75,4.0,1024,512,8192,32768,26624,3441.173,4042.707,3788.105,0.5767
mixed,128,96,0.75,4.0,1024,2048,128,512,416,1240.545,1250.72,1308.987,6.7271
mixed,128,96,0.75,4.0,1024,2048,256,1024,832,1285.188,1302.802,1365.247,4.5452
mixed,128,96,0.75,4.0,1024,2048,512,2048,1664,1370.242,1408.498,1462.22,2.4043
mixed,128,96,0.75,4.0,1024,2048,1024,4096,3328,1527.134,1613.361,1647.328,1.3939
mixed,128,96,0.75,4.0,1024,2048,2048,8192,6656,1862.129,2012.788,2009.781,0.98
mixed,128,96,0.75,4.0,1024,2048,4096,16384,13312,2518.068,2819.22,2728.228,0.6979
mixed,128,96,0.75,4.0,1024,2048,8192,32768,26624,3826.02,4427.378,4181.524,0.5912
mixed,128,96,0.75,4.0,1024,8192,128,512,416,2988.245,2998.646,3060.677,6.9636
mixed,128,96,0.75,4.0,1024,8192,256,1024,832,3030.904,3047.667,3111.989,4.8372
mixed,128,96,0.75,4.0,1024,8192,512,2048,1664,3107.651,3149.097,3204.081,2.3266
mixed,128,96,0.75,4.0,1024,8192,1024,4096,3328,3281.907,3350.884,3380.775,1.4333
mixed,128,96,0.75,4.0,1024,8192,2048,8192,6656,3599.558,3764.149,3749.204,0.9092
mixed,128,96,0.75,4.0,1024,8192,4096,16384,13312,4260.88,4564.724,4473.687,0.7004
mixed,128,96,0.75,4.0,1024,8192,8192,32768,26624,5577.669,6176.504,5938.711,0.6029
mixed,128,96,0.75,4.0,1024,16384,128,512,416,5284.267,5297.508,5382.818,7.4426
mixed,128,96,0.75,4.0,1024,16384,256,1024,832,5340.117,5355.326,5424.296,5.5348
mixed,128,96,0.75,4.0,1024,16384,512,2048,1664,5424.26,5469.16,5513.573,1.9891
mixed,128,96,0.75,4.0,1024,16384,1024,4096,3328,5582.949,5676.791,5691.834,1.1603
mixed,128,96,0.75,4.0,1024,16384,2048,8192,6656,5915.675,6070.039,6063.033,0.9546
mixed,128,96,0.75,4.0,1024,16384,4096,16384,13312,6570.277,6877.032,6769.445,0.6493
mixed,128,96,0.75,4.0,1024,16384,8192,32768,26624,7876.442,8489.579,8235.271,0.5852
mixed,128,96,0.75,4.0,4096,0,128,512,416,2260.068,2276.228,2323.953,3.9533
mixed,128,96,0.75,4.0,4096,0,256,1024,832,2312.677,2322.802,2375.939,6.2477
mixed,128,96,0.75,4.0,4096,0,512,2048,1664,2388.277,2431.713,2477.824,2.0616
mixed,128,96,0.75,4.0,4096,0,1024,4096,3328,2553.189,2632.981,2660.884,1.3497
mixed,128,96,0.75,4.0,4096,0,2048,8192,6656,2890.371,3050.899,3032.117,0.883
mixed,128,96,0.75,4.0,4096,0,4096,16384,13312,3549.108,3846.546,3748.966,0.6719
mixed,128,96,0.75,4.0,4096,0,8192,32768,26624,4852.359,5461.574,5205.525,0.5797
mixed,128,96,0.75,4.0,4096,512,128,512,416,2897.507,2917.124,2969.139,3.6516
mixed,128,96,0.75,4.0,4096,512,256,1024,832,2938.015,2957.394,3016.776,4.0642
mixed,128,96,0.75,4.0,4096,512,512,2048,1664,3025.619,3071.074,3108.468,1.8227
mixed,128,96,0.75,4.0,4096,512,1024,4096,3328,3193.429,3262.561,3290.901,1.4099
mixed,128,96,0.75,4.0,4096,512,2048,8192,6656,3538.756,3674.149,3661.606,0.9074
mixed,128,96,0.75,4.0,4096,512,4096,16384,13312,4176.662,4494.213,4392.546,0.6798
mixed,128,96,0.75,4.0,4096,512,8192,32768,26624,5494.774,6105.13,5850.171,0.5823
mixed,128,96,0.75,4.0,4096,2048,128,512,416,3969.222,3983.864,4043.065,5.0432
mixed,128,96,0.75,4.0,4096,2048,256,1024,832,4028.535,4033.015,4111.96,18.6217
mixed,128,96,0.75,4.0,4096,2048,512,2048,1664,4091.896,4145.448,4187.923,1.7932
mixed,128,96,0.75,4.0,4096,2048,1024,4096,3328,4272.961,4343.669,4378.852,1.4976
mixed,128,96,0.75,4.0,4096,2048,2048,8192,6656,4600.52,4756.952,4749.417,0.9518
mixed,128,96,0.75,4.0,4096,2048,4096,16384,13312,5265.193,5561.144,5474.759,0.7081
mixed,128,96,0.75,4.0,4096,2048,8192,32768,26624,6569.561,7172.938,6917.273,0.5763
mixed,128,96,0.75,4.0,4096,8192,128,512,416,8258.84,8276.443,8333.178,4.2228
mixed,128,96,0.75,4.0,4096,8192,256,1024,832,8311.802,8366.22,8387.512,1.3913
mixed,128,96,0.75,4.0,4096,8192,512,2048,1664,8424.444,8433.593,8495.513,7.7676
mixed,128,96,0.75,4.0,4096,8192,1024,4096,3328,8591.565,8639.96,8673.433,1.6916
mixed,128,96,0.75,4.0,4096,8192,2048,8192,6656,8890.638,9046.427,9030.953,0.9007
mixed,128,96,0.75,4.0,4096,8192,4096,16384,13312,9564.56,9872.858,9776.015,0.6859
mixed,128,96,0.75,4.0,4096,8192,8192,32768,26624,10866.588,11474.094,11218.369,0.5791
mixed,128,96,0.75,4.0,4096,16384,128,512,416,13988.782,13985.021,14069.236,
mixed,128,96,0.75,4.0,4096,16384,256,1024,832,14022.899,14051.919,14110.191,3.008
mixed,128,96,0.75,4.0,4096,16384,512,2048,1664,14117.777,14147.623,14215.473,3.2733
mixed,128,96,0.75,4.0,4096,16384,1024,4096,3328,14268.661,14352.852,14389.989,1.4411
mixed,128,96,0.75,4.0,4096,16384,2048,8192,6656,14653.911,14790.593,14774.916,0.8853
mixed,128,96,0.75,4.0,4096,16384,4096,16384,13312,15271.766,15587.253,15493.219,0.7019
mixed,128,96,0.75,4.0,4096,16384,8192,32768,26624,16589.626,17186.39,16942.009,0.5905
pure,128,115,0.8984,4.0,0,0,128,512,473,183.2,188.433,185.342,0.4094
pure,128,115,0.8984,4.0,0,0,256,1024,946,230.112,241.823,236.351,0.5327
pure,128,115,0.8984,4.0,0,0,512,2048,1892,329.809,345.568,336.978,0.4549
pure,128,115,0.8984,4.0,0,0,1024,4096,3784,514.961,550.368,528.08,0.3705
pure,128,115,0.8984,4.0,0,0,2048,8192,7568,890.705,952.88,986.513,1.5409
pure,128,115,0.8984,4.0,0,0,4096,16384,15136,1639.859,1758.227,1734.978,0.8036
pure,128,115,0.8984,4.0,0,0,8192,32768,30272,3132.038,3361.253,3232.597,0.4387
mixed,128,115,0.8984,4.0,16,0,128,512,473,213.218,218.145,200.846,-2.5107
mixed,128,115,0.8984,4.0,16,0,256,1024,946,248.386,260.112,254.384,0.5115
mixed,128,115,0.8984,4.0,16,0,512,2048,1892,351.633,369.761,355.984,0.24
mixed,128,115,0.8984,4.0,16,0,1024,4096,3784,533.826,567.377,546.496,0.3776
mixed,128,115,0.8984,4.0,16,0,2048,8192,7568,909.219,973.795,999.905,1.4043
mixed,128,115,0.8984,4.0,16,0,4096,16384,15136,1659.603,1783.555,1751.603,0.7422
mixed,128,115,0.8984,4.0,16,0,8192,32768,30272,3147.381,3391.476,3249.924,0.4201
mixed,128,115,0.8984,4.0,16,512,128,512,473,242.417,251.889,223.569,-1.99
mixed,128,115,0.8984,4.0,16,512,256,1024,946,306.176,317.856,253.569,-4.504
mixed,128,115,0.8984,4.0,16,512,512,2048,1892,405.904,422.288,356.193,-3.0342
mixed,128,115,0.8984,4.0,16,512,1024,4096,3784,585.232,613.474,548.049,-1.3166
mixed,128,115,0.8984,4.0,16,512,2048,8192,7568,945.169,1000.498,926.193,-0.343
mixed,128,115,0.8984,4.0,16,512,4096,16384,15136,1661.728,1783.968,1750.691,0.7278
mixed,128,115,0.8984,4.0,16,512,8192,32768,30272,3137.538,3381.203,3246.4,0.4468
mixed,128,115,0.8984,4.0,16,2048,128,512,473,251.007,261.76,256.846,0.543
mixed,128,115,0.8984,4.0,16,2048,256,1024,946,327.713,348.527,347.378,0.9448
mixed,128,115,0.8984,4.0,16,2048,512,2048,1892,486.224,514.977,393.904,-3.2107
mixed,128,115,0.8984,4.0,16,2048,1024,4096,3784,690.176,717.375,553.328,-5.0315
mixed,128,115,0.8984,4.0,16,2048,2048,8192,7568,1043.68,1112.385,924.336,-1.7371
mixed,128,115,0.8984,4.0,16,2048,4096,16384,15136,1767.907,1891.394,1677.809,-0.7296
mixed,128,115,0.8984,4.0,16,2048,8192,32768,30272,3201.602,3439.809,3257.556,0.2349
mixed,128,115,0.8984,4.0,16,8192,128,512,473,306.848,320.976,317.742,0.7711
mixed,128,115,0.8984,4.0,16,8192,256,1024,946,330.674,353.632,349.569,0.823
mixed,128,115,0.8984,4.0,16,8192,512,2048,1892,489.231,521.458,518.288,0.9017
mixed,128,115,0.8984,4.0,16,8192,1024,4096,3784,792.096,850.577,848.864,0.9707
mixed,128,115,0.8984,4.0,16,8192,2048,8192,7568,1413.777,1519.793,1052.689,-3.406
mixed,128,115,0.8984,4.0,16,8192,4096,16384,15136,2190.784,2306.335,1686.463,-4.3645
mixed,128,115,0.8984,4.0,16,8192,8192,32768,30272,3615.682,3853.234,3172.611,-1.8652
mixed,128,115,0.8984,4.0,16,16384,128,512,473,383.599,381.439,377.951,
mixed,128,115,0.8984,4.0,16,16384,256,1024,946,477.601,445.375,442.416,
mixed,128,115,0.8984,4.0,16,16384,512,2048,1892,490.432,525.183,516.273,0.7436
mixed,128,115,0.8984,4.0,16,16384,1024,4096,3784,800.975,853.12,850.912,0.9576
mixed,128,115,0.8984,4.0,16,16384,2048,8192,7568,1389.697,1502.961,1499.295,0.9676
mixed,128,115,0.8984,4.0,16,16384,4096,16384,15136,2649.92,2853.251,1919.235,-3.5936
mixed,128,115,0.8984,4.0,16,16384,8192,32768,30272,4177.2,4393.154,3188.162,-4.5799
mixed,128,115,0.8984,4.0,64,0,128,512,473,237.617,243.697,237.84,0.0368
mixed,128,115,0.8984,4.0,64,0,256,1024,946,285.057,296.545,286.625,0.1365
mixed,128,115,0.8984,4.0,64,0,512,2048,1892,382.975,400.432,383.49,0.0295
mixed,128,115,0.8984,4.0,64,0,1024,4096,3784,568.239,602.481,576.0,0.2266
mixed,128,115,0.8984,4.0,64,0,2048,8192,7568,952.671,1009.217,1029.81,1.3642
mixed,128,115,0.8984,4.0,64,0,4096,16384,15136,1704.707,1819.281,1777.857,0.6385
mixed,128,115,0.8984,4.0,64,0,8192,32768,30272,3192.002,3428.659,3268.93,0.3251
mixed,128,115,0.8984,4.0,64,512,128,512,473,255.569,262.464,262.414,0.9928
mixed,128,115,0.8984,4.0,64,512,256,1024,946,312.528,319.904,318.385,0.7941
mixed,128,115,0.8984,4.0,64,512,512,2048,1892,411.136,426.961,422.703,0.7309
mixed,128,115,0.8984,4.0,64,512,1024,4096,3784,591.392,626.976,613.583,0.6236
mixed,128,115,0.8984,4.0,64,512,2048,8192,7568,966.704,1026.144,981.713,0.2525
mixed,128,115,0.8984,4.0,64,512,4096,16384,15136,1709.938,1829.858,1736.322,0.22
mixed,128,115,0.8984,4.0,64,512,8192,32768,30272,3191.375,3438.004,3310.849,0.4844
mixed,128,115,0.8984,4.0,64,2048,128,512,473,350.271,355.183,351.135,0.1759
mixed,128,115,0.8984,4.0,64,2048,256,1024,946,328.338,348.048,346.927,0.9431
mixed,128,115,0.8984,4.0,64,2048,512,2048,1892,486.545,512.543,510.832,0.9342
mixed,128,115,0.8984,4.0,64,2048,1024,4096,3784,678.896,713.777,704.976,0.7477
mixed,128,115,0.8984,4.0,64,2048,2048,8192,7568,1052.561,1110.929,1080.13,0.4723
mixed,128,115,0.8984,4.0,64,2048,4096,16384,15136,1800.53,1906.575,1816.449,0.1501
mixed,128,115,0.8984,4.0,64,2048,8192,32768,30272,3259.119,3507.267,3293.667,0.1392
mixed,128,115,0.8984,4.0,64,8192,128,512,473,581.236,586.017,582.625,0.2905
mixed,128,115,0.8984,4.0,64,8192,256,1024,946,631.808,642.656,635.136,0.3068
mixed,128,115,0.8984,4.0,64,8192,512,2048,1892,730.721,742.849,729.632,-0.0897
mixed,128,115,0.8984,4.0,64,8192,1024,4096,3784,805.535,837.343,829.776,0.7621
mixed,128,115,0.8984,4.0,64,8192,2048,8192,7568,1373.168,1465.728,1462.769,0.968
mixed,128,115,0.8984,4.0,64,8192,4096,16384,15136,2159.713,2285.953,2248.563,0.7038
mixed,128,115,0.8984,4.0,64,8192,8192,32768,30272,3652.148,3889.556,3745.668,0.3939
mixed,128,115,0.8984,4.0,64,16384,128,512,473,890.209,893.122,892.366,0.7404
mixed,128,115,0.8984,4.0,64,16384,256,1024,946,941.074,949.426,941.824,0.0898
mixed,128,115,0.8984,4.0,64,16384,512,2048,1892,1035.201,1050.05,1035.84,0.043
mixed,128,115,0.8984,4.0,64,16384,1024,4096,3784,1221.185,1249.602,1229.232,0.2832
mixed,128,115,0.8984,4.0,64,16384,2048,8192,7568,1430.481,1465.09,1459.154,0.8285
mixed,128,115,0.8984,4.0,64,16384,4096,16384,15136,2543.794,2730.898,2729.347,0.9917
mixed,128,115,0.8984,4.0,64,16384,8192,32768,30272,4100.294,4340.275,4268.405,0.7005
mixed,128,115,0.8984,4.0,256,0,128,512,473,253.344,260.322,255.231,0.2705
mixed,128,115,0.8984,4.0,256,0,256,1024,946,304.846,315.792,308.255,0.3115
mixed,128,115,0.8984,4.0,256,0,512,2048,1892,401.856,418.832,401.252,-0.0356
mixed,128,115,0.8984,4.0,256,0,1024,4096,3784,585.042,615.65,582.767,-0.0743
mixed,128,115,0.8984,4.0,256,0,2048,8192,7568,953.536,1015.617,978.816,0.4072
mixed,128,115,0.8984,4.0,256,0,4096,16384,15136,1714.785,1840.017,1732.898,0.1446
mixed,128,115,0.8984,4.0,256,0,8192,32768,30272,3247.458,3479.796,3244.275,-0.0137
mixed,128,115,0.8984,4.0,256,512,128,512,473,334.0,340.226,336.848,0.4573
mixed,128,115,0.8984,4.0,256,512,256,1024,946,385.952,396.111,388.32,0.233
mixed,128,115,0.8984,4.0,256,512,512,2048,1892,481.394,496.849,487.457,0.3923
mixed,128,115,0.8984,4.0,256,512,1024,4096,3784,667.747,699.631,680.435,0.3979
mixed,128,115,0.8984,4.0,256,512,2048,8192,7568,1038.801,1097.649,1048.945,0.1724
mixed,128,115,0.8984,4.0,256,512,4096,16384,15136,1783.043,1901.729,1788.817,0.0487
mixed,128,115,0.8984,4.0,256,512,8192,32768,30272,3262.804,3490.147,3271.267,0.0372
mixed,128,115,0.8984,4.0,256,2048,128,512,473,564.593,568.865,565.039,0.1044
mixed,128,115,0.8984,4.0,256,2048,256,1024,946,612.352,621.217,613.583,0.1388
mixed,128,115,0.8984,4.0,256,2048,512,2048,1892,702.273,719.025,708.977,0.4002
mixed,128,115,0.8984,4.0,256,2048,1024,4096,3784,888.628,925.346,904.097,0.4213
mixed,128,115,0.8984,4.0,256,2048,2048,8192,7568,1262.499,1328.32,1279.378,0.2564
mixed,128,115,0.8984,4.0,256,2048,4096,16384,15136,2016.367,2130.562,2020.642,0.0374
mixed,128,115,0.8984,4.0,256,2048,8192,32768,30272,3506.053,3739.283,3510.708,0.02
mixed,128,115,0.8984,4.0,256,8192,128,512,473,1462.338,1472.241,1466.784,0.4489
mixed,128,115,0.8984,4.0,256,8192,256,1024,946,1506.626,1516.88,1512.527,0.5756
mixed,128,115,0.8984,4.0,256,8192,512,2048,1892,1590.883,1607.104,1602.42,0.7112
mixed,128,115,0.8984,4.0,256,8192,1024,4096,3784,1768.851,1808.019,1790.627,0.556
mixed,128,115,0.8984,4.0,256,8192,2048,8192,7568,2136.753,2199.841,2161.651,0.3947
mixed,128,115,0.8984,4.0,256,8192,4096,16384,15136,2890.722,3010.627,2904.594,0.1157
mixed,128,115,0.8984,4.0,256,8192,8192,32768,30272,4348.645,4586.611,4392.836,0.1857
mixed,128,115,0.8984,4.0,256,16384,128,512,473,2634.465,2630.771,2636.961,
mixed,128,115,0.8984,4.0,256,16384,256,1024,946,2716.436,2726.948,2726.736,0.9798
mixed,128,115,0.8984,4.0,256,16384,512,2048,1892,2798.82,2809.345,2809.219,0.9881
mixed,128,115,0.8984,4.0,256,16384,1024,4096,3784,2966.914,2999.922,2984.916,0.5454
mixed,128,115,0.8984,4.0,256,16384,2048,8192,7568,3321.939,3389.78,3343.715,0.321
mixed,128,115,0.8984,4.0,256,16384,4096,16384,15136,4064.581,4178.182,4090.71,0.23
mixed,128,115,0.8984,4.0,256,16384,8192,32768,30272,5539.431,5769.3,5572.982,0.146
mixed,128,115,0.8984,4.0,1024,0,128,512,473,543.441,549.407,545.505,0.346
mixed,128,115,0.8984,4.0,1024,0,256,1024,946,594.384,604.609,597.6,0.3145
mixed,128,115,0.8984,4.0,1024,0,512,2048,1892,689.041,707.636,695.889,0.3683
mixed,128,115,0.8984,4.0,1024,0,1024,4096,3784,877.698,908.974,888.049,0.331
mixed,128,115,0.8984,4.0,1024,0,2048,8192,7568,1255.425,1317.536,1348.914,1.5052
mixed,128,115,0.8984,4.0,1024,0,4096,16384,15136,2012.15,2125.36,2101.554,0.7897
mixed,128,115,0.8984,4.0,1024,0,8192,32768,30272,3499.538,3736.979,3601.124,0.4278
mixed,128,115,0.8984,4.0,1024,512,128,512,473,802.464,807.282,802.544,0.0166
mixed,128,115,0.8984,4.0,1024,512,256,1024,946,850.74,861.267,854.031,0.3127
mixed,128,115,0.8984,4.0,1024,512,512,2048,1892,945.661,963.056,952.046,0.3671
mixed,128,115,0.8984,4.0,1024,512,1024,4096,3784,1130.53,1165.037,1144.578,0.4071
mixed,128,115,0.8984,4.0,1024,512,2048,8192,7568,1521.618,1582.914,1606.319,1.3819
mixed,128,115,0.8984,4.0,1024,512,4096,16384,15136,2300.577,2431.568,2388.065,0.6679
mixed,128,115,0.8984,4.0,1024,512,8192,32768,30272,3803.715,4040.306,3897.972,0.3984
mixed,128,115,0.8984,4.0,1024,2048,128,512,473,1251.197,1249.89,1248.801,
mixed,128,115,0.8984,4.0,1024,2048,256,1024,946,1292.16,1301.93,1298.928,0.6927
mixed,128,115,0.8984,4.0,1024,2048,512,2048,1892,1392.593,1407.424,1395.937,0.2255
mixed,128,115,0.8984,4.0,1024,2048,1024,4096,3784,1576.93,1604.529,1587.79,0.3935
mixed,128,115,0.8984,4.0,1024,2048,2048,8192,7568,1952.404,2016.564,2048.322,1.495
mixed,128,115,0.8984,4.0,1024,2048,4096,16384,15136,2700.354,2822.066,2793.841,0.7681
mixed,128,115,0.8984,4.0,1024,2048,8192,32768,30272,4186.181,4432.787,4294.581,0.4396
mixed,128,115,0.8984,4.0,1024,8192,128,512,473,2990.468,2993.095,2986.034,-1.6877
mixed,128,115,0.8984,4.0,1024,8192,256,1024,946,3045.168,3053.428,3046.464,0.1568
mixed,128,115,0.8984,4.0,1024,8192,512,2048,1892,3135.633,3154.768,3141.427,0.3028
mixed,128,115,0.8984,4.0,1024,8192,1024,4096,3784,3323.708,3359.891,3342.819,0.5282
mixed,128,115,0.8984,4.0,1024,8192,2048,8192,7568,3696.321,3769.954,3794.609,1.3348
mixed,128,115,0.8984,4.0,1024,8192,4096,16384,15136,4456.865,4570.659,4533.907,0.677
mixed,128,115,0.8984,4.0,1024,8192,8192,32768,30272,5940.563,6173.909,6036.58,0.4115
mixed,128,115,0.8984,4.0,1024,16384,128,512,473,5292.758,5305.025,5294.593,0.1496
mixed,128,115,0.8984,4.0,1024,16384,256,1024,946,5341.363,5352.853,5346.512,0.4482
mixed,128,115,0.8984,4.0,1024,16384,512,2048,1892,5436.962,5449.378,5435.396,-0.1261
mixed,128,115,0.8984,4.0,1024,16384,1024,4096,3784,5640.529,5654.18,5633.475,-0.5168
mixed,128,115,0.8984,4.0,1024,16384,2048,8192,7568,5993.988,6064.904,6110.882,1.6484
mixed,128,115,0.8984,4.0,1024,16384,4096,16384,15136,6750.72,6879.605,6848.065,0.7553
mixed,128,115,0.8984,4.0,1024,16384,8192,32768,30272,8241.362,8479.943,8337.093,0.4013
mixed,128,115,0.8984,4.0,4096,0,128,512,473,2270.756,2268.723,2267.601,
mixed,128,115,0.8984,4.0,4096,0,256,1024,946,2314.225,2332.261,2318.706,0.2484
mixed,128,115,0.8984,4.0,4096,0,512,2048,1892,2414.691,2426.916,2417.238,0.2083
mixed,128,115,0.8984,4.0,4096,0,1024,4096,3784,2599.362,2635.043,2617.026,0.495
mixed,128,115,0.8984,4.0,4096,0,2048,8192,7568,2974.18,3036.454,3069.331,1.5279
mixed,128,115,0.8984,4.0,4096,0,4096,16384,15136,3731.186,3848.484,3818.993,0.7486
mixed,128,115,0.8984,4.0,4096,0,8192,32768,30272,5215.622,5452.679,5315.301,0.4205
mixed,128,115,0.8984,4.0,4096,512,128,512,473,2899.635,2906.931,2898.036,-0.2191
mixed,128,115,0.8984,4.0,4096,512,256,1024,946,2950.595,2957.601,2967.991,2.4829
mixed,128,115,0.8984,4.0,4096,512,512,2048,1892,3040.882,3070.432,3047.813,0.2345
mixed,128,115,0.8984,4.0,4096,512,1024,4096,3784,3229.364,3272.205,3255.269,0.6047
mixed,128,115,0.8984,4.0,4096,512,2048,8192,7568,3619.796,3678.771,3710.164,1.5323
mixed,128,115,0.8984,4.0,4096,512,4096,16384,15136,4375.43,4491.174,4458.468,0.7174
mixed,128,115,0.8984,4.0,4096,512,8192,32768,30272,5860.039,6098.15,5952.278,0.3874
mixed,128,115,0.8984,4.0,4096,2048,128,512,473,3975.028,3976.837,3978.386,1.8563
mixed,128,115,0.8984,4.0,4096,2048,256,1024,946,4027.623,4033.59,4025.863,-0.2951
mixed,128,115,0.8984,4.0,4096,2048,512,2048,1892,4120.983,4131.573,4121.941,0.0905
mixed,128,115,0.8984,4.0,4096,2048,1024,4096,3784,4316.583,4349.267,4332.951,0.5008
mixed,128,115,0.8984,4.0,4096,2048,2048,8192,7568,4686.61,4745.094,4779.477,1.5879
mixed,128,115,0.8984,4.0,4096,2048,4096,16384,15136,5452.665,5562.358,5529.654,0.7019
mixed,128,115,0.8984,4.0,4096,2048,8192,32768,30272,6928.166,7173.548,7032.008,0.4232
mixed,128,115,0.8984,4.0,4096,8192,128,512,473,8265.417,8273.85,8271.129,0.6774
mixed,128,115,0.8984,4.0,4096,8192,256,1024,946,8334.024,8329.498,8326.169,
mixed,128,115,0.8984,4.0,4096,8192,512,2048,1892,8413.692,8434.22,8414.761,0.0521
mixed,128,115,0.8984,4.0,4096,8192,1024,4096,3784,8632.424,8639.34,8616.203,-2.3456
mixed,128,115,0.8984,4.0,4096,8192,2048,8192,7568,8987.13,9051.577,9067.517,1.2473
mixed,128,115,0.8984,4.0,4096,8192,4096,16384,15136,9747.864,9863.626,9836.428,0.7651
mixed,128,115,0.8984,4.0,4096,8192,8192,32768,30272,11239.712,11472.048,11313.196,0.3163
mixed,128,115,0.8984,4.0,4096,16384,128,512,473,14082.389,13989.988,14000.26,
mixed,128,115,0.8984,4.0,4096,16384,256,1024,946,14049.891,14054.911,14038.947,-2.1801
mixed,128,115,0.8984,4.0,4096,16384,512,2048,1892,14142.129,14168.115,14160.912,0.7228
mixed,128,115,0.8984,4.0,4096,16384,1024,4096,3784,14315.533,14359.391,14326.53,0.2507
mixed,128,115,0.8984,4.0,4096,16384,2048,8192,7568,14700.499,14779.107,14794.453,1.1952
mixed,128,115,0.8984,4.0,4096,16384,4096,16384,15136,15459.731,15583.94,15541.493,0.6583
mixed,128,115,0.8984,4.0,4096,16384,8192,32768,30272,16946.13,17192.611,17049.492,0.4194
pure,256,1,0.0039,4.0,0,0,128,512,129,155.216,342.72,251.762,0.5149
pure,256,1,0.0039,4.0,0,0,256,1024,259,282.897,450.112,283.809,0.0055
pure,256,1,0.0039,4.0,0,0,512,2048,518,344.079,646.736,344.143,0.0002
pure,256,1,0.0039,4.0,0,0,1024,4096,1036,451.185,1048.705,451.6,0.0007
pure,256,1,0.0039,4.0,0,0,2048,8192,2072,648.928,1842.082,652.001,0.0026
pure,256,1,0.0039,4.0,0,0,4096,16384,4144,1047.65,3421.379,1053.585,0.0025
pure,256,1,0.0039,4.0,0,0,8192,32768,8288,1850.034,6590.789,1859.97,0.0021
pure,256,2,0.0078,4.0,0,0,128,512,131,155.696,343.664,251.619,0.5103
pure,256,2,0.0078,4.0,0,0,256,1024,262,284.784,450.88,283.665,-0.0067
pure,256,2,0.0078,4.0,0,0,512,2048,524,344.274,645.665,347.857,0.0119
pure,256,2,0.0078,4.0,0,0,1024,4096,1048,450.497,1046.624,453.999,0.0059
pure,256,2,0.0078,4.0,0,0,2048,8192,2096,658.288,1842.611,655.745,-0.0021
pure,256,2,0.0078,4.0,0,0,4096,16384,4192,1054.623,3421.988,1066.544,0.005
pure,256,2,0.0078,4.0,0,0,8192,32768,8384,1870.32,6577.334,1876.722,0.0014
pure,256,3,0.0117,4.0,0,0,128,512,132,155.888,344.049,254.322,0.5231
pure,256,3,0.0117,4.0,0,0,256,1024,265,282.737,449.984,293.776,0.066
pure,256,3,0.0117,4.0,0,0,512,2048,530,345.697,645.697,384.688,0.13
pure,256,3,0.0117,4.0,0,0,1024,4096,1060,454.401,1048.562,528.593,0.1249
pure,256,3,0.0117,4.0,0,0,2048,8192,2120,671.73,1840.256,806.047,0.1149
pure,256,3,0.0117,4.0,0,0,4096,16384,4240,1077.776,3424.466,1370.45,0.1247
pure,256,3,0.0117,4.0,0,0,8192,32768,8480,1893.232,6579.347,2480.307,0.1253
pure,256,4,0.0156,4.0,0,0,128,512,134,157.631,344.0,256.096,0.5283
pure,256,4,0.0156,4.0,0,0,256,1024,268,286.081,449.728,300.017,0.0852
pure,256,4,0.0156,4.0,0,0,512,2048,536,345.152,647.489,384.481,0.1301
pure,256,4,0.0156,4.0,0,0,1024,4096,1072,453.12,1048.527,529.506,0.1283
pure,256,4,0.0156,4.0,0,0,2048,8192,2144,660.463,1842.465,810.897,0.1273
pure,256,4,0.0156,4.0,0,0,4096,16384,4288,1079.746,3415.874,1370.849,0.1246
pure,256,4,0.0156,4.0,0,0,8192,32768,8576,1923.425,6574.292,2488.642,0.1215
pure,256,16,0.0625,4.0,0,0,128,512,152,159.985,343.617,274.256,0.6223
pure,256,16,0.0625,4.0,0,0,256,1024,304,292.512,449.185,315.215,0.1449
pure,256,16,0.0625,4.0,0,0,512,2048,608,365.151,646.928,393.426,0.1003
pure,256,16,0.0625,4.0,0,0,1024,4096,1216,488.464,1048.785,542.496,0.0964
pure,256,16,0.0625,4.0,0,0,2048,8192,2432,721.647,1842.61,822.562,0.09
pure,256,16,0.0625,4.0,0,0,4096,16384,4864,1189.008,3432.594,1383.058,0.0865
pure,256,16,0.0625,4.0,0,0,8192,32768,9728,2132.72,6585.953,2503.057,0.0832
pure,256,32,0.125,4.0,0,0,128,512,176,164.624,342.831,284.545,0.6729
pure,256,32,0.125,4.0,0,0,256,1024,352,302.703,449.937,330.402,0.1881
pure,256,32,0.125,4.0,0,0,512,2048,704,385.472,644.8,412.722,0.1051
pure,256,32,0.125,4.0,0,0,1024,4096,1408,525.76,1046.336,562.784,0.0711
pure,256,32,0.125,4.0,0,0,2048,8192,2816,797.649,1840.994,840.688,0.0413
pure,256,32,0.125,4.0,0,0,4096,16384,5632,1341.938,3422.816,1407.84,0.0317
pure,256,32,0.125,4.0,0,0,8192,32768,11264,2430.45,6580.369,2538.784,0.0261
pure,256,64,0.25,4.0,0,0,128,512,224,175.394,344.801,282.015,0.6294
pure,256,64,0.25,4.0,0,0,256,1024,448,328.112,449.392,328.4,0.0024
pure,256,64,0.25,4.0,0,0,512,2048,896,423.966,646.831,480.032,0.2516
pure,256,64,0.25,4.0,0,0,1024,4096,1792,596.895,1047.6,674.976,0.1732
pure,256,64,0.25,4.0,0,0,2048,8192,3584,944.448,1838.351,1056.32,0.1251
pure,256,64,0.25,4.0,0,0,4096,16384,7168,1639.984,3418.943,1818.736,0.1005
pure,256,64,0.25,4.0,0,0,8192,32768,14336,3010.207,6586.816,3347.458,0.0943
pure,256,128,0.5,4.0,0,0,128,512,320,298.591,343.471,296.784,-0.0403
pure,256,128,0.5,4.0,0,0,256,1024,640,372.593,449.007,367.568,-0.0658
pure,256,128,0.5,4.0,0,0,512,2048,1280,497.554,650.065,499.519,0.0129
pure,256,128,0.5,4.0,0,0,1024,4096,2560,743.535,1048.929,747.745,0.0138
pure,256,128,0.5,4.0,0,0,2048,8192,5120,1240.879,1838.401,1243.714,0.0047
pure,256,128,0.5,4.0,0,0,4096,16384,10240,2233.345,3420.529,2233.247,-0.0001
pure,256,128,0.5,4.0,0,0,8192,32768,20480,4208.961,6583.905,4218.641,0.0041
pure,256,192,0.75,4.0,0,0,128,512,416,318.129,344.034,327.279,0.3532
pure,256,192,0.75,4.0,0,0,256,1024,832,412.049,448.689,431.311,0.5257
pure,256,192,0.75,4.0,0,0,512,2048,1664,573.791,648.611,618.735,0.6007
pure,256,192,0.75,4.0,0,0,1024,4096,3328,893.135,1049.264,985.343,0.5906
pure,256,192,0.75,4.0,0,0,2048,8192,6656,1539.952,1840.897,1716.979,0.5882
pure,256,192,0.75,4.0,0,0,4096,16384,13312,2830.898,3413.093,3195.379,0.626
pure,256,192,0.75,4.0,0,0,8192,32768,26624,5395.912,6576.136,6145.447,0.6351
pure,256,230,0.8984,4.0,0,0,128,512,473,331.712,344.369,336.976,0.4159
pure,256,230,0.8984,4.0,0,0,256,1024,946,428.351,449.216,442.13,0.6604
pure,256,230,0.8984,4.0,0,0,512,2048,1892,613.439,647.072,626.529,0.3892
pure,256,230,0.8984,4.0,0,0,1024,4096,3784,981.36,1045.696,1010.961,0.4601
pure,256,230,0.8984,4.0,0,0,2048,8192,7568,1711.506,1840.274,1761.49,0.3882
pure,256,230,0.8984,4.0,0,0,4096,16384,15136,3189.283,3415.074,3256.389,0.2972
pure,256,230,0.8984,4.0,0,0,8192,32768,30272,6111.653,6577.364,6264.408,0.328
mixed,4,1,0.25,1.5,16,0,128,192,144,90.721,94.817,93.65,0.715
mixed,4,1,0.25,2.0,16,0,128,256,160,90.286,111.583,111.903,1.0151
mixed,4,1,0.25,8.0,16,0,128,1024,352,112.816,117.584,117.824,1.0503
mixed,4,1,0.25,16.0,16,0,128,2048,608,111.424,132.928,125.873,0.6719
mixed,8,1,0.125,1.5,16,0,128,192,136,91.389,95.408,94.752,0.8366
mixed,8,1,0.125,2.0,16,0,128,256,144,91.122,111.871,112.033,1.0078
mixed,8,1,0.125,8.0,16,0,128,1024,240,95.444,122.849,119.376,0.8733
mixed,8,1,0.125,16.0,16,0,128,2048,368,113.106,135.76,128.927,0.6984
mixed,4,2,0.5,1.5,16,0,128,192,160,89.873,94.994,94.143,0.8338
mixed,4,2,0.5,2.0,16,0,128,256,192,94.609,111.696,113.267,1.0919
pure,4,1,0.25,2.0,0,0,128,256,160,75.551,91.84,91.407,0.9734
pure,4,1,0.25,8.0,0,0,128,1024,352,93.712,97.456,98.193,1.1966
pure,4,1,0.25,16.0,0,0,128,2048,608,97.09,111.055,103.072,0.4284
